task,architecture,arm,seed,metric,value,algebraic,direction,family
hmda_oh,mlp,hifi,1000,auc,0.8445899505495509,False,higher,joint_complete / hmda_oh / mlp / auc
hmda_oh,mlp,hifi,1001,auc,0.8425532789620064,False,higher,joint_complete / hmda_oh / mlp / auc
hmda_oh,mlp,hifi,1002,auc,0.8480873019463582,False,higher,joint_complete / hmda_oh / mlp / auc
hmda_oh,mlp,hifi,1003,auc,0.8437591167619933,False,higher,joint_complete / hmda_oh / mlp / auc
hmda_oh,mlp,hifi,1004,auc,0.8370383691283502,False,higher,joint_complete / hmda_oh / mlp / auc
hmda_oh,mlp,hifi,1005,auc,0.8436403088844985,False,higher,joint_complete / hmda_oh / mlp / auc
hmda_oh,mlp,hifi,1006,auc,0.8381857131396229,False,higher,joint_complete / hmda_oh / mlp / auc
hmda_oh,mlp,hifi,1007,auc,0.8403829929098423,False,higher,joint_complete / hmda_oh / mlp / auc
hmda_oh,mlp,hifi,1008,auc,0.8353767459507979,False,higher,joint_complete / hmda_oh / mlp / auc
hmda_oh,mlp,hifi,1009,auc,0.8406899576576006,False,higher,joint_complete / hmda_oh / mlp / auc
hmda_oh,mlp,hifi_erm,1000,auc,0.8383737146184169,False,higher,joint_complete / hmda_oh / mlp / auc
hmda_oh,mlp,hifi_erm,1001,auc,0.8376576485301588,False,higher,joint_complete / hmda_oh / mlp / auc
hmda_oh,mlp,hifi_erm,1002,auc,0.8473517897256848,False,higher,joint_complete / hmda_oh / mlp / auc
hmda_oh,mlp,hifi_erm,1003,auc,0.843336851544185,False,higher,joint_complete / hmda_oh / mlp / auc
hmda_oh,mlp,hifi_erm,1004,auc,0.8393926164811123,False,higher,joint_complete / hmda_oh / mlp / auc
hmda_oh,mlp,hifi_erm,1005,auc,0.8375657011780316,False,higher,joint_complete / hmda_oh / mlp / auc
hmda_oh,mlp,hifi_erm,1006,auc,0.8346490920987034,False,higher,joint_complete / hmda_oh / mlp / auc
hmda_oh,mlp,hifi_erm,1007,auc,0.8355529376779427,False,higher,joint_complete / hmda_oh / mlp / auc
hmda_oh,mlp,hifi_erm,1008,auc,0.8351782222496698,False,higher,joint_complete / hmda_oh / mlp / auc
hmda_oh,mlp,hifi_erm,1009,auc,0.842618854161954,False,higher,joint_complete / hmda_oh / mlp / auc
hmda_oh,mlp,hifi_shared,1000,auc,0.8522610724080293,False,higher,joint_complete / hmda_oh / mlp / auc
hmda_oh,mlp,hifi_shared,1001,auc,0.8511826112151173,False,higher,joint_complete / hmda_oh / mlp / auc
hmda_oh,mlp,hifi_shared,1002,auc,0.8513647300168681,False,higher,joint_complete / hmda_oh / mlp / auc
hmda_oh,mlp,hifi_shared,1003,auc,0.8497686820392636,False,higher,joint_complete / hmda_oh / mlp / auc
hmda_oh,mlp,hifi_shared,1004,auc,0.8523025619302711,False,higher,joint_complete / hmda_oh / mlp / auc
hmda_oh,mlp,hifi_shared,1005,auc,0.8517797362331927,False,higher,joint_complete / hmda_oh / mlp / auc
hmda_oh,mlp,hifi_shared,1006,auc,0.8486614068282298,False,higher,joint_complete / hmda_oh / mlp / auc
hmda_oh,mlp,hifi_shared,1007,auc,0.8534598509955643,False,higher,joint_complete / hmda_oh / mlp / auc
hmda_oh,mlp,hifi_shared,1008,auc,0.8481495917266741,False,higher,joint_complete / hmda_oh / mlp / auc
hmda_oh,mlp,hifi_shared,1009,auc,0.8504622829608504,False,higher,joint_complete / hmda_oh / mlp / auc
hmda_oh,mlp,reweighing,1000,auc,0.8512639031522226,False,higher,joint_complete / hmda_oh / mlp / auc
hmda_oh,mlp,reweighing,1001,auc,0.8510648910779058,False,higher,joint_complete / hmda_oh / mlp / auc
hmda_oh,mlp,reweighing,1002,auc,0.8517503006491945,False,higher,joint_complete / hmda_oh / mlp / auc
hmda_oh,mlp,reweighing,1003,auc,0.8495732661675167,False,higher,joint_complete / hmda_oh / mlp / auc
hmda_oh,mlp,reweighing,1004,auc,0.8516760013281975,False,higher,joint_complete / hmda_oh / mlp / auc
hmda_oh,mlp,reweighing,1005,auc,0.8503834772872503,False,higher,joint_complete / hmda_oh / mlp / auc
hmda_oh,mlp,reweighing,1006,auc,0.8485171591473696,False,higher,joint_complete / hmda_oh / mlp / auc
hmda_oh,mlp,reweighing,1007,auc,0.8483587930416056,False,higher,joint_complete / hmda_oh / mlp / auc
hmda_oh,mlp,reweighing,1008,auc,0.8487251839268924,False,higher,joint_complete / hmda_oh / mlp / auc
hmda_oh,mlp,reweighing,1009,auc,0.8485278145623918,False,higher,joint_complete / hmda_oh / mlp / auc
hmda_oh,mlp,erm,1000,auc,0.8519298887898774,False,higher,joint_complete / hmda_oh / mlp / auc
hmda_oh,mlp,soft,1000,auc,0.8451365067438343,False,higher,joint_complete / hmda_oh / mlp / auc
hmda_oh,mlp,erm,1001,auc,0.8496541141289959,False,higher,joint_complete / hmda_oh / mlp / auc
hmda_oh,mlp,soft,1001,auc,0.846403324596041,False,higher,joint_complete / hmda_oh / mlp / auc
hmda_oh,mlp,erm,1002,auc,0.8510029786768719,False,higher,joint_complete / hmda_oh / mlp / auc
hmda_oh,mlp,soft,1002,auc,0.8490707301565427,False,higher,joint_complete / hmda_oh / mlp / auc
hmda_oh,mlp,erm,1003,auc,0.8491582599511919,False,higher,joint_complete / hmda_oh / mlp / auc
hmda_oh,mlp,soft,1003,auc,0.8478722623519459,False,higher,joint_complete / hmda_oh / mlp / auc
hmda_oh,mlp,erm,1004,auc,0.8488256778098187,False,higher,joint_complete / hmda_oh / mlp / auc
hmda_oh,mlp,soft,1004,auc,0.8429853782399288,False,higher,joint_complete / hmda_oh / mlp / auc
hmda_oh,mlp,erm,1005,auc,0.8524387514535208,False,higher,joint_complete / hmda_oh / mlp / auc
hmda_oh,mlp,soft,1005,auc,0.8469497697964181,False,higher,joint_complete / hmda_oh / mlp / auc
hmda_oh,mlp,erm,1006,auc,0.8482674228577919,False,higher,joint_complete / hmda_oh / mlp / auc
hmda_oh,mlp,soft,1006,auc,0.8467326879141266,False,higher,joint_complete / hmda_oh / mlp / auc
hmda_oh,mlp,erm,1007,auc,0.8541751845240397,False,higher,joint_complete / hmda_oh / mlp / auc
hmda_oh,mlp,soft,1007,auc,0.8483538205145953,False,higher,joint_complete / hmda_oh / mlp / auc
hmda_oh,mlp,erm,1008,auc,0.8486289522099753,False,higher,joint_complete / hmda_oh / mlp / auc
hmda_oh,mlp,soft,1008,auc,0.8489212435632969,False,higher,joint_complete / hmda_oh / mlp / auc
hmda_oh,mlp,erm,1009,auc,0.849628385741474,False,higher,joint_complete / hmda_oh / mlp / auc
hmda_oh,mlp,soft,1009,auc,0.8469443310950006,False,higher,joint_complete / hmda_oh / mlp / auc
hmda_oh,mlp,hifi,1000,accuracy,0.8605833333333334,False,higher,joint_complete / hmda_oh / mlp / accuracy
hmda_oh,mlp,hifi,1001,accuracy,0.86675,False,higher,joint_complete / hmda_oh / mlp / accuracy
hmda_oh,mlp,hifi,1002,accuracy,0.8679166666666667,False,higher,joint_complete / hmda_oh / mlp / accuracy
hmda_oh,mlp,hifi,1003,accuracy,0.8695833333333334,False,higher,joint_complete / hmda_oh / mlp / accuracy
hmda_oh,mlp,hifi,1004,accuracy,0.8661666666666666,False,higher,joint_complete / hmda_oh / mlp / accuracy
hmda_oh,mlp,hifi,1005,accuracy,0.8703333333333333,False,higher,joint_complete / hmda_oh / mlp / accuracy
hmda_oh,mlp,hifi,1006,accuracy,0.87025,False,higher,joint_complete / hmda_oh / mlp / accuracy
hmda_oh,mlp,hifi,1007,accuracy,0.8685,False,higher,joint_complete / hmda_oh / mlp / accuracy
hmda_oh,mlp,hifi,1008,accuracy,0.868,False,higher,joint_complete / hmda_oh / mlp / accuracy
hmda_oh,mlp,hifi,1009,accuracy,0.8675833333333334,False,higher,joint_complete / hmda_oh / mlp / accuracy
hmda_oh,mlp,hifi_erm,1000,accuracy,0.8633333333333333,False,higher,joint_complete / hmda_oh / mlp / accuracy
hmda_oh,mlp,hifi_erm,1001,accuracy,0.7978333333333333,False,higher,joint_complete / hmda_oh / mlp / accuracy
hmda_oh,mlp,hifi_erm,1002,accuracy,0.86975,False,higher,joint_complete / hmda_oh / mlp / accuracy
hmda_oh,mlp,hifi_erm,1003,accuracy,0.8685833333333334,False,higher,joint_complete / hmda_oh / mlp / accuracy
hmda_oh,mlp,hifi_erm,1004,accuracy,0.8623333333333333,False,higher,joint_complete / hmda_oh / mlp / accuracy
hmda_oh,mlp,hifi_erm,1005,accuracy,0.8633333333333333,False,higher,joint_complete / hmda_oh / mlp / accuracy
hmda_oh,mlp,hifi_erm,1006,accuracy,0.8696666666666667,False,higher,joint_complete / hmda_oh / mlp / accuracy
hmda_oh,mlp,hifi_erm,1007,accuracy,0.8676666666666667,False,higher,joint_complete / hmda_oh / mlp / accuracy
hmda_oh,mlp,hifi_erm,1008,accuracy,0.8680833333333333,False,higher,joint_complete / hmda_oh / mlp / accuracy
hmda_oh,mlp,hifi_erm,1009,accuracy,0.8675,False,higher,joint_complete / hmda_oh / mlp / accuracy
hmda_oh,mlp,hifi_shared,1000,accuracy,0.8708333333333333,False,higher,joint_complete / hmda_oh / mlp / accuracy
hmda_oh,mlp,hifi_shared,1001,accuracy,0.868,False,higher,joint_complete / hmda_oh / mlp / accuracy
hmda_oh,mlp,hifi_shared,1002,accuracy,0.86975,False,higher,joint_complete / hmda_oh / mlp / accuracy
hmda_oh,mlp,hifi_shared,1003,accuracy,0.8721666666666666,False,higher,joint_complete / hmda_oh / mlp / accuracy
hmda_oh,mlp,hifi_shared,1004,accuracy,0.8703333333333333,False,higher,joint_complete / hmda_oh / mlp / accuracy
hmda_oh,mlp,hifi_shared,1005,accuracy,0.8694166666666666,False,higher,joint_complete / hmda_oh / mlp / accuracy
hmda_oh,mlp,hifi_shared,1006,accuracy,0.8719166666666667,False,higher,joint_complete / hmda_oh / mlp / accuracy
hmda_oh,mlp,hifi_shared,1007,accuracy,0.8703333333333333,False,higher,joint_complete / hmda_oh / mlp / accuracy
hmda_oh,mlp,hifi_shared,1008,accuracy,0.8699166666666667,False,higher,joint_complete / hmda_oh / mlp / accuracy
hmda_oh,mlp,hifi_shared,1009,accuracy,0.8688333333333333,False,higher,joint_complete / hmda_oh / mlp / accuracy
hmda_oh,mlp,reweighing,1000,accuracy,0.8695833333333334,False,higher,joint_complete / hmda_oh / mlp / accuracy
hmda_oh,mlp,reweighing,1001,accuracy,0.8686666666666667,False,higher,joint_complete / hmda_oh / mlp / accuracy
hmda_oh,mlp,reweighing,1002,accuracy,0.8701666666666666,False,higher,joint_complete / hmda_oh / mlp / accuracy
hmda_oh,mlp,reweighing,1003,accuracy,0.8708333333333333,False,higher,joint_complete / hmda_oh / mlp / accuracy
hmda_oh,mlp,reweighing,1004,accuracy,0.8694166666666666,False,higher,joint_complete / hmda_oh / mlp / accuracy
hmda_oh,mlp,reweighing,1005,accuracy,0.86925,False,higher,joint_complete / hmda_oh / mlp / accuracy
hmda_oh,mlp,reweighing,1006,accuracy,0.8698333333333333,False,higher,joint_complete / hmda_oh / mlp / accuracy
hmda_oh,mlp,reweighing,1007,accuracy,0.8709166666666667,False,higher,joint_complete / hmda_oh / mlp / accuracy
hmda_oh,mlp,reweighing,1008,accuracy,0.8699166666666667,False,higher,joint_complete / hmda_oh / mlp / accuracy
hmda_oh,mlp,reweighing,1009,accuracy,0.8679166666666667,False,higher,joint_complete / hmda_oh / mlp / accuracy
hmda_oh,mlp,erm,1000,accuracy,0.8714166666666666,False,higher,joint_complete / hmda_oh / mlp / accuracy
hmda_oh,mlp,soft,1000,accuracy,0.8559166666666667,False,higher,joint_complete / hmda_oh / mlp / accuracy
hmda_oh,mlp,erm,1001,accuracy,0.86975,False,higher,joint_complete / hmda_oh / mlp / accuracy
hmda_oh,mlp,soft,1001,accuracy,0.8603333333333333,False,higher,joint_complete / hmda_oh / mlp / accuracy
hmda_oh,mlp,erm,1002,accuracy,0.87075,False,higher,joint_complete / hmda_oh / mlp / accuracy
hmda_oh,mlp,soft,1002,accuracy,0.85525,False,higher,joint_complete / hmda_oh / mlp / accuracy
hmda_oh,mlp,erm,1003,accuracy,0.8715833333333334,False,higher,joint_complete / hmda_oh / mlp / accuracy
hmda_oh,mlp,soft,1003,accuracy,0.8636666666666667,False,higher,joint_complete / hmda_oh / mlp / accuracy
hmda_oh,mlp,erm,1004,accuracy,0.8715833333333334,False,higher,joint_complete / hmda_oh / mlp / accuracy
hmda_oh,mlp,soft,1004,accuracy,0.8584166666666667,False,higher,joint_complete / hmda_oh / mlp / accuracy
hmda_oh,mlp,erm,1005,accuracy,0.8700833333333333,False,higher,joint_complete / hmda_oh / mlp / accuracy
hmda_oh,mlp,soft,1005,accuracy,0.85925,False,higher,joint_complete / hmda_oh / mlp / accuracy
hmda_oh,mlp,erm,1006,accuracy,0.8714166666666666,False,higher,joint_complete / hmda_oh / mlp / accuracy
hmda_oh,mlp,soft,1006,accuracy,0.8595,False,higher,joint_complete / hmda_oh / mlp / accuracy
hmda_oh,mlp,erm,1007,accuracy,0.87075,False,higher,joint_complete / hmda_oh / mlp / accuracy
hmda_oh,mlp,soft,1007,accuracy,0.8518333333333333,False,higher,joint_complete / hmda_oh / mlp / accuracy
hmda_oh,mlp,erm,1008,accuracy,0.8673333333333333,False,higher,joint_complete / hmda_oh / mlp / accuracy
hmda_oh,mlp,soft,1008,accuracy,0.8603333333333333,False,higher,joint_complete / hmda_oh / mlp / accuracy
hmda_oh,mlp,erm,1009,accuracy,0.8681666666666666,False,higher,joint_complete / hmda_oh / mlp / accuracy
hmda_oh,mlp,soft,1009,accuracy,0.8581666666666666,False,higher,joint_complete / hmda_oh / mlp / accuracy
hmda_oh,mlp,hifi,1000,f1,0.9158916092705244,False,higher,joint_complete / hmda_oh / mlp / f1
hmda_oh,mlp,hifi,1001,f1,0.922980588603632,False,higher,joint_complete / hmda_oh / mlp / f1
hmda_oh,mlp,hifi,1002,f1,0.9211403552415544,False,higher,joint_complete / hmda_oh / mlp / f1
hmda_oh,mlp,hifi,1003,f1,0.9233031119823571,False,higher,joint_complete / hmda_oh / mlp / f1
hmda_oh,mlp,hifi,1004,f1,0.9201312910284464,False,higher,joint_complete / hmda_oh / mlp / f1
hmda_oh,mlp,hifi,1005,f1,0.922970297029703,False,higher,joint_complete / hmda_oh / mlp / f1
hmda_oh,mlp,hifi,1006,f1,0.9235528060097216,False,higher,joint_complete / hmda_oh / mlp / f1
hmda_oh,mlp,hifi,1007,f1,0.9224188790560472,False,higher,joint_complete / hmda_oh / mlp / f1
hmda_oh,mlp,hifi,1008,f1,0.9226789026652348,False,higher,joint_complete / hmda_oh / mlp / f1
hmda_oh,mlp,hifi,1009,f1,0.9215889464594128,False,higher,joint_complete / hmda_oh / mlp / f1
hmda_oh,mlp,hifi_erm,1000,f1,0.9177780006016244,False,higher,joint_complete / hmda_oh / mlp / f1
hmda_oh,mlp,hifi_erm,1001,f1,0.8682237914177078,False,higher,joint_complete / hmda_oh / mlp / f1
hmda_oh,mlp,hifi_erm,1002,f1,0.922749962931844,False,higher,joint_complete / hmda_oh / mlp / f1
hmda_oh,mlp,hifi_erm,1003,f1,0.9223955514000296,False,higher,joint_complete / hmda_oh / mlp / f1
hmda_oh,mlp,hifi_erm,1004,f1,0.9177126917712692,False,higher,joint_complete / hmda_oh / mlp / f1
hmda_oh,mlp,hifi_erm,1005,f1,0.9183266932270916,False,higher,joint_complete / hmda_oh / mlp / f1
hmda_oh,mlp,hifi_erm,1006,f1,0.9230920535011802,False,higher,joint_complete / hmda_oh / mlp / f1
hmda_oh,mlp,hifi_erm,1007,f1,0.922217868338558,False,higher,joint_complete / hmda_oh / mlp / f1
hmda_oh,mlp,hifi_erm,1008,f1,0.9227465716656092,False,higher,joint_complete / hmda_oh / mlp / f1
hmda_oh,mlp,hifi_erm,1009,f1,0.9217827626918536,False,higher,joint_complete / hmda_oh / mlp / f1
hmda_oh,mlp,hifi_shared,1000,f1,0.9237354851407203,False,higher,joint_complete / hmda_oh / mlp / f1
hmda_oh,mlp,hifi_shared,1001,f1,0.9230021388294768,False,higher,joint_complete / hmda_oh / mlp / f1
hmda_oh,mlp,hifi_shared,1002,f1,0.9235808927785656,False,higher,joint_complete / hmda_oh / mlp / f1
hmda_oh,mlp,hifi_shared,1003,f1,0.9250171082217226,False,higher,joint_complete / hmda_oh / mlp / f1
hmda_oh,mlp,hifi_shared,1004,f1,0.9242158581726088,False,higher,joint_complete / hmda_oh / mlp / f1
hmda_oh,mlp,hifi_shared,1005,f1,0.9231749767122616,False,higher,joint_complete / hmda_oh / mlp / f1
hmda_oh,mlp,hifi_shared,1006,f1,0.924401160788943,False,higher,joint_complete / hmda_oh / mlp / f1
hmda_oh,mlp,hifi_shared,1007,f1,0.9240456897393342,False,higher,joint_complete / hmda_oh / mlp / f1
hmda_oh,mlp,hifi_shared,1008,f1,0.9230238177424922,False,higher,joint_complete / hmda_oh / mlp / f1
hmda_oh,mlp,hifi_shared,1009,f1,0.9226991454670465,False,higher,joint_complete / hmda_oh / mlp / f1
hmda_oh,mlp,reweighing,1000,f1,0.9237069175644712,False,higher,joint_complete / hmda_oh / mlp / f1
hmda_oh,mlp,reweighing,1001,f1,0.9234356781966576,False,higher,joint_complete / hmda_oh / mlp / f1
hmda_oh,mlp,reweighing,1002,f1,0.924059270813024,False,higher,joint_complete / hmda_oh / mlp / f1
hmda_oh,mlp,reweighing,1003,f1,0.9245521806853584,False,higher,joint_complete / hmda_oh / mlp / f1
hmda_oh,mlp,reweighing,1004,f1,0.923809986872174,False,higher,joint_complete / hmda_oh / mlp / f1
hmda_oh,mlp,reweighing,1005,f1,0.9230542886567604,False,higher,joint_complete / hmda_oh / mlp / f1
hmda_oh,mlp,reweighing,1006,f1,0.9229403058707448,False,higher,joint_complete / hmda_oh / mlp / f1
hmda_oh,mlp,reweighing,1007,f1,0.9240500122579064,False,higher,joint_complete / hmda_oh / mlp / f1
hmda_oh,mlp,reweighing,1008,f1,0.9237010606579013,False,higher,joint_complete / hmda_oh / mlp / f1
hmda_oh,mlp,reweighing,1009,f1,0.9223077300132346,False,higher,joint_complete / hmda_oh / mlp / f1
hmda_oh,mlp,erm,1000,f1,0.9241209736906812,False,higher,joint_complete / hmda_oh / mlp / f1
hmda_oh,mlp,soft,1000,f1,0.9173873572554828,False,higher,joint_complete / hmda_oh / mlp / f1
hmda_oh,mlp,erm,1001,f1,0.923491115571002,False,higher,joint_complete / hmda_oh / mlp / f1
hmda_oh,mlp,soft,1001,f1,0.919777905418342,False,higher,joint_complete / hmda_oh / mlp / f1
hmda_oh,mlp,erm,1002,f1,0.9242638800722692,False,higher,joint_complete / hmda_oh / mlp / f1
hmda_oh,mlp,soft,1002,f1,0.9170922628991456,False,higher,joint_complete / hmda_oh / mlp / f1
hmda_oh,mlp,erm,1003,f1,0.924722778564799,False,higher,joint_complete / hmda_oh / mlp / f1
hmda_oh,mlp,soft,1003,f1,0.9214594335093615,False,higher,joint_complete / hmda_oh / mlp / f1
hmda_oh,mlp,erm,1004,f1,0.9244496739716624,False,higher,joint_complete / hmda_oh / mlp / f1
hmda_oh,mlp,soft,1004,f1,0.918774202801549,False,higher,joint_complete / hmda_oh / mlp / f1
hmda_oh,mlp,erm,1005,f1,0.9243020150521972,False,higher,joint_complete / hmda_oh / mlp / f1
hmda_oh,mlp,soft,1005,f1,0.9190044597899584,False,higher,joint_complete / hmda_oh / mlp / f1
hmda_oh,mlp,erm,1006,f1,0.9244553243574052,False,higher,joint_complete / hmda_oh / mlp / f1
hmda_oh,mlp,soft,1006,f1,0.9190201729106628,False,higher,joint_complete / hmda_oh / mlp / f1
hmda_oh,mlp,erm,1007,f1,0.924278670116682,False,higher,joint_complete / hmda_oh / mlp / f1
hmda_oh,mlp,soft,1007,f1,0.9154138915318744,False,higher,joint_complete / hmda_oh / mlp / f1
hmda_oh,mlp,erm,1008,f1,0.922748447204969,False,higher,joint_complete / hmda_oh / mlp / f1
hmda_oh,mlp,soft,1008,f1,0.9196085955487336,False,higher,joint_complete / hmda_oh / mlp / f1
hmda_oh,mlp,erm,1009,f1,0.9221456692913386,False,higher,joint_complete / hmda_oh / mlp / f1
hmda_oh,mlp,soft,1009,f1,0.918720152817574,False,higher,joint_complete / hmda_oh / mlp / f1
hmda_oh,mlp,hifi,1000,aod,0.098981342127102,False,lower,joint_complete / hmda_oh / mlp / aod
hmda_oh,mlp,hifi,1001,aod,0.0449567185253478,False,lower,joint_complete / hmda_oh / mlp / aod
hmda_oh,mlp,hifi,1002,aod,0.1081990970471851,False,lower,joint_complete / hmda_oh / mlp / aod
hmda_oh,mlp,hifi,1003,aod,0.1120684179484589,False,lower,joint_complete / hmda_oh / mlp / aod
hmda_oh,mlp,hifi,1004,aod,0.1385057102263146,False,lower,joint_complete / hmda_oh / mlp / aod
hmda_oh,mlp,hifi,1005,aod,0.1154873511263811,False,lower,joint_complete / hmda_oh / mlp / aod
hmda_oh,mlp,hifi,1006,aod,0.0960481046874147,False,lower,joint_complete / hmda_oh / mlp / aod
hmda_oh,mlp,hifi,1007,aod,0.0710740123292009,False,lower,joint_complete / hmda_oh / mlp / aod
hmda_oh,mlp,hifi,1008,aod,0.0722125503383057,False,lower,joint_complete / hmda_oh / mlp / aod
hmda_oh,mlp,hifi,1009,aod,0.1404258551475976,False,lower,joint_complete / hmda_oh / mlp / aod
hmda_oh,mlp,hifi_erm,1000,aod,0.1229214865318545,False,lower,joint_complete / hmda_oh / mlp / aod
hmda_oh,mlp,hifi_erm,1001,aod,0.1579379078473902,False,lower,joint_complete / hmda_oh / mlp / aod
hmda_oh,mlp,hifi_erm,1002,aod,0.1156716730056902,False,lower,joint_complete / hmda_oh / mlp / aod
hmda_oh,mlp,hifi_erm,1003,aod,0.1017410008250187,False,lower,joint_complete / hmda_oh / mlp / aod
hmda_oh,mlp,hifi_erm,1004,aod,0.1355547478226505,False,lower,joint_complete / hmda_oh / mlp / aod
hmda_oh,mlp,hifi_erm,1005,aod,0.1385548277553333,False,lower,joint_complete / hmda_oh / mlp / aod
hmda_oh,mlp,hifi_erm,1006,aod,0.094232030549649,False,lower,joint_complete / hmda_oh / mlp / aod
hmda_oh,mlp,hifi_erm,1007,aod,0.0588581376641639,False,lower,joint_complete / hmda_oh / mlp / aod
hmda_oh,mlp,hifi_erm,1008,aod,0.0855385201460697,False,lower,joint_complete / hmda_oh / mlp / aod
hmda_oh,mlp,hifi_erm,1009,aod,0.1439679051293968,False,lower,joint_complete / hmda_oh / mlp / aod
hmda_oh,mlp,hifi_shared,1000,aod,0.1154763816256619,False,lower,joint_complete / hmda_oh / mlp / aod
hmda_oh,mlp,hifi_shared,1001,aod,0.115608059680519,False,lower,joint_complete / hmda_oh / mlp / aod
hmda_oh,mlp,hifi_shared,1002,aod,0.1209417629874043,False,lower,joint_complete / hmda_oh / mlp / aod
hmda_oh,mlp,hifi_shared,1003,aod,0.0749305970856968,False,lower,joint_complete / hmda_oh / mlp / aod
hmda_oh,mlp,hifi_shared,1004,aod,0.1099956385275529,False,lower,joint_complete / hmda_oh / mlp / aod
hmda_oh,mlp,hifi_shared,1005,aod,0.0994070997029322,False,lower,joint_complete / hmda_oh / mlp / aod
hmda_oh,mlp,hifi_shared,1006,aod,0.0910537746847395,False,lower,joint_complete / hmda_oh / mlp / aod
hmda_oh,mlp,hifi_shared,1007,aod,0.0906830545061477,False,lower,joint_complete / hmda_oh / mlp / aod
hmda_oh,mlp,hifi_shared,1008,aod,0.0959411708223073,False,lower,joint_complete / hmda_oh / mlp / aod
hmda_oh,mlp,hifi_shared,1009,aod,0.1430626557555882,False,lower,joint_complete / hmda_oh / mlp / aod
hmda_oh,mlp,reweighing,1000,aod,0.0492764933345775,False,lower,joint_complete / hmda_oh / mlp / aod
hmda_oh,mlp,reweighing,1001,aod,0.0534445301524184,False,lower,joint_complete / hmda_oh / mlp / aod
hmda_oh,mlp,reweighing,1002,aod,0.058597530755181,False,lower,joint_complete / hmda_oh / mlp / aod
hmda_oh,mlp,reweighing,1003,aod,0.0430355176472599,False,lower,joint_complete / hmda_oh / mlp / aod
hmda_oh,mlp,reweighing,1004,aod,0.0268506761681674,False,lower,joint_complete / hmda_oh / mlp / aod
hmda_oh,mlp,reweighing,1005,aod,0.034493456905948,False,lower,joint_complete / hmda_oh / mlp / aod
hmda_oh,mlp,reweighing,1006,aod,0.0349398459280934,False,lower,joint_complete / hmda_oh / mlp / aod
hmda_oh,mlp,reweighing,1007,aod,0.0765180683013953,False,lower,joint_complete / hmda_oh / mlp / aod
hmda_oh,mlp,reweighing,1008,aod,0.0461595869325048,False,lower,joint_complete / hmda_oh / mlp / aod
hmda_oh,mlp,reweighing,1009,aod,0.0407206689311603,False,lower,joint_complete / hmda_oh / mlp / aod
hmda_oh,mlp,erm,1000,aod,0.1081298370602754,False,lower,joint_complete / hmda_oh / mlp / aod
hmda_oh,mlp,soft,1000,aod,0.0248949557810368,False,lower,joint_complete / hmda_oh / mlp / aod
hmda_oh,mlp,erm,1001,aod,0.0986044992309713,False,lower,joint_complete / hmda_oh / mlp / aod
hmda_oh,mlp,soft,1001,aod,0.0141652886421909,False,lower,joint_complete / hmda_oh / mlp / aod
hmda_oh,mlp,erm,1002,aod,0.1089657255604137,False,lower,joint_complete / hmda_oh / mlp / aod
hmda_oh,mlp,soft,1002,aod,0.0241206667206729,False,lower,joint_complete / hmda_oh / mlp / aod
hmda_oh,mlp,erm,1003,aod,0.0660489861790514,False,lower,joint_complete / hmda_oh / mlp / aod
hmda_oh,mlp,soft,1003,aod,0.0079598585212324,False,lower,joint_complete / hmda_oh / mlp / aod
hmda_oh,mlp,erm,1004,aod,0.1229527277552289,False,lower,joint_complete / hmda_oh / mlp / aod
hmda_oh,mlp,soft,1004,aod,0.0167161724587184,False,lower,joint_complete / hmda_oh / mlp / aod
hmda_oh,mlp,erm,1005,aod,0.0680959555406963,False,lower,joint_complete / hmda_oh / mlp / aod
hmda_oh,mlp,soft,1005,aod,0.022993204247508,False,lower,joint_complete / hmda_oh / mlp / aod
hmda_oh,mlp,erm,1006,aod,0.1472809236682134,False,lower,joint_complete / hmda_oh / mlp / aod
hmda_oh,mlp,soft,1006,aod,0.0153087668828649,False,lower,joint_complete / hmda_oh / mlp / aod
hmda_oh,mlp,erm,1007,aod,0.0918010556930193,False,lower,joint_complete / hmda_oh / mlp / aod
hmda_oh,mlp,soft,1007,aod,0.0238224999757208,False,lower,joint_complete / hmda_oh / mlp / aod
hmda_oh,mlp,erm,1008,aod,0.1109605722754315,False,lower,joint_complete / hmda_oh / mlp / aod
hmda_oh,mlp,soft,1008,aod,0.0090354205537615,False,lower,joint_complete / hmda_oh / mlp / aod
hmda_oh,mlp,erm,1009,aod,0.1207395154848158,False,lower,joint_complete / hmda_oh / mlp / aod
hmda_oh,mlp,soft,1009,aod,0.0172786403093528,False,lower,joint_complete / hmda_oh / mlp / aod
hmda_oh,mlp,hifi,1000,dp,0.1602380796874069,False,lower,joint_complete / hmda_oh / mlp / dp
hmda_oh,mlp,hifi,1001,dp,0.086514023813648,False,lower,joint_complete / hmda_oh / mlp / dp
hmda_oh,mlp,hifi,1002,dp,0.1637911009765698,False,lower,joint_complete / hmda_oh / mlp / dp
hmda_oh,mlp,hifi,1003,dp,0.1542735928621528,False,lower,joint_complete / hmda_oh / mlp / dp
hmda_oh,mlp,hifi,1004,dp,0.1918546305420118,False,lower,joint_complete / hmda_oh / mlp / dp
hmda_oh,mlp,hifi,1005,dp,0.1646185869130004,False,lower,joint_complete / hmda_oh / mlp / dp
hmda_oh,mlp,hifi,1006,dp,0.1454330670649806,False,lower,joint_complete / hmda_oh / mlp / dp
hmda_oh,mlp,hifi,1007,dp,0.1212167507688463,False,lower,joint_complete / hmda_oh / mlp / dp
hmda_oh,mlp,hifi,1008,dp,0.1178784101138431,False,lower,joint_complete / hmda_oh / mlp / dp
hmda_oh,mlp,hifi,1009,dp,0.1867710158426357,False,lower,joint_complete / hmda_oh / mlp / dp
hmda_oh,mlp,hifi_erm,1000,dp,0.1814988456656378,False,lower,joint_complete / hmda_oh / mlp / dp
hmda_oh,mlp,hifi_erm,1001,dp,0.2312774917577971,False,lower,joint_complete / hmda_oh / mlp / dp
hmda_oh,mlp,hifi_erm,1002,dp,0.164834971361717,False,lower,joint_complete / hmda_oh / mlp / dp
hmda_oh,mlp,hifi_erm,1003,dp,0.1481466757158152,False,lower,joint_complete / hmda_oh / mlp / dp
hmda_oh,mlp,hifi_erm,1004,dp,0.1930904640338946,False,lower,joint_complete / hmda_oh / mlp / dp
hmda_oh,mlp,hifi_erm,1005,dp,0.1907210259235385,False,lower,joint_complete / hmda_oh / mlp / dp
hmda_oh,mlp,hifi_erm,1006,dp,0.1440319635610859,False,lower,joint_complete / hmda_oh / mlp / dp
hmda_oh,mlp,hifi_erm,1007,dp,0.1116367694540125,False,lower,joint_complete / hmda_oh / mlp / dp
hmda_oh,mlp,hifi_erm,1008,dp,0.1278656031077577,False,lower,joint_complete / hmda_oh / mlp / dp
hmda_oh,mlp,hifi_erm,1009,dp,0.1814840792728119,False,lower,joint_complete / hmda_oh / mlp / dp
hmda_oh,mlp,hifi_shared,1000,dp,0.1606816394103666,False,lower,joint_complete / hmda_oh / mlp / dp
hmda_oh,mlp,hifi_shared,1001,dp,0.1487185894687221,False,lower,joint_complete / hmda_oh / mlp / dp
hmda_oh,mlp,hifi_shared,1002,dp,0.1626427299652706,False,lower,joint_complete / hmda_oh / mlp / dp
hmda_oh,mlp,hifi_shared,1003,dp,0.1249231153681232,False,lower,joint_complete / hmda_oh / mlp / dp
hmda_oh,mlp,hifi_shared,1004,dp,0.1506041442449402,False,lower,joint_complete / hmda_oh / mlp / dp
hmda_oh,mlp,hifi_shared,1005,dp,0.1453819526282759,False,lower,joint_complete / hmda_oh / mlp / dp
hmda_oh,mlp,hifi_shared,1006,dp,0.1422230804399248,False,lower,joint_complete / hmda_oh / mlp / dp
hmda_oh,mlp,hifi_shared,1007,dp,0.1342350298593501,False,lower,joint_complete / hmda_oh / mlp / dp
hmda_oh,mlp,hifi_shared,1008,dp,0.1484908462562935,False,lower,joint_complete / hmda_oh / mlp / dp
hmda_oh,mlp,hifi_shared,1009,dp,0.1845157333075868,False,lower,joint_complete / hmda_oh / mlp / dp
hmda_oh,mlp,reweighing,1000,dp,0.0984770737552924,False,lower,joint_complete / hmda_oh / mlp / dp
hmda_oh,mlp,reweighing,1001,dp,0.0993556741284278,False,lower,joint_complete / hmda_oh / mlp / dp
hmda_oh,mlp,reweighing,1002,dp,0.1055598308680082,False,lower,joint_complete / hmda_oh / mlp / dp
hmda_oh,mlp,reweighing,1003,dp,0.0930629190318925,False,lower,joint_complete / hmda_oh / mlp / dp
hmda_oh,mlp,reweighing,1004,dp,0.0801201757200745,False,lower,joint_complete / hmda_oh / mlp / dp
hmda_oh,mlp,reweighing,1005,dp,0.0930509923299948,False,lower,joint_complete / hmda_oh / mlp / dp
hmda_oh,mlp,reweighing,1006,dp,0.0958923870725909,False,lower,joint_complete / hmda_oh / mlp / dp
hmda_oh,mlp,reweighing,1007,dp,0.1261208970015702,False,lower,joint_complete / hmda_oh / mlp / dp
hmda_oh,mlp,reweighing,1008,dp,0.0977512487540855,False,lower,joint_complete / hmda_oh / mlp / dp
hmda_oh,mlp,reweighing,1009,dp,0.095305706926858,False,lower,joint_complete / hmda_oh / mlp / dp
hmda_oh,mlp,erm,1000,dp,0.153484158784158,False,lower,joint_complete / hmda_oh / mlp / dp
hmda_oh,mlp,soft,1000,dp,0.0251630692515426,False,lower,joint_complete / hmda_oh / mlp / dp
hmda_oh,mlp,erm,1001,dp,0.1427830674909342,False,lower,joint_complete / hmda_oh / mlp / dp
hmda_oh,mlp,soft,1001,dp,0.0368574844313944,False,lower,joint_complete / hmda_oh / mlp / dp
hmda_oh,mlp,erm,1002,dp,0.1526935888297916,False,lower,joint_complete / hmda_oh / mlp / dp
hmda_oh,mlp,soft,1002,dp,0.0257616760991733,False,lower,joint_complete / hmda_oh / mlp / dp
hmda_oh,mlp,erm,1003,dp,0.1151778640412777,False,lower,joint_complete / hmda_oh / mlp / dp
hmda_oh,mlp,soft,1003,dp,0.0545010521054888,False,lower,joint_complete / hmda_oh / mlp / dp
hmda_oh,mlp,erm,1004,dp,0.1712799338919952,False,lower,joint_complete / hmda_oh / mlp / dp
hmda_oh,mlp,soft,1004,dp,0.0322713835826108,False,lower,joint_complete / hmda_oh / mlp / dp
hmda_oh,mlp,erm,1005,dp,0.1139670198295617,False,lower,joint_complete / hmda_oh / mlp / dp
hmda_oh,mlp,soft,1005,dp,0.0306538956299996,False,lower,joint_complete / hmda_oh / mlp / dp
hmda_oh,mlp,erm,1006,dp,0.1901332099014343,False,lower,joint_complete / hmda_oh / mlp / dp
hmda_oh,mlp,soft,1006,dp,0.0386158210540364,False,lower,joint_complete / hmda_oh / mlp / dp
hmda_oh,mlp,erm,1007,dp,0.1366936342648466,False,lower,joint_complete / hmda_oh / mlp / dp
hmda_oh,mlp,soft,1007,dp,0.022372788945651,False,lower,joint_complete / hmda_oh / mlp / dp
hmda_oh,mlp,erm,1008,dp,0.1464763695119423,False,lower,joint_complete / hmda_oh / mlp / dp
hmda_oh,mlp,soft,1008,dp,0.0411124773179687,False,lower,joint_complete / hmda_oh / mlp / dp
hmda_oh,mlp,erm,1009,dp,0.1671402324570994,False,lower,joint_complete / hmda_oh / mlp / dp
hmda_oh,mlp,soft,1009,dp,0.031596105079923,False,lower,joint_complete / hmda_oh / mlp / dp
hmda_oh,mlp,hifi,1000,eomax,0.1252413339183852,False,lower,joint_complete / hmda_oh / mlp / eomax
hmda_oh,mlp,hifi,1001,eomax,0.0753601725903173,False,lower,joint_complete / hmda_oh / mlp / eomax
hmda_oh,mlp,hifi,1002,eomax,0.145794939300863,False,lower,joint_complete / hmda_oh / mlp / eomax
hmda_oh,mlp,hifi,1003,eomax,0.1682389937106918,False,lower,joint_complete / hmda_oh / mlp / eomax
hmda_oh,mlp,hifi,1004,eomax,0.1786108673394764,False,lower,joint_complete / hmda_oh / mlp / eomax
hmda_oh,mlp,hifi,1005,eomax,0.1674948807956706,False,lower,joint_complete / hmda_oh / mlp / eomax
hmda_oh,mlp,hifi,1006,eomax,0.1358051777095217,False,lower,joint_complete / hmda_oh / mlp / eomax
hmda_oh,mlp,hifi,1007,eomax,0.1088032031592803,False,lower,joint_complete / hmda_oh / mlp / eomax
hmda_oh,mlp,hifi,1008,eomax,0.1115602603481058,False,lower,joint_complete / hmda_oh / mlp / eomax
hmda_oh,mlp,hifi,1009,eomax,0.19123519087319,False,lower,joint_complete / hmda_oh / mlp / eomax
hmda_oh,mlp,hifi_erm,1000,eomax,0.1561192774608746,False,lower,joint_complete / hmda_oh / mlp / eomax
hmda_oh,mlp,hifi_erm,1001,eomax,0.166046877285359,False,lower,joint_complete / hmda_oh / mlp / eomax
hmda_oh,mlp,hifi_erm,1002,eomax,0.1644105601872165,False,lower,joint_complete / hmda_oh / mlp / eomax
hmda_oh,mlp,hifi_erm,1003,eomax,0.1507971332455755,False,lower,joint_complete / hmda_oh / mlp / eomax
hmda_oh,mlp,hifi_erm,1004,eomax,0.1607119350592366,False,lower,joint_complete / hmda_oh / mlp / eomax
hmda_oh,mlp,hifi_erm,1005,eomax,0.1800643557115694,False,lower,joint_complete / hmda_oh / mlp / eomax
hmda_oh,mlp,hifi_erm,1006,eomax,0.134249305250841,False,lower,joint_complete / hmda_oh / mlp / eomax
hmda_oh,mlp,hifi_erm,1007,eomax,0.0827976451660085,False,lower,joint_complete / hmda_oh / mlp / eomax
hmda_oh,mlp,hifi_erm,1008,eomax,0.1338196577446248,False,lower,joint_complete / hmda_oh / mlp / eomax
hmda_oh,mlp,hifi_erm,1009,eomax,0.215255228901565,False,lower,joint_complete / hmda_oh / mlp / eomax
hmda_oh,mlp,hifi_shared,1000,eomax,0.1705316659353517,False,lower,joint_complete / hmda_oh / mlp / eomax
hmda_oh,mlp,hifi_shared,1001,eomax,0.1834905660377358,False,lower,joint_complete / hmda_oh / mlp / eomax
hmda_oh,mlp,hifi_shared,1002,eomax,0.1751243235337135,False,lower,joint_complete / hmda_oh / mlp / eomax
hmda_oh,mlp,hifi_shared,1003,eomax,0.1096972356296621,False,lower,joint_complete / hmda_oh / mlp / eomax
hmda_oh,mlp,hifi_shared,1004,eomax,0.1627596167909901,False,lower,joint_complete / hmda_oh / mlp / eomax
hmda_oh,mlp,hifi_shared,1005,eomax,0.1454951001901419,False,lower,joint_complete / hmda_oh / mlp / eomax
hmda_oh,mlp,hifi_shared,1006,eomax,0.1307554482960362,False,lower,joint_complete / hmda_oh / mlp / eomax
hmda_oh,mlp,hifi_shared,1007,eomax,0.1388419628492028,False,lower,joint_complete / hmda_oh / mlp / eomax
hmda_oh,mlp,hifi_shared,1008,eomax,0.1324886646189849,False,lower,joint_complete / hmda_oh / mlp / eomax
hmda_oh,mlp,hifi_shared,1009,eomax,0.2025833698990785,False,lower,joint_complete / hmda_oh / mlp / eomax
hmda_oh,mlp,reweighing,1000,eomax,0.0794335966066988,False,lower,joint_complete / hmda_oh / mlp / eomax
hmda_oh,mlp,reweighing,1001,eomax,0.086523694602896,False,lower,joint_complete / hmda_oh / mlp / eomax
hmda_oh,mlp,reweighing,1002,eomax,0.0954969284774023,False,lower,joint_complete / hmda_oh / mlp / eomax
hmda_oh,mlp,reweighing,1003,eomax,0.0705353225098727,False,lower,joint_complete / hmda_oh / mlp / eomax
hmda_oh,mlp,reweighing,1004,eomax,0.0419025157232704,False,lower,joint_complete / hmda_oh / mlp / eomax
hmda_oh,mlp,reweighing,1005,eomax,0.046590244259178,False,lower,joint_complete / hmda_oh / mlp / eomax
hmda_oh,mlp,reweighing,1006,eomax,0.0496471405587245,False,lower,joint_complete / hmda_oh / mlp / eomax
hmda_oh,mlp,reweighing,1007,eomax,0.1151016527716835,False,lower,joint_complete / hmda_oh / mlp / eomax
hmda_oh,mlp,reweighing,1008,eomax,0.0738993710691824,False,lower,joint_complete / hmda_oh / mlp / eomax
hmda_oh,mlp,reweighing,1009,eomax,0.0614048559309639,False,lower,joint_complete / hmda_oh / mlp / eomax
hmda_oh,mlp,erm,1000,eomax,0.162984496124031,False,lower,joint_complete / hmda_oh / mlp / eomax
hmda_oh,mlp,soft,1000,eomax,0.0440635512651748,False,lower,joint_complete / hmda_oh / mlp / eomax
hmda_oh,mlp,erm,1001,eomax,0.1480199648968846,False,lower,joint_complete / hmda_oh / mlp / eomax
hmda_oh,mlp,soft,1001,eomax,0.0275431475793476,False,lower,joint_complete / hmda_oh / mlp / eomax
hmda_oh,mlp,erm,1002,eomax,0.1572253912534736,False,lower,joint_complete / hmda_oh / mlp / eomax
hmda_oh,mlp,soft,1002,eomax,0.0453122714640924,False,lower,joint_complete / hmda_oh / mlp / eomax
hmda_oh,mlp,erm,1003,eomax,0.101767953780898,False,lower,joint_complete / hmda_oh / mlp / eomax
hmda_oh,mlp,soft,1003,eomax,0.0158768465701331,False,lower,joint_complete / hmda_oh / mlp / eomax
hmda_oh,mlp,erm,1004,eomax,0.1647451367558871,False,lower,joint_complete / hmda_oh / mlp / eomax
hmda_oh,mlp,soft,1004,eomax,0.0286894836916775,False,lower,joint_complete / hmda_oh / mlp / eomax
hmda_oh,mlp,erm,1005,eomax,0.1021025303495685,False,lower,joint_complete / hmda_oh / mlp / eomax
hmda_oh,mlp,soft,1005,eomax,0.0423577592511335,False,lower,joint_complete / hmda_oh / mlp / eomax
hmda_oh,mlp,erm,1006,eomax,0.2018191458241919,False,lower,joint_complete / hmda_oh / mlp / eomax
hmda_oh,mlp,soft,1006,eomax,0.0297882843352347,False,lower,joint_complete / hmda_oh / mlp / eomax
hmda_oh,mlp,erm,1007,eomax,0.1369039783530788,False,lower,joint_complete / hmda_oh / mlp / eomax
hmda_oh,mlp,soft,1007,eomax,0.0442134708205353,False,lower,joint_complete / hmda_oh / mlp / eomax
hmda_oh,mlp,erm,1008,eomax,0.1686009945882697,False,lower,joint_complete / hmda_oh / mlp / eomax
hmda_oh,mlp,soft,1008,eomax,0.0169116571595728,False,lower,joint_complete / hmda_oh / mlp / eomax
hmda_oh,mlp,erm,1009,eomax,0.1687984496124031,False,lower,joint_complete / hmda_oh / mlp / eomax
hmda_oh,mlp,soft,1009,eomax,0.0309071961386572,False,lower,joint_complete / hmda_oh / mlp / eomax
hmda_oh,mlp,hifi,1000,sex_aod,0.0420470035626012,False,lower,joint_complete / hmda_oh / mlp / sex_aod
hmda_oh,mlp,hifi,1001,sex_aod,0.0364239292189979,False,lower,joint_complete / hmda_oh / mlp / sex_aod
hmda_oh,mlp,hifi,1002,sex_aod,0.0256263881527657,False,lower,joint_complete / hmda_oh / mlp / sex_aod
hmda_oh,mlp,hifi,1003,sex_aod,0.0296167052368634,False,lower,joint_complete / hmda_oh / mlp / sex_aod
hmda_oh,mlp,hifi,1004,sex_aod,0.0274505382970322,False,lower,joint_complete / hmda_oh / mlp / sex_aod
hmda_oh,mlp,hifi,1005,sex_aod,0.02731501663509,False,lower,joint_complete / hmda_oh / mlp / sex_aod
hmda_oh,mlp,hifi,1006,sex_aod,0.0426602133227314,False,lower,joint_complete / hmda_oh / mlp / sex_aod
hmda_oh,mlp,hifi,1007,sex_aod,0.0161583501966929,False,lower,joint_complete / hmda_oh / mlp / sex_aod
hmda_oh,mlp,hifi,1008,sex_aod,0.0314890917523526,False,lower,joint_complete / hmda_oh / mlp / sex_aod
hmda_oh,mlp,hifi,1009,sex_aod,0.0679785154755697,False,lower,joint_complete / hmda_oh / mlp / sex_aod
hmda_oh,mlp,hifi_erm,1000,sex_aod,0.0357588617011881,False,lower,joint_complete / hmda_oh / mlp / sex_aod
hmda_oh,mlp,hifi_erm,1001,sex_aod,0.1130567716067461,False,lower,joint_complete / hmda_oh / mlp / sex_aod
hmda_oh,mlp,hifi_erm,1002,sex_aod,0.0291732174719618,False,lower,joint_complete / hmda_oh / mlp / sex_aod
hmda_oh,mlp,hifi_erm,1003,sex_aod,0.0245053047892744,False,lower,joint_complete / hmda_oh / mlp / sex_aod
hmda_oh,mlp,hifi_erm,1004,sex_aod,0.0291446960694329,False,lower,joint_complete / hmda_oh / mlp / sex_aod
hmda_oh,mlp,hifi_erm,1005,sex_aod,0.0338416618772671,False,lower,joint_complete / hmda_oh / mlp / sex_aod
hmda_oh,mlp,hifi_erm,1006,sex_aod,0.0394622359016663,False,lower,joint_complete / hmda_oh / mlp / sex_aod
hmda_oh,mlp,hifi_erm,1007,sex_aod,0.014695548442521,False,lower,joint_complete / hmda_oh / mlp / sex_aod
hmda_oh,mlp,hifi_erm,1008,sex_aod,0.0297696559219542,False,lower,joint_complete / hmda_oh / mlp / sex_aod
hmda_oh,mlp,hifi_erm,1009,sex_aod,0.0674868812339489,False,lower,joint_complete / hmda_oh / mlp / sex_aod
hmda_oh,mlp,hifi_shared,1000,sex_aod,0.0385312645350563,False,lower,joint_complete / hmda_oh / mlp / sex_aod
hmda_oh,mlp,hifi_shared,1001,sex_aod,0.0475634234937462,False,lower,joint_complete / hmda_oh / mlp / sex_aod
hmda_oh,mlp,hifi_shared,1002,sex_aod,0.0389562008068415,False,lower,joint_complete / hmda_oh / mlp / sex_aod
hmda_oh,mlp,hifi_shared,1003,sex_aod,0.0488958892661479,False,lower,joint_complete / hmda_oh / mlp / sex_aod
hmda_oh,mlp,hifi_shared,1004,sex_aod,0.0414591348723694,False,lower,joint_complete / hmda_oh / mlp / sex_aod
hmda_oh,mlp,hifi_shared,1005,sex_aod,0.03183762107104,False,lower,joint_complete / hmda_oh / mlp / sex_aod
hmda_oh,mlp,hifi_shared,1006,sex_aod,0.0530944863420534,False,lower,joint_complete / hmda_oh / mlp / sex_aod
hmda_oh,mlp,hifi_shared,1007,sex_aod,0.0415051931254218,False,lower,joint_complete / hmda_oh / mlp / sex_aod
hmda_oh,mlp,hifi_shared,1008,sex_aod,0.0441341099012085,False,lower,joint_complete / hmda_oh / mlp / sex_aod
hmda_oh,mlp,hifi_shared,1009,sex_aod,0.0533150821074976,False,lower,joint_complete / hmda_oh / mlp / sex_aod
hmda_oh,mlp,reweighing,1000,sex_aod,0.0406336018034929,False,lower,joint_complete / hmda_oh / mlp / sex_aod
hmda_oh,mlp,reweighing,1001,sex_aod,0.028429339220689,False,lower,joint_complete / hmda_oh / mlp / sex_aod
hmda_oh,mlp,reweighing,1002,sex_aod,0.0374332051538571,False,lower,joint_complete / hmda_oh / mlp / sex_aod
hmda_oh,mlp,reweighing,1003,sex_aod,0.0504736182170089,False,lower,joint_complete / hmda_oh / mlp / sex_aod
hmda_oh,mlp,reweighing,1004,sex_aod,0.0318262773126614,False,lower,joint_complete / hmda_oh / mlp / sex_aod
hmda_oh,mlp,reweighing,1005,sex_aod,0.0229883575507529,False,lower,joint_complete / hmda_oh / mlp / sex_aod
hmda_oh,mlp,reweighing,1006,sex_aod,0.0332976340310524,False,lower,joint_complete / hmda_oh / mlp / sex_aod
hmda_oh,mlp,reweighing,1007,sex_aod,0.0387362350331025,False,lower,joint_complete / hmda_oh / mlp / sex_aod
hmda_oh,mlp,reweighing,1008,sex_aod,0.0439623896034561,False,lower,joint_complete / hmda_oh / mlp / sex_aod
hmda_oh,mlp,reweighing,1009,sex_aod,0.0297071597267097,False,lower,joint_complete / hmda_oh / mlp / sex_aod
hmda_oh,mlp,erm,1000,sex_aod,0.0410607335754092,False,lower,joint_complete / hmda_oh / mlp / sex_aod
hmda_oh,mlp,soft,1000,sex_aod,0.0061881047769773,False,lower,joint_complete / hmda_oh / mlp / sex_aod
hmda_oh,mlp,erm,1001,sex_aod,0.0448907632844561,False,lower,joint_complete / hmda_oh / mlp / sex_aod
hmda_oh,mlp,soft,1001,sex_aod,0.0177725866758565,False,lower,joint_complete / hmda_oh / mlp / sex_aod
hmda_oh,mlp,erm,1002,sex_aod,0.0336110263736738,False,lower,joint_complete / hmda_oh / mlp / sex_aod
hmda_oh,mlp,soft,1002,sex_aod,0.0085680479761553,False,lower,joint_complete / hmda_oh / mlp / sex_aod
hmda_oh,mlp,erm,1003,sex_aod,0.046886653042191,False,lower,joint_complete / hmda_oh / mlp / sex_aod
hmda_oh,mlp,soft,1003,sex_aod,0.013571902458235,False,lower,joint_complete / hmda_oh / mlp / sex_aod
hmda_oh,mlp,erm,1004,sex_aod,0.0327470188636467,False,lower,joint_complete / hmda_oh / mlp / sex_aod
hmda_oh,mlp,soft,1004,sex_aod,0.0149541112028107,False,lower,joint_complete / hmda_oh / mlp / sex_aod
hmda_oh,mlp,erm,1005,sex_aod,0.024031583072694,False,lower,joint_complete / hmda_oh / mlp / sex_aod
hmda_oh,mlp,soft,1005,sex_aod,0.0158389832908881,False,lower,joint_complete / hmda_oh / mlp / sex_aod
hmda_oh,mlp,erm,1006,sex_aod,0.037038240723896,False,lower,joint_complete / hmda_oh / mlp / sex_aod
hmda_oh,mlp,soft,1006,sex_aod,0.0112568065688802,False,lower,joint_complete / hmda_oh / mlp / sex_aod
hmda_oh,mlp,erm,1007,sex_aod,0.0432264326805647,False,lower,joint_complete / hmda_oh / mlp / sex_aod
hmda_oh,mlp,soft,1007,sex_aod,0.0069614166867576,False,lower,joint_complete / hmda_oh / mlp / sex_aod
hmda_oh,mlp,erm,1008,sex_aod,0.0325916201268581,False,lower,joint_complete / hmda_oh / mlp / sex_aod
hmda_oh,mlp,soft,1008,sex_aod,0.0127139946189736,False,lower,joint_complete / hmda_oh / mlp / sex_aod
hmda_oh,mlp,erm,1009,sex_aod,0.0368380158745352,False,lower,joint_complete / hmda_oh / mlp / sex_aod
hmda_oh,mlp,soft,1009,sex_aod,0.0148082229463489,False,lower,joint_complete / hmda_oh / mlp / sex_aod
hmda_oh,mlp,hifi,1000,sex_dp,0.0372164558971137,False,lower,joint_complete / hmda_oh / mlp / sex_dp
hmda_oh,mlp,hifi,1001,sex_dp,0.0254687017584124,False,lower,joint_complete / hmda_oh / mlp / sex_dp
hmda_oh,mlp,hifi,1002,sex_dp,0.0106859786603331,False,lower,joint_complete / hmda_oh / mlp / sex_dp
hmda_oh,mlp,hifi,1003,sex_dp,0.015192811521688,False,lower,joint_complete / hmda_oh / mlp / sex_dp
hmda_oh,mlp,hifi,1004,sex_dp,0.0185146685060618,False,lower,joint_complete / hmda_oh / mlp / sex_dp
hmda_oh,mlp,hifi,1005,sex_dp,0.0229777850969411,False,lower,joint_complete / hmda_oh / mlp / sex_dp
hmda_oh,mlp,hifi,1006,sex_dp,0.029147078175869,False,lower,joint_complete / hmda_oh / mlp / sex_dp
hmda_oh,mlp,hifi,1007,sex_dp,0.0185269223091496,False,lower,joint_complete / hmda_oh / mlp / sex_dp
hmda_oh,mlp,hifi,1008,sex_dp,0.0212550494155309,False,lower,joint_complete / hmda_oh / mlp / sex_dp
hmda_oh,mlp,hifi,1009,sex_dp,0.0503720726554479,False,lower,joint_complete / hmda_oh / mlp / sex_dp
hmda_oh,mlp,hifi_erm,1000,sex_dp,0.0218583836256734,False,lower,joint_complete / hmda_oh / mlp / sex_dp
hmda_oh,mlp,hifi_erm,1001,sex_dp,0.1198496458361122,False,lower,joint_complete / hmda_oh / mlp / sex_dp
hmda_oh,mlp,hifi_erm,1002,sex_dp,0.0150542938692153,False,lower,joint_complete / hmda_oh / mlp / sex_dp
hmda_oh,mlp,hifi_erm,1003,sex_dp,0.0053927497062191,False,lower,joint_complete / hmda_oh / mlp / sex_dp
hmda_oh,mlp,hifi_erm,1004,sex_dp,0.0242522634140436,False,lower,joint_complete / hmda_oh / mlp / sex_dp
hmda_oh,mlp,hifi_erm,1005,sex_dp,0.0281539405539862,False,lower,joint_complete / hmda_oh / mlp / sex_dp
hmda_oh,mlp,hifi_erm,1006,sex_dp,0.0296770551594182,False,lower,joint_complete / hmda_oh / mlp / sex_dp
hmda_oh,mlp,hifi_erm,1007,sex_dp,0.0151076144718408,False,lower,joint_complete / hmda_oh / mlp / sex_dp
hmda_oh,mlp,hifi_erm,1008,sex_dp,0.0194571349962572,False,lower,joint_complete / hmda_oh / mlp / sex_dp
hmda_oh,mlp,hifi_erm,1009,sex_dp,0.0501164815059061,False,lower,joint_complete / hmda_oh / mlp / sex_dp
hmda_oh,mlp,hifi_shared,1000,sex_dp,0.0262516204205653,False,lower,joint_complete / hmda_oh / mlp / sex_dp
hmda_oh,mlp,hifi_shared,1001,sex_dp,0.0314304253485482,False,lower,joint_complete / hmda_oh / mlp / sex_dp
hmda_oh,mlp,hifi_shared,1002,sex_dp,0.0254376532708588,False,lower,joint_complete / hmda_oh / mlp / sex_dp
hmda_oh,mlp,hifi_shared,1003,sex_dp,0.0341716342176853,False,lower,joint_complete / hmda_oh / mlp / sex_dp
hmda_oh,mlp,hifi_shared,1004,sex_dp,0.0295285191949615,False,lower,joint_complete / hmda_oh / mlp / sex_dp
hmda_oh,mlp,hifi_shared,1005,sex_dp,0.021450779081069,False,lower,joint_complete / hmda_oh / mlp / sex_dp
hmda_oh,mlp,hifi_shared,1006,sex_dp,0.0370832371865168,False,lower,joint_complete / hmda_oh / mlp / sex_dp
hmda_oh,mlp,hifi_shared,1007,sex_dp,0.030906989246377,False,lower,joint_complete / hmda_oh / mlp / sex_dp
hmda_oh,mlp,hifi_shared,1008,sex_dp,0.0352127935003179,False,lower,joint_complete / hmda_oh / mlp / sex_dp
hmda_oh,mlp,hifi_shared,1009,sex_dp,0.0367424489871279,False,lower,joint_complete / hmda_oh / mlp / sex_dp
hmda_oh,mlp,reweighing,1000,sex_dp,0.0234850759855844,False,lower,joint_complete / hmda_oh / mlp / sex_dp
hmda_oh,mlp,reweighing,1001,sex_dp,0.0190438175299428,False,lower,joint_complete / hmda_oh / mlp / sex_dp
hmda_oh,mlp,reweighing,1002,sex_dp,0.0181765297776108,False,lower,joint_complete / hmda_oh / mlp / sex_dp
hmda_oh,mlp,reweighing,1003,sex_dp,0.0340169713516846,False,lower,joint_complete / hmda_oh / mlp / sex_dp
hmda_oh,mlp,reweighing,1004,sex_dp,0.0239202515871366,False,lower,joint_complete / hmda_oh / mlp / sex_dp
hmda_oh,mlp,reweighing,1005,sex_dp,0.0187602413436196,False,lower,joint_complete / hmda_oh / mlp / sex_dp
hmda_oh,mlp,reweighing,1006,sex_dp,0.0186531861585345,False,lower,joint_complete / hmda_oh / mlp / sex_dp
hmda_oh,mlp,reweighing,1007,sex_dp,0.030254225844049,False,lower,joint_complete / hmda_oh / mlp / sex_dp
hmda_oh,mlp,reweighing,1008,sex_dp,0.0328626299824231,False,lower,joint_complete / hmda_oh / mlp / sex_dp
hmda_oh,mlp,reweighing,1009,sex_dp,0.0155807934221584,False,lower,joint_complete / hmda_oh / mlp / sex_dp
hmda_oh,mlp,erm,1000,sex_dp,0.0298631804928065,False,lower,joint_complete / hmda_oh / mlp / sex_dp
hmda_oh,mlp,soft,1000,sex_dp,0.0082083093535514,False,lower,joint_complete / hmda_oh / mlp / sex_dp
hmda_oh,mlp,erm,1001,sex_dp,0.0330487553158115,False,lower,joint_complete / hmda_oh / mlp / sex_dp
hmda_oh,mlp,soft,1001,sex_dp,0.0144190832118509,False,lower,joint_complete / hmda_oh / mlp / sex_dp
hmda_oh,mlp,erm,1002,sex_dp,0.022560990200021,False,lower,joint_complete / hmda_oh / mlp / sex_dp
hmda_oh,mlp,soft,1002,sex_dp,0.0089432063549547,False,lower,joint_complete / hmda_oh / mlp / sex_dp
hmda_oh,mlp,erm,1003,sex_dp,0.034316692751536,False,lower,joint_complete / hmda_oh / mlp / sex_dp
hmda_oh,mlp,soft,1003,sex_dp,0.0135233964429031,False,lower,joint_complete / hmda_oh / mlp / sex_dp
hmda_oh,mlp,erm,1004,sex_dp,0.0228165813495626,False,lower,joint_complete / hmda_oh / mlp / sex_dp
hmda_oh,mlp,soft,1004,sex_dp,0.0124350434591889,False,lower,joint_complete / hmda_oh / mlp / sex_dp
hmda_oh,mlp,erm,1005,sex_dp,0.0147288229236861,False,lower,joint_complete / hmda_oh / mlp / sex_dp
hmda_oh,mlp,soft,1005,sex_dp,0.011441491857472,False,lower,joint_complete / hmda_oh / mlp / sex_dp
hmda_oh,mlp,erm,1006,sex_dp,0.0193500798111723,False,lower,joint_complete / hmda_oh / mlp / sex_dp
hmda_oh,mlp,soft,1006,sex_dp,0.010678195839453,False,lower,joint_complete / hmda_oh / mlp / sex_dp
hmda_oh,mlp,erm,1007,sex_dp,0.032777432932576,False,lower,joint_complete / hmda_oh / mlp / sex_dp
hmda_oh,mlp,soft,1007,sex_dp,0.008788543488954,False,lower,joint_complete / hmda_oh / mlp / sex_dp
hmda_oh,mlp,erm,1008,sex_dp,0.0220371401180157,False,lower,joint_complete / hmda_oh / mlp / sex_dp
hmda_oh,mlp,soft,1008,sex_dp,0.0108643211728413,False,lower,joint_complete / hmda_oh / mlp / sex_dp
hmda_oh,mlp,erm,1009,sex_dp,0.026626934538114,False,lower,joint_complete / hmda_oh / mlp / sex_dp
hmda_oh,mlp,soft,1009,sex_dp,0.011889335241946,False,lower,joint_complete / hmda_oh / mlp / sex_dp
hmda_oh,mlp,hifi,1000,sex_eomax,0.0703928058452507,False,lower,joint_complete / hmda_oh / mlp / sex_eomax
hmda_oh,mlp,hifi,1001,sex_eomax,0.0715106475988258,False,lower,joint_complete / hmda_oh / mlp / sex_eomax
hmda_oh,mlp,hifi,1002,sex_eomax,0.0398145256978704,False,lower,joint_complete / hmda_oh / mlp / sex_eomax
hmda_oh,mlp,hifi,1003,sex_eomax,0.0513957409604696,False,lower,joint_complete / hmda_oh / mlp / sex_eomax
hmda_oh,mlp,hifi,1004,sex_eomax,0.0507337788047211,False,lower,joint_complete / hmda_oh / mlp / sex_eomax
hmda_oh,mlp,hifi,1005,sex_eomax,0.0540248548054705,False,lower,joint_complete / hmda_oh / mlp / sex_eomax
hmda_oh,mlp,hifi,1006,sex_eomax,0.0852900768125897,False,lower,joint_complete / hmda_oh / mlp / sex_eomax
hmda_oh,mlp,hifi,1007,sex_eomax,0.0291357022419284,False,lower,joint_complete / hmda_oh / mlp / sex_eomax
hmda_oh,mlp,hifi,1008,sex_eomax,0.0606819459189408,False,lower,joint_complete / hmda_oh / mlp / sex_eomax
hmda_oh,mlp,hifi,1009,sex_eomax,0.1188534315868357,False,lower,joint_complete / hmda_oh / mlp / sex_eomax
hmda_oh,mlp,hifi_erm,1000,sex_eomax,0.0663741959657778,False,lower,joint_complete / hmda_oh / mlp / sex_eomax
hmda_oh,mlp,hifi_erm,1001,sex_eomax,0.12023668269531,False,lower,joint_complete / hmda_oh / mlp / sex_eomax
hmda_oh,mlp,hifi_erm,1002,sex_eomax,0.0500062449259977,False,lower,joint_complete / hmda_oh / mlp / sex_eomax
hmda_oh,mlp,hifi_erm,1003,sex_eomax,0.033613314182227,False,lower,joint_complete / hmda_oh / mlp / sex_eomax
hmda_oh,mlp,hifi_erm,1004,sex_eomax,0.0567039280584525,False,lower,joint_complete / hmda_oh / mlp / sex_eomax
hmda_oh,mlp,hifi_erm,1005,sex_eomax,0.0629800786860675,False,lower,joint_complete / hmda_oh / mlp / sex_eomax
hmda_oh,mlp,hifi_erm,1006,sex_eomax,0.0752763379753949,False,lower,joint_complete / hmda_oh / mlp / sex_eomax
hmda_oh,mlp,hifi_erm,1007,sex_eomax,0.0287141697370886,False,lower,joint_complete / hmda_oh / mlp / sex_eomax
hmda_oh,mlp,hifi_erm,1008,sex_eomax,0.0563573346655842,False,lower,joint_complete / hmda_oh / mlp / sex_eomax
hmda_oh,mlp,hifi_erm,1009,sex_eomax,0.1175263848123399,False,lower,joint_complete / hmda_oh / mlp / sex_eomax
hmda_oh,mlp,hifi_shared,1000,sex_eomax,0.0758633610191719,False,lower,joint_complete / hmda_oh / mlp / sex_eomax
hmda_oh,mlp,hifi_shared,1001,sex_eomax,0.0937082370573908,False,lower,joint_complete / hmda_oh / mlp / sex_eomax
hmda_oh,mlp,hifi_shared,1002,sex_eomax,0.0760413414101043,False,lower,joint_complete / hmda_oh / mlp / sex_eomax
hmda_oh,mlp,hifi_shared,1003,sex_eomax,0.0935177668144632,False,lower,joint_complete / hmda_oh / mlp / sex_eomax
hmda_oh,mlp,hifi_shared,1004,sex_eomax,0.0802504215325048,False,lower,joint_complete / hmda_oh / mlp / sex_eomax
hmda_oh,mlp,hifi_shared,1005,sex_eomax,0.0611034784237807,False,lower,joint_complete / hmda_oh / mlp / sex_eomax
hmda_oh,mlp,hifi_shared,1006,sex_eomax,0.1012364953475301,False,lower,joint_complete / hmda_oh / mlp / sex_eomax
hmda_oh,mlp,hifi_shared,1007,sex_eomax,0.0781458814713045,False,lower,joint_complete / hmda_oh / mlp / sex_eomax
hmda_oh,mlp,hifi_shared,1008,sex_eomax,0.0786954349590957,False,lower,joint_complete / hmda_oh / mlp / sex_eomax
hmda_oh,mlp,hifi_shared,1009,sex_eomax,0.1015674764254043,False,lower,joint_complete / hmda_oh / mlp / sex_eomax
hmda_oh,mlp,reweighing,1000,sex_eomax,0.0769593455317555,False,lower,joint_complete / hmda_oh / mlp / sex_eomax
hmda_oh,mlp,reweighing,1001,sex_eomax,0.0541372634734278,False,lower,joint_complete / hmda_oh / mlp / sex_eomax
hmda_oh,mlp,reweighing,1002,sex_eomax,0.0666520951726722,False,lower,joint_complete / hmda_oh / mlp / sex_eomax
hmda_oh,mlp,reweighing,1003,sex_eomax,0.0978673577718104,False,lower,joint_complete / hmda_oh / mlp / sex_eomax
hmda_oh,mlp,reweighing,1004,sex_eomax,0.0626459751451945,False,lower,joint_complete / hmda_oh / mlp / sex_eomax
hmda_oh,mlp,reweighing,1005,sex_eomax,0.044826078810966,False,lower,joint_complete / hmda_oh / mlp / sex_eomax
hmda_oh,mlp,reweighing,1006,sex_eomax,0.0600199837631924,False,lower,joint_complete / hmda_oh / mlp / sex_eomax
hmda_oh,mlp,reweighing,1007,sex_eomax,0.0719977518266409,False,lower,joint_complete / hmda_oh / mlp / sex_eomax
hmda_oh,mlp,reweighing,1008,sex_eomax,0.0815774683070005,False,lower,joint_complete / hmda_oh / mlp / sex_eomax
hmda_oh,mlp,reweighing,1009,sex_eomax,0.0519952538562417,False,lower,joint_complete / hmda_oh / mlp / sex_eomax
hmda_oh,mlp,erm,1000,sex_eomax,0.0798944607506401,False,lower,joint_complete / hmda_oh / mlp / sex_eomax
hmda_oh,mlp,soft,1000,sex_eomax,0.0119090738774745,False,lower,joint_complete / hmda_oh / mlp / sex_eomax
hmda_oh,mlp,erm,1001,sex_eomax,0.083963030038094,False,lower,joint_complete / hmda_oh / mlp / sex_eomax
hmda_oh,mlp,soft,1001,sex_eomax,0.0353181789795791,False,lower,joint_complete / hmda_oh / mlp / sex_eomax
hmda_oh,mlp,erm,1002,sex_eomax,0.0649940673203023,False,lower,joint_complete / hmda_oh / mlp / sex_eomax
hmda_oh,mlp,soft,1002,sex_eomax,0.0165521763567102,False,lower,joint_complete / hmda_oh / mlp / sex_eomax
hmda_oh,mlp,erm,1003,sex_eomax,0.0872541060388434,False,lower,joint_complete / hmda_oh / mlp / sex_eomax
hmda_oh,mlp,soft,1003,sex_eomax,0.0264784862299382,False,lower,joint_complete / hmda_oh / mlp / sex_eomax
hmda_oh,mlp,erm,1004,sex_eomax,0.0636295509898208,False,lower,joint_complete / hmda_oh / mlp / sex_eomax
hmda_oh,mlp,soft,1004,sex_eomax,0.0292075188909011,False,lower,joint_complete / hmda_oh / mlp / sex_eomax
hmda_oh,mlp,erm,1005,sex_eomax,0.0430899893836257,False,lower,joint_complete / hmda_oh / mlp / sex_eomax
hmda_oh,mlp,soft,1005,sex_eomax,0.0295010304127896,False,lower,joint_complete / hmda_oh / mlp / sex_eomax
hmda_oh,mlp,erm,1006,sex_eomax,0.0667676263036283,False,lower,joint_complete / hmda_oh / mlp / sex_eomax
hmda_oh,mlp,soft,1006,sex_eomax,0.0215793417847998,False,lower,joint_complete / hmda_oh / mlp / sex_eomax
hmda_oh,mlp,erm,1007,sex_eomax,0.0796384187847374,False,lower,joint_complete / hmda_oh / mlp / sex_eomax
hmda_oh,mlp,soft,1007,sex_eomax,0.0128520577031161,False,lower,joint_complete / hmda_oh / mlp / sex_eomax
hmda_oh,mlp,erm,1008,sex_eomax,0.0637044901017923,False,lower,joint_complete / hmda_oh / mlp / sex_eomax
hmda_oh,mlp,soft,1008,sex_eomax,0.0239649035158933,False,lower,joint_complete / hmda_oh / mlp / sex_eomax
hmda_oh,mlp,erm,1009,sex_eomax,0.0733372884531318,False,lower,joint_complete / hmda_oh / mlp / sex_eomax
hmda_oh,mlp,soft,1009,sex_eomax,0.0286204958471242,False,lower,joint_complete / hmda_oh / mlp / sex_eomax
hmda_oh,mlp,hifi,1000,subgroup_aod,0.1074263534711728,False,lower,joint_complete / hmda_oh / mlp / subgroup_aod
hmda_oh,mlp,hifi,1001,subgroup_aod,0.0603921583437006,False,lower,joint_complete / hmda_oh / mlp / subgroup_aod
hmda_oh,mlp,hifi,1002,subgroup_aod,0.1373846871614828,False,lower,joint_complete / hmda_oh / mlp / subgroup_aod
hmda_oh,mlp,hifi,1003,subgroup_aod,0.1306930554296743,False,lower,joint_complete / hmda_oh / mlp / subgroup_aod
hmda_oh,mlp,hifi,1004,subgroup_aod,0.1504708991166069,False,lower,joint_complete / hmda_oh / mlp / subgroup_aod
hmda_oh,mlp,hifi,1005,subgroup_aod,0.122873574893016,False,lower,joint_complete / hmda_oh / mlp / subgroup_aod
hmda_oh,mlp,hifi,1006,subgroup_aod,0.1199757496396038,False,lower,joint_complete / hmda_oh / mlp / subgroup_aod
hmda_oh,mlp,hifi,1007,subgroup_aod,0.1047177897000449,False,lower,joint_complete / hmda_oh / mlp / subgroup_aod
hmda_oh,mlp,hifi,1008,subgroup_aod,0.1094573530943558,False,lower,joint_complete / hmda_oh / mlp / subgroup_aod
hmda_oh,mlp,hifi,1009,subgroup_aod,0.1700202552285048,False,lower,joint_complete / hmda_oh / mlp / subgroup_aod
hmda_oh,mlp,hifi_erm,1000,subgroup_aod,0.120436476801706,False,lower,joint_complete / hmda_oh / mlp / subgroup_aod
hmda_oh,mlp,hifi_erm,1001,subgroup_aod,0.2223522314413094,False,lower,joint_complete / hmda_oh / mlp / subgroup_aod
hmda_oh,mlp,hifi_erm,1002,subgroup_aod,0.1467846853878727,False,lower,joint_complete / hmda_oh / mlp / subgroup_aod
hmda_oh,mlp,hifi_erm,1003,subgroup_aod,0.1306715954990585,False,lower,joint_complete / hmda_oh / mlp / subgroup_aod
hmda_oh,mlp,hifi_erm,1004,subgroup_aod,0.1594733061910866,False,lower,joint_complete / hmda_oh / mlp / subgroup_aod
hmda_oh,mlp,hifi_erm,1005,subgroup_aod,0.180109642922687,False,lower,joint_complete / hmda_oh / mlp / subgroup_aod
hmda_oh,mlp,hifi_erm,1006,subgroup_aod,0.116377914765729,False,lower,joint_complete / hmda_oh / mlp / subgroup_aod
hmda_oh,mlp,hifi_erm,1007,subgroup_aod,0.0970883841765722,False,lower,joint_complete / hmda_oh / mlp / subgroup_aod
hmda_oh,mlp,hifi_erm,1008,subgroup_aod,0.115539265021989,False,lower,joint_complete / hmda_oh / mlp / subgroup_aod
hmda_oh,mlp,hifi_erm,1009,subgroup_aod,0.168938606712032,False,lower,joint_complete / hmda_oh / mlp / subgroup_aod
hmda_oh,mlp,hifi_shared,1000,subgroup_aod,0.1344970676814121,False,lower,joint_complete / hmda_oh / mlp / subgroup_aod
hmda_oh,mlp,hifi_shared,1001,subgroup_aod,0.1423650399526681,False,lower,joint_complete / hmda_oh / mlp / subgroup_aod
hmda_oh,mlp,hifi_shared,1002,subgroup_aod,0.1309532181027873,False,lower,joint_complete / hmda_oh / mlp / subgroup_aod
hmda_oh,mlp,hifi_shared,1003,subgroup_aod,0.0962605898944477,False,lower,joint_complete / hmda_oh / mlp / subgroup_aod
hmda_oh,mlp,hifi_shared,1004,subgroup_aod,0.1353203139830969,False,lower,joint_complete / hmda_oh / mlp / subgroup_aod
hmda_oh,mlp,hifi_shared,1005,subgroup_aod,0.1182992071211347,False,lower,joint_complete / hmda_oh / mlp / subgroup_aod
hmda_oh,mlp,hifi_shared,1006,subgroup_aod,0.110060382405367,False,lower,joint_complete / hmda_oh / mlp / subgroup_aod
hmda_oh,mlp,hifi_shared,1007,subgroup_aod,0.1016525593268818,False,lower,joint_complete / hmda_oh / mlp / subgroup_aod
hmda_oh,mlp,hifi_shared,1008,subgroup_aod,0.1182124104719513,False,lower,joint_complete / hmda_oh / mlp / subgroup_aod
hmda_oh,mlp,hifi_shared,1009,subgroup_aod,0.1659617557407384,False,lower,joint_complete / hmda_oh / mlp / subgroup_aod
hmda_oh,mlp,reweighing,1000,subgroup_aod,0.0647875568325548,False,lower,joint_complete / hmda_oh / mlp / subgroup_aod
hmda_oh,mlp,reweighing,1001,subgroup_aod,0.0689872475931134,False,lower,joint_complete / hmda_oh / mlp / subgroup_aod
hmda_oh,mlp,reweighing,1002,subgroup_aod,0.065388311908282,False,lower,joint_complete / hmda_oh / mlp / subgroup_aod
hmda_oh,mlp,reweighing,1003,subgroup_aod,0.0626644825267238,False,lower,joint_complete / hmda_oh / mlp / subgroup_aod
hmda_oh,mlp,reweighing,1004,subgroup_aod,0.0371784351350693,False,lower,joint_complete / hmda_oh / mlp / subgroup_aod
hmda_oh,mlp,reweighing,1005,subgroup_aod,0.0420819676159839,False,lower,joint_complete / hmda_oh / mlp / subgroup_aod
hmda_oh,mlp,reweighing,1006,subgroup_aod,0.0420025252901017,False,lower,joint_complete / hmda_oh / mlp / subgroup_aod
hmda_oh,mlp,reweighing,1007,subgroup_aod,0.0821812044826642,False,lower,joint_complete / hmda_oh / mlp / subgroup_aod
hmda_oh,mlp,reweighing,1008,subgroup_aod,0.0656703787724724,False,lower,joint_complete / hmda_oh / mlp / subgroup_aod
hmda_oh,mlp,reweighing,1009,subgroup_aod,0.0524134869069246,False,lower,joint_complete / hmda_oh / mlp / subgroup_aod
hmda_oh,mlp,erm,1000,subgroup_aod,0.1322521920994087,False,lower,joint_complete / hmda_oh / mlp / subgroup_aod
hmda_oh,mlp,soft,1000,subgroup_aod,0.0339947962488438,False,lower,joint_complete / hmda_oh / mlp / subgroup_aod
hmda_oh,mlp,erm,1001,subgroup_aod,0.1150969409434433,False,lower,joint_complete / hmda_oh / mlp / subgroup_aod
hmda_oh,mlp,soft,1001,subgroup_aod,0.0213475093544273,False,lower,joint_complete / hmda_oh / mlp / subgroup_aod
hmda_oh,mlp,erm,1002,subgroup_aod,0.1205456064296071,False,lower,joint_complete / hmda_oh / mlp / subgroup_aod
hmda_oh,mlp,soft,1002,subgroup_aod,0.0283289741767718,False,lower,joint_complete / hmda_oh / mlp / subgroup_aod
hmda_oh,mlp,erm,1003,subgroup_aod,0.0904516122341219,False,lower,joint_complete / hmda_oh / mlp / subgroup_aod
hmda_oh,mlp,soft,1003,subgroup_aod,0.0364754921655283,False,lower,joint_complete / hmda_oh / mlp / subgroup_aod
hmda_oh,mlp,erm,1004,subgroup_aod,0.1385985936324091,False,lower,joint_complete / hmda_oh / mlp / subgroup_aod
hmda_oh,mlp,soft,1004,subgroup_aod,0.0252483459942414,False,lower,joint_complete / hmda_oh / mlp / subgroup_aod
hmda_oh,mlp,erm,1005,subgroup_aod,0.0934866311132995,False,lower,joint_complete / hmda_oh / mlp / subgroup_aod
hmda_oh,mlp,soft,1005,subgroup_aod,0.0279510486969442,False,lower,joint_complete / hmda_oh / mlp / subgroup_aod
hmda_oh,mlp,erm,1006,subgroup_aod,0.1753266354751779,False,lower,joint_complete / hmda_oh / mlp / subgroup_aod
hmda_oh,mlp,soft,1006,subgroup_aod,0.0154631530147265,False,lower,joint_complete / hmda_oh / mlp / subgroup_aod
hmda_oh,mlp,erm,1007,subgroup_aod,0.105730510966863,False,lower,joint_complete / hmda_oh / mlp / subgroup_aod
hmda_oh,mlp,soft,1007,subgroup_aod,0.0257967204556593,False,lower,joint_complete / hmda_oh / mlp / subgroup_aod
hmda_oh,mlp,erm,1008,subgroup_aod,0.1245301868438112,False,lower,joint_complete / hmda_oh / mlp / subgroup_aod
hmda_oh,mlp,soft,1008,subgroup_aod,0.0150854566809769,False,lower,joint_complete / hmda_oh / mlp / subgroup_aod
hmda_oh,mlp,erm,1009,subgroup_aod,0.1442997411581403,False,lower,joint_complete / hmda_oh / mlp / subgroup_aod
hmda_oh,mlp,soft,1009,subgroup_aod,0.019842940588836,False,lower,joint_complete / hmda_oh / mlp / subgroup_aod
hmda_oh,mlp,hifi,1000,subgroup_dp,0.1562426457355649,False,lower,joint_complete / hmda_oh / mlp / subgroup_dp
hmda_oh,mlp,hifi,1001,subgroup_dp,0.0948122967780077,False,lower,joint_complete / hmda_oh / mlp / subgroup_dp
hmda_oh,mlp,hifi,1002,subgroup_dp,0.176073895649044,False,lower,joint_complete / hmda_oh / mlp / subgroup_dp
hmda_oh,mlp,hifi,1003,subgroup_dp,0.1614117419051178,False,lower,joint_complete / hmda_oh / mlp / subgroup_dp
hmda_oh,mlp,hifi,1004,subgroup_dp,0.1906287636529756,False,lower,joint_complete / hmda_oh / mlp / subgroup_dp
hmda_oh,mlp,hifi,1005,subgroup_dp,0.1591930239432456,False,lower,joint_complete / hmda_oh / mlp / subgroup_dp
hmda_oh,mlp,hifi,1006,subgroup_dp,0.1514064814430278,False,lower,joint_complete / hmda_oh / mlp / subgroup_dp
hmda_oh,mlp,hifi,1007,subgroup_dp,0.1285781524703406,False,lower,joint_complete / hmda_oh / mlp / subgroup_dp
hmda_oh,mlp,hifi,1008,subgroup_dp,0.1364030898293118,False,lower,joint_complete / hmda_oh / mlp / subgroup_dp
hmda_oh,mlp,hifi,1009,subgroup_dp,0.1981476007488423,False,lower,joint_complete / hmda_oh / mlp / subgroup_dp
hmda_oh,mlp,hifi_erm,1000,subgroup_dp,0.166032642551601,False,lower,joint_complete / hmda_oh / mlp / subgroup_dp
hmda_oh,mlp,hifi_erm,1001,subgroup_dp,0.308077971557132,False,lower,joint_complete / hmda_oh / mlp / subgroup_dp
hmda_oh,mlp,hifi_erm,1002,subgroup_dp,0.1818977809155972,False,lower,joint_complete / hmda_oh / mlp / subgroup_dp
hmda_oh,mlp,hifi_erm,1003,subgroup_dp,0.163134543239614,False,lower,joint_complete / hmda_oh / mlp / subgroup_dp
hmda_oh,mlp,hifi_erm,1004,subgroup_dp,0.2059014078657751,False,lower,joint_complete / hmda_oh / mlp / subgroup_dp
hmda_oh,mlp,hifi_erm,1005,subgroup_dp,0.2106842753713471,False,lower,joint_complete / hmda_oh / mlp / subgroup_dp
hmda_oh,mlp,hifi_erm,1006,subgroup_dp,0.1649653496239367,False,lower,joint_complete / hmda_oh / mlp / subgroup_dp
hmda_oh,mlp,hifi_erm,1007,subgroup_dp,0.1276001218212273,False,lower,joint_complete / hmda_oh / mlp / subgroup_dp
hmda_oh,mlp,hifi_erm,1008,subgroup_dp,0.139409167047358,False,lower,joint_complete / hmda_oh / mlp / subgroup_dp
hmda_oh,mlp,hifi_erm,1009,subgroup_dp,0.1971392912273787,False,lower,joint_complete / hmda_oh / mlp / subgroup_dp
hmda_oh,mlp,hifi_shared,1000,subgroup_dp,0.1603977186206515,False,lower,joint_complete / hmda_oh / mlp / subgroup_dp
hmda_oh,mlp,hifi_shared,1001,subgroup_dp,0.1767678260583965,False,lower,joint_complete / hmda_oh / mlp / subgroup_dp
hmda_oh,mlp,hifi_shared,1002,subgroup_dp,0.1674746280421716,False,lower,joint_complete / hmda_oh / mlp / subgroup_dp
hmda_oh,mlp,hifi_shared,1003,subgroup_dp,0.1443459125693829,False,lower,joint_complete / hmda_oh / mlp / subgroup_dp
hmda_oh,mlp,hifi_shared,1004,subgroup_dp,0.1657092652806515,False,lower,joint_complete / hmda_oh / mlp / subgroup_dp
hmda_oh,mlp,hifi_shared,1005,subgroup_dp,0.1488939186289574,False,lower,joint_complete / hmda_oh / mlp / subgroup_dp
hmda_oh,mlp,hifi_shared,1006,subgroup_dp,0.153653890366867,False,lower,joint_complete / hmda_oh / mlp / subgroup_dp
hmda_oh,mlp,hifi_shared,1007,subgroup_dp,0.1491214241140341,False,lower,joint_complete / hmda_oh / mlp / subgroup_dp
hmda_oh,mlp,hifi_shared,1008,subgroup_dp,0.1715029395342726,False,lower,joint_complete / hmda_oh / mlp / subgroup_dp
hmda_oh,mlp,hifi_shared,1009,subgroup_dp,0.2076953394423095,False,lower,joint_complete / hmda_oh / mlp / subgroup_dp
hmda_oh,mlp,reweighing,1000,subgroup_dp,0.0935675107563963,False,lower,joint_complete / hmda_oh / mlp / subgroup_dp
hmda_oh,mlp,reweighing,1001,subgroup_dp,0.0960947990641915,False,lower,joint_complete / hmda_oh / mlp / subgroup_dp
hmda_oh,mlp,reweighing,1002,subgroup_dp,0.1141820212171971,False,lower,joint_complete / hmda_oh / mlp / subgroup_dp
hmda_oh,mlp,reweighing,1003,subgroup_dp,0.1116645318093736,False,lower,joint_complete / hmda_oh / mlp / subgroup_dp
hmda_oh,mlp,reweighing,1004,subgroup_dp,0.0890399710973166,False,lower,joint_complete / hmda_oh / mlp / subgroup_dp
hmda_oh,mlp,reweighing,1005,subgroup_dp,0.0893010805662298,False,lower,joint_complete / hmda_oh / mlp / subgroup_dp
hmda_oh,mlp,reweighing,1006,subgroup_dp,0.0859725625372038,False,lower,joint_complete / hmda_oh / mlp / subgroup_dp
hmda_oh,mlp,reweighing,1007,subgroup_dp,0.1310276874568923,False,lower,joint_complete / hmda_oh / mlp / subgroup_dp
hmda_oh,mlp,reweighing,1008,subgroup_dp,0.1063881498998259,False,lower,joint_complete / hmda_oh / mlp / subgroup_dp
hmda_oh,mlp,reweighing,1009,subgroup_dp,0.088512119827789,False,lower,joint_complete / hmda_oh / mlp / subgroup_dp
hmda_oh,mlp,erm,1000,subgroup_dp,0.1571493832800365,False,lower,joint_complete / hmda_oh / mlp / subgroup_dp
hmda_oh,mlp,soft,1000,subgroup_dp,0.0368709940889018,False,lower,joint_complete / hmda_oh / mlp / subgroup_dp
hmda_oh,mlp,erm,1001,subgroup_dp,0.1538985778566032,False,lower,joint_complete / hmda_oh / mlp / subgroup_dp
hmda_oh,mlp,soft,1001,subgroup_dp,0.0558396557953164,False,lower,joint_complete / hmda_oh / mlp / subgroup_dp
hmda_oh,mlp,erm,1002,subgroup_dp,0.1604361677669393,False,lower,joint_complete / hmda_oh / mlp / subgroup_dp
hmda_oh,mlp,soft,1002,subgroup_dp,0.0339655795316451,False,lower,joint_complete / hmda_oh / mlp / subgroup_dp
hmda_oh,mlp,erm,1003,subgroup_dp,0.1300160935395933,False,lower,joint_complete / hmda_oh / mlp / subgroup_dp
hmda_oh,mlp,soft,1003,subgroup_dp,0.0633839130291982,False,lower,joint_complete / hmda_oh / mlp / subgroup_dp
hmda_oh,mlp,erm,1004,subgroup_dp,0.1757726541202745,False,lower,joint_complete / hmda_oh / mlp / subgroup_dp
hmda_oh,mlp,soft,1004,subgroup_dp,0.044275298058922,False,lower,joint_complete / hmda_oh / mlp / subgroup_dp
hmda_oh,mlp,erm,1005,subgroup_dp,0.1201434168085606,False,lower,joint_complete / hmda_oh / mlp / subgroup_dp
hmda_oh,mlp,soft,1005,subgroup_dp,0.0420139915262587,False,lower,joint_complete / hmda_oh / mlp / subgroup_dp
hmda_oh,mlp,erm,1006,subgroup_dp,0.1984896936472998,False,lower,joint_complete / hmda_oh / mlp / subgroup_dp
hmda_oh,mlp,soft,1006,subgroup_dp,0.0538296055440601,False,lower,joint_complete / hmda_oh / mlp / subgroup_dp
hmda_oh,mlp,erm,1007,subgroup_dp,0.1566623969520806,False,lower,joint_complete / hmda_oh / mlp / subgroup_dp
hmda_oh,mlp,soft,1007,subgroup_dp,0.0318908592549523,False,lower,joint_complete / hmda_oh / mlp / subgroup_dp
hmda_oh,mlp,erm,1008,subgroup_dp,0.1594229316517226,False,lower,joint_complete / hmda_oh / mlp / subgroup_dp
hmda_oh,mlp,soft,1008,subgroup_dp,0.0593605281308503,False,lower,joint_complete / hmda_oh / mlp / subgroup_dp
hmda_oh,mlp,erm,1009,subgroup_dp,0.1721797693702673,False,lower,joint_complete / hmda_oh / mlp / subgroup_dp
hmda_oh,mlp,soft,1009,subgroup_dp,0.0457828357473641,False,lower,joint_complete / hmda_oh / mlp / subgroup_dp
hmda_oh,mlp,erm,1000,subgroup_eomax,0.2038676236044657,False,lower,joint_complete / hmda_oh / mlp / subgroup_eomax
hmda_oh,mlp,soft,1000,subgroup_eomax,0.064316490403447,False,lower,joint_complete / hmda_oh / mlp / subgroup_eomax
hmda_oh,mlp,erm,1001,subgroup_eomax,0.1837719298245613,False,lower,joint_complete / hmda_oh / mlp / subgroup_eomax
hmda_oh,mlp,soft,1001,subgroup_eomax,0.0414823914823915,False,lower,joint_complete / hmda_oh / mlp / subgroup_eomax
hmda_oh,mlp,erm,1002,subgroup_eomax,0.1706140350877193,False,lower,joint_complete / hmda_oh / mlp / subgroup_eomax
hmda_oh,mlp,soft,1002,subgroup_eomax,0.0535056795926361,False,lower,joint_complete / hmda_oh / mlp / subgroup_eomax
hmda_oh,mlp,erm,1003,subgroup_eomax,0.1528309409888357,False,lower,joint_complete / hmda_oh / mlp / subgroup_eomax
hmda_oh,mlp,soft,1003,subgroup_eomax,0.0675438596491228,False,lower,joint_complete / hmda_oh / mlp / subgroup_eomax
hmda_oh,mlp,erm,1004,subgroup_eomax,0.1882879134595381,False,lower,joint_complete / hmda_oh / mlp / subgroup_eomax
hmda_oh,mlp,soft,1004,subgroup_eomax,0.0478652565609087,False,lower,joint_complete / hmda_oh / mlp / subgroup_eomax
hmda_oh,mlp,erm,1005,subgroup_eomax,0.1481259968102073,False,lower,joint_complete / hmda_oh / mlp / subgroup_eomax
hmda_oh,mlp,soft,1005,subgroup_eomax,0.0532706619663142,False,lower,joint_complete / hmda_oh / mlp / subgroup_eomax
hmda_oh,mlp,erm,1006,subgroup_eomax,0.2491626794258373,False,lower,joint_complete / hmda_oh / mlp / subgroup_eomax
hmda_oh,mlp,soft,1006,subgroup_eomax,0.0264925212293632,False,lower,joint_complete / hmda_oh / mlp / subgroup_eomax
hmda_oh,mlp,erm,1007,subgroup_eomax,0.1683014354066985,False,lower,joint_complete / hmda_oh / mlp / subgroup_eomax
hmda_oh,mlp,soft,1007,subgroup_eomax,0.0489620054837446,False,lower,joint_complete / hmda_oh / mlp / subgroup_eomax
hmda_oh,mlp,erm,1008,subgroup_eomax,0.1908154774287497,False,lower,joint_complete / hmda_oh / mlp / subgroup_eomax
hmda_oh,mlp,soft,1008,subgroup_eomax,0.028294323031165,False,lower,joint_complete / hmda_oh / mlp / subgroup_eomax
hmda_oh,mlp,erm,1009,subgroup_eomax,0.2039074960127592,False,lower,joint_complete / hmda_oh / mlp / subgroup_eomax
hmda_oh,mlp,soft,1009,subgroup_eomax,0.0370544457500979,False,lower,joint_complete / hmda_oh / mlp / subgroup_eomax
hmda_oh,mlp,hifi,1000,L_R,0.2832216266882739,False,lower,joint_complete / hmda_oh / mlp / L_R
hmda_oh,mlp,hifi,1001,L_R,0.428058737323517,False,lower,joint_complete / hmda_oh / mlp / L_R
hmda_oh,mlp,hifi,1002,L_R,0.3727043874013581,False,lower,joint_complete / hmda_oh / mlp / L_R
hmda_oh,mlp,hifi,1003,L_R,0.3651202461757968,False,lower,joint_complete / hmda_oh / mlp / L_R
hmda_oh,mlp,hifi,1004,L_R,0.4505004548916845,False,lower,joint_complete / hmda_oh / mlp / L_R
hmda_oh,mlp,hifi,1005,L_R,0.238854329420004,False,lower,joint_complete / hmda_oh / mlp / L_R
hmda_oh,mlp,hifi,1006,L_R,0.5028587591621779,False,lower,joint_complete / hmda_oh / mlp / L_R
hmda_oh,mlp,hifi,1007,L_R,0.4104992370733327,False,lower,joint_complete / hmda_oh / mlp / L_R
hmda_oh,mlp,hifi,1008,L_R,0.4973859219213207,False,lower,joint_complete / hmda_oh / mlp / L_R
hmda_oh,mlp,hifi,1009,L_R,0.4237548867678871,False,lower,joint_complete / hmda_oh / mlp / L_R
hmda_oh,mlp,hifi_erm,1000,L_R,0.4630910734755803,False,lower,joint_complete / hmda_oh / mlp / L_R
hmda_oh,mlp,hifi_erm,1001,L_R,0.2152800892040562,False,lower,joint_complete / hmda_oh / mlp / L_R
hmda_oh,mlp,hifi_erm,1002,L_R,0.4282782303388118,False,lower,joint_complete / hmda_oh / mlp / L_R
hmda_oh,mlp,hifi_erm,1003,L_R,0.4163725310324396,False,lower,joint_complete / hmda_oh / mlp / L_R
hmda_oh,mlp,hifi_erm,1004,L_R,0.4975072033183831,False,lower,joint_complete / hmda_oh / mlp / L_R
hmda_oh,mlp,hifi_erm,1005,L_R,0.4491470303335437,False,lower,joint_complete / hmda_oh / mlp / L_R
hmda_oh,mlp,hifi_erm,1006,L_R,0.4528436284301532,False,lower,joint_complete / hmda_oh / mlp / L_R
hmda_oh,mlp,hifi_erm,1007,L_R,0.4358701618186702,False,lower,joint_complete / hmda_oh / mlp / L_R
hmda_oh,mlp,hifi_erm,1008,L_R,0.4899534464497369,False,lower,joint_complete / hmda_oh / mlp / L_R
hmda_oh,mlp,hifi_erm,1009,L_R,0.4476994442728664,False,lower,joint_complete / hmda_oh / mlp / L_R
hmda_oh,mlp,hifi_shared,1000,L_R,0.2562316005599099,False,lower,joint_complete / hmda_oh / mlp / L_R
hmda_oh,mlp,hifi_shared,1001,L_R,0.1671852818697365,False,lower,joint_complete / hmda_oh / mlp / L_R
hmda_oh,mlp,hifi_shared,1002,L_R,0.2003568527699104,False,lower,joint_complete / hmda_oh / mlp / L_R
hmda_oh,mlp,hifi_shared,1003,L_R,0.2288382928520439,False,lower,joint_complete / hmda_oh / mlp / L_R
hmda_oh,mlp,hifi_shared,1004,L_R,0.1777082436386137,False,lower,joint_complete / hmda_oh / mlp / L_R
hmda_oh,mlp,hifi_shared,1005,L_R,0.1945978236901342,False,lower,joint_complete / hmda_oh / mlp / L_R
hmda_oh,mlp,hifi_shared,1006,L_R,0.279714901985846,False,lower,joint_complete / hmda_oh / mlp / L_R
hmda_oh,mlp,hifi_shared,1007,L_R,0.1830776559457214,False,lower,joint_complete / hmda_oh / mlp / L_R
hmda_oh,mlp,hifi_shared,1008,L_R,0.2546091517292779,False,lower,joint_complete / hmda_oh / mlp / L_R
hmda_oh,mlp,hifi_shared,1009,L_R,0.2207327281294273,False,lower,joint_complete / hmda_oh / mlp / L_R
hmda_oh,mlp,reweighing,1000,L_R,0.1736398148745435,False,lower,joint_complete / hmda_oh / mlp / L_R
hmda_oh,mlp,reweighing,1001,L_R,0.2091606115596201,False,lower,joint_complete / hmda_oh / mlp / L_R
hmda_oh,mlp,reweighing,1002,L_R,0.1992742805045363,False,lower,joint_complete / hmda_oh / mlp / L_R
hmda_oh,mlp,reweighing,1003,L_R,0.1996735888367449,False,lower,joint_complete / hmda_oh / mlp / L_R
hmda_oh,mlp,reweighing,1004,L_R,0.1866046147080049,False,lower,joint_complete / hmda_oh / mlp / L_R
hmda_oh,mlp,reweighing,1005,L_R,0.2163964909522333,False,lower,joint_complete / hmda_oh / mlp / L_R
hmda_oh,mlp,reweighing,1006,L_R,0.2729822448744467,False,lower,joint_complete / hmda_oh / mlp / L_R
hmda_oh,mlp,reweighing,1007,L_R,0.276718743620072,False,lower,joint_complete / hmda_oh / mlp / L_R
hmda_oh,mlp,reweighing,1008,L_R,0.2847495539568906,False,lower,joint_complete / hmda_oh / mlp / L_R
hmda_oh,mlp,reweighing,1009,L_R,0.1237909776719981,False,lower,joint_complete / hmda_oh / mlp / L_R
hmda_oh,mlp,erm,1000,L_R,0.2609266951677796,False,lower,joint_complete / hmda_oh / mlp / L_R
hmda_oh,mlp,soft,1000,L_R,0.0106656368681204,False,lower,joint_complete / hmda_oh / mlp / L_R
hmda_oh,mlp,erm,1001,L_R,0.3546223113097259,False,lower,joint_complete / hmda_oh / mlp / L_R
hmda_oh,mlp,soft,1001,L_R,0.010269162669739,False,lower,joint_complete / hmda_oh / mlp / L_R
hmda_oh,mlp,erm,1002,L_R,0.2416645854705001,False,lower,joint_complete / hmda_oh / mlp / L_R
hmda_oh,mlp,soft,1002,L_R,0.0100239470446107,False,lower,joint_complete / hmda_oh / mlp / L_R
hmda_oh,mlp,erm,1003,L_R,0.2123387563520495,False,lower,joint_complete / hmda_oh / mlp / L_R
hmda_oh,mlp,soft,1003,L_R,0.0099984817067275,False,lower,joint_complete / hmda_oh / mlp / L_R
hmda_oh,mlp,erm,1004,L_R,0.2231210319807544,False,lower,joint_complete / hmda_oh / mlp / L_R
hmda_oh,mlp,soft,1004,L_R,0.0114002737626554,False,lower,joint_complete / hmda_oh / mlp / L_R
hmda_oh,mlp,erm,1005,L_R,0.1600193473791916,False,lower,joint_complete / hmda_oh / mlp / L_R
hmda_oh,mlp,soft,1005,L_R,0.0072612714393028,False,lower,joint_complete / hmda_oh / mlp / L_R
hmda_oh,mlp,erm,1006,L_R,0.2338667883078986,False,lower,joint_complete / hmda_oh / mlp / L_R
hmda_oh,mlp,soft,1006,L_R,0.0072119409677613,False,lower,joint_complete / hmda_oh / mlp / L_R
hmda_oh,mlp,erm,1007,L_R,0.1861926240149601,False,lower,joint_complete / hmda_oh / mlp / L_R
hmda_oh,mlp,soft,1007,L_R,0.0081264680973827,False,lower,joint_complete / hmda_oh / mlp / L_R
hmda_oh,mlp,erm,1008,L_R,0.2323160527724259,False,lower,joint_complete / hmda_oh / mlp / L_R
hmda_oh,mlp,soft,1008,L_R,0.0072742926999498,False,lower,joint_complete / hmda_oh / mlp / L_R
hmda_oh,mlp,erm,1009,L_R,0.1872337978310234,False,lower,joint_complete / hmda_oh / mlp / L_R
hmda_oh,mlp,soft,1009,L_R,0.0079443594490101,False,lower,joint_complete / hmda_oh / mlp / L_R
hmda_oh,mlp,hifi,1000,violation_005,0.8576134608162962,False,lower,joint_complete / hmda_oh / mlp / violation_005
hmda_oh,mlp,hifi,1001,violation_005,0.9161789776003754,False,lower,joint_complete / hmda_oh / mlp / violation_005
hmda_oh,mlp,hifi,1002,violation_005,0.8918996370059866,False,lower,joint_complete / hmda_oh / mlp / violation_005
hmda_oh,mlp,hifi,1003,violation_005,0.8898029424706432,False,lower,joint_complete / hmda_oh / mlp / violation_005
hmda_oh,mlp,hifi,1004,violation_005,0.9158537240314378,False,lower,joint_complete / hmda_oh / mlp / violation_005
hmda_oh,mlp,hifi,1005,violation_005,0.8397248274408285,False,lower,joint_complete / hmda_oh / mlp / violation_005
hmda_oh,mlp,hifi,1006,violation_005,0.922498727454588,False,lower,joint_complete / hmda_oh / mlp / violation_005
hmda_oh,mlp,hifi,1007,violation_005,0.9065100290783844,False,lower,joint_complete / hmda_oh / mlp / violation_005
hmda_oh,mlp,hifi,1008,violation_005,0.9280796117213386,False,lower,joint_complete / hmda_oh / mlp / violation_005
hmda_oh,mlp,hifi,1009,violation_005,0.9125412013163396,False,lower,joint_complete / hmda_oh / mlp / violation_005
hmda_oh,mlp,hifi_erm,1000,violation_005,0.9136858617691463,False,lower,joint_complete / hmda_oh / mlp / violation_005
hmda_oh,mlp,hifi_erm,1001,violation_005,0.805232137462707,False,lower,joint_complete / hmda_oh / mlp / violation_005
hmda_oh,mlp,hifi_erm,1002,violation_005,0.9094963375430434,False,lower,joint_complete / hmda_oh / mlp / violation_005
hmda_oh,mlp,hifi_erm,1003,violation_005,0.9044829903821326,False,lower,joint_complete / hmda_oh / mlp / violation_005
hmda_oh,mlp,hifi_erm,1004,violation_005,0.9262152440084024,False,lower,joint_complete / hmda_oh / mlp / violation_005
hmda_oh,mlp,hifi_erm,1005,violation_005,0.9123583185327628,False,lower,joint_complete / hmda_oh / mlp / violation_005
hmda_oh,mlp,hifi_erm,1006,violation_005,0.9180634995870258,False,lower,joint_complete / hmda_oh / mlp / violation_005
hmda_oh,mlp,hifi_erm,1007,violation_005,0.9095190780852468,False,lower,joint_complete / hmda_oh / mlp / violation_005
hmda_oh,mlp,hifi_erm,1008,violation_005,0.9266498225067872,False,lower,joint_complete / hmda_oh / mlp / violation_005
hmda_oh,mlp,hifi_erm,1009,violation_005,0.9149357923231194,False,lower,joint_complete / hmda_oh / mlp / violation_005
hmda_oh,mlp,hifi_shared,1000,violation_005,0.840706704986136,False,lower,joint_complete / hmda_oh / mlp / violation_005
hmda_oh,mlp,hifi_shared,1001,violation_005,0.7707015842024867,False,lower,joint_complete / hmda_oh / mlp / violation_005
hmda_oh,mlp,hifi_shared,1002,violation_005,0.7938483584269611,False,lower,joint_complete / hmda_oh / mlp / violation_005
hmda_oh,mlp,hifi_shared,1003,violation_005,0.8320753220036929,False,lower,joint_complete / hmda_oh / mlp / violation_005
hmda_oh,mlp,hifi_shared,1004,violation_005,0.7852971838483137,False,lower,joint_complete / hmda_oh / mlp / violation_005
hmda_oh,mlp,hifi_shared,1005,violation_005,0.7960707485207492,False,lower,joint_complete / hmda_oh / mlp / violation_005
hmda_oh,mlp,hifi_shared,1006,violation_005,0.867669230980296,False,lower,joint_complete / hmda_oh / mlp / violation_005
hmda_oh,mlp,hifi_shared,1007,violation_005,0.7771867713405205,False,lower,joint_complete / hmda_oh / mlp / violation_005
hmda_oh,mlp,hifi_shared,1008,violation_005,0.8590033735937823,False,lower,joint_complete / hmda_oh / mlp / violation_005
hmda_oh,mlp,hifi_shared,1009,violation_005,0.8288632839097859,False,lower,joint_complete / hmda_oh / mlp / violation_005
hmda_oh,mlp,reweighing,1000,violation_005,0.781394722450716,False,lower,joint_complete / hmda_oh / mlp / violation_005
hmda_oh,mlp,reweighing,1001,violation_005,0.8199324173877895,False,lower,joint_complete / hmda_oh / mlp / violation_005
hmda_oh,mlp,reweighing,1002,violation_005,0.8068259518253289,False,lower,joint_complete / hmda_oh / mlp / violation_005
hmda_oh,mlp,reweighing,1003,violation_005,0.7995400069466994,False,lower,joint_complete / hmda_oh / mlp / violation_005
hmda_oh,mlp,reweighing,1004,violation_005,0.794516407973152,False,lower,joint_complete / hmda_oh / mlp / violation_005
hmda_oh,mlp,reweighing,1005,violation_005,0.8169028384558852,False,lower,joint_complete / hmda_oh / mlp / violation_005
hmda_oh,mlp,reweighing,1006,violation_005,0.8656160099802305,False,lower,joint_complete / hmda_oh / mlp / violation_005
hmda_oh,mlp,reweighing,1007,violation_005,0.8554302282291647,False,lower,joint_complete / hmda_oh / mlp / violation_005
hmda_oh,mlp,reweighing,1008,violation_005,0.8650578206966395,False,lower,joint_complete / hmda_oh / mlp / violation_005
hmda_oh,mlp,reweighing,1009,violation_005,0.7106266658869729,False,lower,joint_complete / hmda_oh / mlp / violation_005
hmda_oh,mlp,erm,1000,violation_005,0.845953235546004,False,lower,joint_complete / hmda_oh / mlp / violation_005
hmda_oh,mlp,soft,1000,violation_005,0.0037784746770105,False,lower,joint_complete / hmda_oh / mlp / violation_005
hmda_oh,mlp,erm,1001,violation_005,0.8875061939070445,False,lower,joint_complete / hmda_oh / mlp / violation_005
hmda_oh,mlp,soft,1001,violation_005,0.004182495713068,False,lower,joint_complete / hmda_oh / mlp / violation_005
hmda_oh,mlp,erm,1002,violation_005,0.8409027373548744,False,lower,joint_complete / hmda_oh / mlp / violation_005
hmda_oh,mlp,soft,1002,violation_005,0.0059228226409654,False,lower,joint_complete / hmda_oh / mlp / violation_005
hmda_oh,mlp,erm,1003,violation_005,0.8107814327425429,False,lower,joint_complete / hmda_oh / mlp / violation_005
hmda_oh,mlp,soft,1003,violation_005,0.0042126578695253,False,lower,joint_complete / hmda_oh / mlp / violation_005
hmda_oh,mlp,erm,1004,violation_005,0.8374036417575241,False,lower,joint_complete / hmda_oh / mlp / violation_005
hmda_oh,mlp,soft,1004,violation_005,0.0067104586248834,False,lower,joint_complete / hmda_oh / mlp / violation_005
hmda_oh,mlp,erm,1005,violation_005,0.7557516077675384,False,lower,joint_complete / hmda_oh / mlp / violation_005
hmda_oh,mlp,soft,1005,violation_005,0.0009370416893448,False,lower,joint_complete / hmda_oh / mlp / violation_005
hmda_oh,mlp,erm,1006,violation_005,0.8439650922446961,False,lower,joint_complete / hmda_oh / mlp / violation_005
hmda_oh,mlp,soft,1006,violation_005,0.0023286962281131,False,lower,joint_complete / hmda_oh / mlp / violation_005
hmda_oh,mlp,erm,1007,violation_005,0.7813649341498825,False,lower,joint_complete / hmda_oh / mlp / violation_005
hmda_oh,mlp,soft,1007,violation_005,0.0017804309793431,False,lower,joint_complete / hmda_oh / mlp / violation_005
hmda_oh,mlp,erm,1008,violation_005,0.8398868024311313,False,lower,joint_complete / hmda_oh / mlp / violation_005
hmda_oh,mlp,soft,1008,violation_005,0.0015999548784974,False,lower,joint_complete / hmda_oh / mlp / violation_005
hmda_oh,mlp,erm,1009,violation_005,0.8002426863833505,False,lower,joint_complete / hmda_oh / mlp / violation_005
hmda_oh,mlp,soft,1009,violation_005,0.0038243106466457,False,lower,joint_complete / hmda_oh / mlp / violation_005
hmda_oh,mlp,hifi,1000,P_R,0.0450352494952624,False,lower,joint_complete / hmda_oh / mlp / P_R
hmda_oh,mlp,hifi,1001,P_R,0.0419478792327597,False,lower,joint_complete / hmda_oh / mlp / P_R
hmda_oh,mlp,hifi,1002,P_R,0.0482859409033997,False,lower,joint_complete / hmda_oh / mlp / P_R
hmda_oh,mlp,hifi,1003,P_R,0.0450547857636823,False,lower,joint_complete / hmda_oh / mlp / P_R
hmda_oh,mlp,hifi,1004,P_R,0.0573988364305432,False,lower,joint_complete / hmda_oh / mlp / P_R
hmda_oh,mlp,hifi,1005,P_R,0.0402894690616227,False,lower,joint_complete / hmda_oh / mlp / P_R
hmda_oh,mlp,hifi,1006,P_R,0.0566535909560428,False,lower,joint_complete / hmda_oh / mlp / P_R
hmda_oh,mlp,hifi,1007,P_R,0.0486174191438156,False,lower,joint_complete / hmda_oh / mlp / P_R
hmda_oh,mlp,hifi,1008,P_R,0.0581897946770169,False,lower,joint_complete / hmda_oh / mlp / P_R
hmda_oh,mlp,hifi,1009,P_R,0.0569687549390248,False,lower,joint_complete / hmda_oh / mlp / P_R
hmda_oh,mlp,hifi_erm,1000,P_R,0.0665553166545244,False,lower,joint_complete / hmda_oh / mlp / P_R
hmda_oh,mlp,hifi_erm,1001,P_R,0.0419132278662816,False,lower,joint_complete / hmda_oh / mlp / P_R
hmda_oh,mlp,hifi_erm,1002,P_R,0.0505461437906643,False,lower,joint_complete / hmda_oh / mlp / P_R
hmda_oh,mlp,hifi_erm,1003,P_R,0.0521517940610732,False,lower,joint_complete / hmda_oh / mlp / P_R
hmda_oh,mlp,hifi_erm,1004,P_R,0.0601442384519582,False,lower,joint_complete / hmda_oh / mlp / P_R
hmda_oh,mlp,hifi_erm,1005,P_R,0.060831489462209,False,lower,joint_complete / hmda_oh / mlp / P_R
hmda_oh,mlp,hifi_erm,1006,P_R,0.0532128048078381,False,lower,joint_complete / hmda_oh / mlp / P_R
hmda_oh,mlp,hifi_erm,1007,P_R,0.0486153742888843,False,lower,joint_complete / hmda_oh / mlp / P_R
hmda_oh,mlp,hifi_erm,1008,P_R,0.0538306840928687,False,lower,joint_complete / hmda_oh / mlp / P_R
hmda_oh,mlp,hifi_erm,1009,P_R,0.0618656028844632,False,lower,joint_complete / hmda_oh / mlp / P_R
hmda_oh,mlp,hifi_shared,1000,P_R,0.0373086445918295,False,lower,joint_complete / hmda_oh / mlp / P_R
hmda_oh,mlp,hifi_shared,1001,P_R,0.0255135418117384,False,lower,joint_complete / hmda_oh / mlp / P_R
hmda_oh,mlp,hifi_shared,1002,P_R,0.0316059019689489,False,lower,joint_complete / hmda_oh / mlp / P_R
hmda_oh,mlp,hifi_shared,1003,P_R,0.0338221204771289,False,lower,joint_complete / hmda_oh / mlp / P_R
hmda_oh,mlp,hifi_shared,1004,P_R,0.0277407888861914,False,lower,joint_complete / hmda_oh / mlp / P_R
hmda_oh,mlp,hifi_shared,1005,P_R,0.0292912129740186,False,lower,joint_complete / hmda_oh / mlp / P_R
hmda_oh,mlp,hifi_shared,1006,P_R,0.0417145005554365,False,lower,joint_complete / hmda_oh / mlp / P_R
hmda_oh,mlp,hifi_shared,1007,P_R,0.0285072556330754,False,lower,joint_complete / hmda_oh / mlp / P_R
hmda_oh,mlp,hifi_shared,1008,P_R,0.0401501598904525,False,lower,joint_complete / hmda_oh / mlp / P_R
hmda_oh,mlp,hifi_shared,1009,P_R,0.0318503627677333,False,lower,joint_complete / hmda_oh / mlp / P_R
hmda_oh,mlp,reweighing,1000,P_R,0.0224359612494803,False,lower,joint_complete / hmda_oh / mlp / P_R
hmda_oh,mlp,reweighing,1001,P_R,0.0255352429459736,False,lower,joint_complete / hmda_oh / mlp / P_R
hmda_oh,mlp,reweighing,1002,P_R,0.0256171403131582,False,lower,joint_complete / hmda_oh / mlp / P_R
hmda_oh,mlp,reweighing,1003,P_R,0.0264684436528467,False,lower,joint_complete / hmda_oh / mlp / P_R
hmda_oh,mlp,reweighing,1004,P_R,0.0226128914691469,False,lower,joint_complete / hmda_oh / mlp / P_R
hmda_oh,mlp,reweighing,1005,P_R,0.028709083230703,False,lower,joint_complete / hmda_oh / mlp / P_R
hmda_oh,mlp,reweighing,1006,P_R,0.0353977738571079,False,lower,joint_complete / hmda_oh / mlp / P_R
hmda_oh,mlp,reweighing,1007,P_R,0.034579433354347,False,lower,joint_complete / hmda_oh / mlp / P_R
hmda_oh,mlp,reweighing,1008,P_R,0.0307362975734444,False,lower,joint_complete / hmda_oh / mlp / P_R
hmda_oh,mlp,reweighing,1009,P_R,0.0170862705778585,False,lower,joint_complete / hmda_oh / mlp / P_R
hmda_oh,mlp,erm,1000,P_R,0.0373812084340921,False,lower,joint_complete / hmda_oh / mlp / P_R
hmda_oh,mlp,soft,1000,P_R,0.0017982226177262,False,lower,joint_complete / hmda_oh / mlp / P_R
hmda_oh,mlp,erm,1001,P_R,0.0476571889344274,False,lower,joint_complete / hmda_oh / mlp / P_R
hmda_oh,mlp,soft,1001,P_R,0.0015078097721481,False,lower,joint_complete / hmda_oh / mlp / P_R
hmda_oh,mlp,erm,1002,P_R,0.0364610612247362,False,lower,joint_complete / hmda_oh / mlp / P_R
hmda_oh,mlp,soft,1002,P_R,0.0014353925731486,False,lower,joint_complete / hmda_oh / mlp / P_R
hmda_oh,mlp,erm,1003,P_R,0.0317723346079077,False,lower,joint_complete / hmda_oh / mlp / P_R
hmda_oh,mlp,soft,1003,P_R,0.0014350902303714,False,lower,joint_complete / hmda_oh / mlp / P_R
hmda_oh,mlp,erm,1004,P_R,0.0308805391248117,False,lower,joint_complete / hmda_oh / mlp / P_R
hmda_oh,mlp,soft,1004,P_R,0.0019575206656075,False,lower,joint_complete / hmda_oh / mlp / P_R
hmda_oh,mlp,erm,1005,P_R,0.024896507361885,False,lower,joint_complete / hmda_oh / mlp / P_R
hmda_oh,mlp,soft,1005,P_R,0.001190721386031,False,lower,joint_complete / hmda_oh / mlp / P_R
hmda_oh,mlp,erm,1006,P_R,0.038274988573056,False,lower,joint_complete / hmda_oh / mlp / P_R
hmda_oh,mlp,soft,1006,P_R,0.0013715094139592,False,lower,joint_complete / hmda_oh / mlp / P_R
hmda_oh,mlp,erm,1007,P_R,0.0292666802272971,False,lower,joint_complete / hmda_oh / mlp / P_R
hmda_oh,mlp,soft,1007,P_R,0.0012037292684924,False,lower,joint_complete / hmda_oh / mlp / P_R
hmda_oh,mlp,erm,1008,P_R,0.0330960846558561,False,lower,joint_complete / hmda_oh / mlp / P_R
hmda_oh,mlp,soft,1008,P_R,0.0011907251885168,False,lower,joint_complete / hmda_oh / mlp / P_R
hmda_oh,mlp,erm,1009,P_R,0.0327954830742727,False,lower,joint_complete / hmda_oh / mlp / P_R
hmda_oh,mlp,soft,1009,P_R,0.0011841767507042,False,lower,joint_complete / hmda_oh / mlp / P_R
hmda_oh,mlp,hifi,1000,decision_disagreement,0.1323399669431444,False,lower,joint_complete / hmda_oh / mlp / decision_disagreement
hmda_oh,mlp,hifi,1001,decision_disagreement,0.0799601511008457,False,lower,joint_complete / hmda_oh / mlp / decision_disagreement
hmda_oh,mlp,hifi,1002,decision_disagreement,0.1237614770335846,False,lower,joint_complete / hmda_oh / mlp / decision_disagreement
hmda_oh,mlp,hifi,1003,decision_disagreement,0.0993917938656628,False,lower,joint_complete / hmda_oh / mlp / decision_disagreement
hmda_oh,mlp,hifi,1004,decision_disagreement,0.1363994081646832,False,lower,joint_complete / hmda_oh / mlp / decision_disagreement
hmda_oh,mlp,hifi,1005,decision_disagreement,0.1343014715800602,False,lower,joint_complete / hmda_oh / mlp / decision_disagreement
hmda_oh,mlp,hifi,1006,decision_disagreement,0.1264836980455263,False,lower,joint_complete / hmda_oh / mlp / decision_disagreement
hmda_oh,mlp,hifi,1007,decision_disagreement,0.1094820124846967,False,lower,joint_complete / hmda_oh / mlp / decision_disagreement
hmda_oh,mlp,hifi,1008,decision_disagreement,0.1286552159055674,False,lower,joint_complete / hmda_oh / mlp / decision_disagreement
hmda_oh,mlp,hifi,1009,decision_disagreement,0.152194431698229,False,lower,joint_complete / hmda_oh / mlp / decision_disagreement
hmda_oh,mlp,hifi_erm,1000,decision_disagreement,0.1837872327013033,False,lower,joint_complete / hmda_oh / mlp / decision_disagreement
hmda_oh,mlp,hifi_erm,1001,decision_disagreement,0.2276750680902342,False,lower,joint_complete / hmda_oh / mlp / decision_disagreement
hmda_oh,mlp,hifi_erm,1002,decision_disagreement,0.1196059078916306,False,lower,joint_complete / hmda_oh / mlp / decision_disagreement
hmda_oh,mlp,hifi_erm,1003,decision_disagreement,0.1146268896762413,False,lower,joint_complete / hmda_oh / mlp / decision_disagreement
hmda_oh,mlp,hifi_erm,1004,decision_disagreement,0.1405494966157695,False,lower,joint_complete / hmda_oh / mlp / decision_disagreement
hmda_oh,mlp,hifi_erm,1005,decision_disagreement,0.1635829635282596,False,lower,joint_complete / hmda_oh / mlp / decision_disagreement
hmda_oh,mlp,hifi_erm,1006,decision_disagreement,0.1211614547887993,False,lower,joint_complete / hmda_oh / mlp / decision_disagreement
hmda_oh,mlp,hifi_erm,1007,decision_disagreement,0.0986719048651244,False,lower,joint_complete / hmda_oh / mlp / decision_disagreement
hmda_oh,mlp,hifi_erm,1008,decision_disagreement,0.1149564536378989,False,lower,joint_complete / hmda_oh / mlp / decision_disagreement
hmda_oh,mlp,hifi_erm,1009,decision_disagreement,0.1612401883411858,False,lower,joint_complete / hmda_oh / mlp / decision_disagreement
hmda_oh,mlp,hifi_shared,1000,decision_disagreement,0.100940988956755,False,lower,joint_complete / hmda_oh / mlp / decision_disagreement
hmda_oh,mlp,hifi_shared,1001,decision_disagreement,0.0782566591771936,False,lower,joint_complete / hmda_oh / mlp / decision_disagreement
hmda_oh,mlp,hifi_shared,1002,decision_disagreement,0.0823710986629106,False,lower,joint_complete / hmda_oh / mlp / decision_disagreement
hmda_oh,mlp,hifi_shared,1003,decision_disagreement,0.0906465220890037,False,lower,joint_complete / hmda_oh / mlp / decision_disagreement
hmda_oh,mlp,hifi_shared,1004,decision_disagreement,0.0798397908343039,False,lower,joint_complete / hmda_oh / mlp / decision_disagreement
hmda_oh,mlp,hifi_shared,1005,decision_disagreement,0.0843418308431413,False,lower,joint_complete / hmda_oh / mlp / decision_disagreement
hmda_oh,mlp,hifi_shared,1006,decision_disagreement,0.112435228972902,False,lower,joint_complete / hmda_oh / mlp / decision_disagreement
hmda_oh,mlp,hifi_shared,1007,decision_disagreement,0.079921804575275,False,lower,joint_complete / hmda_oh / mlp / decision_disagreement
hmda_oh,mlp,hifi_shared,1008,decision_disagreement,0.1170420608117999,False,lower,joint_complete / hmda_oh / mlp / decision_disagreement
hmda_oh,mlp,hifi_shared,1009,decision_disagreement,0.0877615180074236,False,lower,joint_complete / hmda_oh / mlp / decision_disagreement
hmda_oh,mlp,reweighing,1000,decision_disagreement,0.0482508623348795,False,lower,joint_complete / hmda_oh / mlp / decision_disagreement
hmda_oh,mlp,reweighing,1001,decision_disagreement,0.0472671047586077,False,lower,joint_complete / hmda_oh / mlp / decision_disagreement
hmda_oh,mlp,reweighing,1002,decision_disagreement,0.049220606887303,False,lower,joint_complete / hmda_oh / mlp / decision_disagreement
hmda_oh,mlp,reweighing,1003,decision_disagreement,0.0644116843932706,False,lower,joint_complete / hmda_oh / mlp / decision_disagreement
hmda_oh,mlp,reweighing,1004,decision_disagreement,0.0487282724269766,False,lower,joint_complete / hmda_oh / mlp / decision_disagreement
hmda_oh,mlp,reweighing,1005,decision_disagreement,0.068166654894944,False,lower,joint_complete / hmda_oh / mlp / decision_disagreement
hmda_oh,mlp,reweighing,1006,decision_disagreement,0.0779504866997302,False,lower,joint_complete / hmda_oh / mlp / decision_disagreement
hmda_oh,mlp,reweighing,1007,decision_disagreement,0.0773391103925709,False,lower,joint_complete / hmda_oh / mlp / decision_disagreement
hmda_oh,mlp,reweighing,1008,decision_disagreement,0.0557262913143228,False,lower,joint_complete / hmda_oh / mlp / decision_disagreement
hmda_oh,mlp,reweighing,1009,decision_disagreement,0.0465095835162778,False,lower,joint_complete / hmda_oh / mlp / decision_disagreement
hmda_oh,mlp,erm,1000,decision_disagreement,0.0997501093948706,False,lower,joint_complete / hmda_oh / mlp / decision_disagreement
hmda_oh,mlp,soft,1000,decision_disagreement,0.0051926092140888,False,lower,joint_complete / hmda_oh / mlp / decision_disagreement
hmda_oh,mlp,erm,1001,decision_disagreement,0.1146910121456207,False,lower,joint_complete / hmda_oh / mlp / decision_disagreement
hmda_oh,mlp,soft,1001,decision_disagreement,0.0047242684473461,False,lower,joint_complete / hmda_oh / mlp / decision_disagreement
hmda_oh,mlp,erm,1002,decision_disagreement,0.0837388393857411,False,lower,joint_complete / hmda_oh / mlp / decision_disagreement
hmda_oh,mlp,soft,1002,decision_disagreement,0.0046951255145668,False,lower,joint_complete / hmda_oh / mlp / decision_disagreement
hmda_oh,mlp,erm,1003,decision_disagreement,0.0776408950642495,False,lower,joint_complete / hmda_oh / mlp / decision_disagreement
hmda_oh,mlp,soft,1003,decision_disagreement,0.0042284083219925,False,lower,joint_complete / hmda_oh / mlp / decision_disagreement
hmda_oh,mlp,erm,1004,decision_disagreement,0.0775599470785847,False,lower,joint_complete / hmda_oh / mlp / decision_disagreement
hmda_oh,mlp,soft,1004,decision_disagreement,0.003712277557638,False,lower,joint_complete / hmda_oh / mlp / decision_disagreement
hmda_oh,mlp,erm,1005,decision_disagreement,0.0664717551332834,False,lower,joint_complete / hmda_oh / mlp / decision_disagreement
hmda_oh,mlp,soft,1005,decision_disagreement,0.0060774495765227,False,lower,joint_complete / hmda_oh / mlp / decision_disagreement
hmda_oh,mlp,erm,1006,decision_disagreement,0.111053183681341,False,lower,joint_complete / hmda_oh / mlp / decision_disagreement
hmda_oh,mlp,soft,1006,decision_disagreement,0.0047632872760081,False,lower,joint_complete / hmda_oh / mlp / decision_disagreement
hmda_oh,mlp,erm,1007,decision_disagreement,0.0835828216384559,False,lower,joint_complete / hmda_oh / mlp / decision_disagreement
hmda_oh,mlp,soft,1007,decision_disagreement,0.0038004841132533,False,lower,joint_complete / hmda_oh / mlp / decision_disagreement
hmda_oh,mlp,erm,1008,decision_disagreement,0.0779663117352906,False,lower,joint_complete / hmda_oh / mlp / decision_disagreement
hmda_oh,mlp,soft,1008,decision_disagreement,0.0036800890848477,False,lower,joint_complete / hmda_oh / mlp / decision_disagreement
hmda_oh,mlp,erm,1009,decision_disagreement,0.1021697098082739,False,lower,joint_complete / hmda_oh / mlp / decision_disagreement
hmda_oh,mlp,soft,1009,decision_disagreement,0.0050891408090613,False,lower,joint_complete / hmda_oh / mlp / decision_disagreement
hmda_oh,mlp,hifi,1000,opposite_005,0.1626523747504336,False,lower,joint_complete / hmda_oh / mlp / opposite_005
hmda_oh,mlp,hifi,1001,opposite_005,0.151409706557913,False,lower,joint_complete / hmda_oh / mlp / opposite_005
hmda_oh,mlp,hifi,1002,opposite_005,0.1626643219753197,False,lower,joint_complete / hmda_oh / mlp / opposite_005
hmda_oh,mlp,hifi,1003,opposite_005,0.1707633457920189,False,lower,joint_complete / hmda_oh / mlp / opposite_005
hmda_oh,mlp,hifi,1004,opposite_005,0.2043653246387103,False,lower,joint_complete / hmda_oh / mlp / opposite_005
hmda_oh,mlp,hifi,1005,opposite_005,0.1653095775821603,False,lower,joint_complete / hmda_oh / mlp / opposite_005
hmda_oh,mlp,hifi,1006,opposite_005,0.2189906668313953,False,lower,joint_complete / hmda_oh / mlp / opposite_005
hmda_oh,mlp,hifi,1007,opposite_005,0.1994901055561319,False,lower,joint_complete / hmda_oh / mlp / opposite_005
hmda_oh,mlp,hifi,1008,opposite_005,0.2076116155357227,False,lower,joint_complete / hmda_oh / mlp / opposite_005
hmda_oh,mlp,hifi,1009,opposite_005,0.2046554901248936,False,lower,joint_complete / hmda_oh / mlp / opposite_005
hmda_oh,mlp,hifi_erm,1000,opposite_005,0.2421741685336443,False,lower,joint_complete / hmda_oh / mlp / opposite_005
hmda_oh,mlp,hifi_erm,1001,opposite_005,0.1471615367999598,False,lower,joint_complete / hmda_oh / mlp / opposite_005
hmda_oh,mlp,hifi_erm,1002,opposite_005,0.1906046431359603,False,lower,joint_complete / hmda_oh / mlp / opposite_005
hmda_oh,mlp,hifi_erm,1003,opposite_005,0.1980753565832575,False,lower,joint_complete / hmda_oh / mlp / opposite_005
hmda_oh,mlp,hifi_erm,1004,opposite_005,0.2249585343020863,False,lower,joint_complete / hmda_oh / mlp / opposite_005
hmda_oh,mlp,hifi_erm,1005,opposite_005,0.2080326637608301,False,lower,joint_complete / hmda_oh / mlp / opposite_005
hmda_oh,mlp,hifi_erm,1006,opposite_005,0.2164108441347528,False,lower,joint_complete / hmda_oh / mlp / opposite_005
hmda_oh,mlp,hifi_erm,1007,opposite_005,0.2173190580489533,False,lower,joint_complete / hmda_oh / mlp / opposite_005
hmda_oh,mlp,hifi_erm,1008,opposite_005,0.206937118917585,False,lower,joint_complete / hmda_oh / mlp / opposite_005
hmda_oh,mlp,hifi_erm,1009,opposite_005,0.2226377284966608,False,lower,joint_complete / hmda_oh / mlp / opposite_005
hmda_oh,mlp,hifi_shared,1000,opposite_005,0.1232394719505678,False,lower,joint_complete / hmda_oh / mlp / opposite_005
hmda_oh,mlp,hifi_shared,1001,opposite_005,0.0846753880675582,False,lower,joint_complete / hmda_oh / mlp / opposite_005
hmda_oh,mlp,hifi_shared,1002,opposite_005,0.0991062960931593,False,lower,joint_complete / hmda_oh / mlp / opposite_005
hmda_oh,mlp,hifi_shared,1003,opposite_005,0.1142060385863317,False,lower,joint_complete / hmda_oh / mlp / opposite_005
hmda_oh,mlp,hifi_shared,1004,opposite_005,0.0821645259362164,False,lower,joint_complete / hmda_oh / mlp / opposite_005
hmda_oh,mlp,hifi_shared,1005,opposite_005,0.0979401561836814,False,lower,joint_complete / hmda_oh / mlp / opposite_005
hmda_oh,mlp,hifi_shared,1006,opposite_005,0.1409476302058838,False,lower,joint_complete / hmda_oh / mlp / opposite_005
hmda_oh,mlp,hifi_shared,1007,opposite_005,0.0735367624167136,False,lower,joint_complete / hmda_oh / mlp / opposite_005
hmda_oh,mlp,hifi_shared,1008,opposite_005,0.1800933850227927,False,lower,joint_complete / hmda_oh / mlp / opposite_005
hmda_oh,mlp,hifi_shared,1009,opposite_005,0.1204475571513968,False,lower,joint_complete / hmda_oh / mlp / opposite_005
hmda_oh,mlp,reweighing,1000,opposite_005,0.098640016149462,False,lower,joint_complete / hmda_oh / mlp / opposite_005
hmda_oh,mlp,reweighing,1001,opposite_005,0.1311825344708033,False,lower,joint_complete / hmda_oh / mlp / opposite_005
hmda_oh,mlp,reweighing,1002,opposite_005,0.1016134929816642,False,lower,joint_complete / hmda_oh / mlp / opposite_005
hmda_oh,mlp,reweighing,1003,opposite_005,0.0968324685350582,False,lower,joint_complete / hmda_oh / mlp / opposite_005
hmda_oh,mlp,reweighing,1004,opposite_005,0.0854110672317594,False,lower,joint_complete / hmda_oh / mlp / opposite_005
hmda_oh,mlp,reweighing,1005,opposite_005,0.1120941105705932,False,lower,joint_complete / hmda_oh / mlp / opposite_005
hmda_oh,mlp,reweighing,1006,opposite_005,0.1495323229740099,False,lower,joint_complete / hmda_oh / mlp / opposite_005
hmda_oh,mlp,reweighing,1007,opposite_005,0.1389056381494176,False,lower,joint_complete / hmda_oh / mlp / opposite_005
hmda_oh,mlp,reweighing,1008,opposite_005,0.1683106675723213,False,lower,joint_complete / hmda_oh / mlp / opposite_005
hmda_oh,mlp,reweighing,1009,opposite_005,0.0749920794999767,False,lower,joint_complete / hmda_oh / mlp / opposite_005
hmda_oh,mlp,erm,1000,opposite_005,0.142139786885465,False,lower,joint_complete / hmda_oh / mlp / opposite_005
hmda_oh,mlp,soft,1000,opposite_005,9.13575735428467e-05,False,lower,joint_complete / hmda_oh / mlp / opposite_005
hmda_oh,mlp,erm,1001,opposite_005,0.1746586220112857,False,lower,joint_complete / hmda_oh / mlp / opposite_005
hmda_oh,mlp,soft,1001,opposite_005,0.0001792302514776,False,lower,joint_complete / hmda_oh / mlp / opposite_005
hmda_oh,mlp,erm,1002,opposite_005,0.129666328493289,False,lower,joint_complete / hmda_oh / mlp / opposite_005
hmda_oh,mlp,soft,1002,opposite_005,0.0,False,lower,joint_complete / hmda_oh / mlp / opposite_005
hmda_oh,mlp,erm,1003,opposite_005,0.1064475231543435,False,lower,joint_complete / hmda_oh / mlp / opposite_005
hmda_oh,mlp,soft,1003,opposite_005,0.0,False,lower,joint_complete / hmda_oh / mlp / opposite_005
hmda_oh,mlp,erm,1004,opposite_005,0.119158811075889,False,lower,joint_complete / hmda_oh / mlp / opposite_005
hmda_oh,mlp,soft,1004,opposite_005,0.0001068376068376,False,lower,joint_complete / hmda_oh / mlp / opposite_005
hmda_oh,mlp,erm,1005,opposite_005,0.0749753799655806,False,lower,joint_complete / hmda_oh / mlp / opposite_005
hmda_oh,mlp,soft,1005,opposite_005,0.0,False,lower,joint_complete / hmda_oh / mlp / opposite_005
hmda_oh,mlp,erm,1006,opposite_005,0.1546665497306593,False,lower,joint_complete / hmda_oh / mlp / opposite_005
hmda_oh,mlp,soft,1006,opposite_005,0.0,False,lower,joint_complete / hmda_oh / mlp / opposite_005
hmda_oh,mlp,erm,1007,opposite_005,0.0836331085193764,False,lower,joint_complete / hmda_oh / mlp / opposite_005
hmda_oh,mlp,soft,1007,opposite_005,0.0,False,lower,joint_complete / hmda_oh / mlp / opposite_005
hmda_oh,mlp,erm,1008,opposite_005,0.1441757726553086,False,lower,joint_complete / hmda_oh / mlp / opposite_005
hmda_oh,mlp,soft,1008,opposite_005,8.481044864727334e-05,False,lower,joint_complete / hmda_oh / mlp / opposite_005
hmda_oh,mlp,erm,1009,opposite_005,0.1268268391192862,False,lower,joint_complete / hmda_oh / mlp / opposite_005
hmda_oh,mlp,soft,1009,opposite_005,0.0,False,lower,joint_complete / hmda_oh / mlp / opposite_005
hmda_oh,mlp,hifi,1000,L_third,0.1970660297798635,False,lower,joint_complete / hmda_oh / mlp / L_third
hmda_oh,mlp,hifi,1001,L_third,0.3095318814927213,False,lower,joint_complete / hmda_oh / mlp / L_third
hmda_oh,mlp,hifi,1002,L_third,0.2874329789914303,False,lower,joint_complete / hmda_oh / mlp / L_third
hmda_oh,mlp,hifi,1003,L_third,0.2409094322705718,False,lower,joint_complete / hmda_oh / mlp / L_third
hmda_oh,mlp,hifi,1004,L_third,0.3249293504808989,False,lower,joint_complete / hmda_oh / mlp / L_third
hmda_oh,mlp,hifi,1005,L_third,0.1530331435432847,False,lower,joint_complete / hmda_oh / mlp / L_third
hmda_oh,mlp,hifi,1006,L_third,0.3310965723914589,False,lower,joint_complete / hmda_oh / mlp / L_third
hmda_oh,mlp,hifi,1007,L_third,0.2713688748147775,False,lower,joint_complete / hmda_oh / mlp / L_third
hmda_oh,mlp,hifi,1008,L_third,0.3627278386054904,False,lower,joint_complete / hmda_oh / mlp / L_third
hmda_oh,mlp,hifi,1009,L_third,0.2878493419825055,False,lower,joint_complete / hmda_oh / mlp / L_third
hmda_oh,mlp,hifi_erm,1000,L_third,0.3786165074237561,False,lower,joint_complete / hmda_oh / mlp / L_third
hmda_oh,mlp,hifi_erm,1001,L_third,0.1096102826718485,False,lower,joint_complete / hmda_oh / mlp / L_third
hmda_oh,mlp,hifi_erm,1002,L_third,0.3122858277791657,False,lower,joint_complete / hmda_oh / mlp / L_third
hmda_oh,mlp,hifi_erm,1003,L_third,0.2942909361976137,False,lower,joint_complete / hmda_oh / mlp / L_third
hmda_oh,mlp,hifi_erm,1004,L_third,0.370522501543883,False,lower,joint_complete / hmda_oh / mlp / L_third
hmda_oh,mlp,hifi_erm,1005,L_third,0.2836276284213445,False,lower,joint_complete / hmda_oh / mlp / L_third
hmda_oh,mlp,hifi_erm,1006,L_third,0.3207438823105513,False,lower,joint_complete / hmda_oh / mlp / L_third
hmda_oh,mlp,hifi_erm,1007,L_third,0.305148545412722,False,lower,joint_complete / hmda_oh / mlp / L_third
hmda_oh,mlp,hifi_erm,1008,L_third,0.3492253836498243,False,lower,joint_complete / hmda_oh / mlp / L_third
hmda_oh,mlp,hifi_erm,1009,L_third,0.3446791363994364,False,lower,joint_complete / hmda_oh / mlp / L_third
hmda_oh,mlp,hifi_shared,1000,L_third,0.1780501025572065,False,lower,joint_complete / hmda_oh / mlp / L_third
hmda_oh,mlp,hifi_shared,1001,L_third,0.1001181978265687,False,lower,joint_complete / hmda_oh / mlp / L_third
hmda_oh,mlp,hifi_shared,1002,L_third,0.1263742122571354,False,lower,joint_complete / hmda_oh / mlp / L_third
hmda_oh,mlp,hifi_shared,1003,L_third,0.1430775409789745,False,lower,joint_complete / hmda_oh / mlp / L_third
hmda_oh,mlp,hifi_shared,1004,L_third,0.117559029505234,False,lower,joint_complete / hmda_oh / mlp / L_third
hmda_oh,mlp,hifi_shared,1005,L_third,0.1042484749610929,False,lower,joint_complete / hmda_oh / mlp / L_third
hmda_oh,mlp,hifi_shared,1006,L_third,0.1842499916133154,False,lower,joint_complete / hmda_oh / mlp / L_third
hmda_oh,mlp,hifi_shared,1007,L_third,0.120336510996793,False,lower,joint_complete / hmda_oh / mlp / L_third
hmda_oh,mlp,hifi_shared,1008,L_third,0.1743114964119443,False,lower,joint_complete / hmda_oh / mlp / L_third
hmda_oh,mlp,hifi_shared,1009,L_third,0.1369468581055349,False,lower,joint_complete / hmda_oh / mlp / L_third
hmda_oh,mlp,reweighing,1000,L_third,0.1176908117156463,False,lower,joint_complete / hmda_oh / mlp / L_third
hmda_oh,mlp,reweighing,1001,L_third,0.1273589639954866,False,lower,joint_complete / hmda_oh / mlp / L_third
hmda_oh,mlp,reweighing,1002,L_third,0.1197790493439154,False,lower,joint_complete / hmda_oh / mlp / L_third
hmda_oh,mlp,reweighing,1003,L_third,0.1104561733870024,False,lower,joint_complete / hmda_oh / mlp / L_third
hmda_oh,mlp,reweighing,1004,L_third,0.1287998016565916,False,lower,joint_complete / hmda_oh / mlp / L_third
hmda_oh,mlp,reweighing,1005,L_third,0.139145141414291,False,lower,joint_complete / hmda_oh / mlp / L_third
hmda_oh,mlp,reweighing,1006,L_third,0.1962351760473606,False,lower,joint_complete / hmda_oh / mlp / L_third
hmda_oh,mlp,reweighing,1007,L_third,0.2056545934122352,False,lower,joint_complete / hmda_oh / mlp / L_third
hmda_oh,mlp,reweighing,1008,L_third,0.1661167623755455,False,lower,joint_complete / hmda_oh / mlp / L_third
hmda_oh,mlp,reweighing,1009,L_third,0.0783990985520575,False,lower,joint_complete / hmda_oh / mlp / L_third
hmda_oh,mlp,erm,1000,L_third,0.181328201278471,False,lower,joint_complete / hmda_oh / mlp / L_third
hmda_oh,mlp,soft,1000,L_third,0.0060561747560529,False,lower,joint_complete / hmda_oh / mlp / L_third
hmda_oh,mlp,erm,1001,L_third,0.2330111609920022,False,lower,joint_complete / hmda_oh / mlp / L_third
hmda_oh,mlp,soft,1001,L_third,0.006711374214009,False,lower,joint_complete / hmda_oh / mlp / L_third
hmda_oh,mlp,erm,1002,L_third,0.1495544223277807,False,lower,joint_complete / hmda_oh / mlp / L_third
hmda_oh,mlp,soft,1002,L_third,0.0055848856702507,False,lower,joint_complete / hmda_oh / mlp / L_third
hmda_oh,mlp,erm,1003,L_third,0.1329787078437732,False,lower,joint_complete / hmda_oh / mlp / L_third
hmda_oh,mlp,soft,1003,L_third,0.005812846400495,False,lower,joint_complete / hmda_oh / mlp / L_third
hmda_oh,mlp,erm,1004,L_third,0.15605300152471,False,lower,joint_complete / hmda_oh / mlp / L_third
hmda_oh,mlp,soft,1004,L_third,0.0075141531779635,False,lower,joint_complete / hmda_oh / mlp / L_third
hmda_oh,mlp,erm,1005,L_third,0.0954360512671436,False,lower,joint_complete / hmda_oh / mlp / L_third
hmda_oh,mlp,soft,1005,L_third,0.0032139648010681,False,lower,joint_complete / hmda_oh / mlp / L_third
hmda_oh,mlp,erm,1006,L_third,0.1683919627629826,False,lower,joint_complete / hmda_oh / mlp / L_third
hmda_oh,mlp,soft,1006,L_third,0.0018745443808363,False,lower,joint_complete / hmda_oh / mlp / L_third
hmda_oh,mlp,erm,1007,L_third,0.1365162227744984,False,lower,joint_complete / hmda_oh / mlp / L_third
hmda_oh,mlp,soft,1007,L_third,0.0041140566725103,False,lower,joint_complete / hmda_oh / mlp / L_third
hmda_oh,mlp,erm,1008,L_third,0.141696013501777,False,lower,joint_complete / hmda_oh / mlp / L_third
hmda_oh,mlp,soft,1008,L_third,0.0024502355044904,False,lower,joint_complete / hmda_oh / mlp / L_third
hmda_oh,mlp,erm,1009,L_third,0.1181124148607439,False,lower,joint_complete / hmda_oh / mlp / L_third
hmda_oh,mlp,soft,1009,L_third,0.0029227688935902,False,lower,joint_complete / hmda_oh / mlp / L_third
hmda_oh,mlp,hifi,1000,direction_adverse_005,0.459645057183205,False,lower,joint_complete / hmda_oh / mlp / direction_adverse_005
hmda_oh,mlp,hifi,1001,direction_adverse_005,0.4673179322111184,False,lower,joint_complete / hmda_oh / mlp / direction_adverse_005
hmda_oh,mlp,hifi,1002,direction_adverse_005,0.4559383885842968,False,lower,joint_complete / hmda_oh / mlp / direction_adverse_005
hmda_oh,mlp,hifi,1003,direction_adverse_005,0.4402846223370512,False,lower,joint_complete / hmda_oh / mlp / direction_adverse_005
hmda_oh,mlp,hifi,1004,direction_adverse_005,0.4221047839059142,False,lower,joint_complete / hmda_oh / mlp / direction_adverse_005
hmda_oh,mlp,hifi,1005,direction_adverse_005,0.4928948763364288,False,lower,joint_complete / hmda_oh / mlp / direction_adverse_005
hmda_oh,mlp,hifi,1006,direction_adverse_005,0.5503812922562854,False,lower,joint_complete / hmda_oh / mlp / direction_adverse_005
hmda_oh,mlp,hifi,1007,direction_adverse_005,0.46767655444945,False,lower,joint_complete / hmda_oh / mlp / direction_adverse_005
hmda_oh,mlp,hifi,1008,direction_adverse_005,0.5031765229657434,False,lower,joint_complete / hmda_oh / mlp / direction_adverse_005
hmda_oh,mlp,hifi,1009,direction_adverse_005,0.4797099063659798,False,lower,joint_complete / hmda_oh / mlp / direction_adverse_005
hmda_oh,mlp,hifi_erm,1000,direction_adverse_005,0.5767770851665398,False,lower,joint_complete / hmda_oh / mlp / direction_adverse_005
hmda_oh,mlp,hifi_erm,1001,direction_adverse_005,0.4174893856421587,False,lower,joint_complete / hmda_oh / mlp / direction_adverse_005
hmda_oh,mlp,hifi_erm,1002,direction_adverse_005,0.4843595955052949,False,lower,joint_complete / hmda_oh / mlp / direction_adverse_005
hmda_oh,mlp,hifi_erm,1003,direction_adverse_005,0.4733228337524849,False,lower,joint_complete / hmda_oh / mlp / direction_adverse_005
hmda_oh,mlp,hifi_erm,1004,direction_adverse_005,0.4112498365639382,False,lower,joint_complete / hmda_oh / mlp / direction_adverse_005
hmda_oh,mlp,hifi_erm,1005,direction_adverse_005,0.524504143798188,False,lower,joint_complete / hmda_oh / mlp / direction_adverse_005
hmda_oh,mlp,hifi_erm,1006,direction_adverse_005,0.5551705741177486,False,lower,joint_complete / hmda_oh / mlp / direction_adverse_005
hmda_oh,mlp,hifi_erm,1007,direction_adverse_005,0.4943657878786381,False,lower,joint_complete / hmda_oh / mlp / direction_adverse_005
hmda_oh,mlp,hifi_erm,1008,direction_adverse_005,0.5228779212370728,False,lower,joint_complete / hmda_oh / mlp / direction_adverse_005
hmda_oh,mlp,hifi_erm,1009,direction_adverse_005,0.538254004271771,False,lower,joint_complete / hmda_oh / mlp / direction_adverse_005
hmda_oh,mlp,hifi_shared,1000,direction_adverse_005,0.3310019136060128,False,lower,joint_complete / hmda_oh / mlp / direction_adverse_005
hmda_oh,mlp,hifi_shared,1001,direction_adverse_005,0.3024264256583031,False,lower,joint_complete / hmda_oh / mlp / direction_adverse_005
hmda_oh,mlp,hifi_shared,1002,direction_adverse_005,0.2925370303271218,False,lower,joint_complete / hmda_oh / mlp / direction_adverse_005
hmda_oh,mlp,hifi_shared,1003,direction_adverse_005,0.3610830876363259,False,lower,joint_complete / hmda_oh / mlp / direction_adverse_005
hmda_oh,mlp,hifi_shared,1004,direction_adverse_005,0.3158024919081097,False,lower,joint_complete / hmda_oh / mlp / direction_adverse_005
hmda_oh,mlp,hifi_shared,1005,direction_adverse_005,0.3171230504252162,False,lower,joint_complete / hmda_oh / mlp / direction_adverse_005
hmda_oh,mlp,hifi_shared,1006,direction_adverse_005,0.3963852359997475,False,lower,joint_complete / hmda_oh / mlp / direction_adverse_005
hmda_oh,mlp,hifi_shared,1007,direction_adverse_005,0.287633874465828,False,lower,joint_complete / hmda_oh / mlp / direction_adverse_005
hmda_oh,mlp,hifi_shared,1008,direction_adverse_005,0.4520650523987086,False,lower,joint_complete / hmda_oh / mlp / direction_adverse_005
hmda_oh,mlp,hifi_shared,1009,direction_adverse_005,0.3642914401642364,False,lower,joint_complete / hmda_oh / mlp / direction_adverse_005
hmda_oh,mlp,reweighing,1000,direction_adverse_005,0.3786928834530945,False,lower,joint_complete / hmda_oh / mlp / direction_adverse_005
hmda_oh,mlp,reweighing,1001,direction_adverse_005,0.3343111586408461,False,lower,joint_complete / hmda_oh / mlp / direction_adverse_005
hmda_oh,mlp,reweighing,1002,direction_adverse_005,0.3030149716258308,False,lower,joint_complete / hmda_oh / mlp / direction_adverse_005
hmda_oh,mlp,reweighing,1003,direction_adverse_005,0.3769966775382269,False,lower,joint_complete / hmda_oh / mlp / direction_adverse_005
hmda_oh,mlp,reweighing,1004,direction_adverse_005,0.2873683450713108,False,lower,joint_complete / hmda_oh / mlp / direction_adverse_005
hmda_oh,mlp,reweighing,1005,direction_adverse_005,0.3402594224540256,False,lower,joint_complete / hmda_oh / mlp / direction_adverse_005
hmda_oh,mlp,reweighing,1006,direction_adverse_005,0.3879406403753859,False,lower,joint_complete / hmda_oh / mlp / direction_adverse_005
hmda_oh,mlp,reweighing,1007,direction_adverse_005,0.4109027807526653,False,lower,joint_complete / hmda_oh / mlp / direction_adverse_005
hmda_oh,mlp,reweighing,1008,direction_adverse_005,0.3617743797822098,False,lower,joint_complete / hmda_oh / mlp / direction_adverse_005
hmda_oh,mlp,reweighing,1009,direction_adverse_005,0.3663931062043313,False,lower,joint_complete / hmda_oh / mlp / direction_adverse_005
hmda_oh,mlp,erm,1000,direction_adverse_005,0.3526357457565836,False,lower,joint_complete / hmda_oh / mlp / direction_adverse_005
hmda_oh,mlp,soft,1000,direction_adverse_005,0.0087994815073179,False,lower,joint_complete / hmda_oh / mlp / direction_adverse_005
hmda_oh,mlp,erm,1001,direction_adverse_005,0.4676796740322708,False,lower,joint_complete / hmda_oh / mlp / direction_adverse_005
hmda_oh,mlp,soft,1001,direction_adverse_005,0.0169082302260658,False,lower,joint_complete / hmda_oh / mlp / direction_adverse_005
hmda_oh,mlp,erm,1002,direction_adverse_005,0.3866802729287556,False,lower,joint_complete / hmda_oh / mlp / direction_adverse_005
hmda_oh,mlp,soft,1002,direction_adverse_005,0.0158819815922051,False,lower,joint_complete / hmda_oh / mlp / direction_adverse_005
hmda_oh,mlp,erm,1003,direction_adverse_005,0.3478988773186177,False,lower,joint_complete / hmda_oh / mlp / direction_adverse_005
hmda_oh,mlp,soft,1003,direction_adverse_005,0.0170243712453433,False,lower,joint_complete / hmda_oh / mlp / direction_adverse_005
hmda_oh,mlp,erm,1004,direction_adverse_005,0.3064027735476784,False,lower,joint_complete / hmda_oh / mlp / direction_adverse_005
hmda_oh,mlp,soft,1004,direction_adverse_005,0.0061978744069044,False,lower,joint_complete / hmda_oh / mlp / direction_adverse_005
hmda_oh,mlp,erm,1005,direction_adverse_005,0.3023111266757371,False,lower,joint_complete / hmda_oh / mlp / direction_adverse_005
hmda_oh,mlp,soft,1005,direction_adverse_005,0.0124888708787394,False,lower,joint_complete / hmda_oh / mlp / direction_adverse_005
hmda_oh,mlp,erm,1006,direction_adverse_005,0.3961292957528062,False,lower,joint_complete / hmda_oh / mlp / direction_adverse_005
hmda_oh,mlp,soft,1006,direction_adverse_005,0.0176172848951958,False,lower,joint_complete / hmda_oh / mlp / direction_adverse_005
hmda_oh,mlp,erm,1007,direction_adverse_005,0.3150442148063027,False,lower,joint_complete / hmda_oh / mlp / direction_adverse_005
hmda_oh,mlp,soft,1007,direction_adverse_005,0.0216945623273731,False,lower,joint_complete / hmda_oh / mlp / direction_adverse_005
hmda_oh,mlp,erm,1008,direction_adverse_005,0.4024578709651993,False,lower,joint_complete / hmda_oh / mlp / direction_adverse_005
hmda_oh,mlp,soft,1008,direction_adverse_005,0.0193569284566301,False,lower,joint_complete / hmda_oh / mlp / direction_adverse_005
hmda_oh,mlp,erm,1009,direction_adverse_005,0.3393345234024715,False,lower,joint_complete / hmda_oh / mlp / direction_adverse_005
hmda_oh,mlp,soft,1009,direction_adverse_005,0.0131554223993383,False,lower,joint_complete / hmda_oh / mlp / direction_adverse_005
hmda_oh,mlp,hifi,1000,direction_both_adverse_005,0.1845005614273435,False,lower,joint_complete / hmda_oh / mlp / direction_both_adverse_005
hmda_oh,mlp,hifi,1001,direction_both_adverse_005,0.1548892253801425,False,lower,joint_complete / hmda_oh / mlp / direction_both_adverse_005
hmda_oh,mlp,hifi,1002,direction_both_adverse_005,0.1922475953636984,False,lower,joint_complete / hmda_oh / mlp / direction_both_adverse_005
hmda_oh,mlp,hifi,1003,direction_both_adverse_005,0.1641880245158264,False,lower,joint_complete / hmda_oh / mlp / direction_both_adverse_005
hmda_oh,mlp,hifi,1004,direction_both_adverse_005,0.1372838238511961,False,lower,joint_complete / hmda_oh / mlp / direction_both_adverse_005
hmda_oh,mlp,hifi,1005,direction_both_adverse_005,0.2391009842942839,False,lower,joint_complete / hmda_oh / mlp / direction_both_adverse_005
hmda_oh,mlp,hifi,1006,direction_both_adverse_005,0.1980539519850685,False,lower,joint_complete / hmda_oh / mlp / direction_both_adverse_005
hmda_oh,mlp,hifi,1007,direction_both_adverse_005,0.2036832966643895,False,lower,joint_complete / hmda_oh / mlp / direction_both_adverse_005
hmda_oh,mlp,hifi,1008,direction_both_adverse_005,0.1507241104761665,False,lower,joint_complete / hmda_oh / mlp / direction_both_adverse_005
hmda_oh,mlp,hifi,1009,direction_both_adverse_005,0.1660163525121205,False,lower,joint_complete / hmda_oh / mlp / direction_both_adverse_005
hmda_oh,mlp,hifi_erm,1000,direction_both_adverse_005,0.2067696892875869,False,lower,joint_complete / hmda_oh / mlp / direction_both_adverse_005
hmda_oh,mlp,hifi_erm,1001,direction_both_adverse_005,0.15949618044227,False,lower,joint_complete / hmda_oh / mlp / direction_both_adverse_005
hmda_oh,mlp,hifi_erm,1002,direction_both_adverse_005,0.172813138905023,False,lower,joint_complete / hmda_oh / mlp / direction_both_adverse_005
hmda_oh,mlp,hifi_erm,1003,direction_both_adverse_005,0.1629127192538496,False,lower,joint_complete / hmda_oh / mlp / direction_both_adverse_005
hmda_oh,mlp,hifi_erm,1004,direction_both_adverse_005,0.125417688335951,False,lower,joint_complete / hmda_oh / mlp / direction_both_adverse_005
hmda_oh,mlp,hifi_erm,1005,direction_both_adverse_005,0.2084233807730639,False,lower,joint_complete / hmda_oh / mlp / direction_both_adverse_005
hmda_oh,mlp,hifi_erm,1006,direction_both_adverse_005,0.1852578629354098,False,lower,joint_complete / hmda_oh / mlp / direction_both_adverse_005
hmda_oh,mlp,hifi_erm,1007,direction_both_adverse_005,0.1880171659214453,False,lower,joint_complete / hmda_oh / mlp / direction_both_adverse_005
hmda_oh,mlp,hifi_erm,1008,direction_both_adverse_005,0.1667433722464674,False,lower,joint_complete / hmda_oh / mlp / direction_both_adverse_005
hmda_oh,mlp,hifi_erm,1009,direction_both_adverse_005,0.1903194655574988,False,lower,joint_complete / hmda_oh / mlp / direction_both_adverse_005
hmda_oh,mlp,hifi_shared,1000,direction_both_adverse_005,0.1316264526713877,False,lower,joint_complete / hmda_oh / mlp / direction_both_adverse_005
hmda_oh,mlp,hifi_shared,1001,direction_both_adverse_005,0.1317053007425725,False,lower,joint_complete / hmda_oh / mlp / direction_both_adverse_005
hmda_oh,mlp,hifi_shared,1002,direction_both_adverse_005,0.1452133509915955,False,lower,joint_complete / hmda_oh / mlp / direction_both_adverse_005
hmda_oh,mlp,hifi_shared,1003,direction_both_adverse_005,0.1613970230213613,False,lower,joint_complete / hmda_oh / mlp / direction_both_adverse_005
hmda_oh,mlp,hifi_shared,1004,direction_both_adverse_005,0.1510947466209894,False,lower,joint_complete / hmda_oh / mlp / direction_both_adverse_005
hmda_oh,mlp,hifi_shared,1005,direction_both_adverse_005,0.1616359976262376,False,lower,joint_complete / hmda_oh / mlp / direction_both_adverse_005
hmda_oh,mlp,hifi_shared,1006,direction_both_adverse_005,0.1728303694948363,False,lower,joint_complete / hmda_oh / mlp / direction_both_adverse_005
hmda_oh,mlp,hifi_shared,1007,direction_both_adverse_005,0.1447610272084055,False,lower,joint_complete / hmda_oh / mlp / direction_both_adverse_005
hmda_oh,mlp,hifi_shared,1008,direction_both_adverse_005,0.1574273047950808,False,lower,joint_complete / hmda_oh / mlp / direction_both_adverse_005
hmda_oh,mlp,hifi_shared,1009,direction_both_adverse_005,0.1330439991862376,False,lower,joint_complete / hmda_oh / mlp / direction_both_adverse_005
hmda_oh,mlp,reweighing,1000,direction_both_adverse_005,0.1727995408160743,False,lower,joint_complete / hmda_oh / mlp / direction_both_adverse_005
hmda_oh,mlp,reweighing,1001,direction_both_adverse_005,0.1199881561729214,False,lower,joint_complete / hmda_oh / mlp / direction_both_adverse_005
hmda_oh,mlp,reweighing,1002,direction_both_adverse_005,0.1293994973807545,False,lower,joint_complete / hmda_oh / mlp / direction_both_adverse_005
hmda_oh,mlp,reweighing,1003,direction_both_adverse_005,0.179610522156474,False,lower,joint_complete / hmda_oh / mlp / direction_both_adverse_005
hmda_oh,mlp,reweighing,1004,direction_both_adverse_005,0.1325839237678365,False,lower,joint_complete / hmda_oh / mlp / direction_both_adverse_005
hmda_oh,mlp,reweighing,1005,direction_both_adverse_005,0.1424963036812444,False,lower,joint_complete / hmda_oh / mlp / direction_both_adverse_005
hmda_oh,mlp,reweighing,1006,direction_both_adverse_005,0.1629520323743651,False,lower,joint_complete / hmda_oh / mlp / direction_both_adverse_005
hmda_oh,mlp,reweighing,1007,direction_both_adverse_005,0.1855171460395326,False,lower,joint_complete / hmda_oh / mlp / direction_both_adverse_005
hmda_oh,mlp,reweighing,1008,direction_both_adverse_005,0.1183233192626945,False,lower,joint_complete / hmda_oh / mlp / direction_both_adverse_005
hmda_oh,mlp,reweighing,1009,direction_both_adverse_005,0.1425174785440624,False,lower,joint_complete / hmda_oh / mlp / direction_both_adverse_005
hmda_oh,mlp,erm,1000,direction_both_adverse_005,0.1358717739229796,False,lower,joint_complete / hmda_oh / mlp / direction_both_adverse_005
hmda_oh,mlp,soft,1000,direction_both_adverse_005,0.0056845746750197,False,lower,joint_complete / hmda_oh / mlp / direction_both_adverse_005
hmda_oh,mlp,erm,1001,direction_both_adverse_005,0.1643861272197216,False,lower,joint_complete / hmda_oh / mlp / direction_both_adverse_005
hmda_oh,mlp,soft,1001,direction_both_adverse_005,0.0105206999434577,False,lower,joint_complete / hmda_oh / mlp / direction_both_adverse_005
hmda_oh,mlp,erm,1002,direction_both_adverse_005,0.1653622639660728,False,lower,joint_complete / hmda_oh / mlp / direction_both_adverse_005
hmda_oh,mlp,soft,1002,direction_both_adverse_005,0.0124848819316066,False,lower,joint_complete / hmda_oh / mlp / direction_both_adverse_005
hmda_oh,mlp,erm,1003,direction_both_adverse_005,0.1475375731241985,False,lower,joint_complete / hmda_oh / mlp / direction_both_adverse_005
hmda_oh,mlp,soft,1003,direction_both_adverse_005,0.0134167152615487,False,lower,joint_complete / hmda_oh / mlp / direction_both_adverse_005
hmda_oh,mlp,erm,1004,direction_both_adverse_005,0.1391534422474886,False,lower,joint_complete / hmda_oh / mlp / direction_both_adverse_005
hmda_oh,mlp,soft,1004,direction_both_adverse_005,0.0036609710897412,False,lower,joint_complete / hmda_oh / mlp / direction_both_adverse_005
hmda_oh,mlp,erm,1005,direction_both_adverse_005,0.1552569329786019,False,lower,joint_complete / hmda_oh / mlp / direction_both_adverse_005
hmda_oh,mlp,soft,1005,direction_both_adverse_005,0.0094054358144141,False,lower,joint_complete / hmda_oh / mlp / direction_both_adverse_005
hmda_oh,mlp,erm,1006,direction_both_adverse_005,0.15362402885923,False,lower,joint_complete / hmda_oh / mlp / direction_both_adverse_005
hmda_oh,mlp,soft,1006,direction_both_adverse_005,0.014519874675591,False,lower,joint_complete / hmda_oh / mlp / direction_both_adverse_005
hmda_oh,mlp,erm,1007,direction_both_adverse_005,0.1555400692911133,False,lower,joint_complete / hmda_oh / mlp / direction_both_adverse_005
hmda_oh,mlp,soft,1007,direction_both_adverse_005,0.015992958529379,False,lower,joint_complete / hmda_oh / mlp / direction_both_adverse_005
hmda_oh,mlp,erm,1008,direction_both_adverse_005,0.1355701049238656,False,lower,joint_complete / hmda_oh / mlp / direction_both_adverse_005
hmda_oh,mlp,soft,1008,direction_both_adverse_005,0.0168606578477198,False,lower,joint_complete / hmda_oh / mlp / direction_both_adverse_005
hmda_oh,mlp,erm,1009,direction_both_adverse_005,0.1176613813407334,False,lower,joint_complete / hmda_oh / mlp / direction_both_adverse_005
hmda_oh,mlp,soft,1009,direction_both_adverse_005,0.0106748876744144,False,lower,joint_complete / hmda_oh / mlp / direction_both_adverse_005
hmda_oh,mlp,hifi,1000,direction_adverse_decision,0.0401566367044049,False,lower,joint_complete / hmda_oh / mlp / direction_adverse_decision
hmda_oh,mlp,hifi,1001,direction_adverse_decision,0.028403603100025,False,lower,joint_complete / hmda_oh / mlp / direction_adverse_decision
hmda_oh,mlp,hifi,1002,direction_adverse_decision,0.046312949409053,False,lower,joint_complete / hmda_oh / mlp / direction_adverse_decision
hmda_oh,mlp,hifi,1003,direction_adverse_decision,0.0317199053152392,False,lower,joint_complete / hmda_oh / mlp / direction_adverse_decision
hmda_oh,mlp,hifi,1004,direction_adverse_decision,0.0359727518306604,False,lower,joint_complete / hmda_oh / mlp / direction_adverse_decision
hmda_oh,mlp,hifi,1005,direction_adverse_decision,0.0457471603204906,False,lower,joint_complete / hmda_oh / mlp / direction_adverse_decision
hmda_oh,mlp,hifi,1006,direction_adverse_decision,0.0514289211833483,False,lower,joint_complete / hmda_oh / mlp / direction_adverse_decision
hmda_oh,mlp,hifi,1007,direction_adverse_decision,0.0434870316975135,False,lower,joint_complete / hmda_oh / mlp / direction_adverse_decision
hmda_oh,mlp,hifi,1008,direction_adverse_decision,0.0431536422701209,False,lower,joint_complete / hmda_oh / mlp / direction_adverse_decision
hmda_oh,mlp,hifi,1009,direction_adverse_decision,0.056364964809175,False,lower,joint_complete / hmda_oh / mlp / direction_adverse_decision
hmda_oh,mlp,hifi_erm,1000,direction_adverse_decision,0.0591111386401875,False,lower,joint_complete / hmda_oh / mlp / direction_adverse_decision
hmda_oh,mlp,hifi_erm,1001,direction_adverse_decision,0.0777197954913406,False,lower,joint_complete / hmda_oh / mlp / direction_adverse_decision
hmda_oh,mlp,hifi_erm,1002,direction_adverse_decision,0.0385940772953563,False,lower,joint_complete / hmda_oh / mlp / direction_adverse_decision
hmda_oh,mlp,hifi_erm,1003,direction_adverse_decision,0.0387696403931657,False,lower,joint_complete / hmda_oh / mlp / direction_adverse_decision
hmda_oh,mlp,hifi_erm,1004,direction_adverse_decision,0.0405406589446751,False,lower,joint_complete / hmda_oh / mlp / direction_adverse_decision
hmda_oh,mlp,hifi_erm,1005,direction_adverse_decision,0.0633456558454075,False,lower,joint_complete / hmda_oh / mlp / direction_adverse_decision
hmda_oh,mlp,hifi_erm,1006,direction_adverse_decision,0.048327860506575,False,lower,joint_complete / hmda_oh / mlp / direction_adverse_decision
hmda_oh,mlp,hifi_erm,1007,direction_adverse_decision,0.0415506893455477,False,lower,joint_complete / hmda_oh / mlp / direction_adverse_decision
hmda_oh,mlp,hifi_erm,1008,direction_adverse_decision,0.0371212415081446,False,lower,joint_complete / hmda_oh / mlp / direction_adverse_decision
hmda_oh,mlp,hifi_erm,1009,direction_adverse_decision,0.0563775439621343,False,lower,joint_complete / hmda_oh / mlp / direction_adverse_decision
hmda_oh,mlp,hifi_shared,1000,direction_adverse_decision,0.0159982328044562,False,lower,joint_complete / hmda_oh / mlp / direction_adverse_decision
hmda_oh,mlp,hifi_shared,1001,direction_adverse_decision,0.0172545342956414,False,lower,joint_complete / hmda_oh / mlp / direction_adverse_decision
hmda_oh,mlp,hifi_shared,1002,direction_adverse_decision,0.0172029803998039,False,lower,joint_complete / hmda_oh / mlp / direction_adverse_decision
hmda_oh,mlp,hifi_shared,1003,direction_adverse_decision,0.0151353397900713,False,lower,joint_complete / hmda_oh / mlp / direction_adverse_decision
hmda_oh,mlp,hifi_shared,1004,direction_adverse_decision,0.0165839938279097,False,lower,joint_complete / hmda_oh / mlp / direction_adverse_decision
hmda_oh,mlp,hifi_shared,1005,direction_adverse_decision,0.0186555127103992,False,lower,joint_complete / hmda_oh / mlp / direction_adverse_decision
hmda_oh,mlp,hifi_shared,1006,direction_adverse_decision,0.02735986480171,False,lower,joint_complete / hmda_oh / mlp / direction_adverse_decision
hmda_oh,mlp,hifi_shared,1007,direction_adverse_decision,0.017998947397947,False,lower,joint_complete / hmda_oh / mlp / direction_adverse_decision
hmda_oh,mlp,hifi_shared,1008,direction_adverse_decision,0.0281540641229072,False,lower,joint_complete / hmda_oh / mlp / direction_adverse_decision
hmda_oh,mlp,hifi_shared,1009,direction_adverse_decision,0.0229973489659832,False,lower,joint_complete / hmda_oh / mlp / direction_adverse_decision
hmda_oh,mlp,reweighing,1000,direction_adverse_decision,0.0151965225973101,False,lower,joint_complete / hmda_oh / mlp / direction_adverse_decision
hmda_oh,mlp,reweighing,1001,direction_adverse_decision,0.0101572416986515,False,lower,joint_complete / hmda_oh / mlp / direction_adverse_decision
hmda_oh,mlp,reweighing,1002,direction_adverse_decision,0.0081166089903987,False,lower,joint_complete / hmda_oh / mlp / direction_adverse_decision
hmda_oh,mlp,reweighing,1003,direction_adverse_decision,0.013643356854433,False,lower,joint_complete / hmda_oh / mlp / direction_adverse_decision
hmda_oh,mlp,reweighing,1004,direction_adverse_decision,0.0093049130565082,False,lower,joint_complete / hmda_oh / mlp / direction_adverse_decision
hmda_oh,mlp,reweighing,1005,direction_adverse_decision,0.0170881321381121,False,lower,joint_complete / hmda_oh / mlp / direction_adverse_decision
hmda_oh,mlp,reweighing,1006,direction_adverse_decision,0.0264302601715961,False,lower,joint_complete / hmda_oh / mlp / direction_adverse_decision
hmda_oh,mlp,reweighing,1007,direction_adverse_decision,0.0202082109635574,False,lower,joint_complete / hmda_oh / mlp / direction_adverse_decision
hmda_oh,mlp,reweighing,1008,direction_adverse_decision,0.0103800124484201,False,lower,joint_complete / hmda_oh / mlp / direction_adverse_decision
hmda_oh,mlp,reweighing,1009,direction_adverse_decision,0.014310961458487,False,lower,joint_complete / hmda_oh / mlp / direction_adverse_decision
hmda_oh,mlp,erm,1000,direction_adverse_decision,0.0179662930653621,False,lower,joint_complete / hmda_oh / mlp / direction_adverse_decision
hmda_oh,mlp,soft,1000,direction_adverse_decision,0.0,False,lower,joint_complete / hmda_oh / mlp / direction_adverse_decision
hmda_oh,mlp,erm,1001,direction_adverse_decision,0.0285384297634447,False,lower,joint_complete / hmda_oh / mlp / direction_adverse_decision
hmda_oh,mlp,soft,1001,direction_adverse_decision,0.0,False,lower,joint_complete / hmda_oh / mlp / direction_adverse_decision
hmda_oh,mlp,erm,1002,direction_adverse_decision,0.0236738866947287,False,lower,joint_complete / hmda_oh / mlp / direction_adverse_decision
hmda_oh,mlp,soft,1002,direction_adverse_decision,0.0002699784017278,False,lower,joint_complete / hmda_oh / mlp / direction_adverse_decision
hmda_oh,mlp,erm,1003,direction_adverse_decision,0.012430273586672,False,lower,joint_complete / hmda_oh / mlp / direction_adverse_decision
hmda_oh,mlp,soft,1003,direction_adverse_decision,0.0,False,lower,joint_complete / hmda_oh / mlp / direction_adverse_decision
hmda_oh,mlp,erm,1004,direction_adverse_decision,0.0243165944745163,False,lower,joint_complete / hmda_oh / mlp / direction_adverse_decision
hmda_oh,mlp,soft,1004,direction_adverse_decision,0.0,False,lower,joint_complete / hmda_oh / mlp / direction_adverse_decision
hmda_oh,mlp,erm,1005,direction_adverse_decision,0.0215354348477584,False,lower,joint_complete / hmda_oh / mlp / direction_adverse_decision
hmda_oh,mlp,soft,1005,direction_adverse_decision,0.0002857142857142,False,lower,joint_complete / hmda_oh / mlp / direction_adverse_decision
hmda_oh,mlp,erm,1006,direction_adverse_decision,0.0372605250898184,False,lower,joint_complete / hmda_oh / mlp / direction_adverse_decision
hmda_oh,mlp,soft,1006,direction_adverse_decision,0.000557453416149,False,lower,joint_complete / hmda_oh / mlp / direction_adverse_decision
hmda_oh,mlp,erm,1007,direction_adverse_decision,0.021154486938498,False,lower,joint_complete / hmda_oh / mlp / direction_adverse_decision
hmda_oh,mlp,soft,1007,direction_adverse_decision,0.0,False,lower,joint_complete / hmda_oh / mlp / direction_adverse_decision
hmda_oh,mlp,erm,1008,direction_adverse_decision,0.0140589476405737,False,lower,joint_complete / hmda_oh / mlp / direction_adverse_decision
hmda_oh,mlp,soft,1008,direction_adverse_decision,0.0014237572135719,False,lower,joint_complete / hmda_oh / mlp / direction_adverse_decision
hmda_oh,mlp,erm,1009,direction_adverse_decision,0.0344572750213148,False,lower,joint_complete / hmda_oh / mlp / direction_adverse_decision
hmda_oh,mlp,soft,1009,direction_adverse_decision,0.0005714285714285,False,lower,joint_complete / hmda_oh / mlp / direction_adverse_decision
hmda_oh,mlp,hifi,1000,direction_joint_pass,0.0076745968593189,False,higher,joint_complete / hmda_oh / mlp / direction_joint_pass
hmda_oh,mlp,hifi,1001,direction_joint_pass,0.0026623228993355,False,higher,joint_complete / hmda_oh / mlp / direction_joint_pass
hmda_oh,mlp,hifi,1002,direction_joint_pass,0.0071770334928229,False,higher,joint_complete / hmda_oh / mlp / direction_joint_pass
hmda_oh,mlp,hifi,1003,direction_joint_pass,0.0044583420012481,False,higher,joint_complete / hmda_oh / mlp / direction_joint_pass
hmda_oh,mlp,hifi,1004,direction_joint_pass,0.0032604090237374,False,higher,joint_complete / hmda_oh / mlp / direction_joint_pass
hmda_oh,mlp,hifi,1005,direction_joint_pass,0.0170692295901655,False,higher,joint_complete / hmda_oh / mlp / direction_joint_pass
hmda_oh,mlp,hifi,1006,direction_joint_pass,0.0023923444976076,False,higher,joint_complete / hmda_oh / mlp / direction_joint_pass
hmda_oh,mlp,hifi,1007,direction_joint_pass,0.0041459701625605,False,higher,joint_complete / hmda_oh / mlp / direction_joint_pass
hmda_oh,mlp,hifi,1008,direction_joint_pass,0.0005980861244019,False,higher,joint_complete / hmda_oh / mlp / direction_joint_pass
hmda_oh,mlp,hifi,1009,direction_joint_pass,0.0011961722488038,False,higher,joint_complete / hmda_oh / mlp / direction_joint_pass
hmda_oh,mlp,hifi_erm,1000,direction_joint_pass,0.0017942583732057,False,higher,joint_complete / hmda_oh / mlp / direction_joint_pass
hmda_oh,mlp,hifi_erm,1001,direction_joint_pass,0.0234838928265096,False,higher,joint_complete / hmda_oh / mlp / direction_joint_pass
hmda_oh,mlp,hifi_erm,1002,direction_joint_pass,0.0059808612440191,False,higher,joint_complete / hmda_oh / mlp / direction_joint_pass
hmda_oh,mlp,hifi_erm,1003,direction_joint_pass,0.0041302342785741,False,higher,joint_complete / hmda_oh / mlp / direction_joint_pass
hmda_oh,mlp,hifi_erm,1004,direction_joint_pass,0.0014679113792386,False,higher,joint_complete / hmda_oh / mlp / direction_joint_pass
hmda_oh,mlp,hifi_erm,1005,direction_joint_pass,0.0035461233094517,False,higher,joint_complete / hmda_oh / mlp / direction_joint_pass
hmda_oh,mlp,hifi_erm,1006,direction_joint_pass,0.0005980861244019,False,higher,joint_complete / hmda_oh / mlp / direction_joint_pass
hmda_oh,mlp,hifi_erm,1007,direction_joint_pass,0.0047846889952153,False,higher,joint_complete / hmda_oh / mlp / direction_joint_pass
hmda_oh,mlp,hifi_erm,1008,direction_joint_pass,0.0011961722488038,False,higher,joint_complete / hmda_oh / mlp / direction_joint_pass
hmda_oh,mlp,hifi_erm,1009,direction_joint_pass,0.0011961722488038,False,higher,joint_complete / hmda_oh / mlp / direction_joint_pass
hmda_oh,mlp,hifi_shared,1000,direction_joint_pass,0.0191190232386984,False,higher,joint_complete / hmda_oh / mlp / direction_joint_pass
hmda_oh,mlp,hifi_shared,1001,direction_joint_pass,0.0401091059192128,False,higher,joint_complete / hmda_oh / mlp / direction_joint_pass
hmda_oh,mlp,hifi_shared,1002,direction_joint_pass,0.0300037675021006,False,higher,joint_complete / hmda_oh / mlp / direction_joint_pass
hmda_oh,mlp,hifi_shared,1003,direction_joint_pass,0.0303978727284152,False,higher,joint_complete / hmda_oh / mlp / direction_joint_pass
hmda_oh,mlp,hifi_shared,1004,direction_joint_pass,0.0361624205437573,False,higher,joint_complete / hmda_oh / mlp / direction_joint_pass
hmda_oh,mlp,hifi_shared,1005,direction_joint_pass,0.038504621525728,False,higher,joint_complete / hmda_oh / mlp / direction_joint_pass
hmda_oh,mlp,hifi_shared,1006,direction_joint_pass,0.0059384678070593,False,higher,joint_complete / hmda_oh / mlp / direction_joint_pass
hmda_oh,mlp,hifi_shared,1007,direction_joint_pass,0.0457894598840128,False,higher,joint_complete / hmda_oh / mlp / direction_joint_pass
hmda_oh,mlp,hifi_shared,1008,direction_joint_pass,0.0166882821623074,False,higher,joint_complete / hmda_oh / mlp / direction_joint_pass
hmda_oh,mlp,hifi_shared,1009,direction_joint_pass,0.0209364177074636,False,higher,joint_complete / hmda_oh / mlp / direction_joint_pass
hmda_oh,mlp,reweighing,1000,direction_joint_pass,0.0356744856072603,False,higher,joint_complete / hmda_oh / mlp / direction_joint_pass
hmda_oh,mlp,reweighing,1001,direction_joint_pass,0.0217023168509977,False,higher,joint_complete / hmda_oh / mlp / direction_joint_pass
hmda_oh,mlp,reweighing,1002,direction_joint_pass,0.0342887755867699,False,higher,joint_complete / hmda_oh / mlp / direction_joint_pass
hmda_oh,mlp,reweighing,1003,direction_joint_pass,0.0337981444607258,False,higher,joint_complete / hmda_oh / mlp / direction_joint_pass
hmda_oh,mlp,reweighing,1004,direction_joint_pass,0.028321421526909,False,higher,joint_complete / hmda_oh / mlp / direction_joint_pass
hmda_oh,mlp,reweighing,1005,direction_joint_pass,0.0221155613146954,False,higher,joint_complete / hmda_oh / mlp / direction_joint_pass
hmda_oh,mlp,reweighing,1006,direction_joint_pass,0.0139713513994395,False,higher,joint_complete / hmda_oh / mlp / direction_joint_pass
hmda_oh,mlp,reweighing,1007,direction_joint_pass,0.0251745749555168,False,higher,joint_complete / hmda_oh / mlp / direction_joint_pass
hmda_oh,mlp,reweighing,1008,direction_joint_pass,0.0155235816814764,False,higher,joint_complete / hmda_oh / mlp / direction_joint_pass
hmda_oh,mlp,reweighing,1009,direction_joint_pass,0.058194605846136,False,higher,joint_complete / hmda_oh / mlp / direction_joint_pass
hmda_oh,mlp,erm,1000,direction_joint_pass,0.0177765314416321,False,higher,joint_complete / hmda_oh / mlp / direction_joint_pass
hmda_oh,mlp,soft,1000,direction_joint_pass,0.9832498506369304,False,higher,joint_complete / hmda_oh / mlp / direction_joint_pass
hmda_oh,mlp,erm,1001,direction_joint_pass,0.0118489853035597,False,higher,joint_complete / hmda_oh / mlp / direction_joint_pass
hmda_oh,mlp,soft,1001,direction_joint_pass,0.9778938437446624,False,higher,joint_complete / hmda_oh / mlp / direction_joint_pass
hmda_oh,mlp,erm,1002,direction_joint_pass,0.0263209535557878,False,higher,joint_complete / hmda_oh / mlp / direction_joint_pass
hmda_oh,mlp,soft,1002,direction_joint_pass,0.9587337634416332,False,higher,joint_complete / hmda_oh / mlp / direction_joint_pass
hmda_oh,mlp,erm,1003,direction_joint_pass,0.0309204510231947,False,higher,joint_complete / hmda_oh / mlp / direction_joint_pass
hmda_oh,mlp,soft,1003,direction_joint_pass,0.9702874869852904,False,higher,joint_complete / hmda_oh / mlp / direction_joint_pass
hmda_oh,mlp,erm,1004,direction_joint_pass,0.0168153443691695,False,higher,joint_complete / hmda_oh / mlp / direction_joint_pass
hmda_oh,mlp,soft,1004,direction_joint_pass,0.9736719116778364,False,higher,joint_complete / hmda_oh / mlp / direction_joint_pass
hmda_oh,mlp,erm,1005,direction_joint_pass,0.0422551937043883,False,higher,joint_complete / hmda_oh / mlp / direction_joint_pass
hmda_oh,mlp,soft,1005,direction_joint_pass,0.9864312155143492,False,higher,joint_complete / hmda_oh / mlp / direction_joint_pass
hmda_oh,mlp,erm,1006,direction_joint_pass,0.009456640805952,False,higher,joint_complete / hmda_oh / mlp / direction_joint_pass
hmda_oh,mlp,soft,1006,direction_joint_pass,0.964414564051435,False,higher,joint_complete / hmda_oh / mlp / direction_joint_pass
hmda_oh,mlp,erm,1007,direction_joint_pass,0.0464614112133473,False,higher,joint_complete / hmda_oh / mlp / direction_joint_pass
hmda_oh,mlp,soft,1007,direction_joint_pass,0.9682510898465398,False,higher,joint_complete / hmda_oh / mlp / direction_joint_pass
hmda_oh,mlp,erm,1008,direction_joint_pass,0.0268508139581232,False,higher,joint_complete / hmda_oh / mlp / direction_joint_pass
hmda_oh,mlp,soft,1008,direction_joint_pass,0.9740510993397922,False,higher,joint_complete / hmda_oh / mlp / direction_joint_pass
hmda_oh,mlp,erm,1009,direction_joint_pass,0.0294241213622759,False,higher,joint_complete / hmda_oh / mlp / direction_joint_pass
hmda_oh,mlp,soft,1009,direction_joint_pass,0.9852211857328808,False,higher,joint_complete / hmda_oh / mlp / direction_joint_pass
