auc,ap,f1,accuracy,brier,bce,eomax,aod,dp,group0_tpr,group0_fpr,group0_positive,group0_n,group1_tpr,group1_fpr,group1_positive,group1_n,L_R,L_q95_abs_R,L_max_abs_R,L_violation_rate,L_mean_common_abs,L_opposite_rate,L_population_effect_gap,P_R,P_q95_abs_R,P_max_abs_R,P_violation_rate,P_mean_common_abs,P_opposite_rate,P_population_effect_gap,decision_disagreement,decision_0.1,decision_0.2,decision_0.3,decision_0.4,decision_0.5,decision_0.6,decision_0.7,decision_0.8,decision_0.9,admitted,checkpoint,training_device,features,task,seed,architecture,arm,source_done,source_sha256,strength,epochs_completed,training_seconds,P_R_over_common_response,utility_pass,population_pass,probability_improves,decision_improves,L_R_delta_erm,P_R_delta_erm,P_decision_disagreement_delta_erm,auc_delta_erm,f1_delta_erm,aod_delta_erm,dp_delta_erm,P_mean_common_abs_delta_erm,P_population_effect_gap_delta_erm,outcome,output_kind,evaluation,source,epoch,auc_change,f1_ratio,aod_change,dp_change,logit_reduction,probability_change,decision_change,heldout_utility_pass,declared_profile,f1_change,logit_pass,probability_pass,decision_pass,decision_effect_disagreement,L_signed_retention,P_signed_retention,L_population_effect_gap_unconditional,P_population_effect_gap_unconditional,D_population_effect_gap,D_population_effect_gap_unconditional,gap_source_arrays,gap_source_arrays_sha256,gap_source_record,gap_source_record_sha256,opposite_005,L_gt_0.05,L_gt_0.1,L_gt_0.2,conformance_005,violation_005,protocol,selected_epoch,seconds,checkpoint_sha256,arrays,arrays_sha256,protected_independence_max_error,checkpoint_corner_replay_max_error,initial_data_splits_banks_device_match,selected_recipe_matches_free,free_source,free_source_sha256,code_sha256,phase,equal_opportunity_gap,false_positive_gap
0.8521493237429864,0.9517254613957682,0.9242044169003,0.8715833333333334,0.098783646177663,0.3292101896830744,0.1743052508410121,0.1157679301791285,0.1599427518308908,0.9745383018249372,0.562984496124031,0.8987962550156041,11215.0,0.9173076923076924,0.3886792452830189,0.7388535031847133,785.0,0.2358499186716621,0.6355291409417985,2.302733302116394,0.8411846024648425,1.0377536404277243,0.1093264555710293,0.1954331412338293,0.0408955982262669,0.1347050249003445,0.4638598561286926,0.6991418739337922,0.088140449113253,0.0994958672376788,0.0412413952066204,0.0617459630462926,0.0116256383357665,0.0190583044400198,0.0290499454814113,0.0409952342814092,0.0617459630462926,0.0964279077228004,0.1409812785245159,0.1898001996970581,0.2283910820161154,True,interfair/data/partitions/runs/main/mlp/hmda_oh/1000/erm/task.pt,cuda,13.0,hmda_oh,1000,mlp,erm,interfair/data/partitions/runs/main/mlp/hmda_oh/1000/erm/DONE.json,66b1b50bc0c20fb8d0a9a6104d9f7f01d4a3eecf66a7d45d04193b9c967c8e36,,,,0.4639821856786717,True,True,False,False,0.0,0.0,0.0,0.0,0.0,0.0,0.0,0.0,0.0,reference,,,,,,,,,,,,,,,,,,,,,0.1769972121199736,0.0358622335255719,0.0543877274373127,0.0419608460443481,interfair/data/partitions/runs/main/mlp/hmda_oh/1000/erm/audit_task.npz,c7978dd6aa20408c8b6c8ca254675a309d15924b8d4f5ee19c13efa596226369,interfair/data/partitions/runs/main/mlp/hmda_oh/1000/erm/DONE.json,66b1b50bc0c20fb8d0a9a6104d9f7f01d4a3eecf66a7d45d04193b9c967c8e36,0.05383476415724,0.8411846024648425,0.6897696162321568,0.4437491501338396,0.1588153975351575,0.8411846024648425,primary ten-seed confirmation; original source checkpoint and supported bank,,,,,,,,,,,,,,0.05723060951724479,0.17430525084101212
0.8455090022939775,0.9488904602522268,0.9229575757575758,0.8675833333333334,0.1007054450050905,0.3354383361843183,0.0101853883282141,0.007355372475851,0.0566677362835829,0.9839361818380504,0.6177325581395349,0.9165403477485512,11215.0,0.9884615384615384,0.6075471698113207,0.8598726114649682,785.0,0.0129100697594982,0.0331582821332491,0.1079764366149902,0.0095203382718986,0.5235462627391964,0.0012771029531058,0.0511588895800414,0.0045857075430334,0.0120588287711143,0.046298861503601,0.1297896293411287,0.0487538416098861,0.0016963130147551,0.0149481721946303,0.0102060180267386,0.0030630426241921,0.0032958009143098,0.0036466839249346,0.0052736272761857,0.0102060180267386,0.0202996661833548,0.0376952074954175,0.0538430082176598,0.0864532132750861,True,interfair/training/equality/runs/confirmation/main/mlp/hmda_oh/1000/interfair/selected.pt,cpu,13.0,hmda_oh,1000,mlp,soft,interfair/training/equality/runs/confirmation/main/mlp/hmda_oh/1000/interfair/DONE.json,4b4fba66129bc98c870cf2774400b00e6f71594b4b6e9cb158af363657b790e5,1.0,31.0,540.1208021189959,0.0940583837418786,True,True,True,True,-0.2229398489121638,-0.0363098906832334,-0.051539945019554,-0.0066403214490088,-0.0012468411427243,-0.1084125577032774,-0.1032750155473078,-0.0393866075033669,-0.0262932230119901,successful,,,,,,,,,,,,,,,,,,,,,0.0351781226086612,0.0058349395078833,0.0378040870077893,0.0125436892251808,interfair/training/equality/runs/confirmation/main/mlp/hmda_oh/1000/interfair/audit.npz,2b774316f530214b30b266f3beaa994d515ffc83dd0d6d229c2c7bf746b2c9d7,interfair/training/equality/runs/confirmation/main/mlp/hmda_oh/1000/interfair/DONE.json,4b4fba66129bc98c870cf2774400b00e6f71594b4b6e9cb158af363657b790e5,0.0,0.0095203382718986,0.000133779264214,0.0,0.9904796617281014,0.0095203382718986,primary ten-seed confirmation; original source checkpoint and supported bank,,,,,,,,,,,,,,0.004525356623487964,0.01018538832821414
0.8516278521715669,0.9511712554790918,0.9232637202525498,0.8683333333333333,0.0993577882778102,0.33032938682945,0.1485593096387304,0.0926463948982133,0.1298778080993664,0.9848104032346192,0.624031007751938,0.9184128399465002,11215.0,0.948076923076923,0.4754716981132075,0.7885350318471338,785.0,0.1617917785383926,0.4090709494570125,1.3595763891935349,0.789104401799255,0.9111954636240353,0.0929663372538893,0.1489922321186615,0.0326115577336914,0.0976286211552527,0.3536559045314789,0.6892127771265282,0.0733452932220113,0.0842884420748638,0.036823601139566,0.0534407146290958,0.0099300592752075,0.0150711597412377,0.0208061701604326,0.033610259799543,0.0534407146290958,0.0836799593048477,0.1222062286856039,0.1876380926685902,0.2260752895435336,True,interfair/data/partitions/runs/main/mlp/hmda_oh/1001/erm/task.pt,cuda,13.0,hmda_oh,1001,mlp,erm,interfair/data/partitions/runs/main/mlp/hmda_oh/1001/erm/DONE.json,cd065e17aa5905239966fbc580c5689e3da0f4985a1f2cc2f2dfbe6a73030a55,,,,0.4446305454799721,True,True,False,False,0.0,0.0,0.0,0.0,0.0,0.0,0.0,0.0,0.0,reference,,,,,,,,,,,,,,,,,,,,,0.1206808634675466,0.0297029379647798,0.0590390663131469,0.0377878624650706,interfair/data/partitions/runs/main/mlp/hmda_oh/1001/erm/audit_task.npz,10cea8db3f5c65fcfa52df77a68df0a61c364baf98590b445acf34a496133163,interfair/data/partitions/runs/main/mlp/hmda_oh/1001/erm/DONE.json,cd065e17aa5905239966fbc580c5689e3da0f4985a1f2cc2f2dfbe6a73030a55,0.0429049800049841,0.789104401799255,0.5927140067158386,0.2987676626982209,0.210895598200745,0.789104401799255,primary ten-seed confirmation; original source checkpoint and supported bank,,,,,,,,,,,,,,0.036733480157696174,0.14855930963873049
0.8464237030772706,0.9491369719430888,0.9222827922234552,0.86575,0.1017690635513531,0.3389929347753701,0.0146464092438203,0.0093780452025949,0.0454952562963046,0.9881980111463228,0.6419573643410853,0.92447614801605,11215.0,0.9923076923076924,0.6566037735849056,0.8789808917197452,785.0,0.0104501106355371,0.028230261344176,0.1078279018402099,0.0069622309970482,0.4808997560207724,0.0006321365307719,0.0475211463858809,0.0038466745038265,0.0097899530369501,0.0318686962127685,0.0898828822461264,0.0462427671900087,0.0016716149921132,0.0140988800856611,0.0062982201028364,0.0017864487606292,0.0021244582199292,0.0042515594562369,0.0043744435000842,0.0062982201028364,0.0148363405680143,0.0362773920249382,0.0521681014248728,0.0811493218451936,True,interfair/training/equality/runs/confirmation/main/mlp/hmda_oh/1001/interfair/selected.pt,cpu,13.0,hmda_oh,1001,mlp,soft,interfair/training/equality/runs/confirmation/main/mlp/hmda_oh/1001/interfair/DONE.json,f7b9d3de9e2d77c7b36699ba554f3b2162d8279eea0d12310d7b80660ac6d104,1.0,28.0,473.2761143509997,0.083184349414489,True,True,True,True,-0.1513416679028554,-0.0287648832298648,-0.0471424945262594,-0.0052041490942963,-0.0009809280290946,-0.0832683496956183,-0.0843825518030617,-0.0271025260320025,-0.0227247210539048,successful,,,,,,,,,,,,,,,,,,,,,0.0239299270715593,0.0044933884945755,0.0333718535915711,0.0110619417284366,interfair/training/equality/runs/confirmation/main/mlp/hmda_oh/1001/interfair/audit.npz,58b7aefde3d4d8cd327fa518137670501c4591a7bd53ae07c9b4844d3eceb158,interfair/training/equality/runs/confirmation/main/mlp/hmda_oh/1001/interfair/DONE.json,f7b9d3de9e2d77c7b36699ba554f3b2162d8279eea0d12310d7b80660ac6d104,0.0,0.0069622309970482,5.186991026505524e-05,0.0,0.9930377690029518,0.0069622309970482,primary ten-seed confirmation; original source checkpoint and supported bank,,,,,,,,,,,,,,0.0041096811613696715,0.014646409243820324
0.8527306876263416,0.951384603128854,0.924075339123646,0.8703333333333333,0.0985561075768903,0.328136514487807,0.1748445955828579,0.1200808765091815,0.1608463414841928,0.9826248497431974,0.6012596899224806,0.912438698172091,11215.0,0.9173076923076924,0.4264150943396226,0.7515923566878981,785.0,0.1544314751847067,0.4055861490993545,1.481622964143753,0.7505704879159196,0.8792710380719667,0.07447597982097,0.1948661232510438,0.0342275110302994,0.1027478132755136,0.5229263603687286,0.6612359776744144,0.0714324194809939,0.0666308996497297,0.0463705532378158,0.0484680276473696,0.0122241760462423,0.0157682284147567,0.022283501290345,0.0305011862569556,0.0484680276473696,0.0812864445962157,0.1421523090372253,0.2130446617647529,0.2335740965664778,True,interfair/data/partitions/runs/main/mlp/hmda_oh/1002/erm/task.pt,cuda,13.0,hmda_oh,1002,mlp,erm,interfair/data/partitions/runs/main/mlp/hmda_oh/1002/erm/DONE.json,2a6b6333967aa77fcda5f8061fbb6354229a0508e3ed0eb4efe652fe8ac76d8b,,,,0.4791593408005223,True,True,False,False,0.0,0.0,0.0,0.0,0.0,0.0,0.0,0.0,0.0,reference,,,,,,,,,,,,,,,,,,,,,0.1767245290371087,0.0399930456366676,0.0657704824400173,0.056668615015659,interfair/data/partitions/runs/main/mlp/hmda_oh/1002/erm/audit_task.npz,aee9c5fb4d90679e6d7ad78b8d84f71e54236ecf5049a75b8d8f04888f4e4cd0,interfair/data/partitions/runs/main/mlp/hmda_oh/1002/erm/DONE.json,2a6b6333967aa77fcda5f8061fbb6354229a0508e3ed0eb4efe652fe8ac76d8b,0.0312859346822766,0.7505704879159196,0.5370096101862087,0.2600560475152429,0.24942951208408037,0.7505704879159196,primary ten-seed confirmation; original source checkpoint and supported bank,,,,,,,,,,,,,,0.06531715743550504,0.17484459558285798
0.8416588012684739,0.9476121806834064,0.9215204509322156,0.86425,0.1034401158951568,0.3429261332139282,0.0077610794207985,0.0041312479137902,0.0493549642056958,0.9889629548683204,0.6526162790697675,0.9270619705751226,11215.0,0.9884615384615384,0.660377358490566,0.8777070063694268,785.0,0.0130411367682492,0.0336286975787236,0.1101431846618652,0.009559395130792,0.4718849431971922,0.0015610665930724,0.0332202208608782,0.003760778520555,0.009390178695321,0.0325773358345031,0.0793696612340469,0.0446138271920764,0.0021435191220098,0.010362168950824,0.0067398333537208,0.0014731064276718,0.0024630472650461,0.0035489737293706,0.0042260880412449,0.0067398333537208,0.0148470878616647,0.0305760948434286,0.0558201927945034,0.0920427273904924,True,interfair/training/equality/runs/confirmation/main/mlp/hmda_oh/1002/interfair/selected.pt,cpu,13.0,hmda_oh,1002,mlp,soft,interfair/training/equality/runs/confirmation/main/mlp/hmda_oh/1002/interfair/DONE.json,8b49583d7f41dca20d1076a7e84efda21bf4a508a1f2b7f2986604d4aee1e0c6,1.0,19.0,372.4913679140009,0.0842962542613453,False,True,True,True,-0.1413903384164574,-0.0304667325097444,-0.0417281942936487,-0.0110718863578677,-0.0025548881914302,-0.1159496285953913,-0.111491377278497,-0.0268185922889174,-0.0360083842869918,mixed,,,,,,,,,,,,,,,,,,,,,0.026950542361033,0.0053312448487719,0.0401883226071058,0.0161453872472022,interfair/training/equality/runs/confirmation/main/mlp/hmda_oh/1002/interfair/audit.npz,b9b57c5a3fbebf2419606b0254e864d4be211f3c056b78014cdf871cfc9bee51,interfair/training/equality/runs/confirmation/main/mlp/hmda_oh/1002/interfair/DONE.json,8b49583d7f41dca20d1076a7e84efda21bf4a508a1f2b7f2986604d4aee1e0c6,0.0,0.0095593951307921,0.0002912709374768,0.0,0.9904406048692079,0.0095593951307921,primary ten-seed confirmation; original source checkpoint and supported bank,,,,,,,,,,,,,,0.0005014164067820293,0.007761079420798511
0.8491249395804671,0.9503063818253163,0.924602980698754,0.8714166666666666,0.0994122623734544,0.331556770492668,0.1050570425625274,0.0715396844160199,0.1214581244977296,0.9803300185772048,0.5843023255813954,0.9074453856442264,11215.0,0.9423076923076924,0.4792452830188679,0.7859872611464969,785.0,0.1767837165537658,0.4663994024579339,1.594060301780701,0.7955418852098545,0.9366665156224224,0.0866672077591033,0.1700336016141451,0.0319990185949947,0.1056332436891702,0.4091639220714569,0.6480656870170332,0.0768528975841543,0.0780604692713327,0.0317238599438077,0.0484978559066846,0.0113079885488719,0.0168317381820225,0.0227977132370228,0.0305416848828248,0.0484978559066846,0.075211017883377,0.1255565238841138,0.1830750988767215,0.23053909986866,True,interfair/data/partitions/runs/main/mlp/hmda_oh/1003/erm/task.pt,cuda,13.0,hmda_oh,1003,mlp,erm,interfair/data/partitions/runs/main/mlp/hmda_oh/1003/erm/DONE.json,fc8867dffa60e1d76018995bb4d631c0fe79dc7029f0b35320ae4a43745de697,,,,0.4163671065226346,True,True,False,False,0.0,0.0,0.0,0.0,0.0,0.0,0.0,0.0,0.0,reference,,,,,,,,,,,,,,,,,,,,,0.1782027548895432,0.0261591430126617,0.0447563400233296,0.02938601296612,interfair/data/partitions/runs/main/mlp/hmda_oh/1003/erm/audit_task.npz,adc4dbbc43cf7cd22c27239317e55c133d3eb1d8a9fa51f2ad002ff8466573d0,interfair/data/partitions/runs/main/mlp/hmda_oh/1003/erm/DONE.json,fc8867dffa60e1d76018995bb4d631c0fe79dc7029f0b35320ae4a43745de697,0.0388399412779116,0.7955418852098545,0.6070728613533193,0.3309846807160053,0.20445811479014553,0.7955418852098545,primary ten-seed confirmation; original source checkpoint and supported bank,,,,,,,,,,,,,,0.03802232626951241,0.10505704256252751
0.845606366148741,0.9483964217701246,0.9222556536930993,0.8665,0.1006925875371191,0.335359430113298,0.0253327482814099,0.0147870965501936,0.0454322151577022,0.9822970167194842,0.6124031007751938,0.9142220240748996,11215.0,0.9865384615384616,0.6377358490566037,0.8687898089171975,785.0,0.0109661532316475,0.0296086106162804,0.0908879041671752,0.006904673892221,0.5379649506141011,0.0008920264197837,0.0472396714413618,0.0045282679669387,0.0117574664262624,0.0405740737915039,0.1222695801321916,0.0472148628559424,0.0014151365830922,0.0127708518907973,0.0077707833666013,0.0030883618243681,0.0037271907749765,0.0053508284671935,0.0060760009802679,0.0077707833666013,0.0168991226500836,0.0300072738443179,0.0554659053770999,0.0983731425469892,True,interfair/training/equality/runs/confirmation/main/mlp/hmda_oh/1003/interfair/selected.pt,cpu,13.0,hmda_oh,1003,mlp,soft,interfair/training/equality/runs/confirmation/main/mlp/hmda_oh/1003/interfair/DONE.json,7d4693c48dfcef7811c096dfe8664b4374516c8a73f0b827a167e8c6a918cf12,1.0,34.0,563.1939992389962,0.095907680188651,True,True,True,True,-0.1658175633221182,-0.0274707506280559,-0.0407270725400832,-0.0035185734317261,-0.0023473270056548,-0.0567525878658262,-0.0760259093400274,-0.0296380347282119,-0.0189530080530103,successful,,,,,,,,,,,,,,,,,,,,,0.0439834097349171,0.0073066972719295,0.0305307993364411,0.0118679093488186,interfair/training/equality/runs/confirmation/main/mlp/hmda_oh/1003/interfair/audit.npz,f1f460040f1926ec76fe934001adc0e0eeb6d53f210bc24771c9142219afc46b,interfair/training/equality/runs/confirmation/main/mlp/hmda_oh/1003/interfair/DONE.json,7d4693c48dfcef7811c096dfe8664b4374516c8a73f0b827a167e8c6a918cf12,4.61723150798781e-05,0.006904673892221,0.0,0.0,0.993095326107779,0.006904673892221,primary ten-seed confirmation; original source checkpoint and supported bank,,,,,,,,,,,,,,0.004241444818977369,0.025332748281409967
0.851874014457356,0.9516865281423909,0.9240888715649972,0.8701666666666666,0.0993675189244713,0.3305919929670296,0.1613061284188971,0.1079795228562547,0.1485277622383579,0.9834990711397662,0.6065891472868217,0.9141328577797592,11215.0,0.928846153846154,0.4452830188679245,0.7656050955414013,785.0,0.1600146863214021,0.403403861591449,1.442160278558731,0.776863665954954,0.9632468605994494,0.0814113198236069,0.1823041491711942,0.0332694640742415,0.1013605169378793,0.4073871672153473,0.6587069705950402,0.0745849108016624,0.0723310067332555,0.0396110318699636,0.0538597072501197,0.0094663091586101,0.0156787094750571,0.0214919123490249,0.0320067727618243,0.0538597072501197,0.0799696351520719,0.1229239316461001,0.1775845889264632,0.2400580169515559,True,interfair/data/partitions/runs/main/mlp/hmda_oh/1004/erm/task.pt,cuda,13.0,hmda_oh,1004,mlp,erm,interfair/data/partitions/runs/main/mlp/hmda_oh/1004/erm/DONE.json,297d3b700527e02f4cb78023a84e9bfe6a7340987b96c813645c6d160dfd50c3,,,,0.4460615923066839,True,True,False,False,0.0,0.0,0.0,0.0,0.0,0.0,0.0,0.0,0.0,reference,,,,,,,,,,,,,,,,,,,,,0.1729538592581565,0.0318768589685742,0.0540007340224333,0.041082335010714,interfair/data/partitions/runs/main/mlp/hmda_oh/1004/erm/audit_task.npz,a1463d13740aa00b8f9e20f1250b76c9702431a88cb0a3f49061e95488141ab3,interfair/data/partitions/runs/main/mlp/hmda_oh/1004/erm/DONE.json,297d3b700527e02f4cb78023a84e9bfe6a7340987b96c813645c6d160dfd50c3,0.0324894088108251,0.776863665954954,0.5757616820530391,0.2936110813308752,0.22313633404504596,0.776863665954954,primary ten-seed confirmation; original source checkpoint and supported bank,,,,,,,,,,,,,,0.05465291729361221,0.1613061284188972
0.8435570634546393,0.9481636136355412,0.92226029049848,0.86575,0.102888873879982,0.3432279638435657,0.0246160596752961,0.0131378046415786,0.0463233101709209,0.9881980111463228,0.6395348837209303,0.9240303165403476,11215.0,0.9865384615384616,0.6641509433962264,0.8777070063694268,785.0,0.0125835336433311,0.0333947418973995,0.1432574987411499,0.0130649522527727,0.4223514198717353,0.0018689095879586,0.0450543906913575,0.0039472230356505,0.0099880825441617,0.0501295328140258,0.0899920887690507,0.0437227530104942,0.003058786860713,0.0115973047595516,0.0088917388978134,0.0016794693726189,0.0032922808135192,0.0025067583096315,0.004513488035472,0.0088917388978134,0.015976825400841,0.036782776182558,0.0629139558272735,0.0984693316714228,True,interfair/training/equality/runs/confirmation/main/mlp/hmda_oh/1004/interfair/selected.pt,cpu,13.0,hmda_oh,1004,mlp,soft,interfair/training/equality/runs/confirmation/main/mlp/hmda_oh/1004/interfair/DONE.json,33a220c00d7b30d49c208623a14043169e44c0aeccc005878a89a39da78a0fc5,1.0,22.0,379.7605134379992,0.0902784651895805,True,True,True,True,-0.1474311526780709,-0.029322241038591,-0.0449679683523062,-0.0083169510027166,-0.0018285810665171,-0.094841718214676,-0.102204452067437,-0.0308621577911682,-0.028013727110412,successful,,,,,,,,,,,,,,,,,,,,,0.0359139842748841,0.006192171314223,0.0270000442965562,0.0075392335215317,interfair/training/equality/runs/confirmation/main/mlp/hmda_oh/1004/interfair/audit.npz,dd73660a9c383f60270f8aab3704710c8cff1b15fc42c8849efa16346225bb22,interfair/training/equality/runs/confirmation/main/mlp/hmda_oh/1004/interfair/DONE.json,33a220c00d7b30d49c208623a14043169e44c0aeccc005878a89a39da78a0fc5,4.6006624953993374e-05,0.0130649522527727,0.0003301364295905,0.0,0.9869350477472273,0.0130649522527727,primary ten-seed confirmation; original source checkpoint and supported bank,,,,,,,,,,,,,,0.0016595496078611882,0.02461605967529612
0.8529896364101569,0.9517036378394816,0.923972602739726,0.8705,0.0989140217608422,0.328982388878321,0.152762542050607,0.1035545307783359,0.1478530516738557,0.9793465195060648,0.5867248062015504,0.9070887204636648,11215.0,0.925,0.4339622641509434,0.759235668789809,785.0,0.1865701732356263,0.4848656421670544,1.6402018666267395,0.788092449824522,0.9860943505195248,0.0889727072183508,0.1645632383341972,0.035610287535095,0.1153649926185607,0.4010645747184753,0.6692559909810943,0.0833200824339306,0.0799750965373426,0.0351170864171133,0.059209401548268,0.0114095695295011,0.0165909654400929,0.0261126576699303,0.0393408364500811,0.059209401548268,0.0933850973030203,0.1359933633648474,0.1856147603897646,0.2203934910355452,True,interfair/data/partitions/runs/main/mlp/hmda_oh/1005/erm/task.pt,cuda,13.0,hmda_oh,1005,mlp,erm,interfair/data/partitions/runs/main/mlp/hmda_oh/1005/erm/DONE.json,2564549575b9156c3a6d6caf112cfb1cf639abc4af730bcc43fc430d8f1736f8,,,,0.4273914102681368,True,True,False,False,0.0,0.0,0.0,0.0,0.0,0.0,0.0,0.0,0.0,reference,,,,,,,,,,,,,,,,,,,,,0.1474522163088505,0.0283190091498769,0.0542854058218283,0.0329540670524609,interfair/data/partitions/runs/main/mlp/hmda_oh/1005/erm/audit_task.npz,219ba4b24a3b37875b245b86a7d799fa1d7c2a624c88779487a2a8f07035c4e4,interfair/data/partitions/runs/main/mlp/hmda_oh/1005/erm/DONE.json,2564549575b9156c3a6d6caf112cfb1cf639abc4af730bcc43fc430d8f1736f8,0.0396505646203284,0.788092449824522,0.6031380772365595,0.3332691445800038,0.21190755017547802,0.788092449824522,primary ten-seed confirmation; original source checkpoint and supported bank,,,,,,,,,,,,,,0.05434651950606473,0.15276254205060702
0.8449513689078275,0.9485467000702764,0.9213872832369944,0.864,0.1023231103369346,0.3397917156492462,0.0105656720783968,0.0055335442425893,0.0482594114456582,0.9889629548683204,0.6535852713178295,0.9272403031654036,11215.0,0.9884615384615384,0.6641509433962264,0.8789808917197452,785.0,0.0129914695244003,0.0340810443346316,0.1218476295471191,0.0102610937508808,0.4955632720411393,0.0016754092021441,0.0409517618278949,0.0044683779262516,0.0112684739323762,0.0509835481643676,0.1172153642226264,0.0431349392684298,0.0022824099157285,0.0107949021069097,0.005595620560377,0.0033682749867755,0.0034998927720414,0.003274329350027,0.0037844163206984,0.005595620560377,0.0126780964900492,0.0283420453745544,0.0592966824994011,0.0922783629929301,True,interfair/training/equality/runs/confirmation/main/mlp/hmda_oh/1005/interfair/selected.pt,cpu,13.0,hmda_oh,1005,mlp,soft,interfair/training/equality/runs/confirmation/main/mlp/hmda_oh/1005/interfair/DONE.json,8e64731bc2e60ddd48276b5a899a6e8de368875d093700edcd1f1b3ca1ecb741,1.0,24.0,410.3762204270024,0.1035906854636974,True,True,True,True,-0.173578703711226,-0.0311419096088434,-0.0536137809878909,-0.0080382675023293,-0.0025853195027317,-0.0980209865357465,-0.0995936402281975,-0.0401851431655007,-0.0243221843102035,successful,,,,,,,,,,,,,,,,,,,,,0.0331997868390655,0.005213025771129,0.0232501579189841,0.0094336271383896,interfair/training/equality/runs/confirmation/main/mlp/hmda_oh/1005/interfair/audit.npz,fe699df2427b8d26220629f3fe326a926345101fe0241243a9dbe68eaad262c4,interfair/training/equality/runs/confirmation/main/mlp/hmda_oh/1005/interfair/DONE.json,8e64731bc2e60ddd48276b5a899a6e8de368875d093700edcd1f1b3ca1ecb741,4.355780120219532e-05,0.0102610937508808,0.00028006947902,0.0,0.9897389062491192,0.0102610937508808,primary ten-seed confirmation; original source checkpoint and supported bank,,,,,,,,,,,,,,0.0005014164067820293,0.01056567207839687
0.8501276363328164,0.9505282431326338,0.9221248576662212,0.8689166666666667,0.0996532886399318,0.3326555965239064,0.1585966066988444,0.1115626418412221,0.1618033173269422,0.9664517539066768,0.5397286821705426,0.8879179670084708,11215.0,0.9019230769230768,0.3811320754716981,0.7261146496815286,785.0,0.2569076096223275,0.6950700300315822,2.3029401302337646,0.8589868823148554,1.137600805024172,0.1021761909897591,0.2353811238247614,0.0468390662698389,0.1606603306073408,0.5176662695594132,0.7302622931456215,0.0973160731796344,0.095774691545105,0.0435314684604796,0.0882191395077873,0.0156677389498669,0.0269682965522654,0.0434752591262278,0.0640506631574988,0.0882191395077873,0.1218204722286871,0.1561303831725915,0.2042837966266213,0.238938881846747,True,interfair/data/partitions/runs/main/mlp/hmda_oh/1006/erm/task.pt,cuda,13.0,hmda_oh,1006,mlp,erm,interfair/data/partitions/runs/main/mlp/hmda_oh/1006/erm/DONE.json,788dd9fc635ee2aa3494a285ef128c00a4283d3265e0f65c54312f0922a3ba3e,,,,0.4813086342209819,True,True,False,False,0.0,0.0,0.0,0.0,0.0,0.0,0.0,0.0,0.0,reference,,,,,,,,,,,,,,,,,,,,,0.2059337101303614,0.0383804583062346,0.0651781757608931,0.0511984113452733,interfair/data/partitions/runs/main/mlp/hmda_oh/1006/erm/audit_task.npz,73f79102b8e5648507f29a9307aa7d8777869c6d3778b95a07a0407a5cd4b027,interfair/data/partitions/runs/main/mlp/hmda_oh/1006/erm/DONE.json,788dd9fc635ee2aa3494a285ef128c00a4283d3265e0f65c54312f0922a3ba3e,0.0595648768355114,0.8589868823148554,0.7255330687951784,0.4846153776711459,0.14101311768514457,0.8589868823148554,primary ten-seed confirmation; original source checkpoint and supported bank,,,,,,,,,,,,,,0.06452867698359999,0.1585966066988445
0.8421382061493378,0.9475067418526504,0.9209875345588592,0.86425,0.1029478171626022,0.3435905800657996,0.0118692408951294,0.0074762762565137,0.0491391476951648,0.9815320729974866,0.622093023255814,0.9153811859117252,11215.0,0.9846153846153848,0.6339622641509434,0.8662420382165605,785.0,0.0153639617055098,0.0405243754673462,0.1118505001068115,0.0251463879434419,0.4580006765153216,0.0030071611048085,0.0448910526068215,0.004093321038367,0.0109154586035471,0.0355560183525085,0.0982392823006485,0.0487696543751087,0.0040753142900643,0.0122109220937737,0.007791023397391,0.0009516103777564,0.0036810175644357,0.0042307415879279,0.0068088992184669,0.007791023397391,0.0173593433047703,0.0335611910647054,0.062224225951458,0.0840401434809012,True,interfair/training/equality/runs/confirmation/main/mlp/hmda_oh/1006/interfair/selected.pt,cpu,13.0,hmda_oh,1006,mlp,soft,interfair/training/equality/runs/confirmation/main/mlp/hmda_oh/1006/interfair/DONE.json,ef20a593d2cdd8f407ee0e918bfd92507b01a807fd2568bd0c75176b7c8bf8ad,1.0,20.0,346.43271034100326,0.0839317212888883,True,True,True,True,-0.2415436479168176,-0.0427457452314719,-0.0804281161103962,-0.0079894301834786,-0.0011373231073619,-0.1040863655847084,-0.1126641696317773,-0.0485464188045257,-0.0313205463667059,successful,,,,,,,,,,,,,,,,,,,,,0.0333506897712029,0.0061039604862034,0.0354389336531766,0.0148014191674739,interfair/training/equality/runs/confirmation/main/mlp/hmda_oh/1006/interfair/audit.npz,6500f47ce1b46e7e20193683c2de1e3c5d75e869a3b6e58f8d0adf0be2f688a8,interfair/training/equality/runs/confirmation/main/mlp/hmda_oh/1006/interfair/DONE.json,ef20a593d2cdd8f407ee0e918bfd92507b01a807fd2568bd0c75176b7c8bf8ad,0.0001445495269912,0.0251463879434419,0.0002301940926098,0.0,0.9748536120565581,0.0251463879434419,primary ten-seed confirmation; original source checkpoint and supported bank,,,,,,,,,,,,,,0.00308331161789821,0.011869240895129418
0.8542168072389693,0.9522305657626022,0.9238648002731308,0.8699166666666667,0.0992486706969967,0.329223682353163,0.1441714202135439,0.0916432616143835,0.1330247535858196,0.9814227953229157,0.6007751937984496,0.9113687026304056,11215.0,0.9423076923076924,0.4566037735849056,0.778343949044586,785.0,0.1397142475908557,0.3540320268617224,1.23712420463562,0.7541702515841636,0.8354083864951714,0.0700858628540996,0.165369493385347,0.0266092185567938,0.0841199243297943,0.2755583226680755,0.6164907485397879,0.0707854054265902,0.0637648729512935,0.033738575830984,0.0433516903960539,0.0076972281357431,0.0136172102623443,0.0200882128878286,0.0289717196930692,0.0433516903960539,0.066054338580273,0.1076981908428618,0.1723890801248303,0.2369111013264746,True,interfair/data/partitions/runs/main/mlp/hmda_oh/1007/erm/task.pt,cuda,13.0,hmda_oh,1007,mlp,erm,interfair/data/partitions/runs/main/mlp/hmda_oh/1007/erm/DONE.json,44e768a3b675654730d543e2846f131b9b089a8e639397c1deefc65f62827329,,,,0.3759139104513517,True,True,False,False,0.0,0.0,0.0,0.0,0.0,0.0,0.0,0.0,0.0,reference,,,,,,,,,,,,,,,,,,,,,0.1522864593336215,0.027711848459708,0.0537857456193449,0.0407106447759284,interfair/data/partitions/runs/main/mlp/hmda_oh/1007/erm/audit_task.npz,7279feae88a8c10bc5736da452c36c5655a2bf1720bf65ec4c955b492f6cfb32,interfair/data/partitions/runs/main/mlp/hmda_oh/1007/erm/DONE.json,44e768a3b675654730d543e2846f131b9b089a8e639397c1deefc65f62827329,0.0265441909091923,0.7541702515841636,0.5287651260266737,0.2388028510635041,0.24582974841583638,0.7541702515841636,primary ten-seed confirmation; original source checkpoint and supported bank,,,,,,,,,,,,,,0.03911510301522325,0.14417142021354395
0.8469871081465575,0.9494389540413376,0.92132985406398,0.8643333333333333,0.1016337800593229,0.3369645009308448,0.0232649553897907,0.0140917507461802,0.0423744359663893,0.9854660692820456,0.6371124031007752,0.9213553276861346,11215.0,0.9903846153846154,0.660377358490566,0.8789808917197452,785.0,0.0121940935575069,0.0315351837529585,0.0993050336837768,0.0080834489491708,0.4911847417266874,0.0011774228194867,0.0512020230841308,0.0040218998107171,0.0108358219265937,0.0365205407142639,0.0973212576383474,0.0437055720025279,0.00213579174781,0.01330735474065,0.0074431829563254,0.0030478898041464,0.0040163261039785,0.0028657190017281,0.0050378394042427,0.0074431829563254,0.0145347548479913,0.0310546351066766,0.0530306236651778,0.0927124700708109,True,interfair/training/equality/runs/confirmation/main/mlp/hmda_oh/1007/interfair/selected.pt,cpu,13.0,hmda_oh,1007,mlp,soft,interfair/training/equality/runs/confirmation/main/mlp/hmda_oh/1007/interfair/DONE.json,519b2914efb8c208d7d010feee6d60c02268cc20f7fec6891ed0603364ea42aa,1.0,27.0,445.2842902029952,0.0920225871997395,True,True,True,True,-0.1275201540333488,-0.0225873187460767,-0.0359085074397284,-0.0072296990924117,-0.0025349462091508,-0.0775515108682033,-0.0906503176194303,-0.0270798334240622,-0.0204312210903339,successful,,,,,,,,,,,,,,,,,,,,,0.0365514945876226,0.0062266860184745,0.0293945595944776,0.0129915120623937,interfair/training/equality/runs/confirmation/main/mlp/hmda_oh/1007/interfair/audit.npz,3eb44433f1b7bf3b150bb6c0d87d8e89ea0b62dbea90e107a60fd16b4f6ad111,interfair/training/equality/runs/confirmation/main/mlp/hmda_oh/1007/interfair/DONE.json,519b2914efb8c208d7d010feee6d60c02268cc20f7fec6891ed0603364ea42aa,4.725004725004725e-05,0.0080834489491708,0.0,0.0,0.9919165510508292,0.0080834489491708,primary ten-seed confirmation; original source checkpoint and supported bank,,,,,,,,,,,,,,0.00491854610256981,0.023264955389790787
0.8490294182245512,0.9504309621728072,0.9214855679243424,0.8671666666666666,0.1004122604697082,0.3333721900442903,0.1375383940324703,0.1002251959402704,0.1505416710445235,0.970604305540378,0.563953488372093,0.8957646009808292,11215.0,0.9076923076923076,0.4264150943396226,0.7452229299363057,785.0,0.2371373423804674,0.6117442297534299,1.9219504594802856,0.8442193577585992,1.0914711705112,0.1161726819788561,0.209502957904568,0.0441154067085605,0.1299777558216681,0.513749897480011,0.7580081637740188,0.0948061051474697,0.1094466776486992,0.0412916340148792,0.0806302813702216,0.0112455434427595,0.0184349930023432,0.0322082969424699,0.0508802428413419,0.0806302813702216,0.1157481139773332,0.1599909982362434,0.2141188797916447,0.2361811460610887,True,interfair/data/partitions/runs/main/mlp/hmda_oh/1008/erm/task.pt,cuda,13.0,hmda_oh,1008,mlp,erm,interfair/data/partitions/runs/main/mlp/hmda_oh/1008/erm/DONE.json,16772b19ba900f0a56d9c3aa18e9013a8c0e758c2c3962e37d0ff0b7ad54a05d,,,,0.4653224245415374,True,True,False,False,0.0,0.0,0.0,0.0,0.0,0.0,0.0,0.0,0.0,reference,,,,,,,,,,,,,,,,,,,,,0.1944161733755698,0.0373178810740892,0.070003047638042,0.0495846148769483,interfair/data/partitions/runs/main/mlp/hmda_oh/1008/erm/audit_task.npz,efead20bd97589d2d1e634a13a3f56e13d106aba21c014a840c4e0b21efa46ec,interfair/data/partitions/runs/main/mlp/hmda_oh/1008/erm/DONE.json,16772b19ba900f0a56d9c3aa18e9013a8c0e758c2c3962e37d0ff0b7ad54a05d,0.0686127488313034,0.8442193577585992,0.6943714434781045,0.4534054771228006,0.15578064224140076,0.8442193577585992,primary ten-seed confirmation; original source checkpoint and supported bank,,,,,,,,,,,,,,0.06291199784807044,0.13753839403247042
0.8460403301242924,0.9487511423250528,0.9223212135805442,0.8655833333333334,0.1018233151830697,0.3383542644792646,0.0309894690653794,0.0156045375806962,0.0418899846940659,0.9901650092886024,0.6482558139534884,0.9272403031654036,11215.0,0.9903846153846154,0.6792452830188679,0.8853503184713376,785.0,0.0137726744649296,0.0359305584659943,0.1291059255599975,0.0149920700972478,0.5032904389613514,0.0017438649147807,0.0617872511033817,0.0048494664710378,0.0126210391521453,0.0479776263236999,0.1387424821447827,0.0424583931975456,0.0018595441296913,0.0149750916379105,0.0097021045213971,0.0027183145469463,0.0048054975026563,0.0036674085717618,0.0057958797710164,0.0097021045213971,0.0162343490217756,0.0351877771323034,0.0608444174274466,0.0993690974521423,True,interfair/training/equality/runs/confirmation/main/mlp/hmda_oh/1008/interfair/selected.pt,cpu,13.0,hmda_oh,1008,mlp,soft,interfair/training/equality/runs/confirmation/main/mlp/hmda_oh/1008/interfair/DONE.json,7c0125c85950ed46c06a55d2e7bf7d6069efdc25a4746eda617030b3c81aada0,1.0,26.0,589.8278587059904,0.1142169099163697,True,True,True,True,-0.2233646679155377,-0.0392659402375226,-0.0709281768488245,-0.0029890881002588,0.0008356456562017,-0.0846206583595741,-0.1086516863504576,-0.052347711949924,-0.0263165423769687,successful,,,,,,,,,,,,,,,,,,,,,0.0445040383677511,0.0062148271252685,0.0224759841293288,0.0066634804570305,interfair/training/equality/runs/confirmation/main/mlp/hmda_oh/1008/interfair/audit.npz,d42b376a9958c6860c9e14870df9cae24292d99215a563ab9149052c43750c1f,interfair/training/equality/runs/confirmation/main/mlp/hmda_oh/1008/interfair/DONE.json,7c0125c85950ed46c06a55d2e7bf7d6069efdc25a4746eda617030b3c81aada0,0.0,0.0149920700972478,0.0001998371810155,0.0,0.9850079299027522,0.0149920700972478,primary ten-seed confirmation; original source checkpoint and supported bank,,,,,,,,,,,,,,0.00021960609601301417,0.03098946906537947
0.8494643811452608,0.9509036556699892,0.921583051346182,0.86675,0.0999723072963156,0.3314083365260051,0.1688258739213105,0.1212122989471553,0.1652927295393169,0.975521800896077,0.5876937984496124,0.9041462327240304,11215.0,0.9019230769230768,0.4188679245283019,0.7388535031847133,785.0,0.1215412121548572,0.315610284759448,1.0145374089479446,0.7124278643333566,0.7208695388959995,0.0660687148658722,0.1533771099952551,0.0298301476100792,0.0855766901603111,0.2725826501846313,0.6821246517737775,0.0737031902227339,0.0599799818127356,0.0392359052426539,0.0645824228545633,0.0091203974372911,0.0139114210766914,0.0265273599283061,0.0399612673579559,0.0645824228545633,0.0951886085128234,0.1402110921229137,0.1981383712042016,0.2203046071590862,True,interfair/data/partitions/runs/main/mlp/hmda_oh/1009/erm/task.pt,cuda,13.0,hmda_oh,1009,mlp,erm,interfair/data/partitions/runs/main/mlp/hmda_oh/1009/erm/DONE.json,9f59af40b0ea1be8aae339cbe15cfccbb7cb7461107ac5ada61dd92be5a70247,,,,0.4047334656740283,True,True,False,False,0.0,0.0,0.0,0.0,0.0,0.0,0.0,0.0,0.0,reference,,,,,,,,,,,,,,,,,,,,,0.1357343706947106,0.0314632806067283,0.0666593737945196,0.0505223966289841,interfair/data/partitions/runs/main/mlp/hmda_oh/1009/erm/audit_task.npz,be8553181247d005e186b3fde108f48e1f12325c6f6229096998d5ad5757e973,interfair/data/partitions/runs/main/mlp/hmda_oh/1009/erm/DONE.json,9f59af40b0ea1be8aae339cbe15cfccbb7cb7461107ac5ada61dd92be5a70247,0.0284008369104498,0.7124278643333564,0.474441414069278,0.1830058249131157,0.28757213566664364,0.7124278643333564,primary ten-seed confirmation; original source checkpoint and supported bank,,,,,,,,,,,,,,0.07359872397300016,0.16882587392131054
0.8434913550620036,0.948369283990081,0.9213352120888196,0.8650833333333333,0.1030242184456912,0.3443596940689613,0.027270732777534,0.0189358589789001,0.0404769544882734,0.9797836302043492,0.6104651162790697,0.911814534106108,11215.0,0.9903846153846154,0.6377358490566037,0.8713375796178344,785.0,0.0142576711081933,0.0377242674621251,0.1229792833328247,0.0169942573876886,0.4938076644362713,0.0019939095422487,0.0459483440614417,0.0047577291427538,0.0118925804129013,0.0338532924652099,0.1316592046748197,0.0554376401121986,0.0033506510759488,0.0129889591923734,0.0132701092094872,0.0026289241197781,0.0026297928233375,0.0036135908686064,0.0066824383369243,0.0132701092094872,0.025089670928286,0.0424837607365129,0.0662621336724065,0.0869252390007186,True,interfair/training/equality/runs/confirmation/main/mlp/hmda_oh/1009/interfair/selected.pt,cpu,13.0,hmda_oh,1009,mlp,soft,interfair/training/equality/runs/confirmation/main/mlp/hmda_oh/1009/interfair/DONE.json,f6390a9562723601bf1df99e93536b8c77ad18376f2b1d6ac4989367ca9df99e,1.0,24.0,536.279805343991,0.0858212783431041,True,True,True,True,-0.1072835410466638,-0.0250724184673254,-0.0513123136450761,-0.0059730260832572,-0.0002478392573623,-0.1022764399682552,-0.1248157750510434,-0.0182655501105352,-0.0262469460502805,successful,,,,,,,,,,,,,,,,,,,,,0.0360475094119571,0.0069668041703819,0.0395949876324897,0.0166374344940892,interfair/training/equality/runs/confirmation/main/mlp/hmda_oh/1009/interfair/audit.npz,7196a14be976157fb8eb6c863e1e809b96dcbb9a0fbf763fa994e36d5fb90ab2,interfair/training/equality/runs/confirmation/main/mlp/hmda_oh/1009/interfair/DONE.json,f6390a9562723601bf1df99e93536b8c77ad18376f2b1d6ac4989367ca9df99e,4.725004725004725e-05,0.0169942573876886,0.0001426353134162,0.0,0.9830057426123114,0.0169942573876886,primary ten-seed confirmation; original source checkpoint and supported bank,,,,,,,,,,,,,,0.010600985180266198,0.027270732777534
0.7800128760718325,0.9104318577688344,0.8938221998995479,0.8239506995336442,0.1344713732321314,0.4295747514794106,0.0169738207819166,0.0142825357569144,0.0238456303577053,0.9445368829728232,0.6156521739130435,0.8650126156433978,2378.0,0.9561281337047354,0.6326259946949602,0.8888582460011032,3626.0,0.0150230286523279,0.0405216572961459,0.16312126070261,0.0311439754494727,0.1502798307833116,0.0047919496256156,0.0058629829880332,0.0027985011891303,0.0071917481365657,0.0414022803306579,0.0299564475551684,0.0200878540718606,0.0087936334201429,0.0017327932621188,0.0082074795906781,0.0,0.0005680083029263,0.0047184141932563,0.0081556060212708,0.0082074795906781,0.016356296136577,0.0285535513098352,0.0781520471980543,0.1069330918908542,True,interfair/data/partitions/runs/main/mlp/default_credit/1000/erm/task.pt,cpu,21.0,credit_broad,1000,mlp,erm,interfair/data/tasks/evaluations/confirmation/main/mlp/credit_broad/1000/erm/DONE.json,f6d54d9b2ae8139166da3cf632e91928ca615ac9becc50a4a1d053145390af07,,,,0.1393130983090179,True,True,False,False,0.0,0.0,0.0,0.0,0.0,0.0,0.0,0.0,0.0,reference,,,,,,,,,,,,,,,,,,,,,0.0063383428918397,0.0018337551250776,0.0059328885813908,0.002540800769862,interfair/data/tasks/evaluations/confirmation/main/mlp/credit_broad/1000/erm/PREDICTIONS.npz,4df91e17aacb2544cfa99c7a450cc099b4ad16178077f915a80b1d0a2f12af78,interfair/data/tasks/evaluations/confirmation/main/mlp/credit_broad/1000/erm/DONE.json,f6d54d9b2ae8139166da3cf632e91928ca615ac9becc50a4a1d053145390af07,0.0001232003443493,0.0311439754494727,0.0012852157704695,0.0,0.9688560245505273,0.0311439754494727,primary ten-seed confirmation; original source checkpoint and supported bank,,,,,,,,,,,,,,0.01159125073191214,0.01697382078191667
0.7841192163300781,0.9131400557405964,0.8926508663612827,0.8204530313124584,0.1344625256181031,0.4287517255356571,0.0186968054434321,0.0123123578753828,0.0102384099140077,0.9550748752079868,0.6765217391304348,0.8877207737594617,2378.0,0.9610027855153204,0.6578249336870027,0.8979591836734694,3626.0,0.0133271142260164,0.0354660844164235,0.1041650269180536,0.0133621457774439,0.1553518662556982,0.0043151328792572,0.0054811926465567,0.0018322162176047,0.0056553580931254,0.0262717008590698,0.0072620242553498,0.0194661328332401,0.0069716998463715,0.0011362863848533,0.0111455755261528,0.0,0.0005195920196995,0.0108168261537908,0.0146798391047971,0.0111455755261528,0.0058047329437553,0.0076144389747117,0.0142455679237949,0.0206250937671581,True,interfair/data/tasks/runs/confirmation/primary/mlp/credit_broad/1000/interfair/selected.pt,cpu,21.0,credit_broad,1000,mlp,soft,interfair/data/tasks/runs/confirmation/primary/mlp/credit_broad/1000/interfair/DONE.json,5d096e9a44b2a2f57e043e45810fb6e8e12037f67c083242085567da15fcb0b5,1.0,21.0,308.4502625419991,0.0941232772477605,True,True,True,False,-0.0016959144263114,-0.0009662849715255,0.0029380959354747,0.0041063402582456,-0.0011713335382652,-0.0019701778815315,-0.0136072204436976,-0.0006217212386204,-0.0005965068772655,mixed,,,,,,,,,,,,,,,,,,,,,0.0029476945088465,0.0007307095183496,0.0082535955389065,0.0040148295658066,interfair/data/tasks/runs/confirmation/primary/mlp/credit_broad/1000/interfair/audit.npz,28a34ff8b2c8c959d5194d1dda693b9effdd28bfaf7ea68de63027c03eeae59b,interfair/data/tasks/runs/confirmation/primary/mlp/credit_broad/1000/interfair/DONE.json,5d096e9a44b2a2f57e043e45810fb6e8e12037f67c083242085567da15fcb0b5,7.431918631461893e-05,0.0133621457774439,2.4711493315541057e-05,0.0,0.9866378542225561,0.0133621457774439,primary ten-seed confirmation; original source checkpoint and supported bank,,,,,,,,,,,,,,0.005927910307333528,0.018696805443432107
0.784748373389988,0.9128982782872204,0.888506329113924,0.8166222518321119,0.1360773679690951,0.4343577522931381,0.0636051205166647,0.0475691872202049,0.0498279642818871,0.9190238491403216,0.5756521739130435,0.8359966358284272,2378.0,0.9505571030640668,0.6392572944297082,0.8858246001103144,3626.0,0.0653820314937876,0.1793538701055304,0.6331185214221478,0.4768641055436836,0.2384887829228502,0.0620229404590861,0.0361564641594623,0.0107945318628161,0.0368765738038789,0.1593808531761169,0.3396748610928689,0.0335887967452968,0.0650738829372228,0.0069174880219922,0.0333821448406993,0.004325485208059,0.0122870930957127,0.0208942293743352,0.0257647667683132,0.0333821448406993,0.0328329946226898,0.040572962098042,0.0709523251512885,0.0761328553815349,True,interfair/data/partitions/runs/main/mlp/default_credit/1001/erm/task.pt,cpu,21.0,credit_broad,1001,mlp,erm,interfair/data/tasks/evaluations/confirmation/main/mlp/credit_broad/1001/erm/DONE.json,451fddc2834105f87ab05d376ca286333b93492c58a9a63fd16a4b8c95cb318f,,,,0.3213729847088858,True,True,False,False,0.0,0.0,0.0,0.0,0.0,0.0,0.0,0.0,0.0,reference,,,,,,,,,,,,,,,,,,,,,0.0337152176809025,0.0063097579703316,0.018578132958867,0.0122338496791461,interfair/data/tasks/evaluations/confirmation/main/mlp/credit_broad/1001/erm/PREDICTIONS.npz,996c17462a88b95674bf320d41f6ce234ce32a05620cf93189941d8f741dfb4b,interfair/data/tasks/evaluations/confirmation/main/mlp/credit_broad/1001/erm/DONE.json,451fddc2834105f87ab05d376ca286333b93492c58a9a63fd16a4b8c95cb318f,0.025160149706082,0.4768641055436836,0.2126098189355742,0.0433879267209727,0.5231358944563165,0.4768641055436836,primary ten-seed confirmation; original source checkpoint and supported bank,,,,,,,,,,,,,,0.031533253923745175,0.06360512051666478
0.7835508182341272,0.9127942880189176,0.8922518159806295,0.8221185876082612,0.1352446958165901,0.4315014456342774,0.0134425095144735,0.0100733744834127,0.0133794476579529,0.9417637271214644,0.6208695652173913,0.8641715727502103,2378.0,0.9484679665738162,0.6074270557029178,0.8775510204081632,3626.0,0.0129971095840932,0.0337306707920063,0.077831894159317,0.0078236930159356,0.1196295328316177,0.0042521603795543,0.0051459118569943,0.0021304514183968,0.0060546165420895,0.019188642501831,0.0085988828047623,0.0174206033963847,0.0077783697839898,0.0009333563452701,0.0111236835788939,0.0,0.0,0.0047562575894474,0.018193083570992,0.0111236835788939,0.0117579875298752,0.0156356810600647,0.0348318641752606,0.017575155687651,True,interfair/data/tasks/runs/confirmation/primary/mlp/credit_broad/1001/interfair/selected.pt,cpu,21.0,credit_broad,1001,mlp,soft,interfair/data/tasks/runs/confirmation/primary/mlp/credit_broad/1001/interfair/DONE.json,c4954fac847dada7422bfbb92b1160abe33156c36a17cfe3a20b6450c724b27c,1.0,16.0,238.56262986600632,0.1222949268702694,True,True,True,True,-0.0523849219096943,-0.0086640804444193,-0.0222584612618053,-0.0011975551558608,0.0037454868667055,-0.0374958127367922,-0.0364485166239342,-0.0161681933489121,-0.005984131676722,successful,,,,,,,,,,,,,,,,,,,,,0.0045424507439519,0.000630315604861,0.006297573371395,0.0039234791301599,interfair/data/tasks/runs/confirmation/primary/mlp/credit_broad/1001/interfair/audit.npz,dca7f4688c7bc492233c7c05fd8cfdb6d7857f5f499616fc94771fa7bec2de31,interfair/data/tasks/runs/confirmation/primary/mlp/credit_broad/1001/interfair/DONE.json,c4954fac847dada7422bfbb92b1160abe33156c36a17cfe3a20b6450c724b27c,2.494449849085784e-05,0.0078236930159356,0.0,0.0,0.9921763069840644,0.0078236930159356,primary ten-seed confirmation; original source checkpoint and supported bank,,,,,,,,,,,,,,0.006704239452351768,0.013442509514473566
0.7871995750896295,0.9137074187715556,0.8922461230615307,0.8206195869420386,0.1342519986782382,0.4305096054004941,0.0291731057548149,0.0212203047332589,0.0272176881572532,0.9456461453133668,0.6313043478260869,0.8696383515559294,2378.0,0.9589136490250696,0.6604774535809018,0.8968560397131826,3626.0,0.0264236488393585,0.0701672071679716,0.1881538033485412,0.1439247020438188,0.2139625732611659,0.0152176626828017,0.0127208850996993,0.0044371826654173,0.0130164761628423,0.0517832040786743,0.1201022044182014,0.025030396243029,0.0159702073283296,0.0035130818917883,0.0137414572442117,0.0,0.0017269904265526,0.0090217610715661,0.0117578753075537,0.0137414572442117,0.0191780456431635,0.0284291094467092,0.0552849146736706,0.1059978060916873,True,interfair/data/partitions/runs/main/mlp/default_credit/1002/erm/task.pt,cpu,21.0,credit_broad,1002,mlp,erm,interfair/data/tasks/evaluations/confirmation/main/mlp/credit_broad/1002/erm/DONE.json,613524b8627f0d316bb164944771c2e537b753e13f02e2120e2215a36f0b0b25,,,,0.1772717707836153,True,True,False,False,0.0,0.0,0.0,0.0,0.0,0.0,0.0,0.0,0.0,reference,,,,,,,,,,,,,,,,,,,,,0.011597922451507,0.0031694227788616,0.0134707389554817,0.0054519794167269,interfair/data/tasks/evaluations/confirmation/main/mlp/credit_broad/1002/erm/PREDICTIONS.npz,156f5c35c02ce847bcf0ed67431b53e445607a78e5c936bcb366872047ff0456,interfair/data/tasks/evaluations/confirmation/main/mlp/credit_broad/1002/erm/DONE.json,613524b8627f0d316bb164944771c2e537b753e13f02e2120e2215a36f0b0b25,0.0015603683489093,0.1439247020438188,0.01057857733805,0.0,0.8560752979561812,0.1439247020438188,primary ten-seed confirmation; original source checkpoint and supported bank,,,,,,,,,,,,,,0.013267503711702822,0.02917310575481491
0.7829715559525678,0.9142727352131717,0.8901980700863382,0.8199533644237175,0.1356795381801397,0.4329171787404946,0.0126387157275787,0.010814802449189,0.0234503912264335,0.9295618413754853,0.5878260869565217,0.8469301934398654,2378.0,0.942200557103064,0.596816976127321,0.870380584666299,3626.0,0.0133426944583888,0.037103713552157,0.1051612198352813,0.0150312187253132,0.1389504564732069,0.0034206053476748,0.0053370457384248,0.0022063208315329,0.0065056272205852,0.0255167484283447,0.013596553473685,0.0212059043936556,0.0075434345212012,0.0009825810231239,0.0081827072260137,0.0,2.444509631367948e-05,0.0033340034506425,0.0177380178274371,0.0081827072260137,0.0098110956787757,0.0132812329318156,0.0292149352545917,0.0156171257546493,True,interfair/data/tasks/runs/confirmation/primary/mlp/credit_broad/1002/interfair/selected.pt,cpu,21.0,credit_broad,1002,mlp,soft,interfair/data/tasks/runs/confirmation/primary/mlp/credit_broad/1002/interfair/DONE.json,aaa58d061a94bb91015a0bb4a96a4e4e54eafd578209340caeb541830413a9bf,1.0,16.0,223.03371617400265,0.1040427604772672,True,True,True,True,-0.0130809543809697,-0.0022308618338843,-0.0055587500181979,-0.0042280191370616,-0.0020480529751925,-0.0104055022840698,-0.0037672969308196,-0.0038244918493734,-0.0025305008686643,successful,,,,,,,,,,,,,,,,,,,,,0.0037745543334673,0.0005469707641984,0.0056724382961451,0.0038693238358821,interfair/data/tasks/runs/confirmation/primary/mlp/credit_broad/1002/interfair/audit.npz,4a30160ff1b11bbbeb2774830d08606d2c08f26aea4e58c958c53417332f8ce4,interfair/data/tasks/runs/confirmation/primary/mlp/credit_broad/1002/interfair/DONE.json,aaa58d061a94bb91015a0bb4a96a4e4e54eafd578209340caeb541830413a9bf,4.9193703510870254e-05,0.0150312187253132,4.927005320158935e-05,0.0,0.9849687812746868,0.0150312187253132,primary ten-seed confirmation; original source checkpoint and supported bank,,,,,,,,,,,,,,0.012638715727578798,0.008990889170799266
0.7838480945425574,0.913168033455766,0.8927272727272727,0.8231179213857428,0.1341673563690381,0.4283058083086209,0.0267327874524275,0.0207103322563948,0.0288703165670605,0.9362174154187464,0.591304347826087,0.8528174936921783,2378.0,0.9509052924791086,0.6180371352785146,0.8816878102592388,3626.0,0.0219826425861005,0.0563163879815311,0.1767992526292801,0.0849470225417727,0.185911586232614,0.0097695934113225,0.0108370802709818,0.004066259940313,0.0107148508940424,0.0437364876270294,0.0833766634065785,0.0244916713427908,0.0120591599993975,0.0028503863110537,0.0084253280395955,4.939740545764467e-05,0.005961508842261,0.0078591723851503,0.0087826776234201,0.0084253280395955,0.0212812806586802,0.0371608902745872,0.0806045032281313,0.1337302189735278,True,interfair/data/partitions/runs/main/mlp/default_credit/1003/erm/task.pt,cpu,21.0,credit_broad,1003,mlp,erm,interfair/data/tasks/evaluations/confirmation/main/mlp/credit_broad/1003/erm/DONE.json,003d9452e56e9319c04ea22cca95d6fcb9b3e0f795612f042d39931200d2f4ed,,,,0.1660262333019578,True,True,False,False,0.0,0.0,0.0,0.0,0.0,0.0,0.0,0.0,0.0,reference,,,,,,,,,,,,,,,,,,,,,0.0106863279335779,0.0029375891154341,0.0084773561364272,0.0042364565324778,interfair/data/tasks/evaluations/confirmation/main/mlp/credit_broad/1003/erm/PREDICTIONS.npz,983cf977c784f848f7fe77c61c4533a72ffd84397a8a62900bead4f52d2612ae,interfair/data/tasks/evaluations/confirmation/main/mlp/credit_broad/1003/erm/DONE.json,003d9452e56e9319c04ea22cca95d6fcb9b3e0f795612f042d39931200d2f4ed,0.0007701246054791,0.0849470225417727,0.003253573137742,0.0,0.9150529774582273,0.0849470225417727,primary ten-seed confirmation; original source checkpoint and supported bank,,,,,,,,,,,,,,0.014687877060362231,0.026732787452427575
0.7836774061153293,0.9125905895254122,0.8920047732696897,0.8191205862758161,0.1344405751647072,0.4286672434621214,0.010238726790451,0.0077027820861414,0.0113141840283496,0.9561841375485304,0.68,0.8894028595458369,2378.0,0.961350974930362,0.669761273209549,0.9007170435741865,3626.0,0.0152882590354943,0.0395679670607759,0.1098013296723365,0.0191681514573651,0.1679751169888529,0.0048546079674221,0.0073864011652356,0.0021804722331241,0.0065733126231602,0.0274415612220764,0.0108109810086008,0.0221808286864212,0.008429527679923,0.0013208377481761,0.009422670755666,0.0,0.0016309441863208,0.0098103973866202,0.0092191660639234,0.009422670755666,0.0083884254642561,0.0123174456771705,0.0220041963608001,0.0269453506101518,True,interfair/data/tasks/runs/confirmation/primary/mlp/credit_broad/1003/interfair/selected.pt,cpu,21.0,credit_broad,1003,mlp,soft,interfair/data/tasks/runs/confirmation/primary/mlp/credit_broad/1003/interfair/DONE.json,06aa0fce900f91a9aeb15cb43e2b6df39797287627fc86aaef275c713442ad98,1.0,22.0,307.1136951829976,0.0983043629230585,True,True,True,False,-0.0066943835506061,-0.0018857877071889,0.0009973427160704,-0.0001706884272281,-0.0007224994575829,-0.0130075501702534,-0.0175561325387109,-0.0023108426563696,-0.0015295485628776,mixed,,,,,,,,,,,,,,,,,,,,,0.0049424281744939,0.00085794699236,0.0067569403442557,0.0028661546335042,interfair/data/tasks/runs/confirmation/primary/mlp/credit_broad/1003/interfair/audit.npz,d9101b48cbbf47691a8726af8a161398b8cd497d8e8627db92620c16e2cbc088,interfair/data/tasks/runs/confirmation/primary/mlp/credit_broad/1003/interfair/DONE.json,06aa0fce900f91a9aeb15cb43e2b6df39797287627fc86aaef275c713442ad98,9.934236038599276e-05,0.0191681514573651,4.929529165666472e-05,0.0,0.9808318485426349,0.0191681514573651,primary ten-seed confirmation; original source checkpoint and supported bank,,,,,,,,,,,,,,0.005166837381831657,0.010238726790451014
0.7850183685212233,0.912167233659842,0.892547141574379,0.8206195869420386,0.1347827643820966,0.4326102374170809,0.0324137931034482,0.0252779743128681,0.0314581586959334,0.9456461453133668,0.64,0.8717409587888982,2378.0,0.9637883008356546,0.6724137931034483,0.9031991174848316,3626.0,0.0428573458025538,0.1154500559061055,0.4184243232011795,0.3190472246223713,0.23508577618934,0.033557184351166,0.0219643178586795,0.0065108732472996,0.0217787971986191,0.1009473204612732,0.19398178848776,0.0290815505827227,0.0337368603131488,0.0041864558088172,0.0185730662653039,0.0016557374229883,0.0060547346246949,0.01284140930138,0.0179519556681055,0.0185730662653039,0.0241286137023741,0.0218946504932002,0.0456220637103959,0.0954434572054559,True,interfair/data/partitions/runs/main/mlp/default_credit/1004/erm/task.pt,cpu,21.0,credit_broad,1004,mlp,erm,interfair/data/tasks/evaluations/confirmation/main/mlp/credit_broad/1004/erm/DONE.json,0890f6c6d4debbaef27dbcb8b3a6675f32119c85b699b5e237c5904bb1feaa7e,,,,0.2238832908437732,True,True,False,False,0.0,0.0,0.0,0.0,0.0,0.0,0.0,0.0,0.0,reference,,,,,,,,,,,,,,,,,,,,,0.0195668377828937,0.0031247075296917,0.010918122397515,0.0066987057236174,interfair/data/tasks/evaluations/confirmation/main/mlp/credit_broad/1004/erm/PREDICTIONS.npz,00144a389b4bf769fa35a2aaf0318656ebad054b327e632b7b88ed430e0e983c,interfair/data/tasks/evaluations/confirmation/main/mlp/credit_broad/1004/erm/DONE.json,0890f6c6d4debbaef27dbcb8b3a6675f32119c85b699b5e237c5904bb1feaa7e,0.0085372884198752,0.3190472246223713,0.0854033603587035,0.0073854995111298,0.6809527753776288,0.3190472246223713,primary ten-seed confirmation; original source checkpoint and supported bank,,,,,,,,,,,,,,0.018142155522287817,0.032413793103448274
0.7829314791789894,0.9107801025924582,0.8928642814311413,0.82145236508994,0.1341664740689406,0.4286802788707487,0.0066981893668549,0.0059586806875647,0.012843648131405,0.952301719356628,0.6539130434782608,0.8801513877207737,2378.0,0.9575208913649024,0.6472148541114059,0.8929950358521788,3626.0,0.0130426722911397,0.0339080066907973,0.1039720773696899,0.0089596533730439,0.1589483444427126,0.0034181441348007,0.0071896483676005,0.0019733248565513,0.0058305897173427,0.0220110118389129,0.0069917242993126,0.0215038906223474,0.0080015890049133,0.0014118662391183,0.0066750594991682,0.0,0.0004431286392596,0.0092742912724744,0.007543511372065,0.0066750594991682,0.0078376337669939,0.0095703129522956,0.0260289081404632,0.023739258185203,True,interfair/data/tasks/runs/confirmation/primary/mlp/credit_broad/1004/interfair/selected.pt,cpu,21.0,credit_broad,1004,mlp,soft,interfair/data/tasks/runs/confirmation/primary/mlp/credit_broad/1004/interfair/DONE.json,8166d6bebd94ad996c4a2b55b198769e5c094ef6a63dc3a4c414af95b57f53f7,1.0,21.0,283.3923336810112,0.0917659455773374,True,True,True,True,-0.0298146735114141,-0.0045375483907482,-0.0118980067661356,-0.0020868893422338,0.0003171398567622,-0.0193192936253033,-0.0186145105645284,-0.0075776599603753,-0.0027745895696989,successful,,,,,,,,,,,,,,,,,,,,,0.0043542911562,0.0006639524209484,0.0081953422272659,0.0034814376881021,interfair/data/tasks/runs/confirmation/primary/mlp/credit_broad/1004/interfair/audit.npz,5107352ba1550cefc9c5aaaa247bf41896eb0be60ccdd7a363bd9d0235bb7236,interfair/data/tasks/runs/confirmation/primary/mlp/credit_broad/1004/interfair/DONE.json,8166d6bebd94ad996c4a2b55b198769e5c094ef6a63dc3a4c414af95b57f53f7,0.0,0.0089596533730439,2.447021974257329e-05,0.0,0.9910403466269561,0.0089596533730439,primary ten-seed confirmation; original source checkpoint and supported bank,,,,,,,,,,,,,,0.005219172008274375,0.006698189366854956
0.7884125010562402,0.914848857862468,0.8911306432281263,0.818454363757495,0.134434297157684,0.43016648195418,0.0368054434321299,0.0289959453282124,0.0346912797351341,0.9412090959511924,0.6382608695652174,0.8679562657695542,2378.0,0.9623955431754876,0.6750663129973474,0.9026475455046884,3626.0,0.0402889268771512,0.105856088877079,0.3398110866546631,0.3032121689116174,0.2427282904348084,0.0313382990776095,0.020450700056062,0.0066019156600881,0.0205579823326496,0.0806035101413726,0.2139913582160532,0.0291148360096983,0.0308196524682593,0.0050028729516171,0.0212965431549248,0.0025454464908249,0.0077670485989585,0.0137728925013997,0.0155775904797272,0.0212965431549248,0.0253386412979837,0.0300061774934882,0.0630513208164055,0.107611920308069,True,interfair/data/partitions/runs/main/mlp/default_credit/1005/erm/task.pt,cpu,21.0,credit_broad,1005,mlp,erm,interfair/data/tasks/evaluations/confirmation/main/mlp/credit_broad/1005/erm/DONE.json,c2e7a14531c73c35c134da1c6573383af9509ce7c7aa5cc115e925002b51c7f3,,,,0.2267543481230327,True,True,False,False,0.0,0.0,0.0,0.0,0.0,0.0,0.0,0.0,0.0,reference,,,,,,,,,,,,,,,,,,,,,0.0153616108687879,0.0042358820173135,0.0141920712468892,0.0087252928461374,interfair/data/tasks/evaluations/confirmation/main/mlp/credit_broad/1005/erm/PREDICTIONS.npz,417d7a636bd9f48673e6b6eb97309e23f34c7691e6d6c8d7dd15859a98fc0e93,interfair/data/tasks/evaluations/confirmation/main/mlp/credit_broad/1005/erm/DONE.json,c2e7a14531c73c35c134da1c6573383af9509ce7c7aa5cc115e925002b51c7f3,0.0068578595114703,0.3032121689116174,0.0688962343073911,0.0023739241688024,0.6967878310883826,0.3032121689116174,primary ten-seed confirmation; original source checkpoint and supported bank,,,,,,,,,,,,,,0.02118644722429519,0.03680544343212999
0.78425119606636,0.9159074807301444,0.891612641815235,0.8217854763491006,0.1352554983404832,0.4298869067422088,0.0257317495098604,0.0206873908909894,0.0295039980850385,0.9317803660565724,0.5843478260869566,0.847771236333053,2378.0,0.9474233983286908,0.610079575596817,0.8772752344180915,3626.0,0.0122398874269083,0.0324261073510916,0.0903455018997192,0.0067247974393468,0.1520253148469552,0.0032211484399383,0.0059977317381296,0.0017876305547152,0.005157576856159,0.0204110741615295,0.0041925568455545,0.0213123999740669,0.0050601520452244,0.001240392766313,0.003067482112145,0.0,0.0,0.0001961039854858,0.0063498407351533,0.003067482112145,0.0037369117203538,0.0128205892585182,0.0268233482207558,0.0218705113570788,True,interfair/data/tasks/runs/confirmation/primary/mlp/credit_broad/1005/interfair/selected.pt,cpu,21.0,credit_broad,1005,mlp,soft,interfair/data/tasks/runs/confirmation/primary/mlp/credit_broad/1005/interfair/DONE.json,8fe52e7c456cff665d3465a665ed35f7632e95d74f20c1e8a2ea712edc2931c2,1.0,16.0,238.27700927799745,0.0838774871384927,True,True,True,True,-0.0280490394502428,-0.0048142851053729,-0.0182290610427797,-0.0041613049898802,0.0004819985871087,-0.008308554437223,-0.0051872816500956,-0.0078024360356314,-0.003762480185304,successful,,,,,,,,,,,,,,,,,,,,,0.0045432875710307,0.0010530298604942,0.0089075418881144,0.0049662356375886,interfair/data/tasks/runs/confirmation/primary/mlp/credit_broad/1005/interfair/audit.npz,06b898dfe472cabd5dc9064aa12b3ba23b1a67ea6c693b204368ad5e9803d7f6,interfair/data/tasks/runs/confirmation/primary/mlp/credit_broad/1005/interfair/DONE.json,8fe52e7c456cff665d3465a665ed35f7632e95d74f20c1e8a2ea712edc2931c2,5.009894541719897e-05,0.0067247974393468,0.0,0.0,0.9932752025606532,0.0067247974393468,primary ten-seed confirmation; original source checkpoint and supported bank,,,,,,,,,,,,,,0.015643032272118385,0.025731749509860458
0.7863510419558754,0.91329823749459,0.8936084952915248,0.8231179213857428,0.1337409914800411,0.4270934190718135,0.0289978087879136,0.0204039303720156,0.026417700032983,0.9467554076539102,0.6208695652173913,0.8679562657695542,2378.0,0.9585654596100278,0.649867374005305,0.8943739658025373,3626.0,0.0166972917559058,0.0423628204457816,0.1748561039566993,0.0309662309961717,0.167817118951621,0.0064963844514001,0.0076413037937153,0.0029917327282492,0.0077849609511239,0.0442538559436798,0.0374090740440945,0.0216022879101696,0.0103733440844402,0.0018594086670836,0.0102343365339277,0.0,0.0015319508613735,0.0069957971061524,0.0113924597894893,0.0102343365339277,0.0165006918610743,0.027644890521523,0.0642453098743049,0.1194352159663705,True,interfair/data/partitions/runs/main/mlp/default_credit/1006/erm/task.pt,cpu,21.0,credit_broad,1006,mlp,erm,interfair/data/tasks/evaluations/confirmation/main/mlp/credit_broad/1006/erm/DONE.json,8e0c8b8ef1f88416de32c751d5a760b5579774ff374a2024d8cbba253e471475,,,,0.1384914755645326,True,True,False,False,0.0,0.0,0.0,0.0,0.0,0.0,0.0,0.0,0.0,reference,,,,,,,,,,,,,,,,,,,,,0.0080843652136193,0.0017734611083631,0.0063577028537519,0.0032373077704736,interfair/data/tasks/evaluations/confirmation/main/mlp/credit_broad/1006/erm/PREDICTIONS.npz,68e3f7844602b4ac0974c02ec969669eb6db41acf9fd16956a9305f1d9281dd4,interfair/data/tasks/evaluations/confirmation/main/mlp/credit_broad/1006/erm/DONE.json,8e0c8b8ef1f88416de32c751d5a760b5579774ff374a2024d8cbba253e471475,0.0002973981317449,0.0309662309961717,0.0010374774776338,0.0,0.9690337690038283,0.0309662309961717,primary ten-seed confirmation; original source checkpoint and supported bank,,,,,,,,,,,,,,0.011810051956117618,0.028997808787913693
0.7825411732515704,0.913128403741804,0.8915808600847971,0.8211192538307794,0.1353996539314765,0.4311843758613455,0.0141460039211164,0.012991835782863,0.0235619581408359,0.93732667775929,0.6052173913043478,0.8570227081581161,2378.0,0.9491643454038996,0.6193633952254642,0.880584666298952,3626.0,0.0113600313946248,0.0305743156444458,0.0885040163993835,0.0031895676992525,0.1282041495703461,0.0038088079358404,0.0048236083695491,0.001719985685739,0.0051127129367419,0.0210750997066497,0.0045993522351409,0.0180372855826352,0.0084111548275712,0.0008399003600714,0.0059299371611525,0.0,0.0,0.0007901395775428,0.0124633594771211,0.0059299371611525,0.0076103812778101,0.0088954303406829,0.0189430487761071,0.0122589220436939,True,interfair/data/tasks/runs/confirmation/primary/mlp/credit_broad/1006/interfair/selected.pt,cpu,21.0,credit_broad,1006,mlp,soft,interfair/data/tasks/runs/confirmation/primary/mlp/credit_broad/1006/interfair/DONE.json,5a1b54ca54144e9368a02a5ad4ac9a4477e6fc6c6f591170ede111a6b8eac882,1.0,16.0,229.92605352700048,0.0953572353145454,True,True,True,True,-0.0053372603612809,-0.0012717470425102,-0.0043043993727751,-0.0038098687043049,-0.0020276352067276,-0.0074120945891525,-0.0028557418921471,-0.0035650023275343,-0.0010195083070121,successful,,,,,,,,,,,,,,,,,,,,,0.0042032947990542,0.000607246406777,0.0075530980891376,0.0044466761611641,interfair/data/tasks/runs/confirmation/primary/mlp/credit_broad/1006/interfair/audit.npz,cdc986e41006644f25d4207a3c2c478798d016f61fa85f4cb19b9cd37ee0ad5a,interfair/data/tasks/runs/confirmation/primary/mlp/credit_broad/1006/interfair/DONE.json,5a1b54ca54144e9368a02a5ad4ac9a4477e6fc6c6f591170ede111a6b8eac882,0.0001485428534633,0.0031895676992525,0.0,0.0,0.9968104323007475,0.0031895676992525,primary ten-seed confirmation; original source checkpoint and supported bank,,,,,,,,,,,,,,0.011837667644609584,0.014146003921116423
0.7824677796421258,0.9140083200437832,0.8885539141794795,0.8152898067954697,0.1380491794029961,0.442168898312299,0.0702617921808326,0.0486913578401772,0.0471132466807102,0.9290072102052136,0.6034782608695652,0.8502943650126157,2378.0,0.9561281337047354,0.6737400530503979,0.897407611693326,3626.0,0.1040944024263953,0.314123757307728,1.4226510524749756,0.6036786262540277,0.345465314670535,0.0665840160427851,0.0669958100589378,0.0167291568995642,0.0628645513827601,0.3333570957183838,0.4383843484283262,0.0445068385716074,0.0645562553408135,0.0119779626613455,0.0384499209440028,0.0110503265393849,0.0217536850841619,0.0293830001124409,0.0346877528983957,0.0384499209440028,0.044070023203985,0.05549044349505,0.0922324439697585,0.1042160448739244,True,interfair/data/partitions/runs/main/mlp/default_credit/1007/erm/task.pt,cpu,21.0,credit_broad,1007,mlp,erm,interfair/data/tasks/evaluations/confirmation/main/mlp/credit_broad/1007/erm/DONE.json,2b572074a63b72024ec165abb179f2b0f461e8c872ea7ba15bd17cc5b2f9841f,,,,0.3758783467095423,True,True,False,False,0.0,0.0,0.0,0.0,0.0,0.0,0.0,0.0,0.0,reference,,,,,,,,,,,,,,,,,,,,,0.0546372701512139,0.0100176783040369,0.0209870507182418,0.0151533289918941,interfair/data/tasks/evaluations/confirmation/main/mlp/credit_broad/1007/erm/PREDICTIONS.npz,ba5fc7a706903857f39600eae716644c07122907de009caed42bfd43e4ceb4c4,interfair/data/tasks/evaluations/confirmation/main/mlp/credit_broad/1007/erm/DONE.json,2b572074a63b72024ec165abb179f2b0f461e8c872ea7ba15bd17cc5b2f9841f,0.0306829837883461,0.6036786262540277,0.3575332558595533,0.1358818678489153,0.3963213737459723,0.6036786262540277,primary ten-seed confirmation; original source checkpoint and supported bank,,,,,,,,,,,,,,0.027120923499521776,0.07026179218083262
0.7811087102602173,0.913679592717458,0.8891135146062873,0.8172884743504331,0.1359837143615527,0.4321971387020751,0.0164041051976202,0.0124599236632779,0.0255471997632276,0.9306711037160288,0.6121739130434782,0.8536585365853658,2378.0,0.947075208913649,0.6206896551724138,0.8792057363485934,3626.0,0.0117988243828433,0.0314469868938128,0.0828316211700439,0.0040281494250375,0.1289177722979701,0.0048902998460541,0.0068328878031105,0.0017383534024448,0.0051220740590776,0.0197450518608093,0.0037169663468625,0.0181213238569703,0.0079170920837326,0.001335198718365,0.0044008381154113,0.0,0.0,0.0005427027321254,0.0029413313029157,0.0044008381154113,0.003686541897614,0.0058890196678543,0.0139156812985184,0.0181674489948808,True,interfair/data/tasks/runs/confirmation/primary/mlp/credit_broad/1007/interfair/selected.pt,cpu,21.0,credit_broad,1007,mlp,soft,interfair/data/tasks/runs/confirmation/primary/mlp/credit_broad/1007/interfair/DONE.json,725349f83f2145ed30d262cfd76e20bf9b63cd22317e2059c8239ce64ddf953f,1.0,16.0,227.29562474699924,0.0959286096405235,True,True,True,True,-0.0922955780435519,-0.0149908034971194,-0.0340490828285915,-0.0013590693819084,0.0005596004268078,-0.0362314341768993,-0.0215660469174826,-0.026385514714637,-0.0106427639429804,successful,,,,,,,,,,,,,,,,,,,,,0.00570839257477,0.0011466195268542,0.0074868301147325,0.0040614866779243,interfair/data/tasks/runs/confirmation/primary/mlp/credit_broad/1007/interfair/audit.npz,c5929ded3d2d203290741153c1e0e48ea82643cc00ce0b98aecc75734793a3ef,interfair/data/tasks/runs/confirmation/primary/mlp/credit_broad/1007/interfair/DONE.json,725349f83f2145ed30d262cfd76e20bf9b63cd22317e2059c8239ce64ddf953f,7.508260927925323e-05,0.0040281494250375,0.0,0.0,0.9959718505749625,0.0040281494250375,primary ten-seed confirmation; original source checkpoint and supported bank,,,,,,,,,,,,,,0.016404105197620256,0.008515742128935577
0.7809501736257811,0.911266146943456,0.8934040636572915,0.822618254497002,0.135053108881924,0.4318310497804127,0.033889978087879,0.0229208888519042,0.0275071590702973,0.947310038824182,0.6226086956521739,0.8687973086627419,2378.0,0.9592618384401114,0.656498673740053,0.8963044677330392,3626.0,0.0154182547748447,0.041296553487579,0.1721808314323425,0.0244489309825678,0.1763235861502298,0.0033279609213744,0.0077572999464307,0.0034381553914485,0.0085747055354572,0.042370468378067,0.0589615273616138,0.0220898962241028,0.0053947016786147,0.0029002656834691,0.0158373346345356,0.0,0.0004924750266586,0.0070939085475927,0.0125974769821698,0.0158373346345356,0.0228860603032158,0.0374025988108333,0.075920780355713,0.137276930344665,True,interfair/data/partitions/runs/main/mlp/default_credit/1008/erm/task.pt,cpu,21.0,credit_broad,1008,mlp,erm,interfair/data/tasks/evaluations/confirmation/main/mlp/credit_broad/1008/erm/DONE.json,604cafe0c0513366ef862ca6c130d81bef037afaeeffd5d76dc18da4835e13b7,,,,0.1556438000689717,True,True,False,False,0.0,0.0,0.0,0.0,0.0,0.0,0.0,0.0,0.0,reference,,,,,,,,,,,,,,,,,,,,,0.007540432125672,0.0028822681397546,0.0063758338128792,0.0037596243700545,interfair/data/tasks/evaluations/confirmation/main/mlp/credit_broad/1008/erm/PREDICTIONS.npz,eea224f722f50074b2ddc865af1297ac5d4fd2fe9bd33994807e8b74b3c96f60,interfair/data/tasks/evaluations/confirmation/main/mlp/credit_broad/1008/erm/DONE.json,604cafe0c0513366ef862ca6c130d81bef037afaeeffd5d76dc18da4835e13b7,0.0001244664136171,0.0244489309825678,0.0010128101032858,0.0,0.9755510690174322,0.0244489309825678,primary ten-seed confirmation; original source checkpoint and supported bank,,,,,,,,,,,,,,0.011951799615929404,0.03388997808787908
0.778474668340556,0.9107690882025224,0.8934203917629332,0.8232844770153231,0.135243491333347,0.4315377015193437,0.0165609502940837,0.0114708596346723,0.0196677857377124,0.947310038824182,0.6173913043478261,0.8675357443229604,2378.0,0.9536908077994428,0.6339522546419099,0.8872035300606729,3626.0,0.0119484128960288,0.0317941815725394,0.0932483673095703,0.0053116044273791,0.1495274498900496,0.0023945126934615,0.0066474480938302,0.001837136223863,0.0055487226162637,0.0207195281982421,0.0056429439414901,0.0208259134536595,0.0040548795419644,0.0012266020838216,0.0079337123938127,0.0,0.0004177114724128,0.0097646530723152,0.0142124891020903,0.0079337123938127,0.0078222940184892,0.0100747404682634,0.0233112440662115,0.0303417981192632,True,interfair/data/tasks/runs/confirmation/primary/mlp/credit_broad/1008/interfair/selected.pt,cpu,21.0,credit_broad,1008,mlp,soft,interfair/data/tasks/runs/confirmation/primary/mlp/credit_broad/1008/interfair/DONE.json,50b62bf3637d54036c6d42e599399a5aad0cff3f2d6470bdb4bb5becbb482fc0,1.0,17.0,258.3546084910049,0.088213956518686,True,True,True,True,-0.0034698418788159,-0.0016010191675855,-0.0079036222407229,-0.0024755052852251,1.6328105641671975e-05,-0.0114500292172318,-0.0078393733325848,-0.0012639827704432,-0.0016736635996475,successful,,,,,,,,,,,,,,,,,,,,,0.0049877791880558,0.0008849850820287,0.0061747054881336,0.0036047686262466,interfair/data/tasks/runs/confirmation/primary/mlp/credit_broad/1008/interfair/audit.npz,3098ebd43966185707857a36e9f72027a36663389dc6c93e036ae1f6cfadb42d,interfair/data/tasks/runs/confirmation/primary/mlp/credit_broad/1008/interfair/DONE.json,50b62bf3637d54036c6d42e599399a5aad0cff3f2d6470bdb4bb5becbb482fc0,2.467308166790032e-05,0.0053116044273791,0.0,0.0,0.9946883955726209,0.0053116044273791,primary ten-seed confirmation; original source checkpoint and supported bank,,,,,,,,,,,,,,0.006380768975260853,0.016560950294083776
0.7880943011310826,0.9145276259893328,0.8925388082123185,0.8212858094603598,0.1340742689204622,0.429437852257112,0.0260200668896321,0.0213785526413887,0.0293339803131945,0.9428729894620078,0.6278260869565218,0.8666947014297729,2378.0,0.9596100278551531,0.6538461538461539,0.8960286817429675,3626.0,0.0445469872722644,0.1174637041985988,0.474097266793251,0.3439701989654001,0.2384462285969914,0.0349551412949354,0.0188350425920609,0.0063457456652408,0.0196897510261762,0.1041573584079742,0.1955163775340082,0.0286262987732247,0.0356788471870994,0.0037590057729881,0.0121840169370585,0.0030878587785156,0.0105545532453103,0.0162214551947795,0.0123412583091376,0.0121840169370585,0.0121187625620222,0.0233405406118607,0.0563405990238235,0.0925508980287378,True,interfair/data/partitions/runs/main/mlp/default_credit/1009/erm/task.pt,cpu,21.0,credit_broad,1009,mlp,erm,interfair/data/tasks/evaluations/confirmation/main/mlp/credit_broad/1009/erm/DONE.json,8f44c4e5091c36b0cfe8e00c4fbaeb6623ab77b641a308a306f77dd1537e1cbc,,,,0.2216753802337971,True,True,False,False,0.0,0.0,0.0,0.0,0.0,0.0,0.0,0.0,0.0,reference,,,,,,,,,,,,,,,,,,,,,0.0183814624446808,0.0029675238954875,0.0107142205082114,0.0056898613086539,interfair/data/tasks/evaluations/confirmation/main/mlp/credit_broad/1009/erm/PREDICTIONS.npz,94d33560dd06c5af0a03aedc0c70ac37993a592675fe63c6dbbe86ada8b921df,interfair/data/tasks/evaluations/confirmation/main/mlp/credit_broad/1009/erm/DONE.json,8f44c4e5091c36b0cfe8e00c4fbaeb6623ab77b641a308a306f77dd1537e1cbc,0.0073515445912776,0.3439701989654001,0.091893750118792,0.0050161595934218,0.6560298010346,0.3439701989654001,primary ten-seed confirmation; original source checkpoint and supported bank,,,,,,,,,,,,,,0.01673703839314533,0.0260200668896321
0.7872600926272417,0.9151673414653004,0.8931495905731975,0.8217854763491006,0.1338771117345451,0.4269650266174646,0.0088501902894706,0.0074537443938202,0.0129610137419821,0.9528563505268997,0.6573913043478261,0.8814129520605551,2378.0,0.9589136490250696,0.6485411140583555,0.8943739658025373,3626.0,0.0158686498580048,0.040971366351559,0.1126009225845336,0.0218151907737877,0.1665472001776905,0.0057080705772368,0.006757625125899,0.0022931284649047,0.0066773020085834,0.0265101492404937,0.0110858168016405,0.022960944187904,0.0088389466506678,0.0016077514632324,0.0079098654781619,2.467308166790032e-05,0.0051354909988797,0.0091029604746025,0.011353703444526,0.0079098654781619,0.0104801724714586,0.0110465496722004,0.0195306282197957,0.0200758028818319,True,interfair/data/tasks/runs/confirmation/primary/mlp/credit_broad/1009/interfair/selected.pt,cpu,21.0,credit_broad,1009,mlp,soft,interfair/data/tasks/runs/confirmation/primary/mlp/credit_broad/1009/interfair/DONE.json,5bbfd701cc02538880c536197c2745a27502c8b8238ff4fd48c02156a90e2725,1.0,15.0,212.17925832100445,0.099870826135832,True,True,True,True,-0.0286783374142595,-0.0040526172003361,-0.0042741514588965,-0.0008342085038408,0.000610782360879,-0.0139248082475684,-0.0163729665712124,-0.0056653545853206,-0.0021512543097556,successful,,,,,,,,,,,,,,,,,,,,,0.0044381733119889,0.001044389921051,0.0083780400403483,0.0029516302336092,interfair/data/tasks/runs/confirmation/primary/mlp/credit_broad/1009/interfair/audit.npz,0da0c4f7b93809a27b0bceeceff90c27618ac368cb72fa19d8cc71fd9c0e63e9,interfair/data/tasks/runs/confirmation/primary/mlp/credit_broad/1009/interfair/DONE.json,5bbfd701cc02538880c536197c2745a27502c8b8238ff4fd48c02156a90e2725,4.93717445505937e-05,0.0218151907737877,4.897835114059737e-05,0.0,0.9781848092262123,0.0218151907737877,primary ten-seed confirmation; original source checkpoint and supported bank,,,,,,,,,,,,,,0.0060572984981699385,0.00885019028947065
0.9051612424858464,0.8897152294547569,0.8173211237001397,0.821693682775337,0.124989761942405,0.3880693289035929,0.0803348251984462,0.0715505100252484,0.1537898594362763,0.8492019812878371,0.2237903225806451,0.567624810892587,3305.0,0.7864357864357865,0.1434554973821989,0.4138349514563106,3296.0,0.1041443754124294,0.2818854224681852,0.6901516914367676,0.5627097011838248,0.8694268327417806,0.0334179663173514,0.1149664813531307,0.0341060780677411,0.0769754193723201,0.1535963714122772,0.680171133442254,0.1274954939705888,0.0308378462308031,0.0208978068721871,0.137110741575628,0.0780851942098687,0.0968962000210814,0.1166703375459753,0.1320500601614005,0.137110741575628,0.1361772482301683,0.1307308064987228,0.1194379655716763,0.0757806536577878,True,interfair/data/tasks/runs/confirmation/main/mlp/acs_income/1000/erm/task.pt,cpu,5.0,acs_income,1000,mlp,erm,interfair/data/tasks/evaluations/confirmation/main/mlp/acs_income/1000/erm/DONE.json,6be61246714d4fc9086ec208e05c902c49fbd5e3065de3674b8e85522ef7ebb7,,,,0.2675081056245709,True,True,False,False,0.0,0.0,0.0,0.0,0.0,0.0,0.0,0.0,0.0,reference,,,,,,,,,,,,,,,,,,,,,0.1155262574333673,0.0142057749230966,0.0424337192453917,0.0286825662680019,interfair/data/tasks/evaluations/confirmation/main/mlp/acs_income/1000/erm/PREDICTIONS.npz,84ecc1f9a6f8f1d4060c6f60a3bd97e1dc99e96a468f1ef9a6dc66b42c22bd02,interfair/data/tasks/evaluations/confirmation/main/mlp/acs_income/1000/erm/DONE.json,6be61246714d4fc9086ec208e05c902c49fbd5e3065de3674b8e85522ef7ebb7,0.0088587615004607,0.5627097011838248,0.3301635019526668,0.1579673059456837,0.4372902988161752,0.5627097011838248,primary ten-seed confirmation; original source checkpoint and supported bank,,,,,,,,,,,,,,0.0627661948520506,0.0803348251984462
0.9004530037962865,0.8850302561701007,0.8139178418148375,0.8160884714437207,0.1277768459682902,0.3970429514044817,0.0166997437223083,0.012321962724184,0.0698295646490314,0.82168409466153,0.1915322580645161,0.5379727685325265,3305.0,0.8383838383838383,0.1994764397905759,0.4681432038834951,3296.0,0.0182054891505937,0.0458475375175475,0.1092607975006103,0.037557868379723,0.7556040451328387,0.0015540616077228,0.0146884694882743,0.0041313739044538,0.0104563172161579,0.0250216126441955,0.0948358765974187,0.1176814139847484,0.0016621697158309,0.0051447756450452,0.0178091119775934,0.0069877200503943,0.009700539712493,0.0132167520087007,0.0159282542032464,0.0178091119775934,0.0211100125912426,0.0241959504865377,0.0241454721391097,0.0205166364756448,True,interfair/data/tasks/runs/confirmation/primary/mlp/acs_income/1000/interfair/selected.pt,cpu,5.0,acs_income,1000,mlp,soft,interfair/data/tasks/runs/confirmation/primary/mlp/acs_income/1000/interfair/DONE.json,b40f9bfb61a194c08feed3d536eefa65a5f5a1c38340deca25c3479f9167d9e0,1.0,15.0,122.12572032000752,0.0351064264488638,True,True,True,True,-0.0859388862618357,-0.0299747041632872,-0.1193016295980345,-0.0047082386895599,-0.0034032818853021,-0.0592285473010643,-0.0839602947872449,-0.0098140799858403,-0.0157530312271418,successful,,,,,,,,,,,,,,,,,,,,,0.0124213992743589,0.0015701269080299,0.0184362496853688,0.0148680557863834,interfair/data/tasks/runs/confirmation/primary/mlp/acs_income/1000/interfair/audit.npz,92c5e20906211a75f67ec75850e98bd2bf57a1fa5d012bdce4f7d300d6b16d5d,interfair/data/tasks/runs/confirmation/primary/mlp/acs_income/1000/interfair/DONE.json,b40f9bfb61a194c08feed3d536eefa65a5f5a1c38340deca25c3479f9167d9e0,0.0,0.037557868379723,0.0004331348132106,0.0,0.962442131620277,0.037557868379723,primary ten-seed confirmation; original source checkpoint and supported bank,,,,,,,,,,,,,,0.016699743722308313,0.00794418172605979
0.902520113850005,0.8890072712932128,0.8052367868110555,0.8174519012270868,0.1287458028047294,0.398475782091333,0.0711017717071652,0.0690953321745869,0.1496538232745325,0.8084755090809026,0.1827956989247312,0.5267776096822996,3305.0,0.7373737373737373,0.1157068062827225,0.377123786407767,3296.0,0.130572302210318,0.3260857629775999,0.800877571105957,0.7156982567733126,0.8864204543320268,0.0629144152537109,0.1360495683689098,0.0362351393746139,0.0934856954216956,0.185829609632492,0.7058108374593245,0.127518141328665,0.0599512620502,0.0245396794207638,0.1357561569523478,0.0912798774323063,0.1156311622932705,0.1384070937208329,0.144917050631413,0.1357561569523478,0.1374609614026214,0.1277293595982202,0.10418863646996,0.072448829167816,True,interfair/data/tasks/runs/confirmation/main/mlp/acs_income/1001/erm/task.pt,cpu,5.0,acs_income,1001,mlp,erm,interfair/data/tasks/evaluations/confirmation/main/mlp/acs_income/1001/erm/DONE.json,cf5e30263666a26c5ea3a2d454193097bfd4d46d0944b4412a6d3ec1b94a8f43,,,,0.2841567403434901,True,True,False,False,0.0,0.0,0.0,0.0,0.0,0.0,0.0,0.0,0.0,reference,,,,,,,,,,,,,,,,,,,,,0.1287451885817951,0.0145320091272965,0.055303871853977,0.0230777409239943,interfair/data/tasks/evaluations/confirmation/main/mlp/acs_income/1001/erm/PREDICTIONS.npz,88823657dc3209d62932f2dd7e1918e8a80646cf7e959085dcc5fbf75818bcd6,interfair/data/tasks/evaluations/confirmation/main/mlp/acs_income/1001/erm/DONE.json,cf5e30263666a26c5ea3a2d454193097bfd4d46d0944b4412a6d3ec1b94a8f43,0.0344858637284573,0.7156982567733126,0.5092753448295844,0.2311572284878556,0.28430174322668744,0.7156982567733126,primary ten-seed confirmation; original source checkpoint and supported bank,,,,,,,,,,,,,,0.07110177170716525,0.0670888926420087
0.9010991939024204,0.8863788218682394,0.8159784560143627,0.8136645962732919,0.1283794377416773,0.3995593127551788,0.0114141652391515,0.0097840262664822,0.080064957478372,0.8464501926252064,0.2264784946236559,0.56732223903177,3305.0,0.8578643578643579,0.2183246073298429,0.487257281553398,3296.0,0.016780698037591,0.0399844524264335,0.0878198742866516,0.0237956932345022,0.7618304868127682,0.0002235885969815,0.0097906579403353,0.0028636599401594,0.0080337557196617,0.0202759802341461,0.0303518246946566,0.1185117561050117,0.0001081081081081,0.0033373327254901,0.0106541133074538,0.0059160246743554,0.0061300753726624,0.0080658225820755,0.0080726363593676,0.0106541133074538,0.0119304907660743,0.0134077353248235,0.0132986897682742,0.0093624910712129,True,interfair/data/tasks/runs/confirmation/primary/mlp/acs_income/1001/interfair/selected.pt,cpu,5.0,acs_income,1001,mlp,soft,interfair/data/tasks/runs/confirmation/primary/mlp/acs_income/1001/interfair/DONE.json,f3ac8e5fe16f52a0e75cb3655998703bb91803d9cc193573b5af5eec1a8d08e1,1.0,15.0,117.22534181900846,0.0241635094633312,True,True,True,True,-0.1137916041727269,-0.0333714794344544,-0.1251020436448939,-0.0014209199475845,0.0107416692033072,-0.0593113059081047,-0.0695888657961605,-0.0090063852236532,-0.0212023466952737,successful,,,,,,,,,,,,,,,,,,,,,0.0089505131925357,0.0016497302810379,0.0170619196785459,0.0142964055469817,interfair/data/tasks/runs/confirmation/primary/mlp/acs_income/1001/interfair/audit.npz,da1e24c534817cc5fe7fbd0a5863308ff2a7a6fc67abf20a080428f821ff32ae,interfair/data/tasks/runs/confirmation/primary/mlp/acs_income/1001/interfair/DONE.json,f3ac8e5fe16f52a0e75cb3655998703bb91803d9cc193573b5af5eec1a8d08e1,0.0,0.0237956932345022,0.0,0.0,0.9762043067654979,0.0237956932345022,primary ten-seed confirmation; original source checkpoint and supported bank,,,,,,,,,,,,,,0.011414165239151508,0.008153887293813
0.9032640639835704,0.8900948329390577,0.811057012721847,0.8177548856233904,0.1273389229274854,0.3943183536380281,0.0719029724708664,0.0615675414332165,0.142913796395576,0.8282883874518437,0.2116935483870967,0.5506807866868382,3305.0,0.7770562770562771,0.1397905759162303,0.4077669902912621,3296.0,0.1184741734196624,0.3033217260986565,0.7151968479156494,0.6605042582567348,0.8737209856948258,0.0323883190065414,0.1112171514077407,0.0338975001193248,0.0861847492307424,0.1833545863628387,0.6668208000098094,0.1249612507730947,0.027911652289517,0.0201696633814231,0.1317801088724089,0.0808077858635139,0.0997099781427535,0.1191958139848825,0.1356607594006276,0.1317801088724089,0.1375736128859249,0.1327719442513128,0.1139596972328174,0.0768336490474258,True,interfair/data/tasks/runs/confirmation/main/mlp/acs_income/1002/erm/task.pt,cpu,5.0,acs_income,1002,mlp,erm,interfair/data/tasks/evaluations/confirmation/main/mlp/acs_income/1002/erm/DONE.json,73b4b8b5aaa5cfada943f70f1a67363cdf3773ca3747faeaadafc4f790cf726c,,,,0.2712640911451506,True,True,False,False,0.0,0.0,0.0,0.0,0.0,0.0,0.0,0.0,0.0,reference,,,,,,,,,,,,,,,,,,,,,0.1050514206905347,0.0119281515142611,0.0382090223907163,0.0274778266489941,interfair/data/tasks/evaluations/confirmation/main/mlp/acs_income/1002/erm/PREDICTIONS.npz,32a82d1a001af93cf9f1b341ee4691fc1cb7530a3ef05ac195209e57236c76e8,interfair/data/tasks/evaluations/confirmation/main/mlp/acs_income/1002/erm/DONE.json,73b4b8b5aaa5cfada943f70f1a67363cdf3773ca3747faeaadafc4f790cf726c,0.0093513815660266,0.6605042582567348,0.4451770696267216,0.1925851419085086,0.33949574174326524,0.6605042582567348,primary ten-seed confirmation; original source checkpoint and supported bank,,,,,,,,,,,,,,0.05123211039556663,0.07190297247086641
0.9015559280155432,0.8866755394840622,0.8155193236714976,0.8148765338585063,0.1273831804634539,0.3962513914569917,0.0271505376344085,0.0149902758733781,0.0940270515400319,0.8420473307649973,0.2271505376344086,0.5652042360060514,3305.0,0.8448773448773449,0.2,0.4711771844660194,3296.0,0.0134022162466193,0.0337094791233539,0.1066891252994537,0.0091325771405789,0.710043081050476,0.0005589714924538,0.0096380935782602,0.0026130430855908,0.0072545747086405,0.0239239633083343,0.0184931367543578,0.1144508868575564,0.0011142567945251,0.0037761742579206,0.0104778364557707,0.0072053345041125,0.0061213526095605,0.0085117227993645,0.0091501313803693,0.0104778364557707,0.0088325908628674,0.0107628046844472,0.009904421388075,0.0125047039248789,True,interfair/data/tasks/runs/confirmation/primary/mlp/acs_income/1002/interfair/selected.pt,cpu,5.0,acs_income,1002,mlp,soft,interfair/data/tasks/runs/confirmation/primary/mlp/acs_income/1002/interfair/DONE.json,ee4e5220bacf6a6dddf1f7e91a04b3126dcfe732022fd410344d74e8a4003230,1.0,16.0,157.7231212750048,0.0228311300797778,True,True,True,True,-0.1050719571730431,-0.031284457033734,-0.1213022724166382,-0.0017081359680272,0.0044623109496505,-0.0465772655598384,-0.048886744855544,-0.0105103639155383,-0.0163934891235025,successful,,,,,,,,,,,,,,,,,,,,,0.0114595625481128,0.0012337454526798,0.0162670585650907,0.0133235952806011,interfair/data/tasks/runs/confirmation/primary/mlp/acs_income/1002/interfair/audit.npz,fd1cbbefbeac60e28308fdb3cfa808c1fa1d9ba28d28f93469ed55841cc16d35,interfair/data/tasks/runs/confirmation/primary/mlp/acs_income/1002/interfair/DONE.json,ee4e5220bacf6a6dddf1f7e91a04b3126dcfe732022fd410344d74e8a4003230,0.0,0.0091325771405789,0.0001111111111111,0.0,0.9908674228594211,0.0091325771405789,primary ten-seed confirmation; original source checkpoint and supported bank,,,,,,,,,,,,,,0.002830014112347623,0.027150537634408584
0.904537241333307,0.8910844782009238,0.8161280200815815,0.8224511437660961,0.1255398704432798,0.3896238318852056,0.069816472442718,0.0663886191051541,0.1486676189357108,0.8392955421023666,0.2069892473118279,0.5546142208774584,3305.0,0.7763347763347763,0.1371727748691099,0.4059466019417476,3296.0,0.1197296012126403,0.2936579869687555,0.8536195755004883,0.7253704153188398,0.873973365303789,0.0509906770940868,0.1280620157123931,0.033863593660619,0.0861746675521135,0.1837246119976043,0.7103729821552122,0.1262252118887758,0.0459490328786024,0.0215994448518294,0.1508850547983598,0.078068308294326,0.1068488705580431,0.1350542146720862,0.1446491753525987,0.1508850547983598,0.1520151896883439,0.1478555355614907,0.1301336121872402,0.0857168523997021,True,interfair/data/tasks/runs/confirmation/main/mlp/acs_income/1003/erm/task.pt,cpu,5.0,acs_income,1003,mlp,erm,interfair/data/tasks/evaluations/confirmation/main/mlp/acs_income/1003/erm/DONE.json,e8ccf13aee7b77bad5eaf2c76cdcbc43c90830b5be88cb56793654973d9a2222,,,,0.2682791587663023,True,True,False,False,0.0,0.0,0.0,0.0,0.0,0.0,0.0,0.0,0.0,reference,,,,,,,,,,,,,,,,,,,,,0.132017884771842,0.0145694172145617,0.0537608834867276,0.033479412759638,interfair/data/tasks/evaluations/confirmation/main/mlp/acs_income/1003/erm/PREDICTIONS.npz,874363ffba2cb4c20530032cbebe899902871f1f7a9c5faded4a87af7210c229,interfair/data/tasks/evaluations/confirmation/main/mlp/acs_income/1003/erm/DONE.json,e8ccf13aee7b77bad5eaf2c76cdcbc43c90830b5be88cb56793654973d9a2222,0.0220915622162128,0.7253704153188398,0.4906782563845647,0.1702329703277478,0.27462958468116017,0.7253704153188398,primary ten-seed confirmation; original source checkpoint and supported bank,,,,,,,,,,,,,,0.06296076576759024,0.06981647244271802
0.9002791214166679,0.8849224571603542,0.8186830015313936,0.8206332373882745,0.1277973977099414,0.3976882940839424,0.0182400306230796,0.0099507449180252,0.073462905571141,0.8266373142542652,0.1915322580645161,0.5406959152798789,3305.0,0.8448773448773449,0.1931937172774869,0.4672330097087379,3296.0,0.0232932574237534,0.0613723753392696,0.1719427108764648,0.1088958989455083,0.6540385886959172,0.0057100901908056,0.0178815378575952,0.0051440955588947,0.0148377311229705,0.0405014753341674,0.1615398017262363,0.1001933355305905,0.0059484235493179,0.0035897184748734,0.0196170414249937,0.0077560004203765,0.0121821547010455,0.0149071320447342,0.0172140215750727,0.0196170414249937,0.0211868468192389,0.02703825804425,0.0249284483634162,0.0219368909810478,True,interfair/data/tasks/runs/confirmation/primary/mlp/acs_income/1003/interfair/selected.pt,cpu,5.0,acs_income,1003,mlp,soft,interfair/data/tasks/runs/confirmation/primary/mlp/acs_income/1003/interfair/DONE.json,2d90edbe2d1a05bbbc5b8d9901bcce67d4ad3225fe17caf03f3f9bb8f76c5342,1.0,20.0,159.21040558099048,0.0513416938527228,True,True,True,True,-0.0964363437888869,-0.0287194981017243,-0.1312680133733661,-0.0042581199166391,0.0025549814498121,-0.0564378741871289,-0.0752047133645697,-0.0260318763581853,-0.0180097263769559,successful,,,,,,,,,,,,,,,,,,,,,0.0128293691582694,0.0033136991915867,0.0185989476546341,0.0178514124896177,interfair/data/tasks/runs/confirmation/primary/mlp/acs_income/1003/interfair/audit.npz,e3c776093886fa11544b2a1fa74708357f030989655d86eee05c1a17008672d3,interfair/data/tasks/runs/confirmation/primary/mlp/acs_income/1003/interfair/DONE.json,2d90edbe2d1a05bbbc5b8d9901bcce67d4ad3225fe17caf03f3f9bb8f76c5342,0.0003280105147069,0.1088958989455083,0.0089584310894543,0.0,0.8911041010544917,0.1088958989455083,primary ten-seed confirmation; original source checkpoint and supported bank,,,,,,,,,,,,,,0.01824003062307966,0.0016614592129708117
0.9040454551050856,0.8892326322182892,0.8228605625374028,0.8206332373882745,0.1265720999653957,0.3927491848718982,0.082367139559759,0.0583397609867036,0.1412679193043784,0.8734177215189873,0.2614247311827957,0.5978819969742813,3305.0,0.8391053391053391,0.1790575916230366,0.4566140776699029,3296.0,0.091569774609188,0.2784064543247222,0.6769804954528809,0.5469424424768262,0.8582751388534284,0.0324747380135865,0.084340711217776,0.0279221591213712,0.0677982157468795,0.1364871859550476,0.6377655606337164,0.1227087237097003,0.0287469302729224,0.0160205231329821,0.1149569675621717,0.0556970824190902,0.0706449539786953,0.0898528373105105,0.1040853995707273,0.1149569675621717,0.1265252132238701,0.1250630551486723,0.1265605077418049,0.1015635935291326,True,interfair/data/tasks/runs/confirmation/main/mlp/acs_income/1004/erm/task.pt,cpu,5.0,acs_income,1004,mlp,erm,interfair/data/tasks/evaluations/confirmation/main/mlp/acs_income/1004/erm/DONE.json,6496a253beffce7f349c2d49cfa60950adcb1bf9e8e1f5e40f01636d925d256f,,,,0.2275482808168429,True,True,False,False,0.0,0.0,0.0,0.0,0.0,0.0,0.0,0.0,0.0,reference,,,,,,,,,,,,,,,,,,,,,0.0863455609245396,0.0134640035031779,0.0355065610453459,0.0246954852039108,interfair/data/tasks/evaluations/confirmation/main/mlp/acs_income/1004/erm/PREDICTIONS.npz,c607fc4cbbea061e0a1e4d20af54f9d922a32df26d6d48fc837ae2957d1f80fc,interfair/data/tasks/evaluations/confirmation/main/mlp/acs_income/1004/erm/DONE.json,6496a253beffce7f349c2d49cfa60950adcb1bf9e8e1f5e40f01636d925d256f,0.0053550677564092,0.5469424424768262,0.2998530047626656,0.1133321373140925,0.4530575575231738,0.5469424424768262,primary ten-seed confirmation; original source checkpoint and supported bank,,,,,,,,,,,,,,0.0343123824136482,0.08236713955975908
0.9029340779511263,0.8879608761984816,0.8216232586311326,0.8215421905771852,0.1262108848194506,0.3927114550587335,0.0178473150404905,0.017126452656202,0.0831278549711381,0.8392955421023666,0.2116935483870967,0.556732223903177,3305.0,0.8571428571428571,0.1952879581151832,0.4736043689320388,3296.0,0.0178784663527515,0.0461598850041627,0.1205950826406478,0.040802401249525,0.7582620165318312,0.0020122973728339,0.0112768497878913,0.0033132100157203,0.0097780136764049,0.027929276227951,0.0521668930205237,0.118105093196774,0.003465623253214,0.0044843536100809,0.0113193318222243,0.0069996799990772,0.009061833268278,0.0096481285989282,0.0105680574420127,0.0113193318222243,0.0118740264462708,0.0119941891613517,0.0125306668154764,0.0105444761105448,True,interfair/data/tasks/runs/confirmation/primary/mlp/acs_income/1004/interfair/selected.pt,cpu,5.0,acs_income,1004,mlp,soft,interfair/data/tasks/runs/confirmation/primary/mlp/acs_income/1004/interfair/DONE.json,d6c44e63ad143d4e4d83738f97862e247a4711c9bb09ed5b0b4e4a5e701b08fc,1.0,17.0,133.77444177299913,0.0280530663499859,True,True,True,True,-0.0736913082564364,-0.0246089491056509,-0.1036376357399473,-0.0011113771539592,-0.0012373039062701,-0.0412133083305015,-0.0581400643332402,-0.0046036305129262,-0.0115361695229011,successful,,,,,,,,,,,,,,,,,,,,,0.0129034925858711,0.001759840407185,0.0177116575513262,0.0163112328351564,interfair/data/tasks/runs/confirmation/primary/mlp/acs_income/1004/interfair/audit.npz,aa008fa83222747bb4108d329cc96ad19611b269278ed3c8cca67993fa7fdd20,interfair/data/tasks/runs/confirmation/primary/mlp/acs_income/1004/interfair/DONE.json,d6c44e63ad143d4e4d83738f97862e247a4711c9bb09ed5b0b4e4a5e701b08fc,0.0,0.040802401249525,0.0006666666666666,0.0,0.9591975987504751,0.040802401249525,primary ten-seed confirmation; original source checkpoint and supported bank,,,,,,,,,,,,,,0.01784731504049053,0.01640559027191349
0.9040756375947576,0.8901096372467818,0.8166184751179425,0.8174519012270868,0.1258639535250257,0.3908715397258059,0.0837344480099082,0.0603002372095688,0.1422235543380873,0.8536048431480462,0.2486559139784946,0.5812405446293495,3305.0,0.8167388167388168,0.1649214659685864,0.4390169902912621,3296.0,0.1198056343311453,0.3186219236254691,0.8312544822692871,0.6762416320660074,0.8790419193221432,0.0342901431336311,0.1180650409717436,0.0339805686230013,0.0834253361821174,0.1842551827430725,0.6773338589762612,0.1248953977570704,0.0296126881493007,0.0211870098680372,0.130258503764697,0.073104447661641,0.0925920467302959,0.1131902441473782,0.1303235740964532,0.130258503764697,0.135815449308383,0.1376817797483723,0.1287661798370243,0.0926017383755112,True,interfair/data/tasks/runs/confirmation/main/mlp/acs_income/1005/erm/task.pt,cpu,5.0,acs_income,1005,mlp,erm,interfair/data/tasks/evaluations/confirmation/main/mlp/acs_income/1005/erm/DONE.json,5cf1e5063605f18ca1ed1d7a580fb339d7aed7ea7fbf6c854a610fab3fe062de,,,,0.2720722239028835,True,True,False,False,0.0,0.0,0.0,0.0,0.0,0.0,0.0,0.0,0.0,reference,,,,,,,,,,,,,,,,,,,,,0.1254112510085943,0.0170259453642906,0.0470008279735145,0.031713559060602,interfair/data/tasks/evaluations/confirmation/main/mlp/acs_income/1005/erm/PREDICTIONS.npz,23719be79fac070c61ee57e8cf0df6012b3df86a7b22b52fcfeab92cf05da7fd,interfair/data/tasks/evaluations/confirmation/main/mlp/acs_income/1005/erm/DONE.json,5cf1e5063605f18ca1ed1d7a580fb339d7aed7ea7fbf6c854a610fab3fe062de,0.0099996172807799,0.6762416320660074,0.4285397059119791,0.1751299671939975,0.3237583679339926,0.6762416320660074,primary ten-seed confirmation; original source checkpoint and supported bank,,,,,,,,,,,,,,0.036866026409229424,0.0837344480099082
0.9017365635549516,0.8867330426717449,0.8175533513675984,0.8160884714437207,0.1271840153797058,0.3953090901085933,0.019082244728915,0.016650000369299,0.0800773504399041,0.840946615299945,0.2231182795698924,0.5627836611195158,3305.0,0.86002886002886,0.2089005235602094,0.4827063106796116,3296.0,0.0163728073969848,0.0407541999220847,0.1171706914901733,0.0280947743501328,0.713841388234659,0.0010061486864169,0.0097528328167163,0.0031649066108534,0.0092268522083759,0.029470682144165,0.0538536928597121,0.108572427637478,0.0023366216971583,0.0031246399458231,0.0089086204757004,0.0043473183905521,0.0065346614343316,0.0069521714059569,0.0075494732444261,0.0089086204757004,0.0101356760208684,0.0126085193839657,0.0155313873376122,0.0160755418046199,True,interfair/data/tasks/runs/confirmation/primary/mlp/acs_income/1005/interfair/selected.pt,cpu,5.0,acs_income,1005,mlp,soft,interfair/data/tasks/runs/confirmation/primary/mlp/acs_income/1005/interfair/DONE.json,bef48c58716ecdd0f6142875abef146191f7a1c9c1a3f8e89e93133c014a9db3,1.0,16.0,136.9917209970008,0.0291501873884691,True,True,True,True,-0.1034328269341605,-0.0308156620121478,-0.1213498832889966,-0.002339074039806,0.0009348762496559,-0.0436502368402697,-0.0621462038981832,-0.0163229701195924,-0.018062369922214,successful,,,,,,,,,,,,,,,,,,,,,0.0090652167109314,0.0009330916613514,0.0200355168234639,0.0140148915289302,interfair/data/tasks/runs/confirmation/primary/mlp/acs_income/1005/interfair/audit.npz,e12233b570cbbfe45c4394b21d7ec0c1785fea82f72918287f9ded10ed8be4a8,interfair/data/tasks/runs/confirmation/primary/mlp/acs_income/1005/interfair/DONE.json,bef48c58716ecdd0f6142875abef146191f7a1c9c1a3f8e89e93133c014a9db3,0.0,0.0280947743501328,0.0004416170366359,0.0,0.9719052256498673,0.0280947743501328,primary ten-seed confirmation; original source checkpoint and supported bank,,,,,,,,,,,,,,0.019082244728915065,0.014217756009683002
0.9023887258432124,0.8875695450051667,0.8109987357774968,0.818815331010453,0.1277102270419135,0.3958024827196255,0.0707932218656758,0.0661487426756135,0.1474746816385882,0.8277380297193175,0.2043010752688172,0.5470499243570348,3305.0,0.7662337662337663,0.1335078534031413,0.3995752427184466,3296.0,0.1189001724286356,0.3409456992149351,0.8139047622680664,0.6655562600884227,0.8194842088761757,0.058087823989445,0.1076971359922846,0.0346154673423615,0.0938681251555681,0.1903883218765258,0.6805722782378524,0.1167501424657964,0.0506638449517152,0.0197991481423111,0.1484866325429015,0.0833979524481097,0.1151809490145649,0.131798893375455,0.148165364548759,0.1484866325429015,0.1473500726125794,0.1388794067186061,0.1231994752601946,0.0886911141784612,True,interfair/data/tasks/runs/confirmation/main/mlp/acs_income/1006/erm/task.pt,cpu,5.0,acs_income,1006,mlp,erm,interfair/data/tasks/evaluations/confirmation/main/mlp/acs_income/1006/erm/DONE.json,22051a088c16d5d3ea5932662457861c1fae620eadc3d09f33710e25366d21c5,,,,0.2964918638322231,True,True,False,False,0.0,0.0,0.0,0.0,0.0,0.0,0.0,0.0,0.0,reference,,,,,,,,,,,,,,,,,,,,,0.1101653520817116,0.0112283121225062,0.0489897808459472,0.0192998646404498,interfair/data/tasks/evaluations/confirmation/main/mlp/acs_income/1006/erm/PREDICTIONS.npz,f689f860542ed7c7a6705d2e4b3d5e9e404c2e9165a1ce6aa7c3a0309fb2d586,interfair/data/tasks/evaluations/confirmation/main/mlp/acs_income/1006/erm/DONE.json,22051a088c16d5d3ea5932662457861c1fae620eadc3d09f33710e25366d21c5,0.0260097979477521,0.6655562600884227,0.4428354688498462,0.185350714618964,0.3344437399115773,0.6655562600884227,primary ten-seed confirmation; original source checkpoint and supported bank,,,,,,,,,,,,,,0.06150426348555127,0.07079322186567588
0.8986950690172931,0.8813502386447787,0.8080050031269543,0.8139675806695955,0.1291505950078815,0.4013339039174711,0.022706822926966,0.0117622669496058,0.0698824412849022,0.7969179966978536,0.178763440860215,0.518608169440242,3305.0,0.8196248196248196,0.1795811518324607,0.4487257281553398,3296.0,0.0223575666873743,0.0577962487936019,0.1655380725860595,0.1031592280124284,0.7141377867675038,0.0023255631260103,0.0161902637547353,0.0048788443850239,0.0142575988173484,0.0466695427894592,0.1453378485243743,0.1094557851902291,0.0038906833048811,0.0050424776853439,0.0184580797869327,0.0134314165747859,0.011620229953027,0.0162336941508832,0.0192781253730031,0.0184580797869327,0.0198603812187998,0.0231059231919948,0.0239399334228888,0.0212220666676615,True,interfair/data/tasks/runs/confirmation/primary/mlp/acs_income/1006/interfair/selected.pt,cpu,5.0,acs_income,1006,mlp,soft,interfair/data/tasks/runs/confirmation/primary/mlp/acs_income/1006/interfair/DONE.json,3dbd95856ab6b5416fac2fd6ed32403deb692d24576aeebc7e67beddf2ab004a,1.0,22.0,191.47099270000763,0.0445736548008379,True,True,True,True,-0.0965426057412612,-0.0297366229573376,-0.1300285527559688,-0.0036936568259192,-0.0029937326505424,-0.0543864757260077,-0.077592240353686,-0.0072943572755673,-0.0147566704569671,successful,,,,,,,,,,,,,,,,,,,,,0.0115545872456739,0.004720889301202,0.0158148615782255,0.0112718047245598,interfair/data/tasks/runs/confirmation/primary/mlp/acs_income/1006/interfair/audit.npz,62320caaf4724022444f545d1d876600e1807eb002907898cad9fc3df977af56,interfair/data/tasks/runs/confirmation/primary/mlp/acs_income/1006/interfair/DONE.json,3dbd95856ab6b5416fac2fd6ed32403deb692d24576aeebc7e67beddf2ab004a,0.0001081081081081,0.1031592280124284,0.0082117547975696,0.0,0.8968407719875716,0.1031592280124284,primary ten-seed confirmation; original source checkpoint and supported bank,,,,,,,,,,,,,,0.02270682292696602,0.0008177109722456999
0.9052214237057408,0.891957434780455,0.8184174416831834,0.8195727920012119,0.1250804985932932,0.3875816975583045,0.0857583178517142,0.0698544309479095,0.1519240302278102,0.8613098514034122,0.2459677419354838,0.584266263237519,3305.0,0.8073593073593074,0.1602094240837696,0.4323422330097087,3296.0,0.1044218472999936,0.2869061303138732,0.7369222640991211,0.6428678647652051,0.8065054641055088,0.0478475233198542,0.1101897960730642,0.0326400199229995,0.0762959315255284,0.1482484936714172,0.6584148887121425,0.1167693437690675,0.0460853010640601,0.0199300864655081,0.1330684963286655,0.0617139803307008,0.0806539472967964,0.1101578347071535,0.1248691181728266,0.1330684963286655,0.1430286649271929,0.1418950795499158,0.1328190613425771,0.105613476317096,True,interfair/data/tasks/runs/confirmation/main/mlp/acs_income/1007/erm/task.pt,cpu,5.0,acs_income,1007,mlp,erm,interfair/data/tasks/evaluations/confirmation/main/mlp/acs_income/1007/erm/DONE.json,463b075fa8c60308d47a77f641fbd331c31a1499e3a2a4d20c55189632ed428d,,,,0.2795255918158715,True,True,False,False,0.0,0.0,0.0,0.0,0.0,0.0,0.0,0.0,0.0,reference,,,,,,,,,,,,,,,,,,,,,0.110249857532477,0.017344896148586,0.0444126677658208,0.0356312806402442,interfair/data/tasks/evaluations/confirmation/main/mlp/acs_income/1007/erm/PREDICTIONS.npz,6554d30e6f0802199c7b6fe77c2a61669c2ec704581e034d6dbf4c89c9facffc,interfair/data/tasks/evaluations/confirmation/main/mlp/acs_income/1007/erm/DONE.json,463b075fa8c60308d47a77f641fbd331c31a1499e3a2a4d20c55189632ed428d,0.0139465317749275,0.6428678647652052,0.3672277207460639,0.1341146536354927,0.3571321352347948,0.6428678647652052,primary ten-seed confirmation; original source checkpoint and supported bank,,,,,,,,,,,,,,0.05395054404410482,0.0857583178517142
0.9019614391819616,0.8876436863928239,0.8161231884057971,0.8154825026511134,0.1271573122533763,0.3952316975154694,0.0102636097506051,0.0098120295610308,0.0825136230777139,0.8398458998348927,0.2170698924731182,0.5594553706505295,3305.0,0.8492063492063492,0.206806282722513,0.4769417475728155,3296.0,0.0166853393030837,0.0420906171202659,0.1309559196233749,0.0319239774440045,0.7053271652819081,0.0030638889308537,0.0130019551255621,0.0036860166883713,0.01000896692276,0.0305346846580505,0.0761304887437009,0.1101292937123584,0.0047150000755366,0.0038671642119951,0.0144466797055728,0.005119636141306,0.0100505130717819,0.0120951175732057,0.0139647381920432,0.0144466797055728,0.0156618063245684,0.0143721324681223,0.0165189221126348,0.0157064097739513,True,interfair/data/tasks/runs/confirmation/primary/mlp/acs_income/1007/interfair/selected.pt,cpu,5.0,acs_income,1007,mlp,soft,interfair/data/tasks/runs/confirmation/primary/mlp/acs_income/1007/interfair/DONE.json,14d1c19b93b6c4523216f38cb5c43f854a746baaff21fe34538173261f5263e4,1.0,17.0,128.22159954099334,0.0334699021860491,True,True,True,True,-0.0877365079969099,-0.0289540032346282,-0.1186218166230927,-0.0032599845237791,-0.0022942532773863,-0.0600424013868786,-0.0694104071500962,-0.0066400500567091,-0.016062922253513,successful,,,,,,,,,,,,,,,,,,,,,0.0117929545761684,0.0025524135391569,0.0193833398199081,0.0186012625068811,interfair/data/tasks/runs/confirmation/primary/mlp/acs_income/1007/interfair/audit.npz,5a10426adffe0a5ce669f820720cd556dd40be0d0a284f089a6c0037352459db,interfair/data/tasks/runs/confirmation/primary/mlp/acs_income/1007/interfair/DONE.json,14d1c19b93b6c4523216f38cb5c43f854a746baaff21fe34538173261f5263e4,0.0,0.0319239774440045,0.0001082837033026,0.0,0.9680760225559955,0.0319239774440045,primary ten-seed confirmation; original source checkpoint and supported bank,,,,,,,,,,,,,,0.009360449371456525,0.010263609750605196
0.904281402238962,0.8899606348386753,0.8152573529411765,0.817300409028935,0.1257147075039874,0.3895798348881973,0.0887511963069301,0.0720169777486146,0.1534517610857336,0.8547055586130985,0.2452956989247312,0.5803328290468986,3305.0,0.7994227994227994,0.156544502617801,0.426881067961165,3296.0,0.1038148986795491,0.2849215991795061,0.6881158351898193,0.644104425366061,0.8029917399862606,0.0522334620814218,0.1062100465206563,0.0328710614685792,0.0768173612654209,0.1464372873306274,0.6643962452862929,0.1141996609301446,0.052524085292671,0.0193579082287334,0.1294331963978335,0.0741613929710916,0.0888883767880944,0.1077860102060362,0.1169298687845528,0.1294331963978335,0.1333180023666759,0.1356969684787651,0.1200660010399505,0.095207859874013,True,interfair/data/tasks/runs/confirmation/main/mlp/acs_income/1008/erm/task.pt,cpu,5.0,acs_income,1008,mlp,erm,interfair/data/tasks/evaluations/confirmation/main/mlp/acs_income/1008/erm/DONE.json,8943846ec4ed6aa76e83c18df676e1a047aa4a99919ccb6c69a81b85325b1cac,,,,0.2878385207175553,True,True,False,False,0.0,0.0,0.0,0.0,0.0,0.0,0.0,0.0,0.0,reference,,,,,,,,,,,,,,,,,,,,,0.1084272858384342,0.0155712582904992,0.0428867597625726,0.0351418646075962,interfair/data/tasks/evaluations/confirmation/main/mlp/acs_income/1008/erm/PREDICTIONS.npz,f09cd00b7a8b8792a98f706e2369f14217fff2e9395b7e863f3b534c4e650bb3,interfair/data/tasks/evaluations/confirmation/main/mlp/acs_income/1008/erm/DONE.json,8943846ec4ed6aa76e83c18df676e1a047aa4a99919ccb6c69a81b85325b1cac,0.020598371429003,0.644104425366061,0.3839190520506645,0.1323237582884564,0.35589557463393895,0.644104425366061,primary ten-seed confirmation; original source checkpoint and supported bank,,,,,,,,,,,,,,0.055282759190299124,0.08875119630693018
0.9010328108010864,0.8859215947057024,0.813179981349083,0.8179063778215422,0.1271927353582906,0.3964214601367706,0.0152702431183443,0.0110357999355725,0.0783503224005991,0.810126582278481,0.1848118279569892,0.5285930408472012,3305.0,0.8253968253968254,0.1780104712041884,0.4502427184466019,3296.0,0.0166731408202637,0.0394617348164319,0.0877599716186523,0.0208338587623941,0.7582737004822941,0.0013157282492106,0.0122519945712461,0.0027858234135931,0.0077845498919486,0.0197267532348632,0.026356701709457,0.120884648721718,0.0007567567567567,0.0033800565317684,0.0120603945847501,0.0062323020586709,0.0068862330350671,0.006056115445305,0.0109187597397647,0.0120603945847501,0.0092357296128725,0.0112907596691207,0.0114312218310458,0.0106454907195082,True,interfair/data/tasks/runs/confirmation/primary/mlp/acs_income/1008/interfair/selected.pt,cpu,5.0,acs_income,1008,mlp,soft,interfair/data/tasks/runs/confirmation/primary/mlp/acs_income/1008/interfair/DONE.json,427a1948ec6282481a0ebeede80e762732ae845b99621b9c1d7313414c20d197,1.0,15.0,129.0237728869979,0.0230453034612049,True,True,True,True,-0.0871417578592853,-0.030085238054986,-0.1173728018130833,-0.0032485914378755,-0.0020773715920935,-0.060981177813042,-0.0751014386851344,0.0066849877915734,-0.0159778516969649,successful,,,,,,,,,,,,,,,,,,,,,0.0113266436873661,0.0021441754794994,0.0199181733817841,0.0149887254606439,interfair/data/tasks/runs/confirmation/primary/mlp/acs_income/1008/interfair/audit.npz,10125e3a02b8404ffc731d13d2cf346f17838303eef0a5b2c891384ae1bd829b,interfair/data/tasks/runs/confirmation/primary/mlp/acs_income/1008/interfair/DONE.json,427a1948ec6282481a0ebeede80e762732ae845b99621b9c1d7313414c20d197,0.0,0.0208338587623941,0.0,0.0,0.9791661412376059,0.0208338587623941,primary ten-seed confirmation; original source checkpoint and supported bank,,,,,,,,,,,,,,0.015270243118344351,0.006801356752800802
0.9055334931918042,0.8925121161553731,0.8131147540983606,0.8186638388123012,0.1250729291698919,0.3874760589099043,0.0814600574227326,0.0762155943290178,0.1574413767019666,0.8436984039625757,0.2217741935483871,0.5636913767019667,3305.0,0.7727272727272727,0.1403141361256544,0.40625,3296.0,0.0903452227839493,0.2575728166103362,0.6136415004730225,0.5686784926528343,0.8212978200901315,0.0286897825718395,0.0863020808581061,0.0321554984565551,0.0761164550483226,0.1570890583097934,0.6621663745844959,0.1208119863454478,0.0239145948631694,0.0186127231981117,0.1391173654079173,0.0763052764198258,0.1011316351835283,0.1232907048743557,0.1393641393248322,0.1391173654079173,0.1401060068694772,0.1369787600787669,0.1222931054923248,0.0866977450735221,True,interfair/data/tasks/runs/confirmation/main/mlp/acs_income/1009/erm/task.pt,cpu,5.0,acs_income,1009,mlp,erm,interfair/data/tasks/evaluations/confirmation/main/mlp/acs_income/1009/erm/DONE.json,524d3fd1f1d841409f4c8e78d8ceb47a4d3bed3e402b1238acafdcd3536cd63b,,,,0.2661614913325759,True,True,False,False,0.0,0.0,0.0,0.0,0.0,0.0,0.0,0.0,0.0,reference,,,,,,,,,,,,,,,,,,,,,0.0793767463964872,0.0110328994607801,0.0435447439707885,0.0293187581020403,interfair/data/tasks/evaluations/confirmation/main/mlp/acs_income/1009/erm/PREDICTIONS.npz,4bf80bbe8ebf577c94e4384adc5834079016ff3c2f06284d6507fae49a1748d2,interfair/data/tasks/evaluations/confirmation/main/mlp/acs_income/1009/erm/DONE.json,524d3fd1f1d841409f4c8e78d8ceb47a4d3bed3e402b1238acafdcd3536cd63b,0.0053747072953333,0.5686784926528343,0.3155019796931549,0.1128501894629238,0.4313215073471657,0.5686784926528343,primary ten-seed confirmation; original source checkpoint and supported bank,,,,,,,,,,,,,,0.07097113123530296,0.08146005742273268
0.8988243897302722,0.8830431911590376,0.818904863872744,0.8206332373882745,0.1289301360592927,0.4011476878776473,0.0147667412389481,0.0102879334748476,0.0789133300530235,0.8293891029168959,0.1969086021505376,0.5446293494704992,3305.0,0.8441558441558441,0.1910994764397905,0.4657160194174757,3296.0,0.0236355215905306,0.0641484913229941,0.1821370124816894,0.1169044749605287,0.7281135902508448,0.0047438064112183,0.0176733410305787,0.0052659680523063,0.0157217739522457,0.052294373512268,0.1692945612143822,0.1133260797306172,0.0056271022279965,0.0043775496731247,0.02023519588662,0.0117144139071905,0.0131736170463595,0.0155838844364775,0.0190353800417678,0.02023519588662,0.018862768082987,0.0219543417226033,0.0253156567876775,0.0223031743064276,True,interfair/data/tasks/runs/confirmation/primary/mlp/acs_income/1009/interfair/selected.pt,cpu,5.0,acs_income,1009,mlp,soft,interfair/data/tasks/runs/confirmation/primary/mlp/acs_income/1009/interfair/DONE.json,1fc80a9e331b132680161c2501f7b5d513b669e2fe5f6170180f3dacba1351cb,1.0,23.0,170.08360050499323,0.0464673980148602,True,True,True,True,-0.0667097011934187,-0.0268895304042488,-0.1188821695212972,-0.0067091034615319,0.0057901097743833,-0.0659276608541702,-0.0785280466489431,-0.0074859066148305,-0.0142351735249869,successful,,,,,,,,,,,,,,,,,,,,,0.0172852067189646,0.004617811299025,0.0157742011266579,0.0088296943331563,interfair/data/tasks/runs/confirmation/primary/mlp/acs_income/1009/interfair/audit.npz,1cfa5cc9398043d881db3568df8ca5148f1da3089c6229dc58a1dc9c86d0c6d7,interfair/data/tasks/runs/confirmation/primary/mlp/acs_income/1009/interfair/DONE.json,1fc80a9e331b132680161c2501f7b5d513b669e2fe5f6170180f3dacba1351cb,0.0004471771939631,0.1169044749605287,0.0104195053663534,0.0,0.8830955250394713,0.1169044749605287,primary ten-seed confirmation; original source checkpoint and supported bank,,,,,,,,,,,,,,0.014766741238948167,0.005809125710747098
0.8585627292495892,0.9536193103687962,0.9246467817896388,0.872,0.0966105081579995,0.322683675397744,0.1689008336989907,0.1075370067976305,0.1496749973732858,0.976942410665501,0.5726744186046512,0.9025412394115024,11215.0,0.9307692307692308,0.4037735849056604,0.7528662420382166,785.0,0.204819694410506,0.5216694892742312,1.86272406578064,0.7392696295462601,0.6689076244520444,0.0644133138958564,0.1561175031730761,0.0244179600050419,0.0701604025868268,0.2925533652305603,0.5960582877638727,0.0721818645756627,0.0575140092547951,0.0281677633935872,0.0451738725154378,0.0044312369862573,0.0061771742780395,0.0129941403313366,0.0250508365165196,0.0451738725154378,0.0757890504489351,0.1208171676927201,0.1830349115661244,0.2424707897337675,True,,,13.0,hmda_oh,1000,ft,erm,interfair/data/partitions/runs/main/ft/hmda_oh/1000/erm/DONE.json,08ae2a562d4c08b5fa7aa864a186f33ad3c131c34558020b99966c633621cd63,,39.0,,0.3382838632472071,True,True,False,False,0.0,0.0,0.0,0.0,0.0,0.0,0.0,0.0,0.0,reference,,,,,,,,,,,,,,,,,,,,,0.1752538606524467,0.0259482104402895,0.0501697462928991,0.0397506698362776,interfair/data/partitions/runs/main/ft/hmda_oh/1000/erm/audit.npz,a5d7f88018448f8cf83c9e3ef8af5839f51c04f12788e0c42c5948827a0493de,interfair/data/partitions/runs/main/ft/hmda_oh/1000/erm/DONE.json,08ae2a562d4c08b5fa7aa864a186f33ad3c131c34558020b99966c633621cd63,0.0249483173244178,0.7392696295462601,0.5548720504273661,0.3363226050520871,0.2607303704537399,0.7392696295462601,primary ten-seed confirmation; original source checkpoint and supported bank,,,,,,,,,,,,,,0.04617317989627023,0.16890083369899078
0.8520011690766183,0.9510375192061558,0.9233892406592876,0.8679166666666667,0.1002484194393033,0.3338129935976044,0.0391509433962263,0.0220127841397967,0.0392025011997694,0.9874330674243252,0.625,0.9207311636201516,11215.0,0.9923076923076924,0.6641509433962264,0.8815286624203822,785.0,0.0065679536126,0.0166879480847945,0.067711666226387,0.0002546165633709,0.4547579902437289,0.0,0.0627043652409356,0.0015858626599016,0.004321488394187,0.0239525139331817,0.0059265435567084,0.048655641057276,0.0001499121356099,0.013799010442353,0.0047041772362902,0.0010267423415374,0.0011000742590985,0.0010161450562231,0.0017650252593824,0.0047041772362902,0.0114511862808731,0.0208656708024398,0.0231107370138626,0.0310814126482967,True,interfair/training/equality/runs/confirmation/main/ft/hmda_oh/1000/interfair/selected.pt,cuda,13.0,hmda_oh,1000,ft,soft,interfair/training/equality/runs/confirmation/main/ft/hmda_oh/1000/interfair/DONE.json,94a7a5ba70c6ebe12446c1361d6c11366a75d148239e4f36ae415345e2f84efb,0.3,30.0,845.5780631160014,0.032593603237799,True,True,True,True,-0.198251740797906,-0.0228320973451403,-0.0404696952791475,-0.0065615601729709,-0.0012575411303513,-0.0855242226578337,-0.1104724961735164,-0.0235262235183866,-0.0143687529512341,successful,,,,,,,,,,,,,,,,,,,,,0.0417962703974889,0.00760570182495,0.0337800479019197,0.0164996762135751,interfair/training/equality/runs/confirmation/main/ft/hmda_oh/1000/interfair/audit.npz,b3e0044fb8175380057bf8e4489843c41e5bbfb0392b17d4f5b14b4c08e79ef6,interfair/training/equality/runs/confirmation/main/ft/hmda_oh/1000/interfair/DONE.json,94a7a5ba70c6ebe12446c1361d6c11366a75d148239e4f36ae415345e2f84efb,0.0,0.0002546165633709,0.0,0.0,0.9997453834366291,0.0002546165633709,primary ten-seed confirmation; original source checkpoint and supported bank,,,,,,,,,,,,,,0.004874624883367207,0.03915094339622638
0.8571859608336246,0.95317505177646,0.9251767478397486,0.873,0.0970454911801917,0.3262903726536078,0.1536017259031739,0.096729643328679,0.1414330784237443,0.9763960222926455,0.564922480620155,0.9006687472135533,11215.0,0.9365384615384617,0.4113207547169811,0.759235668789809,785.0,0.22095536812295,0.636879207079227,2.2312132120132446,0.7552656132410417,0.7069829013273353,0.0735914570822409,0.1854954670684842,0.0311090826680225,0.1034547182229848,0.3729959428310394,0.6235093423828318,0.0736536992465732,0.0522658950535747,0.0324576686476715,0.0490547635064907,0.0056266924012734,0.0087832665431625,0.0173500866440702,0.0329082664544938,0.0490547635064907,0.0764056422717862,0.1116350526798103,0.155389086362079,0.223307133882266,True,,,13.0,hmda_oh,1001,ft,erm,interfair/data/partitions/runs/main/ft/hmda_oh/1001/erm/DONE.json,021930c615e41da67ccf88dfc866827be2a304a4638695b87396d999dbe25568,,42.0,,0.4223695888495361,True,True,False,False,0.0,0.0,0.0,0.0,0.0,0.0,0.0,0.0,0.0,reference,,,,,,,,,,,,,,,,,,,,,0.1749992109835147,0.0280702441142728,0.0600854990036873,0.0444608782194132,interfair/data/partitions/runs/main/ft/hmda_oh/1001/erm/audit.npz,9909ca787016a4fd6924cfeef9e6e5c132d962a5670c6b5db8da23fe97cbfa16,interfair/data/partitions/runs/main/ft/hmda_oh/1001/erm/DONE.json,021930c615e41da67ccf88dfc866827be2a304a4638695b87396d999dbe25568,0.0194420739846755,0.7552656132410416,0.5762898025201467,0.365316820172155,0.24473438675895842,0.7552656132410416,primary ten-seed confirmation; original source checkpoint and supported bank,,,,,,,,,,,,,,0.039857560754183896,0.15360172590317395
0.8540747350386761,0.9515846033194416,0.923923006416132,0.8685833333333334,0.0987455150253847,0.3287851943057964,0.0101086002632733,0.0082126350761151,0.0468583079417636,0.9898371762648892,0.6351744186046512,0.9245653143111904,11215.0,0.9961538461538462,0.6452830188679245,0.8777070063694268,785.0,0.0063300024330609,0.0161340666505006,0.0906152725219726,0.0010833214407841,0.4922753416617942,0.0,0.0632608107880388,0.0011294768192824,0.0034881135592093,0.0198287367820739,0.0035860842273968,0.0442770467321249,4.608932110430014e-05,0.0159142395769267,0.0024621952656456,0.000986250503588,0.0006862866454836,0.0010259631923723,0.0015601197156868,0.0024621952656456,0.0033560483822589,0.0091158081320323,0.0115637917858759,0.0177814894619433,True,interfair/training/equality/runs/confirmation/main/ft/hmda_oh/1001/interfair/selected.pt,cuda,13.0,hmda_oh,1001,ft,soft,interfair/training/equality/runs/confirmation/main/ft/hmda_oh/1001/interfair/DONE.json,3ef89f93ca7d64d79e8c2ca606df8fa5a588a4b1d4f4e47044b02aeef0e8ccfc,0.3,35.0,1002.9915507559926,0.0255093079291347,True,True,True,True,-0.214625365689889,-0.02997960584874,-0.0465925682408451,-0.0031112257949484,-0.0012537414236165,-0.0885170082525638,-0.0945747704819807,-0.0293766525144483,-0.0165434290707447,successful,,,,,,,,,,,,,,,,,,,,,0.0416468029115441,0.0077446724742281,0.0236310747130455,0.0074327966030781,interfair/training/equality/runs/confirmation/main/ft/hmda_oh/1001/interfair/audit.npz,683ac071f7315e74621046eecefe5c1105a29ebb12217bc20a27787c38688a42,interfair/training/equality/runs/confirmation/main/ft/hmda_oh/1001/interfair/DONE.json,3ef89f93ca7d64d79e8c2ca606df8fa5a588a4b1d4f4e47044b02aeef0e8ccfc,0.0,0.0010833214407841,0.0,0.0,0.998916678559216,0.0010833214407841,primary ten-seed confirmation; original source checkpoint and supported bank,,,,,,,,,,,,,,0.006316669888956961,0.010108600263273315
0.8571021160366705,0.9532403986147464,0.925844021819254,0.87425,0.0970201028465451,0.3254499017576971,0.1538814538540295,0.1028572934224797,0.1506433319797473,0.97683313299093,0.5576550387596899,0.8996879179670084,11215.0,0.925,0.4037735849056604,0.7490445859872611,785.0,0.1813761494034525,0.4634047984503781,2.3440943360328674,0.7111417908564943,0.6880581812660256,0.0565333523169156,0.1824191997114282,0.0264315666996796,0.0849947249087003,0.5108034107834101,0.5701087506834486,0.0718098427209952,0.0448430478736401,0.027986814459347,0.0440461745835374,0.0056033595407683,0.0115410210600818,0.0205440867220283,0.0313853783168909,0.0440461745835374,0.0729911923151579,0.1048699653096033,0.1491878168286763,0.2122758167346871,True,,,13.0,hmda_oh,1002,ft,erm,interfair/data/partitions/runs/main/ft/hmda_oh/1002/erm/DONE.json,d092ef763ad64142e9fcd6d504a5f847f3b05e779e54edaf1c8249c87231e727,,40.0,,0.3680772119551205,True,True,False,False,0.0,0.0,0.0,0.0,0.0,0.0,0.0,0.0,0.0,reference,,,,,,,,,,,,,,,,,,,,,0.1717121255798981,0.0247168231110733,0.0554149999376626,0.0378967264937971,interfair/data/partitions/runs/main/ft/hmda_oh/1002/erm/audit.npz,f5ba8e6669fcdea2a73ea5055c3e1e736ebaabcfabb7c452b583e084ea5bb4c3,interfair/data/partitions/runs/main/ft/hmda_oh/1002/erm/DONE.json,d092ef763ad64142e9fcd6d504a5f847f3b05e779e54edaf1c8249c87231e727,0.0168728221084657,0.7111417908564944,0.5124673345092148,0.296084744321394,0.2888582091435056,0.7111417908564944,primary ten-seed confirmation; original source checkpoint and supported bank,,,,,,,,,,,,,,0.05183313299092995,0.15388145385402952
0.8520355105912827,0.950875206408744,0.9233149598684848,0.8678333333333333,0.0994164847123679,0.3306145269613042,0.0065397835307883,0.0059257595562198,0.0494827502974576,0.9869959567260408,0.627422480620155,0.920820329915292,11215.0,0.9923076923076924,0.6339622641509434,0.8713375796178344,785.0,0.0073629833083868,0.0176610721991612,0.1287124752998352,0.0006767989600928,0.4207415717227801,9.25966227506586e-05,0.0486977351872298,0.0013136953033979,0.0037830660549493,0.0282343830913305,0.0037941372315748,0.0408853585066766,0.0003957150047767,0.0135301538962837,0.0031742402719153,0.0008801480018434,0.0009352199456553,0.000426316027978,0.0010058239970395,0.0031742402719153,0.0058778791426432,0.0148583744022352,0.0209073963611212,0.0247732234538944,True,interfair/training/equality/runs/confirmation/main/ft/hmda_oh/1002/interfair/selected.pt,cuda,13.0,hmda_oh,1002,ft,soft,interfair/training/equality/runs/confirmation/main/ft/hmda_oh/1002/interfair/DONE.json,6af4394384a19cf96ae1f941f7e6423778ec58e0b0097c6339ec4c2bdb2d28b2,0.3,24.0,693.6081798780069,0.0321311919811927,True,True,True,True,-0.1740131660950657,-0.0251178713962817,-0.040871934311622,-0.0050666054453878,-0.0025290619507694,-0.0969315338662598,-0.1011605816822897,-0.0309244842143185,-0.0144566605630632,successful,,,,,,,,,,,,,,,,,,,,,0.0382491510153505,0.0073678856175975,0.0311832236564079,0.0163054268830822,interfair/training/equality/runs/confirmation/main/ft/hmda_oh/1002/interfair/audit.npz,6cb108e6a0c07b2ee2e12a94d9e37a1992c1bda2c0085af6443eabce7ecfb3c4,interfair/training/equality/runs/confirmation/main/ft/hmda_oh/1002/interfair/DONE.json,6af4394384a19cf96ae1f941f7e6423778ec58e0b0097c6339ec4c2bdb2d28b2,0.0,0.0006767989600928,9.64629983364042e-05,0.0,0.9993232010399072,0.0006767989600928,primary ten-seed confirmation; original source checkpoint and supported bank,,,,,,,,,,,,,,0.005311735581651655,0.006539783530788323
0.8564173946276019,0.9532160197073398,0.925176056338028,0.8725,0.0980520305161486,0.3270467991825639,0.1063057627614451,0.0720547668409076,0.1226684007712599,0.9801114632280624,0.5780038759689923,0.90610789121712,11215.0,0.9423076923076924,0.4716981132075472,0.7834394904458599,785.0,0.2322232325312391,0.5894474980922845,2.0336971282958984,0.7660868530681959,0.5740271759045716,0.1091004071268497,0.1913340584589885,0.0282623165054354,0.0838235860833754,0.3730301558971405,0.6371668877712369,0.0623601737793372,0.0946670845490023,0.0299149895301805,0.0340132328196502,0.0054080471210747,0.0058475465136457,0.0095916658998562,0.0171977499118183,0.0340132328196502,0.0625648127160093,0.1045824850366534,0.1726030222481668,0.2302226972550777,True,,,13.0,hmda_oh,1003,ft,erm,interfair/data/partitions/runs/main/ft/hmda_oh/1003/erm/DONE.json,1f482c98f57a796c522c6634a59932ad3bcd769bc8f30b43c2eb7139d7c8d8f9,,37.0,,0.4532109965800005,True,True,False,False,0.0,0.0,0.0,0.0,0.0,0.0,0.0,0.0,0.0,reference,,,,,,,,,,,,,,,,,,,,,0.2042254344202005,0.0268699890360809,0.0341847891467514,0.0245906341528277,interfair/data/partitions/runs/main/ft/hmda_oh/1003/erm/audit.npz,0fec336d52d41939fa14109c3dfebd546c7528d58a13478887fdbc555861347f,interfair/data/partitions/runs/main/ft/hmda_oh/1003/erm/DONE.json,1f482c98f57a796c522c6634a59932ad3bcd769bc8f30b43c2eb7139d7c8d8f9,0.0415680412961477,0.7660868530681958,0.6006066409848881,0.3859973185614946,0.2339131469318042,0.7660868530681958,primary ten-seed confirmation; original source checkpoint and supported bank,,,,,,,,,,,,,,0.03780377092037002,0.1063057627614451
0.8465316335519306,0.9490857734238488,0.922921769197522,0.86625,0.1021781378312224,0.3392632831298102,0.048683633172444,0.0267132471991016,0.0320680617121632,0.9933340618511638,0.6569767441860465,0.931431119037004,11215.0,0.9980769230769232,0.7056603773584905,0.8993630573248408,785.0,0.0061257118086262,0.0157298673803989,0.0927575081586837,0.0013885559027671,0.4405434956976836,4.459308807134894e-05,0.0594632632275912,0.001146631755731,0.0036790141692528,0.0261135995388031,0.005869672495349,0.0435661481667904,9.64629983364042e-05,0.0140785417892049,0.0016506303167685,0.0015172260459797,0.0015411673555794,0.0011095281329556,0.0014892821975061,0.0016506303167685,0.0040174996848496,0.0104056874773147,0.0177471102126432,0.0184007317232349,True,interfair/training/equality/runs/confirmation/main/ft/hmda_oh/1003/interfair/selected.pt,cuda,13.0,hmda_oh,1003,ft,soft,interfair/training/equality/runs/confirmation/main/ft/hmda_oh/1003/interfair/DONE.json,54a5af4ded1839782769e5275a8183a77c712f322c8953de29bf0b2d2c657562,0.3,33.0,971.333916618998,0.0263193282853761,True,True,True,True,-0.2260975207226128,-0.0271156847497043,-0.0323626025028817,-0.0098857610756712,-0.0022542871405061,-0.0453415196418059,-0.0906003390590967,-0.0187940256125468,-0.0158364477409755,successful,,,,,,,,,,,,,,,,,,,,,0.0272606532994635,0.0053436325443638,0.019802744649437,0.0082537671904096,interfair/training/equality/runs/confirmation/main/ft/hmda_oh/1003/interfair/audit.npz,093f5e8d66c44ec60c83a1d124933520d2c17dd3d04dc1529951f7eae1670cde,interfair/training/equality/runs/confirmation/main/ft/hmda_oh/1003/interfair/DONE.json,54a5af4ded1839782769e5275a8183a77c712f322c8953de29bf0b2d2c657562,0.0,0.0013885559027671,0.0,0.0,0.9986114440972329,0.0013885559027671,primary ten-seed confirmation; original source checkpoint and supported bank,,,,,,,,,,,,,,0.004742861225759398,0.04868363317244406
0.857608226051433,0.9531949913600825,0.9255428655458066,0.8734166666666666,0.0971197052605635,0.3248854290518396,0.1263200234020769,0.0820945753889078,0.1307450497087896,0.978253742760354,0.5678294573643411,0.9027195720017832,11215.0,0.9403846153846154,0.4415094339622641,0.7719745222929937,785.0,0.1932578584074534,0.4976682443171739,2.1727877855300903,0.7166596606211273,0.581221706985517,0.0719796772112168,0.1667564508433525,0.0256999155844791,0.0760683100957136,0.3545856028795242,0.5747762792833992,0.0610979660350512,0.0624440052596221,0.0287123047925818,0.0358126457916358,0.0034244760791199,0.0073490287492434,0.0142553811638913,0.0291626231140588,0.0358126457916358,0.0594724410961696,0.1025872666611787,0.1483957323090865,0.2291841692566747,True,,,13.0,hmda_oh,1004,ft,erm,interfair/data/partitions/runs/main/ft/hmda_oh/1004/erm/DONE.json,50cb8a3565ccf8c75abd77b4f6bac22f62f0e0071f5d6ef74feddca3c902952d,,35.0,,0.4206345522162783,True,True,False,False,0.0,0.0,0.0,0.0,0.0,0.0,0.0,0.0,0.0,reference,,,,,,,,,,,,,,,,,,,,,0.1846926825550886,0.0254911859519779,0.04197184186924,0.0258317647637367,interfair/data/partitions/runs/main/ft/hmda_oh/1004/erm/audit.npz,5763c79f9fe0de8d0389290e77d16ca8411b67668c3dd1d02e3f23ada45a7676,interfair/data/partitions/runs/main/ft/hmda_oh/1004/erm/DONE.json,50cb8a3565ccf8c75abd77b4f6bac22f62f0e0071f5d6ef74feddca3c902952d,0.02507405922732,0.7166596606211273,0.5246890274652815,0.3175548008232492,0.2833403393788727,0.7166596606211273,primary ten-seed confirmation; original source checkpoint and supported bank,,,,,,,,,,,,,,0.037869127375738665,0.126320023402077
0.8516213257298659,0.950676603840661,0.9221998658618376,0.8646666666666667,0.1032193036583652,0.341025718584589,0.0317262688313587,0.0163441663331663,0.0379785944097844,0.9951917823188724,0.6739341085271318,0.9360677663843068,11215.0,0.9961538461538462,0.7056603773584905,0.8980891719745223,785.0,0.0089801726181607,0.0214984405499238,0.1667072176933288,0.0045012102697975,0.4009744193888935,0.000189408449621,0.0536514431514167,0.0020461409898591,0.0060100671190481,0.0434944033622741,0.0296044813698427,0.0340918682475992,0.0003904185933509,0.0097580492546103,0.0024416361596163,0.0021881930458319,0.0024890019646444,0.0022877213769889,0.002300151572313,0.0024416361596163,0.0057443350371579,0.0173747066527076,0.0282113345811157,0.0545466634293795,True,interfair/training/equality/runs/confirmation/main/ft/hmda_oh/1004/interfair/selected.pt,cuda,13.0,hmda_oh,1004,ft,soft,interfair/training/equality/runs/confirmation/main/ft/hmda_oh/1004/interfair/DONE.json,3b86baf081f86189b4bf774fc640111ebe61e7c702828ccc9fb5d01b70a603af,0.3,27.0,837.6940295250097,0.0600184470677486,True,True,True,True,-0.1842776857892927,-0.0236537745946199,-0.0333710096320194,-0.0059869003215671,-0.0033429996839688,-0.0657504090557414,-0.0927664552990051,-0.027006097787452,-0.0189542555379714,successful,,,,,,,,,,,,,,,,,,,,,0.0508688414541089,0.006385133975255,0.0157645368198496,0.0060565829170941,interfair/training/equality/runs/confirmation/main/ft/hmda_oh/1004/interfair/audit.npz,f3fd9568ea0dd82624ceaa19965a62d807cadd4fba7601c7ed9b56afe04d2f72,interfair/training/equality/runs/confirmation/main/ft/hmda_oh/1004/interfair/DONE.json,3b86baf081f86189b4bf774fc640111ebe61e7c702828ccc9fb5d01b70a603af,0.0,0.0045012102697975,0.0002700134659937,0.0,0.9954987897302024,0.0045012102697975,primary ten-seed confirmation; original source checkpoint and supported bank,,,,,,,,,,,,,,0.0009620638349737698,0.03172626883135876
0.8551494890351118,0.9529072485060248,0.9256020712227052,0.8730833333333333,0.0974497755975384,0.3255152505843739,0.152762542050607,0.0900056752518276,0.1301714321413256,0.9810949622992022,0.5867248062015504,0.9085153811859116,11215.0,0.953846153846154,0.4339622641509434,0.778343949044586,785.0,0.2525144990363646,0.6602972659640585,2.2057440280914307,0.7728097865687995,0.6181287174202921,0.0810435695797148,0.1923933418897482,0.0323671066957979,0.0931763256971652,0.3331539630889892,0.6741413144596595,0.0698356053739779,0.0733065071841977,0.0354270417458162,0.0301970548836585,0.0048538499366711,0.0079405057457507,0.0103931928676038,0.0193387202904954,0.0301970548836585,0.0639372197825388,0.1248858696817482,0.2083554904299158,0.262178257774889,True,,,13.0,hmda_oh,1005,ft,erm,interfair/data/partitions/runs/main/ft/hmda_oh/1005/erm/DONE.json,038704c3b2247443118a09224d6784ffeaeba10e106fea0683b3f744f36ad1bf,,39.0,,0.4634757087372305,True,True,False,False,0.0,0.0,0.0,0.0,0.0,0.0,0.0,0.0,0.0,reference,,,,,,,,,,,,,,,,,,,,,0.20237592034615,0.0317119976075795,0.0472424067206941,0.0307236692909085,interfair/data/partitions/runs/main/ft/hmda_oh/1005/erm/audit.npz,5cd730ec6d9b4a22e2014da2a71c9af10f21afecb07b9d520c825e06faaa4ab6,interfair/data/partitions/runs/main/ft/hmda_oh/1005/erm/DONE.json,038704c3b2247443118a09224d6784ffeaeba10e106fea0683b3f744f36ad1bf,0.0334707374800527,0.7728097865687997,0.6049215217983418,0.4042402332851466,0.22719021343120027,0.7728097865687997,primary ten-seed confirmation; original source checkpoint and supported bank,,,,,,,,,,,,,,0.027248808453048223,0.15276254205060702
0.8509358051646709,0.9506988746238674,0.923957878390838,0.8694166666666666,0.098569327271284,0.3288707868812218,0.0047535468772853,0.0045301740758155,0.0564257946165138,0.9841547371871928,0.6085271317829457,0.9150245207311636,11215.0,0.9884615384615384,0.6037735849056604,0.8585987261146497,785.0,0.0092549318845948,0.022848323216805,0.1482908725738525,0.0064923438288769,0.4421481596928184,0.0001465524574736,0.0619322897545359,0.0020019668322519,0.006268153225,0.0310349464416503,0.0281750804722679,0.0419947284806229,0.0001943175125248,0.0138063173891179,0.003449867703085,0.0029187028008306,0.0020081079179774,0.0016295722426078,0.0030374507563208,0.003449867703085,0.0092456217416321,0.0213860551785646,0.0291738727478803,0.0329316195544763,True,interfair/training/equality/runs/confirmation/main/ft/hmda_oh/1005/interfair/selected.pt,cuda,13.0,hmda_oh,1005,ft,soft,interfair/training/equality/runs/confirmation/main/ft/hmda_oh/1005/interfair/DONE.json,e7f32108cbb2e6d740f19a0cf58187914f46e877ab710caaf651e87e5325407f,0.3,30.0,930.0758104669948,0.0476718603663711,True,True,True,True,-0.2432595671517697,-0.030365139863546,-0.0267471871805735,-0.0042136838704408,-0.0016441928318672,-0.0854755011760121,-0.0737456375248117,-0.0278408768933549,-0.0216207243566982,successful,,,,,,,,,,,,,,,,,,,,,0.0386249210609114,0.0068978000839791,0.0237119647809904,0.0095006657792605,interfair/training/equality/runs/confirmation/main/ft/hmda_oh/1005/interfair/audit.npz,18b2a749e7862da4da102992a40bc92b2c2e3a56da1632f67bc8cad48eee8d7a,interfair/training/equality/runs/confirmation/main/ft/hmda_oh/1005/interfair/DONE.json,e7f32108cbb2e6d740f19a0cf58187914f46e877ab710caaf651e87e5325407f,0.0,0.0064923438288769,4.459308807134894e-05,0.0,0.9935076561711231,0.0064923438288769,primary ten-seed confirmation; original source checkpoint and supported bank,,,,,,,,,,,,,,0.004306801274345573,0.004753546877285353
0.8573284992083249,0.9534376581975516,0.924496644295302,0.8725,0.0970713478575396,0.3240908467678027,0.1937326312710253,0.1320811513407319,0.1771404880292829,0.9723527483335156,0.5484496124031008,0.8943379402585823,11215.0,0.9019230769230768,0.3547169811320754,0.7171974522292993,785.0,0.1405571798474808,0.3551975858039579,1.816231608390808,0.6625200695997063,0.6116895038741453,0.0483780377450098,0.1552876325037617,0.0221263990342332,0.0667799572531993,0.3410446941852569,0.5506930616866799,0.0695556137809309,0.0408621528189839,0.0280478714669768,0.0618761621985218,0.0035722216126271,0.0055957657266794,0.0160687311683215,0.0355365639525221,0.0618761621985218,0.0772054927911252,0.1017824107338187,0.1452058905267892,0.2200102367903561,True,,,13.0,hmda_oh,1006,ft,erm,interfair/data/partitions/runs/main/ft/hmda_oh/1006/erm/DONE.json,8a50351ef01d46e675a67cd87ba1e451004f2088e73ac8926148982dad1633e9,,38.0,,0.3181109019312451,True,True,False,False,0.0,0.0,0.0,0.0,0.0,0.0,0.0,0.0,0.0,reference,,,,,,,,,,,,,,,,,,,,,0.1645074870723944,0.0263831103578783,0.0718534022659272,0.0481675035986092,interfair/data/partitions/runs/main/ft/hmda_oh/1006/erm/audit.npz,034074c460ae2811d4e14bc13d63732a16b481eec4a26bfec97007aa96b8ee13,interfair/data/partitions/runs/main/ft/hmda_oh/1006/erm/DONE.json,8a50351ef01d46e675a67cd87ba1e451004f2088e73ac8926148982dad1633e9,0.0113298454163748,0.6625200695997064,0.4253882938327525,0.2115894934420756,0.33747993040029356,0.6625200695997064,primary ten-seed confirmation; original source checkpoint and supported bank,,,,,,,,,,,,,,0.07042967141043877,0.19373263127102536
0.8487164598058432,0.9499781314360672,0.923291626564004,0.8671666666666666,0.1016509432811401,0.337292302743036,0.0191842182243673,0.011821583822808,0.0432274791211724,0.9916948967325976,0.6487403100775194,0.92857779759251,11215.0,0.9961538461538462,0.6679245283018868,0.8853503184713376,785.0,0.007798467870449,0.0199810676849805,0.0749403238296508,0.0027902241817648,0.3918434090654391,0.000403293386618,0.0371963803163554,0.0016323213320757,0.0048054893429462,0.0294648706912994,0.0118197199318909,0.03616684910079,0.0003008190094145,0.0100748164316344,0.0014988663691254,0.0018020237946007,0.0022609265237025,0.0017827826900457,0.0016563721023845,0.0014988663691254,0.0041907417522532,0.017659356665248,0.0381406559848648,0.0324160781553065,True,interfair/training/equality/runs/confirmation/main/ft/hmda_oh/1006/interfair/selected.pt,cuda,13.0,hmda_oh,1006,ft,soft,interfair/training/equality/runs/confirmation/main/ft/hmda_oh/1006/interfair/DONE.json,6abf43c9497f5bc191657bc9c79538294ea9c1b81904e9f2cfc625ba6e201dba,0.3,27.0,646.1187542400003,0.0451330810579259,True,True,True,True,-0.1327587119770318,-0.0204940777021575,-0.0603772958293964,-0.0086120394024816,-0.0012050177312981,-0.1202595675179239,-0.1339130089081105,-0.0333887646801408,-0.0179730550353423,successful,,,,,,,,,,,,,,,,,,,,,0.0158393347704123,0.0037146121824016,0.0237684780823634,0.0088972840827437,interfair/training/equality/runs/confirmation/main/ft/hmda_oh/1006/interfair/audit.npz,3ec530ddd3b44d41dfe6ffd24fc1d50c3e7c20e0d6c99475c2d5c91ef3335c00,interfair/training/equality/runs/confirmation/main/ft/hmda_oh/1006/interfair/DONE.json,6abf43c9497f5bc191657bc9c79538294ea9c1b81904e9f2cfc625ba6e201dba,0.0,0.0027902241817648,0.0,0.0,0.9972097758182352,0.0027902241817648,primary ten-seed confirmation; original source checkpoint and supported bank,,,,,,,,,,,,,,0.004458949421248581,0.019184218224367333
0.8581346701498627,0.953730536539465,0.9251439539347408,0.87325,0.0964971488257464,0.3224709676443044,0.1495209887377504,0.0934325814883997,0.1397900332527807,0.9738826357775108,0.5532945736434108,0.8964779313419527,11215.0,0.9365384615384617,0.4037735849056604,0.756687898089172,785.0,0.1946368366974201,0.5110448223180495,1.9842866659164429,0.7166908736469491,0.6422744519962129,0.0548021979282589,0.1924242153763771,0.0276171607571937,0.083386208804754,0.3009548783302307,0.6153229420120918,0.0742413442486165,0.0474667879744027,0.0312792815966531,0.0503977999243941,0.0055214499906212,0.0087806763886276,0.0162955579561577,0.026149869356908,0.0503977999243941,0.0763446189376993,0.1183475158360888,0.1735816629454377,0.2531763139394595,True,,,13.0,hmda_oh,1007,ft,erm,interfair/data/partitions/runs/main/ft/hmda_oh/1007/erm/DONE.json,c73be5786420b02cb8a6790cc3d8cdf966306d33bb43c0903307007071ec2a9b,,37.0,,0.3719916582424805,True,True,False,False,0.0,0.0,0.0,0.0,0.0,0.0,0.0,0.0,0.0,reference,,,,,,,,,,,,,,,,,,,,,0.1844096390100625,0.0247801903617353,0.0408421250948898,0.030427949249711,interfair/data/partitions/runs/main/ft/hmda_oh/1007/erm/audit.npz,de4d341e3ee500712d50898caca7b153f0170eb69529e0d5c3a78c480a016f18,interfair/data/partitions/runs/main/ft/hmda_oh/1007/erm/DONE.json,c73be5786420b02cb8a6790cc3d8cdf966306d33bb43c0903307007071ec2a9b,0.0190851943132889,0.7166908736469492,0.527759180876797,0.3149053174856907,0.28330912635305083,0.7166908736469492,primary ten-seed confirmation; original source checkpoint and supported bank,,,,,,,,,,,,,,0.03734417423904912,0.14952098873775044
0.8503884276154793,0.95036024038117,0.9243981280455444,0.8694166666666666,0.0997341310504979,0.3324457425868437,0.0215317390668421,0.0126894718299334,0.0453169237060238,0.9903835646377444,0.6312984496124031,0.924297815425769,11215.0,0.9942307692307693,0.6528301886792452,0.8789808917197452,785.0,0.0070935103431325,0.0176059561280103,0.0723543167114257,0.000797950754165,0.5017402059295384,9.267961672623658e-05,0.0658606501082312,0.0008593664950752,0.002799091889308,0.0125698149204254,0.0003554469118107,0.0473399032380762,0.0003321341574618,0.0162086834335358,0.0012914465935378,0.0003271538361441,0.0001406891721625,0.0001872284014876,0.0009273048236117,0.0012914465935378,0.0022717800312419,0.0049681294672322,0.0085494034431013,0.0130974917556452,True,interfair/training/equality/runs/confirmation/main/ft/hmda_oh/1007/interfair/selected.pt,cuda,13.0,hmda_oh,1007,ft,soft,interfair/training/equality/runs/confirmation/main/ft/hmda_oh/1007/interfair/DONE.json,68b36ebb7a598a6ca4c3d37f5022bd74b548ad23888b8658853c1282456276a6,0.3,42.0,796.8746415039932,0.0181531105113045,True,True,True,True,-0.1875433263542875,-0.0267577942621184,-0.0491063533308562,-0.0077462425343833,-0.0007458258891964,-0.0807431096584663,-0.0944731095467569,-0.0269014410105402,-0.0150705981631173,successful,,,,,,,,,,,,,,,,,,,,,0.0473399759753991,0.0075373981415737,0.0373041059455783,0.0139114845815887,interfair/training/equality/runs/confirmation/main/ft/hmda_oh/1007/interfair/audit.npz,4c8c49919c52194f6c848f7413d9e211152f7c8bba4c465ee5e7cd46658b5e3c,interfair/training/equality/runs/confirmation/main/ft/hmda_oh/1007/interfair/DONE.json,68b36ebb7a598a6ca4c3d37f5022bd74b548ad23888b8658853c1282456276a6,0.0,0.000797950754165,0.0,0.0,0.999202049245835,0.000797950754165,primary ten-seed confirmation; original source checkpoint and supported bank,,,,,,,,,,,,,,0.0038472045930249,0.021531739066842137
0.8559447381762522,0.9527862369447592,0.92404064318832,0.8716666666666667,0.0974084386871586,0.3254343627980403,0.1432225391253473,0.0976805095784769,0.1480450147805913,0.9713692492623756,0.5469961240310077,0.893267944716897,11215.0,0.9192307692307692,0.4037735849056604,0.7452229299363057,785.0,0.2116148375996432,0.5358944014717753,2.005791425704956,0.7749977425743092,0.6867687770169151,0.0733148030182867,0.1971810695070486,0.0313521986820352,0.096057713834139,0.3630185276269912,0.6451717315270765,0.0784559201618363,0.0607554293828922,0.0329342391968776,0.0514059283134551,0.0070182416730685,0.0113618977182898,0.016779503954267,0.0328273916095672,0.0514059283134551,0.0823909885790647,0.1259890909820707,0.1784916809513599,0.2482785187928003,True,,,13.0,hmda_oh,1008,ft,erm,interfair/data/partitions/runs/main/ft/hmda_oh/1008/erm/DONE.json,86078f25ed85c851c84b78025a1751077caaee5684158ebe3e80426e2db20e9b,,38.0,,0.39961546072448,True,True,False,False,0.0,0.0,0.0,0.0,0.0,0.0,0.0,0.0,0.0,reference,,,,,,,,,,,,,,,,,,,,,0.1951630734480344,0.0298141681839926,0.0648315226524085,0.0475875405645991,interfair/data/partitions/runs/main/ft/hmda_oh/1008/erm/audit.npz,1242cee00c5827f7f6a1f76476fcdfbaebd9184b79458a554ff25afeb3f95be1,interfair/data/partitions/runs/main/ft/hmda_oh/1008/erm/DONE.json,86078f25ed85c851c84b78025a1751077caaee5684158ebe3e80426e2db20e9b,0.0256375109428485,0.7749977425743093,0.5997979823612899,0.3573923151243599,0.2250022574256907,0.7749977425743093,primary ten-seed confirmation; original source checkpoint and supported bank,,,,,,,,,,,,,,0.05213848003160637,0.14322253912534733
0.8482626279210321,0.949443369170019,0.9246801085692128,0.8705,0.0995509353412652,0.3332764717342498,0.0119186046511627,0.0080907423531529,0.0586549519950247,0.9861217353294722,0.6119186046511628,0.9172536781096744,11215.0,0.9903846153846154,0.6,0.8585987261146497,785.0,0.006635571758888,0.0170151265767904,0.0626981258392334,0.0005678928723543,0.475348336400437,0.0,0.0449604600903148,0.0011644844888727,0.0034109414770052,0.0171194076538085,0.0021442625111449,0.0512647356626294,0.0001406829370371,0.0124136036318545,0.0025958552191162,0.0005675406157327,0.0009896504715358,0.0021025664838316,0.0009964574209138,0.0025958552191162,0.0086288798183708,0.0119999133547525,0.0176997251917424,0.0194137700911878,True,interfair/training/equality/runs/confirmation/main/ft/hmda_oh/1008/interfair/selected.pt,cuda,13.0,hmda_oh,1008,ft,soft,interfair/training/equality/runs/confirmation/main/ft/hmda_oh/1008/interfair/DONE.json,288d6a18dd2031d878320332483ce6f48ad759073458b4754f3d7ce135425c69,0.3,37.0,1138.526525897003,0.0227151173964143,True,True,True,True,-0.2049792658407552,-0.0301877141931624,-0.0488100730943388,-0.00768211025522,0.0006394653808928,-0.0895897672253239,-0.0893900627855665,-0.0271911844992068,-0.0205206355650231,successful,,,,,,,,,,,,,,,,,,,,,0.0314801930343748,0.0065475051790478,0.0291682206985323,0.0134971102596923,interfair/training/equality/runs/confirmation/main/ft/hmda_oh/1008/interfair/audit.npz,faf0a09b82e2c08be423e740c95520e179ce0554fe9a87c96b9cec4a26da431a,interfair/training/equality/runs/confirmation/main/ft/hmda_oh/1008/interfair/DONE.json,288d6a18dd2031d878320332483ce6f48ad759073458b4754f3d7ce135425c69,0.0,0.0005678928723543,0.0,0.0,0.9994321071276457,0.0005678928723543,primary ten-seed confirmation; original source checkpoint and supported bank,,,,,,,,,,,,,,0.004262880055143192,0.01191860465116279
0.8566912165948853,0.9528304505674134,0.9243829432258698,0.8715833333333334,0.0974289776005899,0.3265959176820007,0.1305781044317683,0.0830215614834715,0.1301464428611589,0.9758496339197902,0.5683139534883721,0.9008470798038342,11215.0,0.9403846153846154,0.4377358490566038,0.7707006369426752,785.0,0.1839293171202195,0.4993485181377483,2.0045887231826782,0.718454887155463,0.6503139702373368,0.066156631048493,0.1739282042074661,0.0267604179256815,0.0890948867282041,0.3751305937767029,0.5749398394602111,0.0716553368196432,0.0439562093752329,0.0284438067308376,0.0444055721704905,0.0039047664295685,0.0057829897942141,0.0129332191533518,0.0307102826454813,0.0444055721704905,0.0617575484154282,0.1004210087436769,0.146098193934492,0.212455247382765,True,,,13.0,hmda_oh,1009,ft,erm,interfair/data/partitions/runs/main/ft/hmda_oh/1009/erm/DONE.json,5fea95b1c9bcae08356768c64fc9d693ac5d2a80495969372389e0339dbe1ef2,,37.0,,0.3734602210165806,True,True,False,False,0.0,0.0,0.0,0.0,0.0,0.0,0.0,0.0,0.0,reference,,,,,,,,,,,,,,,,,,,,,0.1805331171132051,0.0246322351651122,0.0457740158897359,0.0355125370712473,interfair/data/partitions/runs/main/ft/hmda_oh/1009/erm/audit.npz,22c5eb769c2e2323bf77697bd3020cb0a794ea6aad293d55cfa91b3c506a1a52,interfair/data/partitions/runs/main/ft/hmda_oh/1009/erm/DONE.json,5fea95b1c9bcae08356768c64fc9d693ac5d2a80495969372389e0339dbe1ef2,0.011472349408531,0.718454887155463,0.5297684938958648,0.31029179691171,0.281545112844537,0.718454887155463,primary ten-seed confirmation; original source checkpoint and supported bank,,,,,,,,,,,,,,0.03546501853517481,0.13057810443176832
0.8526176958295459,0.9509651201056536,0.9209467228823304,0.8625,0.1024676774090669,0.3388800446697138,0.030170396372678,0.0173473511246475,0.0350741585285857,0.993552617200306,0.6792635658914729,0.935711101203745,11215.0,0.9980769230769232,0.7094339622641509,0.9006369426751593,785.0,0.0063359705364424,0.0159035808764971,0.0667306631803512,0.0002657291098659,0.4160001040663247,9.70638194612958e-05,0.06215128587393,0.0009856100430001,0.0030525110661983,0.0267349518835544,0.0020113235437065,0.0401560366498296,0.0002459243619762,0.0134932362066538,0.0015903345353036,0.0010841241625455,0.0008456490886179,0.0008251517024125,0.001319954417791,0.0015903345353036,0.0029764017528763,0.0105664190611008,0.0159119146386027,0.0175092755033982,True,interfair/training/equality/runs/confirmation/main/ft/hmda_oh/1009/interfair/selected.pt,cuda,13.0,hmda_oh,1009,ft,soft,interfair/training/equality/runs/confirmation/main/ft/hmda_oh/1009/interfair/DONE.json,164ee44f2fb70298e0753ce56e90cf4f87b6bb4a6d63fbb7f19cc815c6f96101,0.3,30.0,893.3432102410006,0.0245445050166414,True,True,True,True,-0.1775933465837771,-0.0257748078826813,-0.0428152376351869,-0.0040735207653394,-0.0034362203435394,-0.0656742103588239,-0.0950722843325732,-0.0314993001698135,-0.0149505705241837,successful,,,,,,,,,,,,,,,,,,,,,0.0421061075038708,0.0063859285996631,0.0159160179506407,0.0059582846212433,interfair/training/equality/runs/confirmation/main/ft/hmda_oh/1009/interfair/audit.npz,bc42b3ed648b5e7a2b3f57d978652ff05d6ff90fc8234d6d5c57ddac31c17ab7,interfair/training/equality/runs/confirmation/main/ft/hmda_oh/1009/interfair/DONE.json,164ee44f2fb70298e0753ce56e90cf4f87b6bb4a6d63fbb7f19cc815c6f96101,0.0,0.0002657291098659,0.0,0.0,0.9997342708901341,0.0002657291098659,primary ten-seed confirmation; original source checkpoint and supported bank,,,,,,,,,,,,,,0.0045243058766172295,0.030170396372678043
0.9063096012291304,0.8935430816318184,0.8228310502283105,0.8236630813513104,0.1261236901863811,0.3955116011918826,0.0767951641051624,0.0642419602634976,0.1473747117488947,0.8662630709961475,0.2385752688172043,0.5836611195158851,3305.0,0.8145743145743146,0.1617801047120418,0.4362864077669903,3296.0,0.2375545096747562,0.6051651042699813,2.2573399543762207,0.7614224697425771,0.9719801922802171,0.0280583775855739,0.1668143542513389,0.050899979396748,0.1591644228994845,0.5357920527458191,0.6507446069523493,0.1354309479447132,0.0251273986325218,0.0322474474735858,0.1362173981190553,0.0646432238663055,0.0977001871247643,0.1187848579353713,0.1359084035056111,0.1362173981190553,0.1339507250198473,0.1243731182736656,0.1209125288482095,0.097553129575055,True,interfair/data/tasks/runs/confirmation/main/ft/acs_income/1000/erm/selected.pt,cpu,5.0,acs_income,1000,ft,erm,interfair/data/tasks/evaluations/confirmation/main/ft/acs_income/1000/erm/DONE.json,b9f29434cb275acd1beecc8ee41e4ea7bc3a47547270ae03fd406d73cb9a90d6,,,,0.3758371344895765,True,True,False,False,0.0,0.0,0.0,0.0,0.0,0.0,0.0,0.0,0.0,reference,,,,,,,,,,,,,,,,,,,,,0.1560558561438411,0.0245683913647004,0.0598157438896856,0.0429689695433575,interfair/data/tasks/evaluations/confirmation/main/ft/acs_income/1000/erm/PREDICTIONS.npz,a934a18d920a2c0263490702cf47272a4de02e9d8885ea1d265af2ede0d183bd,interfair/data/tasks/evaluations/confirmation/main/ft/acs_income/1000/erm/DONE.json,b9f29434cb275acd1beecc8ee41e4ea7bc3a47547270ae03fd406d73cb9a90d6,0.0128702881028531,0.7614224697425771,0.6089200962437575,0.4125774762017435,0.2385775302574229,0.7614224697425771,primary ten-seed confirmation; original source checkpoint and supported bank,,,,,,,,,,,,,,0.051688756421832904,0.07679516410516252
0.9007456407205062,0.8877901199292355,0.8149042087796048,0.8141190728677473,0.128444101923926,0.3990620211100389,0.0308109001009385,0.0222687332796535,0.0597876856190238,0.8299394606494221,0.2056451612903226,0.5488653555219365,3305.0,0.8607503607503607,0.2193717277486911,0.4890776699029126,3296.0,0.0101547132645781,0.0255040526390075,0.0677020549774169,0.0044933525837694,0.7499396019395135,0.0,0.0178392561291477,0.0024047578308277,0.0059221096336841,0.0185442566871643,0.0142634903447031,0.1160010172085661,0.0001117942984907,0.0052516790379089,0.0089746057718176,0.0032673897470918,0.0054648134675521,0.0061264083756783,0.0120003931120735,0.0089746057718176,0.011674334389946,0.0121841627651177,0.0114274570196491,0.012192072451876,True,interfair/baselines/additive/runs/confirmation/main/ft/acs_income/1000/soft/selected.pt,cuda,5.0,acs_income,1000,ft,soft,interfair/baselines/additive/runs/confirmation/main/ft/acs_income/1000/soft/DONE.json,1e585a987da79a3bc84bcc971b1997a569b61ccd46d31f1d4a94daddd2940d06,1.0,18.0,145.89883846099838,0.020730489168936,True,True,True,True,-0.2273997964101781,-0.0484952215659203,-0.1272427923472377,-0.005563960508624,-0.0079268414487057,-0.0419732269838441,-0.0875870261298709,-0.0194299307361471,-0.0269957684356769,successful,,,,,,,,,,,,,,,,,,,,,0.0117929614187997,0.0038091006789373,0.0286025250473982,0.0155703802768379,interfair/baselines/additive/runs/confirmation/main/ft/acs_income/1000/soft/audit.npz,1c13f101d795b93885fb5ca185e8cb86c68bb65d2d1470252253da34b1624729,interfair/baselines/additive/runs/confirmation/main/ft/acs_income/1000/soft/DONE.json,1e585a987da79a3bc84bcc971b1997a569b61ccd46d31f1d4a94daddd2940d06,0.0,0.0044933525837694,0.0,0.0,0.9955066474162306,0.0044933525837694,primary ten-seed confirmation; original source checkpoint and supported bank,,,,,,,,,,,,,,0.030810900100938565,0.013726566458368505
0.9065970469488858,0.8947965537296994,0.810266099826799,0.8174519012270868,0.1245382819557711,0.3855579935134823,0.0602693337971268,0.0589515897156551,0.1398905563797129,0.8293891029168959,0.2016129032258064,0.5467473524962179,3305.0,0.7691197691197691,0.143979057591623,0.4068567961165049,3296.0,0.2015367296360756,0.5013628780655562,1.970441818237305,0.7607402038211217,0.8845941713119666,0.0329467726754596,0.133555184623099,0.0415078298159484,0.1271916301921009,0.4464664757251739,0.6641701690075381,0.130060891103049,0.0286513490111951,0.023665432901133,0.1299920066000481,0.0818418668287449,0.1075250210008263,0.1274686561829029,0.1264394292923775,0.1299920066000481,0.1238582307644445,0.1239569114576348,0.1084796708952404,0.0866839458428485,True,interfair/data/tasks/runs/confirmation/main/ft/acs_income/1001/erm/selected.pt,cpu,5.0,acs_income,1001,ft,erm,interfair/data/tasks/evaluations/confirmation/main/ft/acs_income/1001/erm/DONE.json,32f712a866a42910101859566ca067be7b39594452e3ad6784609f8aa4f087c8,,,,0.3191415149005957,True,True,False,False,0.0,0.0,0.0,0.0,0.0,0.0,0.0,0.0,0.0,reference,,,,,,,,,,,,,,,,,,,,,0.1242736570630556,0.017600388504059,0.0515084446236017,0.0205928291638184,interfair/data/tasks/evaluations/confirmation/main/ft/acs_income/1001/erm/PREDICTIONS.npz,c1dc27c99153e097cd7b4dd8c00814ff9068c83ca6751e4d64f020b9e89da093,interfair/data/tasks/evaluations/confirmation/main/ft/acs_income/1001/erm/DONE.json,32f712a866a42910101859566ca067be7b39594452e3ad6784609f8aa4f087c8,0.0131739515137404,0.7607402038211217,0.5950611272842904,0.3586848549526357,0.23925979617887827,0.7607402038211217,primary ten-seed confirmation; original source checkpoint and supported bank,,,,,,,,,,,,,,0.060269333797126845,0.05763384563418342
0.9027019438258388,0.8886385661161686,0.8148033924441018,0.818057870019694,0.1262150303937299,0.3926624181654697,0.0149513850669602,0.0088261119446156,0.0737844799729741,0.8183819482663731,0.1868279569892473,0.5340393343419062,3305.0,0.8333333333333334,0.1895287958115183,0.460254854368932,3296.0,0.009556362506481,0.0250119841098785,0.0882749557495117,0.0040216981528169,0.7258568058650156,0.0,0.0097178725982365,0.0020557061535481,0.0054152504727244,0.020650714635849,0.007214582205378,0.1143413571765898,0.0001117942984907,0.0033603060005405,0.0102458315870337,0.0049208186033162,0.0073124977994928,0.005873986840477,0.0079174751869952,0.0102458315870337,0.0079265948467168,0.0108513922434214,0.0102381400455777,0.0101219850423139,True,interfair/baselines/additive/runs/confirmation/main/ft/acs_income/1001/soft/selected.pt,cuda,5.0,acs_income,1001,ft,soft,interfair/baselines/additive/runs/confirmation/main/ft/acs_income/1001/soft/DONE.json,7b32a25a730555e594f02df29bc39aa1f70e2691dd8eb9765f5170f592cc41c5,1.0,19.0,143.9972534450062,0.0179786754706201,True,True,True,True,-0.1919803671295945,-0.0394521236624003,-0.1197461750130143,-0.003895103123047,0.0045372926173028,-0.0501254777710394,-0.0661060764067388,-0.0157195339264591,-0.0203051269005924,successful,,,,,,,,,,,,,,,,,,,,,0.0165721836159274,0.0049858326209164,0.0187539038282777,0.0178846939488132,interfair/baselines/additive/runs/confirmation/main/ft/acs_income/1001/soft/audit.npz,9f0d9872c3e07c3f2952b9b20e6ad6beb457e3e16623d30c803658c5b45ebb9e,interfair/baselines/additive/runs/confirmation/main/ft/acs_income/1001/soft/DONE.json,7b32a25a730555e594f02df29bc39aa1f70e2691dd8eb9765f5170f592cc41c5,0.0,0.0040216981528169,0.0,0.0,0.9959783018471831,0.0040216981528169,primary ten-seed confirmation; original source checkpoint and supported bank,,,,,,,,,,,,,,0.014951385066960254,0.0027008388222709845
0.9075331175874884,0.8961265040775354,0.8253731343283582,0.8227541281623997,0.1267878453829335,0.4003388288770058,0.0818435793503349,0.0628415931029511,0.1461090690774495,0.8822234452394057,0.2614247311827957,0.6027231467473525,3305.0,0.8383838383838383,0.1795811518324607,0.4566140776699029,3296.0,0.2090818837814736,0.5108421969413757,1.6300180107355118,0.7293742419614173,0.9802974770836158,0.019624271857965,0.1630269193712889,0.0480563952565241,0.1451297145336866,0.4190144836902618,0.641655526350351,0.1367854566366291,0.0154239270013445,0.0293971579324718,0.1314785891307769,0.0754271684843141,0.0967399102362682,0.1123781679323434,0.1310303162391565,0.1314785891307769,0.1289505809858805,0.1262591891782614,0.1281397309480406,0.1056424450653044,True,interfair/data/tasks/runs/confirmation/main/ft/acs_income/1002/erm/selected.pt,cpu,5.0,acs_income,1002,ft,erm,interfair/data/tasks/evaluations/confirmation/main/ft/acs_income/1002/erm/DONE.json,b0e8317a957227ab255d86eb3da95f9562ac82b14088c2fab8ba28439fa504e5,,,,0.3513267889596338,True,True,False,False,0.0,0.0,0.0,0.0,0.0,0.0,0.0,0.0,0.0,reference,,,,,,,,,,,,,,,,,,,,,0.1480830536611133,0.0222179216633268,0.0487703768201305,0.0268203294484693,interfair/data/tasks/evaluations/confirmation/main/ft/acs_income/1002/erm/PREDICTIONS.npz,6432c0c8752ef5e2421b9a4fc3cbce9694616c83ef3395bf56749f744c55ab6e,interfair/data/tasks/evaluations/confirmation/main/ft/acs_income/1002/erm/DONE.json,b0e8317a957227ab255d86eb3da95f9562ac82b14088c2fab8ba28439fa504e5,0.0073747375100086,0.7293742419614173,0.5650660047761151,0.3706085270551131,0.2706257580385827,0.7293742419614173,primary ten-seed confirmation; original source checkpoint and supported bank,,,,,,,,,,,,,,0.043839606855567315,0.08184357935033498
0.9054850725767136,0.8925788437040024,0.8232077764277035,0.8236630813513104,0.1245674737870595,0.387918049042772,0.0220421051461227,0.0206851014386809,0.0831361169454929,0.8365437534397359,0.2083333333333333,0.5537065052950075,3305.0,0.8585858585858586,0.1890052356020942,0.4705703883495146,3296.0,0.0098385128887238,0.0244406792521476,0.1005587577819824,0.0069377970282139,0.6919105796087953,0.0,0.0064331075283081,0.0018377736969837,0.0046864038705825,0.0217245817184448,0.0069434518438308,0.1069167478194138,0.0001117942984907,0.0033575434236842,0.0078786500850948,0.0072071574597688,0.007410878525391,0.0081813648593082,0.0079573772167722,0.0078786500850948,0.0090362173150528,0.0076157617088112,0.0073897638981211,0.0073672340337386,True,interfair/baselines/additive/runs/confirmation/main/ft/acs_income/1002/soft/selected.pt,cuda,5.0,acs_income,1002,ft,soft,interfair/baselines/additive/runs/confirmation/main/ft/acs_income/1002/soft/DONE.json,d27d227fdd6526d5925bc302368e22e47e7af5df355368d1ea27a09bcfc03034,1.0,22.0,153.25096605002182,0.0171888290138398,True,True,True,True,-0.1992433708927497,-0.0462186215595404,-0.1235999390456821,-0.0020480450107748,-0.0021653579006547,-0.0421564916642702,-0.0629729521319566,-0.0298687088172153,-0.0260396145087875,successful,,,,,,,,,,,,,,,,,,,,,0.0120644619377735,0.004068287411955,0.0168714169020521,0.0082913188295666,interfair/baselines/additive/runs/confirmation/main/ft/acs_income/1002/soft/audit.npz,4d170ac2204f533ed04e6833e553ef5e1131bb86a61e27a3b62acfd8d4628e05,interfair/baselines/additive/runs/confirmation/main/ft/acs_income/1002/soft/DONE.json,d27d227fdd6526d5925bc302368e22e47e7af5df355368d1ea27a09bcfc03034,0.0,0.0069377970282139,0.0001111111111111,0.0,0.993062202971786,0.0069377970282139,primary ten-seed confirmation; original source checkpoint and supported bank,,,,,,,,,,,,,,0.022042105146122704,0.019328097731239086
0.9051298655597488,0.8914214290851098,0.8198986642100414,0.8222996515679443,0.1274601421106716,0.4014083862426418,0.080991386590103,0.0744292580486492,0.1567907921213812,0.8629609246009906,0.2338709677419354,0.5797276853252648,3305.0,0.7950937950937951,0.1528795811518324,0.4229368932038835,3296.0,0.3192493603286831,0.8672529946267602,2.438913181424141,0.824058068714345,1.028242253767522,0.068891702605838,0.2263267032698771,0.0650937191820131,0.2090834821946918,0.5469636619091034,0.6917287470915358,0.1404896168491853,0.0568094227130823,0.0389081010550718,0.1367809734285114,0.0934409065296582,0.1235926504310359,0.1425011145497934,0.1431473400963926,0.1367809734285114,0.1373472085432911,0.135690664263181,0.1280150638854407,0.1126402689945892,True,interfair/data/tasks/runs/confirmation/main/ft/acs_income/1003/erm/selected.pt,cpu,5.0,acs_income,1003,ft,erm,interfair/data/tasks/evaluations/confirmation/main/ft/acs_income/1003/erm/DONE.json,8844130ce5d28caa0e1afb0646870f4f51674ca05fb5a21cd26ad169d0352e77,,,,0.4633347334977132,True,True,False,False,0.0,0.0,0.0,0.0,0.0,0.0,0.0,0.0,0.0,reference,,,,,,,,,,,,,,,,,,,,,0.1461568323159593,0.022632731593955,0.0615062398481583,0.0392411132809662,interfair/data/tasks/evaluations/confirmation/main/ft/acs_income/1003/erm/PREDICTIONS.npz,d15fd6c79c2033ba5c46940b7410c6c60d4c184987011f787a369b87a339d0f2,interfair/data/tasks/evaluations/confirmation/main/ft/acs_income/1003/erm/DONE.json,8844130ce5d28caa0e1afb0646870f4f51674ca05fb5a21cd26ad169d0352e77,0.0337916650744717,0.824058068714345,0.7023347329794015,0.4917414652497333,0.17594193128565505,0.824058068714345,primary ten-seed confirmation; original source checkpoint and supported bank,,,,,,,,,,,,,,0.06786712950719553,0.08099138659010299
0.9019427416579182,0.8875900814650862,0.8197208197208197,0.8160884714437207,0.1279554566879837,0.3971291870918794,0.0225051045084067,0.0150638453916238,0.0751965431899299,0.8519537699504678,0.2311827956989247,0.5724659606656581,3305.0,0.8744588744588745,0.2235602094240837,0.4972694174757281,3296.0,0.0114281654826479,0.0258644324541091,0.1202618777751922,0.0100828370330265,0.7817003493392226,0.0,0.0228269660514031,0.0020193767678882,0.0055402806401252,0.0242026150226593,0.016237733513634,0.1201007314905518,0.0003353828954723,0.0054289980838647,0.0070662387169466,0.0024085085387116,0.0034867601079024,0.0056711267063639,0.0081527054122012,0.0070662387169466,0.0064796687128395,0.0080430095830557,0.0076480807437628,0.0076228286502709,True,interfair/baselines/additive/runs/confirmation/main/ft/acs_income/1003/soft/selected.pt,cuda,5.0,acs_income,1003,ft,soft,interfair/baselines/additive/runs/confirmation/main/ft/acs_income/1003/soft/DONE.json,9ac73bb6e348a147a4d93bc1fb2ec6ade1b31215eccaa23877b4d455c989e92b,1.0,21.0,146.32324522099225,0.0168140255502696,True,True,True,True,-0.3078211948460351,-0.0630743424141249,-0.1297147347115647,-0.0031871239018306,-0.0001778444892217,-0.0593654126570254,-0.0815942489314512,-0.0203888853586335,-0.033479102971207,successful,,,,,,,,,,,,,,,,,,,,,0.0287780462188115,0.0050902614876266,0.0184036462797195,0.0123134627082611,interfair/baselines/additive/runs/confirmation/main/ft/acs_income/1003/soft/audit.npz,b1e4160e1f639531faa5ae88a6af822ec1c5a541d6644d5afc14034be3b7719f,interfair/baselines/additive/runs/confirmation/main/ft/acs_income/1003/soft/DONE.json,9ac73bb6e348a147a4d93bc1fb2ec6ade1b31215eccaa23877b4d455c989e92b,0.0,0.0100828370330265,0.0001111111111111,0.0,0.9899171629669735,0.0100828370330265,primary ten-seed confirmation; original source checkpoint and supported bank,,,,,,,,,,,,,,0.022505104508406704,0.007622586274840998
0.905863892683011,0.8933520919694331,0.8204252677324227,0.824723526738373,0.1243331111769927,0.3871523715064484,0.0748099983110961,0.0709039560171906,0.1537898594362763,0.8541552008805724,0.2177419354838709,0.567624810892587,3305.0,0.7871572871572872,0.1429319371727748,0.4138349514563106,3296.0,0.2149196346135621,0.5693804673850534,1.9501044154167173,0.7854550579649656,0.9146708829124316,0.0500610887754974,0.1730539493472723,0.0507340801173899,0.1555978859588503,0.4137308299541473,0.6721223774736803,0.1338706555063787,0.0367802033447645,0.0330457180859206,0.1650278278657167,0.0720981393724522,0.1156279502794219,0.1540736855186348,0.1721592930147008,0.1650278278657167,0.1596588492925303,0.1471669451173188,0.116766226261384,0.0878500273707834,True,interfair/data/tasks/runs/confirmation/main/ft/acs_income/1004/erm/selected.pt,cpu,5.0,acs_income,1004,ft,erm,interfair/data/tasks/evaluations/confirmation/main/ft/acs_income/1004/erm/DONE.json,cf7e4fc4a85880970600774dfd46b476de162f936f38efb1e282c6c9d9dd2629,,,,0.378978349851828,True,True,False,False,0.0,0.0,0.0,0.0,0.0,0.0,0.0,0.0,0.0,reference,,,,,,,,,,,,,,,,,,,,,0.1216828076236451,0.0224160752467905,0.0670505961886461,0.0393228548133199,interfair/data/tasks/evaluations/confirmation/main/ft/acs_income/1004/erm/PREDICTIONS.npz,dd027d825780ccba8dc4cc8c2f25fe4d63e036ef0e401399e82f6c3bbbf09290,interfair/data/tasks/evaluations/confirmation/main/ft/acs_income/1004/erm/DONE.json,cf7e4fc4a85880970600774dfd46b476de162f936f38efb1e282c6c9d9dd2629,0.0169668696085688,0.7854550579649656,0.6215534147189895,0.3778391937413177,0.21454494203503438,0.7854550579649656,primary ten-seed confirmation; original source checkpoint and supported bank,,,,,,,,,,,,,,0.06699791372328523,0.07480999831109611
0.9012161567923832,0.8867396069080062,0.8149056893114554,0.8171489168307832,0.1272486302682329,0.3959182276754793,0.016870886711283,0.0105008320850228,0.0719516986619274,0.8222344523940561,0.1922043010752688,0.5385779122541604,3305.0,0.8391053391053391,0.1963350785340314,0.466626213592233,3296.0,0.0139323118326134,0.0352861362695693,0.0966508388519287,0.0184287816591393,0.8352555833467605,0.0004471771939631,0.0176814692865568,0.0029053101044724,0.0080959460139274,0.0319470018148422,0.0342619485611645,0.1327146912198715,0.0014533258803801,0.0041793157145025,0.0092613105920852,0.0048808111830314,0.005223410057473,0.0090174309645867,0.0101165216025054,0.0092613105920852,0.0088900512184956,0.0117375399664642,0.0125214845720165,0.0129767544570719,True,interfair/baselines/additive/runs/confirmation/main/ft/acs_income/1004/soft/selected.pt,cuda,5.0,acs_income,1004,ft,soft,interfair/baselines/additive/runs/confirmation/main/ft/acs_income/1004/soft/DONE.json,83460f7543ca9ecd76065e885248ea1fd76ff806fdca03666f674bf76d9160a5,1.0,16.0,114.23424699201132,0.0218913978382326,True,True,True,True,-0.2009873227809486,-0.0478287700129175,-0.1557665172736315,-0.0046477358906277,-0.0055195784209673,-0.0604031239321678,-0.0818381607743489,-0.0011559642865072,-0.0288664023714181,successful,,,,,,,,,,,,,,,,,,,,,0.0097872639499507,0.0018612776662504,0.0106521650243753,0.006175607620232,interfair/baselines/additive/runs/confirmation/main/ft/acs_income/1004/soft/audit.npz,8800cfbc3ae1c1a9e868b81fe1f961dfa89c98f5334eb209284fdc54aa000e7f,interfair/baselines/additive/runs/confirmation/main/ft/acs_income/1004/soft/DONE.json,83460f7543ca9ecd76065e885248ea1fd76ff806fdca03666f674bf76d9160a5,0.0,0.0184287816591393,0.0,0.0,0.9815712183408607,0.0184287816591393,primary ten-seed confirmation; original source checkpoint and supported bank,,,,,,,,,,,,,,0.016870886711283006,0.004130777458762586
0.9072081390000584,0.8944128024347707,0.8237454100367197,0.8254809877291319,0.1252042334498897,0.3932557772478345,0.0613381748578505,0.0528505688839345,0.1364812985620493,0.8596587782058338,0.2231182795698924,0.573071104387292,3305.0,0.8152958152958153,0.1617801047120418,0.4365898058252427,3296.0,0.2697663806273739,0.7131705829873675,1.8535261750221248,0.7974102317166875,0.990238398595865,0.0595218062963853,0.1894643151633054,0.0508496421510056,0.1656881769001483,0.4704774618148803,0.6482650563013932,0.1370063182812833,0.051708553696447,0.0295371102026479,0.1220905910765872,0.0644971183391108,0.0944056073350891,0.1085016975874103,0.1168557649004785,0.1220905910765872,0.1188434413487242,0.1159614086202793,0.1034469238963056,0.0844626376226523,True,interfair/data/tasks/runs/confirmation/main/ft/acs_income/1005/erm/selected.pt,cpu,5.0,acs_income,1005,ft,erm,interfair/data/tasks/evaluations/confirmation/main/ft/acs_income/1005/erm/DONE.json,c4737670c0c6089b4250577f1547d69db8c9eaff473ff8752b4e3c8d273f8f63,,,,0.3711481542523306,True,True,False,False,0.0,0.0,0.0,0.0,0.0,0.0,0.0,0.0,0.0,reference,,,,,,,,,,,,,,,,,,,,,0.1543284782973841,0.0227016636584122,0.0526937710202034,0.0374717099514393,interfair/data/tasks/evaluations/confirmation/main/ft/acs_income/1005/erm/PREDICTIONS.npz,069512bff457c3f158e6ec562dc97b766a9d1dc0c82e78456c472fe716c1f86e,interfair/data/tasks/evaluations/confirmation/main/ft/acs_income/1005/erm/DONE.json,c4737670c0c6089b4250577f1547d69db8c9eaff473ff8752b4e3c8d273f8f63,0.0265183955533477,0.7974102317166875,0.6604936648697076,0.4399881943758681,0.20258976828331254,0.7974102317166875,primary ten-seed confirmation; original source checkpoint and supported bank,,,,,,,,,,,,,,0.04436296291001851,0.06133817485785062
0.8994853265322735,0.8854898792354685,0.803325871442277,0.8136645962732919,0.1299379028002098,0.4031161661230573,0.016545675323881,0.0106823405612255,0.0705470712218909,0.7771051183269125,0.1559139784946236,0.4974281391830559,3305.0,0.7936507936507936,0.1607329842931937,0.426881067961165,3296.0,0.0155852544925721,0.0380567249655723,0.1030274629592895,0.0310056064217343,0.8432069698354434,0.0003353828954723,0.0161515880590416,0.0028594451284794,0.0079076143354177,0.0269619226455688,0.0346388215343596,0.1405597800225472,0.0007825600894354,0.0057280812009527,0.0100972350241406,0.0033780986565257,0.0070627099804009,0.0076162745612009,0.0088168553705696,0.0100972350241406,0.0097894400750593,0.0121175336307529,0.010343085592764,0.0066560553750031,True,interfair/baselines/additive/runs/confirmation/main/ft/acs_income/1005/soft/selected.pt,cuda,5.0,acs_income,1005,ft,soft,interfair/baselines/additive/runs/confirmation/main/ft/acs_income/1005/soft/DONE.json,73f41e56c303c189d69cd6c4acee60518710db5b72b465ac18a62b01fb9b5b6b,1.0,15.0,108.5994138129754,0.020343266957452,False,True,True,True,-0.2541811261348017,-0.0479901970225262,-0.1119933560524466,-0.0077228124677847,-0.0204195385944427,-0.0421682283227089,-0.0659342273401584,0.0035534617412638,-0.0238090290016952,mixed,,,,,,,,,,,,,,,,,,,,,0.017687965617473,0.0037336539642527,0.0286795860554208,0.0217267009726249,interfair/baselines/additive/runs/confirmation/main/ft/acs_income/1005/soft/audit.npz,08a12131ad16569253eaec2e5b988c04aa2720ee140b8ff3103ebc839f3d98e8,interfair/baselines/additive/runs/confirmation/main/ft/acs_income/1005/soft/DONE.json,73f41e56c303c189d69cd6c4acee60518710db5b72b465ac18a62b01fb9b5b6b,0.0,0.0310056064217343,0.0001111111111111,0.0,0.9689943935782657,0.0310056064217343,primary ten-seed confirmation; original source checkpoint and supported bank,,,,,,,,,,,,,,0.01654567532388107,0.004819005798570086
0.9069332808026318,0.8928286138744491,0.8194940245227379,0.8238145735494622,0.1262594463431819,0.3971496387614092,0.0493272532792884,0.0433466039082021,0.1265212130781545,0.8403962575674189,0.2043010752688172,0.5540090771558245,3305.0,0.803030303030303,0.1549738219895288,0.4274878640776699,3296.0,0.2266797466944892,0.6189185206219554,1.6412334144115448,0.7792164840309586,1.0347223525484526,0.0473100939716736,0.1549831294447388,0.0476706094170064,0.1609853741526603,0.4511095881462097,0.6454526249823173,0.1442031283601647,0.0425727191697007,0.0290468649138978,0.1078249289465824,0.0744776033516963,0.0935618546146476,0.1073449803000814,0.1136726312080718,0.1078249289465824,0.1070378442965854,0.1027981997827656,0.10295795504711,0.0912171642185327,True,interfair/data/tasks/runs/confirmation/main/ft/acs_income/1006/erm/selected.pt,cpu,5.0,acs_income,1006,ft,erm,interfair/data/tasks/evaluations/confirmation/main/ft/acs_income/1006/erm/DONE.json,29d77cd73334e08409c387e44d7dfa09218fb89ccc9b35636bef433d22373d0a,,,,0.3305795786755982,True,True,False,False,0.0,0.0,0.0,0.0,0.0,0.0,0.0,0.0,0.0,reference,,,,,,,,,,,,,,,,,,,,,0.1221857512001428,0.0183310349052569,0.0517205241403044,0.0375446420697581,interfair/data/tasks/evaluations/confirmation/main/ft/acs_income/1006/erm/PREDICTIONS.npz,1c4e1d8502fbde6e928b0a45df1ffef58f58b0bc56f0640278541d5c0840d134,interfair/data/tasks/evaluations/confirmation/main/ft/acs_income/1006/erm/DONE.json,29d77cd73334e08409c387e44d7dfa09218fb89ccc9b35636bef433d22373d0a,0.0268687021286238,0.7792164840309586,0.6412575928475315,0.4067182601821272,0.22078351596904144,0.7792164840309586,primary ten-seed confirmation; original source checkpoint and supported bank,,,,,,,,,,,,,,0.037365954537115886,0.049327253279288386
0.8993962491388572,0.8854501936779585,0.806031746031746,0.8148765338585063,0.1287925354010013,0.4002246338289599,0.0347543363503737,0.0189608674376988,0.0662862792473892,0.7776554760594386,0.1659946236559139,0.5022692889561271,3305.0,0.8124098124098124,0.16282722513089,0.4359830097087379,3296.0,0.0115605942553162,0.0298851896822452,0.1433488726615905,0.0166228023941008,0.6859833296436009,0.0,0.019707380109368,0.0025993170635725,0.00753640756011,0.0311245620250701,0.0324602090864392,0.1086235216112356,0.0001117942984907,0.0040873740396308,0.0158308491007777,0.00642832190266,0.0098932915601994,0.0154226843433156,0.0165815892862662,0.0158308491007777,0.0158607216321177,0.0138379745847679,0.0117583374922723,0.0096819875446049,True,interfair/baselines/additive/runs/confirmation/main/ft/acs_income/1006/soft/selected.pt,cuda,5.0,acs_income,1006,ft,soft,interfair/baselines/additive/runs/confirmation/main/ft/acs_income/1006/soft/DONE.json,323ebfbec2084a615e834cf03b6ab42cb65166199595786b2fdab630126a4fa7,1.0,28.0,191.06953077300568,0.0239295966933893,True,True,True,True,-0.215119152439173,-0.0450712923534339,-0.0919940798458047,-0.0075370316637746,-0.0134622784909919,-0.0243857364705033,-0.0602349338307653,-0.035579606748929,-0.024959490874267,successful,,,,,,,,,,,,,,,,,,,,,0.0102028627439865,0.003098800189119,0.0170661905855798,0.011217724177532,interfair/baselines/additive/runs/confirmation/main/ft/acs_income/1006/soft/audit.npz,5c6314173747a7443eecd30091aedfa44eee90a47ed20f64ff608393a1489f41,interfair/baselines/additive/runs/confirmation/main/ft/acs_income/1006/soft/DONE.json,323ebfbec2084a615e834cf03b6ab42cb65166199595786b2fdab630126a4fa7,0.0,0.0166228023941008,0.0006638392588582,0.0,0.9833771976058991,0.0166228023941008,primary ten-seed confirmation; original source checkpoint and supported bank,,,,,,,,,,,,,,0.03475433635037373,0.0031673985250238734
0.9078650330941582,0.8945005941642314,0.8154854823602873,0.8209362217845781,0.124322214922035,0.3868696423371372,0.0576261048246354,0.055053322873832,0.137140971314425,0.8381948266373143,0.2063172043010752,0.5537065052950075,3305.0,0.7857142857142857,0.1486910994764398,0.4165655339805825,3296.0,0.1912607913976854,0.4867953144013882,1.4341789484024048,0.7092613995137876,0.95872595389052,0.0131375493469334,0.1329692828450211,0.0418607652892627,0.1241267270594835,0.3747062683105469,0.6250075130697349,0.1345290022465203,0.012508991680004,0.0253114454197915,0.127227245787302,0.0838460138530412,0.1074141939866874,0.1255676086052361,0.1315796112709826,0.127227245787302,0.1245514935498411,0.1158941358594755,0.1102108771889745,0.0929508367479942,True,interfair/data/tasks/runs/confirmation/main/ft/acs_income/1007/erm/selected.pt,cpu,5.0,acs_income,1007,ft,erm,interfair/data/tasks/evaluations/confirmation/main/ft/acs_income/1007/erm/DONE.json,73ea5729bd13b3aa6ec23cb8e991167523cdf1cc9bc68d0490b0878f5beeb071,,,,0.3111653590692224,True,True,False,False,0.0,0.0,0.0,0.0,0.0,0.0,0.0,0.0,0.0,reference,,,,,,,,,,,,,,,,,,,,,0.1015258988719873,0.0158056228685961,0.0523317422776636,0.0297985388661459,interfair/data/tasks/evaluations/confirmation/main/ft/acs_income/1007/erm/PREDICTIONS.npz,a0ca1208ea1c9a090110d75dc14fe3aeafcbb98d336110d9c1b5391ab5d8ba79,interfair/data/tasks/evaluations/confirmation/main/ft/acs_income/1007/erm/DONE.json,73ea5729bd13b3aa6ec23cb8e991167523cdf1cc9bc68d0490b0878f5beeb071,0.0033317118124272,0.7092613995137876,0.5460007936261764,0.3386630656116227,0.29073860048621236,0.7092613995137876,primary ten-seed confirmation; original source checkpoint and supported bank,,,,,,,,,,,,,,0.05248054092302856,0.0576261048246354
0.9028379258188828,0.8877191560657578,0.8117076224761308,0.8177548856233904,0.1262595438251663,0.392915867962311,0.0190254617882575,0.0147001288561847,0.0677644382591837,0.8013208585580628,0.1686827956989247,0.5164901664145235,3305.0,0.8203463203463204,0.1790575916230366,0.4487257281553398,3296.0,0.0128450926466349,0.0296559964120388,0.071626603603363,0.0103426577633399,0.7592345305425026,0.0001117942984907,0.0140126084068567,0.0024714700788168,0.0063127212971448,0.0182203873991966,0.0145132874203545,0.1213810427970777,0.0005589714924538,0.0037812995783191,0.0068314521914847,0.0050309623852225,0.0051020394735107,0.0047053100280828,0.0059917818847692,0.0068314521914847,0.0088119996981025,0.0119182361551569,0.0142305815492086,0.0125227019092663,True,interfair/baselines/additive/runs/confirmation/main/ft/acs_income/1007/soft/selected.pt,cuda,5.0,acs_income,1007,ft,soft,interfair/baselines/additive/runs/confirmation/main/ft/acs_income/1007/soft/DONE.json,ccf562aa86215ecd455e7b4ba8edeeafe7c40d7730a69f3f8db0849643fb2c8f,1.0,17.0,122.79619144197204,0.0203612526459228,True,True,True,True,-0.1784156987510504,-0.0393892952104458,-0.1203957935958172,-0.0050271072752755,-0.0037778598841564,-0.0403531940176472,-0.0693765330552412,-0.0131479594494426,-0.0215301458414723,successful,,,,,,,,,,,,,,,,,,,,,0.008275911493629,0.0027793971406411,0.0148848901963194,0.0122866764725575,interfair/baselines/additive/runs/confirmation/main/ft/acs_income/1007/soft/audit.npz,0c3c6c3b8baa240a3589407df9112097b2d247083d2854b78f8ba687ecde0535,interfair/baselines/additive/runs/confirmation/main/ft/acs_income/1007/soft/DONE.json,ccf562aa86215ecd455e7b4ba8edeeafe7c40d7730a69f3f8db0849643fb2c8f,0.0,0.0103426577633399,0.0,0.0,0.9896573422366601,0.0103426577633399,primary ten-seed confirmation; original source checkpoint and supported bank,,,,,,,,,,,,,,0.01902546178825759,0.010374795924111918
0.9065471562581946,0.892746775012054,0.8229418886198547,0.8227541281623997,0.125477469265192,0.3906598627955789,0.0688636491583629,0.0576838431531593,0.1406933448878574,0.8690148596587782,0.2405913978494623,0.5860816944024205,3305.0,0.8225108225108225,0.1717277486910994,0.4453883495145631,3296.0,0.2192326927660968,0.5445342633873224,1.7133398056030271,0.7565940647756326,0.992992500849904,0.0226428115234649,0.1608840193050004,0.0453373559066019,0.1363066443055867,0.3906068503856659,0.660870364784282,0.1400811860217228,0.0167617723928512,0.0253226515009926,0.1259763966988446,0.0839092748608201,0.1064465620634044,0.1160923761517669,0.1235104109718499,0.1259763966988446,0.1228098982406595,0.119523046698773,0.124530527626169,0.102060411540577,True,interfair/data/tasks/runs/confirmation/main/ft/acs_income/1008/erm/selected.pt,cpu,5.0,acs_income,1008,ft,erm,interfair/data/tasks/evaluations/confirmation/main/ft/acs_income/1008/erm/DONE.json,d45991cb8f635501df2c1b4d71c6e39192cb113d4fb2a89430c4168532249fe8,,,,0.3236505714591203,True,True,False,False,0.0,0.0,0.0,0.0,0.0,0.0,0.0,0.0,0.0,reference,,,,,,,,,,,,,,,,,,,,,0.1203065700880592,0.0189521928627338,0.0458118070582388,0.0238259386057598,interfair/data/tasks/evaluations/confirmation/main/ft/acs_income/1008/erm/PREDICTIONS.npz,52e8eaf862ed376526a47faae27bd5999ca493c5b1ae42dd01eb4d0244787afc,interfair/data/tasks/evaluations/confirmation/main/ft/acs_income/1008/erm/DONE.json,d45991cb8f635501df2c1b4d71c6e39192cb113d4fb2a89430c4168532249fe8,0.0043599776411403,0.7565940647756325,0.6034298829648126,0.3968164963582223,0.2434059352243675,0.7565940647756325,primary ten-seed confirmation; original source checkpoint and supported bank,,,,,,,,,,,,,,0.0465040371479557,0.06886364915836288
0.9006182035418899,0.8860791756675215,0.8148911124190701,0.8094228147250416,0.1300167190048817,0.4032779300043989,0.0133507853403141,0.0116357597659121,0.0824425700982623,0.8602091359383599,0.25,0.5854765506807866,3305.0,0.8701298701298701,0.2366492146596858,0.5030339805825242,3296.0,0.0169240635651785,0.0415319967269897,0.1013216972351074,0.0477657414731843,0.8005829922641903,0.0002235885969815,0.0117679807753322,0.0027986604654708,0.0074045804142951,0.0278908051550388,0.0310713811681039,0.1273341767859351,0.0012297372833985,0.0048316454987203,0.0091731423241049,0.0089470901341951,0.0113521934682265,0.0098039751076151,0.0103072643789516,0.0091731423241049,0.0098671467173088,0.0098981856194635,0.0102210628439326,0.0095781305425983,True,interfair/baselines/additive/runs/confirmation/main/ft/acs_income/1008/soft/selected.pt,cuda,5.0,acs_income,1008,ft,soft,interfair/baselines/additive/runs/confirmation/main/ft/acs_income/1008/soft/DONE.json,c4704798d33b3cdeceae9927bdb7b7cf6607d422bd507788d9c72fd54f4d9b5a,1.0,16.0,107.35702825398766,0.0219788633037281,True,True,True,True,-0.2023086292009183,-0.0425386954411311,-0.1168032543747397,-0.0059289527163046,-0.0080507762007846,-0.0460480833872471,-0.058250774789595,-0.0127470092357876,-0.0204910060022722,successful,,,,,,,,,,,,,,,,,,,,,0.0142376303387635,0.003117227452916,0.0203548791454699,0.0161446866297439,interfair/baselines/additive/runs/confirmation/main/ft/acs_income/1008/soft/audit.npz,b13f0379652e5c0040f2553d133b072af01907f5448190792fa3851350d12ada,interfair/baselines/additive/runs/confirmation/main/ft/acs_income/1008/soft/DONE.json,c4704798d33b3cdeceae9927bdb7b7cf6607d422bd507788d9c72fd54f4d9b5a,0.0,0.0477657414731843,0.0001111111111111,0.0,0.9522342585268158,0.0477657414731843,primary ten-seed confirmation; original source checkpoint and supported bank,,,,,,,,,,,,,,0.009920734191510183,0.013350785340314197
0.906825873404072,0.8934800093440061,0.8075689544579859,0.8182093622178458,0.1248080166540359,0.3863208647858698,0.0643398367669143,0.0599552024007965,0.1408470176108572,0.813979086406164,0.1827956989247312,0.529803328290469,3305.0,0.7496392496392497,0.1272251308900523,0.3889563106796116,3296.0,0.1862407805421194,0.4721669891476631,1.3700878620147705,0.7383977234063065,0.8873192417918446,0.0421647646151371,0.1472517315395407,0.0397176588611248,0.1134446382522582,0.3399882316589355,0.6602952795217737,0.1283635370405534,0.041627234441886,0.0266149422714172,0.1281644339188837,0.0701654687835134,0.097857798348092,0.121927856512317,0.136625607530707,0.1281644339188837,0.1156440992637917,0.1068602150481898,0.0876405237943681,0.0675567701419099,True,interfair/data/tasks/runs/confirmation/main/ft/acs_income/1009/erm/selected.pt,cpu,5.0,acs_income,1009,ft,erm,interfair/data/tasks/evaluations/confirmation/main/ft/acs_income/1009/erm/DONE.json,9949250f001ba6c41c97ffcaf6e2befbafc9318bcf56cd18dbe42d15d9a09573,,,,0.309415428842359,True,True,False,False,0.0,0.0,0.0,0.0,0.0,0.0,0.0,0.0,0.0,reference,,,,,,,,,,,,,,,,,,,,,0.0999101419839986,0.0163707825842501,0.0540004973482763,0.0365148141230395,interfair/data/tasks/evaluations/confirmation/main/ft/acs_income/1009/erm/PREDICTIONS.npz,d2baebc19c7bb2493530390c891ed605185f873baf174f364faa5300a80191f1,interfair/data/tasks/evaluations/confirmation/main/ft/acs_income/1009/erm/DONE.json,9949250f001ba6c41c97ffcaf6e2befbafc9318bcf56cd18dbe42d15d9a09573,0.0198366345828286,0.7383977234063065,0.5448310163793479,0.325534859544346,0.2616022765936935,0.7383977234063065,primary ten-seed confirmation; original source checkpoint and supported bank,,,,,,,,,,,,,,0.06433983676691435,0.055570568034678886
0.9012857097442306,0.8878473953988785,0.8096733668341709,0.8163914558400243,0.1277000917098168,0.397021181768122,0.0196496770519885,0.0133817405132711,0.0759537072396926,0.7963676389653275,0.176747311827957,0.5173978819969742,3305.0,0.816017316017316,0.1696335078534031,0.4414441747572815,3296.0,0.0105760268291448,0.027668255418539,0.14279305934906,0.0124331348132106,0.7790889737305566,0.0,0.0182612680501442,0.0021170813736027,0.0064202520251274,0.045090164989233,0.0201994115839461,0.1209134441755008,0.0005589714924538,0.0054498679791939,0.0079455439560775,0.0044756420642858,0.0060879045385503,0.0083775549934342,0.0080534307179076,0.0079455439560775,0.0084303118253746,0.0092685967308881,0.0088015892954688,0.0048953803493675,True,interfair/baselines/additive/runs/confirmation/main/ft/acs_income/1009/soft/selected.pt,cuda,5.0,acs_income,1009,ft,soft,interfair/baselines/additive/runs/confirmation/main/ft/acs_income/1009/soft/DONE.json,5f050f291611e1d561efe72b0f3acec87d053824ee4a436b15eb7d0ac23b569f,1.0,27.0,185.2996900879953,0.0175090651667315,True,True,True,True,-0.1756647537129745,-0.037600577487522,-0.1202188899628062,-0.0055401636598414,0.0021044123761849,-0.0465734618875254,-0.0648933103711645,-0.0074500928650525,-0.0211650742922232,successful,,,,,,,,,,,,,,,,,,,,,0.0355836402387138,0.0081026992122098,0.015101875269464,0.0111076230478071,interfair/baselines/additive/runs/confirmation/main/ft/acs_income/1009/soft/audit.npz,c4fd554de4a5ccc7eced94d87afe16009dba2279afbdcdea890ed6f151dca421,interfair/baselines/additive/runs/confirmation/main/ft/acs_income/1009/soft/DONE.json,5f050f291611e1d561efe72b0f3acec87d053824ee4a436b15eb7d0ac23b569f,0.0,0.0124331348132106,0.0003333333333333,0.0,0.9875668651867894,0.0124331348132106,primary ten-seed confirmation; original source checkpoint and supported bank,,,,,,,,,,,,,,0.0196496770519885,0.007113803974553912
0.7805702490312768,0.911326557591314,0.893848009650181,0.8241172551632245,0.1345510523144662,0.4297897826510208,0.004226938389592,0.0033497741192568,0.0149520540605485,0.9484193011647256,0.6208695652173913,0.8692178301093356,2378.0,0.9526462395543176,0.623342175066313,0.8841698841698842,3626.0,0.0123175068887519,0.0341406762599944,,0.0181246598139238,0.1888657172873804,,0.0054532642506087,0.0021509597635634,0.0063481749523253,,0.0184601973846293,0.0242340943967697,,0.0011165855019116,0.0069006165407573,,,,,,,,,,,,,,credit_broad,1000,mlp,ltdd,,,,,,,,,,,,,,,,,,,,,probability,interfair/data/tasks/evaluations/confirmation/main/mlp/credit_broad/1000/ltdd/DONE.json,interfair/data/tasks/evaluations/confirmation/main/mlp/credit_broad/1000/ltdd/DONE.json,,,,,,,,,,,,,,,,,,0.0035263136172839,0.0006179589962122,0.0072679787471992,0.0026072744499528,interfair/data/tasks/evaluations/confirmation/main/mlp/credit_broad/1000/ltdd/PREDICTIONS.npz,57933fec82cf3fb8d560487b1542822d9d4b1b67e3856a9ed4aef750753ee18b,interfair/data/tasks/evaluations/confirmation/main/mlp/credit_broad/1000/ltdd/DONE.json,2b4fcf42c45b91a4510cbe7f74c194623948ed19fffdb070ae6964983a167ede,0.0001732283595445,0.0181246598139238,0.0001976919465243,0.0,0.9818753401860763,0.0181246598139238,primary ten-seed confirmation; original source checkpoint and supported bank,,,,,,,,,,,,,,0.004226938389591983,0.002472609848921614
0.7793834775855757,0.9103454104313536,0.8934590690208668,0.8231179213857428,0.1346657713146195,0.4299797898518308,0.0078745242763232,0.0068179839929471,0.0135046994953279,0.9489739323349972,0.6365217391304347,0.8734230445752733,2378.0,0.9547353760445684,0.6286472148541115,0.8869277440706013,3626.0,0.015729902677514,0.0438427548145963,,0.0400458835286418,0.1537666782934235,,0.0066457403948785,0.002369710424061,0.0070238404330753,,0.0227296829733691,0.0202822070931564,,0.00109236283619,0.0102037705603682,,,,,,,,,,,,,,credit_broad,1000,mlp,cot_phi,,,,,,,,,,,,,,,,,,,,,probability,interfair/data/tasks/evaluations/confirmation/main/mlp/credit_broad/1000/cot_phi/DONE.json,interfair/data/tasks/evaluations/confirmation/main/mlp/credit_broad/1000/cot_phi/DONE.json,,,,,,,,,,,,,,,,,,0.0063327565420186,0.0007071087187364,0.0070694738035,0.0033051014226421,interfair/data/tasks/evaluations/confirmation/main/mlp/credit_broad/1000/cot_phi/PREDICTIONS.npz,82f8c975e251b141c5322111dd273a05ac9d5a2518a48504baf7eb046a49bf14,interfair/data/tasks/evaluations/confirmation/main/mlp/credit_broad/1000/cot_phi/DONE.json,fa08590874ee9e187ca17cb6dbdf541df8133af59043137514eaa85dfd9b248f,0.0002966156196121,0.0400458835286418,0.0006173848574884,0.0,0.9599541164713582,0.0400458835286418,primary ten-seed confirmation; original source checkpoint and supported bank,,,,,,,,,,,,,,0.005761443709571212,0.007874524276323291
0.7684515316489821,0.9079577812803564,0.8907170424537884,0.820786142571619,0.1480632197672168,0.4704925119270682,0.0094037596586321,0.0065780085964436,0.0167631028498503,0.9356627842484748,0.5860869565217391,0.8511354079058032,2378.0,0.9394150417827298,0.5954907161803713,0.8678985107556536,3626.0,0.0143338087786038,0.0401018350252083,,0.0323131330026353,0.1173117375919484,,0.0061116955329154,0.0028709243088636,0.0078586801886558,,0.03175446007734,0.0224058491660877,,0.001236144390742,0.0111701032093041,,,,,,,,,,,,,,credit_broad,1000,mlp,dralign,,,,,,,,,,,,,,,,,,,,,probability,interfair/data/tasks/evaluations/confirmation/main/mlp/credit_broad/1000/dralign/DONE.json,interfair/data/tasks/evaluations/confirmation/main/mlp/credit_broad/1000/dralign/DONE.json,,,,,,,,,,,,,,,,,,0.0056303652202805,0.0011064722996429,0.0065484558348942,0.0036525896496886,interfair/data/tasks/evaluations/confirmation/main/mlp/credit_broad/1000/dralign/PREDICTIONS.npz,b5bcdf573c34d44c6c7c78370208dcea0bced3d3eb60b4e127b4d5f9893ae079,interfair/data/tasks/evaluations/confirmation/main/mlp/credit_broad/1000/dralign/DONE.json,ab2cda2e2cb158b1116b529b680df35f1f227d232f4cf020a749efb1605b084d,0.0004227226683608,0.0323131330026353,0.0006658510182252,0.0,0.9676868669973647,0.0323131330026353,primary ten-seed confirmation; original source checkpoint and supported bank,,,,,,,,,,,,,,0.00375225753425501,0.00940375965863216
,,0.8931572629051621,0.8221185876082612,,,0.04050513204936,0.020873725899046,0.0003374841173712,0.9556295063782584,0.6678260869565218,0.8860386879730866,2378.0,0.9543871866295264,0.6273209549071618,0.8863761720904578,3626.0,,,,,,,,,,,,,,,0.018148080669156,,,,,,,,,,,,,,credit_broad,1000,mlp,mirrorfair,,,,,,,,,,,,,,,,,,,,,hard_decision,interfair/data/tasks/evaluations/confirmation/main/mlp/credit_broad/1000/mirrorfair/DONE.json,interfair/data/tasks/evaluations/confirmation/main/mlp/credit_broad/1000/mirrorfair/DONE.json,,,,,,,,,,,,,,,0.018148080669156,,,,,0.0077806553743381,0.0042145976176222,interfair/data/tasks/evaluations/confirmation/main/mlp/credit_broad/1000/mirrorfair/PREDICTIONS.npz,cdcb128cb1615b4551f25143d79883c362ea3af44c7958e612212c4c3b3c0edf,interfair/data/tasks/evaluations/confirmation/main/mlp/credit_broad/1000/mirrorfair/DONE.json,34f81765c17c6ccccf3964b75c57023eec78219265b62c4f35ec2c77b1bbc27a,,,,,,,primary ten-seed confirmation; original source checkpoint and supported bank,,,,,,,,,,,,,,0.0012423197487320126,0.040505132049360015
0.7831394277390824,0.912379458250968,0.8887764396316162,0.8169553630912725,0.1353571285682039,0.4323316799253365,0.0085498557804464,0.0079307922657277,0.0159710009523778,0.9339988907376594,0.6173913043478261,0.8574432296047099,2378.0,0.9425487465181058,0.610079575596817,0.8734142305570877,3626.0,0.0208397301822337,0.0554537131318024,,0.0848603250541633,0.2635191463701151,,0.0147577685480413,0.0033485644819542,0.0103327469456763,,0.0599442728603617,0.0347435707911715,,0.0027774381014154,0.012833664253814,,,,,,,,,,,,,,credit_broad,1001,mlp,ltdd,,,,,,,,,,,,,,,,,,,,,probability,interfair/data/tasks/evaluations/confirmation/main/mlp/credit_broad/1001/ltdd/DONE.json,interfair/data/tasks/evaluations/confirmation/main/mlp/credit_broad/1001/ltdd/DONE.json,,,,,,,,,,,,,,,,,,0.0101101664904052,0.0014237781461604,0.0118959869297314,0.0069535516845782,interfair/data/tasks/evaluations/confirmation/main/mlp/credit_broad/1001/ltdd/PREDICTIONS.npz,6d1cb83dcd60c5819f93664bb1c6f8269f7fd412ced2a225eaaf6eee8db13152,interfair/data/tasks/evaluations/confirmation/main/mlp/credit_broad/1001/ltdd/DONE.json,3cead6a0873b809628a2235a5d45dde9682dad596a5ea09bb2a41a2aebe1b8bd,0.0008416960341119,0.0848603250541633,0.0058535653379723,7.408322457721346e-05,0.9151396749458367,0.0848603250541633,primary ten-seed confirmation; original source checkpoint and supported bank,,,,,,,,,,,,,,0.008549855780446425,0.00731172875100905
0.7840776105229696,0.9126528835187356,0.8893149026334376,0.8172884743504331,0.1359840168962211,0.4345816415276682,0.0123152452504878,0.0087201874966543,0.0214593509078671,0.9351081530782028,0.6208695652173913,0.8591253153910849,2378.0,0.9474233983286908,0.6259946949602122,0.880584666298952,3626.0,0.0614645048159894,0.1653670867860671,,0.4542227351532734,0.2392963001666714,,0.0333623720457695,0.0100298097118096,0.0329320277486528,,0.3306692696519269,0.0335042085234132,,0.0056653698823246,0.0202574927193867,,,,,,,,,,,,,,credit_broad,1001,mlp,cot_phi,,,,,,,,,,,,,,,,,,,,,probability,interfair/data/tasks/evaluations/confirmation/main/mlp/credit_broad/1001/cot_phi/DONE.json,interfair/data/tasks/evaluations/confirmation/main/mlp/credit_broad/1001/cot_phi/DONE.json,,,,,,,,,,,,,,,,,,0.0289414974077023,0.0043817386613067,0.0125138107180523,0.0079813107349448,interfair/data/tasks/evaluations/confirmation/main/mlp/credit_broad/1001/cot_phi/PREDICTIONS.npz,eb8ec0e06520e6378242e4f682a8f431f262693267274b8884e814cb98ebdf48,interfair/data/tasks/evaluations/confirmation/main/mlp/credit_broad/1001/cot_phi/DONE.json,28b338ce420fb1655a4de19fe22686af258eafc7db6e3ccb1d420fee048c804d,0.0204382671395932,0.4542227351532733,0.1906018043497818,0.0347552566483526,0.5457772648467267,0.4542227351532733,primary ten-seed confirmation; original source checkpoint and supported bank,,,,,,,,,,,,,,0.012315245250487994,0.005125129742820866
0.7752982218949553,0.9098216847135976,0.8783277870216306,0.8051299133910726,0.1447996822073693,0.4581071892873229,0.00422326917224,0.0041852131814377,0.0146073795599207,0.9007210205213532,0.542608695652174,0.8141295206055509,2378.0,0.9049442896935932,0.5384615384615384,0.8287369001654716,3626.0,0.0713222825346427,0.1885842279131923,,0.5163275793527852,0.2541433374999691,,0.0420880665368484,0.0129353742199612,0.0388826006934756,,0.4401992038231805,0.0408749315819915,,0.0076631593538147,0.0333789352251386,,,,,,,,,,,,,,credit_broad,1001,mlp,dralign,,,,,,,,,,,,,,,,,,,,,probability,interfair/data/tasks/evaluations/confirmation/main/mlp/credit_broad/1001/dralign/DONE.json,interfair/data/tasks/evaluations/confirmation/main/mlp/credit_broad/1001/dralign/DONE.json,,,,,,,,,,,,,,,,,,0.03813793469686,0.0065479812740582,0.0156827833313954,0.0089790128573385,interfair/data/tasks/evaluations/confirmation/main/mlp/credit_broad/1001/dralign/PREDICTIONS.npz,328f807767508bd266dae8fe361d43ad652ab2151fc2434ad36ee5da95dfc295,interfair/data/tasks/evaluations/confirmation/main/mlp/credit_broad/1001/dralign/DONE.json,393d488fe0cf2634f40690b12a810a0e52a74aba0b88180c3c0520e2c6200ae6,0.0314899867828367,0.5163275793527853,0.253213698316302,0.0515022965337674,0.4836724206472147,0.5163275793527853,primary ten-seed confirmation; original source checkpoint and supported bank,,,,,,,,,,,,,,0.0042232691722400295,0.00414715719063552
,,0.8897629853756934,0.8179546968687542,,,0.0163326029293046,0.0091519691154416,0.0086363461348443,0.942318358291736,0.6330434782608696,0.8675357443229604,2378.0,0.9442896935933148,0.616710875331565,0.8761720904578048,3626.0,,,,,,,,,,,,,,,0.0239173496011789,,,,,,,,,,,,,,credit_broad,1001,mlp,mirrorfair,,,,,,,,,,,,,,,,,,,,,hard_decision,interfair/data/tasks/evaluations/confirmation/main/mlp/credit_broad/1001/mirrorfair/DONE.json,interfair/data/tasks/evaluations/confirmation/main/mlp/credit_broad/1001/mirrorfair/DONE.json,,,,,,,,,,,,,,,0.0239173496011789,,,,,0.011628667573521,0.0075978363015135,interfair/data/tasks/evaluations/confirmation/main/mlp/credit_broad/1001/mirrorfair/PREDICTIONS.npz,186f0fcf9036df13256ee38752a7b82ad19ccf76ec78203af791bd108a4cdbae,interfair/data/tasks/evaluations/confirmation/main/mlp/credit_broad/1001/mirrorfair/DONE.json,e8688e36c0ace96ce7dc85db3fc1587781faac4077e8f2a63b240662a6c93453,,,,,,,primary ten-seed confirmation; original source checkpoint and supported bank,,,,,,,,,,,,,,0.0019713353015787805,0.016332602929304607
0.7847133665696938,0.9133550463403706,0.8922059707473452,0.820786142571619,0.1348945936354605,0.4318052369711138,0.0076277245992387,0.0071459944470616,0.0173657033563318,0.9484193011647256,0.6382608695652174,0.8734230445752733,2378.0,0.95508356545961,0.6458885941644562,0.8907887479316051,3626.0,0.0154271817314936,0.0421896822573173,,0.035212691184401,0.2398585449249358,,0.0116089709371038,0.0025318332420179,0.0076047176406497,,0.0279587088123886,0.0276852858389104,,0.0021691539961116,0.0071553629995892,,,,,,,,,,,,,,credit_broad,1002,mlp,ltdd,,,,,,,,,,,,,,,,,,,,,probability,interfair/data/tasks/evaluations/confirmation/main/mlp/credit_broad/1002/ltdd/DONE.json,interfair/data/tasks/evaluations/confirmation/main/mlp/credit_broad/1002/ltdd/DONE.json,,,,,,,,,,,,,,,,,,0.0073172407987526,0.0009871382326173,0.0079002801193556,0.0028301093251821,interfair/data/tasks/evaluations/confirmation/main/mlp/credit_broad/1002/ltdd/PREDICTIONS.npz,3f9756f6519b5d8c83df9df018cb995923885a96c92e066e92bbf3c0c232f897,interfair/data/tasks/evaluations/confirmation/main/mlp/credit_broad/1002/ltdd/DONE.json,8d2ec106aeb823d505926a8e309a6a46409b3a9071606dd7a5703e4558a72acb,0.0003222768858623,0.035212691184401,0.0009889595535709,0.0,0.964787308815599,0.035212691184401,primary ten-seed confirmation; original source checkpoint and supported bank,,,,,,,,,,,,,,0.0066642642948844255,0.007627724599238772
0.7868206966759616,0.9136088600567116,0.8919839679358718,0.8204530313124584,0.1343085898345493,0.4309426882320391,0.007773526635428,0.0061679304264673,0.0175104388128538,0.947310038824182,0.64,0.8730025231286795,2378.0,0.95508356545961,0.6445623342175066,0.8905129619415334,3626.0,0.0273393161354373,0.0746931305598644,,0.1580338732673854,0.2165220599661239,,0.0159833867570088,0.0038720522798317,0.0126927772093386,,0.0956311628501741,0.024952388069606,,0.002646443452385,0.0106777625124669,,,,,,,,,,,,,,credit_broad,1002,mlp,cot_phi,,,,,,,,,,,,,,,,,,,,,probability,interfair/data/tasks/evaluations/confirmation/main/mlp/credit_broad/1002/cot_phi/DONE.json,interfair/data/tasks/evaluations/confirmation/main/mlp/credit_broad/1002/cot_phi/DONE.json,,,,,,,,,,,,,,,,,,0.0122534280858145,0.0016891499162097,0.0082428981876106,0.0042120624291242,interfair/data/tasks/evaluations/confirmation/main/mlp/credit_broad/1002/cot_phi/PREDICTIONS.npz,647d5df0cb05454b6a41a56ff31d4ef6f5ec12307909c78988b317d1e4578917,interfair/data/tasks/evaluations/confirmation/main/mlp/credit_broad/1002/cot_phi/DONE.json,d63bdab725d2c006fc016a739f407de70de432c6a2b3dba4a8013a37309dabe9,0.0018079890204395,0.1580338732673854,0.0156767075803632,2.468587227529685e-05,0.8419661267326146,0.1580338732673854,primary ten-seed confirmation; original source checkpoint and supported bank,,,,,,,,,,,,,,0.007773526635428074,0.004562334217506625
0.7825147773043138,0.9132269094956532,0.8910730570473199,0.8209526982011992,0.1408471198329254,0.4496911229186396,0.0066612847422442,0.00594167675053,0.0140541839448483,0.93732667775929,0.6034782608695652,0.8566021867115223,2378.0,0.9425487465181058,0.596816976127321,0.8706563706563707,3626.0,0.0232814785271625,0.0621334002486297,,0.10918153888113,0.1585839238258709,,0.0130847385581835,0.0044069834229298,0.0123117818718864,,0.1018277648548375,0.0279820346984808,,0.0023881415624575,0.0157031407443925,,,,,,,,,,,,,,credit_broad,1002,mlp,dralign,,,,,,,,,,,,,,,,,,,,,probability,interfair/data/tasks/evaluations/confirmation/main/mlp/credit_broad/1002/dralign/DONE.json,interfair/data/tasks/evaluations/confirmation/main/mlp/credit_broad/1002/dralign/DONE.json,,,,,,,,,,,,,,,,,,0.0102985605478671,0.0018290962808321,0.0065100698314478,0.0037925560041085,interfair/data/tasks/evaluations/confirmation/main/mlp/credit_broad/1002/dralign/PREDICTIONS.npz,20e13a01158f3f1bcab5bc1db40d0e9d336b59e4ea4d13a81bf361e9f2057918,interfair/data/tasks/evaluations/confirmation/main/mlp/credit_broad/1002/dralign/DONE.json,687a05d9f55fba8f82e969c835ed1c9db7a9ef707ee6a32cf42d659a621deb38,0.0018551492260701,0.1091815388811299,0.0038911963482887,0.0,0.8908184611188701,0.1091815388811299,primary ten-seed confirmation; original source checkpoint and supported bank,,,,,,,,,,,,,,0.005222068758815812,0.006661284742244256
,,0.8921970226795883,0.820286475682878,,,0.0072312549341316,0.0067144626648515,0.0143673135382855,0.9506378258458126,0.6573913043478261,0.87973086627418,2378.0,0.9578690807799444,0.6511936339522546,0.8940981798124655,3626.0,,,,,,,,,,,,,,,0.010583377417375,,,,,,,,,,,,,,credit_broad,1002,mlp,mirrorfair,,,,,,,,,,,,,,,,,,,,,hard_decision,interfair/data/tasks/evaluations/confirmation/main/mlp/credit_broad/1002/mirrorfair/DONE.json,interfair/data/tasks/evaluations/confirmation/main/mlp/credit_broad/1002/mirrorfair/DONE.json,,,,,,,,,,,,,,,0.010583377417375,,,,,0.0093462098930334,0.0043407075835077,interfair/data/tasks/evaluations/confirmation/main/mlp/credit_broad/1002/mirrorfair/PREDICTIONS.npz,c387ea259e4276682f26bbafbfa9839a4bf61b941c2b4778165bced9dfe18d51,interfair/data/tasks/evaluations/confirmation/main/mlp/credit_broad/1002/mirrorfair/DONE.json,75435d4199d2dec27a35e693e6638dd40138e14b16b9ca06cf0f5e2f978309c4,,,,,,,primary ten-seed confirmation; original source checkpoint and supported bank,,,,,,,,,,,,,,0.007231254934131792,0.0061976703955715085
0.7844469928336613,0.9135331936371938,0.8911844348610972,0.8192871419053964,0.1344357121343574,0.4292002710367589,0.0212870487833006,0.013588940341854,0.01015421284555,0.9467554076539102,0.6539130434782608,0.875946173254836,2378.0,0.9526462395543176,0.6326259946949602,0.8861003861003861,3626.0,0.0170632912959555,0.0448593737025346,,0.043869144511006,0.2396445506507473,,0.0118848679420579,0.0028307702745938,0.008583803510382,,0.0360143152536844,0.0310260639653636,,0.0023954952001738,0.0109633949522701,,,,,,,,,,,,,,credit_broad,1003,mlp,ltdd,,,,,,,,,,,,,,,,,,,,,probability,interfair/data/tasks/evaluations/confirmation/main/mlp/credit_broad/1003/ltdd/DONE.json,interfair/data/tasks/evaluations/confirmation/main/mlp/credit_broad/1003/ltdd/DONE.json,,,,,,,,,,,,,,,,,,0.0067143105780407,0.0012417651012695,0.0079325472784755,0.0035548441411739,interfair/data/tasks/evaluations/confirmation/main/mlp/credit_broad/1003/ltdd/PREDICTIONS.npz,cda3be136ba73adfb584bac724842dfc19bb3bdcdb8db98150881d0fd8ed7417,interfair/data/tasks/evaluations/confirmation/main/mlp/credit_broad/1003/ltdd/DONE.json,caa836453b4b014911ae44df19da278467e10445cbef414c40ce9b82e4d9423f,0.0006429708225168,0.043869144511006,0.0017297034746252,0.0,0.956130855488994,0.043869144511006,primary ten-seed confirmation; original source checkpoint and supported bank,,,,,,,,,,,,,,0.005890831900407401,0.021287048783300677
0.7861193531383412,0.9137369358133138,0.8928535631953493,0.8219520319786808,0.1341670585611847,0.4288579588177103,0.0095260062276553,0.0073664093834772,0.0125052362226457,0.949528563505269,0.6434782608695652,0.8755256518082423,2378.0,0.9547353760445684,0.6339522546419099,0.888030888030888,3626.0,0.0293487860379477,0.0756109182057636,,0.1784010269349775,0.2033950928283881,,0.0173010166215182,0.0040163278579477,0.012642446479627,,0.0950937468070069,0.0243573885205799,,0.0023820315434791,0.0108581979492508,,,,,,,,,,,,,,credit_broad,1003,mlp,cot_phi,,,,,,,,,,,,,,,,,,,,,probability,interfair/data/tasks/evaluations/confirmation/main/mlp/credit_broad/1003/cot_phi/DONE.json,interfair/data/tasks/evaluations/confirmation/main/mlp/credit_broad/1003/cot_phi/DONE.json,,,,,,,,,,,,,,,,,,0.0169702785238809,0.0020880857014837,0.0062887808961775,0.0029818016967729,interfair/data/tasks/evaluations/confirmation/main/mlp/credit_broad/1003/cot_phi/PREDICTIONS.npz,5337a9f229893ffbddb3b46ba0350e8199dc935b31486ff20ce10a09f7b53c83,interfair/data/tasks/evaluations/confirmation/main/mlp/credit_broad/1003/cot_phi/DONE.json,e106eb29e0c6a8bc2cbc1fd4d02c2b33d23d8a04117382a6bc2066c68fc24f16,0.0016628470030837,0.1784010269349775,0.0192677659657473,2.453325482691789e-05,0.8215989730650225,0.1784010269349775,primary ten-seed confirmation; original source checkpoint and supported bank,,,,,,,,,,,,,,0.0052068125392993325,0.009526006227655315
0.7666235318260282,0.9065816026069972,0.8867035443556648,0.8157894736842105,0.1472131154438651,0.4680542244913362,0.0049475262368815,0.0039061097026698,0.0130936879104607,0.9240155296727676,0.5739130434782609,0.8393608074011775,2378.0,0.9268802228412256,0.5689655172413793,0.8524544953116382,3626.0,0.0182223529710412,0.0473413888542424,,0.0494641085397039,0.1305461408310426,,0.0096236543277189,0.0037011307795108,0.0098854458757809,,0.0567105016183225,0.0244829367224115,,0.0017699601831436,0.0157040765204573,,,,,,,,,,,,,,credit_broad,1003,mlp,dralign,,,,,,,,,,,,,,,,,,,,,probability,interfair/data/tasks/evaluations/confirmation/main/mlp/credit_broad/1003/dralign/DONE.json,interfair/data/tasks/evaluations/confirmation/main/mlp/credit_broad/1003/dralign/DONE.json,,,,,,,,,,,,,,,,,,0.0093211959654885,0.0018049474536189,0.0061655938522439,0.0038980743612176,interfair/data/tasks/evaluations/confirmation/main/mlp/credit_broad/1003/dralign/PREDICTIONS.npz,bc976a85a0ae9d363b91e1284ed93a57b7813a1f6367cc580bcb294e74752b55,interfair/data/tasks/evaluations/confirmation/main/mlp/credit_broad/1003/dralign/DONE.json,0398b03e8b5b74d51e80a8154cbbbe442c5ddd691d7d81ed78bb095f16c447f5,0.0006426520994079,0.0494641085397039,0.0011336647443948,0.0,0.9505358914602962,0.0494641085397039,primary ten-seed confirmation; original source checkpoint and supported bank,,,,,,,,,,,,,,0.0028646931684580546,0.00494752623688155
,,0.8926633165829145,0.8221185876082612,,,0.046485987775343,0.0247084599864206,0.0019040598759449,0.951747088186356,0.6539130434782608,0.87973086627418,2378.0,0.948816155988858,0.6074270557029178,0.877826806398235,3626.0,,,,,,,,,,,,,,,0.0235987273624543,,,,,,,,,,,,,,credit_broad,1003,mlp,mirrorfair,,,,,,,,,,,,,,,,,,,,,hard_decision,interfair/data/tasks/evaluations/confirmation/main/mlp/credit_broad/1003/mirrorfair/DONE.json,interfair/data/tasks/evaluations/confirmation/main/mlp/credit_broad/1003/mirrorfair/DONE.json,,,,,,,,,,,,,,,0.0235987273624543,,,,,0.0088086546694079,0.0046166476266645,interfair/data/tasks/evaluations/confirmation/main/mlp/credit_broad/1003/mirrorfair/PREDICTIONS.npz,17c3b314a0dcdf6bdec09bc5e916afb5e5e2c36546f764c35edf1041f6c27bc6,interfair/data/tasks/evaluations/confirmation/main/mlp/credit_broad/1003/mirrorfair/DONE.json,923ebaaa43ad778b1b223a7c4511956953bc8f95ca5f30dde2f2203d8bcb4bad,,,,,,,primary ten-seed confirmation; original source checkpoint and supported bank,,,,,,,,,,,,,,0.0029309321974979596,0.046485987775343074
0.7827710111337783,0.9116400539953332,0.8917618761274805,0.8201199200532978,0.1350617531194697,0.4341212076230783,0.0052715066347174,0.0049526717812037,0.0134773296493829,0.9484193011647256,0.6452173913043479,0.8751051303616485,2378.0,0.9536908077994428,0.6405835543766578,0.8885824600110315,3626.0,0.0210209953266393,0.057277510510314,,0.0846289393917972,0.2843355719540399,,0.0159231691083347,0.0033759634572193,0.0116811242841538,,0.069676263791677,0.0339306458441223,,0.003155998399832,0.0125436240726034,,,,,,,,,,,,,,credit_broad,1004,mlp,ltdd,,,,,,,,,,,,,,,,,,,,,probability,interfair/data/tasks/evaluations/confirmation/main/mlp/credit_broad/1004/ltdd/DONE.json,interfair/data/tasks/evaluations/confirmation/main/mlp/credit_broad/1004/ltdd/DONE.json,,,,,,,,,,,,,,,,,,0.0087557779788359,0.0017497709115562,0.0122803019928461,0.0054178949399513,interfair/data/tasks/evaluations/confirmation/main/mlp/credit_broad/1004/ltdd/PREDICTIONS.npz,fd87785e2d7ea4e12f3fe6660f74d17523f2c0944d4c15e92a49c5d90b537546,interfair/data/tasks/evaluations/confirmation/main/mlp/credit_broad/1004/ltdd/DONE.json,dfdc43c9c435f81b61848a8a97378a803f9d2e9206883ae12768ebbe0872d1fc,0.0013100369011757,0.0846289393917972,0.0094324801991422,0.0001728524144109,0.9153710606082028,0.0846289393917972,primary ten-seed confirmation; original source checkpoint and supported bank,,,,,,,,,,,,,,0.005271506634717205,0.004633836927690038
0.784669024597321,0.9121841289920734,0.8918918918918919,0.8201199200532978,0.1347967088449237,0.4330953830320087,0.0150686195363856,0.0116660416233336,0.013305224346916,0.9478646699944536,0.6556521739130434,0.8772077375946173,2378.0,0.9561281337047354,0.6405835543766578,0.8905129619415334,3626.0,0.043069760237189,0.1163604799746757,,0.3206951453863086,0.2341983337090878,,0.0232202786009918,0.0062656999858037,0.0218017583801632,,0.1980511392736983,0.0281445413403008,,0.0037870749350452,0.0131276754297961,,,,,,,,,,,,,,credit_broad,1004,mlp,cot_phi,,,,,,,,,,,,,,,,,,,,,probability,interfair/data/tasks/evaluations/confirmation/main/mlp/credit_broad/1004/cot_phi/DONE.json,interfair/data/tasks/evaluations/confirmation/main/mlp/credit_broad/1004/cot_phi/DONE.json,,,,,,,,,,,,,,,,,,0.0201794930835036,0.0025440089616086,0.0079109464808225,0.004855834049424,interfair/data/tasks/evaluations/confirmation/main/mlp/credit_broad/1004/cot_phi/PREDICTIONS.npz,2cc37faf59cb1f80677e1583d54051dc8a8badc36a4347c5f9c00fa420443710,interfair/data/tasks/evaluations/confirmation/main/mlp/credit_broad/1004/cot_phi/DONE.json,db4f94abd7c14d6c38783189bf4a6d64d3cf5e5d8bc3ce325edf49bfe3d3980f,0.0098689100863056,0.3206951453863086,0.089203874257975,0.0067115298873791,0.6793048546136914,0.3206951453863086,primary ten-seed confirmation; original source checkpoint and supported bank,,,,,,,,,,,,,,0.008263463710281749,0.015068619536385608
0.7807871303662035,0.9127885985298142,0.890497737556561,0.8186209193870753,0.1418184916895724,0.4516038211287725,0.0101049475262369,0.0085463411491061,0.0183025407103264,0.9428729894620078,0.6278260869565218,0.8666947014297729,2378.0,0.9498607242339832,0.6379310344827587,0.8849972421400993,3626.0,0.0427072068432657,0.1172809971585159,,0.3153029502477253,0.2085727484432014,,0.0213454580896803,0.0078166207096034,0.0233193933963775,,0.265239365597055,0.0359251918594719,,0.0043873319299037,0.0187686792539302,,,,,,,,,,,,,,credit_broad,1004,mlp,dralign,,,,,,,,,,,,,,,,,,,,,probability,interfair/data/tasks/evaluations/confirmation/main/mlp/credit_broad/1004/dralign/DONE.json,interfair/data/tasks/evaluations/confirmation/main/mlp/credit_broad/1004/dralign/DONE.json,,,,,,,,,,,,,,,,,,0.0173565464626958,0.0032595400855098,0.0154413453763709,0.0059986678407682,interfair/data/tasks/evaluations/confirmation/main/mlp/credit_broad/1004/dralign/PREDICTIONS.npz,8734c0260e35ed3873dd6845e46d1afbf5e00f9595d4793133f8ed17ec5eb744,interfair/data/tasks/evaluations/confirmation/main/mlp/credit_broad/1004/dralign/DONE.json,4f6b05efab9ed3c4d2e158b4fb6ae1a79033c6277ed87cd33a3c183da6bf19b8,0.0114760124535547,0.3153029502477253,0.0875317497124409,0.0075577561069586,0.6846970497522746,0.3153029502477253,primary ten-seed confirmation; original source checkpoint and supported bank,,,,,,,,,,,,,,0.00698773477197534,0.010104947526236918
,,0.8925256960383195,0.8206195869420386,,,0.0148933225694845,0.0104753105338272,0.0114099784891567,0.9528563505268997,0.6660869565217391,0.883515559293524,2378.0,0.9589136490250696,0.6511936339522546,0.8949255377826807,3626.0,,,,,,,,,,,,,,,0.0118962046528485,,,,,,,,,,,,,,credit_broad,1004,mlp,mirrorfair,,,,,,,,,,,,,,,,,,,,,hard_decision,interfair/data/tasks/evaluations/confirmation/main/mlp/credit_broad/1004/mirrorfair/DONE.json,interfair/data/tasks/evaluations/confirmation/main/mlp/credit_broad/1004/mirrorfair/DONE.json,,,,,,,,,,,,,,,0.0118962046528485,,,,,0.0092137462763049,0.0034090391214027,interfair/data/tasks/evaluations/confirmation/main/mlp/credit_broad/1004/mirrorfair/PREDICTIONS.npz,78b29af5bb36d0c6400a9b7030c2c8e7e77e09001779f716fd40f0d35b0aa44a,interfair/data/tasks/evaluations/confirmation/main/mlp/credit_broad/1004/mirrorfair/DONE.json,739db20baaae2243300582db508c4b5b7e6114ae3fa7de70157daddd982c70e5,,,,,,,primary ten-seed confirmation; original source checkpoint and supported bank,,,,,,,,,,,,,,0.0060572984981699385,0.014893322569484502
0.7840067921278916,0.9114607690664692,0.8897559023609444,0.8164556962025317,0.1352720063308845,0.4324499520027897,0.0179587129512167,0.0126211512558956,0.0114784031040189,0.9467554076539102,0.6678260869565218,0.8793103448275862,2378.0,0.9540389972144848,0.649867374005305,0.8907887479316051,3626.0,0.0234866193824691,0.0630405311162272,,0.1114473682469742,0.2730587441479337,,0.0164878591319173,0.0035995610814735,0.0108915667803514,,0.0684650511771593,0.0353538432161154,,0.0033787853982075,0.0104424498588359,,,,,,,,,,,,,,credit_broad,1005,mlp,ltdd,,,,,,,,,,,,,,,,,,,,,probability,interfair/data/tasks/evaluations/confirmation/main/mlp/credit_broad/1005/ltdd/DONE.json,interfair/data/tasks/evaluations/confirmation/main/mlp/credit_broad/1005/ltdd/DONE.json,,,,,,,,,,,,,,,,,,0.0087192376821926,0.0017998709633876,0.0096891763563514,0.0055981023880135,interfair/data/tasks/evaluations/confirmation/main/mlp/credit_broad/1005/ltdd/PREDICTIONS.npz,04e98fa05d1626268ef61a08a0c62f2b9998faf2bc04ef66020149b677725511,interfair/data/tasks/evaluations/confirmation/main/mlp/credit_broad/1005/ltdd/DONE.json,cca105e0bad25f30678c8c7fe58a171e87d07b7346159d9881b52575d8227e93,0.0012854628008645,0.1114473682469742,0.0098854955898278,0.0001482433521833,0.8885526317530258,0.1114473682469742,primary ten-seed confirmation; original source checkpoint and supported bank,,,,,,,,,,,,,,0.0072835895605746215,0.01795871295121676
0.7865167409052685,0.913423005625617,0.8899339603762257,0.8167888074616922,0.1347515494746179,0.4316095209903969,0.0117976924871422,0.0093874865388081,0.0206751352371922,0.9439822518025514,0.6521739130434783,0.8734230445752733,2378.0,0.9557799442896936,0.6591511936339522,0.8940981798124655,3626.0,0.0411571334015741,0.1057419908543427,,0.3134786196350389,0.2440000356529703,,0.0223413706871032,0.0057342780024895,0.0181685925594397,,0.1856976792042136,0.0289865210274577,,0.0037406923025554,0.0094271942617972,,,,,,,,,,,,,,credit_broad,1005,mlp,cot_phi,,,,,,,,,,,,,,,,,,,,,probability,interfair/data/tasks/evaluations/confirmation/main/mlp/credit_broad/1005/cot_phi/DONE.json,interfair/data/tasks/evaluations/confirmation/main/mlp/credit_broad/1005/cot_phi/DONE.json,,,,,,,,,,,,,,,,,,0.0167351713785764,0.0024037979092277,0.0097350043939434,0.0060967245334143,interfair/data/tasks/evaluations/confirmation/main/mlp/credit_broad/1005/cot_phi/PREDICTIONS.npz,5ec73583071d68ef062251407c9dab472d32a36a576da2312e33434e610a72ea,interfair/data/tasks/evaluations/confirmation/main/mlp/credit_broad/1005/cot_phi/DONE.json,217f07d2b0b3aaa11a43cab0cde8396abd9ff33595e8f46b8ff8b665e5c6b862,0.0071705330301334,0.3134786196350389,0.0755891584565931,0.0012100207627463,0.686521380364961,0.3134786196350389,primary ten-seed confirmation; original source checkpoint and supported bank,,,,,,,,,,,,,,0.011797692487142242,0.006977280590473978
0.7841947023011954,0.9143347342772888,0.8903186890519754,0.8182878081279147,0.1368567031714287,0.4367560750324404,0.0117656556337215,0.010279515788162,0.0146762680704768,0.9417637271214644,0.6417391304347826,0.8692178301093356,2378.0,0.9505571030640668,0.629973474801061,0.8838940981798125,3626.0,0.0408742655882212,0.109562780282327,,0.3026257692088451,0.2205763834681398,,0.0231599953457914,0.0073968181817234,0.0227465580616678,,0.2486621595929873,0.034763153967913,,0.0038646993577873,0.0182340563060306,,,,,,,,,,,,,,credit_broad,1005,mlp,dralign,,,,,,,,,,,,,,,,,,,,,probability,interfair/data/tasks/evaluations/confirmation/main/mlp/credit_broad/1005/dralign/DONE.json,interfair/data/tasks/evaluations/confirmation/main/mlp/credit_broad/1005/dralign/DONE.json,,,,,,,,,,,,,,,,,,0.0150018595489364,0.0021337253434652,0.0089511450560562,0.0055972297960268,interfair/data/tasks/evaluations/confirmation/main/mlp/credit_broad/1005/dralign/PREDICTIONS.npz,2831708d721fd10d190cc4840c794d4b805994a0bf905ed3493bd8e1f430c804,interfair/data/tasks/evaluations/confirmation/main/mlp/credit_broad/1005/dralign/DONE.json,e88fe2ea1bee1f367fa0a2ef6e4c489976e72499279e712e9dab3b95dfa1da9f,0.0112107473278952,0.302625769208845,0.0746372499597615,0.0046063162448771,0.697374230791155,0.302625769208845,primary ten-seed confirmation; original source checkpoint and supported bank,,,,,,,,,,,,,,0.008793375942602433,0.011765655633721561
,,0.8918085000497661,0.8189540306462358,,,0.0370014992503748,0.0188594639005285,0.0018690357510494,0.9578480310593456,0.6921739130434783,0.8936080740117746,2378.0,0.9585654596100278,0.6551724137931034,0.895477109762824,3626.0,,,,,,,,,,,,,,,0.0154108319772713,,,,,,,,,,,,,,credit_broad,1005,mlp,mirrorfair,,,,,,,,,,,,,,,,,,,,,hard_decision,interfair/data/tasks/evaluations/confirmation/main/mlp/credit_broad/1005/mirrorfair/DONE.json,interfair/data/tasks/evaluations/confirmation/main/mlp/credit_broad/1005/mirrorfair/DONE.json,,,,,,,,,,,,,,,0.0154108319772713,,,,,0.0087215392557781,0.0044532093321288,interfair/data/tasks/evaluations/confirmation/main/mlp/credit_broad/1005/mirrorfair/PREDICTIONS.npz,6072077789c42d1655f932d95172eb9d6aca2f9d23828423056f309a5d63b53b,interfair/data/tasks/evaluations/confirmation/main/mlp/credit_broad/1005/mirrorfair/DONE.json,d55bf2ed3e432bcf56bee60d70e4ce3362cf4d7ea266c0d8570dcdf9e9cc8ad3,,,,,,,primary ten-seed confirmation; original source checkpoint and supported bank,,,,,,,,,,,,,,0.000717428550682242,0.03700149925037488
0.782485967093589,0.91250760719627,0.8894289185905225,0.8181212524983345,0.1363502505714007,0.437291439718272,0.0123192250028831,0.0101572248065289,0.0201625304953432,0.9345535219079312,0.6017391304347826,0.8540790580319596,2378.0,0.9425487465181058,0.6140583554376657,0.8742415885273028,3626.0,0.0253199786365318,0.070402766693206,,0.1250585050474311,0.3289528742506993,,0.0228939372295153,0.0041561974028935,0.0149426772658313,,0.1017740361473032,0.0395937599011906,,0.0037634346023541,0.0140755720334859,,,,,,,,,,,,,,credit_broad,1006,mlp,ltdd,,,,,,,,,,,,,,,,,,,,,probability,interfair/data/tasks/evaluations/confirmation/main/mlp/credit_broad/1006/ltdd/DONE.json,interfair/data/tasks/evaluations/confirmation/main/mlp/credit_broad/1006/ltdd/DONE.json,,,,,,,,,,,,,,,,,,0.0108929170139772,0.001841882564342,0.0117436089004816,0.0069147836709922,interfair/data/tasks/evaluations/confirmation/main/mlp/credit_broad/1006/ltdd/PREDICTIONS.npz,049a40b5390141635474ff940f0067cbbb721255bccd33ce9d7bb54ffa31ef2e,interfair/data/tasks/evaluations/confirmation/main/mlp/credit_broad/1006/ltdd/DONE.json,a4c1fb671e8481da99f351a07b488c456093f30e80402e8e8441eb6332a973c0,0.001780236748006,0.1250585050474311,0.0218776013432237,0.0019494750981322,0.8749414949525689,0.1250585050474311,primary ten-seed confirmation; original source checkpoint and supported bank,,,,,,,,,,,,,,0.007995224610174656,0.012319225002883183
0.784795934380319,0.9141744745170172,0.8889341341748956,0.8182878081279147,0.1365500752465183,0.4362553336524188,0.0194256717794949,0.0127952681405458,0.0208646366281833,0.930116472545757,0.577391304347826,0.8448275862068966,2378.0,0.9362813370473536,0.596816976127321,0.86569222283508,3626.0,0.0642108150274218,0.1837680640674772,,0.465583569227044,0.3014269983195606,,0.0348787807561711,0.0102928365769792,0.0380266031871239,,0.3140885224459286,0.0392178730301711,,0.0061163883317601,0.0253860400888657,,,,,,,,,,,,,,credit_broad,1006,mlp,cot_phi,,,,,,,,,,,,,,,,,,,,,probability,interfair/data/tasks/evaluations/confirmation/main/mlp/credit_broad/1006/cot_phi/DONE.json,interfair/data/tasks/evaluations/confirmation/main/mlp/credit_broad/1006/cot_phi/DONE.json,,,,,,,,,,,,,,,,,,0.0280924789639528,0.0044166666166766,0.0121490478244433,0.0083524438594837,interfair/data/tasks/evaluations/confirmation/main/mlp/credit_broad/1006/cot_phi/PREDICTIONS.npz,a02d216028bc1ad1453c9bd95099cdad4223b9c21e01eb6616f93ed71951e141,interfair/data/tasks/evaluations/confirmation/main/mlp/credit_broad/1006/cot_phi/DONE.json,dae4d38466fe7e7e2eaf4e84b1464d3684125ad66d704248b378405a934b035b,0.0165216235256677,0.465583569227044,0.2043992503334176,0.0425607203929943,0.534416430772956,0.465583569227044,primary ten-seed confirmation; original source checkpoint and supported bank,,,,,,,,,,,,,,0.00616486450159659,0.019425671779494946
0.7844511775570069,0.9124518960174064,0.8913812266343336,0.8209526982011992,0.135596030484653,0.4333123074778974,0.0064859877753431,0.0037772512458041,0.0106352726802083,0.9428729894620078,0.6139130434782609,0.8633305298570227,2378.0,0.9439415041782728,0.6074270557029178,0.8739658025372311,3626.0,0.0179639054666194,0.0462311431055977,,0.041525138559553,0.1642095507057991,,0.0098001508683757,0.0034996690738636,0.009066556536016,,0.0559810149488135,0.0251474354961525,,0.0020353446939237,0.0180215529122413,,,,,,,,,,,,,,credit_broad,1006,mlp,dralign,,,,,,,,,,,,,,,,,,,,,probability,interfair/data/tasks/evaluations/confirmation/main/mlp/credit_broad/1006/dralign/DONE.json,interfair/data/tasks/evaluations/confirmation/main/mlp/credit_broad/1006/dralign/DONE.json,,,,,,,,,,,,,,,,,,0.0076007155726527,0.0016550600359506,0.0060379135924189,0.0034105769597168,interfair/data/tasks/evaluations/confirmation/main/mlp/credit_broad/1006/dralign/PREDICTIONS.npz,d2a7f16e2e10a5ababe78ad9c56a5987fd753f8fecc768110d91ed1404490f8d,interfair/data/tasks/evaluations/confirmation/main/mlp/credit_broad/1006/dralign/DONE.json,2ac666f364e2876e3dabd2069d7044869c263b0c87cf3be4e5039b1760d35381,0.0004215526977928,0.041525138559553,0.0002714432860223,0.0,0.958474861440447,0.041525138559553,primary ten-seed confirmation; original source checkpoint and supported bank,,,,,,,,,,,,,,0.0010685147162650122,0.006485987775343149
,,0.891864679822795,0.8211192538307794,,,0.045247376311844,0.0243726495742946,0.0019940556405773,0.949528563505269,0.648695652173913,0.8767872161480236,2378.0,0.9460306406685236,0.603448275862069,0.8747931605074463,3626.0,,,,,,,,,,,,,,,0.0249163451175208,,,,,,,,,,,,,,credit_broad,1006,mlp,mirrorfair,,,,,,,,,,,,,,,,,,,,,hard_decision,interfair/data/tasks/evaluations/confirmation/main/mlp/credit_broad/1006/mirrorfair/DONE.json,interfair/data/tasks/evaluations/confirmation/main/mlp/credit_broad/1006/mirrorfair/DONE.json,,,,,,,,,,,,,,,0.0249163451175208,,,,,0.0092205393978383,0.0064410727975035,interfair/data/tasks/evaluations/confirmation/main/mlp/credit_broad/1006/mirrorfair/PREDICTIONS.npz,f7ddaabd6acb22b1043415ed6b58d9484ed3cf7b2cf5293de72903f85bfa4f75,interfair/data/tasks/evaluations/confirmation/main/mlp/credit_broad/1006/mirrorfair/DONE.json,09891ee853752c3e48cb4706e0fe31036e55e49a7af4ccfad1989309c11ebfcb,,,,,,,primary ten-seed confirmation; original source checkpoint and supported bank,,,,,,,,,,,,,,0.0034979228367454374,0.045247376311844056
0.7859126117099826,0.9146488167299772,0.8915274703159589,0.8204530313124584,0.1345151763845907,0.4293496058032232,0.0104301695306192,0.0099599621516526,0.0205498833998173,0.9417637271214644,0.6208695652173913,0.8641715727502103,2378.0,0.9512534818941504,0.6312997347480106,0.8847214561500276,3626.0,0.012986827994123,0.0346377720790249,,0.0212074006948481,0.1964804570121289,,0.0071170286866251,0.0023545632583329,0.0065277747455097,,0.0189781802751898,0.0282906570343911,,0.0015548443501179,0.0090777702357751,,,,,,,,,,,,,,credit_broad,1007,mlp,ltdd,,,,,,,,,,,,,,,,,,,,,probability,interfair/data/tasks/evaluations/confirmation/main/mlp/credit_broad/1007/ltdd/DONE.json,interfair/data/tasks/evaluations/confirmation/main/mlp/credit_broad/1007/ltdd/DONE.json,,,,,,,,,,,,,,,,,,0.0056563600656177,0.0008278000930793,0.0085079039040518,0.0044752518003067,interfair/data/tasks/evaluations/confirmation/main/mlp/credit_broad/1007/ltdd/PREDICTIONS.npz,f8c6409b879bc32c58562e8ff89a2d9ad78bb0634ce05399d10fd323f552ef4b,interfair/data/tasks/evaluations/confirmation/main/mlp/credit_broad/1007/ltdd/DONE.json,2ed08d72a8445dbaaff3769598f61abe653a20cf844527ea6b2ba57c984ef0cf,0.0001975125859536,0.0212074006948481,2.469867615095831e-05,0.0,0.978792599305152,0.0212074006948481,primary ten-seed confirmation; original source checkpoint and supported bank,,,,,,,,,,,,,,0.009489754772685988,0.01043016953061926
0.7844194702301195,0.9146582484098652,0.8899839098954143,0.8177881412391739,0.136816936954062,0.4377454809178057,0.0188882481836005,0.0164783999891363,0.0256861365235749,0.937881308929562,0.6243478260869565,0.8620689655172413,2378.0,0.951949860724234,0.6432360742705571,0.8877551020408163,3626.0,0.0829771824341892,0.227608511224389,,0.5532883644002725,0.3091093738475723,,0.0454561333422423,0.0127635150064748,0.0438868292385623,,0.3874123996194881,0.0406301727376729,,0.0074025264331361,0.0264699663578832,,,,,,,,,,,,,,credit_broad,1007,mlp,cot_phi,,,,,,,,,,,,,,,,,,,,,probability,interfair/data/tasks/evaluations/confirmation/main/mlp/credit_broad/1007/cot_phi/DONE.json,interfair/data/tasks/evaluations/confirmation/main/mlp/credit_broad/1007/cot_phi/DONE.json,,,,,,,,,,,,,,,,,,0.0366597528805777,0.0052329166265841,0.0170437661366225,0.009778118138826,interfair/data/tasks/evaluations/confirmation/main/mlp/credit_broad/1007/cot_phi/PREDICTIONS.npz,25513dcf8823a6b08678fd19f3fb647b5ab37c52cca427540c34ff6be5614e69,interfair/data/tasks/evaluations/confirmation/main/mlp/credit_broad/1007/cot_phi/DONE.json,5bdfcab6cab1e6318e69c0a96d7da9ac9f62a73f6e4d238d2bfc5868d496dc56,0.0238553504466656,0.5532883644002725,0.291570610955248,0.0812423536172972,0.4467116355997275,0.5532883644002725,primary ten-seed confirmation; original source checkpoint and supported bank,,,,,,,,,,,,,,0.014068551794672035,0.018888248183600576
0.7753959190899836,0.9095152456405432,0.8855640921957137,0.8114590273151232,0.1403823478002988,0.4511217385883621,0.0149186944989044,0.0120762848202295,0.0141304947865082,0.9312257348863006,0.6382608695652174,0.8603868797308662,2378.0,0.9404596100278552,0.623342175066313,0.8745173745173745,3626.0,0.1389203020779556,0.4047709850949189,,0.6955141804137165,0.407229410278764,,0.0899736287026966,0.0216615304892908,0.0810940183344341,,0.516016125973751,0.0530752663292846,,0.0138927344174409,0.0398798103925042,,,,,,,,,,,,,,credit_broad,1007,mlp,dralign,,,,,,,,,,,,,,,,,,,,,probability,interfair/data/tasks/evaluations/confirmation/main/mlp/credit_broad/1007/dralign/DONE.json,interfair/data/tasks/evaluations/confirmation/main/mlp/credit_broad/1007/dralign/DONE.json,,,,,,,,,,,,,,,,,,0.0763347707373535,0.0109744095494106,0.0239127036640093,0.0171765200465338,interfair/data/tasks/evaluations/confirmation/main/mlp/credit_broad/1007/dralign/PREDICTIONS.npz,8fc98694f3e2b1c744a262188f741505d03ccff366e5b5b899212dbd9d14f407,interfair/data/tasks/evaluations/confirmation/main/mlp/credit_broad/1007/dralign/DONE.json,08ff10537525ec0aadd2583642f80e6d233b1d5b27a1aeadbe22b8c147820cdd,0.0411083566462529,0.6955141804137166,0.4724941829298819,0.2209552652460322,0.3044858195862834,0.6955141804137166,primary ten-seed confirmation; original source checkpoint and supported bank,,,,,,,,,,,,,,0.009233875141554604,0.014918694498904483
,,0.891662506240639,0.8192871419053964,,,0.0227632337677314,0.0127315026360244,0.0027921881820717,0.956738768718802,0.671304347826087,0.8877207737594617,2378.0,0.9540389972144848,0.6485411140583555,0.8905129619415334,3626.0,,,,,,,,,,,,,,,0.0303915916892483,,,,,,,,,,,,,,credit_broad,1007,mlp,mirrorfair,,,,,,,,,,,,,,,,,,,,,hard_decision,interfair/data/tasks/evaluations/confirmation/main/mlp/credit_broad/1007/mirrorfair/DONE.json,interfair/data/tasks/evaluations/confirmation/main/mlp/credit_broad/1007/mirrorfair/DONE.json,,,,,,,,,,,,,,,0.0303915916892483,,,,,0.0127461232880751,0.0080512824494615,interfair/data/tasks/evaluations/confirmation/main/mlp/credit_broad/1007/mirrorfair/PREDICTIONS.npz,5d288cf8ddb777e036ac8e79f6a215e8078415463910a144ec8e44d5a2228c97,interfair/data/tasks/evaluations/confirmation/main/mlp/credit_broad/1007/mirrorfair/DONE.json,b6db813059b5d8e4d41754f51fa666112ebfaa3d08992d8e5c72e1e4d901987a,,,,,,,primary ten-seed confirmation; original source checkpoint and supported bank,,,,,,,,,,,,,,0.0026997715043172166,0.022763233767731483
0.7853692414786559,0.9134843552714228,0.8908086388749372,0.8189540306462358,0.1352494600635524,0.4329840961892439,0.0090768712622261,0.006029613119292,0.0168825559910504,0.9428729894620078,0.6382608695652174,0.8692178301093356,2378.0,0.951949860724234,0.6352785145888594,0.8861003861003861,3626.0,0.0199813876563432,0.05186604832166,,0.0716268261627797,0.2859972124832961,,0.017313266551665,0.0032460634409035,0.0100961009661356,,0.0574701737344368,0.0341875486594992,,0.0031914296863038,0.0105188828400827,,,,,,,,,,,,,,credit_broad,1008,mlp,ltdd,,,,,,,,,,,,,,,,,,,,,probability,interfair/data/tasks/evaluations/confirmation/main/mlp/credit_broad/1008/ltdd/DONE.json,interfair/data/tasks/evaluations/confirmation/main/mlp/credit_broad/1008/ltdd/DONE.json,,,,,,,,,,,,,,,,,,0.0079351721888443,0.0015210281207275,0.0096861934419465,0.0048956933012451,interfair/data/tasks/evaluations/confirmation/main/mlp/credit_broad/1008/ltdd/PREDICTIONS.npz,628640a7687c11a6e0ef920f4f59b4ffe0d7d1b24061f9d50d3486468e1691d6,interfair/data/tasks/evaluations/confirmation/main/mlp/credit_broad/1008/ltdd/DONE.json,85a5544ec6ebc5130fd179f91fa163b6c7605d83140d4527880830e364ef7b65,0.0009400841392237,0.0716268261627797,0.0050670150464363,2.468587227529685e-05,0.9283731738372203,0.0716268261627797,primary ten-seed confirmation; original source checkpoint and supported bank,,,,,,,,,,,,,,0.009076871262226227,0.002982354976358015
0.7802604990282591,0.9110028462338492,0.8922953611862539,0.8209526982011992,0.1352026131532268,0.4321617496969135,0.0048586231242574,0.0040473486974072,0.0150009950562636,0.949528563505269,0.64,0.8746846089150546,2378.0,0.9543871866295264,0.6432360742705571,0.8896856039713182,3626.0,0.016372553114545,0.0430608322223027,,0.0311313310428129,0.1735258019780062,,0.0096200627714475,0.0022698202691394,0.0071584512080465,,0.0184136665616324,0.0216586846362583,,0.0017592975467841,0.0081801938121253,,,,,,,,,,,,,,credit_broad,1008,mlp,cot_phi,,,,,,,,,,,,,,,,,,,,,probability,interfair/data/tasks/evaluations/confirmation/main/mlp/credit_broad/1008/cot_phi/DONE.json,interfair/data/tasks/evaluations/confirmation/main/mlp/credit_broad/1008/cot_phi/DONE.json,,,,,,,,,,,,,,,,,,0.0087281447709728,0.0013527732431244,0.0050196530822435,0.0026037793856553,interfair/data/tasks/evaluations/confirmation/main/mlp/credit_broad/1008/cot_phi/PREDICTIONS.npz,635da4dee57401d3a9f7d92d35f56d667d2b6fb231ffdda2a56de8ec8a93d229,interfair/data/tasks/evaluations/confirmation/main/mlp/credit_broad/1008/cot_phi/DONE.json,ecb487f50822c9393280fe8fb381de10d8496078db9b2812a68197f316def387,0.0002735123147324,0.0311313310428129,0.0001233533043359,0.0,0.9688686689571872,0.0311313310428129,primary ten-seed confirmation; original source checkpoint and supported bank,,,,,,,,,,,,,,0.004858623124257333,0.0032360742705570544
0.7796452642210177,0.911818691341185,0.8903146959975557,0.8206195869420386,0.1422074576338046,0.4532909825927088,0.0020252148616434,0.0018660268749458,0.0100131885545798,0.9362174154187464,0.5826086956521739,0.8507148864592095,2378.0,0.9341922005571032,0.5809018567639257,0.8607280750137893,3626.0,0.0167773201503438,0.0441586255228945,,0.0362286576855362,0.1437039707107495,,0.0101078751675344,0.0036057974921779,0.0093708881310054,,0.0560046863246587,0.0258952385642853,,0.0020743085448424,0.0219749355539684,,,,,,,,,,,,,,credit_broad,1008,mlp,dralign,,,,,,,,,,,,,,,,,,,,,probability,interfair/data/tasks/evaluations/confirmation/main/mlp/credit_broad/1008/dralign/DONE.json,interfair/data/tasks/evaluations/confirmation/main/mlp/credit_broad/1008/dralign/DONE.json,,,,,,,,,,,,,,,,,,0.0090408298856896,0.0018828457907295,0.008302716532723,0.0049478519896791,interfair/data/tasks/evaluations/confirmation/main/mlp/credit_broad/1008/dralign/PREDICTIONS.npz,1aff5c633b2a0c48b722f84fd2c540f016f941fcab99ceb14cef302d376b126c,interfair/data/tasks/evaluations/confirmation/main/mlp/credit_broad/1008/dralign/DONE.json,7e2958cc22a8a25410190d6a0b6b14a79a7ff886f25da9a9c9e08559ddd48bab,0.0004702757532121,0.0362286576855362,0.0002962441303945,0.0,0.9637713423144638,0.0362286576855362,primary ten-seed confirmation; original source checkpoint and supported bank,,,,,,,,,,,,,,0.0020252148616431986,0.0017068388882481855
,,0.8914821464193098,0.8187874750166556,,,0.0502640987198709,0.0257855562820105,0.0025298551671253,0.956738768718802,0.6921739130434783,0.892767031118587,2378.0,0.9554317548746518,0.6419098143236074,0.8902371759514617,3626.0,,,,,,,,,,,,,,,0.0209938627367867,,,,,,,,,,,,,,credit_broad,1008,mlp,mirrorfair,,,,,,,,,,,,,,,,,,,,,hard_decision,interfair/data/tasks/evaluations/confirmation/main/mlp/credit_broad/1008/mirrorfair/DONE.json,interfair/data/tasks/evaluations/confirmation/main/mlp/credit_broad/1008/mirrorfair/DONE.json,,,,,,,,,,,,,,,0.0209938627367867,,,,,0.0074671270791384,0.0031644867124953,interfair/data/tasks/evaluations/confirmation/main/mlp/credit_broad/1008/mirrorfair/PREDICTIONS.npz,a7ab2b28da56647afc6acf10676af3429de70ac90cf40f1740c91d187ccbc16c,interfair/data/tasks/evaluations/confirmation/main/mlp/credit_broad/1008/mirrorfair/DONE.json,81d8e2d29047e586e3d50de51ae0556b90332fcb73b9a26958d403642b7d9302,,,,,,,primary ten-seed confirmation; original source checkpoint and supported bank,,,,,,,,,,,,,,0.0013070138441502177,0.05026409871987092
0.7878856282919489,0.9144905624093564,0.8904095803562443,0.8186209193870753,0.1347157127159765,0.4315896643933751,0.0110119006236896,0.0109712945627962,0.0216667122830765,0.9395452024403772,0.6243478260869565,0.8633305298570227,2378.0,0.9505571030640668,0.6352785145888594,0.8849972421400993,3626.0,0.0250383571053365,0.0658440891298509,,0.1275020140590004,0.2896006863355134,,0.0161925281657831,0.0038735719295205,0.012294526291745,,0.0878889084436865,0.0338085010430437,,0.003047170122468,0.0092524285851346,,,,,,,,,,,,,,credit_broad,1009,mlp,ltdd,,,,,,,,,,,,,,,,,,,,,probability,interfair/data/tasks/evaluations/confirmation/main/mlp/credit_broad/1009/ltdd/DONE.json,interfair/data/tasks/evaluations/confirmation/main/mlp/credit_broad/1009/ltdd/DONE.json,,,,,,,,,,,,,,,,,,0.0070749728140067,0.0016065888344357,0.0090460126820541,0.0060476570908056,interfair/data/tasks/evaluations/confirmation/main/mlp/credit_broad/1009/ltdd/PREDICTIONS.npz,6110871efecda2715404d87c94f1661f8215a239c15a286c6538b6a7350af489,interfair/data/tasks/evaluations/confirmation/main/mlp/credit_broad/1009/ltdd/DONE.json,04d282d61c3b295f8eb30a27fca700591e97d6d2c4102a10225a049701c0d337,0.0014813382999515,0.1275020140590004,0.01586527713976,0.0003211085306444,0.8724979859409996,0.1275020140590004,primary ten-seed confirmation; original source checkpoint and supported bank,,,,,,,,,,,,,,0.011011900623689619,0.01093068850190293
0.7874698921226606,0.9148803717654554,0.8906281356612482,0.818454363757495,0.1345460000017155,0.4304402453092338,0.0182216584015684,0.0111857716133834,0.009471590331857,0.9467554076539102,0.6521739130434783,0.8755256518082423,2378.0,0.9509052924791086,0.6339522546419099,0.8849972421400993,3626.0,0.0509159046845224,0.1311492594934644,,0.4042586767480428,0.245944923884532,,0.0222307312933553,0.0071126910294031,0.0223481984010764,,0.2375267631723387,0.0292451369141957,,0.0033270432261809,0.0125518369816905,,,,,,,,,,,,,,credit_broad,1009,mlp,cot_phi,,,,,,,,,,,,,,,,,,,,,probability,interfair/data/tasks/evaluations/confirmation/main/mlp/credit_broad/1009/cot_phi/DONE.json,interfair/data/tasks/evaluations/confirmation/main/mlp/credit_broad/1009/cot_phi/DONE.json,,,,,,,,,,,,,,,,,,0.0202067615285296,0.0023649390990414,0.0064661307650171,0.0039350251660725,interfair/data/tasks/evaluations/confirmation/main/mlp/credit_broad/1009/cot_phi/PREDICTIONS.npz,eb2250b7621e3e81d1de34bc04bccc8a84c362cf52463c7a29eb40f70499434f,interfair/data/tasks/evaluations/confirmation/main/mlp/credit_broad/1009/cot_phi/DONE.json,9250c6387eaaa65ab0ecf4d6c16e74de323a0a813bdbcefd4e999aeb7bd8552c,0.0085785635433893,0.4042586767480428,0.1290108546059548,0.0087627532440137,0.5957413232519573,0.4042586767480428,primary ten-seed confirmation; original source checkpoint and supported bank,,,,,,,,,,,,,,0.004149884825198402,0.01822165840156842
0.7797024017897739,0.9118098237593368,0.8887979539641944,0.8189540306462358,0.1453087262358811,0.4616787839987848,0.0064006458309306,0.0039479742301266,0.0125010611614,0.930116472545757,0.5652173913043478,0.8418839360807401,2378.0,0.9286211699164344,0.5716180371352785,0.8543849972421401,3626.0,0.0507721730100227,0.1410342019849589,,0.3810766324238188,0.2038050686953458,,0.0196555544553817,0.010120028471973,0.0303569237745943,,0.3573920824266075,0.036433777403882,,0.004180605353029,0.0305781869011251,,,,,,,,,,,,,,credit_broad,1009,mlp,dralign,,,,,,,,,,,,,,,,,,,,,probability,interfair/data/tasks/evaluations/confirmation/main/mlp/credit_broad/1009/dralign/DONE.json,interfair/data/tasks/evaluations/confirmation/main/mlp/credit_broad/1009/dralign/DONE.json,,,,,,,,,,,,,,,,,,0.0183289907402415,0.0039739683676343,0.0114621796369383,0.0069542398157734,interfair/data/tasks/evaluations/confirmation/main/mlp/credit_broad/1009/dralign/PREDICTIONS.npz,faa9aab4d2327b8f095adcf2b69b400811c24e2b33e6becf3be5b40fde429eac,interfair/data/tasks/evaluations/confirmation/main/mlp/credit_broad/1009/dralign/DONE.json,1634fd4faef63a34be9d1923ba095ffb4fbddd0e60d450fb46c584fdee14c2ca,0.0170641008386033,0.3810766324238189,0.1344466860639305,0.0169858299875662,0.6189233675761812,0.3810766324238189,primary ten-seed confirmation; original source checkpoint and supported bank,,,,,,,,,,,,,,0.0014953026293226257,0.006400645830930696
,,0.8921411387329591,0.820786142571619,,,0.011678007150271,0.0072946207220447,0.0101405279225776,0.9500831946755408,0.6469565217391304,0.8767872161480236,2378.0,0.9529944289693594,0.6352785145888594,0.8869277440706013,3626.0,,,,,,,,,,,,,,,0.0105051778454318,,,,,,,,,,,,,,credit_broad,1009,mlp,mirrorfair,,,,,,,,,,,,,,,,,,,,,hard_decision,interfair/data/tasks/evaluations/confirmation/main/mlp/credit_broad/1009/mirrorfair/DONE.json,interfair/data/tasks/evaluations/confirmation/main/mlp/credit_broad/1009/mirrorfair/DONE.json,,,,,,,,,,,,,,,0.0105051778454318,,,,,0.0063793578510573,0.0029664068647242,interfair/data/tasks/evaluations/confirmation/main/mlp/credit_broad/1009/mirrorfair/PREDICTIONS.npz,253a6257a9777db3a90eac6f64ca910c8fe9f1a538000f7a30d3c81dbad43aa1,interfair/data/tasks/evaluations/confirmation/main/mlp/credit_broad/1009/mirrorfair/DONE.json,00ce2a32f015561227859351b8eaab6a33c07bad0d09b8f0332bdafacac3f912,,,,,,,primary ten-seed confirmation; original source checkpoint and supported bank,,,,,,,,,,,,,,0.0029112342938185654,0.011678007150271008
0.8989430523951483,0.8844683360498591,0.8186046511627907,0.8227541281623997,0.129085864812849,0.4018000379002484,0.0160521005320125,0.0111297630397494,0.0789496827401847,0.8172812328013208,0.1821236559139785,0.5313161875945537,3305.0,0.8333333333333334,0.1759162303664921,0.4523665048543689,3296.0,0.0863237586247305,0.2257992601767181,,0.5443960742434916,0.8478360636263,,0.0703015219607404,0.0156507623976304,0.0471127715706825,,0.4689034290744084,0.1173663859993735,,0.0095195561101114,0.0545565258879339,,,,,,,,,,,,,,acs_income,1000,mlp,ltdd,,,,,,,,,,,,,,,,,,,,,probability,interfair/data/tasks/evaluations/confirmation/main/mlp/acs_income/1000/ltdd/DONE.json,interfair/data/tasks/evaluations/confirmation/main/mlp/acs_income/1000/ltdd/DONE.json,,,,,,,,,,,,,,,,,,0.0457201050635883,0.0074798751853937,0.0194227767306155,0.0172721267494959,interfair/data/tasks/evaluations/confirmation/main/mlp/acs_income/1000/ltdd/PREDICTIONS.npz,9e18006467533f85dd40b9f60efcaccd0540f7952c54bbae39084b00b8cef775,interfair/data/tasks/evaluations/confirmation/main/mlp/acs_income/1000/ltdd/DONE.json,e9662d31a06d0309393e8e23ae3002aa5367f98a9c7f60295943f8e1bb41331c,0.0075000823004308,0.5443960742434916,0.2881794676095899,0.1035332939821378,0.45560392575650843,0.5443960742434916,primary ten-seed confirmation; original source checkpoint and supported bank,,,,,,,,,,,,,,0.01605210053201256,0.006207425547486406
0.9007093482291194,0.8841268080526422,0.8200331875094282,0.8192698076049083,0.1282866794980452,0.3986027886678416,0.0214772279457299,0.0138348725727008,0.0906921514915617,0.8458998348926803,0.2204301075268817,0.5642965204236006,3305.0,0.8520923520923521,0.1989528795811518,0.4736043689320388,3296.0,0.1044492072467531,0.2160712133347987,,0.5984693814927631,0.9185924793263996,,0.1171189630991091,0.0173318122232459,0.0490731967985629,,0.4894691866512445,0.1308471372832505,,0.0128328633368828,0.0567145760446651,,,,,,,,,,,,,,acs_income,1000,mlp,cot_phi,,,,,,,,,,,,,,,,,,,,,probability,interfair/data/tasks/evaluations/confirmation/main/mlp/acs_income/1000/cot_phi/DONE.json,interfair/data/tasks/evaluations/confirmation/main/mlp/acs_income/1000/cot_phi/DONE.json,,,,,,,,,,,,,,,,,,0.1165350980118855,0.0093506335504881,0.0258923878467966,0.0179841477666588,interfair/data/tasks/evaluations/confirmation/main/mlp/acs_income/1000/cot_phi/PREDICTIONS.npz,4a01aa171c339dd863d1ba496e43b89ca840639563dacde00347fa3e4ca2c3d9,interfair/data/tasks/evaluations/confirmation/main/mlp/acs_income/1000/cot_phi/DONE.json,99aad68b8e7eff57d2c067984f3441b5b69af6bcb5a84b60b938676741a66758,0.0034237087842453,0.5984693814927631,0.3842232918036144,0.1744011285067395,0.4015306185072369,0.5984693814927631,primary ten-seed confirmation; original source checkpoint and supported bank,,,,,,,,,,,,,,0.006192517199671843,0.0214772279457299
0.8941851067743473,0.8732301982952158,0.8118509468540013,0.8133616118769883,0.1326825539812836,0.4189875358457848,0.0659230086858044,0.0543870096066527,0.0280077258640188,0.8013208585580628,0.1780913978494623,0.5207261724659606,3305.0,0.8672438672438673,0.2209424083769633,0.4927184466019417,3296.0,0.1926255005296566,0.3996798675507306,,0.7898933197787288,0.960406546655771,,0.1859933445961895,0.0320814013225235,0.1010995914041995,,0.6193172693984453,0.1270209335832589,,0.0244444149621648,0.0932812949853096,,,,,,,,,,,,,,acs_income,1000,mlp,dralign,,,,,,,,,,,,,,,,,,,,,probability,interfair/data/tasks/evaluations/confirmation/main/mlp/acs_income/1000/dralign/DONE.json,interfair/data/tasks/evaluations/confirmation/main/mlp/acs_income/1000/dralign/DONE.json,,,,,,,,,,,,,,,,,,0.1800779719529297,0.0200451052507463,0.0354448088638795,0.0320107458854013,interfair/data/tasks/evaluations/confirmation/main/mlp/acs_income/1000/dralign/PREDICTIONS.npz,d91f10cac1da7457626200079d868530734e4e7833f71c3b6343502f8189324a,interfair/data/tasks/evaluations/confirmation/main/mlp/acs_income/1000/dralign/DONE.json,fe579d0ca3627ec282aeb57f12c4cc7351b5ef4b0e8d0bea8496c9ffab40e97b,0.015945085849216,0.7898933197787288,0.6143920169349402,0.3653263907130771,0.2101066802212712,0.7898933197787288,primary ten-seed confirmation; original source checkpoint and supported bank,,,,,,,,,,,,,,0.06592300868580447,0.04285101052750101
,,0.8123755552151938,0.8144220572640509,,,0.0399724106383434,0.0284437434602514,0.0537692963001042,0.8106769400110072,0.1888440860215053,0.5307110438729198,3305.0,0.8506493506493507,0.2057591623036649,0.4769417475728155,3296.0,,,,,,,,,,,,,,,0.0704268924124484,,,,,,,,,,,,,,acs_income,1000,mlp,mirrorfair,,,,,,,,,,,,,,,,,,,,,hard_decision,interfair/data/tasks/evaluations/confirmation/main/mlp/acs_income/1000/mirrorfair/DONE.json,interfair/data/tasks/evaluations/confirmation/main/mlp/acs_income/1000/mirrorfair/DONE.json,,,,,,,,,,,,,,,0.0704268924124484,,,,,0.0264675283018276,0.0230726545278104,interfair/data/tasks/evaluations/confirmation/main/mlp/acs_income/1000/mirrorfair/PREDICTIONS.npz,cf6b69e3602a04d597c60abeda2eee0c69f7548ee01951e9c6d657ddf1b4c5ab,interfair/data/tasks/evaluations/confirmation/main/mlp/acs_income/1000/mirrorfair/DONE.json,d892efdfa90813480c33cbfd6ae29bddd5c3001cf51a4aa7c00a6a934845c7ac,,,,,,,primary ten-seed confirmation; original source checkpoint and supported bank,,,,,,,,,,,,,,0.03997241063834345,0.016915076282159602
0.8991287872592957,0.8857244348747716,0.8148717160854202,0.8174519012270868,0.1287608935267064,0.3998838251603081,0.0081759492876718,0.0080396579180576,0.0822581444707195,0.8244358833241607,0.1969086021505376,0.5419062027231467,3305.0,0.8326118326118326,0.1890052356020942,0.4596480582524271,3296.0,0.0833916873480157,0.2155024210363626,,0.5193042299775603,0.7733949900124993,,0.0860525267236135,0.0166262514870976,0.0492032366991043,,0.4881492930699053,0.1093299616236902,,0.0123914353767782,0.066030387893039,,,,,,,,,,,,,,acs_income,1001,mlp,ltdd,,,,,,,,,,,,,,,,,,,,,probability,interfair/data/tasks/evaluations/confirmation/main/mlp/acs_income/1001/ltdd/DONE.json,interfair/data/tasks/evaluations/confirmation/main/mlp/acs_income/1001/ltdd/DONE.json,,,,,,,,,,,,,,,,,,0.057021244821248,0.0105917911752202,0.0269809402371167,0.0227719557157035,interfair/data/tasks/evaluations/confirmation/main/mlp/acs_income/1001/ltdd/PREDICTIONS.npz,fa97cb72e1f3e1d99433ad71a11858a1692622ebb6318954e54251feb507716a,interfair/data/tasks/evaluations/confirmation/main/mlp/acs_income/1001/ltdd/DONE.json,097e963d30a56f5dba59262c54be9cb9f3c3853da14d8114d3379be014b1b161,0.0046162308693463,0.5193042299775603,0.2783110196797466,0.0978038027133963,0.4806957700224397,0.5193042299775603,primary ten-seed confirmation; original source checkpoint and supported bank,,,,,,,,,,,,,,0.008175949287671846,0.007903366548443397
0.8991585103503429,0.8842396643294212,0.7972096041531473,0.8106347523102561,0.1311015792387214,0.4045638350745317,0.0135056015312728,0.0110825992616429,0.082703648487875,0.7633461750137589,0.1559139784946236,0.4898638426626324,3305.0,0.772005772005772,0.1424083769633508,0.4071601941747573,3296.0,0.1317110623029596,0.2783817273378371,,0.7668048647418949,0.9269164640460396,,0.1460183447492524,0.0205014379962722,0.0573572380840778,,0.6038235046621531,0.1358804763506152,,0.0192481316252909,0.0552615667145733,,,,,,,,,,,,,,acs_income,1001,mlp,cot_phi,,,,,,,,,,,,,,,,,,,,,probability,interfair/data/tasks/evaluations/confirmation/main/mlp/acs_income/1001/cot_phi/DONE.json,interfair/data/tasks/evaluations/confirmation/main/mlp/acs_income/1001/cot_phi/DONE.json,,,,,,,,,,,,,,,,,,0.1359748264191634,0.0141949870495825,0.0213889739271705,0.0115245875710448,interfair/data/tasks/evaluations/confirmation/main/mlp/acs_income/1001/cot_phi/PREDICTIONS.npz,ef6acf78c50fb967e1fb417b192dfa5529f2b5ef8548697f7535b6c6a4eded9f,interfair/data/tasks/evaluations/confirmation/main/mlp/acs_income/1001/cot_phi/DONE.json,e1b437a4542818f35938966080166490d67b1b1e638d2d5f393b9b01bbbadfa1,0.0275692646251617,0.7668048647418949,0.5420580108077757,0.224821575221661,0.2331951352581051,0.7668048647418949,primary ten-seed confirmation; original source checkpoint and supported bank,,,,,,,,,,,,,,0.00865959699201313,0.01350560153127281
0.8923523359593172,0.8739507597794101,0.808868501529052,0.8106347523102561,0.1350169554835779,0.4277957897459334,0.0794369514787787,0.0678330960174955,0.0140737225151653,0.7914144193725922,0.1720430107526881,0.5125567322239032,3305.0,0.8708513708513709,0.2282722513089005,0.4984830097087379,3296.0,0.2666384165932025,0.5902320274710654,,0.8679729938471563,0.9328177334115536,,0.2837587988866042,0.0371892179137411,0.1208132743835449,,0.6575459474214014,0.1171728836473744,,0.0294607170875558,0.0866689771246375,,,,,,,,,,,,,,acs_income,1001,mlp,dralign,,,,,,,,,,,,,,,,,,,,,probability,interfair/data/tasks/evaluations/confirmation/main/mlp/acs_income/1001/dralign/DONE.json,interfair/data/tasks/evaluations/confirmation/main/mlp/acs_income/1001/dralign/DONE.json,,,,,,,,,,,,,,,,,,0.2775804120454924,0.0279549584186003,0.0306140619365527,0.0308900916887661,interfair/data/tasks/evaluations/confirmation/main/mlp/acs_income/1001/dralign/PREDICTIONS.npz,3f02f2ecefe53a9a657007c921599357a1ed878f4f4cd521873422b96f0110b4,interfair/data/tasks/evaluations/confirmation/main/mlp/acs_income/1001/dralign/DONE.json,48175f6f31c720ce2948e6a280a99446d743a3bf77e78fd7c8385eab79fd14c0,0.0564756209607052,0.8679729938471563,0.757152104523408,0.5577883572156266,0.13202700615284368,0.8679729938471563,primary ten-seed confirmation; original source checkpoint and supported bank,,,,,,,,,,,,,,0.07943695147877872,0.056229240556212395
,,0.8047885075818036,0.8147250416603545,,,0.0522919262600055,0.0290790262387118,0.0532723844425186,0.7644468904788112,0.1559139784946236,0.4904689863842663,3305.0,0.8167388167388168,0.1617801047120418,0.4371966019417476,3296.0,,,,,,,,,,,,,,,0.0630775194437583,,,,,,,,,,,,,,acs_income,1001,mlp,mirrorfair,,,,,,,,,,,,,,,,,,,,,hard_decision,interfair/data/tasks/evaluations/confirmation/main/mlp/acs_income/1001/mirrorfair/DONE.json,interfair/data/tasks/evaluations/confirmation/main/mlp/acs_income/1001/mirrorfair/DONE.json,,,,,,,,,,,,,,,0.0630775194437583,,,,,0.0175235117840523,0.0095527839967894,interfair/data/tasks/evaluations/confirmation/main/mlp/acs_income/1001/mirrorfair/PREDICTIONS.npz,7960e03bdb3c7d934aec5a71e3a391159edc75c8eb768e06d54c49fe01d88ec1,interfair/data/tasks/evaluations/confirmation/main/mlp/acs_income/1001/mirrorfair/DONE.json,e6962d470e596bd4b3aca8dbcc1b8bc8caa718ef21d334c20b0f1fafd1802cd1,,,,,,,primary ten-seed confirmation; original source checkpoint and supported bank,,,,,,,,,,,,,,0.05229192626000556,0.005866126217418194
0.8983888338937691,0.8834759183893026,0.812972972972973,0.8165429480381761,0.1301734727599677,0.4065570206944986,0.0104507965996734,0.0070805724169811,0.0889378589368858,0.8233351678591084,0.1942204301075268,0.540090771558245,3305.0,0.8196248196248196,0.1837696335078534,0.4511529126213592,3296.0,0.0955448656696606,0.2471794909983872,,0.5742141798551887,0.8780963472684225,,0.086996439667455,0.0155647260002861,0.0497823783755302,,0.4541060246588001,0.1163415295794945,,0.0122774447339289,0.0479204562262449,,,,,,,,,,,,,,acs_income,1002,mlp,ltdd,,,,,,,,,,,,,,,,,,,,,probability,interfair/data/tasks/evaluations/confirmation/main/mlp/acs_income/1002/ltdd/DONE.json,interfair/data/tasks/evaluations/confirmation/main/mlp/acs_income/1002/ltdd/DONE.json,,,,,,,,,,,,,,,,,,0.0656331480098195,0.0107744744676107,0.025676966376176,0.0268844573659624,interfair/data/tasks/evaluations/confirmation/main/mlp/acs_income/1002/ltdd/PREDICTIONS.npz,d437b0fd0c3981754867bc128722726595d56eaf73f74094134eca9321735344,interfair/data/tasks/evaluations/confirmation/main/mlp/acs_income/1002/ltdd/DONE.json,8a52bb0cf12eb8ed7665e653153a5d5dc151c8bf21b26a55066129c92c6676d4,0.0074758219897469,0.5742141798551887,0.3376016927631566,0.1175115990372999,0.42578582014481126,0.5742141798551887,primary ten-seed confirmation; original source checkpoint and supported bank,,,,,,,,,,,,,,0.0037103482342888405,0.010450796599673379
0.9003534061743543,0.8852123774119123,0.8056257901390644,0.8136645962732919,0.1296336212086128,0.4009670201066501,0.0212421888194561,0.0169793939711096,0.0856657498935123,0.7903137039075399,0.1814516129032258,0.5161875945537066,3305.0,0.803030303030303,0.1602094240837696,0.4305218446601941,3296.0,0.1269422516029192,0.2839138704538345,,0.6913566867935599,0.9349244608712604,,0.1309483928210569,0.0170287599235538,0.0501114842295646,,0.4917722831898276,0.1355667566954181,,0.0123596881097407,0.0462725313455608,,,,,,,,,,,,,,acs_income,1002,mlp,cot_phi,,,,,,,,,,,,,,,,,,,,,probability,interfair/data/tasks/evaluations/confirmation/main/mlp/acs_income/1002/cot_phi/DONE.json,interfair/data/tasks/evaluations/confirmation/main/mlp/acs_income/1002/cot_phi/DONE.json,,,,,,,,,,,,,,,,,,0.1230548393419007,0.0072949582291401,0.0161832202006821,0.0046790558401024,interfair/data/tasks/evaluations/confirmation/main/mlp/acs_income/1002/cot_phi/PREDICTIONS.npz,901a023ddbc3e088f2e489399958c2e44d9f18d74dae97d4fb02fdc64763a640,interfair/data/tasks/evaluations/confirmation/main/mlp/acs_income/1002/cot_phi/DONE.json,127cb4503af07eaba3d18ff55a923b5302a5721a13d6880d5f5ace16c4830d20,0.0051130482075143,0.69135668679356,0.46353126012919,0.22089437221697,0.30864331320644,0.69135668679356,primary ten-seed confirmation; original source checkpoint and supported bank,,,,,,,,,,,,,,0.012716599122763128,0.02124218881945622
0.8929352668747682,0.8755279197478724,0.8081582579358993,0.8104832601121043,0.1340376996783232,0.4185941658683665,0.0747656611718252,0.0637392315316988,0.0180203758647533,0.7903137039075399,0.1713709677419354,0.5116490166414523,3305.0,0.8650793650793651,0.2240837696335078,0.493628640776699,3296.0,0.178034543410109,0.3886842575669288,,0.7827393007138859,0.8454778586468581,,0.1722730164286101,0.0268684136326031,0.0863800946623086,,0.5859766711843895,0.1153066644919378,,0.0191076226932166,0.0769891829194764,,,,,,,,,,,,,,acs_income,1002,mlp,dralign,,,,,,,,,,,,,,,,,,,,,probability,interfair/data/tasks/evaluations/confirmation/main/mlp/acs_income/1002/dralign/DONE.json,interfair/data/tasks/evaluations/confirmation/main/mlp/acs_income/1002/dralign/DONE.json,,,,,,,,,,,,,,,,,,0.1693193520688067,0.0156076491598354,0.0314923128773705,0.0199327338871137,interfair/data/tasks/evaluations/confirmation/main/mlp/acs_income/1002/dralign/PREDICTIONS.npz,9b1adfbcb9cd20078909e4f9a980d459d058afbffdc08a308d767294c820d743,interfair/data/tasks/evaluations/confirmation/main/mlp/acs_income/1002/dralign/DONE.json,936168b35c963da48f2db77d02fe5261c72d58b5954de4311c60234e408fabd3,0.0164640742080323,0.7827393007138859,0.6018857595358723,0.3480268977210451,0.21726069928611413,0.7827393007138859,primary ten-seed confirmation; original source checkpoint and supported bank,,,,,,,,,,,,,,0.07476566117182526,0.0527128018915724
,,0.8060398505603985,0.8112407211028632,,,0.0492077787069531,0.035218298518595,0.0462380476770999,0.787011557512383,0.1740591397849462,0.5110438729198185,3305.0,0.8362193362193362,0.1952879581151832,0.4648058252427184,3296.0,,,,,,,,,,,,,,,0.0733400265819334,,,,,,,,,,,,,,acs_income,1002,mlp,mirrorfair,,,,,,,,,,,,,,,,,,,,,hard_decision,interfair/data/tasks/evaluations/confirmation/main/mlp/acs_income/1002/mirrorfair/DONE.json,interfair/data/tasks/evaluations/confirmation/main/mlp/acs_income/1002/mirrorfair/DONE.json,,,,,,,,,,,,,,,0.0733400265819334,,,,,0.022542142985425,0.0170115839616044,interfair/data/tasks/evaluations/confirmation/main/mlp/acs_income/1002/mirrorfair/PREDICTIONS.npz,f1bff595610b4dfdc630ac9f916e84ac17829325bc7eb79ea5792b7c39466167,interfair/data/tasks/evaluations/confirmation/main/mlp/acs_income/1002/mirrorfair/DONE.json,8a763e27d6316822e6f09959ec9d0c95051ac69613a0b5c4351b5873aea83719,,,,,,,primary ten-seed confirmation; original source checkpoint and supported bank,,,,,,,,,,,,,,0.04920777870695314,0.021228818330237015
0.8995161981198836,0.884831850985796,0.8151937984496124,0.8194212998030601,0.128524884739691,0.3990388922501289,0.0462713462163104,0.0336719704678354,0.049863126624855,0.8007705008255366,0.1700268817204301,0.5167927382753404,3305.0,0.847041847041847,0.1910994764397905,0.4669296116504854,3296.0,0.0747554857180214,0.1865556269884109,,0.4403160914668882,0.7998900614737721,,0.0715046334331733,0.0220815519307065,0.0570913179218768,,0.5464448765337816,0.1158419170047956,,0.0123074858531863,0.09607824919706,,,,,,,,,,,,,,acs_income,1003,mlp,ltdd,,,,,,,,,,,,,,,,,,,,,probability,interfair/data/tasks/evaluations/confirmation/main/mlp/acs_income/1003/ltdd/DONE.json,interfair/data/tasks/evaluations/confirmation/main/mlp/acs_income/1003/ltdd/DONE.json,,,,,,,,,,,,,,,,,,0.04254648162393,0.0068680428040075,0.0276657830855523,0.024758845426808,interfair/data/tasks/evaluations/confirmation/main/mlp/acs_income/1003/ltdd/PREDICTIONS.npz,ccf4d00501accf627f5ae183054e42fa7606c2c3dbcbc4a22edc9b32a4e7f742,interfair/data/tasks/evaluations/confirmation/main/mlp/acs_income/1003/ltdd/DONE.json,57e4d650c70ddb9f35ee419acd5a3cf1fea10ab9ef8a4568de222926c8a9c9e3,0.0009987763056516,0.4403160914668882,0.2208884842513565,0.0982260316624149,0.5596839085331118,0.4403160914668882,primary ten-seed confirmation; original source checkpoint and supported bank,,,,,,,,,,,,,,0.04627134621631046,0.021072594719360405
0.901388798795714,0.8860742825328355,0.8110323089046493,0.8183608544159976,0.1276911619528453,0.3960043013278895,0.0201246974047176,0.011724143154467,0.0908094715274003,0.8018712162905889,0.178763440860215,0.5213313161875945,3305.0,0.8051948051948052,0.1586387434554974,0.4305218446601941,3296.0,0.1142043716740353,0.2396225870028137,,0.6753320295948102,0.9087733676466984,,0.1378411246166984,0.0162631050099446,0.0468840153515338,,0.4947556686192101,0.1336517705702097,,0.0161403094556582,0.0463998245930277,,,,,,,,,,,,,,acs_income,1003,mlp,cot_phi,,,,,,,,,,,,,,,,,,,,,probability,interfair/data/tasks/evaluations/confirmation/main/mlp/acs_income/1003/cot_phi/DONE.json,interfair/data/tasks/evaluations/confirmation/main/mlp/acs_income/1003/cot_phi/DONE.json,,,,,,,,,,,,,,,,,,0.1304710699250249,0.0102416208143485,0.0275171608450458,0.0191142180338362,interfair/data/tasks/evaluations/confirmation/main/mlp/acs_income/1003/cot_phi/PREDICTIONS.npz,524cde1263fe6eef3d71ea29c50c7bdf9ded13eae340d97cde53ffef3b7a39d5,interfair/data/tasks/evaluations/confirmation/main/mlp/acs_income/1003/cot_phi/DONE.json,832c6e6439ea1d33849662563ff3fed3cbcddc78deab9101a773056f18d12add,0.005447747915607,0.6753320295948101,0.4346769694989042,0.1757890200286744,0.3246679704051899,0.6753320295948101,primary ten-seed confirmation; original source checkpoint and supported bank,,,,,,,,,,,,,,0.003323588904216357,0.020124697404717617
0.8857655703516623,0.865541107214074,0.80375557949823,0.8068474473564612,0.1415374733072315,0.4653842972510514,0.0803430960282913,0.0659301473498434,0.0150004406386322,0.7804072647220693,0.1720430107526881,0.5065052950075642,3305.0,0.8607503607503607,0.2235602094240837,0.491504854368932,3296.0,0.2548837192047098,0.6228812593221663,,0.8603627563235069,1.0752537071010455,,0.2628447164169619,0.0448703047641463,0.147996367663145,,0.6745328617866824,0.1281045332439309,,0.0299740724919826,0.1170985683451737,,,,,,,,,,,,,,acs_income,1003,mlp,dralign,,,,,,,,,,,,,,,,,,,,,probability,interfair/data/tasks/evaluations/confirmation/main/mlp/acs_income/1003/dralign/DONE.json,interfair/data/tasks/evaluations/confirmation/main/mlp/acs_income/1003/dralign/DONE.json,,,,,,,,,,,,,,,,,,0.2299809417919697,0.0251996443253742,0.0368950940673886,0.0259440996843632,interfair/data/tasks/evaluations/confirmation/main/mlp/acs_income/1003/dralign/PREDICTIONS.npz,a6c77e5e55b58b3952f48baba4cde4b9ea5c6ffcbef6d37e819070e582f72d79,interfair/data/tasks/evaluations/confirmation/main/mlp/acs_income/1003/dralign/DONE.json,5a3bb436a20c8fc935657e381a6891daa3bb2ddd16d9cc5180f480aef8e10fae,0.0388272013689889,0.8603627563235067,0.7373958093422167,0.5228233907153058,0.13963724367649333,0.8603627563235067,primary ten-seed confirmation; original source checkpoint and supported bank,,,,,,,,,,,,,,0.08034309602829137,0.05151719867139559
,,0.8150271575135788,0.8142705650658991,,,0.0651510783596639,0.0589044954372209,0.0237328885331139,0.8150798018712163,0.1834677419354838,0.5307110438729198,3305.0,0.8802308802308803,0.2361256544502618,0.5069781553398058,3296.0,,,,,,,,,,,,,,,0.1069412911959746,,,,,,,,,,,,,,acs_income,1003,mlp,mirrorfair,,,,,,,,,,,,,,,,,,,,,hard_decision,interfair/data/tasks/evaluations/confirmation/main/mlp/acs_income/1003/mirrorfair/DONE.json,interfair/data/tasks/evaluations/confirmation/main/mlp/acs_income/1003/mirrorfair/DONE.json,,,,,,,,,,,,,,,0.1069412911959746,,,,,0.0432595566118503,0.0291040640645072,interfair/data/tasks/evaluations/confirmation/main/mlp/acs_income/1003/mirrorfair/PREDICTIONS.npz,5328ef70937a80e771820e2986b8324d8b09f18f147af18f0b526244793a46ca,interfair/data/tasks/evaluations/confirmation/main/mlp/acs_income/1003/mirrorfair/DONE.json,ed99fe4eb753a5829b380b17bb35fc2729cb24b28fb0e3c68a24a13e038986b7,,,,,,,primary ten-seed confirmation; original source checkpoint and supported bank,,,,,,,,,,,,,,0.06515107835966394,0.052657912514778
0.8986499560723032,0.8835499232453861,0.8179068360556564,0.8176033934252386,0.1293696719813493,0.4022188662144363,0.0317035438114139,0.0186750562608271,0.0643394826902457,0.8304898183819482,0.2043010752688172,0.5485627836611195,3305.0,0.8621933621933622,0.2099476439790576,0.4842233009708738,3296.0,0.0807489969041408,0.2047487314045429,,0.5181032177136929,0.8391314710903568,,0.0743813401668423,0.0191771115161731,0.0535255117714404,,0.5306806903692689,0.1192680419236743,,0.0117153617216885,0.0680157570604465,,,,,,,,,,,,,,acs_income,1004,mlp,ltdd,,,,,,,,,,,,,,,,,,,,,probability,interfair/data/tasks/evaluations/confirmation/main/mlp/acs_income/1004/ltdd/DONE.json,interfair/data/tasks/evaluations/confirmation/main/mlp/acs_income/1004/ltdd/DONE.json,,,,,,,,,,,,,,,,,,0.0436756248221918,0.0085610676040149,0.0269562922504181,0.0262940246556643,interfair/data/tasks/evaluations/confirmation/main/mlp/acs_income/1004/ltdd/PREDICTIONS.npz,9ff4ebb9ee70c82b443a5987a076c993f4bd3d5425a861911a8d486d52fc7880,interfair/data/tasks/evaluations/confirmation/main/mlp/acs_income/1004/ltdd/DONE.json,bb82b884004074d6323394b64c243322fcfad9579c159c5d4584e73a7359aaec,0.0074009084545697,0.5181032177136929,0.2776201342772316,0.08970628238029,0.48189678228630706,0.5181032177136929,primary ten-seed confirmation; original source checkpoint and supported bank,,,,,,,,,,,,,,0.03170354381141394,0.005646568710240413
0.9001252688171054,0.8839113443902631,0.8188021228203184,0.8189668232086048,0.1284010606571319,0.397925802429486,0.020289365535101,0.0162863732790814,0.0870703773335487,0.8376444689047882,0.2150537634408602,0.5573373676248109,3305.0,0.84992784992785,0.1947643979057591,0.4702669902912621,3296.0,0.0819475424258874,0.1903670635074376,,0.5422586859176793,0.908756997708131,,0.0942790859787006,0.0156340673964528,0.0463819739222526,,0.4720901854629808,0.1321754960642986,,0.0102782407263982,0.0571426936903638,,,,,,,,,,,,,,acs_income,1004,mlp,cot_phi,,,,,,,,,,,,,,,,,,,,,probability,interfair/data/tasks/evaluations/confirmation/main/mlp/acs_income/1004/cot_phi/DONE.json,interfair/data/tasks/evaluations/confirmation/main/mlp/acs_income/1004/cot_phi/DONE.json,,,,,,,,,,,,,,,,,,0.0959861897130853,0.0066078717079609,0.0233656594599939,0.0159841743890752,interfair/data/tasks/evaluations/confirmation/main/mlp/acs_income/1004/cot_phi/PREDICTIONS.npz,5ea9b3a48b2ee37a28c62f785ba9489dfb4bc9c2a30fc68380e7e56e0490bd19,interfair/data/tasks/evaluations/confirmation/main/mlp/acs_income/1004/cot_phi/DONE.json,b679d7836299e62b5fcb8177375ff3fe7c7c7c2c638e240bb32a7dc81e07c8a7,0.0011105706041424,0.5422586859176793,0.287896538198378,0.1006319974484671,0.45774131408232066,0.5422586859176793,primary ten-seed confirmation; original source checkpoint and supported bank,,,,,,,,,,,,,,0.012283381023061812,0.020289365535101078
0.8942745057468012,0.8757735381809357,0.80872637886004,0.811392213301015,0.132886203612337,0.4169202741389551,0.0802323097314842,0.0706923525800921,0.011359663939603,0.787011557512383,0.1639784946236559,0.5065052950075642,3305.0,0.8672438672438673,0.225130890052356,0.4951456310679611,3296.0,0.1106507964773575,0.2865663135051727,,0.6746401250913324,0.8767195591314918,,0.1021559623808772,0.0276394225320449,0.0831789341568946,,0.609010183995076,0.1168261524322126,,0.0162928279460798,0.1023144536218931,,,,,,,,,,,,,,acs_income,1004,mlp,dralign,,,,,,,,,,,,,,,,,,,,,probability,interfair/data/tasks/evaluations/confirmation/main/mlp/acs_income/1004/dralign/DONE.json,interfair/data/tasks/evaluations/confirmation/main/mlp/acs_income/1004/dralign/DONE.json,,,,,,,,,,,,,,,,,,0.1114938968397708,0.0135268354397174,0.0277319281540472,0.0141446947787128,interfair/data/tasks/evaluations/confirmation/main/mlp/acs_income/1004/dralign/PREDICTIONS.npz,774ee37c903f55244efe0f2a550a3732f3581f1cde2d52fdf846eb31db82020a,interfair/data/tasks/evaluations/confirmation/main/mlp/acs_income/1004/dralign/DONE.json,d070e179f668c4339852b8fe284ff28bca83a06cb3b64c6c4c79075243ab2069,0.0174888818387979,0.6746401250913324,0.4270630032477015,0.1580736984527132,0.3253598749086676,0.6746401250913324,primary ten-seed confirmation; original source checkpoint and supported bank,,,,,,,,,,,,,,0.08023230973148421,0.0611523954287001
,,0.8163024217365623,0.8115437054991668,,,0.0431971257507857,0.0356548174495075,0.0460942893233259,0.8442487616951018,0.2211021505376344,0.5636913767019667,3305.0,0.8874458874458875,0.2492146596858638,0.5175970873786407,3296.0,,,,,,,,,,,,,,,0.0774870220487719,,,,,,,,,,,,,,acs_income,1004,mlp,mirrorfair,,,,,,,,,,,,,,,,,,,,,hard_decision,interfair/data/tasks/evaluations/confirmation/main/mlp/acs_income/1004/mirrorfair/DONE.json,interfair/data/tasks/evaluations/confirmation/main/mlp/acs_income/1004/mirrorfair/DONE.json,,,,,,,,,,,,,,,0.0774870220487719,,,,,0.0337562955775672,0.0198221077185915,interfair/data/tasks/evaluations/confirmation/main/mlp/acs_income/1004/mirrorfair/PREDICTIONS.npz,02731fae82a9e3d85043ae733b59e583b6abaee25c4eda8eaf7fbbfb473381e1,interfair/data/tasks/evaluations/confirmation/main/mlp/acs_income/1004/mirrorfair/DONE.json,80af70bf181769bf6ab7fc86ea7e04e227d407982c67bb2cc311975f6d7f9f75,,,,,,,primary ten-seed confirmation; original source checkpoint and supported bank,,,,,,,,,,,,,,0.043197125750785714,0.02811250914822938
0.8997085023843707,0.8868654897703176,0.8075027817517088,0.8165429480381761,0.1299882814290815,0.4053396391678512,0.0060117941789112,0.0035737264960301,0.0841661097483953,0.7925151348376445,0.1646505376344086,0.5098335854765507,3305.0,0.7936507936507936,0.1586387434554974,0.4256674757281553,3296.0,0.1041667667737475,0.2615726907551287,,0.6248329734136348,0.8151096835885067,,0.090399815327827,0.0167992220399752,0.053076103106141,,0.4859970029777366,0.1077444748128838,,0.0105328999298418,0.0512401219377329,,,,,,,,,,,,,,acs_income,1005,mlp,ltdd,,,,,,,,,,,,,,,,,,,,,probability,interfair/data/tasks/evaluations/confirmation/main/mlp/acs_income/1005/ltdd/DONE.json,interfair/data/tasks/evaluations/confirmation/main/mlp/acs_income/1005/ltdd/DONE.json,,,,,,,,,,,,,,,,,,0.0554162022907128,0.0087644005704889,0.0170333227233966,0.0144199466267687,interfair/data/tasks/evaluations/confirmation/main/mlp/acs_income/1005/ltdd/PREDICTIONS.npz,7bb9e0b321fd319a192d511cbd59b66596359b86b1d510a09bcec7cece46e0e4,interfair/data/tasks/evaluations/confirmation/main/mlp/acs_income/1005/ltdd/DONE.json,e3d15a53e23e5117a306b7e024ba843a154bae4f241ec9a74db30575c86b20cb,0.0122756081962342,0.6248329734136349,0.3844347913960709,0.1483630504192782,0.37516702658636514,0.6248329734136349,primary ten-seed confirmation; original source checkpoint and supported bank,,,,,,,,,,,,,,0.001135658813149143,0.006011794178911206
0.902520665128355,0.8874263738833064,0.7958217724824547,0.8104832601121043,0.130271980433356,0.4044204277187104,0.0157560659798457,0.0110384205751866,0.090899527047868,0.7638965327462851,0.1518817204301075,0.4883509833585476,3305.0,0.7575757575757576,0.1361256544502617,0.3974514563106796,3296.0,0.129067303517001,0.2962377062439918,,0.6770691128939859,0.90309031761035,,0.1242020463150876,0.0208523126533371,0.0615542422235011,,0.5546159250855973,0.1249680068588997,,0.0179197077235751,0.0527220292402324,,,,,,,,,,,,,,acs_income,1005,mlp,cot_phi,,,,,,,,,,,,,,,,,,,,,probability,interfair/data/tasks/evaluations/confirmation/main/mlp/acs_income/1005/cot_phi/DONE.json,interfair/data/tasks/evaluations/confirmation/main/mlp/acs_income/1005/cot_phi/DONE.json,,,,,,,,,,,,,,,,,,0.121132113344859,0.0149396654250425,0.027572007760686,0.0153417295135653,interfair/data/tasks/evaluations/confirmation/main/mlp/acs_income/1005/cot_phi/PREDICTIONS.npz,f875dbfe918f37d44cfdbf5f8983fc66f507e042ffb5bb1c85c1ef75bbcfd62f,interfair/data/tasks/evaluations/confirmation/main/mlp/acs_income/1005/cot_phi/DONE.json,694ae481d856810a01e93df9e522ac1e40a4f1b27b8568f3399658e03204564e,0.0131716143197417,0.6770691128939859,0.4669588261692866,0.2186138460908507,0.32293088710601414,0.6770691128939859,primary ten-seed confirmation; original source checkpoint and supported bank,,,,,,,,,,,,,,0.006320775170527537,0.0157560659798458
0.892585388881855,0.8726455457960964,0.8001915097350782,0.8103317679139524,0.1355768985677262,0.4281036583096126,0.0956089712281237,0.0791741163070754,0.0026734831015084,0.7413318657127133,0.1283602150537634,0.4653555219364599,3305.0,0.836940836940837,0.1910994764397905,0.4626820388349514,3296.0,0.242161744316418,0.5036335825920105,,0.8411990102158186,0.9616374245464676,,0.2518240380566676,0.0389546828185483,0.1161262598633766,,0.6695503872281154,0.1247178646695909,,0.0329285090636507,0.0994138942312042,,,,,,,,,,,,,,acs_income,1005,mlp,dralign,,,,,,,,,,,,,,,,,,,,,probability,interfair/data/tasks/evaluations/confirmation/main/mlp/acs_income/1005/dralign/DONE.json,interfair/data/tasks/evaluations/confirmation/main/mlp/acs_income/1005/dralign/DONE.json,,,,,,,,,,,,,,,,,,0.2383626520223979,0.0293245406384567,0.0421317318669006,0.0395680431333486,interfair/data/tasks/evaluations/confirmation/main/mlp/acs_income/1005/dralign/PREDICTIONS.npz,2c938e0358ceb32434c12a697020fa75c4f87ae1cac35d022f0cfcb6b11cf4d9,interfair/data/tasks/evaluations/confirmation/main/mlp/acs_income/1005/dralign/DONE.json,e2aa4b24fdc691e00d930603f9caddc68618563870e6bfdb798f593668e87ae4,0.0407869887493484,0.8411990102158186,0.6923095837521395,0.4511008152263317,0.15880098978418145,0.8411990102158186,primary ten-seed confirmation; original source checkpoint and supported bank,,,,,,,,,,,,,,0.09560897122812373,0.06273926138602709
,,0.8160919540229885,0.8206332373882745,,,0.035925335595121,0.0228921560596783,0.0607755423527165,0.8046230049532196,0.1733870967741935,0.5204236006051437,3305.0,0.8405483405483406,0.1832460732984293,0.4596480582524271,3296.0,,,,,,,,,,,,,,,0.0506840722223186,,,,,,,,,,,,,,acs_income,1005,mlp,mirrorfair,,,,,,,,,,,,,,,,,,,,,hard_decision,interfair/data/tasks/evaluations/confirmation/main/mlp/acs_income/1005/mirrorfair/DONE.json,interfair/data/tasks/evaluations/confirmation/main/mlp/acs_income/1005/mirrorfair/DONE.json,,,,,,,,,,,,,,,0.0506840722223186,,,,,0.0155623002114516,0.0115949409199304,interfair/data/tasks/evaluations/confirmation/main/mlp/acs_income/1005/mirrorfair/PREDICTIONS.npz,4a84b7bfdb3fcc6c5f3c0dd681c123cfa606f921540b6c27bef607b70306d417,interfair/data/tasks/evaluations/confirmation/main/mlp/acs_income/1005/mirrorfair/DONE.json,339fd15ee5355da93a431ec686d412d0f897cc9e19401f1b01e88c0efa90cae8,,,,,,,primary ten-seed confirmation; original source checkpoint and supported bank,,,,,,,,,,,,,,0.03592533559512101,0.009858976524235785
0.9001147485885896,0.8855410581385473,0.8144473725003876,0.8186638388123012,0.1276449881665575,0.3964543710558462,0.0295660433249866,0.0171376351849839,0.0659209163814755,0.8073747936158503,0.1801075268817204,0.5249621785173979,3305.0,0.836940836940837,0.1848167539267015,0.4590412621359223,3296.0,0.0751769141943444,0.1874812829494476,,0.452672671884083,0.7513294289262961,,0.075441847261085,0.0202404616781441,0.0517346762120723,,0.5523825334815621,0.1139138111342223,,0.0126488329309218,0.0966610460058398,,,,,,,,,,,,,,acs_income,1006,mlp,ltdd,,,,,,,,,,,,,,,,,,,,,probability,interfair/data/tasks/evaluations/confirmation/main/mlp/acs_income/1006/ltdd/DONE.json,interfair/data/tasks/evaluations/confirmation/main/mlp/acs_income/1006/ltdd/DONE.json,,,,,,,,,,,,,,,,,,0.0446372088316487,0.0076907349839115,0.030543548990334,0.0293829991363223,interfair/data/tasks/evaluations/confirmation/main/mlp/acs_income/1006/ltdd/PREDICTIONS.npz,02eb700c3b052e741bc27a7d76719d4d903d8ea4cb7c4452fcd3a10a0ba88472,interfair/data/tasks/evaluations/confirmation/main/mlp/acs_income/1006/ltdd/DONE.json,ad227fd0dff915bd9540721371e2e99319d7b930e40aaef0037dd5996e98cb2e,0.0015492090913785,0.452672671884083,0.2084449416393923,0.0941381128891559,0.547327328115917,0.452672671884083,primary ten-seed confirmation; original source checkpoint and supported bank,,,,,,,,,,,,,,0.02956604332498669,0.004709227044981085
0.8986273995998088,0.882041464113415,0.8059085133418044,0.8148765338585063,0.1305421582090064,0.4046333309137414,0.0113881382649327,0.0062084908081428,0.0874968788096882,0.7925151348376445,0.1700268817204301,0.5122541603630862,3305.0,0.7914862914862915,0.1586387434554974,0.424757281553398,3296.0,0.1281591526132898,0.3034574308246373,,0.7093499476812894,0.8620118249517239,,0.1179835890776589,0.0209883681549274,0.0652439096570014,,0.5643390177067615,0.1247390257335857,,0.0162349045561679,0.0651487321945389,,,,,,,,,,,,,,acs_income,1006,mlp,cot_phi,,,,,,,,,,,,,,,,,,,,,probability,interfair/data/tasks/evaluations/confirmation/main/mlp/acs_income/1006/cot_phi/DONE.json,interfair/data/tasks/evaluations/confirmation/main/mlp/acs_income/1006/cot_phi/DONE.json,,,,,,,,,,,,,,,,,,0.0990812734796948,0.0124171796080816,0.0290165043454075,0.0118369412253943,interfair/data/tasks/evaluations/confirmation/main/mlp/acs_income/1006/cot_phi/PREDICTIONS.npz,263c3950053d2022f887fa4c88a1d963cba5504066d2578d5b3e34255f07e9fb,interfair/data/tasks/evaluations/confirmation/main/mlp/acs_income/1006/cot_phi/DONE.json,aa481ec23138d434764572be5447efc1a9d20c95c460c22ec5dc40d3d9f111cd,0.0126481383563552,0.7093499476812894,0.4846879286129184,0.2057798073073554,0.29065005231871055,0.7093499476812894,primary ten-seed confirmation; original source checkpoint and supported bank,,,,,,,,,,,,,,0.0010288433513530038,0.011388138264932707
0.8810054655573232,0.8568426581260604,0.7906103286384977,0.797303438872898,0.1458684864880614,0.4777060775259499,0.0902396081262344,0.0687060507556804,0.0098938978893409,0.7495872317006054,0.168010752688172,0.4877458396369137,3305.0,0.8398268398268398,0.2151832460732984,0.4778519417475728,3296.0,0.243567359526562,0.6598798519372939,,0.8357815491982838,1.0798854656341494,,0.1929883650776886,0.0422663127723877,0.1429059149511157,,0.6518406687248284,0.1338133996366921,,0.0224150562600518,0.109183473665267,,,,,,,,,,,,,,acs_income,1006,mlp,dralign,,,,,,,,,,,,,,,,,,,,,probability,interfair/data/tasks/evaluations/confirmation/main/mlp/acs_income/1006/dralign/DONE.json,interfair/data/tasks/evaluations/confirmation/main/mlp/acs_income/1006/dralign/DONE.json,,,,,,,,,,,,,,,,,,0.1787603192994791,0.0156647382345154,0.0356723853122845,0.0222704068538002,interfair/data/tasks/evaluations/confirmation/main/mlp/acs_income/1006/dralign/PREDICTIONS.npz,e7ff0a92c77d732e5849163e79c0c6ba365a9e293e3a9d1021d8df9fc4595150,interfair/data/tasks/evaluations/confirmation/main/mlp/acs_income/1006/dralign/DONE.json,afd98ff5996f1ace6749bc6a6b5b642dada296392ed45c7861b2181a2769eb79,0.0325489821400783,0.8357815491982838,0.69326074221643,0.4656926215759949,0.16421845080171615,0.8357815491982838,primary ten-seed confirmation; original source checkpoint and supported bank,,,,,,,,,,,,,,0.09023960812623444,0.047172493385126385
,,0.8098350451291628,0.8148765338585063,,,0.0547717127243819,0.0369140892057421,0.0456312515605951,0.7886626307099615,0.1720430107526881,0.5110438729198185,3305.0,0.8434343434343434,0.1910994764397905,0.4654126213592233,3296.0,,,,,,,,,,,,,,,0.0775020422342855,,,,,,,,,,,,,,acs_income,1006,mlp,mirrorfair,,,,,,,,,,,,,,,,,,,,,hard_decision,interfair/data/tasks/evaluations/confirmation/main/mlp/acs_income/1006/mirrorfair/DONE.json,interfair/data/tasks/evaluations/confirmation/main/mlp/acs_income/1006/mirrorfair/DONE.json,,,,,,,,,,,,,,,0.0775020422342855,,,,,0.0258204949958703,0.0185999365517387,interfair/data/tasks/evaluations/confirmation/main/mlp/acs_income/1006/mirrorfair/PREDICTIONS.npz,f2ba48d74954e9484d2edfd583e095a01208aeba59dfc1dc0b79f466de0e0a6a,interfair/data/tasks/evaluations/confirmation/main/mlp/acs_income/1006/mirrorfair/DONE.json,1f19508644afa03a64bc72988df557d88cf9eabb30f32707c7e5ae9fed820d67,,,,,,,primary ten-seed confirmation; original source checkpoint and supported bank,,,,,,,,,,,,,,0.05477171272438197,0.019056465687102397
0.8996021975425114,0.8859204044352837,0.8155310006138735,0.8179063778215422,0.1285202835391445,0.3984748191314382,0.0295894712515516,0.0227248431526575,0.0601373507336632,0.8167308750687947,0.1841397849462365,0.5319213313161876,3305.0,0.8463203463203464,0.2,0.4717839805825243,3296.0,0.0804591771515017,0.2012573784589767,,0.5007049926259616,0.74995176794133,,0.0813658448926549,0.019808228959567,0.0541272120177745,,0.5277971059134432,0.1078524375001478,,0.0125137668116587,0.0805628806084857,,,,,,,,,,,,,,acs_income,1007,mlp,ltdd,,,,,,,,,,,,,,,,,,,,,probability,interfair/data/tasks/evaluations/confirmation/main/mlp/acs_income/1007/ltdd/DONE.json,interfair/data/tasks/evaluations/confirmation/main/mlp/acs_income/1007/ltdd/DONE.json,,,,,,,,,,,,,,,,,,0.0410546292176794,0.0083723635516194,0.0267122035918263,0.0226938578783049,interfair/data/tasks/evaluations/confirmation/main/mlp/acs_income/1007/ltdd/PREDICTIONS.npz,6689b145d58f7db441c39155a8e5d5964d4e4d7c61e015a9ab9b0daa06f25862,interfair/data/tasks/evaluations/confirmation/main/mlp/acs_income/1007/ltdd/DONE.json,ba401a7ec51bf67687fbc178253b357c2177dbdc36c2d5d8cef1c1dcf654f8dc,0.0124143593170653,0.5007049926259616,0.2643776846532684,0.0923814928020794,0.4992950073740384,0.5007049926259616,primary ten-seed confirmation; original source checkpoint and supported bank,,,,,,,,,,,,,,0.029589471251551647,0.015860215053763504
0.901367023300882,0.8865290363326878,0.8146688892256403,0.8147250416603545,0.1276853461706684,0.3950370919536166,0.0262596408264369,0.0162143650497719,0.0919164842912327,0.8365437534397359,0.2231182795698924,0.5603630862329804,3305.0,0.8427128427128427,0.1968586387434555,0.4684466019417476,3296.0,0.0788068876026394,0.1769832360744476,,0.5582299426536661,0.8361879176700894,,0.0931854789710824,0.0125476258686542,0.0370208444446325,,0.4294353908733576,0.122662105935795,,0.0102508215135554,0.0432613491528413,,,,,,,,,,,,,,acs_income,1007,mlp,cot_phi,,,,,,,,,,,,,,,,,,,,,probability,interfair/data/tasks/evaluations/confirmation/main/mlp/acs_income/1007/cot_phi/DONE.json,interfair/data/tasks/evaluations/confirmation/main/mlp/acs_income/1007/cot_phi/DONE.json,,,,,,,,,,,,,,,,,,0.0935994063306567,0.0076978409151102,0.0174575801493779,0.0171701222577954,interfair/data/tasks/evaluations/confirmation/main/mlp/acs_income/1007/cot_phi/PREDICTIONS.npz,4bb091ad2a2a6c785f2b822cbad62f498ab1e3c6546f4fa64f552b03718560ee,interfair/data/tasks/evaluations/confirmation/main/mlp/acs_income/1007/cot_phi/DONE.json,aa07ce3db7085e016c9b4da5e3032d71029f75fe532474f620a68d3fb626e543,0.0021695345429274,0.5582299426536661,0.2890094510444337,0.0788571278035937,0.4417700573463339,0.5582299426536661,primary ten-seed confirmation; original source checkpoint and supported bank,,,,,,,,,,,,,,0.006169089273106887,0.02625964082643692
0.8913078931850419,0.8721801256863474,0.8077276908923643,0.8100287835176488,0.1352669268387803,0.4262651053617564,0.0753160189043513,0.0681247802679162,0.0134751883730152,0.7897633461750138,0.1673387096774193,0.5095310136157337,3305.0,0.8650793650793651,0.2282722513089005,0.4960558252427184,3296.0,0.2286205048595261,0.5111679485440254,,0.8765910205847917,0.833591341469907,,0.2601286074651678,0.0361395004189663,0.1126866767089814,,0.690119478453902,0.1118334713532923,,0.0324207270780782,0.0919735629663344,,,,,,,,,,,,,,acs_income,1007,mlp,dralign,,,,,,,,,,,,,,,,,,,,,probability,interfair/data/tasks/evaluations/confirmation/main/mlp/acs_income/1007/dralign/DONE.json,interfair/data/tasks/evaluations/confirmation/main/mlp/acs_income/1007/dralign/DONE.json,,,,,,,,,,,,,,,,,,0.2439309838222692,0.027297213219755,0.0363694971542181,0.0308612437366122,interfair/data/tasks/evaluations/confirmation/main/mlp/acs_income/1007/dralign/PREDICTIONS.npz,a57baa6e4f56911fd640377965e044d3727c809e6c2b1937e67a17e79acaa9d0,interfair/data/tasks/evaluations/confirmation/main/mlp/acs_income/1007/dralign/DONE.json,da2bb9c088deefdfa0a7484ae9a89590f71de80241919223e996586485d43372,0.0598922391398138,0.8765910205847917,0.7421181584164159,0.4753286069842226,0.12340897941520834,0.8765910205847917,primary ten-seed confirmation; original source checkpoint and supported bank,,,,,,,,,,,,,,0.07531601890435136,0.06093354163148121
,,0.8129420617005267,0.8116951976973186,,,0.0473450600032877,0.0389089061768395,0.0428139183055975,0.8227848101265823,0.2009408602150537,0.5428139183055976,3305.0,0.8701298701298701,0.231413612565445,0.5,3296.0,,,,,,,,,,,,,,,0.0727593747511117,,,,,,,,,,,,,,acs_income,1007,mlp,mirrorfair,,,,,,,,,,,,,,,,,,,,,hard_decision,interfair/data/tasks/evaluations/confirmation/main/mlp/acs_income/1007/mirrorfair/DONE.json,interfair/data/tasks/evaluations/confirmation/main/mlp/acs_income/1007/mirrorfair/DONE.json,,,,,,,,,,,,,,,0.0727593747511117,,,,,0.0293813662701256,0.0204823744188287,interfair/data/tasks/evaluations/confirmation/main/mlp/acs_income/1007/mirrorfair/PREDICTIONS.npz,ee3932cbc1941e37fd6e70f13e3cb8264219c69f92d30a75fd49646739fd7c3c,interfair/data/tasks/evaluations/confirmation/main/mlp/acs_income/1007/mirrorfair/DONE.json,c6b71e36df16e0e259a5bcbf1029a673f20e295ce08c5e2a97ad9d1c61bb95d4,,,,,,,primary ten-seed confirmation; original source checkpoint and supported bank,,,,,,,,,,,,,,0.04734506000328775,0.03047275235039129
0.8997128207314473,0.8856790921898087,0.814059312725561,0.8204817451901227,0.1287569881191823,0.4008033915772518,0.0197469625097582,0.0133209563435466,0.076860596624708,0.8013208585580628,0.1733870967741935,0.518608169440242,3305.0,0.8210678210678211,0.1664921465968586,0.441747572815534,3296.0,0.0886072357154019,0.2191282498836517,,0.5463685184563863,0.8000781868313368,,0.0770314695979497,0.0177922126748808,0.0526417490839958,,0.4923581217028596,0.1127023553663412,,0.0097756401496626,0.0601455297711615,,,,,,,,,,,,,,acs_income,1008,mlp,ltdd,,,,,,,,,,,,,,,,,,,,,probability,interfair/data/tasks/evaluations/confirmation/main/mlp/acs_income/1008/ltdd/DONE.json,interfair/data/tasks/evaluations/confirmation/main/mlp/acs_income/1008/ltdd/DONE.json,,,,,,,,,,,,,,,,,,0.0474512971763226,0.0072447658455396,0.0191195603987177,0.020451540347214,interfair/data/tasks/evaluations/confirmation/main/mlp/acs_income/1008/ltdd/PREDICTIONS.npz,dd7e5d9fcae62e750366fbe1255ed9f9158e9dc91a4fb842ec9723b0eb35c3d1,interfair/data/tasks/evaluations/confirmation/main/mlp/acs_income/1008/ltdd/DONE.json,d4a68738d50ccf3d33510a858344ac30c46e791929f7e75667f5336003a99fec,0.0082452973474576,0.5463685184563862,0.2993415283078336,0.100980345822209,0.45363148154361377,0.5463685184563862,primary ten-seed confirmation; original source checkpoint and supported bank,,,,,,,,,,,,,,0.01974696250975827,0.0068949501773349076
0.9013367029916222,0.8849888656924698,0.8141565803585108,0.8162399636418725,0.1273927657229706,0.3949147678496381,0.0262047514496425,0.0145425975833149,0.0937641371561183,0.8282883874518437,0.2110215053763441,0.5503782148260212,3305.0,0.8311688311688312,0.1848167539267015,0.4566140776699029,3296.0,0.0923172225118307,0.2072752678766846,,0.6404636680025694,0.8490854426333142,,0.1158790090704258,0.0134914570350183,0.0394986510276794,,0.4684919427064576,0.1232634703628701,,0.0122198326221653,0.0474951597209621,,,,,,,,,,,,,,acs_income,1008,mlp,cot_phi,,,,,,,,,,,,,,,,,,,,,probability,interfair/data/tasks/evaluations/confirmation/main/mlp/acs_income/1008/cot_phi/DONE.json,interfair/data/tasks/evaluations/confirmation/main/mlp/acs_income/1008/cot_phi/DONE.json,,,,,,,,,,,,,,,,,,0.1155876219353201,0.0098312447831909,0.0177996631271594,0.0149131725137503,interfair/data/tasks/evaluations/confirmation/main/mlp/acs_income/1008/cot_phi/PREDICTIONS.npz,0f473129d58509aedbb562a3a8ae683cbd50b3692a7b8b7952133f0010c8c206,interfair/data/tasks/evaluations/confirmation/main/mlp/acs_income/1008/cot_phi/DONE.json,3f6c27bdedec5a39179dd128058e4fc9c0ed34bf2fcb3b2afa89894f0e1f390a,0.009851118866211,0.6404636680025693,0.3856925074106562,0.0987829497827903,0.35953633199743074,0.6404636680025693,primary ten-seed confirmation; original source checkpoint and supported bank,,,,,,,,,,,,,,0.0028804437169874797,0.0262047514496426
0.8918927535747184,0.8748345245191186,0.8030207677784771,0.8103317679139524,0.135076123366711,0.4233141853756736,0.0835614578047159,0.0652030111744966,0.0165736123555071,0.7605943863511282,0.1505376344086021,0.4859304084720121,3305.0,0.8441558441558441,0.1973821989528796,0.4693567961165049,3296.0,0.1841911907389033,0.4340501922369002,,0.7926307639202439,0.8629238231597206,,0.195680030162912,0.0296229631991924,0.098286243751645,,0.6263877560474617,0.1172457226357565,,0.0229703633132324,0.0920449158249735,,,,,,,,,,,,,,acs_income,1008,mlp,dralign,,,,,,,,,,,,,,,,,,,,,probability,interfair/data/tasks/evaluations/confirmation/main/mlp/acs_income/1008/dralign/DONE.json,interfair/data/tasks/evaluations/confirmation/main/mlp/acs_income/1008/dralign/DONE.json,,,,,,,,,,,,,,,,,,0.1915927874869065,0.0188941012155385,0.0308713828117848,0.0229391256337035,interfair/data/tasks/evaluations/confirmation/main/mlp/acs_income/1008/dralign/PREDICTIONS.npz,07b8129ffa0d8434d41e34859820657f7a5ee9c4011447216138ce2372723abc,interfair/data/tasks/evaluations/confirmation/main/mlp/acs_income/1008/dralign/DONE.json,cb5c32208684537fafd7788d4a42f66b899229cc2684aff4d25be4b7a419e6a1,0.0311310226503276,0.7926307639202438,0.6204443945451794,0.3515738607708027,0.20736923607975621,0.7926307639202438,primary ten-seed confirmation; original source checkpoint and supported bank,,,,,,,,,,,,,,0.08356145780471591,0.04684456454427749
,,0.8154959300572807,0.8145735494622027,,,0.047687345981237,0.0303709347144264,0.0522109961370679,0.8238855255916345,0.2063172043010752,0.545839636913767,3305.0,0.8715728715728716,0.2193717277486911,0.493628640776699,3296.0,,,,,,,,,,,,,,,0.0696110462927681,,,,,,,,,,,,,,acs_income,1008,mlp,mirrorfair,,,,,,,,,,,,,,,,,,,,,hard_decision,interfair/data/tasks/evaluations/confirmation/main/mlp/acs_income/1008/mirrorfair/DONE.json,interfair/data/tasks/evaluations/confirmation/main/mlp/acs_income/1008/mirrorfair/DONE.json,,,,,,,,,,,,,,,0.0696110462927681,,,,,0.0209537382749286,0.0141051990272434,interfair/data/tasks/evaluations/confirmation/main/mlp/acs_income/1008/mirrorfair/PREDICTIONS.npz,89d1738df6dfa59016cd5a2014e5b947fcc4db1effaf1474b816f52529ab2890,interfair/data/tasks/evaluations/confirmation/main/mlp/acs_income/1008/mirrorfair/DONE.json,fcc78b70b538575595ce79d8b4c5ce516ecf872c403461f09fbe7c15f8b57576,,,,,,,primary ten-seed confirmation; original source checkpoint and supported bank,,,,,,,,,,,,,,0.04768734598123703,0.013054523447615901
0.9011279522563548,0.8872686421505,0.8175003824384274,0.8192698076049083,0.1276463210961012,0.3978314867747916,0.0098873791774176,0.0091923384655877,0.0822465777066228,0.8299394606494221,0.1995967741935483,0.546142208774584,3305.0,0.8398268398268398,0.1910994764397905,0.4638956310679611,3296.0,0.0785639627256015,0.1993686756491661,,0.4766258588137749,0.7731594882807535,,0.0780685026842283,0.0164006912016594,0.0487960976362228,,0.4582901801656963,0.1049353481914839,,0.0100842780333424,0.0643517314293226,,,,,,,,,,,,,,acs_income,1009,mlp,ltdd,,,,,,,,,,,,,,,,,,,,,probability,interfair/data/tasks/evaluations/confirmation/main/mlp/acs_income/1009/ltdd/DONE.json,interfair/data/tasks/evaluations/confirmation/main/mlp/acs_income/1009/ltdd/DONE.json,,,,,,,,,,,,,,,,,,0.0505589436816172,0.0092765804966066,0.0228197670469773,0.0251007246215602,interfair/data/tasks/evaluations/confirmation/main/mlp/acs_income/1009/ltdd/PREDICTIONS.npz,a5e4e36e4c3ebbe544092014674e2b7819e130d1272115d1258c9df2b0a32694,interfair/data/tasks/evaluations/confirmation/main/mlp/acs_income/1009/ltdd/DONE.json,ced1cf24096a0f6e575c81eb165ed9ba5da7b27ab57a2c5fbe92e2cd2f07ab7c,0.0075016909850369,0.4766258588137749,0.2505974205796699,0.0907895984139813,0.5233741411862252,0.4766258588137749,primary ten-seed confirmation; original source checkpoint and supported bank,,,,,,,,,,,,,,0.009887379177417666,0.008497297753757793
0.9028719213171436,0.8887331270000205,0.8114357131698172,0.8171489168307832,0.1266655619610284,0.3924048600316705,0.0368476608680966,0.0246381872262807,0.1065415558950105,0.8161805173362686,0.1975806451612903,0.5376701966717096,3305.0,0.8037518037518038,0.1607329842931937,0.431128640776699,3296.0,0.0953156995938982,0.223056799173355,,0.6248852388262941,0.8669690657967077,,0.1075466598939745,0.0132653401097717,0.0414502465724944,,0.4422578461993975,0.1286013987294514,,0.0116308365067991,0.0314615847053018,,,,,,,,,,,,,,acs_income,1009,mlp,cot_phi,,,,,,,,,,,,,,,,,,,,,probability,interfair/data/tasks/evaluations/confirmation/main/mlp/acs_income/1009/cot_phi/DONE.json,interfair/data/tasks/evaluations/confirmation/main/mlp/acs_income/1009/cot_phi/DONE.json,,,,,,,,,,,,,,,,,,0.0986572062088493,0.0074846740177294,0.014363012423962,0.0063780281511165,interfair/data/tasks/evaluations/confirmation/main/mlp/acs_income/1009/cot_phi/PREDICTIONS.npz,26fd00509616c7a2c21c2ab90aeee3b3d1eb0d08bc0788b3ca20cbc95b2b9c3c,interfair/data/tasks/evaluations/confirmation/main/mlp/acs_income/1009/cot_phi/DONE.json,8783a5ae71c7d5684828b08f281faa53ab5d1e542c2c0eb3b6bf70dcece717b8,0.0036412913752209,0.6248852388262941,0.3884580733713488,0.1176453115456424,0.3751147611737059,0.6248852388262941,primary ten-seed confirmation; original source checkpoint and supported bank,,,,,,,,,,,,,,0.012428713584464846,0.03684766086809663
0.8952978161843195,0.8765109798474819,0.8069353327085286,0.8127556430843812,0.1321452158806977,0.412454952230956,0.0766752357286204,0.0662844033172179,0.0159486398954217,0.7732526141992295,0.1498655913978494,0.4925869894099848,3305.0,0.84992784992785,0.2057591623036649,0.4766383495145631,3296.0,0.1402497574835911,0.3599883505702018,,0.6952499870248776,0.8084052996907041,,0.1532759373234529,0.0272857161277157,0.0836272798106074,,0.601443529878361,0.1138707771860212,,0.0211962157334433,0.0875142807825337,,,,,,,,,,,,,,acs_income,1009,mlp,dralign,,,,,,,,,,,,,,,,,,,,,probability,interfair/data/tasks/evaluations/confirmation/main/mlp/acs_income/1009/dralign/DONE.json,interfair/data/tasks/evaluations/confirmation/main/mlp/acs_income/1009/dralign/DONE.json,,,,,,,,,,,,,,,,,,0.1379844577848158,0.0177735665561465,0.027802684406497,0.0252657099135347,interfair/data/tasks/evaluations/confirmation/main/mlp/acs_income/1009/dralign/PREDICTIONS.npz,e3d28de51afe193949f7eb56d479582aeabab2f87fc08df2a8de6e7cdce49c28,interfair/data/tasks/evaluations/confirmation/main/mlp/acs_income/1009/dralign/DONE.json,f0c4ce6d4a6fcc6082ebfb80c6e1d37d63b21b231b9c70c04ea3706664dda692,0.0152322322651458,0.6952499870248776,0.4846161336165854,0.2507921716481889,0.3047500129751224,0.6952499870248776,primary ten-seed confirmation; original source checkpoint and supported bank,,,,,,,,,,,,,,0.07667523572862045,0.05589357090581548
,,0.814927646610815,0.8159369792455688,,,0.0489357765086989,0.0405131790273045,0.0422409962839475,0.813979086406164,0.1841397849462365,0.5304084720121028,3305.0,0.862914862914863,0.2162303664921466,0.4881674757281553,3296.0,,,,,,,,,,,,,,,0.0882373644525557,,,,,,,,,,,,,,acs_income,1009,mlp,mirrorfair,,,,,,,,,,,,,,,,,,,,,hard_decision,interfair/data/tasks/evaluations/confirmation/main/mlp/acs_income/1009/mirrorfair/DONE.json,interfair/data/tasks/evaluations/confirmation/main/mlp/acs_income/1009/mirrorfair/DONE.json,,,,,,,,,,,,,,,0.0882373644525557,,,,,0.0244328727496183,0.0211372159980661,interfair/data/tasks/evaluations/confirmation/main/mlp/acs_income/1009/mirrorfair/PREDICTIONS.npz,2d895d8527e432dd82f0b7b407c579e378450e667ef3e79b973eb5c7e41aca3f,interfair/data/tasks/evaluations/confirmation/main/mlp/acs_income/1009/mirrorfair/DONE.json,3b796ffe98f58e1e62b47af14d57556c85caade3fe960d88b584c16be48c08f3,,,,,,,primary ten-seed confirmation; original source checkpoint and supported bank,,,,,,,,,,,,,,0.04893577650869896,0.0320905815459101
0.8470415839558576,0.9495927369587196,0.92388425698872,0.8706666666666667,0.0999280115230591,0.333302229877727,0.0805525084101214,0.0529278769785281,0.1065923424894433,0.9753032455469348,0.5673449612403101,0.9002229157378511,11215.0,0.95,0.4867924528301887,0.7936305732484077,785.0,0.3827708904802399,0.9338164012162729,,0.903820954537321,1.082139177240247,,0.2344060114870239,0.0573894945194205,0.1799090791780214,,0.7775456052592811,0.0898014790276933,,0.0385860580629566,0.076400890367956,,,,,,,,,,,,,,hmda_oh,1000,mlp,ltdd,,,,,,,,,,,,,,,,,,,,,,,interfair/data/partitions/reports/named_comparisons/audits/hmda_oh/1000/ltdd/DONE.json,,,,,,,,,,,,,,,,0.8870145569720308,0.8615567946019477,0.2291372376047782,0.0323288998898899,0.0745923663333914,0.0451397238710607,interfair/data/partitions/reports/named_comparisons/audits/hmda_oh/1000/ltdd/SCORES.npz,b0fa5f636844ea9fbb157d2989d0b2faef04be8b8877604b77eeff2a3b69a36f,interfair/data/partitions/reports/named_comparisons/audits/hmda_oh/1000/ltdd/DONE.json,f41bb12404199f901c73efadea0ea2834b8b85c73f089c57c4732c14a70be4fd,0.103503051116423,0.903820954537321,0.8088396883090349,0.634721352630518,0.09617904546267897,0.903820954537321,primary ten-seed confirmation; original source checkpoint and supported bank,,,,,,,,,,,,,,0.02530324554693486,0.0805525084101214
0.8478976799565294,0.9495177759993272,0.9230313795145056,0.87,0.0999714051387654,0.3330503334677898,0.1295816878747988,0.0901497790684906,0.142057810427913,0.9699486394929516,0.5484496124031008,0.8923762817654927,11215.0,0.9192307692307692,0.4188679245283019,0.7503184713375797,785.0,0.3282703929999037,0.8317942119275143,,0.8853879929749149,1.0906052900543477,,0.2815288143239303,0.0490436336622801,0.1774937122487104,,0.6995301012590756,0.0703609558269963,,0.0394598424169894,0.0533479384801572,,,,,,,,,,,,,,hmda_oh,1000,mlp,cot_phi,,,,,,,,,,,,,,,,,,,,,,,interfair/data/partitions/reports/named_comparisons/audits/hmda_oh/1000/cot_phi/DONE.json,,,,,,,,,,,,,,,,0.8707975474869241,0.6698504754843341,0.2650336253488549,0.0329358768031407,0.0556379834063734,0.042564152354467,interfair/data/partitions/reports/named_comparisons/audits/hmda_oh/1000/cot_phi/SCORES.npz,d4257ed2d35e3a643e516ef53eaceff5824e12c75b57063c3a59abb636acdd78,interfair/data/partitions/reports/named_comparisons/audits/hmda_oh/1000/cot_phi/DONE.json,d178d2dfe8956e02b987adc981ceebb7b98799816c3dd5e94b69ca42d2cc3d57,0.0901131371247236,0.8853879929749149,0.7765049337792908,0.5773387499157138,0.11461200702508512,0.8853879929749149,primary ten-seed confirmation; original source checkpoint and supported bank,,,,,,,,,,,,,,0.05071787026218244,0.12958168787479885
0.8496094501810287,0.9509807177187962,0.9238455568490492,0.8691666666666666,0.1007131491246496,0.3349434651030697,0.00340244259178,0.0026745281223822,0.0572282912727778,0.984591847885477,0.6109496124031008,0.9158270173874276,11215.0,0.9865384615384616,0.6075471698113207,0.8585987261146497,785.0,0.2097818198195038,0.5510763105291585,,0.8217829945398099,0.9827963360505458,,0.1968415515662928,0.0255943164098634,0.0942305780660646,,0.548482481100847,0.065812444590656,,0.0271034655768655,0.0247876791289487,,,,,,,,,,,,,,hmda_oh,1000,mlp,dralign,,,,,,,,,,,,,,,,,,,,,,,interfair/data/partitions/reports/named_comparisons/audits/hmda_oh/1000/dralign/DONE.json,,,,,,,,,,,,,,,,0.8915632862684721,0.7284859923960514,0.1696334558209724,0.0186522345361639,0.034603923404604,0.0217606845917069,interfair/data/partitions/reports/named_comparisons/audits/hmda_oh/1000/dralign/SCORES.npz,d2e598766b6cde476c76c251f6d4e58b22a4d7eea22ba4f10f52282ee3b9531a,interfair/data/partitions/reports/named_comparisons/audits/hmda_oh/1000/dralign/DONE.json,8e76ad2a39f61ac6bb3038ae03f5446d374fe00f8150c03490106a047e4ea4f5,0.04090622455275,0.8217829945398099,0.6563195920912965,0.3923395966127545,0.17821700546019015,0.8217829945398099,primary ten-seed confirmation; original source checkpoint and supported bank,,,,,,,,,,,,,,0.0019466136529845413,0.0034024425917800194
,,0.923449708238552,0.871,,,0.0218535176246892,0.0170656423307494,0.0834340950330965,0.9661239208829636,0.5237403100775194,0.884707980383415,11215.0,0.953846153846154,0.5018867924528302,0.8012738853503185,785.0,,,,,,,,,,,,,,,0.033241121410031,,,,,,,,,,,,,,hmda_oh,1000,mlp,mirrorfair,,,,,,,,,,,,,,,,,,,,,,,interfair/data/partitions/reports/named_comparisons/audits/hmda_oh/1000/mirrorfair/DONE.json,,,,,,,,,,,,,,,,,,,,0.0448922781834546,0.0258424324650535,interfair/data/partitions/reports/named_comparisons/audits/hmda_oh/1000/mirrorfair/SCORES.npz,aa7dfbc23452e6d33d489f14a37024a01cf2a1cc7ef28d3984dc87bf7467bace,interfair/data/partitions/reports/named_comparisons/audits/hmda_oh/1000/mirrorfair/DONE.json,dc62cb00c3b7285c65be0e22e46ed830192cebf819009bd8687c9a6db32baa06,,,,,,,primary ten-seed confirmation; original source checkpoint and supported bank,,,,,,,,,,,,,,0.012277767036809606,0.021853517624689234
0.8210984898213481,0.9410268081515352,0.917128126790147,0.8553333333333333,0.113339600106799,0.3760556731527272,0.042023182682463,0.0225409534117912,0.0309463837955876,0.9934433395257348,0.7126937984496124,0.9417744092732948,11215.0,0.9903846153846154,0.7547169811320755,0.910828025477707,785.0,0.1312492164722306,0.3436932182727524,,0.7244101817491452,0.4987637056301698,,0.1230676150297977,0.024068255433566,0.0717254020846806,,0.6552207354803576,0.0624943378632238,,0.0228982717271979,0.0288528470217341,,,,,,,,,,,,,,hmda_oh,1000,mlp,neufair,,,,,,,,,,,,,,,,,,,,,,,interfair/data/partitions/reports/named_comparisons/audits/hmda_oh/1000/neufair/DONE.json,,,,,,,,,,,,,,,,0.453286505091136,0.6504981548288501,0.1083133049945064,0.0195593650811399,0.0251355518627527,0.0182657508917914,interfair/data/partitions/reports/named_comparisons/audits/hmda_oh/1000/neufair/SCORES.npz,268783294d95a69f9ad9cf81411c79e1b3c0ceb30704ac1ea6c350230ddb2ecf,interfair/data/partitions/reports/named_comparisons/audits/hmda_oh/1000/neufair/DONE.json,9e21ba94e74254696e7d0737e3aca9be26a250e2b086d9822097bdf0f2c9a23c,0.0584688059748965,0.7244101817491451,0.5024742429458349,0.2135042949190944,0.27558981825085493,0.7244101817491451,primary ten-seed confirmation; original source checkpoint and supported bank,,,,,,,,,,,,,,0.0030587241411194066,0.04202318268246308
0.8474452243961588,0.9497480812382508,0.9222649699122027,0.8686666666666667,0.1013791498406933,0.3385046467383042,0.0625237677343863,0.0482182064212646,0.1085165170622829,0.9685280297235276,0.5455426356589147,0.8906821221578244,11215.0,0.9346153846153846,0.4830188679245283,0.7821656050955414,785.0,0.3772812508941167,0.93876070013413,,0.9063894478519652,1.205202272548281,,0.2386416904459906,0.0567732417344021,0.1892932646549664,,0.7625422125373329,0.0902127899405029,,0.0413123901195194,0.0764534203866271,,,,,,,,,,,,,,hmda_oh,1001,mlp,ltdd,,,,,,,,,,,,,,,,,,,,,,,interfair/data/partitions/reports/named_comparisons/audits/hmda_oh/1001/ltdd/DONE.json,,,,,,,,,,,,,,,,1.1110195616653986,1.0565967088178485,0.2137754481448796,0.0336044133382555,0.0670486285400594,0.0425627792385097,interfair/data/partitions/reports/named_comparisons/audits/hmda_oh/1001/ltdd/SCORES.npz,0a665a55f9ae958e46d0e3c8710596306cd4bc581a873d6473eacd79ac2842d3,interfair/data/partitions/reports/named_comparisons/audits/hmda_oh/1001/ltdd/DONE.json,8a86c69e9de22036fc6387594035e8eae45ca8fa524e8306a88bd54553e30950,0.0917114501260748,0.9063894478519652,0.8121593100854406,0.6393426067050393,0.09361055214803482,0.9063894478519652,primary ten-seed confirmation; original source checkpoint and supported bank,,,,,,,,,,,,,,0.03391264510814296,0.06252376773438639
0.8499007647879734,0.9503044417495234,0.92282222330428,0.8679166666666667,0.099770008600017,0.3321334704817654,0.1198990785432206,0.0879097033562416,0.1346933559751356,0.9828434050923396,0.6104651162790697,0.9143111903700402,11215.0,0.926923076923077,0.490566037735849,0.7796178343949045,785.0,0.2212523457083756,0.5618171597329468,,0.8251758465881858,0.9801965395532748,,0.1993199033695397,0.0311660358066045,0.1166677876518895,,0.5960474114750263,0.0552365123484673,,0.0343238513672753,0.0297656224461365,,,,,,,,,,,,,,hmda_oh,1001,mlp,cot_phi,,,,,,,,,,,,,,,,,,,,,,,interfair/data/partitions/reports/named_comparisons/audits/hmda_oh/1001/cot_phi/DONE.json,,,,,,,,,,,,,,,,0.8788052549281942,0.6262475775800117,0.1743030084163919,0.0261855831869445,0.0546616166228203,0.032225745887888,interfair/data/partitions/reports/named_comparisons/audits/hmda_oh/1001/cot_phi/SCORES.npz,f9011aaca3c3be021690af9efe8ce727a360a1c91c7676963d889ff0ab389b52,interfair/data/partitions/reports/named_comparisons/audits/hmda_oh/1001/cot_phi/DONE.json,d447526bcad9fc2863dc58303fdf8a59dac07f5e90f158efccce9c1abb976c02,0.054258950840665,0.8251758465881858,0.6667279267653239,0.4147777110754569,0.17482415341181423,0.8251758465881858,primary ten-seed confirmation; original source checkpoint and supported bank,,,,,,,,,,,,,,0.05592032816926262,0.11989907854322074
0.8459341755521359,0.949356606075212,0.9214296191267785,0.8660833333333333,0.1010222216403165,0.3351159030630512,0.0197180781044318,0.0135836214854094,0.0713182697195237,0.9747568571740792,0.5857558139534884,0.9031654034774856,11215.0,0.9673076923076924,0.5660377358490566,0.8318471337579618,785.0,0.1592762843459007,0.3999886235795341,,0.7821806115828704,0.9170932572780244,,0.1510457428956047,0.0240035317763745,0.076966068549798,,0.6015528554093922,0.0722278984125438,,0.0303105091379868,0.0313849149604531,,,,,,,,,,,,,,hmda_oh,1001,mlp,dralign,,,,,,,,,,,,,,,,,,,,,,,interfair/data/partitions/reports/named_comparisons/audits/hmda_oh/1001/dralign/DONE.json,,,,,,,,,,,,,,,,1.0074747671810846,0.9940232391075128,0.1359191719501791,0.0217085862137192,0.0411271906757747,0.0182409393783643,interfair/data/partitions/reports/named_comparisons/audits/hmda_oh/1001/dralign/SCORES.npz,ef6bb5839ed6c9e971742161534e33eb75770e46bad2ab0f81f0ccf484f3f9e5,interfair/data/partitions/reports/named_comparisons/audits/hmda_oh/1001/dralign/DONE.json,b05115eef1c5b2c85059e08a1fd4f9129672b8028304dca37d2d55e1f34f8b40,0.0401797398340765,0.7821806115828704,0.5781674560006451,0.2912080211726179,0.21781938841712956,0.7821806115828704,primary ten-seed confirmation; original source checkpoint and supported bank,,,,,,,,,,,,,,0.007449164866386804,0.019718078104431824
,,0.923136948888022,0.8686666666666667,,,0.0052435278630977,0.0027540529625921,0.0581460793807201,0.9785815757840672,0.5872093023255814,0.906553722692822,11215.0,0.9788461538461538,0.5924528301886792,0.8484076433121019,785.0,,,,,,,,,,,,,,,0.023278625491625,,,,,,,,,,,,,,hmda_oh,1001,mlp,mirrorfair,,,,,,,,,,,,,,,,,,,,,,,interfair/data/partitions/reports/named_comparisons/audits/hmda_oh/1001/mirrorfair/DONE.json,,,,,,,,,,,,,,,,,,,,0.0355499254479128,0.0131738526430692,interfair/data/partitions/reports/named_comparisons/audits/hmda_oh/1001/mirrorfair/SCORES.npz,3355244c5b4676daf47d44ef8ed59f000293bc3a2eb75f3d7ccffef02ab540d8,interfair/data/partitions/reports/named_comparisons/audits/hmda_oh/1001/mirrorfair/DONE.json,b83ea43aa3bf7508f101008f8311cb5d01d6038d80b59392b5a3e90780ccde61,,,,,,,primary ten-seed confirmation; original source checkpoint and supported bank,,,,,,,,,,,,,,0.0002645780620865734,0.0052435278630977855
0.821766340156632,0.9420136950096468,0.9135920019043084,0.84875,0.1199095736830031,0.3970628187832601,0.0431420944858856,0.021658889681348,0.0237613978094624,0.992132007430882,0.7417635658914729,0.9460543914400356,11215.0,0.9923076923076924,0.7849056603773585,0.9222929936305732,785.0,0.0977501880337089,0.2422552366955921,,0.6453772889035362,0.4400163339145089,,0.0863034221738106,0.0183108394696032,0.0500253092211026,,0.6075698896908709,0.0650594037087379,,0.0183919030079112,0.0214183099556716,,,,,,,,,,,,,,hmda_oh,1001,mlp,neufair,,,,,,,,,,,,,,,,,,,,,,,interfair/data/partitions/reports/named_comparisons/audits/hmda_oh/1001/neufair/DONE.json,,,,,,,,,,,,,,,,0.4786495054753536,0.7882731971918522,0.0808814195658547,0.0148946410021123,0.047514073231278,0.0211504681643901,interfair/data/partitions/reports/named_comparisons/audits/hmda_oh/1001/neufair/SCORES.npz,aa992e6dc64161db50e169e526755a37bdb59eecc770859a012f9a99e47ccc71,interfair/data/partitions/reports/named_comparisons/audits/hmda_oh/1001/neufair/DONE.json,b6e2d18ac5f2f2cc53524f22939c4c4f4111fc3c981368fd9087dd757276d54d,0.0391013494570847,0.6453772889035363,0.3764030144506609,0.1134869723916442,0.3546227110964637,0.6453772889035363,primary ten-seed confirmation; original source checkpoint and supported bank,,,,,,,,,,,,,,0.00017568487681041134,0.043142094485885685
0.8498262212803822,0.9505838256019954,0.9222742344450946,0.8671666666666666,0.1005561980858743,0.3342481447674669,0.008602091560626,0.004815806672355,0.0612288478521997,0.9778166320620696,0.5935077519379846,0.9070887204636648,11215.0,0.9788461538461538,0.5849056603773585,0.845859872611465,785.0,0.261147630358804,0.60183303711506,,0.8565729229556859,0.8977922458785503,,0.1916652270140015,0.0349081828109836,0.1085000340611888,,0.6708152283204906,0.0680058939322553,,0.031711730115393,0.0354160369152618,,,,,,,,,,,,,,hmda_oh,1002,mlp,ltdd,,,,,,,,,,,,,,,,,,,,,,,interfair/data/partitions/reports/named_comparisons/audits/hmda_oh/1002/ltdd/DONE.json,,,,,,,,,,,,,,,,0.9154120948769316,0.8169499586352686,0.1942029512406563,0.0240458719465461,0.042902011587975,0.0224810287988164,interfair/data/partitions/reports/named_comparisons/audits/hmda_oh/1002/ltdd/SCORES.npz,be69259ec9fc709c6cf8a65f856a9f87340fb48d11c95cc23e6e445639771b2b,interfair/data/partitions/reports/named_comparisons/audits/hmda_oh/1002/ltdd/DONE.json,2c3af1cc37166442bf316d70fba73628aff89da3e0e7bd6f5a58039bacbb408e,0.0580009104497078,0.8565729229556861,0.7162722281438761,0.4830454896740265,0.1434270770443139,0.8565729229556861,primary ten-seed confirmation; original source checkpoint and supported bank,,,,,,,,,,,,,,0.0010295217840842197,0.00860209156062608
0.8499694478173025,0.9503308550798246,0.9232646685541346,0.869,0.0993023546425063,0.3302983698259475,0.0831047974257715,0.0644097156937958,0.1178784101138431,0.9803300185772048,0.5925387596899225,0.908961212661614,11215.0,0.9346153846153846,0.5094339622641509,0.7910828025477707,785.0,0.2276148242357091,0.5497609388369779,,0.8318046010502802,0.9125937804043344,,0.2126189943308224,0.0327539493614967,0.1161034765151829,,0.6196991354651694,0.0568441416718954,,0.0364941585668643,0.0339094820043595,,,,,,,,,,,,,,hmda_oh,1002,mlp,cot_phi,,,,,,,,,,,,,,,,,,,,,,,interfair/data/partitions/reports/named_comparisons/audits/hmda_oh/1002/cot_phi/DONE.json,,,,,,,,,,,,,,,,0.9044127820466026,0.7091623110133267,0.1903516788541218,0.0284252195649339,0.0472937309107697,0.0310274156531613,interfair/data/partitions/reports/named_comparisons/audits/hmda_oh/1002/cot_phi/SCORES.npz,689daa4add482dc60f8fcad9dfbad31f43233a73822a5942c3f5329f8f4ab847,interfair/data/partitions/reports/named_comparisons/audits/hmda_oh/1002/cot_phi/DONE.json,3de5ee27cb9f2164ef9d4b3e3ccd6b320140282fc16a01c236d9588adf1f781d,0.0664112504624073,0.8318046010502802,0.6781345657008622,0.4399912846797943,0.1681953989497198,0.8318046010502802,primary ten-seed confirmation; original source checkpoint and supported bank,,,,,,,,,,,,,,0.045714633961820184,0.08310479742577159
0.8476923856271061,0.9500531299108302,0.923632459864344,0.8695833333333334,0.1004083879462692,0.3344390389611791,0.0490401491882405,0.028452494758373,0.0817001797524357,0.9790186864823516,0.5886627906976745,0.9071778867588052,11215.0,0.971153846153846,0.539622641509434,0.8254777070063695,785.0,0.1520744578841558,0.4030584267698799,,0.7436768351105474,0.9049666422683904,,0.1683796838015016,0.0251529617082914,0.0813797928679447,,0.5695802245880647,0.063331531438016,,0.0341345510720129,0.0282051777801049,,,,,,,,,,,,,,hmda_oh,1002,mlp,dralign,,,,,,,,,,,,,,,,,,,,,,,interfair/data/partitions/reports/named_comparisons/audits/hmda_oh/1002/dralign/DONE.json,,,,,,,,,,,,,,,,1.0348764228140972,0.9015838063085276,0.1489033640569827,0.0255270261978284,0.0488474301309197,0.0303802959209294,interfair/data/partitions/reports/named_comparisons/audits/hmda_oh/1002/dralign/SCORES.npz,2a6a6edeed9c3b51a84f993e9306981fa5a208b89d26704025be67953f0270dd,interfair/data/partitions/reports/named_comparisons/audits/hmda_oh/1002/dralign/DONE.json,63db659797216ff731335fb41ec6593803b8fc60d6721ed891e6c68cfb1c6f96,0.0223742456579207,0.7436768351105475,0.5353088642873695,0.256338134069644,0.2563231648894525,0.7436768351105475,primary ten-seed confirmation; original source checkpoint and supported bank,,,,,,,,,,,,,,0.00786484032850554,0.04904014918824051
,,0.9239210307157204,0.8705833333333334,,,0.0693341377797279,0.0408064777817043,0.0936495991776255,0.9757403562452192,0.5712209302325582,0.9012929112795364,11215.0,0.9634615384615384,0.5018867924528302,0.8076433121019109,785.0,,,,,,,,,,,,,,,0.0199479241789772,,,,,,,,,,,,,,hmda_oh,1002,mlp,mirrorfair,,,,,,,,,,,,,,,,,,,,,,,interfair/data/partitions/reports/named_comparisons/audits/hmda_oh/1002/mirrorfair/DONE.json,,,,,,,,,,,,,,,,,,,,0.0404494392523651,0.0216957134871295,interfair/data/partitions/reports/named_comparisons/audits/hmda_oh/1002/mirrorfair/SCORES.npz,b28302d489ca2846292e0c133b96427ad548d996bcd979bd520c97ee2d48ae38,interfair/data/partitions/reports/named_comparisons/audits/hmda_oh/1002/mirrorfair/DONE.json,0b096444019601e44a7e38eed889ca4d8301a0c3b84c15e5230fc22b801511fa,,,,,,,primary ten-seed confirmation; original source checkpoint and supported bank,,,,,,,,,,,,,,0.012278817783680784,0.06933413777972797
0.8364744756858746,0.9462431483339362,0.9140297369424324,0.8496666666666667,0.1166284819724342,0.3872373714868849,0.0381197893813076,0.0227635672611168,0.0314302671297256,0.9920227297563108,0.7354651162790697,0.9448060633080696,11215.0,0.9846153846153848,0.7735849056603774,0.913375796178344,785.0,0.0770607557178753,0.1977179009180802,,0.5395137115228553,0.4018512905513293,,0.0925251776730038,0.0181948519603014,0.0462042685311574,,0.5401092487961296,0.0570133705233062,,0.023955838611619,0.0206298828056468,,,,,,,,,,,,,,hmda_oh,1002,mlp,neufair,,,,,,,,,,,,,,,,,,,,,,,interfair/data/partitions/reports/named_comparisons/audits/hmda_oh/1002/neufair/DONE.json,,,,,,,,,,,,,,,,0.4190999268413285,0.6821762960111504,0.0865310169961577,0.0210804130541117,0.0404409049832899,0.0178855825843771,interfair/data/partitions/reports/named_comparisons/audits/hmda_oh/1002/neufair/SCORES.npz,b6252b072490bd8ba3f91322d83fab6b1377e326f5c77ab553fa98c1912246c5,interfair/data/partitions/reports/named_comparisons/audits/hmda_oh/1002/neufair/DONE.json,a2bffadb50bdf9220c8531ff1abfce455185b707b0ef18e32f4b58b9ee5dbdef,0.028940560346053,0.5395137115228552,0.2594556665705262,0.0641413184002277,0.4604862884771448,0.5395137115228552,primary ten-seed confirmation; original source checkpoint and supported bank,,,,,,,,,,,,,,0.007407345140926003,0.03811978938130767
0.8463349079520874,0.9500862689507452,0.923610432743968,0.8696666666666667,0.1010126181217056,0.3360579952583934,0.0271628638291648,0.0231191663362093,0.0827321234356852,0.9786908534586384,0.5818798449612403,0.9056620597414178,11215.0,0.9596153846153846,0.5547169811320755,0.8229299363057325,785.0,0.3382084545098832,0.8835027933192363,,0.8844713031910386,1.037754288691526,,0.20319467821735,0.045292149984911,0.1542074885505895,,0.7284840189306089,0.0734766994437037,,0.0320643703391972,0.0514660871870713,,,,,,,,,,,,,,hmda_oh,1003,mlp,ltdd,,,,,,,,,,,,,,,,,,,,,,,interfair/data/partitions/reports/named_comparisons/audits/hmda_oh/1003/ltdd/DONE.json,,,,,,,,,,,,,,,,0.8772572352175759,0.8300205852077895,0.1865779301935191,0.0255933041978575,0.0433118778093865,0.0252864862119077,interfair/data/partitions/reports/named_comparisons/audits/hmda_oh/1003/ltdd/SCORES.npz,870eb8bc8412f6933aa2a18dc0a3b756fcf23015da43eb8fb7650be868fc0c01,interfair/data/partitions/reports/named_comparisons/audits/hmda_oh/1003/ltdd/DONE.json,d69f3c5193864c184b23559715f20faf48ea71b4452e9dc143067f3a790c1fdc,0.0881229468798811,0.8844713031910385,0.775462728398685,0.5889802352003428,0.1155286968089615,0.8844713031910385,primary ten-seed confirmation; original source checkpoint and supported bank,,,,,,,,,,,,,,0.01907546884325373,0.027162863829164885
0.8467902937515891,0.9489834085858228,0.9242298895323372,0.87025,0.1001481592676869,0.3339829406395365,0.0947327044025156,0.070322229238656,0.1207697834167729,0.9843732925363348,0.6041666666666666,0.9144003566651806,11215.0,0.9384615384615383,0.5094339622641509,0.7936305732484077,785.0,0.1880517766702915,0.4913353016456731,,0.8092381906853798,0.8983413986473447,,0.185040751424327,0.0306756557105807,0.1082114642629255,,0.597069081628005,0.0572960391088738,,0.031414597091508,0.0331506611204906,,,,,,,,,,,,,,hmda_oh,1003,mlp,cot_phi,,,,,,,,,,,,,,,,,,,,,,,interfair/data/partitions/reports/named_comparisons/audits/hmda_oh/1003/cot_phi/DONE.json,,,,,,,,,,,,,,,,0.8131265539126132,0.6114401698346019,0.1445796590970031,0.0224485332773103,0.0398918285098622,0.0236492775910729,interfair/data/partitions/reports/named_comparisons/audits/hmda_oh/1003/cot_phi/SCORES.npz,a8d58cd0abd705d491de619a49f87e7afd2a005d1bf5957d270fef12b40002df,interfair/data/partitions/reports/named_comparisons/audits/hmda_oh/1003/cot_phi/DONE.json,a8baf02bdda68ccbffd3e29fc901abf5bb4073dc74640950d4086a122282890d,0.0409680089113915,0.8092381906853798,0.6321710095543458,0.3591605233190699,0.19076180931462017,0.8092381906853798,primary ten-seed confirmation; original source checkpoint and supported bank,,,,,,,,,,,,,,0.04591175407479642,0.09473270440251569
0.8325679341534421,0.9450142099662991,0.9105369807497468,0.8528333333333333,0.1118263632672569,0.3662815931600391,0.0430616498464238,0.0227725975752129,0.0867996967210088,0.929406622227079,0.4694767441860465,0.8447614801604993,11215.0,0.926923076923077,0.4264150943396226,0.7579617834394905,785.0,0.2435951991147023,0.6749127452476663,,0.8331598636265227,1.106177117786448,,0.2147948009014858,0.0371287927982466,0.1237264287156554,,0.6917401205232021,0.1118642125412731,,0.0363395699449692,0.0635260480313562,,,,,,,,,,,,,,hmda_oh,1003,mlp,dralign,,,,,,,,,,,,,,,,,,,,,,,interfair/data/partitions/reports/named_comparisons/audits/hmda_oh/1003/dralign/DONE.json,,,,,,,,,,,,,,,,1.1547072155107867,1.3786841263777847,0.2179417377277138,0.0286211372145989,0.055806231823204,0.0366734629988917,interfair/data/partitions/reports/named_comparisons/audits/hmda_oh/1003/dralign/SCORES.npz,23a69072109b7679252563a85ef853e91fd26f467b90792e35a8d62b3eaafd6b,interfair/data/partitions/reports/named_comparisons/audits/hmda_oh/1003/dralign/DONE.json,b13bcfa93d68c417838ad3c17187000eb2770d6248f8cea35fbf8edce53ef44b,0.0509217311730397,0.8331598636265227,0.6810425392882424,0.4343269135806302,0.16684013637347728,0.8331598636265227,primary ten-seed confirmation; original source checkpoint and supported bank,,,,,,,,,,,,,,0.002483545304002077,0.04306164984642391
,,0.923898139079334,0.8705,,,0.0036521859737901,0.0023837206013458,0.0601974721071357,0.9751939678723636,0.564922480620155,0.8996879179670084,11215.0,0.9788461538461538,0.5660377358490566,0.8394904458598726,785.0,,,,,,,,,,,,,,,0.028149189175585,,,,,,,,,,,,,,hmda_oh,1003,mlp,mirrorfair,,,,,,,,,,,,,,,,,,,,,,,interfair/data/partitions/reports/named_comparisons/audits/hmda_oh/1003/mirrorfair/DONE.json,,,,,,,,,,,,,,,,,,,,0.0339671432455315,0.0173721310004648,interfair/data/partitions/reports/named_comparisons/audits/hmda_oh/1003/mirrorfair/SCORES.npz,d2b59b62eb7c259bf058a818af5b19fae3fc8ccd44ae44f39ca37d07f6072c49,interfair/data/partitions/reports/named_comparisons/audits/hmda_oh/1003/mirrorfair/DONE.json,dcab1f0363edc89182fd03c83b6ae3c58b186a4e3ca49146b3c57d909e10f724,,,,,,,primary ten-seed confirmation; original source checkpoint and supported bank,,,,,,,,,,,,,,0.003652185973790245,0.001115255228901546
0.8356081460470253,0.945497852887829,0.915947556615018,0.8530833333333333,0.1164005785506618,0.387225630855696,0.0587483545414656,0.029877169797821,0.0210864089552492,0.9932247841765928,0.7223837209302325,0.9433794025858224,11215.0,0.9942307692307693,0.7811320754716982,0.9222929936305732,785.0,0.0881185423872832,0.2147102051199628,,0.6236952180856336,0.4393498741936371,,0.0784782672275917,0.0161249752454028,0.0427940109601387,,0.5640523138880837,0.0555547469485784,,0.0140845587582095,0.0184134225735883,,,,,,,,,,,,,,hmda_oh,1003,mlp,neufair,,,,,,,,,,,,,,,,,,,,,,,interfair/data/partitions/reports/named_comparisons/audits/hmda_oh/1003/neufair/DONE.json,,,,,,,,,,,,,,,,0.4157951364571583,0.6622847669134967,0.0857961857166101,0.0133996539066851,0.0222654932705858,0.0090811161737675,interfair/data/partitions/reports/named_comparisons/audits/hmda_oh/1003/neufair/SCORES.npz,3139bc6ee0ef3c60fb572a0bad444a12a1d313f574cb1d23173c551e425c7bd8,interfair/data/partitions/reports/named_comparisons/audits/hmda_oh/1003/neufair/DONE.json,ef2349f2ca7fd272e0e1a673b8f42c21e67d9c69b36014a8dea36640e97291f3,0.0453074458742038,0.6236952180856336,0.3452701324309806,0.0826778715595303,0.37630478191436645,0.6236952180856336,primary ten-seed confirmation; original source checkpoint and supported bank,,,,,,,,,,,,,,0.0010059850541764837,0.05874835454146565
0.8474347465713872,0.9499810638913828,0.9221287419291724,0.8673333333333333,0.1012873311183746,0.3361848653703915,0.0266783677051338,0.015195328199969,0.0718788247087186,0.9748661348486504,0.5813953488372093,0.902452073116362,11215.0,0.971153846153846,0.5547169811320755,0.8305732484076433,785.0,0.2916702765578483,0.6640473198432185,,0.8648755673823169,0.9996976753115204,,0.222831732197994,0.0399905954196827,0.1300485199747177,,0.6942935681979532,0.0803866837133061,,0.0341775289602038,0.055418070299775,,,,,,,,,,,,,,hmda_oh,1004,mlp,ltdd,,,,,,,,,,,,,,,,,,,,,,,interfair/data/partitions/reports/named_comparisons/audits/hmda_oh/1004/ltdd/DONE.json,,,,,,,,,,,,,,,,1.000755947223949,1.0181285945741196,0.2234803703870797,0.0277007528303642,0.0636339864877657,0.032187028104337,interfair/data/partitions/reports/named_comparisons/audits/hmda_oh/1004/ltdd/SCORES.npz,9465318981164e04a9df29d95d1e8595d7f3e7005c420c1511a154f82c0e6cbb,interfair/data/partitions/reports/named_comparisons/audits/hmda_oh/1004/ltdd/DONE.json,5182c7de04986fb4cbebc0cd5c30412914859c5977c6d1b025b7f0cbb410b28b,0.0572882415443268,0.864875567382317,0.731114790507198,0.508445291231842,0.13512443261768303,0.864875567382317,primary ten-seed confirmation; original source checkpoint and supported bank,,,,,,,,,,,,,,0.003712288694804333,0.026678367705133876
0.8477709249153306,0.9499139286612464,0.9235870678304968,0.8694166666666666,0.0999006350474268,0.3324931305227177,0.0784646043586367,0.0536543283555244,0.1047573342117443,0.980767129275489,0.5954457364341085,0.9098528756130184,11215.0,0.9519230769230768,0.5169811320754717,0.8050955414012739,785.0,0.2671209793884587,0.6343142989449775,,0.863875501336559,1.0036346685615096,,0.2003609455822562,0.0383303781174165,0.1409144290078143,,0.6463099240515409,0.0542275793605755,,0.0295509769151094,0.036506025964587,,,,,,,,,,,,,,hmda_oh,1004,mlp,cot_phi,,,,,,,,,,,,,,,,,,,,,,,interfair/data/partitions/reports/named_comparisons/audits/hmda_oh/1004/cot_phi/DONE.json,,,,,,,,,,,,,,,,0.8716488426889651,0.6505473871108679,0.193026968880265,0.0225981819281534,0.0333344184040699,0.0186408088697051,interfair/data/partitions/reports/named_comparisons/audits/hmda_oh/1004/cot_phi/SCORES.npz,421e67169cb0b1bf07aad19f3b90b83604a193221fd7795987ea62d287e90d47,interfair/data/partitions/reports/named_comparisons/audits/hmda_oh/1004/cot_phi/DONE.json,5d48272d6b8aa5ffaf8520912bd897577a23cc64e14ccd62152159bbc456bf8f,0.0712932642633444,0.863875501336559,0.7382714139026046,0.5186045327479062,0.136124498663441,0.863875501336559,primary ten-seed confirmation; original source checkpoint and supported bank,,,,,,,,,,,,,,0.028844052352412275,0.07846460435863678
0.8410763052472725,0.9476868193470426,0.9139232860163092,0.8575,0.1082621664829309,0.3560315388994407,0.0677234167032324,0.0510198793795828,0.0257929126993817,0.9368375040979128,0.4718992248062015,0.8512706197057512,11215.0,0.971153846153846,0.539622641509434,0.8254777070063695,785.0,0.2157133589794135,0.5865819767117499,,0.8036499914034271,0.9866575689972374,,0.2144923438234721,0.0409485283502601,0.1395451804766287,,0.6544810156352471,0.0872118415011796,,0.0359156866647692,0.0842736117842833,,,,,,,,,,,,,,hmda_oh,1004,mlp,dralign,,,,,,,,,,,,,,,,,,,,,,,interfair/data/partitions/reports/named_comparisons/audits/hmda_oh/1004/dralign/DONE.json,,,,,,,,,,,,,,,,1.013894856500004,1.1862539648213737,0.1962543590144134,0.0299269892150235,0.0616121987174457,0.0452667714068729,interfair/data/partitions/reports/named_comparisons/audits/hmda_oh/1004/dralign/SCORES.npz,27d9081f828b678dbba3b0fbc4152eeea16e6932387de086520284552d6a6b4b,interfair/data/partitions/reports/named_comparisons/audits/hmda_oh/1004/dralign/DONE.json,9fa6a1c8685f75d11f8a037ab4c36ec12296b44c64a7d84a39642645d151a632,0.0381269022522254,0.8036499914034271,0.6316314321836528,0.3817257465598104,0.19635000859657292,0.8036499914034271,primary ten-seed confirmation; original source checkpoint and supported bank,,,,,,,,,,,,,,0.03431634205593326,0.06772341670323245
,,0.9231673277508448,0.86925,,,0.0283091999414948,0.0160107443181495,0.0739171548568653,0.9748661348486504,0.5717054263565892,0.9006687472135533,11215.0,0.971153846153846,0.5433962264150943,0.8267515923566879,785.0,,,,,,,,,,,,,,,0.02379054375454,,,,,,,,,,,,,,hmda_oh,1004,mlp,mirrorfair,,,,,,,,,,,,,,,,,,,,,,,interfair/data/partitions/reports/named_comparisons/audits/hmda_oh/1004/mirrorfair/DONE.json,,,,,,,,,,,,,,,,,,,,0.0425735211046473,0.0230701126920043,interfair/data/partitions/reports/named_comparisons/audits/hmda_oh/1004/mirrorfair/SCORES.npz,da5653bcf76d7740b54814328e367f38008a7293e6f2ffc6df3e019b7ce2a07f,interfair/data/partitions/reports/named_comparisons/audits/hmda_oh/1004/mirrorfair/DONE.json,8f28d7acda5998dd47a712e7c941a7b09e255416675d7337e552e8cab821af42,,,,,,,primary ten-seed confirmation; original source checkpoint and supported bank,,,,,,,,,,,,,,0.003712288694804333,0.028309199941494834
0.833400677036191,0.9452566737186991,0.9131532561574008,0.8480833333333333,0.1177863874817711,0.3898636922539245,0.1042087172736581,0.0538094055841992,0.0020672949956126,0.9908206753360288,0.7335271317829457,0.943468568880963,11215.0,0.9942307692307693,0.8377358490566038,0.9414012738853504,785.0,0.0785891018189798,0.1922752430805792,,0.5788913827777841,0.4699209750332097,,0.0986180310785477,0.0153102986393739,0.0403257254224557,,0.5339032840477453,0.0590087978001554,,0.0178192811531063,0.0178215590086645,,,,,,,,,,,,,,hmda_oh,1004,mlp,neufair,,,,,,,,,,,,,,,,,,,,,,,interfair/data/partitions/reports/named_comparisons/audits/hmda_oh/1004/neufair/DONE.json,,,,,,,,,,,,,,,,0.4917675805481515,0.8075005644019859,0.0857574631003506,0.0150990696434237,0.035978263547532,0.0157705986561124,interfair/data/partitions/reports/named_comparisons/audits/hmda_oh/1004/neufair/SCORES.npz,9b95963947e005e6f6f78bc36e0d5650b2fe28f16b2c0d65e7023a2452ea0ca5,interfair/data/partitions/reports/named_comparisons/audits/hmda_oh/1004/neufair/DONE.json,f95a4bd32b49318e81e6aab87525de00f37cee199f3a6dc3d04d6645bffae0a3,0.0268612899799377,0.5788913827777841,0.2902201348601408,0.0558950385039582,0.42110861722221593,0.5788913827777841,primary ten-seed confirmation; original source checkpoint and supported bank,,,,,,,,,,,,,,0.0034100938947404513,0.1042087172736581
0.8501196003739873,0.9510168809696616,0.9240684207975964,0.8694166666666666,0.100703379727278,0.3341484948824577,0.0135274974403978,0.0094946398376051,0.0563746801798091,0.9862310130040433,0.6128875968992248,0.9175211769950958,11215.0,0.9807692307692308,0.6264150943396226,0.8611464968152867,785.0,0.2799017925624308,0.6859173103020738,,0.863185241644274,0.9304275495964632,,0.2005211987711782,0.0450718283919841,0.1449817044230607,,0.7197557242771068,0.0699577614258882,,0.0335384106632723,0.0517426788001922,,,,,,,,,,,,,,hmda_oh,1005,mlp,ltdd,,,,,,,,,,,,,,,,,,,,,,,interfair/data/partitions/reports/named_comparisons/audits/hmda_oh/1005/ltdd/DONE.json,,,,,,,,,,,,,,,,0.881151298326524,0.7895155576985664,0.1957945409778685,0.0271422426243332,0.050447304722289,0.0310001923417269,interfair/data/partitions/reports/named_comparisons/audits/hmda_oh/1005/ltdd/SCORES.npz,57a5e7012c7d86b776750a0975c879e6e6e780d58475f1b03834caf4122f0e77,interfair/data/partitions/reports/named_comparisons/audits/hmda_oh/1005/ltdd/DONE.json,dc414dd69cb56f6799344a16aad65e007c99b53fb348091d36bd46480f6de67a,0.0735938509539085,0.863185241644274,0.7335782727172612,0.506090698694922,0.13681475835572598,0.863185241644274,primary ten-seed confirmation; original source checkpoint and supported bank,,,,,,,,,,,,,,0.005461782234812418,0.013527497440397829
0.8512129347503674,0.950620498319252,0.923182173573104,0.869,0.0993316277901867,0.330479278115173,0.0564849349129735,0.0423693388366638,0.0981970802297877,0.978253742760354,0.5847868217054264,0.9058403923316988,11215.0,0.95,0.5283018867924528,0.8076433121019109,785.0,0.2870535154147606,0.7229021713137626,,0.8640132859864345,1.006826393724056,,0.2379731404384256,0.0428369158643683,0.1631455961614846,,0.654225960262559,0.0619869510507337,,0.0333460842172626,0.0473625806283563,,,,,,,,,,,,,,hmda_oh,1005,mlp,cot_phi,,,,,,,,,,,,,,,,,,,,,,,interfair/data/partitions/reports/named_comparisons/audits/hmda_oh/1005/cot_phi/DONE.json,,,,,,,,,,,,,,,,0.8655790027036544,0.6747495476155184,0.2334741616779799,0.0261362214932323,0.0467448559404427,0.0292536902690311,interfair/data/partitions/reports/named_comparisons/audits/hmda_oh/1005/cot_phi/SCORES.npz,62ff0294c9bb3608098c0133e3f7f637ecdaf343102144494f846b0d31034429,interfair/data/partitions/reports/named_comparisons/audits/hmda_oh/1005/cot_phi/DONE.json,9d46db1890f8576471d78159b77b36f6b6163dac72b9e4852a6c1366d9899b97,0.0787594121504432,0.8640132859864345,0.7329487674406283,0.5132298175529921,0.13598671401356555,0.8640132859864345,primary ten-seed confirmation; original source checkpoint and supported bank,,,,,,,,,,,,,,0.028253742760354084,0.05648493491297357
0.83978728861377,0.9475598815185028,0.9018234263933244,0.8411666666666666,0.1186692958746677,0.3852224661391628,0.048835381015065,0.0420038307360069,0.0345596065324249,0.9032892580045896,0.4190891472868217,0.8141774409273295,11215.0,0.9384615384615383,0.4679245283018868,0.7796178343949045,785.0,0.3237478434290508,0.8559584385500502,,0.8525769078603501,1.0908982704348056,,0.2502966404001178,0.0545248569899312,0.1776056005404545,,0.71063287313334,0.1089410367963013,,0.0408498411554261,0.1014226365611752,,,,,,,,,,,,,,hmda_oh,1005,mlp,dralign,,,,,,,,,,,,,,,,,,,,,,,interfair/data/partitions/reports/named_comparisons/audits/hmda_oh/1005/dralign/DONE.json,,,,,,,,,,,,,,,,1.0723650496682628,1.2218030165779044,0.2696915871108303,0.0408117233767121,0.0781947680725241,0.0620322657613926,interfair/data/partitions/reports/named_comparisons/audits/hmda_oh/1005/dralign/SCORES.npz,0296a61fd20ce678caac8611e345967d718d463e1603621dd15683379834cebd,interfair/data/partitions/reports/named_comparisons/audits/hmda_oh/1005/dralign/DONE.json,a0cceb433957eb3c6a0fef267764eda0c4d7fbcb2216c66a1c69b696d4f410f4,0.0571031123030475,0.8525769078603502,0.7146738217315053,0.4974337209563402,0.14742309213964977,0.8525769078603502,primary ten-seed confirmation; original source checkpoint and supported bank,,,,,,,,,,,,,,0.03517228045694876,0.04883538101506513
,,0.923016186340308,0.87,,,0.0306768319438349,0.0192483501531334,0.0817268728471593,0.9674352529778166,0.5363372093023255,0.8880962995987517,11215.0,0.9596153846153846,0.5056603773584906,0.8063694267515924,785.0,,,,,,,,,,,,,,,0.03487217677093,,,,,,,,,,,,,,hmda_oh,1005,mlp,mirrorfair,,,,,,,,,,,,,,,,,,,,,,,interfair/data/partitions/reports/named_comparisons/audits/hmda_oh/1005/mirrorfair/DONE.json,,,,,,,,,,,,,,,,,,,,0.0451088907806642,0.0211540460930791,interfair/data/partitions/reports/named_comparisons/audits/hmda_oh/1005/mirrorfair/SCORES.npz,ba8abbece12ce2f261ce2b5f6754d2ca0013e556654b195b582f599120959ed5,interfair/data/partitions/reports/named_comparisons/audits/hmda_oh/1005/mirrorfair/DONE.json,1412bfc26ce439df9e0ffbf66b469e7e7ebd12f225b425df5cfca1f5d22911c8,,,,,,,primary ten-seed confirmation; original source checkpoint and supported bank,,,,,,,,,,,,,,0.007819868362431981,0.03067683194383497
0.8331349354252992,0.9456865199281096,0.9129192073170732,0.8476666666666667,0.1136760512235233,0.3732718483080142,0.0814648237531081,0.0409504418522607,0.0116978228089654,0.9908206753360288,0.7374031007751938,0.9441818992420864,11215.0,0.9903846153846154,0.8188679245283019,0.932484076433121,785.0,0.1147472907896532,0.2924996716185256,,0.6614652670537359,0.5346096329058885,,0.1100246954286037,0.0196939645113829,0.0591046928213192,,0.5549068319507497,0.0636407646917823,,0.0198295875623812,0.0245787510850532,,,,,,,,,,,,,,hmda_oh,1005,mlp,neufair,,,,,,,,,,,,,,,,,,,,,,,interfair/data/partitions/reports/named_comparisons/audits/hmda_oh/1005/neufair/DONE.json,,,,,,,,,,,,,,,,0.5187675568587224,0.7089173195039336,0.1060853510364248,0.0180182710275887,0.0371852439167978,0.0231123893085422,interfair/data/partitions/reports/named_comparisons/audits/hmda_oh/1005/neufair/SCORES.npz,e0fc56cb48e8d418fcc151cf338f27c5a557fc9d40086e05c679a2b91fc11c8b,interfair/data/partitions/reports/named_comparisons/audits/hmda_oh/1005/neufair/DONE.json,539e4a8d384bf0db89a6b1d80522f757020d2c9c64ff2fe221edf2f9378f00af,0.0303204526726983,0.6614652670537359,0.4109851844604541,0.1614533901642123,0.3385347329462641,0.6614652670537359,primary ten-seed confirmation; original source checkpoint and supported bank,,,,,,,,,,,,,,0.00043605995141338116,0.08146482375310815
0.8452433272794297,0.9491807531390304,0.9225310467179184,0.869,0.1011020161564598,0.3364771162542397,0.0957218078104431,0.0623697217729619,0.1155737169566464,0.969402251120096,0.5523255813953488,0.892643780650914,11215.0,0.9403846153846154,0.4566037735849056,0.7770700636942676,785.0,0.364271390743226,0.9181616650177876,,0.9020154962935454,1.0996160182885866,,0.2443050809509746,0.0570077257663092,0.1899840913999538,,0.7813382600092168,0.0885079033293158,,0.0389269462787717,0.0826902569910818,,,,,,,,,,,,,,hmda_oh,1006,mlp,ltdd,,,,,,,,,,,,,,,,,,,,,,,interfair/data/partitions/reports/named_comparisons/audits/hmda_oh/1006/ltdd/DONE.json,,,,,,,,,,,,,,,,0.7801459790130012,0.744665400148291,0.2150877059105823,0.0307846608418938,0.0567013618805714,0.0373756741194781,interfair/data/partitions/reports/named_comparisons/audits/hmda_oh/1006/ltdd/SCORES.npz,8fc2b2f8d9ca977dd9100b51d085c5daf90074f720332d7ab56b62ac3e1f66d3,interfair/data/partitions/reports/named_comparisons/audits/hmda_oh/1006/ltdd/DONE.json,6a41854a7da40bd810f8c76ae0b0770ca65603dc8f59c1ca0e53cb3a45568094,0.0954092058560047,0.9020154962935452,0.8069855826944915,0.6249378373638191,0.09798450370645484,0.9020154962935452,primary ten-seed confirmation; original source checkpoint and supported bank,,,,,,,,,,,,,,0.029017635735480662,0.0957218078104432
0.8495800589945932,0.9503303142787054,0.9221343873517788,0.8686666666666667,0.100164897843757,0.3327097871787472,0.041513090536785,0.0306869437956657,0.0932173982183778,0.9660146432083924,0.5358527131782945,0.8868479714667855,11215.0,0.946153846153846,0.4943396226415094,0.7936305732484077,785.0,0.3317690006730597,0.8160791347806271,,0.8944026342582716,1.099804651446584,,0.2718764138532307,0.0464809376372519,0.1687735358682962,,0.7143173900366245,0.0664975314856008,,0.0381131233397278,0.0542784109493717,,,,,,,,,,,,,,hmda_oh,1006,mlp,cot_phi,,,,,,,,,,,,,,,,,,,,,,,interfair/data/partitions/reports/named_comparisons/audits/hmda_oh/1006/cot_phi/DONE.json,,,,,,,,,,,,,,,,0.8199999041880185,0.5877027608997126,0.2572447696076223,0.0302039737769476,0.0533332059246736,0.0307055792736639,interfair/data/partitions/reports/named_comparisons/audits/hmda_oh/1006/cot_phi/SCORES.npz,1e1b478f9ae9ee78c90f6422aa8b5cb54c8530ad8e9709d2e579266e49663815,interfair/data/partitions/reports/named_comparisons/audits/hmda_oh/1006/cot_phi/DONE.json,63eeb25f39cfe1ecb70434e3e03c96378648b66d71372bc1d8abe0f8306b5a0f,0.0854455620699057,0.8944026342582715,0.7863434327641586,0.5901404983875177,0.10559736574172851,0.8944026342582715,primary ten-seed confirmation; original source checkpoint and supported bank,,,,,,,,,,,,,,0.019860797054546353,0.04151309053678515
0.8409293049175317,0.9473756953779016,0.9174174174174174,0.8625,0.1055729172181537,0.3506633407131961,0.0645842474769635,0.0513890278179014,0.1163779174274671,0.9497322696973008,0.498546511627907,0.8666963887650468,11215.0,0.9115384615384616,0.4339622641509434,0.7503184713375797,785.0,0.2658144934297489,0.7191850476540049,,0.8628015123351227,1.2189843792703383,,0.2372019225733282,0.0396359903999779,0.143956801823179,,0.6762519174696807,0.1025674133935996,,0.0405810185181198,0.0657919340072645,,,,,,,,,,,,,,hmda_oh,1006,mlp,dralign,,,,,,,,,,,,,,,,,,,,,,,interfair/data/partitions/reports/named_comparisons/audits/hmda_oh/1006/dralign/DONE.json,,,,,,,,,,,,,,,,1.0740105529227029,1.0620298731143394,0.2050533767787484,0.0339437329351559,0.0616887156864028,0.052482768867352,interfair/data/partitions/reports/named_comparisons/audits/hmda_oh/1006/dralign/SCORES.npz,c19cc26b4e35f7026b4442b2ac408e8befa321053c6b2653a19a368ded8948e6,interfair/data/partitions/reports/named_comparisons/audits/hmda_oh/1006/dralign/DONE.json,4bf7f17ee29aef9bd806827e53bf4cadf5f5ee0a714e8c92f7679a797cc0ad11,0.0566307046531542,0.8628015123351225,0.7354139280412801,0.502674242103753,0.13719848766487752,0.8628015123351225,primary ten-seed confirmation; original source checkpoint and supported bank,,,,,,,,,,,,,,0.038193808158839215,0.06458424747696356
,,0.923698738170347,0.871,,,0.0260293257276583,0.0192991798985374,0.049790572794057,0.9682001966998144,0.5324612403100775,0.8880071333036113,11215.0,0.9807692307692308,0.5584905660377358,0.8382165605095542,785.0,,,,,,,,,,,,,,,0.0425749278179713,,,,,,,,,,,,,,hmda_oh,1006,mlp,mirrorfair,,,,,,,,,,,,,,,,,,,,,,,interfair/data/partitions/reports/named_comparisons/audits/hmda_oh/1006/mirrorfair/DONE.json,,,,,,,,,,,,,,,,,,,,0.0392054263580199,0.0211233600448093,interfair/data/partitions/reports/named_comparisons/audits/hmda_oh/1006/mirrorfair/SCORES.npz,306878b3a1d664b95c02a918669d1f101937143116e6ad0ff1e04e65b2914778,interfair/data/partitions/reports/named_comparisons/audits/hmda_oh/1006/mirrorfair/DONE.json,68f23657794efa634b0a88ba5506798e66f0cfd6cd64200849d4fd83890223d8,,,,,,,primary ten-seed confirmation; original source checkpoint and supported bank,,,,,,,,,,,,,,0.012569034069416452,0.02602932572765837
0.8241030060746077,0.942694326109014,0.9140762602941876,0.8495833333333334,0.1143518421826057,0.3760278868463936,0.0195315928038614,0.0120381415848867,0.0348441435634145,0.9930062288274506,0.7427325581395349,0.94694605439144,11215.0,0.9884615384615384,0.7622641509433963,0.9121019108280256,785.0,0.131657551359868,0.3434984890959009,,0.7311001591776871,0.5800087991460882,,0.1361710786810499,0.0204787080772556,0.0636591536494401,,0.5994743768193854,0.0645297029482237,,0.020479455252455,0.0175393974847414,,,,,,,,,,,,,,hmda_oh,1006,mlp,neufair,,,,,,,,,,,,,,,,,,,,,,,interfair/data/partitions/reports/named_comparisons/audits/hmda_oh/1006/neufair/DONE.json,,,,,,,,,,,,,,,,0.4618319528188577,0.5834145315568124,0.1273224500989629,0.0168560516966716,0.0294413735375496,0.013310470226064,interfair/data/partitions/reports/named_comparisons/audits/hmda_oh/1006/neufair/SCORES.npz,d730e3100cf8004ffd0f152a65348f7846f8065608fc6b39a3b73ef353af6e7d,interfair/data/partitions/reports/named_comparisons/audits/hmda_oh/1006/neufair/DONE.json,384b7c9e66cb51bf5fbf9bf2f3bb3ef69d4a7c6cc274756eca7d01a2550a1f34,0.0501730398367108,0.7311001591776871,0.4985133005858966,0.2053427388749617,0.2688998408223129,0.7311001591776871,primary ten-seed confirmation; original source checkpoint and supported bank,,,,,,,,,,,,,,0.004544690365912207,0.01953159280386141
0.847849464203555,0.9503544502973568,0.923264787769257,0.8690833333333333,0.100530966130234,0.3333762672863771,0.0328744332309492,0.0196593318950153,0.0758276989132502,0.9775980767129276,0.5838178294573644,0.9051270619705752,11215.0,0.971153846153846,0.5509433962264151,0.8292993630573249,785.0,0.2832973085719797,0.6561587810229794,,0.860884428306114,0.88754126382254,,0.2195442996986411,0.0497640167252068,0.1553871922768079,,0.737645386715147,0.0797557999371937,,0.03859778779841,0.0782093496562214,,,,,,,,,,,,,,hmda_oh,1007,mlp,ltdd,,,,,,,,,,,,,,,,,,,,,,,interfair/data/partitions/reports/named_comparisons/audits/hmda_oh/1007/ltdd/DONE.json,,,,,,,,,,,,,,,,0.9791731146462188,1.0329676372656145,0.2303303707346138,0.0332426988531686,0.0633601679458426,0.0371514987528687,interfair/data/partitions/reports/named_comparisons/audits/hmda_oh/1007/ltdd/SCORES.npz,668bddb6b60d9712c9e6080971c7f12226be7358416ddd47c747d4b4c46d6dd7,interfair/data/partitions/reports/named_comparisons/audits/hmda_oh/1007/ltdd/DONE.json,6757779842534e146a6a78fc062a85a7eed88ed78d00955a47f69bc8c70e91a0,0.069020485954114,0.8608844283061141,0.7269152472826763,0.5003514158206366,0.1391155716938859,0.8608844283061141,primary ten-seed confirmation; original source checkpoint and supported bank,,,,,,,,,,,,,,0.00644423055908161,0.032874433230949296
0.8486121477325343,0.9498790111705838,0.9232047709830375,0.8690833333333333,0.1000141699246552,0.3329779427675171,0.0971277607137633,0.0686238990181461,0.1193817424911471,0.9785815757840672,0.5876937984496124,0.9066428889879624,11215.0,0.9384615384615383,0.490566037735849,0.7872611464968153,785.0,0.3150828378944074,0.8111060023021236,,0.8645285069160982,0.9717837634391268,,0.2405704840592622,0.044923464080678,0.1746328327231681,,0.6383536786253127,0.0556755726312123,,0.0341877355617471,0.0460516447055678,,,,,,,,,,,,,,hmda_oh,1007,mlp,cot_phi,,,,,,,,,,,,,,,,,,,,,,,interfair/data/partitions/reports/named_comparisons/audits/hmda_oh/1007/cot_phi/DONE.json,,,,,,,,,,,,,,,,0.9345850534957498,0.6875102766023501,0.2267490195811027,0.0292242635998897,0.0451494747574253,0.0216978496689997,interfair/data/partitions/reports/named_comparisons/audits/hmda_oh/1007/cot_phi/SCORES.npz,a80aa21436e5ffe0a795685be341deb41bcc46f4b44d5d090b1837aac8a6446a,interfair/data/partitions/reports/named_comparisons/audits/hmda_oh/1007/cot_phi/DONE.json,6533bb28b7169cfcddea3931967f5eded383baf34f15250062ede2baa1199992,0.0707809105391015,0.8645285069160982,0.7426958495419529,0.5214092415711536,0.13547149308390183,0.8645285069160982,primary ten-seed confirmation; original source checkpoint and supported bank,,,,,,,,,,,,,,0.04012003732252889,0.09712776071376344
0.8486419384970332,0.950515333938076,0.9212730318257956,0.8668333333333333,0.1009055663712168,0.3347490563793403,0.0086575237678941,0.0049686624251201,0.0588605456182148,0.9663424762321058,0.5484496124031008,0.8894337940258582,11215.0,0.975,0.5471698113207547,0.8305732484076433,785.0,0.172341393818296,0.4792770652243722,,0.7658120933264658,0.8823369297963279,,0.2003709364992898,0.0219574068019979,0.0757943315574755,,0.5542688524631049,0.0796573913907785,,0.0306042885769572,0.0262712711080747,,,,,,,,,,,,,,hmda_oh,1007,mlp,dralign,,,,,,,,,,,,,,,,,,,,,,,interfair/data/partitions/reports/named_comparisons/audits/hmda_oh/1007/dralign/DONE.json,,,,,,,,,,,,,,,,1.0274700614877998,1.123388579430762,0.1817753660707226,0.02352146980275,0.0423030514070924,0.0241323812051911,interfair/data/partitions/reports/named_comparisons/audits/hmda_oh/1007/dralign/SCORES.npz,f064d1d0e4ffd2d2d01955df100d5ac6d9bd0b121c5fab0b8dc6a2258faa9745,interfair/data/partitions/reports/named_comparisons/audits/hmda_oh/1007/dralign/DONE.json,2bdb62674da468aee04b2b294dc6e04f37a617d279d42cff68237f8164ef53ca,0.0335638230344424,0.7658120933264657,0.5685661451835725,0.2994140757679809,0.23418790667353429,0.7658120933264657,primary ten-seed confirmation; original source checkpoint and supported bank,,,,,,,,,,,,,,0.008657523767894193,0.0012798010823460437
,,0.9235528060097216,0.87025,,,0.0421273950563112,0.0288856673843293,0.0881848979557065,0.9733362474046552,0.5591085271317829,0.8971020954079358,11215.0,0.9576923076923076,0.5169811320754717,0.8089171974522293,785.0,,,,,,,,,,,,,,,0.0279206214640148,,,,,,,,,,,,,,hmda_oh,1007,mlp,mirrorfair,,,,,,,,,,,,,,,,,,,,,,,interfair/data/partitions/reports/named_comparisons/audits/hmda_oh/1007/mirrorfair/DONE.json,,,,,,,,,,,,,,,,,,,,0.0450487312868489,0.0230484801913584,interfair/data/partitions/reports/named_comparisons/audits/hmda_oh/1007/mirrorfair/SCORES.npz,e639648af3fc6ad8375e8b5e81435f9141c4895e5adbca2364f5d2ef16faf9ae,interfair/data/partitions/reports/named_comparisons/audits/hmda_oh/1007/mirrorfair/DONE.json,df26100f59fe55fca855daad328e2f3578b8d78afc4effdb438544f46fa533f7,,,,,,,primary ten-seed confirmation; original source checkpoint and supported bank,,,,,,,,,,,,,,0.015643939712347565,0.042127395056311245
0.8318054948110571,0.945461528029534,0.9142285333079196,0.85,0.1132929660461516,0.3734414950234836,0.0769270147725611,0.0413149191697762,0.0179780832654173,0.992241285105453,0.7306201550387597,0.944092732946946,11215.0,0.9865384615384616,0.8075471698113208,0.9261146496815288,785.0,0.0698639259945339,0.1771854562255052,,0.5237657488381454,0.4247368261635252,,0.0942504679104682,0.0144242425219878,0.0398914887354924,,0.469371288473862,0.0557329816906956,,0.0167159692432436,0.0220849505646243,,,,,,,,,,,,,,hmda_oh,1007,mlp,neufair,,,,,,,,,,,,,,,,,,,,,,,interfair/data/partitions/reports/named_comparisons/audits/hmda_oh/1007/neufair/DONE.json,,,,,,,,,,,,,,,,0.4728680330730885,0.7011578041598535,0.0795476442320973,0.0142872494793129,0.023459740027349,0.0122744433118618,interfair/data/partitions/reports/named_comparisons/audits/hmda_oh/1007/neufair/SCORES.npz,055a20891e6a88369e9f634d7f44c9330fd2aa6f733ee1484fc5bc524002f8d6,interfair/data/partitions/reports/named_comparisons/audits/hmda_oh/1007/neufair/DONE.json,89e026628481a89aa8e19bc7f86d321a99f18ab048c49bbb0f95fe80d0d97661,0.0191383727975595,0.5237657488381454,0.2355456283625179,0.0433056551015853,0.4762342511618546,0.5237657488381454,primary ten-seed confirmation; original source checkpoint and supported bank,,,,,,,,,,,,,,0.005702823566991366,0.07692701477256114
0.8462948391518484,0.9496181684578886,0.9239754696777962,0.8698333333333333,0.101022444684387,0.3373585919811677,0.0057974989030276,0.0053125251632897,0.0646171670675362,0.9817506283466289,0.5944767441860465,0.9104770396790012,11215.0,0.9769230769230768,0.5886792452830188,0.845859872611465,785.0,0.3065319833934474,0.7380556279076977,,0.8805845934351624,1.0441211478701469,,0.2125242480114105,0.0400675012830055,0.1283066161550008,,0.6950781132715065,0.0679732319034961,,0.0324543103758852,0.0402185089990215,,,,,,,,,,,,,,hmda_oh,1008,mlp,ltdd,,,,,,,,,,,,,,,,,,,,,,,interfair/data/partitions/reports/named_comparisons/audits/hmda_oh/1008/ltdd/DONE.json,,,,,,,,,,,,,,,,0.8438460239953063,0.6588043199971501,0.1898204647176399,0.0246463411632658,0.0571624942889683,0.0295079159845788,interfair/data/partitions/reports/named_comparisons/audits/hmda_oh/1008/ltdd/SCORES.npz,7ac065b26eba5061b88b2d3a57a47fd90e661f59e63c59950e71c1bffaae0452,interfair/data/partitions/reports/named_comparisons/audits/hmda_oh/1008/ltdd/DONE.json,1fb21c2170790c0e2103a2a1d40b66a5ce110deb219ed3031511bbeba5389744,0.0722352634266887,0.8805845934351624,0.7655252157150455,0.5521783228390083,0.11941540656483762,0.8805845934351624,primary ten-seed confirmation; original source checkpoint and supported bank,,,,,,,,,,,,,,0.004827551423552068,0.005797498903027609
0.8458902663627328,0.9490921214581016,0.9228578443407808,0.8690833333333333,0.1004135999669218,0.3336977749170742,0.0918732631271025,0.0655156183073287,0.1193567532109804,0.9737733581029396,0.5673449612403101,0.898974587605885,11215.0,0.9346153846153846,0.4754716981132075,0.7796178343949045,785.0,0.2571981052724553,0.6135801810484665,,0.844059156608981,0.9430535680963616,,0.2188380873304065,0.0382856234025375,0.1325024664402007,,0.6800932161780364,0.0600786224740781,,0.0362405793120523,0.0451119613636877,,,,,,,,,,,,,,hmda_oh,1008,mlp,cot_phi,,,,,,,,,,,,,,,,,,,,,,,interfair/data/partitions/reports/named_comparisons/audits/hmda_oh/1008/cot_phi/DONE.json,,,,,,,,,,,,,,,,0.740883002130186,0.5589589301913311,0.2253407000823033,0.0301896922981599,0.045173592226141,0.0268830874085968,interfair/data/partitions/reports/named_comparisons/audits/hmda_oh/1008/cot_phi/SCORES.npz,f8529a8a34d4d054a88c1e6fe403899672d8a9f66e3d8ad4a112442f0d72205b,interfair/data/partitions/reports/named_comparisons/audits/hmda_oh/1008/cot_phi/DONE.json,06773998d15c7307f5a82bbbcb511555548334a2ad7d3b83fa30e0a5cc41a314,0.0813310786540853,0.844059156608981,0.7026390404033825,0.4708221340401546,0.155940843391019,0.844059156608981,primary ten-seed confirmation; original source checkpoint and supported bank,,,,,,,,,,,,,,0.03915797348755501,0.09187326312710259
0.8394505553002942,0.9476070722766954,0.9163407421539636,0.8538333333333333,0.1094987602649091,0.3577038737695372,0.0135366388767003,0.0103300361065579,0.0502710484990813,0.9936618948748772,0.7267441860465116,0.9445385644226484,11215.0,0.9865384615384616,0.7132075471698113,0.8942675159235669,785.0,0.1950017290306532,0.4784158248454331,,0.8159831564807134,0.944033126369672,,0.1906097229256767,0.0272266087068277,0.0812328597674002,,0.6653984176733942,0.0588472514188056,,0.0260402857972972,0.0233786692996124,,,,,,,,,,,,,,hmda_oh,1008,mlp,dralign,,,,,,,,,,,,,,,,,,,,,,,interfair/data/partitions/reports/named_comparisons/audits/hmda_oh/1008/dralign/DONE.json,,,,,,,,,,,,,,,,0.8083118888770652,0.6550630082628572,0.177043478759585,0.0205033276975739,0.0390410482033186,0.0206465274498372,interfair/data/partitions/reports/named_comparisons/audits/hmda_oh/1008/dralign/SCORES.npz,8dadd101fd7609a87f4870911f10cd05453c1488226e5d83085132010e76b076,interfair/data/partitions/reports/named_comparisons/audits/hmda_oh/1008/dralign/DONE.json,682bc3ea7c941a380f091dffe736daa3a5b16324e20298e005aa425a960b983b,0.0498699550875215,0.8159831564807134,0.6479229870410226,0.3737463128984306,0.1840168435192866,0.8159831564807134,primary ten-seed confirmation; original source checkpoint and supported bank,,,,,,,,,,,,,,0.00712343333641563,0.013536638876700313
,,0.923205260316993,0.8695833333333334,,,0.021423870118473,0.0109101059190837,0.070172170460967,0.9726805813572288,0.561046511627907,0.896923762817655,11215.0,0.9730769230769232,0.539622641509434,0.8267515923566879,785.0,,,,,,,,,,,,,,,0.0430916767611739,,,,,,,,,,,,,,hmda_oh,1008,mlp,mirrorfair,,,,,,,,,,,,,,,,,,,,,,,interfair/data/partitions/reports/named_comparisons/audits/hmda_oh/1008/mirrorfair/DONE.json,,,,,,,,,,,,,,,,,,,,0.0405982096149329,0.0205990436750129,interfair/data/partitions/reports/named_comparisons/audits/hmda_oh/1008/mirrorfair/SCORES.npz,be45069083c9e6dcecaae11a14bef624415f2ccdc8ab7fdc391b999f3ef9ea35,interfair/data/partitions/reports/named_comparisons/audits/hmda_oh/1008/mirrorfair/DONE.json,e9209ae39fedb4ee1dd90617bf7fad17aafc519b292ce960614173cc27d9b06d,,,,,,,primary ten-seed confirmation; original source checkpoint and supported bank,,,,,,,,,,,,,,0.0003963417196943819,0.02142387011847302
0.8093854582620956,0.93675947939053,0.9146481022315468,0.8508333333333333,0.1175260308417882,0.3871193874464298,0.0657086441421677,0.0366126334788324,0.0235450133607457,0.992132007430882,0.7267441860465116,0.943290236290682,11215.0,0.9846153846153848,0.7924528301886793,0.9197452229299364,785.0,0.1245632108659895,0.310126493527339,,0.728928416192119,0.5240961818839286,,0.1146406830018761,0.0208440928835496,0.0575663059949874,,0.6442583007022107,0.0572072339054139,,0.018074934131227,0.0153024272935984,,,,,,,,,,,,,,hmda_oh,1008,mlp,neufair,,,,,,,,,,,,,,,,,,,,,,,interfair/data/partitions/reports/named_comparisons/audits/hmda_oh/1008/neufair/DONE.json,,,,,,,,,,,,,,,,0.4368798011099504,0.5777455307062673,0.1107500037914048,0.0165949608572739,0.0208722318605207,0.0098797705698943,interfair/data/partitions/reports/named_comparisons/audits/hmda_oh/1008/neufair/SCORES.npz,336ceed99e69d78fce4d487ed51c98ee96cf3574497565fbf2cb25fe020ff6e1,interfair/data/partitions/reports/named_comparisons/audits/hmda_oh/1008/neufair/DONE.json,a3350dc251cee9651a6145852096a8ac8cb55b588fb4edc5f682f0ec7cbc4111,0.0694477235505317,0.728928416192119,0.4929534773679739,0.196454219564106,0.271071583807881,0.728928416192119,primary ten-seed confirmation; original source checkpoint and supported bank,,,,,,,,,,,,,,0.007516622815497254,0.0657086441421677
0.847532909582277,0.9502517568721376,0.92228889214108,0.86725,0.1009972438560671,0.3349794490326672,0.040244259178002,0.0285344090372328,0.0835982291687372,0.9783630204349252,0.5949612403100775,0.9078020508247884,11215.0,0.9615384615384616,0.5547169811320755,0.824203821656051,785.0,0.2912306581084053,0.6771659199434977,,0.8671413861672033,0.9374615087126384,,0.1965788882111828,0.0499508419656537,0.1487444260945686,,0.7531637892737012,0.0804047161461751,,0.0345236789837246,0.0685044217612512,,,,,,,,,,,,,,hmda_oh,1009,mlp,ltdd,,,,,,,,,,,,,,,,,,,,,,,interfair/data/partitions/reports/named_comparisons/audits/hmda_oh/1009/ltdd/DONE.json,,,,,,,,,,,,,,,,1.107580256458366,1.0045745169513156,0.191271676236056,0.0293552929346135,0.0576642860567657,0.0394912589314168,interfair/data/partitions/reports/named_comparisons/audits/hmda_oh/1009/ltdd/SCORES.npz,be34e4a9201eba75665ee8335991ee8bde3fa576348c10d390e9fce62f9801de,interfair/data/partitions/reports/named_comparisons/audits/hmda_oh/1009/ltdd/DONE.json,d64904b5d93efc7e27fc7e039c6a26bb19accca50fab0e452d17c7e01758ccbe,0.0681697256670271,0.8671413861672034,0.736644018746314,0.5152312202459247,0.13285861383279662,0.8671413861672034,primary ten-seed confirmation; original source checkpoint and supported bank,,,,,,,,,,,,,,0.016824558896463615,0.040244259178002006
0.8470802320340935,0.948956495942984,0.922556280347246,0.8684166666666666,0.1002715009804305,0.3335116876103646,0.1166575252303642,0.09257134224078,0.1460316739126113,0.9761774669435036,0.5770348837209303,0.9027195720017832,11215.0,0.9076923076923076,0.460377358490566,0.756687898089172,785.0,0.2810433850063581,0.7128491656711469,,0.8661002393051602,0.9374541025834956,,0.2377908242561252,0.0428990405511979,0.1588629081845283,,0.6656010505094526,0.0587351053691468,,0.0360878832077085,0.0449372811714601,,,,,,,,,,,,,,hmda_oh,1009,mlp,cot_phi,,,,,,,,,,,,,,,,,,,,,,,interfair/data/partitions/reports/named_comparisons/audits/hmda_oh/1009/cot_phi/DONE.json,,,,,,,,,,,,,,,,0.907621468246982,0.6570602450155044,0.2186139480652272,0.0291686023123679,0.059405932870345,0.033111840556635,interfair/data/partitions/reports/named_comparisons/audits/hmda_oh/1009/cot_phi/SCORES.npz,58ecb5b0f1abf0820202324daf1820060f7191782388f97af2ffac2a78da7728,interfair/data/partitions/reports/named_comparisons/audits/hmda_oh/1009/cot_phi/DONE.json,83a39f333034d23dc909cb52fae2ab2bd912f304499d0b3572770c4b99d044f6,0.0603490053599918,0.8661002393051604,0.735342995550382,0.5104349667745238,0.13389976069483955,0.8661002393051604,primary ten-seed confirmation; original source checkpoint and supported bank,,,,,,,,,,,,,,0.06848515925119603,0.11665752523036427
0.8375443459504252,0.946414002207514,0.9151509094543274,0.8585,0.1079694157590242,0.3545791013507537,0.048036419482229,0.0378760899223473,0.0333589852080499,0.9453611627144576,0.502906976744186,0.8639322336156933,11215.0,0.9730769230769232,0.5509433962264151,0.8305732484076433,785.0,0.1467894636750862,0.4055908255852183,,0.7006591408728295,0.7350874798077112,,0.1652141906113751,0.0250716741348189,0.0890424637267222,,0.5191385227822845,0.0771353408380106,,0.0316368443076353,0.0484859776876095,,,,,,,,,,,,,,hmda_oh,1009,mlp,dralign,,,,,,,,,,,,,,,,,,,,,,,interfair/data/partitions/reports/named_comparisons/audits/hmda_oh/1009/dralign/DONE.json,,,,,,,,,,,,,,,,1.0260951413054384,1.0591722784906996,0.1489223802902274,0.0215950546807299,0.0694316148240424,0.0330384261039499,interfair/data/partitions/reports/named_comparisons/audits/hmda_oh/1009/dralign/SCORES.npz,6bf61ac85d965b6aa7b1468c97b469f5e0c28084f172fd55c7b75f99eea98819,interfair/data/partitions/reports/named_comparisons/audits/hmda_oh/1009/dralign/DONE.json,5ac35ba161f69be8d606bd9d7393b7c9d63fcaf9f9e37c8121a63fbad8f55341,0.0204420893256044,0.7006591408728295,0.4699693942808836,0.2265413077188367,0.29934085912717046,0.7006591408728295,primary ten-seed confirmation; original source checkpoint and supported bank,,,,,,,,,,,,,,0.02771576036246559,0.04803641948222903
,,0.9224036191974824,0.8685,,,0.0156501389498318,0.0081293657687215,0.0595227615426336,0.9698393618183804,0.5503875968992248,0.892643780650914,11215.0,0.9692307692307692,0.5660377358490566,0.8331210191082803,785.0,,,,,,,,,,,,,,,0.0389453765223508,,,,,,,,,,,,,,hmda_oh,1009,mlp,mirrorfair,,,,,,,,,,,,,,,,,,,,,,,interfair/data/partitions/reports/named_comparisons/audits/hmda_oh/1009/mirrorfair/DONE.json,,,,,,,,,,,,,,,,,,,,0.0462589842595423,0.0237023436651781,interfair/data/partitions/reports/named_comparisons/audits/hmda_oh/1009/mirrorfair/SCORES.npz,65a6bd820e7a76d4f2be7de5918394bd2c225c131a954b08c49e36544659ed54,interfair/data/partitions/reports/named_comparisons/audits/hmda_oh/1009/mirrorfair/DONE.json,4aecac7e2dc0c0beddc253c1e75009129d402a03ded7193a7784145859c64e80,,,,,,,primary ten-seed confirmation; original source checkpoint and supported bank,,,,,,,,,,,,,,0.0006085925876111453,0.015650138949831804
0.8406668487262717,0.9485577756497144,0.9155868902439024,0.8523333333333334,0.1158633201087655,0.3858640757641433,0.069482229047828,0.0364890319436159,0.0198761326817189,0.9938804502240192,0.7267441860465116,0.9447168970129292,11215.0,0.9903846153846154,0.7962264150943397,0.9248407643312102,785.0,0.0547052046302719,0.1388424534350633,,0.446761380723206,0.355799115757852,,0.0668080962953131,0.0117957264301524,0.0310445431906443,,0.4535149706878328,0.0520229670052,,0.0139440991021251,0.0212326964614119,,,,,,,,,,,,,,hmda_oh,1009,mlp,neufair,,,,,,,,,,,,,,,,,,,,,,,interfair/data/partitions/reports/named_comparisons/audits/hmda_oh/1009/neufair/DONE.json,,,,,,,,,,,,,,,,0.4491455788613497,0.6371246259967248,0.0667539020572959,0.013137010669151,0.0324777703933632,0.0127552960968693,interfair/data/partitions/reports/named_comparisons/audits/hmda_oh/1009/neufair/SCORES.npz,db43ef30bc47b34c2af21e3e017698216e851c98c0bceb9c3dfde96f38988489,interfair/data/partitions/reports/named_comparisons/audits/hmda_oh/1009/neufair/DONE.json,b85e25c89f4f28d713858e3bcb54af4662ee26d00161850400605f586766b3c4,0.0172033645357957,0.4467613807232061,0.1426511249208656,0.012124297560018,0.553238619276794,0.4467613807232061,primary ten-seed confirmation; original source checkpoint and supported bank,,,,,,,,,,,,,,0.003495834839403744,0.06948222904782808
0.9016589251873015,,0.8147922690610258,0.8156339948492652,,,0.008407448968813958,0.006838766425520532,0.08041462259301152,0.8321408915795266,0.20631720430107528,0.5503782148260212,3305.0,0.8405483405483406,0.20104712041884817,0.4699635922330097,3296.0,0.0,0.0,0.0,,0.7600053608118703,,0.0129037814302158,0.0,0.0,0.0,,0.1189156073687247,,0.0042495141861934,0.0,,,,,,,,,,True,interfair/baselines/evaluation/matched_removal/runs/confirmation/main/mlp/acs_income/1000/tied/selected.pt,,,acs_income,1000,mlp,tied,,0c13ad26e925a759e574e05aae2135427ac6d97e6e2bcefab58e18a4c8ef43ab,1.0,15.0,,,True,True,,,-0.1041443754124294,-0.0341060780677411,-0.137110741575628,-0.0035023172985448,-0.0025288546391138,-0.0647117435997278,-0.0733752368432647,-0.008579886601864,-0.0166482926859936,,,,interfair/baselines/evaluation/matched_removal/runs/confirmation/main/mlp/acs_income/1000/tied/DONE.json,,,,,,,,,,True,,,,,,,,0.0143805418035383,0.0018476001323365,0.0207094539225398,0.0147898512725031,,,,,0.0,0.0,,,1.0,0.0,matched ten-seed removal with same population penalties; distinct architecture,3.0,100.83029024896678,0d08a1fd5cf067fd4e388bf853a67d9dd6b316601478cad5a7757c991cc50d8e,interfair/baselines/evaluation/matched_removal/runs/confirmation/main/mlp/acs_income/1000/tied/audit.npz,8a628720aa5aea1a208bfddd27f5ee022cc34da6419a44184f2462d4699253f6,0.0,0.0,True,True,interfair/baselines/additive/runs/confirmation/main/mlp/acs_income/1000/structural/DONE.json,43ce6f7e60004b4c076547a726af21d36d5e7016c6b48d5f5d561d389b8b6167,228643ac5ec53c0c6bc931dc7a4604459a7fff229ffdbb443c5686b93fff25bf,,0.008407448968813958,0.005270083882227106
0.9017284781391488,,0.8194919031347496,0.8159369792455688,,,0.01531976580532568,0.009847415910228863,0.0918619552604909,0.8629609246009906,0.23521505376344087,0.5803328290468986,3305.0,0.8585858585858586,0.2198952879581152,0.48847087378640774,3296.0,0.0,0.0,0.0,,0.7787395446946294,,0.0085044681422258,0.0,0.0,0.0,,0.1217178996343696,,0.0041468800799299,0.0,,,,,,,,,,True,interfair/baselines/evaluation/matched_removal/runs/confirmation/main/mlp/acs_income/1001/tied/selected.pt,,,acs_income,1001,mlp,tied,,df85366d468b170e59af7fd83edc05e18579de13dda77c0503552b613f7613e0,1.0,15.0,,,True,True,,,-0.130572302210318,-0.0362351393746139,-0.1357561569523478,-0.0007916357108561,0.0142551163236941,-0.059247916264358,-0.0577918680140416,-0.0058002416942953,-0.0203927993408338,,,,interfair/baselines/evaluation/matched_removal/runs/confirmation/main/mlp/acs_income/1001/tied/DONE.json,,,,,,,,,,True,,,,,,,,0.0131811036348787,0.0025258712191267,0.0187538686455557,0.0157907472607936,,,,,0.0,0.0,,,1.0,0.0,matched ten-seed removal with same population penalties; distinct architecture,3.0,101.13519732403802,2c7dac48c948d73c171a5a425c8c6f0eaed686ed4c10abaf2c9fa90690d4282c,interfair/baselines/evaluation/matched_removal/runs/confirmation/main/mlp/acs_income/1001/tied/audit.npz,0aa154135403f029fa710c8d158892896e29d9097bb26f89a9a2310a90173bc0,0.0,0.0,True,True,interfair/baselines/additive/runs/confirmation/main/mlp/acs_income/1001/structural/DONE.json,ce6717cfe95aef2ef15c983bd8bb3159f40ca14889e50d52e054ff792687545a,228643ac5ec53c0c6bc931dc7a4604459a7fff229ffdbb443c5686b93fff25bf,,0.004375066015132045,0.01531976580532568
0.9016521260876493,,0.8171977435584693,0.8183608544159976,,,0.02268831278500255,0.013450485824092168,0.09193300823994238,0.8348926802421573,0.21169354838709678,0.5543116490166414,3305.0,0.8391053391053391,0.18900523560209423,0.46237864077669905,3296.0,0.0,0.0,0.0,,0.72009030171053,,0.0098518520794466,0.0,0.0,0.0,,0.1157521553275267,,0.0040307659067018,0.0,,,,,,,,,,True,interfair/baselines/evaluation/matched_removal/runs/confirmation/main/mlp/acs_income/1002/tied/selected.pt,,,acs_income,1002,mlp,tied,,7a6fd701abea82e70d17881c63613fd753f664fd8d02d38b890ea4104386ca4f,1.0,16.0,,,True,True,,,-0.1184741734196624,-0.0338975001193248,-0.1317801088724089,-0.001611937895921,0.0061407308366222,-0.0481170556091243,-0.0509807881556336,-0.0092090954455679,-0.0161388974747212,,,,interfair/baselines/evaluation/matched_removal/runs/confirmation/main/mlp/acs_income/1002/tied/DONE.json,,,,,,,,,,True,,,,,,,,0.011331802945488,0.0010221527410472,0.0105140293696514,0.0122156304693708,,,,,0.0,0.0,,,1.0,0.0,matched ten-seed removal with same population penalties; distinct architecture,4.0,108.08214480802415,f8f50c1c6292757dedb69a422288676f00da449b70ba6e52cc842850eee11c95,interfair/baselines/evaluation/matched_removal/runs/confirmation/main/mlp/acs_income/1002/tied/audit.npz,1a5bf026c35f68ef73ff37e8df618c338a84eb1aa39697a341fe6113798dee78,0.0,0.0,True,True,interfair/baselines/additive/runs/confirmation/main/mlp/acs_income/1002/structural/DONE.json,a6dc92c9a7e2fc85985a0c706ca84c0ec3c20d938da5a9b593364e4d0a53092c,228643ac5ec53c0c6bc931dc7a4604459a7fff229ffdbb443c5686b93fff25bf,,0.004212658863181784,0.02268831278500255
0.9008184554025921,,0.8162511542012927,0.8191183154067565,,,0.013263383103779391,0.012865154367855458,0.08256567351614935,0.8222344523940561,0.19623655913978494,0.540393343419062,3305.0,0.8354978354978355,0.1837696335078534,0.4578276699029126,3296.0,0.0,0.0,0.0,,0.671883449217707,,0.0171236779368259,0.0,0.0,0.0,,0.1026167120387816,,0.0034604826532208,0.0,,,,,,,,,,True,interfair/baselines/evaluation/matched_removal/runs/confirmation/main/mlp/acs_income/1003/tied/selected.pt,,,acs_income,1003,mlp,tied,,0e768ab90f7e044bda7f0135c8b8e832f7e381fe72d3cdea9e5bb4babd8b36a2,1.0,20.0,,,True,True,,,-0.1197296012126403,-0.033863593660619,-0.1508850547983598,-0.0037187859307149,0.0001231341197112,-0.0535234647372986,-0.0661019454195614,-0.0236084998499941,-0.0181389621986085,,,,interfair/baselines/evaluation/matched_removal/runs/confirmation/main/mlp/acs_income/1003/tied/DONE.json,,,,,,,,,,True,,,,,,,,0.0142352718814863,0.0028546179368034,0.0164918805770275,0.0161328394047156,,,,,0.0,0.0,,,1.0,0.0,matched ten-seed removal with same population penalties; distinct architecture,8.0,137.6997641720227,bf9aa75a1831ade6e8b26c597066a13c7126e0e412915f446232b20fb010493c,interfair/baselines/evaluation/matched_removal/runs/confirmation/main/mlp/acs_income/1003/tied/audit.npz,01f824dc370b3d41457e434cd128df589ea085c6f463b7871ab9cbd82a6b17b8,0.0,0.0,True,True,interfair/baselines/additive/runs/confirmation/main/mlp/acs_income/1003/structural/DONE.json,b1fe31ddac5895f84adc0649141ddf3c64b33f5c81df74260c3a76194261bc9f,228643ac5ec53c0c6bc931dc7a4604459a7fff229ffdbb443c5686b93fff25bf,,0.013263383103779391,0.012466925631931525
0.9023494013208997,,0.8142989786443825,0.8182093622178458,,,0.015537915892585713,0.008096750376451814,0.08985218409882062,0.8211337369290038,0.1935483870967742,0.5385779122541604,3305.0,0.8217893217893217,0.17801047120418848,0.4487257281553398,3296.0,0.0,0.0,0.0,,0.7390858564716568,,0.0124034878657708,0.0,0.0,0.0,,0.1145947457232157,,0.0044260800950301,0.0,,,,,,,,,,True,interfair/baselines/evaluation/matched_removal/runs/confirmation/main/mlp/acs_income/1004/tied/selected.pt,,,acs_income,1004,mlp,tied,,6e2b1983a81dc79e2ef981da970c39e64c90764c6c22ce73a987064f7326e226,1.0,15.0,,,True,True,,,-0.091569774609188,-0.0279221591213712,-0.1149569675621717,-0.0016960537841859,-0.0085615838930203,-0.0502430106102517,-0.0514157352055577,-0.0081139779864845,-0.0115944430379519,,,,interfair/baselines/evaluation/matched_removal/runs/confirmation/main/mlp/acs_income/1004/tied/DONE.json,,,,,,,,,,True,,,,,,,,0.0125614051122334,0.0017221733900576,0.0214653053328485,0.0159675356383948,,,,,0.0,0.0,,,1.0,0.0,matched ten-seed removal with same population penalties; distinct architecture,3.0,100.75833650201092,08e7ea62751517c01be7cf5451589336b8e887e6bddb5790e75d98570cabdcec,interfair/baselines/evaluation/matched_removal/runs/confirmation/main/mlp/acs_income/1004/tied/audit.npz,9dfa347b54249b735583d98ecf73c03431ad14687e0ddecf0c8ec87f731ad710,0.0,0.0,True,True,interfair/baselines/additive/runs/confirmation/main/mlp/acs_income/1004/structural/DONE.json,516d0516cbc1be6a466669cd470ecf0d495bb99f1d8f38bdb072fb6397fd9c54,228643ac5ec53c0c6bc931dc7a4604459a7fff229ffdbb443c5686b93fff25bf,,0.0006555848603179149,0.015537915892585713
0.9022563271594446,,0.8184403532405329,0.8162399636418725,,,0.018171902268760892,0.01731828627920874,0.08339903132940674,0.8464501926252064,0.22916666666666666,0.5685325264750378,3305.0,0.862914862914863,0.21099476439790577,0.4851334951456311,3296.0,0.0,0.0,0.0,,0.7053043584874924,,0.0104793828917667,0.0,0.0,0.0,,0.108626279493643,,0.0031313313384884,0.0,,,,,,,,,,True,interfair/baselines/evaluation/matched_removal/runs/confirmation/main/mlp/acs_income/1005/tied/selected.pt,,,acs_income,1005,mlp,tied,,908294969877f5a9bead0aa893411eecb47bc22542cb1703d67eb96282600ee4,1.0,16.0,,,True,True,,,-0.1198056343311453,-0.0339805686230013,-0.130258503764697,-0.001819310435313,0.0018218781225903,-0.04298195093036,-0.0588245230086805,-0.0162691182634273,-0.0180556785295487,,,,interfair/baselines/evaluation/matched_removal/runs/confirmation/main/mlp/acs_income/1005/tied/DONE.json,,,,,,,,,,True,,,,,,,,0.0115125998490492,0.0015309773785065,0.0180459180779604,0.0158908340278628,,,,,0.0,0.0,,,1.0,0.0,matched ten-seed removal with same population penalties; distinct architecture,4.0,104.80091950198404,13d65863849ca3edd999f93d95f97484dbf1299b0ec80b2dd920cfecbaa1751c,interfair/baselines/evaluation/matched_removal/runs/confirmation/main/mlp/acs_income/1005/tied/audit.npz,02c074b82d374661ee31bf1f2925363678100caffa09f3a2939d79e00557a9aa,0.0,0.0,True,True,interfair/baselines/additive/runs/confirmation/main/mlp/acs_income/1005/structural/DONE.json,4b06a68e89d9c3da72374fe3e08256a2ace69babf3101052a5ffc2d32151f9c2,228643ac5ec53c0c6bc931dc7a4604459a7fff229ffdbb443c5686b93fff25bf,,0.01646467028965659,0.018171902268760892
0.8982024099316837,,0.8087932943223154,0.8168459324344797,,,0.017216746440742003,0.009480973569411133,0.07445737188431767,0.7908640616400661,0.16666666666666666,0.5098335854765507,3305.0,0.8080808080808081,0.1649214659685864,0.435376213592233,3296.0,0.0,0.0,0.0,,0.7430717032040475,,0.0191188366679697,0.0,0.0,0.0,,0.1130363073892009,,0.005669165356495,0.0,,,,,,,,,,True,interfair/baselines/evaluation/matched_removal/runs/confirmation/main/mlp/acs_income/1006/tied/selected.pt,,,acs_income,1006,mlp,tied,,a7f1fe20ef16ab271d41ac1df90cb6c9d9898efc2e8ab6cb5403a8b7a60435cd,1.0,22.0,,,True,True,,,-0.1189001724286356,-0.0346154673423615,-0.1484866325429015,-0.0041863159115287,-0.0022054414551814,-0.0566677691062023,-0.0730173097542705,-0.0037138350765955,-0.014129982785816,,,,interfair/baselines/evaluation/matched_removal/runs/confirmation/main/mlp/acs_income/1006/tied/DONE.json,,,,,,,,,,True,,,,,,,,0.0126911150962399,0.0045617092062028,0.0203824168569267,0.0184589767154803,,,,,0.0,0.0,,,1.0,0.0,matched ten-seed removal with same population penalties; distinct architecture,10.0,148.02675957296742,5feba2445c1bbed689c92d277eadd2ba42806dbe2e074275c58db39b439e25a0,interfair/baselines/evaluation/matched_removal/runs/confirmation/main/mlp/acs_income/1006/tied/audit.npz,6f94368932b8cc03ce134ca922a7744ef63a0287c9c687963e5d14e1214305a8,0.0,0.0,True,True,interfair/baselines/additive/runs/confirmation/main/mlp/acs_income/1006/structural/DONE.json,a68580daa814d189295d9ac783930cc113b3c8ba8f88f475a39895d1dda64b33,228643ac5ec53c0c6bc931dc7a4604459a7fff229ffdbb443c5686b93fff25bf,,0.017216746440742003,0.0017452006980802626
0.9011205099986273,,0.8164713140037014,0.8197242841993637,,,0.013471454858356324,0.011738401527021991,0.08135951706005906,0.8205833791964777,0.1922043010752688,0.5376701966717096,3305.0,0.834054834054834,0.18219895287958116,0.4563106796116505,3296.0,0.0,0.0,0.0,,0.7729257112773783,,0.0124360035602722,0.0,0.0,0.0,,0.1172248506904581,,0.0034004251489525,0.0,,,,,,,,,,True,interfair/baselines/evaluation/matched_removal/runs/confirmation/main/mlp/acs_income/1007/tied/selected.pt,,,acs_income,1007,mlp,tied,,7e408bb48cd40d7a85f6452ce2b5c3683afd4176a50251e86b922878fabdfdc5,1.0,20.0,,,True,True,,,-0.1044218472999936,-0.0326400199229995,-0.1330684963286655,-0.0041009137071135,-0.0019461276794819,-0.0581160294208875,-0.0705645131677511,0.0004555069213906,-0.0165296613165555,,,,interfair/baselines/evaluation/matched_removal/runs/confirmation/main/mlp/acs_income/1007/tied/DONE.json,,,,,,,,,,True,,,,,,,,0.022577057835387,0.0039932751292083,0.0145823995149985,0.0133528463269868,,,,,0.0,0.0,,,1.0,0.0,matched ten-seed removal with same population penalties; distinct architecture,8.0,135.14594676101115,eb4c39fa2327e0d7fe3deed9657776cabf9d3b4783b0307317e164eb5edfd09f,interfair/baselines/evaluation/matched_removal/runs/confirmation/main/mlp/acs_income/1007/tied/audit.npz,9abe5fdf7c06c23b2f20156f56cabf44bd4c05ec64771101ba8fbd90f96e5291,0.0,0.0,True,True,interfair/baselines/additive/runs/confirmation/main/mlp/acs_income/1007/structural/DONE.json,e449c6e95c3336e0fd47c62aae4a70675460984e786cff6b0a0a8d68249faa0e,228643ac5ec53c0c6bc931dc7a4604459a7fff229ffdbb443c5686b93fff25bf,,0.013471454858356324,0.010005348195687658
0.9009583422839499,,0.8121779859484778,0.8177548856233904,,,0.020109215785621803,0.017365907856835144,0.0853309563327116,0.8057237204182719,0.1881720430107527,0.5276853252647504,3305.0,0.8203463203463204,0.16806282722513088,0.44235436893203883,3296.0,0.0,0.0,0.0,,0.7586843594161967,,0.0196928734358323,0.0,0.0,0.0,,0.1180169712997008,,0.0057369786120002,0.0,,,,,,,,,,True,interfair/baselines/evaluation/matched_removal/runs/confirmation/main/mlp/acs_income/1008/tied/selected.pt,,,acs_income,1008,mlp,tied,,bc23e3d1cc211f77d9685420fd0eeef1d327416056ad8eba48a67e895040bc4d,1.0,20.0,,,True,True,,,-0.1038148986795491,-0.0328710614685792,-0.1294331963978335,-0.0033230599550121,-0.0030793669926987,-0.0546510698917794,-0.068120804753022,0.0038173103695562,-0.0136209296167331,,,,interfair/baselines/evaluation/matched_removal/runs/confirmation/main/mlp/acs_income/1008/tied/DONE.json,,,,,,,,,,True,,,,,,,,0.0097767315935161,0.0021096701216275,0.0149705651280456,0.0060961522510737,,,,,0.0,0.0,,,1.0,0.0,matched ten-seed removal with same population penalties; distinct architecture,8.0,135.37803623400396,ac88b31487e6c1bb7854a2855bc8751185a6d98b1ee99bd94b3383fe6873fe2e,interfair/baselines/evaluation/matched_removal/runs/confirmation/main/mlp/acs_income/1008/tied/audit.npz,b1bc60f8bb1be91335592ed09f5578175ed10b926b758623e6a2d4381e389eb8,0.0,0.0,True,True,interfair/baselines/additive/runs/confirmation/main/mlp/acs_income/1008/structural/DONE.json,2c92f154ba917f972cc9b733222331c2dc078e511e4820f6bdc85813aaa204ef,228643ac5ec53c0c6bc931dc7a4604459a7fff229ffdbb443c5686b93fff25bf,,0.014622599928048485,0.020109215785621803
0.900046344133305,,0.8079325421611493,0.8136645962732919,,,0.022867758824522882,0.014966532779807487,0.08927017390538017,0.8046230049532196,0.1935483870967742,0.529500756429652,3305.0,0.8116883116883117,0.1706806282722513,0.44023058252427183,3296.0,0.0,0.0,0.0,,0.8426147588667601,,0.0197993724515614,0.0,0.0,0.0,,0.1362008330375061,,0.0055991059174941,0.0,,,,,,,,,,True,interfair/baselines/evaluation/matched_removal/runs/confirmation/main/mlp/acs_income/1009/tied/selected.pt,,,acs_income,1009,mlp,tied,,ef1c758947c2b2ae7d670f8c0a26290639d90f664a3a963f1528983e90f3e9ae,1.0,14.0,,,True,True,,,-0.0903452227839493,-0.0321554984565551,-0.1391173654079173,-0.0054871490584992,-0.0051822119372113,-0.0612490615492103,-0.0681712027965864,0.0153888466920583,-0.0130136172806175,,,,interfair/baselines/evaluation/matched_removal/runs/confirmation/main/mlp/acs_income/1009/tied/DONE.json,,,,,,,,,,True,,,,,,,,0.0229507749898467,0.0029562147361271,0.0158941493343785,0.0145904960144161,,,,,0.0,0.0,,,1.0,0.0,matched ten-seed removal with same population penalties; distinct architecture,2.0,94.68354008003372,33717bbe75dc3dd5ee76fd288071fe3ebbda22116c5a61716beb2ce5cf0f2fb8,interfair/baselines/evaluation/matched_removal/runs/confirmation/main/mlp/acs_income/1009/tied/audit.npz,9584a0bb8a7f216126d151b0cee4f5ff3c29716468642f9440ac007ae7ebf1b9,0.0,0.0,True,True,interfair/baselines/additive/runs/confirmation/main/mlp/acs_income/1009/structural/DONE.json,8ec3a2833bc36cf553fd3eeb34acd2da995848d533e327498f73e60e47e2550c,228643ac5ec53c0c6bc931dc7a4604459a7fff229ffdbb443c5686b93fff25bf,,0.007065306735092092,0.022867758824522882
0.7752562941860512,,0.8855872245805538,0.8114590273151232,,,0.01680462923910475,0.01386765887050384,0.025822985753299332,0.9267886855241264,0.6243478260869565,0.8536585365853658,2378.0,0.9435933147632312,0.6352785145888594,0.8794815223386652,3626.0,0.0,0.0,0.0,,0.1357419019065598,,0.0031671081557384,0.0,0.0,0.0,,0.0180201470581747,,0.0007673882641084,0.0,,,,,,,,,,True,interfair/baselines/evaluation/matched_removal/runs/confirmation/main/mlp/credit_broad/1000/tied/selected.pt,,,credit_broad,1000,mlp,tied,,b9c1a12386802500ccce7d323c8dbfced14acf7c2c46d45e02c3a21c4671c963,1.0,15.0,,,True,False,,,-0.0150230286523279,-0.0027985011891303,-0.0082074795906781,-0.0047565818857812,-0.008234975318994,-0.0004148768864105,0.001977355395594,-0.0020677070136858,-0.0009654049980103,,,,interfair/baselines/evaluation/matched_removal/runs/confirmation/main/mlp/credit_broad/1000/tied/DONE.json,,,,,,,,,,False,,,,,,,,0.0017177501652312,0.0005087466288092,0.0074565303857764,0.0043548513657182,,,,,0.0,0.0,,,1.0,0.0,matched ten-seed removal with same population penalties; distinct architecture,3.0,174.91068375698524,4099dd85590f97a77f62e97d662c4431f6d4884d310a7d0bf4b80325120fc44b,interfair/baselines/evaluation/matched_removal/runs/confirmation/main/mlp/credit_broad/1000/tied/audit.npz,d3471f660669e8c72ddc40cd89a84706e6036bd166f95ba64b63d3ea612cfb6f,0.0,0.0,True,True,interfair/baselines/additive/runs/confirmation/main/mlp/credit_broad/1000/structural/DONE.json,f1d8f0c020919a368dd013d4addac03f6a04b88abdacf0031be1af0d3736c120,228643ac5ec53c0c6bc931dc7a4604459a7fff229ffdbb443c5686b93fff25bf,,0.01680462923910475,0.01093068850190293
0.7849249365249896,,0.8922984955664043,0.8199533644237175,,,0.008146434988420714,0.0048885790442045884,0.015822554330303884,0.9528563505268997,0.6660869565217391,0.883515559293524,2378.0,0.9610027855153204,0.6644562334217506,0.8993381136238279,3626.0,0.0,0.0,0.0,,0.1509085630636003,,0.0048208383370871,0.0,0.0,0.0,,0.0192349953850193,,0.0009990102880629,0.0,,,,,,,,,,True,interfair/baselines/evaluation/matched_removal/runs/confirmation/main/mlp/credit_broad/1001/tied/selected.pt,,,credit_broad,1001,mlp,tied,,9bd20542b5d113f783f81b4397163fdb1fd94599800c0c38e4915f892337df3f,1.0,20.0,,,True,True,,,-0.0653820314937876,-0.0107945318628161,-0.0333821448406993,0.0001765631350015,0.0037921664524802,-0.0426806081760003,-0.0340054099515832,-0.0143538013602774,-0.0059184777339292,,,,interfair/baselines/evaluation/matched_removal/runs/confirmation/main/mlp/credit_broad/1001/tied/DONE.json,,,,,,,,,,True,,,,,,,,0.0028757343868106,0.0005543968472695,0.0056803454537958,0.0029675140137266,,,,,0.0,0.0,,,1.0,0.0,matched ten-seed removal with same population penalties; distinct architecture,8.0,234.88135072001023,836850a367bdf3766b83de17bcc253c2388356a69acecf2151008f9c17e5bb87,interfair/baselines/evaluation/matched_removal/runs/confirmation/main/mlp/credit_broad/1001/tied/audit.npz,b135c8c12d0b7ba2606514a9452eecd0d1a859235300fb3c12135ebf87063e7f,0.0,0.0,True,True,interfair/baselines/additive/runs/confirmation/main/mlp/credit_broad/1001/structural/DONE.json,ac0b0d43ab37c9d09838c12c8120195240f6ce3867dcb2755689007f0c717094,228643ac5ec53c0c6bc931dc7a4604459a7fff229ffdbb443c5686b93fff25bf,,0.008146434988420714,0.0016307230999884625
0.7827416375949108,,0.8928073321378761,0.820786142571619,,,0.0082881826482325,0.0066005553997707245,0.01749095519370658,0.9534109816971714,0.6608695652173913,0.8826745164003365,2378.0,0.9616991643454039,0.6657824933687002,0.900165471594043,3626.0,0.0,0.0,0.0,,0.1620352340973513,,0.0048690329080206,0.0,0.0,0.0,,0.0227655727114483,,0.0009798459848691,0.0,,,,,,,,,,True,interfair/baselines/evaluation/matched_removal/runs/confirmation/main/mlp/credit_broad/1002/tied/selected.pt,,,credit_broad,1002,mlp,tied,,180b16dce9e5f6bacc94ee2a521b17bdeedae76973e91b1d9fe61eae7f0510a3,1.0,20.0,,,True,True,,,-0.0264236488393585,-0.0044371826654173,-0.0137414572442117,-0.0044579374947186,0.0005612090763453,-0.0146197493334881,-0.0097267329635466,-0.0022648235315806,-0.0025332359069191,,,,interfair/baselines/evaluation/matched_removal/runs/confirmation/main/mlp/credit_broad/1002/tied/DONE.json,,,,,,,,,,True,,,,,,,,0.0020331719157406,0.0004876626284763,0.0100266145561988,0.0039922289222512,,,,,0.0,0.0,,,1.0,0.0,matched ten-seed removal with same population penalties; distinct architecture,8.0,228.52392580598823,3c64a9b68a5702689e6c58368f31402ceb0b4bdd2f6931491628165764f66bb4,interfair/baselines/evaluation/matched_removal/runs/confirmation/main/mlp/credit_broad/1002/tied/audit.npz,08c72e1a19ca6cff31c21082d3e26f13198aae98da75ed6ab3b4ade03ad3b8d5,0.0,0.0,True,True,interfair/baselines/additive/runs/confirmation/main/mlp/credit_broad/1002/structural/DONE.json,e9c4eb5192c30c61b290ef04a218b15125f350670723d4b2d210e1aac53b8c85,228643ac5ec53c0c6bc931dc7a4604459a7fff229ffdbb443c5686b93fff25bf,,0.0082881826482325,0.0049129281513089484
0.7803406525754155,,0.8925405836072104,0.820286475682878,,,0.005579720892291862,0.004170324060492614,0.014836775980594297,0.9550748752079867,0.6643478260869565,0.8847771236333053,2378.0,0.9606545961002786,0.6671087533156499,0.8996138996138996,3626.0,0.0,0.0,0.0,,0.1720476692283452,,0.0053506914406746,0.0,0.0,0.0,,0.0213215666833306,,0.0011863963759821,0.0,,,,,,,,,,True,interfair/baselines/evaluation/matched_removal/runs/confirmation/main/mlp/credit_broad/1003/tied/selected.pt,,,credit_broad,1003,mlp,tied,,21cf278baa4f2e1bfc8a366916096ed26475ba86f409075f202be447139fc492,1.0,18.0,,,True,True,,,-0.0219826425861005,-0.004066259940313,-0.0084253280395955,-0.0035074419671419,-0.0001866891200622,-0.0165400081959021,-0.0140335405864662,-0.0031701046594601,-0.0016639899350715,,,,interfair/baselines/evaluation/matched_removal/runs/confirmation/main/mlp/credit_broad/1003/tied/DONE.json,,,,,,,,,,True,,,,,,,,0.0026691357528228,0.0008903979875717,0.0054343101161303,0.0030327763280889,,,,,0.0,0.0,,,1.0,0.0,matched ten-seed removal with same population penalties; distinct architecture,6.0,215.68959258997347,fa35b778ec867652d15bbd7ee8e77858c5087a287cd19749a4f8accfd7bb8c8b,interfair/baselines/evaluation/matched_removal/runs/confirmation/main/mlp/credit_broad/1003/tied/audit.npz,6832adee14cd5088a4023df422fab0f8bbe59b3bc07af09584b0f2c15a0ba854,0.0,0.0,True,True,interfair/baselines/additive/runs/confirmation/main/mlp/credit_broad/1003/structural/DONE.json,64d2b3dbba3eb47da49ae9659e15b4eadc0c9e23745579dcf67fa24b2b3f217d,228643ac5ec53c0c6bc931dc7a4604459a7fff229ffdbb443c5686b93fff25bf,,0.005579720892291862,0.002760927228693366
0.7818191475235692,,0.8939971893194137,0.8241172551632245,,,0.009372726050825175,0.00903188257333093,0.0202056727948835,0.9467554076539102,0.6226086956521739,0.868376787216148,2378.0,0.9561281337047354,0.6312997347480106,0.8885824600110315,3626.0,0.0,0.0,0.0,,0.1425389978295971,,0.0047878522321946,0.0,0.0,0.0,,0.0216103905434936,,0.001057182542589,0.0,,,,,,,,,,True,interfair/baselines/evaluation/matched_removal/runs/confirmation/main/mlp/credit_broad/1004/tied/selected.pt,,,credit_broad,1004,mlp,tied,,50f29ebd9072e2a38e7d11c2489aaf716b9452a14b14b22590c2d3fc5aa13453,1.0,17.0,,,True,True,,,-0.0428573458025538,-0.0065108732472996,-0.0185730662653039,-0.0031992209976541,0.0014500477450347,-0.0162460917395371,-0.0112524859010499,-0.007471160039229,-0.0031292732662281,,,,interfair/baselines/evaluation/matched_removal/runs/confirmation/main/mlp/credit_broad/1004/tied/DONE.json,,,,,,,,,,True,,,,,,,,0.0025438860750539,0.0006189915476914,0.0057088718426178,0.0029491588797965,,,,,0.0,0.0,,,1.0,0.0,matched ten-seed removal with same population penalties; distinct architecture,6.0,202.5238589090295,60a784bd8168b530be890953d9947bc614b5d188dd976da63d4f5129ca619324,interfair/baselines/evaluation/matched_removal/runs/confirmation/main/mlp/credit_broad/1004/tied/audit.npz,0bb733e0e8d5fd59ce583332ee30c7fda189d2ec8b1b2a2dd5ed516f76695ed3,0.0,0.0,True,True,interfair/baselines/additive/runs/confirmation/main/mlp/credit_broad/1004/structural/DONE.json,9ca0c10379db866c9dd8a24b85939fac6c8e2c0d190c64b89de6af05cda194d7,228643ac5ec53c0c6bc931dc7a4604459a7fff229ffdbb443c5686b93fff25bf,,0.009372726050825175,0.008691039095836683
0.7854288737863298,,0.8918515570589991,0.8189540306462358,,,0.012891246684350155,0.009409578495841897,0.011327868951321984,0.9550748752079867,0.68,0.8885618166526493,2378.0,0.9610027855153204,0.6671087533156499,0.8998896856039713,3626.0,0.0,0.0,0.0,,0.1964690186576032,,0.0073824503022448,0.0,0.0,0.0,,0.0261077047055735,,0.0014626926111422,0.0,,,,,,,,,,True,interfair/baselines/evaluation/matched_removal/runs/confirmation/main/mlp/credit_broad/1005/tied/selected.pt,,,credit_broad,1005,mlp,tied,,29d64477c0d3dd36ae08a43d7c0d6a196b9684da528adf5c75ef96c07ce96d07,1.0,24.0,,,True,True,,,-0.0402889268771512,-0.0066019156600881,-0.0212965431549248,-0.0029836272699104,0.0007209138308728,-0.0195863668323705,-0.0233634107838121,-0.0030071313041247,-0.0035401803404748,,,,interfair/baselines/evaluation/matched_removal/runs/confirmation/main/mlp/credit_broad/1005/tied/DONE.json,,,,,,,,,,True,,,,,,,,0.0032336830672585,0.0009029948420871,0.0065136239764722,0.0036683725685277,,,,,0.0,0.0,,,1.0,0.0,matched ten-seed removal with same population penalties; distinct architecture,12.0,281.0123769650236,93f635e70eb0d5793371f97e76cca0a6f503917dfd1b75111b5bcf3ec6fc89b6,interfair/baselines/evaluation/matched_removal/runs/confirmation/main/mlp/credit_broad/1005/tied/audit.npz,0d4c947259da1ba30f7ed982b8a5ee119a3884a928327b8ec0d233ed76834bd2,0.0,0.0,True,True,interfair/baselines/additive/runs/confirmation/main/mlp/credit_broad/1005/structural/DONE.json,14e41a709c02b4f23b62e62ec64b2ed8fccb60b642c950230782a3c2e017c3e0,228643ac5ec53c0c6bc931dc7a4604459a7fff229ffdbb443c5686b93fff25bf,,0.005927910307333639,0.012891246684350155
0.7819707632693955,,0.8917312921744385,0.8209526982011992,,,0.014734171375850535,0.014298140707646345,0.025030883855826858,0.9384359400998337,0.6139130434782609,0.8599663582842725,2378.0,0.9522980501392758,0.6286472148541115,0.8849972421400993,3626.0,0.0,0.0,0.0,,0.1312747782595995,,0.0033830623189034,0.0,0.0,0.0,,0.0184987345601501,,0.0009037407402004,0.0,,,,,,,,,,True,interfair/baselines/evaluation/matched_removal/runs/confirmation/main/mlp/credit_broad/1006/tied/selected.pt,,,credit_broad,1006,mlp,tied,,e7c05bd93fb62ce79871b22ada2ce39d9571882bb80d2c1308716364e3221979,1.0,16.0,,,True,True,,,-0.0166972917559058,-0.0029917327282492,-0.0102343365339277,-0.0043802786864798,-0.0018772031170862,-0.0061057896643692,-0.0013868161771561,-0.0031035533500194,-0.0009556679268831,,,,interfair/baselines/evaluation/matched_removal/runs/confirmation/main/mlp/credit_broad/1006/tied/DONE.json,,,,,,,,,,True,,,,,,,,0.001651054738035,0.0006560456335414,0.0067557960369348,0.0041471580220514,,,,,0.0,0.0,,,1.0,0.0,matched ten-seed removal with same population penalties; distinct architecture,4.0,185.2609393419698,aae3972747d28e8a5287ff8e3d16cac9e2eea2c450c95aa5346acbb2bfce55c5,interfair/baselines/evaluation/matched_removal/runs/confirmation/main/mlp/credit_broad/1006/tied/audit.npz,8ddf6c07649cf07ed12442cd7a2bf46475440e172191d00fffc467da37e59de7,0.0,0.0,True,True,interfair/baselines/additive/runs/confirmation/main/mlp/credit_broad/1006/structural/DONE.json,95fda69e4b24796f9513c27bc86ac25b645ccfbdcc0092ecfcb6a2efb8062ce0,228643ac5ec53c0c6bc931dc7a4604459a7fff229ffdbb443c5686b93fff25bf,,0.013862110039442155,0.014734171375850535
0.7812061660288987,,0.889046222312127,0.8172884743504331,,,0.018067998708435562,0.01590056607085949,0.028070328442790227,0.9290072102052135,0.6069565217391304,0.8511354079058032,2378.0,0.947075208913649,0.6206896551724138,0.8792057363485934,3626.0,0.0,0.0,0.0,,0.1308508886893458,,0.0034916671706089,0.0,0.0,0.0,,0.0180984671459806,,0.0009143988933173,0.0,,,,,,,,,,True,interfair/baselines/evaluation/matched_removal/runs/confirmation/main/mlp/credit_broad/1007/tied/selected.pt,,,credit_broad,1007,mlp,tied,,9fed0a2218c7127f679b6af869e23c68e048cc36ca871f232bcdf10d1dc01681,1.0,16.0,,,True,True,,,-0.1040944024263953,-0.0167291568995642,-0.0384499209440028,-0.001261613613227,0.0004923081326475,-0.0327907917693177,-0.0190429182379199,-0.0264083714256267,-0.0110635637680281,,,,interfair/baselines/evaluation/matched_removal/runs/confirmation/main/mlp/credit_broad/1007/tied/DONE.json,,,,,,,,,,True,,,,,,,,0.00148450311833,0.0006678361487726,0.0075986566989592,0.0037725651370631,,,,,0.0,0.0,,,1.0,0.0,matched ten-seed removal with same population penalties; distinct architecture,4.0,184.5027794690104,ebf73b206bfb510836efad54d30efa1aa6bdd5f4b59cf66f9046277a86b36da5,interfair/baselines/evaluation/matched_removal/runs/confirmation/main/mlp/credit_broad/1007/tied/audit.npz,7494e31556b6c954082587b1c12f3301df63f9c378c15ce7ddf49ae4a2b46f76,0.0,0.0,True,True,interfair/baselines/additive/runs/confirmation/main/mlp/credit_broad/1007/structural/DONE.json,1bb074ea3e0b1ec084489432d18fb31409d5ef9abc8fbfbbe912f9bf24708525,228643ac5ec53c0c6bc931dc7a4604459a7fff229ffdbb443c5686b93fff25bf,,0.018067998708435562,0.013733133433283418
0.7781303138944886,,0.8935101466747036,0.8234510326449034,,,0.0213654711105985,0.012970299457616186,0.01939199974764083,0.9484193011647255,0.6139130434782609,0.8675357443229604,2378.0,0.9529944289693594,0.6352785145888594,0.8869277440706013,3626.0,0.0,0.0,0.0,,0.1534073912044185,,0.0045648882135908,0.0,0.0,0.0,,0.0215105075638563,,0.0010601358242688,0.0,,,,,,,,,,True,interfair/baselines/evaluation/matched_removal/runs/confirmation/main/mlp/credit_broad/1008/tied/selected.pt,,,credit_broad,1008,mlp,tied,,32f49ba95d00427b7b8de0b18c402303f2d3a4c349d4fc89d518fe177b84d247,1.0,17.0,,,True,True,,,-0.0154182547748447,-0.0034381553914485,-0.0158373346345356,-0.0028198597312925,0.0001060830174121,-0.009950589394288,-0.0081151593226564,-0.0005793886602464,-0.0018401298592002,,,,interfair/baselines/evaluation/matched_removal/runs/confirmation/main/mlp/credit_broad/1008/tied/DONE.json,,,,,,,,,,True,,,,,,,,0.0021466665533324,0.0007501568870937,0.0047051864960129,0.0018848534267464,,,,,0.0,0.0,,,1.0,0.0,matched ten-seed removal with same population penalties; distinct architecture,5.0,194.9117304380052,f519950645e9f44236f7823373574f4153ebda968a05c1e253c09230ec13db3d,interfair/baselines/evaluation/matched_removal/runs/confirmation/main/mlp/credit_broad/1008/tied/audit.npz,28d68b1869004844a7604944759be60d4c79e376995468a976b795297d5a635e,0.0,0.0,True,True,interfair/baselines/additive/runs/confirmation/main/mlp/credit_broad/1008/structural/DONE.json,4b3b5b92da0873f895a454eb21b893a14e3b697a4feaece7a710e5f71521a043,228643ac5ec53c0c6bc931dc7a4604459a7fff229ffdbb443c5686b93fff25bf,,0.004575127804633872,0.0213654711105985
0.7858859743363793,,0.8930742401594419,0.8212858094603598,,,0.011327413216468796,0.008904977347037102,0.012485752603498601,0.954520244037715,0.6678260869565218,0.8851976450798991,2378.0,0.9610027855153204,0.656498673740053,0.8976833976833977,3626.0,0.0,0.0,0.0,,0.1514001037588659,,0.0050176166515174,0.0,0.0,0.0,,0.0210809265590922,,0.0010885719022082,0.0,,,,,,,,,,True,interfair/baselines/evaluation/matched_removal/runs/confirmation/main/mlp/credit_broad/1009/tied/selected.pt,,,credit_broad,1009,mlp,tied,,8d4f8374f14c8fdb49147ce8e72866ad0c3edc0019dc3b771f31063c2c1fe3e7,1.0,15.0,,,True,True,,,-0.0445469872722644,-0.0063457456652408,-0.0121840169370585,-0.0022083267947032,0.0005354319471234,-0.0124735752943516,-0.0168482277096959,-0.0075453722141324,-0.0026704338707798,,,,interfair/baselines/evaluation/matched_removal/runs/confirmation/main/mlp/credit_broad/1009/tied/DONE.json,,,,,,,,,,True,,,,,,,,0.0030317213861839,0.0006713993684169,0.0070476595947705,0.003097478570418,,,,,0.0,0.0,,,1.0,0.0,matched ten-seed removal with same population penalties; distinct architecture,7.0,167.22706381598255,20022a806e786d3488133dfed21ef52971b3b4aec3f181bc943cd4d3534eb462,interfair/baselines/evaluation/matched_removal/runs/confirmation/main/mlp/credit_broad/1009/tied/audit.npz,6bd64fe0752d03fd64692195d208be7890ce4f8678028eff4859e55e0ccfd91e,0.0,0.0,True,True,interfair/baselines/additive/runs/confirmation/main/mlp/credit_broad/1009/structural/DONE.json,4c6f11f6bf9615692b384375afbe24f9846ba5bc0fff0e92df1df170bded7ded,228643ac5ec53c0c6bc931dc7a4604459a7fff229ffdbb443c5686b93fff25bf,,0.006482541477605408,0.011327413216468796
0.8440523182653483,,0.922681910667571,0.867,,,0.03935571156940176,0.02369969450766518,0.03773778861908672,0.9842640148617637,0.6172480620155039,0.916718680338832,11215.0,0.9923076923076923,0.6566037735849056,0.8789808917197452,785.0,0.0,0.0,0.0,,0.4977499789327338,,0.0423087932167675,0.0,0.0,0.0,,0.0552004258521174,,0.0121615487588129,0.0,,,,,,,,,,True,interfair/baselines/evaluation/matched_removal/runs/confirmation/main/mlp/hmda_oh/1000/tied/selected.pt,,,hmda_oh,1000,mlp,tied,,31bf5516521e020b8e2539332eaa1696eb431a74ffb5a67d74ae7f09b2df1038,1.0,27.0,,,True,True,,,-0.2358499186716621,-0.0408955982262669,-0.0617459630462926,-0.008097005477638,-0.0015225062327289,-0.0920682356714633,-0.122204963211804,-0.0329400232611355,-0.0290798464478074,,,,interfair/baselines/evaluation/matched_removal/runs/confirmation/main/mlp/hmda_oh/1000/tied/DONE.json,,,,,,,,,,True,,,,,,,,0.0313982569829913,0.0056466641020096,0.0399071487235489,0.0140544427661173,,,,,0.0,0.0,,,1.0,0.0,matched ten-seed removal with same population penalties; distinct architecture,15.0,366.9741343670176,6c523edf53a5b6c2f913c0e409e694c80c17a9b83f6c1a65a78fe8cdd89c0137,interfair/baselines/evaluation/matched_removal/runs/confirmation/main/mlp/hmda_oh/1000/tied/audit.npz,1ebbcc30099d1f4e8245f72f335c79fb8d61dbacaa08e8f6faab48b10e3c12f6,0.0,0.0,True,True,interfair/baselines/additive/runs/confirmation/main/mlp/hmda_oh/1000/structural/DONE.json,232f6f0969177edddcdd321bc58d55205ffd848683cba4b634627ee1a18ec1d3,228643ac5ec53c0c6bc931dc7a4604459a7fff229ffdbb443c5686b93fff25bf,,0.008043677445928599,0.03935571156940176
0.8453635558789276,,0.9211298782541745,0.8634166666666667,,,0.025073131490419787,0.013935740278468167,0.040590542125395035,0.9895093432411758,0.6579457364341085,0.9284886312973696,11215.0,0.9923076923076923,0.6830188679245283,0.8878980891719745,785.0,0.0,0.0,0.0,,0.4906113150593668,,0.0439221121951813,0.0,0.0,0.0,,0.0506226198030105,,0.0126997845400964,0.0,,,,,,,,,,True,interfair/baselines/evaluation/matched_removal/runs/confirmation/main/mlp/hmda_oh/1001/tied/selected.pt,,,hmda_oh,1001,mlp,tied,,1e6dd5e04db7411db33a31d613ee4ff119f2c28b1e4b1352ab0331d06d3d345d,1.0,26.0,,,True,True,,,-0.1617917785383926,-0.0326115577336914,-0.0534407146290958,-0.0062642962926392,-0.0021338419983752,-0.0787106546197451,-0.0892872659739713,-0.0227226734190007,-0.0241238165994695,,,,interfair/baselines/evaluation/matched_removal/runs/confirmation/main/mlp/hmda_oh/1001/tied/DONE.json,,,,,,,,,,True,,,,,,,,0.0277660700274909,0.0056965225203417,0.0362037142715976,0.0147943657995309,,,,,0.0,0.0,,,1.0,0.0,matched ten-seed removal with same population penalties; distinct architecture,14.0,338.08159509301186,45bb4cb785e520df2915b90e9ed91c42899de13b20f17cb0aa3f6cc3fa971960,interfair/baselines/evaluation/matched_removal/runs/confirmation/main/mlp/hmda_oh/1001/tied/audit.npz,9648fa00a92261fd68ce304284be4796e57dc9e6a82aa5ec824a1bb77108a9eb,0.0,0.0,True,True,interfair/baselines/additive/runs/confirmation/main/mlp/hmda_oh/1001/structural/DONE.json,f422c6928fdb44a3612a23b7299566c7b9d4a15d380794e4d3d2a4f57574a727,228643ac5ec53c0c6bc931dc7a4604459a7fff229ffdbb443c5686b93fff25bf,,0.002798349066516548,0.025073131490419787
0.8475592151381126,,0.9225124318061121,0.86625,,,0.02849202866754419,0.01860640369853256,0.038616388992222084,0.9874330674243252,0.6356589147286822,0.9226928221132412,11215.0,0.9961538461538462,0.6641509433962264,0.8840764331210191,785.0,0.0,0.0,0.0,,0.5117557740053753,,0.0405922332158241,0.0,0.0,0.0,,0.0498634304982184,,0.0113722244706319,0.0,,,,,,,,,,True,interfair/baselines/evaluation/matched_removal/runs/confirmation/main/mlp/hmda_oh/1002/tied/selected.pt,,,hmda_oh,1002,mlp,tied,,e33ddf2967d5f1ec70f2aa29a6fb79c5f66de3cd509c23fcd42b200d8c74e6d3,1.0,37.0,,,True,True,,,-0.1544314751847067,-0.0342275110302994,-0.0484680276473696,-0.005171472488229,-0.0015629073175339,-0.1014744728106489,-0.1222299524919707,-0.0215689889827754,-0.0349983287671838,,,,interfair/baselines/evaluation/matched_removal/runs/confirmation/main/mlp/hmda_oh/1002/tied/DONE.json,,,,,,,,,,True,,,,,,,,0.0383330412736643,0.0066356569302369,0.0281268911226524,0.0104508924536987,,,,,0.0,0.0,,,1.0,0.0,matched ten-seed removal with same population penalties; distinct architecture,25.0,500.0151407629601,35dacba11aff95627fe6a769d8171e327f93f84e6deaf44d3bd3bec4b2b09ffb,interfair/baselines/evaluation/matched_removal/runs/confirmation/main/mlp/hmda_oh/1002/tied/audit.npz,2a5f0287e2a613ef54bb30d7b706633a97914b98177312a3857550c79707deaa,0.0,0.0,True,True,interfair/baselines/additive/runs/confirmation/main/mlp/hmda_oh/1002/structural/DONE.json,5cd8516abfa23845bb176ba5f1483a75ae909efd72b89831251f17576588df8c,228643ac5ec53c0c6bc931dc7a4604459a7fff229ffdbb443c5686b93fff25bf,,0.008720778729520928,0.02849202866754419
0.8444497874444492,,0.9227950040989535,0.8665833333333334,,,0.010872824338159948,0.0069995032141948466,0.04757163830288713,0.9891815102174626,0.6419573643410853,0.9252786446723139,11215.0,0.9923076923076923,0.6528301886792452,0.8777070063694268,785.0,0.0,0.0,0.0,,0.5212927428885579,,0.0444235094554512,0.0,0.0,0.0,,0.0455514869584396,,0.0132942318228847,0.0,,,,,,,,,,True,interfair/baselines/evaluation/matched_removal/runs/confirmation/main/mlp/hmda_oh/1003/tied/selected.pt,,,hmda_oh,1003,mlp,tied,,3f337615a78217354cb486188ae476517c9d51429c8e8188ad118836f3742dad,1.0,25.0,,,True,True,,,-0.1767837165537658,-0.0319990185949947,-0.0484978559066846,-0.0046751521360178,-0.0018079765998004,-0.064540181201825,-0.0738864861948424,-0.0313014106257146,-0.0184296281209229,,,,interfair/baselines/evaluation/matched_removal/runs/confirmation/main/mlp/hmda_oh/1003/tied/DONE.json,,,,,,,,,,True,,,,,,,,0.0406018383184911,0.0068321146217115,0.0426732452425759,0.0159137672827705,,,,,0.0,0.0,,,1.0,0.0,matched ten-seed removal with same population penalties; distinct architecture,13.0,340.85592985199764,9e7aafdabd29f70f3f17f1a1fc60fe360e61d1d05a32b48bc54bc3f77d527ad8,interfair/baselines/evaluation/matched_removal/runs/confirmation/main/mlp/hmda_oh/1003/tied/audit.npz,0ec5bda55622afae9c16840a92830e83d5c01ce51af9b10878f3ff4a942bd9e4,0.0,0.0,True,True,interfair/baselines/additive/runs/confirmation/main/mlp/hmda_oh/1003/structural/DONE.json,0c875763ec37c790ef80de5a7ebbc03e49730cbb12141b18e6cc505e3d574cb4,228643ac5ec53c0c6bc931dc7a4604459a7fff229ffdbb443c5686b93fff25bf,,0.0031261820902297455,0.010872824338159948
0.842683763398463,,0.9229580254069458,0.8670833333333333,,,0.02907890887816289,0.015259951568440955,0.045903035913571144,0.9879794557971806,0.6312984496124031,0.9223361569326795,11215.0,0.9865384615384616,0.660377358490566,0.8764331210191083,785.0,0.0,0.0,0.0,,0.4555664229101409,,0.0517933545983878,0.0,0.0,0.0,,0.0484776241583443,,0.012514483760895,0.0,,,,,,,,,,True,interfair/baselines/evaluation/matched_removal/runs/confirmation/main/mlp/hmda_oh/1004/tied/selected.pt,,,hmda_oh,1004,mlp,tied,,61674dbcf2e414dd26453686f551628a75399aeceea53da5b0f74c909d965db0,1.0,22.0,,,True,True,,,-0.1600146863214021,-0.0332694640742415,-0.0538597072501197,-0.009190251058893,-0.0011308461580513,-0.0927195712878137,-0.1026247263247867,-0.026107286643318,-0.0270965481090685,,,,interfair/baselines/evaluation/matched_removal/runs/confirmation/main/mlp/hmda_oh/1004/tied/DONE.json,,,,,,,,,,True,,,,,,,,0.04195528097493,0.0071840697711228,0.0317443226886108,0.0098090916309501,,,,,0.0,0.0,,,1.0,0.0,matched ten-seed removal with same population penalties; distinct architecture,10.0,304.58416838000994,40d155517f20d7d08859c879534fe3b2ee3edad40d2306cfa05121de81fa9f67,interfair/baselines/evaluation/matched_removal/runs/confirmation/main/mlp/hmda_oh/1004/tied/audit.npz,ef109ad5d235352621b4522df94296bb6a085c7c6b0f9b813e60acf1f24927e4,0.0,0.0,True,True,interfair/baselines/additive/runs/confirmation/main/mlp/hmda_oh/1004/structural/DONE.json,081209a685c58a5dc839b2fef1ebba49c34bba9841b5a333ebd7ff6dd596c386,228643ac5ec53c0c6bc931dc7a4604459a7fff229ffdbb443c5686b93fff25bf,,0.0014409942587190194,0.02907890887816289
0.8475094010728849,,0.922793761503439,0.8671666666666666,,,0.007967675881234482,0.005809405554076885,0.05581412519061424,0.9848104032346192,0.623062015503876,0.9182345073562194,11215.0,0.9884615384615385,0.6150943396226415,0.8624203821656051,785.0,0.0,0.0,0.0,,0.5533729219232479,,0.0520250812993976,0.0,0.0,0.0,,0.0487488511847515,,0.0154968014356936,0.0,,,,,,,,,,True,interfair/baselines/evaluation/matched_removal/runs/confirmation/main/mlp/hmda_oh/1005/tied/selected.pt,,,hmda_oh,1005,mlp,tied,,2b873d06d3349f576b4ddde7409e93d6be4154c6f2dc915df95999a51c51d651,1.0,31.0,,,True,True,,,-0.1865701732356263,-0.035610287535095,-0.059209401548268,-0.005480235337272,-0.001178841236287,-0.097745125224259,-0.0920389264832414,-0.034571231249179,-0.0196202849814196,,,,interfair/baselines/evaluation/matched_removal/runs/confirmation/main/mlp/hmda_oh/1005/tied/DONE.json,,,,,,,,,,True,,,,,,,,0.0401134896490806,0.0071540779932868,0.0368864961431192,0.0134450764465506,,,,,0.0,0.0,,,1.0,0.0,matched ten-seed removal with same population penalties; distinct architecture,19.0,411.4626656520413,99e084683c9a0467c408c196a94e552577ef6582216e2afd34041a1225c3b370,interfair/baselines/evaluation/matched_removal/runs/confirmation/main/mlp/hmda_oh/1005/tied/audit.npz,ce6fd4c94c985d4275b58c21eb346738757c79382c3a197b2faf727ec855264c,0.0,0.0,True,True,interfair/baselines/additive/runs/confirmation/main/mlp/hmda_oh/1005/structural/DONE.json,317b9aac811fa3e197fc752748b617031610af90b41b90d394bba2324083a721,228643ac5ec53c0c6bc931dc7a4604459a7fff229ffdbb443c5686b93fff25bf,,0.0036511352269192887,0.007967675881234482
0.8454113720538389,,0.922530067682719,0.8674166666666666,,,0.03619643118326754,0.021803464282403207,0.04200584408392982,0.9791279641569227,0.5939922480620154,0.9082478823004904,11215.0,0.9865384615384616,0.630188679245283,0.8662420382165605,785.0,0.0,0.0,0.0,,0.5123226862535165,,0.0678926287676463,0.0,0.0,0.0,,0.051069173661338,,0.0146603219961799,0.0,,,,,,,,,,True,interfair/baselines/evaluation/matched_removal/runs/confirmation/main/mlp/hmda_oh/1006/tied/selected.pt,,,hmda_oh,1006,mlp,tied,,b519eba205e9e35b0289cfba776059ef40d4f8491aab4d8c5ec700781dfe597a,1.0,26.0,,,True,True,,,-0.2569076096223275,-0.0468390662698389,-0.0882191395077873,-0.0047162642789775,0.0004052100164977,-0.0897591775588188,-0.1197974732430123,-0.0462468995182963,-0.0288711464642996,,,,interfair/baselines/evaluation/matched_removal/runs/confirmation/main/mlp/hmda_oh/1006/tied/DONE.json,,,,,,,,,,True,,,,,,,,0.0457040560866108,0.0081520529495062,0.0295249228657354,0.0117367339995084,,,,,0.0,0.0,,,1.0,0.0,matched ten-seed removal with same population penalties; distinct architecture,14.0,349.68461386603303,8b846db192ee04f3ad12b7225e367c3d02738efbbf6c137f00e58dcc4e33cab3,interfair/baselines/evaluation/matched_removal/runs/confirmation/main/mlp/hmda_oh/1006/tied/audit.npz,0640bab5912b64971bdce3fd03005964581487b61670783e05a802cbd732f3b1,0.0,0.0,True,True,interfair/baselines/additive/runs/confirmation/main/mlp/hmda_oh/1006/structural/DONE.json,e64c1561579091133495b25e04d9126e06d69bcc66663ff106422ff1dac05ab5,228643ac5ec53c0c6bc931dc7a4604459a7fff229ffdbb443c5686b93fff25bf,,0.007410497381538872,0.03619643118326754
0.8437925037290622,,0.9210653753026634,0.8641666666666666,,,0.0036328067866022717,0.0024838378056815102,0.05208163543479927,0.9832805157906239,0.6303294573643411,0.9183236736513598,11215.0,0.9846153846153847,0.6339622641509434,0.8662420382165605,785.0,0.0,0.0,0.0,,0.5086876893996785,,0.0528692698992582,0.0,0.0,0.0,,0.0549804635067749,,0.0140992817617738,0.0,,,,,,,,,,True,interfair/baselines/evaluation/matched_removal/runs/confirmation/main/mlp/hmda_oh/1007/tied/selected.pt,,,hmda_oh,1007,mlp,tied,,2a29a87a7aef87b4274aa5b79c1509d04152a3a0b8eb916507acfd10cd2ec508,1.0,21.0,,,False,True,,,-0.1397142475908557,-0.0266092185567938,-0.0433516903960539,-0.010424303509907,-0.0027994249704673,-0.089159423808702,-0.0809431181510203,-0.0158049419198152,-0.0196392940692101,,,,interfair/baselines/evaluation/matched_removal/runs/confirmation/main/mlp/hmda_oh/1007/tied/DONE.json,,,,,,,,,,False,,,,,,,,0.0395630043786365,0.0076592439483356,0.0377780168051153,0.0139112222484508,,,,,0.0,0.0,,,1.0,0.0,matched ten-seed removal with same population penalties; distinct architecture,9.0,274.2337473530206,290b16ce4351fe65194aef82e1f5e82e3c437f90ed8e8382bef518752e766c90,interfair/baselines/evaluation/matched_removal/runs/confirmation/main/mlp/hmda_oh/1007/tied/audit.npz,8fb3f97c3888eeadd61612fd73a22127bf10e04f76ef38815571ca9f473d09f2,0.0,0.0,True,True,interfair/baselines/additive/runs/confirmation/main/mlp/hmda_oh/1007/structural/DONE.json,30519c4f5f58d4e6adf3c180f66b7c0063869842c6afa5ab02266667c3f5c18f,228643ac5ec53c0c6bc931dc7a4604459a7fff229ffdbb443c5686b93fff25bf,,0.0013348688247607488,0.0036328067866022717
0.845062029832587,,0.9232876712328767,0.8693333333333333,,,0.009421416743020994,0.0061422572964776045,0.056528591428108954,0.9751939678723637,0.5726744186046512,0.9011145786892555,11215.0,0.9846153846153847,0.569811320754717,0.8445859872611465,785.0,0.0,0.0,0.0,,0.5937594625355167,,0.0818697871014535,0.0,0.0,0.0,,0.0617146433027413,,0.0197071525581365,0.0,,,,,,,,,,True,interfair/baselines/evaluation/matched_removal/runs/confirmation/main/mlp/hmda_oh/1008/tied/selected.pt,,,hmda_oh,1008,mlp,tied,,6e62ae035c87feea9c4639415aaa87c813842205fa2f8d9183f6ab62be3e0d51,1.0,35.0,,,True,True,,,-0.2371373423804674,-0.0441154067085605,-0.0806302813702216,-0.0039673883919641,0.0018021033085342,-0.0940829386437928,-0.0940130796164145,-0.0330914618447283,-0.0215844814567426,,,,interfair/baselines/evaluation/matched_removal/runs/confirmation/main/mlp/hmda_oh/1008/tied/DONE.json,,,,,,,,,,True,,,,,,,,0.0608581065236419,0.0104229038744365,0.0364767107424334,0.0125659134157714,,,,,0.0,0.0,,,1.0,0.0,matched ten-seed removal with same population penalties; distinct architecture,23.0,450.6753683239804,ed28625068f2773c91990258ca78ea81aca2b41414bbe132f7358e3e96c0a74a,interfair/baselines/evaluation/matched_removal/runs/confirmation/main/mlp/hmda_oh/1008/tied/audit.npz,b38385f21bfb85c69826a84937cee0b673f5a1332445b0fe1cf52dc0ae55b3f4,0.0,0.0,True,True,interfair/baselines/additive/runs/confirmation/main/mlp/hmda_oh/1008/structural/DONE.json,7094787cef4491e9b0498a18b26aeb6ea327695b7ac6812c324f39654cb131db,228643ac5ec53c0c6bc931dc7a4604459a7fff229ffdbb443c5686b93fff25bf,,0.009421416743020994,0.0028630978499342152
0.8433170946288316,,0.9219493253082225,0.866,,,0.05039673833552727,0.027592285763680058,0.036897240104387,0.9817506283466287,0.6099806201550387,0.9133303611234953,11215.0,0.9865384615384616,0.660377358490566,0.8764331210191083,785.0,0.0,0.0,0.0,,0.522596558701511,,0.0566932115123381,0.0,0.0,0.0,,0.0570419327851639,,0.0142369571001892,0.0,,,,,,,,,,True,interfair/baselines/evaluation/matched_removal/runs/confirmation/main/mlp/hmda_oh/1009/tied/selected.pt,,,hmda_oh,1009,mlp,tied,,a2dab1ce0611037a79a7ec22d4f99a1c4d41e02554585f50cb2fa702cd9d074c,1.0,24.0,,,True,True,,,-0.1215412121548572,-0.0298301476100792,-0.0645824228545633,-0.0061472865164291,0.0003662739620404,-0.0936200131834752,-0.1283954894349299,-0.01666125743757,-0.0249989481424646,,,,interfair/baselines/evaluation/matched_removal/runs/confirmation/main/mlp/hmda_oh/1009/tied/DONE.json,,,,,,,,,,True,,,,,,,,0.0424480710852168,0.0082641312578552,0.0418719580924748,0.0165973533240971,,,,,0.0,0.0,,,1.0,0.0,matched ten-seed removal with same population penalties; distinct architecture,12.0,313.42847420298494,974f222694cc254bc882a17a3166b05940e10d08e4f2a08c196b8bc257c5d729,interfair/baselines/evaluation/matched_removal/runs/confirmation/main/mlp/hmda_oh/1009/tied/audit.npz,3f2c52e4cce1b6b4593a1b55912543d5006d33b7aec944183d498968be668f20,0.0,0.0,True,True,interfair/baselines/additive/runs/confirmation/main/mlp/hmda_oh/1009/structural/DONE.json,f0317b2cbb704bf6bd6fe36f7b15686615e2ae0ea1db0cf2623e02493c5d93dd,228643ac5ec53c0c6bc931dc7a4604459a7fff229ffdbb443c5686b93fff25bf,,0.0047878331918328465,0.05039673833552727
