task,architecture,arm,seed,metric,value,algebraic,direction,family
hmda_2019_mi,ft,cot_phi,1000,auc,0.8392277612384977,False,higher,transfer_complete / hmda_2019_mi / ft / auc
hmda_2019_mi,ft,cot_phi,1001,auc,0.838690974352537,False,higher,transfer_complete / hmda_2019_mi / ft / auc
hmda_2019_mi,ft,cot_phi,1002,auc,0.8458948687041177,False,higher,transfer_complete / hmda_2019_mi / ft / auc
hmda_2019_mi,ft,cot_phi,1003,auc,0.8370258632961296,False,higher,transfer_complete / hmda_2019_mi / ft / auc
hmda_2019_mi,ft,cot_phi,1004,auc,0.842927234017788,False,higher,transfer_complete / hmda_2019_mi / ft / auc
hmda_2019_mi,ft,cot_phi,1005,auc,0.845856333742773,False,higher,transfer_complete / hmda_2019_mi / ft / auc
hmda_2019_mi,ft,cot_phi,1006,auc,0.8410545607058673,False,higher,transfer_complete / hmda_2019_mi / ft / auc
hmda_2019_mi,ft,cot_phi,1007,auc,0.8416971440002115,False,higher,transfer_complete / hmda_2019_mi / ft / auc
hmda_2019_mi,ft,cot_phi,1008,auc,0.8385805882298945,False,higher,transfer_complete / hmda_2019_mi / ft / auc
hmda_2019_mi,ft,cot_phi,1009,auc,0.8388857226849913,False,higher,transfer_complete / hmda_2019_mi / ft / auc
hmda_2019_mi,ft,hifi,1000,auc,0.8291254506831476,False,higher,transfer_complete / hmda_2019_mi / ft / auc
hmda_2019_mi,ft,hifi,1001,auc,0.7917120803748898,False,higher,transfer_complete / hmda_2019_mi / ft / auc
hmda_2019_mi,ft,hifi,1002,auc,0.8266951154397009,False,higher,transfer_complete / hmda_2019_mi / ft / auc
hmda_2019_mi,ft,hifi,1003,auc,0.8345447383212857,False,higher,transfer_complete / hmda_2019_mi / ft / auc
hmda_2019_mi,ft,hifi,1004,auc,0.8244950813406868,False,higher,transfer_complete / hmda_2019_mi / ft / auc
hmda_2019_mi,ft,hifi,1005,auc,0.8071622467718349,False,higher,transfer_complete / hmda_2019_mi / ft / auc
hmda_2019_mi,ft,hifi,1006,auc,0.834255842601411,False,higher,transfer_complete / hmda_2019_mi / ft / auc
hmda_2019_mi,ft,hifi,1007,auc,0.8316661720492364,False,higher,transfer_complete / hmda_2019_mi / ft / auc
hmda_2019_mi,ft,hifi,1008,auc,0.8326026135463855,False,higher,transfer_complete / hmda_2019_mi / ft / auc
hmda_2019_mi,ft,hifi,1009,auc,0.8205139585325607,False,higher,transfer_complete / hmda_2019_mi / ft / auc
hmda_2019_mi,ft,hifi_erm,1000,auc,0.8198604950526375,False,higher,transfer_complete / hmda_2019_mi / ft / auc
hmda_2019_mi,ft,hifi_erm,1001,auc,0.8265017649897621,False,higher,transfer_complete / hmda_2019_mi / ft / auc
hmda_2019_mi,ft,hifi_erm,1002,auc,0.8153254379996935,False,higher,transfer_complete / hmda_2019_mi / ft / auc
hmda_2019_mi,ft,hifi_erm,1003,auc,0.8309050250195344,False,higher,transfer_complete / hmda_2019_mi / ft / auc
hmda_2019_mi,ft,hifi_erm,1004,auc,0.8304682100314752,False,higher,transfer_complete / hmda_2019_mi / ft / auc
hmda_2019_mi,ft,hifi_erm,1005,auc,0.8323922555258413,False,higher,transfer_complete / hmda_2019_mi / ft / auc
hmda_2019_mi,ft,hifi_erm,1006,auc,0.8152461547630213,False,higher,transfer_complete / hmda_2019_mi / ft / auc
hmda_2019_mi,ft,hifi_erm,1007,auc,0.8326292432083063,False,higher,transfer_complete / hmda_2019_mi / ft / auc
hmda_2019_mi,ft,hifi_erm,1008,auc,0.8282938503746629,False,higher,transfer_complete / hmda_2019_mi / ft / auc
hmda_2019_mi,ft,hifi_erm,1009,auc,0.8302854135945286,False,higher,transfer_complete / hmda_2019_mi / ft / auc
hmda_2019_mi,ft,hifi_shared,1000,auc,0.8427133346948708,False,higher,transfer_complete / hmda_2019_mi / ft / auc
hmda_2019_mi,ft,hifi_shared,1001,auc,0.8412625656241772,False,higher,transfer_complete / hmda_2019_mi / ft / auc
hmda_2019_mi,ft,hifi_shared,1002,auc,0.8478765069581232,False,higher,transfer_complete / hmda_2019_mi / ft / auc
hmda_2019_mi,ft,hifi_shared,1003,auc,0.838160757514399,False,higher,transfer_complete / hmda_2019_mi / ft / auc
hmda_2019_mi,ft,hifi_shared,1004,auc,0.8447349756868624,False,higher,transfer_complete / hmda_2019_mi / ft / auc
hmda_2019_mi,ft,hifi_shared,1005,auc,0.845598773889288,False,higher,transfer_complete / hmda_2019_mi / ft / auc
hmda_2019_mi,ft,hifi_shared,1006,auc,0.8422804803739392,False,higher,transfer_complete / hmda_2019_mi / ft / auc
hmda_2019_mi,ft,hifi_shared,1007,auc,0.8451317413408518,False,higher,transfer_complete / hmda_2019_mi / ft / auc
hmda_2019_mi,ft,hifi_shared,1008,auc,0.845178477212954,False,higher,transfer_complete / hmda_2019_mi / ft / auc
hmda_2019_mi,ft,hifi_shared,1009,auc,0.8414036585660771,False,higher,transfer_complete / hmda_2019_mi / ft / auc
hmda_2019_mi,ft,reweighing,1000,auc,0.8405477118037804,False,higher,transfer_complete / hmda_2019_mi / ft / auc
hmda_2019_mi,ft,reweighing,1001,auc,0.8413417789667235,False,higher,transfer_complete / hmda_2019_mi / ft / auc
hmda_2019_mi,ft,reweighing,1002,auc,0.8454367593057388,False,higher,transfer_complete / hmda_2019_mi / ft / auc
hmda_2019_mi,ft,reweighing,1003,auc,0.8352461258734494,False,higher,transfer_complete / hmda_2019_mi / ft / auc
hmda_2019_mi,ft,reweighing,1004,auc,0.84366659737829,False,higher,transfer_complete / hmda_2019_mi / ft / auc
hmda_2019_mi,ft,reweighing,1005,auc,0.8409708741392713,False,higher,transfer_complete / hmda_2019_mi / ft / auc
hmda_2019_mi,ft,reweighing,1006,auc,0.8381003223936445,False,higher,transfer_complete / hmda_2019_mi / ft / auc
hmda_2019_mi,ft,reweighing,1007,auc,0.8430512960910407,False,higher,transfer_complete / hmda_2019_mi / ft / auc
hmda_2019_mi,ft,reweighing,1008,auc,0.8358463766256151,False,higher,transfer_complete / hmda_2019_mi / ft / auc
hmda_2019_mi,ft,reweighing,1009,auc,0.8361831964177303,False,higher,transfer_complete / hmda_2019_mi / ft / auc
hmda_2019_mi,mlp,cot_phi,1000,auc,0.8259827312117485,False,higher,transfer_complete / hmda_2019_mi / mlp / auc
hmda_2019_mi,mlp,cot_phi,1001,auc,0.8239821516496575,False,higher,transfer_complete / hmda_2019_mi / mlp / auc
hmda_2019_mi,mlp,cot_phi,1002,auc,0.8272650321412797,False,higher,transfer_complete / hmda_2019_mi / mlp / auc
hmda_2019_mi,mlp,cot_phi,1003,auc,0.8241764573193152,False,higher,transfer_complete / hmda_2019_mi / mlp / auc
hmda_2019_mi,mlp,cot_phi,1004,auc,0.8238832747597262,False,higher,transfer_complete / hmda_2019_mi / mlp / auc
hmda_2019_mi,mlp,cot_phi,1005,auc,0.8268282171532205,False,higher,transfer_complete / hmda_2019_mi / mlp / auc
hmda_2019_mi,mlp,cot_phi,1006,auc,0.8259912815931351,False,higher,transfer_complete / hmda_2019_mi / mlp / auc
hmda_2019_mi,mlp,cot_phi,1007,auc,0.8273226947950449,False,higher,transfer_complete / hmda_2019_mi / mlp / auc
hmda_2019_mi,mlp,cot_phi,1008,auc,0.8249822666953885,False,higher,transfer_complete / hmda_2019_mi / mlp / auc
hmda_2019_mi,mlp,cot_phi,1009,auc,0.8267877717524381,False,higher,transfer_complete / hmda_2019_mi / mlp / auc
hmda_2019_mi,mlp,dralign,1000,auc,0.8292252128986721,False,higher,transfer_complete / hmda_2019_mi / mlp / auc
hmda_2019_mi,mlp,dralign,1001,auc,0.82522538176288,False,higher,transfer_complete / hmda_2019_mi / mlp / auc
hmda_2019_mi,mlp,dralign,1002,auc,0.8252029923445896,False,higher,transfer_complete / hmda_2019_mi / mlp / auc
hmda_2019_mi,mlp,dralign,1003,auc,0.8091114774495224,False,higher,transfer_complete / hmda_2019_mi / mlp / auc
hmda_2019_mi,mlp,dralign,1004,auc,0.8139843095143006,False,higher,transfer_complete / hmda_2019_mi / mlp / auc
hmda_2019_mi,mlp,dralign,1005,auc,0.8100940024735996,False,higher,transfer_complete / hmda_2019_mi / mlp / auc
hmda_2019_mi,mlp,dralign,1006,auc,0.8210641417926285,False,higher,transfer_complete / hmda_2019_mi / mlp / auc
hmda_2019_mi,mlp,dralign,1007,auc,0.8214733253029642,False,higher,transfer_complete / hmda_2019_mi / mlp / auc
hmda_2019_mi,mlp,dralign,1008,auc,0.8186318728117024,False,higher,transfer_complete / hmda_2019_mi / mlp / auc
hmda_2019_mi,mlp,dralign,1009,auc,0.8144670449429946,False,higher,transfer_complete / hmda_2019_mi / mlp / auc
hmda_2019_mi,mlp,hifi,1000,auc,0.8283785620551035,False,higher,transfer_complete / hmda_2019_mi / mlp / auc
hmda_2019_mi,mlp,hifi,1001,auc,0.8258528679260562,False,higher,transfer_complete / hmda_2019_mi / mlp / auc
hmda_2019_mi,mlp,hifi,1002,auc,0.830063569639315,False,higher,transfer_complete / hmda_2019_mi / mlp / auc
hmda_2019_mi,mlp,hifi,1003,auc,0.8289034669396824,False,higher,transfer_complete / hmda_2019_mi / mlp / auc
hmda_2019_mi,mlp,hifi,1004,auc,0.8200436642582549,False,higher,transfer_complete / hmda_2019_mi / mlp / auc
hmda_2019_mi,mlp,hifi,1005,auc,0.8307939166575922,False,higher,transfer_complete / hmda_2019_mi / mlp / auc
hmda_2019_mi,mlp,hifi,1006,auc,0.8273556149282857,False,higher,transfer_complete / hmda_2019_mi / mlp / auc
hmda_2019_mi,mlp,hifi,1007,auc,0.8208681586639524,False,higher,transfer_complete / hmda_2019_mi / mlp / auc
hmda_2019_mi,mlp,hifi,1008,auc,0.8261837001213967,False,higher,transfer_complete / hmda_2019_mi / mlp / auc
hmda_2019_mi,mlp,hifi,1009,auc,0.8236858704504924,False,higher,transfer_complete / hmda_2019_mi / mlp / auc
hmda_2019_mi,mlp,hifi_erm,1000,auc,0.8208747054137334,False,higher,transfer_complete / hmda_2019_mi / mlp / auc
hmda_2019_mi,mlp,hifi_erm,1001,auc,0.819256446719638,False,higher,transfer_complete / hmda_2019_mi / mlp / auc
hmda_2019_mi,mlp,hifi_erm,1002,auc,0.8284079175879294,False,higher,transfer_complete / hmda_2019_mi / mlp / auc
hmda_2019_mi,mlp,hifi_erm,1003,auc,0.8253599978491246,False,higher,transfer_complete / hmda_2019_mi / mlp / auc
hmda_2019_mi,mlp,hifi_erm,1004,auc,0.8197546753462123,False,higher,transfer_complete / hmda_2019_mi / mlp / auc
hmda_2019_mi,mlp,hifi_erm,1005,auc,0.8176036836254512,False,higher,transfer_complete / hmda_2019_mi / mlp / auc
hmda_2019_mi,mlp,hifi_erm,1006,auc,0.8247639873405896,False,higher,transfer_complete / hmda_2019_mi / mlp / auc
hmda_2019_mi,mlp,hifi_erm,1007,auc,0.8232915743889471,False,higher,transfer_complete / hmda_2019_mi / mlp / auc
hmda_2019_mi,mlp,hifi_erm,1008,auc,0.818883957625335,False,higher,transfer_complete / hmda_2019_mi / mlp / auc
hmda_2019_mi,mlp,hifi_erm,1009,auc,0.8248839722565053,False,higher,transfer_complete / hmda_2019_mi / mlp / auc
hmda_2019_mi,mlp,hifi_shared,1000,auc,0.8303515800335967,False,higher,transfer_complete / hmda_2019_mi / mlp / auc
hmda_2019_mi,mlp,hifi_shared,1001,auc,0.8290418573087192,False,higher,transfer_complete / hmda_2019_mi / mlp / auc
hmda_2019_mi,mlp,hifi_shared,1002,auc,0.8330047610480596,False,higher,transfer_complete / hmda_2019_mi / mlp / auc
hmda_2019_mi,mlp,hifi_shared,1003,auc,0.8297967837612275,False,higher,transfer_complete / hmda_2019_mi / mlp / auc
hmda_2019_mi,mlp,hifi_shared,1004,auc,0.8309199124683245,False,higher,transfer_complete / hmda_2019_mi / mlp / auc
hmda_2019_mi,mlp,hifi_shared,1005,auc,0.8317112537603621,False,higher,transfer_complete / hmda_2019_mi / mlp / auc
hmda_2019_mi,mlp,hifi_shared,1006,auc,0.8308110174203653,False,higher,transfer_complete / hmda_2019_mi / mlp / auc
hmda_2019_mi,mlp,hifi_shared,1007,auc,0.829353258937094,False,higher,transfer_complete / hmda_2019_mi / mlp / auc
hmda_2019_mi,mlp,hifi_shared,1008,auc,0.8322470854266041,False,higher,transfer_complete / hmda_2019_mi / mlp / auc
hmda_2019_mi,mlp,hifi_shared,1009,auc,0.8293079442455491,False,higher,transfer_complete / hmda_2019_mi / mlp / auc
hmda_2019_mi,mlp,ltdd,1000,auc,0.8229131209959111,False,higher,transfer_complete / hmda_2019_mi / mlp / auc
hmda_2019_mi,mlp,ltdd,1001,auc,0.8227484038394987,False,higher,transfer_complete / hmda_2019_mi / mlp / auc
hmda_2019_mi,mlp,ltdd,1002,auc,0.8270384819815972,False,higher,transfer_complete / hmda_2019_mi / mlp / auc
hmda_2019_mi,mlp,ltdd,1003,auc,0.8287932439033334,False,higher,transfer_complete / hmda_2019_mi / mlp / auc
hmda_2019_mi,mlp,ltdd,1004,auc,0.8250914646178927,False,higher,transfer_complete / hmda_2019_mi / mlp / auc
hmda_2019_mi,mlp,ltdd,1005,auc,0.8265045840528351,False,higher,transfer_complete / hmda_2019_mi / mlp / auc
hmda_2019_mi,mlp,ltdd,1006,auc,0.8282263559472051,False,higher,transfer_complete / hmda_2019_mi / mlp / auc
hmda_2019_mi,mlp,ltdd,1007,auc,0.8227708165558308,False,higher,transfer_complete / hmda_2019_mi / mlp / auc
hmda_2019_mi,mlp,ltdd,1008,auc,0.8221123905929776,False,higher,transfer_complete / hmda_2019_mi / mlp / auc
hmda_2019_mi,mlp,ltdd,1009,auc,0.8251073538824858,False,higher,transfer_complete / hmda_2019_mi / mlp / auc
hmda_2019_mi,mlp,neufair,1000,auc,0.7981923841403519,False,higher,transfer_complete / hmda_2019_mi / mlp / auc
hmda_2019_mi,mlp,neufair,1001,auc,0.796897199393636,False,higher,transfer_complete / hmda_2019_mi / mlp / auc
hmda_2019_mi,mlp,neufair,1002,auc,0.8137969932572204,False,higher,transfer_complete / hmda_2019_mi / mlp / auc
hmda_2019_mi,mlp,neufair,1003,auc,0.8172158877176031,False,higher,transfer_complete / hmda_2019_mi / mlp / auc
hmda_2019_mi,mlp,neufair,1004,auc,0.8112626555546187,False,higher,transfer_complete / hmda_2019_mi / mlp / auc
hmda_2019_mi,mlp,neufair,1005,auc,0.8064570849368793,False,higher,transfer_complete / hmda_2019_mi / mlp / auc
hmda_2019_mi,mlp,neufair,1006,auc,0.8055936362050825,False,higher,transfer_complete / hmda_2019_mi / mlp / auc
hmda_2019_mi,mlp,neufair,1007,auc,0.809491934474164,False,higher,transfer_complete / hmda_2019_mi / mlp / auc
hmda_2019_mi,mlp,neufair,1008,auc,0.7898069295925251,False,higher,transfer_complete / hmda_2019_mi / mlp / auc
hmda_2019_mi,mlp,neufair,1009,auc,0.8184198373321394,False,higher,transfer_complete / hmda_2019_mi / mlp / auc
hmda_2020_oh,ft,cot_phi,1000,auc,0.8361387402353357,False,higher,transfer_complete / hmda_2020_oh / ft / auc
hmda_2020_oh,ft,cot_phi,1001,auc,0.8347305608942838,False,higher,transfer_complete / hmda_2020_oh / ft / auc
hmda_2020_oh,ft,cot_phi,1002,auc,0.8343336836269727,False,higher,transfer_complete / hmda_2020_oh / ft / auc
hmda_2020_oh,ft,cot_phi,1003,auc,0.8369383472125143,False,higher,transfer_complete / hmda_2020_oh / ft / auc
hmda_2020_oh,ft,cot_phi,1004,auc,0.837847571799807,False,higher,transfer_complete / hmda_2020_oh / ft / auc
hmda_2020_oh,ft,cot_phi,1005,auc,0.8377243166375034,False,higher,transfer_complete / hmda_2020_oh / ft / auc
hmda_2020_oh,ft,cot_phi,1006,auc,0.8342098840514082,False,higher,transfer_complete / hmda_2020_oh / ft / auc
hmda_2020_oh,ft,cot_phi,1007,auc,0.8358930465306205,False,higher,transfer_complete / hmda_2020_oh / ft / auc
hmda_2020_oh,ft,cot_phi,1008,auc,0.8365647980534396,False,higher,transfer_complete / hmda_2020_oh / ft / auc
hmda_2020_oh,ft,cot_phi,1009,auc,0.8366385388296498,False,higher,transfer_complete / hmda_2020_oh / ft / auc
hmda_2020_oh,ft,hifi,1000,auc,0.8298181567157813,False,higher,transfer_complete / hmda_2020_oh / ft / auc
hmda_2020_oh,ft,hifi,1001,auc,0.7982024726270374,False,higher,transfer_complete / hmda_2020_oh / ft / auc
hmda_2020_oh,ft,hifi,1002,auc,0.8287316167293624,False,higher,transfer_complete / hmda_2020_oh / ft / auc
hmda_2020_oh,ft,hifi,1003,auc,0.834999936575855,False,higher,transfer_complete / hmda_2020_oh / ft / auc
hmda_2020_oh,ft,hifi,1004,auc,0.8225462382431914,False,higher,transfer_complete / hmda_2020_oh / ft / auc
hmda_2020_oh,ft,hifi,1005,auc,0.8124903264568676,False,higher,transfer_complete / hmda_2020_oh / ft / auc
hmda_2020_oh,ft,hifi,1006,auc,0.8316545170866552,False,higher,transfer_complete / hmda_2020_oh / ft / auc
hmda_2020_oh,ft,hifi,1007,auc,0.8306343682974221,False,higher,transfer_complete / hmda_2020_oh / ft / auc
hmda_2020_oh,ft,hifi,1008,auc,0.8302473993514622,False,higher,transfer_complete / hmda_2020_oh / ft / auc
hmda_2020_oh,ft,hifi,1009,auc,0.8230537675058126,False,higher,transfer_complete / hmda_2020_oh / ft / auc
hmda_2020_oh,ft,hifi_erm,1000,auc,0.81989529953046,False,higher,transfer_complete / hmda_2020_oh / ft / auc
hmda_2020_oh,ft,hifi_erm,1001,auc,0.8326503033824559,False,higher,transfer_complete / hmda_2020_oh / ft / auc
hmda_2020_oh,ft,hifi_erm,1002,auc,0.8177430705855203,False,higher,transfer_complete / hmda_2020_oh / ft / auc
hmda_2020_oh,ft,hifi_erm,1003,auc,0.8280842549206384,False,higher,transfer_complete / hmda_2020_oh / ft / auc
hmda_2020_oh,ft,hifi_erm,1004,auc,0.8358313645081425,False,higher,transfer_complete / hmda_2020_oh / ft / auc
hmda_2020_oh,ft,hifi_erm,1005,auc,0.827448924644984,False,higher,transfer_complete / hmda_2020_oh / ft / auc
hmda_2020_oh,ft,hifi_erm,1006,auc,0.8235817667070495,False,higher,transfer_complete / hmda_2020_oh / ft / auc
hmda_2020_oh,ft,hifi_erm,1007,auc,0.8316663308544201,False,higher,transfer_complete / hmda_2020_oh / ft / auc
hmda_2020_oh,ft,hifi_erm,1008,auc,0.8327722519529329,False,higher,transfer_complete / hmda_2020_oh / ft / auc
hmda_2020_oh,ft,hifi_erm,1009,auc,0.8342361792119173,False,higher,transfer_complete / hmda_2020_oh / ft / auc
hmda_2020_oh,ft,hifi_shared,1000,auc,0.8384591656572792,False,higher,transfer_complete / hmda_2020_oh / ft / auc
hmda_2020_oh,ft,hifi_shared,1001,auc,0.837972814070513,False,higher,transfer_complete / hmda_2020_oh / ft / auc
hmda_2020_oh,ft,hifi_shared,1002,auc,0.8374786773741141,False,higher,transfer_complete / hmda_2020_oh / ft / auc
hmda_2020_oh,ft,hifi_shared,1003,auc,0.8403052165841998,False,higher,transfer_complete / hmda_2020_oh / ft / auc
hmda_2020_oh,ft,hifi_shared,1004,auc,0.8409777575062476,False,higher,transfer_complete / hmda_2020_oh / ft / auc
hmda_2020_oh,ft,hifi_shared,1005,auc,0.8418462872022761,False,higher,transfer_complete / hmda_2020_oh / ft / auc
hmda_2020_oh,ft,hifi_shared,1006,auc,0.8383411368622817,False,higher,transfer_complete / hmda_2020_oh / ft / auc
hmda_2020_oh,ft,hifi_shared,1007,auc,0.8414261090473916,False,higher,transfer_complete / hmda_2020_oh / ft / auc
hmda_2020_oh,ft,hifi_shared,1008,auc,0.8429135549592537,False,higher,transfer_complete / hmda_2020_oh / ft / auc
hmda_2020_oh,ft,hifi_shared,1009,auc,0.8369451795989404,False,higher,transfer_complete / hmda_2020_oh / ft / auc
hmda_2020_oh,ft,reweighing,1000,auc,0.8387494468080752,False,higher,transfer_complete / hmda_2020_oh / ft / auc
hmda_2020_oh,ft,reweighing,1001,auc,0.8382895264851336,False,higher,transfer_complete / hmda_2020_oh / ft / auc
hmda_2020_oh,ft,reweighing,1002,auc,0.8346388544804584,False,higher,transfer_complete / hmda_2020_oh / ft / auc
hmda_2020_oh,ft,reweighing,1003,auc,0.8373657932844337,False,higher,transfer_complete / hmda_2020_oh / ft / auc
hmda_2020_oh,ft,reweighing,1004,auc,0.8381878300879679,False,higher,transfer_complete / hmda_2020_oh / ft / auc
hmda_2020_oh,ft,reweighing,1005,auc,0.8384143332252312,False,higher,transfer_complete / hmda_2020_oh / ft / auc
hmda_2020_oh,ft,reweighing,1006,auc,0.8361035166973453,False,higher,transfer_complete / hmda_2020_oh / ft / auc
hmda_2020_oh,ft,reweighing,1007,auc,0.8420103461384958,False,higher,transfer_complete / hmda_2020_oh / ft / auc
hmda_2020_oh,ft,reweighing,1008,auc,0.835567079090562,False,higher,transfer_complete / hmda_2020_oh / ft / auc
hmda_2020_oh,ft,reweighing,1009,auc,0.832170702520127,False,higher,transfer_complete / hmda_2020_oh / ft / auc
hmda_2020_oh,mlp,cot_phi,1000,auc,0.8292738795580388,False,higher,transfer_complete / hmda_2020_oh / mlp / auc
hmda_2020_oh,mlp,cot_phi,1001,auc,0.8260847611160886,False,higher,transfer_complete / hmda_2020_oh / mlp / auc
hmda_2020_oh,mlp,cot_phi,1002,auc,0.8278873678647769,False,higher,transfer_complete / hmda_2020_oh / mlp / auc
hmda_2020_oh,mlp,cot_phi,1003,auc,0.8273115691792191,False,higher,transfer_complete / hmda_2020_oh / mlp / auc
hmda_2020_oh,mlp,cot_phi,1004,auc,0.8232811961456195,False,higher,transfer_complete / hmda_2020_oh / mlp / auc
hmda_2020_oh,mlp,cot_phi,1005,auc,0.8254048161736904,False,higher,transfer_complete / hmda_2020_oh / mlp / auc
hmda_2020_oh,mlp,cot_phi,1006,auc,0.8289931256393113,False,higher,transfer_complete / hmda_2020_oh / mlp / auc
hmda_2020_oh,mlp,cot_phi,1007,auc,0.8267191114478731,False,higher,transfer_complete / hmda_2020_oh / mlp / auc
hmda_2020_oh,mlp,cot_phi,1008,auc,0.8253155868402032,False,higher,transfer_complete / hmda_2020_oh / mlp / auc
hmda_2020_oh,mlp,cot_phi,1009,auc,0.824546630329622,False,higher,transfer_complete / hmda_2020_oh / mlp / auc
hmda_2020_oh,mlp,dralign,1000,auc,0.8265314249761235,False,higher,transfer_complete / hmda_2020_oh / mlp / auc
hmda_2020_oh,mlp,dralign,1001,auc,0.823780722533303,False,higher,transfer_complete / hmda_2020_oh / mlp / auc
hmda_2020_oh,mlp,dralign,1002,auc,0.8257944255239664,False,higher,transfer_complete / hmda_2020_oh / mlp / auc
hmda_2020_oh,mlp,dralign,1003,auc,0.8163725646421335,False,higher,transfer_complete / hmda_2020_oh / mlp / auc
hmda_2020_oh,mlp,dralign,1004,auc,0.8167046839520418,False,higher,transfer_complete / hmda_2020_oh / mlp / auc
hmda_2020_oh,mlp,dralign,1005,auc,0.8183143778616744,False,higher,transfer_complete / hmda_2020_oh / mlp / auc
hmda_2020_oh,mlp,dralign,1006,auc,0.8263249562468672,False,higher,transfer_complete / hmda_2020_oh / mlp / auc
hmda_2020_oh,mlp,dralign,1007,auc,0.8249124760410529,False,higher,transfer_complete / hmda_2020_oh / mlp / auc
hmda_2020_oh,mlp,dralign,1008,auc,0.8190882068709417,False,higher,transfer_complete / hmda_2020_oh / mlp / auc
hmda_2020_oh,mlp,dralign,1009,auc,0.8143621553516995,False,higher,transfer_complete / hmda_2020_oh / mlp / auc
hmda_2020_oh,mlp,hifi,1000,auc,0.8274942470489671,False,higher,transfer_complete / hmda_2020_oh / mlp / auc
hmda_2020_oh,mlp,hifi,1001,auc,0.8218426929859265,False,higher,transfer_complete / hmda_2020_oh / mlp / auc
hmda_2020_oh,mlp,hifi,1002,auc,0.82719468365207,False,higher,transfer_complete / hmda_2020_oh / mlp / auc
hmda_2020_oh,mlp,hifi,1003,auc,0.8212177882242215,False,higher,transfer_complete / hmda_2020_oh / mlp / auc
hmda_2020_oh,mlp,hifi,1004,auc,0.821228894254747,False,higher,transfer_complete / hmda_2020_oh / mlp / auc
hmda_2020_oh,mlp,hifi,1005,auc,0.8197928409547288,False,higher,transfer_complete / hmda_2020_oh / mlp / auc
hmda_2020_oh,mlp,hifi,1006,auc,0.819700290700349,False,higher,transfer_complete / hmda_2020_oh / mlp / auc
hmda_2020_oh,mlp,hifi,1007,auc,0.8146561385126705,False,higher,transfer_complete / hmda_2020_oh / mlp / auc
hmda_2020_oh,mlp,hifi,1008,auc,0.8216695423482472,False,higher,transfer_complete / hmda_2020_oh / mlp / auc
hmda_2020_oh,mlp,hifi,1009,auc,0.8170161699993559,False,higher,transfer_complete / hmda_2020_oh / mlp / auc
hmda_2020_oh,mlp,hifi_erm,1000,auc,0.8167095564507281,False,higher,transfer_complete / hmda_2020_oh / mlp / auc
hmda_2020_oh,mlp,hifi_erm,1001,auc,0.8192698775761568,False,higher,transfer_complete / hmda_2020_oh / mlp / auc
hmda_2020_oh,mlp,hifi_erm,1002,auc,0.827100935688516,False,higher,transfer_complete / hmda_2020_oh / mlp / auc
hmda_2020_oh,mlp,hifi_erm,1003,auc,0.822666880221842,False,higher,transfer_complete / hmda_2020_oh / mlp / auc
hmda_2020_oh,mlp,hifi_erm,1004,auc,0.8233642191679308,False,higher,transfer_complete / hmda_2020_oh / mlp / auc
hmda_2020_oh,mlp,hifi_erm,1005,auc,0.8150236174638845,False,higher,transfer_complete / hmda_2020_oh / mlp / auc
hmda_2020_oh,mlp,hifi_erm,1006,auc,0.8173386259738806,False,higher,transfer_complete / hmda_2020_oh / mlp / auc
hmda_2020_oh,mlp,hifi_erm,1007,auc,0.8145866986012226,False,higher,transfer_complete / hmda_2020_oh / mlp / auc
hmda_2020_oh,mlp,hifi_erm,1008,auc,0.8197188551925512,False,higher,transfer_complete / hmda_2020_oh / mlp / auc
hmda_2020_oh,mlp,hifi_erm,1009,auc,0.8193573103458826,False,higher,transfer_complete / hmda_2020_oh / mlp / auc
hmda_2020_oh,mlp,hifi_shared,1000,auc,0.8314286944659686,False,higher,transfer_complete / hmda_2020_oh / mlp / auc
hmda_2020_oh,mlp,hifi_shared,1001,auc,0.8295462495125459,False,higher,transfer_complete / hmda_2020_oh / mlp / auc
hmda_2020_oh,mlp,hifi_shared,1002,auc,0.8290441643825356,False,higher,transfer_complete / hmda_2020_oh / mlp / auc
hmda_2020_oh,mlp,hifi_shared,1003,auc,0.8289297831563872,False,higher,transfer_complete / hmda_2020_oh / mlp / auc
hmda_2020_oh,mlp,hifi_shared,1004,auc,0.8283899974080484,False,higher,transfer_complete / hmda_2020_oh / mlp / auc
hmda_2020_oh,mlp,hifi_shared,1005,auc,0.8306278353382894,False,higher,transfer_complete / hmda_2020_oh / mlp / auc
hmda_2020_oh,mlp,hifi_shared,1006,auc,0.8333970750526488,False,higher,transfer_complete / hmda_2020_oh / mlp / auc
hmda_2020_oh,mlp,hifi_shared,1007,auc,0.8284029544436617,False,higher,transfer_complete / hmda_2020_oh / mlp / auc
hmda_2020_oh,mlp,hifi_shared,1008,auc,0.829328511428786,False,higher,transfer_complete / hmda_2020_oh / mlp / auc
hmda_2020_oh,mlp,hifi_shared,1009,auc,0.8241806485148762,False,higher,transfer_complete / hmda_2020_oh / mlp / auc
hmda_2020_oh,mlp,ltdd,1000,auc,0.8277199063456756,False,higher,transfer_complete / hmda_2020_oh / mlp / auc
hmda_2020_oh,mlp,ltdd,1001,auc,0.8254267015867851,False,higher,transfer_complete / hmda_2020_oh / mlp / auc
hmda_2020_oh,mlp,ltdd,1002,auc,0.829330117447906,False,higher,transfer_complete / hmda_2020_oh / mlp / auc
hmda_2020_oh,mlp,ltdd,1003,auc,0.8239850952715041,False,higher,transfer_complete / hmda_2020_oh / mlp / auc
hmda_2020_oh,mlp,ltdd,1004,auc,0.8282367450750607,False,higher,transfer_complete / hmda_2020_oh / mlp / auc
hmda_2020_oh,mlp,ltdd,1005,auc,0.8244338551225938,False,higher,transfer_complete / hmda_2020_oh / mlp / auc
hmda_2020_oh,mlp,ltdd,1006,auc,0.8302162589129298,False,higher,transfer_complete / hmda_2020_oh / mlp / auc
hmda_2020_oh,mlp,ltdd,1007,auc,0.8263945322616304,False,higher,transfer_complete / hmda_2020_oh / mlp / auc
hmda_2020_oh,mlp,ltdd,1008,auc,0.8277639765991581,False,higher,transfer_complete / hmda_2020_oh / mlp / auc
hmda_2020_oh,mlp,ltdd,1009,auc,0.8261172353671107,False,higher,transfer_complete / hmda_2020_oh / mlp / auc
hmda_2020_oh,mlp,neufair,1000,auc,0.8049073030262464,False,higher,transfer_complete / hmda_2020_oh / mlp / auc
hmda_2020_oh,mlp,neufair,1001,auc,0.8004128176875949,False,higher,transfer_complete / hmda_2020_oh / mlp / auc
hmda_2020_oh,mlp,neufair,1002,auc,0.8135462976386783,False,higher,transfer_complete / hmda_2020_oh / mlp / auc
hmda_2020_oh,mlp,neufair,1003,auc,0.8147878048598574,False,higher,transfer_complete / hmda_2020_oh / mlp / auc
hmda_2020_oh,mlp,neufair,1004,auc,0.8104658440836352,False,higher,transfer_complete / hmda_2020_oh / mlp / auc
hmda_2020_oh,mlp,neufair,1005,auc,0.8027241514080787,False,higher,transfer_complete / hmda_2020_oh / mlp / auc
hmda_2020_oh,mlp,neufair,1006,auc,0.8111381127990522,False,higher,transfer_complete / hmda_2020_oh / mlp / auc
hmda_2020_oh,mlp,neufair,1007,auc,0.8087111184812568,False,higher,transfer_complete / hmda_2020_oh / mlp / auc
hmda_2020_oh,mlp,neufair,1008,auc,0.7974337883230868,False,higher,transfer_complete / hmda_2020_oh / mlp / auc
hmda_2020_oh,mlp,neufair,1009,auc,0.8131292226393818,False,higher,transfer_complete / hmda_2020_oh / mlp / auc
hmda_2019_mi,ft,erm,1000,auc,0.8425813745854054,False,higher,transfer_complete / hmda_2019_mi / ft / auc
hmda_2019_mi,ft,soft,1000,auc,0.8241988933336892,False,higher,transfer_complete / hmda_2019_mi / ft / auc
hmda_2019_mi,ft,erm,1001,auc,0.8441183464112232,False,higher,transfer_complete / hmda_2019_mi / ft / auc
hmda_2019_mi,ft,soft,1001,auc,0.8351029827038599,False,higher,transfer_complete / hmda_2019_mi / ft / auc
hmda_2019_mi,ft,erm,1002,auc,0.8486299656339902,False,higher,transfer_complete / hmda_2019_mi / ft / auc
hmda_2019_mi,ft,soft,1002,auc,0.8175627722638301,False,higher,transfer_complete / hmda_2019_mi / ft / auc
hmda_2019_mi,ft,erm,1003,auc,0.8429345263049106,False,higher,transfer_complete / hmda_2019_mi / ft / auc
hmda_2019_mi,ft,soft,1003,auc,0.8221676768464665,False,higher,transfer_complete / hmda_2019_mi / ft / auc
hmda_2019_mi,ft,erm,1004,auc,0.8428801486750567,False,higher,transfer_complete / hmda_2019_mi / ft / auc
hmda_2019_mi,ft,soft,1004,auc,0.8327053812093184,False,higher,transfer_complete / hmda_2019_mi / ft / auc
hmda_2019_mi,ft,erm,1005,auc,0.84654674791719,False,higher,transfer_complete / hmda_2019_mi / ft / auc
hmda_2019_mi,ft,soft,1005,auc,0.8283407260350166,False,higher,transfer_complete / hmda_2019_mi / ft / auc
hmda_2019_mi,ft,erm,1006,auc,0.8419381855419714,False,higher,transfer_complete / hmda_2019_mi / ft / auc
hmda_2019_mi,ft,soft,1006,auc,0.8157830348411499,False,higher,transfer_complete / hmda_2019_mi / ft / auc
hmda_2019_mi,ft,erm,1007,auc,0.8451324635801515,False,higher,transfer_complete / hmda_2019_mi / ft / auc
hmda_2019_mi,ft,soft,1007,auc,0.8251478458793522,False,higher,transfer_complete / hmda_2019_mi / ft / auc
hmda_2019_mi,ft,erm,1008,auc,0.8443312905144211,False,higher,transfer_complete / hmda_2019_mi / ft / auc
hmda_2019_mi,ft,soft,1008,auc,0.8189777322440845,False,higher,transfer_complete / hmda_2019_mi / ft / auc
hmda_2019_mi,ft,erm,1009,auc,0.8412254285453481,False,higher,transfer_complete / hmda_2019_mi / ft / auc
hmda_2019_mi,ft,soft,1009,auc,0.8352421186102382,False,higher,transfer_complete / hmda_2019_mi / ft / auc
hmda_2019_mi,mlp,erm,1000,auc,0.8305278530188042,False,higher,transfer_complete / hmda_2019_mi / mlp / auc
hmda_2019_mi,mlp,soft,1000,auc,0.8235786994576356,False,higher,transfer_complete / hmda_2019_mi / mlp / auc
hmda_2019_mi,mlp,erm,1001,auc,0.8314522727263196,False,higher,transfer_complete / hmda_2019_mi / mlp / auc
hmda_2019_mi,mlp,soft,1001,auc,0.8205976218011148,False,higher,transfer_complete / hmda_2019_mi / mlp / auc
hmda_2019_mi,mlp,erm,1002,auc,0.8314533211382062,False,higher,transfer_complete / hmda_2019_mi / mlp / auc
hmda_2019_mi,mlp,soft,1002,auc,0.8098671494393722,False,higher,transfer_complete / hmda_2019_mi / mlp / auc
hmda_2019_mi,mlp,erm,1003,auc,0.8314036264147795,False,higher,transfer_complete / hmda_2019_mi / mlp / auc
hmda_2019_mi,mlp,soft,1003,auc,0.8215240451402357,False,higher,transfer_complete / hmda_2019_mi / mlp / auc
hmda_2019_mi,mlp,erm,1004,auc,0.8299941414743777,False,higher,transfer_complete / hmda_2019_mi / mlp / auc
hmda_2019_mi,mlp,soft,1004,auc,0.8166661238222899,False,higher,transfer_complete / hmda_2019_mi / mlp / auc
hmda_2019_mi,mlp,erm,1005,auc,0.8293050552883504,False,higher,transfer_complete / hmda_2019_mi / mlp / auc
hmda_2019_mi,mlp,soft,1005,auc,0.8133996684502249,False,higher,transfer_complete / hmda_2019_mi / mlp / auc
hmda_2019_mi,mlp,erm,1006,auc,0.8284360616225753,False,higher,transfer_complete / hmda_2019_mi / mlp / auc
hmda_2019_mi,mlp,soft,1006,auc,0.8084448272778693,False,higher,transfer_complete / hmda_2019_mi / mlp / auc
hmda_2019_mi,mlp,erm,1007,auc,0.831382797965298,False,higher,transfer_complete / hmda_2019_mi / mlp / auc
hmda_2019_mi,mlp,soft,1007,auc,0.8271777576762271,False,higher,transfer_complete / hmda_2019_mi / mlp / auc
hmda_2019_mi,mlp,erm,1008,auc,0.8317123487683328,False,higher,transfer_complete / hmda_2019_mi / mlp / auc
hmda_2019_mi,mlp,soft,1008,auc,0.8258002376493468,False,higher,transfer_complete / hmda_2019_mi / mlp / auc
hmda_2019_mi,mlp,erm,1009,auc,0.8328885504149357,False,higher,transfer_complete / hmda_2019_mi / mlp / auc
hmda_2019_mi,mlp,soft,1009,auc,0.824045405833485,False,higher,transfer_complete / hmda_2019_mi / mlp / auc
hmda_2020_oh,ft,erm,1000,auc,0.8363071544776439,False,higher,transfer_complete / hmda_2020_oh / ft / auc
hmda_2020_oh,ft,soft,1000,auc,0.8276395237276803,False,higher,transfer_complete / hmda_2020_oh / ft / auc
hmda_2020_oh,ft,erm,1001,auc,0.8404871050547194,False,higher,transfer_complete / hmda_2020_oh / ft / auc
hmda_2020_oh,ft,soft,1001,auc,0.831651359489741,False,higher,transfer_complete / hmda_2020_oh / ft / auc
hmda_2020_oh,ft,erm,1002,auc,0.8380790290977457,False,higher,transfer_complete / hmda_2020_oh / ft / auc
hmda_2020_oh,ft,soft,1002,auc,0.8206037989484004,False,higher,transfer_complete / hmda_2020_oh / ft / auc
hmda_2020_oh,ft,erm,1003,auc,0.8390054571440876,False,higher,transfer_complete / hmda_2020_oh / ft / auc
hmda_2020_oh,ft,soft,1003,auc,0.8264795968336707,False,higher,transfer_complete / hmda_2020_oh / ft / auc
hmda_2020_oh,ft,erm,1004,auc,0.8434644195174549,False,higher,transfer_complete / hmda_2020_oh / ft / auc
hmda_2020_oh,ft,soft,1004,auc,0.8319416950818632,False,higher,transfer_complete / hmda_2020_oh / ft / auc
hmda_2020_oh,ft,erm,1005,auc,0.841188989851538,False,higher,transfer_complete / hmda_2020_oh / ft / auc
hmda_2020_oh,ft,soft,1005,auc,0.8268513222083208,False,higher,transfer_complete / hmda_2020_oh / ft / auc
hmda_2020_oh,ft,erm,1006,auc,0.8402406763921015,False,higher,transfer_complete / hmda_2020_oh / ft / auc
hmda_2020_oh,ft,soft,1006,auc,0.8231942805684914,False,higher,transfer_complete / hmda_2020_oh / ft / auc
hmda_2020_oh,ft,erm,1007,auc,0.8411319897831053,False,higher,transfer_complete / hmda_2020_oh / ft / auc
hmda_2020_oh,ft,soft,1007,auc,0.831780467094601,False,higher,transfer_complete / hmda_2020_oh / ft / auc
hmda_2020_oh,ft,erm,1008,auc,0.8427431536085425,False,higher,transfer_complete / hmda_2020_oh / ft / auc
hmda_2020_oh,ft,soft,1008,auc,0.8225344516960895,False,higher,transfer_complete / hmda_2020_oh / ft / auc
hmda_2020_oh,ft,erm,1009,auc,0.8408797631192572,False,higher,transfer_complete / hmda_2020_oh / ft / auc
hmda_2020_oh,ft,soft,1009,auc,0.8265709493788761,False,higher,transfer_complete / hmda_2020_oh / ft / auc
hmda_2020_oh,mlp,erm,1000,auc,0.8317297005580072,False,higher,transfer_complete / hmda_2020_oh / mlp / auc
hmda_2020_oh,mlp,soft,1000,auc,0.8280202591418011,False,higher,transfer_complete / hmda_2020_oh / mlp / auc
hmda_2020_oh,mlp,erm,1001,auc,0.8287234505304464,False,higher,transfer_complete / hmda_2020_oh / mlp / auc
hmda_2020_oh,mlp,soft,1001,auc,0.8225792569074746,False,higher,transfer_complete / hmda_2020_oh / mlp / auc
hmda_2020_oh,mlp,erm,1002,auc,0.8299374376612791,False,higher,transfer_complete / hmda_2020_oh / mlp / auc
hmda_2020_oh,mlp,soft,1002,auc,0.8148242533276853,False,higher,transfer_complete / hmda_2020_oh / mlp / auc
hmda_2020_oh,mlp,erm,1003,auc,0.8296233112096487,False,higher,transfer_complete / hmda_2020_oh / mlp / auc
hmda_2020_oh,mlp,soft,1003,auc,0.8299792758203914,False,higher,transfer_complete / hmda_2020_oh / mlp / auc
hmda_2020_oh,mlp,erm,1004,auc,0.8291483106393758,False,higher,transfer_complete / hmda_2020_oh / mlp / auc
hmda_2020_oh,mlp,soft,1004,auc,0.8181719593525816,False,higher,transfer_complete / hmda_2020_oh / mlp / auc
hmda_2020_oh,mlp,erm,1005,auc,0.8264923088833164,False,higher,transfer_complete / hmda_2020_oh / mlp / auc
hmda_2020_oh,mlp,soft,1005,auc,0.8166966810771041,False,higher,transfer_complete / hmda_2020_oh / mlp / auc
hmda_2020_oh,mlp,erm,1006,auc,0.8298141280576495,False,higher,transfer_complete / hmda_2020_oh / mlp / auc
hmda_2020_oh,mlp,soft,1006,auc,0.8102925845633036,False,higher,transfer_complete / hmda_2020_oh / mlp / auc
hmda_2020_oh,mlp,erm,1007,auc,0.8286203386588019,False,higher,transfer_complete / hmda_2020_oh / mlp / auc
hmda_2020_oh,mlp,soft,1007,auc,0.8318375488250227,False,higher,transfer_complete / hmda_2020_oh / mlp / auc
hmda_2020_oh,mlp,erm,1008,auc,0.8305288337867661,False,higher,transfer_complete / hmda_2020_oh / mlp / auc
hmda_2020_oh,mlp,soft,1008,auc,0.8279315470009118,False,higher,transfer_complete / hmda_2020_oh / mlp / auc
hmda_2020_oh,mlp,erm,1009,auc,0.8309306107734267,False,higher,transfer_complete / hmda_2020_oh / mlp / auc
hmda_2020_oh,mlp,soft,1009,auc,0.8258279341601846,False,higher,transfer_complete / hmda_2020_oh / mlp / auc
hmda_2019_mi,ft,cot_phi,1000,accuracy,0.8755833333333334,False,higher,transfer_complete / hmda_2019_mi / ft / accuracy
hmda_2019_mi,ft,cot_phi,1001,accuracy,0.8701666666666666,False,higher,transfer_complete / hmda_2019_mi / ft / accuracy
hmda_2019_mi,ft,cot_phi,1002,accuracy,0.8734166666666666,False,higher,transfer_complete / hmda_2019_mi / ft / accuracy
hmda_2019_mi,ft,cot_phi,1003,accuracy,0.8720833333333333,False,higher,transfer_complete / hmda_2019_mi / ft / accuracy
hmda_2019_mi,ft,cot_phi,1004,accuracy,0.8726666666666667,False,higher,transfer_complete / hmda_2019_mi / ft / accuracy
hmda_2019_mi,ft,cot_phi,1005,accuracy,0.8748333333333334,False,higher,transfer_complete / hmda_2019_mi / ft / accuracy
hmda_2019_mi,ft,cot_phi,1006,accuracy,0.873,False,higher,transfer_complete / hmda_2019_mi / ft / accuracy
hmda_2019_mi,ft,cot_phi,1007,accuracy,0.8729166666666667,False,higher,transfer_complete / hmda_2019_mi / ft / accuracy
hmda_2019_mi,ft,cot_phi,1008,accuracy,0.8725833333333334,False,higher,transfer_complete / hmda_2019_mi / ft / accuracy
hmda_2019_mi,ft,cot_phi,1009,accuracy,0.87425,False,higher,transfer_complete / hmda_2019_mi / ft / accuracy
hmda_2019_mi,ft,hifi,1000,accuracy,0.871,False,higher,transfer_complete / hmda_2019_mi / ft / accuracy
hmda_2019_mi,ft,hifi,1001,accuracy,0.7048333333333333,False,higher,transfer_complete / hmda_2019_mi / ft / accuracy
hmda_2019_mi,ft,hifi,1002,accuracy,0.8698333333333333,False,higher,transfer_complete / hmda_2019_mi / ft / accuracy
hmda_2019_mi,ft,hifi,1003,accuracy,0.8719166666666667,False,higher,transfer_complete / hmda_2019_mi / ft / accuracy
hmda_2019_mi,ft,hifi,1004,accuracy,0.8464166666666667,False,higher,transfer_complete / hmda_2019_mi / ft / accuracy
hmda_2019_mi,ft,hifi,1005,accuracy,0.8578333333333333,False,higher,transfer_complete / hmda_2019_mi / ft / accuracy
hmda_2019_mi,ft,hifi,1006,accuracy,0.87075,False,higher,transfer_complete / hmda_2019_mi / ft / accuracy
hmda_2019_mi,ft,hifi,1007,accuracy,0.8685,False,higher,transfer_complete / hmda_2019_mi / ft / accuracy
hmda_2019_mi,ft,hifi,1008,accuracy,0.8693333333333333,False,higher,transfer_complete / hmda_2019_mi / ft / accuracy
hmda_2019_mi,ft,hifi,1009,accuracy,0.8495,False,higher,transfer_complete / hmda_2019_mi / ft / accuracy
hmda_2019_mi,ft,hifi_erm,1000,accuracy,0.8635833333333334,False,higher,transfer_complete / hmda_2019_mi / ft / accuracy
hmda_2019_mi,ft,hifi_erm,1001,accuracy,0.8615,False,higher,transfer_complete / hmda_2019_mi / ft / accuracy
hmda_2019_mi,ft,hifi_erm,1002,accuracy,0.8584166666666667,False,higher,transfer_complete / hmda_2019_mi / ft / accuracy
hmda_2019_mi,ft,hifi_erm,1003,accuracy,0.8665,False,higher,transfer_complete / hmda_2019_mi / ft / accuracy
hmda_2019_mi,ft,hifi_erm,1004,accuracy,0.86725,False,higher,transfer_complete / hmda_2019_mi / ft / accuracy
hmda_2019_mi,ft,hifi_erm,1005,accuracy,0.8725,False,higher,transfer_complete / hmda_2019_mi / ft / accuracy
hmda_2019_mi,ft,hifi_erm,1006,accuracy,0.8615833333333334,False,higher,transfer_complete / hmda_2019_mi / ft / accuracy
hmda_2019_mi,ft,hifi_erm,1007,accuracy,0.87075,False,higher,transfer_complete / hmda_2019_mi / ft / accuracy
hmda_2019_mi,ft,hifi_erm,1008,accuracy,0.87075,False,higher,transfer_complete / hmda_2019_mi / ft / accuracy
hmda_2019_mi,ft,hifi_erm,1009,accuracy,0.8689166666666667,False,higher,transfer_complete / hmda_2019_mi / ft / accuracy
hmda_2019_mi,ft,hifi_shared,1000,accuracy,0.8755833333333334,False,higher,transfer_complete / hmda_2019_mi / ft / accuracy
hmda_2019_mi,ft,hifi_shared,1001,accuracy,0.8745833333333334,False,higher,transfer_complete / hmda_2019_mi / ft / accuracy
hmda_2019_mi,ft,hifi_shared,1002,accuracy,0.8736666666666667,False,higher,transfer_complete / hmda_2019_mi / ft / accuracy
hmda_2019_mi,ft,hifi_shared,1003,accuracy,0.8718333333333333,False,higher,transfer_complete / hmda_2019_mi / ft / accuracy
hmda_2019_mi,ft,hifi_shared,1004,accuracy,0.8729166666666667,False,higher,transfer_complete / hmda_2019_mi / ft / accuracy
hmda_2019_mi,ft,hifi_shared,1005,accuracy,0.8766666666666667,False,higher,transfer_complete / hmda_2019_mi / ft / accuracy
hmda_2019_mi,ft,hifi_shared,1006,accuracy,0.8739166666666667,False,higher,transfer_complete / hmda_2019_mi / ft / accuracy
hmda_2019_mi,ft,hifi_shared,1007,accuracy,0.875,False,higher,transfer_complete / hmda_2019_mi / ft / accuracy
hmda_2019_mi,ft,hifi_shared,1008,accuracy,0.8745833333333334,False,higher,transfer_complete / hmda_2019_mi / ft / accuracy
hmda_2019_mi,ft,hifi_shared,1009,accuracy,0.8690833333333333,False,higher,transfer_complete / hmda_2019_mi / ft / accuracy
hmda_2019_mi,ft,reweighing,1000,accuracy,0.875,False,higher,transfer_complete / hmda_2019_mi / ft / accuracy
hmda_2019_mi,ft,reweighing,1001,accuracy,0.8725,False,higher,transfer_complete / hmda_2019_mi / ft / accuracy
hmda_2019_mi,ft,reweighing,1002,accuracy,0.87125,False,higher,transfer_complete / hmda_2019_mi / ft / accuracy
hmda_2019_mi,ft,reweighing,1003,accuracy,0.8718333333333333,False,higher,transfer_complete / hmda_2019_mi / ft / accuracy
hmda_2019_mi,ft,reweighing,1004,accuracy,0.87475,False,higher,transfer_complete / hmda_2019_mi / ft / accuracy
hmda_2019_mi,ft,reweighing,1005,accuracy,0.8743333333333333,False,higher,transfer_complete / hmda_2019_mi / ft / accuracy
hmda_2019_mi,ft,reweighing,1006,accuracy,0.8708333333333333,False,higher,transfer_complete / hmda_2019_mi / ft / accuracy
hmda_2019_mi,ft,reweighing,1007,accuracy,0.8728333333333333,False,higher,transfer_complete / hmda_2019_mi / ft / accuracy
hmda_2019_mi,ft,reweighing,1008,accuracy,0.87275,False,higher,transfer_complete / hmda_2019_mi / ft / accuracy
hmda_2019_mi,ft,reweighing,1009,accuracy,0.8699166666666667,False,higher,transfer_complete / hmda_2019_mi / ft / accuracy
hmda_2019_mi,mlp,cot_phi,1000,accuracy,0.867,False,higher,transfer_complete / hmda_2019_mi / mlp / accuracy
hmda_2019_mi,mlp,cot_phi,1001,accuracy,0.8703333333333333,False,higher,transfer_complete / hmda_2019_mi / mlp / accuracy
hmda_2019_mi,mlp,cot_phi,1002,accuracy,0.87175,False,higher,transfer_complete / hmda_2019_mi / mlp / accuracy
hmda_2019_mi,mlp,cot_phi,1003,accuracy,0.87,False,higher,transfer_complete / hmda_2019_mi / mlp / accuracy
hmda_2019_mi,mlp,cot_phi,1004,accuracy,0.8700833333333333,False,higher,transfer_complete / hmda_2019_mi / mlp / accuracy
hmda_2019_mi,mlp,cot_phi,1005,accuracy,0.8725833333333334,False,higher,transfer_complete / hmda_2019_mi / mlp / accuracy
hmda_2019_mi,mlp,cot_phi,1006,accuracy,0.8680833333333333,False,higher,transfer_complete / hmda_2019_mi / mlp / accuracy
hmda_2019_mi,mlp,cot_phi,1007,accuracy,0.8716666666666667,False,higher,transfer_complete / hmda_2019_mi / mlp / accuracy
hmda_2019_mi,mlp,cot_phi,1008,accuracy,0.8659166666666667,False,higher,transfer_complete / hmda_2019_mi / mlp / accuracy
hmda_2019_mi,mlp,cot_phi,1009,accuracy,0.8705833333333334,False,higher,transfer_complete / hmda_2019_mi / mlp / accuracy
hmda_2019_mi,mlp,dralign,1000,accuracy,0.87075,False,higher,transfer_complete / hmda_2019_mi / mlp / accuracy
hmda_2019_mi,mlp,dralign,1001,accuracy,0.8654166666666666,False,higher,transfer_complete / hmda_2019_mi / mlp / accuracy
hmda_2019_mi,mlp,dralign,1002,accuracy,0.8658333333333333,False,higher,transfer_complete / hmda_2019_mi / mlp / accuracy
hmda_2019_mi,mlp,dralign,1003,accuracy,0.8429166666666666,False,higher,transfer_complete / hmda_2019_mi / mlp / accuracy
hmda_2019_mi,mlp,dralign,1004,accuracy,0.8530833333333333,False,higher,transfer_complete / hmda_2019_mi / mlp / accuracy
hmda_2019_mi,mlp,dralign,1005,accuracy,0.8289166666666666,False,higher,transfer_complete / hmda_2019_mi / mlp / accuracy
hmda_2019_mi,mlp,dralign,1006,accuracy,0.857,False,higher,transfer_complete / hmda_2019_mi / mlp / accuracy
hmda_2019_mi,mlp,dralign,1007,accuracy,0.8668333333333333,False,higher,transfer_complete / hmda_2019_mi / mlp / accuracy
hmda_2019_mi,mlp,dralign,1008,accuracy,0.8564166666666667,False,higher,transfer_complete / hmda_2019_mi / mlp / accuracy
hmda_2019_mi,mlp,dralign,1009,accuracy,0.8561666666666666,False,higher,transfer_complete / hmda_2019_mi / mlp / accuracy
hmda_2019_mi,mlp,hifi,1000,accuracy,0.8596666666666667,False,higher,transfer_complete / hmda_2019_mi / mlp / accuracy
hmda_2019_mi,mlp,hifi,1001,accuracy,0.8658333333333333,False,higher,transfer_complete / hmda_2019_mi / mlp / accuracy
hmda_2019_mi,mlp,hifi,1002,accuracy,0.87025,False,higher,transfer_complete / hmda_2019_mi / mlp / accuracy
hmda_2019_mi,mlp,hifi,1003,accuracy,0.8668333333333333,False,higher,transfer_complete / hmda_2019_mi / mlp / accuracy
hmda_2019_mi,mlp,hifi,1004,accuracy,0.862,False,higher,transfer_complete / hmda_2019_mi / mlp / accuracy
hmda_2019_mi,mlp,hifi,1005,accuracy,0.86525,False,higher,transfer_complete / hmda_2019_mi / mlp / accuracy
hmda_2019_mi,mlp,hifi,1006,accuracy,0.8705,False,higher,transfer_complete / hmda_2019_mi / mlp / accuracy
hmda_2019_mi,mlp,hifi,1007,accuracy,0.86725,False,higher,transfer_complete / hmda_2019_mi / mlp / accuracy
hmda_2019_mi,mlp,hifi,1008,accuracy,0.8708333333333333,False,higher,transfer_complete / hmda_2019_mi / mlp / accuracy
hmda_2019_mi,mlp,hifi,1009,accuracy,0.8673333333333333,False,higher,transfer_complete / hmda_2019_mi / mlp / accuracy
hmda_2019_mi,mlp,hifi_erm,1000,accuracy,0.8604166666666667,False,higher,transfer_complete / hmda_2019_mi / mlp / accuracy
hmda_2019_mi,mlp,hifi_erm,1001,accuracy,0.7895833333333333,False,higher,transfer_complete / hmda_2019_mi / mlp / accuracy
hmda_2019_mi,mlp,hifi_erm,1002,accuracy,0.86625,False,higher,transfer_complete / hmda_2019_mi / mlp / accuracy
hmda_2019_mi,mlp,hifi_erm,1003,accuracy,0.8665,False,higher,transfer_complete / hmda_2019_mi / mlp / accuracy
hmda_2019_mi,mlp,hifi_erm,1004,accuracy,0.8631666666666666,False,higher,transfer_complete / hmda_2019_mi / mlp / accuracy
hmda_2019_mi,mlp,hifi_erm,1005,accuracy,0.85975,False,higher,transfer_complete / hmda_2019_mi / mlp / accuracy
hmda_2019_mi,mlp,hifi_erm,1006,accuracy,0.8693333333333333,False,higher,transfer_complete / hmda_2019_mi / mlp / accuracy
hmda_2019_mi,mlp,hifi_erm,1007,accuracy,0.869,False,higher,transfer_complete / hmda_2019_mi / mlp / accuracy
hmda_2019_mi,mlp,hifi_erm,1008,accuracy,0.8698333333333333,False,higher,transfer_complete / hmda_2019_mi / mlp / accuracy
hmda_2019_mi,mlp,hifi_erm,1009,accuracy,0.868,False,higher,transfer_complete / hmda_2019_mi / mlp / accuracy
hmda_2019_mi,mlp,hifi_shared,1000,accuracy,0.8683333333333333,False,higher,transfer_complete / hmda_2019_mi / mlp / accuracy
hmda_2019_mi,mlp,hifi_shared,1001,accuracy,0.86975,False,higher,transfer_complete / hmda_2019_mi / mlp / accuracy
hmda_2019_mi,mlp,hifi_shared,1002,accuracy,0.871,False,higher,transfer_complete / hmda_2019_mi / mlp / accuracy
hmda_2019_mi,mlp,hifi_shared,1003,accuracy,0.8711666666666666,False,higher,transfer_complete / hmda_2019_mi / mlp / accuracy
hmda_2019_mi,mlp,hifi_shared,1004,accuracy,0.8703333333333333,False,higher,transfer_complete / hmda_2019_mi / mlp / accuracy
hmda_2019_mi,mlp,hifi_shared,1005,accuracy,0.8715,False,higher,transfer_complete / hmda_2019_mi / mlp / accuracy
hmda_2019_mi,mlp,hifi_shared,1006,accuracy,0.8670833333333333,False,higher,transfer_complete / hmda_2019_mi / mlp / accuracy
hmda_2019_mi,mlp,hifi_shared,1007,accuracy,0.87025,False,higher,transfer_complete / hmda_2019_mi / mlp / accuracy
hmda_2019_mi,mlp,hifi_shared,1008,accuracy,0.8691666666666666,False,higher,transfer_complete / hmda_2019_mi / mlp / accuracy
hmda_2019_mi,mlp,hifi_shared,1009,accuracy,0.8650833333333333,False,higher,transfer_complete / hmda_2019_mi / mlp / accuracy
hmda_2019_mi,mlp,ltdd,1000,accuracy,0.8679166666666667,False,higher,transfer_complete / hmda_2019_mi / mlp / accuracy
hmda_2019_mi,mlp,ltdd,1001,accuracy,0.8654166666666666,False,higher,transfer_complete / hmda_2019_mi / mlp / accuracy
hmda_2019_mi,mlp,ltdd,1002,accuracy,0.86825,False,higher,transfer_complete / hmda_2019_mi / mlp / accuracy
hmda_2019_mi,mlp,ltdd,1003,accuracy,0.8700833333333333,False,higher,transfer_complete / hmda_2019_mi / mlp / accuracy
hmda_2019_mi,mlp,ltdd,1004,accuracy,0.8706666666666667,False,higher,transfer_complete / hmda_2019_mi / mlp / accuracy
hmda_2019_mi,mlp,ltdd,1005,accuracy,0.8696666666666667,False,higher,transfer_complete / hmda_2019_mi / mlp / accuracy
hmda_2019_mi,mlp,ltdd,1006,accuracy,0.8661666666666666,False,higher,transfer_complete / hmda_2019_mi / mlp / accuracy
hmda_2019_mi,mlp,ltdd,1007,accuracy,0.87,False,higher,transfer_complete / hmda_2019_mi / mlp / accuracy
hmda_2019_mi,mlp,ltdd,1008,accuracy,0.8689166666666667,False,higher,transfer_complete / hmda_2019_mi / mlp / accuracy
hmda_2019_mi,mlp,ltdd,1009,accuracy,0.8665833333333334,False,higher,transfer_complete / hmda_2019_mi / mlp / accuracy
hmda_2019_mi,mlp,mirrorfair,1000,accuracy,0.8658333333333333,False,higher,transfer_complete / hmda_2019_mi / mlp / accuracy
hmda_2019_mi,mlp,mirrorfair,1001,accuracy,0.8709166666666667,False,higher,transfer_complete / hmda_2019_mi / mlp / accuracy
hmda_2019_mi,mlp,mirrorfair,1002,accuracy,0.8716666666666667,False,higher,transfer_complete / hmda_2019_mi / mlp / accuracy
hmda_2019_mi,mlp,mirrorfair,1003,accuracy,0.86925,False,higher,transfer_complete / hmda_2019_mi / mlp / accuracy
hmda_2019_mi,mlp,mirrorfair,1004,accuracy,0.86725,False,higher,transfer_complete / hmda_2019_mi / mlp / accuracy
hmda_2019_mi,mlp,mirrorfair,1005,accuracy,0.8658333333333333,False,higher,transfer_complete / hmda_2019_mi / mlp / accuracy
hmda_2019_mi,mlp,mirrorfair,1006,accuracy,0.8680833333333333,False,higher,transfer_complete / hmda_2019_mi / mlp / accuracy
hmda_2019_mi,mlp,mirrorfair,1007,accuracy,0.8693333333333333,False,higher,transfer_complete / hmda_2019_mi / mlp / accuracy
hmda_2019_mi,mlp,mirrorfair,1008,accuracy,0.8671666666666666,False,higher,transfer_complete / hmda_2019_mi / mlp / accuracy
hmda_2019_mi,mlp,mirrorfair,1009,accuracy,0.8673333333333333,False,higher,transfer_complete / hmda_2019_mi / mlp / accuracy
hmda_2019_mi,mlp,neufair,1000,accuracy,0.8553333333333333,False,higher,transfer_complete / hmda_2019_mi / mlp / accuracy
hmda_2019_mi,mlp,neufair,1001,accuracy,0.85625,False,higher,transfer_complete / hmda_2019_mi / mlp / accuracy
hmda_2019_mi,mlp,neufair,1002,accuracy,0.8530833333333333,False,higher,transfer_complete / hmda_2019_mi / mlp / accuracy
hmda_2019_mi,mlp,neufair,1003,accuracy,0.8549166666666667,False,higher,transfer_complete / hmda_2019_mi / mlp / accuracy
hmda_2019_mi,mlp,neufair,1004,accuracy,0.8533333333333334,False,higher,transfer_complete / hmda_2019_mi / mlp / accuracy
hmda_2019_mi,mlp,neufair,1005,accuracy,0.8525,False,higher,transfer_complete / hmda_2019_mi / mlp / accuracy
hmda_2019_mi,mlp,neufair,1006,accuracy,0.853,False,higher,transfer_complete / hmda_2019_mi / mlp / accuracy
hmda_2019_mi,mlp,neufair,1007,accuracy,0.8556666666666667,False,higher,transfer_complete / hmda_2019_mi / mlp / accuracy
hmda_2019_mi,mlp,neufair,1008,accuracy,0.85425,False,higher,transfer_complete / hmda_2019_mi / mlp / accuracy
hmda_2019_mi,mlp,neufair,1009,accuracy,0.85675,False,higher,transfer_complete / hmda_2019_mi / mlp / accuracy
hmda_2020_oh,ft,cot_phi,1000,accuracy,0.8964166666666666,False,higher,transfer_complete / hmda_2020_oh / ft / accuracy
hmda_2020_oh,ft,cot_phi,1001,accuracy,0.89375,False,higher,transfer_complete / hmda_2020_oh / ft / accuracy
hmda_2020_oh,ft,cot_phi,1002,accuracy,0.8963333333333333,False,higher,transfer_complete / hmda_2020_oh / ft / accuracy
hmda_2020_oh,ft,cot_phi,1003,accuracy,0.896,False,higher,transfer_complete / hmda_2020_oh / ft / accuracy
hmda_2020_oh,ft,cot_phi,1004,accuracy,0.8965,False,higher,transfer_complete / hmda_2020_oh / ft / accuracy
hmda_2020_oh,ft,cot_phi,1005,accuracy,0.89775,False,higher,transfer_complete / hmda_2020_oh / ft / accuracy
hmda_2020_oh,ft,cot_phi,1006,accuracy,0.895,False,higher,transfer_complete / hmda_2020_oh / ft / accuracy
hmda_2020_oh,ft,cot_phi,1007,accuracy,0.8945,False,higher,transfer_complete / hmda_2020_oh / ft / accuracy
hmda_2020_oh,ft,cot_phi,1008,accuracy,0.8945,False,higher,transfer_complete / hmda_2020_oh / ft / accuracy
hmda_2020_oh,ft,cot_phi,1009,accuracy,0.8975,False,higher,transfer_complete / hmda_2020_oh / ft / accuracy
hmda_2020_oh,ft,hifi,1000,accuracy,0.8955833333333333,False,higher,transfer_complete / hmda_2020_oh / ft / accuracy
hmda_2020_oh,ft,hifi,1001,accuracy,0.7579166666666667,False,higher,transfer_complete / hmda_2020_oh / ft / accuracy
hmda_2020_oh,ft,hifi,1002,accuracy,0.893,False,higher,transfer_complete / hmda_2020_oh / ft / accuracy
hmda_2020_oh,ft,hifi,1003,accuracy,0.8960833333333333,False,higher,transfer_complete / hmda_2020_oh / ft / accuracy
hmda_2020_oh,ft,hifi,1004,accuracy,0.8746666666666667,False,higher,transfer_complete / hmda_2020_oh / ft / accuracy
hmda_2020_oh,ft,hifi,1005,accuracy,0.8874166666666666,False,higher,transfer_complete / hmda_2020_oh / ft / accuracy
hmda_2020_oh,ft,hifi,1006,accuracy,0.895,False,higher,transfer_complete / hmda_2020_oh / ft / accuracy
hmda_2020_oh,ft,hifi,1007,accuracy,0.8918333333333334,False,higher,transfer_complete / hmda_2020_oh / ft / accuracy
hmda_2020_oh,ft,hifi,1008,accuracy,0.8948333333333334,False,higher,transfer_complete / hmda_2020_oh / ft / accuracy
hmda_2020_oh,ft,hifi,1009,accuracy,0.88125,False,higher,transfer_complete / hmda_2020_oh / ft / accuracy
hmda_2020_oh,ft,hifi_erm,1000,accuracy,0.8835833333333334,False,higher,transfer_complete / hmda_2020_oh / ft / accuracy
hmda_2020_oh,ft,hifi_erm,1001,accuracy,0.896,False,higher,transfer_complete / hmda_2020_oh / ft / accuracy
hmda_2020_oh,ft,hifi_erm,1002,accuracy,0.8890833333333333,False,higher,transfer_complete / hmda_2020_oh / ft / accuracy
hmda_2020_oh,ft,hifi_erm,1003,accuracy,0.8928333333333334,False,higher,transfer_complete / hmda_2020_oh / ft / accuracy
hmda_2020_oh,ft,hifi_erm,1004,accuracy,0.8951666666666667,False,higher,transfer_complete / hmda_2020_oh / ft / accuracy
hmda_2020_oh,ft,hifi_erm,1005,accuracy,0.895,False,higher,transfer_complete / hmda_2020_oh / ft / accuracy
hmda_2020_oh,ft,hifi_erm,1006,accuracy,0.89025,False,higher,transfer_complete / hmda_2020_oh / ft / accuracy
hmda_2020_oh,ft,hifi_erm,1007,accuracy,0.89675,False,higher,transfer_complete / hmda_2020_oh / ft / accuracy
hmda_2020_oh,ft,hifi_erm,1008,accuracy,0.894,False,higher,transfer_complete / hmda_2020_oh / ft / accuracy
hmda_2020_oh,ft,hifi_erm,1009,accuracy,0.8954166666666666,False,higher,transfer_complete / hmda_2020_oh / ft / accuracy
hmda_2020_oh,ft,hifi_shared,1000,accuracy,0.89725,False,higher,transfer_complete / hmda_2020_oh / ft / accuracy
hmda_2020_oh,ft,hifi_shared,1001,accuracy,0.89625,False,higher,transfer_complete / hmda_2020_oh / ft / accuracy
hmda_2020_oh,ft,hifi_shared,1002,accuracy,0.89575,False,higher,transfer_complete / hmda_2020_oh / ft / accuracy
hmda_2020_oh,ft,hifi_shared,1003,accuracy,0.8959166666666667,False,higher,transfer_complete / hmda_2020_oh / ft / accuracy
hmda_2020_oh,ft,hifi_shared,1004,accuracy,0.898,False,higher,transfer_complete / hmda_2020_oh / ft / accuracy
hmda_2020_oh,ft,hifi_shared,1005,accuracy,0.8965833333333333,False,higher,transfer_complete / hmda_2020_oh / ft / accuracy
hmda_2020_oh,ft,hifi_shared,1006,accuracy,0.8954166666666666,False,higher,transfer_complete / hmda_2020_oh / ft / accuracy
hmda_2020_oh,ft,hifi_shared,1007,accuracy,0.8968333333333334,False,higher,transfer_complete / hmda_2020_oh / ft / accuracy
hmda_2020_oh,ft,hifi_shared,1008,accuracy,0.8953333333333333,False,higher,transfer_complete / hmda_2020_oh / ft / accuracy
hmda_2020_oh,ft,hifi_shared,1009,accuracy,0.8933333333333333,False,higher,transfer_complete / hmda_2020_oh / ft / accuracy
hmda_2020_oh,ft,reweighing,1000,accuracy,0.8969166666666667,False,higher,transfer_complete / hmda_2020_oh / ft / accuracy
hmda_2020_oh,ft,reweighing,1001,accuracy,0.8958333333333334,False,higher,transfer_complete / hmda_2020_oh / ft / accuracy
hmda_2020_oh,ft,reweighing,1002,accuracy,0.8960833333333333,False,higher,transfer_complete / hmda_2020_oh / ft / accuracy
hmda_2020_oh,ft,reweighing,1003,accuracy,0.8956666666666667,False,higher,transfer_complete / hmda_2020_oh / ft / accuracy
hmda_2020_oh,ft,reweighing,1004,accuracy,0.89625,False,higher,transfer_complete / hmda_2020_oh / ft / accuracy
hmda_2020_oh,ft,reweighing,1005,accuracy,0.8976666666666666,False,higher,transfer_complete / hmda_2020_oh / ft / accuracy
hmda_2020_oh,ft,reweighing,1006,accuracy,0.8965,False,higher,transfer_complete / hmda_2020_oh / ft / accuracy
hmda_2020_oh,ft,reweighing,1007,accuracy,0.89725,False,higher,transfer_complete / hmda_2020_oh / ft / accuracy
hmda_2020_oh,ft,reweighing,1008,accuracy,0.896,False,higher,transfer_complete / hmda_2020_oh / ft / accuracy
hmda_2020_oh,ft,reweighing,1009,accuracy,0.8935833333333333,False,higher,transfer_complete / hmda_2020_oh / ft / accuracy
hmda_2020_oh,mlp,cot_phi,1000,accuracy,0.8918333333333334,False,higher,transfer_complete / hmda_2020_oh / mlp / accuracy
hmda_2020_oh,mlp,cot_phi,1001,accuracy,0.8950833333333333,False,higher,transfer_complete / hmda_2020_oh / mlp / accuracy
hmda_2020_oh,mlp,cot_phi,1002,accuracy,0.8935,False,higher,transfer_complete / hmda_2020_oh / mlp / accuracy
hmda_2020_oh,mlp,cot_phi,1003,accuracy,0.89225,False,higher,transfer_complete / hmda_2020_oh / mlp / accuracy
hmda_2020_oh,mlp,cot_phi,1004,accuracy,0.8935,False,higher,transfer_complete / hmda_2020_oh / mlp / accuracy
hmda_2020_oh,mlp,cot_phi,1005,accuracy,0.8939166666666667,False,higher,transfer_complete / hmda_2020_oh / mlp / accuracy
hmda_2020_oh,mlp,cot_phi,1006,accuracy,0.8918333333333334,False,higher,transfer_complete / hmda_2020_oh / mlp / accuracy
hmda_2020_oh,mlp,cot_phi,1007,accuracy,0.8935,False,higher,transfer_complete / hmda_2020_oh / mlp / accuracy
hmda_2020_oh,mlp,cot_phi,1008,accuracy,0.892,False,higher,transfer_complete / hmda_2020_oh / mlp / accuracy
hmda_2020_oh,mlp,cot_phi,1009,accuracy,0.8916666666666667,False,higher,transfer_complete / hmda_2020_oh / mlp / accuracy
hmda_2020_oh,mlp,dralign,1000,accuracy,0.8935833333333333,False,higher,transfer_complete / hmda_2020_oh / mlp / accuracy
hmda_2020_oh,mlp,dralign,1001,accuracy,0.8938333333333334,False,higher,transfer_complete / hmda_2020_oh / mlp / accuracy
hmda_2020_oh,mlp,dralign,1002,accuracy,0.8919166666666667,False,higher,transfer_complete / hmda_2020_oh / mlp / accuracy
hmda_2020_oh,mlp,dralign,1003,accuracy,0.87775,False,higher,transfer_complete / hmda_2020_oh / mlp / accuracy
hmda_2020_oh,mlp,dralign,1004,accuracy,0.8825833333333334,False,higher,transfer_complete / hmda_2020_oh / mlp / accuracy
hmda_2020_oh,mlp,dralign,1005,accuracy,0.8705,False,higher,transfer_complete / hmda_2020_oh / mlp / accuracy
hmda_2020_oh,mlp,dralign,1006,accuracy,0.8880833333333333,False,higher,transfer_complete / hmda_2020_oh / mlp / accuracy
hmda_2020_oh,mlp,dralign,1007,accuracy,0.8928333333333334,False,higher,transfer_complete / hmda_2020_oh / mlp / accuracy
hmda_2020_oh,mlp,dralign,1008,accuracy,0.8839166666666667,False,higher,transfer_complete / hmda_2020_oh / mlp / accuracy
hmda_2020_oh,mlp,dralign,1009,accuracy,0.88825,False,higher,transfer_complete / hmda_2020_oh / mlp / accuracy
hmda_2020_oh,mlp,hifi,1000,accuracy,0.8875833333333333,False,higher,transfer_complete / hmda_2020_oh / mlp / accuracy
hmda_2020_oh,mlp,hifi,1001,accuracy,0.8923333333333333,False,higher,transfer_complete / hmda_2020_oh / mlp / accuracy
hmda_2020_oh,mlp,hifi,1002,accuracy,0.8925833333333333,False,higher,transfer_complete / hmda_2020_oh / mlp / accuracy
hmda_2020_oh,mlp,hifi,1003,accuracy,0.8903333333333333,False,higher,transfer_complete / hmda_2020_oh / mlp / accuracy
hmda_2020_oh,mlp,hifi,1004,accuracy,0.8879166666666667,False,higher,transfer_complete / hmda_2020_oh / mlp / accuracy
hmda_2020_oh,mlp,hifi,1005,accuracy,0.88725,False,higher,transfer_complete / hmda_2020_oh / mlp / accuracy
hmda_2020_oh,mlp,hifi,1006,accuracy,0.8919166666666667,False,higher,transfer_complete / hmda_2020_oh / mlp / accuracy
hmda_2020_oh,mlp,hifi,1007,accuracy,0.8901666666666667,False,higher,transfer_complete / hmda_2020_oh / mlp / accuracy
hmda_2020_oh,mlp,hifi,1008,accuracy,0.8924166666666666,False,higher,transfer_complete / hmda_2020_oh / mlp / accuracy
hmda_2020_oh,mlp,hifi,1009,accuracy,0.88825,False,higher,transfer_complete / hmda_2020_oh / mlp / accuracy
hmda_2020_oh,mlp,hifi_erm,1000,accuracy,0.8823333333333333,False,higher,transfer_complete / hmda_2020_oh / mlp / accuracy
hmda_2020_oh,mlp,hifi_erm,1001,accuracy,0.83775,False,higher,transfer_complete / hmda_2020_oh / mlp / accuracy
hmda_2020_oh,mlp,hifi_erm,1002,accuracy,0.8893333333333333,False,higher,transfer_complete / hmda_2020_oh / mlp / accuracy
hmda_2020_oh,mlp,hifi_erm,1003,accuracy,0.8894166666666666,False,higher,transfer_complete / hmda_2020_oh / mlp / accuracy
hmda_2020_oh,mlp,hifi_erm,1004,accuracy,0.8869166666666667,False,higher,transfer_complete / hmda_2020_oh / mlp / accuracy
hmda_2020_oh,mlp,hifi_erm,1005,accuracy,0.8859166666666667,False,higher,transfer_complete / hmda_2020_oh / mlp / accuracy
hmda_2020_oh,mlp,hifi_erm,1006,accuracy,0.8903333333333333,False,higher,transfer_complete / hmda_2020_oh / mlp / accuracy
hmda_2020_oh,mlp,hifi_erm,1007,accuracy,0.8909166666666667,False,higher,transfer_complete / hmda_2020_oh / mlp / accuracy
hmda_2020_oh,mlp,hifi_erm,1008,accuracy,0.892,False,higher,transfer_complete / hmda_2020_oh / mlp / accuracy
hmda_2020_oh,mlp,hifi_erm,1009,accuracy,0.8870833333333333,False,higher,transfer_complete / hmda_2020_oh / mlp / accuracy
hmda_2020_oh,mlp,hifi_shared,1000,accuracy,0.8915833333333333,False,higher,transfer_complete / hmda_2020_oh / mlp / accuracy
hmda_2020_oh,mlp,hifi_shared,1001,accuracy,0.8940833333333333,False,higher,transfer_complete / hmda_2020_oh / mlp / accuracy
hmda_2020_oh,mlp,hifi_shared,1002,accuracy,0.8941666666666667,False,higher,transfer_complete / hmda_2020_oh / mlp / accuracy
hmda_2020_oh,mlp,hifi_shared,1003,accuracy,0.8930833333333333,False,higher,transfer_complete / hmda_2020_oh / mlp / accuracy
hmda_2020_oh,mlp,hifi_shared,1004,accuracy,0.894,False,higher,transfer_complete / hmda_2020_oh / mlp / accuracy
hmda_2020_oh,mlp,hifi_shared,1005,accuracy,0.8941666666666667,False,higher,transfer_complete / hmda_2020_oh / mlp / accuracy
hmda_2020_oh,mlp,hifi_shared,1006,accuracy,0.8943333333333333,False,higher,transfer_complete / hmda_2020_oh / mlp / accuracy
hmda_2020_oh,mlp,hifi_shared,1007,accuracy,0.89375,False,higher,transfer_complete / hmda_2020_oh / mlp / accuracy
hmda_2020_oh,mlp,hifi_shared,1008,accuracy,0.8908333333333334,False,higher,transfer_complete / hmda_2020_oh / mlp / accuracy
hmda_2020_oh,mlp,hifi_shared,1009,accuracy,0.8923333333333333,False,higher,transfer_complete / hmda_2020_oh / mlp / accuracy
hmda_2020_oh,mlp,ltdd,1000,accuracy,0.8934166666666666,False,higher,transfer_complete / hmda_2020_oh / mlp / accuracy
hmda_2020_oh,mlp,ltdd,1001,accuracy,0.8915,False,higher,transfer_complete / hmda_2020_oh / mlp / accuracy
hmda_2020_oh,mlp,ltdd,1002,accuracy,0.8940833333333333,False,higher,transfer_complete / hmda_2020_oh / mlp / accuracy
hmda_2020_oh,mlp,ltdd,1003,accuracy,0.8920833333333333,False,higher,transfer_complete / hmda_2020_oh / mlp / accuracy
hmda_2020_oh,mlp,ltdd,1004,accuracy,0.8930833333333333,False,higher,transfer_complete / hmda_2020_oh / mlp / accuracy
hmda_2020_oh,mlp,ltdd,1005,accuracy,0.8915,False,higher,transfer_complete / hmda_2020_oh / mlp / accuracy
hmda_2020_oh,mlp,ltdd,1006,accuracy,0.89125,False,higher,transfer_complete / hmda_2020_oh / mlp / accuracy
hmda_2020_oh,mlp,ltdd,1007,accuracy,0.8938333333333334,False,higher,transfer_complete / hmda_2020_oh / mlp / accuracy
hmda_2020_oh,mlp,ltdd,1008,accuracy,0.8914166666666666,False,higher,transfer_complete / hmda_2020_oh / mlp / accuracy
hmda_2020_oh,mlp,ltdd,1009,accuracy,0.8908333333333334,False,higher,transfer_complete / hmda_2020_oh / mlp / accuracy
hmda_2020_oh,mlp,mirrorfair,1000,accuracy,0.891,False,higher,transfer_complete / hmda_2020_oh / mlp / accuracy
hmda_2020_oh,mlp,mirrorfair,1001,accuracy,0.8938333333333334,False,higher,transfer_complete / hmda_2020_oh / mlp / accuracy
hmda_2020_oh,mlp,mirrorfair,1002,accuracy,0.89625,False,higher,transfer_complete / hmda_2020_oh / mlp / accuracy
hmda_2020_oh,mlp,mirrorfair,1003,accuracy,0.8929166666666667,False,higher,transfer_complete / hmda_2020_oh / mlp / accuracy
hmda_2020_oh,mlp,mirrorfair,1004,accuracy,0.8930833333333333,False,higher,transfer_complete / hmda_2020_oh / mlp / accuracy
hmda_2020_oh,mlp,mirrorfair,1005,accuracy,0.8929166666666667,False,higher,transfer_complete / hmda_2020_oh / mlp / accuracy
hmda_2020_oh,mlp,mirrorfair,1006,accuracy,0.8916666666666667,False,higher,transfer_complete / hmda_2020_oh / mlp / accuracy
hmda_2020_oh,mlp,mirrorfair,1007,accuracy,0.8930833333333333,False,higher,transfer_complete / hmda_2020_oh / mlp / accuracy
hmda_2020_oh,mlp,mirrorfair,1008,accuracy,0.8923333333333333,False,higher,transfer_complete / hmda_2020_oh / mlp / accuracy
hmda_2020_oh,mlp,mirrorfair,1009,accuracy,0.8911666666666667,False,higher,transfer_complete / hmda_2020_oh / mlp / accuracy
hmda_2020_oh,mlp,neufair,1000,accuracy,0.8811666666666667,False,higher,transfer_complete / hmda_2020_oh / mlp / accuracy
hmda_2020_oh,mlp,neufair,1001,accuracy,0.8821666666666667,False,higher,transfer_complete / hmda_2020_oh / mlp / accuracy
hmda_2020_oh,mlp,neufair,1002,accuracy,0.8775,False,higher,transfer_complete / hmda_2020_oh / mlp / accuracy
hmda_2020_oh,mlp,neufair,1003,accuracy,0.8790833333333333,False,higher,transfer_complete / hmda_2020_oh / mlp / accuracy
hmda_2020_oh,mlp,neufair,1004,accuracy,0.87975,False,higher,transfer_complete / hmda_2020_oh / mlp / accuracy
hmda_2020_oh,mlp,neufair,1005,accuracy,0.879,False,higher,transfer_complete / hmda_2020_oh / mlp / accuracy
hmda_2020_oh,mlp,neufair,1006,accuracy,0.8789166666666667,False,higher,transfer_complete / hmda_2020_oh / mlp / accuracy
hmda_2020_oh,mlp,neufair,1007,accuracy,0.88075,False,higher,transfer_complete / hmda_2020_oh / mlp / accuracy
hmda_2020_oh,mlp,neufair,1008,accuracy,0.88075,False,higher,transfer_complete / hmda_2020_oh / mlp / accuracy
hmda_2020_oh,mlp,neufair,1009,accuracy,0.8845833333333334,False,higher,transfer_complete / hmda_2020_oh / mlp / accuracy
hmda_2019_mi,ft,erm,1000,accuracy,0.8725833333333334,False,higher,transfer_complete / hmda_2019_mi / ft / accuracy
hmda_2019_mi,ft,soft,1000,accuracy,0.86725,False,higher,transfer_complete / hmda_2019_mi / ft / accuracy
hmda_2019_mi,ft,erm,1001,accuracy,0.8745,False,higher,transfer_complete / hmda_2019_mi / ft / accuracy
hmda_2019_mi,ft,soft,1001,accuracy,0.86725,False,higher,transfer_complete / hmda_2019_mi / ft / accuracy
hmda_2019_mi,ft,erm,1002,accuracy,0.8739166666666667,False,higher,transfer_complete / hmda_2019_mi / ft / accuracy
hmda_2019_mi,ft,soft,1002,accuracy,0.8659166666666667,False,higher,transfer_complete / hmda_2019_mi / ft / accuracy
hmda_2019_mi,ft,erm,1003,accuracy,0.8723333333333333,False,higher,transfer_complete / hmda_2019_mi / ft / accuracy
hmda_2019_mi,ft,soft,1003,accuracy,0.8635,False,higher,transfer_complete / hmda_2019_mi / ft / accuracy
hmda_2019_mi,ft,erm,1004,accuracy,0.8745833333333334,False,higher,transfer_complete / hmda_2019_mi / ft / accuracy
hmda_2019_mi,ft,soft,1004,accuracy,0.862,False,higher,transfer_complete / hmda_2019_mi / ft / accuracy
hmda_2019_mi,ft,erm,1005,accuracy,0.8769166666666667,False,higher,transfer_complete / hmda_2019_mi / ft / accuracy
hmda_2019_mi,ft,soft,1005,accuracy,0.86775,False,higher,transfer_complete / hmda_2019_mi / ft / accuracy
hmda_2019_mi,ft,erm,1006,accuracy,0.869,False,higher,transfer_complete / hmda_2019_mi / ft / accuracy
hmda_2019_mi,ft,soft,1006,accuracy,0.86575,False,higher,transfer_complete / hmda_2019_mi / ft / accuracy
hmda_2019_mi,ft,erm,1007,accuracy,0.8755,False,higher,transfer_complete / hmda_2019_mi / ft / accuracy
hmda_2019_mi,ft,soft,1007,accuracy,0.8680833333333333,False,higher,transfer_complete / hmda_2019_mi / ft / accuracy
hmda_2019_mi,ft,erm,1008,accuracy,0.8755833333333334,False,higher,transfer_complete / hmda_2019_mi / ft / accuracy
hmda_2019_mi,ft,soft,1008,accuracy,0.8663333333333333,False,higher,transfer_complete / hmda_2019_mi / ft / accuracy
hmda_2019_mi,ft,erm,1009,accuracy,0.8746666666666667,False,higher,transfer_complete / hmda_2019_mi / ft / accuracy
hmda_2019_mi,ft,soft,1009,accuracy,0.863,False,higher,transfer_complete / hmda_2019_mi / ft / accuracy
hmda_2019_mi,mlp,erm,1000,accuracy,0.86825,False,higher,transfer_complete / hmda_2019_mi / mlp / accuracy
hmda_2019_mi,mlp,soft,1000,accuracy,0.8654166666666666,False,higher,transfer_complete / hmda_2019_mi / mlp / accuracy
hmda_2019_mi,mlp,erm,1001,accuracy,0.8701666666666666,False,higher,transfer_complete / hmda_2019_mi / mlp / accuracy
hmda_2019_mi,mlp,soft,1001,accuracy,0.8639166666666667,False,higher,transfer_complete / hmda_2019_mi / mlp / accuracy
hmda_2019_mi,mlp,erm,1002,accuracy,0.86975,False,higher,transfer_complete / hmda_2019_mi / mlp / accuracy
hmda_2019_mi,mlp,soft,1002,accuracy,0.8649166666666667,False,higher,transfer_complete / hmda_2019_mi / mlp / accuracy
hmda_2019_mi,mlp,erm,1003,accuracy,0.8691666666666666,False,higher,transfer_complete / hmda_2019_mi / mlp / accuracy
hmda_2019_mi,mlp,soft,1003,accuracy,0.865,False,higher,transfer_complete / hmda_2019_mi / mlp / accuracy
hmda_2019_mi,mlp,erm,1004,accuracy,0.8688333333333333,False,higher,transfer_complete / hmda_2019_mi / mlp / accuracy
hmda_2019_mi,mlp,soft,1004,accuracy,0.8653333333333333,False,higher,transfer_complete / hmda_2019_mi / mlp / accuracy
hmda_2019_mi,mlp,erm,1005,accuracy,0.8715,False,higher,transfer_complete / hmda_2019_mi / mlp / accuracy
hmda_2019_mi,mlp,soft,1005,accuracy,0.8644166666666667,False,higher,transfer_complete / hmda_2019_mi / mlp / accuracy
hmda_2019_mi,mlp,erm,1006,accuracy,0.8704166666666666,False,higher,transfer_complete / hmda_2019_mi / mlp / accuracy
hmda_2019_mi,mlp,soft,1006,accuracy,0.8623333333333333,False,higher,transfer_complete / hmda_2019_mi / mlp / accuracy
hmda_2019_mi,mlp,erm,1007,accuracy,0.8723333333333333,False,higher,transfer_complete / hmda_2019_mi / mlp / accuracy
hmda_2019_mi,mlp,soft,1007,accuracy,0.8671666666666666,False,higher,transfer_complete / hmda_2019_mi / mlp / accuracy
hmda_2019_mi,mlp,erm,1008,accuracy,0.8729166666666667,False,higher,transfer_complete / hmda_2019_mi / mlp / accuracy
hmda_2019_mi,mlp,soft,1008,accuracy,0.8676666666666667,False,higher,transfer_complete / hmda_2019_mi / mlp / accuracy
hmda_2019_mi,mlp,erm,1009,accuracy,0.86875,False,higher,transfer_complete / hmda_2019_mi / mlp / accuracy
hmda_2019_mi,mlp,soft,1009,accuracy,0.8649166666666667,False,higher,transfer_complete / hmda_2019_mi / mlp / accuracy
hmda_2020_oh,ft,erm,1000,accuracy,0.8965833333333333,False,higher,transfer_complete / hmda_2020_oh / ft / accuracy
hmda_2020_oh,ft,soft,1000,accuracy,0.8894166666666666,False,higher,transfer_complete / hmda_2020_oh / ft / accuracy
hmda_2020_oh,ft,erm,1001,accuracy,0.8959166666666667,False,higher,transfer_complete / hmda_2020_oh / ft / accuracy
hmda_2020_oh,ft,soft,1001,accuracy,0.891,False,higher,transfer_complete / hmda_2020_oh / ft / accuracy
hmda_2020_oh,ft,erm,1002,accuracy,0.8966666666666666,False,higher,transfer_complete / hmda_2020_oh / ft / accuracy
hmda_2020_oh,ft,soft,1002,accuracy,0.89025,False,higher,transfer_complete / hmda_2020_oh / ft / accuracy
hmda_2020_oh,ft,erm,1003,accuracy,0.8961666666666667,False,higher,transfer_complete / hmda_2020_oh / ft / accuracy
hmda_2020_oh,ft,soft,1003,accuracy,0.8886666666666667,False,higher,transfer_complete / hmda_2020_oh / ft / accuracy
hmda_2020_oh,ft,erm,1004,accuracy,0.89925,False,higher,transfer_complete / hmda_2020_oh / ft / accuracy
hmda_2020_oh,ft,soft,1004,accuracy,0.8854166666666666,False,higher,transfer_complete / hmda_2020_oh / ft / accuracy
hmda_2020_oh,ft,erm,1005,accuracy,0.89775,False,higher,transfer_complete / hmda_2020_oh / ft / accuracy
hmda_2020_oh,ft,soft,1005,accuracy,0.8896666666666667,False,higher,transfer_complete / hmda_2020_oh / ft / accuracy
hmda_2020_oh,ft,erm,1006,accuracy,0.89475,False,higher,transfer_complete / hmda_2020_oh / ft / accuracy
hmda_2020_oh,ft,soft,1006,accuracy,0.89025,False,higher,transfer_complete / hmda_2020_oh / ft / accuracy
hmda_2020_oh,ft,erm,1007,accuracy,0.896,False,higher,transfer_complete / hmda_2020_oh / ft / accuracy
hmda_2020_oh,ft,soft,1007,accuracy,0.8923333333333333,False,higher,transfer_complete / hmda_2020_oh / ft / accuracy
hmda_2020_oh,ft,erm,1008,accuracy,0.8969166666666667,False,higher,transfer_complete / hmda_2020_oh / ft / accuracy
hmda_2020_oh,ft,soft,1008,accuracy,0.8893333333333333,False,higher,transfer_complete / hmda_2020_oh / ft / accuracy
hmda_2020_oh,ft,erm,1009,accuracy,0.89825,False,higher,transfer_complete / hmda_2020_oh / ft / accuracy
hmda_2020_oh,ft,soft,1009,accuracy,0.88625,False,higher,transfer_complete / hmda_2020_oh / ft / accuracy
hmda_2020_oh,mlp,erm,1000,accuracy,0.8931666666666667,False,higher,transfer_complete / hmda_2020_oh / mlp / accuracy
hmda_2020_oh,mlp,soft,1000,accuracy,0.8916666666666667,False,higher,transfer_complete / hmda_2020_oh / mlp / accuracy
hmda_2020_oh,mlp,erm,1001,accuracy,0.8951666666666667,False,higher,transfer_complete / hmda_2020_oh / mlp / accuracy
hmda_2020_oh,mlp,soft,1001,accuracy,0.8900833333333333,False,higher,transfer_complete / hmda_2020_oh / mlp / accuracy
hmda_2020_oh,mlp,erm,1002,accuracy,0.89325,False,higher,transfer_complete / hmda_2020_oh / mlp / accuracy
hmda_2020_oh,mlp,soft,1002,accuracy,0.8880833333333333,False,higher,transfer_complete / hmda_2020_oh / mlp / accuracy
hmda_2020_oh,mlp,erm,1003,accuracy,0.8933333333333333,False,higher,transfer_complete / hmda_2020_oh / mlp / accuracy
hmda_2020_oh,mlp,soft,1003,accuracy,0.8935833333333333,False,higher,transfer_complete / hmda_2020_oh / mlp / accuracy
hmda_2020_oh,mlp,erm,1004,accuracy,0.89375,False,higher,transfer_complete / hmda_2020_oh / mlp / accuracy
hmda_2020_oh,mlp,soft,1004,accuracy,0.8900833333333333,False,higher,transfer_complete / hmda_2020_oh / mlp / accuracy
hmda_2020_oh,mlp,erm,1005,accuracy,0.89375,False,higher,transfer_complete / hmda_2020_oh / mlp / accuracy
hmda_2020_oh,mlp,soft,1005,accuracy,0.8885,False,higher,transfer_complete / hmda_2020_oh / mlp / accuracy
hmda_2020_oh,mlp,erm,1006,accuracy,0.8943333333333333,False,higher,transfer_complete / hmda_2020_oh / mlp / accuracy
hmda_2020_oh,mlp,soft,1006,accuracy,0.88775,False,higher,transfer_complete / hmda_2020_oh / mlp / accuracy
hmda_2020_oh,mlp,erm,1007,accuracy,0.8945,False,higher,transfer_complete / hmda_2020_oh / mlp / accuracy
hmda_2020_oh,mlp,soft,1007,accuracy,0.8915833333333333,False,higher,transfer_complete / hmda_2020_oh / mlp / accuracy
hmda_2020_oh,mlp,erm,1008,accuracy,0.8914166666666666,False,higher,transfer_complete / hmda_2020_oh / mlp / accuracy
hmda_2020_oh,mlp,soft,1008,accuracy,0.8921666666666667,False,higher,transfer_complete / hmda_2020_oh / mlp / accuracy
hmda_2020_oh,mlp,erm,1009,accuracy,0.8925,False,higher,transfer_complete / hmda_2020_oh / mlp / accuracy
hmda_2020_oh,mlp,soft,1009,accuracy,0.8890833333333333,False,higher,transfer_complete / hmda_2020_oh / mlp / accuracy
hmda_2019_mi,ft,cot_phi,1000,f1,0.9276472013569178,False,higher,transfer_complete / hmda_2019_mi / ft / f1
hmda_2019_mi,ft,cot_phi,1001,f1,0.9233870967741936,False,higher,transfer_complete / hmda_2019_mi / ft / f1
hmda_2019_mi,ft,cot_phi,1002,f1,0.926100705424471,False,higher,transfer_complete / hmda_2019_mi / ft / f1
hmda_2019_mi,ft,cot_phi,1003,f1,0.9253658773763797,False,higher,transfer_complete / hmda_2019_mi / ft / f1
hmda_2019_mi,ft,cot_phi,1004,f1,0.9251787288218588,False,higher,transfer_complete / hmda_2019_mi / ft / f1
hmda_2019_mi,ft,cot_phi,1005,f1,0.926860148032723,False,higher,transfer_complete / hmda_2019_mi / ft / f1
hmda_2019_mi,ft,cot_phi,1006,f1,0.9269695227142036,False,higher,transfer_complete / hmda_2019_mi / ft / f1
hmda_2019_mi,ft,cot_phi,1007,f1,0.9255843458742008,False,higher,transfer_complete / hmda_2019_mi / ft / f1
hmda_2019_mi,ft,cot_phi,1008,f1,0.9252870754947472,False,higher,transfer_complete / hmda_2019_mi / ft / f1
hmda_2019_mi,ft,cot_phi,1009,f1,0.926970914194454,False,higher,transfer_complete / hmda_2019_mi / ft / f1
hmda_2019_mi,ft,hifi,1000,f1,0.9245466952622344,False,higher,transfer_complete / hmda_2019_mi / ft / f1
hmda_2019_mi,ft,hifi,1001,f1,0.7959442332065906,False,higher,transfer_complete / hmda_2019_mi / ft / f1
hmda_2019_mi,ft,hifi,1002,f1,0.9247228915662652,False,higher,transfer_complete / hmda_2019_mi / ft / f1
hmda_2019_mi,ft,hifi,1003,f1,0.9249621637455452,False,higher,transfer_complete / hmda_2019_mi / ft / f1
hmda_2019_mi,ft,hifi,1004,f1,0.90745669093648,False,higher,transfer_complete / hmda_2019_mi / ft / f1
hmda_2019_mi,ft,hifi,1005,f1,0.9180123029603998,False,higher,transfer_complete / hmda_2019_mi / ft / f1
hmda_2019_mi,ft,hifi,1006,f1,0.925970120757959,False,higher,transfer_complete / hmda_2019_mi / ft / f1
hmda_2019_mi,ft,hifi,1007,f1,0.924598623853211,False,higher,transfer_complete / hmda_2019_mi / ft / f1
hmda_2019_mi,ft,hifi,1008,f1,0.9250621296119288,False,higher,transfer_complete / hmda_2019_mi / ft / f1
hmda_2019_mi,ft,hifi,1009,f1,0.9099970098674376,False,higher,transfer_complete / hmda_2019_mi / ft / f1
hmda_2019_mi,ft,hifi_erm,1000,f1,0.9225894925994232,False,higher,transfer_complete / hmda_2019_mi / ft / f1
hmda_2019_mi,ft,hifi_erm,1001,f1,0.9190058479532164,False,higher,transfer_complete / hmda_2019_mi / ft / f1
hmda_2019_mi,ft,hifi_erm,1002,f1,0.917815508150728,False,higher,transfer_complete / hmda_2019_mi / ft / f1
hmda_2019_mi,ft,hifi_erm,1003,f1,0.9223235065942592,False,higher,transfer_complete / hmda_2019_mi / ft / f1
hmda_2019_mi,ft,hifi_erm,1004,f1,0.9223873325213154,False,higher,transfer_complete / hmda_2019_mi / ft / f1
hmda_2019_mi,ft,hifi_erm,1005,f1,0.9253658536585366,False,higher,transfer_complete / hmda_2019_mi / ft / f1
hmda_2019_mi,ft,hifi_erm,1006,f1,0.9202017775642566,False,higher,transfer_complete / hmda_2019_mi / ft / f1
hmda_2019_mi,ft,hifi_erm,1007,f1,0.9251556241856874,False,higher,transfer_complete / hmda_2019_mi / ft / f1
hmda_2019_mi,ft,hifi_erm,1008,f1,0.9255865278510772,False,higher,transfer_complete / hmda_2019_mi / ft / f1
hmda_2019_mi,ft,hifi_erm,1009,f1,0.9239619084449172,False,higher,transfer_complete / hmda_2019_mi / ft / f1
hmda_2019_mi,ft,hifi_shared,1000,f1,0.9275348250254816,False,higher,transfer_complete / hmda_2019_mi / ft / f1
hmda_2019_mi,ft,hifi_shared,1001,f1,0.9267247675154584,False,higher,transfer_complete / hmda_2019_mi / ft / f1
hmda_2019_mi,ft,hifi_shared,1002,f1,0.9261208576998052,False,higher,transfer_complete / hmda_2019_mi / ft / f1
hmda_2019_mi,ft,hifi_shared,1003,f1,0.9254556029468788,False,higher,transfer_complete / hmda_2019_mi / ft / f1
hmda_2019_mi,ft,hifi_shared,1004,f1,0.925467963442647,False,higher,transfer_complete / hmda_2019_mi / ft / f1
hmda_2019_mi,ft,hifi_shared,1005,f1,0.928127428127428,False,higher,transfer_complete / hmda_2019_mi / ft / f1
hmda_2019_mi,ft,hifi_shared,1006,f1,0.9271510424189898,False,higher,transfer_complete / hmda_2019_mi / ft / f1
hmda_2019_mi,ft,hifi_shared,1007,f1,0.926779263887533,False,higher,transfer_complete / hmda_2019_mi / ft / f1
hmda_2019_mi,ft,hifi_shared,1008,f1,0.9264238572476168,False,higher,transfer_complete / hmda_2019_mi / ft / f1
hmda_2019_mi,ft,hifi_shared,1009,f1,0.9229864209029854,False,higher,transfer_complete / hmda_2019_mi / ft / f1
hmda_2019_mi,ft,reweighing,1000,f1,0.9272762532725686,False,higher,transfer_complete / hmda_2019_mi / ft / f1
hmda_2019_mi,ft,reweighing,1001,f1,0.92529296875,False,higher,transfer_complete / hmda_2019_mi / ft / f1
hmda_2019_mi,ft,reweighing,1002,f1,0.9247039329402018,False,higher,transfer_complete / hmda_2019_mi / ft / f1
hmda_2019_mi,ft,reweighing,1003,f1,0.9256933037008408,False,higher,transfer_complete / hmda_2019_mi / ft / f1
hmda_2019_mi,ft,reweighing,1004,f1,0.9269714785481756,False,higher,transfer_complete / hmda_2019_mi / ft / f1
hmda_2019_mi,ft,reweighing,1005,f1,0.9269521410579346,False,higher,transfer_complete / hmda_2019_mi / ft / f1
hmda_2019_mi,ft,reweighing,1006,f1,0.924735359813538,False,higher,transfer_complete / hmda_2019_mi / ft / f1
hmda_2019_mi,ft,reweighing,1007,f1,0.9254154447702836,False,higher,transfer_complete / hmda_2019_mi / ft / f1
hmda_2019_mi,ft,reweighing,1008,f1,0.9265547592708384,False,higher,transfer_complete / hmda_2019_mi / ft / f1
hmda_2019_mi,ft,reweighing,1009,f1,0.9237234302467628,False,higher,transfer_complete / hmda_2019_mi / ft / f1
hmda_2019_mi,mlp,cot_phi,1000,f1,0.9220474748461464,False,higher,transfer_complete / hmda_2019_mi / mlp / f1
hmda_2019_mi,mlp,cot_phi,1001,f1,0.9248381798860014,False,higher,transfer_complete / hmda_2019_mi / mlp / f1
hmda_2019_mi,mlp,cot_phi,1002,f1,0.9256413973039572,False,higher,transfer_complete / hmda_2019_mi / mlp / f1
hmda_2019_mi,mlp,cot_phi,1003,f1,0.924956705791803,False,higher,transfer_complete / hmda_2019_mi / mlp / f1
hmda_2019_mi,mlp,cot_phi,1004,f1,0.9247114502342204,False,higher,transfer_complete / hmda_2019_mi / mlp / f1
hmda_2019_mi,mlp,cot_phi,1005,f1,0.9260387945629566,False,higher,transfer_complete / hmda_2019_mi / mlp / f1
hmda_2019_mi,mlp,cot_phi,1006,f1,0.9225121151304518,False,higher,transfer_complete / hmda_2019_mi / mlp / f1
hmda_2019_mi,mlp,cot_phi,1007,f1,0.9255175082220932,False,higher,transfer_complete / hmda_2019_mi / mlp / f1
hmda_2019_mi,mlp,cot_phi,1008,f1,0.9215695832317816,False,higher,transfer_complete / hmda_2019_mi / mlp / f1
hmda_2019_mi,mlp,cot_phi,1009,f1,0.9245053716396868,False,higher,transfer_complete / hmda_2019_mi / mlp / f1
hmda_2019_mi,mlp,dralign,1000,f1,0.9255079006772008,False,higher,transfer_complete / hmda_2019_mi / mlp / f1
hmda_2019_mi,mlp,dralign,1001,f1,0.921491419960138,False,higher,transfer_complete / hmda_2019_mi / mlp / f1
hmda_2019_mi,mlp,dralign,1002,f1,0.9220112381321448,False,higher,transfer_complete / hmda_2019_mi / mlp / f1
hmda_2019_mi,mlp,dralign,1003,f1,0.9049659692462818,False,higher,transfer_complete / hmda_2019_mi / mlp / f1
hmda_2019_mi,mlp,dralign,1004,f1,0.9120742107625556,False,higher,transfer_complete / hmda_2019_mi / mlp / f1
hmda_2019_mi,mlp,dralign,1005,f1,0.8945394770637489,False,higher,transfer_complete / hmda_2019_mi / mlp / f1
hmda_2019_mi,mlp,dralign,1006,f1,0.9147710340717194,False,higher,transfer_complete / hmda_2019_mi / mlp / f1
hmda_2019_mi,mlp,dralign,1007,f1,0.921620561114381,False,higher,transfer_complete / hmda_2019_mi / mlp / f1
hmda_2019_mi,mlp,dralign,1008,f1,0.9185766268134776,False,higher,transfer_complete / hmda_2019_mi / mlp / f1
hmda_2019_mi,mlp,dralign,1009,f1,0.91439341335185,False,higher,transfer_complete / hmda_2019_mi / mlp / f1
hmda_2019_mi,mlp,hifi,1000,f1,0.9165923724616146,False,higher,transfer_complete / hmda_2019_mi / mlp / f1
hmda_2019_mi,mlp,hifi,1001,f1,0.9229370093815816,False,higher,transfer_complete / hmda_2019_mi / mlp / f1
hmda_2019_mi,mlp,hifi,1002,f1,0.9242372633935088,False,higher,transfer_complete / hmda_2019_mi / mlp / f1
hmda_2019_mi,mlp,hifi,1003,f1,0.9221247563352828,False,higher,transfer_complete / hmda_2019_mi / mlp / f1
hmda_2019_mi,mlp,hifi,1004,f1,0.9180765805877116,False,higher,transfer_complete / hmda_2019_mi / mlp / f1
hmda_2019_mi,mlp,hifi,1005,f1,0.9203330541459328,False,higher,transfer_complete / hmda_2019_mi / mlp / f1
hmda_2019_mi,mlp,hifi,1006,f1,0.9245411284840244,False,higher,transfer_complete / hmda_2019_mi / mlp / f1
hmda_2019_mi,mlp,hifi,1007,f1,0.9226661488421768,False,higher,transfer_complete / hmda_2019_mi / mlp / f1
hmda_2019_mi,mlp,hifi,1008,f1,0.9250266034632872,False,higher,transfer_complete / hmda_2019_mi / mlp / f1
hmda_2019_mi,mlp,hifi,1009,f1,0.9221896383186706,False,higher,transfer_complete / hmda_2019_mi / mlp / f1
hmda_2019_mi,mlp,hifi_erm,1000,f1,0.917009364316504,False,higher,transfer_complete / hmda_2019_mi / mlp / f1
hmda_2019_mi,mlp,hifi_erm,1001,f1,0.8641669804723223,False,higher,transfer_complete / hmda_2019_mi / mlp / f1
hmda_2019_mi,mlp,hifi_erm,1002,f1,0.9214275223968276,False,higher,transfer_complete / hmda_2019_mi / mlp / f1
hmda_2019_mi,mlp,hifi_erm,1003,f1,0.921700879765396,False,higher,transfer_complete / hmda_2019_mi / mlp / f1
hmda_2019_mi,mlp,hifi_erm,1004,f1,0.9186323092170464,False,higher,transfer_complete / hmda_2019_mi / mlp / f1
hmda_2019_mi,mlp,hifi_erm,1005,f1,0.916588194478862,False,higher,transfer_complete / hmda_2019_mi / mlp / f1
hmda_2019_mi,mlp,hifi_erm,1006,f1,0.9236685814428974,False,higher,transfer_complete / hmda_2019_mi / mlp / f1
hmda_2019_mi,mlp,hifi_erm,1007,f1,0.9238814642649622,False,higher,transfer_complete / hmda_2019_mi / mlp / f1
hmda_2019_mi,mlp,hifi_erm,1008,f1,0.924468085106383,False,higher,transfer_complete / hmda_2019_mi / mlp / f1
hmda_2019_mi,mlp,hifi_erm,1009,f1,0.9226789026652348,False,higher,transfer_complete / hmda_2019_mi / mlp / f1
hmda_2019_mi,mlp,hifi_shared,1000,f1,0.9229343478685006,False,higher,transfer_complete / hmda_2019_mi / mlp / f1
hmda_2019_mi,mlp,hifi_shared,1001,f1,0.9245328569359278,False,higher,transfer_complete / hmda_2019_mi / mlp / f1
hmda_2019_mi,mlp,hifi_shared,1002,f1,0.925217391304348,False,higher,transfer_complete / hmda_2019_mi / mlp / f1
hmda_2019_mi,mlp,hifi_shared,1003,f1,0.925407700472836,False,higher,transfer_complete / hmda_2019_mi / mlp / f1
hmda_2019_mi,mlp,hifi_shared,1004,f1,0.9249034749034748,False,higher,transfer_complete / hmda_2019_mi / mlp / f1
hmda_2019_mi,mlp,hifi_shared,1005,f1,0.925,False,higher,transfer_complete / hmda_2019_mi / mlp / f1
hmda_2019_mi,mlp,hifi_shared,1006,f1,0.9219552771933258,False,higher,transfer_complete / hmda_2019_mi / mlp / f1
hmda_2019_mi,mlp,hifi_shared,1007,f1,0.9244578137887536,False,higher,transfer_complete / hmda_2019_mi / mlp / f1
hmda_2019_mi,mlp,hifi_shared,1008,f1,0.9234669006532124,False,higher,transfer_complete / hmda_2019_mi / mlp / f1
hmda_2019_mi,mlp,hifi_shared,1009,f1,0.9210898279475556,False,higher,transfer_complete / hmda_2019_mi / mlp / f1
hmda_2019_mi,mlp,ltdd,1000,f1,0.9229797366247146,False,higher,transfer_complete / hmda_2019_mi / mlp / f1
hmda_2019_mi,mlp,ltdd,1001,f1,0.9211002003028972,False,higher,transfer_complete / hmda_2019_mi / mlp / f1
hmda_2019_mi,mlp,ltdd,1002,f1,0.9235308343409916,False,higher,transfer_complete / hmda_2019_mi / mlp / f1
hmda_2019_mi,mlp,ltdd,1003,f1,0.9245730320770236,False,higher,transfer_complete / hmda_2019_mi / mlp / f1
hmda_2019_mi,mlp,ltdd,1004,f1,0.924958901460207,False,higher,transfer_complete / hmda_2019_mi / mlp / f1
hmda_2019_mi,mlp,ltdd,1005,f1,0.9248076923076924,False,higher,transfer_complete / hmda_2019_mi / mlp / f1
hmda_2019_mi,mlp,ltdd,1006,f1,0.921658536585366,False,higher,transfer_complete / hmda_2019_mi / mlp / f1
hmda_2019_mi,mlp,ltdd,1007,f1,0.9244990804375182,False,higher,transfer_complete / hmda_2019_mi / mlp / f1
hmda_2019_mi,mlp,ltdd,1008,f1,0.9239692590265358,False,higher,transfer_complete / hmda_2019_mi / mlp / f1
hmda_2019_mi,mlp,ltdd,1009,f1,0.9225110110836844,False,higher,transfer_complete / hmda_2019_mi / mlp / f1
hmda_2019_mi,mlp,mirrorfair,1000,f1,0.9210087331959572,False,higher,transfer_complete / hmda_2019_mi / mlp / f1
hmda_2019_mi,mlp,mirrorfair,1001,f1,0.9251510026576468,False,higher,transfer_complete / hmda_2019_mi / mlp / f1
hmda_2019_mi,mlp,mirrorfair,1002,f1,0.9252281996504176,False,higher,transfer_complete / hmda_2019_mi / mlp / f1
hmda_2019_mi,mlp,mirrorfair,1003,f1,0.9239272727272728,False,higher,transfer_complete / hmda_2019_mi / mlp / f1
hmda_2019_mi,mlp,mirrorfair,1004,f1,0.9226361031518624,False,higher,transfer_complete / hmda_2019_mi / mlp / f1
hmda_2019_mi,mlp,mirrorfair,1005,f1,0.9212944857254596,False,higher,transfer_complete / hmda_2019_mi / mlp / f1
hmda_2019_mi,mlp,mirrorfair,1006,f1,0.922527284295013,False,higher,transfer_complete / hmda_2019_mi / mlp / f1
hmda_2019_mi,mlp,mirrorfair,1007,f1,0.9236611489776048,False,higher,transfer_complete / hmda_2019_mi / mlp / f1
hmda_2019_mi,mlp,mirrorfair,1008,f1,0.922478358136368,False,higher,transfer_complete / hmda_2019_mi / mlp / f1
hmda_2019_mi,mlp,mirrorfair,1009,f1,0.9223035627135188,False,higher,transfer_complete / hmda_2019_mi / mlp / f1
hmda_2019_mi,mlp,neufair,1000,f1,0.918035882908404,False,higher,transfer_complete / hmda_2019_mi / mlp / f1
hmda_2019_mi,mlp,neufair,1001,f1,0.9185744630634884,False,higher,transfer_complete / hmda_2019_mi / mlp / f1
hmda_2019_mi,mlp,neufair,1002,f1,0.9168827495167602,False,higher,transfer_complete / hmda_2019_mi / mlp / f1
hmda_2019_mi,mlp,neufair,1003,f1,0.917609199753916,False,higher,transfer_complete / hmda_2019_mi / mlp / f1
hmda_2019_mi,mlp,neufair,1004,f1,0.9168713395050068,False,higher,transfer_complete / hmda_2019_mi / mlp / f1
hmda_2019_mi,mlp,neufair,1005,f1,0.9162566237698712,False,higher,transfer_complete / hmda_2019_mi / mlp / f1
hmda_2019_mi,mlp,neufair,1006,f1,0.91699604743083,False,higher,transfer_complete / hmda_2019_mi / mlp / f1
hmda_2019_mi,mlp,neufair,1007,f1,0.9183018867924528,False,higher,transfer_complete / hmda_2019_mi / mlp / f1
hmda_2019_mi,mlp,neufair,1008,f1,0.917301054423377,False,higher,transfer_complete / hmda_2019_mi / mlp / f1
hmda_2019_mi,mlp,neufair,1009,f1,0.918819362455726,False,higher,transfer_complete / hmda_2019_mi / mlp / f1
hmda_2020_oh,ft,cot_phi,1000,f1,0.9418697095823784,False,higher,transfer_complete / hmda_2020_oh / ft / f1
hmda_2020_oh,ft,cot_phi,1001,f1,0.9397077599659526,False,higher,transfer_complete / hmda_2020_oh / ft / f1
hmda_2020_oh,ft,cot_phi,1002,f1,0.9416947881514812,False,higher,transfer_complete / hmda_2020_oh / ft / f1
hmda_2020_oh,ft,cot_phi,1003,f1,0.9414853713428356,False,higher,transfer_complete / hmda_2020_oh / ft / f1
hmda_2020_oh,ft,cot_phi,1004,f1,0.9415694392171622,False,higher,transfer_complete / hmda_2020_oh / ft / f1
hmda_2020_oh,ft,cot_phi,1005,f1,0.9423808405729044,False,higher,transfer_complete / hmda_2020_oh / ft / f1
hmda_2020_oh,ft,cot_phi,1006,f1,0.9413953488372092,False,higher,transfer_complete / hmda_2020_oh / ft / f1
hmda_2020_oh,ft,cot_phi,1007,f1,0.9403898672191356,False,higher,transfer_complete / hmda_2020_oh / ft / f1
hmda_2020_oh,ft,cot_phi,1008,f1,0.9403786380333428,False,higher,transfer_complete / hmda_2020_oh / ft / f1
hmda_2020_oh,ft,cot_phi,1009,f1,0.9423779630844188,False,higher,transfer_complete / hmda_2020_oh / ft / f1
hmda_2020_oh,ft,hifi,1000,f1,0.941126720857022,False,higher,transfer_complete / hmda_2020_oh / ft / f1
hmda_2020_oh,ft,hifi,1001,f1,0.8451905142552625,False,higher,transfer_complete / hmda_2020_oh / ft / f1
hmda_2020_oh,ft,hifi,1002,f1,0.94010635320459,False,higher,transfer_complete / hmda_2020_oh / ft / f1
hmda_2020_oh,ft,hifi,1003,f1,0.9412595977200998,False,higher,transfer_complete / hmda_2020_oh / ft / f1
hmda_2020_oh,ft,hifi,1004,f1,0.9278380193839364,False,higher,transfer_complete / hmda_2020_oh / ft / f1
hmda_2020_oh,ft,hifi,1005,f1,0.9370720573850668,False,higher,transfer_complete / hmda_2020_oh / ft / f1
hmda_2020_oh,ft,hifi,1006,f1,0.9413844436174172,False,higher,transfer_complete / hmda_2020_oh / ft / f1
hmda_2020_oh,ft,hifi,1007,f1,0.9397847467062534,False,higher,transfer_complete / hmda_2020_oh / ft / f1
hmda_2020_oh,ft,hifi,1008,f1,0.9412859402623988,False,higher,transfer_complete / hmda_2020_oh / ft / f1
hmda_2020_oh,ft,hifi,1009,f1,0.9321460882815104,False,higher,transfer_complete / hmda_2020_oh / ft / f1
hmda_2020_oh,ft,hifi_erm,1000,f1,0.935725787899701,False,higher,transfer_complete / hmda_2020_oh / ft / f1
hmda_2020_oh,ft,hifi_erm,1001,f1,0.9415620902790784,False,higher,transfer_complete / hmda_2020_oh / ft / f1
hmda_2020_oh,ft,hifi_erm,1002,f1,0.9379689611781704,False,higher,transfer_complete / hmda_2020_oh / ft / f1
hmda_2020_oh,ft,hifi_erm,1003,f1,0.9397658079625292,False,higher,transfer_complete / hmda_2020_oh / ft / f1
hmda_2020_oh,ft,hifi_erm,1004,f1,0.9409112259276656,False,higher,transfer_complete / hmda_2020_oh / ft / f1
hmda_2020_oh,ft,hifi_erm,1005,f1,0.9408395154474598,False,higher,transfer_complete / hmda_2020_oh / ft / f1
hmda_2020_oh,ft,hifi_erm,1006,f1,0.9385870832361856,False,higher,transfer_complete / hmda_2020_oh / ft / f1
hmda_2020_oh,ft,hifi_erm,1007,f1,0.9421325486899256,False,higher,transfer_complete / hmda_2020_oh / ft / f1
hmda_2020_oh,ft,hifi_erm,1008,f1,0.9406439570695287,False,higher,transfer_complete / hmda_2020_oh / ft / f1
hmda_2020_oh,ft,hifi_erm,1009,f1,0.941450898063914,False,higher,transfer_complete / hmda_2020_oh / ft / f1
hmda_2020_oh,ft,hifi_shared,1000,f1,0.9423211863217476,False,higher,transfer_complete / hmda_2020_oh / ft / f1
hmda_2020_oh,ft,hifi_shared,1001,f1,0.9413703790911232,False,higher,transfer_complete / hmda_2020_oh / ft / f1
hmda_2020_oh,ft,hifi_shared,1002,f1,0.9412372586781906,False,higher,transfer_complete / hmda_2020_oh / ft / f1
hmda_2020_oh,ft,hifi_shared,1003,f1,0.941610957879482,False,higher,transfer_complete / hmda_2020_oh / ft / f1
hmda_2020_oh,ft,hifi_shared,1004,f1,0.94234573716439,False,higher,transfer_complete / hmda_2020_oh / ft / f1
hmda_2020_oh,ft,hifi_shared,1005,f1,0.9417944749308194,False,higher,transfer_complete / hmda_2020_oh / ft / f1
hmda_2020_oh,ft,hifi_shared,1006,f1,0.941472741687264,False,higher,transfer_complete / hmda_2020_oh / ft / f1
hmda_2020_oh,ft,hifi_shared,1007,f1,0.941806900441854,False,higher,transfer_complete / hmda_2020_oh / ft / f1
hmda_2020_oh,ft,hifi_shared,1008,f1,0.9409274762487068,False,higher,transfer_complete / hmda_2020_oh / ft / f1
hmda_2020_oh,ft,hifi_shared,1009,f1,0.9396511079679396,False,higher,transfer_complete / hmda_2020_oh / ft / f1
hmda_2020_oh,ft,reweighing,1000,f1,0.942182752979668,False,higher,transfer_complete / hmda_2020_oh / ft / f1
hmda_2020_oh,ft,reweighing,1001,f1,0.9412262554071844,False,higher,transfer_complete / hmda_2020_oh / ft / f1
hmda_2020_oh,ft,reweighing,1002,f1,0.9414196457932072,False,higher,transfer_complete / hmda_2020_oh / ft / f1
hmda_2020_oh,ft,reweighing,1003,f1,0.941539036234591,False,higher,transfer_complete / hmda_2020_oh / ft / f1
hmda_2020_oh,ft,reweighing,1004,f1,0.9415520398103376,False,higher,transfer_complete / hmda_2020_oh / ft / f1
hmda_2020_oh,ft,reweighing,1005,f1,0.9424554826616682,False,higher,transfer_complete / hmda_2020_oh / ft / f1
hmda_2020_oh,ft,reweighing,1006,f1,0.9418103448275862,False,higher,transfer_complete / hmda_2020_oh / ft / f1
hmda_2020_oh,ft,reweighing,1007,f1,0.9419026527823589,False,higher,transfer_complete / hmda_2020_oh / ft / f1
hmda_2020_oh,ft,reweighing,1008,f1,0.9418290295515988,False,higher,transfer_complete / hmda_2020_oh / ft / f1
hmda_2020_oh,ft,reweighing,1009,f1,0.9398407688321476,False,higher,transfer_complete / hmda_2020_oh / ft / f1
hmda_2020_oh,mlp,cot_phi,1000,f1,0.9389118975903614,False,higher,transfer_complete / hmda_2020_oh / mlp / f1
hmda_2020_oh,mlp,cot_phi,1001,f1,0.9411984493951708,False,higher,transfer_complete / hmda_2020_oh / mlp / f1
hmda_2020_oh,mlp,cot_phi,1002,f1,0.9402524544179524,False,higher,transfer_complete / hmda_2020_oh / mlp / f1
hmda_2020_oh,mlp,cot_phi,1003,f1,0.9396555747421478,False,higher,transfer_complete / hmda_2020_oh / mlp / f1
hmda_2020_oh,mlp,cot_phi,1004,f1,0.9402133233532934,False,higher,transfer_complete / hmda_2020_oh / mlp / f1
hmda_2020_oh,mlp,cot_phi,1005,f1,0.9403774998829094,False,higher,transfer_complete / hmda_2020_oh / mlp / f1
hmda_2020_oh,mlp,cot_phi,1006,f1,0.9388773780372952,False,higher,transfer_complete / hmda_2020_oh / mlp / f1
hmda_2020_oh,mlp,cot_phi,1007,f1,0.9401461221431248,False,higher,transfer_complete / hmda_2020_oh / mlp / f1
hmda_2020_oh,mlp,cot_phi,1008,f1,0.9391435011269722,False,higher,transfer_complete / hmda_2020_oh / mlp / f1
hmda_2020_oh,mlp,cot_phi,1009,f1,0.9389900506851888,False,higher,transfer_complete / hmda_2020_oh / mlp / f1
hmda_2020_oh,mlp,dralign,1000,f1,0.9405078034008852,False,higher,transfer_complete / hmda_2020_oh / mlp / f1
hmda_2020_oh,mlp,dralign,1001,f1,0.9404283175909474,False,higher,transfer_complete / hmda_2020_oh / mlp / f1
hmda_2020_oh,mlp,dralign,1002,f1,0.9393329903176014,False,higher,transfer_complete / hmda_2020_oh / mlp / f1
hmda_2020_oh,mlp,dralign,1003,f1,0.9295355204380614,False,higher,transfer_complete / hmda_2020_oh / mlp / f1
hmda_2020_oh,mlp,dralign,1004,f1,0.9324641710204667,False,higher,transfer_complete / hmda_2020_oh / mlp / f1
hmda_2020_oh,mlp,dralign,1005,f1,0.9246216530849826,False,higher,transfer_complete / hmda_2020_oh / mlp / f1
hmda_2020_oh,mlp,dralign,1006,f1,0.9360506642540832,False,higher,transfer_complete / hmda_2020_oh / mlp / f1
hmda_2020_oh,mlp,dralign,1007,f1,0.9394595612465868,False,higher,transfer_complete / hmda_2020_oh / mlp / f1
hmda_2020_oh,mlp,dralign,1008,f1,0.9357501960241686,False,higher,transfer_complete / hmda_2020_oh / mlp / f1
hmda_2020_oh,mlp,dralign,1009,f1,0.936303614686743,False,higher,transfer_complete / hmda_2020_oh / mlp / f1
hmda_2020_oh,mlp,hifi,1000,f1,0.936045133456597,False,higher,transfer_complete / hmda_2020_oh / mlp / f1
hmda_2020_oh,mlp,hifi,1001,f1,0.9398622230497116,False,higher,transfer_complete / hmda_2020_oh / mlp / f1
hmda_2020_oh,mlp,hifi,1002,f1,0.9395148045610248,False,higher,transfer_complete / hmda_2020_oh / mlp / f1
hmda_2020_oh,mlp,hifi,1003,f1,0.9381695170080812,False,higher,transfer_complete / hmda_2020_oh / mlp / f1
hmda_2020_oh,mlp,hifi,1004,f1,0.9361378851906368,False,higher,transfer_complete / hmda_2020_oh / mlp / f1
hmda_2020_oh,mlp,hifi,1005,f1,0.9359101890009948,False,higher,transfer_complete / hmda_2020_oh / mlp / f1
hmda_2020_oh,mlp,hifi,1006,f1,0.939179366940211,False,higher,transfer_complete / hmda_2020_oh / mlp / f1
hmda_2020_oh,mlp,hifi,1007,f1,0.9380289637013354,False,higher,transfer_complete / hmda_2020_oh / mlp / f1
hmda_2020_oh,mlp,hifi,1008,f1,0.9394947743356612,False,higher,transfer_complete / hmda_2020_oh / mlp / f1
hmda_2020_oh,mlp,hifi,1009,f1,0.9368078789877952,False,higher,transfer_complete / hmda_2020_oh / mlp / f1
hmda_2020_oh,mlp,hifi_erm,1000,f1,0.9327683077802114,False,higher,transfer_complete / hmda_2020_oh / mlp / f1
hmda_2020_oh,mlp,hifi_erm,1001,f1,0.9023325808878856,False,higher,transfer_complete / hmda_2020_oh / mlp / f1
hmda_2020_oh,mlp,hifi_erm,1002,f1,0.9374057315233786,False,higher,transfer_complete / hmda_2020_oh / mlp / f1
hmda_2020_oh,mlp,hifi_erm,1003,f1,0.9374911677422394,False,higher,transfer_complete / hmda_2020_oh / mlp / f1
hmda_2020_oh,mlp,hifi_erm,1004,f1,0.9355619924972696,False,higher,transfer_complete / hmda_2020_oh / mlp / f1
hmda_2020_oh,mlp,hifi_erm,1005,f1,0.9349859904069906,False,higher,transfer_complete / hmda_2020_oh / mlp / f1
hmda_2020_oh,mlp,hifi_erm,1006,f1,0.9381462680955068,False,higher,transfer_complete / hmda_2020_oh / mlp / f1
hmda_2020_oh,mlp,hifi_erm,1007,f1,0.9386339130842436,False,higher,transfer_complete / hmda_2020_oh / mlp / f1
hmda_2020_oh,mlp,hifi_erm,1008,f1,0.9392518983781756,False,higher,transfer_complete / hmda_2020_oh / mlp / f1
hmda_2020_oh,mlp,hifi_erm,1009,f1,0.936148155129353,False,higher,transfer_complete / hmda_2020_oh / mlp / f1
hmda_2020_oh,mlp,hifi_shared,1000,f1,0.9387562961916868,False,higher,transfer_complete / hmda_2020_oh / mlp / f1
hmda_2020_oh,mlp,hifi_shared,1001,f1,0.9406601615388208,False,higher,transfer_complete / hmda_2020_oh / mlp / f1
hmda_2020_oh,mlp,hifi_shared,1002,f1,0.9406486587531544,False,higher,transfer_complete / hmda_2020_oh / mlp / f1
hmda_2020_oh,mlp,hifi_shared,1003,f1,0.9400943175981696,False,higher,transfer_complete / hmda_2020_oh / mlp / f1
hmda_2020_oh,mlp,hifi_shared,1004,f1,0.940494011976048,False,higher,transfer_complete / hmda_2020_oh / mlp / f1
hmda_2020_oh,mlp,hifi_shared,1005,f1,0.9403643876784372,False,higher,transfer_complete / hmda_2020_oh / mlp / f1
hmda_2020_oh,mlp,hifi_shared,1006,f1,0.9403406417615509,False,higher,transfer_complete / hmda_2020_oh / mlp / f1
hmda_2020_oh,mlp,hifi_shared,1007,f1,0.9403954934318172,False,higher,transfer_complete / hmda_2020_oh / mlp / f1
hmda_2020_oh,mlp,hifi_shared,1008,f1,0.9383122998681483,False,higher,transfer_complete / hmda_2020_oh / mlp / f1
hmda_2020_oh,mlp,hifi_shared,1009,f1,0.9394450693663292,False,higher,transfer_complete / hmda_2020_oh / mlp / f1
hmda_2020_oh,mlp,ltdd,1000,f1,0.939955870616403,False,higher,transfer_complete / hmda_2020_oh / mlp / f1
hmda_2020_oh,mlp,ltdd,1001,f1,0.9387236445783133,False,higher,transfer_complete / hmda_2020_oh / mlp / f1
hmda_2020_oh,mlp,ltdd,1002,f1,0.940588042817744,False,higher,transfer_complete / hmda_2020_oh / mlp / f1
hmda_2020_oh,mlp,ltdd,1003,f1,0.9393811730562188,False,higher,transfer_complete / hmda_2020_oh / mlp / f1
hmda_2020_oh,mlp,ltdd,1004,f1,0.939818940850884,False,higher,transfer_complete / hmda_2020_oh / mlp / f1
hmda_2020_oh,mlp,ltdd,1005,f1,0.9393515930687536,False,higher,transfer_complete / hmda_2020_oh / mlp / f1
hmda_2020_oh,mlp,ltdd,1006,f1,0.9385448551919,False,higher,transfer_complete / hmda_2020_oh / mlp / f1
hmda_2020_oh,mlp,ltdd,1007,f1,0.9403669724770642,False,higher,transfer_complete / hmda_2020_oh / mlp / f1
hmda_2020_oh,mlp,ltdd,1008,f1,0.9390751391031936,False,higher,transfer_complete / hmda_2020_oh / mlp / f1
hmda_2020_oh,mlp,ltdd,1009,f1,0.9386474334956912,False,higher,transfer_complete / hmda_2020_oh / mlp / f1
hmda_2020_oh,mlp,mirrorfair,1000,f1,0.9382202909503118,False,higher,transfer_complete / hmda_2020_oh / mlp / f1
hmda_2020_oh,mlp,mirrorfair,1001,f1,0.9403948722747264,False,higher,transfer_complete / hmda_2020_oh / mlp / f1
hmda_2020_oh,mlp,mirrorfair,1002,f1,0.9416342412451362,False,higher,transfer_complete / hmda_2020_oh / mlp / f1
hmda_2020_oh,mlp,mirrorfair,1003,f1,0.9398436402790132,False,higher,transfer_complete / hmda_2020_oh / mlp / f1
hmda_2020_oh,mlp,mirrorfair,1004,f1,0.9397850471675976,False,higher,transfer_complete / hmda_2020_oh / mlp / f1
hmda_2020_oh,mlp,mirrorfair,1005,f1,0.9394809965619556,False,higher,transfer_complete / hmda_2020_oh / mlp / f1
hmda_2020_oh,mlp,mirrorfair,1006,f1,0.9387543578629982,False,higher,transfer_complete / hmda_2020_oh / mlp / f1
hmda_2020_oh,mlp,mirrorfair,1007,f1,0.9397906987657796,False,higher,transfer_complete / hmda_2020_oh / mlp / f1
hmda_2020_oh,mlp,mirrorfair,1008,f1,0.9393711872360394,False,higher,transfer_complete / hmda_2020_oh / mlp / f1
hmda_2020_oh,mlp,mirrorfair,1009,f1,0.9386335870688846,False,higher,transfer_complete / hmda_2020_oh / mlp / f1
hmda_2020_oh,mlp,neufair,1000,f1,0.9342311594871322,False,higher,transfer_complete / hmda_2020_oh / mlp / f1
hmda_2020_oh,mlp,neufair,1001,f1,0.93471837488458,False,higher,transfer_complete / hmda_2020_oh / mlp / f1
hmda_2020_oh,mlp,neufair,1002,f1,0.9324634751447212,False,higher,transfer_complete / hmda_2020_oh / mlp / f1
hmda_2020_oh,mlp,neufair,1003,f1,0.933235172318594,False,higher,transfer_complete / hmda_2020_oh / mlp / f1
hmda_2020_oh,mlp,neufair,1004,f1,0.9334747130146144,False,higher,transfer_complete / hmda_2020_oh / mlp / f1
hmda_2020_oh,mlp,neufair,1005,f1,0.9330258302583024,False,higher,transfer_complete / hmda_2020_oh / mlp / f1
hmda_2020_oh,mlp,neufair,1006,f1,0.933210756148012,False,higher,transfer_complete / hmda_2020_oh / mlp / f1
hmda_2020_oh,mlp,neufair,1007,f1,0.934112988627469,False,higher,transfer_complete / hmda_2020_oh / mlp / f1
hmda_2020_oh,mlp,neufair,1008,f1,0.9339731463110784,False,higher,transfer_complete / hmda_2020_oh / mlp / f1
hmda_2020_oh,mlp,neufair,1009,f1,0.9360661034944376,False,higher,transfer_complete / hmda_2020_oh / mlp / f1
hmda_2019_mi,ft,erm,1000,f1,0.925606967352698,False,higher,transfer_complete / hmda_2019_mi / ft / f1
hmda_2019_mi,ft,soft,1000,f1,0.9240886347390992,False,higher,transfer_complete / hmda_2019_mi / ft / f1
hmda_2019_mi,ft,erm,1001,f1,0.92654375182909,False,higher,transfer_complete / hmda_2019_mi / ft / f1
hmda_2019_mi,ft,soft,1001,f1,0.9237689620519692,False,higher,transfer_complete / hmda_2019_mi / ft / f1
hmda_2019_mi,ft,erm,1002,f1,0.926227509873714,False,higher,transfer_complete / hmda_2019_mi / ft / f1
hmda_2019_mi,ft,soft,1002,f1,0.9235665764096718,False,higher,transfer_complete / hmda_2019_mi / ft / f1
hmda_2019_mi,ft,erm,1003,f1,0.9255732607850756,False,higher,transfer_complete / hmda_2019_mi / ft / f1
hmda_2019_mi,ft,soft,1003,f1,0.9216492872859466,False,higher,transfer_complete / hmda_2019_mi / ft / f1
hmda_2019_mi,ft,erm,1004,f1,0.9268031710519916,False,higher,transfer_complete / hmda_2019_mi / ft / f1
hmda_2019_mi,ft,soft,1004,f1,0.9214495778389148,False,higher,transfer_complete / hmda_2019_mi / ft / f1
hmda_2019_mi,ft,erm,1005,f1,0.9284849658645232,False,higher,transfer_complete / hmda_2019_mi / ft / f1
hmda_2019_mi,ft,soft,1005,f1,0.9242951867576206,False,higher,transfer_complete / hmda_2019_mi / ft / f1
hmda_2019_mi,ft,erm,1006,f1,0.9227897838899805,False,higher,transfer_complete / hmda_2019_mi / ft / f1
hmda_2019_mi,ft,soft,1006,f1,0.9230548789224816,False,higher,transfer_complete / hmda_2019_mi / ft / f1
hmda_2019_mi,ft,erm,1007,f1,0.9269509094465088,False,higher,transfer_complete / hmda_2019_mi / ft / f1
hmda_2019_mi,ft,soft,1007,f1,0.9247516280838524,False,higher,transfer_complete / hmda_2019_mi / ft / f1
hmda_2019_mi,ft,erm,1008,f1,0.9270675589858824,False,higher,transfer_complete / hmda_2019_mi / ft / f1
hmda_2019_mi,ft,soft,1008,f1,0.923771504609828,False,higher,transfer_complete / hmda_2019_mi / ft / f1
hmda_2019_mi,ft,erm,1009,f1,0.9270044651523976,False,higher,transfer_complete / hmda_2019_mi / ft / f1
hmda_2019_mi,ft,soft,1009,f1,0.9221590909090908,False,higher,transfer_complete / hmda_2019_mi / ft / f1
hmda_2019_mi,mlp,erm,1000,f1,0.9228441754916792,False,higher,transfer_complete / hmda_2019_mi / mlp / f1
hmda_2019_mi,mlp,soft,1000,f1,0.9231281831595982,False,higher,transfer_complete / hmda_2019_mi / mlp / f1
hmda_2019_mi,mlp,erm,1001,f1,0.9243836148320714,False,higher,transfer_complete / hmda_2019_mi / mlp / f1
hmda_2019_mi,mlp,soft,1001,f1,0.9220859773844172,False,higher,transfer_complete / hmda_2019_mi / mlp / f1
hmda_2019_mi,mlp,erm,1002,f1,0.9242695867047822,False,higher,transfer_complete / hmda_2019_mi / mlp / f1
hmda_2019_mi,mlp,soft,1002,f1,0.9230769230769232,False,higher,transfer_complete / hmda_2019_mi / mlp / f1
hmda_2019_mi,mlp,erm,1003,f1,0.9241399304213376,False,higher,transfer_complete / hmda_2019_mi / mlp / f1
hmda_2019_mi,mlp,soft,1003,f1,0.9219653179190752,False,higher,transfer_complete / hmda_2019_mi / mlp / f1
hmda_2019_mi,mlp,erm,1004,f1,0.9235476976879736,False,higher,transfer_complete / hmda_2019_mi / mlp / f1
hmda_2019_mi,mlp,soft,1004,f1,0.9228271251193888,False,higher,transfer_complete / hmda_2019_mi / mlp / f1
hmda_2019_mi,mlp,erm,1005,f1,0.9257296984876217,False,higher,transfer_complete / hmda_2019_mi / mlp / f1
hmda_2019_mi,mlp,soft,1005,f1,0.9228214980314028,False,higher,transfer_complete / hmda_2019_mi / mlp / f1
hmda_2019_mi,mlp,erm,1006,f1,0.9245402047847818,False,higher,transfer_complete / hmda_2019_mi / mlp / f1
hmda_2019_mi,mlp,soft,1006,f1,0.9213558031038752,False,higher,transfer_complete / hmda_2019_mi / mlp / f1
hmda_2019_mi,mlp,erm,1007,f1,0.9256671518680252,False,higher,transfer_complete / hmda_2019_mi / mlp / f1
hmda_2019_mi,mlp,soft,1007,f1,0.9242179328705904,False,higher,transfer_complete / hmda_2019_mi / mlp / f1
hmda_2019_mi,mlp,erm,1008,f1,0.9267214453894574,False,higher,transfer_complete / hmda_2019_mi / mlp / f1
hmda_2019_mi,mlp,soft,1008,f1,0.9243088655862728,False,higher,transfer_complete / hmda_2019_mi / mlp / f1
hmda_2019_mi,mlp,erm,1009,f1,0.9230167652377926,False,higher,transfer_complete / hmda_2019_mi / mlp / f1
hmda_2019_mi,mlp,soft,1009,f1,0.9232153853441334,False,higher,transfer_complete / hmda_2019_mi / mlp / f1
hmda_2020_oh,ft,erm,1000,f1,0.9416905511441056,False,higher,transfer_complete / hmda_2020_oh / ft / f1
hmda_2020_oh,ft,soft,1000,f1,0.9384422693324674,False,higher,transfer_complete / hmda_2020_oh / ft / f1
hmda_2020_oh,ft,erm,1001,f1,0.9413532422406912,False,higher,transfer_complete / hmda_2020_oh / ft / f1
hmda_2020_oh,ft,soft,1001,f1,0.9392249790911624,False,higher,transfer_complete / hmda_2020_oh / ft / f1
hmda_2020_oh,ft,erm,1002,f1,0.9417566932832316,False,higher,transfer_complete / hmda_2020_oh / ft / f1
hmda_2020_oh,ft,soft,1002,f1,0.9390023620953176,False,higher,transfer_complete / hmda_2020_oh / ft / f1
hmda_2020_oh,ft,erm,1003,f1,0.9416119962511716,False,higher,transfer_complete / hmda_2020_oh / ft / f1
hmda_2020_oh,ft,soft,1003,f1,0.9380218964557432,False,higher,transfer_complete / hmda_2020_oh / ft / f1
hmda_2020_oh,ft,erm,1004,f1,0.9433591004919184,False,higher,transfer_complete / hmda_2020_oh / ft / f1
hmda_2020_oh,ft,soft,1004,f1,0.9364866737493648,False,higher,transfer_complete / hmda_2020_oh / ft / f1
hmda_2020_oh,ft,erm,1005,f1,0.942580373438158,False,higher,transfer_complete / hmda_2020_oh / ft / f1
hmda_2020_oh,ft,soft,1005,f1,0.9386070666790318,False,higher,transfer_complete / hmda_2020_oh / ft / f1
hmda_2020_oh,ft,erm,1006,f1,0.9404273383330974,False,higher,transfer_complete / hmda_2020_oh / ft / f1
hmda_2020_oh,ft,soft,1006,f1,0.9388551000510702,False,higher,transfer_complete / hmda_2020_oh / ft / f1
hmda_2020_oh,ft,erm,1007,f1,0.9413258110014104,False,higher,transfer_complete / hmda_2020_oh / ft / f1
hmda_2020_oh,ft,soft,1007,f1,0.9401574803149606,False,higher,transfer_complete / hmda_2020_oh / ft / f1
hmda_2020_oh,ft,erm,1008,f1,0.9417964522655624,False,higher,transfer_complete / hmda_2020_oh / ft / f1
hmda_2020_oh,ft,soft,1008,f1,0.9384900416859656,False,higher,transfer_complete / hmda_2020_oh / ft / f1
hmda_2020_oh,ft,erm,1009,f1,0.9426895095048112,False,higher,transfer_complete / hmda_2020_oh / ft / f1
hmda_2020_oh,ft,soft,1009,f1,0.9369252807171572,False,higher,transfer_complete / hmda_2020_oh / ft / f1
hmda_2020_oh,mlp,erm,1000,f1,0.9396762657632224,False,higher,transfer_complete / hmda_2020_oh / mlp / f1
hmda_2020_oh,mlp,soft,1000,f1,0.9397422823769352,False,higher,transfer_complete / hmda_2020_oh / mlp / f1
hmda_2020_oh,mlp,erm,1001,f1,0.9409999062001688,False,higher,transfer_complete / hmda_2020_oh / mlp / f1
hmda_2020_oh,mlp,soft,1001,f1,0.938853089796486,False,higher,transfer_complete / hmda_2020_oh / mlp / f1
hmda_2020_oh,mlp,erm,1002,f1,0.9400981996726676,False,higher,transfer_complete / hmda_2020_oh / mlp / f1
hmda_2020_oh,mlp,soft,1002,f1,0.9379476043062422,False,higher,transfer_complete / hmda_2020_oh / mlp / f1
hmda_2020_oh,mlp,erm,1003,f1,0.9401253625222192,False,higher,transfer_complete / hmda_2020_oh / mlp / f1
hmda_2020_oh,mlp,soft,1003,f1,0.9404022961683856,False,higher,transfer_complete / hmda_2020_oh / mlp / f1
hmda_2020_oh,mlp,erm,1004,f1,0.9401661269885964,False,higher,transfer_complete / hmda_2020_oh / mlp / f1
hmda_2020_oh,mlp,soft,1004,f1,0.938864426419467,False,higher,transfer_complete / hmda_2020_oh / mlp / f1
hmda_2020_oh,mlp,erm,1005,f1,0.9405899072736592,False,higher,transfer_complete / hmda_2020_oh / mlp / f1
hmda_2020_oh,mlp,soft,1005,f1,0.9382271468144044,False,higher,transfer_complete / hmda_2020_oh / mlp / f1
hmda_2020_oh,mlp,erm,1006,f1,0.9405754991095698,False,higher,transfer_complete / hmda_2020_oh / mlp / f1
hmda_2020_oh,mlp,soft,1006,f1,0.9376821651630812,False,higher,transfer_complete / hmda_2020_oh / mlp / f1
hmda_2020_oh,mlp,erm,1007,f1,0.9408134642356242,False,higher,transfer_complete / hmda_2020_oh / mlp / f1
hmda_2020_oh,mlp,soft,1007,f1,0.9397154904777352,False,higher,transfer_complete / hmda_2020_oh / mlp / f1
hmda_2020_oh,mlp,erm,1008,f1,0.9392738966304702,False,higher,transfer_complete / hmda_2020_oh / mlp / f1
hmda_2020_oh,mlp,soft,1008,f1,0.9399368733754178,False,higher,transfer_complete / hmda_2020_oh / mlp / f1
hmda_2020_oh,mlp,erm,1009,f1,0.9393626022374728,False,higher,transfer_complete / hmda_2020_oh / mlp / f1
hmda_2020_oh,mlp,soft,1009,f1,0.9384736282531316,False,higher,transfer_complete / hmda_2020_oh / mlp / f1
hmda_2019_mi,ft,cot_phi,1000,aod,0.0109589502794335,False,lower,transfer_complete / hmda_2019_mi / ft / aod
hmda_2019_mi,ft,cot_phi,1001,aod,0.0215894632651751,False,lower,transfer_complete / hmda_2019_mi / ft / aod
hmda_2019_mi,ft,cot_phi,1002,aod,0.0115341910444264,False,lower,transfer_complete / hmda_2019_mi / ft / aod
hmda_2019_mi,ft,cot_phi,1003,aod,0.0192850113476417,False,lower,transfer_complete / hmda_2019_mi / ft / aod
hmda_2019_mi,ft,cot_phi,1004,aod,0.0246257711210887,False,lower,transfer_complete / hmda_2019_mi / ft / aod
hmda_2019_mi,ft,cot_phi,1005,aod,0.0279186752476821,False,lower,transfer_complete / hmda_2019_mi / ft / aod
hmda_2019_mi,ft,cot_phi,1006,aod,0.0151484598371456,False,lower,transfer_complete / hmda_2019_mi / ft / aod
hmda_2019_mi,ft,cot_phi,1007,aod,0.0326181903759932,False,lower,transfer_complete / hmda_2019_mi / ft / aod
hmda_2019_mi,ft,cot_phi,1008,aod,0.0402514392728388,False,lower,transfer_complete / hmda_2019_mi / ft / aod
hmda_2019_mi,ft,cot_phi,1009,aod,0.0202443538639199,False,lower,transfer_complete / hmda_2019_mi / ft / aod
hmda_2019_mi,ft,hifi,1000,aod,0.0891003347466769,False,lower,transfer_complete / hmda_2019_mi / ft / aod
hmda_2019_mi,ft,hifi,1001,aod,0.2930752972508482,False,lower,transfer_complete / hmda_2019_mi / ft / aod
hmda_2019_mi,ft,hifi,1002,aod,0.0718441063913111,False,lower,transfer_complete / hmda_2019_mi / ft / aod
hmda_2019_mi,ft,hifi,1003,aod,0.0751906836345796,False,lower,transfer_complete / hmda_2019_mi / ft / aod
hmda_2019_mi,ft,hifi,1004,aod,0.2491901982170613,False,lower,transfer_complete / hmda_2019_mi / ft / aod
hmda_2019_mi,ft,hifi,1005,aod,0.0196254765545022,False,lower,transfer_complete / hmda_2019_mi / ft / aod
hmda_2019_mi,ft,hifi,1006,aod,0.0103306398396724,False,lower,transfer_complete / hmda_2019_mi / ft / aod
hmda_2019_mi,ft,hifi,1007,aod,0.0370356728648201,False,lower,transfer_complete / hmda_2019_mi / ft / aod
hmda_2019_mi,ft,hifi,1008,aod,0.0189267832194717,False,lower,transfer_complete / hmda_2019_mi / ft / aod
hmda_2019_mi,ft,hifi,1009,aod,0.129737874480109,False,lower,transfer_complete / hmda_2019_mi / ft / aod
hmda_2019_mi,ft,hifi_erm,1000,aod,0.0012134667711425,False,lower,transfer_complete / hmda_2019_mi / ft / aod
hmda_2019_mi,ft,hifi_erm,1001,aod,0.0806372198860817,False,lower,transfer_complete / hmda_2019_mi / ft / aod
hmda_2019_mi,ft,hifi_erm,1002,aod,0.0919815084479192,False,lower,transfer_complete / hmda_2019_mi / ft / aod
hmda_2019_mi,ft,hifi_erm,1003,aod,0.0847132594664303,False,lower,transfer_complete / hmda_2019_mi / ft / aod
hmda_2019_mi,ft,hifi_erm,1004,aod,0.0446771527546073,False,lower,transfer_complete / hmda_2019_mi / ft / aod
hmda_2019_mi,ft,hifi_erm,1005,aod,0.0916319377592398,False,lower,transfer_complete / hmda_2019_mi / ft / aod
hmda_2019_mi,ft,hifi_erm,1006,aod,0.0156554576910341,False,lower,transfer_complete / hmda_2019_mi / ft / aod
hmda_2019_mi,ft,hifi_erm,1007,aod,0.029526768239543,False,lower,transfer_complete / hmda_2019_mi / ft / aod
hmda_2019_mi,ft,hifi_erm,1008,aod,0.0111082457472695,False,lower,transfer_complete / hmda_2019_mi / ft / aod
hmda_2019_mi,ft,hifi_erm,1009,aod,0.0694371580861878,False,lower,transfer_complete / hmda_2019_mi / ft / aod
hmda_2019_mi,ft,hifi_shared,1000,aod,0.0832579969451995,False,lower,transfer_complete / hmda_2019_mi / ft / aod
hmda_2019_mi,ft,hifi_shared,1001,aod,0.0294573985176201,False,lower,transfer_complete / hmda_2019_mi / ft / aod
hmda_2019_mi,ft,hifi_shared,1002,aod,0.0608269020838252,False,lower,transfer_complete / hmda_2019_mi / ft / aod
hmda_2019_mi,ft,hifi_shared,1003,aod,0.0394270822229661,False,lower,transfer_complete / hmda_2019_mi / ft / aod
hmda_2019_mi,ft,hifi_shared,1004,aod,0.0335512411229049,False,lower,transfer_complete / hmda_2019_mi / ft / aod
hmda_2019_mi,ft,hifi_shared,1005,aod,0.0644651837600948,False,lower,transfer_complete / hmda_2019_mi / ft / aod
hmda_2019_mi,ft,hifi_shared,1006,aod,0.0511852357331819,False,lower,transfer_complete / hmda_2019_mi / ft / aod
hmda_2019_mi,ft,hifi_shared,1007,aod,0.0499709773853171,False,lower,transfer_complete / hmda_2019_mi / ft / aod
hmda_2019_mi,ft,hifi_shared,1008,aod,0.0724604749179907,False,lower,transfer_complete / hmda_2019_mi / ft / aod
hmda_2019_mi,ft,hifi_shared,1009,aod,0.0582144287222543,False,lower,transfer_complete / hmda_2019_mi / ft / aod
hmda_2019_mi,ft,reweighing,1000,aod,0.027964418677749,False,lower,transfer_complete / hmda_2019_mi / ft / aod
hmda_2019_mi,ft,reweighing,1001,aod,0.0330157632142283,False,lower,transfer_complete / hmda_2019_mi / ft / aod
hmda_2019_mi,ft,reweighing,1002,aod,0.0329432761698088,False,lower,transfer_complete / hmda_2019_mi / ft / aod
hmda_2019_mi,ft,reweighing,1003,aod,0.0337725169813582,False,lower,transfer_complete / hmda_2019_mi / ft / aod
hmda_2019_mi,ft,reweighing,1004,aod,0.0274738340425333,False,lower,transfer_complete / hmda_2019_mi / ft / aod
hmda_2019_mi,ft,reweighing,1005,aod,0.0329372221767269,False,lower,transfer_complete / hmda_2019_mi / ft / aod
hmda_2019_mi,ft,reweighing,1006,aod,0.0279221901986629,False,lower,transfer_complete / hmda_2019_mi / ft / aod
hmda_2019_mi,ft,reweighing,1007,aod,0.0250563135787785,False,lower,transfer_complete / hmda_2019_mi / ft / aod
hmda_2019_mi,ft,reweighing,1008,aod,0.026282706720952,False,lower,transfer_complete / hmda_2019_mi / ft / aod
hmda_2019_mi,ft,reweighing,1009,aod,0.0346374372739575,False,lower,transfer_complete / hmda_2019_mi / ft / aod
hmda_2019_mi,mlp,cot_phi,1000,aod,0.0269667449761922,False,lower,transfer_complete / hmda_2019_mi / mlp / aod
hmda_2019_mi,mlp,cot_phi,1001,aod,0.0512861666459347,False,lower,transfer_complete / hmda_2019_mi / mlp / aod
hmda_2019_mi,mlp,cot_phi,1002,aod,0.0240982148474948,False,lower,transfer_complete / hmda_2019_mi / mlp / aod
hmda_2019_mi,mlp,cot_phi,1003,aod,0.0228241048301254,False,lower,transfer_complete / hmda_2019_mi / mlp / aod
hmda_2019_mi,mlp,cot_phi,1004,aod,0.0146798142983611,False,lower,transfer_complete / hmda_2019_mi / mlp / aod
hmda_2019_mi,mlp,cot_phi,1005,aod,0.0160998852475713,False,lower,transfer_complete / hmda_2019_mi / mlp / aod
hmda_2019_mi,mlp,cot_phi,1006,aod,0.0296884091760364,False,lower,transfer_complete / hmda_2019_mi / mlp / aod
hmda_2019_mi,mlp,cot_phi,1007,aod,0.0277226062125512,False,lower,transfer_complete / hmda_2019_mi / mlp / aod
hmda_2019_mi,mlp,cot_phi,1008,aod,0.023127417849364,False,lower,transfer_complete / hmda_2019_mi / mlp / aod
hmda_2019_mi,mlp,cot_phi,1009,aod,0.0489542523761899,False,lower,transfer_complete / hmda_2019_mi / mlp / aod
hmda_2019_mi,mlp,dralign,1000,aod,0.0331444995476328,False,lower,transfer_complete / hmda_2019_mi / mlp / aod
hmda_2019_mi,mlp,dralign,1001,aod,0.0279583910268583,False,lower,transfer_complete / hmda_2019_mi / mlp / aod
hmda_2019_mi,mlp,dralign,1002,aod,0.0273742968532156,False,lower,transfer_complete / hmda_2019_mi / mlp / aod
hmda_2019_mi,mlp,dralign,1003,aod,0.0377271456556099,False,lower,transfer_complete / hmda_2019_mi / mlp / aod
hmda_2019_mi,mlp,dralign,1004,aod,0.0557395548008972,False,lower,transfer_complete / hmda_2019_mi / mlp / aod
hmda_2019_mi,mlp,dralign,1005,aod,0.0779702151246776,False,lower,transfer_complete / hmda_2019_mi / mlp / aod
hmda_2019_mi,mlp,dralign,1006,aod,0.0330677828460596,False,lower,transfer_complete / hmda_2019_mi / mlp / aod
hmda_2019_mi,mlp,dralign,1007,aod,0.0418499863261243,False,lower,transfer_complete / hmda_2019_mi / mlp / aod
hmda_2019_mi,mlp,dralign,1008,aod,0.0466223592046802,False,lower,transfer_complete / hmda_2019_mi / mlp / aod
hmda_2019_mi,mlp,dralign,1009,aod,0.0492054617852763,False,lower,transfer_complete / hmda_2019_mi / mlp / aod
hmda_2019_mi,mlp,hifi,1000,aod,0.0669869637455061,False,lower,transfer_complete / hmda_2019_mi / mlp / aod
hmda_2019_mi,mlp,hifi,1001,aod,0.0200750363919995,False,lower,transfer_complete / hmda_2019_mi / mlp / aod
hmda_2019_mi,mlp,hifi,1002,aod,0.0459564834262297,False,lower,transfer_complete / hmda_2019_mi / mlp / aod
hmda_2019_mi,mlp,hifi,1003,aod,0.0710327657442423,False,lower,transfer_complete / hmda_2019_mi / mlp / aod
hmda_2019_mi,mlp,hifi,1004,aod,0.0932976694830628,False,lower,transfer_complete / hmda_2019_mi / mlp / aod
hmda_2019_mi,mlp,hifi,1005,aod,0.0709578002791155,False,lower,transfer_complete / hmda_2019_mi / mlp / aod
hmda_2019_mi,mlp,hifi,1006,aod,0.0445822497415171,False,lower,transfer_complete / hmda_2019_mi / mlp / aod
hmda_2019_mi,mlp,hifi,1007,aod,0.03224721571131,False,lower,transfer_complete / hmda_2019_mi / mlp / aod
hmda_2019_mi,mlp,hifi,1008,aod,0.0317978372522962,False,lower,transfer_complete / hmda_2019_mi / mlp / aod
hmda_2019_mi,mlp,hifi,1009,aod,0.080236807880092,False,lower,transfer_complete / hmda_2019_mi / mlp / aod
hmda_2019_mi,mlp,hifi_erm,1000,aod,0.0606315235687002,False,lower,transfer_complete / hmda_2019_mi / mlp / aod
hmda_2019_mi,mlp,hifi_erm,1001,aod,0.1811133659718696,False,lower,transfer_complete / hmda_2019_mi / mlp / aod
hmda_2019_mi,mlp,hifi_erm,1002,aod,0.0620559581131213,False,lower,transfer_complete / hmda_2019_mi / mlp / aod
hmda_2019_mi,mlp,hifi_erm,1003,aod,0.047717453863193,False,lower,transfer_complete / hmda_2019_mi / mlp / aod
hmda_2019_mi,mlp,hifi_erm,1004,aod,0.0865591198472648,False,lower,transfer_complete / hmda_2019_mi / mlp / aod
hmda_2019_mi,mlp,hifi_erm,1005,aod,0.105412583864168,False,lower,transfer_complete / hmda_2019_mi / mlp / aod
hmda_2019_mi,mlp,hifi_erm,1006,aod,0.0510695546110139,False,lower,transfer_complete / hmda_2019_mi / mlp / aod
hmda_2019_mi,mlp,hifi_erm,1007,aod,0.0312925550604576,False,lower,transfer_complete / hmda_2019_mi / mlp / aod
hmda_2019_mi,mlp,hifi_erm,1008,aod,0.0237994101495422,False,lower,transfer_complete / hmda_2019_mi / mlp / aod
hmda_2019_mi,mlp,hifi_erm,1009,aod,0.0812327630804391,False,lower,transfer_complete / hmda_2019_mi / mlp / aod
hmda_2019_mi,mlp,hifi_shared,1000,aod,0.0675744120094131,False,lower,transfer_complete / hmda_2019_mi / mlp / aod
hmda_2019_mi,mlp,hifi_shared,1001,aod,0.1113314817869603,False,lower,transfer_complete / hmda_2019_mi / mlp / aod
hmda_2019_mi,mlp,hifi_shared,1002,aod,0.0964378043408878,False,lower,transfer_complete / hmda_2019_mi / mlp / aod
hmda_2019_mi,mlp,hifi_shared,1003,aod,0.0547713803690807,False,lower,transfer_complete / hmda_2019_mi / mlp / aod
hmda_2019_mi,mlp,hifi_shared,1004,aod,0.0734192124483961,False,lower,transfer_complete / hmda_2019_mi / mlp / aod
hmda_2019_mi,mlp,hifi_shared,1005,aod,0.0685851877821648,False,lower,transfer_complete / hmda_2019_mi / mlp / aod
hmda_2019_mi,mlp,hifi_shared,1006,aod,0.0495670874440413,False,lower,transfer_complete / hmda_2019_mi / mlp / aod
hmda_2019_mi,mlp,hifi_shared,1007,aod,0.0795579136573276,False,lower,transfer_complete / hmda_2019_mi / mlp / aod
hmda_2019_mi,mlp,hifi_shared,1008,aod,0.0578313208072282,False,lower,transfer_complete / hmda_2019_mi / mlp / aod
hmda_2019_mi,mlp,hifi_shared,1009,aod,0.1125550872650815,False,lower,transfer_complete / hmda_2019_mi / mlp / aod
hmda_2019_mi,mlp,ltdd,1000,aod,0.0166957652199909,False,lower,transfer_complete / hmda_2019_mi / mlp / aod
hmda_2019_mi,mlp,ltdd,1001,aod,0.022414128626485,False,lower,transfer_complete / hmda_2019_mi / mlp / aod
hmda_2019_mi,mlp,ltdd,1002,aod,0.0378400895275697,False,lower,transfer_complete / hmda_2019_mi / mlp / aod
hmda_2019_mi,mlp,ltdd,1003,aod,0.0227542515941455,False,lower,transfer_complete / hmda_2019_mi / mlp / aod
hmda_2019_mi,mlp,ltdd,1004,aod,0.0249016751556337,False,lower,transfer_complete / hmda_2019_mi / mlp / aod
hmda_2019_mi,mlp,ltdd,1005,aod,0.0134806168445546,False,lower,transfer_complete / hmda_2019_mi / mlp / aod
hmda_2019_mi,mlp,ltdd,1006,aod,0.0242241770295105,False,lower,transfer_complete / hmda_2019_mi / mlp / aod
hmda_2019_mi,mlp,ltdd,1007,aod,0.0263207000817466,False,lower,transfer_complete / hmda_2019_mi / mlp / aod
hmda_2019_mi,mlp,ltdd,1008,aod,0.0188087729003113,False,lower,transfer_complete / hmda_2019_mi / mlp / aod
hmda_2019_mi,mlp,ltdd,1009,aod,0.012677031976668,False,lower,transfer_complete / hmda_2019_mi / mlp / aod
hmda_2019_mi,mlp,mirrorfair,1000,aod,0.0462693520940493,False,lower,transfer_complete / hmda_2019_mi / mlp / aod
hmda_2019_mi,mlp,mirrorfair,1001,aod,0.0311961392253226,False,lower,transfer_complete / hmda_2019_mi / mlp / aod
hmda_2019_mi,mlp,mirrorfair,1002,aod,0.03261828575439,False,lower,transfer_complete / hmda_2019_mi / mlp / aod
hmda_2019_mi,mlp,mirrorfair,1003,aod,0.0395815475679249,False,lower,transfer_complete / hmda_2019_mi / mlp / aod
hmda_2019_mi,mlp,mirrorfair,1004,aod,0.028103614827507,False,lower,transfer_complete / hmda_2019_mi / mlp / aod
hmda_2019_mi,mlp,mirrorfair,1005,aod,0.0413673302995049,False,lower,transfer_complete / hmda_2019_mi / mlp / aod
hmda_2019_mi,mlp,mirrorfair,1006,aod,0.04674186941369,False,lower,transfer_complete / hmda_2019_mi / mlp / aod
hmda_2019_mi,mlp,mirrorfair,1007,aod,0.033360023694682,False,lower,transfer_complete / hmda_2019_mi / mlp / aod
hmda_2019_mi,mlp,mirrorfair,1008,aod,0.052291220322997,False,lower,transfer_complete / hmda_2019_mi / mlp / aod
hmda_2019_mi,mlp,mirrorfair,1009,aod,0.0404101584927085,False,lower,transfer_complete / hmda_2019_mi / mlp / aod
hmda_2019_mi,mlp,neufair,1000,aod,0.0293370357472081,False,lower,transfer_complete / hmda_2019_mi / mlp / aod
hmda_2019_mi,mlp,neufair,1001,aod,0.0379289575213793,False,lower,transfer_complete / hmda_2019_mi / mlp / aod
hmda_2019_mi,mlp,neufair,1002,aod,0.0342132359909614,False,lower,transfer_complete / hmda_2019_mi / mlp / aod
hmda_2019_mi,mlp,neufair,1003,aod,0.0311862741872922,False,lower,transfer_complete / hmda_2019_mi / mlp / aod
hmda_2019_mi,mlp,neufair,1004,aod,0.0428718573776472,False,lower,transfer_complete / hmda_2019_mi / mlp / aod
hmda_2019_mi,mlp,neufair,1005,aod,0.0505306979283619,False,lower,transfer_complete / hmda_2019_mi / mlp / aod
hmda_2019_mi,mlp,neufair,1006,aod,0.0388309775659904,False,lower,transfer_complete / hmda_2019_mi / mlp / aod
hmda_2019_mi,mlp,neufair,1007,aod,0.0281442058102864,False,lower,transfer_complete / hmda_2019_mi / mlp / aod
hmda_2019_mi,mlp,neufair,1008,aod,0.0567880172814863,False,lower,transfer_complete / hmda_2019_mi / mlp / aod
hmda_2019_mi,mlp,neufair,1009,aod,0.0314518966960356,False,lower,transfer_complete / hmda_2019_mi / mlp / aod
hmda_2020_oh,ft,cot_phi,1000,aod,0.0621239966353867,False,lower,transfer_complete / hmda_2020_oh / ft / aod
hmda_2020_oh,ft,cot_phi,1001,aod,0.0414474302278066,False,lower,transfer_complete / hmda_2020_oh / ft / aod
hmda_2020_oh,ft,cot_phi,1002,aod,0.0577767573531035,False,lower,transfer_complete / hmda_2020_oh / ft / aod
hmda_2020_oh,ft,cot_phi,1003,aod,0.0345964218080256,False,lower,transfer_complete / hmda_2020_oh / ft / aod
hmda_2020_oh,ft,cot_phi,1004,aod,0.0387750786979343,False,lower,transfer_complete / hmda_2020_oh / ft / aod
hmda_2020_oh,ft,cot_phi,1005,aod,0.0621299077955836,False,lower,transfer_complete / hmda_2020_oh / ft / aod
hmda_2020_oh,ft,cot_phi,1006,aod,0.0561227478838379,False,lower,transfer_complete / hmda_2020_oh / ft / aod
hmda_2020_oh,ft,cot_phi,1007,aod,0.0386140662537347,False,lower,transfer_complete / hmda_2020_oh / ft / aod
hmda_2020_oh,ft,cot_phi,1008,aod,0.0519825685987107,False,lower,transfer_complete / hmda_2020_oh / ft / aod
hmda_2020_oh,ft,cot_phi,1009,aod,0.0608217359625082,False,lower,transfer_complete / hmda_2020_oh / ft / aod
hmda_2020_oh,ft,hifi,1000,aod,0.0873315614785217,False,lower,transfer_complete / hmda_2020_oh / ft / aod
hmda_2020_oh,ft,hifi,1001,aod,0.3351794530591409,False,lower,transfer_complete / hmda_2020_oh / ft / aod
hmda_2020_oh,ft,hifi,1002,aod,0.0779752123949155,False,lower,transfer_complete / hmda_2020_oh / ft / aod
hmda_2020_oh,ft,hifi,1003,aod,0.0707348057430252,False,lower,transfer_complete / hmda_2020_oh / ft / aod
hmda_2020_oh,ft,hifi,1004,aod,0.2051358244504648,False,lower,transfer_complete / hmda_2020_oh / ft / aod
hmda_2020_oh,ft,hifi,1005,aod,0.0551877425659519,False,lower,transfer_complete / hmda_2020_oh / ft / aod
hmda_2020_oh,ft,hifi,1006,aod,0.0534759534014853,False,lower,transfer_complete / hmda_2020_oh / ft / aod
hmda_2020_oh,ft,hifi,1007,aod,0.0592552834100331,False,lower,transfer_complete / hmda_2020_oh / ft / aod
hmda_2020_oh,ft,hifi,1008,aod,0.0554510300975348,False,lower,transfer_complete / hmda_2020_oh / ft / aod
hmda_2020_oh,ft,hifi,1009,aod,0.1152825447662473,False,lower,transfer_complete / hmda_2020_oh / ft / aod
hmda_2020_oh,ft,hifi_erm,1000,aod,0.0274415115080442,False,lower,transfer_complete / hmda_2020_oh / ft / aod
hmda_2020_oh,ft,hifi_erm,1001,aod,0.0839973716277586,False,lower,transfer_complete / hmda_2020_oh / ft / aod
hmda_2020_oh,ft,hifi_erm,1002,aod,0.0794399504111172,False,lower,transfer_complete / hmda_2020_oh / ft / aod
hmda_2020_oh,ft,hifi_erm,1003,aod,0.0684381241344341,False,lower,transfer_complete / hmda_2020_oh / ft / aod
hmda_2020_oh,ft,hifi_erm,1004,aod,0.0612107464169088,False,lower,transfer_complete / hmda_2020_oh / ft / aod
hmda_2020_oh,ft,hifi_erm,1005,aod,0.0896683472817231,False,lower,transfer_complete / hmda_2020_oh / ft / aod
hmda_2020_oh,ft,hifi_erm,1006,aod,0.0370661531855174,False,lower,transfer_complete / hmda_2020_oh / ft / aod
hmda_2020_oh,ft,hifi_erm,1007,aod,0.062657469802015,False,lower,transfer_complete / hmda_2020_oh / ft / aod
hmda_2020_oh,ft,hifi_erm,1008,aod,0.0419954505415256,False,lower,transfer_complete / hmda_2020_oh / ft / aod
hmda_2020_oh,ft,hifi_erm,1009,aod,0.0842515130184408,False,lower,transfer_complete / hmda_2020_oh / ft / aod
hmda_2020_oh,ft,hifi_shared,1000,aod,0.098677534405268,False,lower,transfer_complete / hmda_2020_oh / ft / aod
hmda_2020_oh,ft,hifi_shared,1001,aod,0.0814928755820471,False,lower,transfer_complete / hmda_2020_oh / ft / aod
hmda_2020_oh,ft,hifi_shared,1002,aod,0.1004755010991526,False,lower,transfer_complete / hmda_2020_oh / ft / aod
hmda_2020_oh,ft,hifi_shared,1003,aod,0.0842045124702672,False,lower,transfer_complete / hmda_2020_oh / ft / aod
hmda_2020_oh,ft,hifi_shared,1004,aod,0.0671483318448105,False,lower,transfer_complete / hmda_2020_oh / ft / aod
hmda_2020_oh,ft,hifi_shared,1005,aod,0.0907190830135129,False,lower,transfer_complete / hmda_2020_oh / ft / aod
hmda_2020_oh,ft,hifi_shared,1006,aod,0.0884289586279798,False,lower,transfer_complete / hmda_2020_oh / ft / aod
hmda_2020_oh,ft,hifi_shared,1007,aod,0.0687259835201707,False,lower,transfer_complete / hmda_2020_oh / ft / aod
hmda_2020_oh,ft,hifi_shared,1008,aod,0.0920898199333677,False,lower,transfer_complete / hmda_2020_oh / ft / aod
hmda_2020_oh,ft,hifi_shared,1009,aod,0.0907609637060013,False,lower,transfer_complete / hmda_2020_oh / ft / aod
hmda_2020_oh,ft,reweighing,1000,aod,0.0374157394562173,False,lower,transfer_complete / hmda_2020_oh / ft / aod
hmda_2020_oh,ft,reweighing,1001,aod,0.021578755745226,False,lower,transfer_complete / hmda_2020_oh / ft / aod
hmda_2020_oh,ft,reweighing,1002,aod,0.030265506170711,False,lower,transfer_complete / hmda_2020_oh / ft / aod
hmda_2020_oh,ft,reweighing,1003,aod,0.0235345274343571,False,lower,transfer_complete / hmda_2020_oh / ft / aod
hmda_2020_oh,ft,reweighing,1004,aod,0.0343056923539416,False,lower,transfer_complete / hmda_2020_oh / ft / aod
hmda_2020_oh,ft,reweighing,1005,aod,0.0337606147877255,False,lower,transfer_complete / hmda_2020_oh / ft / aod
hmda_2020_oh,ft,reweighing,1006,aod,0.0309361257201463,False,lower,transfer_complete / hmda_2020_oh / ft / aod
hmda_2020_oh,ft,reweighing,1007,aod,0.0450986059566366,False,lower,transfer_complete / hmda_2020_oh / ft / aod
hmda_2020_oh,ft,reweighing,1008,aod,0.0408274597668086,False,lower,transfer_complete / hmda_2020_oh / ft / aod
hmda_2020_oh,ft,reweighing,1009,aod,0.0261862285179869,False,lower,transfer_complete / hmda_2020_oh / ft / aod
hmda_2020_oh,mlp,cot_phi,1000,aod,0.0615114683799068,False,lower,transfer_complete / hmda_2020_oh / mlp / aod
hmda_2020_oh,mlp,cot_phi,1001,aod,0.073892612499837,False,lower,transfer_complete / hmda_2020_oh / mlp / aod
hmda_2020_oh,mlp,cot_phi,1002,aod,0.0686970784484453,False,lower,transfer_complete / hmda_2020_oh / mlp / aod
hmda_2020_oh,mlp,cot_phi,1003,aod,0.0629042948632764,False,lower,transfer_complete / hmda_2020_oh / mlp / aod
hmda_2020_oh,mlp,cot_phi,1004,aod,0.0461520987132721,False,lower,transfer_complete / hmda_2020_oh / mlp / aod
hmda_2020_oh,mlp,cot_phi,1005,aod,0.037957347788529,False,lower,transfer_complete / hmda_2020_oh / mlp / aod
hmda_2020_oh,mlp,cot_phi,1006,aod,0.0284319963366905,False,lower,transfer_complete / hmda_2020_oh / mlp / aod
hmda_2020_oh,mlp,cot_phi,1007,aod,0.068732681318481,False,lower,transfer_complete / hmda_2020_oh / mlp / aod
hmda_2020_oh,mlp,cot_phi,1008,aod,0.0670266644888585,False,lower,transfer_complete / hmda_2020_oh / mlp / aod
hmda_2020_oh,mlp,cot_phi,1009,aod,0.0834891163781449,False,lower,transfer_complete / hmda_2020_oh / mlp / aod
hmda_2020_oh,mlp,dralign,1000,aod,0.0279714410117134,False,lower,transfer_complete / hmda_2020_oh / mlp / aod
hmda_2020_oh,mlp,dralign,1001,aod,0.0354303908506486,False,lower,transfer_complete / hmda_2020_oh / mlp / aod
hmda_2020_oh,mlp,dralign,1002,aod,0.0400130575160553,False,lower,transfer_complete / hmda_2020_oh / mlp / aod
hmda_2020_oh,mlp,dralign,1003,aod,0.0236330215724215,False,lower,transfer_complete / hmda_2020_oh / mlp / aod
hmda_2020_oh,mlp,dralign,1004,aod,0.0236263801208721,False,lower,transfer_complete / hmda_2020_oh / mlp / aod
hmda_2020_oh,mlp,dralign,1005,aod,0.0375305456899143,False,lower,transfer_complete / hmda_2020_oh / mlp / aod
hmda_2020_oh,mlp,dralign,1006,aod,0.0528408025631313,False,lower,transfer_complete / hmda_2020_oh / mlp / aod
hmda_2020_oh,mlp,dralign,1007,aod,0.0250835662711928,False,lower,transfer_complete / hmda_2020_oh / mlp / aod
hmda_2020_oh,mlp,dralign,1008,aod,0.0322372301761566,False,lower,transfer_complete / hmda_2020_oh / mlp / aod
hmda_2020_oh,mlp,dralign,1009,aod,0.0133880246894007,False,lower,transfer_complete / hmda_2020_oh / mlp / aod
hmda_2020_oh,mlp,hifi,1000,aod,0.0843011089007547,False,lower,transfer_complete / hmda_2020_oh / mlp / aod
hmda_2020_oh,mlp,hifi,1001,aod,0.0695164681458286,False,lower,transfer_complete / hmda_2020_oh / mlp / aod
hmda_2020_oh,mlp,hifi,1002,aod,0.0789190586712456,False,lower,transfer_complete / hmda_2020_oh / mlp / aod
hmda_2020_oh,mlp,hifi,1003,aod,0.084411599999174,False,lower,transfer_complete / hmda_2020_oh / mlp / aod
hmda_2020_oh,mlp,hifi,1004,aod,0.1076580214286381,False,lower,transfer_complete / hmda_2020_oh / mlp / aod
hmda_2020_oh,mlp,hifi,1005,aod,0.0917597196091849,False,lower,transfer_complete / hmda_2020_oh / mlp / aod
hmda_2020_oh,mlp,hifi,1006,aod,0.0792789104351669,False,lower,transfer_complete / hmda_2020_oh / mlp / aod
hmda_2020_oh,mlp,hifi,1007,aod,0.0467102567775558,False,lower,transfer_complete / hmda_2020_oh / mlp / aod
hmda_2020_oh,mlp,hifi,1008,aod,0.0598442038892727,False,lower,transfer_complete / hmda_2020_oh / mlp / aod
hmda_2020_oh,mlp,hifi,1009,aod,0.1059050848961947,False,lower,transfer_complete / hmda_2020_oh / mlp / aod
hmda_2020_oh,mlp,hifi_erm,1000,aod,0.0952363484718414,False,lower,transfer_complete / hmda_2020_oh / mlp / aod
hmda_2020_oh,mlp,hifi_erm,1001,aod,0.1391208568375447,False,lower,transfer_complete / hmda_2020_oh / mlp / aod
hmda_2020_oh,mlp,hifi_erm,1002,aod,0.0733792373945383,False,lower,transfer_complete / hmda_2020_oh / mlp / aod
hmda_2020_oh,mlp,hifi_erm,1003,aod,0.0645471602731583,False,lower,transfer_complete / hmda_2020_oh / mlp / aod
hmda_2020_oh,mlp,hifi_erm,1004,aod,0.1000238189307687,False,lower,transfer_complete / hmda_2020_oh / mlp / aod
hmda_2020_oh,mlp,hifi_erm,1005,aod,0.1130641316083944,False,lower,transfer_complete / hmda_2020_oh / mlp / aod
hmda_2020_oh,mlp,hifi_erm,1006,aod,0.0788108448919147,False,lower,transfer_complete / hmda_2020_oh / mlp / aod
hmda_2020_oh,mlp,hifi_erm,1007,aod,0.0397877356853474,False,lower,transfer_complete / hmda_2020_oh / mlp / aod
hmda_2020_oh,mlp,hifi_erm,1008,aod,0.0687625991153231,False,lower,transfer_complete / hmda_2020_oh / mlp / aod
hmda_2020_oh,mlp,hifi_erm,1009,aod,0.0945779390205087,False,lower,transfer_complete / hmda_2020_oh / mlp / aod
hmda_2020_oh,mlp,hifi_shared,1000,aod,0.0880594001720477,False,lower,transfer_complete / hmda_2020_oh / mlp / aod
hmda_2020_oh,mlp,hifi_shared,1001,aod,0.0999396053717852,False,lower,transfer_complete / hmda_2020_oh / mlp / aod
hmda_2020_oh,mlp,hifi_shared,1002,aod,0.1051460040819553,False,lower,transfer_complete / hmda_2020_oh / mlp / aod
hmda_2020_oh,mlp,hifi_shared,1003,aod,0.0841441713889743,False,lower,transfer_complete / hmda_2020_oh / mlp / aod
hmda_2020_oh,mlp,hifi_shared,1004,aod,0.0884599746616899,False,lower,transfer_complete / hmda_2020_oh / mlp / aod
hmda_2020_oh,mlp,hifi_shared,1005,aod,0.0696118790777978,False,lower,transfer_complete / hmda_2020_oh / mlp / aod
hmda_2020_oh,mlp,hifi_shared,1006,aod,0.0700919075166964,False,lower,transfer_complete / hmda_2020_oh / mlp / aod
hmda_2020_oh,mlp,hifi_shared,1007,aod,0.089473363223715,False,lower,transfer_complete / hmda_2020_oh / mlp / aod
hmda_2020_oh,mlp,hifi_shared,1008,aod,0.0948454209443103,False,lower,transfer_complete / hmda_2020_oh / mlp / aod
hmda_2020_oh,mlp,hifi_shared,1009,aod,0.1126510823191995,False,lower,transfer_complete / hmda_2020_oh / mlp / aod
hmda_2020_oh,mlp,ltdd,1000,aod,0.0559632858505128,False,lower,transfer_complete / hmda_2020_oh / mlp / aod
hmda_2020_oh,mlp,ltdd,1001,aod,0.0583292303441936,False,lower,transfer_complete / hmda_2020_oh / mlp / aod
hmda_2020_oh,mlp,ltdd,1002,aod,0.0130935371513501,False,lower,transfer_complete / hmda_2020_oh / mlp / aod
hmda_2020_oh,mlp,ltdd,1003,aod,0.0287079203585315,False,lower,transfer_complete / hmda_2020_oh / mlp / aod
hmda_2020_oh,mlp,ltdd,1004,aod,0.0244997978457874,False,lower,transfer_complete / hmda_2020_oh / mlp / aod
hmda_2020_oh,mlp,ltdd,1005,aod,0.020525326218289,False,lower,transfer_complete / hmda_2020_oh / mlp / aod
hmda_2020_oh,mlp,ltdd,1006,aod,0.0520586147938619,False,lower,transfer_complete / hmda_2020_oh / mlp / aod
hmda_2020_oh,mlp,ltdd,1007,aod,0.040431393018039,False,lower,transfer_complete / hmda_2020_oh / mlp / aod
hmda_2020_oh,mlp,ltdd,1008,aod,0.0401493317489977,False,lower,transfer_complete / hmda_2020_oh / mlp / aod
hmda_2020_oh,mlp,ltdd,1009,aod,0.0489786793772826,False,lower,transfer_complete / hmda_2020_oh / mlp / aod
hmda_2020_oh,mlp,mirrorfair,1000,aod,0.0413852318032831,False,lower,transfer_complete / hmda_2020_oh / mlp / aod
hmda_2020_oh,mlp,mirrorfair,1001,aod,0.0222559067358679,False,lower,transfer_complete / hmda_2020_oh / mlp / aod
hmda_2020_oh,mlp,mirrorfair,1002,aod,0.0458007745591411,False,lower,transfer_complete / hmda_2020_oh / mlp / aod
hmda_2020_oh,mlp,mirrorfair,1003,aod,0.0265724691149462,False,lower,transfer_complete / hmda_2020_oh / mlp / aod
hmda_2020_oh,mlp,mirrorfair,1004,aod,0.0303424245157267,False,lower,transfer_complete / hmda_2020_oh / mlp / aod
hmda_2020_oh,mlp,mirrorfair,1005,aod,0.022429666963928,False,lower,transfer_complete / hmda_2020_oh / mlp / aod
hmda_2020_oh,mlp,mirrorfair,1006,aod,0.0159208945373775,False,lower,transfer_complete / hmda_2020_oh / mlp / aod
hmda_2020_oh,mlp,mirrorfair,1007,aod,0.0307032614730142,False,lower,transfer_complete / hmda_2020_oh / mlp / aod
hmda_2020_oh,mlp,mirrorfair,1008,aod,0.0198760693241549,False,lower,transfer_complete / hmda_2020_oh / mlp / aod
hmda_2020_oh,mlp,mirrorfair,1009,aod,0.0376400679273618,False,lower,transfer_complete / hmda_2020_oh / mlp / aod
hmda_2020_oh,mlp,neufair,1000,aod,0.0285003824055174,False,lower,transfer_complete / hmda_2020_oh / mlp / aod
hmda_2020_oh,mlp,neufair,1001,aod,0.0103124042914392,False,lower,transfer_complete / hmda_2020_oh / mlp / aod
hmda_2020_oh,mlp,neufair,1002,aod,0.0158517522786869,False,lower,transfer_complete / hmda_2020_oh / mlp / aod
hmda_2020_oh,mlp,neufair,1003,aod,0.0237854098123836,False,lower,transfer_complete / hmda_2020_oh / mlp / aod
hmda_2020_oh,mlp,neufair,1004,aod,0.026282557913825,False,lower,transfer_complete / hmda_2020_oh / mlp / aod
hmda_2020_oh,mlp,neufair,1005,aod,0.0048583083701432,False,lower,transfer_complete / hmda_2020_oh / mlp / aod
hmda_2020_oh,mlp,neufair,1006,aod,0.0129667985869165,False,lower,transfer_complete / hmda_2020_oh / mlp / aod
hmda_2020_oh,mlp,neufair,1007,aod,0.0218874201516525,False,lower,transfer_complete / hmda_2020_oh / mlp / aod
hmda_2020_oh,mlp,neufair,1008,aod,0.0097845031545028,False,lower,transfer_complete / hmda_2020_oh / mlp / aod
hmda_2020_oh,mlp,neufair,1009,aod,0.0051891443520368,False,lower,transfer_complete / hmda_2020_oh / mlp / aod
hmda_2019_mi,ft,erm,1000,aod,0.0439751819510896,False,lower,transfer_complete / hmda_2019_mi / ft / aod
hmda_2019_mi,ft,soft,1000,aod,0.0133044405073486,False,lower,transfer_complete / hmda_2019_mi / ft / aod
hmda_2019_mi,ft,erm,1001,aod,0.0560879086588315,False,lower,transfer_complete / hmda_2019_mi / ft / aod
hmda_2019_mi,ft,soft,1001,aod,0.0187327256915864,False,lower,transfer_complete / hmda_2019_mi / ft / aod
hmda_2019_mi,ft,erm,1002,aod,0.0651016120212795,False,lower,transfer_complete / hmda_2019_mi / ft / aod
hmda_2019_mi,ft,soft,1002,aod,0.0196072046061845,False,lower,transfer_complete / hmda_2019_mi / ft / aod
hmda_2019_mi,ft,erm,1003,aod,0.0447777891173585,False,lower,transfer_complete / hmda_2019_mi / ft / aod
hmda_2019_mi,ft,soft,1003,aod,0.0250080618319274,False,lower,transfer_complete / hmda_2019_mi / ft / aod
hmda_2019_mi,ft,erm,1004,aod,0.055172630926265,False,lower,transfer_complete / hmda_2019_mi / ft / aod
hmda_2019_mi,ft,soft,1004,aod,0.039445718803913,False,lower,transfer_complete / hmda_2019_mi / ft / aod
hmda_2019_mi,ft,erm,1005,aod,0.0503452495703008,False,lower,transfer_complete / hmda_2019_mi / ft / aod
hmda_2019_mi,ft,soft,1005,aod,0.0240483777911752,False,lower,transfer_complete / hmda_2019_mi / ft / aod
hmda_2019_mi,ft,erm,1006,aod,0.0822903160888856,False,lower,transfer_complete / hmda_2019_mi / ft / aod
hmda_2019_mi,ft,soft,1006,aod,0.0206568912859086,False,lower,transfer_complete / hmda_2019_mi / ft / aod
hmda_2019_mi,ft,erm,1007,aod,0.0460075583088618,False,lower,transfer_complete / hmda_2019_mi / ft / aod
hmda_2019_mi,ft,soft,1007,aod,0.0140278314215117,False,lower,transfer_complete / hmda_2019_mi / ft / aod
hmda_2019_mi,ft,erm,1008,aod,0.0696732994815984,False,lower,transfer_complete / hmda_2019_mi / ft / aod
hmda_2019_mi,ft,soft,1008,aod,0.0114318679522043,False,lower,transfer_complete / hmda_2019_mi / ft / aod
hmda_2019_mi,ft,erm,1009,aod,0.0297646007475503,False,lower,transfer_complete / hmda_2019_mi / ft / aod
hmda_2019_mi,ft,soft,1009,aod,0.0330870871587069,False,lower,transfer_complete / hmda_2019_mi / ft / aod
hmda_2019_mi,mlp,erm,1000,aod,0.0590895548507859,False,lower,transfer_complete / hmda_2019_mi / mlp / aod
hmda_2019_mi,mlp,soft,1000,aod,0.0317965756741804,False,lower,transfer_complete / hmda_2019_mi / mlp / aod
hmda_2019_mi,mlp,erm,1001,aod,0.040396933074036,False,lower,transfer_complete / hmda_2019_mi / mlp / aod
hmda_2019_mi,mlp,soft,1001,aod,0.0103439937352644,False,lower,transfer_complete / hmda_2019_mi / mlp / aod
hmda_2019_mi,mlp,erm,1002,aod,0.0567244560186259,False,lower,transfer_complete / hmda_2019_mi / mlp / aod
hmda_2019_mi,mlp,soft,1002,aod,0.0301308979299335,False,lower,transfer_complete / hmda_2019_mi / mlp / aod
hmda_2019_mi,mlp,erm,1003,aod,0.0196238808203021,False,lower,transfer_complete / hmda_2019_mi / mlp / aod
hmda_2019_mi,mlp,soft,1003,aod,0.0323108020211676,False,lower,transfer_complete / hmda_2019_mi / mlp / aod
hmda_2019_mi,mlp,erm,1004,aod,0.0688817148894951,False,lower,transfer_complete / hmda_2019_mi / mlp / aod
hmda_2019_mi,mlp,soft,1004,aod,0.0361738967147088,False,lower,transfer_complete / hmda_2019_mi / mlp / aod
hmda_2019_mi,mlp,erm,1005,aod,0.035455064898962,False,lower,transfer_complete / hmda_2019_mi / mlp / aod
hmda_2019_mi,mlp,soft,1005,aod,0.0351033870758684,False,lower,transfer_complete / hmda_2019_mi / mlp / aod
hmda_2019_mi,mlp,erm,1006,aod,0.0972896555463011,False,lower,transfer_complete / hmda_2019_mi / mlp / aod
hmda_2019_mi,mlp,soft,1006,aod,0.0275226213757656,False,lower,transfer_complete / hmda_2019_mi / mlp / aod
hmda_2019_mi,mlp,erm,1007,aod,0.0798491940169858,False,lower,transfer_complete / hmda_2019_mi / mlp / aod
hmda_2019_mi,mlp,soft,1007,aod,0.0383358301639586,False,lower,transfer_complete / hmda_2019_mi / mlp / aod
hmda_2019_mi,mlp,erm,1008,aod,0.0607807241240933,False,lower,transfer_complete / hmda_2019_mi / mlp / aod
hmda_2019_mi,mlp,soft,1008,aod,0.0256659615613556,False,lower,transfer_complete / hmda_2019_mi / mlp / aod
hmda_2019_mi,mlp,erm,1009,aod,0.1157482834973771,False,lower,transfer_complete / hmda_2019_mi / mlp / aod
hmda_2019_mi,mlp,soft,1009,aod,0.0386470694185873,False,lower,transfer_complete / hmda_2019_mi / mlp / aod
hmda_2020_oh,ft,erm,1000,aod,0.0880205881031595,False,lower,transfer_complete / hmda_2020_oh / ft / aod
hmda_2020_oh,ft,soft,1000,aod,0.019666612548111,False,lower,transfer_complete / hmda_2020_oh / ft / aod
hmda_2020_oh,ft,erm,1001,aod,0.1005454955588544,False,lower,transfer_complete / hmda_2020_oh / ft / aod
hmda_2020_oh,ft,soft,1001,aod,0.0147787501268822,False,lower,transfer_complete / hmda_2020_oh / ft / aod
hmda_2020_oh,ft,erm,1002,aod,0.0971625608601889,False,lower,transfer_complete / hmda_2020_oh / ft / aod
hmda_2020_oh,ft,soft,1002,aod,0.0119950628804769,False,lower,transfer_complete / hmda_2020_oh / ft / aod
hmda_2020_oh,ft,erm,1003,aod,0.0736547947541235,False,lower,transfer_complete / hmda_2020_oh / ft / aod
hmda_2020_oh,ft,soft,1003,aod,0.0120379820799334,False,lower,transfer_complete / hmda_2020_oh / ft / aod
hmda_2020_oh,ft,erm,1004,aod,0.0859673817817248,False,lower,transfer_complete / hmda_2020_oh / ft / aod
hmda_2020_oh,ft,soft,1004,aod,0.0051475471432524,False,lower,transfer_complete / hmda_2020_oh / ft / aod
hmda_2020_oh,ft,erm,1005,aod,0.0916497551138273,False,lower,transfer_complete / hmda_2020_oh / ft / aod
hmda_2020_oh,ft,soft,1005,aod,0.0029977789226786,False,lower,transfer_complete / hmda_2020_oh / ft / aod
hmda_2020_oh,ft,erm,1006,aod,0.0927262739801402,False,lower,transfer_complete / hmda_2020_oh / ft / aod
hmda_2020_oh,ft,soft,1006,aod,0.0155475376331324,False,lower,transfer_complete / hmda_2020_oh / ft / aod
hmda_2020_oh,ft,erm,1007,aod,0.0744103272390053,False,lower,transfer_complete / hmda_2020_oh / ft / aod
hmda_2020_oh,ft,soft,1007,aod,0.0164797876760721,False,lower,transfer_complete / hmda_2020_oh / ft / aod
hmda_2020_oh,ft,erm,1008,aod,0.0840187342830597,False,lower,transfer_complete / hmda_2020_oh / ft / aod
hmda_2020_oh,ft,soft,1008,aod,0.0095385267944538,False,lower,transfer_complete / hmda_2020_oh / ft / aod
hmda_2020_oh,ft,erm,1009,aod,0.0846048930710551,False,lower,transfer_complete / hmda_2020_oh / ft / aod
hmda_2020_oh,ft,soft,1009,aod,0.0102187440754968,False,lower,transfer_complete / hmda_2020_oh / ft / aod
hmda_2020_oh,mlp,erm,1000,aod,0.089318374983214,False,lower,transfer_complete / hmda_2020_oh / mlp / aod
hmda_2020_oh,mlp,soft,1000,aod,0.0118616311841314,False,lower,transfer_complete / hmda_2020_oh / mlp / aod
hmda_2020_oh,mlp,erm,1001,aod,0.0780330500701167,False,lower,transfer_complete / hmda_2020_oh / mlp / aod
hmda_2020_oh,mlp,soft,1001,aod,0.0171181863277256,False,lower,transfer_complete / hmda_2020_oh / mlp / aod
hmda_2020_oh,mlp,erm,1002,aod,0.0922037463176429,False,lower,transfer_complete / hmda_2020_oh / mlp / aod
hmda_2020_oh,mlp,soft,1002,aod,0.0110430597397109,False,lower,transfer_complete / hmda_2020_oh / mlp / aod
hmda_2020_oh,mlp,erm,1003,aod,0.0597441785892271,False,lower,transfer_complete / hmda_2020_oh / mlp / aod
hmda_2020_oh,mlp,soft,1003,aod,0.0076807567050341,False,lower,transfer_complete / hmda_2020_oh / mlp / aod
hmda_2020_oh,mlp,erm,1004,aod,0.0906943448022556,False,lower,transfer_complete / hmda_2020_oh / mlp / aod
hmda_2020_oh,mlp,soft,1004,aod,0.0087160684734705,False,lower,transfer_complete / hmda_2020_oh / mlp / aod
hmda_2020_oh,mlp,erm,1005,aod,0.0591767338087903,False,lower,transfer_complete / hmda_2020_oh / mlp / aod
hmda_2020_oh,mlp,soft,1005,aod,0.0067176030885864,False,lower,transfer_complete / hmda_2020_oh / mlp / aod
hmda_2020_oh,mlp,erm,1006,aod,0.1081538616085987,False,lower,transfer_complete / hmda_2020_oh / mlp / aod
hmda_2020_oh,mlp,soft,1006,aod,0.008800187771206,False,lower,transfer_complete / hmda_2020_oh / mlp / aod
hmda_2020_oh,mlp,erm,1007,aod,0.0810904115510253,False,lower,transfer_complete / hmda_2020_oh / mlp / aod
hmda_2020_oh,mlp,soft,1007,aod,0.0129422847127633,False,lower,transfer_complete / hmda_2020_oh / mlp / aod
hmda_2020_oh,mlp,erm,1008,aod,0.0998619554521574,False,lower,transfer_complete / hmda_2020_oh / mlp / aod
hmda_2020_oh,mlp,soft,1008,aod,0.0090317622258151,False,lower,transfer_complete / hmda_2020_oh / mlp / aod
hmda_2020_oh,mlp,erm,1009,aod,0.1053653339071137,False,lower,transfer_complete / hmda_2020_oh / mlp / aod
hmda_2020_oh,mlp,soft,1009,aod,0.0107985401125882,False,lower,transfer_complete / hmda_2020_oh / mlp / aod
hmda_2019_mi,ft,cot_phi,1000,dp,0.0763947428876568,False,lower,transfer_complete / hmda_2019_mi / ft / dp
hmda_2019_mi,ft,cot_phi,1001,dp,0.0809414818165822,False,lower,transfer_complete / hmda_2019_mi / ft / dp
hmda_2019_mi,ft,cot_phi,1002,dp,0.082017726550342,False,lower,transfer_complete / hmda_2019_mi / ft / dp
hmda_2019_mi,ft,cot_phi,1003,dp,0.0632722462829106,False,lower,transfer_complete / hmda_2019_mi / ft / dp
hmda_2019_mi,ft,cot_phi,1004,dp,0.0716064798282536,False,lower,transfer_complete / hmda_2019_mi / ft / dp
hmda_2019_mi,ft,cot_phi,1005,dp,0.0958952219262398,False,lower,transfer_complete / hmda_2019_mi / ft / dp
hmda_2019_mi,ft,cot_phi,1006,dp,0.0659792506242125,False,lower,transfer_complete / hmda_2019_mi / ft / dp
hmda_2019_mi,ft,cot_phi,1007,dp,0.0623528507159162,False,lower,transfer_complete / hmda_2019_mi / ft / dp
hmda_2019_mi,ft,cot_phi,1008,dp,0.0626934374780352,False,lower,transfer_complete / hmda_2019_mi / ft / dp
hmda_2019_mi,ft,cot_phi,1009,dp,0.0675630734134293,False,lower,transfer_complete / hmda_2019_mi / ft / dp
hmda_2019_mi,ft,hifi,1000,dp,0.1535543908096295,False,lower,transfer_complete / hmda_2019_mi / ft / dp
hmda_2019_mi,ft,hifi,1001,dp,0.3793780376258743,False,lower,transfer_complete / hmda_2019_mi / ft / dp
hmda_2019_mi,ft,hifi,1002,dp,0.1304911949830909,False,lower,transfer_complete / hmda_2019_mi / ft / dp
hmda_2019_mi,ft,hifi,1003,dp,0.1435441118822796,False,lower,transfer_complete / hmda_2019_mi / ft / dp
hmda_2019_mi,ft,hifi,1004,dp,0.3180509568742626,False,lower,transfer_complete / hmda_2019_mi / ft / dp
hmda_2019_mi,ft,hifi,1005,dp,0.073380644388267,False,lower,transfer_complete / hmda_2019_mi / ft / dp
hmda_2019_mi,ft,hifi,1006,dp,0.064868569832787,False,lower,transfer_complete / hmda_2019_mi / ft / dp
hmda_2019_mi,ft,hifi,1007,dp,0.0854662854485013,False,lower,transfer_complete / hmda_2019_mi / ft / dp
hmda_2019_mi,ft,hifi,1008,dp,0.0709587989080468,False,lower,transfer_complete / hmda_2019_mi / ft / dp
hmda_2019_mi,ft,hifi,1009,dp,0.1984509906499028,False,lower,transfer_complete / hmda_2019_mi / ft / dp
hmda_2019_mi,ft,hifi_erm,1000,dp,0.0455022970737369,False,lower,transfer_complete / hmda_2019_mi / ft / dp
hmda_2019_mi,ft,hifi_erm,1001,dp,0.146834170569813,False,lower,transfer_complete / hmda_2019_mi / ft / dp
hmda_2019_mi,ft,hifi_erm,1002,dp,0.1448720228730898,False,lower,transfer_complete / hmda_2019_mi / ft / dp
hmda_2019_mi,ft,hifi_erm,1003,dp,0.144760459480789,False,lower,transfer_complete / hmda_2019_mi / ft / dp
hmda_2019_mi,ft,hifi_erm,1004,dp,0.1104840813426855,False,lower,transfer_complete / hmda_2019_mi / ft / dp
hmda_2019_mi,ft,hifi_erm,1005,dp,0.15496202363257,False,lower,transfer_complete / hmda_2019_mi / ft / dp
hmda_2019_mi,ft,hifi_erm,1006,dp,0.0612664638555836,False,lower,transfer_complete / hmda_2019_mi / ft / dp
hmda_2019_mi,ft,hifi_erm,1007,dp,0.0927108300457905,False,lower,transfer_complete / hmda_2019_mi / ft / dp
hmda_2019_mi,ft,hifi_erm,1008,dp,0.069416959805573,False,lower,transfer_complete / hmda_2019_mi / ft / dp
hmda_2019_mi,ft,hifi_erm,1009,dp,0.1333802858758859,False,lower,transfer_complete / hmda_2019_mi / ft / dp
hmda_2019_mi,ft,hifi_shared,1000,dp,0.1443083093263694,False,lower,transfer_complete / hmda_2019_mi / ft / dp
hmda_2019_mi,ft,hifi_shared,1001,dp,0.1004075247974994,False,lower,transfer_complete / hmda_2019_mi / ft / dp
hmda_2019_mi,ft,hifi_shared,1002,dp,0.1241912833375238,False,lower,transfer_complete / hmda_2019_mi / ft / dp
hmda_2019_mi,ft,hifi_shared,1003,dp,0.1044315904128128,False,lower,transfer_complete / hmda_2019_mi / ft / dp
hmda_2019_mi,ft,hifi_shared,1004,dp,0.1062083494703215,False,lower,transfer_complete / hmda_2019_mi / ft / dp
hmda_2019_mi,ft,hifi_shared,1005,dp,0.1221024769903451,False,lower,transfer_complete / hmda_2019_mi / ft / dp
hmda_2019_mi,ft,hifi_shared,1006,dp,0.1038770755390303,False,lower,transfer_complete / hmda_2019_mi / ft / dp
hmda_2019_mi,ft,hifi_shared,1007,dp,0.1126769034530874,False,lower,transfer_complete / hmda_2019_mi / ft / dp
hmda_2019_mi,ft,hifi_shared,1008,dp,0.1396391572883444,False,lower,transfer_complete / hmda_2019_mi / ft / dp
hmda_2019_mi,ft,hifi_shared,1009,dp,0.1261685262924018,False,lower,transfer_complete / hmda_2019_mi / ft / dp
hmda_2019_mi,ft,reweighing,1000,dp,0.0543667515617695,False,lower,transfer_complete / hmda_2019_mi / ft / dp
hmda_2019_mi,ft,reweighing,1001,dp,0.0456298991778273,False,lower,transfer_complete / hmda_2019_mi / ft / dp
hmda_2019_mi,ft,reweighing,1002,dp,0.0462674379714613,False,lower,transfer_complete / hmda_2019_mi / ft / dp
hmda_2019_mi,ft,reweighing,1003,dp,0.0395413211464282,False,lower,transfer_complete / hmda_2019_mi / ft / dp
hmda_2019_mi,ft,reweighing,1004,dp,0.0574412310937787,False,lower,transfer_complete / hmda_2019_mi / ft / dp
hmda_2019_mi,ft,reweighing,1005,dp,0.0446458770368574,False,lower,transfer_complete / hmda_2019_mi / ft / dp
hmda_2019_mi,ft,reweighing,1006,dp,0.0486909344955425,False,lower,transfer_complete / hmda_2019_mi / ft / dp
hmda_2019_mi,ft,reweighing,1007,dp,0.0537577522405844,False,lower,transfer_complete / hmda_2019_mi / ft / dp
hmda_2019_mi,ft,reweighing,1008,dp,0.0463957476657778,False,lower,transfer_complete / hmda_2019_mi / ft / dp
hmda_2019_mi,ft,reweighing,1009,dp,0.0485416329578545,False,lower,transfer_complete / hmda_2019_mi / ft / dp
hmda_2019_mi,mlp,cot_phi,1000,dp,0.0875517897079586,False,lower,transfer_complete / hmda_2019_mi / mlp / dp
hmda_2019_mi,mlp,cot_phi,1001,dp,0.1078256648635694,False,lower,transfer_complete / hmda_2019_mi / mlp / dp
hmda_2019_mi,mlp,cot_phi,1002,dp,0.0918140773660284,False,lower,transfer_complete / hmda_2019_mi / mlp / dp
hmda_2019_mi,mlp,cot_phi,1003,dp,0.0701870538348795,False,lower,transfer_complete / hmda_2019_mi / mlp / dp
hmda_2019_mi,mlp,cot_phi,1004,dp,0.0799666583485504,False,lower,transfer_complete / hmda_2019_mi / mlp / dp
hmda_2019_mi,mlp,cot_phi,1005,dp,0.068452278464114,False,lower,transfer_complete / hmda_2019_mi / mlp / dp
hmda_2019_mi,mlp,cot_phi,1006,dp,0.0693985624596968,False,lower,transfer_complete / hmda_2019_mi / mlp / dp
hmda_2019_mi,mlp,cot_phi,1007,dp,0.0871163858555544,False,lower,transfer_complete / hmda_2019_mi / mlp / dp
hmda_2019_mi,mlp,cot_phi,1008,dp,0.0855368086076935,False,lower,transfer_complete / hmda_2019_mi / mlp / dp
hmda_2019_mi,mlp,cot_phi,1009,dp,0.114574424575835,False,lower,transfer_complete / hmda_2019_mi / mlp / dp
hmda_2019_mi,mlp,dralign,1000,dp,0.0349115582976511,False,lower,transfer_complete / hmda_2019_mi / mlp / dp
hmda_2019_mi,mlp,dralign,1001,dp,0.074949371919329,False,lower,transfer_complete / hmda_2019_mi / mlp / dp
hmda_2019_mi,mlp,dralign,1002,dp,0.0630432229130922,False,lower,transfer_complete / hmda_2019_mi / mlp / dp
hmda_2019_mi,mlp,dralign,1003,dp,0.0533744742014962,False,lower,transfer_complete / hmda_2019_mi / mlp / dp
hmda_2019_mi,mlp,dralign,1004,dp,0.0301258897357432,False,lower,transfer_complete / hmda_2019_mi / mlp / dp
hmda_2019_mi,mlp,dralign,1005,dp,0.0149910065282274,False,lower,transfer_complete / hmda_2019_mi / mlp / dp
hmda_2019_mi,mlp,dralign,1006,dp,0.0926983292851311,False,lower,transfer_complete / hmda_2019_mi / mlp / dp
hmda_2019_mi,mlp,dralign,1007,dp,0.053016197683727,False,lower,transfer_complete / hmda_2019_mi / mlp / dp
hmda_2019_mi,mlp,dralign,1008,dp,0.017028394652316,False,lower,transfer_complete / hmda_2019_mi / mlp / dp
hmda_2019_mi,mlp,dralign,1009,dp,0.0385808853463253,False,lower,transfer_complete / hmda_2019_mi / mlp / dp
hmda_2019_mi,mlp,hifi,1000,dp,0.1429636520335435,False,lower,transfer_complete / hmda_2019_mi / mlp / dp
hmda_2019_mi,mlp,hifi,1001,dp,0.0695285231978738,False,lower,transfer_complete / hmda_2019_mi / mlp / dp
hmda_2019_mi,mlp,hifi,1002,dp,0.1156263753785018,False,lower,transfer_complete / hmda_2019_mi / mlp / dp
hmda_2019_mi,mlp,hifi,1003,dp,0.1298520051455961,False,lower,transfer_complete / hmda_2019_mi / mlp / dp
hmda_2019_mi,mlp,hifi,1004,dp,0.1649102704834398,False,lower,transfer_complete / hmda_2019_mi / mlp / dp
hmda_2019_mi,mlp,hifi,1005,dp,0.139741522007707,False,lower,transfer_complete / hmda_2019_mi / mlp / dp
hmda_2019_mi,mlp,hifi,1006,dp,0.1137892352883737,False,lower,transfer_complete / hmda_2019_mi / mlp / dp
hmda_2019_mi,mlp,hifi,1007,dp,0.0647025219930835,False,lower,transfer_complete / hmda_2019_mi / mlp / dp
hmda_2019_mi,mlp,hifi,1008,dp,0.0954296275575258,False,lower,transfer_complete / hmda_2019_mi / mlp / dp
hmda_2019_mi,mlp,hifi,1009,dp,0.1471596620737771,False,lower,transfer_complete / hmda_2019_mi / mlp / dp
hmda_2019_mi,mlp,hifi_erm,1000,dp,0.13809566714201,False,lower,transfer_complete / hmda_2019_mi / mlp / dp
hmda_2019_mi,mlp,hifi_erm,1001,dp,0.2723165702063946,False,lower,transfer_complete / hmda_2019_mi / mlp / dp
hmda_2019_mi,mlp,hifi_erm,1002,dp,0.132903841790373,False,lower,transfer_complete / hmda_2019_mi / mlp / dp
hmda_2019_mi,mlp,hifi_erm,1003,dp,0.1131953312253434,False,lower,transfer_complete / hmda_2019_mi / mlp / dp
hmda_2019_mi,mlp,hifi_erm,1004,dp,0.1618869733111119,False,lower,transfer_complete / hmda_2019_mi / mlp / dp
hmda_2019_mi,mlp,hifi_erm,1005,dp,0.1771871967681052,False,lower,transfer_complete / hmda_2019_mi / mlp / dp
hmda_2019_mi,mlp,hifi_erm,1006,dp,0.1204868126409578,False,lower,transfer_complete / hmda_2019_mi / mlp / dp
hmda_2019_mi,mlp,hifi_erm,1007,dp,0.0665849478576762,False,lower,transfer_complete / hmda_2019_mi / mlp / dp
hmda_2019_mi,mlp,hifi_erm,1008,dp,0.0903024287798643,False,lower,transfer_complete / hmda_2019_mi / mlp / dp
hmda_2019_mi,mlp,hifi_erm,1009,dp,0.1480564147535392,False,lower,transfer_complete / hmda_2019_mi / mlp / dp
hmda_2019_mi,mlp,hifi_shared,1000,dp,0.1282514360543636,False,lower,transfer_complete / hmda_2019_mi / mlp / dp
hmda_2019_mi,mlp,hifi_shared,1001,dp,0.1609876261338544,False,lower,transfer_complete / hmda_2019_mi / mlp / dp
hmda_2019_mi,mlp,hifi_shared,1002,dp,0.157179139674065,False,lower,transfer_complete / hmda_2019_mi / mlp / dp
hmda_2019_mi,mlp,hifi_shared,1003,dp,0.1142052983412669,False,lower,transfer_complete / hmda_2019_mi / mlp / dp
hmda_2019_mi,mlp,hifi_shared,1004,dp,0.130653940735073,False,lower,transfer_complete / hmda_2019_mi / mlp / dp
hmda_2019_mi,mlp,hifi_shared,1005,dp,0.1390695471564071,False,lower,transfer_complete / hmda_2019_mi / mlp / dp
hmda_2019_mi,mlp,hifi_shared,1006,dp,0.1210564227728951,False,lower,transfer_complete / hmda_2019_mi / mlp / dp
hmda_2019_mi,mlp,hifi_shared,1007,dp,0.1407741320108629,False,lower,transfer_complete / hmda_2019_mi / mlp / dp
hmda_2019_mi,mlp,hifi_shared,1008,dp,0.1279033016631672,False,lower,transfer_complete / hmda_2019_mi / mlp / dp
hmda_2019_mi,mlp,hifi_shared,1009,dp,0.1720406571909328,False,lower,transfer_complete / hmda_2019_mi / mlp / dp
hmda_2019_mi,mlp,ltdd,1000,dp,0.0685848336997865,False,lower,transfer_complete / hmda_2019_mi / mlp / dp
hmda_2019_mi,mlp,ltdd,1001,dp,0.0842768262785801,False,lower,transfer_complete / hmda_2019_mi / mlp / dp
hmda_2019_mi,mlp,ltdd,1002,dp,0.0558934954060884,False,lower,transfer_complete / hmda_2019_mi / mlp / dp
hmda_2019_mi,mlp,ltdd,1003,dp,0.0695117768958583,False,lower,transfer_complete / hmda_2019_mi / mlp / dp
hmda_2019_mi,mlp,ltdd,1004,dp,0.0650070216536761,False,lower,transfer_complete / hmda_2019_mi / mlp / dp
hmda_2019_mi,mlp,ltdd,1005,dp,0.0655933780876288,False,lower,transfer_complete / hmda_2019_mi / mlp / dp
hmda_2019_mi,mlp,ltdd,1006,dp,0.0785422792235942,False,lower,transfer_complete / hmda_2019_mi / mlp / dp
hmda_2019_mi,mlp,ltdd,1007,dp,0.0773804160724874,False,lower,transfer_complete / hmda_2019_mi / mlp / dp
hmda_2019_mi,mlp,ltdd,1008,dp,0.0627991042851192,False,lower,transfer_complete / hmda_2019_mi / mlp / dp
hmda_2019_mi,mlp,ltdd,1009,dp,0.0673852324032924,False,lower,transfer_complete / hmda_2019_mi / mlp / dp
hmda_2019_mi,mlp,mirrorfair,1000,dp,0.0468219528452439,False,lower,transfer_complete / hmda_2019_mi / mlp / dp
hmda_2019_mi,mlp,mirrorfair,1001,dp,0.0491808227953494,False,lower,transfer_complete / hmda_2019_mi / mlp / dp
hmda_2019_mi,mlp,mirrorfair,1002,dp,0.0800027454500769,False,lower,transfer_complete / hmda_2019_mi / mlp / dp
hmda_2019_mi,mlp,mirrorfair,1003,dp,0.0443715678925745,False,lower,transfer_complete / hmda_2019_mi / mlp / dp
hmda_2019_mi,mlp,mirrorfair,1004,dp,0.048424172980337,False,lower,transfer_complete / hmda_2019_mi / mlp / dp
hmda_2019_mi,mlp,mirrorfair,1005,dp,0.0392502657001299,False,lower,transfer_complete / hmda_2019_mi / mlp / dp
hmda_2019_mi,mlp,mirrorfair,1006,dp,0.0400354549875913,False,lower,transfer_complete / hmda_2019_mi / mlp / dp
hmda_2019_mi,mlp,mirrorfair,1007,dp,0.060871392646062,False,lower,transfer_complete / hmda_2019_mi / mlp / dp
hmda_2019_mi,mlp,mirrorfair,1008,dp,0.0302784933611526,False,lower,transfer_complete / hmda_2019_mi / mlp / dp
hmda_2019_mi,mlp,mirrorfair,1009,dp,0.0507646455845662,False,lower,transfer_complete / hmda_2019_mi / mlp / dp
hmda_2019_mi,mlp,neufair,1000,dp,0.0229634256046712,False,lower,transfer_complete / hmda_2019_mi / mlp / dp
hmda_2019_mi,mlp,neufair,1001,dp,0.0149169454179051,False,lower,transfer_complete / hmda_2019_mi / mlp / dp
hmda_2019_mi,mlp,neufair,1002,dp,0.0200592394537214,False,lower,transfer_complete / hmda_2019_mi / mlp / dp
hmda_2019_mi,mlp,neufair,1003,dp,0.0242670426643885,False,lower,transfer_complete / hmda_2019_mi / mlp / dp
hmda_2019_mi,mlp,neufair,1004,dp,0.0222520615641235,False,lower,transfer_complete / hmda_2019_mi / mlp / dp
hmda_2019_mi,mlp,neufair,1005,dp,0.0176357429296405,False,lower,transfer_complete / hmda_2019_mi / mlp / dp
hmda_2019_mi,mlp,neufair,1006,dp,0.0180442583534564,False,lower,transfer_complete / hmda_2019_mi / mlp / dp
hmda_2019_mi,mlp,neufair,1007,dp,0.0204962943499863,False,lower,transfer_complete / hmda_2019_mi / mlp / dp
hmda_2019_mi,mlp,neufair,1008,dp,0.0018095440713137,False,lower,transfer_complete / hmda_2019_mi / mlp / dp
hmda_2019_mi,mlp,neufair,1009,dp,0.0211036426273109,False,lower,transfer_complete / hmda_2019_mi / mlp / dp
hmda_2020_oh,ft,cot_phi,1000,dp,0.0759789800799595,False,lower,transfer_complete / hmda_2020_oh / ft / dp
hmda_2020_oh,ft,cot_phi,1001,dp,0.0724931184785581,False,lower,transfer_complete / hmda_2020_oh / ft / dp
hmda_2020_oh,ft,cot_phi,1002,dp,0.0747176102934757,False,lower,transfer_complete / hmda_2020_oh / ft / dp
hmda_2020_oh,ft,cot_phi,1003,dp,0.0623686982431025,False,lower,transfer_complete / hmda_2020_oh / ft / dp
hmda_2020_oh,ft,cot_phi,1004,dp,0.0705275930096545,False,lower,transfer_complete / hmda_2020_oh / ft / dp
hmda_2020_oh,ft,cot_phi,1005,dp,0.082717924544772,False,lower,transfer_complete / hmda_2020_oh / ft / dp
hmda_2020_oh,ft,cot_phi,1006,dp,0.0703588284246117,False,lower,transfer_complete / hmda_2020_oh / ft / dp
hmda_2020_oh,ft,cot_phi,1007,dp,0.0689301489201976,False,lower,transfer_complete / hmda_2020_oh / ft / dp
hmda_2020_oh,ft,cot_phi,1008,dp,0.0773043640193904,False,lower,transfer_complete / hmda_2020_oh / ft / dp
hmda_2020_oh,ft,cot_phi,1009,dp,0.0770599463445008,False,lower,transfer_complete / hmda_2020_oh / ft / dp
hmda_2020_oh,ft,hifi,1000,dp,0.0991113671677228,False,lower,transfer_complete / hmda_2020_oh / ft / dp
hmda_2020_oh,ft,hifi,1001,dp,0.4241315898205858,False,lower,transfer_complete / hmda_2020_oh / ft / dp
hmda_2020_oh,ft,hifi,1002,dp,0.0881343948043785,False,lower,transfer_complete / hmda_2020_oh / ft / dp
hmda_2020_oh,ft,hifi,1003,dp,0.0914093006744763,False,lower,transfer_complete / hmda_2020_oh / ft / dp
hmda_2020_oh,ft,hifi,1004,dp,0.2403775089183354,False,lower,transfer_complete / hmda_2020_oh / ft / dp
hmda_2020_oh,ft,hifi,1005,dp,0.0632430733776776,False,lower,transfer_complete / hmda_2020_oh / ft / dp
hmda_2020_oh,ft,hifi,1006,dp,0.0670941066243009,False,lower,transfer_complete / hmda_2020_oh / ft / dp
hmda_2020_oh,ft,hifi,1007,dp,0.0636897175811961,False,lower,transfer_complete / hmda_2020_oh / ft / dp
hmda_2020_oh,ft,hifi,1008,dp,0.0669166128365834,False,lower,transfer_complete / hmda_2020_oh / ft / dp
hmda_2020_oh,ft,hifi,1009,dp,0.1220953578100175,False,lower,transfer_complete / hmda_2020_oh / ft / dp
hmda_2020_oh,ft,hifi_erm,1000,dp,0.0388391324336435,False,lower,transfer_complete / hmda_2020_oh / ft / dp
hmda_2020_oh,ft,hifi_erm,1001,dp,0.0910412192950295,False,lower,transfer_complete / hmda_2020_oh / ft / dp
hmda_2020_oh,ft,hifi_erm,1002,dp,0.0840011173379423,False,lower,transfer_complete / hmda_2020_oh / ft / dp
hmda_2020_oh,ft,hifi_erm,1003,dp,0.0832344023696876,False,lower,transfer_complete / hmda_2020_oh / ft / dp
hmda_2020_oh,ft,hifi_erm,1004,dp,0.0793644558506025,False,lower,transfer_complete / hmda_2020_oh / ft / dp
hmda_2020_oh,ft,hifi_erm,1005,dp,0.1048071719129175,False,lower,transfer_complete / hmda_2020_oh / ft / dp
hmda_2020_oh,ft,hifi_erm,1006,dp,0.0523839452504408,False,lower,transfer_complete / hmda_2020_oh / ft / dp
hmda_2020_oh,ft,hifi_erm,1007,dp,0.0755541588831276,False,lower,transfer_complete / hmda_2020_oh / ft / dp
hmda_2020_oh,ft,hifi_erm,1008,dp,0.0626916787420637,False,lower,transfer_complete / hmda_2020_oh / ft / dp
hmda_2020_oh,ft,hifi_erm,1009,dp,0.0849584198979265,False,lower,transfer_complete / hmda_2020_oh / ft / dp
hmda_2020_oh,ft,hifi_shared,1000,dp,0.1059987080780041,False,lower,transfer_complete / hmda_2020_oh / ft / dp
hmda_2020_oh,ft,hifi_shared,1001,dp,0.1006709847122563,False,lower,transfer_complete / hmda_2020_oh / ft / dp
hmda_2020_oh,ft,hifi_shared,1002,dp,0.1025535827557511,False,lower,transfer_complete / hmda_2020_oh / ft / dp
hmda_2020_oh,ft,hifi_shared,1003,dp,0.0941473605800845,False,lower,transfer_complete / hmda_2020_oh / ft / dp
hmda_2020_oh,ft,hifi_shared,1004,dp,0.0871334462310212,False,lower,transfer_complete / hmda_2020_oh / ft / dp
hmda_2020_oh,ft,hifi_shared,1005,dp,0.0995740149094781,False,lower,transfer_complete / hmda_2020_oh / ft / dp
hmda_2020_oh,ft,hifi_shared,1006,dp,0.0929427306109859,False,lower,transfer_complete / hmda_2020_oh / ft / dp
hmda_2020_oh,ft,hifi_shared,1007,dp,0.0881285753359288,False,lower,transfer_complete / hmda_2020_oh / ft / dp
hmda_2020_oh,ft,hifi_shared,1008,dp,0.1001574166215657,False,lower,transfer_complete / hmda_2020_oh / ft / dp
hmda_2020_oh,ft,hifi_shared,1009,dp,0.0999071794782264,False,lower,transfer_complete / hmda_2020_oh / ft / dp
hmda_2020_oh,ft,reweighing,1000,dp,0.0595855374570086,False,lower,transfer_complete / hmda_2020_oh / ft / dp
hmda_2020_oh,ft,reweighing,1001,dp,0.0497695490493897,False,lower,transfer_complete / hmda_2020_oh / ft / dp
hmda_2020_oh,ft,reweighing,1002,dp,0.0572752084824571,False,lower,transfer_complete / hmda_2020_oh / ft / dp
hmda_2020_oh,ft,reweighing,1003,dp,0.0469005511036622,False,lower,transfer_complete / hmda_2020_oh / ft / dp
hmda_2020_oh,ft,reweighing,1004,dp,0.064337133446231,False,lower,transfer_complete / hmda_2020_oh / ft / dp
hmda_2020_oh,ft,reweighing,1005,dp,0.0517947240699034,False,lower,transfer_complete / hmda_2020_oh / ft / dp
hmda_2020_oh,ft,reweighing,1006,dp,0.0550594458702142,False,lower,transfer_complete / hmda_2020_oh / ft / dp
hmda_2020_oh,ft,reweighing,1007,dp,0.0690538126247548,False,lower,transfer_complete / hmda_2020_oh / ft / dp
hmda_2020_oh,ft,reweighing,1008,dp,0.0546375344076072,False,lower,transfer_complete / hmda_2020_oh / ft / dp
hmda_2020_oh,ft,reweighing,1009,dp,0.0563149961882482,False,lower,transfer_complete / hmda_2020_oh / ft / dp
hmda_2020_oh,mlp,cot_phi,1000,dp,0.0829114218707263,False,lower,transfer_complete / hmda_2020_oh / mlp / dp
hmda_2020_oh,mlp,cot_phi,1001,dp,0.0886479628950691,False,lower,transfer_complete / hmda_2020_oh / mlp / dp
hmda_2020_oh,mlp,cot_phi,1002,dp,0.0809648096742843,False,lower,transfer_complete / hmda_2020_oh / mlp / dp
hmda_2020_oh,mlp,cot_phi,1003,dp,0.0813387105221808,False,lower,transfer_complete / hmda_2020_oh / mlp / dp
hmda_2020_oh,mlp,cot_phi,1004,dp,0.0651736820358828,False,lower,transfer_complete / hmda_2020_oh / mlp / dp
hmda_2020_oh,mlp,cot_phi,1005,dp,0.061500142576977,False,lower,transfer_complete / hmda_2020_oh / mlp / dp
hmda_2020_oh,mlp,cot_phi,1006,dp,0.0571137182329766,False,lower,transfer_complete / hmda_2020_oh / mlp / dp
hmda_2020_oh,mlp,cot_phi,1007,dp,0.0848667632698428,False,lower,transfer_complete / hmda_2020_oh / mlp / dp
hmda_2020_oh,mlp,cot_phi,1008,dp,0.0828066714386307,False,lower,transfer_complete / hmda_2020_oh / mlp / dp
hmda_2020_oh,mlp,cot_phi,1009,dp,0.0984203052893148,False,lower,transfer_complete / hmda_2020_oh / mlp / dp
hmda_2020_oh,mlp,dralign,1000,dp,0.0497942817903012,False,lower,transfer_complete / hmda_2020_oh / mlp / dp
hmda_2020_oh,mlp,dralign,1001,dp,0.0573319482998422,False,lower,transfer_complete / hmda_2020_oh / mlp / dp
hmda_2020_oh,mlp,dralign,1002,dp,0.0610753213801451,False,lower,transfer_complete / hmda_2020_oh / mlp / dp
hmda_2020_oh,mlp,dralign,1003,dp,0.062297409754593,False,lower,transfer_complete / hmda_2020_oh / mlp / dp
hmda_2020_oh,mlp,dralign,1004,dp,0.0254659939361138,False,lower,transfer_complete / hmda_2020_oh / mlp / dp
hmda_2020_oh,mlp,dralign,1005,dp,0.012274713827639,False,lower,transfer_complete / hmda_2020_oh / mlp / dp
hmda_2020_oh,mlp,dralign,1006,dp,0.081359078661755,False,lower,transfer_complete / hmda_2020_oh / mlp / dp
hmda_2020_oh,mlp,dralign,1007,dp,0.053281598258815,False,lower,transfer_complete / hmda_2020_oh / mlp / dp
hmda_2020_oh,mlp,dralign,1008,dp,0.0442308699523384,False,lower,transfer_complete / hmda_2020_oh / mlp / dp
hmda_2020_oh,mlp,dralign,1009,dp,0.0321438339822041,False,lower,transfer_complete / hmda_2020_oh / mlp / dp
hmda_2020_oh,mlp,hifi,1000,dp,0.0982529955713845,False,lower,transfer_complete / hmda_2020_oh / mlp / dp
hmda_2020_oh,mlp,hifi,1001,dp,0.074758346572624,False,lower,transfer_complete / hmda_2020_oh / mlp / dp
hmda_2020_oh,mlp,hifi,1002,dp,0.0899573432962632,False,lower,transfer_complete / hmda_2020_oh / mlp / dp
hmda_2020_oh,mlp,hifi,1003,dp,0.0948355127242678,False,lower,transfer_complete / hmda_2020_oh / mlp / dp
hmda_2020_oh,mlp,hifi,1004,dp,0.1245104372166645,False,lower,transfer_complete / hmda_2020_oh / mlp / dp
hmda_2020_oh,mlp,hifi,1005,dp,0.1085796423354691,False,lower,transfer_complete / hmda_2020_oh / mlp / dp
hmda_2020_oh,mlp,hifi,1006,dp,0.0926546669227232,False,lower,transfer_complete / hmda_2020_oh / mlp / dp
hmda_2020_oh,mlp,hifi,1007,dp,0.0686828215110831,False,lower,transfer_complete / hmda_2020_oh / mlp / dp
hmda_2020_oh,mlp,hifi,1008,dp,0.0748063571873345,False,lower,transfer_complete / hmda_2020_oh / mlp / dp
hmda_2020_oh,mlp,hifi,1009,dp,0.1183418006599277,False,lower,transfer_complete / hmda_2020_oh / mlp / dp
hmda_2020_oh,mlp,hifi_erm,1000,dp,0.1192743704790003,False,lower,transfer_complete / hmda_2020_oh / mlp / dp
hmda_2020_oh,mlp,hifi_erm,1001,dp,0.1773424815377362,False,lower,transfer_complete / hmda_2020_oh / mlp / dp
hmda_2020_oh,mlp,hifi_erm,1002,dp,0.094620192391627,False,lower,transfer_complete / hmda_2020_oh / mlp / dp
hmda_2020_oh,mlp,hifi_erm,1003,dp,0.0884995664496004,False,lower,transfer_complete / hmda_2020_oh / mlp / dp
hmda_2020_oh,mlp,hifi_erm,1004,dp,0.1141488736418815,False,lower,transfer_complete / hmda_2020_oh / mlp / dp
hmda_2020_oh,mlp,hifi_erm,1005,dp,0.1256103167536677,False,lower,transfer_complete / hmda_2020_oh / mlp / dp
hmda_2020_oh,mlp,hifi_erm,1006,dp,0.094125537573398,False,lower,transfer_complete / hmda_2020_oh / mlp / dp
hmda_2020_oh,mlp,hifi_erm,1007,dp,0.0640898060371165,False,lower,transfer_complete / hmda_2020_oh / mlp / dp
hmda_2020_oh,mlp,hifi_erm,1008,dp,0.0847241862928239,False,lower,transfer_complete / hmda_2020_oh / mlp / dp
hmda_2020_oh,mlp,hifi_erm,1009,dp,0.1110674650977379,False,lower,transfer_complete / hmda_2020_oh / mlp / dp
hmda_2020_oh,mlp,hifi_shared,1000,dp,0.1013809598631261,False,lower,transfer_complete / hmda_2020_oh / mlp / dp
hmda_2020_oh,mlp,hifi_shared,1001,dp,0.1053614762827562,False,lower,transfer_complete / hmda_2020_oh / mlp / dp
hmda_2020_oh,mlp,hifi_shared,1002,dp,0.1078623928490372,False,lower,transfer_complete / hmda_2020_oh / mlp / dp
hmda_2020_oh,mlp,hifi_shared,1003,dp,0.0920901784830973,False,lower,transfer_complete / hmda_2020_oh / mlp / dp
hmda_2020_oh,mlp,hifi_shared,1004,dp,0.0957258913970797,False,lower,transfer_complete / hmda_2020_oh / mlp / dp
hmda_2020_oh,mlp,hifi_shared,1005,dp,0.0886261398883825,False,lower,transfer_complete / hmda_2020_oh / mlp / dp
hmda_2020_oh,mlp,hifi_shared,1006,dp,0.0848987703463165,False,lower,transfer_complete / hmda_2020_oh / mlp / dp
hmda_2020_oh,mlp,hifi_shared,1007,dp,0.0970570948049605,False,lower,transfer_complete / hmda_2020_oh / mlp / dp
hmda_2020_oh,mlp,hifi_shared,1008,dp,0.1080340671683048,False,lower,transfer_complete / hmda_2020_oh / mlp / dp
hmda_2020_oh,mlp,hifi_shared,1009,dp,0.1169087565541764,False,lower,transfer_complete / hmda_2020_oh / mlp / dp
hmda_2020_oh,mlp,ltdd,1000,dp,0.0716114690084208,False,lower,transfer_complete / hmda_2020_oh / mlp / dp
hmda_2020_oh,mlp,ltdd,1001,dp,0.0741822191960985,False,lower,transfer_complete / hmda_2020_oh / mlp / dp
hmda_2020_oh,mlp,ltdd,1002,dp,0.0448593725449117,False,lower,transfer_complete / hmda_2020_oh / mlp / dp
hmda_2020_oh,mlp,ltdd,1003,dp,0.0567456368535298,False,lower,transfer_complete / hmda_2020_oh / mlp / dp
hmda_2020_oh,mlp,ltdd,1004,dp,0.0513859064113083,False,lower,transfer_complete / hmda_2020_oh / mlp / dp
hmda_2020_oh,mlp,ltdd,1005,dp,0.0456959211345635,False,lower,transfer_complete / hmda_2020_oh / mlp / dp
hmda_2020_oh,mlp,ltdd,1006,dp,0.0759382438008112,False,lower,transfer_complete / hmda_2020_oh / mlp / dp
hmda_2020_oh,mlp,ltdd,1007,dp,0.0626538521971403,False,lower,transfer_complete / hmda_2020_oh / mlp / dp
hmda_2020_oh,mlp,ltdd,1008,dp,0.0617852965310148,False,lower,transfer_complete / hmda_2020_oh / mlp / dp
hmda_2020_oh,mlp,ltdd,1009,dp,0.0644986236957116,False,lower,transfer_complete / hmda_2020_oh / mlp / dp
hmda_2020_oh,mlp,mirrorfair,1000,dp,0.0645277210379603,False,lower,transfer_complete / hmda_2020_oh / mlp / dp
hmda_2020_oh,mlp,mirrorfair,1001,dp,0.048992650011348,False,lower,transfer_complete / hmda_2020_oh / mlp / dp
hmda_2020_oh,mlp,mirrorfair,1002,dp,0.0699092744868683,False,lower,transfer_complete / hmda_2020_oh / mlp / dp
hmda_2020_oh,mlp,mirrorfair,1003,dp,0.0478389403911846,False,lower,transfer_complete / hmda_2020_oh / mlp / dp
hmda_2020_oh,mlp,mirrorfair,1004,dp,0.0561404121347556,False,lower,transfer_complete / hmda_2020_oh / mlp / dp
hmda_2020_oh,mlp,mirrorfair,1005,dp,0.0481182748767727,False,lower,transfer_complete / hmda_2020_oh / mlp / dp
hmda_2020_oh,mlp,mirrorfair,1006,dp,0.0358581097202581,False,lower,transfer_complete / hmda_2020_oh / mlp / dp
hmda_2020_oh,mlp,mirrorfair,1007,dp,0.0563179059224729,False,lower,transfer_complete / hmda_2020_oh / mlp / dp
hmda_2020_oh,mlp,mirrorfair,1008,dp,0.0505871843665799,False,lower,transfer_complete / hmda_2020_oh / mlp / dp
hmda_2020_oh,mlp,mirrorfair,1009,dp,0.0568314740131635,False,lower,transfer_complete / hmda_2020_oh / mlp / dp
hmda_2020_oh,mlp,neufair,1000,dp,0.0414098826213213,False,lower,transfer_complete / hmda_2020_oh / mlp / dp
hmda_2020_oh,mlp,neufair,1001,dp,0.0205441784947363,False,lower,transfer_complete / hmda_2020_oh / mlp / dp
hmda_2020_oh,mlp,neufair,1002,dp,0.0168575452318184,False,lower,transfer_complete / hmda_2020_oh / mlp / dp
hmda_2020_oh,mlp,neufair,1003,dp,0.0357519044210502,False,lower,transfer_complete / hmda_2020_oh / mlp / dp
hmda_2020_oh,mlp,neufair,1004,dp,0.0102015281924148,False,lower,transfer_complete / hmda_2020_oh / mlp / dp
hmda_2020_oh,mlp,neufair,1005,dp,0.0208642492594726,False,lower,transfer_complete / hmda_2020_oh / mlp / dp
hmda_2020_oh,mlp,neufair,1006,dp,0.0260653991864383,False,lower,transfer_complete / hmda_2020_oh / mlp / dp
hmda_2020_oh,mlp,neufair,1007,dp,0.0141413083328968,False,lower,transfer_complete / hmda_2020_oh / mlp / dp
hmda_2020_oh,mlp,neufair,1008,dp,0.0187881538900237,False,lower,transfer_complete / hmda_2020_oh / mlp / dp
hmda_2020_oh,mlp,neufair,1009,dp,0.0295396218509401,False,lower,transfer_complete / hmda_2020_oh / mlp / dp
hmda_2019_mi,ft,erm,1000,dp,0.1101434945805664,False,lower,transfer_complete / hmda_2019_mi / ft / dp
hmda_2019_mi,ft,soft,1000,dp,0.0424186188687896,False,lower,transfer_complete / hmda_2019_mi / ft / dp
hmda_2019_mi,ft,erm,1001,dp,0.1197603533422552,False,lower,transfer_complete / hmda_2019_mi / ft / dp
hmda_2019_mi,ft,soft,1001,dp,0.0430846971348728,False,lower,transfer_complete / hmda_2019_mi / ft / dp
hmda_2019_mi,ft,erm,1002,dp,0.1317042404938792,False,lower,transfer_complete / hmda_2019_mi / ft / dp
hmda_2019_mi,ft,soft,1002,dp,0.0426266503952362,False,lower,transfer_complete / hmda_2019_mi / ft / dp
hmda_2019_mi,ft,erm,1003,dp,0.1086544888816347,False,lower,transfer_complete / hmda_2019_mi / ft / dp
hmda_2019_mi,ft,soft,1003,dp,0.045300162132507,False,lower,transfer_complete / hmda_2019_mi / ft / dp
hmda_2019_mi,ft,erm,1004,dp,0.1179307608812045,False,lower,transfer_complete / hmda_2019_mi / ft / dp
hmda_2019_mi,ft,soft,1004,dp,0.0241554792720878,False,lower,transfer_complete / hmda_2019_mi / ft / dp
hmda_2019_mi,ft,erm,1005,dp,0.1105444623753049,False,lower,transfer_complete / hmda_2019_mi / ft / dp
hmda_2019_mi,ft,soft,1005,dp,0.036216826401229,False,lower,transfer_complete / hmda_2019_mi / ft / dp
hmda_2019_mi,ft,erm,1006,dp,0.1439283333750025,False,lower,transfer_complete / hmda_2019_mi / ft / dp
hmda_2019_mi,ft,soft,1006,dp,0.0452263368855935,False,lower,transfer_complete / hmda_2019_mi / ft / dp
hmda_2019_mi,ft,erm,1007,dp,0.1138991476368137,False,lower,transfer_complete / hmda_2019_mi / ft / dp
hmda_2019_mi,ft,soft,1007,dp,0.0442121242283138,False,lower,transfer_complete / hmda_2019_mi / ft / dp
hmda_2019_mi,ft,erm,1008,dp,0.1339859831093496,False,lower,transfer_complete / hmda_2019_mi / ft / dp
hmda_2019_mi,ft,soft,1008,dp,0.04182636584962,False,lower,transfer_complete / hmda_2019_mi / ft / dp
hmda_2019_mi,ft,erm,1009,dp,0.0962810944628235,False,lower,transfer_complete / hmda_2019_mi / ft / dp
hmda_2019_mi,ft,soft,1009,dp,0.0261192780126715,False,lower,transfer_complete / hmda_2019_mi / ft / dp
hmda_2019_mi,mlp,erm,1000,dp,0.1244429495945744,False,lower,transfer_complete / hmda_2019_mi / mlp / dp
hmda_2019_mi,mlp,soft,1000,dp,0.0374768087303425,False,lower,transfer_complete / hmda_2019_mi / mlp / dp
hmda_2019_mi,mlp,erm,1001,dp,0.1047721771749319,False,lower,transfer_complete / hmda_2019_mi / mlp / dp
hmda_2019_mi,mlp,soft,1001,dp,0.0542584902571902,False,lower,transfer_complete / hmda_2019_mi / mlp / dp
hmda_2019_mi,mlp,erm,1002,dp,0.1234513798245271,False,lower,transfer_complete / hmda_2019_mi / mlp / dp
hmda_2019_mi,mlp,soft,1002,dp,0.033261457890598,False,lower,transfer_complete / hmda_2019_mi / mlp / dp
hmda_2019_mi,mlp,erm,1003,dp,0.0832340741488515,False,lower,transfer_complete / hmda_2019_mi / mlp / dp
hmda_2019_mi,mlp,soft,1003,dp,0.0492999338167275,False,lower,transfer_complete / hmda_2019_mi / mlp / dp
hmda_2019_mi,mlp,erm,1004,dp,0.1316530581341978,False,lower,transfer_complete / hmda_2019_mi / mlp / dp
hmda_2019_mi,mlp,soft,1004,dp,0.0412475570447447,False,lower,transfer_complete / hmda_2019_mi / mlp / dp
hmda_2019_mi,mlp,erm,1005,dp,0.100424271099515,False,lower,transfer_complete / hmda_2019_mi / mlp / dp
hmda_2019_mi,mlp,soft,1005,dp,0.0297272805750915,False,lower,transfer_complete / hmda_2019_mi / mlp / dp
hmda_2019_mi,mlp,erm,1006,dp,0.1574006154148058,False,lower,transfer_complete / hmda_2019_mi / mlp / dp
hmda_2019_mi,mlp,soft,1006,dp,0.034379686311101,False,lower,transfer_complete / hmda_2019_mi / mlp / dp
hmda_2019_mi,mlp,erm,1007,dp,0.1463459333138668,False,lower,transfer_complete / hmda_2019_mi / mlp / dp
hmda_2019_mi,mlp,soft,1007,dp,0.0297935581929278,False,lower,transfer_complete / hmda_2019_mi / mlp / dp
hmda_2019_mi,mlp,erm,1008,dp,0.1132724585599784,False,lower,transfer_complete / hmda_2019_mi / mlp / dp
hmda_2019_mi,mlp,soft,1008,dp,0.0391436554394112,False,lower,transfer_complete / hmda_2019_mi / mlp / dp
hmda_2019_mi,mlp,erm,1009,dp,0.1782047115131062,False,lower,transfer_complete / hmda_2019_mi / mlp / dp
hmda_2019_mi,mlp,soft,1009,dp,0.0267341739190734,False,lower,transfer_complete / hmda_2019_mi / mlp / dp
hmda_2020_oh,ft,erm,1000,dp,0.096201632942847,False,lower,transfer_complete / hmda_2020_oh / ft / dp
hmda_2020_oh,ft,soft,1000,dp,0.0405005906760477,False,lower,transfer_complete / hmda_2020_oh / ft / dp
hmda_2020_oh,ft,erm,1001,dp,0.1047184250190588,False,lower,transfer_complete / hmda_2020_oh / ft / dp
hmda_2020_oh,ft,soft,1001,dp,0.0388493165034306,False,lower,transfer_complete / hmda_2020_oh / ft / dp
hmda_2020_oh,ft,erm,1002,dp,0.1026423296496097,False,lower,transfer_complete / hmda_2020_oh / ft / dp
hmda_2020_oh,ft,soft,1002,dp,0.0347887823926162,False,lower,transfer_complete / hmda_2020_oh / ft / dp
hmda_2020_oh,ft,erm,1003,dp,0.0881664018808522,False,lower,transfer_complete / hmda_2020_oh / ft / dp
hmda_2020_oh,ft,soft,1003,dp,0.0360472424448751,False,lower,transfer_complete / hmda_2020_oh / ft / dp
hmda_2020_oh,ft,erm,1004,dp,0.0973393390247735,False,lower,transfer_complete / hmda_2020_oh / ft / dp
hmda_2020_oh,ft,soft,1004,dp,0.0253874311120422,False,lower,transfer_complete / hmda_2020_oh / ft / dp
hmda_2020_oh,ft,erm,1005,dp,0.0980143973649446,False,lower,transfer_complete / hmda_2020_oh / ft / dp
hmda_2020_oh,ft,soft,1005,dp,0.0311152429337103,False,lower,transfer_complete / hmda_2020_oh / ft / dp
hmda_2020_oh,ft,erm,1006,dp,0.1078376601081257,False,lower,transfer_complete / hmda_2020_oh / ft / dp
hmda_2020_oh,ft,soft,1006,dp,0.0389031465865907,False,lower,transfer_complete / hmda_2020_oh / ft / dp
hmda_2020_oh,ft,erm,1007,dp,0.0892284548729318,False,lower,transfer_complete / hmda_2020_oh / ft / dp
hmda_2020_oh,ft,soft,1007,dp,0.0390646368360714,False,lower,transfer_complete / hmda_2020_oh / ft / dp
hmda_2020_oh,ft,erm,1008,dp,0.0964489603519613,False,lower,transfer_complete / hmda_2020_oh / ft / dp
hmda_2020_oh,ft,soft,1008,dp,0.0361549026111954,False,lower,transfer_complete / hmda_2020_oh / ft / dp
hmda_2020_oh,ft,erm,1009,dp,0.0908797290455489,False,lower,transfer_complete / hmda_2020_oh / ft / dp
hmda_2020_oh,ft,soft,1009,dp,0.0290420572984863,False,lower,transfer_complete / hmda_2020_oh / ft / dp
hmda_2020_oh,mlp,erm,1000,dp,0.1021796819078545,False,lower,transfer_complete / hmda_2020_oh / mlp / dp
hmda_2020_oh,mlp,soft,1000,dp,0.0376446865343319,False,lower,transfer_complete / hmda_2020_oh / mlp / dp
hmda_2020_oh,mlp,erm,1001,dp,0.0894786920162712,False,lower,transfer_complete / hmda_2020_oh / mlp / dp
hmda_2020_oh,mlp,soft,1001,dp,0.0402881800776316,False,lower,transfer_complete / hmda_2020_oh / mlp / dp
hmda_2020_oh,mlp,erm,1002,dp,0.0979794805542462,False,lower,transfer_complete / hmda_2020_oh / mlp / dp
hmda_2020_oh,mlp,soft,1002,dp,0.0248549497488899,False,lower,transfer_complete / hmda_2020_oh / mlp / dp
hmda_2020_oh,mlp,erm,1003,dp,0.0755352456106659,False,lower,transfer_complete / hmda_2020_oh / mlp / dp
hmda_2020_oh,mlp,soft,1003,dp,0.0449670327112321,False,lower,transfer_complete / hmda_2020_oh / mlp / dp
hmda_2020_oh,mlp,erm,1004,dp,0.1014187864080494,False,lower,transfer_complete / hmda_2020_oh / mlp / dp
hmda_2020_oh,mlp,soft,1004,dp,0.0362785663157527,False,lower,transfer_complete / hmda_2020_oh / mlp / dp
hmda_2020_oh,mlp,erm,1005,dp,0.0698074337889976,False,lower,transfer_complete / hmda_2020_oh / mlp / dp
hmda_2020_oh,mlp,soft,1005,dp,0.027818514056926,False,lower,transfer_complete / hmda_2020_oh / mlp / dp
hmda_2020_oh,mlp,erm,1006,dp,0.111266781892142,False,lower,transfer_complete / hmda_2020_oh / mlp / dp
hmda_2020_oh,mlp,soft,1006,dp,0.0252797709457218,False,lower,transfer_complete / hmda_2020_oh / mlp / dp
hmda_2020_oh,mlp,erm,1007,dp,0.092603746573788,False,lower,transfer_complete / hmda_2020_oh / mlp / dp
hmda_2020_oh,mlp,soft,1007,dp,0.0382659147913428,False,lower,transfer_complete / hmda_2020_oh / mlp / dp
hmda_2020_oh,mlp,erm,1008,dp,0.1014595226871977,False,lower,transfer_complete / hmda_2020_oh / mlp / dp
hmda_2020_oh,mlp,soft,1008,dp,0.0378920139434464,False,lower,transfer_complete / hmda_2020_oh / mlp / dp
hmda_2020_oh,mlp,erm,1009,dp,0.111406449134936,False,lower,transfer_complete / hmda_2020_oh / mlp / dp
hmda_2020_oh,mlp,soft,1009,dp,0.0341515505973684,False,lower,transfer_complete / hmda_2020_oh / mlp / dp
hmda_2019_mi,ft,cot_phi,1000,eomax,0.0180973025522226,False,lower,transfer_complete / hmda_2019_mi / ft / eomax
hmda_2019_mi,ft,cot_phi,1001,eomax,0.0237437105835064,False,lower,transfer_complete / hmda_2019_mi / ft / eomax
hmda_2019_mi,ft,cot_phi,1002,eomax,0.0229022691320422,False,lower,transfer_complete / hmda_2019_mi / ft / eomax
hmda_2019_mi,ft,cot_phi,1003,eomax,0.0284791435954226,False,lower,transfer_complete / hmda_2019_mi / ft / eomax
hmda_2019_mi,ft,cot_phi,1004,eomax,0.03187523071244,False,lower,transfer_complete / hmda_2019_mi / ft / eomax
hmda_2019_mi,ft,cot_phi,1005,eomax,0.0290931644488525,False,lower,transfer_complete / hmda_2019_mi / ft / eomax
hmda_2019_mi,ft,cot_phi,1006,eomax,0.018447528755133,False,lower,transfer_complete / hmda_2019_mi / ft / eomax
hmda_2019_mi,ft,cot_phi,1007,eomax,0.0501845699520118,False,lower,transfer_complete / hmda_2019_mi / ft / eomax
hmda_2019_mi,ft,cot_phi,1008,eomax,0.0608711701734957,False,lower,transfer_complete / hmda_2019_mi / ft / eomax
hmda_2019_mi,ft,cot_phi,1009,eomax,0.0238464377999261,False,lower,transfer_complete / hmda_2019_mi / ft / eomax
hmda_2019_mi,ft,hifi,1000,eomax,0.0917681801402732,False,lower,transfer_complete / hmda_2019_mi / ft / eomax
hmda_2019_mi,ft,hifi,1001,eomax,0.3556227244389427,False,lower,transfer_complete / hmda_2019_mi / ft / eomax
hmda_2019_mi,ft,hifi,1002,eomax,0.0730532921477017,False,lower,transfer_complete / hmda_2019_mi / ft / eomax
hmda_2019_mi,ft,hifi,1003,eomax,0.0789527958405877,False,lower,transfer_complete / hmda_2019_mi / ft / eomax
hmda_2019_mi,ft,hifi,1004,eomax,0.2524593923735838,False,lower,transfer_complete / hmda_2019_mi / ft / eomax
hmda_2019_mi,ft,hifi,1005,eomax,0.0285458958923193,False,lower,transfer_complete / hmda_2019_mi / ft / eomax
hmda_2019_mi,ft,hifi,1006,eomax,0.0130569976564582,False,lower,transfer_complete / hmda_2019_mi / ft / eomax
hmda_2019_mi,ft,hifi,1007,eomax,0.0490033222591361,False,lower,transfer_complete / hmda_2019_mi / ft / eomax
hmda_2019_mi,ft,hifi,1008,eomax,0.0229605020302695,False,lower,transfer_complete / hmda_2019_mi / ft / eomax
hmda_2019_mi,ft,hifi,1009,eomax,0.1365890749107533,False,lower,transfer_complete / hmda_2019_mi / ft / eomax
hmda_2019_mi,ft,hifi_erm,1000,eomax,0.0021685356094685,False,lower,transfer_complete / hmda_2019_mi / ft / eomax
hmda_2019_mi,ft,hifi_erm,1001,eomax,0.0973209514000704,False,lower,transfer_complete / hmda_2019_mi / ft / eomax
hmda_2019_mi,ft,hifi_erm,1002,eomax,0.095108896271687,False,lower,transfer_complete / hmda_2019_mi / ft / eomax
hmda_2019_mi,ft,hifi_erm,1003,eomax,0.085133421849066,False,lower,transfer_complete / hmda_2019_mi / ft / eomax
hmda_2019_mi,ft,hifi_erm,1004,eomax,0.0509083845051541,False,lower,transfer_complete / hmda_2019_mi / ft / eomax
hmda_2019_mi,ft,hifi_erm,1005,eomax,0.1009228497600591,False,lower,transfer_complete / hmda_2019_mi / ft / eomax
hmda_2019_mi,ft,hifi_erm,1006,eomax,0.0187417016500638,False,lower,transfer_complete / hmda_2019_mi / ft / eomax
hmda_2019_mi,ft,hifi_erm,1007,eomax,0.0386031857961772,False,lower,transfer_complete / hmda_2019_mi / ft / eomax
hmda_2019_mi,ft,hifi_erm,1008,eomax,0.0198539961087879,False,lower,transfer_complete / hmda_2019_mi / ft / eomax
hmda_2019_mi,ft,hifi_erm,1009,eomax,0.081676088043915,False,lower,transfer_complete / hmda_2019_mi / ft / eomax
hmda_2019_mi,ft,hifi_shared,1000,eomax,0.0955518641565153,False,lower,transfer_complete / hmda_2019_mi / ft / eomax
hmda_2019_mi,ft,hifi_shared,1001,eomax,0.0395903230596035,False,lower,transfer_complete / hmda_2019_mi / ft / eomax
hmda_2019_mi,ft,hifi_shared,1002,eomax,0.071077888519749,False,lower,transfer_complete / hmda_2019_mi / ft / eomax
hmda_2019_mi,ft,hifi_shared,1003,eomax,0.04491175027096,False,lower,transfer_complete / hmda_2019_mi / ft / eomax
hmda_2019_mi,ft,hifi_shared,1004,eomax,0.044824889037984,False,lower,transfer_complete / hmda_2019_mi / ft / eomax
hmda_2019_mi,ft,hifi_shared,1005,eomax,0.0893503137689183,False,lower,transfer_complete / hmda_2019_mi / ft / eomax
hmda_2019_mi,ft,hifi_shared,1006,eomax,0.0718530823181986,False,lower,transfer_complete / hmda_2019_mi / ft / eomax
hmda_2019_mi,ft,hifi_shared,1007,eomax,0.0671280915466961,False,lower,transfer_complete / hmda_2019_mi / ft / eomax
hmda_2019_mi,ft,hifi_shared,1008,eomax,0.0783499446290143,False,lower,transfer_complete / hmda_2019_mi / ft / eomax
hmda_2019_mi,ft,hifi_shared,1009,eomax,0.0585086747877445,False,lower,transfer_complete / hmda_2019_mi / ft / eomax
hmda_2019_mi,ft,reweighing,1000,eomax,0.049187892211148,False,lower,transfer_complete / hmda_2019_mi / ft / eomax
hmda_2019_mi,ft,reweighing,1001,eomax,0.0612218530823182,False,lower,transfer_complete / hmda_2019_mi / ft / eomax
hmda_2019_mi,ft,reweighing,1002,eomax,0.0652085640457733,False,lower,transfer_complete / hmda_2019_mi / ft / eomax
hmda_2019_mi,ft,reweighing,1003,eomax,0.0656146179401993,False,lower,transfer_complete / hmda_2019_mi / ft / eomax
hmda_2019_mi,ft,reweighing,1004,eomax,0.0465854558877814,False,lower,transfer_complete / hmda_2019_mi / ft / eomax
hmda_2019_mi,ft,reweighing,1005,eomax,0.0648947951273531,False,lower,transfer_complete / hmda_2019_mi / ft / eomax
hmda_2019_mi,ft,reweighing,1006,eomax,0.0535068290882244,False,lower,transfer_complete / hmda_2019_mi / ft / eomax
hmda_2019_mi,ft,reweighing,1007,eomax,0.0494832041343669,False,lower,transfer_complete / hmda_2019_mi / ft / eomax
hmda_2019_mi,ft,reweighing,1008,eomax,0.0489110372831302,False,lower,transfer_complete / hmda_2019_mi / ft / eomax
hmda_2019_mi,ft,reweighing,1009,eomax,0.0660575858250276,False,lower,transfer_complete / hmda_2019_mi / ft / eomax
hmda_2019_mi,mlp,cot_phi,1000,eomax,0.0396108616762678,False,lower,transfer_complete / hmda_2019_mi / mlp / eomax
hmda_2019_mi,mlp,cot_phi,1001,eomax,0.0611664820967146,False,lower,transfer_complete / hmda_2019_mi / mlp / eomax
hmda_2019_mi,mlp,cot_phi,1002,eomax,0.0420502502929962,False,lower,transfer_complete / hmda_2019_mi / mlp / eomax
hmda_2019_mi,mlp,cot_phi,1003,eomax,0.026914359531052,False,lower,transfer_complete / hmda_2019_mi / mlp / eomax
hmda_2019_mi,mlp,cot_phi,1004,eomax,0.028916660711894,False,lower,transfer_complete / hmda_2019_mi / mlp / eomax
hmda_2019_mi,mlp,cot_phi,1005,eomax,0.0161052706797126,False,lower,transfer_complete / hmda_2019_mi / mlp / eomax
hmda_2019_mi,mlp,cot_phi,1006,eomax,0.0382798080472499,False,lower,transfer_complete / hmda_2019_mi / mlp / eomax
hmda_2019_mi,mlp,cot_phi,1007,eomax,0.0429682836691041,False,lower,transfer_complete / hmda_2019_mi / mlp / eomax
hmda_2019_mi,mlp,cot_phi,1008,eomax,0.0369155961269304,False,lower,transfer_complete / hmda_2019_mi / mlp / eomax
hmda_2019_mi,mlp,cot_phi,1009,eomax,0.053427146317533,False,lower,transfer_complete / hmda_2019_mi / mlp / eomax
hmda_2019_mi,mlp,dralign,1000,eomax,0.0618678479143595,False,lower,transfer_complete / hmda_2019_mi / mlp / eomax
hmda_2019_mi,mlp,dralign,1001,eomax,0.031202865479335,False,lower,transfer_complete / hmda_2019_mi / mlp / eomax
hmda_2019_mi,mlp,dralign,1002,eomax,0.0340531561461794,False,lower,transfer_complete / hmda_2019_mi / mlp / eomax
hmda_2019_mi,mlp,dralign,1003,eomax,0.0688815060908084,False,lower,transfer_complete / hmda_2019_mi / mlp / eomax
hmda_2019_mi,mlp,dralign,1004,eomax,0.0984126984126984,False,lower,transfer_complete / hmda_2019_mi / mlp / eomax
hmda_2019_mi,mlp,dralign,1005,eomax,0.12953119232189,False,lower,transfer_complete / hmda_2019_mi / mlp / eomax
hmda_2019_mi,mlp,dralign,1006,eomax,0.0443009403691218,False,lower,transfer_complete / hmda_2019_mi / mlp / eomax
hmda_2019_mi,mlp,dralign,1007,eomax,0.0719084533038021,False,lower,transfer_complete / hmda_2019_mi / mlp / eomax
hmda_2019_mi,mlp,dralign,1008,eomax,0.0865448504983388,False,lower,transfer_complete / hmda_2019_mi / mlp / eomax
hmda_2019_mi,mlp,dralign,1009,eomax,0.0972314507198227,False,lower,transfer_complete / hmda_2019_mi / mlp / eomax
hmda_2019_mi,mlp,hifi,1000,eomax,0.086816304751994,False,lower,transfer_complete / hmda_2019_mi / mlp / eomax
hmda_2019_mi,mlp,hifi,1001,eomax,0.0298141554713377,False,lower,transfer_complete / hmda_2019_mi / mlp / eomax
hmda_2019_mi,mlp,hifi,1002,eomax,0.0605360750104512,False,lower,transfer_complete / hmda_2019_mi / mlp / eomax
hmda_2019_mi,mlp,hifi,1003,eomax,0.0832964193429309,False,lower,transfer_complete / hmda_2019_mi / mlp / eomax
hmda_2019_mi,mlp,hifi,1004,eomax,0.1001058594533903,False,lower,transfer_complete / hmda_2019_mi / mlp / eomax
hmda_2019_mi,mlp,hifi,1005,eomax,0.0709669110048903,False,lower,transfer_complete / hmda_2019_mi / mlp / eomax
hmda_2019_mi,mlp,hifi,1006,eomax,0.0609068398300258,False,lower,transfer_complete / hmda_2019_mi / mlp / eomax
hmda_2019_mi,mlp,hifi,1007,eomax,0.0411037283130306,False,lower,transfer_complete / hmda_2019_mi / mlp / eomax
hmda_2019_mi,mlp,hifi,1008,eomax,0.0381250211269623,False,lower,transfer_complete / hmda_2019_mi / mlp / eomax
hmda_2019_mi,mlp,hifi,1009,eomax,0.0852613603153704,False,lower,transfer_complete / hmda_2019_mi / mlp / eomax
hmda_2019_mi,mlp,hifi_erm,1000,eomax,0.0827248411573339,False,lower,transfer_complete / hmda_2019_mi / mlp / eomax
hmda_2019_mi,mlp,hifi_erm,1001,eomax,0.2244083487765188,False,lower,transfer_complete / hmda_2019_mi / mlp / eomax
hmda_2019_mi,mlp,hifi_erm,1002,eomax,0.076492868607195,False,lower,transfer_complete / hmda_2019_mi / mlp / eomax
hmda_2019_mi,mlp,hifi_erm,1003,eomax,0.0490340217906165,False,lower,transfer_complete / hmda_2019_mi / mlp / eomax
hmda_2019_mi,mlp,hifi_erm,1004,eomax,0.0990318609569882,False,lower,transfer_complete / hmda_2019_mi / mlp / eomax
hmda_2019_mi,mlp,hifi_erm,1005,eomax,0.113464518042105,False,lower,transfer_complete / hmda_2019_mi / mlp / eomax
hmda_2019_mi,mlp,hifi_erm,1006,eomax,0.0657603716804996,False,lower,transfer_complete / hmda_2019_mi / mlp / eomax
hmda_2019_mi,mlp,hifi_erm,1007,eomax,0.0373200442967884,False,lower,transfer_complete / hmda_2019_mi / mlp / eomax
hmda_2019_mi,mlp,hifi_erm,1008,eomax,0.039902253300192,False,lower,transfer_complete / hmda_2019_mi / mlp / eomax
hmda_2019_mi,mlp,hifi_erm,1009,eomax,0.087087157759254,False,lower,transfer_complete / hmda_2019_mi / mlp / eomax
hmda_2019_mi,mlp,hifi_shared,1000,eomax,0.0784791435954226,False,lower,transfer_complete / hmda_2019_mi / mlp / eomax
hmda_2019_mi,mlp,hifi_shared,1001,eomax,0.1370616463639719,False,lower,transfer_complete / hmda_2019_mi / mlp / eomax
hmda_2019_mi,mlp,hifi_shared,1002,eomax,0.0984127072421301,False,lower,transfer_complete / hmda_2019_mi / mlp / eomax
hmda_2019_mi,mlp,hifi_shared,1003,eomax,0.055813953488372,False,lower,transfer_complete / hmda_2019_mi / mlp / eomax
hmda_2019_mi,mlp,hifi_shared,1004,eomax,0.0792727943890734,False,lower,transfer_complete / hmda_2019_mi / mlp / eomax
hmda_2019_mi,mlp,hifi_shared,1005,eomax,0.0849186221497856,False,lower,transfer_complete / hmda_2019_mi / mlp / eomax
hmda_2019_mi,mlp,hifi_shared,1006,eomax,0.0649702767706962,False,lower,transfer_complete / hmda_2019_mi / mlp / eomax
hmda_2019_mi,mlp,hifi_shared,1007,eomax,0.0827611664820967,False,lower,transfer_complete / hmda_2019_mi / mlp / eomax
hmda_2019_mi,mlp,hifi_shared,1008,eomax,0.0725471008244971,False,lower,transfer_complete / hmda_2019_mi / mlp / eomax
hmda_2019_mi,mlp,hifi_shared,1009,eomax,0.1193429309708379,False,lower,transfer_complete / hmda_2019_mi / mlp / eomax
hmda_2019_mi,mlp,ltdd,1000,eomax,0.0169435215946843,False,lower,transfer_complete / hmda_2019_mi / mlp / eomax
hmda_2019_mi,mlp,ltdd,1001,eomax,0.0341232000362848,False,lower,transfer_complete / hmda_2019_mi / mlp / eomax
hmda_2019_mi,mlp,ltdd,1002,eomax,0.0559616094499815,False,lower,transfer_complete / hmda_2019_mi / mlp / eomax
hmda_2019_mi,mlp,ltdd,1003,eomax,0.0228313030638612,False,lower,transfer_complete / hmda_2019_mi / mlp / eomax
hmda_2019_mi,mlp,ltdd,1004,eomax,0.030251015134736,False,lower,transfer_complete / hmda_2019_mi / mlp / eomax
hmda_2019_mi,mlp,ltdd,1005,eomax,0.0168468003188619,False,lower,transfer_complete / hmda_2019_mi / mlp / eomax
hmda_2019_mi,mlp,ltdd,1006,eomax,0.0299729018626386,False,lower,transfer_complete / hmda_2019_mi / mlp / eomax
hmda_2019_mi,mlp,ltdd,1007,eomax,0.0327447593366198,False,lower,transfer_complete / hmda_2019_mi / mlp / eomax
hmda_2019_mi,mlp,ltdd,1008,eomax,0.023015873015873,False,lower,transfer_complete / hmda_2019_mi / mlp / eomax
hmda_2019_mi,mlp,ltdd,1009,eomax,0.0157933404391241,False,lower,transfer_complete / hmda_2019_mi / mlp / eomax
hmda_2019_mi,mlp,mirrorfair,1000,eomax,0.0838132152085641,False,lower,transfer_complete / hmda_2019_mi / mlp / eomax
hmda_2019_mi,mlp,mirrorfair,1001,eomax,0.054577334809893,False,lower,transfer_complete / hmda_2019_mi / mlp / eomax
hmda_2019_mi,mlp,mirrorfair,1002,eomax,0.0365728579613455,False,lower,transfer_complete / hmda_2019_mi / mlp / eomax
hmda_2019_mi,mlp,mirrorfair,1003,eomax,0.0719822812846069,False,lower,transfer_complete / hmda_2019_mi / mlp / eomax
hmda_2019_mi,mlp,mirrorfair,1004,eomax,0.052141011443337,False,lower,transfer_complete / hmda_2019_mi / mlp / eomax
hmda_2019_mi,mlp,mirrorfair,1005,eomax,0.0826319675156884,False,lower,transfer_complete / hmda_2019_mi / mlp / eomax
hmda_2019_mi,mlp,mirrorfair,1006,eomax,0.0910668143226283,False,lower,transfer_complete / hmda_2019_mi / mlp / eomax
hmda_2019_mi,mlp,mirrorfair,1007,eomax,0.0493540051679587,False,lower,transfer_complete / hmda_2019_mi / mlp / eomax
hmda_2019_mi,mlp,mirrorfair,1008,eomax,0.1042266519010705,False,lower,transfer_complete / hmda_2019_mi / mlp / eomax
hmda_2019_mi,mlp,mirrorfair,1009,eomax,0.0695275009228497,False,lower,transfer_complete / hmda_2019_mi / mlp / eomax
hmda_2019_mi,mlp,neufair,1000,eomax,0.0558508674787745,False,lower,transfer_complete / hmda_2019_mi / mlp / eomax
hmda_2019_mi,mlp,neufair,1001,eomax,0.0753414544112218,False,lower,transfer_complete / hmda_2019_mi / mlp / eomax
hmda_2019_mi,mlp,neufair,1002,eomax,0.0632890365448505,False,lower,transfer_complete / hmda_2019_mi / mlp / eomax
hmda_2019_mi,mlp,neufair,1003,eomax,0.058250276854928,False,lower,transfer_complete / hmda_2019_mi / mlp / eomax
hmda_2019_mi,mlp,neufair,1004,eomax,0.074141749723145,False,lower,transfer_complete / hmda_2019_mi / mlp / eomax
hmda_2019_mi,mlp,neufair,1005,eomax,0.0898301956441491,False,lower,transfer_complete / hmda_2019_mi / mlp / eomax
hmda_2019_mi,mlp,neufair,1006,eomax,0.0703765227021041,False,lower,transfer_complete / hmda_2019_mi / mlp / eomax
hmda_2019_mi,mlp,neufair,1007,eomax,0.0562015503875968,False,lower,transfer_complete / hmda_2019_mi / mlp / eomax
hmda_2019_mi,mlp,neufair,1008,eomax,0.1098375784422296,False,lower,transfer_complete / hmda_2019_mi / mlp / eomax
hmda_2019_mi,mlp,neufair,1009,eomax,0.0615356220007383,False,lower,transfer_complete / hmda_2019_mi / mlp / eomax
hmda_2020_oh,ft,cot_phi,1000,eomax,0.1106641809695569,False,lower,transfer_complete / hmda_2020_oh / ft / eomax
hmda_2020_oh,ft,cot_phi,1001,eomax,0.0658709734070936,False,lower,transfer_complete / hmda_2020_oh / ft / eomax
hmda_2020_oh,ft,cot_phi,1002,eomax,0.1025316284693373,False,lower,transfer_complete / hmda_2020_oh / ft / eomax
hmda_2020_oh,ft,cot_phi,1003,eomax,0.0587178396049903,False,lower,transfer_complete / hmda_2020_oh / ft / eomax
hmda_2020_oh,ft,cot_phi,1004,eomax,0.0589441190973136,False,lower,transfer_complete / hmda_2020_oh / ft / eomax
hmda_2020_oh,ft,cot_phi,1005,eomax,0.1028558498314724,False,lower,transfer_complete / hmda_2020_oh / ft / eomax
hmda_2020_oh,ft,cot_phi,1006,eomax,0.0973305774517552,False,lower,transfer_complete / hmda_2020_oh / ft / eomax
hmda_2020_oh,ft,cot_phi,1007,eomax,0.0607982600120231,False,lower,transfer_complete / hmda_2020_oh / ft / eomax
hmda_2020_oh,ft,cot_phi,1008,eomax,0.0838922774524306,False,lower,transfer_complete / hmda_2020_oh / ft / eomax
hmda_2020_oh,ft,cot_phi,1009,eomax,0.1073780623720845,False,lower,transfer_complete / hmda_2020_oh / ft / eomax
hmda_2020_oh,ft,hifi,1000,eomax,0.1436773457077819,False,lower,transfer_complete / hmda_2020_oh / ft / eomax
hmda_2020_oh,ft,hifi,1001,eomax,0.4232617005011467,False,lower,transfer_complete / hmda_2020_oh / ft / eomax
hmda_2020_oh,ft,hifi,1002,eomax,0.1281653799131357,False,lower,transfer_complete / hmda_2020_oh / ft / eomax
hmda_2020_oh,ft,hifi,1003,eomax,0.1129708808689132,False,lower,transfer_complete / hmda_2020_oh / ft / eomax
hmda_2020_oh,ft,hifi,1004,eomax,0.2187784960181564,False,lower,transfer_complete / hmda_2020_oh / ft / eomax
hmda_2020_oh,ft,hifi,1005,eomax,0.1037069309070768,False,lower,transfer_complete / hmda_2020_oh / ft / eomax
hmda_2020_oh,ft,hifi,1006,eomax,0.0960944835086154,False,lower,transfer_complete / hmda_2020_oh / ft / eomax
hmda_2020_oh,ft,hifi,1007,eomax,0.114213729423764,False,lower,transfer_complete / hmda_2020_oh / ft / eomax
hmda_2020_oh,ft,hifi,1008,eomax,0.1021770113545023,False,lower,transfer_complete / hmda_2020_oh / ft / eomax
hmda_2020_oh,ft,hifi,1009,eomax,0.1826750964220821,False,lower,transfer_complete / hmda_2020_oh / ft / eomax
hmda_2020_oh,ft,hifi_erm,1000,eomax,0.0541415901706889,False,lower,transfer_complete / hmda_2020_oh / ft / eomax
hmda_2020_oh,ft,hifi_erm,1001,eomax,0.1464433592034961,False,lower,transfer_complete / hmda_2020_oh / ft / eomax
hmda_2020_oh,ft,hifi_erm,1002,eomax,0.1363958742831668,False,lower,transfer_complete / hmda_2020_oh / ft / eomax
hmda_2020_oh,ft,hifi_erm,1003,eomax,0.113754415827406,False,lower,transfer_complete / hmda_2020_oh / ft / eomax
hmda_2020_oh,ft,hifi_erm,1004,eomax,0.1048079326159935,False,lower,transfer_complete / hmda_2020_oh / ft / eomax
hmda_2020_oh,ft,hifi_erm,1005,eomax,0.1383108067032766,False,lower,transfer_complete / hmda_2020_oh / ft / eomax
hmda_2020_oh,ft,hifi_erm,1006,eomax,0.0736185130397779,False,lower,transfer_complete / hmda_2020_oh / ft / eomax
hmda_2020_oh,ft,hifi_erm,1007,eomax,0.1119982167825082,False,lower,transfer_complete / hmda_2020_oh / ft / eomax
hmda_2020_oh,ft,hifi_erm,1008,eomax,0.0733246874303431,False,lower,transfer_complete / hmda_2020_oh / ft / eomax
hmda_2020_oh,ft,hifi_erm,1009,eomax,0.1547717954433389,False,lower,transfer_complete / hmda_2020_oh / ft / eomax
hmda_2020_oh,ft,hifi_shared,1000,eomax,0.1604625558099792,False,lower,transfer_complete / hmda_2020_oh / ft / eomax
hmda_2020_oh,ft,hifi_shared,1001,eomax,0.1263720305038264,False,lower,transfer_complete / hmda_2020_oh / ft / eomax
hmda_2020_oh,ft,hifi_shared,1002,eomax,0.1753260788803556,False,lower,transfer_complete / hmda_2020_oh / ft / eomax
hmda_2020_oh,ft,hifi_shared,1003,eomax,0.1393206211540929,False,lower,transfer_complete / hmda_2020_oh / ft / eomax
hmda_2020_oh,ft,hifi_shared,1004,eomax,0.1122548920275317,False,lower,transfer_complete / hmda_2020_oh / ft / eomax
hmda_2020_oh,ft,hifi_shared,1005,eomax,0.1517119563381898,False,lower,transfer_complete / hmda_2020_oh / ft / eomax
hmda_2020_oh,ft,hifi_shared,1006,eomax,0.1511614554837315,False,lower,transfer_complete / hmda_2020_oh / ft / eomax
hmda_2020_oh,ft,hifi_shared,1007,eomax,0.1119306706653968,False,lower,transfer_complete / hmda_2020_oh / ft / eomax
hmda_2020_oh,ft,hifi_shared,1008,eomax,0.1563625065013137,False,lower,transfer_complete / hmda_2020_oh / ft / eomax
hmda_2020_oh,ft,hifi_shared,1009,eomax,0.1537923767452227,False,lower,transfer_complete / hmda_2020_oh / ft / eomax
hmda_2020_oh,ft,reweighing,1000,eomax,0.069940626963059,False,lower,transfer_complete / hmda_2020_oh / ft / eomax
hmda_2020_oh,ft,reweighing,1001,eomax,0.040794477429465,False,lower,transfer_complete / hmda_2020_oh / ft / eomax
hmda_2020_oh,ft,reweighing,1002,eomax,0.0579039088937971,False,lower,transfer_complete / hmda_2020_oh / ft / eomax
hmda_2020_oh,ft,reweighing,1003,eomax,0.0445703053759954,False,lower,transfer_complete / hmda_2020_oh / ft / eomax
hmda_2020_oh,ft,reweighing,1004,eomax,0.0555296628773294,False,lower,transfer_complete / hmda_2020_oh / ft / eomax
hmda_2020_oh,ft,reweighing,1005,eomax,0.0623281795645976,False,lower,transfer_complete / hmda_2020_oh / ft / eomax
hmda_2020_oh,ft,reweighing,1006,eomax,0.0618080744628395,False,lower,transfer_complete / hmda_2020_oh / ft / eomax
hmda_2020_oh,ft,reweighing,1007,eomax,0.0824602997696677,False,lower,transfer_complete / hmda_2020_oh / ft / eomax
hmda_2020_oh,ft,reweighing,1008,eomax,0.0794072152762298,False,lower,transfer_complete / hmda_2020_oh / ft / eomax
hmda_2020_oh,ft,reweighing,1009,eomax,0.0486332043202496,False,lower,transfer_complete / hmda_2020_oh / ft / eomax
hmda_2020_oh,mlp,cot_phi,1000,eomax,0.0981073577985369,False,lower,transfer_complete / hmda_2020_oh / mlp / eomax
hmda_2020_oh,mlp,cot_phi,1001,eomax,0.1181786864982066,False,lower,transfer_complete / hmda_2020_oh / mlp / eomax
hmda_2020_oh,mlp,cot_phi,1002,eomax,0.1175606395266367,False,lower,transfer_complete / hmda_2020_oh / mlp / eomax
hmda_2020_oh,mlp,cot_phi,1003,eomax,0.097134693712132,False,lower,transfer_complete / hmda_2020_oh / mlp / eomax
hmda_2020_oh,mlp,cot_phi,1004,eomax,0.0828216714962141,False,lower,transfer_complete / hmda_2020_oh / mlp / eomax
hmda_2020_oh,mlp,cot_phi,1005,eomax,0.0674684390767796,False,lower,transfer_complete / hmda_2020_oh / mlp / eomax
hmda_2020_oh,mlp,cot_phi,1006,eomax,0.0518213810479104,False,lower,transfer_complete / hmda_2020_oh / mlp / eomax
hmda_2020_oh,mlp,cot_phi,1007,eomax,0.1119002749126966,False,lower,transfer_complete / hmda_2020_oh / mlp / eomax
hmda_2020_oh,mlp,cot_phi,1008,eomax,0.1123224381446432,False,lower,transfer_complete / hmda_2020_oh / mlp / eomax
hmda_2020_oh,mlp,cot_phi,1009,eomax,0.1294318696089755,False,lower,transfer_complete / hmda_2020_oh / mlp / eomax
hmda_2020_oh,mlp,dralign,1000,eomax,0.0552729876323059,False,lower,transfer_complete / hmda_2020_oh / mlp / eomax
hmda_2020_oh,mlp,dralign,1001,eomax,0.0664282288732632,False,lower,transfer_complete / hmda_2020_oh / mlp / eomax
hmda_2020_oh,mlp,dralign,1002,eomax,0.0713726046458219,False,lower,transfer_complete / hmda_2020_oh / mlp / eomax
hmda_2020_oh,mlp,dralign,1003,eomax,0.0360088350321181,False,lower,transfer_complete / hmda_2020_oh / mlp / eomax
hmda_2020_oh,mlp,dralign,1004,eomax,0.0291427722277385,False,lower,transfer_complete / hmda_2020_oh / mlp / eomax
hmda_2020_oh,mlp,dralign,1005,eomax,0.0424155842401399,False,lower,transfer_complete / hmda_2020_oh / mlp / eomax
hmda_2020_oh,mlp,dralign,1006,eomax,0.0843448364370774,False,lower,transfer_complete / hmda_2020_oh / mlp / eomax
hmda_2020_oh,mlp,dralign,1007,eomax,0.0499672401332008,False,lower,transfer_complete / hmda_2020_oh / mlp / eomax
hmda_2020_oh,mlp,dralign,1008,eomax,0.0605483393787108,False,lower,transfer_complete / hmda_2020_oh / mlp / eomax
hmda_2020_oh,mlp,dralign,1009,eomax,0.0182179563407797,False,lower,transfer_complete / hmda_2020_oh / mlp / eomax
hmda_2020_oh,mlp,hifi,1000,eomax,0.1389592494275466,False,lower,transfer_complete / hmda_2020_oh / mlp / eomax
hmda_2020_oh,mlp,hifi,1001,eomax,0.1266050646078609,False,lower,transfer_complete / hmda_2020_oh / mlp / eomax
hmda_2020_oh,mlp,hifi,1002,eomax,0.1330422095685829,False,lower,transfer_complete / hmda_2020_oh / mlp / eomax
hmda_2020_oh,mlp,hifi,1003,eomax,0.1391247374144697,False,lower,transfer_complete / hmda_2020_oh / mlp / eomax
hmda_2020_oh,mlp,hifi,1004,eomax,0.1582470431687234,False,lower,transfer_complete / hmda_2020_oh / mlp / eomax
hmda_2020_oh,mlp,hifi,1005,eomax,0.139675238268928,False,lower,transfer_complete / hmda_2020_oh / mlp / eomax
hmda_2020_oh,mlp,hifi,1006,eomax,0.1276756705640775,False,lower,transfer_complete / hmda_2020_oh / mlp / eomax
hmda_2020_oh,mlp,hifi,1007,eomax,0.0800556580004998,False,lower,transfer_complete / hmda_2020_oh / mlp / eomax
hmda_2020_oh,mlp,hifi,1008,eomax,0.10519970009524,False,lower,transfer_complete / hmda_2020_oh / mlp / eomax
hmda_2020_oh,mlp,hifi,1009,eomax,0.1577944841840766,False,lower,transfer_complete / hmda_2020_oh / mlp / eomax
hmda_2020_oh,mlp,hifi_erm,1000,eomax,0.1303065918255688,False,lower,transfer_complete / hmda_2020_oh / mlp / eomax
hmda_2020_oh,mlp,hifi_erm,1001,eomax,0.1605469884563685,False,lower,transfer_complete / hmda_2020_oh / mlp / eomax
hmda_2020_oh,mlp,hifi_erm,1002,eomax,0.1096543665187407,False,lower,transfer_complete / hmda_2020_oh / mlp / eomax
hmda_2020_oh,mlp,hifi_erm,1003,eomax,0.0951150648104993,False,lower,transfer_complete / hmda_2020_oh / mlp / eomax
hmda_2020_oh,mlp,hifi_erm,1004,eomax,0.1552547501806858,False,lower,transfer_complete / hmda_2020_oh / mlp / eomax
hmda_2020_oh,mlp,hifi_erm,1005,eomax,0.1705100407303086,False,lower,transfer_complete / hmda_2020_oh / mlp / eomax
hmda_2020_oh,mlp,hifi_erm,1006,eomax,0.1244874938364167,False,lower,transfer_complete / hmda_2020_oh / mlp / eomax
hmda_2020_oh,mlp,hifi_erm,1007,eomax,0.0663302870034516,False,lower,transfer_complete / hmda_2020_oh / mlp / eomax
hmda_2020_oh,mlp,hifi_erm,1008,eomax,0.1119002749126966,False,lower,transfer_complete / hmda_2020_oh / mlp / eomax
hmda_2020_oh,mlp,hifi_erm,1009,eomax,0.1377907016015184,False,lower,transfer_complete / hmda_2020_oh / mlp / eomax
hmda_2020_oh,mlp,hifi_shared,1000,eomax,0.1400670057481745,False,lower,transfer_complete / hmda_2020_oh / mlp / eomax
hmda_2020_oh,mlp,hifi_shared,1001,eomax,0.1608543232892257,False,lower,transfer_complete / hmda_2020_oh / mlp / eomax
hmda_2020_oh,mlp,hifi_shared,1002,eomax,0.1723033901396178,False,lower,transfer_complete / hmda_2020_oh / mlp / eomax
hmda_2020_oh,mlp,hifi_shared,1003,eomax,0.1396144467635277,False,lower,transfer_complete / hmda_2020_oh / mlp / eomax
hmda_2020_oh,mlp,hifi_shared,1004,eomax,0.1478753368862591,False,lower,transfer_complete / hmda_2020_oh / mlp / eomax
hmda_2020_oh,mlp,hifi_shared,1005,eomax,0.110370355360122,False,lower,transfer_complete / hmda_2020_oh / mlp / eomax
hmda_2020_oh,mlp,hifi_shared,1006,eomax,0.1211034333691327,False,lower,transfer_complete / hmda_2020_oh / mlp / eomax
hmda_2020_oh,mlp,hifi_shared,1007,eomax,0.1473552317845008,False,lower,transfer_complete / hmda_2020_oh / mlp / eomax
hmda_2020_oh,mlp,hifi_shared,1008,eomax,0.1467675805656311,False,lower,transfer_complete / hmda_2020_oh / mlp / eomax
hmda_2020_oh,mlp,hifi_shared,1009,eomax,0.1781900342458813,False,lower,transfer_complete / hmda_2020_oh / mlp / eomax
hmda_2020_oh,mlp,ltdd,1000,eomax,0.1025316284693373,False,lower,transfer_complete / hmda_2020_oh / mlp / eomax
hmda_2020_oh,mlp,ltdd,1001,eomax,0.1054259795875633,False,lower,transfer_complete / hmda_2020_oh / mlp / eomax
hmda_2020_oh,mlp,ltdd,1002,eomax,0.0250866278951954,False,lower,transfer_complete / hmda_2020_oh / mlp / eomax
hmda_2020_oh,mlp,ltdd,1003,eomax,0.047562598364033,False,lower,transfer_complete / hmda_2020_oh / mlp / eomax
hmda_2020_oh,mlp,ltdd,1004,eomax,0.0485048666977379,False,lower,transfer_complete / hmda_2020_oh / mlp / eomax
hmda_2020_oh,mlp,ltdd,1005,eomax,0.0395955338507365,False,lower,transfer_complete / hmda_2020_oh / mlp / eomax
hmda_2020_oh,mlp,ltdd,1006,eomax,0.0840881611920538,False,lower,transfer_complete / hmda_2020_oh / mlp / eomax
hmda_2020_oh,mlp,ltdd,1007,eomax,0.0717947678777686,False,lower,transfer_complete / hmda_2020_oh / mlp / eomax
hmda_2020_oh,mlp,ltdd,1008,eomax,0.069616405600924,False,lower,transfer_complete / hmda_2020_oh / mlp / eomax
hmda_2020_oh,mlp,ltdd,1009,eomax,0.0913763872283801,False,lower,transfer_complete / hmda_2020_oh / mlp / eomax
hmda_2020_oh,mlp,mirrorfair,1000,eomax,0.0777118077367322,False,lower,transfer_complete / hmda_2020_oh / mlp / eomax
hmda_2020_oh,mlp,mirrorfair,1001,eomax,0.0444723635061838,False,lower,transfer_complete / hmda_2020_oh / mlp / eomax
hmda_2020_oh,mlp,mirrorfair,1002,eomax,0.0769654231426506,False,lower,transfer_complete / hmda_2020_oh / mlp / eomax
hmda_2020_oh,mlp,mirrorfair,1003,eomax,0.0499368443805008,False,lower,transfer_complete / hmda_2020_oh / mlp / eomax
hmda_2020_oh,mlp,mirrorfair,1004,eomax,0.0569616405600924,False,lower,transfer_complete / hmda_2020_oh / mlp / eomax
hmda_2020_oh,mlp,mirrorfair,1005,eomax,0.040794477429465,False,lower,transfer_complete / hmda_2020_oh / mlp / eomax
hmda_2020_oh,mlp,mirrorfair,1006,eomax,0.0189365539321972,False,lower,transfer_complete / hmda_2020_oh / mlp / eomax
hmda_2020_oh,mlp,mirrorfair,1007,eomax,0.0575796875316623,False,lower,transfer_complete / hmda_2020_oh / mlp / eomax
hmda_2020_oh,mlp,mirrorfair,1008,eomax,0.0363398110059643,False,lower,transfer_complete / hmda_2020_oh / mlp / eomax
hmda_2020_oh,mlp,mirrorfair,1009,eomax,0.0745911771261829,False,lower,transfer_complete / hmda_2020_oh / mlp / eomax
hmda_2020_oh,mlp,neufair,1000,eomax,0.0528075543577377,False,lower,transfer_complete / hmda_2020_oh / mlp / eomax
hmda_2020_oh,mlp,neufair,1001,eomax,0.0185245226178172,False,lower,transfer_complete / hmda_2020_oh / mlp / eomax
hmda_2020_oh,mlp,neufair,1002,eomax,0.0292879963795281,False,lower,transfer_complete / hmda_2020_oh / mlp / eomax
hmda_2020_oh,mlp,neufair,1003,eomax,0.0458807000479577,False,lower,transfer_complete / hmda_2020_oh / mlp / eomax
hmda_2020_oh,mlp,neufair,1004,eomax,0.0486433362378163,False,lower,transfer_complete / hmda_2020_oh / mlp / eomax
hmda_2020_oh,mlp,neufair,1005,eomax,0.0066836882881786,False,lower,transfer_complete / hmda_2020_oh / mlp / eomax
hmda_2020_oh,mlp,neufair,1006,eomax,0.0228846244773619,False,lower,transfer_complete / hmda_2020_oh / mlp / eomax
hmda_2020_oh,mlp,neufair,1007,eomax,0.0436989604652576,False,lower,transfer_complete / hmda_2020_oh / mlp / eomax
hmda_2020_oh,mlp,neufair,1008,eomax,0.0153363458901564,False,lower,transfer_complete / hmda_2020_oh / mlp / eomax
hmda_2020_oh,mlp,neufair,1009,eomax,0.0099360338270954,False,lower,transfer_complete / hmda_2020_oh / mlp / eomax
hmda_2019_mi,ft,erm,1000,eomax,0.045351618977853,False,lower,transfer_complete / hmda_2019_mi / ft / eomax
hmda_2019_mi,ft,soft,1000,eomax,0.0265780730897009,False,lower,transfer_complete / hmda_2019_mi / ft / eomax
hmda_2019_mi,ft,erm,1001,eomax,0.0683277962347729,False,lower,transfer_complete / hmda_2019_mi / ft / eomax
hmda_2019_mi,ft,soft,1001,eomax,0.0358619416758951,False,lower,transfer_complete / hmda_2019_mi / ft / eomax
hmda_2019_mi,ft,erm,1002,eomax,0.0674603174603175,False,lower,transfer_complete / hmda_2019_mi / ft / eomax
hmda_2019_mi,ft,soft,1002,eomax,0.0322997416020671,False,lower,transfer_complete / hmda_2019_mi / ft / eomax
hmda_2019_mi,ft,erm,1003,eomax,0.0468992248062015,False,lower,transfer_complete / hmda_2019_mi / ft / eomax
hmda_2019_mi,ft,soft,1003,eomax,0.0398486526393502,False,lower,transfer_complete / hmda_2019_mi / ft / eomax
hmda_2019_mi,ft,erm,1004,eomax,0.0653746770025839,False,lower,transfer_complete / hmda_2019_mi / ft / eomax
hmda_2019_mi,ft,soft,1004,eomax,0.0749354005167959,False,lower,transfer_complete / hmda_2019_mi / ft / eomax
hmda_2019_mi,ft,erm,1005,eomax,0.0639719453672941,False,lower,transfer_complete / hmda_2019_mi / ft / eomax
hmda_2019_mi,ft,soft,1005,eomax,0.0472683647102252,False,lower,transfer_complete / hmda_2019_mi / ft / eomax
hmda_2019_mi,ft,erm,1006,eomax,0.1025101513473606,False,lower,transfer_complete / hmda_2019_mi / ft / eomax
hmda_2019_mi,ft,soft,1006,eomax,0.034330011074197,False,lower,transfer_complete / hmda_2019_mi / ft / eomax
hmda_2019_mi,ft,erm,1007,eomax,0.0523071244001476,False,lower,transfer_complete / hmda_2019_mi / ft / eomax
hmda_2019_mi,ft,soft,1007,eomax,0.0246954595791805,False,lower,transfer_complete / hmda_2019_mi / ft / eomax
hmda_2019_mi,ft,erm,1008,eomax,0.0838685861941676,False,lower,transfer_complete / hmda_2019_mi / ft / eomax
hmda_2019_mi,ft,soft,1008,eomax,0.0224621631598376,False,lower,transfer_complete / hmda_2019_mi / ft / eomax
hmda_2019_mi,ft,erm,1009,eomax,0.0326373594869795,False,lower,transfer_complete / hmda_2019_mi / ft / eomax
hmda_2019_mi,ft,soft,1009,eomax,0.0637320044296788,False,lower,transfer_complete / hmda_2019_mi / ft / eomax
hmda_2019_mi,mlp,erm,1000,eomax,0.0602241447698627,False,lower,transfer_complete / hmda_2019_mi / mlp / eomax
hmda_2019_mi,mlp,soft,1000,eomax,0.0550572166851236,False,lower,transfer_complete / hmda_2019_mi / mlp / eomax
hmda_2019_mi,mlp,erm,1001,eomax,0.0444335856017451,False,lower,transfer_complete / hmda_2019_mi / mlp / eomax
hmda_2019_mi,mlp,soft,1001,eomax,0.0111826349419206,False,lower,transfer_complete / hmda_2019_mi / mlp / eomax
hmda_2019_mi,mlp,erm,1002,eomax,0.0712377640121503,False,lower,transfer_complete / hmda_2019_mi / mlp / eomax
hmda_2019_mi,mlp,soft,1002,eomax,0.0549095607235141,False,lower,transfer_complete / hmda_2019_mi / mlp / eomax
hmda_2019_mi,mlp,erm,1003,eomax,0.0298346940880019,False,lower,transfer_complete / hmda_2019_mi / mlp / eomax
hmda_2019_mi,mlp,soft,1003,eomax,0.0508305647840532,False,lower,transfer_complete / hmda_2019_mi / mlp / eomax
hmda_2019_mi,mlp,erm,1004,eomax,0.0700078003954539,False,lower,transfer_complete / hmda_2019_mi / mlp / eomax
hmda_2019_mi,mlp,soft,1004,eomax,0.059173126614987,False,lower,transfer_complete / hmda_2019_mi / mlp / eomax
hmda_2019_mi,mlp,erm,1005,eomax,0.0516779407982932,False,lower,transfer_complete / hmda_2019_mi / mlp / eomax
hmda_2019_mi,mlp,soft,1005,eomax,0.0647471391657438,False,lower,transfer_complete / hmda_2019_mi / mlp / eomax
hmda_2019_mi,mlp,erm,1006,eomax,0.1036360280546327,False,lower,transfer_complete / hmda_2019_mi / mlp / eomax
hmda_2019_mi,mlp,soft,1006,eomax,0.0507567368032484,False,lower,transfer_complete / hmda_2019_mi / mlp / eomax
hmda_2019_mi,mlp,erm,1007,eomax,0.0881406176389918,False,lower,transfer_complete / hmda_2019_mi / mlp / eomax
hmda_2019_mi,mlp,soft,1007,eomax,0.0719638242894057,False,lower,transfer_complete / hmda_2019_mi / mlp / eomax
hmda_2019_mi,mlp,erm,1008,eomax,0.0768364710225174,False,lower,transfer_complete / hmda_2019_mi / mlp / eomax
hmda_2019_mi,mlp,soft,1008,eomax,0.0471022517534145,False,lower,transfer_complete / hmda_2019_mi / mlp / eomax
hmda_2019_mi,mlp,erm,1009,eomax,0.1243816906607604,False,lower,transfer_complete / hmda_2019_mi / mlp / eomax
hmda_2019_mi,mlp,soft,1009,eomax,0.072000738279808,False,lower,transfer_complete / hmda_2019_mi / mlp / eomax
hmda_2020_oh,ft,erm,1000,eomax,0.1521341195701365,False,lower,transfer_complete / hmda_2020_oh / ft / eomax
hmda_2020_oh,ft,soft,1000,eomax,0.0383290441548967,False,lower,transfer_complete / hmda_2020_oh / ft / eomax
hmda_2020_oh,ft,erm,1001,eomax,0.1710976919491783,False,lower,transfer_complete / hmda_2020_oh / ft / eomax
hmda_2020_oh,ft,soft,1001,eomax,0.0277243037683979,False,lower,transfer_complete / hmda_2020_oh / ft / eomax
hmda_2020_oh,ft,erm,1002,eomax,0.1661533161766196,False,lower,transfer_complete / hmda_2020_oh / ft / eomax
hmda_2020_oh,ft,soft,1002,eomax,0.0214154964301876,False,lower,transfer_complete / hmda_2020_oh / ft / eomax
hmda_2020_oh,ft,erm,1003,eomax,0.1226333529217073,False,lower,transfer_complete / hmda_2020_oh / ft / eomax
hmda_2020_oh,ft,soft,1003,eomax,0.0225536485035158,False,lower,transfer_complete / hmda_2020_oh / ft / eomax
hmda_2020_oh,ft,erm,1004,eomax,0.1431572406060237,False,lower,transfer_complete / hmda_2020_oh / ft / eomax
hmda_2020_oh,ft,soft,1004,eomax,0.0096455855235162,False,lower,transfer_complete / hmda_2020_oh / ft / eomax
hmda_2020_oh,ft,erm,1005,eomax,0.1561362270089903,False,lower,transfer_complete / hmda_2020_oh / ft / eomax
hmda_2020_oh,ft,soft,1005,eomax,0.0036880179942856,False,lower,transfer_complete / hmda_2020_oh / ft / eomax
hmda_2020_oh,ft,erm,1006,eomax,0.1457577661148149,False,lower,transfer_complete / hmda_2020_oh / ft / eomax
hmda_2020_oh,ft,soft,1006,eomax,0.029676386552919,False,lower,transfer_complete / hmda_2020_oh / ft / eomax
hmda_2020_oh,ft,erm,1007,eomax,0.1259498672718799,False,lower,transfer_complete / hmda_2020_oh / ft / eomax
hmda_2020_oh,ft,soft,1007,eomax,0.0316284693374402,False,lower,transfer_complete / hmda_2020_oh / ft / eomax
hmda_2020_oh,ft,erm,1008,eomax,0.1416273210534492,False,lower,transfer_complete / hmda_2020_oh / ft / eomax
hmda_2020_oh,ft,soft,1008,eomax,0.01842320344215,False,lower,transfer_complete / hmda_2020_oh / ft / eomax
hmda_2020_oh,ft,erm,1009,eomax,0.1527521665417063,False,lower,transfer_complete / hmda_2020_oh / ft / eomax
hmda_2020_oh,ft,soft,1009,eomax,0.0152080082676447,False,lower,transfer_complete / hmda_2020_oh / ft / eomax
hmda_2020_oh,mlp,erm,1000,eomax,0.1430592987362121,False,lower,transfer_complete / hmda_2020_oh / mlp / eomax
hmda_2020_oh,mlp,soft,1000,eomax,0.023073753605274,False,lower,transfer_complete / hmda_2020_oh / mlp / eomax
hmda_2020_oh,mlp,erm,1001,eomax,0.1329442676987713,False,lower,transfer_complete / hmda_2020_oh / mlp / eomax
hmda_2020_oh,mlp,soft,1001,eomax,0.0341006572237195,False,lower,transfer_complete / hmda_2020_oh / mlp / eomax
hmda_2020_oh,mlp,erm,1002,eomax,0.1534377596303876,False,lower,transfer_complete / hmda_2020_oh / mlp / eomax
hmda_2020_oh,mlp,soft,1002,eomax,0.0213884779833432,False,lower,transfer_complete / hmda_2020_oh / mlp / eomax
hmda_2020_oh,mlp,erm,1003,eomax,0.102305348977014,False,lower,transfer_complete / hmda_2020_oh / mlp / eomax
hmda_2020_oh,mlp,soft,1003,eomax,0.0083265853129099,False,lower,transfer_complete / hmda_2020_oh / mlp / eomax
hmda_2020_oh,mlp,erm,1004,eomax,0.1463454173336845,False,lower,transfer_complete / hmda_2020_oh / mlp / eomax
hmda_2020_oh,mlp,soft,1004,eomax,0.0170891676291988,False,lower,transfer_complete / hmda_2020_oh / mlp / eomax
hmda_2020_oh,mlp,erm,1005,eomax,0.1081615973305775,False,lower,transfer_complete / hmda_2020_oh / mlp / eomax
hmda_2020_oh,mlp,soft,1005,eomax,0.0115976683080373,False,lower,transfer_complete / hmda_2020_oh / mlp / eomax
hmda_2020_oh,mlp,erm,1006,eomax,0.1774740454044999,False,lower,transfer_complete / hmda_2020_oh / mlp / eomax
hmda_2020_oh,mlp,soft,1006,eomax,0.0166399859504077,False,lower,transfer_complete / hmda_2020_oh / mlp / eomax
hmda_2020_oh,mlp,erm,1007,eomax,0.1320999412348781,False,lower,transfer_complete / hmda_2020_oh / mlp / eomax
hmda_2020_oh,mlp,soft,1007,eomax,0.0255459414915534,False,lower,transfer_complete / hmda_2020_oh / mlp / eomax
hmda_2020_oh,mlp,erm,1008,eomax,0.1642383837565098,False,lower,transfer_complete / hmda_2020_oh / mlp / eomax
hmda_2020_oh,mlp,soft,1008,eomax,0.0180314359629036,False,lower,transfer_complete / hmda_2020_oh / mlp / eomax
hmda_2020_oh,mlp,erm,1009,eomax,0.17057758684742,False,lower,transfer_complete / hmda_2020_oh / mlp / eomax
hmda_2020_oh,mlp,soft,1009,eomax,0.0204732280964828,False,lower,transfer_complete / hmda_2020_oh / mlp / eomax
hmda_2019_mi,ft,cot_phi,1000,L_R,0.2282043738174984,False,lower,transfer_complete / hmda_2019_mi / ft / L_R
hmda_2019_mi,ft,cot_phi,1001,L_R,0.4347861769200956,False,lower,transfer_complete / hmda_2019_mi / ft / L_R
hmda_2019_mi,ft,cot_phi,1002,L_R,0.2538171517328415,False,lower,transfer_complete / hmda_2019_mi / ft / L_R
hmda_2019_mi,ft,cot_phi,1003,L_R,0.1701431344765145,False,lower,transfer_complete / hmda_2019_mi / ft / L_R
hmda_2019_mi,ft,cot_phi,1004,L_R,0.3415024268416286,False,lower,transfer_complete / hmda_2019_mi / ft / L_R
hmda_2019_mi,ft,cot_phi,1005,L_R,0.3300323118164968,False,lower,transfer_complete / hmda_2019_mi / ft / L_R
hmda_2019_mi,ft,cot_phi,1006,L_R,0.2790058433109602,False,lower,transfer_complete / hmda_2019_mi / ft / L_R
hmda_2019_mi,ft,cot_phi,1007,L_R,0.3551992023732696,False,lower,transfer_complete / hmda_2019_mi / ft / L_R
hmda_2019_mi,ft,cot_phi,1008,L_R,0.284490348960193,False,lower,transfer_complete / hmda_2019_mi / ft / L_R
hmda_2019_mi,ft,cot_phi,1009,L_R,0.2352285319496349,False,lower,transfer_complete / hmda_2019_mi / ft / L_R
hmda_2019_mi,ft,hifi,1000,L_R,0.1575657401925336,False,lower,transfer_complete / hmda_2019_mi / ft / L_R
hmda_2019_mi,ft,hifi,1001,L_R,0.2081611531513357,False,lower,transfer_complete / hmda_2019_mi / ft / L_R
hmda_2019_mi,ft,hifi,1002,L_R,0.1533019039283764,False,lower,transfer_complete / hmda_2019_mi / ft / L_R
hmda_2019_mi,ft,hifi,1003,L_R,0.1912958466826371,False,lower,transfer_complete / hmda_2019_mi / ft / L_R
hmda_2019_mi,ft,hifi,1004,L_R,0.3631725085317053,False,lower,transfer_complete / hmda_2019_mi / ft / L_R
hmda_2019_mi,ft,hifi,1005,L_R,0.100445679142166,False,lower,transfer_complete / hmda_2019_mi / ft / L_R
hmda_2019_mi,ft,hifi,1006,L_R,0.1127388776142419,False,lower,transfer_complete / hmda_2019_mi / ft / L_R
hmda_2019_mi,ft,hifi,1007,L_R,0.1499607664897251,False,lower,transfer_complete / hmda_2019_mi / ft / L_R
hmda_2019_mi,ft,hifi,1008,L_R,0.1752627115649628,False,lower,transfer_complete / hmda_2019_mi / ft / L_R
hmda_2019_mi,ft,hifi,1009,L_R,0.143060860014843,False,lower,transfer_complete / hmda_2019_mi / ft / L_R
hmda_2019_mi,ft,hifi_erm,1000,L_R,0.2141253516713151,False,lower,transfer_complete / hmda_2019_mi / ft / L_R
hmda_2019_mi,ft,hifi_erm,1001,L_R,0.2239065138665107,False,lower,transfer_complete / hmda_2019_mi / ft / L_R
hmda_2019_mi,ft,hifi_erm,1002,L_R,0.1734011174129294,False,lower,transfer_complete / hmda_2019_mi / ft / L_R
hmda_2019_mi,ft,hifi_erm,1003,L_R,0.197685505282853,False,lower,transfer_complete / hmda_2019_mi / ft / L_R
hmda_2019_mi,ft,hifi_erm,1004,L_R,0.2544145237717926,False,lower,transfer_complete / hmda_2019_mi / ft / L_R
hmda_2019_mi,ft,hifi_erm,1005,L_R,0.1732407242605219,False,lower,transfer_complete / hmda_2019_mi / ft / L_R
hmda_2019_mi,ft,hifi_erm,1006,L_R,0.0980064357037422,False,lower,transfer_complete / hmda_2019_mi / ft / L_R
hmda_2019_mi,ft,hifi_erm,1007,L_R,0.1963778154425619,False,lower,transfer_complete / hmda_2019_mi / ft / L_R
hmda_2019_mi,ft,hifi_erm,1008,L_R,0.1710334638529743,False,lower,transfer_complete / hmda_2019_mi / ft / L_R
hmda_2019_mi,ft,hifi_erm,1009,L_R,0.1869043726803312,False,lower,transfer_complete / hmda_2019_mi / ft / L_R
hmda_2019_mi,ft,hifi_shared,1000,L_R,0.2113072230762096,False,lower,transfer_complete / hmda_2019_mi / ft / L_R
hmda_2019_mi,ft,hifi_shared,1001,L_R,0.2120960682397527,False,lower,transfer_complete / hmda_2019_mi / ft / L_R
hmda_2019_mi,ft,hifi_shared,1002,L_R,0.1649056820473882,False,lower,transfer_complete / hmda_2019_mi / ft / L_R
hmda_2019_mi,ft,hifi_shared,1003,L_R,0.1557275152650222,False,lower,transfer_complete / hmda_2019_mi / ft / L_R
hmda_2019_mi,ft,hifi_shared,1004,L_R,0.190389268975777,False,lower,transfer_complete / hmda_2019_mi / ft / L_R
hmda_2019_mi,ft,hifi_shared,1005,L_R,0.2389223444131995,False,lower,transfer_complete / hmda_2019_mi / ft / L_R
hmda_2019_mi,ft,hifi_shared,1006,L_R,0.0936630385363515,False,lower,transfer_complete / hmda_2019_mi / ft / L_R
hmda_2019_mi,ft,hifi_shared,1007,L_R,0.204815159886505,False,lower,transfer_complete / hmda_2019_mi / ft / L_R
hmda_2019_mi,ft,hifi_shared,1008,L_R,0.2041271578163825,False,lower,transfer_complete / hmda_2019_mi / ft / L_R
hmda_2019_mi,ft,hifi_shared,1009,L_R,0.2134864398821257,False,lower,transfer_complete / hmda_2019_mi / ft / L_R
hmda_2019_mi,ft,reweighing,1000,L_R,0.0831490045155946,False,lower,transfer_complete / hmda_2019_mi / ft / L_R
hmda_2019_mi,ft,reweighing,1001,L_R,0.0866045666097225,False,lower,transfer_complete / hmda_2019_mi / ft / L_R
hmda_2019_mi,ft,reweighing,1002,L_R,0.0805825926169705,False,lower,transfer_complete / hmda_2019_mi / ft / L_R
hmda_2019_mi,ft,reweighing,1003,L_R,0.0746687556216734,False,lower,transfer_complete / hmda_2019_mi / ft / L_R
hmda_2019_mi,ft,reweighing,1004,L_R,0.0838884127777631,False,lower,transfer_complete / hmda_2019_mi / ft / L_R
hmda_2019_mi,ft,reweighing,1005,L_R,0.0964840326262255,False,lower,transfer_complete / hmda_2019_mi / ft / L_R
hmda_2019_mi,ft,reweighing,1006,L_R,0.0463188328274835,False,lower,transfer_complete / hmda_2019_mi / ft / L_R
hmda_2019_mi,ft,reweighing,1007,L_R,0.1412529911483684,False,lower,transfer_complete / hmda_2019_mi / ft / L_R
hmda_2019_mi,ft,reweighing,1008,L_R,0.0838826907928398,False,lower,transfer_complete / hmda_2019_mi / ft / L_R
hmda_2019_mi,ft,reweighing,1009,L_R,0.1260369953430838,False,lower,transfer_complete / hmda_2019_mi / ft / L_R
hmda_2019_mi,mlp,cot_phi,1000,L_R,0.3258588723050086,False,lower,transfer_complete / hmda_2019_mi / mlp / L_R
hmda_2019_mi,mlp,cot_phi,1001,L_R,0.2182046368925629,False,lower,transfer_complete / hmda_2019_mi / mlp / L_R
hmda_2019_mi,mlp,cot_phi,1002,L_R,0.2264999761829851,False,lower,transfer_complete / hmda_2019_mi / mlp / L_R
hmda_2019_mi,mlp,cot_phi,1003,L_R,0.1849307504373211,False,lower,transfer_complete / hmda_2019_mi / mlp / L_R
hmda_2019_mi,mlp,cot_phi,1004,L_R,0.2664767176892012,False,lower,transfer_complete / hmda_2019_mi / mlp / L_R
hmda_2019_mi,mlp,cot_phi,1005,L_R,0.2815957922093062,False,lower,transfer_complete / hmda_2019_mi / mlp / L_R
hmda_2019_mi,mlp,cot_phi,1006,L_R,0.331071284987523,False,lower,transfer_complete / hmda_2019_mi / mlp / L_R
hmda_2019_mi,mlp,cot_phi,1007,L_R,0.3093197828577919,False,lower,transfer_complete / hmda_2019_mi / mlp / L_R
hmda_2019_mi,mlp,cot_phi,1008,L_R,0.2499693654573646,False,lower,transfer_complete / hmda_2019_mi / mlp / L_R
hmda_2019_mi,mlp,cot_phi,1009,L_R,0.2725353141996663,False,lower,transfer_complete / hmda_2019_mi / mlp / L_R
hmda_2019_mi,mlp,dralign,1000,L_R,0.2052596823538854,False,lower,transfer_complete / hmda_2019_mi / mlp / L_R
hmda_2019_mi,mlp,dralign,1001,L_R,0.1606900250322872,False,lower,transfer_complete / hmda_2019_mi / mlp / L_R
hmda_2019_mi,mlp,dralign,1002,L_R,0.1520060803197896,False,lower,transfer_complete / hmda_2019_mi / mlp / L_R
hmda_2019_mi,mlp,dralign,1003,L_R,0.2499390118607717,False,lower,transfer_complete / hmda_2019_mi / mlp / L_R
hmda_2019_mi,mlp,dralign,1004,L_R,0.2132875253736794,False,lower,transfer_complete / hmda_2019_mi / mlp / L_R
hmda_2019_mi,mlp,dralign,1005,L_R,0.337267965184276,False,lower,transfer_complete / hmda_2019_mi / mlp / L_R
hmda_2019_mi,mlp,dralign,1006,L_R,0.2689969346594687,False,lower,transfer_complete / hmda_2019_mi / mlp / L_R
hmda_2019_mi,mlp,dralign,1007,L_R,0.1734085004522289,False,lower,transfer_complete / hmda_2019_mi / mlp / L_R
hmda_2019_mi,mlp,dralign,1008,L_R,0.1918641806600228,False,lower,transfer_complete / hmda_2019_mi / mlp / L_R
hmda_2019_mi,mlp,dralign,1009,L_R,0.1461935358894602,False,lower,transfer_complete / hmda_2019_mi / mlp / L_R
hmda_2019_mi,mlp,hifi,1000,L_R,0.2489247922573322,False,lower,transfer_complete / hmda_2019_mi / mlp / L_R
hmda_2019_mi,mlp,hifi,1001,L_R,0.4189384610716376,False,lower,transfer_complete / hmda_2019_mi / mlp / L_R
hmda_2019_mi,mlp,hifi,1002,L_R,0.343770661907393,False,lower,transfer_complete / hmda_2019_mi / mlp / L_R
hmda_2019_mi,mlp,hifi,1003,L_R,0.3200273538381133,False,lower,transfer_complete / hmda_2019_mi / mlp / L_R
hmda_2019_mi,mlp,hifi,1004,L_R,0.4181076150184396,False,lower,transfer_complete / hmda_2019_mi / mlp / L_R
hmda_2019_mi,mlp,hifi,1005,L_R,0.2418758436568073,False,lower,transfer_complete / hmda_2019_mi / mlp / L_R
hmda_2019_mi,mlp,hifi,1006,L_R,0.4152478483833074,False,lower,transfer_complete / hmda_2019_mi / mlp / L_R
hmda_2019_mi,mlp,hifi,1007,L_R,0.4094679286337634,False,lower,transfer_complete / hmda_2019_mi / mlp / L_R
hmda_2019_mi,mlp,hifi,1008,L_R,0.3793967955908461,False,lower,transfer_complete / hmda_2019_mi / mlp / L_R
hmda_2019_mi,mlp,hifi,1009,L_R,0.3755186671449889,False,lower,transfer_complete / hmda_2019_mi / mlp / L_R
hmda_2019_mi,mlp,hifi_erm,1000,L_R,0.4358210793238886,False,lower,transfer_complete / hmda_2019_mi / mlp / L_R
hmda_2019_mi,mlp,hifi_erm,1001,L_R,0.1905325999526334,False,lower,transfer_complete / hmda_2019_mi / mlp / L_R
hmda_2019_mi,mlp,hifi_erm,1002,L_R,0.3852379976052567,False,lower,transfer_complete / hmda_2019_mi / mlp / L_R
hmda_2019_mi,mlp,hifi_erm,1003,L_R,0.3752776807878951,False,lower,transfer_complete / hmda_2019_mi / mlp / L_R
hmda_2019_mi,mlp,hifi_erm,1004,L_R,0.4572728695003189,False,lower,transfer_complete / hmda_2019_mi / mlp / L_R
hmda_2019_mi,mlp,hifi_erm,1005,L_R,0.4209224209838255,False,lower,transfer_complete / hmda_2019_mi / mlp / L_R
hmda_2019_mi,mlp,hifi_erm,1006,L_R,0.4236373133855703,False,lower,transfer_complete / hmda_2019_mi / mlp / L_R
hmda_2019_mi,mlp,hifi_erm,1007,L_R,0.421425456302039,False,lower,transfer_complete / hmda_2019_mi / mlp / L_R
hmda_2019_mi,mlp,hifi_erm,1008,L_R,0.3980766219020946,False,lower,transfer_complete / hmda_2019_mi / mlp / L_R
hmda_2019_mi,mlp,hifi_erm,1009,L_R,0.3562341971545583,False,lower,transfer_complete / hmda_2019_mi / mlp / L_R
hmda_2019_mi,mlp,hifi_shared,1000,L_R,0.225970685778282,False,lower,transfer_complete / hmda_2019_mi / mlp / L_R
hmda_2019_mi,mlp,hifi_shared,1001,L_R,0.189599200887352,False,lower,transfer_complete / hmda_2019_mi / mlp / L_R
hmda_2019_mi,mlp,hifi_shared,1002,L_R,0.1635838213329485,False,lower,transfer_complete / hmda_2019_mi / mlp / L_R
hmda_2019_mi,mlp,hifi_shared,1003,L_R,0.1587558179667042,False,lower,transfer_complete / hmda_2019_mi / mlp / L_R
hmda_2019_mi,mlp,hifi_shared,1004,L_R,0.1831836452012327,False,lower,transfer_complete / hmda_2019_mi / mlp / L_R
hmda_2019_mi,mlp,hifi_shared,1005,L_R,0.2392287975426854,False,lower,transfer_complete / hmda_2019_mi / mlp / L_R
hmda_2019_mi,mlp,hifi_shared,1006,L_R,0.2189248867876123,False,lower,transfer_complete / hmda_2019_mi / mlp / L_R
hmda_2019_mi,mlp,hifi_shared,1007,L_R,0.1402976032413372,False,lower,transfer_complete / hmda_2019_mi / mlp / L_R
hmda_2019_mi,mlp,hifi_shared,1008,L_R,0.2289971728405552,False,lower,transfer_complete / hmda_2019_mi / mlp / L_R
hmda_2019_mi,mlp,hifi_shared,1009,L_R,0.1415463303045514,False,lower,transfer_complete / hmda_2019_mi / mlp / L_R
hmda_2019_mi,mlp,ltdd,1000,L_R,0.3788658388604578,False,lower,transfer_complete / hmda_2019_mi / mlp / L_R
hmda_2019_mi,mlp,ltdd,1001,L_R,0.3800704746288016,False,lower,transfer_complete / hmda_2019_mi / mlp / L_R
hmda_2019_mi,mlp,ltdd,1002,L_R,0.2616292693238226,False,lower,transfer_complete / hmda_2019_mi / mlp / L_R
hmda_2019_mi,mlp,ltdd,1003,L_R,0.3421909836036715,False,lower,transfer_complete / hmda_2019_mi / mlp / L_R
hmda_2019_mi,mlp,ltdd,1004,L_R,0.2897307727856525,False,lower,transfer_complete / hmda_2019_mi / mlp / L_R
hmda_2019_mi,mlp,ltdd,1005,L_R,0.2783497121016179,False,lower,transfer_complete / hmda_2019_mi / mlp / L_R
hmda_2019_mi,mlp,ltdd,1006,L_R,0.3680493188235169,False,lower,transfer_complete / hmda_2019_mi / mlp / L_R
hmda_2019_mi,mlp,ltdd,1007,L_R,0.281940668610927,False,lower,transfer_complete / hmda_2019_mi / mlp / L_R
hmda_2019_mi,mlp,ltdd,1008,L_R,0.3057300883705728,False,lower,transfer_complete / hmda_2019_mi / mlp / L_R
hmda_2019_mi,mlp,ltdd,1009,L_R,0.290411127826161,False,lower,transfer_complete / hmda_2019_mi / mlp / L_R
hmda_2019_mi,mlp,neufair,1000,L_R,0.1266384208305542,False,lower,transfer_complete / hmda_2019_mi / mlp / L_R
hmda_2019_mi,mlp,neufair,1001,L_R,0.0974880656486439,False,lower,transfer_complete / hmda_2019_mi / mlp / L_R
hmda_2019_mi,mlp,neufair,1002,L_R,0.0766020653343805,False,lower,transfer_complete / hmda_2019_mi / mlp / L_R
hmda_2019_mi,mlp,neufair,1003,L_R,0.0862405869693363,False,lower,transfer_complete / hmda_2019_mi / mlp / L_R
hmda_2019_mi,mlp,neufair,1004,L_R,0.0780258246681392,False,lower,transfer_complete / hmda_2019_mi / mlp / L_R
hmda_2019_mi,mlp,neufair,1005,L_R,0.1151743735224997,False,lower,transfer_complete / hmda_2019_mi / mlp / L_R
hmda_2019_mi,mlp,neufair,1006,L_R,0.1344401418828524,False,lower,transfer_complete / hmda_2019_mi / mlp / L_R
hmda_2019_mi,mlp,neufair,1007,L_R,0.0697273918453728,False,lower,transfer_complete / hmda_2019_mi / mlp / L_R
hmda_2019_mi,mlp,neufair,1008,L_R,0.1213901883124803,False,lower,transfer_complete / hmda_2019_mi / mlp / L_R
hmda_2019_mi,mlp,neufair,1009,L_R,0.0540660976000925,False,lower,transfer_complete / hmda_2019_mi / mlp / L_R
hmda_2020_oh,ft,cot_phi,1000,L_R,0.2376289137543923,False,lower,transfer_complete / hmda_2020_oh / ft / L_R
hmda_2020_oh,ft,cot_phi,1001,L_R,0.4448804125821824,False,lower,transfer_complete / hmda_2020_oh / ft / L_R
hmda_2020_oh,ft,cot_phi,1002,L_R,0.2536531249571478,False,lower,transfer_complete / hmda_2020_oh / ft / L_R
hmda_2020_oh,ft,cot_phi,1003,L_R,0.1786492214199761,False,lower,transfer_complete / hmda_2020_oh / ft / L_R
hmda_2020_oh,ft,cot_phi,1004,L_R,0.3422025527479184,False,lower,transfer_complete / hmda_2020_oh / ft / L_R
hmda_2020_oh,ft,cot_phi,1005,L_R,0.3369951083532331,False,lower,transfer_complete / hmda_2020_oh / ft / L_R
hmda_2020_oh,ft,cot_phi,1006,L_R,0.2890430422666376,False,lower,transfer_complete / hmda_2020_oh / ft / L_R
hmda_2020_oh,ft,cot_phi,1007,L_R,0.3634520075194067,False,lower,transfer_complete / hmda_2020_oh / ft / L_R
hmda_2020_oh,ft,cot_phi,1008,L_R,0.2945406283008029,False,lower,transfer_complete / hmda_2020_oh / ft / L_R
hmda_2020_oh,ft,cot_phi,1009,L_R,0.247759358345974,False,lower,transfer_complete / hmda_2020_oh / ft / L_R
hmda_2020_oh,ft,hifi,1000,L_R,0.1836566656091046,False,lower,transfer_complete / hmda_2020_oh / ft / L_R
hmda_2020_oh,ft,hifi,1001,L_R,0.2233410034002057,False,lower,transfer_complete / hmda_2020_oh / ft / L_R
hmda_2020_oh,ft,hifi,1002,L_R,0.1722936775323479,False,lower,transfer_complete / hmda_2020_oh / ft / L_R
hmda_2020_oh,ft,hifi,1003,L_R,0.209798915757027,False,lower,transfer_complete / hmda_2020_oh / ft / L_R
hmda_2020_oh,ft,hifi,1004,L_R,0.344817177324426,False,lower,transfer_complete / hmda_2020_oh / ft / L_R
hmda_2020_oh,ft,hifi,1005,L_R,0.1130943674405625,False,lower,transfer_complete / hmda_2020_oh / ft / L_R
hmda_2020_oh,ft,hifi,1006,L_R,0.1272224599098903,False,lower,transfer_complete / hmda_2020_oh / ft / L_R
hmda_2020_oh,ft,hifi,1007,L_R,0.1769759754263209,False,lower,transfer_complete / hmda_2020_oh / ft / L_R
hmda_2020_oh,ft,hifi,1008,L_R,0.2060882660698155,False,lower,transfer_complete / hmda_2020_oh / ft / L_R
hmda_2020_oh,ft,hifi,1009,L_R,0.1470774635480665,False,lower,transfer_complete / hmda_2020_oh / ft / L_R
hmda_2020_oh,ft,hifi_erm,1000,L_R,0.1968989921274801,False,lower,transfer_complete / hmda_2020_oh / ft / L_R
hmda_2020_oh,ft,hifi_erm,1001,L_R,0.2451813119039014,False,lower,transfer_complete / hmda_2020_oh / ft / L_R
hmda_2020_oh,ft,hifi_erm,1002,L_R,0.1755658781033743,False,lower,transfer_complete / hmda_2020_oh / ft / L_R
hmda_2020_oh,ft,hifi_erm,1003,L_R,0.2020808405735995,False,lower,transfer_complete / hmda_2020_oh / ft / L_R
hmda_2020_oh,ft,hifi_erm,1004,L_R,0.2759978883763256,False,lower,transfer_complete / hmda_2020_oh / ft / L_R
hmda_2020_oh,ft,hifi_erm,1005,L_R,0.1814729575077661,False,lower,transfer_complete / hmda_2020_oh / ft / L_R
hmda_2020_oh,ft,hifi_erm,1006,L_R,0.1075765641507742,False,lower,transfer_complete / hmda_2020_oh / ft / L_R
hmda_2020_oh,ft,hifi_erm,1007,L_R,0.2103100563604529,False,lower,transfer_complete / hmda_2020_oh / ft / L_R
hmda_2020_oh,ft,hifi_erm,1008,L_R,0.1886746046180419,False,lower,transfer_complete / hmda_2020_oh / ft / L_R
hmda_2020_oh,ft,hifi_erm,1009,L_R,0.2103402614993845,False,lower,transfer_complete / hmda_2020_oh / ft / L_R
hmda_2020_oh,ft,hifi_shared,1000,L_R,0.2298553918472801,False,lower,transfer_complete / hmda_2020_oh / ft / L_R
hmda_2020_oh,ft,hifi_shared,1001,L_R,0.2484716550297816,False,lower,transfer_complete / hmda_2020_oh / ft / L_R
hmda_2020_oh,ft,hifi_shared,1002,L_R,0.169383672175247,False,lower,transfer_complete / hmda_2020_oh / ft / L_R
hmda_2020_oh,ft,hifi_shared,1003,L_R,0.1672254856532142,False,lower,transfer_complete / hmda_2020_oh / ft / L_R
hmda_2020_oh,ft,hifi_shared,1004,L_R,0.2107735169663229,False,lower,transfer_complete / hmda_2020_oh / ft / L_R
hmda_2020_oh,ft,hifi_shared,1005,L_R,0.2610861026420804,False,lower,transfer_complete / hmda_2020_oh / ft / L_R
hmda_2020_oh,ft,hifi_shared,1006,L_R,0.1083609954534893,False,lower,transfer_complete / hmda_2020_oh / ft / L_R
hmda_2020_oh,ft,hifi_shared,1007,L_R,0.2263567339467865,False,lower,transfer_complete / hmda_2020_oh / ft / L_R
hmda_2020_oh,ft,hifi_shared,1008,L_R,0.2316878179480859,False,lower,transfer_complete / hmda_2020_oh / ft / L_R
hmda_2020_oh,ft,hifi_shared,1009,L_R,0.2309808092640931,False,lower,transfer_complete / hmda_2020_oh / ft / L_R
hmda_2020_oh,ft,reweighing,1000,L_R,0.0841006143740053,False,lower,transfer_complete / hmda_2020_oh / ft / L_R
hmda_2020_oh,ft,reweighing,1001,L_R,0.0855948889770158,False,lower,transfer_complete / hmda_2020_oh / ft / L_R
hmda_2020_oh,ft,reweighing,1002,L_R,0.080584456967495,False,lower,transfer_complete / hmda_2020_oh / ft / L_R
hmda_2020_oh,ft,reweighing,1003,L_R,0.0703862253633219,False,lower,transfer_complete / hmda_2020_oh / ft / L_R
hmda_2020_oh,ft,reweighing,1004,L_R,0.0824331672302982,False,lower,transfer_complete / hmda_2020_oh / ft / L_R
hmda_2020_oh,ft,reweighing,1005,L_R,0.0992007448499092,False,lower,transfer_complete / hmda_2020_oh / ft / L_R
hmda_2020_oh,ft,reweighing,1006,L_R,0.0483864710955735,False,lower,transfer_complete / hmda_2020_oh / ft / L_R
hmda_2020_oh,ft,reweighing,1007,L_R,0.1387643900597436,False,lower,transfer_complete / hmda_2020_oh / ft / L_R
hmda_2020_oh,ft,reweighing,1008,L_R,0.0878450360073508,False,lower,transfer_complete / hmda_2020_oh / ft / L_R
hmda_2020_oh,ft,reweighing,1009,L_R,0.1268239127071973,False,lower,transfer_complete / hmda_2020_oh / ft / L_R
hmda_2020_oh,mlp,cot_phi,1000,L_R,0.3044144021849058,False,lower,transfer_complete / hmda_2020_oh / mlp / L_R
hmda_2020_oh,mlp,cot_phi,1001,L_R,0.2116871943632487,False,lower,transfer_complete / hmda_2020_oh / mlp / L_R
hmda_2020_oh,mlp,cot_phi,1002,L_R,0.2185244548334534,False,lower,transfer_complete / hmda_2020_oh / mlp / L_R
hmda_2020_oh,mlp,cot_phi,1003,L_R,0.1829195870410506,False,lower,transfer_complete / hmda_2020_oh / mlp / L_R
hmda_2020_oh,mlp,cot_phi,1004,L_R,0.26336800971895,False,lower,transfer_complete / hmda_2020_oh / mlp / L_R
hmda_2020_oh,mlp,cot_phi,1005,L_R,0.2829614971415722,False,lower,transfer_complete / hmda_2020_oh / mlp / L_R
hmda_2020_oh,mlp,cot_phi,1006,L_R,0.3132150184853006,False,lower,transfer_complete / hmda_2020_oh / mlp / L_R
hmda_2020_oh,mlp,cot_phi,1007,L_R,0.3106065824259362,False,lower,transfer_complete / hmda_2020_oh / mlp / L_R
hmda_2020_oh,mlp,cot_phi,1008,L_R,0.2498180570398571,False,lower,transfer_complete / hmda_2020_oh / mlp / L_R
hmda_2020_oh,mlp,cot_phi,1009,L_R,0.2665230645822781,False,lower,transfer_complete / hmda_2020_oh / mlp / L_R
hmda_2020_oh,mlp,dralign,1000,L_R,0.1973889329985031,False,lower,transfer_complete / hmda_2020_oh / mlp / L_R
hmda_2020_oh,mlp,dralign,1001,L_R,0.1514328140822727,False,lower,transfer_complete / hmda_2020_oh / mlp / L_R
hmda_2020_oh,mlp,dralign,1002,L_R,0.1484719267557488,False,lower,transfer_complete / hmda_2020_oh / mlp / L_R
hmda_2020_oh,mlp,dralign,1003,L_R,0.2302376767363825,False,lower,transfer_complete / hmda_2020_oh / mlp / L_R
hmda_2020_oh,mlp,dralign,1004,L_R,0.2125044090069948,False,lower,transfer_complete / hmda_2020_oh / mlp / L_R
hmda_2020_oh,mlp,dralign,1005,L_R,0.30860783553439,False,lower,transfer_complete / hmda_2020_oh / mlp / L_R
hmda_2020_oh,mlp,dralign,1006,L_R,0.2530220633429166,False,lower,transfer_complete / hmda_2020_oh / mlp / L_R
hmda_2020_oh,mlp,dralign,1007,L_R,0.1676037184644648,False,lower,transfer_complete / hmda_2020_oh / mlp / L_R
hmda_2020_oh,mlp,dralign,1008,L_R,0.194710060917149,False,lower,transfer_complete / hmda_2020_oh / mlp / L_R
hmda_2020_oh,mlp,dralign,1009,L_R,0.1358749418434546,False,lower,transfer_complete / hmda_2020_oh / mlp / L_R
hmda_2020_oh,mlp,hifi,1000,L_R,0.2387935121264077,False,lower,transfer_complete / hmda_2020_oh / mlp / L_R
hmda_2020_oh,mlp,hifi,1001,L_R,0.3967608529682103,False,lower,transfer_complete / hmda_2020_oh / mlp / L_R
hmda_2020_oh,mlp,hifi,1002,L_R,0.3388522670177736,False,lower,transfer_complete / hmda_2020_oh / mlp / L_R
hmda_2020_oh,mlp,hifi,1003,L_R,0.3015741493774773,False,lower,transfer_complete / hmda_2020_oh / mlp / L_R
hmda_2020_oh,mlp,hifi,1004,L_R,0.4019719785851882,False,lower,transfer_complete / hmda_2020_oh / mlp / L_R
hmda_2020_oh,mlp,hifi,1005,L_R,0.2279689955431174,False,lower,transfer_complete / hmda_2020_oh / mlp / L_R
hmda_2020_oh,mlp,hifi,1006,L_R,0.3956948692025205,False,lower,transfer_complete / hmda_2020_oh / mlp / L_R
hmda_2020_oh,mlp,hifi,1007,L_R,0.3937548648391811,False,lower,transfer_complete / hmda_2020_oh / mlp / L_R
hmda_2020_oh,mlp,hifi,1008,L_R,0.3578399729632371,False,lower,transfer_complete / hmda_2020_oh / mlp / L_R
hmda_2020_oh,mlp,hifi,1009,L_R,0.3686935825078328,False,lower,transfer_complete / hmda_2020_oh / mlp / L_R
hmda_2020_oh,mlp,hifi_erm,1000,L_R,0.4109955253566723,False,lower,transfer_complete / hmda_2020_oh / mlp / L_R
hmda_2020_oh,mlp,hifi_erm,1001,L_R,0.1782807498070009,False,lower,transfer_complete / hmda_2020_oh / mlp / L_R
hmda_2020_oh,mlp,hifi_erm,1002,L_R,0.363957116896267,False,lower,transfer_complete / hmda_2020_oh / mlp / L_R
hmda_2020_oh,mlp,hifi_erm,1003,L_R,0.3580950585580688,False,lower,transfer_complete / hmda_2020_oh / mlp / L_R
hmda_2020_oh,mlp,hifi_erm,1004,L_R,0.4391005754933908,False,lower,transfer_complete / hmda_2020_oh / mlp / L_R
hmda_2020_oh,mlp,hifi_erm,1005,L_R,0.3972077789529547,False,lower,transfer_complete / hmda_2020_oh / mlp / L_R
hmda_2020_oh,mlp,hifi_erm,1006,L_R,0.4118490717593487,False,lower,transfer_complete / hmda_2020_oh / mlp / L_R
hmda_2020_oh,mlp,hifi_erm,1007,L_R,0.4143454789541437,False,lower,transfer_complete / hmda_2020_oh / mlp / L_R
hmda_2020_oh,mlp,hifi_erm,1008,L_R,0.384915112819934,False,lower,transfer_complete / hmda_2020_oh / mlp / L_R
hmda_2020_oh,mlp,hifi_erm,1009,L_R,0.3490853960385813,False,lower,transfer_complete / hmda_2020_oh / mlp / L_R
hmda_2020_oh,mlp,hifi_shared,1000,L_R,0.2136560797631847,False,lower,transfer_complete / hmda_2020_oh / mlp / L_R
hmda_2020_oh,mlp,hifi_shared,1001,L_R,0.1808644792771184,False,lower,transfer_complete / hmda_2020_oh / mlp / L_R
hmda_2020_oh,mlp,hifi_shared,1002,L_R,0.1626651306354274,False,lower,transfer_complete / hmda_2020_oh / mlp / L_R
hmda_2020_oh,mlp,hifi_shared,1003,L_R,0.1557320678758172,False,lower,transfer_complete / hmda_2020_oh / mlp / L_R
hmda_2020_oh,mlp,hifi_shared,1004,L_R,0.1779751802460726,False,lower,transfer_complete / hmda_2020_oh / mlp / L_R
hmda_2020_oh,mlp,hifi_shared,1005,L_R,0.2296674518172912,False,lower,transfer_complete / hmda_2020_oh / mlp / L_R
hmda_2020_oh,mlp,hifi_shared,1006,L_R,0.2131001237455144,False,lower,transfer_complete / hmda_2020_oh / mlp / L_R
hmda_2020_oh,mlp,hifi_shared,1007,L_R,0.1320112141646856,False,lower,transfer_complete / hmda_2020_oh / mlp / L_R
hmda_2020_oh,mlp,hifi_shared,1008,L_R,0.2230078876297136,False,lower,transfer_complete / hmda_2020_oh / mlp / L_R
hmda_2020_oh,mlp,hifi_shared,1009,L_R,0.1371130656555973,False,lower,transfer_complete / hmda_2020_oh / mlp / L_R
hmda_2020_oh,mlp,ltdd,1000,L_R,0.3688475987477808,False,lower,transfer_complete / hmda_2020_oh / mlp / L_R
hmda_2020_oh,mlp,ltdd,1001,L_R,0.362153001931531,False,lower,transfer_complete / hmda_2020_oh / mlp / L_R
hmda_2020_oh,mlp,ltdd,1002,L_R,0.2625519519844748,False,lower,transfer_complete / hmda_2020_oh / mlp / L_R
hmda_2020_oh,mlp,ltdd,1003,L_R,0.3474816493534661,False,lower,transfer_complete / hmda_2020_oh / mlp / L_R
hmda_2020_oh,mlp,ltdd,1004,L_R,0.2847847174400681,False,lower,transfer_complete / hmda_2020_oh / mlp / L_R
hmda_2020_oh,mlp,ltdd,1005,L_R,0.2668751767987991,False,lower,transfer_complete / hmda_2020_oh / mlp / L_R
hmda_2020_oh,mlp,ltdd,1006,L_R,0.3685439376471312,False,lower,transfer_complete / hmda_2020_oh / mlp / L_R
hmda_2020_oh,mlp,ltdd,1007,L_R,0.2738501638473123,False,lower,transfer_complete / hmda_2020_oh / mlp / L_R
hmda_2020_oh,mlp,ltdd,1008,L_R,0.3105688997733008,False,lower,transfer_complete / hmda_2020_oh / mlp / L_R
hmda_2020_oh,mlp,ltdd,1009,L_R,0.2915727252403653,False,lower,transfer_complete / hmda_2020_oh / mlp / L_R
hmda_2020_oh,mlp,neufair,1000,L_R,0.1236647457910513,False,lower,transfer_complete / hmda_2020_oh / mlp / L_R
hmda_2020_oh,mlp,neufair,1001,L_R,0.0965372316276206,False,lower,transfer_complete / hmda_2020_oh / mlp / L_R
hmda_2020_oh,mlp,neufair,1002,L_R,0.0745996302934834,False,lower,transfer_complete / hmda_2020_oh / mlp / L_R
hmda_2020_oh,mlp,neufair,1003,L_R,0.0852206723993425,False,lower,transfer_complete / hmda_2020_oh / mlp / L_R
hmda_2020_oh,mlp,neufair,1004,L_R,0.0792534954664477,False,lower,transfer_complete / hmda_2020_oh / mlp / L_R
hmda_2020_oh,mlp,neufair,1005,L_R,0.1112708647370681,False,lower,transfer_complete / hmda_2020_oh / mlp / L_R
hmda_2020_oh,mlp,neufair,1006,L_R,0.1296848310644829,False,lower,transfer_complete / hmda_2020_oh / mlp / L_R
hmda_2020_oh,mlp,neufair,1007,L_R,0.0679965209385413,False,lower,transfer_complete / hmda_2020_oh / mlp / L_R
hmda_2020_oh,mlp,neufair,1008,L_R,0.124613401155936,False,lower,transfer_complete / hmda_2020_oh / mlp / L_R
hmda_2020_oh,mlp,neufair,1009,L_R,0.0529420234459994,False,lower,transfer_complete / hmda_2020_oh / mlp / L_R
hmda_2019_mi,ft,erm,1000,L_R,0.2059275743173924,False,lower,transfer_complete / hmda_2019_mi / ft / L_R
hmda_2019_mi,ft,soft,1000,L_R,0.0042991761128189,False,lower,transfer_complete / hmda_2019_mi / ft / L_R
hmda_2019_mi,ft,erm,1001,L_R,0.2201445435314218,False,lower,transfer_complete / hmda_2019_mi / ft / L_R
hmda_2019_mi,ft,soft,1001,L_R,0.0050394088407794,False,lower,transfer_complete / hmda_2019_mi / ft / L_R
hmda_2019_mi,ft,erm,1002,L_R,0.1821669097987415,False,lower,transfer_complete / hmda_2019_mi / ft / L_R
hmda_2019_mi,ft,soft,1002,L_R,0.0059060531466237,False,lower,transfer_complete / hmda_2019_mi / ft / L_R
hmda_2019_mi,ft,erm,1003,L_R,0.2371338108392368,False,lower,transfer_complete / hmda_2019_mi / ft / L_R
hmda_2019_mi,ft,soft,1003,L_R,0.0069425029846456,False,lower,transfer_complete / hmda_2019_mi / ft / L_R
hmda_2019_mi,ft,erm,1004,L_R,0.194367432555876,False,lower,transfer_complete / hmda_2019_mi / ft / L_R
hmda_2019_mi,ft,soft,1004,L_R,0.0057138788875436,False,lower,transfer_complete / hmda_2019_mi / ft / L_R
hmda_2019_mi,ft,erm,1005,L_R,0.2549737573594134,False,lower,transfer_complete / hmda_2019_mi / ft / L_R
hmda_2019_mi,ft,soft,1005,L_R,0.0043980255077502,False,lower,transfer_complete / hmda_2019_mi / ft / L_R
hmda_2019_mi,ft,erm,1006,L_R,0.144651649515346,False,lower,transfer_complete / hmda_2019_mi / ft / L_R
hmda_2019_mi,ft,soft,1006,L_R,0.0053406744189455,False,lower,transfer_complete / hmda_2019_mi / ft / L_R
hmda_2019_mi,ft,erm,1007,L_R,0.19132179037012,False,lower,transfer_complete / hmda_2019_mi / ft / L_R
hmda_2019_mi,ft,soft,1007,L_R,0.0047198964586619,False,lower,transfer_complete / hmda_2019_mi / ft / L_R
hmda_2019_mi,ft,erm,1008,L_R,0.2176961253487985,False,lower,transfer_complete / hmda_2019_mi / ft / L_R
hmda_2019_mi,ft,soft,1008,L_R,0.0039012986860171,False,lower,transfer_complete / hmda_2019_mi / ft / L_R
hmda_2019_mi,ft,erm,1009,L_R,0.1835764298680322,False,lower,transfer_complete / hmda_2019_mi / ft / L_R
hmda_2019_mi,ft,soft,1009,L_R,0.0048940658272525,False,lower,transfer_complete / hmda_2019_mi / ft / L_R
hmda_2019_mi,mlp,erm,1000,L_R,0.233423079769676,False,lower,transfer_complete / hmda_2019_mi / mlp / L_R
hmda_2019_mi,mlp,soft,1000,L_R,0.0091745785342661,False,lower,transfer_complete / hmda_2019_mi / mlp / L_R
hmda_2019_mi,mlp,erm,1001,L_R,0.3230935099596709,False,lower,transfer_complete / hmda_2019_mi / mlp / L_R
hmda_2019_mi,mlp,soft,1001,L_R,0.0067089417969215,False,lower,transfer_complete / hmda_2019_mi / mlp / L_R
hmda_2019_mi,mlp,erm,1002,L_R,0.1954006763754062,False,lower,transfer_complete / hmda_2019_mi / mlp / L_R
hmda_2019_mi,mlp,soft,1002,L_R,0.009961402334418,False,lower,transfer_complete / hmda_2019_mi / mlp / L_R
hmda_2019_mi,mlp,erm,1003,L_R,0.1698266357178343,False,lower,transfer_complete / hmda_2019_mi / mlp / L_R
hmda_2019_mi,mlp,soft,1003,L_R,0.0056332209491877,False,lower,transfer_complete / hmda_2019_mi / mlp / L_R
hmda_2019_mi,mlp,erm,1004,L_R,0.1987799399982865,False,lower,transfer_complete / hmda_2019_mi / mlp / L_R
hmda_2019_mi,mlp,soft,1004,L_R,0.0102357236383558,False,lower,transfer_complete / hmda_2019_mi / mlp / L_R
hmda_2019_mi,mlp,erm,1005,L_R,0.1454762794018374,False,lower,transfer_complete / hmda_2019_mi / mlp / L_R
hmda_2019_mi,mlp,soft,1005,L_R,0.009017128270782,False,lower,transfer_complete / hmda_2019_mi / mlp / L_R
hmda_2019_mi,mlp,erm,1006,L_R,0.2068457839343397,False,lower,transfer_complete / hmda_2019_mi / mlp / L_R
hmda_2019_mi,mlp,soft,1006,L_R,0.0116635021513472,False,lower,transfer_complete / hmda_2019_mi / mlp / L_R
hmda_2019_mi,mlp,erm,1007,L_R,0.139452168232845,False,lower,transfer_complete / hmda_2019_mi / mlp / L_R
hmda_2019_mi,mlp,soft,1007,L_R,0.0042712875952778,False,lower,transfer_complete / hmda_2019_mi / mlp / L_R
hmda_2019_mi,mlp,erm,1008,L_R,0.2096176719193434,False,lower,transfer_complete / hmda_2019_mi / mlp / L_R
hmda_2019_mi,mlp,soft,1008,L_R,0.0053483529713644,False,lower,transfer_complete / hmda_2019_mi / mlp / L_R
hmda_2019_mi,mlp,erm,1009,L_R,0.1700650340892876,False,lower,transfer_complete / hmda_2019_mi / mlp / L_R
hmda_2019_mi,mlp,soft,1009,L_R,0.005232889858336,False,lower,transfer_complete / hmda_2019_mi / mlp / L_R
hmda_2020_oh,ft,erm,1000,L_R,0.2387309749652792,False,lower,transfer_complete / hmda_2020_oh / ft / L_R
hmda_2020_oh,ft,soft,1000,L_R,0.0043630031395289,False,lower,transfer_complete / hmda_2020_oh / ft / L_R
hmda_2020_oh,ft,erm,1001,L_R,0.245894645405085,False,lower,transfer_complete / hmda_2020_oh / ft / L_R
hmda_2020_oh,ft,soft,1001,L_R,0.0050681905427325,False,lower,transfer_complete / hmda_2020_oh / ft / L_R
hmda_2020_oh,ft,erm,1002,L_R,0.1928725873763812,False,lower,transfer_complete / hmda_2020_oh / ft / L_R
hmda_2020_oh,ft,soft,1002,L_R,0.005997436378114,False,lower,transfer_complete / hmda_2020_oh / ft / L_R
hmda_2020_oh,ft,erm,1003,L_R,0.2577239280561745,False,lower,transfer_complete / hmda_2020_oh / ft / L_R
hmda_2020_oh,ft,soft,1003,L_R,0.0071078276417934,False,lower,transfer_complete / hmda_2020_oh / ft / L_R
hmda_2020_oh,ft,erm,1004,L_R,0.196253458875287,False,lower,transfer_complete / hmda_2020_oh / ft / L_R
hmda_2020_oh,ft,soft,1004,L_R,0.0056967771299901,False,lower,transfer_complete / hmda_2020_oh / ft / L_R
hmda_2020_oh,ft,erm,1005,L_R,0.2863299391117188,False,lower,transfer_complete / hmda_2020_oh / ft / L_R
hmda_2020_oh,ft,soft,1005,L_R,0.0045129889106566,False,lower,transfer_complete / hmda_2020_oh / ft / L_R
hmda_2020_oh,ft,erm,1006,L_R,0.1581932506254181,False,lower,transfer_complete / hmda_2020_oh / ft / L_R
hmda_2020_oh,ft,soft,1006,L_R,0.0051841916004962,False,lower,transfer_complete / hmda_2020_oh / ft / L_R
hmda_2020_oh,ft,erm,1007,L_R,0.2169876253622903,False,lower,transfer_complete / hmda_2020_oh / ft / L_R
hmda_2020_oh,ft,soft,1007,L_R,0.0047189196343747,False,lower,transfer_complete / hmda_2020_oh / ft / L_R
hmda_2020_oh,ft,erm,1008,L_R,0.2393543533922039,False,lower,transfer_complete / hmda_2020_oh / ft / L_R
hmda_2020_oh,ft,soft,1008,L_R,0.0039029271096749,False,lower,transfer_complete / hmda_2020_oh / ft / L_R
hmda_2020_oh,ft,erm,1009,L_R,0.202162901149184,False,lower,transfer_complete / hmda_2020_oh / ft / L_R
hmda_2020_oh,ft,soft,1009,L_R,0.0047912587446595,False,lower,transfer_complete / hmda_2020_oh / ft / L_R
hmda_2020_oh,mlp,erm,1000,L_R,0.2203229541308062,False,lower,transfer_complete / hmda_2020_oh / mlp / L_R
hmda_2020_oh,mlp,soft,1000,L_R,0.0090587155923737,False,lower,transfer_complete / hmda_2020_oh / mlp / L_R
hmda_2020_oh,mlp,erm,1001,L_R,0.3068508895239165,False,lower,transfer_complete / hmda_2020_oh / mlp / L_R
hmda_2020_oh,mlp,soft,1001,L_R,0.0064504111288952,False,lower,transfer_complete / hmda_2020_oh / mlp / L_R
hmda_2020_oh,mlp,erm,1002,L_R,0.1926725192697127,False,lower,transfer_complete / hmda_2020_oh / mlp / L_R
hmda_2020_oh,mlp,soft,1002,L_R,0.009855136229242,False,lower,transfer_complete / hmda_2020_oh / mlp / L_R
hmda_2020_oh,mlp,erm,1003,L_R,0.1686507017543163,False,lower,transfer_complete / hmda_2020_oh / mlp / L_R
hmda_2020_oh,mlp,soft,1003,L_R,0.0056169568360198,False,lower,transfer_complete / hmda_2020_oh / mlp / L_R
hmda_2020_oh,mlp,erm,1004,L_R,0.1946116047976275,False,lower,transfer_complete / hmda_2020_oh / mlp / L_R
hmda_2020_oh,mlp,soft,1004,L_R,0.0101169676061724,False,lower,transfer_complete / hmda_2020_oh / mlp / L_R
hmda_2020_oh,mlp,erm,1005,L_R,0.1404542927154894,False,lower,transfer_complete / hmda_2020_oh / mlp / L_R
hmda_2020_oh,mlp,soft,1005,L_R,0.0088771790734903,False,lower,transfer_complete / hmda_2020_oh / mlp / L_R
hmda_2020_oh,mlp,erm,1006,L_R,0.202003418320037,False,lower,transfer_complete / hmda_2020_oh / mlp / L_R
hmda_2020_oh,mlp,soft,1006,L_R,0.0114230583663182,False,lower,transfer_complete / hmda_2020_oh / mlp / L_R
hmda_2020_oh,mlp,erm,1007,L_R,0.1360018471699911,False,lower,transfer_complete / hmda_2020_oh / mlp / L_R
hmda_2020_oh,mlp,soft,1007,L_R,0.0042221086660267,False,lower,transfer_complete / hmda_2020_oh / mlp / L_R
hmda_2020_oh,mlp,erm,1008,L_R,0.2076403865175723,False,lower,transfer_complete / hmda_2020_oh / mlp / L_R
hmda_2020_oh,mlp,soft,1008,L_R,0.0053837176682872,False,lower,transfer_complete / hmda_2020_oh / mlp / L_R
hmda_2020_oh,mlp,erm,1009,L_R,0.1594468992166073,False,lower,transfer_complete / hmda_2020_oh / mlp / L_R
hmda_2020_oh,mlp,soft,1009,L_R,0.0052464390981492,False,lower,transfer_complete / hmda_2020_oh / mlp / L_R
hmda_2019_mi,ft,cot_phi,1000,violation_005,0.7844785278382445,False,lower,transfer_complete / hmda_2019_mi / ft / violation_005
hmda_2019_mi,ft,cot_phi,1001,violation_005,0.8715069205607313,False,lower,transfer_complete / hmda_2019_mi / ft / violation_005
hmda_2019_mi,ft,cot_phi,1002,violation_005,0.8112852604812067,False,lower,transfer_complete / hmda_2019_mi / ft / violation_005
hmda_2019_mi,ft,cot_phi,1003,violation_005,0.7198659544850928,False,lower,transfer_complete / hmda_2019_mi / ft / violation_005
hmda_2019_mi,ft,cot_phi,1004,violation_005,0.8426439703131009,False,lower,transfer_complete / hmda_2019_mi / ft / violation_005
hmda_2019_mi,ft,cot_phi,1005,violation_005,0.8788400034380602,False,lower,transfer_complete / hmda_2019_mi / ft / violation_005
hmda_2019_mi,ft,cot_phi,1006,violation_005,0.8072884512110687,False,lower,transfer_complete / hmda_2019_mi / ft / violation_005
hmda_2019_mi,ft,cot_phi,1007,violation_005,0.8393306983894147,False,lower,transfer_complete / hmda_2019_mi / ft / violation_005
hmda_2019_mi,ft,cot_phi,1008,violation_005,0.8386683969415245,False,lower,transfer_complete / hmda_2019_mi / ft / violation_005
hmda_2019_mi,ft,cot_phi,1009,violation_005,0.8123670310846021,False,lower,transfer_complete / hmda_2019_mi / ft / violation_005
hmda_2019_mi,ft,hifi,1000,violation_005,0.5635886897272506,False,lower,transfer_complete / hmda_2019_mi / ft / violation_005
hmda_2019_mi,ft,hifi,1001,violation_005,0.6469916421698524,False,lower,transfer_complete / hmda_2019_mi / ft / violation_005
hmda_2019_mi,ft,hifi,1002,violation_005,0.5523854285505739,False,lower,transfer_complete / hmda_2019_mi / ft / violation_005
hmda_2019_mi,ft,hifi,1003,violation_005,0.6514693918629578,False,lower,transfer_complete / hmda_2019_mi / ft / violation_005
hmda_2019_mi,ft,hifi,1004,violation_005,0.735988423876746,False,lower,transfer_complete / hmda_2019_mi / ft / violation_005
hmda_2019_mi,ft,hifi,1005,violation_005,0.4097805578209137,False,lower,transfer_complete / hmda_2019_mi / ft / violation_005
hmda_2019_mi,ft,hifi,1006,violation_005,0.5460685924776156,False,lower,transfer_complete / hmda_2019_mi / ft / violation_005
hmda_2019_mi,ft,hifi,1007,violation_005,0.5548500468881572,False,lower,transfer_complete / hmda_2019_mi / ft / violation_005
hmda_2019_mi,ft,hifi,1008,violation_005,0.6359854892250776,False,lower,transfer_complete / hmda_2019_mi / ft / violation_005
hmda_2019_mi,ft,hifi,1009,violation_005,0.6327194519452605,False,lower,transfer_complete / hmda_2019_mi / ft / violation_005
hmda_2019_mi,ft,hifi_erm,1000,violation_005,0.6058896415764343,False,lower,transfer_complete / hmda_2019_mi / ft / violation_005
hmda_2019_mi,ft,hifi_erm,1001,violation_005,0.7158504649427252,False,lower,transfer_complete / hmda_2019_mi / ft / violation_005
hmda_2019_mi,ft,hifi_erm,1002,violation_005,0.5900447723640931,False,lower,transfer_complete / hmda_2019_mi / ft / violation_005
hmda_2019_mi,ft,hifi_erm,1003,violation_005,0.6856459948001461,False,lower,transfer_complete / hmda_2019_mi / ft / violation_005
hmda_2019_mi,ft,hifi_erm,1004,violation_005,0.6881251568682044,False,lower,transfer_complete / hmda_2019_mi / ft / violation_005
hmda_2019_mi,ft,hifi_erm,1005,violation_005,0.7262852174684642,False,lower,transfer_complete / hmda_2019_mi / ft / violation_005
hmda_2019_mi,ft,hifi_erm,1006,violation_005,0.4751881252899364,False,lower,transfer_complete / hmda_2019_mi / ft / violation_005
hmda_2019_mi,ft,hifi_erm,1007,violation_005,0.6877886807786636,False,lower,transfer_complete / hmda_2019_mi / ft / violation_005
hmda_2019_mi,ft,hifi_erm,1008,violation_005,0.6611363503100617,False,lower,transfer_complete / hmda_2019_mi / ft / violation_005
hmda_2019_mi,ft,hifi_erm,1009,violation_005,0.6399521823285242,False,lower,transfer_complete / hmda_2019_mi / ft / violation_005
hmda_2019_mi,ft,hifi_shared,1000,violation_005,0.7520290347560655,False,lower,transfer_complete / hmda_2019_mi / ft / violation_005
hmda_2019_mi,ft,hifi_shared,1001,violation_005,0.7606530713119135,False,lower,transfer_complete / hmda_2019_mi / ft / violation_005
hmda_2019_mi,ft,hifi_shared,1002,violation_005,0.6878116385993048,False,lower,transfer_complete / hmda_2019_mi / ft / violation_005
hmda_2019_mi,ft,hifi_shared,1003,violation_005,0.6724625008700735,False,lower,transfer_complete / hmda_2019_mi / ft / violation_005
hmda_2019_mi,ft,hifi_shared,1004,violation_005,0.7137893781654558,False,lower,transfer_complete / hmda_2019_mi / ft / violation_005
hmda_2019_mi,ft,hifi_shared,1005,violation_005,0.7714377072163783,False,lower,transfer_complete / hmda_2019_mi / ft / violation_005
hmda_2019_mi,ft,hifi_shared,1006,violation_005,0.500336550014702,False,lower,transfer_complete / hmda_2019_mi / ft / violation_005
hmda_2019_mi,ft,hifi_shared,1007,violation_005,0.7316951062369822,False,lower,transfer_complete / hmda_2019_mi / ft / violation_005
hmda_2019_mi,ft,hifi_shared,1008,violation_005,0.7436513394775213,False,lower,transfer_complete / hmda_2019_mi / ft / violation_005
hmda_2019_mi,ft,hifi_shared,1009,violation_005,0.7477078122360428,False,lower,transfer_complete / hmda_2019_mi / ft / violation_005
hmda_2019_mi,ft,reweighing,1000,violation_005,0.4153719847853392,False,lower,transfer_complete / hmda_2019_mi / ft / violation_005
hmda_2019_mi,ft,reweighing,1001,violation_005,0.4743155032321945,False,lower,transfer_complete / hmda_2019_mi / ft / violation_005
hmda_2019_mi,ft,reweighing,1002,violation_005,0.4270881019081312,False,lower,transfer_complete / hmda_2019_mi / ft / violation_005
hmda_2019_mi,ft,reweighing,1003,violation_005,0.3486386349330868,False,lower,transfer_complete / hmda_2019_mi / ft / violation_005
hmda_2019_mi,ft,reweighing,1004,violation_005,0.4663398800393522,False,lower,transfer_complete / hmda_2019_mi / ft / violation_005
hmda_2019_mi,ft,reweighing,1005,violation_005,0.506308001546627,False,lower,transfer_complete / hmda_2019_mi / ft / violation_005
hmda_2019_mi,ft,reweighing,1006,violation_005,0.2663802114592219,False,lower,transfer_complete / hmda_2019_mi / ft / violation_005
hmda_2019_mi,ft,reweighing,1007,violation_005,0.4941553628041422,False,lower,transfer_complete / hmda_2019_mi / ft / violation_005
hmda_2019_mi,ft,reweighing,1008,violation_005,0.432888475216358,False,lower,transfer_complete / hmda_2019_mi / ft / violation_005
hmda_2019_mi,ft,reweighing,1009,violation_005,0.6144864188802346,False,lower,transfer_complete / hmda_2019_mi / ft / violation_005
hmda_2019_mi,mlp,cot_phi,1000,violation_005,0.88270310434645,False,lower,transfer_complete / hmda_2019_mi / mlp / violation_005
hmda_2019_mi,mlp,cot_phi,1001,violation_005,0.8283877082006869,False,lower,transfer_complete / hmda_2019_mi / mlp / violation_005
hmda_2019_mi,mlp,cot_phi,1002,violation_005,0.8259266047839359,False,lower,transfer_complete / hmda_2019_mi / mlp / violation_005
hmda_2019_mi,mlp,cot_phi,1003,violation_005,0.8120237407345571,False,lower,transfer_complete / hmda_2019_mi / mlp / violation_005
hmda_2019_mi,mlp,cot_phi,1004,violation_005,0.8648850520013354,False,lower,transfer_complete / hmda_2019_mi / mlp / violation_005
hmda_2019_mi,mlp,cot_phi,1005,violation_005,0.864532854949204,False,lower,transfer_complete / hmda_2019_mi / mlp / violation_005
hmda_2019_mi,mlp,cot_phi,1006,violation_005,0.8932547733637131,False,lower,transfer_complete / hmda_2019_mi / mlp / violation_005
hmda_2019_mi,mlp,cot_phi,1007,violation_005,0.8639450467299497,False,lower,transfer_complete / hmda_2019_mi / mlp / violation_005
hmda_2019_mi,mlp,cot_phi,1008,violation_005,0.8376549287337587,False,lower,transfer_complete / hmda_2019_mi / mlp / violation_005
hmda_2019_mi,mlp,cot_phi,1009,violation_005,0.8589889495453444,False,lower,transfer_complete / hmda_2019_mi / mlp / violation_005
hmda_2019_mi,mlp,dralign,1000,violation_005,0.8174094637157752,False,lower,transfer_complete / hmda_2019_mi / mlp / violation_005
hmda_2019_mi,mlp,dralign,1001,violation_005,0.7844201660723823,False,lower,transfer_complete / hmda_2019_mi / mlp / violation_005
hmda_2019_mi,mlp,dralign,1002,violation_005,0.7479691604084546,False,lower,transfer_complete / hmda_2019_mi / mlp / violation_005
hmda_2019_mi,mlp,dralign,1003,violation_005,0.8322931579495242,False,lower,transfer_complete / hmda_2019_mi / mlp / violation_005
hmda_2019_mi,mlp,dralign,1004,violation_005,0.8045407124357257,False,lower,transfer_complete / hmda_2019_mi / mlp / violation_005
hmda_2019_mi,mlp,dralign,1005,violation_005,0.8536728646640325,False,lower,transfer_complete / hmda_2019_mi / mlp / violation_005
hmda_2019_mi,mlp,dralign,1006,violation_005,0.8615804837847312,False,lower,transfer_complete / hmda_2019_mi / mlp / violation_005
hmda_2019_mi,mlp,dralign,1007,violation_005,0.763074791217355,False,lower,transfer_complete / hmda_2019_mi / mlp / violation_005
hmda_2019_mi,mlp,dralign,1008,violation_005,0.8096624182343711,False,lower,transfer_complete / hmda_2019_mi / mlp / violation_005
hmda_2019_mi,mlp,dralign,1009,violation_005,0.6983521641681395,False,lower,transfer_complete / hmda_2019_mi / mlp / violation_005
hmda_2019_mi,mlp,hifi,1000,violation_005,0.8439998269211573,False,lower,transfer_complete / hmda_2019_mi / mlp / violation_005
hmda_2019_mi,mlp,hifi,1001,violation_005,0.916597339505101,False,lower,transfer_complete / hmda_2019_mi / mlp / violation_005
hmda_2019_mi,mlp,hifi,1002,violation_005,0.8899502756968773,False,lower,transfer_complete / hmda_2019_mi / mlp / violation_005
hmda_2019_mi,mlp,hifi,1003,violation_005,0.8859796125367102,False,lower,transfer_complete / hmda_2019_mi / mlp / violation_005
hmda_2019_mi,mlp,hifi,1004,violation_005,0.9064173750663328,False,lower,transfer_complete / hmda_2019_mi / mlp / violation_005
hmda_2019_mi,mlp,hifi,1005,violation_005,0.8470970066750122,False,lower,transfer_complete / hmda_2019_mi / mlp / violation_005
hmda_2019_mi,mlp,hifi,1006,violation_005,0.9122452146760964,False,lower,transfer_complete / hmda_2019_mi / mlp / violation_005
hmda_2019_mi,mlp,hifi,1007,violation_005,0.90940492304129,False,lower,transfer_complete / hmda_2019_mi / mlp / violation_005
hmda_2019_mi,mlp,hifi,1008,violation_005,0.906310816614638,False,lower,transfer_complete / hmda_2019_mi / mlp / violation_005
hmda_2019_mi,mlp,hifi,1009,violation_005,0.9071752283277014,False,lower,transfer_complete / hmda_2019_mi / mlp / violation_005
hmda_2019_mi,mlp,hifi_erm,1000,violation_005,0.9093233660716666,False,lower,transfer_complete / hmda_2019_mi / mlp / violation_005
hmda_2019_mi,mlp,hifi_erm,1001,violation_005,0.7951434266208299,False,lower,transfer_complete / hmda_2019_mi / mlp / violation_005
hmda_2019_mi,mlp,hifi_erm,1002,violation_005,0.9044854963369632,False,lower,transfer_complete / hmda_2019_mi / mlp / violation_005
hmda_2019_mi,mlp,hifi_erm,1003,violation_005,0.8939637654699079,False,lower,transfer_complete / hmda_2019_mi / mlp / violation_005
hmda_2019_mi,mlp,hifi_erm,1004,violation_005,0.9195985234983324,False,lower,transfer_complete / hmda_2019_mi / mlp / violation_005
hmda_2019_mi,mlp,hifi_erm,1005,violation_005,0.9066131948930958,False,lower,transfer_complete / hmda_2019_mi / mlp / violation_005
hmda_2019_mi,mlp,hifi_erm,1006,violation_005,0.9154893966127604,False,lower,transfer_complete / hmda_2019_mi / mlp / violation_005
hmda_2019_mi,mlp,hifi_erm,1007,violation_005,0.9068176836746762,False,lower,transfer_complete / hmda_2019_mi / mlp / violation_005
hmda_2019_mi,mlp,hifi_erm,1008,violation_005,0.9091941769184332,False,lower,transfer_complete / hmda_2019_mi / mlp / violation_005
hmda_2019_mi,mlp,hifi_erm,1009,violation_005,0.8963837208744907,False,lower,transfer_complete / hmda_2019_mi / mlp / violation_005
hmda_2019_mi,mlp,hifi_shared,1000,violation_005,0.8305666549854536,False,lower,transfer_complete / hmda_2019_mi / mlp / violation_005
hmda_2019_mi,mlp,hifi_shared,1001,violation_005,0.807390918159573,False,lower,transfer_complete / hmda_2019_mi / mlp / violation_005
hmda_2019_mi,mlp,hifi_shared,1002,violation_005,0.758137914751144,False,lower,transfer_complete / hmda_2019_mi / mlp / violation_005
hmda_2019_mi,mlp,hifi_shared,1003,violation_005,0.7799857818263594,False,lower,transfer_complete / hmda_2019_mi / mlp / violation_005
hmda_2019_mi,mlp,hifi_shared,1004,violation_005,0.7960536257844046,False,lower,transfer_complete / hmda_2019_mi / mlp / violation_005
hmda_2019_mi,mlp,hifi_shared,1005,violation_005,0.8494529673017864,False,lower,transfer_complete / hmda_2019_mi / mlp / violation_005
hmda_2019_mi,mlp,hifi_shared,1006,violation_005,0.8213863821868423,False,lower,transfer_complete / hmda_2019_mi / mlp / violation_005
hmda_2019_mi,mlp,hifi_shared,1007,violation_005,0.7381240878422075,False,lower,transfer_complete / hmda_2019_mi / mlp / violation_005
hmda_2019_mi,mlp,hifi_shared,1008,violation_005,0.8432823270940075,False,lower,transfer_complete / hmda_2019_mi / mlp / violation_005
hmda_2019_mi,mlp,hifi_shared,1009,violation_005,0.756296863149337,False,lower,transfer_complete / hmda_2019_mi / mlp / violation_005
hmda_2019_mi,mlp,ltdd,1000,violation_005,0.8998487400044284,False,lower,transfer_complete / hmda_2019_mi / mlp / violation_005
hmda_2019_mi,mlp,ltdd,1001,violation_005,0.9078918332511908,False,lower,transfer_complete / hmda_2019_mi / mlp / violation_005
hmda_2019_mi,mlp,ltdd,1002,violation_005,0.8534708621071035,False,lower,transfer_complete / hmda_2019_mi / mlp / violation_005
hmda_2019_mi,mlp,ltdd,1003,violation_005,0.8898789027248944,False,lower,transfer_complete / hmda_2019_mi / mlp / violation_005
hmda_2019_mi,mlp,ltdd,1004,violation_005,0.8629865371266796,False,lower,transfer_complete / hmda_2019_mi / mlp / violation_005
hmda_2019_mi,mlp,ltdd,1005,violation_005,0.8582533788425147,False,lower,transfer_complete / hmda_2019_mi / mlp / violation_005
hmda_2019_mi,mlp,ltdd,1006,violation_005,0.9002871215248442,False,lower,transfer_complete / hmda_2019_mi / mlp / violation_005
hmda_2019_mi,mlp,ltdd,1007,violation_005,0.8552906195874009,False,lower,transfer_complete / hmda_2019_mi / mlp / violation_005
hmda_2019_mi,mlp,ltdd,1008,violation_005,0.8806390070715182,False,lower,transfer_complete / hmda_2019_mi / mlp / violation_005
hmda_2019_mi,mlp,ltdd,1009,violation_005,0.8631244685703169,False,lower,transfer_complete / hmda_2019_mi / mlp / violation_005
hmda_2019_mi,mlp,neufair,1000,violation_005,0.7157270108851093,False,lower,transfer_complete / hmda_2019_mi / mlp / violation_005
hmda_2019_mi,mlp,neufair,1001,violation_005,0.6502333565336176,False,lower,transfer_complete / hmda_2019_mi / mlp / violation_005
hmda_2019_mi,mlp,neufair,1002,violation_005,0.5345805765796157,False,lower,transfer_complete / hmda_2019_mi / mlp / violation_005
hmda_2019_mi,mlp,neufair,1003,violation_005,0.6145962062558065,False,lower,transfer_complete / hmda_2019_mi / mlp / violation_005
hmda_2019_mi,mlp,neufair,1004,violation_005,0.5731050635670948,False,lower,transfer_complete / hmda_2019_mi / mlp / violation_005
hmda_2019_mi,mlp,neufair,1005,violation_005,0.6668586961481389,False,lower,transfer_complete / hmda_2019_mi / mlp / violation_005
hmda_2019_mi,mlp,neufair,1006,violation_005,0.7347036967305904,False,lower,transfer_complete / hmda_2019_mi / mlp / violation_005
hmda_2019_mi,mlp,neufair,1007,violation_005,0.5255887437349668,False,lower,transfer_complete / hmda_2019_mi / mlp / violation_005
hmda_2019_mi,mlp,neufair,1008,violation_005,0.7225691065140094,False,lower,transfer_complete / hmda_2019_mi / mlp / violation_005
hmda_2019_mi,mlp,neufair,1009,violation_005,0.4391401722724464,False,lower,transfer_complete / hmda_2019_mi / mlp / violation_005
hmda_2020_oh,ft,cot_phi,1000,violation_005,0.7963265275160671,False,lower,transfer_complete / hmda_2020_oh / ft / violation_005
hmda_2020_oh,ft,cot_phi,1001,violation_005,0.8695229915834256,False,lower,transfer_complete / hmda_2020_oh / ft / violation_005
hmda_2020_oh,ft,cot_phi,1002,violation_005,0.8016903222414111,False,lower,transfer_complete / hmda_2020_oh / ft / violation_005
hmda_2020_oh,ft,cot_phi,1003,violation_005,0.7457938396648031,False,lower,transfer_complete / hmda_2020_oh / ft / violation_005
hmda_2020_oh,ft,cot_phi,1004,violation_005,0.8422882876074909,False,lower,transfer_complete / hmda_2020_oh / ft / violation_005
hmda_2020_oh,ft,cot_phi,1005,violation_005,0.8777306472975923,False,lower,transfer_complete / hmda_2020_oh / ft / violation_005
hmda_2020_oh,ft,cot_phi,1006,violation_005,0.8120117567489693,False,lower,transfer_complete / hmda_2020_oh / ft / violation_005
hmda_2020_oh,ft,cot_phi,1007,violation_005,0.8393880141565292,False,lower,transfer_complete / hmda_2020_oh / ft / violation_005
hmda_2020_oh,ft,cot_phi,1008,violation_005,0.8429078778312726,False,lower,transfer_complete / hmda_2020_oh / ft / violation_005
hmda_2020_oh,ft,cot_phi,1009,violation_005,0.8208786414047609,False,lower,transfer_complete / hmda_2020_oh / ft / violation_005
hmda_2020_oh,ft,hifi,1000,violation_005,0.6022917335880639,False,lower,transfer_complete / hmda_2020_oh / ft / violation_005
hmda_2020_oh,ft,hifi,1001,violation_005,0.6541509715651934,False,lower,transfer_complete / hmda_2020_oh / ft / violation_005
hmda_2020_oh,ft,hifi,1002,violation_005,0.5691272309547224,False,lower,transfer_complete / hmda_2020_oh / ft / violation_005
hmda_2020_oh,ft,hifi,1003,violation_005,0.6684295371291461,False,lower,transfer_complete / hmda_2020_oh / ft / violation_005
hmda_2020_oh,ft,hifi,1004,violation_005,0.7178337642380482,False,lower,transfer_complete / hmda_2020_oh / ft / violation_005
hmda_2020_oh,ft,hifi,1005,violation_005,0.4441746684482037,False,lower,transfer_complete / hmda_2020_oh / ft / violation_005
hmda_2020_oh,ft,hifi,1006,violation_005,0.5701156315609442,False,lower,transfer_complete / hmda_2020_oh / ft / violation_005
hmda_2020_oh,ft,hifi,1007,violation_005,0.5808490163779307,False,lower,transfer_complete / hmda_2020_oh / ft / violation_005
hmda_2020_oh,ft,hifi,1008,violation_005,0.6533405016382082,False,lower,transfer_complete / hmda_2020_oh / ft / violation_005
hmda_2020_oh,ft,hifi,1009,violation_005,0.6404345809656734,False,lower,transfer_complete / hmda_2020_oh / ft / violation_005
hmda_2020_oh,ft,hifi_erm,1000,violation_005,0.5875049198330402,False,lower,transfer_complete / hmda_2020_oh / ft / violation_005
hmda_2020_oh,ft,hifi_erm,1001,violation_005,0.7234498045601138,False,lower,transfer_complete / hmda_2020_oh / ft / violation_005
hmda_2020_oh,ft,hifi_erm,1002,violation_005,0.6014058709843841,False,lower,transfer_complete / hmda_2020_oh / ft / violation_005
hmda_2020_oh,ft,hifi_erm,1003,violation_005,0.6774049115564029,False,lower,transfer_complete / hmda_2020_oh / ft / violation_005
hmda_2020_oh,ft,hifi_erm,1004,violation_005,0.7057312785028906,False,lower,transfer_complete / hmda_2020_oh / ft / violation_005
hmda_2020_oh,ft,hifi_erm,1005,violation_005,0.7315398431452154,False,lower,transfer_complete / hmda_2020_oh / ft / violation_005
hmda_2020_oh,ft,hifi_erm,1006,violation_005,0.5032129471718805,False,lower,transfer_complete / hmda_2020_oh / ft / violation_005
hmda_2020_oh,ft,hifi_erm,1007,violation_005,0.6898408036461027,False,lower,transfer_complete / hmda_2020_oh / ft / violation_005
hmda_2020_oh,ft,hifi_erm,1008,violation_005,0.672870514692349,False,lower,transfer_complete / hmda_2020_oh / ft / violation_005
hmda_2020_oh,ft,hifi_erm,1009,violation_005,0.6576930081621786,False,lower,transfer_complete / hmda_2020_oh / ft / violation_005
hmda_2020_oh,ft,hifi_shared,1000,violation_005,0.7648219957299377,False,lower,transfer_complete / hmda_2020_oh / ft / violation_005
hmda_2020_oh,ft,hifi_shared,1001,violation_005,0.7839819142076562,False,lower,transfer_complete / hmda_2020_oh / ft / violation_005
hmda_2020_oh,ft,hifi_shared,1002,violation_005,0.693403965098102,False,lower,transfer_complete / hmda_2020_oh / ft / violation_005
hmda_2020_oh,ft,hifi_shared,1003,violation_005,0.6897007543654324,False,lower,transfer_complete / hmda_2020_oh / ft / violation_005
hmda_2020_oh,ft,hifi_shared,1004,violation_005,0.7319777076385499,False,lower,transfer_complete / hmda_2020_oh / ft / violation_005
hmda_2020_oh,ft,hifi_shared,1005,violation_005,0.7831177519508578,False,lower,transfer_complete / hmda_2020_oh / ft / violation_005
hmda_2020_oh,ft,hifi_shared,1006,violation_005,0.5474211004100422,False,lower,transfer_complete / hmda_2020_oh / ft / violation_005
hmda_2020_oh,ft,hifi_shared,1007,violation_005,0.751234481870299,False,lower,transfer_complete / hmda_2020_oh / ft / violation_005
hmda_2020_oh,ft,hifi_shared,1008,violation_005,0.7651457262171171,False,lower,transfer_complete / hmda_2020_oh / ft / violation_005
hmda_2020_oh,ft,hifi_shared,1009,violation_005,0.7617807685368899,False,lower,transfer_complete / hmda_2020_oh / ft / violation_005
hmda_2020_oh,ft,reweighing,1000,violation_005,0.4118441189517314,False,lower,transfer_complete / hmda_2020_oh / ft / violation_005
hmda_2020_oh,ft,reweighing,1001,violation_005,0.4737071821604894,False,lower,transfer_complete / hmda_2020_oh / ft / violation_005
hmda_2020_oh,ft,reweighing,1002,violation_005,0.4248406492153502,False,lower,transfer_complete / hmda_2020_oh / ft / violation_005
hmda_2020_oh,ft,reweighing,1003,violation_005,0.3428585976288251,False,lower,transfer_complete / hmda_2020_oh / ft / violation_005
hmda_2020_oh,ft,reweighing,1004,violation_005,0.4788594359840105,False,lower,transfer_complete / hmda_2020_oh / ft / violation_005
hmda_2020_oh,ft,reweighing,1005,violation_005,0.5087059991579438,False,lower,transfer_complete / hmda_2020_oh / ft / violation_005
hmda_2020_oh,ft,reweighing,1006,violation_005,0.2800515504542815,False,lower,transfer_complete / hmda_2020_oh / ft / violation_005
hmda_2020_oh,ft,reweighing,1007,violation_005,0.4898439099165431,False,lower,transfer_complete / hmda_2020_oh / ft / violation_005
hmda_2020_oh,ft,reweighing,1008,violation_005,0.4413982650985576,False,lower,transfer_complete / hmda_2020_oh / ft / violation_005
hmda_2020_oh,ft,reweighing,1009,violation_005,0.6135984552609738,False,lower,transfer_complete / hmda_2020_oh / ft / violation_005
hmda_2020_oh,mlp,cot_phi,1000,violation_005,0.878827612955145,False,lower,transfer_complete / hmda_2020_oh / mlp / violation_005
hmda_2020_oh,mlp,cot_phi,1001,violation_005,0.8254812801111121,False,lower,transfer_complete / hmda_2020_oh / mlp / violation_005
hmda_2020_oh,mlp,cot_phi,1002,violation_005,0.8257027803916048,False,lower,transfer_complete / hmda_2020_oh / mlp / violation_005
hmda_2020_oh,mlp,cot_phi,1003,violation_005,0.7965243567153324,False,lower,transfer_complete / hmda_2020_oh / mlp / violation_005
hmda_2020_oh,mlp,cot_phi,1004,violation_005,0.8650082561913041,False,lower,transfer_complete / hmda_2020_oh / mlp / violation_005
hmda_2020_oh,mlp,cot_phi,1005,violation_005,0.8609099532383783,False,lower,transfer_complete / hmda_2020_oh / mlp / violation_005
hmda_2020_oh,mlp,cot_phi,1006,violation_005,0.8815106808834415,False,lower,transfer_complete / hmda_2020_oh / mlp / violation_005
hmda_2020_oh,mlp,cot_phi,1007,violation_005,0.8660140349977193,False,lower,transfer_complete / hmda_2020_oh / mlp / violation_005
hmda_2020_oh,mlp,cot_phi,1008,violation_005,0.8372841270769129,False,lower,transfer_complete / hmda_2020_oh / mlp / violation_005
hmda_2020_oh,mlp,cot_phi,1009,violation_005,0.8561721194202682,False,lower,transfer_complete / hmda_2020_oh / mlp / violation_005
hmda_2020_oh,mlp,dralign,1000,violation_005,0.8090087298987272,False,lower,transfer_complete / hmda_2020_oh / mlp / violation_005
hmda_2020_oh,mlp,dralign,1001,violation_005,0.7658946083964806,False,lower,transfer_complete / hmda_2020_oh / mlp / violation_005
hmda_2020_oh,mlp,dralign,1002,violation_005,0.7414532178111922,False,lower,transfer_complete / hmda_2020_oh / mlp / violation_005
hmda_2020_oh,mlp,dralign,1003,violation_005,0.8205171275352481,False,lower,transfer_complete / hmda_2020_oh / mlp / violation_005
hmda_2020_oh,mlp,dralign,1004,violation_005,0.7965981952812905,False,lower,transfer_complete / hmda_2020_oh / mlp / violation_005
hmda_2020_oh,mlp,dralign,1005,violation_005,0.8385011467855338,False,lower,transfer_complete / hmda_2020_oh / mlp / violation_005
hmda_2020_oh,mlp,dralign,1006,violation_005,0.8565925494985543,False,lower,transfer_complete / hmda_2020_oh / mlp / violation_005
hmda_2020_oh,mlp,dralign,1007,violation_005,0.7544096842380713,False,lower,transfer_complete / hmda_2020_oh / mlp / violation_005
hmda_2020_oh,mlp,dralign,1008,violation_005,0.8147495438332353,False,lower,transfer_complete / hmda_2020_oh / mlp / violation_005
hmda_2020_oh,mlp,dralign,1009,violation_005,0.6792888281820169,False,lower,transfer_complete / hmda_2020_oh / mlp / violation_005
hmda_2020_oh,mlp,hifi,1000,violation_005,0.8433611138047448,False,lower,transfer_complete / hmda_2020_oh / mlp / violation_005
hmda_2020_oh,mlp,hifi,1001,violation_005,0.90746567152539,False,lower,transfer_complete / hmda_2020_oh / mlp / violation_005
hmda_2020_oh,mlp,hifi,1002,violation_005,0.8918084460795085,False,lower,transfer_complete / hmda_2020_oh / mlp / violation_005
hmda_2020_oh,mlp,hifi,1003,violation_005,0.8768961490209833,False,lower,transfer_complete / hmda_2020_oh / mlp / violation_005
hmda_2020_oh,mlp,hifi,1004,violation_005,0.9042338795459218,False,lower,transfer_complete / hmda_2020_oh / mlp / violation_005
hmda_2020_oh,mlp,hifi,1005,violation_005,0.8384725409652437,False,lower,transfer_complete / hmda_2020_oh / mlp / violation_005
hmda_2020_oh,mlp,hifi,1006,violation_005,0.9094806964220082,False,lower,transfer_complete / hmda_2020_oh / mlp / violation_005
hmda_2020_oh,mlp,hifi,1007,violation_005,0.90373653299873,False,lower,transfer_complete / hmda_2020_oh / mlp / violation_005
hmda_2020_oh,mlp,hifi,1008,violation_005,0.9016179515415312,False,lower,transfer_complete / hmda_2020_oh / mlp / violation_005
hmda_2020_oh,mlp,hifi,1009,violation_005,0.905640277242051,False,lower,transfer_complete / hmda_2020_oh / mlp / violation_005
hmda_2020_oh,mlp,hifi_erm,1000,violation_005,0.9075551299538992,False,lower,transfer_complete / hmda_2020_oh / mlp / violation_005
hmda_2020_oh,mlp,hifi_erm,1001,violation_005,0.7789688110411189,False,lower,transfer_complete / hmda_2020_oh / mlp / violation_005
hmda_2020_oh,mlp,hifi_erm,1002,violation_005,0.8990149395195715,False,lower,transfer_complete / hmda_2020_oh / mlp / violation_005
hmda_2020_oh,mlp,hifi_erm,1003,violation_005,0.8919858560858555,False,lower,transfer_complete / hmda_2020_oh / mlp / violation_005
hmda_2020_oh,mlp,hifi_erm,1004,violation_005,0.9209286442675912,False,lower,transfer_complete / hmda_2020_oh / mlp / violation_005
hmda_2020_oh,mlp,hifi_erm,1005,violation_005,0.9041026181302508,False,lower,transfer_complete / hmda_2020_oh / mlp / violation_005
hmda_2020_oh,mlp,hifi_erm,1006,violation_005,0.9097735679108092,False,lower,transfer_complete / hmda_2020_oh / mlp / violation_005
hmda_2020_oh,mlp,hifi_erm,1007,violation_005,0.904897875950306,False,lower,transfer_complete / hmda_2020_oh / mlp / violation_005
hmda_2020_oh,mlp,hifi_erm,1008,violation_005,0.9095995494595134,False,lower,transfer_complete / hmda_2020_oh / mlp / violation_005
hmda_2020_oh,mlp,hifi_erm,1009,violation_005,0.9005278744827224,False,lower,transfer_complete / hmda_2020_oh / mlp / violation_005
hmda_2020_oh,mlp,hifi_shared,1000,violation_005,0.8183176165367454,False,lower,transfer_complete / hmda_2020_oh / mlp / violation_005
hmda_2020_oh,mlp,hifi_shared,1001,violation_005,0.7943173819777722,False,lower,transfer_complete / hmda_2020_oh / mlp / violation_005
hmda_2020_oh,mlp,hifi_shared,1002,violation_005,0.7486657905136945,False,lower,transfer_complete / hmda_2020_oh / mlp / violation_005
hmda_2020_oh,mlp,hifi_shared,1003,violation_005,0.7796097486299746,False,lower,transfer_complete / hmda_2020_oh / mlp / violation_005
hmda_2020_oh,mlp,hifi_shared,1004,violation_005,0.7862967087372011,False,lower,transfer_complete / hmda_2020_oh / mlp / violation_005
hmda_2020_oh,mlp,hifi_shared,1005,violation_005,0.8487668198836614,False,lower,transfer_complete / hmda_2020_oh / mlp / violation_005
hmda_2020_oh,mlp,hifi_shared,1006,violation_005,0.8133806324422354,False,lower,transfer_complete / hmda_2020_oh / mlp / violation_005
hmda_2020_oh,mlp,hifi_shared,1007,violation_005,0.7262008388028208,False,lower,transfer_complete / hmda_2020_oh / mlp / violation_005
hmda_2020_oh,mlp,hifi_shared,1008,violation_005,0.838426414210023,False,lower,transfer_complete / hmda_2020_oh / mlp / violation_005
hmda_2020_oh,mlp,hifi_shared,1009,violation_005,0.7486124565863193,False,lower,transfer_complete / hmda_2020_oh / mlp / violation_005
hmda_2020_oh,mlp,ltdd,1000,violation_005,0.8968041461511181,False,lower,transfer_complete / hmda_2020_oh / mlp / violation_005
hmda_2020_oh,mlp,ltdd,1001,violation_005,0.9009899554028972,False,lower,transfer_complete / hmda_2020_oh / mlp / violation_005
hmda_2020_oh,mlp,ltdd,1002,violation_005,0.8612396606407826,False,lower,transfer_complete / hmda_2020_oh / mlp / violation_005
hmda_2020_oh,mlp,ltdd,1003,violation_005,0.8903529982860915,False,lower,transfer_complete / hmda_2020_oh / mlp / violation_005
hmda_2020_oh,mlp,ltdd,1004,violation_005,0.8623041217487545,False,lower,transfer_complete / hmda_2020_oh / mlp / violation_005
hmda_2020_oh,mlp,ltdd,1005,violation_005,0.8578653694438547,False,lower,transfer_complete / hmda_2020_oh / mlp / violation_005
hmda_2020_oh,mlp,ltdd,1006,violation_005,0.9045712711223526,False,lower,transfer_complete / hmda_2020_oh / mlp / violation_005
hmda_2020_oh,mlp,ltdd,1007,violation_005,0.8506966769338826,False,lower,transfer_complete / hmda_2020_oh / mlp / violation_005
hmda_2020_oh,mlp,ltdd,1008,violation_005,0.8846938015384086,False,lower,transfer_complete / hmda_2020_oh / mlp / violation_005
hmda_2020_oh,mlp,ltdd,1009,violation_005,0.8628788489365392,False,lower,transfer_complete / hmda_2020_oh / mlp / violation_005
hmda_2020_oh,mlp,neufair,1000,violation_005,0.7012078606984871,False,lower,transfer_complete / hmda_2020_oh / mlp / violation_005
hmda_2020_oh,mlp,neufair,1001,violation_005,0.6435704383242993,False,lower,transfer_complete / hmda_2020_oh / mlp / violation_005
hmda_2020_oh,mlp,neufair,1002,violation_005,0.5295030339126104,False,lower,transfer_complete / hmda_2020_oh / mlp / violation_005
hmda_2020_oh,mlp,neufair,1003,violation_005,0.6197520793505836,False,lower,transfer_complete / hmda_2020_oh / mlp / violation_005
hmda_2020_oh,mlp,neufair,1004,violation_005,0.5765701637736312,False,lower,transfer_complete / hmda_2020_oh / mlp / violation_005
hmda_2020_oh,mlp,neufair,1005,violation_005,0.6486771103224166,False,lower,transfer_complete / hmda_2020_oh / mlp / violation_005
hmda_2020_oh,mlp,neufair,1006,violation_005,0.7263166371803962,False,lower,transfer_complete / hmda_2020_oh / mlp / violation_005
hmda_2020_oh,mlp,neufair,1007,violation_005,0.5105269666397685,False,lower,transfer_complete / hmda_2020_oh / mlp / violation_005
hmda_2020_oh,mlp,neufair,1008,violation_005,0.7320572624478456,False,lower,transfer_complete / hmda_2020_oh / mlp / violation_005
hmda_2020_oh,mlp,neufair,1009,violation_005,0.4299697509476013,False,lower,transfer_complete / hmda_2020_oh / mlp / violation_005
hmda_2019_mi,ft,erm,1000,violation_005,0.735984894364674,False,lower,transfer_complete / hmda_2019_mi / ft / violation_005
hmda_2019_mi,ft,soft,1000,violation_005,4.877810838495683e-05,False,lower,transfer_complete / hmda_2019_mi / ft / violation_005
hmda_2019_mi,ft,erm,1001,violation_005,0.7574818913456611,False,lower,transfer_complete / hmda_2019_mi / ft / violation_005
hmda_2019_mi,ft,soft,1001,violation_005,0.0001058427055089,False,lower,transfer_complete / hmda_2019_mi / ft / violation_005
hmda_2019_mi,ft,erm,1002,violation_005,0.7114810487378299,False,lower,transfer_complete / hmda_2019_mi / ft / violation_005
hmda_2019_mi,ft,soft,1002,violation_005,0.0002438905419247,False,lower,transfer_complete / hmda_2019_mi / ft / violation_005
hmda_2019_mi,ft,erm,1003,violation_005,0.7742646835762037,False,lower,transfer_complete / hmda_2019_mi / ft / violation_005
hmda_2019_mi,ft,soft,1003,violation_005,0.0001463343251548,False,lower,transfer_complete / hmda_2019_mi / ft / violation_005
hmda_2019_mi,ft,erm,1004,violation_005,0.7232981158340385,False,lower,transfer_complete / hmda_2019_mi / ft / violation_005
hmda_2019_mi,ft,soft,1004,violation_005,0.0004470247817905,False,lower,transfer_complete / hmda_2019_mi / ft / violation_005
hmda_2019_mi,ft,erm,1005,violation_005,0.78386527163797,False,lower,transfer_complete / hmda_2019_mi / ft / violation_005
hmda_2019_mi,ft,soft,1005,violation_005,0.0001951124335398,False,lower,transfer_complete / hmda_2019_mi / ft / violation_005
hmda_2019_mi,ft,erm,1006,violation_005,0.673473483531066,False,lower,transfer_complete / hmda_2019_mi / ft / violation_005
hmda_2019_mi,ft,soft,1006,violation_005,6.923769300006924e-05,False,lower,transfer_complete / hmda_2019_mi / ft / violation_005
hmda_2019_mi,ft,erm,1007,violation_005,0.7064326799133358,False,lower,transfer_complete / hmda_2019_mi / ft / violation_005
hmda_2019_mi,ft,soft,1007,violation_005,0.0003297012124028,False,lower,transfer_complete / hmda_2019_mi / ft / violation_005
hmda_2019_mi,ft,erm,1008,violation_005,0.7813823513571444,False,lower,transfer_complete / hmda_2019_mi / ft / violation_005
hmda_2019_mi,ft,soft,1008,violation_005,0.0,False,lower,transfer_complete / hmda_2019_mi / ft / violation_005
hmda_2019_mi,ft,erm,1009,violation_005,0.7327887614936858,False,lower,transfer_complete / hmda_2019_mi / ft / violation_005
hmda_2019_mi,ft,soft,1009,violation_005,0.0001479315127247,False,lower,transfer_complete / hmda_2019_mi / ft / violation_005
hmda_2019_mi,mlp,erm,1000,violation_005,0.8393408646284252,False,lower,transfer_complete / hmda_2019_mi / mlp / violation_005
hmda_2019_mi,mlp,soft,1000,violation_005,0.0005921709640253,False,lower,transfer_complete / hmda_2019_mi / mlp / violation_005
hmda_2019_mi,mlp,erm,1001,violation_005,0.8860824107581815,False,lower,transfer_complete / hmda_2019_mi / mlp / violation_005
hmda_2019_mi,mlp,soft,1001,violation_005,0.0001693518752662,False,lower,transfer_complete / hmda_2019_mi / mlp / violation_005
hmda_2019_mi,mlp,erm,1002,violation_005,0.7950444836219119,False,lower,transfer_complete / hmda_2019_mi / mlp / violation_005
hmda_2019_mi,mlp,soft,1002,violation_005,0.0012568959748295,False,lower,transfer_complete / hmda_2019_mi / mlp / violation_005
hmda_2019_mi,mlp,erm,1003,violation_005,0.7805119459356011,False,lower,transfer_complete / hmda_2019_mi / mlp / violation_005
hmda_2019_mi,mlp,soft,1003,violation_005,0.0001007505919097,False,lower,transfer_complete / hmda_2019_mi / mlp / violation_005
hmda_2019_mi,mlp,erm,1004,violation_005,0.8287349163597505,False,lower,transfer_complete / hmda_2019_mi / mlp / violation_005
hmda_2019_mi,mlp,soft,1004,violation_005,0.0016639833046783,False,lower,transfer_complete / hmda_2019_mi / mlp / violation_005
hmda_2019_mi,mlp,erm,1005,violation_005,0.7405754897302141,False,lower,transfer_complete / hmda_2019_mi / mlp / violation_005
hmda_2019_mi,mlp,soft,1005,violation_005,0.0013453699138975,False,lower,transfer_complete / hmda_2019_mi / mlp / violation_005
hmda_2019_mi,mlp,erm,1006,violation_005,0.8289273770433022,False,lower,transfer_complete / hmda_2019_mi / mlp / violation_005
hmda_2019_mi,mlp,soft,1006,violation_005,0.0021890441139127,False,lower,transfer_complete / hmda_2019_mi / mlp / violation_005
hmda_2019_mi,mlp,erm,1007,violation_005,0.743050934552407,False,lower,transfer_complete / hmda_2019_mi / mlp / violation_005
hmda_2019_mi,mlp,soft,1007,violation_005,4.6311304589450285e-05,False,lower,transfer_complete / hmda_2019_mi / mlp / violation_005
hmda_2019_mi,mlp,erm,1008,violation_005,0.8221116571572866,False,lower,transfer_complete / hmda_2019_mi / mlp / violation_005
hmda_2019_mi,mlp,soft,1008,violation_005,0.0002357305730189,False,lower,transfer_complete / hmda_2019_mi / mlp / violation_005
hmda_2019_mi,mlp,erm,1009,violation_005,0.7917751343446237,False,lower,transfer_complete / hmda_2019_mi / mlp / violation_005
hmda_2019_mi,mlp,soft,1009,violation_005,0.0001951124335398,False,lower,transfer_complete / hmda_2019_mi / mlp / violation_005
hmda_2020_oh,ft,erm,1000,violation_005,0.7606727871549933,False,lower,transfer_complete / hmda_2020_oh / ft / violation_005
hmda_2020_oh,ft,soft,1000,violation_005,4.559755597099995e-05,False,lower,transfer_complete / hmda_2020_oh / ft / violation_005
hmda_2020_oh,ft,erm,1001,violation_005,0.776448055525004,False,lower,transfer_complete / hmda_2020_oh / ft / violation_005
hmda_2020_oh,ft,soft,1001,violation_005,4.559755597099995e-05,False,lower,transfer_complete / hmda_2020_oh / ft / violation_005
hmda_2020_oh,ft,erm,1002,violation_005,0.723693679201948,False,lower,transfer_complete / hmda_2020_oh / ft / violation_005
hmda_2020_oh,ft,soft,1002,violation_005,9.11951119419999e-05,False,lower,transfer_complete / hmda_2020_oh / ft / violation_005
hmda_2020_oh,ft,erm,1003,violation_005,0.7892442142812608,False,lower,transfer_complete / hmda_2020_oh / ft / violation_005
hmda_2020_oh,ft,soft,1003,violation_005,0.0001367926679129,False,lower,transfer_complete / hmda_2020_oh / ft / violation_005
hmda_2020_oh,ft,erm,1004,violation_005,0.723402329902526,False,lower,transfer_complete / hmda_2020_oh / ft / violation_005
hmda_2020_oh,ft,soft,1004,violation_005,0.0006350565855424,False,lower,transfer_complete / hmda_2020_oh / ft / violation_005
hmda_2020_oh,ft,erm,1005,violation_005,0.7897251569866383,False,lower,transfer_complete / hmda_2020_oh / ft / violation_005
hmda_2020_oh,ft,soft,1005,violation_005,0.0001823902238839,False,lower,transfer_complete / hmda_2020_oh / ft / violation_005
hmda_2020_oh,ft,erm,1006,violation_005,0.6995375293619882,False,lower,transfer_complete / hmda_2020_oh / ft / violation_005
hmda_2020_oh,ft,soft,1006,violation_005,0.0,False,lower,transfer_complete / hmda_2020_oh / ft / violation_005
hmda_2020_oh,ft,erm,1007,violation_005,0.7381889830738101,False,lower,transfer_complete / hmda_2020_oh / ft / violation_005
hmda_2020_oh,ft,soft,1007,violation_005,0.0001367926679129,False,lower,transfer_complete / hmda_2020_oh / ft / violation_005
hmda_2020_oh,ft,erm,1008,violation_005,0.7932597641173853,False,lower,transfer_complete / hmda_2020_oh / ft / violation_005
hmda_2020_oh,ft,soft,1008,violation_005,4.559755597099995e-05,False,lower,transfer_complete / hmda_2020_oh / ft / violation_005
hmda_2020_oh,ft,erm,1009,violation_005,0.7478792039338202,False,lower,transfer_complete / hmda_2020_oh / ft / violation_005
hmda_2020_oh,ft,soft,1009,violation_005,0.0001442821215507,False,lower,transfer_complete / hmda_2020_oh / ft / violation_005
hmda_2020_oh,mlp,erm,1000,violation_005,0.8301935797662683,False,lower,transfer_complete / hmda_2020_oh / mlp / violation_005
hmda_2020_oh,mlp,soft,1000,violation_005,0.0007859354869813,False,lower,transfer_complete / hmda_2020_oh / mlp / violation_005
hmda_2020_oh,mlp,erm,1001,violation_005,0.8831538588188402,False,lower,transfer_complete / hmda_2020_oh / mlp / violation_005
hmda_2020_oh,mlp,soft,1001,violation_005,0.0001738047749098,False,lower,transfer_complete / hmda_2020_oh / mlp / violation_005
hmda_2020_oh,mlp,erm,1002,violation_005,0.8040307388819354,False,lower,transfer_complete / hmda_2020_oh / mlp / violation_005
hmda_2020_oh,mlp,soft,1002,violation_005,0.0013014092053403,False,lower,transfer_complete / hmda_2020_oh / mlp / violation_005
hmda_2020_oh,mlp,erm,1003,violation_005,0.7843292070912138,False,lower,transfer_complete / hmda_2020_oh / mlp / violation_005
hmda_2020_oh,mlp,soft,1003,violation_005,5.463286713286713e-05,False,lower,transfer_complete / hmda_2020_oh / mlp / violation_005
hmda_2020_oh,mlp,erm,1004,violation_005,0.8234610701841417,False,lower,transfer_complete / hmda_2020_oh / mlp / violation_005
hmda_2020_oh,mlp,soft,1004,violation_005,0.0017529028441159,False,lower,transfer_complete / hmda_2020_oh / mlp / violation_005
hmda_2020_oh,mlp,erm,1005,violation_005,0.728286432621422,False,lower,transfer_complete / hmda_2020_oh / mlp / violation_005
hmda_2020_oh,mlp,soft,1005,violation_005,0.0007305448928034,False,lower,transfer_complete / hmda_2020_oh / mlp / violation_005
hmda_2020_oh,mlp,erm,1006,violation_005,0.8247391229512213,False,lower,transfer_complete / hmda_2020_oh / mlp / violation_005
hmda_2020_oh,mlp,soft,1006,violation_005,0.0030853133019408,False,lower,transfer_complete / hmda_2020_oh / mlp / violation_005
hmda_2020_oh,mlp,erm,1007,violation_005,0.7408161384635269,False,lower,transfer_complete / hmda_2020_oh / mlp / violation_005
hmda_2020_oh,mlp,soft,1007,violation_005,0.0,False,lower,transfer_complete / hmda_2020_oh / mlp / violation_005
hmda_2020_oh,mlp,erm,1008,violation_005,0.8201566806093167,False,lower,transfer_complete / hmda_2020_oh / mlp / violation_005
hmda_2020_oh,mlp,soft,1008,violation_005,0.0001576503502925,False,lower,transfer_complete / hmda_2020_oh / mlp / violation_005
hmda_2020_oh,mlp,erm,1009,violation_005,0.7779279760620921,False,lower,transfer_complete / hmda_2020_oh / mlp / violation_005
hmda_2020_oh,mlp,soft,1009,violation_005,0.0002759779699451,False,lower,transfer_complete / hmda_2020_oh / mlp / violation_005
hmda_2019_mi,ft,cot_phi,1000,P_R,0.0284520594838989,False,lower,transfer_complete / hmda_2019_mi / ft / P_R
hmda_2019_mi,ft,cot_phi,1001,P_R,0.049239765836851,False,lower,transfer_complete / hmda_2019_mi / ft / P_R
hmda_2019_mi,ft,cot_phi,1002,P_R,0.0296187660448257,False,lower,transfer_complete / hmda_2019_mi / ft / P_R
hmda_2019_mi,ft,cot_phi,1003,P_R,0.0251779186335212,False,lower,transfer_complete / hmda_2019_mi / ft / P_R
hmda_2019_mi,ft,cot_phi,1004,P_R,0.0413747922449924,False,lower,transfer_complete / hmda_2019_mi / ft / P_R
hmda_2019_mi,ft,cot_phi,1005,P_R,0.0380193443047795,False,lower,transfer_complete / hmda_2019_mi / ft / P_R
hmda_2019_mi,ft,cot_phi,1006,P_R,0.0268138639430836,False,lower,transfer_complete / hmda_2019_mi / ft / P_R
hmda_2019_mi,ft,cot_phi,1007,P_R,0.048980257797484,False,lower,transfer_complete / hmda_2019_mi / ft / P_R
hmda_2019_mi,ft,cot_phi,1008,P_R,0.0379952392019514,False,lower,transfer_complete / hmda_2019_mi / ft / P_R
hmda_2019_mi,ft,cot_phi,1009,P_R,0.0281916463637179,False,lower,transfer_complete / hmda_2019_mi / ft / P_R
hmda_2019_mi,ft,hifi,1000,P_R,0.0231914440533877,False,lower,transfer_complete / hmda_2019_mi / ft / P_R
hmda_2019_mi,ft,hifi,1001,P_R,0.0473742404465318,False,lower,transfer_complete / hmda_2019_mi / ft / P_R
hmda_2019_mi,ft,hifi,1002,P_R,0.022169878961051,False,lower,transfer_complete / hmda_2019_mi / ft / P_R
hmda_2019_mi,ft,hifi,1003,P_R,0.0266776911764565,False,lower,transfer_complete / hmda_2019_mi / ft / P_R
hmda_2019_mi,ft,hifi,1004,P_R,0.0680887584119608,False,lower,transfer_complete / hmda_2019_mi / ft / P_R
hmda_2019_mi,ft,hifi,1005,P_R,0.0158746177516383,False,lower,transfer_complete / hmda_2019_mi / ft / P_R
hmda_2019_mi,ft,hifi,1006,P_R,0.0156997615185926,False,lower,transfer_complete / hmda_2019_mi / ft / P_R
hmda_2019_mi,ft,hifi,1007,P_R,0.018611845739761,False,lower,transfer_complete / hmda_2019_mi / ft / P_R
hmda_2019_mi,ft,hifi,1008,P_R,0.0187368599025095,False,lower,transfer_complete / hmda_2019_mi / ft / P_R
hmda_2019_mi,ft,hifi,1009,P_R,0.0242287343759607,False,lower,transfer_complete / hmda_2019_mi / ft / P_R
hmda_2019_mi,ft,hifi_erm,1000,P_R,0.0137805622200774,False,lower,transfer_complete / hmda_2019_mi / ft / P_R
hmda_2019_mi,ft,hifi_erm,1001,P_R,0.0267337784754392,False,lower,transfer_complete / hmda_2019_mi / ft / P_R
hmda_2019_mi,ft,hifi_erm,1002,P_R,0.0198958613282493,False,lower,transfer_complete / hmda_2019_mi / ft / P_R
hmda_2019_mi,ft,hifi_erm,1003,P_R,0.0245565806897563,False,lower,transfer_complete / hmda_2019_mi / ft / P_R
hmda_2019_mi,ft,hifi_erm,1004,P_R,0.0271391809024076,False,lower,transfer_complete / hmda_2019_mi / ft / P_R
hmda_2019_mi,ft,hifi_erm,1005,P_R,0.0262975821098044,False,lower,transfer_complete / hmda_2019_mi / ft / P_R
hmda_2019_mi,ft,hifi_erm,1006,P_R,0.0108886660824428,False,lower,transfer_complete / hmda_2019_mi / ft / P_R
hmda_2019_mi,ft,hifi_erm,1007,P_R,0.0255172859186543,False,lower,transfer_complete / hmda_2019_mi / ft / P_R
hmda_2019_mi,ft,hifi_erm,1008,P_R,0.0162058778116144,False,lower,transfer_complete / hmda_2019_mi / ft / P_R
hmda_2019_mi,ft,hifi_erm,1009,P_R,0.0217891581986961,False,lower,transfer_complete / hmda_2019_mi / ft / P_R
hmda_2019_mi,ft,hifi_shared,1000,P_R,0.032256616968274,False,lower,transfer_complete / hmda_2019_mi / ft / P_R
hmda_2019_mi,ft,hifi_shared,1001,P_R,0.0283384844020054,False,lower,transfer_complete / hmda_2019_mi / ft / P_R
hmda_2019_mi,ft,hifi_shared,1002,P_R,0.0253375133528515,False,lower,transfer_complete / hmda_2019_mi / ft / P_R
hmda_2019_mi,ft,hifi_shared,1003,P_R,0.0223858662498375,False,lower,transfer_complete / hmda_2019_mi / ft / P_R
hmda_2019_mi,ft,hifi_shared,1004,P_R,0.0294919324323397,False,lower,transfer_complete / hmda_2019_mi / ft / P_R
hmda_2019_mi,ft,hifi_shared,1005,P_R,0.0331180466247775,False,lower,transfer_complete / hmda_2019_mi / ft / P_R
hmda_2019_mi,ft,hifi_shared,1006,P_R,0.0177577665601775,False,lower,transfer_complete / hmda_2019_mi / ft / P_R
hmda_2019_mi,ft,hifi_shared,1007,P_R,0.0292268827480904,False,lower,transfer_complete / hmda_2019_mi / ft / P_R
hmda_2019_mi,ft,hifi_shared,1008,P_R,0.0325848824109984,False,lower,transfer_complete / hmda_2019_mi / ft / P_R
hmda_2019_mi,ft,hifi_shared,1009,P_R,0.0324093815401833,False,lower,transfer_complete / hmda_2019_mi / ft / P_R
hmda_2019_mi,ft,reweighing,1000,P_R,0.0122395823940305,False,lower,transfer_complete / hmda_2019_mi / ft / P_R
hmda_2019_mi,ft,reweighing,1001,P_R,0.01400652309463,False,lower,transfer_complete / hmda_2019_mi / ft / P_R
hmda_2019_mi,ft,reweighing,1002,P_R,0.0132297086687498,False,lower,transfer_complete / hmda_2019_mi / ft / P_R
hmda_2019_mi,ft,reweighing,1003,P_R,0.012260197103892,False,lower,transfer_complete / hmda_2019_mi / ft / P_R
hmda_2019_mi,ft,reweighing,1004,P_R,0.0129640997817633,False,lower,transfer_complete / hmda_2019_mi / ft / P_R
hmda_2019_mi,ft,reweighing,1005,P_R,0.0140450173711225,False,lower,transfer_complete / hmda_2019_mi / ft / P_R
hmda_2019_mi,ft,reweighing,1006,P_R,0.0087591930631454,False,lower,transfer_complete / hmda_2019_mi / ft / P_R
hmda_2019_mi,ft,reweighing,1007,P_R,0.0222597833052943,False,lower,transfer_complete / hmda_2019_mi / ft / P_R
hmda_2019_mi,ft,reweighing,1008,P_R,0.0121981987884166,False,lower,transfer_complete / hmda_2019_mi / ft / P_R
hmda_2019_mi,ft,reweighing,1009,P_R,0.0172590455227465,False,lower,transfer_complete / hmda_2019_mi / ft / P_R
hmda_2019_mi,mlp,cot_phi,1000,P_R,0.04679776385421,False,lower,transfer_complete / hmda_2019_mi / mlp / P_R
hmda_2019_mi,mlp,cot_phi,1001,P_R,0.0299233849289548,False,lower,transfer_complete / hmda_2019_mi / mlp / P_R
hmda_2019_mi,mlp,cot_phi,1002,P_R,0.0317664475948276,False,lower,transfer_complete / hmda_2019_mi / mlp / P_R
hmda_2019_mi,mlp,cot_phi,1003,P_R,0.0291141115156813,False,lower,transfer_complete / hmda_2019_mi / mlp / P_R
hmda_2019_mi,mlp,cot_phi,1004,P_R,0.0362960134444468,False,lower,transfer_complete / hmda_2019_mi / mlp / P_R
hmda_2019_mi,mlp,cot_phi,1005,P_R,0.0405231551347151,False,lower,transfer_complete / hmda_2019_mi / mlp / P_R
hmda_2019_mi,mlp,cot_phi,1006,P_R,0.0446055833676688,False,lower,transfer_complete / hmda_2019_mi / mlp / P_R
hmda_2019_mi,mlp,cot_phi,1007,P_R,0.0422472737893849,False,lower,transfer_complete / hmda_2019_mi / mlp / P_R
hmda_2019_mi,mlp,cot_phi,1008,P_R,0.0359141556636151,False,lower,transfer_complete / hmda_2019_mi / mlp / P_R
hmda_2019_mi,mlp,cot_phi,1009,P_R,0.0409067842410431,False,lower,transfer_complete / hmda_2019_mi / mlp / P_R
hmda_2019_mi,mlp,dralign,1000,P_R,0.0252480482679641,False,lower,transfer_complete / hmda_2019_mi / mlp / P_R
hmda_2019_mi,mlp,dralign,1001,P_R,0.0239323630194692,False,lower,transfer_complete / hmda_2019_mi / mlp / P_R
hmda_2019_mi,mlp,dralign,1002,P_R,0.0249027612114512,False,lower,transfer_complete / hmda_2019_mi / mlp / P_R
hmda_2019_mi,mlp,dralign,1003,P_R,0.0378666276352639,False,lower,transfer_complete / hmda_2019_mi / mlp / P_R
hmda_2019_mi,mlp,dralign,1004,P_R,0.0396154517025968,False,lower,transfer_complete / hmda_2019_mi / mlp / P_R
hmda_2019_mi,mlp,dralign,1005,P_R,0.0570728678855944,False,lower,transfer_complete / hmda_2019_mi / mlp / P_R
hmda_2019_mi,mlp,dralign,1006,P_R,0.0403212651865122,False,lower,transfer_complete / hmda_2019_mi / mlp / P_R
hmda_2019_mi,mlp,dralign,1007,P_R,0.0221349132788281,False,lower,transfer_complete / hmda_2019_mi / mlp / P_R
hmda_2019_mi,mlp,dralign,1008,P_R,0.0266927744042946,False,lower,transfer_complete / hmda_2019_mi / mlp / P_R
hmda_2019_mi,mlp,dralign,1009,P_R,0.024689233612434,False,lower,transfer_complete / hmda_2019_mi / mlp / P_R
hmda_2019_mi,mlp,hifi,1000,P_R,0.0416017033011972,False,lower,transfer_complete / hmda_2019_mi / mlp / P_R
hmda_2019_mi,mlp,hifi,1001,P_R,0.0478208563025861,False,lower,transfer_complete / hmda_2019_mi / mlp / P_R
hmda_2019_mi,mlp,hifi,1002,P_R,0.0464974856008146,False,lower,transfer_complete / hmda_2019_mi / mlp / P_R
hmda_2019_mi,mlp,hifi,1003,P_R,0.0465274272901766,False,lower,transfer_complete / hmda_2019_mi / mlp / P_R
hmda_2019_mi,mlp,hifi,1004,P_R,0.0583366825025535,False,lower,transfer_complete / hmda_2019_mi / mlp / P_R
hmda_2019_mi,mlp,hifi,1005,P_R,0.0433837945624223,False,lower,transfer_complete / hmda_2019_mi / mlp / P_R
hmda_2019_mi,mlp,hifi,1006,P_R,0.0630244876583887,False,lower,transfer_complete / hmda_2019_mi / mlp / P_R
hmda_2019_mi,mlp,hifi,1007,P_R,0.0525652185243259,False,lower,transfer_complete / hmda_2019_mi / mlp / P_R
hmda_2019_mi,mlp,hifi,1008,P_R,0.0496578998654509,False,lower,transfer_complete / hmda_2019_mi / mlp / P_R
hmda_2019_mi,mlp,hifi,1009,P_R,0.0562397994283794,False,lower,transfer_complete / hmda_2019_mi / mlp / P_R
hmda_2019_mi,mlp,hifi_erm,1000,P_R,0.0704908919147621,False,lower,transfer_complete / hmda_2019_mi / mlp / P_R
hmda_2019_mi,mlp,hifi_erm,1001,P_R,0.0359620391948258,False,lower,transfer_complete / hmda_2019_mi / mlp / P_R
hmda_2019_mi,mlp,hifi_erm,1002,P_R,0.0529450182901892,False,lower,transfer_complete / hmda_2019_mi / mlp / P_R
hmda_2019_mi,mlp,hifi_erm,1003,P_R,0.0557783359188296,False,lower,transfer_complete / hmda_2019_mi / mlp / P_R
hmda_2019_mi,mlp,hifi_erm,1004,P_R,0.0604821292821331,False,lower,transfer_complete / hmda_2019_mi / mlp / P_R
hmda_2019_mi,mlp,hifi_erm,1005,P_R,0.0625778425533754,False,lower,transfer_complete / hmda_2019_mi / mlp / P_R
hmda_2019_mi,mlp,hifi_erm,1006,P_R,0.0555568451394013,False,lower,transfer_complete / hmda_2019_mi / mlp / P_R
hmda_2019_mi,mlp,hifi_erm,1007,P_R,0.0466505603112704,False,lower,transfer_complete / hmda_2019_mi / mlp / P_R
hmda_2019_mi,mlp,hifi_erm,1008,P_R,0.050702703454587,False,lower,transfer_complete / hmda_2019_mi / mlp / P_R
hmda_2019_mi,mlp,hifi_erm,1009,P_R,0.0562902007014352,False,lower,transfer_complete / hmda_2019_mi / mlp / P_R
hmda_2019_mi,mlp,hifi_shared,1000,P_R,0.0390723928136887,False,lower,transfer_complete / hmda_2019_mi / mlp / P_R
hmda_2019_mi,mlp,hifi_shared,1001,P_R,0.0346427690543364,False,lower,transfer_complete / hmda_2019_mi / mlp / P_R
hmda_2019_mi,mlp,hifi_shared,1002,P_R,0.033226383992139,False,lower,transfer_complete / hmda_2019_mi / mlp / P_R
hmda_2019_mi,mlp,hifi_shared,1003,P_R,0.0314788549152864,False,lower,transfer_complete / hmda_2019_mi / mlp / P_R
hmda_2019_mi,mlp,hifi_shared,1004,P_R,0.0347154379437391,False,lower,transfer_complete / hmda_2019_mi / mlp / P_R
hmda_2019_mi,mlp,hifi_shared,1005,P_R,0.0397119423627064,False,lower,transfer_complete / hmda_2019_mi / mlp / P_R
hmda_2019_mi,mlp,hifi_shared,1006,P_R,0.0443376612621931,False,lower,transfer_complete / hmda_2019_mi / mlp / P_R
hmda_2019_mi,mlp,hifi_shared,1007,P_R,0.0259546052841356,False,lower,transfer_complete / hmda_2019_mi / mlp / P_R
hmda_2019_mi,mlp,hifi_shared,1008,P_R,0.0453115537662271,False,lower,transfer_complete / hmda_2019_mi / mlp / P_R
hmda_2019_mi,mlp,hifi_shared,1009,P_R,0.0304681294773078,False,lower,transfer_complete / hmda_2019_mi / mlp / P_R
hmda_2019_mi,mlp,ltdd,1000,P_R,0.0551535091993321,False,lower,transfer_complete / hmda_2019_mi / mlp / P_R
hmda_2019_mi,mlp,ltdd,1001,P_R,0.0554667557811813,False,lower,transfer_complete / hmda_2019_mi / mlp / P_R
hmda_2019_mi,mlp,ltdd,1002,P_R,0.0345916948578022,False,lower,transfer_complete / hmda_2019_mi / mlp / P_R
hmda_2019_mi,mlp,ltdd,1003,P_R,0.0454627886357611,False,lower,transfer_complete / hmda_2019_mi / mlp / P_R
hmda_2019_mi,mlp,ltdd,1004,P_R,0.0385443168538943,False,lower,transfer_complete / hmda_2019_mi / mlp / P_R
hmda_2019_mi,mlp,ltdd,1005,P_R,0.0435952784019991,False,lower,transfer_complete / hmda_2019_mi / mlp / P_R
hmda_2019_mi,mlp,ltdd,1006,P_R,0.0566298572594797,False,lower,transfer_complete / hmda_2019_mi / mlp / P_R
hmda_2019_mi,mlp,ltdd,1007,P_R,0.0483254095761993,False,lower,transfer_complete / hmda_2019_mi / mlp / P_R
hmda_2019_mi,mlp,ltdd,1008,P_R,0.039355631122774,False,lower,transfer_complete / hmda_2019_mi / mlp / P_R
hmda_2019_mi,mlp,ltdd,1009,P_R,0.0476930641080231,False,lower,transfer_complete / hmda_2019_mi / mlp / P_R
hmda_2019_mi,mlp,neufair,1000,P_R,0.0229521618920574,False,lower,transfer_complete / hmda_2019_mi / mlp / P_R
hmda_2019_mi,mlp,neufair,1001,P_R,0.0180740778693873,False,lower,transfer_complete / hmda_2019_mi / mlp / P_R
hmda_2019_mi,mlp,neufair,1002,P_R,0.01804529678379,False,lower,transfer_complete / hmda_2019_mi / mlp / P_R
hmda_2019_mi,mlp,neufair,1003,P_R,0.0157707899322702,False,lower,transfer_complete / hmda_2019_mi / mlp / P_R
hmda_2019_mi,mlp,neufair,1004,P_R,0.0157330190396621,False,lower,transfer_complete / hmda_2019_mi / mlp / P_R
hmda_2019_mi,mlp,neufair,1005,P_R,0.0197418052025636,False,lower,transfer_complete / hmda_2019_mi / mlp / P_R
hmda_2019_mi,mlp,neufair,1006,P_R,0.0208566674043326,False,lower,transfer_complete / hmda_2019_mi / mlp / P_R
hmda_2019_mi,mlp,neufair,1007,P_R,0.0141959701104008,False,lower,transfer_complete / hmda_2019_mi / mlp / P_R
hmda_2019_mi,mlp,neufair,1008,P_R,0.0199191661513142,False,lower,transfer_complete / hmda_2019_mi / mlp / P_R
hmda_2019_mi,mlp,neufair,1009,P_R,0.0116828887300128,False,lower,transfer_complete / hmda_2019_mi / mlp / P_R
hmda_2020_oh,ft,cot_phi,1000,P_R,0.0284251984706079,False,lower,transfer_complete / hmda_2020_oh / ft / P_R
hmda_2020_oh,ft,cot_phi,1001,P_R,0.050352755314425,False,lower,transfer_complete / hmda_2020_oh / ft / P_R
hmda_2020_oh,ft,cot_phi,1002,P_R,0.0302696284873532,False,lower,transfer_complete / hmda_2020_oh / ft / P_R
hmda_2020_oh,ft,cot_phi,1003,P_R,0.0248637243269766,False,lower,transfer_complete / hmda_2020_oh / ft / P_R
hmda_2020_oh,ft,cot_phi,1004,P_R,0.0409006242981346,False,lower,transfer_complete / hmda_2020_oh / ft / P_R
hmda_2020_oh,ft,cot_phi,1005,P_R,0.0393883270264714,False,lower,transfer_complete / hmda_2020_oh / ft / P_R
hmda_2020_oh,ft,cot_phi,1006,P_R,0.0274261471026106,False,lower,transfer_complete / hmda_2020_oh / ft / P_R
hmda_2020_oh,ft,cot_phi,1007,P_R,0.0489341033169708,False,lower,transfer_complete / hmda_2020_oh / ft / P_R
hmda_2020_oh,ft,cot_phi,1008,P_R,0.0398715929842537,False,lower,transfer_complete / hmda_2020_oh / ft / P_R
hmda_2020_oh,ft,cot_phi,1009,P_R,0.0296931411486212,False,lower,transfer_complete / hmda_2020_oh / ft / P_R
hmda_2020_oh,ft,hifi,1000,P_R,0.0255203651512171,False,lower,transfer_complete / hmda_2020_oh / ft / P_R
hmda_2020_oh,ft,hifi,1001,P_R,0.0484595070283249,False,lower,transfer_complete / hmda_2020_oh / ft / P_R
hmda_2020_oh,ft,hifi,1002,P_R,0.0252532051686367,False,lower,transfer_complete / hmda_2020_oh / ft / P_R
hmda_2020_oh,ft,hifi,1003,P_R,0.0291593880820943,False,lower,transfer_complete / hmda_2020_oh / ft / P_R
hmda_2020_oh,ft,hifi,1004,P_R,0.0663955650156775,False,lower,transfer_complete / hmda_2020_oh / ft / P_R
hmda_2020_oh,ft,hifi,1005,P_R,0.0168223113646019,False,lower,transfer_complete / hmda_2020_oh / ft / P_R
hmda_2020_oh,ft,hifi,1006,P_R,0.0177557197352909,False,lower,transfer_complete / hmda_2020_oh / ft / P_R
hmda_2020_oh,ft,hifi,1007,P_R,0.02078527523181,False,lower,transfer_complete / hmda_2020_oh / ft / P_R
hmda_2020_oh,ft,hifi,1008,P_R,0.0212143159817245,False,lower,transfer_complete / hmda_2020_oh / ft / P_R
hmda_2020_oh,ft,hifi,1009,P_R,0.0247880555122802,False,lower,transfer_complete / hmda_2020_oh / ft / P_R
hmda_2020_oh,ft,hifi_erm,1000,P_R,0.0126316210067775,False,lower,transfer_complete / hmda_2020_oh / ft / P_R
hmda_2020_oh,ft,hifi_erm,1001,P_R,0.0269705321692419,False,lower,transfer_complete / hmda_2020_oh / ft / P_R
hmda_2020_oh,ft,hifi_erm,1002,P_R,0.0181739473427897,False,lower,transfer_complete / hmda_2020_oh / ft / P_R
hmda_2020_oh,ft,hifi_erm,1003,P_R,0.0242078232008876,False,lower,transfer_complete / hmda_2020_oh / ft / P_R
hmda_2020_oh,ft,hifi_erm,1004,P_R,0.0281606347626457,False,lower,transfer_complete / hmda_2020_oh / ft / P_R
hmda_2020_oh,ft,hifi_erm,1005,P_R,0.0272574466319226,False,lower,transfer_complete / hmda_2020_oh / ft / P_R
hmda_2020_oh,ft,hifi_erm,1006,P_R,0.011427291406032,False,lower,transfer_complete / hmda_2020_oh / ft / P_R
hmda_2020_oh,ft,hifi_erm,1007,P_R,0.026308747722068,False,lower,transfer_complete / hmda_2020_oh / ft / P_R
hmda_2020_oh,ft,hifi_erm,1008,P_R,0.0176778634082767,False,lower,transfer_complete / hmda_2020_oh / ft / P_R
hmda_2020_oh,ft,hifi_erm,1009,P_R,0.0232170493788541,False,lower,transfer_complete / hmda_2020_oh / ft / P_R
hmda_2020_oh,ft,hifi_shared,1000,P_R,0.0354655636523479,False,lower,transfer_complete / hmda_2020_oh / ft / P_R
hmda_2020_oh,ft,hifi_shared,1001,P_R,0.0332402094509192,False,lower,transfer_complete / hmda_2020_oh / ft / P_R
hmda_2020_oh,ft,hifi_shared,1002,P_R,0.0267247026182764,False,lower,transfer_complete / hmda_2020_oh / ft / P_R
hmda_2020_oh,ft,hifi_shared,1003,P_R,0.0245542662158219,False,lower,transfer_complete / hmda_2020_oh / ft / P_R
hmda_2020_oh,ft,hifi_shared,1004,P_R,0.0326556877291124,False,lower,transfer_complete / hmda_2020_oh / ft / P_R
hmda_2020_oh,ft,hifi_shared,1005,P_R,0.0356121110565054,False,lower,transfer_complete / hmda_2020_oh / ft / P_R
hmda_2020_oh,ft,hifi_shared,1006,P_R,0.0197554915479846,False,lower,transfer_complete / hmda_2020_oh / ft / P_R
hmda_2020_oh,ft,hifi_shared,1007,P_R,0.0320102047040575,False,lower,transfer_complete / hmda_2020_oh / ft / P_R
hmda_2020_oh,ft,hifi_shared,1008,P_R,0.0364815010784339,False,lower,transfer_complete / hmda_2020_oh / ft / P_R
hmda_2020_oh,ft,hifi_shared,1009,P_R,0.0355090429021578,False,lower,transfer_complete / hmda_2020_oh / ft / P_R
hmda_2020_oh,ft,reweighing,1000,P_R,0.0115040196223617,False,lower,transfer_complete / hmda_2020_oh / ft / P_R
hmda_2020_oh,ft,reweighing,1001,P_R,0.0132030873591097,False,lower,transfer_complete / hmda_2020_oh / ft / P_R
hmda_2020_oh,ft,reweighing,1002,P_R,0.0129614649941405,False,lower,transfer_complete / hmda_2020_oh / ft / P_R
hmda_2020_oh,ft,reweighing,1003,P_R,0.0103374713509462,False,lower,transfer_complete / hmda_2020_oh / ft / P_R
hmda_2020_oh,ft,reweighing,1004,P_R,0.0119668042825194,False,lower,transfer_complete / hmda_2020_oh / ft / P_R
hmda_2020_oh,ft,reweighing,1005,P_R,0.013882917506956,False,lower,transfer_complete / hmda_2020_oh / ft / P_R
hmda_2020_oh,ft,reweighing,1006,P_R,0.0085275829876106,False,lower,transfer_complete / hmda_2020_oh / ft / P_R
hmda_2020_oh,ft,reweighing,1007,P_R,0.0202620099127444,False,lower,transfer_complete / hmda_2020_oh / ft / P_R
hmda_2020_oh,ft,reweighing,1008,P_R,0.0118673669076912,False,lower,transfer_complete / hmda_2020_oh / ft / P_R
hmda_2020_oh,ft,reweighing,1009,P_R,0.016148644836131,False,lower,transfer_complete / hmda_2020_oh / ft / P_R
hmda_2020_oh,mlp,cot_phi,1000,P_R,0.0449123747902263,False,lower,transfer_complete / hmda_2020_oh / mlp / P_R
hmda_2020_oh,mlp,cot_phi,1001,P_R,0.0283946142421661,False,lower,transfer_complete / hmda_2020_oh / mlp / P_R
hmda_2020_oh,mlp,cot_phi,1002,P_R,0.0302985850022113,False,lower,transfer_complete / hmda_2020_oh / mlp / P_R
hmda_2020_oh,mlp,cot_phi,1003,P_R,0.0297938566326255,False,lower,transfer_complete / hmda_2020_oh / mlp / P_R
hmda_2020_oh,mlp,cot_phi,1004,P_R,0.0355038737715234,False,lower,transfer_complete / hmda_2020_oh / mlp / P_R
hmda_2020_oh,mlp,cot_phi,1005,P_R,0.0400717632685571,False,lower,transfer_complete / hmda_2020_oh / mlp / P_R
hmda_2020_oh,mlp,cot_phi,1006,P_R,0.0415981169608321,False,lower,transfer_complete / hmda_2020_oh / mlp / P_R
hmda_2020_oh,mlp,cot_phi,1007,P_R,0.0420387699556686,False,lower,transfer_complete / hmda_2020_oh / mlp / P_R
hmda_2020_oh,mlp,cot_phi,1008,P_R,0.0355878560630596,False,lower,transfer_complete / hmda_2020_oh / mlp / P_R
hmda_2020_oh,mlp,cot_phi,1009,P_R,0.0394703112244377,False,lower,transfer_complete / hmda_2020_oh / mlp / P_R
hmda_2020_oh,mlp,dralign,1000,P_R,0.023728462091217,False,lower,transfer_complete / hmda_2020_oh / mlp / P_R
hmda_2020_oh,mlp,dralign,1001,P_R,0.0222932559191041,False,lower,transfer_complete / hmda_2020_oh / mlp / P_R
hmda_2020_oh,mlp,dralign,1002,P_R,0.0253772778606393,False,lower,transfer_complete / hmda_2020_oh / mlp / P_R
hmda_2020_oh,mlp,dralign,1003,P_R,0.0342566895809602,False,lower,transfer_complete / hmda_2020_oh / mlp / P_R
hmda_2020_oh,mlp,dralign,1004,P_R,0.0393124539939929,False,lower,transfer_complete / hmda_2020_oh / mlp / P_R
hmda_2020_oh,mlp,dralign,1005,P_R,0.0506713362052853,False,lower,transfer_complete / hmda_2020_oh / mlp / P_R
hmda_2020_oh,mlp,dralign,1006,P_R,0.0364254363133516,False,lower,transfer_complete / hmda_2020_oh / mlp / P_R
hmda_2020_oh,mlp,dralign,1007,P_R,0.020745769401548,False,lower,transfer_complete / hmda_2020_oh / mlp / P_R
hmda_2020_oh,mlp,dralign,1008,P_R,0.0268876054663231,False,lower,transfer_complete / hmda_2020_oh / mlp / P_R
hmda_2020_oh,mlp,dralign,1009,P_R,0.022151401933668,False,lower,transfer_complete / hmda_2020_oh / mlp / P_R
hmda_2020_oh,mlp,hifi,1000,P_R,0.0397000595141287,False,lower,transfer_complete / hmda_2020_oh / mlp / P_R
hmda_2020_oh,mlp,hifi,1001,P_R,0.0460216286022454,False,lower,transfer_complete / hmda_2020_oh / mlp / P_R
hmda_2020_oh,mlp,hifi,1002,P_R,0.0459726730222953,False,lower,transfer_complete / hmda_2020_oh / mlp / P_R
hmda_2020_oh,mlp,hifi,1003,P_R,0.0438963881136997,False,lower,transfer_complete / hmda_2020_oh / mlp / P_R
hmda_2020_oh,mlp,hifi,1004,P_R,0.0547731599454907,False,lower,transfer_complete / hmda_2020_oh / mlp / P_R
hmda_2020_oh,mlp,hifi,1005,P_R,0.0430812671052621,False,lower,transfer_complete / hmda_2020_oh / mlp / P_R
hmda_2020_oh,mlp,hifi,1006,P_R,0.060250167847122,False,lower,transfer_complete / hmda_2020_oh / mlp / P_R
hmda_2020_oh,mlp,hifi,1007,P_R,0.0526037132388163,False,lower,transfer_complete / hmda_2020_oh / mlp / P_R
hmda_2020_oh,mlp,hifi,1008,P_R,0.0483431089120697,False,lower,transfer_complete / hmda_2020_oh / mlp / P_R
hmda_2020_oh,mlp,hifi,1009,P_R,0.0552159583177774,False,lower,transfer_complete / hmda_2020_oh / mlp / P_R
hmda_2020_oh,mlp,hifi_erm,1000,P_R,0.0690903482368945,False,lower,transfer_complete / hmda_2020_oh / mlp / P_R
hmda_2020_oh,mlp,hifi_erm,1001,P_R,0.0341545384952854,False,lower,transfer_complete / hmda_2020_oh / mlp / P_R
hmda_2020_oh,mlp,hifi_erm,1002,P_R,0.0500972027379281,False,lower,transfer_complete / hmda_2020_oh / mlp / P_R
hmda_2020_oh,mlp,hifi_erm,1003,P_R,0.0533924452401378,False,lower,transfer_complete / hmda_2020_oh / mlp / P_R
hmda_2020_oh,mlp,hifi_erm,1004,P_R,0.0541620606898628,False,lower,transfer_complete / hmda_2020_oh / mlp / P_R
hmda_2020_oh,mlp,hifi_erm,1005,P_R,0.0602167144178561,False,lower,transfer_complete / hmda_2020_oh / mlp / P_R
hmda_2020_oh,mlp,hifi_erm,1006,P_R,0.0544731186265853,False,lower,transfer_complete / hmda_2020_oh / mlp / P_R
hmda_2020_oh,mlp,hifi_erm,1007,P_R,0.046330055898507,False,lower,transfer_complete / hmda_2020_oh / mlp / P_R
hmda_2020_oh,mlp,hifi_erm,1008,P_R,0.0487739046967312,False,lower,transfer_complete / hmda_2020_oh / mlp / P_R
hmda_2020_oh,mlp,hifi_erm,1009,P_R,0.0554161570013777,False,lower,transfer_complete / hmda_2020_oh / mlp / P_R
hmda_2020_oh,mlp,hifi_shared,1000,P_R,0.0395365769575812,False,lower,transfer_complete / hmda_2020_oh / mlp / P_R
hmda_2020_oh,mlp,hifi_shared,1001,P_R,0.0332545459432864,False,lower,transfer_complete / hmda_2020_oh / mlp / P_R
hmda_2020_oh,mlp,hifi_shared,1002,P_R,0.0345643619592063,False,lower,transfer_complete / hmda_2020_oh / mlp / P_R
hmda_2020_oh,mlp,hifi_shared,1003,P_R,0.0319705928407511,False,lower,transfer_complete / hmda_2020_oh / mlp / P_R
hmda_2020_oh,mlp,hifi_shared,1004,P_R,0.0334996499718671,False,lower,transfer_complete / hmda_2020_oh / mlp / P_R
hmda_2020_oh,mlp,hifi_shared,1005,P_R,0.0390832594228622,False,lower,transfer_complete / hmda_2020_oh / mlp / P_R
hmda_2020_oh,mlp,hifi_shared,1006,P_R,0.0425229667150706,False,lower,transfer_complete / hmda_2020_oh / mlp / P_R
hmda_2020_oh,mlp,hifi_shared,1007,P_R,0.0233146895819172,False,lower,transfer_complete / hmda_2020_oh / mlp / P_R
hmda_2020_oh,mlp,hifi_shared,1008,P_R,0.045426896284367,False,lower,transfer_complete / hmda_2020_oh / mlp / P_R
hmda_2020_oh,mlp,hifi_shared,1009,P_R,0.0295110989883326,False,lower,transfer_complete / hmda_2020_oh / mlp / P_R
hmda_2020_oh,mlp,ltdd,1000,P_R,0.0542045374539348,False,lower,transfer_complete / hmda_2020_oh / mlp / P_R
hmda_2020_oh,mlp,ltdd,1001,P_R,0.053122004797982,False,lower,transfer_complete / hmda_2020_oh / mlp / P_R
hmda_2020_oh,mlp,ltdd,1002,P_R,0.0338789303099735,False,lower,transfer_complete / hmda_2020_oh / mlp / P_R
hmda_2020_oh,mlp,ltdd,1003,P_R,0.0437089304207819,False,lower,transfer_complete / hmda_2020_oh / mlp / P_R
hmda_2020_oh,mlp,ltdd,1004,P_R,0.0369510029754732,False,lower,transfer_complete / hmda_2020_oh / mlp / P_R
hmda_2020_oh,mlp,ltdd,1005,P_R,0.0420843490765382,False,lower,transfer_complete / hmda_2020_oh / mlp / P_R
hmda_2020_oh,mlp,ltdd,1006,P_R,0.054666536056915,False,lower,transfer_complete / hmda_2020_oh / mlp / P_R
hmda_2020_oh,mlp,ltdd,1007,P_R,0.0473968508255876,False,lower,transfer_complete / hmda_2020_oh / mlp / P_R
hmda_2020_oh,mlp,ltdd,1008,P_R,0.0373682586058527,False,lower,transfer_complete / hmda_2020_oh / mlp / P_R
hmda_2020_oh,mlp,ltdd,1009,P_R,0.0494900646377786,False,lower,transfer_complete / hmda_2020_oh / mlp / P_R
hmda_2020_oh,mlp,neufair,1000,P_R,0.0227273851930537,False,lower,transfer_complete / hmda_2020_oh / mlp / P_R
hmda_2020_oh,mlp,neufair,1001,P_R,0.0182842904052296,False,lower,transfer_complete / hmda_2020_oh / mlp / P_R
hmda_2020_oh,mlp,neufair,1002,P_R,0.0182810788719888,False,lower,transfer_complete / hmda_2020_oh / mlp / P_R
hmda_2020_oh,mlp,neufair,1003,P_R,0.0156862257853733,False,lower,transfer_complete / hmda_2020_oh / mlp / P_R
hmda_2020_oh,mlp,neufair,1004,P_R,0.0155269662433286,False,lower,transfer_complete / hmda_2020_oh / mlp / P_R
hmda_2020_oh,mlp,neufair,1005,P_R,0.0193054150382457,False,lower,transfer_complete / hmda_2020_oh / mlp / P_R
hmda_2020_oh,mlp,neufair,1006,P_R,0.0196314933019936,False,lower,transfer_complete / hmda_2020_oh / mlp / P_R
hmda_2020_oh,mlp,neufair,1007,P_R,0.0136803550623919,False,lower,transfer_complete / hmda_2020_oh / mlp / P_R
hmda_2020_oh,mlp,neufair,1008,P_R,0.0205081371124665,False,lower,transfer_complete / hmda_2020_oh / mlp / P_R
hmda_2020_oh,mlp,neufair,1009,P_R,0.0116380299523576,False,lower,transfer_complete / hmda_2020_oh / mlp / P_R
hmda_2019_mi,ft,erm,1000,P_R,0.0243093348239865,False,lower,transfer_complete / hmda_2019_mi / ft / P_R
hmda_2019_mi,ft,soft,1000,P_R,0.0009178930976265,False,lower,transfer_complete / hmda_2019_mi / ft / P_R
hmda_2019_mi,ft,erm,1001,P_R,0.0307425413572578,False,lower,transfer_complete / hmda_2019_mi / ft / P_R
hmda_2019_mi,ft,soft,1001,P_R,0.000955408795611,False,lower,transfer_complete / hmda_2019_mi / ft / P_R
hmda_2019_mi,ft,erm,1002,P_R,0.0267078108111846,False,lower,transfer_complete / hmda_2019_mi / ft / P_R
hmda_2019_mi,ft,soft,1002,P_R,0.0012339171195673,False,lower,transfer_complete / hmda_2019_mi / ft / P_R
hmda_2019_mi,ft,erm,1003,P_R,0.0283645449236064,False,lower,transfer_complete / hmda_2019_mi / ft / P_R
hmda_2019_mi,ft,soft,1003,P_R,0.0012427818880282,False,lower,transfer_complete / hmda_2019_mi / ft / P_R
hmda_2019_mi,ft,erm,1004,P_R,0.026246189773556,False,lower,transfer_complete / hmda_2019_mi / ft / P_R
hmda_2019_mi,ft,soft,1004,P_R,0.0008645382963978,False,lower,transfer_complete / hmda_2019_mi / ft / P_R
hmda_2019_mi,ft,erm,1005,P_R,0.0326835827472729,False,lower,transfer_complete / hmda_2019_mi / ft / P_R
hmda_2019_mi,ft,soft,1005,P_R,0.0008040084368649,False,lower,transfer_complete / hmda_2019_mi / ft / P_R
hmda_2019_mi,ft,erm,1006,P_R,0.0221708060131358,False,lower,transfer_complete / hmda_2019_mi / ft / P_R
hmda_2019_mi,ft,soft,1006,P_R,0.0008712491895386,False,lower,transfer_complete / hmda_2019_mi / ft / P_R
hmda_2019_mi,ft,erm,1007,P_R,0.0266097447493531,False,lower,transfer_complete / hmda_2019_mi / ft / P_R
hmda_2019_mi,ft,soft,1007,P_R,0.0009651142615753,False,lower,transfer_complete / hmda_2019_mi / ft / P_R
hmda_2019_mi,ft,erm,1008,P_R,0.031987521146799,False,lower,transfer_complete / hmda_2019_mi / ft / P_R
hmda_2019_mi,ft,soft,1008,P_R,0.0005367574869481,False,lower,transfer_complete / hmda_2019_mi / ft / P_R
hmda_2019_mi,ft,erm,1009,P_R,0.026731515672504,False,lower,transfer_complete / hmda_2019_mi / ft / P_R
hmda_2019_mi,ft,soft,1009,P_R,0.000714598232101,False,lower,transfer_complete / hmda_2019_mi / ft / P_R
hmda_2019_mi,mlp,erm,1000,P_R,0.0399536673926712,False,lower,transfer_complete / hmda_2019_mi / mlp / P_R
hmda_2019_mi,mlp,soft,1000,P_R,0.0010772397602827,False,lower,transfer_complete / hmda_2019_mi / mlp / P_R
hmda_2019_mi,mlp,erm,1001,P_R,0.0482741742602096,False,lower,transfer_complete / hmda_2019_mi / mlp / P_R
hmda_2019_mi,mlp,soft,1001,P_R,0.0009640630350722,False,lower,transfer_complete / hmda_2019_mi / mlp / P_R
hmda_2019_mi,mlp,erm,1002,P_R,0.0350887118272872,False,lower,transfer_complete / hmda_2019_mi / mlp / P_R
hmda_2019_mi,mlp,soft,1002,P_R,0.0015576524550967,False,lower,transfer_complete / hmda_2019_mi / mlp / P_R
hmda_2019_mi,mlp,erm,1003,P_R,0.030568693308527,False,lower,transfer_complete / hmda_2019_mi / mlp / P_R
hmda_2019_mi,mlp,soft,1003,P_R,0.0008031130609005,False,lower,transfer_complete / hmda_2019_mi / mlp / P_R
hmda_2019_mi,mlp,erm,1004,P_R,0.0338031412123246,False,lower,transfer_complete / hmda_2019_mi / mlp / P_R
hmda_2019_mi,mlp,soft,1004,P_R,0.0013396967224544,False,lower,transfer_complete / hmda_2019_mi / mlp / P_R
hmda_2019_mi,mlp,erm,1005,P_R,0.0273487500927404,False,lower,transfer_complete / hmda_2019_mi / mlp / P_R
hmda_2019_mi,mlp,soft,1005,P_R,0.001786400301999,False,lower,transfer_complete / hmda_2019_mi / mlp / P_R
hmda_2019_mi,mlp,erm,1006,P_R,0.0400380140294116,False,lower,transfer_complete / hmda_2019_mi / mlp / P_R
hmda_2019_mi,mlp,soft,1006,P_R,0.001719794445303,False,lower,transfer_complete / hmda_2019_mi / mlp / P_R
hmda_2019_mi,mlp,erm,1007,P_R,0.0273824394596509,False,lower,transfer_complete / hmda_2019_mi / mlp / P_R
hmda_2019_mi,mlp,soft,1007,P_R,0.00080696192393,False,lower,transfer_complete / hmda_2019_mi / mlp / P_R
hmda_2019_mi,mlp,erm,1008,P_R,0.0374646731960222,False,lower,transfer_complete / hmda_2019_mi / mlp / P_R
hmda_2019_mi,mlp,soft,1008,P_R,0.0008664883164167,False,lower,transfer_complete / hmda_2019_mi / mlp / P_R
hmda_2019_mi,mlp,erm,1009,P_R,0.0370018909243718,False,lower,transfer_complete / hmda_2019_mi / mlp / P_R
hmda_2019_mi,mlp,soft,1009,P_R,0.0007154766545375,False,lower,transfer_complete / hmda_2019_mi / mlp / P_R
hmda_2020_oh,ft,erm,1000,P_R,0.0284703242707166,False,lower,transfer_complete / hmda_2020_oh / ft / P_R
hmda_2020_oh,ft,soft,1000,P_R,0.000917090377637,False,lower,transfer_complete / hmda_2020_oh / ft / P_R
hmda_2020_oh,ft,erm,1001,P_R,0.0344901660576334,False,lower,transfer_complete / hmda_2020_oh / ft / P_R
hmda_2020_oh,ft,soft,1001,P_R,0.0009705344233948,False,lower,transfer_complete / hmda_2020_oh / ft / P_R
hmda_2020_oh,ft,erm,1002,P_R,0.029028681783704,False,lower,transfer_complete / hmda_2020_oh / ft / P_R
hmda_2020_oh,ft,soft,1002,P_R,0.0012832143396597,False,lower,transfer_complete / hmda_2020_oh / ft / P_R
hmda_2020_oh,ft,erm,1003,P_R,0.0312000831278845,False,lower,transfer_complete / hmda_2020_oh / ft / P_R
hmda_2020_oh,ft,soft,1003,P_R,0.0012804414332175,False,lower,transfer_complete / hmda_2020_oh / ft / P_R
hmda_2020_oh,ft,erm,1004,P_R,0.0270593701831013,False,lower,transfer_complete / hmda_2020_oh / ft / P_R
hmda_2020_oh,ft,soft,1004,P_R,0.0008143501449123,False,lower,transfer_complete / hmda_2020_oh / ft / P_R
hmda_2020_oh,ft,erm,1005,P_R,0.0354141784442083,False,lower,transfer_complete / hmda_2020_oh / ft / P_R
hmda_2020_oh,ft,soft,1005,P_R,0.0008279376910404,False,lower,transfer_complete / hmda_2020_oh / ft / P_R
hmda_2020_oh,ft,erm,1006,P_R,0.0251009845169825,False,lower,transfer_complete / hmda_2020_oh / ft / P_R
hmda_2020_oh,ft,soft,1006,P_R,0.000889739973569,False,lower,transfer_complete / hmda_2020_oh / ft / P_R
hmda_2020_oh,ft,erm,1007,P_R,0.0292382798578831,False,lower,transfer_complete / hmda_2020_oh / ft / P_R
hmda_2020_oh,ft,soft,1007,P_R,0.0009495899429497,False,lower,transfer_complete / hmda_2020_oh / ft / P_R
hmda_2020_oh,ft,erm,1008,P_R,0.0353907344177486,False,lower,transfer_complete / hmda_2020_oh / ft / P_R
hmda_2020_oh,ft,soft,1008,P_R,0.0005456243083269,False,lower,transfer_complete / hmda_2020_oh / ft / P_R
hmda_2020_oh,ft,erm,1009,P_R,0.0301903660043613,False,lower,transfer_complete / hmda_2020_oh / ft / P_R
hmda_2020_oh,ft,soft,1009,P_R,0.000716200368939,False,lower,transfer_complete / hmda_2020_oh / ft / P_R
hmda_2020_oh,mlp,erm,1000,P_R,0.0396349696496641,False,lower,transfer_complete / hmda_2020_oh / mlp / P_R
hmda_2020_oh,mlp,soft,1000,P_R,0.0010349654284024,False,lower,transfer_complete / hmda_2020_oh / mlp / P_R
hmda_2020_oh,mlp,erm,1001,P_R,0.0464001391195775,False,lower,transfer_complete / hmda_2020_oh / mlp / P_R
hmda_2020_oh,mlp,soft,1001,P_R,0.0009188572043939,False,lower,transfer_complete / hmda_2020_oh / mlp / P_R
hmda_2020_oh,mlp,erm,1002,P_R,0.0365246647135321,False,lower,transfer_complete / hmda_2020_oh / mlp / P_R
hmda_2020_oh,mlp,soft,1002,P_R,0.0015409261672946,False,lower,transfer_complete / hmda_2020_oh / mlp / P_R
hmda_2020_oh,mlp,erm,1003,P_R,0.0309286751625974,False,lower,transfer_complete / hmda_2020_oh / mlp / P_R
hmda_2020_oh,mlp,soft,1003,P_R,0.0007818517575427,False,lower,transfer_complete / hmda_2020_oh / mlp / P_R
hmda_2020_oh,mlp,erm,1004,P_R,0.0331295630641289,False,lower,transfer_complete / hmda_2020_oh / mlp / P_R
hmda_2020_oh,mlp,soft,1004,P_R,0.0012994458497568,False,lower,transfer_complete / hmda_2020_oh / mlp / P_R
hmda_2020_oh,mlp,erm,1005,P_R,0.027125657509671,False,lower,transfer_complete / hmda_2020_oh / mlp / P_R
hmda_2020_oh,mlp,soft,1005,P_R,0.0017082954790248,False,lower,transfer_complete / hmda_2020_oh / mlp / P_R
hmda_2020_oh,mlp,erm,1006,P_R,0.039372704857018,False,lower,transfer_complete / hmda_2020_oh / mlp / P_R
hmda_2020_oh,mlp,soft,1006,P_R,0.0016651177386867,False,lower,transfer_complete / hmda_2020_oh / mlp / P_R
hmda_2020_oh,mlp,erm,1007,P_R,0.0259861550132785,False,lower,transfer_complete / hmda_2020_oh / mlp / P_R
hmda_2020_oh,mlp,soft,1007,P_R,0.0008073320248014,False,lower,transfer_complete / hmda_2020_oh / mlp / P_R
hmda_2020_oh,mlp,erm,1008,P_R,0.0367635415124361,False,lower,transfer_complete / hmda_2020_oh / mlp / P_R
hmda_2020_oh,mlp,soft,1008,P_R,0.0008496180181025,False,lower,transfer_complete / hmda_2020_oh / mlp / P_R
hmda_2020_oh,mlp,erm,1009,P_R,0.035702266045693,False,lower,transfer_complete / hmda_2020_oh / mlp / P_R
hmda_2020_oh,mlp,soft,1009,P_R,0.0007100894521756,False,lower,transfer_complete / hmda_2020_oh / mlp / P_R
hmda_2019_mi,ft,cot_phi,1000,P_population_effect_gap,0.0279508748499966,False,lower,transfer_complete / hmda_2019_mi / ft / P_population_effect_gap
hmda_2019_mi,ft,cot_phi,1001,P_population_effect_gap,0.039592974944975,False,lower,transfer_complete / hmda_2019_mi / ft / P_population_effect_gap
hmda_2019_mi,ft,cot_phi,1002,P_population_effect_gap,0.0261563871376204,False,lower,transfer_complete / hmda_2019_mi / ft / P_population_effect_gap
hmda_2019_mi,ft,cot_phi,1003,P_population_effect_gap,0.0274587885129242,False,lower,transfer_complete / hmda_2019_mi / ft / P_population_effect_gap
hmda_2019_mi,ft,cot_phi,1004,P_population_effect_gap,0.0346812410781837,False,lower,transfer_complete / hmda_2019_mi / ft / P_population_effect_gap
hmda_2019_mi,ft,cot_phi,1005,P_population_effect_gap,0.0362718587992228,False,lower,transfer_complete / hmda_2019_mi / ft / P_population_effect_gap
hmda_2019_mi,ft,cot_phi,1006,P_population_effect_gap,0.0199181176938936,False,lower,transfer_complete / hmda_2019_mi / ft / P_population_effect_gap
hmda_2019_mi,ft,cot_phi,1007,P_population_effect_gap,0.0366047336986066,False,lower,transfer_complete / hmda_2019_mi / ft / P_population_effect_gap
hmda_2019_mi,ft,cot_phi,1008,P_population_effect_gap,0.0325068382566513,False,lower,transfer_complete / hmda_2019_mi / ft / P_population_effect_gap
hmda_2019_mi,ft,cot_phi,1009,P_population_effect_gap,0.0310999371596199,False,lower,transfer_complete / hmda_2019_mi / ft / P_population_effect_gap
hmda_2019_mi,ft,hifi,1000,P_population_effect_gap,0.0285280890138242,False,lower,transfer_complete / hmda_2019_mi / ft / P_population_effect_gap
hmda_2019_mi,ft,hifi,1001,P_population_effect_gap,0.0327746223897512,False,lower,transfer_complete / hmda_2019_mi / ft / P_population_effect_gap
hmda_2019_mi,ft,hifi,1002,P_population_effect_gap,0.0235407152564701,False,lower,transfer_complete / hmda_2019_mi / ft / P_population_effect_gap
hmda_2019_mi,ft,hifi,1003,P_population_effect_gap,0.0251068443746604,False,lower,transfer_complete / hmda_2019_mi / ft / P_population_effect_gap
hmda_2019_mi,ft,hifi,1004,P_population_effect_gap,0.0650740524956644,False,lower,transfer_complete / hmda_2019_mi / ft / P_population_effect_gap
hmda_2019_mi,ft,hifi,1005,P_population_effect_gap,0.0187645965234046,False,lower,transfer_complete / hmda_2019_mi / ft / P_population_effect_gap
hmda_2019_mi,ft,hifi,1006,P_population_effect_gap,0.0152656548243846,False,lower,transfer_complete / hmda_2019_mi / ft / P_population_effect_gap
hmda_2019_mi,ft,hifi,1007,P_population_effect_gap,0.022169476692279,False,lower,transfer_complete / hmda_2019_mi / ft / P_population_effect_gap
hmda_2019_mi,ft,hifi,1008,P_population_effect_gap,0.0234817835999721,False,lower,transfer_complete / hmda_2019_mi / ft / P_population_effect_gap
hmda_2019_mi,ft,hifi,1009,P_population_effect_gap,0.0290400532842624,False,lower,transfer_complete / hmda_2019_mi / ft / P_population_effect_gap
hmda_2019_mi,ft,hifi_erm,1000,P_population_effect_gap,0.015018256590184,False,lower,transfer_complete / hmda_2019_mi / ft / P_population_effect_gap
hmda_2019_mi,ft,hifi_erm,1001,P_population_effect_gap,0.028680785037797,False,lower,transfer_complete / hmda_2019_mi / ft / P_population_effect_gap
hmda_2019_mi,ft,hifi_erm,1002,P_population_effect_gap,0.0200023005555166,False,lower,transfer_complete / hmda_2019_mi / ft / P_population_effect_gap
hmda_2019_mi,ft,hifi_erm,1003,P_population_effect_gap,0.0239336175544649,False,lower,transfer_complete / hmda_2019_mi / ft / P_population_effect_gap
hmda_2019_mi,ft,hifi_erm,1004,P_population_effect_gap,0.0307025185908023,False,lower,transfer_complete / hmda_2019_mi / ft / P_population_effect_gap
hmda_2019_mi,ft,hifi_erm,1005,P_population_effect_gap,0.0309216065793191,False,lower,transfer_complete / hmda_2019_mi / ft / P_population_effect_gap
hmda_2019_mi,ft,hifi_erm,1006,P_population_effect_gap,0.0156004385810571,False,lower,transfer_complete / hmda_2019_mi / ft / P_population_effect_gap
hmda_2019_mi,ft,hifi_erm,1007,P_population_effect_gap,0.029891900273835,False,lower,transfer_complete / hmda_2019_mi / ft / P_population_effect_gap
hmda_2019_mi,ft,hifi_erm,1008,P_population_effect_gap,0.0251278699071754,False,lower,transfer_complete / hmda_2019_mi / ft / P_population_effect_gap
hmda_2019_mi,ft,hifi_erm,1009,P_population_effect_gap,0.0201312520182748,False,lower,transfer_complete / hmda_2019_mi / ft / P_population_effect_gap
hmda_2019_mi,ft,hifi_shared,1000,P_population_effect_gap,0.034066136245733,False,lower,transfer_complete / hmda_2019_mi / ft / P_population_effect_gap
hmda_2019_mi,ft,hifi_shared,1001,P_population_effect_gap,0.036725040617211,False,lower,transfer_complete / hmda_2019_mi / ft / P_population_effect_gap
hmda_2019_mi,ft,hifi_shared,1002,P_population_effect_gap,0.0311987751209514,False,lower,transfer_complete / hmda_2019_mi / ft / P_population_effect_gap
hmda_2019_mi,ft,hifi_shared,1003,P_population_effect_gap,0.0250195166121765,False,lower,transfer_complete / hmda_2019_mi / ft / P_population_effect_gap
hmda_2019_mi,ft,hifi_shared,1004,P_population_effect_gap,0.0351582841276825,False,lower,transfer_complete / hmda_2019_mi / ft / P_population_effect_gap
hmda_2019_mi,ft,hifi_shared,1005,P_population_effect_gap,0.0345519429577328,False,lower,transfer_complete / hmda_2019_mi / ft / P_population_effect_gap
hmda_2019_mi,ft,hifi_shared,1006,P_population_effect_gap,0.0241707498994653,False,lower,transfer_complete / hmda_2019_mi / ft / P_population_effect_gap
hmda_2019_mi,ft,hifi_shared,1007,P_population_effect_gap,0.0319531063646554,False,lower,transfer_complete / hmda_2019_mi / ft / P_population_effect_gap
hmda_2019_mi,ft,hifi_shared,1008,P_population_effect_gap,0.0390297662456986,False,lower,transfer_complete / hmda_2019_mi / ft / P_population_effect_gap
hmda_2019_mi,ft,hifi_shared,1009,P_population_effect_gap,0.0364249266886207,False,lower,transfer_complete / hmda_2019_mi / ft / P_population_effect_gap
hmda_2019_mi,ft,reweighing,1000,P_population_effect_gap,0.0234021832288401,False,lower,transfer_complete / hmda_2019_mi / ft / P_population_effect_gap
hmda_2019_mi,ft,reweighing,1001,P_population_effect_gap,0.0282220050695085,False,lower,transfer_complete / hmda_2019_mi / ft / P_population_effect_gap
hmda_2019_mi,ft,reweighing,1002,P_population_effect_gap,0.0248032254469187,False,lower,transfer_complete / hmda_2019_mi / ft / P_population_effect_gap
hmda_2019_mi,ft,reweighing,1003,P_population_effect_gap,0.0182271411754277,False,lower,transfer_complete / hmda_2019_mi / ft / P_population_effect_gap
hmda_2019_mi,ft,reweighing,1004,P_population_effect_gap,0.0261804724160628,False,lower,transfer_complete / hmda_2019_mi / ft / P_population_effect_gap
hmda_2019_mi,ft,reweighing,1005,P_population_effect_gap,0.0252385251526271,False,lower,transfer_complete / hmda_2019_mi / ft / P_population_effect_gap
hmda_2019_mi,ft,reweighing,1006,P_population_effect_gap,0.0169621533651668,False,lower,transfer_complete / hmda_2019_mi / ft / P_population_effect_gap
hmda_2019_mi,ft,reweighing,1007,P_population_effect_gap,0.0304689671616709,False,lower,transfer_complete / hmda_2019_mi / ft / P_population_effect_gap
hmda_2019_mi,ft,reweighing,1008,P_population_effect_gap,0.0178859097197453,False,lower,transfer_complete / hmda_2019_mi / ft / P_population_effect_gap
hmda_2019_mi,ft,reweighing,1009,P_population_effect_gap,0.037082425701824,False,lower,transfer_complete / hmda_2019_mi / ft / P_population_effect_gap
hmda_2019_mi,mlp,cot_phi,1000,P_population_effect_gap,0.048288645526299,False,lower,transfer_complete / hmda_2019_mi / mlp / P_population_effect_gap
hmda_2019_mi,mlp,cot_phi,1001,P_population_effect_gap,0.0356193915481808,False,lower,transfer_complete / hmda_2019_mi / mlp / P_population_effect_gap
hmda_2019_mi,mlp,cot_phi,1002,P_population_effect_gap,0.0386472624071736,False,lower,transfer_complete / hmda_2019_mi / mlp / P_population_effect_gap
hmda_2019_mi,mlp,cot_phi,1003,P_population_effect_gap,0.0328252349325766,False,lower,transfer_complete / hmda_2019_mi / mlp / P_population_effect_gap
hmda_2019_mi,mlp,cot_phi,1004,P_population_effect_gap,0.0301085103460716,False,lower,transfer_complete / hmda_2019_mi / mlp / P_population_effect_gap
hmda_2019_mi,mlp,cot_phi,1005,P_population_effect_gap,0.0353758793912583,False,lower,transfer_complete / hmda_2019_mi / mlp / P_population_effect_gap
hmda_2019_mi,mlp,cot_phi,1006,P_population_effect_gap,0.039639509773283,False,lower,transfer_complete / hmda_2019_mi / mlp / P_population_effect_gap
hmda_2019_mi,mlp,cot_phi,1007,P_population_effect_gap,0.0400269402883779,False,lower,transfer_complete / hmda_2019_mi / mlp / P_population_effect_gap
hmda_2019_mi,mlp,cot_phi,1008,P_population_effect_gap,0.0410944288885104,False,lower,transfer_complete / hmda_2019_mi / mlp / P_population_effect_gap
hmda_2019_mi,mlp,cot_phi,1009,P_population_effect_gap,0.0390917949325933,False,lower,transfer_complete / hmda_2019_mi / mlp / P_population_effect_gap
hmda_2019_mi,mlp,dralign,1000,P_population_effect_gap,0.0371286327219106,False,lower,transfer_complete / hmda_2019_mi / mlp / P_population_effect_gap
hmda_2019_mi,mlp,dralign,1001,P_population_effect_gap,0.0327341401801181,False,lower,transfer_complete / hmda_2019_mi / mlp / P_population_effect_gap
hmda_2019_mi,mlp,dralign,1002,P_population_effect_gap,0.0368100471743283,False,lower,transfer_complete / hmda_2019_mi / mlp / P_population_effect_gap
hmda_2019_mi,mlp,dralign,1003,P_population_effect_gap,0.0425804789666524,False,lower,transfer_complete / hmda_2019_mi / mlp / P_population_effect_gap
hmda_2019_mi,mlp,dralign,1004,P_population_effect_gap,0.0391930076609906,False,lower,transfer_complete / hmda_2019_mi / mlp / P_population_effect_gap
hmda_2019_mi,mlp,dralign,1005,P_population_effect_gap,0.0476653378827661,False,lower,transfer_complete / hmda_2019_mi / mlp / P_population_effect_gap
hmda_2019_mi,mlp,dralign,1006,P_population_effect_gap,0.0457188366463143,False,lower,transfer_complete / hmda_2019_mi / mlp / P_population_effect_gap
hmda_2019_mi,mlp,dralign,1007,P_population_effect_gap,0.0353130242387157,False,lower,transfer_complete / hmda_2019_mi / mlp / P_population_effect_gap
hmda_2019_mi,mlp,dralign,1008,P_population_effect_gap,0.0302293846644327,False,lower,transfer_complete / hmda_2019_mi / mlp / P_population_effect_gap
hmda_2019_mi,mlp,dralign,1009,P_population_effect_gap,0.0338762522660296,False,lower,transfer_complete / hmda_2019_mi / mlp / P_population_effect_gap
hmda_2019_mi,mlp,hifi,1000,P_population_effect_gap,0.0429486466941503,False,lower,transfer_complete / hmda_2019_mi / mlp / P_population_effect_gap
hmda_2019_mi,mlp,hifi,1001,P_population_effect_gap,0.0433821302995546,False,lower,transfer_complete / hmda_2019_mi / mlp / P_population_effect_gap
hmda_2019_mi,mlp,hifi,1002,P_population_effect_gap,0.0507613454028649,False,lower,transfer_complete / hmda_2019_mi / mlp / P_population_effect_gap
hmda_2019_mi,mlp,hifi,1003,P_population_effect_gap,0.0490927867113674,False,lower,transfer_complete / hmda_2019_mi / mlp / P_population_effect_gap
hmda_2019_mi,mlp,hifi,1004,P_population_effect_gap,0.0475123663610853,False,lower,transfer_complete / hmda_2019_mi / mlp / P_population_effect_gap
hmda_2019_mi,mlp,hifi,1005,P_population_effect_gap,0.0391287473115789,False,lower,transfer_complete / hmda_2019_mi / mlp / P_population_effect_gap
hmda_2019_mi,mlp,hifi,1006,P_population_effect_gap,0.0544127926593632,False,lower,transfer_complete / hmda_2019_mi / mlp / P_population_effect_gap
hmda_2019_mi,mlp,hifi,1007,P_population_effect_gap,0.0497925432058893,False,lower,transfer_complete / hmda_2019_mi / mlp / P_population_effect_gap
hmda_2019_mi,mlp,hifi,1008,P_population_effect_gap,0.0483050011782643,False,lower,transfer_complete / hmda_2019_mi / mlp / P_population_effect_gap
hmda_2019_mi,mlp,hifi,1009,P_population_effect_gap,0.0576525052066495,False,lower,transfer_complete / hmda_2019_mi / mlp / P_population_effect_gap
hmda_2019_mi,mlp,hifi_erm,1000,P_population_effect_gap,0.052529468988232,False,lower,transfer_complete / hmda_2019_mi / mlp / P_population_effect_gap
hmda_2019_mi,mlp,hifi_erm,1001,P_population_effect_gap,0.0381628083928024,False,lower,transfer_complete / hmda_2019_mi / mlp / P_population_effect_gap
hmda_2019_mi,mlp,hifi_erm,1002,P_population_effect_gap,0.0521588200058449,False,lower,transfer_complete / hmda_2019_mi / mlp / P_population_effect_gap
hmda_2019_mi,mlp,hifi_erm,1003,P_population_effect_gap,0.0535563987507246,False,lower,transfer_complete / hmda_2019_mi / mlp / P_population_effect_gap
hmda_2019_mi,mlp,hifi_erm,1004,P_population_effect_gap,0.0493800542914195,False,lower,transfer_complete / hmda_2019_mi / mlp / P_population_effect_gap
hmda_2019_mi,mlp,hifi_erm,1005,P_population_effect_gap,0.0461925061915764,False,lower,transfer_complete / hmda_2019_mi / mlp / P_population_effect_gap
hmda_2019_mi,mlp,hifi_erm,1006,P_population_effect_gap,0.047624298288961,False,lower,transfer_complete / hmda_2019_mi / mlp / P_population_effect_gap
hmda_2019_mi,mlp,hifi_erm,1007,P_population_effect_gap,0.0519840676682625,False,lower,transfer_complete / hmda_2019_mi / mlp / P_population_effect_gap
hmda_2019_mi,mlp,hifi_erm,1008,P_population_effect_gap,0.0489630794643847,False,lower,transfer_complete / hmda_2019_mi / mlp / P_population_effect_gap
hmda_2019_mi,mlp,hifi_erm,1009,P_population_effect_gap,0.0487563473951728,False,lower,transfer_complete / hmda_2019_mi / mlp / P_population_effect_gap
hmda_2019_mi,mlp,hifi_shared,1000,P_population_effect_gap,0.0456933787345402,False,lower,transfer_complete / hmda_2019_mi / mlp / P_population_effect_gap
hmda_2019_mi,mlp,hifi_shared,1001,P_population_effect_gap,0.0356781964403629,False,lower,transfer_complete / hmda_2019_mi / mlp / P_population_effect_gap
hmda_2019_mi,mlp,hifi_shared,1002,P_population_effect_gap,0.0450074863600928,False,lower,transfer_complete / hmda_2019_mi / mlp / P_population_effect_gap
hmda_2019_mi,mlp,hifi_shared,1003,P_population_effect_gap,0.0433559522472387,False,lower,transfer_complete / hmda_2019_mi / mlp / P_population_effect_gap
hmda_2019_mi,mlp,hifi_shared,1004,P_population_effect_gap,0.039288944602609,False,lower,transfer_complete / hmda_2019_mi / mlp / P_population_effect_gap
hmda_2019_mi,mlp,hifi_shared,1005,P_population_effect_gap,0.043957150732053,False,lower,transfer_complete / hmda_2019_mi / mlp / P_population_effect_gap
hmda_2019_mi,mlp,hifi_shared,1006,P_population_effect_gap,0.0444713579534538,False,lower,transfer_complete / hmda_2019_mi / mlp / P_population_effect_gap
hmda_2019_mi,mlp,hifi_shared,1007,P_population_effect_gap,0.0358837617879022,False,lower,transfer_complete / hmda_2019_mi / mlp / P_population_effect_gap
hmda_2019_mi,mlp,hifi_shared,1008,P_population_effect_gap,0.0427914288606332,False,lower,transfer_complete / hmda_2019_mi / mlp / P_population_effect_gap
hmda_2019_mi,mlp,hifi_shared,1009,P_population_effect_gap,0.0338398931103398,False,lower,transfer_complete / hmda_2019_mi / mlp / P_population_effect_gap
hmda_2019_mi,mlp,ltdd,1000,P_population_effect_gap,0.0475097562282011,False,lower,transfer_complete / hmda_2019_mi / mlp / P_population_effect_gap
hmda_2019_mi,mlp,ltdd,1001,P_population_effect_gap,0.0436400340774127,False,lower,transfer_complete / hmda_2019_mi / mlp / P_population_effect_gap
hmda_2019_mi,mlp,ltdd,1002,P_population_effect_gap,0.037949385671465,False,lower,transfer_complete / hmda_2019_mi / mlp / P_population_effect_gap
hmda_2019_mi,mlp,ltdd,1003,P_population_effect_gap,0.0444332038086363,False,lower,transfer_complete / hmda_2019_mi / mlp / P_population_effect_gap
hmda_2019_mi,mlp,ltdd,1004,P_population_effect_gap,0.035035055751706,False,lower,transfer_complete / hmda_2019_mi / mlp / P_population_effect_gap
hmda_2019_mi,mlp,ltdd,1005,P_population_effect_gap,0.0402563005250943,False,lower,transfer_complete / hmda_2019_mi / mlp / P_population_effect_gap
hmda_2019_mi,mlp,ltdd,1006,P_population_effect_gap,0.0465606990028063,False,lower,transfer_complete / hmda_2019_mi / mlp / P_population_effect_gap
hmda_2019_mi,mlp,ltdd,1007,P_population_effect_gap,0.0406986373468368,False,lower,transfer_complete / hmda_2019_mi / mlp / P_population_effect_gap
hmda_2019_mi,mlp,ltdd,1008,P_population_effect_gap,0.040092665915008,False,lower,transfer_complete / hmda_2019_mi / mlp / P_population_effect_gap
hmda_2019_mi,mlp,ltdd,1009,P_population_effect_gap,0.0427130847894473,False,lower,transfer_complete / hmda_2019_mi / mlp / P_population_effect_gap
hmda_2019_mi,mlp,neufair,1000,P_population_effect_gap,0.0303186227716376,False,lower,transfer_complete / hmda_2019_mi / mlp / P_population_effect_gap
hmda_2019_mi,mlp,neufair,1001,P_population_effect_gap,0.0264477575482328,False,lower,transfer_complete / hmda_2019_mi / mlp / P_population_effect_gap
hmda_2019_mi,mlp,neufair,1002,P_population_effect_gap,0.0243039115208264,False,lower,transfer_complete / hmda_2019_mi / mlp / P_population_effect_gap
hmda_2019_mi,mlp,neufair,1003,P_population_effect_gap,0.0182530435990402,False,lower,transfer_complete / hmda_2019_mi / mlp / P_population_effect_gap
hmda_2019_mi,mlp,neufair,1004,P_population_effect_gap,0.0191127532499327,False,lower,transfer_complete / hmda_2019_mi / mlp / P_population_effect_gap
hmda_2019_mi,mlp,neufair,1005,P_population_effect_gap,0.025421482584419,False,lower,transfer_complete / hmda_2019_mi / mlp / P_population_effect_gap
hmda_2019_mi,mlp,neufair,1006,P_population_effect_gap,0.0311212138583572,False,lower,transfer_complete / hmda_2019_mi / mlp / P_population_effect_gap
hmda_2019_mi,mlp,neufair,1007,P_population_effect_gap,0.0232985966271269,False,lower,transfer_complete / hmda_2019_mi / mlp / P_population_effect_gap
hmda_2019_mi,mlp,neufair,1008,P_population_effect_gap,0.0191920125325488,False,lower,transfer_complete / hmda_2019_mi / mlp / P_population_effect_gap
hmda_2019_mi,mlp,neufair,1009,P_population_effect_gap,0.0176898530787478,False,lower,transfer_complete / hmda_2019_mi / mlp / P_population_effect_gap
hmda_2020_oh,ft,cot_phi,1000,P_population_effect_gap,0.0301039892818292,False,lower,transfer_complete / hmda_2020_oh / ft / P_population_effect_gap
hmda_2020_oh,ft,cot_phi,1001,P_population_effect_gap,0.0333410004484383,False,lower,transfer_complete / hmda_2020_oh / ft / P_population_effect_gap
hmda_2020_oh,ft,cot_phi,1002,P_population_effect_gap,0.0280299239859194,False,lower,transfer_complete / hmda_2020_oh / ft / P_population_effect_gap
hmda_2020_oh,ft,cot_phi,1003,P_population_effect_gap,0.0277258070950361,False,lower,transfer_complete / hmda_2020_oh / ft / P_population_effect_gap
hmda_2020_oh,ft,cot_phi,1004,P_population_effect_gap,0.0369115548625334,False,lower,transfer_complete / hmda_2020_oh / ft / P_population_effect_gap
hmda_2020_oh,ft,cot_phi,1005,P_population_effect_gap,0.0341139949409962,False,lower,transfer_complete / hmda_2020_oh / ft / P_population_effect_gap
hmda_2020_oh,ft,cot_phi,1006,P_population_effect_gap,0.0244209401531753,False,lower,transfer_complete / hmda_2020_oh / ft / P_population_effect_gap
hmda_2020_oh,ft,cot_phi,1007,P_population_effect_gap,0.0419113976453428,False,lower,transfer_complete / hmda_2020_oh / ft / P_population_effect_gap
hmda_2020_oh,ft,cot_phi,1008,P_population_effect_gap,0.0327700505430999,False,lower,transfer_complete / hmda_2020_oh / ft / P_population_effect_gap
hmda_2020_oh,ft,cot_phi,1009,P_population_effect_gap,0.0310708798650817,False,lower,transfer_complete / hmda_2020_oh / ft / P_population_effect_gap
hmda_2020_oh,ft,hifi,1000,P_population_effect_gap,0.0259119057564865,False,lower,transfer_complete / hmda_2020_oh / ft / P_population_effect_gap
hmda_2020_oh,ft,hifi,1001,P_population_effect_gap,0.0386708730458474,False,lower,transfer_complete / hmda_2020_oh / ft / P_population_effect_gap
hmda_2020_oh,ft,hifi,1002,P_population_effect_gap,0.0254067828081548,False,lower,transfer_complete / hmda_2020_oh / ft / P_population_effect_gap
hmda_2020_oh,ft,hifi,1003,P_population_effect_gap,0.0254379109893655,False,lower,transfer_complete / hmda_2020_oh / ft / P_population_effect_gap
hmda_2020_oh,ft,hifi,1004,P_population_effect_gap,0.0395550679153993,False,lower,transfer_complete / hmda_2020_oh / ft / P_population_effect_gap
hmda_2020_oh,ft,hifi,1005,P_population_effect_gap,0.0243567181068692,False,lower,transfer_complete / hmda_2020_oh / ft / P_population_effect_gap
hmda_2020_oh,ft,hifi,1006,P_population_effect_gap,0.0223998064593327,False,lower,transfer_complete / hmda_2020_oh / ft / P_population_effect_gap
hmda_2020_oh,ft,hifi,1007,P_population_effect_gap,0.0287698745766978,False,lower,transfer_complete / hmda_2020_oh / ft / P_population_effect_gap
hmda_2020_oh,ft,hifi,1008,P_population_effect_gap,0.0271466986920418,False,lower,transfer_complete / hmda_2020_oh / ft / P_population_effect_gap
hmda_2020_oh,ft,hifi,1009,P_population_effect_gap,0.0265365266316618,False,lower,transfer_complete / hmda_2020_oh / ft / P_population_effect_gap
hmda_2020_oh,ft,hifi_erm,1000,P_population_effect_gap,0.0169715275074093,False,lower,transfer_complete / hmda_2020_oh / ft / P_population_effect_gap
hmda_2020_oh,ft,hifi_erm,1001,P_population_effect_gap,0.0303519724244675,False,lower,transfer_complete / hmda_2020_oh / ft / P_population_effect_gap
hmda_2020_oh,ft,hifi_erm,1002,P_population_effect_gap,0.0175288111290656,False,lower,transfer_complete / hmda_2020_oh / ft / P_population_effect_gap
hmda_2020_oh,ft,hifi_erm,1003,P_population_effect_gap,0.0222914350741786,False,lower,transfer_complete / hmda_2020_oh / ft / P_population_effect_gap
hmda_2020_oh,ft,hifi_erm,1004,P_population_effect_gap,0.0312227633436171,False,lower,transfer_complete / hmda_2020_oh / ft / P_population_effect_gap
hmda_2020_oh,ft,hifi_erm,1005,P_population_effect_gap,0.0341744455165741,False,lower,transfer_complete / hmda_2020_oh / ft / P_population_effect_gap
hmda_2020_oh,ft,hifi_erm,1006,P_population_effect_gap,0.0171113254227281,False,lower,transfer_complete / hmda_2020_oh / ft / P_population_effect_gap
hmda_2020_oh,ft,hifi_erm,1007,P_population_effect_gap,0.0293446628238488,False,lower,transfer_complete / hmda_2020_oh / ft / P_population_effect_gap
hmda_2020_oh,ft,hifi_erm,1008,P_population_effect_gap,0.0232433674181381,False,lower,transfer_complete / hmda_2020_oh / ft / P_population_effect_gap
hmda_2020_oh,ft,hifi_erm,1009,P_population_effect_gap,0.0263487047283055,False,lower,transfer_complete / hmda_2020_oh / ft / P_population_effect_gap
hmda_2020_oh,ft,hifi_shared,1000,P_population_effect_gap,0.0307631002376914,False,lower,transfer_complete / hmda_2020_oh / ft / P_population_effect_gap
hmda_2020_oh,ft,hifi_shared,1001,P_population_effect_gap,0.0336595282018688,False,lower,transfer_complete / hmda_2020_oh / ft / P_population_effect_gap
hmda_2020_oh,ft,hifi_shared,1002,P_population_effect_gap,0.0319627206578642,False,lower,transfer_complete / hmda_2020_oh / ft / P_population_effect_gap
hmda_2020_oh,ft,hifi_shared,1003,P_population_effect_gap,0.0249322442773391,False,lower,transfer_complete / hmda_2020_oh / ft / P_population_effect_gap
hmda_2020_oh,ft,hifi_shared,1004,P_population_effect_gap,0.0356943800854062,False,lower,transfer_complete / hmda_2020_oh / ft / P_population_effect_gap
hmda_2020_oh,ft,hifi_shared,1005,P_population_effect_gap,0.0376273713441602,False,lower,transfer_complete / hmda_2020_oh / ft / P_population_effect_gap
hmda_2020_oh,ft,hifi_shared,1006,P_population_effect_gap,0.0292511432737822,False,lower,transfer_complete / hmda_2020_oh / ft / P_population_effect_gap
hmda_2020_oh,ft,hifi_shared,1007,P_population_effect_gap,0.0316153185658125,False,lower,transfer_complete / hmda_2020_oh / ft / P_population_effect_gap
hmda_2020_oh,ft,hifi_shared,1008,P_population_effect_gap,0.037049465216641,False,lower,transfer_complete / hmda_2020_oh / ft / P_population_effect_gap
hmda_2020_oh,ft,hifi_shared,1009,P_population_effect_gap,0.031780773845965,False,lower,transfer_complete / hmda_2020_oh / ft / P_population_effect_gap
hmda_2020_oh,ft,reweighing,1000,P_population_effect_gap,0.0268818941023556,False,lower,transfer_complete / hmda_2020_oh / ft / P_population_effect_gap
hmda_2020_oh,ft,reweighing,1001,P_population_effect_gap,0.0321023795775372,False,lower,transfer_complete / hmda_2020_oh / ft / P_population_effect_gap
hmda_2020_oh,ft,reweighing,1002,P_population_effect_gap,0.0301080796024992,False,lower,transfer_complete / hmda_2020_oh / ft / P_population_effect_gap
hmda_2020_oh,ft,reweighing,1003,P_population_effect_gap,0.022238100507506,False,lower,transfer_complete / hmda_2020_oh / ft / P_population_effect_gap
hmda_2020_oh,ft,reweighing,1004,P_population_effect_gap,0.0292485003249949,False,lower,transfer_complete / hmda_2020_oh / ft / P_population_effect_gap
hmda_2020_oh,ft,reweighing,1005,P_population_effect_gap,0.028521617219788,False,lower,transfer_complete / hmda_2020_oh / ft / P_population_effect_gap
hmda_2020_oh,ft,reweighing,1006,P_population_effect_gap,0.0256249567301638,False,lower,transfer_complete / hmda_2020_oh / ft / P_population_effect_gap
hmda_2020_oh,ft,reweighing,1007,P_population_effect_gap,0.0331480653288051,False,lower,transfer_complete / hmda_2020_oh / ft / P_population_effect_gap
hmda_2020_oh,ft,reweighing,1008,P_population_effect_gap,0.0223859012814757,False,lower,transfer_complete / hmda_2020_oh / ft / P_population_effect_gap
hmda_2020_oh,ft,reweighing,1009,P_population_effect_gap,0.0358078927448759,False,lower,transfer_complete / hmda_2020_oh / ft / P_population_effect_gap
hmda_2020_oh,mlp,cot_phi,1000,P_population_effect_gap,0.0411331757466602,False,lower,transfer_complete / hmda_2020_oh / mlp / P_population_effect_gap
hmda_2020_oh,mlp,cot_phi,1001,P_population_effect_gap,0.0348757001918845,False,lower,transfer_complete / hmda_2020_oh / mlp / P_population_effect_gap
hmda_2020_oh,mlp,cot_phi,1002,P_population_effect_gap,0.0384185703892514,False,lower,transfer_complete / hmda_2020_oh / mlp / P_population_effect_gap
hmda_2020_oh,mlp,cot_phi,1003,P_population_effect_gap,0.0304950817657567,False,lower,transfer_complete / hmda_2020_oh / mlp / P_population_effect_gap
hmda_2020_oh,mlp,cot_phi,1004,P_population_effect_gap,0.0359779054566574,False,lower,transfer_complete / hmda_2020_oh / mlp / P_population_effect_gap
hmda_2020_oh,mlp,cot_phi,1005,P_population_effect_gap,0.0432881035978288,False,lower,transfer_complete / hmda_2020_oh / mlp / P_population_effect_gap
hmda_2020_oh,mlp,cot_phi,1006,P_population_effect_gap,0.0401735711382637,False,lower,transfer_complete / hmda_2020_oh / mlp / P_population_effect_gap
hmda_2020_oh,mlp,cot_phi,1007,P_population_effect_gap,0.0421304028721096,False,lower,transfer_complete / hmda_2020_oh / mlp / P_population_effect_gap
hmda_2020_oh,mlp,cot_phi,1008,P_population_effect_gap,0.0392072439560747,False,lower,transfer_complete / hmda_2020_oh / mlp / P_population_effect_gap
hmda_2020_oh,mlp,cot_phi,1009,P_population_effect_gap,0.0443164553575093,False,lower,transfer_complete / hmda_2020_oh / mlp / P_population_effect_gap
hmda_2020_oh,mlp,dralign,1000,P_population_effect_gap,0.0257076975358946,False,lower,transfer_complete / hmda_2020_oh / mlp / P_population_effect_gap
hmda_2020_oh,mlp,dralign,1001,P_population_effect_gap,0.0310354862229782,False,lower,transfer_complete / hmda_2020_oh / mlp / P_population_effect_gap
hmda_2020_oh,mlp,dralign,1002,P_population_effect_gap,0.0297904529430535,False,lower,transfer_complete / hmda_2020_oh / mlp / P_population_effect_gap
hmda_2020_oh,mlp,dralign,1003,P_population_effect_gap,0.037316845569447,False,lower,transfer_complete / hmda_2020_oh / mlp / P_population_effect_gap
hmda_2020_oh,mlp,dralign,1004,P_population_effect_gap,0.0387665584198501,False,lower,transfer_complete / hmda_2020_oh / mlp / P_population_effect_gap
hmda_2020_oh,mlp,dralign,1005,P_population_effect_gap,0.0554191303737856,False,lower,transfer_complete / hmda_2020_oh / mlp / P_population_effect_gap
hmda_2020_oh,mlp,dralign,1006,P_population_effect_gap,0.0383514645904873,False,lower,transfer_complete / hmda_2020_oh / mlp / P_population_effect_gap
hmda_2020_oh,mlp,dralign,1007,P_population_effect_gap,0.0366803939213078,False,lower,transfer_complete / hmda_2020_oh / mlp / P_population_effect_gap
hmda_2020_oh,mlp,dralign,1008,P_population_effect_gap,0.0269961021061641,False,lower,transfer_complete / hmda_2020_oh / mlp / P_population_effect_gap
hmda_2020_oh,mlp,dralign,1009,P_population_effect_gap,0.0361590786495751,False,lower,transfer_complete / hmda_2020_oh / mlp / P_population_effect_gap
hmda_2020_oh,mlp,hifi,1000,P_population_effect_gap,0.0368021839534037,False,lower,transfer_complete / hmda_2020_oh / mlp / P_population_effect_gap
hmda_2020_oh,mlp,hifi,1001,P_population_effect_gap,0.0397076836163802,False,lower,transfer_complete / hmda_2020_oh / mlp / P_population_effect_gap
hmda_2020_oh,mlp,hifi,1002,P_population_effect_gap,0.0495561982352138,False,lower,transfer_complete / hmda_2020_oh / mlp / P_population_effect_gap
hmda_2020_oh,mlp,hifi,1003,P_population_effect_gap,0.0411450488028725,False,lower,transfer_complete / hmda_2020_oh / mlp / P_population_effect_gap
hmda_2020_oh,mlp,hifi,1004,P_population_effect_gap,0.0435180532829487,False,lower,transfer_complete / hmda_2020_oh / mlp / P_population_effect_gap
hmda_2020_oh,mlp,hifi,1005,P_population_effect_gap,0.0440198490973635,False,lower,transfer_complete / hmda_2020_oh / mlp / P_population_effect_gap
hmda_2020_oh,mlp,hifi,1006,P_population_effect_gap,0.0448447928704091,False,lower,transfer_complete / hmda_2020_oh / mlp / P_population_effect_gap
hmda_2020_oh,mlp,hifi,1007,P_population_effect_gap,0.0437426370077361,False,lower,transfer_complete / hmda_2020_oh / mlp / P_population_effect_gap
hmda_2020_oh,mlp,hifi,1008,P_population_effect_gap,0.0393307643942578,False,lower,transfer_complete / hmda_2020_oh / mlp / P_population_effect_gap
hmda_2020_oh,mlp,hifi,1009,P_population_effect_gap,0.0490025022001616,False,lower,transfer_complete / hmda_2020_oh / mlp / P_population_effect_gap
hmda_2020_oh,mlp,hifi_erm,1000,P_population_effect_gap,0.0443999636724961,False,lower,transfer_complete / hmda_2020_oh / mlp / P_population_effect_gap
hmda_2020_oh,mlp,hifi_erm,1001,P_population_effect_gap,0.042473283024823,False,lower,transfer_complete / hmda_2020_oh / mlp / P_population_effect_gap
hmda_2020_oh,mlp,hifi_erm,1002,P_population_effect_gap,0.0492601388751243,False,lower,transfer_complete / hmda_2020_oh / mlp / P_population_effect_gap
hmda_2020_oh,mlp,hifi_erm,1003,P_population_effect_gap,0.0384549576315782,False,lower,transfer_complete / hmda_2020_oh / mlp / P_population_effect_gap
hmda_2020_oh,mlp,hifi_erm,1004,P_population_effect_gap,0.0472806098605699,False,lower,transfer_complete / hmda_2020_oh / mlp / P_population_effect_gap
hmda_2020_oh,mlp,hifi_erm,1005,P_population_effect_gap,0.0476319071058772,False,lower,transfer_complete / hmda_2020_oh / mlp / P_population_effect_gap
hmda_2020_oh,mlp,hifi_erm,1006,P_population_effect_gap,0.0479901119876081,False,lower,transfer_complete / hmda_2020_oh / mlp / P_population_effect_gap
hmda_2020_oh,mlp,hifi_erm,1007,P_population_effect_gap,0.0408454636088154,False,lower,transfer_complete / hmda_2020_oh / mlp / P_population_effect_gap
hmda_2020_oh,mlp,hifi_erm,1008,P_population_effect_gap,0.0387629725816906,False,lower,transfer_complete / hmda_2020_oh / mlp / P_population_effect_gap
hmda_2020_oh,mlp,hifi_erm,1009,P_population_effect_gap,0.0464459066411287,False,lower,transfer_complete / hmda_2020_oh / mlp / P_population_effect_gap
hmda_2020_oh,mlp,hifi_shared,1000,P_population_effect_gap,0.0416362009328945,False,lower,transfer_complete / hmda_2020_oh / mlp / P_population_effect_gap
hmda_2020_oh,mlp,hifi_shared,1001,P_population_effect_gap,0.0345316323083179,False,lower,transfer_complete / hmda_2020_oh / mlp / P_population_effect_gap
hmda_2020_oh,mlp,hifi_shared,1002,P_population_effect_gap,0.0390515512489408,False,lower,transfer_complete / hmda_2020_oh / mlp / P_population_effect_gap
hmda_2020_oh,mlp,hifi_shared,1003,P_population_effect_gap,0.0345138808992668,False,lower,transfer_complete / hmda_2020_oh / mlp / P_population_effect_gap
hmda_2020_oh,mlp,hifi_shared,1004,P_population_effect_gap,0.0351045584607727,False,lower,transfer_complete / hmda_2020_oh / mlp / P_population_effect_gap
hmda_2020_oh,mlp,hifi_shared,1005,P_population_effect_gap,0.0380410133279882,False,lower,transfer_complete / hmda_2020_oh / mlp / P_population_effect_gap
hmda_2020_oh,mlp,hifi_shared,1006,P_population_effect_gap,0.0405195239841635,False,lower,transfer_complete / hmda_2020_oh / mlp / P_population_effect_gap
hmda_2020_oh,mlp,hifi_shared,1007,P_population_effect_gap,0.0334917880418984,False,lower,transfer_complete / hmda_2020_oh / mlp / P_population_effect_gap
hmda_2020_oh,mlp,hifi_shared,1008,P_population_effect_gap,0.0397609119416182,False,lower,transfer_complete / hmda_2020_oh / mlp / P_population_effect_gap
hmda_2020_oh,mlp,hifi_shared,1009,P_population_effect_gap,0.0377814426034402,False,lower,transfer_complete / hmda_2020_oh / mlp / P_population_effect_gap
hmda_2020_oh,mlp,ltdd,1000,P_population_effect_gap,0.0418305993186596,False,lower,transfer_complete / hmda_2020_oh / mlp / P_population_effect_gap
hmda_2020_oh,mlp,ltdd,1001,P_population_effect_gap,0.0432499422320739,False,lower,transfer_complete / hmda_2020_oh / mlp / P_population_effect_gap
hmda_2020_oh,mlp,ltdd,1002,P_population_effect_gap,0.0347141879228195,False,lower,transfer_complete / hmda_2020_oh / mlp / P_population_effect_gap
hmda_2020_oh,mlp,ltdd,1003,P_population_effect_gap,0.0342520108037254,False,lower,transfer_complete / hmda_2020_oh / mlp / P_population_effect_gap
hmda_2020_oh,mlp,ltdd,1004,P_population_effect_gap,0.0365831118241112,False,lower,transfer_complete / hmda_2020_oh / mlp / P_population_effect_gap
hmda_2020_oh,mlp,ltdd,1005,P_population_effect_gap,0.0296543909544616,False,lower,transfer_complete / hmda_2020_oh / mlp / P_population_effect_gap
hmda_2020_oh,mlp,ltdd,1006,P_population_effect_gap,0.0406370450266136,False,lower,transfer_complete / hmda_2020_oh / mlp / P_population_effect_gap
hmda_2020_oh,mlp,ltdd,1007,P_population_effect_gap,0.0361475548818502,False,lower,transfer_complete / hmda_2020_oh / mlp / P_population_effect_gap
hmda_2020_oh,mlp,ltdd,1008,P_population_effect_gap,0.0333977606884022,False,lower,transfer_complete / hmda_2020_oh / mlp / P_population_effect_gap
hmda_2020_oh,mlp,ltdd,1009,P_population_effect_gap,0.0343529629735968,False,lower,transfer_complete / hmda_2020_oh / mlp / P_population_effect_gap
hmda_2020_oh,mlp,neufair,1000,P_population_effect_gap,0.0254173558615602,False,lower,transfer_complete / hmda_2020_oh / mlp / P_population_effect_gap
hmda_2020_oh,mlp,neufair,1001,P_population_effect_gap,0.022680119282867,False,lower,transfer_complete / hmda_2020_oh / mlp / P_population_effect_gap
hmda_2020_oh,mlp,neufair,1002,P_population_effect_gap,0.0204529694153963,False,lower,transfer_complete / hmda_2020_oh / mlp / P_population_effect_gap
hmda_2020_oh,mlp,neufair,1003,P_population_effect_gap,0.0172137179691021,False,lower,transfer_complete / hmda_2020_oh / mlp / P_population_effect_gap
hmda_2020_oh,mlp,neufair,1004,P_population_effect_gap,0.0213795520046162,False,lower,transfer_complete / hmda_2020_oh / mlp / P_population_effect_gap
hmda_2020_oh,mlp,neufair,1005,P_population_effect_gap,0.0283342738961631,False,lower,transfer_complete / hmda_2020_oh / mlp / P_population_effect_gap
hmda_2020_oh,mlp,neufair,1006,P_population_effect_gap,0.0244927575865926,False,lower,transfer_complete / hmda_2020_oh / mlp / P_population_effect_gap
hmda_2020_oh,mlp,neufair,1007,P_population_effect_gap,0.0225492471250389,False,lower,transfer_complete / hmda_2020_oh / mlp / P_population_effect_gap
hmda_2020_oh,mlp,neufair,1008,P_population_effect_gap,0.0222084991637777,False,lower,transfer_complete / hmda_2020_oh / mlp / P_population_effect_gap
hmda_2020_oh,mlp,neufair,1009,P_population_effect_gap,0.0194253396273571,False,lower,transfer_complete / hmda_2020_oh / mlp / P_population_effect_gap
hmda_2019_mi,ft,erm,1000,P_population_effect_gap,0.032014320878279,False,lower,transfer_complete / hmda_2019_mi / ft / P_population_effect_gap
hmda_2019_mi,ft,soft,1000,P_population_effect_gap,0.0087781580714559,False,lower,transfer_complete / hmda_2019_mi / ft / P_population_effect_gap
hmda_2019_mi,ft,erm,1001,P_population_effect_gap,0.0351782342945937,False,lower,transfer_complete / hmda_2019_mi / ft / P_population_effect_gap
hmda_2019_mi,ft,soft,1001,P_population_effect_gap,0.0106205706564126,False,lower,transfer_complete / hmda_2019_mi / ft / P_population_effect_gap
hmda_2019_mi,ft,erm,1002,P_population_effect_gap,0.0357459823925701,False,lower,transfer_complete / hmda_2019_mi / ft / P_population_effect_gap
hmda_2019_mi,ft,soft,1002,P_population_effect_gap,0.0072531870891539,False,lower,transfer_complete / hmda_2019_mi / ft / P_population_effect_gap
hmda_2019_mi,ft,erm,1003,P_population_effect_gap,0.0299881491412889,False,lower,transfer_complete / hmda_2019_mi / ft / P_population_effect_gap
hmda_2019_mi,ft,soft,1003,P_population_effect_gap,0.0076263651946622,False,lower,transfer_complete / hmda_2019_mi / ft / P_population_effect_gap
hmda_2019_mi,ft,erm,1004,P_population_effect_gap,0.0290867421269932,False,lower,transfer_complete / hmda_2019_mi / ft / P_population_effect_gap
hmda_2019_mi,ft,soft,1004,P_population_effect_gap,0.0111696957429814,False,lower,transfer_complete / hmda_2019_mi / ft / P_population_effect_gap
hmda_2019_mi,ft,erm,1005,P_population_effect_gap,0.0341059170105889,False,lower,transfer_complete / hmda_2019_mi / ft / P_population_effect_gap
hmda_2019_mi,ft,soft,1005,P_population_effect_gap,0.0096895646186192,False,lower,transfer_complete / hmda_2019_mi / ft / P_population_effect_gap
hmda_2019_mi,ft,erm,1006,P_population_effect_gap,0.0303404557758724,False,lower,transfer_complete / hmda_2019_mi / ft / P_population_effect_gap
hmda_2019_mi,ft,soft,1006,P_population_effect_gap,0.008477031677323,False,lower,transfer_complete / hmda_2019_mi / ft / P_population_effect_gap
hmda_2019_mi,ft,erm,1007,P_population_effect_gap,0.0329220030757353,False,lower,transfer_complete / hmda_2019_mi / ft / P_population_effect_gap
hmda_2019_mi,ft,soft,1007,P_population_effect_gap,0.0087678835029405,False,lower,transfer_complete / hmda_2019_mi / ft / P_population_effect_gap
hmda_2019_mi,ft,erm,1008,P_population_effect_gap,0.0379159362489787,False,lower,transfer_complete / hmda_2019_mi / ft / P_population_effect_gap
hmda_2019_mi,ft,soft,1008,P_population_effect_gap,0.0059446006813368,False,lower,transfer_complete / hmda_2019_mi / ft / P_population_effect_gap
hmda_2019_mi,ft,erm,1009,P_population_effect_gap,0.0337998538631869,False,lower,transfer_complete / hmda_2019_mi / ft / P_population_effect_gap
hmda_2019_mi,ft,soft,1009,P_population_effect_gap,0.0134459420597,False,lower,transfer_complete / hmda_2019_mi / ft / P_population_effect_gap
hmda_2019_mi,mlp,erm,1000,P_population_effect_gap,0.0461333244124123,False,lower,transfer_complete / hmda_2019_mi / mlp / P_population_effect_gap
hmda_2019_mi,mlp,soft,1000,P_population_effect_gap,0.0112583270544224,False,lower,transfer_complete / hmda_2019_mi / mlp / P_population_effect_gap
hmda_2019_mi,mlp,erm,1001,P_population_effect_gap,0.0515760900208385,False,lower,transfer_complete / hmda_2019_mi / mlp / P_population_effect_gap
hmda_2019_mi,mlp,soft,1001,P_population_effect_gap,0.011067283096711,False,lower,transfer_complete / hmda_2019_mi / mlp / P_population_effect_gap
hmda_2019_mi,mlp,erm,1002,P_population_effect_gap,0.0493071676036941,False,lower,transfer_complete / hmda_2019_mi / mlp / P_population_effect_gap
hmda_2019_mi,mlp,soft,1002,P_population_effect_gap,0.009291512376542,False,lower,transfer_complete / hmda_2019_mi / mlp / P_population_effect_gap
hmda_2019_mi,mlp,erm,1003,P_population_effect_gap,0.0382791324514862,False,lower,transfer_complete / hmda_2019_mi / mlp / P_population_effect_gap
hmda_2019_mi,mlp,soft,1003,P_population_effect_gap,0.0146518396298616,False,lower,transfer_complete / hmda_2019_mi / mlp / P_population_effect_gap
hmda_2019_mi,mlp,erm,1004,P_population_effect_gap,0.0448839828363245,False,lower,transfer_complete / hmda_2019_mi / mlp / P_population_effect_gap
hmda_2019_mi,mlp,soft,1004,P_population_effect_gap,0.0091986969544073,False,lower,transfer_complete / hmda_2019_mi / mlp / P_population_effect_gap
hmda_2019_mi,mlp,erm,1005,P_population_effect_gap,0.0301117621409076,False,lower,transfer_complete / hmda_2019_mi / mlp / P_population_effect_gap
hmda_2019_mi,mlp,soft,1005,P_population_effect_gap,0.0098996182663236,False,lower,transfer_complete / hmda_2019_mi / mlp / P_population_effect_gap
hmda_2019_mi,mlp,erm,1006,P_population_effect_gap,0.0432678454985086,False,lower,transfer_complete / hmda_2019_mi / mlp / P_population_effect_gap
hmda_2019_mi,mlp,soft,1006,P_population_effect_gap,0.0096843631505012,False,lower,transfer_complete / hmda_2019_mi / mlp / P_population_effect_gap
hmda_2019_mi,mlp,erm,1007,P_population_effect_gap,0.0367201609387517,False,lower,transfer_complete / hmda_2019_mi / mlp / P_population_effect_gap
hmda_2019_mi,mlp,soft,1007,P_population_effect_gap,0.0112355768781137,False,lower,transfer_complete / hmda_2019_mi / mlp / P_population_effect_gap
hmda_2019_mi,mlp,erm,1008,P_population_effect_gap,0.0370272534589773,False,lower,transfer_complete / hmda_2019_mi / mlp / P_population_effect_gap
hmda_2019_mi,mlp,soft,1008,P_population_effect_gap,0.0112849239381564,False,lower,transfer_complete / hmda_2019_mi / mlp / P_population_effect_gap
hmda_2019_mi,mlp,erm,1009,P_population_effect_gap,0.0426869861149005,False,lower,transfer_complete / hmda_2019_mi / mlp / P_population_effect_gap
hmda_2019_mi,mlp,soft,1009,P_population_effect_gap,0.0099504517085482,False,lower,transfer_complete / hmda_2019_mi / mlp / P_population_effect_gap
hmda_2020_oh,ft,erm,1000,P_population_effect_gap,0.0347643584007336,False,lower,transfer_complete / hmda_2020_oh / ft / P_population_effect_gap
hmda_2020_oh,ft,soft,1000,P_population_effect_gap,0.008408667802693,False,lower,transfer_complete / hmda_2020_oh / ft / P_population_effect_gap
hmda_2020_oh,ft,erm,1001,P_population_effect_gap,0.0329207420975576,False,lower,transfer_complete / hmda_2020_oh / ft / P_population_effect_gap
hmda_2020_oh,ft,soft,1001,P_population_effect_gap,0.0097229495356695,False,lower,transfer_complete / hmda_2020_oh / ft / P_population_effect_gap
hmda_2020_oh,ft,erm,1002,P_population_effect_gap,0.0341001842508474,False,lower,transfer_complete / hmda_2020_oh / ft / P_population_effect_gap
hmda_2020_oh,ft,soft,1002,P_population_effect_gap,0.0081412202226008,False,lower,transfer_complete / hmda_2020_oh / ft / P_population_effect_gap
hmda_2020_oh,ft,erm,1003,P_population_effect_gap,0.0322920121046266,False,lower,transfer_complete / hmda_2020_oh / ft / P_population_effect_gap
hmda_2020_oh,ft,soft,1003,P_population_effect_gap,0.0121822590801664,False,lower,transfer_complete / hmda_2020_oh / ft / P_population_effect_gap
hmda_2020_oh,ft,erm,1004,P_population_effect_gap,0.0312287840039987,False,lower,transfer_complete / hmda_2020_oh / ft / P_population_effect_gap
hmda_2020_oh,ft,soft,1004,P_population_effect_gap,0.0123347638675754,False,lower,transfer_complete / hmda_2020_oh / ft / P_population_effect_gap
hmda_2020_oh,ft,erm,1005,P_population_effect_gap,0.0378254460467766,False,lower,transfer_complete / hmda_2020_oh / ft / P_population_effect_gap
hmda_2020_oh,ft,soft,1005,P_population_effect_gap,0.0091196121105176,False,lower,transfer_complete / hmda_2020_oh / ft / P_population_effect_gap
hmda_2020_oh,ft,erm,1006,P_population_effect_gap,0.0312593891904807,False,lower,transfer_complete / hmda_2020_oh / ft / P_population_effect_gap
hmda_2020_oh,ft,soft,1006,P_population_effect_gap,0.0103220684888924,False,lower,transfer_complete / hmda_2020_oh / ft / P_population_effect_gap
hmda_2020_oh,ft,erm,1007,P_population_effect_gap,0.0341242332315195,False,lower,transfer_complete / hmda_2020_oh / ft / P_population_effect_gap
hmda_2020_oh,ft,soft,1007,P_population_effect_gap,0.0093305636416611,False,lower,transfer_complete / hmda_2020_oh / ft / P_population_effect_gap
hmda_2020_oh,ft,erm,1008,P_population_effect_gap,0.036398367702898,False,lower,transfer_complete / hmda_2020_oh / ft / P_population_effect_gap
hmda_2020_oh,ft,soft,1008,P_population_effect_gap,0.0094193771074191,False,lower,transfer_complete / hmda_2020_oh / ft / P_population_effect_gap
hmda_2020_oh,ft,erm,1009,P_population_effect_gap,0.0300045683519842,False,lower,transfer_complete / hmda_2020_oh / ft / P_population_effect_gap
hmda_2020_oh,ft,soft,1009,P_population_effect_gap,0.0177088538384559,False,lower,transfer_complete / hmda_2020_oh / ft / P_population_effect_gap
hmda_2020_oh,mlp,erm,1000,P_population_effect_gap,0.0380657012287475,False,lower,transfer_complete / hmda_2020_oh / mlp / P_population_effect_gap
hmda_2020_oh,mlp,soft,1000,P_population_effect_gap,0.0110377091162726,False,lower,transfer_complete / hmda_2020_oh / mlp / P_population_effect_gap
hmda_2020_oh,mlp,erm,1001,P_population_effect_gap,0.0426001783776424,False,lower,transfer_complete / hmda_2020_oh / mlp / P_population_effect_gap
hmda_2020_oh,mlp,soft,1001,P_population_effect_gap,0.0104237570725009,False,lower,transfer_complete / hmda_2020_oh / mlp / P_population_effect_gap
hmda_2020_oh,mlp,erm,1002,P_population_effect_gap,0.0419083703499322,False,lower,transfer_complete / hmda_2020_oh / mlp / P_population_effect_gap
hmda_2020_oh,mlp,soft,1002,P_population_effect_gap,0.0111642344132207,False,lower,transfer_complete / hmda_2020_oh / mlp / P_population_effect_gap
hmda_2020_oh,mlp,erm,1003,P_population_effect_gap,0.0326570276430223,False,lower,transfer_complete / hmda_2020_oh / mlp / P_population_effect_gap
hmda_2020_oh,mlp,soft,1003,P_population_effect_gap,0.0134190060243197,False,lower,transfer_complete / hmda_2020_oh / mlp / P_population_effect_gap
hmda_2020_oh,mlp,erm,1004,P_population_effect_gap,0.0378198371607985,False,lower,transfer_complete / hmda_2020_oh / mlp / P_population_effect_gap
hmda_2020_oh,mlp,soft,1004,P_population_effect_gap,0.0119782103545024,False,lower,transfer_complete / hmda_2020_oh / mlp / P_population_effect_gap
hmda_2020_oh,mlp,erm,1005,P_population_effect_gap,0.0361006589788317,False,lower,transfer_complete / hmda_2020_oh / mlp / P_population_effect_gap
hmda_2020_oh,mlp,soft,1005,P_population_effect_gap,0.0103892052779871,False,lower,transfer_complete / hmda_2020_oh / mlp / P_population_effect_gap
hmda_2020_oh,mlp,erm,1006,P_population_effect_gap,0.0401702418717487,False,lower,transfer_complete / hmda_2020_oh / mlp / P_population_effect_gap
hmda_2020_oh,mlp,soft,1006,P_population_effect_gap,0.0113243578636311,False,lower,transfer_complete / hmda_2020_oh / mlp / P_population_effect_gap
hmda_2020_oh,mlp,erm,1007,P_population_effect_gap,0.0365554327364232,False,lower,transfer_complete / hmda_2020_oh / mlp / P_population_effect_gap
hmda_2020_oh,mlp,soft,1007,P_population_effect_gap,0.0122259987933237,False,lower,transfer_complete / hmda_2020_oh / mlp / P_population_effect_gap
hmda_2020_oh,mlp,erm,1008,P_population_effect_gap,0.037097979434682,False,lower,transfer_complete / hmda_2020_oh / mlp / P_population_effect_gap
hmda_2020_oh,mlp,soft,1008,P_population_effect_gap,0.0131427689328223,False,lower,transfer_complete / hmda_2020_oh / mlp / P_population_effect_gap
hmda_2020_oh,mlp,erm,1009,P_population_effect_gap,0.0406941210114172,False,lower,transfer_complete / hmda_2020_oh / mlp / P_population_effect_gap
hmda_2020_oh,mlp,soft,1009,P_population_effect_gap,0.0098890706018096,False,lower,transfer_complete / hmda_2020_oh / mlp / P_population_effect_gap
hmda_2019_mi,ft,cot_phi,1000,decision_disagreement,0.0218717089225692,False,lower,transfer_complete / hmda_2019_mi / ft / decision_disagreement
hmda_2019_mi,ft,cot_phi,1001,decision_disagreement,0.0488364812877174,False,lower,transfer_complete / hmda_2019_mi / ft / decision_disagreement
hmda_2019_mi,ft,cot_phi,1002,decision_disagreement,0.0306225273496816,False,lower,transfer_complete / hmda_2019_mi / ft / decision_disagreement
hmda_2019_mi,ft,cot_phi,1003,decision_disagreement,0.0276133277875675,False,lower,transfer_complete / hmda_2019_mi / ft / decision_disagreement
hmda_2019_mi,ft,cot_phi,1004,decision_disagreement,0.045407997271326,False,lower,transfer_complete / hmda_2019_mi / ft / decision_disagreement
hmda_2019_mi,ft,cot_phi,1005,decision_disagreement,0.0355308979389801,False,lower,transfer_complete / hmda_2019_mi / ft / decision_disagreement
hmda_2019_mi,ft,cot_phi,1006,decision_disagreement,0.0171352704298798,False,lower,transfer_complete / hmda_2019_mi / ft / decision_disagreement
hmda_2019_mi,ft,cot_phi,1007,decision_disagreement,0.0467430993476849,False,lower,transfer_complete / hmda_2019_mi / ft / decision_disagreement
hmda_2019_mi,ft,cot_phi,1008,decision_disagreement,0.0496338577243024,False,lower,transfer_complete / hmda_2019_mi / ft / decision_disagreement
hmda_2019_mi,ft,cot_phi,1009,decision_disagreement,0.0311473541884664,False,lower,transfer_complete / hmda_2019_mi / ft / decision_disagreement
hmda_2019_mi,ft,hifi,1000,decision_disagreement,0.0385168014881176,False,lower,transfer_complete / hmda_2019_mi / ft / decision_disagreement
hmda_2019_mi,ft,hifi,1001,decision_disagreement,0.1716846049931116,False,lower,transfer_complete / hmda_2019_mi / ft / decision_disagreement
hmda_2019_mi,ft,hifi,1002,decision_disagreement,0.0240559428714903,False,lower,transfer_complete / hmda_2019_mi / ft / decision_disagreement
hmda_2019_mi,ft,hifi,1003,decision_disagreement,0.0332269553773347,False,lower,transfer_complete / hmda_2019_mi / ft / decision_disagreement
hmda_2019_mi,ft,hifi,1004,decision_disagreement,0.1298678972572913,False,lower,transfer_complete / hmda_2019_mi / ft / decision_disagreement
hmda_2019_mi,ft,hifi,1005,decision_disagreement,0.0130766619563655,False,lower,transfer_complete / hmda_2019_mi / ft / decision_disagreement
hmda_2019_mi,ft,hifi,1006,decision_disagreement,0.0099521390774856,False,lower,transfer_complete / hmda_2019_mi / ft / decision_disagreement
hmda_2019_mi,ft,hifi,1007,decision_disagreement,0.0147662104388068,False,lower,transfer_complete / hmda_2019_mi / ft / decision_disagreement
hmda_2019_mi,ft,hifi,1008,decision_disagreement,0.0087250438678734,False,lower,transfer_complete / hmda_2019_mi / ft / decision_disagreement
hmda_2019_mi,ft,hifi,1009,decision_disagreement,0.0698795147303385,False,lower,transfer_complete / hmda_2019_mi / ft / decision_disagreement
hmda_2019_mi,ft,hifi_erm,1000,decision_disagreement,0.0023110668789751,False,lower,transfer_complete / hmda_2019_mi / ft / decision_disagreement
hmda_2019_mi,ft,hifi_erm,1001,decision_disagreement,0.0367119410255542,False,lower,transfer_complete / hmda_2019_mi / ft / decision_disagreement
hmda_2019_mi,ft,hifi_erm,1002,decision_disagreement,0.0164053043978728,False,lower,transfer_complete / hmda_2019_mi / ft / decision_disagreement
hmda_2019_mi,ft,hifi_erm,1003,decision_disagreement,0.0278444438634048,False,lower,transfer_complete / hmda_2019_mi / ft / decision_disagreement
hmda_2019_mi,ft,hifi_erm,1004,decision_disagreement,0.0273371892277271,False,lower,transfer_complete / hmda_2019_mi / ft / decision_disagreement
hmda_2019_mi,ft,hifi_erm,1005,decision_disagreement,0.0605035198201339,False,lower,transfer_complete / hmda_2019_mi / ft / decision_disagreement
hmda_2019_mi,ft,hifi_erm,1006,decision_disagreement,0.0061355966897279,False,lower,transfer_complete / hmda_2019_mi / ft / decision_disagreement
hmda_2019_mi,ft,hifi_erm,1007,decision_disagreement,0.0194428535017675,False,lower,transfer_complete / hmda_2019_mi / ft / decision_disagreement
hmda_2019_mi,ft,hifi_erm,1008,decision_disagreement,0.0101905618447603,False,lower,transfer_complete / hmda_2019_mi / ft / decision_disagreement
hmda_2019_mi,ft,hifi_erm,1009,decision_disagreement,0.0244299204928268,False,lower,transfer_complete / hmda_2019_mi / ft / decision_disagreement
hmda_2019_mi,ft,hifi_shared,1000,decision_disagreement,0.0582488946894004,False,lower,transfer_complete / hmda_2019_mi / ft / decision_disagreement
hmda_2019_mi,ft,hifi_shared,1001,decision_disagreement,0.0327373992892383,False,lower,transfer_complete / hmda_2019_mi / ft / decision_disagreement
hmda_2019_mi,ft,hifi_shared,1002,decision_disagreement,0.0408186674113267,False,lower,transfer_complete / hmda_2019_mi / ft / decision_disagreement
hmda_2019_mi,ft,hifi_shared,1003,decision_disagreement,0.037253070556539,False,lower,transfer_complete / hmda_2019_mi / ft / decision_disagreement
hmda_2019_mi,ft,hifi_shared,1004,decision_disagreement,0.0457279048657094,False,lower,transfer_complete / hmda_2019_mi / ft / decision_disagreement
hmda_2019_mi,ft,hifi_shared,1005,decision_disagreement,0.0423376332015284,False,lower,transfer_complete / hmda_2019_mi / ft / decision_disagreement
hmda_2019_mi,ft,hifi_shared,1006,decision_disagreement,0.0282790181578236,False,lower,transfer_complete / hmda_2019_mi / ft / decision_disagreement
hmda_2019_mi,ft,hifi_shared,1007,decision_disagreement,0.043969814909839,False,lower,transfer_complete / hmda_2019_mi / ft / decision_disagreement
hmda_2019_mi,ft,hifi_shared,1008,decision_disagreement,0.051738007520686,False,lower,transfer_complete / hmda_2019_mi / ft / decision_disagreement
hmda_2019_mi,ft,hifi_shared,1009,decision_disagreement,0.0527660036035172,False,lower,transfer_complete / hmda_2019_mi / ft / decision_disagreement
hmda_2019_mi,ft,reweighing,1000,decision_disagreement,0.0193675177743023,False,lower,transfer_complete / hmda_2019_mi / ft / decision_disagreement
hmda_2019_mi,ft,reweighing,1001,decision_disagreement,0.0251228057234771,False,lower,transfer_complete / hmda_2019_mi / ft / decision_disagreement
hmda_2019_mi,ft,reweighing,1002,decision_disagreement,0.025133799370383,False,lower,transfer_complete / hmda_2019_mi / ft / decision_disagreement
hmda_2019_mi,ft,reweighing,1003,decision_disagreement,0.0212707023972358,False,lower,transfer_complete / hmda_2019_mi / ft / decision_disagreement
hmda_2019_mi,ft,reweighing,1004,decision_disagreement,0.022163844263469,False,lower,transfer_complete / hmda_2019_mi / ft / decision_disagreement
hmda_2019_mi,ft,reweighing,1005,decision_disagreement,0.0202997566548516,False,lower,transfer_complete / hmda_2019_mi / ft / decision_disagreement
hmda_2019_mi,ft,reweighing,1006,decision_disagreement,0.0134517175423616,False,lower,transfer_complete / hmda_2019_mi / ft / decision_disagreement
hmda_2019_mi,ft,reweighing,1007,decision_disagreement,0.0311796017646943,False,lower,transfer_complete / hmda_2019_mi / ft / decision_disagreement
hmda_2019_mi,ft,reweighing,1008,decision_disagreement,0.0152978594710649,False,lower,transfer_complete / hmda_2019_mi / ft / decision_disagreement
hmda_2019_mi,ft,reweighing,1009,decision_disagreement,0.0293398636083348,False,lower,transfer_complete / hmda_2019_mi / ft / decision_disagreement
hmda_2019_mi,mlp,cot_phi,1000,decision_disagreement,0.0494294650147492,False,lower,transfer_complete / hmda_2019_mi / mlp / decision_disagreement
hmda_2019_mi,mlp,cot_phi,1001,decision_disagreement,0.0271736076072231,False,lower,transfer_complete / hmda_2019_mi / mlp / decision_disagreement
hmda_2019_mi,mlp,cot_phi,1002,decision_disagreement,0.0328601269294271,False,lower,transfer_complete / hmda_2019_mi / mlp / decision_disagreement
hmda_2019_mi,mlp,cot_phi,1003,decision_disagreement,0.0286914333280547,False,lower,transfer_complete / hmda_2019_mi / mlp / decision_disagreement
hmda_2019_mi,mlp,cot_phi,1004,decision_disagreement,0.033002877649232,False,lower,transfer_complete / hmda_2019_mi / mlp / decision_disagreement
hmda_2019_mi,mlp,cot_phi,1005,decision_disagreement,0.0393537752653678,False,lower,transfer_complete / hmda_2019_mi / mlp / decision_disagreement
hmda_2019_mi,mlp,cot_phi,1006,decision_disagreement,0.0486493629271193,False,lower,transfer_complete / hmda_2019_mi / mlp / decision_disagreement
hmda_2019_mi,mlp,cot_phi,1007,decision_disagreement,0.0422600069508724,False,lower,transfer_complete / hmda_2019_mi / mlp / decision_disagreement
hmda_2019_mi,mlp,cot_phi,1008,decision_disagreement,0.0395807053394254,False,lower,transfer_complete / hmda_2019_mi / mlp / decision_disagreement
hmda_2019_mi,mlp,cot_phi,1009,decision_disagreement,0.0437256216820635,False,lower,transfer_complete / hmda_2019_mi / mlp / decision_disagreement
hmda_2019_mi,mlp,dralign,1000,decision_disagreement,0.0235333695094667,False,lower,transfer_complete / hmda_2019_mi / mlp / decision_disagreement
hmda_2019_mi,mlp,dralign,1001,decision_disagreement,0.0307084598134387,False,lower,transfer_complete / hmda_2019_mi / mlp / decision_disagreement
hmda_2019_mi,mlp,dralign,1002,decision_disagreement,0.026750876584323,False,lower,transfer_complete / hmda_2019_mi / mlp / decision_disagreement
hmda_2019_mi,mlp,dralign,1003,decision_disagreement,0.065459911244886,False,lower,transfer_complete / hmda_2019_mi / mlp / decision_disagreement
hmda_2019_mi,mlp,dralign,1004,decision_disagreement,0.0797399466400316,False,lower,transfer_complete / hmda_2019_mi / mlp / decision_disagreement
hmda_2019_mi,mlp,dralign,1005,decision_disagreement,0.1047114044734647,False,lower,transfer_complete / hmda_2019_mi / mlp / decision_disagreement
hmda_2019_mi,mlp,dralign,1006,decision_disagreement,0.0667283643573846,False,lower,transfer_complete / hmda_2019_mi / mlp / decision_disagreement
hmda_2019_mi,mlp,dralign,1007,decision_disagreement,0.0281728821286575,False,lower,transfer_complete / hmda_2019_mi / mlp / decision_disagreement
hmda_2019_mi,mlp,dralign,1008,decision_disagreement,0.0237591396319484,False,lower,transfer_complete / hmda_2019_mi / mlp / decision_disagreement
hmda_2019_mi,mlp,dralign,1009,decision_disagreement,0.0435044431541332,False,lower,transfer_complete / hmda_2019_mi / mlp / decision_disagreement
hmda_2019_mi,mlp,hifi,1000,decision_disagreement,0.0723887468758692,False,lower,transfer_complete / hmda_2019_mi / mlp / decision_disagreement
hmda_2019_mi,mlp,hifi,1001,decision_disagreement,0.04773315589011,False,lower,transfer_complete / hmda_2019_mi / mlp / decision_disagreement
hmda_2019_mi,mlp,hifi,1002,decision_disagreement,0.0552091874277604,False,lower,transfer_complete / hmda_2019_mi / mlp / decision_disagreement
hmda_2019_mi,mlp,hifi,1003,decision_disagreement,0.0659964869380457,False,lower,transfer_complete / hmda_2019_mi / mlp / decision_disagreement
hmda_2019_mi,mlp,hifi,1004,decision_disagreement,0.0865899674052596,False,lower,transfer_complete / hmda_2019_mi / mlp / decision_disagreement
hmda_2019_mi,mlp,hifi,1005,decision_disagreement,0.0915327740718359,False,lower,transfer_complete / hmda_2019_mi / mlp / decision_disagreement
hmda_2019_mi,mlp,hifi,1006,decision_disagreement,0.0943148330198433,False,lower,transfer_complete / hmda_2019_mi / mlp / decision_disagreement
hmda_2019_mi,mlp,hifi,1007,decision_disagreement,0.0620143929528413,False,lower,transfer_complete / hmda_2019_mi / mlp / decision_disagreement
hmda_2019_mi,mlp,hifi,1008,decision_disagreement,0.0643262210574279,False,lower,transfer_complete / hmda_2019_mi / mlp / decision_disagreement
hmda_2019_mi,mlp,hifi,1009,decision_disagreement,0.0801346043782154,False,lower,transfer_complete / hmda_2019_mi / mlp / decision_disagreement
hmda_2019_mi,mlp,hifi_erm,1000,decision_disagreement,0.1164305735547288,False,lower,transfer_complete / hmda_2019_mi / mlp / decision_disagreement
hmda_2019_mi,mlp,hifi_erm,1001,decision_disagreement,0.1034635182576614,False,lower,transfer_complete / hmda_2019_mi / mlp / decision_disagreement
hmda_2019_mi,mlp,hifi_erm,1002,decision_disagreement,0.0700310952926743,False,lower,transfer_complete / hmda_2019_mi / mlp / decision_disagreement
hmda_2019_mi,mlp,hifi_erm,1003,decision_disagreement,0.0802746147652968,False,lower,transfer_complete / hmda_2019_mi / mlp / decision_disagreement
hmda_2019_mi,mlp,hifi_erm,1004,decision_disagreement,0.0837601878300121,False,lower,transfer_complete / hmda_2019_mi / mlp / decision_disagreement
hmda_2019_mi,mlp,hifi_erm,1005,decision_disagreement,0.1012375566318423,False,lower,transfer_complete / hmda_2019_mi / mlp / decision_disagreement
hmda_2019_mi,mlp,hifi_erm,1006,decision_disagreement,0.0765529296986768,False,lower,transfer_complete / hmda_2019_mi / mlp / decision_disagreement
hmda_2019_mi,mlp,hifi_erm,1007,decision_disagreement,0.0527347669465568,False,lower,transfer_complete / hmda_2019_mi / mlp / decision_disagreement
hmda_2019_mi,mlp,hifi_erm,1008,decision_disagreement,0.0632128061214346,False,lower,transfer_complete / hmda_2019_mi / mlp / decision_disagreement
hmda_2019_mi,mlp,hifi_erm,1009,decision_disagreement,0.0809032727073613,False,lower,transfer_complete / hmda_2019_mi / mlp / decision_disagreement
hmda_2019_mi,mlp,hifi_shared,1000,decision_disagreement,0.0598591407510204,False,lower,transfer_complete / hmda_2019_mi / mlp / decision_disagreement
hmda_2019_mi,mlp,hifi_shared,1001,decision_disagreement,0.0535961531111984,False,lower,transfer_complete / hmda_2019_mi / mlp / decision_disagreement
hmda_2019_mi,mlp,hifi_shared,1002,decision_disagreement,0.0508988130748715,False,lower,transfer_complete / hmda_2019_mi / mlp / decision_disagreement
hmda_2019_mi,mlp,hifi_shared,1003,decision_disagreement,0.0512018051010789,False,lower,transfer_complete / hmda_2019_mi / mlp / decision_disagreement
hmda_2019_mi,mlp,hifi_shared,1004,decision_disagreement,0.0569729571752519,False,lower,transfer_complete / hmda_2019_mi / mlp / decision_disagreement
hmda_2019_mi,mlp,hifi_shared,1005,decision_disagreement,0.0613821495296313,False,lower,transfer_complete / hmda_2019_mi / mlp / decision_disagreement
hmda_2019_mi,mlp,hifi_shared,1006,decision_disagreement,0.083971709101654,False,lower,transfer_complete / hmda_2019_mi / mlp / decision_disagreement
hmda_2019_mi,mlp,hifi_shared,1007,decision_disagreement,0.0450255474331674,False,lower,transfer_complete / hmda_2019_mi / mlp / decision_disagreement
hmda_2019_mi,mlp,hifi_shared,1008,decision_disagreement,0.0798587753822315,False,lower,transfer_complete / hmda_2019_mi / mlp / decision_disagreement
hmda_2019_mi,mlp,hifi_shared,1009,decision_disagreement,0.0685215947217012,False,lower,transfer_complete / hmda_2019_mi / mlp / decision_disagreement
hmda_2019_mi,mlp,ltdd,1000,decision_disagreement,0.0672727359274316,False,lower,transfer_complete / hmda_2019_mi / mlp / decision_disagreement
hmda_2019_mi,mlp,ltdd,1001,decision_disagreement,0.0693647964513279,False,lower,transfer_complete / hmda_2019_mi / mlp / decision_disagreement
hmda_2019_mi,mlp,ltdd,1002,decision_disagreement,0.0326983503099682,False,lower,transfer_complete / hmda_2019_mi / mlp / decision_disagreement
hmda_2019_mi,mlp,ltdd,1003,decision_disagreement,0.0543675841627628,False,lower,transfer_complete / hmda_2019_mi / mlp / decision_disagreement
hmda_2019_mi,mlp,ltdd,1004,decision_disagreement,0.0544401512698109,False,lower,transfer_complete / hmda_2019_mi / mlp / decision_disagreement
hmda_2019_mi,mlp,ltdd,1005,decision_disagreement,0.0457384872894381,False,lower,transfer_complete / hmda_2019_mi / mlp / decision_disagreement
hmda_2019_mi,mlp,ltdd,1006,decision_disagreement,0.0813714632970582,False,lower,transfer_complete / hmda_2019_mi / mlp / decision_disagreement
hmda_2019_mi,mlp,ltdd,1007,decision_disagreement,0.0691112655827835,False,lower,transfer_complete / hmda_2019_mi / mlp / decision_disagreement
hmda_2019_mi,mlp,ltdd,1008,decision_disagreement,0.036934277648827,False,lower,transfer_complete / hmda_2019_mi / mlp / decision_disagreement
hmda_2019_mi,mlp,ltdd,1009,decision_disagreement,0.0588434832220086,False,lower,transfer_complete / hmda_2019_mi / mlp / decision_disagreement
hmda_2019_mi,mlp,mirrorfair,1000,decision_disagreement,0.0352552021760369,False,lower,transfer_complete / hmda_2019_mi / mlp / decision_disagreement
hmda_2019_mi,mlp,mirrorfair,1001,decision_disagreement,0.0188230338634864,False,lower,transfer_complete / hmda_2019_mi / mlp / decision_disagreement
hmda_2019_mi,mlp,mirrorfair,1002,decision_disagreement,0.0221923477794602,False,lower,transfer_complete / hmda_2019_mi / mlp / decision_disagreement
hmda_2019_mi,mlp,mirrorfair,1003,decision_disagreement,0.0282344597122171,False,lower,transfer_complete / hmda_2019_mi / mlp / decision_disagreement
hmda_2019_mi,mlp,mirrorfair,1004,decision_disagreement,0.024670812292672,False,lower,transfer_complete / hmda_2019_mi / mlp / decision_disagreement
hmda_2019_mi,mlp,mirrorfair,1005,decision_disagreement,0.034916398859608,False,lower,transfer_complete / hmda_2019_mi / mlp / decision_disagreement
hmda_2019_mi,mlp,mirrorfair,1006,decision_disagreement,0.0406555651749228,False,lower,transfer_complete / hmda_2019_mi / mlp / decision_disagreement
hmda_2019_mi,mlp,mirrorfair,1007,decision_disagreement,0.026110967387841,False,lower,transfer_complete / hmda_2019_mi / mlp / decision_disagreement
hmda_2019_mi,mlp,mirrorfair,1008,decision_disagreement,0.0441364412480455,False,lower,transfer_complete / hmda_2019_mi / mlp / decision_disagreement
hmda_2019_mi,mlp,mirrorfair,1009,decision_disagreement,0.0347885777674087,False,lower,transfer_complete / hmda_2019_mi / mlp / decision_disagreement
hmda_2019_mi,mlp,neufair,1000,decision_disagreement,0.0252220227161236,False,lower,transfer_complete / hmda_2019_mi / mlp / decision_disagreement
hmda_2019_mi,mlp,neufair,1001,decision_disagreement,0.0182651341293537,False,lower,transfer_complete / hmda_2019_mi / mlp / decision_disagreement
hmda_2019_mi,mlp,neufair,1002,decision_disagreement,0.0185585520505919,False,lower,transfer_complete / hmda_2019_mi / mlp / decision_disagreement
hmda_2019_mi,mlp,neufair,1003,decision_disagreement,0.0159872826895496,False,lower,transfer_complete / hmda_2019_mi / mlp / decision_disagreement
hmda_2019_mi,mlp,neufair,1004,decision_disagreement,0.020317896737185,False,lower,transfer_complete / hmda_2019_mi / mlp / decision_disagreement
hmda_2019_mi,mlp,neufair,1005,decision_disagreement,0.0235215414333521,False,lower,transfer_complete / hmda_2019_mi / mlp / decision_disagreement
hmda_2019_mi,mlp,neufair,1006,decision_disagreement,0.0179439616357688,False,lower,transfer_complete / hmda_2019_mi / mlp / decision_disagreement
hmda_2019_mi,mlp,neufair,1007,decision_disagreement,0.0200784085378327,False,lower,transfer_complete / hmda_2019_mi / mlp / decision_disagreement
hmda_2019_mi,mlp,neufair,1008,decision_disagreement,0.0127546735733227,False,lower,transfer_complete / hmda_2019_mi / mlp / decision_disagreement
hmda_2019_mi,mlp,neufair,1009,decision_disagreement,0.0174933007020365,False,lower,transfer_complete / hmda_2019_mi / mlp / decision_disagreement
hmda_2020_oh,ft,cot_phi,1000,decision_disagreement,0.0192684476267454,False,lower,transfer_complete / hmda_2020_oh / ft / decision_disagreement
hmda_2020_oh,ft,cot_phi,1001,decision_disagreement,0.0473327691969778,False,lower,transfer_complete / hmda_2020_oh / ft / decision_disagreement
hmda_2020_oh,ft,cot_phi,1002,decision_disagreement,0.0292194882914496,False,lower,transfer_complete / hmda_2020_oh / ft / decision_disagreement
hmda_2020_oh,ft,cot_phi,1003,decision_disagreement,0.0232742169040663,False,lower,transfer_complete / hmda_2020_oh / ft / decision_disagreement
hmda_2020_oh,ft,cot_phi,1004,decision_disagreement,0.0375110749590778,False,lower,transfer_complete / hmda_2020_oh / ft / decision_disagreement
hmda_2020_oh,ft,cot_phi,1005,decision_disagreement,0.0344851249826909,False,lower,transfer_complete / hmda_2020_oh / ft / decision_disagreement
hmda_2020_oh,ft,cot_phi,1006,decision_disagreement,0.0140122622897959,False,lower,transfer_complete / hmda_2020_oh / ft / decision_disagreement
hmda_2020_oh,ft,cot_phi,1007,decision_disagreement,0.040907252056766,False,lower,transfer_complete / hmda_2020_oh / ft / decision_disagreement
hmda_2020_oh,ft,cot_phi,1008,decision_disagreement,0.0440445452561763,False,lower,transfer_complete / hmda_2020_oh / ft / decision_disagreement
hmda_2020_oh,ft,cot_phi,1009,decision_disagreement,0.0298973085140294,False,lower,transfer_complete / hmda_2020_oh / ft / decision_disagreement
hmda_2020_oh,ft,hifi,1000,decision_disagreement,0.0342013671744823,False,lower,transfer_complete / hmda_2020_oh / ft / decision_disagreement
hmda_2020_oh,ft,hifi,1001,decision_disagreement,0.1474546911049458,False,lower,transfer_complete / hmda_2020_oh / ft / decision_disagreement
hmda_2020_oh,ft,hifi,1002,decision_disagreement,0.0219601270911057,False,lower,transfer_complete / hmda_2020_oh / ft / decision_disagreement
hmda_2020_oh,ft,hifi,1003,decision_disagreement,0.0324290197241719,False,lower,transfer_complete / hmda_2020_oh / ft / decision_disagreement
hmda_2020_oh,ft,hifi,1004,decision_disagreement,0.1080395495868583,False,lower,transfer_complete / hmda_2020_oh / ft / decision_disagreement
hmda_2020_oh,ft,hifi,1005,decision_disagreement,0.0106340713216695,False,lower,transfer_complete / hmda_2020_oh / ft / decision_disagreement
hmda_2020_oh,ft,hifi,1006,decision_disagreement,0.0089723723534309,False,lower,transfer_complete / hmda_2020_oh / ft / decision_disagreement
hmda_2020_oh,ft,hifi,1007,decision_disagreement,0.0111402023189151,False,lower,transfer_complete / hmda_2020_oh / ft / decision_disagreement
hmda_2020_oh,ft,hifi,1008,decision_disagreement,0.0112113841549943,False,lower,transfer_complete / hmda_2020_oh / ft / decision_disagreement
hmda_2020_oh,ft,hifi,1009,decision_disagreement,0.05267188156455,False,lower,transfer_complete / hmda_2020_oh / ft / decision_disagreement
hmda_2020_oh,ft,hifi_erm,1000,decision_disagreement,0.0023927571420722,False,lower,transfer_complete / hmda_2020_oh / ft / decision_disagreement
hmda_2020_oh,ft,hifi_erm,1001,decision_disagreement,0.0311589455783768,False,lower,transfer_complete / hmda_2020_oh / ft / decision_disagreement
hmda_2020_oh,ft,hifi_erm,1002,decision_disagreement,0.0150997098945657,False,lower,transfer_complete / hmda_2020_oh / ft / decision_disagreement
hmda_2020_oh,ft,hifi_erm,1003,decision_disagreement,0.0217038673330408,False,lower,transfer_complete / hmda_2020_oh / ft / decision_disagreement
hmda_2020_oh,ft,hifi_erm,1004,decision_disagreement,0.0202721588737773,False,lower,transfer_complete / hmda_2020_oh / ft / decision_disagreement
hmda_2020_oh,ft,hifi_erm,1005,decision_disagreement,0.0519919430802452,False,lower,transfer_complete / hmda_2020_oh / ft / decision_disagreement
hmda_2020_oh,ft,hifi_erm,1006,decision_disagreement,0.0050582402468036,False,lower,transfer_complete / hmda_2020_oh / ft / decision_disagreement
hmda_2020_oh,ft,hifi_erm,1007,decision_disagreement,0.018975640294319,False,lower,transfer_complete / hmda_2020_oh / ft / decision_disagreement
hmda_2020_oh,ft,hifi_erm,1008,decision_disagreement,0.0152968956913319,False,lower,transfer_complete / hmda_2020_oh / ft / decision_disagreement
hmda_2020_oh,ft,hifi_erm,1009,decision_disagreement,0.0196989265046644,False,lower,transfer_complete / hmda_2020_oh / ft / decision_disagreement
hmda_2020_oh,ft,hifi_shared,1000,decision_disagreement,0.050092111648301,False,lower,transfer_complete / hmda_2020_oh / ft / decision_disagreement
hmda_2020_oh,ft,hifi_shared,1001,decision_disagreement,0.0333249083784712,False,lower,transfer_complete / hmda_2020_oh / ft / decision_disagreement
hmda_2020_oh,ft,hifi_shared,1002,decision_disagreement,0.0383935299002932,False,lower,transfer_complete / hmda_2020_oh / ft / decision_disagreement
hmda_2020_oh,ft,hifi_shared,1003,decision_disagreement,0.0317683454836664,False,lower,transfer_complete / hmda_2020_oh / ft / decision_disagreement
hmda_2020_oh,ft,hifi_shared,1004,decision_disagreement,0.0447384391775342,False,lower,transfer_complete / hmda_2020_oh / ft / decision_disagreement
hmda_2020_oh,ft,hifi_shared,1005,decision_disagreement,0.0380712324291417,False,lower,transfer_complete / hmda_2020_oh / ft / decision_disagreement
hmda_2020_oh,ft,hifi_shared,1006,decision_disagreement,0.0289412359411821,False,lower,transfer_complete / hmda_2020_oh / ft / decision_disagreement
hmda_2020_oh,ft,hifi_shared,1007,decision_disagreement,0.0393748051522546,False,lower,transfer_complete / hmda_2020_oh / ft / decision_disagreement
hmda_2020_oh,ft,hifi_shared,1008,decision_disagreement,0.0488611713288106,False,lower,transfer_complete / hmda_2020_oh / ft / decision_disagreement
hmda_2020_oh,ft,hifi_shared,1009,decision_disagreement,0.0488471258548995,False,lower,transfer_complete / hmda_2020_oh / ft / decision_disagreement
hmda_2020_oh,ft,reweighing,1000,decision_disagreement,0.0163508333915391,False,lower,transfer_complete / hmda_2020_oh / ft / decision_disagreement
hmda_2020_oh,ft,reweighing,1001,decision_disagreement,0.0229799138577883,False,lower,transfer_complete / hmda_2020_oh / ft / decision_disagreement
hmda_2020_oh,ft,reweighing,1002,decision_disagreement,0.0195741495029352,False,lower,transfer_complete / hmda_2020_oh / ft / decision_disagreement
hmda_2020_oh,ft,reweighing,1003,decision_disagreement,0.0157667708552009,False,lower,transfer_complete / hmda_2020_oh / ft / decision_disagreement
hmda_2020_oh,ft,reweighing,1004,decision_disagreement,0.0179725308800013,False,lower,transfer_complete / hmda_2020_oh / ft / decision_disagreement
hmda_2020_oh,ft,reweighing,1005,decision_disagreement,0.0178631027317226,False,lower,transfer_complete / hmda_2020_oh / ft / decision_disagreement
hmda_2020_oh,ft,reweighing,1006,decision_disagreement,0.0135619256326147,False,lower,transfer_complete / hmda_2020_oh / ft / decision_disagreement
hmda_2020_oh,ft,reweighing,1007,decision_disagreement,0.0251313830471234,False,lower,transfer_complete / hmda_2020_oh / ft / decision_disagreement
hmda_2020_oh,ft,reweighing,1008,decision_disagreement,0.0126572335355019,False,lower,transfer_complete / hmda_2020_oh / ft / decision_disagreement
hmda_2020_oh,ft,reweighing,1009,decision_disagreement,0.0186495226045827,False,lower,transfer_complete / hmda_2020_oh / ft / decision_disagreement
hmda_2020_oh,mlp,cot_phi,1000,decision_disagreement,0.0435609954055544,False,lower,transfer_complete / hmda_2020_oh / mlp / decision_disagreement
hmda_2020_oh,mlp,cot_phi,1001,decision_disagreement,0.0266027918511659,False,lower,transfer_complete / hmda_2020_oh / mlp / decision_disagreement
hmda_2020_oh,mlp,cot_phi,1002,decision_disagreement,0.0291142317528669,False,lower,transfer_complete / hmda_2020_oh / mlp / decision_disagreement
hmda_2020_oh,mlp,cot_phi,1003,decision_disagreement,0.0290203648856027,False,lower,transfer_complete / hmda_2020_oh / mlp / decision_disagreement
hmda_2020_oh,mlp,cot_phi,1004,decision_disagreement,0.0323310023279482,False,lower,transfer_complete / hmda_2020_oh / mlp / decision_disagreement
hmda_2020_oh,mlp,cot_phi,1005,decision_disagreement,0.0416708716608721,False,lower,transfer_complete / hmda_2020_oh / mlp / decision_disagreement
hmda_2020_oh,mlp,cot_phi,1006,decision_disagreement,0.0424524377528955,False,lower,transfer_complete / hmda_2020_oh / mlp / decision_disagreement
hmda_2020_oh,mlp,cot_phi,1007,decision_disagreement,0.0400748177039953,False,lower,transfer_complete / hmda_2020_oh / mlp / decision_disagreement
hmda_2020_oh,mlp,cot_phi,1008,decision_disagreement,0.0362349283120663,False,lower,transfer_complete / hmda_2020_oh / mlp / decision_disagreement
hmda_2020_oh,mlp,cot_phi,1009,decision_disagreement,0.0383456727537788,False,lower,transfer_complete / hmda_2020_oh / mlp / decision_disagreement
hmda_2020_oh,mlp,dralign,1000,decision_disagreement,0.0211539598621276,False,lower,transfer_complete / hmda_2020_oh / mlp / decision_disagreement
hmda_2020_oh,mlp,dralign,1001,decision_disagreement,0.0240196861567165,False,lower,transfer_complete / hmda_2020_oh / mlp / decision_disagreement
hmda_2020_oh,mlp,dralign,1002,decision_disagreement,0.0262692202892788,False,lower,transfer_complete / hmda_2020_oh / mlp / decision_disagreement
hmda_2020_oh,mlp,dralign,1003,decision_disagreement,0.0460353454465369,False,lower,transfer_complete / hmda_2020_oh / mlp / decision_disagreement
hmda_2020_oh,mlp,dralign,1004,decision_disagreement,0.0733048811488919,False,lower,transfer_complete / hmda_2020_oh / mlp / decision_disagreement
hmda_2020_oh,mlp,dralign,1005,decision_disagreement,0.0864877454309977,False,lower,transfer_complete / hmda_2020_oh / mlp / decision_disagreement
hmda_2020_oh,mlp,dralign,1006,decision_disagreement,0.0526718209539175,False,lower,transfer_complete / hmda_2020_oh / mlp / decision_disagreement
hmda_2020_oh,mlp,dralign,1007,decision_disagreement,0.022301628901896,False,lower,transfer_complete / hmda_2020_oh / mlp / decision_disagreement
hmda_2020_oh,mlp,dralign,1008,decision_disagreement,0.0201079302249853,False,lower,transfer_complete / hmda_2020_oh / mlp / decision_disagreement
hmda_2020_oh,mlp,dralign,1009,decision_disagreement,0.034642376704792,False,lower,transfer_complete / hmda_2020_oh / mlp / decision_disagreement
hmda_2020_oh,mlp,hifi,1000,decision_disagreement,0.0555544477924816,False,lower,transfer_complete / hmda_2020_oh / mlp / decision_disagreement
hmda_2020_oh,mlp,hifi,1001,decision_disagreement,0.045648971937238,False,lower,transfer_complete / hmda_2020_oh / mlp / decision_disagreement
hmda_2020_oh,mlp,hifi,1002,decision_disagreement,0.0451237646741102,False,lower,transfer_complete / hmda_2020_oh / mlp / decision_disagreement
hmda_2020_oh,mlp,hifi,1003,decision_disagreement,0.0531718521118212,False,lower,transfer_complete / hmda_2020_oh / mlp / decision_disagreement
hmda_2020_oh,mlp,hifi,1004,decision_disagreement,0.0682903978416304,False,lower,transfer_complete / hmda_2020_oh / mlp / decision_disagreement
hmda_2020_oh,mlp,hifi,1005,decision_disagreement,0.0818527831756902,False,lower,transfer_complete / hmda_2020_oh / mlp / decision_disagreement
hmda_2020_oh,mlp,hifi,1006,decision_disagreement,0.0849082380798153,False,lower,transfer_complete / hmda_2020_oh / mlp / decision_disagreement
hmda_2020_oh,mlp,hifi,1007,decision_disagreement,0.05842410975987,False,lower,transfer_complete / hmda_2020_oh / mlp / decision_disagreement
hmda_2020_oh,mlp,hifi,1008,decision_disagreement,0.0569167465987869,False,lower,transfer_complete / hmda_2020_oh / mlp / decision_disagreement
hmda_2020_oh,mlp,hifi,1009,decision_disagreement,0.0726770482668154,False,lower,transfer_complete / hmda_2020_oh / mlp / decision_disagreement
hmda_2020_oh,mlp,hifi_erm,1000,decision_disagreement,0.1085091379184466,False,lower,transfer_complete / hmda_2020_oh / mlp / decision_disagreement
hmda_2020_oh,mlp,hifi_erm,1001,decision_disagreement,0.0868388117183442,False,lower,transfer_complete / hmda_2020_oh / mlp / decision_disagreement
hmda_2020_oh,mlp,hifi_erm,1002,decision_disagreement,0.0624229157078437,False,lower,transfer_complete / hmda_2020_oh / mlp / decision_disagreement
hmda_2020_oh,mlp,hifi_erm,1003,decision_disagreement,0.0674944304763626,False,lower,transfer_complete / hmda_2020_oh / mlp / decision_disagreement
hmda_2020_oh,mlp,hifi_erm,1004,decision_disagreement,0.0621900270492247,False,lower,transfer_complete / hmda_2020_oh / mlp / decision_disagreement
hmda_2020_oh,mlp,hifi_erm,1005,decision_disagreement,0.0913140451337582,False,lower,transfer_complete / hmda_2020_oh / mlp / decision_disagreement
hmda_2020_oh,mlp,hifi_erm,1006,decision_disagreement,0.0700384321098597,False,lower,transfer_complete / hmda_2020_oh / mlp / decision_disagreement
hmda_2020_oh,mlp,hifi_erm,1007,decision_disagreement,0.0435928076144218,False,lower,transfer_complete / hmda_2020_oh / mlp / decision_disagreement
hmda_2020_oh,mlp,hifi_erm,1008,decision_disagreement,0.057064738597293,False,lower,transfer_complete / hmda_2020_oh / mlp / decision_disagreement
hmda_2020_oh,mlp,hifi_erm,1009,decision_disagreement,0.0688931100298443,False,lower,transfer_complete / hmda_2020_oh / mlp / decision_disagreement
hmda_2020_oh,mlp,hifi_shared,1000,decision_disagreement,0.0535532796778269,False,lower,transfer_complete / hmda_2020_oh / mlp / decision_disagreement
hmda_2020_oh,mlp,hifi_shared,1001,decision_disagreement,0.0425500148142168,False,lower,transfer_complete / hmda_2020_oh / mlp / decision_disagreement
hmda_2020_oh,mlp,hifi_shared,1002,decision_disagreement,0.0471535872824016,False,lower,transfer_complete / hmda_2020_oh / mlp / decision_disagreement
hmda_2020_oh,mlp,hifi_shared,1003,decision_disagreement,0.04724691820555,False,lower,transfer_complete / hmda_2020_oh / mlp / decision_disagreement
hmda_2020_oh,mlp,hifi_shared,1004,decision_disagreement,0.04409705363201,False,lower,transfer_complete / hmda_2020_oh / mlp / decision_disagreement
hmda_2020_oh,mlp,hifi_shared,1005,decision_disagreement,0.0514186656918839,False,lower,transfer_complete / hmda_2020_oh / mlp / decision_disagreement
hmda_2020_oh,mlp,hifi_shared,1006,decision_disagreement,0.0685378161493805,False,lower,transfer_complete / hmda_2020_oh / mlp / decision_disagreement
hmda_2020_oh,mlp,hifi_shared,1007,decision_disagreement,0.0349848261010227,False,lower,transfer_complete / hmda_2020_oh / mlp / decision_disagreement
hmda_2020_oh,mlp,hifi_shared,1008,decision_disagreement,0.0707345535694194,False,lower,transfer_complete / hmda_2020_oh / mlp / decision_disagreement
hmda_2020_oh,mlp,hifi_shared,1009,decision_disagreement,0.0527260860862413,False,lower,transfer_complete / hmda_2020_oh / mlp / decision_disagreement
hmda_2020_oh,mlp,ltdd,1000,decision_disagreement,0.0607204922850569,False,lower,transfer_complete / hmda_2020_oh / mlp / decision_disagreement
hmda_2020_oh,mlp,ltdd,1001,decision_disagreement,0.0615106109780657,False,lower,transfer_complete / hmda_2020_oh / mlp / decision_disagreement
hmda_2020_oh,mlp,ltdd,1002,decision_disagreement,0.0288315641657855,False,lower,transfer_complete / hmda_2020_oh / mlp / decision_disagreement
hmda_2020_oh,mlp,ltdd,1003,decision_disagreement,0.0446540462826697,False,lower,transfer_complete / hmda_2020_oh / mlp / decision_disagreement
hmda_2020_oh,mlp,ltdd,1004,decision_disagreement,0.0420947352129057,False,lower,transfer_complete / hmda_2020_oh / mlp / decision_disagreement
hmda_2020_oh,mlp,ltdd,1005,decision_disagreement,0.0420276912603106,False,lower,transfer_complete / hmda_2020_oh / mlp / decision_disagreement
hmda_2020_oh,mlp,ltdd,1006,decision_disagreement,0.0649655121915114,False,lower,transfer_complete / hmda_2020_oh / mlp / decision_disagreement
hmda_2020_oh,mlp,ltdd,1007,decision_disagreement,0.0621490021656227,False,lower,transfer_complete / hmda_2020_oh / mlp / decision_disagreement
hmda_2020_oh,mlp,ltdd,1008,decision_disagreement,0.0316810992303896,False,lower,transfer_complete / hmda_2020_oh / mlp / decision_disagreement
hmda_2020_oh,mlp,ltdd,1009,decision_disagreement,0.0654232649727806,False,lower,transfer_complete / hmda_2020_oh / mlp / decision_disagreement
hmda_2020_oh,mlp,mirrorfair,1000,decision_disagreement,0.0262383862098147,False,lower,transfer_complete / hmda_2020_oh / mlp / decision_disagreement
hmda_2020_oh,mlp,mirrorfair,1001,decision_disagreement,0.0207856892191783,False,lower,transfer_complete / hmda_2020_oh / mlp / decision_disagreement
hmda_2020_oh,mlp,mirrorfair,1002,decision_disagreement,0.0182218788440742,False,lower,transfer_complete / hmda_2020_oh / mlp / decision_disagreement
hmda_2020_oh,mlp,mirrorfair,1003,decision_disagreement,0.0252110407246782,False,lower,transfer_complete / hmda_2020_oh / mlp / decision_disagreement
hmda_2020_oh,mlp,mirrorfair,1004,decision_disagreement,0.0225111509309931,False,lower,transfer_complete / hmda_2020_oh / mlp / decision_disagreement
hmda_2020_oh,mlp,mirrorfair,1005,decision_disagreement,0.0294516433377285,False,lower,transfer_complete / hmda_2020_oh / mlp / decision_disagreement
hmda_2020_oh,mlp,mirrorfair,1006,decision_disagreement,0.0348322145181878,False,lower,transfer_complete / hmda_2020_oh / mlp / decision_disagreement
hmda_2020_oh,mlp,mirrorfair,1007,decision_disagreement,0.0228858012085355,False,lower,transfer_complete / hmda_2020_oh / mlp / decision_disagreement
hmda_2020_oh,mlp,mirrorfair,1008,decision_disagreement,0.0382476230682491,False,lower,transfer_complete / hmda_2020_oh / mlp / decision_disagreement
hmda_2020_oh,mlp,mirrorfair,1009,decision_disagreement,0.0269245886627857,False,lower,transfer_complete / hmda_2020_oh / mlp / decision_disagreement
hmda_2020_oh,mlp,neufair,1000,decision_disagreement,0.0255213427187373,False,lower,transfer_complete / hmda_2020_oh / mlp / decision_disagreement
hmda_2020_oh,mlp,neufair,1001,decision_disagreement,0.0242870117222082,False,lower,transfer_complete / hmda_2020_oh / mlp / decision_disagreement
hmda_2020_oh,mlp,neufair,1002,decision_disagreement,0.0183619511391888,False,lower,transfer_complete / hmda_2020_oh / mlp / decision_disagreement
hmda_2020_oh,mlp,neufair,1003,decision_disagreement,0.0153246351688304,False,lower,transfer_complete / hmda_2020_oh / mlp / decision_disagreement
hmda_2020_oh,mlp,neufair,1004,decision_disagreement,0.0185053620814601,False,lower,transfer_complete / hmda_2020_oh / mlp / decision_disagreement
hmda_2020_oh,mlp,neufair,1005,decision_disagreement,0.022261537494796,False,lower,transfer_complete / hmda_2020_oh / mlp / decision_disagreement
hmda_2020_oh,mlp,neufair,1006,decision_disagreement,0.0125262765474175,False,lower,transfer_complete / hmda_2020_oh / mlp / decision_disagreement
hmda_2020_oh,mlp,neufair,1007,decision_disagreement,0.0166331782015851,False,lower,transfer_complete / hmda_2020_oh / mlp / decision_disagreement
hmda_2020_oh,mlp,neufair,1008,decision_disagreement,0.0150782591694438,False,lower,transfer_complete / hmda_2020_oh / mlp / decision_disagreement
hmda_2020_oh,mlp,neufair,1009,decision_disagreement,0.0141713996095595,False,lower,transfer_complete / hmda_2020_oh / mlp / decision_disagreement
hmda_2019_mi,ft,erm,1000,decision_disagreement,0.0419172808495272,False,lower,transfer_complete / hmda_2019_mi / ft / decision_disagreement
hmda_2019_mi,ft,soft,1000,decision_disagreement,0.0005522740055542,False,lower,transfer_complete / hmda_2019_mi / ft / decision_disagreement
hmda_2019_mi,ft,erm,1001,decision_disagreement,0.046433392254836,False,lower,transfer_complete / hmda_2019_mi / ft / decision_disagreement
hmda_2019_mi,ft,soft,1001,decision_disagreement,0.0010418255999782,False,lower,transfer_complete / hmda_2019_mi / ft / decision_disagreement
hmda_2019_mi,ft,erm,1002,decision_disagreement,0.0379593238087702,False,lower,transfer_complete / hmda_2019_mi / ft / decision_disagreement
hmda_2019_mi,ft,soft,1002,decision_disagreement,0.0012225171114133,False,lower,transfer_complete / hmda_2019_mi / ft / decision_disagreement
hmda_2019_mi,ft,erm,1003,decision_disagreement,0.0290411964937276,False,lower,transfer_complete / hmda_2019_mi / ft / decision_disagreement
hmda_2019_mi,ft,soft,1003,decision_disagreement,0.0032558972167109,False,lower,transfer_complete / hmda_2019_mi / ft / decision_disagreement
hmda_2019_mi,ft,erm,1004,decision_disagreement,0.0358402447714542,False,lower,transfer_complete / hmda_2019_mi / ft / decision_disagreement
hmda_2019_mi,ft,soft,1004,decision_disagreement,0.0010116857085421,False,lower,transfer_complete / hmda_2019_mi / ft / decision_disagreement
hmda_2019_mi,ft,erm,1005,decision_disagreement,0.0306945280319239,False,lower,transfer_complete / hmda_2019_mi / ft / decision_disagreement
hmda_2019_mi,ft,soft,1005,decision_disagreement,0.0012589109389648,False,lower,transfer_complete / hmda_2019_mi / ft / decision_disagreement
hmda_2019_mi,ft,erm,1006,decision_disagreement,0.057493982039152,False,lower,transfer_complete / hmda_2019_mi / ft / decision_disagreement
hmda_2019_mi,ft,soft,1006,decision_disagreement,0.001957123022473,False,lower,transfer_complete / hmda_2019_mi / ft / decision_disagreement
hmda_2019_mi,ft,erm,1007,decision_disagreement,0.0410958235098063,False,lower,transfer_complete / hmda_2019_mi / ft / decision_disagreement
hmda_2019_mi,ft,soft,1007,decision_disagreement,0.0013757989666813,False,lower,transfer_complete / hmda_2019_mi / ft / decision_disagreement
hmda_2019_mi,ft,erm,1008,decision_disagreement,0.0502104208909693,False,lower,transfer_complete / hmda_2019_mi / ft / decision_disagreement
hmda_2019_mi,ft,soft,1008,decision_disagreement,0.0005750835878507,False,lower,transfer_complete / hmda_2019_mi / ft / decision_disagreement
hmda_2019_mi,ft,erm,1009,decision_disagreement,0.04094595900807,False,lower,transfer_complete / hmda_2019_mi / ft / decision_disagreement
hmda_2019_mi,ft,soft,1009,decision_disagreement,0.0009938956625168,False,lower,transfer_complete / hmda_2019_mi / ft / decision_disagreement
hmda_2019_mi,mlp,erm,1000,decision_disagreement,0.0582087795249098,False,lower,transfer_complete / hmda_2019_mi / mlp / decision_disagreement
hmda_2019_mi,mlp,soft,1000,decision_disagreement,0.0004933889919201,False,lower,transfer_complete / hmda_2019_mi / mlp / decision_disagreement
hmda_2019_mi,mlp,erm,1001,decision_disagreement,0.0623289046596553,False,lower,transfer_complete / hmda_2019_mi / mlp / decision_disagreement
hmda_2019_mi,mlp,soft,1001,decision_disagreement,0.0006090323568147,False,lower,transfer_complete / hmda_2019_mi / mlp / decision_disagreement
hmda_2019_mi,mlp,erm,1002,decision_disagreement,0.0379398159820367,False,lower,transfer_complete / hmda_2019_mi / mlp / decision_disagreement
hmda_2019_mi,mlp,soft,1002,decision_disagreement,0.0014674494597791,False,lower,transfer_complete / hmda_2019_mi / mlp / decision_disagreement
hmda_2019_mi,mlp,erm,1003,decision_disagreement,0.0466561476541533,False,lower,transfer_complete / hmda_2019_mi / mlp / decision_disagreement
hmda_2019_mi,mlp,soft,1003,decision_disagreement,0.0012104987327414,False,lower,transfer_complete / hmda_2019_mi / mlp / decision_disagreement
hmda_2019_mi,mlp,erm,1004,decision_disagreement,0.0465543788274876,False,lower,transfer_complete / hmda_2019_mi / mlp / decision_disagreement
hmda_2019_mi,mlp,soft,1004,decision_disagreement,0.0010667997940272,False,lower,transfer_complete / hmda_2019_mi / mlp / decision_disagreement
hmda_2019_mi,mlp,erm,1005,decision_disagreement,0.0392159926681197,False,lower,transfer_complete / hmda_2019_mi / mlp / decision_disagreement
hmda_2019_mi,mlp,soft,1005,decision_disagreement,0.0012207676871418,False,lower,transfer_complete / hmda_2019_mi / mlp / decision_disagreement
hmda_2019_mi,mlp,erm,1006,decision_disagreement,0.0643485936750141,False,lower,transfer_complete / hmda_2019_mi / mlp / decision_disagreement
hmda_2019_mi,mlp,soft,1006,decision_disagreement,0.0011197684261253,False,lower,transfer_complete / hmda_2019_mi / mlp / decision_disagreement
hmda_2019_mi,mlp,erm,1007,decision_disagreement,0.0446495779501138,False,lower,transfer_complete / hmda_2019_mi / mlp / decision_disagreement
hmda_2019_mi,mlp,soft,1007,decision_disagreement,0.0002594552024776,False,lower,transfer_complete / hmda_2019_mi / mlp / decision_disagreement
hmda_2019_mi,mlp,erm,1008,decision_disagreement,0.0469627147529385,False,lower,transfer_complete / hmda_2019_mi / mlp / decision_disagreement
hmda_2019_mi,mlp,soft,1008,decision_disagreement,0.0011038994399325,False,lower,transfer_complete / hmda_2019_mi / mlp / decision_disagreement
hmda_2019_mi,mlp,erm,1009,decision_disagreement,0.0678534339362093,False,lower,transfer_complete / hmda_2019_mi / mlp / decision_disagreement
hmda_2019_mi,mlp,soft,1009,decision_disagreement,0.0006618819056347,False,lower,transfer_complete / hmda_2019_mi / mlp / decision_disagreement
hmda_2020_oh,ft,erm,1000,decision_disagreement,0.037997718079682,False,lower,transfer_complete / hmda_2020_oh / ft / decision_disagreement
hmda_2020_oh,ft,soft,1000,decision_disagreement,0.0003574307221358,False,lower,transfer_complete / hmda_2020_oh / ft / decision_disagreement
hmda_2020_oh,ft,erm,1001,decision_disagreement,0.0413811119858352,False,lower,transfer_complete / hmda_2020_oh / ft / decision_disagreement
hmda_2020_oh,ft,soft,1001,decision_disagreement,0.0009195805678054,False,lower,transfer_complete / hmda_2020_oh / ft / decision_disagreement
hmda_2020_oh,ft,erm,1002,decision_disagreement,0.0409189128627763,False,lower,transfer_complete / hmda_2020_oh / ft / decision_disagreement
hmda_2020_oh,ft,soft,1002,decision_disagreement,0.0009414816351182,False,lower,transfer_complete / hmda_2020_oh / ft / decision_disagreement
hmda_2020_oh,ft,erm,1003,decision_disagreement,0.0280927867568443,False,lower,transfer_complete / hmda_2020_oh / ft / decision_disagreement
hmda_2020_oh,ft,soft,1003,decision_disagreement,0.0016780255005827,False,lower,transfer_complete / hmda_2020_oh / ft / decision_disagreement
hmda_2020_oh,ft,erm,1004,decision_disagreement,0.0305455950790535,False,lower,transfer_complete / hmda_2020_oh / ft / decision_disagreement
hmda_2020_oh,ft,soft,1004,decision_disagreement,0.001020232663961,False,lower,transfer_complete / hmda_2020_oh / ft / decision_disagreement
hmda_2020_oh,ft,erm,1005,decision_disagreement,0.0263763129581219,False,lower,transfer_complete / hmda_2020_oh / ft / decision_disagreement
hmda_2020_oh,ft,soft,1005,decision_disagreement,0.0009195158733558,False,lower,transfer_complete / hmda_2020_oh / ft / decision_disagreement
hmda_2020_oh,ft,erm,1006,decision_disagreement,0.0465491886473001,False,lower,transfer_complete / hmda_2020_oh / ft / decision_disagreement
hmda_2020_oh,ft,soft,1006,decision_disagreement,0.0008121554690881,False,lower,transfer_complete / hmda_2020_oh / ft / decision_disagreement
hmda_2020_oh,ft,erm,1007,decision_disagreement,0.0341180375216407,False,lower,transfer_complete / hmda_2020_oh / ft / decision_disagreement
hmda_2020_oh,ft,soft,1007,decision_disagreement,0.0016804952285151,False,lower,transfer_complete / hmda_2020_oh / ft / decision_disagreement
hmda_2020_oh,ft,erm,1008,decision_disagreement,0.0441205257153621,False,lower,transfer_complete / hmda_2020_oh / ft / decision_disagreement
hmda_2020_oh,ft,soft,1008,decision_disagreement,0.0005256193123952,False,lower,transfer_complete / hmda_2020_oh / ft / decision_disagreement
hmda_2020_oh,ft,erm,1009,decision_disagreement,0.0424842448379036,False,lower,transfer_complete / hmda_2020_oh / ft / decision_disagreement
hmda_2020_oh,ft,soft,1009,decision_disagreement,0.0012784094945225,False,lower,transfer_complete / hmda_2020_oh / ft / decision_disagreement
hmda_2020_oh,mlp,erm,1000,decision_disagreement,0.050803447783029,False,lower,transfer_complete / hmda_2020_oh / mlp / decision_disagreement
hmda_2020_oh,mlp,soft,1000,decision_disagreement,0.0004330457605039,False,lower,transfer_complete / hmda_2020_oh / mlp / decision_disagreement
hmda_2020_oh,mlp,erm,1001,decision_disagreement,0.055101360069408,False,lower,transfer_complete / hmda_2020_oh / mlp / decision_disagreement
hmda_2020_oh,mlp,soft,1001,decision_disagreement,0.0003939909267653,False,lower,transfer_complete / hmda_2020_oh / mlp / decision_disagreement
hmda_2020_oh,mlp,erm,1002,decision_disagreement,0.0381168732332541,False,lower,transfer_complete / hmda_2020_oh / mlp / decision_disagreement
hmda_2020_oh,mlp,soft,1002,decision_disagreement,0.0019558568370739,False,lower,transfer_complete / hmda_2020_oh / mlp / decision_disagreement
hmda_2020_oh,mlp,erm,1003,decision_disagreement,0.041507447566947,False,lower,transfer_complete / hmda_2020_oh / mlp / decision_disagreement
hmda_2020_oh,mlp,soft,1003,decision_disagreement,0.0007939690787708,False,lower,transfer_complete / hmda_2020_oh / mlp / decision_disagreement
hmda_2020_oh,mlp,erm,1004,decision_disagreement,0.0413523359583382,False,lower,transfer_complete / hmda_2020_oh / mlp / decision_disagreement
hmda_2020_oh,mlp,soft,1004,decision_disagreement,0.0006102505622662,False,lower,transfer_complete / hmda_2020_oh / mlp / decision_disagreement
hmda_2020_oh,mlp,erm,1005,decision_disagreement,0.0355805395792747,False,lower,transfer_complete / hmda_2020_oh / mlp / decision_disagreement
hmda_2020_oh,mlp,soft,1005,decision_disagreement,0.0013213646036854,False,lower,transfer_complete / hmda_2020_oh / mlp / decision_disagreement
hmda_2020_oh,mlp,erm,1006,decision_disagreement,0.055716114893763,False,lower,transfer_complete / hmda_2020_oh / mlp / decision_disagreement
hmda_2020_oh,mlp,soft,1006,decision_disagreement,0.0015372137389888,False,lower,transfer_complete / hmda_2020_oh / mlp / decision_disagreement
hmda_2020_oh,mlp,erm,1007,decision_disagreement,0.038556598748223,False,lower,transfer_complete / hmda_2020_oh / mlp / decision_disagreement
hmda_2020_oh,mlp,soft,1007,decision_disagreement,0.0007860404202165,False,lower,transfer_complete / hmda_2020_oh / mlp / decision_disagreement
hmda_2020_oh,mlp,erm,1008,decision_disagreement,0.0417144333382938,False,lower,transfer_complete / hmda_2020_oh / mlp / decision_disagreement
hmda_2020_oh,mlp,soft,1008,decision_disagreement,0.0011712994837608,False,lower,transfer_complete / hmda_2020_oh / mlp / decision_disagreement
hmda_2020_oh,mlp,erm,1009,decision_disagreement,0.0546645121239684,False,lower,transfer_complete / hmda_2020_oh / mlp / decision_disagreement
hmda_2020_oh,mlp,soft,1009,decision_disagreement,0.0008637574237731,False,lower,transfer_complete / hmda_2020_oh / mlp / decision_disagreement
hmda_2019_mi,ft,cot_phi,1000,opposite_005,0.0426126966686375,False,lower,transfer_complete / hmda_2019_mi / ft / opposite_005
hmda_2019_mi,ft,cot_phi,1001,opposite_005,0.0788813545670377,False,lower,transfer_complete / hmda_2019_mi / ft / opposite_005
hmda_2019_mi,ft,cot_phi,1002,opposite_005,0.0404743121218418,False,lower,transfer_complete / hmda_2019_mi / ft / opposite_005
hmda_2019_mi,ft,cot_phi,1003,opposite_005,0.0176140358959889,False,lower,transfer_complete / hmda_2019_mi / ft / opposite_005
hmda_2019_mi,ft,cot_phi,1004,opposite_005,0.0524150100439252,False,lower,transfer_complete / hmda_2019_mi / ft / opposite_005
hmda_2019_mi,ft,cot_phi,1005,opposite_005,0.0790556835565184,False,lower,transfer_complete / hmda_2019_mi / ft / opposite_005
hmda_2019_mi,ft,cot_phi,1006,opposite_005,0.0417199685901919,False,lower,transfer_complete / hmda_2019_mi / ft / opposite_005
hmda_2019_mi,ft,cot_phi,1007,opposite_005,0.0575415435349682,False,lower,transfer_complete / hmda_2019_mi / ft / opposite_005
hmda_2019_mi,ft,cot_phi,1008,opposite_005,0.0495148400323716,False,lower,transfer_complete / hmda_2019_mi / ft / opposite_005
hmda_2019_mi,ft,cot_phi,1009,opposite_005,0.0378104751625778,False,lower,transfer_complete / hmda_2019_mi / ft / opposite_005
hmda_2019_mi,ft,hifi,1000,opposite_005,0.0177996041458126,False,lower,transfer_complete / hmda_2019_mi / ft / opposite_005
hmda_2019_mi,ft,hifi,1001,opposite_005,0.0411570996971126,False,lower,transfer_complete / hmda_2019_mi / ft / opposite_005
hmda_2019_mi,ft,hifi,1002,opposite_005,0.0105624734329555,False,lower,transfer_complete / hmda_2019_mi / ft / opposite_005
hmda_2019_mi,ft,hifi,1003,opposite_005,0.0346710206048701,False,lower,transfer_complete / hmda_2019_mi / ft / opposite_005
hmda_2019_mi,ft,hifi,1004,opposite_005,0.0385056267426976,False,lower,transfer_complete / hmda_2019_mi / ft / opposite_005
hmda_2019_mi,ft,hifi,1005,opposite_005,0.0094892320669799,False,lower,transfer_complete / hmda_2019_mi / ft / opposite_005
hmda_2019_mi,ft,hifi,1006,opposite_005,0.0188963156905047,False,lower,transfer_complete / hmda_2019_mi / ft / opposite_005
hmda_2019_mi,ft,hifi,1007,opposite_005,0.01499969729486,False,lower,transfer_complete / hmda_2019_mi / ft / opposite_005
hmda_2019_mi,ft,hifi,1008,opposite_005,0.0151134087243076,False,lower,transfer_complete / hmda_2019_mi / ft / opposite_005
hmda_2019_mi,ft,hifi,1009,opposite_005,0.0248657966590126,False,lower,transfer_complete / hmda_2019_mi / ft / opposite_005
hmda_2019_mi,ft,hifi_erm,1000,opposite_005,0.0129095986234711,False,lower,transfer_complete / hmda_2019_mi / ft / opposite_005
hmda_2019_mi,ft,hifi_erm,1001,opposite_005,0.0329144829725028,False,lower,transfer_complete / hmda_2019_mi / ft / opposite_005
hmda_2019_mi,ft,hifi_erm,1002,opposite_005,0.014564158354748,False,lower,transfer_complete / hmda_2019_mi / ft / opposite_005
hmda_2019_mi,ft,hifi_erm,1003,opposite_005,0.0466005725137526,False,lower,transfer_complete / hmda_2019_mi / ft / opposite_005
hmda_2019_mi,ft,hifi_erm,1004,opposite_005,0.059740064406076,False,lower,transfer_complete / hmda_2019_mi / ft / opposite_005
hmda_2019_mi,ft,hifi_erm,1005,opposite_005,0.0431055826614793,False,lower,transfer_complete / hmda_2019_mi / ft / opposite_005
hmda_2019_mi,ft,hifi_erm,1006,opposite_005,0.0054416122511872,False,lower,transfer_complete / hmda_2019_mi / ft / opposite_005
hmda_2019_mi,ft,hifi_erm,1007,opposite_005,0.0593724928956813,False,lower,transfer_complete / hmda_2019_mi / ft / opposite_005
hmda_2019_mi,ft,hifi_erm,1008,opposite_005,0.0098571968120262,False,lower,transfer_complete / hmda_2019_mi / ft / opposite_005
hmda_2019_mi,ft,hifi_erm,1009,opposite_005,0.0298101680930009,False,lower,transfer_complete / hmda_2019_mi / ft / opposite_005
hmda_2019_mi,ft,hifi_shared,1000,opposite_005,0.0218442451493448,False,lower,transfer_complete / hmda_2019_mi / ft / opposite_005
hmda_2019_mi,ft,hifi_shared,1001,opposite_005,0.0250204418895948,False,lower,transfer_complete / hmda_2019_mi / ft / opposite_005
hmda_2019_mi,ft,hifi_shared,1002,opposite_005,0.0131949171267073,False,lower,transfer_complete / hmda_2019_mi / ft / opposite_005
hmda_2019_mi,ft,hifi_shared,1003,opposite_005,0.0129526991392056,False,lower,transfer_complete / hmda_2019_mi / ft / opposite_005
hmda_2019_mi,ft,hifi_shared,1004,opposite_005,0.0231376458592275,False,lower,transfer_complete / hmda_2019_mi / ft / opposite_005
hmda_2019_mi,ft,hifi_shared,1005,opposite_005,0.0268727242621378,False,lower,transfer_complete / hmda_2019_mi / ft / opposite_005
hmda_2019_mi,ft,hifi_shared,1006,opposite_005,0.0022217581195142,False,lower,transfer_complete / hmda_2019_mi / ft / opposite_005
hmda_2019_mi,ft,hifi_shared,1007,opposite_005,0.0184408666087768,False,lower,transfer_complete / hmda_2019_mi / ft / opposite_005
hmda_2019_mi,ft,hifi_shared,1008,opposite_005,0.0247144586879557,False,lower,transfer_complete / hmda_2019_mi / ft / opposite_005
hmda_2019_mi,ft,hifi_shared,1009,opposite_005,0.0254007882184073,False,lower,transfer_complete / hmda_2019_mi / ft / opposite_005
hmda_2019_mi,ft,reweighing,1000,opposite_005,0.0021332164615825,False,lower,transfer_complete / hmda_2019_mi / ft / opposite_005
hmda_2019_mi,ft,reweighing,1001,opposite_005,0.0032487155909411,False,lower,transfer_complete / hmda_2019_mi / ft / opposite_005
hmda_2019_mi,ft,reweighing,1002,opposite_005,0.0035729744143052,False,lower,transfer_complete / hmda_2019_mi / ft / opposite_005
hmda_2019_mi,ft,reweighing,1003,opposite_005,0.0026793904063607,False,lower,transfer_complete / hmda_2019_mi / ft / opposite_005
hmda_2019_mi,ft,reweighing,1004,opposite_005,0.0044006276343129,False,lower,transfer_complete / hmda_2019_mi / ft / opposite_005
hmda_2019_mi,ft,reweighing,1005,opposite_005,0.0050157434277712,False,lower,transfer_complete / hmda_2019_mi / ft / opposite_005
hmda_2019_mi,ft,reweighing,1006,opposite_005,0.0007271873230972,False,lower,transfer_complete / hmda_2019_mi / ft / opposite_005
hmda_2019_mi,ft,reweighing,1007,opposite_005,0.0067977243607197,False,lower,transfer_complete / hmda_2019_mi / ft / opposite_005
hmda_2019_mi,ft,reweighing,1008,opposite_005,0.0061586222952871,False,lower,transfer_complete / hmda_2019_mi / ft / opposite_005
hmda_2019_mi,ft,reweighing,1009,opposite_005,0.0085025996833741,False,lower,transfer_complete / hmda_2019_mi / ft / opposite_005
hmda_2019_mi,mlp,cot_phi,1000,opposite_005,0.0902596705285486,False,lower,transfer_complete / hmda_2019_mi / mlp / opposite_005
hmda_2019_mi,mlp,cot_phi,1001,opposite_005,0.0543214325899278,False,lower,transfer_complete / hmda_2019_mi / mlp / opposite_005
hmda_2019_mi,mlp,cot_phi,1002,opposite_005,0.0656446267133578,False,lower,transfer_complete / hmda_2019_mi / mlp / opposite_005
hmda_2019_mi,mlp,cot_phi,1003,opposite_005,0.0401754890801525,False,lower,transfer_complete / hmda_2019_mi / mlp / opposite_005
hmda_2019_mi,mlp,cot_phi,1004,opposite_005,0.0766851023344894,False,lower,transfer_complete / hmda_2019_mi / mlp / opposite_005
hmda_2019_mi,mlp,cot_phi,1005,opposite_005,0.0779009849635608,False,lower,transfer_complete / hmda_2019_mi / mlp / opposite_005
hmda_2019_mi,mlp,cot_phi,1006,opposite_005,0.0843973892947776,False,lower,transfer_complete / hmda_2019_mi / mlp / opposite_005
hmda_2019_mi,mlp,cot_phi,1007,opposite_005,0.0670124295575645,False,lower,transfer_complete / hmda_2019_mi / mlp / opposite_005
hmda_2019_mi,mlp,cot_phi,1008,opposite_005,0.0821288806162242,False,lower,transfer_complete / hmda_2019_mi / mlp / opposite_005
hmda_2019_mi,mlp,cot_phi,1009,opposite_005,0.0573966581669819,False,lower,transfer_complete / hmda_2019_mi / mlp / opposite_005
hmda_2019_mi,mlp,dralign,1000,opposite_005,0.0404261626484066,False,lower,transfer_complete / hmda_2019_mi / mlp / opposite_005
hmda_2019_mi,mlp,dralign,1001,opposite_005,0.038020170810962,False,lower,transfer_complete / hmda_2019_mi / mlp / opposite_005
hmda_2019_mi,mlp,dralign,1002,opposite_005,0.0210996655770231,False,lower,transfer_complete / hmda_2019_mi / mlp / opposite_005
hmda_2019_mi,mlp,dralign,1003,opposite_005,0.0529258154488444,False,lower,transfer_complete / hmda_2019_mi / mlp / opposite_005
hmda_2019_mi,mlp,dralign,1004,opposite_005,0.0356974536482721,False,lower,transfer_complete / hmda_2019_mi / mlp / opposite_005
hmda_2019_mi,mlp,dralign,1005,opposite_005,0.0556126822669559,False,lower,transfer_complete / hmda_2019_mi / mlp / opposite_005
hmda_2019_mi,mlp,dralign,1006,opposite_005,0.0507102253436214,False,lower,transfer_complete / hmda_2019_mi / mlp / opposite_005
hmda_2019_mi,mlp,dralign,1007,opposite_005,0.0323539839396121,False,lower,transfer_complete / hmda_2019_mi / mlp / opposite_005
hmda_2019_mi,mlp,dralign,1008,opposite_005,0.0472770016022346,False,lower,transfer_complete / hmda_2019_mi / mlp / opposite_005
hmda_2019_mi,mlp,dralign,1009,opposite_005,0.018748849987271,False,lower,transfer_complete / hmda_2019_mi / mlp / opposite_005
hmda_2019_mi,mlp,hifi,1000,opposite_005,0.0614398575131497,False,lower,transfer_complete / hmda_2019_mi / mlp / opposite_005
hmda_2019_mi,mlp,hifi,1001,opposite_005,0.0689772416755347,False,lower,transfer_complete / hmda_2019_mi / mlp / opposite_005
hmda_2019_mi,mlp,hifi,1002,opposite_005,0.0683687243321312,False,lower,transfer_complete / hmda_2019_mi / mlp / opposite_005
hmda_2019_mi,mlp,hifi,1003,opposite_005,0.0635794566525897,False,lower,transfer_complete / hmda_2019_mi / mlp / opposite_005
hmda_2019_mi,mlp,hifi,1004,opposite_005,0.0795083510533425,False,lower,transfer_complete / hmda_2019_mi / mlp / opposite_005
hmda_2019_mi,mlp,hifi,1005,opposite_005,0.0779601290766843,False,lower,transfer_complete / hmda_2019_mi / mlp / opposite_005
hmda_2019_mi,mlp,hifi,1006,opposite_005,0.0792635025542729,False,lower,transfer_complete / hmda_2019_mi / mlp / opposite_005
hmda_2019_mi,mlp,hifi,1007,opposite_005,0.0970582256422884,False,lower,transfer_complete / hmda_2019_mi / mlp / opposite_005
hmda_2019_mi,mlp,hifi,1008,opposite_005,0.0667408436147865,False,lower,transfer_complete / hmda_2019_mi / mlp / opposite_005
hmda_2019_mi,mlp,hifi,1009,opposite_005,0.0786708068996904,False,lower,transfer_complete / hmda_2019_mi / mlp / opposite_005
hmda_2019_mi,mlp,hifi_erm,1000,opposite_005,0.1039181463765889,False,lower,transfer_complete / hmda_2019_mi / mlp / opposite_005
hmda_2019_mi,mlp,hifi_erm,1001,opposite_005,0.0608031561888869,False,lower,transfer_complete / hmda_2019_mi / mlp / opposite_005
hmda_2019_mi,mlp,hifi_erm,1002,opposite_005,0.0724437126324457,False,lower,transfer_complete / hmda_2019_mi / mlp / opposite_005
hmda_2019_mi,mlp,hifi_erm,1003,opposite_005,0.0767194982072431,False,lower,transfer_complete / hmda_2019_mi / mlp / opposite_005
hmda_2019_mi,mlp,hifi_erm,1004,opposite_005,0.0967430052833765,False,lower,transfer_complete / hmda_2019_mi / mlp / opposite_005
hmda_2019_mi,mlp,hifi_erm,1005,opposite_005,0.0814453611692905,False,lower,transfer_complete / hmda_2019_mi / mlp / opposite_005
hmda_2019_mi,mlp,hifi_erm,1006,opposite_005,0.0831468785193965,False,lower,transfer_complete / hmda_2019_mi / mlp / opposite_005
hmda_2019_mi,mlp,hifi_erm,1007,opposite_005,0.0801515337786759,False,lower,transfer_complete / hmda_2019_mi / mlp / opposite_005
hmda_2019_mi,mlp,hifi_erm,1008,opposite_005,0.0699664815946193,False,lower,transfer_complete / hmda_2019_mi / mlp / opposite_005
hmda_2019_mi,mlp,hifi_erm,1009,opposite_005,0.0755229418293807,False,lower,transfer_complete / hmda_2019_mi / mlp / opposite_005
hmda_2019_mi,mlp,hifi_shared,1000,opposite_005,0.0478459406773578,False,lower,transfer_complete / hmda_2019_mi / mlp / opposite_005
hmda_2019_mi,mlp,hifi_shared,1001,opposite_005,0.0375703870638516,False,lower,transfer_complete / hmda_2019_mi / mlp / opposite_005
hmda_2019_mi,mlp,hifi_shared,1002,opposite_005,0.023550133731695,False,lower,transfer_complete / hmda_2019_mi / mlp / opposite_005
hmda_2019_mi,mlp,hifi_shared,1003,opposite_005,0.0293014310246658,False,lower,transfer_complete / hmda_2019_mi / mlp / opposite_005
hmda_2019_mi,mlp,hifi_shared,1004,opposite_005,0.0348610194041332,False,lower,transfer_complete / hmda_2019_mi / mlp / opposite_005
hmda_2019_mi,mlp,hifi_shared,1005,opposite_005,0.0529178180898546,False,lower,transfer_complete / hmda_2019_mi / mlp / opposite_005
hmda_2019_mi,mlp,hifi_shared,1006,opposite_005,0.0417963466454412,False,lower,transfer_complete / hmda_2019_mi / mlp / opposite_005
hmda_2019_mi,mlp,hifi_shared,1007,opposite_005,0.0214512999532297,False,lower,transfer_complete / hmda_2019_mi / mlp / opposite_005
hmda_2019_mi,mlp,hifi_shared,1008,opposite_005,0.0581471399144138,False,lower,transfer_complete / hmda_2019_mi / mlp / opposite_005
hmda_2019_mi,mlp,hifi_shared,1009,opposite_005,0.0234531646980128,False,lower,transfer_complete / hmda_2019_mi / mlp / opposite_005
hmda_2019_mi,mlp,ltdd,1000,opposite_005,0.094831863016963,False,lower,transfer_complete / hmda_2019_mi / mlp / opposite_005
hmda_2019_mi,mlp,ltdd,1001,opposite_005,0.0842796931527926,False,lower,transfer_complete / hmda_2019_mi / mlp / opposite_005
hmda_2019_mi,mlp,ltdd,1002,opposite_005,0.0514150872139455,False,lower,transfer_complete / hmda_2019_mi / mlp / opposite_005
hmda_2019_mi,mlp,ltdd,1003,opposite_005,0.0875495199574191,False,lower,transfer_complete / hmda_2019_mi / mlp / opposite_005
hmda_2019_mi,mlp,ltdd,1004,opposite_005,0.0526541185485399,False,lower,transfer_complete / hmda_2019_mi / mlp / opposite_005
hmda_2019_mi,mlp,ltdd,1005,opposite_005,0.0666166410100737,False,lower,transfer_complete / hmda_2019_mi / mlp / opposite_005
hmda_2019_mi,mlp,ltdd,1006,opposite_005,0.0963574877041553,False,lower,transfer_complete / hmda_2019_mi / mlp / opposite_005
hmda_2019_mi,mlp,ltdd,1007,opposite_005,0.0649511625991239,False,lower,transfer_complete / hmda_2019_mi / mlp / opposite_005
hmda_2019_mi,mlp,ltdd,1008,opposite_005,0.0718171642146856,False,lower,transfer_complete / hmda_2019_mi / mlp / opposite_005
hmda_2019_mi,mlp,ltdd,1009,opposite_005,0.0658353309449661,False,lower,transfer_complete / hmda_2019_mi / mlp / opposite_005
hmda_2019_mi,mlp,neufair,1000,opposite_005,0.0546466192169871,False,lower,transfer_complete / hmda_2019_mi / mlp / opposite_005
hmda_2019_mi,mlp,neufair,1001,opposite_005,0.0411436811612351,False,lower,transfer_complete / hmda_2019_mi / mlp / opposite_005
hmda_2019_mi,mlp,neufair,1002,opposite_005,0.0257952235109348,False,lower,transfer_complete / hmda_2019_mi / mlp / opposite_005
hmda_2019_mi,mlp,neufair,1003,opposite_005,0.0453221152923697,False,lower,transfer_complete / hmda_2019_mi / mlp / opposite_005
hmda_2019_mi,mlp,neufair,1004,opposite_005,0.0284814789100764,False,lower,transfer_complete / hmda_2019_mi / mlp / opposite_005
hmda_2019_mi,mlp,neufair,1005,opposite_005,0.0280026661911918,False,lower,transfer_complete / hmda_2019_mi / mlp / opposite_005
hmda_2019_mi,mlp,neufair,1006,opposite_005,0.0480995209988137,False,lower,transfer_complete / hmda_2019_mi / mlp / opposite_005
hmda_2019_mi,mlp,neufair,1007,opposite_005,0.0209049304085764,False,lower,transfer_complete / hmda_2019_mi / mlp / opposite_005
hmda_2019_mi,mlp,neufair,1008,opposite_005,0.0615716331136446,False,lower,transfer_complete / hmda_2019_mi / mlp / opposite_005
hmda_2019_mi,mlp,neufair,1009,opposite_005,0.0159603503847044,False,lower,transfer_complete / hmda_2019_mi / mlp / opposite_005
hmda_2020_oh,ft,cot_phi,1000,opposite_005,0.0355965071014704,False,lower,transfer_complete / hmda_2020_oh / ft / opposite_005
hmda_2020_oh,ft,cot_phi,1001,opposite_005,0.0655309401030533,False,lower,transfer_complete / hmda_2020_oh / ft / opposite_005
hmda_2020_oh,ft,cot_phi,1002,opposite_005,0.0360837199661682,False,lower,transfer_complete / hmda_2020_oh / ft / opposite_005
hmda_2020_oh,ft,cot_phi,1003,opposite_005,0.0129015014754534,False,lower,transfer_complete / hmda_2020_oh / ft / opposite_005
hmda_2020_oh,ft,cot_phi,1004,opposite_005,0.0448885184490024,False,lower,transfer_complete / hmda_2020_oh / ft / opposite_005
hmda_2020_oh,ft,cot_phi,1005,opposite_005,0.0638489540466432,False,lower,transfer_complete / hmda_2020_oh / ft / opposite_005
hmda_2020_oh,ft,cot_phi,1006,opposite_005,0.0383800904456242,False,lower,transfer_complete / hmda_2020_oh / ft / opposite_005
hmda_2020_oh,ft,cot_phi,1007,opposite_005,0.0524121492365729,False,lower,transfer_complete / hmda_2020_oh / ft / opposite_005
hmda_2020_oh,ft,cot_phi,1008,opposite_005,0.041001219143654,False,lower,transfer_complete / hmda_2020_oh / ft / opposite_005
hmda_2020_oh,ft,cot_phi,1009,opposite_005,0.0326211426883586,False,lower,transfer_complete / hmda_2020_oh / ft / opposite_005
hmda_2020_oh,ft,hifi,1000,opposite_005,0.018521765738003,False,lower,transfer_complete / hmda_2020_oh / ft / opposite_005
hmda_2020_oh,ft,hifi,1001,opposite_005,0.0389619489744818,False,lower,transfer_complete / hmda_2020_oh / ft / opposite_005
hmda_2020_oh,ft,hifi,1002,opposite_005,0.0122346665786311,False,lower,transfer_complete / hmda_2020_oh / ft / opposite_005
hmda_2020_oh,ft,hifi,1003,opposite_005,0.0294982236040083,False,lower,transfer_complete / hmda_2020_oh / ft / opposite_005
hmda_2020_oh,ft,hifi,1004,opposite_005,0.0296671097951628,False,lower,transfer_complete / hmda_2020_oh / ft / opposite_005
hmda_2020_oh,ft,hifi,1005,opposite_005,0.009418277038552,False,lower,transfer_complete / hmda_2020_oh / ft / opposite_005
hmda_2020_oh,ft,hifi,1006,opposite_005,0.0174651225668429,False,lower,transfer_complete / hmda_2020_oh / ft / opposite_005
hmda_2020_oh,ft,hifi,1007,opposite_005,0.014902353411501,False,lower,transfer_complete / hmda_2020_oh / ft / opposite_005
hmda_2020_oh,ft,hifi,1008,opposite_005,0.0124135869614808,False,lower,transfer_complete / hmda_2020_oh / ft / opposite_005
hmda_2020_oh,ft,hifi,1009,opposite_005,0.0222716933689677,False,lower,transfer_complete / hmda_2020_oh / ft / opposite_005
hmda_2020_oh,ft,hifi_erm,1000,opposite_005,0.009179767607134,False,lower,transfer_complete / hmda_2020_oh / ft / opposite_005
hmda_2020_oh,ft,hifi_erm,1001,opposite_005,0.0277485545607764,False,lower,transfer_complete / hmda_2020_oh / ft / opposite_005
hmda_2020_oh,ft,hifi_erm,1002,opposite_005,0.0115854153462122,False,lower,transfer_complete / hmda_2020_oh / ft / opposite_005
hmda_2020_oh,ft,hifi_erm,1003,opposite_005,0.0338394661609329,False,lower,transfer_complete / hmda_2020_oh / ft / opposite_005
hmda_2020_oh,ft,hifi_erm,1004,opposite_005,0.0483798139610655,False,lower,transfer_complete / hmda_2020_oh / ft / opposite_005
hmda_2020_oh,ft,hifi_erm,1005,opposite_005,0.0457455508715246,False,lower,transfer_complete / hmda_2020_oh / ft / opposite_005
hmda_2020_oh,ft,hifi_erm,1006,opposite_005,0.0049786533529152,False,lower,transfer_complete / hmda_2020_oh / ft / opposite_005
hmda_2020_oh,ft,hifi_erm,1007,opposite_005,0.0545833583807328,False,lower,transfer_complete / hmda_2020_oh / ft / opposite_005
hmda_2020_oh,ft,hifi_erm,1008,opposite_005,0.0089807124096655,False,lower,transfer_complete / hmda_2020_oh / ft / opposite_005
hmda_2020_oh,ft,hifi_erm,1009,opposite_005,0.0316359834746566,False,lower,transfer_complete / hmda_2020_oh / ft / opposite_005
hmda_2020_oh,ft,hifi_shared,1000,opposite_005,0.0186677774941365,False,lower,transfer_complete / hmda_2020_oh / ft / opposite_005
hmda_2020_oh,ft,hifi_shared,1001,opposite_005,0.0250670137556118,False,lower,transfer_complete / hmda_2020_oh / ft / opposite_005
hmda_2020_oh,ft,hifi_shared,1002,opposite_005,0.0130344363841678,False,lower,transfer_complete / hmda_2020_oh / ft / opposite_005
hmda_2020_oh,ft,hifi_shared,1003,opposite_005,0.0118513472789957,False,lower,transfer_complete / hmda_2020_oh / ft / opposite_005
hmda_2020_oh,ft,hifi_shared,1004,opposite_005,0.0225388325725259,False,lower,transfer_complete / hmda_2020_oh / ft / opposite_005
hmda_2020_oh,ft,hifi_shared,1005,opposite_005,0.0282988634944154,False,lower,transfer_complete / hmda_2020_oh / ft / opposite_005
hmda_2020_oh,ft,hifi_shared,1006,opposite_005,0.0027182040380144,False,lower,transfer_complete / hmda_2020_oh / ft / opposite_005
hmda_2020_oh,ft,hifi_shared,1007,opposite_005,0.0186674274389708,False,lower,transfer_complete / hmda_2020_oh / ft / opposite_005
hmda_2020_oh,ft,hifi_shared,1008,opposite_005,0.0250972490956973,False,lower,transfer_complete / hmda_2020_oh / ft / opposite_005
hmda_2020_oh,ft,hifi_shared,1009,opposite_005,0.0254259773755586,False,lower,transfer_complete / hmda_2020_oh / ft / opposite_005
hmda_2020_oh,ft,reweighing,1000,opposite_005,0.0020329757655096,False,lower,transfer_complete / hmda_2020_oh / ft / opposite_005
hmda_2020_oh,ft,reweighing,1001,opposite_005,0.0028679123874466,False,lower,transfer_complete / hmda_2020_oh / ft / opposite_005
hmda_2020_oh,ft,reweighing,1002,opposite_005,0.0026237492118317,False,lower,transfer_complete / hmda_2020_oh / ft / opposite_005
hmda_2020_oh,ft,reweighing,1003,opposite_005,0.0018396003129696,False,lower,transfer_complete / hmda_2020_oh / ft / opposite_005
hmda_2020_oh,ft,reweighing,1004,opposite_005,0.0038208563575995,False,lower,transfer_complete / hmda_2020_oh / ft / opposite_005
hmda_2020_oh,ft,reweighing,1005,opposite_005,0.0043018655166506,False,lower,transfer_complete / hmda_2020_oh / ft / opposite_005
hmda_2020_oh,ft,reweighing,1006,opposite_005,0.000784725120003,False,lower,transfer_complete / hmda_2020_oh / ft / opposite_005
hmda_2020_oh,ft,reweighing,1007,opposite_005,0.0063778975757134,False,lower,transfer_complete / hmda_2020_oh / ft / opposite_005
hmda_2020_oh,ft,reweighing,1008,opposite_005,0.0043656949017204,False,lower,transfer_complete / hmda_2020_oh / ft / opposite_005
hmda_2020_oh,ft,reweighing,1009,opposite_005,0.0069805247083089,False,lower,transfer_complete / hmda_2020_oh / ft / opposite_005
hmda_2020_oh,mlp,cot_phi,1000,opposite_005,0.0783249401291705,False,lower,transfer_complete / hmda_2020_oh / mlp / opposite_005
hmda_2020_oh,mlp,cot_phi,1001,opposite_005,0.0446811648051028,False,lower,transfer_complete / hmda_2020_oh / mlp / opposite_005
hmda_2020_oh,mlp,cot_phi,1002,opposite_005,0.060438618939716,False,lower,transfer_complete / hmda_2020_oh / mlp / opposite_005
hmda_2020_oh,mlp,cot_phi,1003,opposite_005,0.0336937299166861,False,lower,transfer_complete / hmda_2020_oh / mlp / opposite_005
hmda_2020_oh,mlp,cot_phi,1004,opposite_005,0.0624773313484163,False,lower,transfer_complete / hmda_2020_oh / mlp / opposite_005
hmda_2020_oh,mlp,cot_phi,1005,opposite_005,0.0725070491450448,False,lower,transfer_complete / hmda_2020_oh / mlp / opposite_005
hmda_2020_oh,mlp,cot_phi,1006,opposite_005,0.0763656822209552,False,lower,transfer_complete / hmda_2020_oh / mlp / opposite_005
hmda_2020_oh,mlp,cot_phi,1007,opposite_005,0.0622571055963347,False,lower,transfer_complete / hmda_2020_oh / mlp / opposite_005
hmda_2020_oh,mlp,cot_phi,1008,opposite_005,0.0733368076689567,False,lower,transfer_complete / hmda_2020_oh / mlp / opposite_005
hmda_2020_oh,mlp,cot_phi,1009,opposite_005,0.0508893221548816,False,lower,transfer_complete / hmda_2020_oh / mlp / opposite_005
hmda_2020_oh,mlp,dralign,1000,opposite_005,0.0317733687081504,False,lower,transfer_complete / hmda_2020_oh / mlp / opposite_005
hmda_2020_oh,mlp,dralign,1001,opposite_005,0.0303961615995946,False,lower,transfer_complete / hmda_2020_oh / mlp / opposite_005
hmda_2020_oh,mlp,dralign,1002,opposite_005,0.0194578795176603,False,lower,transfer_complete / hmda_2020_oh / mlp / opposite_005
hmda_2020_oh,mlp,dralign,1003,opposite_005,0.0476489429007323,False,lower,transfer_complete / hmda_2020_oh / mlp / opposite_005
hmda_2020_oh,mlp,dralign,1004,opposite_005,0.0335627624301038,False,lower,transfer_complete / hmda_2020_oh / mlp / opposite_005
hmda_2020_oh,mlp,dralign,1005,opposite_005,0.0476946031150209,False,lower,transfer_complete / hmda_2020_oh / mlp / opposite_005
hmda_2020_oh,mlp,dralign,1006,opposite_005,0.0479509529928742,False,lower,transfer_complete / hmda_2020_oh / mlp / opposite_005
hmda_2020_oh,mlp,dralign,1007,opposite_005,0.0279766228833519,False,lower,transfer_complete / hmda_2020_oh / mlp / opposite_005
hmda_2020_oh,mlp,dralign,1008,opposite_005,0.0473165660591861,False,lower,transfer_complete / hmda_2020_oh / mlp / opposite_005
hmda_2020_oh,mlp,dralign,1009,opposite_005,0.017745092837186,False,lower,transfer_complete / hmda_2020_oh / mlp / opposite_005
hmda_2020_oh,mlp,hifi,1000,opposite_005,0.0589797716674391,False,lower,transfer_complete / hmda_2020_oh / mlp / opposite_005
hmda_2020_oh,mlp,hifi,1001,opposite_005,0.0623447703364867,False,lower,transfer_complete / hmda_2020_oh / mlp / opposite_005
hmda_2020_oh,mlp,hifi,1002,opposite_005,0.0647581744777446,False,lower,transfer_complete / hmda_2020_oh / mlp / opposite_005
hmda_2020_oh,mlp,hifi,1003,opposite_005,0.0599560660587598,False,lower,transfer_complete / hmda_2020_oh / mlp / opposite_005
hmda_2020_oh,mlp,hifi,1004,opposite_005,0.0763047614695777,False,lower,transfer_complete / hmda_2020_oh / mlp / opposite_005
hmda_2020_oh,mlp,hifi,1005,opposite_005,0.0713413150727709,False,lower,transfer_complete / hmda_2020_oh / mlp / opposite_005
hmda_2020_oh,mlp,hifi,1006,opposite_005,0.0766365142002945,False,lower,transfer_complete / hmda_2020_oh / mlp / opposite_005
hmda_2020_oh,mlp,hifi,1007,opposite_005,0.0903024775877237,False,lower,transfer_complete / hmda_2020_oh / mlp / opposite_005
hmda_2020_oh,mlp,hifi,1008,opposite_005,0.0598066438719839,False,lower,transfer_complete / hmda_2020_oh / mlp / opposite_005
hmda_2020_oh,mlp,hifi,1009,opposite_005,0.0789256979587407,False,lower,transfer_complete / hmda_2020_oh / mlp / opposite_005
hmda_2020_oh,mlp,hifi_erm,1000,opposite_005,0.0968540367816492,False,lower,transfer_complete / hmda_2020_oh / mlp / opposite_005
hmda_2020_oh,mlp,hifi_erm,1001,opposite_005,0.0582360491345652,False,lower,transfer_complete / hmda_2020_oh / mlp / opposite_005
hmda_2020_oh,mlp,hifi_erm,1002,opposite_005,0.0671996959844389,False,lower,transfer_complete / hmda_2020_oh / mlp / opposite_005
hmda_2020_oh,mlp,hifi_erm,1003,opposite_005,0.0728716984857885,False,lower,transfer_complete / hmda_2020_oh / mlp / opposite_005
hmda_2020_oh,mlp,hifi_erm,1004,opposite_005,0.0878631715111289,False,lower,transfer_complete / hmda_2020_oh / mlp / opposite_005
hmda_2020_oh,mlp,hifi_erm,1005,opposite_005,0.076003977272661,False,lower,transfer_complete / hmda_2020_oh / mlp / opposite_005
hmda_2020_oh,mlp,hifi_erm,1006,opposite_005,0.0779770602554529,False,lower,transfer_complete / hmda_2020_oh / mlp / opposite_005
hmda_2020_oh,mlp,hifi_erm,1007,opposite_005,0.0824255522150549,False,lower,transfer_complete / hmda_2020_oh / mlp / opposite_005
hmda_2020_oh,mlp,hifi_erm,1008,opposite_005,0.0652884149423109,False,lower,transfer_complete / hmda_2020_oh / mlp / opposite_005
hmda_2020_oh,mlp,hifi_erm,1009,opposite_005,0.0777506067087081,False,lower,transfer_complete / hmda_2020_oh / mlp / opposite_005
hmda_2020_oh,mlp,hifi_shared,1000,opposite_005,0.0443148372886257,False,lower,transfer_complete / hmda_2020_oh / mlp / opposite_005
hmda_2020_oh,mlp,hifi_shared,1001,opposite_005,0.0319552566450818,False,lower,transfer_complete / hmda_2020_oh / mlp / opposite_005
hmda_2020_oh,mlp,hifi_shared,1002,opposite_005,0.0212260539636183,False,lower,transfer_complete / hmda_2020_oh / mlp / opposite_005
hmda_2020_oh,mlp,hifi_shared,1003,opposite_005,0.0265394655291481,False,lower,transfer_complete / hmda_2020_oh / mlp / opposite_005
hmda_2020_oh,mlp,hifi_shared,1004,opposite_005,0.0293853104974228,False,lower,transfer_complete / hmda_2020_oh / mlp / opposite_005
hmda_2020_oh,mlp,hifi_shared,1005,opposite_005,0.0488427054750367,False,lower,transfer_complete / hmda_2020_oh / mlp / opposite_005
hmda_2020_oh,mlp,hifi_shared,1006,opposite_005,0.0368897241998669,False,lower,transfer_complete / hmda_2020_oh / mlp / opposite_005
hmda_2020_oh,mlp,hifi_shared,1007,opposite_005,0.0187156308418948,False,lower,transfer_complete / hmda_2020_oh / mlp / opposite_005
hmda_2020_oh,mlp,hifi_shared,1008,opposite_005,0.0563617007314917,False,lower,transfer_complete / hmda_2020_oh / mlp / opposite_005
hmda_2020_oh,mlp,hifi_shared,1009,opposite_005,0.0208940823407722,False,lower,transfer_complete / hmda_2020_oh / mlp / opposite_005
hmda_2020_oh,mlp,ltdd,1000,opposite_005,0.0954746943837429,False,lower,transfer_complete / hmda_2020_oh / mlp / opposite_005
hmda_2020_oh,mlp,ltdd,1001,opposite_005,0.0820514372545876,False,lower,transfer_complete / hmda_2020_oh / mlp / opposite_005
hmda_2020_oh,mlp,ltdd,1002,opposite_005,0.0513798822612387,False,lower,transfer_complete / hmda_2020_oh / mlp / opposite_005
hmda_2020_oh,mlp,ltdd,1003,opposite_005,0.0840699043408685,False,lower,transfer_complete / hmda_2020_oh / mlp / opposite_005
hmda_2020_oh,mlp,ltdd,1004,opposite_005,0.0491407077413019,False,lower,transfer_complete / hmda_2020_oh / mlp / opposite_005
hmda_2020_oh,mlp,ltdd,1005,opposite_005,0.061762519742792,False,lower,transfer_complete / hmda_2020_oh / mlp / opposite_005
hmda_2020_oh,mlp,ltdd,1006,opposite_005,0.0934996312714914,False,lower,transfer_complete / hmda_2020_oh / mlp / opposite_005
hmda_2020_oh,mlp,ltdd,1007,opposite_005,0.0626046813761466,False,lower,transfer_complete / hmda_2020_oh / mlp / opposite_005
hmda_2020_oh,mlp,ltdd,1008,opposite_005,0.0722835669698044,False,lower,transfer_complete / hmda_2020_oh / mlp / opposite_005
hmda_2020_oh,mlp,ltdd,1009,opposite_005,0.0642003719702372,False,lower,transfer_complete / hmda_2020_oh / mlp / opposite_005
hmda_2020_oh,mlp,neufair,1000,opposite_005,0.0532993903873777,False,lower,transfer_complete / hmda_2020_oh / mlp / opposite_005
hmda_2020_oh,mlp,neufair,1001,opposite_005,0.0385573219217765,False,lower,transfer_complete / hmda_2020_oh / mlp / opposite_005
hmda_2020_oh,mlp,neufair,1002,opposite_005,0.0248187834299324,False,lower,transfer_complete / hmda_2020_oh / mlp / opposite_005
hmda_2020_oh,mlp,neufair,1003,opposite_005,0.0432124427160934,False,lower,transfer_complete / hmda_2020_oh / mlp / opposite_005
hmda_2020_oh,mlp,neufair,1004,opposite_005,0.0257187731477735,False,lower,transfer_complete / hmda_2020_oh / mlp / opposite_005
hmda_2020_oh,mlp,neufair,1005,opposite_005,0.0279588684172976,False,lower,transfer_complete / hmda_2020_oh / mlp / opposite_005
hmda_2020_oh,mlp,neufair,1006,opposite_005,0.0444975621550441,False,lower,transfer_complete / hmda_2020_oh / mlp / opposite_005
hmda_2020_oh,mlp,neufair,1007,opposite_005,0.0178592587734726,False,lower,transfer_complete / hmda_2020_oh / mlp / opposite_005
hmda_2020_oh,mlp,neufair,1008,opposite_005,0.0671928478071016,False,lower,transfer_complete / hmda_2020_oh / mlp / opposite_005
hmda_2020_oh,mlp,neufair,1009,opposite_005,0.0164514588594759,False,lower,transfer_complete / hmda_2020_oh / mlp / opposite_005
hmda_2019_mi,ft,erm,1000,opposite_005,0.0243920414796735,False,lower,transfer_complete / hmda_2019_mi / ft / opposite_005
hmda_2019_mi,ft,soft,1000,opposite_005,0.0,False,lower,transfer_complete / hmda_2019_mi / ft / opposite_005
hmda_2019_mi,ft,erm,1001,opposite_005,0.0178075203155453,False,lower,transfer_complete / hmda_2019_mi / ft / opposite_005
hmda_2019_mi,ft,soft,1001,opposite_005,0.0,False,lower,transfer_complete / hmda_2019_mi / ft / opposite_005
hmda_2019_mi,ft,erm,1002,opposite_005,0.0154966107564367,False,lower,transfer_complete / hmda_2019_mi / ft / opposite_005
hmda_2019_mi,ft,soft,1002,opposite_005,0.0,False,lower,transfer_complete / hmda_2019_mi / ft / opposite_005
hmda_2019_mi,ft,erm,1003,opposite_005,0.0413778619013228,False,lower,transfer_complete / hmda_2019_mi / ft / opposite_005
hmda_2019_mi,ft,soft,1003,opposite_005,0.0,False,lower,transfer_complete / hmda_2019_mi / ft / opposite_005
hmda_2019_mi,ft,erm,1004,opposite_005,0.0230155271730482,False,lower,transfer_complete / hmda_2019_mi / ft / opposite_005
hmda_2019_mi,ft,soft,1004,opposite_005,0.0,False,lower,transfer_complete / hmda_2019_mi / ft / opposite_005
hmda_2019_mi,ft,erm,1005,opposite_005,0.0330407085237976,False,lower,transfer_complete / hmda_2019_mi / ft / opposite_005
hmda_2019_mi,ft,soft,1005,opposite_005,0.0,False,lower,transfer_complete / hmda_2019_mi / ft / opposite_005
hmda_2019_mi,ft,erm,1006,opposite_005,0.0125943333380717,False,lower,transfer_complete / hmda_2019_mi / ft / opposite_005
hmda_2019_mi,ft,soft,1006,opposite_005,0.0,False,lower,transfer_complete / hmda_2019_mi / ft / opposite_005
hmda_2019_mi,ft,erm,1007,opposite_005,0.0221975846951149,False,lower,transfer_complete / hmda_2019_mi / ft / opposite_005
hmda_2019_mi,ft,soft,1007,opposite_005,0.0,False,lower,transfer_complete / hmda_2019_mi / ft / opposite_005
hmda_2019_mi,ft,erm,1008,opposite_005,0.0267999268097862,False,lower,transfer_complete / hmda_2019_mi / ft / opposite_005
hmda_2019_mi,ft,soft,1008,opposite_005,0.0,False,lower,transfer_complete / hmda_2019_mi / ft / opposite_005
hmda_2019_mi,ft,erm,1009,opposite_005,0.0135965956514451,False,lower,transfer_complete / hmda_2019_mi / ft / opposite_005
hmda_2019_mi,ft,soft,1009,opposite_005,0.0,False,lower,transfer_complete / hmda_2019_mi / ft / opposite_005
hmda_2019_mi,mlp,erm,1000,opposite_005,0.052488682351918,False,lower,transfer_complete / hmda_2019_mi / mlp / opposite_005
hmda_2019_mi,mlp,soft,1000,opposite_005,0.0,False,lower,transfer_complete / hmda_2019_mi / mlp / opposite_005
hmda_2019_mi,mlp,erm,1001,opposite_005,0.0715029627274761,False,lower,transfer_complete / hmda_2019_mi / mlp / opposite_005
hmda_2019_mi,mlp,soft,1001,opposite_005,0.0,False,lower,transfer_complete / hmda_2019_mi / mlp / opposite_005
hmda_2019_mi,mlp,erm,1002,opposite_005,0.0347692077266617,False,lower,transfer_complete / hmda_2019_mi / mlp / opposite_005
hmda_2019_mi,mlp,soft,1002,opposite_005,0.0,False,lower,transfer_complete / hmda_2019_mi / mlp / opposite_005
hmda_2019_mi,mlp,erm,1003,opposite_005,0.0341927940226529,False,lower,transfer_complete / hmda_2019_mi / mlp / opposite_005
hmda_2019_mi,mlp,soft,1003,opposite_005,0.0,False,lower,transfer_complete / hmda_2019_mi / mlp / opposite_005
hmda_2019_mi,mlp,erm,1004,opposite_005,0.0475172971280881,False,lower,transfer_complete / hmda_2019_mi / mlp / opposite_005
hmda_2019_mi,mlp,soft,1004,opposite_005,4.918355301987016e-05,False,lower,transfer_complete / hmda_2019_mi / mlp / opposite_005
hmda_2019_mi,mlp,erm,1005,opposite_005,0.0279017542885896,False,lower,transfer_complete / hmda_2019_mi / mlp / opposite_005
hmda_2019_mi,mlp,soft,1005,opposite_005,0.0,False,lower,transfer_complete / hmda_2019_mi / mlp / opposite_005
hmda_2019_mi,mlp,erm,1006,opposite_005,0.0528679108450483,False,lower,transfer_complete / hmda_2019_mi / mlp / opposite_005
hmda_2019_mi,mlp,soft,1006,opposite_005,0.0,False,lower,transfer_complete / hmda_2019_mi / mlp / opposite_005
hmda_2019_mi,mlp,erm,1007,opposite_005,0.0249669112161367,False,lower,transfer_complete / hmda_2019_mi / mlp / opposite_005
hmda_2019_mi,mlp,soft,1007,opposite_005,0.0,False,lower,transfer_complete / hmda_2019_mi / mlp / opposite_005
hmda_2019_mi,mlp,erm,1008,opposite_005,0.045294796284262,False,lower,transfer_complete / hmda_2019_mi / mlp / opposite_005
hmda_2019_mi,mlp,soft,1008,opposite_005,0.0,False,lower,transfer_complete / hmda_2019_mi / mlp / opposite_005
hmda_2019_mi,mlp,erm,1009,opposite_005,0.0468463250871456,False,lower,transfer_complete / hmda_2019_mi / mlp / opposite_005
hmda_2019_mi,mlp,soft,1009,opposite_005,0.0,False,lower,transfer_complete / hmda_2019_mi / mlp / opposite_005
hmda_2020_oh,ft,erm,1000,opposite_005,0.0280089608872249,False,lower,transfer_complete / hmda_2020_oh / ft / opposite_005
hmda_2020_oh,ft,soft,1000,opposite_005,0.0,False,lower,transfer_complete / hmda_2020_oh / ft / opposite_005
hmda_2020_oh,ft,erm,1001,opposite_005,0.0154431045518253,False,lower,transfer_complete / hmda_2020_oh / ft / opposite_005
hmda_2020_oh,ft,soft,1001,opposite_005,0.0,False,lower,transfer_complete / hmda_2020_oh / ft / opposite_005
hmda_2020_oh,ft,erm,1002,opposite_005,0.0163591473361153,False,lower,transfer_complete / hmda_2020_oh / ft / opposite_005
hmda_2020_oh,ft,soft,1002,opposite_005,0.0,False,lower,transfer_complete / hmda_2020_oh / ft / opposite_005
hmda_2020_oh,ft,erm,1003,opposite_005,0.0444310430672226,False,lower,transfer_complete / hmda_2020_oh / ft / opposite_005
hmda_2020_oh,ft,soft,1003,opposite_005,0.0,False,lower,transfer_complete / hmda_2020_oh / ft / opposite_005
hmda_2020_oh,ft,erm,1004,opposite_005,0.0185690787217176,False,lower,transfer_complete / hmda_2020_oh / ft / opposite_005
hmda_2020_oh,ft,soft,1004,opposite_005,0.0,False,lower,transfer_complete / hmda_2020_oh / ft / opposite_005
hmda_2020_oh,ft,erm,1005,opposite_005,0.0375240261814923,False,lower,transfer_complete / hmda_2020_oh / ft / opposite_005
hmda_2020_oh,ft,soft,1005,opposite_005,0.0,False,lower,transfer_complete / hmda_2020_oh / ft / opposite_005
hmda_2020_oh,ft,erm,1006,opposite_005,0.0114985232699925,False,lower,transfer_complete / hmda_2020_oh / ft / opposite_005
hmda_2020_oh,ft,soft,1006,opposite_005,0.0,False,lower,transfer_complete / hmda_2020_oh / ft / opposite_005
hmda_2020_oh,ft,erm,1007,opposite_005,0.0222742220365146,False,lower,transfer_complete / hmda_2020_oh / ft / opposite_005
hmda_2020_oh,ft,soft,1007,opposite_005,0.0,False,lower,transfer_complete / hmda_2020_oh / ft / opposite_005
hmda_2020_oh,ft,erm,1008,opposite_005,0.0287895522812811,False,lower,transfer_complete / hmda_2020_oh / ft / opposite_005
hmda_2020_oh,ft,soft,1008,opposite_005,0.0,False,lower,transfer_complete / hmda_2020_oh / ft / opposite_005
hmda_2020_oh,ft,erm,1009,opposite_005,0.0111479414337677,False,lower,transfer_complete / hmda_2020_oh / ft / opposite_005
hmda_2020_oh,ft,soft,1009,opposite_005,0.0,False,lower,transfer_complete / hmda_2020_oh / ft / opposite_005
hmda_2020_oh,mlp,erm,1000,opposite_005,0.0485430405030145,False,lower,transfer_complete / hmda_2020_oh / mlp / opposite_005
hmda_2020_oh,mlp,soft,1000,opposite_005,0.0,False,lower,transfer_complete / hmda_2020_oh / mlp / opposite_005
hmda_2020_oh,mlp,erm,1001,opposite_005,0.0670396838128687,False,lower,transfer_complete / hmda_2020_oh / mlp / opposite_005
hmda_2020_oh,mlp,soft,1001,opposite_005,0.0,False,lower,transfer_complete / hmda_2020_oh / mlp / opposite_005
hmda_2020_oh,mlp,erm,1002,opposite_005,0.0325752741147143,False,lower,transfer_complete / hmda_2020_oh / mlp / opposite_005
hmda_2020_oh,mlp,soft,1002,opposite_005,0.0,False,lower,transfer_complete / hmda_2020_oh / mlp / opposite_005
hmda_2020_oh,mlp,erm,1003,opposite_005,0.0330421868748713,False,lower,transfer_complete / hmda_2020_oh / mlp / opposite_005
hmda_2020_oh,mlp,soft,1003,opposite_005,0.0,False,lower,transfer_complete / hmda_2020_oh / mlp / opposite_005
hmda_2020_oh,mlp,erm,1004,opposite_005,0.0382522553942127,False,lower,transfer_complete / hmda_2020_oh / mlp / opposite_005
hmda_2020_oh,mlp,soft,1004,opposite_005,0.0,False,lower,transfer_complete / hmda_2020_oh / mlp / opposite_005
hmda_2020_oh,mlp,erm,1005,opposite_005,0.0260418978971904,False,lower,transfer_complete / hmda_2020_oh / mlp / opposite_005
hmda_2020_oh,mlp,soft,1005,opposite_005,0.0,False,lower,transfer_complete / hmda_2020_oh / mlp / opposite_005
hmda_2020_oh,mlp,erm,1006,opposite_005,0.0485576605011899,False,lower,transfer_complete / hmda_2020_oh / mlp / opposite_005
hmda_2020_oh,mlp,soft,1006,opposite_005,0.0,False,lower,transfer_complete / hmda_2020_oh / mlp / opposite_005
hmda_2020_oh,mlp,erm,1007,opposite_005,0.0225673265840067,False,lower,transfer_complete / hmda_2020_oh / mlp / opposite_005
hmda_2020_oh,mlp,soft,1007,opposite_005,0.0,False,lower,transfer_complete / hmda_2020_oh / mlp / opposite_005
hmda_2020_oh,mlp,erm,1008,opposite_005,0.0447566747183766,False,lower,transfer_complete / hmda_2020_oh / mlp / opposite_005
hmda_2020_oh,mlp,soft,1008,opposite_005,0.0,False,lower,transfer_complete / hmda_2020_oh / mlp / opposite_005
hmda_2020_oh,mlp,erm,1009,opposite_005,0.0396607711989121,False,lower,transfer_complete / hmda_2020_oh / mlp / opposite_005
hmda_2020_oh,mlp,soft,1009,opposite_005,0.0,False,lower,transfer_complete / hmda_2020_oh / mlp / opposite_005
hmda_2019_mi,ft,cot_phi,1000,direction_adverse_005,0.1778391473086695,False,lower,transfer_complete / hmda_2019_mi / ft / direction_adverse_005
hmda_2019_mi,ft,cot_phi,1001,direction_adverse_005,0.2476764476756825,False,lower,transfer_complete / hmda_2019_mi / ft / direction_adverse_005
hmda_2019_mi,ft,cot_phi,1002,direction_adverse_005,0.2371150588137247,False,lower,transfer_complete / hmda_2019_mi / ft / direction_adverse_005
hmda_2019_mi,ft,cot_phi,1003,direction_adverse_005,0.1756815179443633,False,lower,transfer_complete / hmda_2019_mi / ft / direction_adverse_005
hmda_2019_mi,ft,cot_phi,1004,direction_adverse_005,0.1547827179439359,False,lower,transfer_complete / hmda_2019_mi / ft / direction_adverse_005
hmda_2019_mi,ft,cot_phi,1005,direction_adverse_005,0.2560950918002299,False,lower,transfer_complete / hmda_2019_mi / ft / direction_adverse_005
hmda_2019_mi,ft,cot_phi,1006,direction_adverse_005,0.109687600837614,False,lower,transfer_complete / hmda_2019_mi / ft / direction_adverse_005
hmda_2019_mi,ft,cot_phi,1007,direction_adverse_005,0.2115323607192812,False,lower,transfer_complete / hmda_2019_mi / ft / direction_adverse_005
hmda_2019_mi,ft,cot_phi,1008,direction_adverse_005,0.2130115493158562,False,lower,transfer_complete / hmda_2019_mi / ft / direction_adverse_005
hmda_2019_mi,ft,cot_phi,1009,direction_adverse_005,0.1670215616406847,False,lower,transfer_complete / hmda_2019_mi / ft / direction_adverse_005
hmda_2019_mi,ft,hifi,1000,direction_adverse_005,0.1204529136575079,False,lower,transfer_complete / hmda_2019_mi / ft / direction_adverse_005
hmda_2019_mi,ft,hifi,1001,direction_adverse_005,0.1722903551764103,False,lower,transfer_complete / hmda_2019_mi / ft / direction_adverse_005
hmda_2019_mi,ft,hifi,1002,direction_adverse_005,0.0658065301319417,False,lower,transfer_complete / hmda_2019_mi / ft / direction_adverse_005
hmda_2019_mi,ft,hifi,1003,direction_adverse_005,0.1526112719715532,False,lower,transfer_complete / hmda_2019_mi / ft / direction_adverse_005
hmda_2019_mi,ft,hifi,1004,direction_adverse_005,0.0602373573417641,False,lower,transfer_complete / hmda_2019_mi / ft / direction_adverse_005
hmda_2019_mi,ft,hifi,1005,direction_adverse_005,0.0133554088552087,False,lower,transfer_complete / hmda_2019_mi / ft / direction_adverse_005
hmda_2019_mi,ft,hifi,1006,direction_adverse_005,0.109736523065579,False,lower,transfer_complete / hmda_2019_mi / ft / direction_adverse_005
hmda_2019_mi,ft,hifi,1007,direction_adverse_005,0.1306062285802632,False,lower,transfer_complete / hmda_2019_mi / ft / direction_adverse_005
hmda_2019_mi,ft,hifi,1008,direction_adverse_005,0.1809514104945676,False,lower,transfer_complete / hmda_2019_mi / ft / direction_adverse_005
hmda_2019_mi,ft,hifi,1009,direction_adverse_005,0.088394979788606,False,lower,transfer_complete / hmda_2019_mi / ft / direction_adverse_005
hmda_2019_mi,ft,hifi_erm,1000,direction_adverse_005,0.0233618496211471,False,lower,transfer_complete / hmda_2019_mi / ft / direction_adverse_005
hmda_2019_mi,ft,hifi_erm,1001,direction_adverse_005,0.1849225885388517,False,lower,transfer_complete / hmda_2019_mi / ft / direction_adverse_005
hmda_2019_mi,ft,hifi_erm,1002,direction_adverse_005,0.046982391145643,False,lower,transfer_complete / hmda_2019_mi / ft / direction_adverse_005
hmda_2019_mi,ft,hifi_erm,1003,direction_adverse_005,0.2637181642645333,False,lower,transfer_complete / hmda_2019_mi / ft / direction_adverse_005
hmda_2019_mi,ft,hifi_erm,1004,direction_adverse_005,0.2925299910037687,False,lower,transfer_complete / hmda_2019_mi / ft / direction_adverse_005
hmda_2019_mi,ft,hifi_erm,1005,direction_adverse_005,0.1588687425751975,False,lower,transfer_complete / hmda_2019_mi / ft / direction_adverse_005
hmda_2019_mi,ft,hifi_erm,1006,direction_adverse_005,0.0221980136323264,False,lower,transfer_complete / hmda_2019_mi / ft / direction_adverse_005
hmda_2019_mi,ft,hifi_erm,1007,direction_adverse_005,0.2788533754087288,False,lower,transfer_complete / hmda_2019_mi / ft / direction_adverse_005
hmda_2019_mi,ft,hifi_erm,1008,direction_adverse_005,0.1869172851189039,False,lower,transfer_complete / hmda_2019_mi / ft / direction_adverse_005
hmda_2019_mi,ft,hifi_erm,1009,direction_adverse_005,0.1939930665867083,False,lower,transfer_complete / hmda_2019_mi / ft / direction_adverse_005
hmda_2019_mi,ft,hifi_shared,1000,direction_adverse_005,0.2412885805698885,False,lower,transfer_complete / hmda_2019_mi / ft / direction_adverse_005
hmda_2019_mi,ft,hifi_shared,1001,direction_adverse_005,0.2631418827402413,False,lower,transfer_complete / hmda_2019_mi / ft / direction_adverse_005
hmda_2019_mi,ft,hifi_shared,1002,direction_adverse_005,0.2354426484958667,False,lower,transfer_complete / hmda_2019_mi / ft / direction_adverse_005
hmda_2019_mi,ft,hifi_shared,1003,direction_adverse_005,0.1888414703019003,False,lower,transfer_complete / hmda_2019_mi / ft / direction_adverse_005
hmda_2019_mi,ft,hifi_shared,1004,direction_adverse_005,0.2482849647922286,False,lower,transfer_complete / hmda_2019_mi / ft / direction_adverse_005
hmda_2019_mi,ft,hifi_shared,1005,direction_adverse_005,0.2636799677063659,False,lower,transfer_complete / hmda_2019_mi / ft / direction_adverse_005
hmda_2019_mi,ft,hifi_shared,1006,direction_adverse_005,0.1239913379747626,False,lower,transfer_complete / hmda_2019_mi / ft / direction_adverse_005
hmda_2019_mi,ft,hifi_shared,1007,direction_adverse_005,0.2293480157722412,False,lower,transfer_complete / hmda_2019_mi / ft / direction_adverse_005
hmda_2019_mi,ft,hifi_shared,1008,direction_adverse_005,0.2341129363068095,False,lower,transfer_complete / hmda_2019_mi / ft / direction_adverse_005
hmda_2019_mi,ft,hifi_shared,1009,direction_adverse_005,0.2160817733339401,False,lower,transfer_complete / hmda_2019_mi / ft / direction_adverse_005
hmda_2019_mi,ft,reweighing,1000,direction_adverse_005,0.1846329327173971,False,lower,transfer_complete / hmda_2019_mi / ft / direction_adverse_005
hmda_2019_mi,ft,reweighing,1001,direction_adverse_005,0.1970628198116156,False,lower,transfer_complete / hmda_2019_mi / ft / direction_adverse_005
hmda_2019_mi,ft,reweighing,1002,direction_adverse_005,0.1787496394768107,False,lower,transfer_complete / hmda_2019_mi / ft / direction_adverse_005
hmda_2019_mi,ft,reweighing,1003,direction_adverse_005,0.1522917980062463,False,lower,transfer_complete / hmda_2019_mi / ft / direction_adverse_005
hmda_2019_mi,ft,reweighing,1004,direction_adverse_005,0.2061987406673646,False,lower,transfer_complete / hmda_2019_mi / ft / direction_adverse_005
hmda_2019_mi,ft,reweighing,1005,direction_adverse_005,0.1729517047671447,False,lower,transfer_complete / hmda_2019_mi / ft / direction_adverse_005
hmda_2019_mi,ft,reweighing,1006,direction_adverse_005,0.1461373012673569,False,lower,transfer_complete / hmda_2019_mi / ft / direction_adverse_005
hmda_2019_mi,ft,reweighing,1007,direction_adverse_005,0.1645510939385188,False,lower,transfer_complete / hmda_2019_mi / ft / direction_adverse_005
hmda_2019_mi,ft,reweighing,1008,direction_adverse_005,0.1612638690961899,False,lower,transfer_complete / hmda_2019_mi / ft / direction_adverse_005
hmda_2019_mi,ft,reweighing,1009,direction_adverse_005,0.1622272834235542,False,lower,transfer_complete / hmda_2019_mi / ft / direction_adverse_005
hmda_2019_mi,mlp,cot_phi,1000,direction_adverse_005,0.1934270056414349,False,lower,transfer_complete / hmda_2019_mi / mlp / direction_adverse_005
hmda_2019_mi,mlp,cot_phi,1001,direction_adverse_005,0.175913726133813,False,lower,transfer_complete / hmda_2019_mi / mlp / direction_adverse_005
hmda_2019_mi,mlp,cot_phi,1002,direction_adverse_005,0.1657828080780351,False,lower,transfer_complete / hmda_2019_mi / mlp / direction_adverse_005
hmda_2019_mi,mlp,cot_phi,1003,direction_adverse_005,0.2125775649226815,False,lower,transfer_complete / hmda_2019_mi / mlp / direction_adverse_005
hmda_2019_mi,mlp,cot_phi,1004,direction_adverse_005,0.1870708089630547,False,lower,transfer_complete / hmda_2019_mi / mlp / direction_adverse_005
hmda_2019_mi,mlp,cot_phi,1005,direction_adverse_005,0.1912061465167093,False,lower,transfer_complete / hmda_2019_mi / mlp / direction_adverse_005
hmda_2019_mi,mlp,cot_phi,1006,direction_adverse_005,0.192433993867834,False,lower,transfer_complete / hmda_2019_mi / mlp / direction_adverse_005
hmda_2019_mi,mlp,cot_phi,1007,direction_adverse_005,0.1992398508609701,False,lower,transfer_complete / hmda_2019_mi / mlp / direction_adverse_005
hmda_2019_mi,mlp,cot_phi,1008,direction_adverse_005,0.2476797768864355,False,lower,transfer_complete / hmda_2019_mi / mlp / direction_adverse_005
hmda_2019_mi,mlp,cot_phi,1009,direction_adverse_005,0.2040419915371786,False,lower,transfer_complete / hmda_2019_mi / mlp / direction_adverse_005
hmda_2019_mi,mlp,dralign,1000,direction_adverse_005,0.2751966333101904,False,lower,transfer_complete / hmda_2019_mi / mlp / direction_adverse_005
hmda_2019_mi,mlp,dralign,1001,direction_adverse_005,0.2795041211820171,False,lower,transfer_complete / hmda_2019_mi / mlp / direction_adverse_005
hmda_2019_mi,mlp,dralign,1002,direction_adverse_005,0.2368676238734688,False,lower,transfer_complete / hmda_2019_mi / mlp / direction_adverse_005
hmda_2019_mi,mlp,dralign,1003,direction_adverse_005,0.241323967174483,False,lower,transfer_complete / hmda_2019_mi / mlp / direction_adverse_005
hmda_2019_mi,mlp,dralign,1004,direction_adverse_005,0.247415725077331,False,lower,transfer_complete / hmda_2019_mi / mlp / direction_adverse_005
hmda_2019_mi,mlp,dralign,1005,direction_adverse_005,0.2569953869290114,False,lower,transfer_complete / hmda_2019_mi / mlp / direction_adverse_005
hmda_2019_mi,mlp,dralign,1006,direction_adverse_005,0.2566487604465576,False,lower,transfer_complete / hmda_2019_mi / mlp / direction_adverse_005
hmda_2019_mi,mlp,dralign,1007,direction_adverse_005,0.218896024226013,False,lower,transfer_complete / hmda_2019_mi / mlp / direction_adverse_005
hmda_2019_mi,mlp,dralign,1008,direction_adverse_005,0.3869606962121194,False,lower,transfer_complete / hmda_2019_mi / mlp / direction_adverse_005
hmda_2019_mi,mlp,dralign,1009,direction_adverse_005,0.2346073525429458,False,lower,transfer_complete / hmda_2019_mi / mlp / direction_adverse_005
hmda_2019_mi,mlp,hifi,1000,direction_adverse_005,0.32090575088888,False,lower,transfer_complete / hmda_2019_mi / mlp / direction_adverse_005
hmda_2019_mi,mlp,hifi,1001,direction_adverse_005,0.3729857367442591,False,lower,transfer_complete / hmda_2019_mi / mlp / direction_adverse_005
hmda_2019_mi,mlp,hifi,1002,direction_adverse_005,0.3373759373063958,False,lower,transfer_complete / hmda_2019_mi / mlp / direction_adverse_005
hmda_2019_mi,mlp,hifi,1003,direction_adverse_005,0.3220962466597267,False,lower,transfer_complete / hmda_2019_mi / mlp / direction_adverse_005
hmda_2019_mi,mlp,hifi,1004,direction_adverse_005,0.266629920790569,False,lower,transfer_complete / hmda_2019_mi / mlp / direction_adverse_005
hmda_2019_mi,mlp,hifi,1005,direction_adverse_005,0.3826642881701158,False,lower,transfer_complete / hmda_2019_mi / mlp / direction_adverse_005
hmda_2019_mi,mlp,hifi,1006,direction_adverse_005,0.4088801897728182,False,lower,transfer_complete / hmda_2019_mi / mlp / direction_adverse_005
hmda_2019_mi,mlp,hifi,1007,direction_adverse_005,0.3658458227008849,False,lower,transfer_complete / hmda_2019_mi / mlp / direction_adverse_005
hmda_2019_mi,mlp,hifi,1008,direction_adverse_005,0.3459062928762104,False,lower,transfer_complete / hmda_2019_mi / mlp / direction_adverse_005
hmda_2019_mi,mlp,hifi,1009,direction_adverse_005,0.3360149226968085,False,lower,transfer_complete / hmda_2019_mi / mlp / direction_adverse_005
hmda_2019_mi,mlp,hifi_erm,1000,direction_adverse_005,0.4388199158564691,False,lower,transfer_complete / hmda_2019_mi / mlp / direction_adverse_005
hmda_2019_mi,mlp,hifi_erm,1001,direction_adverse_005,0.3121946064786741,False,lower,transfer_complete / hmda_2019_mi / mlp / direction_adverse_005
hmda_2019_mi,mlp,hifi_erm,1002,direction_adverse_005,0.3596882324673736,False,lower,transfer_complete / hmda_2019_mi / mlp / direction_adverse_005
hmda_2019_mi,mlp,hifi_erm,1003,direction_adverse_005,0.3530657601744724,False,lower,transfer_complete / hmda_2019_mi / mlp / direction_adverse_005
hmda_2019_mi,mlp,hifi_erm,1004,direction_adverse_005,0.3065824710417588,False,lower,transfer_complete / hmda_2019_mi / mlp / direction_adverse_005
hmda_2019_mi,mlp,hifi_erm,1005,direction_adverse_005,0.3779889712936293,False,lower,transfer_complete / hmda_2019_mi / mlp / direction_adverse_005
hmda_2019_mi,mlp,hifi_erm,1006,direction_adverse_005,0.400193965872742,False,lower,transfer_complete / hmda_2019_mi / mlp / direction_adverse_005
hmda_2019_mi,mlp,hifi_erm,1007,direction_adverse_005,0.371603025173116,False,lower,transfer_complete / hmda_2019_mi / mlp / direction_adverse_005
hmda_2019_mi,mlp,hifi_erm,1008,direction_adverse_005,0.3764071966508415,False,lower,transfer_complete / hmda_2019_mi / mlp / direction_adverse_005
hmda_2019_mi,mlp,hifi_erm,1009,direction_adverse_005,0.3836388611478802,False,lower,transfer_complete / hmda_2019_mi / mlp / direction_adverse_005
hmda_2019_mi,mlp,hifi_shared,1000,direction_adverse_005,0.2250369613758159,False,lower,transfer_complete / hmda_2019_mi / mlp / direction_adverse_005
hmda_2019_mi,mlp,hifi_shared,1001,direction_adverse_005,0.2163883070907763,False,lower,transfer_complete / hmda_2019_mi / mlp / direction_adverse_005
hmda_2019_mi,mlp,hifi_shared,1002,direction_adverse_005,0.1905149201992613,False,lower,transfer_complete / hmda_2019_mi / mlp / direction_adverse_005
hmda_2019_mi,mlp,hifi_shared,1003,direction_adverse_005,0.2534676154257776,False,lower,transfer_complete / hmda_2019_mi / mlp / direction_adverse_005
hmda_2019_mi,mlp,hifi_shared,1004,direction_adverse_005,0.2097785215023276,False,lower,transfer_complete / hmda_2019_mi / mlp / direction_adverse_005
hmda_2019_mi,mlp,hifi_shared,1005,direction_adverse_005,0.2399147559122969,False,lower,transfer_complete / hmda_2019_mi / mlp / direction_adverse_005
hmda_2019_mi,mlp,hifi_shared,1006,direction_adverse_005,0.2373859086845737,False,lower,transfer_complete / hmda_2019_mi / mlp / direction_adverse_005
hmda_2019_mi,mlp,hifi_shared,1007,direction_adverse_005,0.1654746511498825,False,lower,transfer_complete / hmda_2019_mi / mlp / direction_adverse_005
hmda_2019_mi,mlp,hifi_shared,1008,direction_adverse_005,0.3456902603734061,False,lower,transfer_complete / hmda_2019_mi / mlp / direction_adverse_005
hmda_2019_mi,mlp,hifi_shared,1009,direction_adverse_005,0.2785253911644116,False,lower,transfer_complete / hmda_2019_mi / mlp / direction_adverse_005
hmda_2019_mi,mlp,ltdd,1000,direction_adverse_005,0.2648662499847961,False,lower,transfer_complete / hmda_2019_mi / mlp / direction_adverse_005
hmda_2019_mi,mlp,ltdd,1001,direction_adverse_005,0.2793124044011849,False,lower,transfer_complete / hmda_2019_mi / mlp / direction_adverse_005
hmda_2019_mi,mlp,ltdd,1002,direction_adverse_005,0.1868920378229222,False,lower,transfer_complete / hmda_2019_mi / mlp / direction_adverse_005
hmda_2019_mi,mlp,ltdd,1003,direction_adverse_005,0.2898756033670439,False,lower,transfer_complete / hmda_2019_mi / mlp / direction_adverse_005
hmda_2019_mi,mlp,ltdd,1004,direction_adverse_005,0.2265593298017726,False,lower,transfer_complete / hmda_2019_mi / mlp / direction_adverse_005
hmda_2019_mi,mlp,ltdd,1005,direction_adverse_005,0.2797396876606219,False,lower,transfer_complete / hmda_2019_mi / mlp / direction_adverse_005
hmda_2019_mi,mlp,ltdd,1006,direction_adverse_005,0.2917624315375332,False,lower,transfer_complete / hmda_2019_mi / mlp / direction_adverse_005
hmda_2019_mi,mlp,ltdd,1007,direction_adverse_005,0.2204597612057932,False,lower,transfer_complete / hmda_2019_mi / mlp / direction_adverse_005
hmda_2019_mi,mlp,ltdd,1008,direction_adverse_005,0.2195992146549474,False,lower,transfer_complete / hmda_2019_mi / mlp / direction_adverse_005
hmda_2019_mi,mlp,ltdd,1009,direction_adverse_005,0.2648019763843019,False,lower,transfer_complete / hmda_2019_mi / mlp / direction_adverse_005
hmda_2019_mi,mlp,neufair,1000,direction_adverse_005,0.3485188356271919,False,lower,transfer_complete / hmda_2019_mi / mlp / direction_adverse_005
hmda_2019_mi,mlp,neufair,1001,direction_adverse_005,0.3039097060679449,False,lower,transfer_complete / hmda_2019_mi / mlp / direction_adverse_005
hmda_2019_mi,mlp,neufair,1002,direction_adverse_005,0.3542279817261488,False,lower,transfer_complete / hmda_2019_mi / mlp / direction_adverse_005
hmda_2019_mi,mlp,neufair,1003,direction_adverse_005,0.2955946172696798,False,lower,transfer_complete / hmda_2019_mi / mlp / direction_adverse_005
hmda_2019_mi,mlp,neufair,1004,direction_adverse_005,0.3170506718266348,False,lower,transfer_complete / hmda_2019_mi / mlp / direction_adverse_005
hmda_2019_mi,mlp,neufair,1005,direction_adverse_005,0.278941325645435,False,lower,transfer_complete / hmda_2019_mi / mlp / direction_adverse_005
hmda_2019_mi,mlp,neufair,1006,direction_adverse_005,0.3375012875873837,False,lower,transfer_complete / hmda_2019_mi / mlp / direction_adverse_005
hmda_2019_mi,mlp,neufair,1007,direction_adverse_005,0.3243680938571368,False,lower,transfer_complete / hmda_2019_mi / mlp / direction_adverse_005
hmda_2019_mi,mlp,neufair,1008,direction_adverse_005,0.5458140013512386,False,lower,transfer_complete / hmda_2019_mi / mlp / direction_adverse_005
hmda_2019_mi,mlp,neufair,1009,direction_adverse_005,0.3632851988509974,False,lower,transfer_complete / hmda_2019_mi / mlp / direction_adverse_005
hmda_2020_oh,ft,cot_phi,1000,direction_adverse_005,0.1555789896570788,False,lower,transfer_complete / hmda_2020_oh / ft / direction_adverse_005
hmda_2020_oh,ft,cot_phi,1001,direction_adverse_005,0.2111643154845332,False,lower,transfer_complete / hmda_2020_oh / ft / direction_adverse_005
hmda_2020_oh,ft,cot_phi,1002,direction_adverse_005,0.2059804315343613,False,lower,transfer_complete / hmda_2020_oh / ft / direction_adverse_005
hmda_2020_oh,ft,cot_phi,1003,direction_adverse_005,0.1564051744802863,False,lower,transfer_complete / hmda_2020_oh / ft / direction_adverse_005
hmda_2020_oh,ft,cot_phi,1004,direction_adverse_005,0.131202379131634,False,lower,transfer_complete / hmda_2020_oh / ft / direction_adverse_005
hmda_2020_oh,ft,cot_phi,1005,direction_adverse_005,0.2181735176508454,False,lower,transfer_complete / hmda_2020_oh / ft / direction_adverse_005
hmda_2020_oh,ft,cot_phi,1006,direction_adverse_005,0.1023644362833072,False,lower,transfer_complete / hmda_2020_oh / ft / direction_adverse_005
hmda_2020_oh,ft,cot_phi,1007,direction_adverse_005,0.2031325884715512,False,lower,transfer_complete / hmda_2020_oh / ft / direction_adverse_005
hmda_2020_oh,ft,cot_phi,1008,direction_adverse_005,0.1875812810856829,False,lower,transfer_complete / hmda_2020_oh / ft / direction_adverse_005
hmda_2020_oh,ft,cot_phi,1009,direction_adverse_005,0.1595476665620427,False,lower,transfer_complete / hmda_2020_oh / ft / direction_adverse_005
hmda_2020_oh,ft,hifi,1000,direction_adverse_005,0.0930507477327899,False,lower,transfer_complete / hmda_2020_oh / ft / direction_adverse_005
hmda_2020_oh,ft,hifi,1001,direction_adverse_005,0.1388541190869417,False,lower,transfer_complete / hmda_2020_oh / ft / direction_adverse_005
hmda_2020_oh,ft,hifi,1002,direction_adverse_005,0.0514088270593815,False,lower,transfer_complete / hmda_2020_oh / ft / direction_adverse_005
hmda_2020_oh,ft,hifi,1003,direction_adverse_005,0.1168016516373088,False,lower,transfer_complete / hmda_2020_oh / ft / direction_adverse_005
hmda_2020_oh,ft,hifi,1004,direction_adverse_005,0.041522549855853,False,lower,transfer_complete / hmda_2020_oh / ft / direction_adverse_005
hmda_2020_oh,ft,hifi,1005,direction_adverse_005,0.0218638418872662,False,lower,transfer_complete / hmda_2020_oh / ft / direction_adverse_005
hmda_2020_oh,ft,hifi,1006,direction_adverse_005,0.0950214998924937,False,lower,transfer_complete / hmda_2020_oh / ft / direction_adverse_005
hmda_2020_oh,ft,hifi,1007,direction_adverse_005,0.1266047821117052,False,lower,transfer_complete / hmda_2020_oh / ft / direction_adverse_005
hmda_2020_oh,ft,hifi,1008,direction_adverse_005,0.1888978087799727,False,lower,transfer_complete / hmda_2020_oh / ft / direction_adverse_005
hmda_2020_oh,ft,hifi,1009,direction_adverse_005,0.0838330151581122,False,lower,transfer_complete / hmda_2020_oh / ft / direction_adverse_005
hmda_2020_oh,ft,hifi_erm,1000,direction_adverse_005,0.0127263007173772,False,lower,transfer_complete / hmda_2020_oh / ft / direction_adverse_005
hmda_2020_oh,ft,hifi_erm,1001,direction_adverse_005,0.1919130252985423,False,lower,transfer_complete / hmda_2020_oh / ft / direction_adverse_005
hmda_2020_oh,ft,hifi_erm,1002,direction_adverse_005,0.0384511047355025,False,lower,transfer_complete / hmda_2020_oh / ft / direction_adverse_005
hmda_2020_oh,ft,hifi_erm,1003,direction_adverse_005,0.2037350226594617,False,lower,transfer_complete / hmda_2020_oh / ft / direction_adverse_005
hmda_2020_oh,ft,hifi_erm,1004,direction_adverse_005,0.275179922757322,False,lower,transfer_complete / hmda_2020_oh / ft / direction_adverse_005
hmda_2020_oh,ft,hifi_erm,1005,direction_adverse_005,0.1415133871793931,False,lower,transfer_complete / hmda_2020_oh / ft / direction_adverse_005
hmda_2020_oh,ft,hifi_erm,1006,direction_adverse_005,0.0149539086587832,False,lower,transfer_complete / hmda_2020_oh / ft / direction_adverse_005
hmda_2020_oh,ft,hifi_erm,1007,direction_adverse_005,0.2347033013651892,False,lower,transfer_complete / hmda_2020_oh / ft / direction_adverse_005
hmda_2020_oh,ft,hifi_erm,1008,direction_adverse_005,0.1822183276567616,False,lower,transfer_complete / hmda_2020_oh / ft / direction_adverse_005
hmda_2020_oh,ft,hifi_erm,1009,direction_adverse_005,0.1843548616700829,False,lower,transfer_complete / hmda_2020_oh / ft / direction_adverse_005
hmda_2020_oh,ft,hifi_shared,1000,direction_adverse_005,0.2175096396723899,False,lower,transfer_complete / hmda_2020_oh / ft / direction_adverse_005
hmda_2020_oh,ft,hifi_shared,1001,direction_adverse_005,0.2352103776548508,False,lower,transfer_complete / hmda_2020_oh / ft / direction_adverse_005
hmda_2020_oh,ft,hifi_shared,1002,direction_adverse_005,0.2063404950019456,False,lower,transfer_complete / hmda_2020_oh / ft / direction_adverse_005
hmda_2020_oh,ft,hifi_shared,1003,direction_adverse_005,0.1784794229981788,False,lower,transfer_complete / hmda_2020_oh / ft / direction_adverse_005
hmda_2020_oh,ft,hifi_shared,1004,direction_adverse_005,0.2171386491228686,False,lower,transfer_complete / hmda_2020_oh / ft / direction_adverse_005
hmda_2020_oh,ft,hifi_shared,1005,direction_adverse_005,0.2462734980202607,False,lower,transfer_complete / hmda_2020_oh / ft / direction_adverse_005
hmda_2020_oh,ft,hifi_shared,1006,direction_adverse_005,0.1176590730349865,False,lower,transfer_complete / hmda_2020_oh / ft / direction_adverse_005
hmda_2020_oh,ft,hifi_shared,1007,direction_adverse_005,0.2232331150026469,False,lower,transfer_complete / hmda_2020_oh / ft / direction_adverse_005
hmda_2020_oh,ft,hifi_shared,1008,direction_adverse_005,0.2150722451715238,False,lower,transfer_complete / hmda_2020_oh / ft / direction_adverse_005
hmda_2020_oh,ft,hifi_shared,1009,direction_adverse_005,0.201300252098702,False,lower,transfer_complete / hmda_2020_oh / ft / direction_adverse_005
hmda_2020_oh,ft,reweighing,1000,direction_adverse_005,0.1664202162475777,False,lower,transfer_complete / hmda_2020_oh / ft / direction_adverse_005
hmda_2020_oh,ft,reweighing,1001,direction_adverse_005,0.1666130912680342,False,lower,transfer_complete / hmda_2020_oh / ft / direction_adverse_005
hmda_2020_oh,ft,reweighing,1002,direction_adverse_005,0.1553565109240981,False,lower,transfer_complete / hmda_2020_oh / ft / direction_adverse_005
hmda_2020_oh,ft,reweighing,1003,direction_adverse_005,0.1304040656878617,False,lower,transfer_complete / hmda_2020_oh / ft / direction_adverse_005
hmda_2020_oh,ft,reweighing,1004,direction_adverse_005,0.1799219506522245,False,lower,transfer_complete / hmda_2020_oh / ft / direction_adverse_005
hmda_2020_oh,ft,reweighing,1005,direction_adverse_005,0.158083477661822,False,lower,transfer_complete / hmda_2020_oh / ft / direction_adverse_005
hmda_2020_oh,ft,reweighing,1006,direction_adverse_005,0.1335967553179633,False,lower,transfer_complete / hmda_2020_oh / ft / direction_adverse_005
hmda_2020_oh,ft,reweighing,1007,direction_adverse_005,0.1490581131427165,False,lower,transfer_complete / hmda_2020_oh / ft / direction_adverse_005
hmda_2020_oh,ft,reweighing,1008,direction_adverse_005,0.1420586320537416,False,lower,transfer_complete / hmda_2020_oh / ft / direction_adverse_005
hmda_2020_oh,ft,reweighing,1009,direction_adverse_005,0.1479187567463254,False,lower,transfer_complete / hmda_2020_oh / ft / direction_adverse_005
hmda_2020_oh,mlp,cot_phi,1000,direction_adverse_005,0.1708591756216018,False,lower,transfer_complete / hmda_2020_oh / mlp / direction_adverse_005
hmda_2020_oh,mlp,cot_phi,1001,direction_adverse_005,0.1659926838241131,False,lower,transfer_complete / hmda_2020_oh / mlp / direction_adverse_005
hmda_2020_oh,mlp,cot_phi,1002,direction_adverse_005,0.1584701395936475,False,lower,transfer_complete / hmda_2020_oh / mlp / direction_adverse_005
hmda_2020_oh,mlp,cot_phi,1003,direction_adverse_005,0.1946502028882995,False,lower,transfer_complete / hmda_2020_oh / mlp / direction_adverse_005
hmda_2020_oh,mlp,cot_phi,1004,direction_adverse_005,0.1686810299399334,False,lower,transfer_complete / hmda_2020_oh / mlp / direction_adverse_005
hmda_2020_oh,mlp,cot_phi,1005,direction_adverse_005,0.1675825085676974,False,lower,transfer_complete / hmda_2020_oh / mlp / direction_adverse_005
hmda_2020_oh,mlp,cot_phi,1006,direction_adverse_005,0.1718000787938547,False,lower,transfer_complete / hmda_2020_oh / mlp / direction_adverse_005
hmda_2020_oh,mlp,cot_phi,1007,direction_adverse_005,0.1753213713425756,False,lower,transfer_complete / hmda_2020_oh / mlp / direction_adverse_005
hmda_2020_oh,mlp,cot_phi,1008,direction_adverse_005,0.2307623726317388,False,lower,transfer_complete / hmda_2020_oh / mlp / direction_adverse_005
hmda_2020_oh,mlp,cot_phi,1009,direction_adverse_005,0.1825807092575742,False,lower,transfer_complete / hmda_2020_oh / mlp / direction_adverse_005
hmda_2020_oh,mlp,dralign,1000,direction_adverse_005,0.2462242241079,False,lower,transfer_complete / hmda_2020_oh / mlp / direction_adverse_005
hmda_2020_oh,mlp,dralign,1001,direction_adverse_005,0.2573760159917866,False,lower,transfer_complete / hmda_2020_oh / mlp / direction_adverse_005
hmda_2020_oh,mlp,dralign,1002,direction_adverse_005,0.2194624823650345,False,lower,transfer_complete / hmda_2020_oh / mlp / direction_adverse_005
hmda_2020_oh,mlp,dralign,1003,direction_adverse_005,0.2254099167822724,False,lower,transfer_complete / hmda_2020_oh / mlp / direction_adverse_005
hmda_2020_oh,mlp,dralign,1004,direction_adverse_005,0.2319225788793858,False,lower,transfer_complete / hmda_2020_oh / mlp / direction_adverse_005
hmda_2020_oh,mlp,dralign,1005,direction_adverse_005,0.2277665114037963,False,lower,transfer_complete / hmda_2020_oh / mlp / direction_adverse_005
hmda_2020_oh,mlp,dralign,1006,direction_adverse_005,0.2267784511259908,False,lower,transfer_complete / hmda_2020_oh / mlp / direction_adverse_005
hmda_2020_oh,mlp,dralign,1007,direction_adverse_005,0.1912878577640557,False,lower,transfer_complete / hmda_2020_oh / mlp / direction_adverse_005
hmda_2020_oh,mlp,dralign,1008,direction_adverse_005,0.3426702633178041,False,lower,transfer_complete / hmda_2020_oh / mlp / direction_adverse_005
hmda_2020_oh,mlp,dralign,1009,direction_adverse_005,0.2330492305677941,False,lower,transfer_complete / hmda_2020_oh / mlp / direction_adverse_005
hmda_2020_oh,mlp,hifi,1000,direction_adverse_005,0.299033021420456,False,lower,transfer_complete / hmda_2020_oh / mlp / direction_adverse_005
hmda_2020_oh,mlp,hifi,1001,direction_adverse_005,0.3199904577765095,False,lower,transfer_complete / hmda_2020_oh / mlp / direction_adverse_005
hmda_2020_oh,mlp,hifi,1002,direction_adverse_005,0.2899959769351476,False,lower,transfer_complete / hmda_2020_oh / mlp / direction_adverse_005
hmda_2020_oh,mlp,hifi,1003,direction_adverse_005,0.2641554139721454,False,lower,transfer_complete / hmda_2020_oh / mlp / direction_adverse_005
hmda_2020_oh,mlp,hifi,1004,direction_adverse_005,0.2454696627778869,False,lower,transfer_complete / hmda_2020_oh / mlp / direction_adverse_005
hmda_2020_oh,mlp,hifi,1005,direction_adverse_005,0.3252145447693773,False,lower,transfer_complete / hmda_2020_oh / mlp / direction_adverse_005
hmda_2020_oh,mlp,hifi,1006,direction_adverse_005,0.3574513358283141,False,lower,transfer_complete / hmda_2020_oh / mlp / direction_adverse_005
hmda_2020_oh,mlp,hifi,1007,direction_adverse_005,0.3336145217751405,False,lower,transfer_complete / hmda_2020_oh / mlp / direction_adverse_005
hmda_2020_oh,mlp,hifi,1008,direction_adverse_005,0.2999121818483736,False,lower,transfer_complete / hmda_2020_oh / mlp / direction_adverse_005
hmda_2020_oh,mlp,hifi,1009,direction_adverse_005,0.3073820565124766,False,lower,transfer_complete / hmda_2020_oh / mlp / direction_adverse_005
hmda_2020_oh,mlp,hifi_erm,1000,direction_adverse_005,0.4045419344848099,False,lower,transfer_complete / hmda_2020_oh / mlp / direction_adverse_005
hmda_2020_oh,mlp,hifi_erm,1001,direction_adverse_005,0.299343255852408,False,lower,transfer_complete / hmda_2020_oh / mlp / direction_adverse_005
hmda_2020_oh,mlp,hifi_erm,1002,direction_adverse_005,0.3116341640343579,False,lower,transfer_complete / hmda_2020_oh / mlp / direction_adverse_005
hmda_2020_oh,mlp,hifi_erm,1003,direction_adverse_005,0.299289266800024,False,lower,transfer_complete / hmda_2020_oh / mlp / direction_adverse_005
hmda_2020_oh,mlp,hifi_erm,1004,direction_adverse_005,0.2776068676639178,False,lower,transfer_complete / hmda_2020_oh / mlp / direction_adverse_005
hmda_2020_oh,mlp,hifi_erm,1005,direction_adverse_005,0.3440947384455816,False,lower,transfer_complete / hmda_2020_oh / mlp / direction_adverse_005
hmda_2020_oh,mlp,hifi_erm,1006,direction_adverse_005,0.3508891281584743,False,lower,transfer_complete / hmda_2020_oh / mlp / direction_adverse_005
hmda_2020_oh,mlp,hifi_erm,1007,direction_adverse_005,0.3336765911242707,False,lower,transfer_complete / hmda_2020_oh / mlp / direction_adverse_005
hmda_2020_oh,mlp,hifi_erm,1008,direction_adverse_005,0.3149602374537483,False,lower,transfer_complete / hmda_2020_oh / mlp / direction_adverse_005
hmda_2020_oh,mlp,hifi_erm,1009,direction_adverse_005,0.3432243858216581,False,lower,transfer_complete / hmda_2020_oh / mlp / direction_adverse_005
hmda_2020_oh,mlp,hifi_shared,1000,direction_adverse_005,0.2000150494512424,False,lower,transfer_complete / hmda_2020_oh / mlp / direction_adverse_005
hmda_2020_oh,mlp,hifi_shared,1001,direction_adverse_005,0.2091609063301492,False,lower,transfer_complete / hmda_2020_oh / mlp / direction_adverse_005
hmda_2020_oh,mlp,hifi_shared,1002,direction_adverse_005,0.1845632653608388,False,lower,transfer_complete / hmda_2020_oh / mlp / direction_adverse_005
hmda_2020_oh,mlp,hifi_shared,1003,direction_adverse_005,0.2394190642931631,False,lower,transfer_complete / hmda_2020_oh / mlp / direction_adverse_005
hmda_2020_oh,mlp,hifi_shared,1004,direction_adverse_005,0.1915357936834792,False,lower,transfer_complete / hmda_2020_oh / mlp / direction_adverse_005
hmda_2020_oh,mlp,hifi_shared,1005,direction_adverse_005,0.2062767665191026,False,lower,transfer_complete / hmda_2020_oh / mlp / direction_adverse_005
hmda_2020_oh,mlp,hifi_shared,1006,direction_adverse_005,0.2167104652346139,False,lower,transfer_complete / hmda_2020_oh / mlp / direction_adverse_005
hmda_2020_oh,mlp,hifi_shared,1007,direction_adverse_005,0.1436340904757158,False,lower,transfer_complete / hmda_2020_oh / mlp / direction_adverse_005
hmda_2020_oh,mlp,hifi_shared,1008,direction_adverse_005,0.2986675270802048,False,lower,transfer_complete / hmda_2020_oh / mlp / direction_adverse_005
hmda_2020_oh,mlp,hifi_shared,1009,direction_adverse_005,0.2707493768769253,False,lower,transfer_complete / hmda_2020_oh / mlp / direction_adverse_005
hmda_2020_oh,mlp,ltdd,1000,direction_adverse_005,0.245635583248897,False,lower,transfer_complete / hmda_2020_oh / mlp / direction_adverse_005
hmda_2020_oh,mlp,ltdd,1001,direction_adverse_005,0.2481646417697472,False,lower,transfer_complete / hmda_2020_oh / mlp / direction_adverse_005
hmda_2020_oh,mlp,ltdd,1002,direction_adverse_005,0.1830506526480382,False,lower,transfer_complete / hmda_2020_oh / mlp / direction_adverse_005
hmda_2020_oh,mlp,ltdd,1003,direction_adverse_005,0.2517204306209771,False,lower,transfer_complete / hmda_2020_oh / mlp / direction_adverse_005
hmda_2020_oh,mlp,ltdd,1004,direction_adverse_005,0.2086225761289659,False,lower,transfer_complete / hmda_2020_oh / mlp / direction_adverse_005
hmda_2020_oh,mlp,ltdd,1005,direction_adverse_005,0.2467226152962476,False,lower,transfer_complete / hmda_2020_oh / mlp / direction_adverse_005
hmda_2020_oh,mlp,ltdd,1006,direction_adverse_005,0.26142828174424,False,lower,transfer_complete / hmda_2020_oh / mlp / direction_adverse_005
hmda_2020_oh,mlp,ltdd,1007,direction_adverse_005,0.2163797994000312,False,lower,transfer_complete / hmda_2020_oh / mlp / direction_adverse_005
hmda_2020_oh,mlp,ltdd,1008,direction_adverse_005,0.1921988573928053,False,lower,transfer_complete / hmda_2020_oh / mlp / direction_adverse_005
hmda_2020_oh,mlp,ltdd,1009,direction_adverse_005,0.2340218323895203,False,lower,transfer_complete / hmda_2020_oh / mlp / direction_adverse_005
hmda_2020_oh,mlp,neufair,1000,direction_adverse_005,0.3275995561287959,False,lower,transfer_complete / hmda_2020_oh / mlp / direction_adverse_005
hmda_2020_oh,mlp,neufair,1001,direction_adverse_005,0.2960989462295918,False,lower,transfer_complete / hmda_2020_oh / mlp / direction_adverse_005
hmda_2020_oh,mlp,neufair,1002,direction_adverse_005,0.3325236403236983,False,lower,transfer_complete / hmda_2020_oh / mlp / direction_adverse_005
hmda_2020_oh,mlp,neufair,1003,direction_adverse_005,0.2760918378168682,False,lower,transfer_complete / hmda_2020_oh / mlp / direction_adverse_005
hmda_2020_oh,mlp,neufair,1004,direction_adverse_005,0.3047444821365557,False,lower,transfer_complete / hmda_2020_oh / mlp / direction_adverse_005
hmda_2020_oh,mlp,neufair,1005,direction_adverse_005,0.226768499808524,False,lower,transfer_complete / hmda_2020_oh / mlp / direction_adverse_005
hmda_2020_oh,mlp,neufair,1006,direction_adverse_005,0.3084347720307527,False,lower,transfer_complete / hmda_2020_oh / mlp / direction_adverse_005
hmda_2020_oh,mlp,neufair,1007,direction_adverse_005,0.29836127289157,False,lower,transfer_complete / hmda_2020_oh / mlp / direction_adverse_005
hmda_2020_oh,mlp,neufair,1008,direction_adverse_005,0.4858272508640931,False,lower,transfer_complete / hmda_2020_oh / mlp / direction_adverse_005
hmda_2020_oh,mlp,neufair,1009,direction_adverse_005,0.3394515600394567,False,lower,transfer_complete / hmda_2020_oh / mlp / direction_adverse_005
hmda_2019_mi,ft,erm,1000,direction_adverse_005,0.2827065492498088,False,lower,transfer_complete / hmda_2019_mi / ft / direction_adverse_005
hmda_2019_mi,ft,soft,1000,direction_adverse_005,0.0,False,lower,transfer_complete / hmda_2019_mi / ft / direction_adverse_005
hmda_2019_mi,ft,erm,1001,direction_adverse_005,0.2583288795233682,False,lower,transfer_complete / hmda_2019_mi / ft / direction_adverse_005
hmda_2019_mi,ft,soft,1001,direction_adverse_005,0.0029221771388972,False,lower,transfer_complete / hmda_2019_mi / ft / direction_adverse_005
hmda_2019_mi,ft,erm,1002,direction_adverse_005,0.2476883774895664,False,lower,transfer_complete / hmda_2019_mi / ft / direction_adverse_005
hmda_2019_mi,ft,soft,1002,direction_adverse_005,0.0007485029940119,False,lower,transfer_complete / hmda_2019_mi / ft / direction_adverse_005
hmda_2019_mi,ft,erm,1003,direction_adverse_005,0.2982402332413184,False,lower,transfer_complete / hmda_2019_mi / ft / direction_adverse_005
hmda_2019_mi,ft,soft,1003,direction_adverse_005,0.0022039254823685,False,lower,transfer_complete / hmda_2019_mi / ft / direction_adverse_005
hmda_2019_mi,ft,erm,1004,direction_adverse_005,0.2037732852664833,False,lower,transfer_complete / hmda_2019_mi / ft / direction_adverse_005
hmda_2019_mi,ft,soft,1004,direction_adverse_005,0.002145162079298,False,lower,transfer_complete / hmda_2019_mi / ft / direction_adverse_005
hmda_2019_mi,ft,erm,1005,direction_adverse_005,0.2944832815369663,False,lower,transfer_complete / hmda_2019_mi / ft / direction_adverse_005
hmda_2019_mi,ft,soft,1005,direction_adverse_005,0.0003274394237066,False,lower,transfer_complete / hmda_2019_mi / ft / direction_adverse_005
hmda_2019_mi,ft,erm,1006,direction_adverse_005,0.2146322395948057,False,lower,transfer_complete / hmda_2019_mi / ft / direction_adverse_005
hmda_2019_mi,ft,soft,1006,direction_adverse_005,0.0011227544910179,False,lower,transfer_complete / hmda_2019_mi / ft / direction_adverse_005
hmda_2019_mi,ft,erm,1007,direction_adverse_005,0.245230052203814,False,lower,transfer_complete / hmda_2019_mi / ft / direction_adverse_005
hmda_2019_mi,ft,soft,1007,direction_adverse_005,0.0004990019960079,False,lower,transfer_complete / hmda_2019_mi / ft / direction_adverse_005
hmda_2019_mi,ft,erm,1008,direction_adverse_005,0.2575010535243544,False,lower,transfer_complete / hmda_2019_mi / ft / direction_adverse_005
hmda_2019_mi,ft,soft,1008,direction_adverse_005,0.0008185985592665,False,lower,transfer_complete / hmda_2019_mi / ft / direction_adverse_005
hmda_2019_mi,ft,erm,1009,direction_adverse_005,0.2327622540097344,False,lower,transfer_complete / hmda_2019_mi / ft / direction_adverse_005
hmda_2019_mi,ft,soft,1009,direction_adverse_005,0.0064118286677405,False,lower,transfer_complete / hmda_2019_mi / ft / direction_adverse_005
hmda_2019_mi,mlp,erm,1000,direction_adverse_005,0.2426295239455796,False,lower,transfer_complete / hmda_2019_mi / mlp / direction_adverse_005
hmda_2019_mi,mlp,soft,1000,direction_adverse_005,0.0039640048391982,False,lower,transfer_complete / hmda_2019_mi / mlp / direction_adverse_005
hmda_2019_mi,mlp,erm,1001,direction_adverse_005,0.339349531168135,False,lower,transfer_complete / hmda_2019_mi / mlp / direction_adverse_005
hmda_2019_mi,mlp,soft,1001,direction_adverse_005,0.0095175197087103,False,lower,transfer_complete / hmda_2019_mi / mlp / direction_adverse_005
hmda_2019_mi,mlp,erm,1002,direction_adverse_005,0.2618712468932486,False,lower,transfer_complete / hmda_2019_mi / mlp / direction_adverse_005
hmda_2019_mi,mlp,soft,1002,direction_adverse_005,0.0013722554890219,False,lower,transfer_complete / hmda_2019_mi / mlp / direction_adverse_005
hmda_2019_mi,mlp,erm,1003,direction_adverse_005,0.2506807705548697,False,lower,transfer_complete / hmda_2019_mi / mlp / direction_adverse_005
hmda_2019_mi,mlp,soft,1003,direction_adverse_005,0.0040598702595577,False,lower,transfer_complete / hmda_2019_mi / mlp / direction_adverse_005
hmda_2019_mi,mlp,erm,1004,direction_adverse_005,0.2138195972083091,False,lower,transfer_complete / hmda_2019_mi / mlp / direction_adverse_005
hmda_2019_mi,mlp,soft,1004,direction_adverse_005,0.0067295580354366,False,lower,transfer_complete / hmda_2019_mi / mlp / direction_adverse_005
hmda_2019_mi,mlp,erm,1005,direction_adverse_005,0.2212081578985404,False,lower,transfer_complete / hmda_2019_mi / mlp / direction_adverse_005
hmda_2019_mi,mlp,soft,1005,direction_adverse_005,0.0031187624750499,False,lower,transfer_complete / hmda_2019_mi / mlp / direction_adverse_005
hmda_2019_mi,mlp,erm,1006,direction_adverse_005,0.2679873655736148,False,lower,transfer_complete / hmda_2019_mi / mlp / direction_adverse_005
hmda_2019_mi,mlp,soft,1006,direction_adverse_005,0.0031450332668764,False,lower,transfer_complete / hmda_2019_mi / mlp / direction_adverse_005
hmda_2019_mi,mlp,erm,1007,direction_adverse_005,0.2135422055491053,False,lower,transfer_complete / hmda_2019_mi / mlp / direction_adverse_005
hmda_2019_mi,mlp,soft,1007,direction_adverse_005,0.0109557612285207,False,lower,transfer_complete / hmda_2019_mi / mlp / direction_adverse_005
hmda_2019_mi,mlp,erm,1008,direction_adverse_005,0.2877813532027107,False,lower,transfer_complete / hmda_2019_mi / mlp / direction_adverse_005
hmda_2019_mi,mlp,soft,1008,direction_adverse_005,0.0065688256234547,False,lower,transfer_complete / hmda_2019_mi / mlp / direction_adverse_005
hmda_2019_mi,mlp,erm,1009,direction_adverse_005,0.2334712783330299,False,lower,transfer_complete / hmda_2019_mi / mlp / direction_adverse_005
hmda_2019_mi,mlp,soft,1009,direction_adverse_005,0.010811963630553,False,lower,transfer_complete / hmda_2019_mi / mlp / direction_adverse_005
hmda_2020_oh,ft,erm,1000,direction_adverse_005,0.246614379890193,False,lower,transfer_complete / hmda_2020_oh / ft / direction_adverse_005
hmda_2020_oh,ft,soft,1000,direction_adverse_005,0.0,False,lower,transfer_complete / hmda_2020_oh / ft / direction_adverse_005
hmda_2020_oh,ft,erm,1001,direction_adverse_005,0.2270699135907331,False,lower,transfer_complete / hmda_2020_oh / ft / direction_adverse_005
hmda_2020_oh,ft,soft,1001,direction_adverse_005,0.0024412633882882,False,lower,transfer_complete / hmda_2020_oh / ft / direction_adverse_005
hmda_2020_oh,ft,erm,1002,direction_adverse_005,0.2214590834147243,False,lower,transfer_complete / hmda_2020_oh / ft / direction_adverse_005
hmda_2020_oh,ft,soft,1002,direction_adverse_005,0.0001542257865515,False,lower,transfer_complete / hmda_2020_oh / ft / direction_adverse_005
hmda_2020_oh,ft,erm,1003,direction_adverse_005,0.2722555165592089,False,lower,transfer_complete / hmda_2020_oh / ft / direction_adverse_005
hmda_2020_oh,ft,soft,1003,direction_adverse_005,0.0010308967460602,False,lower,transfer_complete / hmda_2020_oh / ft / direction_adverse_005
hmda_2020_oh,ft,erm,1004,direction_adverse_005,0.1907118264567998,False,lower,transfer_complete / hmda_2020_oh / ft / direction_adverse_005
hmda_2020_oh,ft,soft,1004,direction_adverse_005,0.0015492110631555,False,lower,transfer_complete / hmda_2020_oh / ft / direction_adverse_005
hmda_2020_oh,ft,erm,1005,direction_adverse_005,0.2709271689627467,False,lower,transfer_complete / hmda_2020_oh / ft / direction_adverse_005
hmda_2020_oh,ft,soft,1005,direction_adverse_005,0.0004673128247481,False,lower,transfer_complete / hmda_2020_oh / ft / direction_adverse_005
hmda_2020_oh,ft,erm,1006,direction_adverse_005,0.1858938647897367,False,lower,transfer_complete / hmda_2020_oh / ft / direction_adverse_005
hmda_2020_oh,ft,soft,1006,direction_adverse_005,0.0004111842105263,False,lower,transfer_complete / hmda_2020_oh / ft / direction_adverse_005
hmda_2020_oh,ft,erm,1007,direction_adverse_005,0.2354409408981174,False,lower,transfer_complete / hmda_2020_oh / ft / direction_adverse_005
hmda_2020_oh,ft,soft,1007,direction_adverse_005,0.0001542257865515,False,lower,transfer_complete / hmda_2020_oh / ft / direction_adverse_005
hmda_2020_oh,ft,erm,1008,direction_adverse_005,0.233246861209862,False,lower,transfer_complete / hmda_2020_oh / ft / direction_adverse_005
hmda_2020_oh,ft,soft,1008,direction_adverse_005,0.0003107693056498,False,lower,transfer_complete / hmda_2020_oh / ft / direction_adverse_005
hmda_2020_oh,ft,erm,1009,direction_adverse_005,0.2124144591188077,False,lower,transfer_complete / hmda_2020_oh / ft / direction_adverse_005
hmda_2020_oh,ft,soft,1009,direction_adverse_005,0.0037144825103135,False,lower,transfer_complete / hmda_2020_oh / ft / direction_adverse_005
hmda_2020_oh,mlp,erm,1000,direction_adverse_005,0.2237763606158908,False,lower,transfer_complete / hmda_2020_oh / mlp / direction_adverse_005
hmda_2020_oh,mlp,soft,1000,direction_adverse_005,0.001710530598706,False,lower,transfer_complete / hmda_2020_oh / mlp / direction_adverse_005
hmda_2020_oh,mlp,erm,1001,direction_adverse_005,0.3088349728468496,False,lower,transfer_complete / hmda_2020_oh / mlp / direction_adverse_005
hmda_2020_oh,mlp,soft,1001,direction_adverse_005,0.0076341766346404,False,lower,transfer_complete / hmda_2020_oh / mlp / direction_adverse_005
hmda_2020_oh,mlp,erm,1002,direction_adverse_005,0.222940055817098,False,lower,transfer_complete / hmda_2020_oh / mlp / direction_adverse_005
hmda_2020_oh,mlp,soft,1002,direction_adverse_005,0.0008738615701808,False,lower,transfer_complete / hmda_2020_oh / mlp / direction_adverse_005
hmda_2020_oh,mlp,erm,1003,direction_adverse_005,0.2321390834804274,False,lower,transfer_complete / hmda_2020_oh / mlp / direction_adverse_005
hmda_2020_oh,mlp,soft,1003,direction_adverse_005,0.0055050169709866,False,lower,transfer_complete / hmda_2020_oh / mlp / direction_adverse_005
hmda_2020_oh,mlp,erm,1004,direction_adverse_005,0.1859958739155512,False,lower,transfer_complete / hmda_2020_oh / mlp / direction_adverse_005
hmda_2020_oh,mlp,soft,1004,direction_adverse_005,0.0042484161889807,False,lower,transfer_complete / hmda_2020_oh / mlp / direction_adverse_005
hmda_2020_oh,mlp,erm,1005,direction_adverse_005,0.1967905243661208,False,lower,transfer_complete / hmda_2020_oh / mlp / direction_adverse_005
hmda_2020_oh,mlp,soft,1005,direction_adverse_005,0.0018507094386181,False,lower,transfer_complete / hmda_2020_oh / mlp / direction_adverse_005
hmda_2020_oh,mlp,erm,1006,direction_adverse_005,0.2367411568805829,False,lower,transfer_complete / hmda_2020_oh / mlp / direction_adverse_005
hmda_2020_oh,mlp,soft,1006,direction_adverse_005,0.0032438686394564,False,lower,transfer_complete / hmda_2020_oh / mlp / direction_adverse_005
hmda_2020_oh,mlp,erm,1007,direction_adverse_005,0.200260215345488,False,lower,transfer_complete / hmda_2020_oh / mlp / direction_adverse_005
hmda_2020_oh,mlp,soft,1007,direction_adverse_005,0.0073358661958123,False,lower,transfer_complete / hmda_2020_oh / mlp / direction_adverse_005
hmda_2020_oh,mlp,erm,1008,direction_adverse_005,0.26079630537633,False,lower,transfer_complete / hmda_2020_oh / mlp / direction_adverse_005
hmda_2020_oh,mlp,soft,1008,direction_adverse_005,0.0064078151966498,False,lower,transfer_complete / hmda_2020_oh / mlp / direction_adverse_005
hmda_2020_oh,mlp,erm,1009,direction_adverse_005,0.226112285952176,False,lower,transfer_complete / hmda_2020_oh / mlp / direction_adverse_005
hmda_2020_oh,mlp,soft,1009,direction_adverse_005,0.007817241632085,False,lower,transfer_complete / hmda_2020_oh / mlp / direction_adverse_005
hmda_2019_mi,ft,cot_phi,1000,direction_both_adverse_005,0.1083152281828694,False,lower,transfer_complete / hmda_2019_mi / ft / direction_both_adverse_005
hmda_2019_mi,ft,cot_phi,1001,direction_both_adverse_005,0.1101502630326164,False,lower,transfer_complete / hmda_2019_mi / ft / direction_both_adverse_005
hmda_2019_mi,ft,cot_phi,1002,direction_both_adverse_005,0.1601323826699172,False,lower,transfer_complete / hmda_2019_mi / ft / direction_both_adverse_005
hmda_2019_mi,ft,cot_phi,1003,direction_both_adverse_005,0.1049267814228826,False,lower,transfer_complete / hmda_2019_mi / ft / direction_both_adverse_005
hmda_2019_mi,ft,cot_phi,1004,direction_both_adverse_005,0.076777501921096,False,lower,transfer_complete / hmda_2019_mi / ft / direction_both_adverse_005
hmda_2019_mi,ft,cot_phi,1005,direction_both_adverse_005,0.1047614396048558,False,lower,transfer_complete / hmda_2019_mi / ft / direction_both_adverse_005
hmda_2019_mi,ft,cot_phi,1006,direction_both_adverse_005,0.0532818021783515,False,lower,transfer_complete / hmda_2019_mi / ft / direction_both_adverse_005
hmda_2019_mi,ft,cot_phi,1007,direction_both_adverse_005,0.1065352310792401,False,lower,transfer_complete / hmda_2019_mi / ft / direction_both_adverse_005
hmda_2019_mi,ft,cot_phi,1008,direction_both_adverse_005,0.1371304747765214,False,lower,transfer_complete / hmda_2019_mi / ft / direction_both_adverse_005
hmda_2019_mi,ft,cot_phi,1009,direction_both_adverse_005,0.0993086607347953,False,lower,transfer_complete / hmda_2019_mi / ft / direction_both_adverse_005
hmda_2019_mi,ft,hifi,1000,direction_both_adverse_005,0.0610118817776418,False,lower,transfer_complete / hmda_2019_mi / ft / direction_both_adverse_005
hmda_2019_mi,ft,hifi,1001,direction_both_adverse_005,0.0719592854686491,False,lower,transfer_complete / hmda_2019_mi / ft / direction_both_adverse_005
hmda_2019_mi,ft,hifi,1002,direction_both_adverse_005,0.0196559293407968,False,lower,transfer_complete / hmda_2019_mi / ft / direction_both_adverse_005
hmda_2019_mi,ft,hifi,1003,direction_both_adverse_005,0.0618221225863663,False,lower,transfer_complete / hmda_2019_mi / ft / direction_both_adverse_005
hmda_2019_mi,ft,hifi,1004,direction_both_adverse_005,0.0066419106188664,False,lower,transfer_complete / hmda_2019_mi / ft / direction_both_adverse_005
hmda_2019_mi,ft,hifi,1005,direction_both_adverse_005,0.0018462347211786,False,lower,transfer_complete / hmda_2019_mi / ft / direction_both_adverse_005
hmda_2019_mi,ft,hifi,1006,direction_both_adverse_005,0.0654804589908475,False,lower,transfer_complete / hmda_2019_mi / ft / direction_both_adverse_005
hmda_2019_mi,ft,hifi,1007,direction_both_adverse_005,0.0471892024930432,False,lower,transfer_complete / hmda_2019_mi / ft / direction_both_adverse_005
hmda_2019_mi,ft,hifi,1008,direction_both_adverse_005,0.1019935257323339,False,lower,transfer_complete / hmda_2019_mi / ft / direction_both_adverse_005
hmda_2019_mi,ft,hifi,1009,direction_both_adverse_005,0.0214531117800583,False,lower,transfer_complete / hmda_2019_mi / ft / direction_both_adverse_005
hmda_2019_mi,ft,hifi_erm,1000,direction_both_adverse_005,0.0108981211251878,False,lower,transfer_complete / hmda_2019_mi / ft / direction_both_adverse_005
hmda_2019_mi,ft,hifi_erm,1001,direction_both_adverse_005,0.0824130205473451,False,lower,transfer_complete / hmda_2019_mi / ft / direction_both_adverse_005
hmda_2019_mi,ft,hifi_erm,1002,direction_both_adverse_005,0.0061341896823476,False,lower,transfer_complete / hmda_2019_mi / ft / direction_both_adverse_005
hmda_2019_mi,ft,hifi_erm,1003,direction_both_adverse_005,0.0857915746858225,False,lower,transfer_complete / hmda_2019_mi / ft / direction_both_adverse_005
hmda_2019_mi,ft,hifi_erm,1004,direction_both_adverse_005,0.1223458045150604,False,lower,transfer_complete / hmda_2019_mi / ft / direction_both_adverse_005
hmda_2019_mi,ft,hifi_erm,1005,direction_both_adverse_005,0.0738272017068109,False,lower,transfer_complete / hmda_2019_mi / ft / direction_both_adverse_005
hmda_2019_mi,ft,hifi_erm,1006,direction_both_adverse_005,0.0080592389092916,False,lower,transfer_complete / hmda_2019_mi / ft / direction_both_adverse_005
hmda_2019_mi,ft,hifi_erm,1007,direction_both_adverse_005,0.1149669822136417,False,lower,transfer_complete / hmda_2019_mi / ft / direction_both_adverse_005
hmda_2019_mi,ft,hifi_erm,1008,direction_both_adverse_005,0.1155897242075506,False,lower,transfer_complete / hmda_2019_mi / ft / direction_both_adverse_005
hmda_2019_mi,ft,hifi_erm,1009,direction_both_adverse_005,0.0471961639477137,False,lower,transfer_complete / hmda_2019_mi / ft / direction_both_adverse_005
hmda_2019_mi,ft,hifi_shared,1000,direction_both_adverse_005,0.1541162304232331,False,lower,transfer_complete / hmda_2019_mi / ft / direction_both_adverse_005
hmda_2019_mi,ft,hifi_shared,1001,direction_both_adverse_005,0.1576654291938318,False,lower,transfer_complete / hmda_2019_mi / ft / direction_both_adverse_005
hmda_2019_mi,ft,hifi_shared,1002,direction_both_adverse_005,0.1491237446572622,False,lower,transfer_complete / hmda_2019_mi / ft / direction_both_adverse_005
hmda_2019_mi,ft,hifi_shared,1003,direction_both_adverse_005,0.1178278957394604,False,lower,transfer_complete / hmda_2019_mi / ft / direction_both_adverse_005
hmda_2019_mi,ft,hifi_shared,1004,direction_both_adverse_005,0.1432386722019196,False,lower,transfer_complete / hmda_2019_mi / ft / direction_both_adverse_005
hmda_2019_mi,ft,hifi_shared,1005,direction_both_adverse_005,0.1541990534879145,False,lower,transfer_complete / hmda_2019_mi / ft / direction_both_adverse_005
hmda_2019_mi,ft,hifi_shared,1006,direction_both_adverse_005,0.0960958979046625,False,lower,transfer_complete / hmda_2019_mi / ft / direction_both_adverse_005
hmda_2019_mi,ft,hifi_shared,1007,direction_both_adverse_005,0.169126754763974,False,lower,transfer_complete / hmda_2019_mi / ft / direction_both_adverse_005
hmda_2019_mi,ft,hifi_shared,1008,direction_both_adverse_005,0.1520015691378935,False,lower,transfer_complete / hmda_2019_mi / ft / direction_both_adverse_005
hmda_2019_mi,ft,hifi_shared,1009,direction_both_adverse_005,0.1353848643213006,False,lower,transfer_complete / hmda_2019_mi / ft / direction_both_adverse_005
hmda_2019_mi,ft,reweighing,1000,direction_both_adverse_005,0.1608466634735897,False,lower,transfer_complete / hmda_2019_mi / ft / direction_both_adverse_005
hmda_2019_mi,ft,reweighing,1001,direction_both_adverse_005,0.158801744232565,False,lower,transfer_complete / hmda_2019_mi / ft / direction_both_adverse_005
hmda_2019_mi,ft,reweighing,1002,direction_both_adverse_005,0.1495267543743873,False,lower,transfer_complete / hmda_2019_mi / ft / direction_both_adverse_005
hmda_2019_mi,ft,reweighing,1003,direction_both_adverse_005,0.1299466307235973,False,lower,transfer_complete / hmda_2019_mi / ft / direction_both_adverse_005
hmda_2019_mi,ft,reweighing,1004,direction_both_adverse_005,0.1655219619231033,False,lower,transfer_complete / hmda_2019_mi / ft / direction_both_adverse_005
hmda_2019_mi,ft,reweighing,1005,direction_both_adverse_005,0.1358785087548673,False,lower,transfer_complete / hmda_2019_mi / ft / direction_both_adverse_005
hmda_2019_mi,ft,reweighing,1006,direction_both_adverse_005,0.1331236523630531,False,lower,transfer_complete / hmda_2019_mi / ft / direction_both_adverse_005
hmda_2019_mi,ft,reweighing,1007,direction_both_adverse_005,0.1391596268132156,False,lower,transfer_complete / hmda_2019_mi / ft / direction_both_adverse_005
hmda_2019_mi,ft,reweighing,1008,direction_both_adverse_005,0.1407084133402666,False,lower,transfer_complete / hmda_2019_mi / ft / direction_both_adverse_005
hmda_2019_mi,ft,reweighing,1009,direction_both_adverse_005,0.1169727035556272,False,lower,transfer_complete / hmda_2019_mi / ft / direction_both_adverse_005
hmda_2019_mi,mlp,cot_phi,1000,direction_both_adverse_005,0.0914881099185038,False,lower,transfer_complete / hmda_2019_mi / mlp / direction_both_adverse_005
hmda_2019_mi,mlp,cot_phi,1001,direction_both_adverse_005,0.1141400419874913,False,lower,transfer_complete / hmda_2019_mi / mlp / direction_both_adverse_005
hmda_2019_mi,mlp,cot_phi,1002,direction_both_adverse_005,0.090370964576688,False,lower,transfer_complete / hmda_2019_mi / mlp / direction_both_adverse_005
hmda_2019_mi,mlp,cot_phi,1003,direction_both_adverse_005,0.1159423208161468,False,lower,transfer_complete / hmda_2019_mi / mlp / direction_both_adverse_005
hmda_2019_mi,mlp,cot_phi,1004,direction_both_adverse_005,0.0874551296183598,False,lower,transfer_complete / hmda_2019_mi / mlp / direction_both_adverse_005
hmda_2019_mi,mlp,cot_phi,1005,direction_both_adverse_005,0.0767940669174837,False,lower,transfer_complete / hmda_2019_mi / mlp / direction_both_adverse_005
hmda_2019_mi,mlp,cot_phi,1006,direction_both_adverse_005,0.099812175528384,False,lower,transfer_complete / hmda_2019_mi / mlp / direction_both_adverse_005
hmda_2019_mi,mlp,cot_phi,1007,direction_both_adverse_005,0.1090291262806859,False,lower,transfer_complete / hmda_2019_mi / mlp / direction_both_adverse_005
hmda_2019_mi,mlp,cot_phi,1008,direction_both_adverse_005,0.1222571563967042,False,lower,transfer_complete / hmda_2019_mi / mlp / direction_both_adverse_005
hmda_2019_mi,mlp,cot_phi,1009,direction_both_adverse_005,0.0993405438712528,False,lower,transfer_complete / hmda_2019_mi / mlp / direction_both_adverse_005
hmda_2019_mi,mlp,dralign,1000,direction_both_adverse_005,0.1474144643102463,False,lower,transfer_complete / hmda_2019_mi / mlp / direction_both_adverse_005
hmda_2019_mi,mlp,dralign,1001,direction_both_adverse_005,0.131036547603575,False,lower,transfer_complete / hmda_2019_mi / mlp / direction_both_adverse_005
hmda_2019_mi,mlp,dralign,1002,direction_both_adverse_005,0.1640589738310043,False,lower,transfer_complete / hmda_2019_mi / mlp / direction_both_adverse_005
hmda_2019_mi,mlp,dralign,1003,direction_both_adverse_005,0.142368891820469,False,lower,transfer_complete / hmda_2019_mi / mlp / direction_both_adverse_005
hmda_2019_mi,mlp,dralign,1004,direction_both_adverse_005,0.1708978126555337,False,lower,transfer_complete / hmda_2019_mi / mlp / direction_both_adverse_005
hmda_2019_mi,mlp,dralign,1005,direction_both_adverse_005,0.1440308870642087,False,lower,transfer_complete / hmda_2019_mi / mlp / direction_both_adverse_005
hmda_2019_mi,mlp,dralign,1006,direction_both_adverse_005,0.1691138370300192,False,lower,transfer_complete / hmda_2019_mi / mlp / direction_both_adverse_005
hmda_2019_mi,mlp,dralign,1007,direction_both_adverse_005,0.1488511966290343,False,lower,transfer_complete / hmda_2019_mi / mlp / direction_both_adverse_005
hmda_2019_mi,mlp,dralign,1008,direction_both_adverse_005,0.2255789271902188,False,lower,transfer_complete / hmda_2019_mi / mlp / direction_both_adverse_005
hmda_2019_mi,mlp,dralign,1009,direction_both_adverse_005,0.1466558470384805,False,lower,transfer_complete / hmda_2019_mi / mlp / direction_both_adverse_005
hmda_2019_mi,mlp,hifi,1000,direction_both_adverse_005,0.1955249730480918,False,lower,transfer_complete / hmda_2019_mi / mlp / direction_both_adverse_005
hmda_2019_mi,mlp,hifi,1001,direction_both_adverse_005,0.1727729379940981,False,lower,transfer_complete / hmda_2019_mi / mlp / direction_both_adverse_005
hmda_2019_mi,mlp,hifi,1002,direction_both_adverse_005,0.1900131608677414,False,lower,transfer_complete / hmda_2019_mi / mlp / direction_both_adverse_005
hmda_2019_mi,mlp,hifi,1003,direction_both_adverse_005,0.186816590020941,False,lower,transfer_complete / hmda_2019_mi / mlp / direction_both_adverse_005
hmda_2019_mi,mlp,hifi,1004,direction_both_adverse_005,0.1441725584238525,False,lower,transfer_complete / hmda_2019_mi / mlp / direction_both_adverse_005
hmda_2019_mi,mlp,hifi,1005,direction_both_adverse_005,0.2446133530853098,False,lower,transfer_complete / hmda_2019_mi / mlp / direction_both_adverse_005
hmda_2019_mi,mlp,hifi,1006,direction_both_adverse_005,0.2396711211889993,False,lower,transfer_complete / hmda_2019_mi / mlp / direction_both_adverse_005
hmda_2019_mi,mlp,hifi,1007,direction_both_adverse_005,0.2126926031288729,False,lower,transfer_complete / hmda_2019_mi / mlp / direction_both_adverse_005
hmda_2019_mi,mlp,hifi,1008,direction_both_adverse_005,0.1803220888997298,False,lower,transfer_complete / hmda_2019_mi / mlp / direction_both_adverse_005
hmda_2019_mi,mlp,hifi,1009,direction_both_adverse_005,0.1980092850520504,False,lower,transfer_complete / hmda_2019_mi / mlp / direction_both_adverse_005
hmda_2019_mi,mlp,hifi_erm,1000,direction_both_adverse_005,0.2423995527693189,False,lower,transfer_complete / hmda_2019_mi / mlp / direction_both_adverse_005
hmda_2019_mi,mlp,hifi_erm,1001,direction_both_adverse_005,0.1664746514327845,False,lower,transfer_complete / hmda_2019_mi / mlp / direction_both_adverse_005
hmda_2019_mi,mlp,hifi_erm,1002,direction_both_adverse_005,0.2054264520730185,False,lower,transfer_complete / hmda_2019_mi / mlp / direction_both_adverse_005
hmda_2019_mi,mlp,hifi_erm,1003,direction_both_adverse_005,0.1949069488917783,False,lower,transfer_complete / hmda_2019_mi / mlp / direction_both_adverse_005
hmda_2019_mi,mlp,hifi_erm,1004,direction_both_adverse_005,0.1546921916590449,False,lower,transfer_complete / hmda_2019_mi / mlp / direction_both_adverse_005
hmda_2019_mi,mlp,hifi_erm,1005,direction_both_adverse_005,0.2346800765614174,False,lower,transfer_complete / hmda_2019_mi / mlp / direction_both_adverse_005
hmda_2019_mi,mlp,hifi_erm,1006,direction_both_adverse_005,0.2253874297223166,False,lower,transfer_complete / hmda_2019_mi / mlp / direction_both_adverse_005
hmda_2019_mi,mlp,hifi_erm,1007,direction_both_adverse_005,0.2148640359999974,False,lower,transfer_complete / hmda_2019_mi / mlp / direction_both_adverse_005
hmda_2019_mi,mlp,hifi_erm,1008,direction_both_adverse_005,0.2145688658270617,False,lower,transfer_complete / hmda_2019_mi / mlp / direction_both_adverse_005
hmda_2019_mi,mlp,hifi_erm,1009,direction_both_adverse_005,0.2300140294108527,False,lower,transfer_complete / hmda_2019_mi / mlp / direction_both_adverse_005
hmda_2019_mi,mlp,hifi_shared,1000,direction_both_adverse_005,0.1325023014458153,False,lower,transfer_complete / hmda_2019_mi / mlp / direction_both_adverse_005
hmda_2019_mi,mlp,hifi_shared,1001,direction_both_adverse_005,0.1094912875389666,False,lower,transfer_complete / hmda_2019_mi / mlp / direction_both_adverse_005
hmda_2019_mi,mlp,hifi_shared,1002,direction_both_adverse_005,0.1329852393821571,False,lower,transfer_complete / hmda_2019_mi / mlp / direction_both_adverse_005
hmda_2019_mi,mlp,hifi_shared,1003,direction_both_adverse_005,0.1752288540330492,False,lower,transfer_complete / hmda_2019_mi / mlp / direction_both_adverse_005
hmda_2019_mi,mlp,hifi_shared,1004,direction_both_adverse_005,0.1408086517049396,False,lower,transfer_complete / hmda_2019_mi / mlp / direction_both_adverse_005
hmda_2019_mi,mlp,hifi_shared,1005,direction_both_adverse_005,0.1537439891704856,False,lower,transfer_complete / hmda_2019_mi / mlp / direction_both_adverse_005
hmda_2019_mi,mlp,hifi_shared,1006,direction_both_adverse_005,0.1486341013266109,False,lower,transfer_complete / hmda_2019_mi / mlp / direction_both_adverse_005
hmda_2019_mi,mlp,hifi_shared,1007,direction_both_adverse_005,0.119516397171615,False,lower,transfer_complete / hmda_2019_mi / mlp / direction_both_adverse_005
hmda_2019_mi,mlp,hifi_shared,1008,direction_both_adverse_005,0.1988884957829773,False,lower,transfer_complete / hmda_2019_mi / mlp / direction_both_adverse_005
hmda_2019_mi,mlp,hifi_shared,1009,direction_both_adverse_005,0.170142207607984,False,lower,transfer_complete / hmda_2019_mi / mlp / direction_both_adverse_005
hmda_2019_mi,mlp,ltdd,1000,direction_both_adverse_005,0.1439510879403155,False,lower,transfer_complete / hmda_2019_mi / mlp / direction_both_adverse_005
hmda_2019_mi,mlp,ltdd,1001,direction_both_adverse_005,0.1504525482793971,False,lower,transfer_complete / hmda_2019_mi / mlp / direction_both_adverse_005
hmda_2019_mi,mlp,ltdd,1002,direction_both_adverse_005,0.1237087500157577,False,lower,transfer_complete / hmda_2019_mi / mlp / direction_both_adverse_005
hmda_2019_mi,mlp,ltdd,1003,direction_both_adverse_005,0.1527263113494018,False,lower,transfer_complete / hmda_2019_mi / mlp / direction_both_adverse_005
hmda_2019_mi,mlp,ltdd,1004,direction_both_adverse_005,0.1386877631679535,False,lower,transfer_complete / hmda_2019_mi / mlp / direction_both_adverse_005
hmda_2019_mi,mlp,ltdd,1005,direction_both_adverse_005,0.1695744902589346,False,lower,transfer_complete / hmda_2019_mi / mlp / direction_both_adverse_005
hmda_2019_mi,mlp,ltdd,1006,direction_both_adverse_005,0.1487918290768918,False,lower,transfer_complete / hmda_2019_mi / mlp / direction_both_adverse_005
hmda_2019_mi,mlp,ltdd,1007,direction_both_adverse_005,0.1357340942261125,False,lower,transfer_complete / hmda_2019_mi / mlp / direction_both_adverse_005
hmda_2019_mi,mlp,ltdd,1008,direction_both_adverse_005,0.1146147758734164,False,lower,transfer_complete / hmda_2019_mi / mlp / direction_both_adverse_005
hmda_2019_mi,mlp,ltdd,1009,direction_both_adverse_005,0.152409450605768,False,lower,transfer_complete / hmda_2019_mi / mlp / direction_both_adverse_005
hmda_2019_mi,mlp,neufair,1000,direction_both_adverse_005,0.2193138518920864,False,lower,transfer_complete / hmda_2019_mi / mlp / direction_both_adverse_005
hmda_2019_mi,mlp,neufair,1001,direction_both_adverse_005,0.1645501388248503,False,lower,transfer_complete / hmda_2019_mi / mlp / direction_both_adverse_005
hmda_2019_mi,mlp,neufair,1002,direction_both_adverse_005,0.2373113079907675,False,lower,transfer_complete / hmda_2019_mi / mlp / direction_both_adverse_005
hmda_2019_mi,mlp,neufair,1003,direction_both_adverse_005,0.1982865683862179,False,lower,transfer_complete / hmda_2019_mi / mlp / direction_both_adverse_005
hmda_2019_mi,mlp,neufair,1004,direction_both_adverse_005,0.2336997413734112,False,lower,transfer_complete / hmda_2019_mi / mlp / direction_both_adverse_005
hmda_2019_mi,mlp,neufair,1005,direction_both_adverse_005,0.1829375446036059,False,lower,transfer_complete / hmda_2019_mi / mlp / direction_both_adverse_005
hmda_2019_mi,mlp,neufair,1006,direction_both_adverse_005,0.2260462523679554,False,lower,transfer_complete / hmda_2019_mi / mlp / direction_both_adverse_005
hmda_2019_mi,mlp,neufair,1007,direction_both_adverse_005,0.2633376765686802,False,lower,transfer_complete / hmda_2019_mi / mlp / direction_both_adverse_005
hmda_2019_mi,mlp,neufair,1008,direction_both_adverse_005,0.3842053838326154,False,lower,transfer_complete / hmda_2019_mi / mlp / direction_both_adverse_005
hmda_2019_mi,mlp,neufair,1009,direction_both_adverse_005,0.2616299371639462,False,lower,transfer_complete / hmda_2019_mi / mlp / direction_both_adverse_005
hmda_2020_oh,ft,cot_phi,1000,direction_both_adverse_005,0.095779605499761,False,lower,transfer_complete / hmda_2020_oh / ft / direction_both_adverse_005
hmda_2020_oh,ft,cot_phi,1001,direction_both_adverse_005,0.0991092429670775,False,lower,transfer_complete / hmda_2020_oh / ft / direction_both_adverse_005
hmda_2020_oh,ft,cot_phi,1002,direction_both_adverse_005,0.1392967340930486,False,lower,transfer_complete / hmda_2020_oh / ft / direction_both_adverse_005
hmda_2020_oh,ft,cot_phi,1003,direction_both_adverse_005,0.0919298295328428,False,lower,transfer_complete / hmda_2020_oh / ft / direction_both_adverse_005
hmda_2020_oh,ft,cot_phi,1004,direction_both_adverse_005,0.0614047441888293,False,lower,transfer_complete / hmda_2020_oh / ft / direction_both_adverse_005
hmda_2020_oh,ft,cot_phi,1005,direction_both_adverse_005,0.1009384512261368,False,lower,transfer_complete / hmda_2020_oh / ft / direction_both_adverse_005
hmda_2020_oh,ft,cot_phi,1006,direction_both_adverse_005,0.0440846338465825,False,lower,transfer_complete / hmda_2020_oh / ft / direction_both_adverse_005
hmda_2020_oh,ft,cot_phi,1007,direction_both_adverse_005,0.0942861340738328,False,lower,transfer_complete / hmda_2020_oh / ft / direction_both_adverse_005
hmda_2020_oh,ft,cot_phi,1008,direction_both_adverse_005,0.1148960999520207,False,lower,transfer_complete / hmda_2020_oh / ft / direction_both_adverse_005
hmda_2020_oh,ft,cot_phi,1009,direction_both_adverse_005,0.0904559906091801,False,lower,transfer_complete / hmda_2020_oh / ft / direction_both_adverse_005
hmda_2020_oh,ft,hifi,1000,direction_both_adverse_005,0.0436878339132995,False,lower,transfer_complete / hmda_2020_oh / ft / direction_both_adverse_005
hmda_2020_oh,ft,hifi,1001,direction_both_adverse_005,0.0592675634063523,False,lower,transfer_complete / hmda_2020_oh / ft / direction_both_adverse_005
hmda_2020_oh,ft,hifi,1002,direction_both_adverse_005,0.0138496176314051,False,lower,transfer_complete / hmda_2020_oh / ft / direction_both_adverse_005
hmda_2020_oh,ft,hifi,1003,direction_both_adverse_005,0.0473586537639628,False,lower,transfer_complete / hmda_2020_oh / ft / direction_both_adverse_005
hmda_2020_oh,ft,hifi,1004,direction_both_adverse_005,0.0045611090149856,False,lower,transfer_complete / hmda_2020_oh / ft / direction_both_adverse_005
hmda_2020_oh,ft,hifi,1005,direction_both_adverse_005,0.003290363841751,False,lower,transfer_complete / hmda_2020_oh / ft / direction_both_adverse_005
hmda_2020_oh,ft,hifi,1006,direction_both_adverse_005,0.0520347069087475,False,lower,transfer_complete / hmda_2020_oh / ft / direction_both_adverse_005
hmda_2020_oh,ft,hifi,1007,direction_both_adverse_005,0.0463567982057242,False,lower,transfer_complete / hmda_2020_oh / ft / direction_both_adverse_005
hmda_2020_oh,ft,hifi,1008,direction_both_adverse_005,0.1114786270445551,False,lower,transfer_complete / hmda_2020_oh / ft / direction_both_adverse_005
hmda_2020_oh,ft,hifi,1009,direction_both_adverse_005,0.0173991758499737,False,lower,transfer_complete / hmda_2020_oh / ft / direction_both_adverse_005
hmda_2020_oh,ft,hifi_erm,1000,direction_both_adverse_005,0.0063677858237822,False,lower,transfer_complete / hmda_2020_oh / ft / direction_both_adverse_005
hmda_2020_oh,ft,hifi_erm,1001,direction_both_adverse_005,0.0751842283819989,False,lower,transfer_complete / hmda_2020_oh / ft / direction_both_adverse_005
hmda_2020_oh,ft,hifi_erm,1002,direction_both_adverse_005,0.0039153123200665,False,lower,transfer_complete / hmda_2020_oh / ft / direction_both_adverse_005
hmda_2020_oh,ft,hifi_erm,1003,direction_both_adverse_005,0.06375770926619,False,lower,transfer_complete / hmda_2020_oh / ft / direction_both_adverse_005
hmda_2020_oh,ft,hifi_erm,1004,direction_both_adverse_005,0.1011843436833952,False,lower,transfer_complete / hmda_2020_oh / ft / direction_both_adverse_005
hmda_2020_oh,ft,hifi_erm,1005,direction_both_adverse_005,0.0681330310138648,False,lower,transfer_complete / hmda_2020_oh / ft / direction_both_adverse_005
hmda_2020_oh,ft,hifi_erm,1006,direction_both_adverse_005,0.0066757457401041,False,lower,transfer_complete / hmda_2020_oh / ft / direction_both_adverse_005
hmda_2020_oh,ft,hifi_erm,1007,direction_both_adverse_005,0.0790397238095399,False,lower,transfer_complete / hmda_2020_oh / ft / direction_both_adverse_005
hmda_2020_oh,ft,hifi_erm,1008,direction_both_adverse_005,0.1003953095322376,False,lower,transfer_complete / hmda_2020_oh / ft / direction_both_adverse_005
hmda_2020_oh,ft,hifi_erm,1009,direction_both_adverse_005,0.0395528253161303,False,lower,transfer_complete / hmda_2020_oh / ft / direction_both_adverse_005
hmda_2020_oh,ft,hifi_shared,1000,direction_both_adverse_005,0.1410394592865766,False,lower,transfer_complete / hmda_2020_oh / ft / direction_both_adverse_005
hmda_2020_oh,ft,hifi_shared,1001,direction_both_adverse_005,0.128804370779153,False,lower,transfer_complete / hmda_2020_oh / ft / direction_both_adverse_005
hmda_2020_oh,ft,hifi_shared,1002,direction_both_adverse_005,0.1348511009224029,False,lower,transfer_complete / hmda_2020_oh / ft / direction_both_adverse_005
hmda_2020_oh,ft,hifi_shared,1003,direction_both_adverse_005,0.1040589255063906,False,lower,transfer_complete / hmda_2020_oh / ft / direction_both_adverse_005
hmda_2020_oh,ft,hifi_shared,1004,direction_both_adverse_005,0.1233615332848077,False,lower,transfer_complete / hmda_2020_oh / ft / direction_both_adverse_005
hmda_2020_oh,ft,hifi_shared,1005,direction_both_adverse_005,0.1382106086694864,False,lower,transfer_complete / hmda_2020_oh / ft / direction_both_adverse_005
hmda_2020_oh,ft,hifi_shared,1006,direction_both_adverse_005,0.0856654780113805,False,lower,transfer_complete / hmda_2020_oh / ft / direction_both_adverse_005
hmda_2020_oh,ft,hifi_shared,1007,direction_both_adverse_005,0.1554004214259219,False,lower,transfer_complete / hmda_2020_oh / ft / direction_both_adverse_005
hmda_2020_oh,ft,hifi_shared,1008,direction_both_adverse_005,0.1296106410100414,False,lower,transfer_complete / hmda_2020_oh / ft / direction_both_adverse_005
hmda_2020_oh,ft,hifi_shared,1009,direction_both_adverse_005,0.1183447174799789,False,lower,transfer_complete / hmda_2020_oh / ft / direction_both_adverse_005
hmda_2020_oh,ft,reweighing,1000,direction_both_adverse_005,0.1430267432095938,False,lower,transfer_complete / hmda_2020_oh / ft / direction_both_adverse_005
hmda_2020_oh,ft,reweighing,1001,direction_both_adverse_005,0.1377940382263472,False,lower,transfer_complete / hmda_2020_oh / ft / direction_both_adverse_005
hmda_2020_oh,ft,reweighing,1002,direction_both_adverse_005,0.1305785127180744,False,lower,transfer_complete / hmda_2020_oh / ft / direction_both_adverse_005
hmda_2020_oh,ft,reweighing,1003,direction_both_adverse_005,0.1104088276272444,False,lower,transfer_complete / hmda_2020_oh / ft / direction_both_adverse_005
hmda_2020_oh,ft,reweighing,1004,direction_both_adverse_005,0.1450015081875304,False,lower,transfer_complete / hmda_2020_oh / ft / direction_both_adverse_005
hmda_2020_oh,ft,reweighing,1005,direction_both_adverse_005,0.1244065871050187,False,lower,transfer_complete / hmda_2020_oh / ft / direction_both_adverse_005
hmda_2020_oh,ft,reweighing,1006,direction_both_adverse_005,0.1223222707022568,False,lower,transfer_complete / hmda_2020_oh / ft / direction_both_adverse_005
hmda_2020_oh,ft,reweighing,1007,direction_both_adverse_005,0.1242374762988732,False,lower,transfer_complete / hmda_2020_oh / ft / direction_both_adverse_005
hmda_2020_oh,ft,reweighing,1008,direction_both_adverse_005,0.1264312425385704,False,lower,transfer_complete / hmda_2020_oh / ft / direction_both_adverse_005
hmda_2020_oh,ft,reweighing,1009,direction_both_adverse_005,0.101703488225039,False,lower,transfer_complete / hmda_2020_oh / ft / direction_both_adverse_005
hmda_2020_oh,mlp,cot_phi,1000,direction_both_adverse_005,0.0790078463364545,False,lower,transfer_complete / hmda_2020_oh / mlp / direction_both_adverse_005
hmda_2020_oh,mlp,cot_phi,1001,direction_both_adverse_005,0.1047733195660928,False,lower,transfer_complete / hmda_2020_oh / mlp / direction_both_adverse_005
hmda_2020_oh,mlp,cot_phi,1002,direction_both_adverse_005,0.0845356673207998,False,lower,transfer_complete / hmda_2020_oh / mlp / direction_both_adverse_005
hmda_2020_oh,mlp,cot_phi,1003,direction_both_adverse_005,0.1105341602657642,False,lower,transfer_complete / hmda_2020_oh / mlp / direction_both_adverse_005
hmda_2020_oh,mlp,cot_phi,1004,direction_both_adverse_005,0.0763431805792008,False,lower,transfer_complete / hmda_2020_oh / mlp / direction_both_adverse_005
hmda_2020_oh,mlp,cot_phi,1005,direction_both_adverse_005,0.0736881647001223,False,lower,transfer_complete / hmda_2020_oh / mlp / direction_both_adverse_005
hmda_2020_oh,mlp,cot_phi,1006,direction_both_adverse_005,0.0916511014424675,False,lower,transfer_complete / hmda_2020_oh / mlp / direction_both_adverse_005
hmda_2020_oh,mlp,cot_phi,1007,direction_both_adverse_005,0.0973506551808322,False,lower,transfer_complete / hmda_2020_oh / mlp / direction_both_adverse_005
hmda_2020_oh,mlp,cot_phi,1008,direction_both_adverse_005,0.1134083281378227,False,lower,transfer_complete / hmda_2020_oh / mlp / direction_both_adverse_005
hmda_2020_oh,mlp,cot_phi,1009,direction_both_adverse_005,0.0945622613311244,False,lower,transfer_complete / hmda_2020_oh / mlp / direction_both_adverse_005
hmda_2020_oh,mlp,dralign,1000,direction_both_adverse_005,0.136868748129279,False,lower,transfer_complete / hmda_2020_oh / mlp / direction_both_adverse_005
hmda_2020_oh,mlp,dralign,1001,direction_both_adverse_005,0.118676844071891,False,lower,transfer_complete / hmda_2020_oh / mlp / direction_both_adverse_005
hmda_2020_oh,mlp,dralign,1002,direction_both_adverse_005,0.1458428550967032,False,lower,transfer_complete / hmda_2020_oh / mlp / direction_both_adverse_005
hmda_2020_oh,mlp,dralign,1003,direction_both_adverse_005,0.14754766329353,False,lower,transfer_complete / hmda_2020_oh / mlp / direction_both_adverse_005
hmda_2020_oh,mlp,dralign,1004,direction_both_adverse_005,0.1584506339317758,False,lower,transfer_complete / hmda_2020_oh / mlp / direction_both_adverse_005
hmda_2020_oh,mlp,dralign,1005,direction_both_adverse_005,0.1290316102643821,False,lower,transfer_complete / hmda_2020_oh / mlp / direction_both_adverse_005
hmda_2020_oh,mlp,dralign,1006,direction_both_adverse_005,0.1519003490586028,False,lower,transfer_complete / hmda_2020_oh / mlp / direction_both_adverse_005
hmda_2020_oh,mlp,dralign,1007,direction_both_adverse_005,0.1344409888928928,False,lower,transfer_complete / hmda_2020_oh / mlp / direction_both_adverse_005
hmda_2020_oh,mlp,dralign,1008,direction_both_adverse_005,0.1929034931948135,False,lower,transfer_complete / hmda_2020_oh / mlp / direction_both_adverse_005
hmda_2020_oh,mlp,dralign,1009,direction_both_adverse_005,0.1506478476340218,False,lower,transfer_complete / hmda_2020_oh / mlp / direction_both_adverse_005
hmda_2020_oh,mlp,hifi,1000,direction_both_adverse_005,0.1659943488898257,False,lower,transfer_complete / hmda_2020_oh / mlp / direction_both_adverse_005
hmda_2020_oh,mlp,hifi,1001,direction_both_adverse_005,0.1347362230526897,False,lower,transfer_complete / hmda_2020_oh / mlp / direction_both_adverse_005
hmda_2020_oh,mlp,hifi,1002,direction_both_adverse_005,0.1586308595574331,False,lower,transfer_complete / hmda_2020_oh / mlp / direction_both_adverse_005
hmda_2020_oh,mlp,hifi,1003,direction_both_adverse_005,0.1463651915355013,False,lower,transfer_complete / hmda_2020_oh / mlp / direction_both_adverse_005
hmda_2020_oh,mlp,hifi,1004,direction_both_adverse_005,0.136166479203147,False,lower,transfer_complete / hmda_2020_oh / mlp / direction_both_adverse_005
hmda_2020_oh,mlp,hifi,1005,direction_both_adverse_005,0.2104154411240351,False,lower,transfer_complete / hmda_2020_oh / mlp / direction_both_adverse_005
hmda_2020_oh,mlp,hifi,1006,direction_both_adverse_005,0.2093132589824258,False,lower,transfer_complete / hmda_2020_oh / mlp / direction_both_adverse_005
hmda_2020_oh,mlp,hifi,1007,direction_both_adverse_005,0.1836198617445408,False,lower,transfer_complete / hmda_2020_oh / mlp / direction_both_adverse_005
hmda_2020_oh,mlp,hifi,1008,direction_both_adverse_005,0.1616717533370815,False,lower,transfer_complete / hmda_2020_oh / mlp / direction_both_adverse_005
hmda_2020_oh,mlp,hifi,1009,direction_both_adverse_005,0.1810254676861333,False,lower,transfer_complete / hmda_2020_oh / mlp / direction_both_adverse_005
hmda_2020_oh,mlp,hifi_erm,1000,direction_both_adverse_005,0.2276507465764062,False,lower,transfer_complete / hmda_2020_oh / mlp / direction_both_adverse_005
hmda_2020_oh,mlp,hifi_erm,1001,direction_both_adverse_005,0.1617988317642409,False,lower,transfer_complete / hmda_2020_oh / mlp / direction_both_adverse_005
hmda_2020_oh,mlp,hifi_erm,1002,direction_both_adverse_005,0.1701214696809263,False,lower,transfer_complete / hmda_2020_oh / mlp / direction_both_adverse_005
hmda_2020_oh,mlp,hifi_erm,1003,direction_both_adverse_005,0.1512630074683099,False,lower,transfer_complete / hmda_2020_oh / mlp / direction_both_adverse_005
hmda_2020_oh,mlp,hifi_erm,1004,direction_both_adverse_005,0.1402236601761003,False,lower,transfer_complete / hmda_2020_oh / mlp / direction_both_adverse_005
hmda_2020_oh,mlp,hifi_erm,1005,direction_both_adverse_005,0.2028550148878445,False,lower,transfer_complete / hmda_2020_oh / mlp / direction_both_adverse_005
hmda_2020_oh,mlp,hifi_erm,1006,direction_both_adverse_005,0.1869836482968301,False,lower,transfer_complete / hmda_2020_oh / mlp / direction_both_adverse_005
hmda_2020_oh,mlp,hifi_erm,1007,direction_both_adverse_005,0.1866667841799219,False,lower,transfer_complete / hmda_2020_oh / mlp / direction_both_adverse_005
hmda_2020_oh,mlp,hifi_erm,1008,direction_both_adverse_005,0.1706625658046934,False,lower,transfer_complete / hmda_2020_oh / mlp / direction_both_adverse_005
hmda_2020_oh,mlp,hifi_erm,1009,direction_both_adverse_005,0.2022544316067696,False,lower,transfer_complete / hmda_2020_oh / mlp / direction_both_adverse_005
hmda_2020_oh,mlp,hifi_shared,1000,direction_both_adverse_005,0.1149853230977843,False,lower,transfer_complete / hmda_2020_oh / mlp / direction_both_adverse_005
hmda_2020_oh,mlp,hifi_shared,1001,direction_both_adverse_005,0.0972137324277071,False,lower,transfer_complete / hmda_2020_oh / mlp / direction_both_adverse_005
hmda_2020_oh,mlp,hifi_shared,1002,direction_both_adverse_005,0.1278759373447977,False,lower,transfer_complete / hmda_2020_oh / mlp / direction_both_adverse_005
hmda_2020_oh,mlp,hifi_shared,1003,direction_both_adverse_005,0.157956107888231,False,lower,transfer_complete / hmda_2020_oh / mlp / direction_both_adverse_005
hmda_2020_oh,mlp,hifi_shared,1004,direction_both_adverse_005,0.1252245950225747,False,lower,transfer_complete / hmda_2020_oh / mlp / direction_both_adverse_005
hmda_2020_oh,mlp,hifi_shared,1005,direction_both_adverse_005,0.1300786180287954,False,lower,transfer_complete / hmda_2020_oh / mlp / direction_both_adverse_005
hmda_2020_oh,mlp,hifi_shared,1006,direction_both_adverse_005,0.1386536864593713,False,lower,transfer_complete / hmda_2020_oh / mlp / direction_both_adverse_005
hmda_2020_oh,mlp,hifi_shared,1007,direction_both_adverse_005,0.104234659560251,False,lower,transfer_complete / hmda_2020_oh / mlp / direction_both_adverse_005
hmda_2020_oh,mlp,hifi_shared,1008,direction_both_adverse_005,0.172512942415983,False,lower,transfer_complete / hmda_2020_oh / mlp / direction_both_adverse_005
hmda_2020_oh,mlp,hifi_shared,1009,direction_both_adverse_005,0.1583882950422195,False,lower,transfer_complete / hmda_2020_oh / mlp / direction_both_adverse_005
hmda_2020_oh,mlp,ltdd,1000,direction_both_adverse_005,0.1357675087757444,False,lower,transfer_complete / hmda_2020_oh / mlp / direction_both_adverse_005
hmda_2020_oh,mlp,ltdd,1001,direction_both_adverse_005,0.1306813062351193,False,lower,transfer_complete / hmda_2020_oh / mlp / direction_both_adverse_005
hmda_2020_oh,mlp,ltdd,1002,direction_both_adverse_005,0.116204618373927,False,lower,transfer_complete / hmda_2020_oh / mlp / direction_both_adverse_005
hmda_2020_oh,mlp,ltdd,1003,direction_both_adverse_005,0.1333981622624157,False,lower,transfer_complete / hmda_2020_oh / mlp / direction_both_adverse_005
hmda_2020_oh,mlp,ltdd,1004,direction_both_adverse_005,0.1288261838077373,False,lower,transfer_complete / hmda_2020_oh / mlp / direction_both_adverse_005
hmda_2020_oh,mlp,ltdd,1005,direction_both_adverse_005,0.1506190974733637,False,lower,transfer_complete / hmda_2020_oh / mlp / direction_both_adverse_005
hmda_2020_oh,mlp,ltdd,1006,direction_both_adverse_005,0.1312236298095168,False,lower,transfer_complete / hmda_2020_oh / mlp / direction_both_adverse_005
hmda_2020_oh,mlp,ltdd,1007,direction_both_adverse_005,0.13125749012056,False,lower,transfer_complete / hmda_2020_oh / mlp / direction_both_adverse_005
hmda_2020_oh,mlp,ltdd,1008,direction_both_adverse_005,0.1007023229553794,False,lower,transfer_complete / hmda_2020_oh / mlp / direction_both_adverse_005
hmda_2020_oh,mlp,ltdd,1009,direction_both_adverse_005,0.1314855114883711,False,lower,transfer_complete / hmda_2020_oh / mlp / direction_both_adverse_005
hmda_2020_oh,mlp,neufair,1000,direction_both_adverse_005,0.1967929963809455,False,lower,transfer_complete / hmda_2020_oh / mlp / direction_both_adverse_005
hmda_2020_oh,mlp,neufair,1001,direction_both_adverse_005,0.1486900518604797,False,lower,transfer_complete / hmda_2020_oh / mlp / direction_both_adverse_005
hmda_2020_oh,mlp,neufair,1002,direction_both_adverse_005,0.2253716164819691,False,lower,transfer_complete / hmda_2020_oh / mlp / direction_both_adverse_005
hmda_2020_oh,mlp,neufair,1003,direction_both_adverse_005,0.1783241819177862,False,lower,transfer_complete / hmda_2020_oh / mlp / direction_both_adverse_005
hmda_2020_oh,mlp,neufair,1004,direction_both_adverse_005,0.2277204810669072,False,lower,transfer_complete / hmda_2020_oh / mlp / direction_both_adverse_005
hmda_2020_oh,mlp,neufair,1005,direction_both_adverse_005,0.1421359629080991,False,lower,transfer_complete / hmda_2020_oh / mlp / direction_both_adverse_005
hmda_2020_oh,mlp,neufair,1006,direction_both_adverse_005,0.2094033123790776,False,lower,transfer_complete / hmda_2020_oh / mlp / direction_both_adverse_005
hmda_2020_oh,mlp,neufair,1007,direction_both_adverse_005,0.2442572197212966,False,lower,transfer_complete / hmda_2020_oh / mlp / direction_both_adverse_005
hmda_2020_oh,mlp,neufair,1008,direction_both_adverse_005,0.3288868740322193,False,lower,transfer_complete / hmda_2020_oh / mlp / direction_both_adverse_005
hmda_2020_oh,mlp,neufair,1009,direction_both_adverse_005,0.2370428825668911,False,lower,transfer_complete / hmda_2020_oh / mlp / direction_both_adverse_005
hmda_2019_mi,ft,erm,1000,direction_both_adverse_005,0.1757885961243838,False,lower,transfer_complete / hmda_2019_mi / ft / direction_both_adverse_005
hmda_2019_mi,ft,soft,1000,direction_both_adverse_005,0.0,False,lower,transfer_complete / hmda_2019_mi / ft / direction_both_adverse_005
hmda_2019_mi,ft,erm,1001,direction_both_adverse_005,0.1625676576235026,False,lower,transfer_complete / hmda_2019_mi / ft / direction_both_adverse_005
hmda_2019_mi,ft,soft,1001,direction_both_adverse_005,0.0027592045182974,False,lower,transfer_complete / hmda_2019_mi / ft / direction_both_adverse_005
hmda_2019_mi,ft,erm,1002,direction_both_adverse_005,0.1621275566470322,False,lower,transfer_complete / hmda_2019_mi / ft / direction_both_adverse_005
hmda_2019_mi,ft,soft,1002,direction_both_adverse_005,0.0007485029940119,False,lower,transfer_complete / hmda_2019_mi / ft / direction_both_adverse_005
hmda_2019_mi,ft,erm,1003,direction_both_adverse_005,0.1499943666081446,False,lower,transfer_complete / hmda_2019_mi / ft / direction_both_adverse_005
hmda_2019_mi,ft,soft,1003,direction_both_adverse_005,0.0018712574850299,False,lower,transfer_complete / hmda_2019_mi / ft / direction_both_adverse_005
hmda_2019_mi,ft,erm,1004,direction_both_adverse_005,0.1129531557730178,False,lower,transfer_complete / hmda_2019_mi / ft / direction_both_adverse_005
hmda_2019_mi,ft,soft,1004,direction_both_adverse_005,0.0018151083687753,False,lower,transfer_complete / hmda_2019_mi / ft / direction_both_adverse_005
hmda_2019_mi,ft,erm,1005,direction_both_adverse_005,0.1495085811186843,False,lower,transfer_complete / hmda_2019_mi / ft / direction_both_adverse_005
hmda_2019_mi,ft,soft,1005,direction_both_adverse_005,0.0003274394237066,False,lower,transfer_complete / hmda_2019_mi / ft / direction_both_adverse_005
hmda_2019_mi,ft,erm,1006,direction_both_adverse_005,0.1322460626731567,False,lower,transfer_complete / hmda_2019_mi / ft / direction_both_adverse_005
hmda_2019_mi,ft,soft,1006,direction_both_adverse_005,0.0011227544910179,False,lower,transfer_complete / hmda_2019_mi / ft / direction_both_adverse_005
hmda_2019_mi,ft,erm,1007,direction_both_adverse_005,0.1671657354471366,False,lower,transfer_complete / hmda_2019_mi / ft / direction_both_adverse_005
hmda_2019_mi,ft,soft,1007,direction_both_adverse_005,0.0004990019960079,False,lower,transfer_complete / hmda_2019_mi / ft / direction_both_adverse_005
hmda_2019_mi,ft,erm,1008,direction_both_adverse_005,0.1676898806746616,False,lower,transfer_complete / hmda_2019_mi / ft / direction_both_adverse_005
hmda_2019_mi,ft,soft,1008,direction_both_adverse_005,0.0008185985592665,False,lower,transfer_complete / hmda_2019_mi / ft / direction_both_adverse_005
hmda_2019_mi,ft,erm,1009,direction_both_adverse_005,0.1469942660620601,False,lower,transfer_complete / hmda_2019_mi / ft / direction_both_adverse_005
hmda_2019_mi,ft,soft,1009,direction_both_adverse_005,0.0050811566783859,False,lower,transfer_complete / hmda_2019_mi / ft / direction_both_adverse_005
hmda_2019_mi,mlp,erm,1000,direction_both_adverse_005,0.130057336993478,False,lower,transfer_complete / hmda_2019_mi / mlp / direction_both_adverse_005
hmda_2019_mi,mlp,soft,1000,direction_both_adverse_005,0.0034717255993294,False,lower,transfer_complete / hmda_2019_mi / mlp / direction_both_adverse_005
hmda_2019_mi,mlp,erm,1001,direction_both_adverse_005,0.1727085653353111,False,lower,transfer_complete / hmda_2019_mi / mlp / direction_both_adverse_005
hmda_2019_mi,mlp,soft,1001,direction_both_adverse_005,0.0078642638562258,False,lower,transfer_complete / hmda_2019_mi / mlp / direction_both_adverse_005
hmda_2019_mi,mlp,erm,1002,direction_both_adverse_005,0.1677321254150621,False,lower,transfer_complete / hmda_2019_mi / mlp / direction_both_adverse_005
hmda_2019_mi,mlp,soft,1002,direction_both_adverse_005,0.0008732534930139,False,lower,transfer_complete / hmda_2019_mi / mlp / direction_both_adverse_005
hmda_2019_mi,mlp,erm,1003,direction_both_adverse_005,0.1599339581514612,False,lower,transfer_complete / hmda_2019_mi / mlp / direction_both_adverse_005
hmda_2019_mi,mlp,soft,1003,direction_both_adverse_005,0.0035192847638824,False,lower,transfer_complete / hmda_2019_mi / mlp / direction_both_adverse_005
hmda_2019_mi,mlp,erm,1004,direction_both_adverse_005,0.1393593295031918,False,lower,transfer_complete / hmda_2019_mi / mlp / direction_both_adverse_005
hmda_2019_mi,mlp,soft,1004,direction_both_adverse_005,0.0050350916963401,False,lower,transfer_complete / hmda_2019_mi / mlp / direction_both_adverse_005
hmda_2019_mi,mlp,erm,1005,direction_both_adverse_005,0.1478426302536324,False,lower,transfer_complete / hmda_2019_mi / mlp / direction_both_adverse_005
hmda_2019_mi,mlp,soft,1005,direction_both_adverse_005,0.0022870924817032,False,lower,transfer_complete / hmda_2019_mi / mlp / direction_both_adverse_005
hmda_2019_mi,mlp,erm,1006,direction_both_adverse_005,0.1573742092099794,False,lower,transfer_complete / hmda_2019_mi / mlp / direction_both_adverse_005
hmda_2019_mi,mlp,soft,1006,direction_both_adverse_005,0.0023159775603458,False,lower,transfer_complete / hmda_2019_mi / mlp / direction_both_adverse_005
hmda_2019_mi,mlp,erm,1007,direction_both_adverse_005,0.1465848947787646,False,lower,transfer_complete / hmda_2019_mi / mlp / direction_both_adverse_005
hmda_2019_mi,mlp,soft,1007,direction_both_adverse_005,0.0101341753693829,False,lower,transfer_complete / hmda_2019_mi / mlp / direction_both_adverse_005
hmda_2019_mi,mlp,erm,1008,direction_both_adverse_005,0.145603333291699,False,lower,transfer_complete / hmda_2019_mi / mlp / direction_both_adverse_005
hmda_2019_mi,mlp,soft,1008,direction_both_adverse_005,0.0060731850055163,False,lower,transfer_complete / hmda_2019_mi / mlp / direction_both_adverse_005
hmda_2019_mi,mlp,erm,1009,direction_both_adverse_005,0.1160730556076921,False,lower,transfer_complete / hmda_2019_mi / mlp / direction_both_adverse_005
hmda_2019_mi,mlp,soft,1009,direction_both_adverse_005,0.0099922449669776,False,lower,transfer_complete / hmda_2019_mi / mlp / direction_both_adverse_005
hmda_2020_oh,ft,erm,1000,direction_both_adverse_005,0.1571066719535244,False,lower,transfer_complete / hmda_2020_oh / ft / direction_both_adverse_005
hmda_2020_oh,ft,soft,1000,direction_both_adverse_005,0.0,False,lower,transfer_complete / hmda_2020_oh / ft / direction_both_adverse_005
hmda_2020_oh,ft,erm,1001,direction_both_adverse_005,0.1354735750512464,False,lower,transfer_complete / hmda_2020_oh / ft / direction_both_adverse_005
hmda_2020_oh,ft,soft,1001,direction_both_adverse_005,0.0020300791777619,False,lower,transfer_complete / hmda_2020_oh / ft / direction_both_adverse_005
hmda_2020_oh,ft,erm,1002,direction_both_adverse_005,0.1509027108392935,False,lower,transfer_complete / hmda_2020_oh / ft / direction_both_adverse_005
hmda_2020_oh,ft,soft,1002,direction_both_adverse_005,0.0001542257865515,False,lower,transfer_complete / hmda_2020_oh / ft / direction_both_adverse_005
hmda_2020_oh,ft,erm,1003,direction_both_adverse_005,0.1237865561411437,False,lower,transfer_complete / hmda_2020_oh / ft / direction_both_adverse_005
hmda_2020_oh,ft,soft,1003,direction_both_adverse_005,0.0008738615701808,False,lower,transfer_complete / hmda_2020_oh / ft / direction_both_adverse_005
hmda_2020_oh,ft,erm,1004,direction_both_adverse_005,0.09877822926445,False,lower,transfer_complete / hmda_2020_oh / ft / direction_both_adverse_005
hmda_2020_oh,ft,soft,1004,direction_both_adverse_005,0.0012384417575056,False,lower,transfer_complete / hmda_2020_oh / ft / direction_both_adverse_005
hmda_2020_oh,ft,erm,1005,direction_both_adverse_005,0.1272085338460838,False,lower,transfer_complete / hmda_2020_oh / ft / direction_both_adverse_005
hmda_2020_oh,ft,soft,1005,direction_both_adverse_005,0.0004673128247481,False,lower,transfer_complete / hmda_2020_oh / ft / direction_both_adverse_005
hmda_2020_oh,ft,erm,1006,direction_both_adverse_005,0.1166405248829697,False,lower,transfer_complete / hmda_2020_oh / ft / direction_both_adverse_005
hmda_2020_oh,ft,soft,1006,direction_both_adverse_005,0.0004111842105263,False,lower,transfer_complete / hmda_2020_oh / ft / direction_both_adverse_005
hmda_2020_oh,ft,erm,1007,direction_both_adverse_005,0.1559148616611043,False,lower,transfer_complete / hmda_2020_oh / ft / direction_both_adverse_005
hmda_2020_oh,ft,soft,1007,direction_both_adverse_005,0.0001542257865515,False,lower,transfer_complete / hmda_2020_oh / ft / direction_both_adverse_005
hmda_2020_oh,ft,erm,1008,direction_both_adverse_005,0.1438516679050895,False,lower,transfer_complete / hmda_2020_oh / ft / direction_both_adverse_005
hmda_2020_oh,ft,soft,1008,direction_both_adverse_005,0.0003107693056498,False,lower,transfer_complete / hmda_2020_oh / ft / direction_both_adverse_005
hmda_2020_oh,ft,erm,1009,direction_both_adverse_005,0.1282906971216419,False,lower,transfer_complete / hmda_2020_oh / ft / direction_both_adverse_005
hmda_2020_oh,ft,soft,1009,direction_both_adverse_005,0.0030975793641074,False,lower,transfer_complete / hmda_2020_oh / ft / direction_both_adverse_005
hmda_2020_oh,mlp,erm,1000,direction_both_adverse_005,0.1204745736140387,False,lower,transfer_complete / hmda_2020_oh / mlp / direction_both_adverse_005
hmda_2020_oh,mlp,soft,1000,direction_both_adverse_005,0.0013992696362751,False,lower,transfer_complete / hmda_2020_oh / mlp / direction_both_adverse_005
hmda_2020_oh,mlp,erm,1001,direction_both_adverse_005,0.1425163434524287,False,lower,transfer_complete / hmda_2020_oh / mlp / direction_both_adverse_005
hmda_2020_oh,mlp,soft,1001,direction_both_adverse_005,0.0065981527667055,False,lower,transfer_complete / hmda_2020_oh / mlp / direction_both_adverse_005
hmda_2020_oh,mlp,erm,1002,direction_both_adverse_005,0.1504237588699508,False,lower,transfer_complete / hmda_2020_oh / mlp / direction_both_adverse_005
hmda_2020_oh,mlp,soft,1002,direction_both_adverse_005,0.0007196357836293,False,lower,transfer_complete / hmda_2020_oh / mlp / direction_both_adverse_005
hmda_2020_oh,mlp,erm,1003,direction_both_adverse_005,0.1531860711008487,False,lower,transfer_complete / hmda_2020_oh / mlp / direction_both_adverse_005
hmda_2020_oh,mlp,soft,1003,direction_both_adverse_005,0.0055050169709866,False,lower,transfer_complete / hmda_2020_oh / mlp / direction_both_adverse_005
hmda_2020_oh,mlp,erm,1004,direction_both_adverse_005,0.1221624786223168,False,lower,transfer_complete / hmda_2020_oh / mlp / direction_both_adverse_005
hmda_2020_oh,mlp,soft,1004,direction_both_adverse_005,0.0029011313586149,False,lower,transfer_complete / hmda_2020_oh / mlp / direction_both_adverse_005
hmda_2020_oh,mlp,erm,1005,direction_both_adverse_005,0.1328598854931295,False,lower,transfer_complete / hmda_2020_oh / mlp / direction_both_adverse_005
hmda_2020_oh,mlp,soft,1005,direction_both_adverse_005,0.001233806292412,False,lower,transfer_complete / hmda_2020_oh / mlp / direction_both_adverse_005
hmda_2020_oh,mlp,erm,1006,direction_both_adverse_005,0.1477152006335529,False,lower,transfer_complete / hmda_2020_oh / mlp / direction_both_adverse_005
hmda_2020_oh,mlp,soft,1006,direction_both_adverse_005,0.0020077446144975,False,lower,transfer_complete / hmda_2020_oh / mlp / direction_both_adverse_005
hmda_2020_oh,mlp,erm,1007,direction_both_adverse_005,0.1390590532187372,False,lower,transfer_complete / hmda_2020_oh / mlp / direction_both_adverse_005
hmda_2020_oh,mlp,soft,1007,direction_both_adverse_005,0.0070246052333814,False,lower,transfer_complete / hmda_2020_oh / mlp / direction_both_adverse_005
hmda_2020_oh,mlp,erm,1008,direction_both_adverse_005,0.1213197318354361,False,lower,transfer_complete / hmda_2020_oh / mlp / direction_both_adverse_005
hmda_2020_oh,mlp,soft,1008,direction_both_adverse_005,0.0053769184505896,False,lower,transfer_complete / hmda_2020_oh / mlp / direction_both_adverse_005
hmda_2020_oh,mlp,erm,1009,direction_both_adverse_005,0.122453130711403,False,lower,transfer_complete / hmda_2020_oh / mlp / direction_both_adverse_005
hmda_2020_oh,mlp,soft,1009,direction_both_adverse_005,0.0068778399661365,False,lower,transfer_complete / hmda_2020_oh / mlp / direction_both_adverse_005
hmda_2019_mi,ft,cot_phi,1000,direction_adverse_decision,0.0023541996819435,False,lower,transfer_complete / hmda_2019_mi / ft / direction_adverse_decision
hmda_2019_mi,ft,cot_phi,1001,direction_adverse_decision,0.0068244291448676,False,lower,transfer_complete / hmda_2019_mi / ft / direction_adverse_decision
hmda_2019_mi,ft,cot_phi,1002,direction_adverse_decision,0.0059698497377641,False,lower,transfer_complete / hmda_2019_mi / ft / direction_adverse_decision
hmda_2019_mi,ft,cot_phi,1003,direction_adverse_decision,0.0035050921603504,False,lower,transfer_complete / hmda_2019_mi / ft / direction_adverse_decision
hmda_2019_mi,ft,cot_phi,1004,direction_adverse_decision,0.0070791587165037,False,lower,transfer_complete / hmda_2019_mi / ft / direction_adverse_decision
hmda_2019_mi,ft,cot_phi,1005,direction_adverse_decision,0.0074830423834058,False,lower,transfer_complete / hmda_2019_mi / ft / direction_adverse_decision
hmda_2019_mi,ft,cot_phi,1006,direction_adverse_decision,0.001654002943738,False,lower,transfer_complete / hmda_2019_mi / ft / direction_adverse_decision
hmda_2019_mi,ft,cot_phi,1007,direction_adverse_decision,0.0052865867484299,False,lower,transfer_complete / hmda_2019_mi / ft / direction_adverse_decision
hmda_2019_mi,ft,cot_phi,1008,direction_adverse_decision,0.0092306694737426,False,lower,transfer_complete / hmda_2019_mi / ft / direction_adverse_decision
hmda_2019_mi,ft,cot_phi,1009,direction_adverse_decision,0.0044581512746295,False,lower,transfer_complete / hmda_2019_mi / ft / direction_adverse_decision
hmda_2019_mi,ft,hifi,1000,direction_adverse_decision,0.0014902832318847,False,lower,transfer_complete / hmda_2019_mi / ft / direction_adverse_decision
hmda_2019_mi,ft,hifi,1001,direction_adverse_decision,0.0092936682046597,False,lower,transfer_complete / hmda_2019_mi / ft / direction_adverse_decision
hmda_2019_mi,ft,hifi,1002,direction_adverse_decision,0.0047799880465058,False,lower,transfer_complete / hmda_2019_mi / ft / direction_adverse_decision
hmda_2019_mi,ft,hifi,1003,direction_adverse_decision,0.0071431517583492,False,lower,transfer_complete / hmda_2019_mi / ft / direction_adverse_decision
hmda_2019_mi,ft,hifi,1004,direction_adverse_decision,0.0003300537105226,False,lower,transfer_complete / hmda_2019_mi / ft / direction_adverse_decision
hmda_2019_mi,ft,hifi,1005,direction_adverse_decision,0.0,False,lower,transfer_complete / hmda_2019_mi / ft / direction_adverse_decision
hmda_2019_mi,ft,hifi,1006,direction_adverse_decision,0.0014970059880239,False,lower,transfer_complete / hmda_2019_mi / ft / direction_adverse_decision
hmda_2019_mi,ft,hifi,1007,direction_adverse_decision,0.0015273852491736,False,lower,transfer_complete / hmda_2019_mi / ft / direction_adverse_decision
hmda_2019_mi,ft,hifi,1008,direction_adverse_decision,0.0013621713548131,False,lower,transfer_complete / hmda_2019_mi / ft / direction_adverse_decision
hmda_2019_mi,ft,hifi,1009,direction_adverse_decision,0.0034601472826135,False,lower,transfer_complete / hmda_2019_mi / ft / direction_adverse_decision
hmda_2019_mi,ft,hifi_erm,1000,direction_adverse_decision,0.0001663339986693,False,lower,transfer_complete / hmda_2019_mi / ft / direction_adverse_decision
hmda_2019_mi,ft,hifi_erm,1001,direction_adverse_decision,0.0036559865926556,False,lower,transfer_complete / hmda_2019_mi / ft / direction_adverse_decision
hmda_2019_mi,ft,hifi_erm,1002,direction_adverse_decision,0.0004922792398688,False,lower,transfer_complete / hmda_2019_mi / ft / direction_adverse_decision
hmda_2019_mi,ft,hifi_erm,1003,direction_adverse_decision,0.0083833137594998,False,lower,transfer_complete / hmda_2019_mi / ft / direction_adverse_decision
hmda_2019_mi,ft,hifi_erm,1004,direction_adverse_decision,0.004226204258227,False,lower,transfer_complete / hmda_2019_mi / ft / direction_adverse_decision
hmda_2019_mi,ft,hifi_erm,1005,direction_adverse_decision,0.0014902832318847,False,lower,transfer_complete / hmda_2019_mi / ft / direction_adverse_decision
hmda_2019_mi,ft,hifi_erm,1006,direction_adverse_decision,0.0005405854956753,False,lower,transfer_complete / hmda_2019_mi / ft / direction_adverse_decision
hmda_2019_mi,ft,hifi_erm,1007,direction_adverse_decision,0.007812969235405,False,lower,transfer_complete / hmda_2019_mi / ft / direction_adverse_decision
hmda_2019_mi,ft,hifi_erm,1008,direction_adverse_decision,0.0023415012609187,False,lower,transfer_complete / hmda_2019_mi / ft / direction_adverse_decision
hmda_2019_mi,ft,hifi_erm,1009,direction_adverse_decision,0.0036257341900293,False,lower,transfer_complete / hmda_2019_mi / ft / direction_adverse_decision
hmda_2019_mi,ft,hifi_shared,1000,direction_adverse_decision,0.0071951924052807,False,lower,transfer_complete / hmda_2019_mi / ft / direction_adverse_decision
hmda_2019_mi,ft,hifi_shared,1001,direction_adverse_decision,0.0104550188954737,False,lower,transfer_complete / hmda_2019_mi / ft / direction_adverse_decision
hmda_2019_mi,ft,hifi_shared,1002,direction_adverse_decision,0.0122341453512691,False,lower,transfer_complete / hmda_2019_mi / ft / direction_adverse_decision
hmda_2019_mi,ft,hifi_shared,1003,direction_adverse_decision,0.0044788194146257,False,lower,transfer_complete / hmda_2019_mi / ft / direction_adverse_decision
hmda_2019_mi,ft,hifi_shared,1004,direction_adverse_decision,0.0129338422178959,False,lower,transfer_complete / hmda_2019_mi / ft / direction_adverse_decision
hmda_2019_mi,ft,hifi_shared,1005,direction_adverse_decision,0.0100343283382236,False,lower,transfer_complete / hmda_2019_mi / ft / direction_adverse_decision
hmda_2019_mi,ft,hifi_shared,1006,direction_adverse_decision,0.0040067084431744,False,lower,transfer_complete / hmda_2019_mi / ft / direction_adverse_decision
hmda_2019_mi,ft,hifi_shared,1007,direction_adverse_decision,0.0110881084334389,False,lower,transfer_complete / hmda_2019_mi / ft / direction_adverse_decision
hmda_2019_mi,ft,hifi_shared,1008,direction_adverse_decision,0.0141723831780159,False,lower,transfer_complete / hmda_2019_mi / ft / direction_adverse_decision
hmda_2019_mi,ft,hifi_shared,1009,direction_adverse_decision,0.0152734762832522,False,lower,transfer_complete / hmda_2019_mi / ft / direction_adverse_decision
hmda_2019_mi,ft,reweighing,1000,direction_adverse_decision,0.0037935623712057,False,lower,transfer_complete / hmda_2019_mi / ft / direction_adverse_decision
hmda_2019_mi,ft,reweighing,1001,direction_adverse_decision,0.0054318785289048,False,lower,transfer_complete / hmda_2019_mi / ft / direction_adverse_decision
hmda_2019_mi,ft,reweighing,1002,direction_adverse_decision,0.0077733797898235,False,lower,transfer_complete / hmda_2019_mi / ft / direction_adverse_decision
hmda_2019_mi,ft,reweighing,1003,direction_adverse_decision,0.0044754580365561,False,lower,transfer_complete / hmda_2019_mi / ft / direction_adverse_decision
hmda_2019_mi,ft,reweighing,1004,direction_adverse_decision,0.0080771627085196,False,lower,transfer_complete / hmda_2019_mi / ft / direction_adverse_decision
hmda_2019_mi,ft,reweighing,1005,direction_adverse_decision,0.0051381797444174,False,lower,transfer_complete / hmda_2019_mi / ft / direction_adverse_decision
hmda_2019_mi,ft,reweighing,1006,direction_adverse_decision,0.0028565630560211,False,lower,transfer_complete / hmda_2019_mi / ft / direction_adverse_decision
hmda_2019_mi,ft,reweighing,1007,direction_adverse_decision,0.0039490651444127,False,lower,transfer_complete / hmda_2019_mi / ft / direction_adverse_decision
hmda_2019_mi,ft,reweighing,1008,direction_adverse_decision,0.0016446659007828,False,lower,transfer_complete / hmda_2019_mi / ft / direction_adverse_decision
hmda_2019_mi,ft,reweighing,1009,direction_adverse_decision,0.0079738274407674,False,lower,transfer_complete / hmda_2019_mi / ft / direction_adverse_decision
hmda_2019_mi,mlp,cot_phi,1000,direction_adverse_decision,0.0057667878000041,False,lower,transfer_complete / hmda_2019_mi / mlp / direction_adverse_decision
hmda_2019_mi,mlp,cot_phi,1001,direction_adverse_decision,0.0030083314381032,False,lower,transfer_complete / hmda_2019_mi / mlp / direction_adverse_decision
hmda_2019_mi,mlp,cot_phi,1002,direction_adverse_decision,0.003511067825236,False,lower,transfer_complete / hmda_2019_mi / mlp / direction_adverse_decision
hmda_2019_mi,mlp,cot_phi,1003,direction_adverse_decision,0.0043180880677867,False,lower,transfer_complete / hmda_2019_mi / mlp / direction_adverse_decision
hmda_2019_mi,mlp,cot_phi,1004,direction_adverse_decision,0.0034623885563742,False,lower,transfer_complete / hmda_2019_mi / mlp / direction_adverse_decision
hmda_2019_mi,mlp,cot_phi,1005,direction_adverse_decision,0.0071282120635637,False,lower,transfer_complete / hmda_2019_mi / mlp / direction_adverse_decision
hmda_2019_mi,mlp,cot_phi,1006,direction_adverse_decision,0.0128460744401742,False,lower,transfer_complete / hmda_2019_mi / mlp / direction_adverse_decision
hmda_2019_mi,mlp,cot_phi,1007,direction_adverse_decision,0.0059088450609328,False,lower,transfer_complete / hmda_2019_mi / mlp / direction_adverse_decision
hmda_2019_mi,mlp,cot_phi,1008,direction_adverse_decision,0.0072979074403027,False,lower,transfer_complete / hmda_2019_mi / mlp / direction_adverse_decision
hmda_2019_mi,mlp,cot_phi,1009,direction_adverse_decision,0.0047896991676593,False,lower,transfer_complete / hmda_2019_mi / mlp / direction_adverse_decision
hmda_2019_mi,mlp,dralign,1000,direction_adverse_decision,0.0046608401993341,False,lower,transfer_complete / hmda_2019_mi / mlp / direction_adverse_decision
hmda_2019_mi,mlp,dralign,1001,direction_adverse_decision,0.0067794842671307,False,lower,transfer_complete / hmda_2019_mi / mlp / direction_adverse_decision
hmda_2019_mi,mlp,dralign,1002,direction_adverse_decision,0.0049478172928252,False,lower,transfer_complete / hmda_2019_mi / mlp / direction_adverse_decision
hmda_2019_mi,mlp,dralign,1003,direction_adverse_decision,0.0117070053678721,False,lower,transfer_complete / hmda_2019_mi / mlp / direction_adverse_decision
hmda_2019_mi,mlp,dralign,1004,direction_adverse_decision,0.0121235885209419,False,lower,transfer_complete / hmda_2019_mi / mlp / direction_adverse_decision
hmda_2019_mi,mlp,dralign,1005,direction_adverse_decision,0.0178923714401749,False,lower,transfer_complete / hmda_2019_mi / mlp / direction_adverse_decision
hmda_2019_mi,mlp,dralign,1006,direction_adverse_decision,0.0212837915466606,False,lower,transfer_complete / hmda_2019_mi / mlp / direction_adverse_decision
hmda_2019_mi,mlp,dralign,1007,direction_adverse_decision,0.0117700040987893,False,lower,transfer_complete / hmda_2019_mi / mlp / direction_adverse_decision
hmda_2019_mi,mlp,dralign,1008,direction_adverse_decision,0.0076392933130093,False,lower,transfer_complete / hmda_2019_mi / mlp / direction_adverse_decision
hmda_2019_mi,mlp,dralign,1009,direction_adverse_decision,0.0052107627379646,False,lower,transfer_complete / hmda_2019_mi / mlp / direction_adverse_decision
hmda_2019_mi,mlp,hifi,1000,direction_adverse_decision,0.0187158234297323,False,lower,transfer_complete / hmda_2019_mi / mlp / direction_adverse_decision
hmda_2019_mi,mlp,hifi,1001,direction_adverse_decision,0.0146940494983918,False,lower,transfer_complete / hmda_2019_mi / mlp / direction_adverse_decision
hmda_2019_mi,mlp,hifi,1002,direction_adverse_decision,0.0173993451090525,False,lower,transfer_complete / hmda_2019_mi / mlp / direction_adverse_decision
hmda_2019_mi,mlp,hifi,1003,direction_adverse_decision,0.0222212917985669,False,lower,transfer_complete / hmda_2019_mi / mlp / direction_adverse_decision
hmda_2019_mi,mlp,hifi,1004,direction_adverse_decision,0.0197781934766491,False,lower,transfer_complete / hmda_2019_mi / mlp / direction_adverse_decision
hmda_2019_mi,mlp,hifi,1005,direction_adverse_decision,0.0351555113966041,False,lower,transfer_complete / hmda_2019_mi / mlp / direction_adverse_decision
hmda_2019_mi,mlp,hifi,1006,direction_adverse_decision,0.0269253333431701,False,lower,transfer_complete / hmda_2019_mi / mlp / direction_adverse_decision
hmda_2019_mi,mlp,hifi,1007,direction_adverse_decision,0.0204094168841948,False,lower,transfer_complete / hmda_2019_mi / mlp / direction_adverse_decision
hmda_2019_mi,mlp,hifi,1008,direction_adverse_decision,0.0198655968689733,False,lower,transfer_complete / hmda_2019_mi / mlp / direction_adverse_decision
hmda_2019_mi,mlp,hifi,1009,direction_adverse_decision,0.0264234644084423,False,lower,transfer_complete / hmda_2019_mi / mlp / direction_adverse_decision
hmda_2019_mi,mlp,hifi_erm,1000,direction_adverse_decision,0.0325404741873866,False,lower,transfer_complete / hmda_2019_mi / mlp / direction_adverse_decision
hmda_2019_mi,mlp,hifi_erm,1001,direction_adverse_decision,0.0401432922132091,False,lower,transfer_complete / hmda_2019_mi / mlp / direction_adverse_decision
hmda_2019_mi,mlp,hifi_erm,1002,direction_adverse_decision,0.02449381759854,False,lower,transfer_complete / hmda_2019_mi / mlp / direction_adverse_decision
hmda_2019_mi,mlp,hifi_erm,1003,direction_adverse_decision,0.0234801268204849,False,lower,transfer_complete / hmda_2019_mi / mlp / direction_adverse_decision
hmda_2019_mi,mlp,hifi_erm,1004,direction_adverse_decision,0.0209628265942753,False,lower,transfer_complete / hmda_2019_mi / mlp / direction_adverse_decision
hmda_2019_mi,mlp,hifi_erm,1005,direction_adverse_decision,0.0371481515051946,False,lower,transfer_complete / hmda_2019_mi / mlp / direction_adverse_decision
hmda_2019_mi,mlp,hifi_erm,1006,direction_adverse_decision,0.0262759313542067,False,lower,transfer_complete / hmda_2019_mi / mlp / direction_adverse_decision
hmda_2019_mi,mlp,hifi_erm,1007,direction_adverse_decision,0.0245824593260386,False,lower,transfer_complete / hmda_2019_mi / mlp / direction_adverse_decision
hmda_2019_mi,mlp,hifi_erm,1008,direction_adverse_decision,0.0211330229077359,False,lower,transfer_complete / hmda_2019_mi / mlp / direction_adverse_decision
hmda_2019_mi,mlp,hifi_erm,1009,direction_adverse_decision,0.0300286562518558,False,lower,transfer_complete / hmda_2019_mi / mlp / direction_adverse_decision
hmda_2019_mi,mlp,hifi_shared,1000,direction_adverse_decision,0.0100777800985964,False,lower,transfer_complete / hmda_2019_mi / mlp / direction_adverse_decision
hmda_2019_mi,mlp,hifi_shared,1001,direction_adverse_decision,0.0083548027590555,False,lower,transfer_complete / hmda_2019_mi / mlp / direction_adverse_decision
hmda_2019_mi,mlp,hifi_shared,1002,direction_adverse_decision,0.0086436459829662,False,lower,transfer_complete / hmda_2019_mi / mlp / direction_adverse_decision
hmda_2019_mi,mlp,hifi_shared,1003,direction_adverse_decision,0.0096199875240575,False,lower,transfer_complete / hmda_2019_mi / mlp / direction_adverse_decision
hmda_2019_mi,mlp,hifi_shared,1004,direction_adverse_decision,0.0089373447674535,False,lower,transfer_complete / hmda_2019_mi / mlp / direction_adverse_decision
hmda_2019_mi,mlp,hifi_shared,1005,direction_adverse_decision,0.0143597593948797,False,lower,transfer_complete / hmda_2019_mi / mlp / direction_adverse_decision
hmda_2019_mi,mlp,hifi_shared,1006,direction_adverse_decision,0.0209862369447539,False,lower,transfer_complete / hmda_2019_mi / mlp / direction_adverse_decision
hmda_2019_mi,mlp,hifi_shared,1007,direction_adverse_decision,0.0086788797395496,False,lower,transfer_complete / hmda_2019_mi / mlp / direction_adverse_decision
hmda_2019_mi,mlp,hifi_shared,1008,direction_adverse_decision,0.0177239154637534,False,lower,transfer_complete / hmda_2019_mi / mlp / direction_adverse_decision
hmda_2019_mi,mlp,hifi_shared,1009,direction_adverse_decision,0.0158177961700524,False,lower,transfer_complete / hmda_2019_mi / mlp / direction_adverse_decision
hmda_2019_mi,mlp,ltdd,1000,direction_adverse_decision,0.0111492399687935,False,lower,transfer_complete / hmda_2019_mi / mlp / direction_adverse_decision
hmda_2019_mi,mlp,ltdd,1001,direction_adverse_decision,0.0164083089625647,False,lower,transfer_complete / hmda_2019_mi / mlp / direction_adverse_decision
hmda_2019_mi,mlp,ltdd,1002,direction_adverse_decision,0.0047863377895897,False,lower,transfer_complete / hmda_2019_mi / mlp / direction_adverse_decision
hmda_2019_mi,mlp,ltdd,1003,direction_adverse_decision,0.0139881221846898,False,lower,transfer_complete / hmda_2019_mi / mlp / direction_adverse_decision
hmda_2019_mi,mlp,ltdd,1004,direction_adverse_decision,0.0064590148192381,False,lower,transfer_complete / hmda_2019_mi / mlp / direction_adverse_decision
hmda_2019_mi,mlp,ltdd,1005,direction_adverse_decision,0.0083195679373291,False,lower,transfer_complete / hmda_2019_mi / mlp / direction_adverse_decision
hmda_2019_mi,mlp,ltdd,1006,direction_adverse_decision,0.0165191151428526,False,lower,transfer_complete / hmda_2019_mi / mlp / direction_adverse_decision
hmda_2019_mi,mlp,ltdd,1007,direction_adverse_decision,0.0095247423364282,False,lower,transfer_complete / hmda_2019_mi / mlp / direction_adverse_decision
hmda_2019_mi,mlp,ltdd,1008,direction_adverse_decision,0.003453051513419,False,lower,transfer_complete / hmda_2019_mi / mlp / direction_adverse_decision
hmda_2019_mi,mlp,ltdd,1009,direction_adverse_decision,0.0101182424288119,False,lower,transfer_complete / hmda_2019_mi / mlp / direction_adverse_decision
hmda_2019_mi,mlp,mirrorfair,1000,direction_adverse_decision,0.0061242324066622,False,lower,transfer_complete / hmda_2019_mi / mlp / direction_adverse_decision
hmda_2019_mi,mlp,mirrorfair,1001,direction_adverse_decision,0.0028438646349963,False,lower,transfer_complete / hmda_2019_mi / mlp / direction_adverse_decision
hmda_2019_mi,mlp,mirrorfair,1002,direction_adverse_decision,0.005261063047857,False,lower,transfer_complete / hmda_2019_mi / mlp / direction_adverse_decision
hmda_2019_mi,mlp,mirrorfair,1003,direction_adverse_decision,0.0078500712526939,False,lower,transfer_complete / hmda_2019_mi / mlp / direction_adverse_decision
hmda_2019_mi,mlp,mirrorfair,1004,direction_adverse_decision,0.0059709709072159,False,lower,transfer_complete / hmda_2019_mi / mlp / direction_adverse_decision
hmda_2019_mi,mlp,mirrorfair,1005,direction_adverse_decision,0.0101148810507423,False,lower,transfer_complete / hmda_2019_mi / mlp / direction_adverse_decision
hmda_2019_mi,mlp,mirrorfair,1006,direction_adverse_decision,0.0099260117165143,False,lower,transfer_complete / hmda_2019_mi / mlp / direction_adverse_decision
hmda_2019_mi,mlp,mirrorfair,1007,direction_adverse_decision,0.0069644923517104,False,lower,transfer_complete / hmda_2019_mi / mlp / direction_adverse_decision
hmda_2019_mi,mlp,mirrorfair,1008,direction_adverse_decision,0.0084986003570233,False,lower,transfer_complete / hmda_2019_mi / mlp / direction_adverse_decision
hmda_2019_mi,mlp,mirrorfair,1009,direction_adverse_decision,0.0051482638786262,False,lower,transfer_complete / hmda_2019_mi / mlp / direction_adverse_decision
hmda_2019_mi,mlp,neufair,1000,direction_adverse_decision,0.006119251052705,False,lower,transfer_complete / hmda_2019_mi / mlp / direction_adverse_decision
hmda_2019_mi,mlp,neufair,1001,direction_adverse_decision,0.0047924403129987,False,lower,transfer_complete / hmda_2019_mi / mlp / direction_adverse_decision
hmda_2019_mi,mlp,neufair,1002,direction_adverse_decision,0.0061051842425535,False,lower,transfer_complete / hmda_2019_mi / mlp / direction_adverse_decision
hmda_2019_mi,mlp,neufair,1003,direction_adverse_decision,0.0049123352514239,False,lower,transfer_complete / hmda_2019_mi / mlp / direction_adverse_decision
hmda_2019_mi,mlp,neufair,1004,direction_adverse_decision,0.0057623063176257,False,lower,transfer_complete / hmda_2019_mi / mlp / direction_adverse_decision
hmda_2019_mi,mlp,neufair,1005,direction_adverse_decision,0.005599086477351,False,lower,transfer_complete / hmda_2019_mi / mlp / direction_adverse_decision
hmda_2019_mi,mlp,neufair,1006,direction_adverse_decision,0.0036706790677662,False,lower,transfer_complete / hmda_2019_mi / mlp / direction_adverse_decision
hmda_2019_mi,mlp,neufair,1007,direction_adverse_decision,0.0056217421740612,False,lower,transfer_complete / hmda_2019_mi / mlp / direction_adverse_decision
hmda_2019_mi,mlp,neufair,1008,direction_adverse_decision,0.0074444493790386,False,lower,transfer_complete / hmda_2019_mi / mlp / direction_adverse_decision
hmda_2019_mi,mlp,neufair,1009,direction_adverse_decision,0.0084967331614608,False,lower,transfer_complete / hmda_2019_mi / mlp / direction_adverse_decision
hmda_2020_oh,ft,cot_phi,1000,direction_adverse_decision,0.0026400291263276,False,lower,transfer_complete / hmda_2020_oh / ft / direction_adverse_decision
hmda_2020_oh,ft,cot_phi,1001,direction_adverse_decision,0.0043444492895968,False,lower,transfer_complete / hmda_2020_oh / ft / direction_adverse_decision
hmda_2020_oh,ft,cot_phi,1002,direction_adverse_decision,0.0032579155860958,False,lower,transfer_complete / hmda_2020_oh / ft / direction_adverse_decision
hmda_2020_oh,ft,cot_phi,1003,direction_adverse_decision,0.0017156577205807,False,lower,transfer_complete / hmda_2020_oh / ft / direction_adverse_decision
hmda_2020_oh,ft,cot_phi,1004,direction_adverse_decision,0.0039911066595835,False,lower,transfer_complete / hmda_2020_oh / ft / direction_adverse_decision
hmda_2020_oh,ft,cot_phi,1005,direction_adverse_decision,0.0042980832623432,False,lower,transfer_complete / hmda_2020_oh / ft / direction_adverse_decision
hmda_2020_oh,ft,cot_phi,1006,direction_adverse_decision,0.0009281641086369,False,lower,transfer_complete / hmda_2020_oh / ft / direction_adverse_decision
hmda_2020_oh,ft,cot_phi,1007,direction_adverse_decision,0.0031246899438241,False,lower,transfer_complete / hmda_2020_oh / ft / direction_adverse_decision
hmda_2020_oh,ft,cot_phi,1008,direction_adverse_decision,0.0038781197784108,False,lower,transfer_complete / hmda_2020_oh / ft / direction_adverse_decision
hmda_2020_oh,ft,cot_phi,1009,direction_adverse_decision,0.002323641042022,False,lower,transfer_complete / hmda_2020_oh / ft / direction_adverse_decision
hmda_2020_oh,ft,hifi,1000,direction_adverse_decision,0.0012394250710678,False,lower,transfer_complete / hmda_2020_oh / ft / direction_adverse_decision
hmda_2020_oh,ft,hifi,1001,direction_adverse_decision,0.0065872123776778,False,lower,transfer_complete / hmda_2020_oh / ft / direction_adverse_decision
hmda_2020_oh,ft,hifi,1002,direction_adverse_decision,0.0025413271877423,False,lower,transfer_complete / hmda_2020_oh / ft / direction_adverse_decision
hmda_2020_oh,ft,hifi,1003,direction_adverse_decision,0.0031670096073544,False,lower,transfer_complete / hmda_2020_oh / ft / direction_adverse_decision
hmda_2020_oh,ft,hifi,1004,direction_adverse_decision,0.0009765942076041,False,lower,transfer_complete / hmda_2020_oh / ft / direction_adverse_decision
hmda_2020_oh,ft,hifi,1005,direction_adverse_decision,0.0,False,lower,transfer_complete / hmda_2020_oh / ft / direction_adverse_decision
hmda_2020_oh,ft,hifi,1006,direction_adverse_decision,0.0010823898951884,False,lower,transfer_complete / hmda_2020_oh / ft / direction_adverse_decision
hmda_2020_oh,ft,hifi,1007,direction_adverse_decision,0.0004654867489824,False,lower,transfer_complete / hmda_2020_oh / ft / direction_adverse_decision
hmda_2020_oh,ft,hifi,1008,direction_adverse_decision,0.0026786966383265,False,lower,transfer_complete / hmda_2020_oh / ft / direction_adverse_decision
hmda_2020_oh,ft,hifi,1009,direction_adverse_decision,0.0014105071935866,False,lower,transfer_complete / hmda_2020_oh / ft / direction_adverse_decision
hmda_2020_oh,ft,hifi_erm,1000,direction_adverse_decision,0.0001542257865515,False,lower,transfer_complete / hmda_2020_oh / ft / direction_adverse_decision
hmda_2020_oh,ft,hifi_erm,1001,direction_adverse_decision,0.0044294828288492,False,lower,transfer_complete / hmda_2020_oh / ft / direction_adverse_decision
hmda_2020_oh,ft,hifi_erm,1002,direction_adverse_decision,0.0,False,lower,transfer_complete / hmda_2020_oh / ft / direction_adverse_decision
hmda_2020_oh,ft,hifi_erm,1003,direction_adverse_decision,0.0053501207040419,False,lower,transfer_complete / hmda_2020_oh / ft / direction_adverse_decision
hmda_2020_oh,ft,hifi_erm,1004,direction_adverse_decision,0.0028984625206456,False,lower,transfer_complete / hmda_2020_oh / ft / direction_adverse_decision
hmda_2020_oh,ft,hifi_erm,1005,direction_adverse_decision,0.0009394016659484,False,lower,transfer_complete / hmda_2020_oh / ft / direction_adverse_decision
hmda_2020_oh,ft,hifi_erm,1006,direction_adverse_decision,0.0,False,lower,transfer_complete / hmda_2020_oh / ft / direction_adverse_decision
hmda_2020_oh,ft,hifi_erm,1007,direction_adverse_decision,0.0042775747748445,False,lower,transfer_complete / hmda_2020_oh / ft / direction_adverse_decision
hmda_2020_oh,ft,hifi_erm,1008,direction_adverse_decision,0.0026758872489986,False,lower,transfer_complete / hmda_2020_oh / ft / direction_adverse_decision
hmda_2020_oh,ft,hifi_erm,1009,direction_adverse_decision,0.0036152889149471,False,lower,transfer_complete / hmda_2020_oh / ft / direction_adverse_decision
hmda_2020_oh,ft,hifi_shared,1000,direction_adverse_decision,0.0063583043395312,False,lower,transfer_complete / hmda_2020_oh / ft / direction_adverse_decision
hmda_2020_oh,ft,hifi_shared,1001,direction_adverse_decision,0.0065176572479574,False,lower,transfer_complete / hmda_2020_oh / ft / direction_adverse_decision
hmda_2020_oh,ft,hifi_shared,1002,direction_adverse_decision,0.0081884239116278,False,lower,transfer_complete / hmda_2020_oh / ft / direction_adverse_decision
hmda_2020_oh,ft,hifi_shared,1003,direction_adverse_decision,0.0027982856117171,False,lower,transfer_complete / hmda_2020_oh / ft / direction_adverse_decision
hmda_2020_oh,ft,hifi_shared,1004,direction_adverse_decision,0.0098619407922903,False,lower,transfer_complete / hmda_2020_oh / ft / direction_adverse_decision
hmda_2020_oh,ft,hifi_shared,1005,direction_adverse_decision,0.0066375973267704,False,lower,transfer_complete / hmda_2020_oh / ft / direction_adverse_decision
hmda_2020_oh,ft,hifi_shared,1006,direction_adverse_decision,0.0016992930413945,False,lower,transfer_complete / hmda_2020_oh / ft / direction_adverse_decision
hmda_2020_oh,ft,hifi_shared,1007,direction_adverse_decision,0.0063165737773712,False,lower,transfer_complete / hmda_2020_oh / ft / direction_adverse_decision
hmda_2020_oh,ft,hifi_shared,1008,direction_adverse_decision,0.0080641994731436,False,lower,transfer_complete / hmda_2020_oh / ft / direction_adverse_decision
hmda_2020_oh,ft,hifi_shared,1009,direction_adverse_decision,0.0110322053465108,False,lower,transfer_complete / hmda_2020_oh / ft / direction_adverse_decision
hmda_2020_oh,ft,reweighing,1000,direction_adverse_decision,0.0026349020044529,False,lower,transfer_complete / hmda_2020_oh / ft / direction_adverse_decision
hmda_2020_oh,ft,reweighing,1001,direction_adverse_decision,0.0040416164951495,False,lower,transfer_complete / hmda_2020_oh / ft / direction_adverse_decision
hmda_2020_oh,ft,reweighing,1002,direction_adverse_decision,0.00419914332781,False,lower,transfer_complete / hmda_2020_oh / ft / direction_adverse_decision
hmda_2020_oh,ft,reweighing,1003,direction_adverse_decision,0.0021329523665439,False,lower,transfer_complete / hmda_2020_oh / ft / direction_adverse_decision
hmda_2020_oh,ft,reweighing,1004,direction_adverse_decision,0.0056440336737245,False,lower,transfer_complete / hmda_2020_oh / ft / direction_adverse_decision
hmda_2020_oh,ft,reweighing,1005,direction_adverse_decision,0.0036803373539337,False,lower,transfer_complete / hmda_2020_oh / ft / direction_adverse_decision
hmda_2020_oh,ft,reweighing,1006,direction_adverse_decision,0.0020105540038254,False,lower,transfer_complete / hmda_2020_oh / ft / direction_adverse_decision
hmda_2020_oh,ft,reweighing,1007,direction_adverse_decision,0.0026494406078734,False,lower,transfer_complete / hmda_2020_oh / ft / direction_adverse_decision
hmda_2020_oh,ft,reweighing,1008,direction_adverse_decision,0.0004654867489824,False,lower,transfer_complete / hmda_2020_oh / ft / direction_adverse_decision
hmda_2020_oh,ft,reweighing,1009,direction_adverse_decision,0.0041996349845911,False,lower,transfer_complete / hmda_2020_oh / ft / direction_adverse_decision
hmda_2020_oh,mlp,cot_phi,1000,direction_adverse_decision,0.0023208316526941,False,lower,transfer_complete / hmda_2020_oh / mlp / direction_adverse_decision
hmda_2020_oh,mlp,cot_phi,1001,direction_adverse_decision,0.0018581542930396,False,lower,transfer_complete / hmda_2020_oh / mlp / direction_adverse_decision
hmda_2020_oh,mlp,cot_phi,1002,direction_adverse_decision,0.0031064991888722,False,lower,transfer_complete / hmda_2020_oh / mlp / direction_adverse_decision
hmda_2020_oh,mlp,cot_phi,1003,direction_adverse_decision,0.0035686848917456,False,lower,transfer_complete / hmda_2020_oh / mlp / direction_adverse_decision
hmda_2020_oh,mlp,cot_phi,1004,direction_adverse_decision,0.0027942549128791,False,lower,transfer_complete / hmda_2020_oh / mlp / direction_adverse_decision
hmda_2020_oh,mlp,cot_phi,1005,direction_adverse_decision,0.0049506065352724,False,lower,transfer_complete / hmda_2020_oh / mlp / direction_adverse_decision
hmda_2020_oh,mlp,cot_phi,1006,direction_adverse_decision,0.0054399028178625,False,lower,transfer_complete / hmda_2020_oh / mlp / direction_adverse_decision
hmda_2020_oh,mlp,cot_phi,1007,direction_adverse_decision,0.0038663905643182,False,lower,transfer_complete / hmda_2020_oh / mlp / direction_adverse_decision
hmda_2020_oh,mlp,cot_phi,1008,direction_adverse_decision,0.0029466546236649,False,lower,transfer_complete / hmda_2020_oh / mlp / direction_adverse_decision
hmda_2020_oh,mlp,cot_phi,1009,direction_adverse_decision,0.0044940396110547,False,lower,transfer_complete / hmda_2020_oh / mlp / direction_adverse_decision
hmda_2020_oh,mlp,dralign,1000,direction_adverse_decision,0.0041251750640587,False,lower,transfer_complete / hmda_2020_oh / mlp / direction_adverse_decision
hmda_2020_oh,mlp,dralign,1001,direction_adverse_decision,0.0050814330659745,False,lower,transfer_complete / hmda_2020_oh / mlp / direction_adverse_decision
hmda_2020_oh,mlp,dralign,1002,direction_adverse_decision,0.0037227701269385,False,lower,transfer_complete / hmda_2020_oh / mlp / direction_adverse_decision
hmda_2020_oh,mlp,dralign,1003,direction_adverse_decision,0.0081700926053173,False,lower,transfer_complete / hmda_2020_oh / mlp / direction_adverse_decision
hmda_2020_oh,mlp,dralign,1004,direction_adverse_decision,0.0069899566432215,False,lower,transfer_complete / hmda_2020_oh / mlp / direction_adverse_decision
hmda_2020_oh,mlp,dralign,1005,direction_adverse_decision,0.0124779384546288,False,lower,transfer_complete / hmda_2020_oh / mlp / direction_adverse_decision
hmda_2020_oh,mlp,dralign,1006,direction_adverse_decision,0.015580644940611,False,lower,transfer_complete / hmda_2020_oh / mlp / direction_adverse_decision
hmda_2020_oh,mlp,dralign,1007,direction_adverse_decision,0.0037295127705151,False,lower,transfer_complete / hmda_2020_oh / mlp / direction_adverse_decision
hmda_2020_oh,mlp,dralign,1008,direction_adverse_decision,0.0038943439062384,False,lower,transfer_complete / hmda_2020_oh / mlp / direction_adverse_decision
hmda_2020_oh,mlp,dralign,1009,direction_adverse_decision,0.0041809525728581,False,lower,transfer_complete / hmda_2020_oh / mlp / direction_adverse_decision
hmda_2020_oh,mlp,hifi,1000,direction_adverse_decision,0.0090636199007933,False,lower,transfer_complete / hmda_2020_oh / mlp / direction_adverse_decision
hmda_2020_oh,mlp,hifi,1001,direction_adverse_decision,0.0119635299498981,False,lower,transfer_complete / hmda_2020_oh / mlp / direction_adverse_decision
hmda_2020_oh,mlp,hifi,1002,direction_adverse_decision,0.0111170983344046,False,lower,transfer_complete / hmda_2020_oh / mlp / direction_adverse_decision
hmda_2020_oh,mlp,hifi,1003,direction_adverse_decision,0.0151850526497725,False,lower,transfer_complete / hmda_2020_oh / mlp / direction_adverse_decision
hmda_2020_oh,mlp,hifi,1004,direction_adverse_decision,0.0131953696151859,False,lower,transfer_complete / hmda_2020_oh / mlp / direction_adverse_decision
hmda_2020_oh,mlp,hifi,1005,direction_adverse_decision,0.0248551700712946,False,lower,transfer_complete / hmda_2020_oh / mlp / direction_adverse_decision
hmda_2020_oh,mlp,hifi,1006,direction_adverse_decision,0.0214632674597463,False,lower,transfer_complete / hmda_2020_oh / mlp / direction_adverse_decision
hmda_2020_oh,mlp,hifi,1007,direction_adverse_decision,0.0137682244666852,False,lower,transfer_complete / hmda_2020_oh / mlp / direction_adverse_decision
hmda_2020_oh,mlp,hifi,1008,direction_adverse_decision,0.0129382980817366,False,lower,transfer_complete / hmda_2020_oh / mlp / direction_adverse_decision
hmda_2020_oh,mlp,hifi,1009,direction_adverse_decision,0.0192366811041559,False,lower,transfer_complete / hmda_2020_oh / mlp / direction_adverse_decision
hmda_2020_oh,mlp,hifi_erm,1000,direction_adverse_decision,0.0242021773482713,False,lower,transfer_complete / hmda_2020_oh / mlp / direction_adverse_decision
hmda_2020_oh,mlp,hifi_erm,1001,direction_adverse_decision,0.0300229871610728,False,lower,transfer_complete / hmda_2020_oh / mlp / direction_adverse_decision
hmda_2020_oh,mlp,hifi_erm,1002,direction_adverse_decision,0.0152253356834733,False,lower,transfer_complete / hmda_2020_oh / mlp / direction_adverse_decision
hmda_2020_oh,mlp,hifi_erm,1003,direction_adverse_decision,0.0150724443159065,False,lower,transfer_complete / hmda_2020_oh / mlp / direction_adverse_decision
hmda_2020_oh,mlp,hifi_erm,1004,direction_adverse_decision,0.0122957593261571,False,lower,transfer_complete / hmda_2020_oh / mlp / direction_adverse_decision
hmda_2020_oh,mlp,hifi_erm,1005,direction_adverse_decision,0.0257449268705675,False,lower,transfer_complete / hmda_2020_oh / mlp / direction_adverse_decision
hmda_2020_oh,mlp,hifi_erm,1006,direction_adverse_decision,0.0190222960045446,False,lower,transfer_complete / hmda_2020_oh / mlp / direction_adverse_decision
hmda_2020_oh,mlp,hifi_erm,1007,direction_adverse_decision,0.0129465856983616,False,lower,transfer_complete / hmda_2020_oh / mlp / direction_adverse_decision
hmda_2020_oh,mlp,hifi_erm,1008,direction_adverse_decision,0.014401141186655,False,lower,transfer_complete / hmda_2020_oh / mlp / direction_adverse_decision
hmda_2020_oh,mlp,hifi_erm,1009,direction_adverse_decision,0.0232945491690172,False,lower,transfer_complete / hmda_2020_oh / mlp / direction_adverse_decision
hmda_2020_oh,mlp,hifi_shared,1000,direction_adverse_decision,0.0064608964255958,False,lower,transfer_complete / hmda_2020_oh / mlp / direction_adverse_decision
hmda_2020_oh,mlp,hifi_shared,1001,direction_adverse_decision,0.003884089662489,False,lower,transfer_complete / hmda_2020_oh / mlp / direction_adverse_decision
hmda_2020_oh,mlp,hifi_shared,1002,direction_adverse_decision,0.0048094443817981,False,lower,transfer_complete / hmda_2020_oh / mlp / direction_adverse_decision
hmda_2020_oh,mlp,hifi_shared,1003,direction_adverse_decision,0.0063736857051552,False,lower,transfer_complete / hmda_2020_oh / mlp / direction_adverse_decision
hmda_2020_oh,mlp,hifi_shared,1004,direction_adverse_decision,0.0058885332308776,False,lower,transfer_complete / hmda_2020_oh / mlp / direction_adverse_decision
hmda_2020_oh,mlp,hifi_shared,1005,direction_adverse_decision,0.0122911238610635,False,lower,transfer_complete / hmda_2020_oh / mlp / direction_adverse_decision
hmda_2020_oh,mlp,hifi_shared,1006,direction_adverse_decision,0.0120443383018153,False,lower,transfer_complete / hmda_2020_oh / mlp / direction_adverse_decision
hmda_2020_oh,mlp,hifi_shared,1007,direction_adverse_decision,0.0041322688130577,False,lower,transfer_complete / hmda_2020_oh / mlp / direction_adverse_decision
hmda_2020_oh,mlp,hifi_shared,1008,direction_adverse_decision,0.0130789685784297,False,lower,transfer_complete / hmda_2020_oh / mlp / direction_adverse_decision
hmda_2020_oh,mlp,hifi_shared,1009,direction_adverse_decision,0.0085724975424375,False,lower,transfer_complete / hmda_2020_oh / mlp / direction_adverse_decision
hmda_2020_oh,mlp,ltdd,1000,direction_adverse_decision,0.006067551864599,False,lower,transfer_complete / hmda_2020_oh / mlp / direction_adverse_decision
hmda_2020_oh,mlp,ltdd,1001,direction_adverse_decision,0.0108015804541867,False,lower,transfer_complete / hmda_2020_oh / mlp / direction_adverse_decision
hmda_2020_oh,mlp,ltdd,1002,direction_adverse_decision,0.0034050476236483,False,lower,transfer_complete / hmda_2020_oh / mlp / direction_adverse_decision
hmda_2020_oh,mlp,ltdd,1003,direction_adverse_decision,0.0095473787837504,False,lower,transfer_complete / hmda_2020_oh / mlp / direction_adverse_decision
hmda_2020_oh,mlp,ltdd,1004,direction_adverse_decision,0.0050753226305377,False,lower,transfer_complete / hmda_2020_oh / mlp / direction_adverse_decision
hmda_2020_oh,mlp,ltdd,1005,direction_adverse_decision,0.0069765419047218,False,lower,transfer_complete / hmda_2020_oh / mlp / direction_adverse_decision
hmda_2020_oh,mlp,ltdd,1006,direction_adverse_decision,0.0131543526401884,False,lower,transfer_complete / hmda_2020_oh / mlp / direction_adverse_decision
hmda_2020_oh,mlp,ltdd,1007,direction_adverse_decision,0.0047968724055019,False,lower,transfer_complete / hmda_2020_oh / mlp / direction_adverse_decision
hmda_2020_oh,mlp,ltdd,1008,direction_adverse_decision,0.004608360911212,False,lower,transfer_complete / hmda_2020_oh / mlp / direction_adverse_decision
hmda_2020_oh,mlp,ltdd,1009,direction_adverse_decision,0.0070259553172512,False,lower,transfer_complete / hmda_2020_oh / mlp / direction_adverse_decision
hmda_2020_oh,mlp,mirrorfair,1000,direction_adverse_decision,0.0041345865456045,False,lower,transfer_complete / hmda_2020_oh / mlp / direction_adverse_decision
hmda_2020_oh,mlp,mirrorfair,1001,direction_adverse_decision,0.0027245710087989,False,lower,transfer_complete / hmda_2020_oh / mlp / direction_adverse_decision
hmda_2020_oh,mlp,mirrorfair,1002,direction_adverse_decision,0.004338830510941,False,lower,transfer_complete / hmda_2020_oh / mlp / direction_adverse_decision
hmda_2020_oh,mlp,mirrorfair,1003,direction_adverse_decision,0.0044902469081646,False,lower,transfer_complete / hmda_2020_oh / mlp / direction_adverse_decision
hmda_2020_oh,mlp,mirrorfair,1004,direction_adverse_decision,0.0041405564296828,False,lower,transfer_complete / hmda_2020_oh / mlp / direction_adverse_decision
hmda_2020_oh,mlp,mirrorfair,1005,direction_adverse_decision,0.0071345603941634,False,lower,transfer_complete / hmda_2020_oh / mlp / direction_adverse_decision
hmda_2020_oh,mlp,mirrorfair,1006,direction_adverse_decision,0.007393836550685,False,lower,transfer_complete / hmda_2020_oh / mlp / direction_adverse_decision
hmda_2020_oh,mlp,mirrorfair,1007,direction_adverse_decision,0.0035607483805431,False,lower,transfer_complete / hmda_2020_oh / mlp / direction_adverse_decision
hmda_2020_oh,mlp,mirrorfair,1008,direction_adverse_decision,0.005937946643407,False,lower,transfer_complete / hmda_2020_oh / mlp / direction_adverse_decision
hmda_2020_oh,mlp,mirrorfair,1009,direction_adverse_decision,0.0052717706360302,False,lower,transfer_complete / hmda_2020_oh / mlp / direction_adverse_decision
hmda_2020_oh,mlp,neufair,1000,direction_adverse_decision,0.00712550001804,False,lower,transfer_complete / hmda_2020_oh / mlp / direction_adverse_decision
hmda_2020_oh,mlp,neufair,1001,direction_adverse_decision,0.0044752758202989,False,lower,transfer_complete / hmda_2020_oh / mlp / direction_adverse_decision
hmda_2020_oh,mlp,neufair,1002,direction_adverse_decision,0.0046230400659911,False,lower,transfer_complete / hmda_2020_oh / mlp / direction_adverse_decision
hmda_2020_oh,mlp,neufair,1003,direction_adverse_decision,0.0033606482235191,False,lower,transfer_complete / hmda_2020_oh / mlp / direction_adverse_decision
hmda_2020_oh,mlp,neufair,1004,direction_adverse_decision,0.0056025567723977,False,lower,transfer_complete / hmda_2020_oh / mlp / direction_adverse_decision
hmda_2020_oh,mlp,neufair,1005,direction_adverse_decision,0.0034397436091451,False,lower,transfer_complete / hmda_2020_oh / mlp / direction_adverse_decision
hmda_2020_oh,mlp,neufair,1006,direction_adverse_decision,0.0030414507498856,False,lower,transfer_complete / hmda_2020_oh / mlp / direction_adverse_decision
hmda_2020_oh,mlp,neufair,1007,direction_adverse_decision,0.0038069609039874,False,lower,transfer_complete / hmda_2020_oh / mlp / direction_adverse_decision
hmda_2020_oh,mlp,neufair,1008,direction_adverse_decision,0.0086079657414843,False,lower,transfer_complete / hmda_2020_oh / mlp / direction_adverse_decision
hmda_2020_oh,mlp,neufair,1009,direction_adverse_decision,0.004500501151914,False,lower,transfer_complete / hmda_2020_oh / mlp / direction_adverse_decision
hmda_2019_mi,ft,erm,1000,direction_adverse_decision,0.0096291977084893,False,lower,transfer_complete / hmda_2019_mi / ft / direction_adverse_decision
hmda_2019_mi,ft,soft,1000,direction_adverse_decision,0.0,False,lower,transfer_complete / hmda_2019_mi / ft / direction_adverse_decision
hmda_2019_mi,ft,erm,1001,direction_adverse_decision,0.0136408885707639,False,lower,transfer_complete / hmda_2019_mi / ft / direction_adverse_decision
hmda_2019_mi,ft,soft,1001,direction_adverse_decision,0.0,False,lower,transfer_complete / hmda_2019_mi / ft / direction_adverse_decision
hmda_2019_mi,ft,erm,1002,direction_adverse_decision,0.0107705059242662,False,lower,transfer_complete / hmda_2019_mi / ft / direction_adverse_decision
hmda_2019_mi,ft,soft,1002,direction_adverse_decision,0.0,False,lower,transfer_complete / hmda_2019_mi / ft / direction_adverse_decision
hmda_2019_mi,ft,erm,1003,direction_adverse_decision,0.0082454907612748,False,lower,transfer_complete / hmda_2019_mi / ft / direction_adverse_decision
hmda_2019_mi,ft,soft,1003,direction_adverse_decision,0.0,False,lower,transfer_complete / hmda_2019_mi / ft / direction_adverse_decision
hmda_2019_mi,ft,erm,1004,direction_adverse_decision,0.0053381275237826,False,lower,transfer_complete / hmda_2019_mi / ft / direction_adverse_decision
hmda_2019_mi,ft,soft,1004,direction_adverse_decision,0.0,False,lower,transfer_complete / hmda_2019_mi / ft / direction_adverse_decision
hmda_2019_mi,ft,erm,1005,direction_adverse_decision,0.0060740589552932,False,lower,transfer_complete / hmda_2019_mi / ft / direction_adverse_decision
hmda_2019_mi,ft,soft,1005,direction_adverse_decision,0.0,False,lower,transfer_complete / hmda_2019_mi / ft / direction_adverse_decision
hmda_2019_mi,ft,erm,1006,direction_adverse_decision,0.0109760563554617,False,lower,transfer_complete / hmda_2019_mi / ft / direction_adverse_decision
hmda_2019_mi,ft,soft,1006,direction_adverse_decision,0.0,False,lower,transfer_complete / hmda_2019_mi / ft / direction_adverse_decision
hmda_2019_mi,ft,erm,1007,direction_adverse_decision,0.011139776067315,False,lower,transfer_complete / hmda_2019_mi / ft / direction_adverse_decision
hmda_2019_mi,ft,soft,1007,direction_adverse_decision,0.0,False,lower,transfer_complete / hmda_2019_mi / ft / direction_adverse_decision
hmda_2019_mi,ft,erm,1008,direction_adverse_decision,0.0135902141826733,False,lower,transfer_complete / hmda_2019_mi / ft / direction_adverse_decision
hmda_2019_mi,ft,soft,1008,direction_adverse_decision,0.0,False,lower,transfer_complete / hmda_2019_mi / ft / direction_adverse_decision
hmda_2019_mi,ft,erm,1009,direction_adverse_decision,0.0063534382777252,False,lower,transfer_complete / hmda_2019_mi / ft / direction_adverse_decision
hmda_2019_mi,ft,soft,1009,direction_adverse_decision,0.0,False,lower,transfer_complete / hmda_2019_mi / ft / direction_adverse_decision
hmda_2019_mi,mlp,erm,1000,direction_adverse_decision,0.0103785757174211,False,lower,transfer_complete / hmda_2019_mi / mlp / direction_adverse_decision
hmda_2019_mi,mlp,soft,1000,direction_adverse_decision,0.0,False,lower,transfer_complete / hmda_2019_mi / mlp / direction_adverse_decision
hmda_2019_mi,mlp,erm,1001,direction_adverse_decision,0.0157688696815157,False,lower,transfer_complete / hmda_2019_mi / mlp / direction_adverse_decision
hmda_2019_mi,mlp,soft,1001,direction_adverse_decision,0.0,False,lower,transfer_complete / hmda_2019_mi / mlp / direction_adverse_decision
hmda_2019_mi,mlp,erm,1002,direction_adverse_decision,0.0100583589214324,False,lower,transfer_complete / hmda_2019_mi / mlp / direction_adverse_decision
hmda_2019_mi,mlp,soft,1002,direction_adverse_decision,0.0,False,lower,transfer_complete / hmda_2019_mi / mlp / direction_adverse_decision
hmda_2019_mi,mlp,erm,1003,direction_adverse_decision,0.0080029597390849,False,lower,transfer_complete / hmda_2019_mi / mlp / direction_adverse_decision
hmda_2019_mi,mlp,soft,1003,direction_adverse_decision,0.0,False,lower,transfer_complete / hmda_2019_mi / mlp / direction_adverse_decision
hmda_2019_mi,mlp,erm,1004,direction_adverse_decision,0.009878325693438,False,lower,transfer_complete / hmda_2019_mi / mlp / direction_adverse_decision
hmda_2019_mi,mlp,soft,1004,direction_adverse_decision,0.0,False,lower,transfer_complete / hmda_2019_mi / mlp / direction_adverse_decision
hmda_2019_mi,mlp,erm,1005,direction_adverse_decision,0.0089707113284745,False,lower,transfer_complete / hmda_2019_mi / mlp / direction_adverse_decision
hmda_2019_mi,mlp,soft,1005,direction_adverse_decision,0.0,False,lower,transfer_complete / hmda_2019_mi / mlp / direction_adverse_decision
hmda_2019_mi,mlp,erm,1006,direction_adverse_decision,0.0152155857648156,False,lower,transfer_complete / hmda_2019_mi / mlp / direction_adverse_decision
hmda_2019_mi,mlp,soft,1006,direction_adverse_decision,0.0,False,lower,transfer_complete / hmda_2019_mi / mlp / direction_adverse_decision
hmda_2019_mi,mlp,erm,1007,direction_adverse_decision,0.0104535247129666,False,lower,transfer_complete / hmda_2019_mi / mlp / direction_adverse_decision
hmda_2019_mi,mlp,soft,1007,direction_adverse_decision,0.0,False,lower,transfer_complete / hmda_2019_mi / mlp / direction_adverse_decision
hmda_2019_mi,mlp,erm,1008,direction_adverse_decision,0.0089358505849464,False,lower,transfer_complete / hmda_2019_mi / mlp / direction_adverse_decision
hmda_2019_mi,mlp,soft,1008,direction_adverse_decision,0.0,False,lower,transfer_complete / hmda_2019_mi / mlp / direction_adverse_decision
hmda_2019_mi,mlp,erm,1009,direction_adverse_decision,0.0144159095762772,False,lower,transfer_complete / hmda_2019_mi / mlp / direction_adverse_decision
hmda_2019_mi,mlp,soft,1009,direction_adverse_decision,0.0001629726205997,False,lower,transfer_complete / hmda_2019_mi / mlp / direction_adverse_decision
hmda_2020_oh,ft,erm,1000,direction_adverse_decision,0.0063391302710171,False,lower,transfer_complete / hmda_2020_oh / ft / direction_adverse_decision
hmda_2020_oh,ft,soft,1000,direction_adverse_decision,0.0,False,lower,transfer_complete / hmda_2020_oh / ft / direction_adverse_decision
hmda_2020_oh,ft,erm,1001,direction_adverse_decision,0.0077209705355211,False,lower,transfer_complete / hmda_2020_oh / ft / direction_adverse_decision
hmda_2020_oh,ft,soft,1001,direction_adverse_decision,0.0,False,lower,transfer_complete / hmda_2020_oh / ft / direction_adverse_decision
hmda_2020_oh,ft,erm,1002,direction_adverse_decision,0.0089159962064597,False,lower,transfer_complete / hmda_2020_oh / ft / direction_adverse_decision
hmda_2020_oh,ft,soft,1002,direction_adverse_decision,0.0,False,lower,transfer_complete / hmda_2020_oh / ft / direction_adverse_decision
hmda_2020_oh,ft,erm,1003,direction_adverse_decision,0.0042131902744494,False,lower,transfer_complete / hmda_2020_oh / ft / direction_adverse_decision
hmda_2020_oh,ft,soft,1003,direction_adverse_decision,0.0001542257865515,False,lower,transfer_complete / hmda_2020_oh / ft / direction_adverse_decision
hmda_2020_oh,ft,erm,1004,direction_adverse_decision,0.002269830160347,False,lower,transfer_complete / hmda_2020_oh / ft / direction_adverse_decision
hmda_2020_oh,ft,soft,1004,direction_adverse_decision,0.0,False,lower,transfer_complete / hmda_2020_oh / ft / direction_adverse_decision
hmda_2020_oh,ft,erm,1005,direction_adverse_decision,0.0039386301968931,False,lower,transfer_complete / hmda_2020_oh / ft / direction_adverse_decision
hmda_2020_oh,ft,soft,1005,direction_adverse_decision,0.0,False,lower,transfer_complete / hmda_2020_oh / ft / direction_adverse_decision
hmda_2020_oh,ft,erm,1006,direction_adverse_decision,0.0073879641111961,False,lower,transfer_complete / hmda_2020_oh / ft / direction_adverse_decision
hmda_2020_oh,ft,soft,1006,direction_adverse_decision,0.0004111842105263,False,lower,transfer_complete / hmda_2020_oh / ft / direction_adverse_decision
hmda_2020_oh,ft,erm,1007,direction_adverse_decision,0.0064643380230634,False,lower,transfer_complete / hmda_2020_oh / ft / direction_adverse_decision
hmda_2020_oh,ft,soft,1007,direction_adverse_decision,0.0,False,lower,transfer_complete / hmda_2020_oh / ft / direction_adverse_decision
hmda_2020_oh,ft,erm,1008,direction_adverse_decision,0.0068270921346226,False,lower,transfer_complete / hmda_2020_oh / ft / direction_adverse_decision
hmda_2020_oh,ft,soft,1008,direction_adverse_decision,0.0,False,lower,transfer_complete / hmda_2020_oh / ft / direction_adverse_decision
hmda_2020_oh,ft,erm,1009,direction_adverse_decision,0.0058938009041109,False,lower,transfer_complete / hmda_2020_oh / ft / direction_adverse_decision
hmda_2020_oh,ft,soft,1009,direction_adverse_decision,0.0,False,lower,transfer_complete / hmda_2020_oh / ft / direction_adverse_decision
hmda_2020_oh,mlp,erm,1000,direction_adverse_decision,0.0048094443817981,False,lower,transfer_complete / hmda_2020_oh / mlp / direction_adverse_decision
hmda_2020_oh,mlp,soft,1000,direction_adverse_decision,0.0001570351758793,False,lower,transfer_complete / hmda_2020_oh / mlp / direction_adverse_decision
hmda_2020_oh,mlp,erm,1001,direction_adverse_decision,0.0088945044053988,False,lower,transfer_complete / hmda_2020_oh / mlp / direction_adverse_decision
hmda_2020_oh,mlp,soft,1001,direction_adverse_decision,0.0,False,lower,transfer_complete / hmda_2020_oh / mlp / direction_adverse_decision
hmda_2020_oh,mlp,erm,1002,direction_adverse_decision,0.0095192035114488,False,lower,transfer_complete / hmda_2020_oh / mlp / direction_adverse_decision
hmda_2020_oh,mlp,soft,1002,direction_adverse_decision,0.0,False,lower,transfer_complete / hmda_2020_oh / mlp / direction_adverse_decision
hmda_2020_oh,mlp,erm,1003,direction_adverse_decision,0.0071218478665086,False,lower,transfer_complete / hmda_2020_oh / mlp / direction_adverse_decision
hmda_2020_oh,mlp,soft,1003,direction_adverse_decision,0.0001542257865515,False,lower,transfer_complete / hmda_2020_oh / mlp / direction_adverse_decision
hmda_2020_oh,mlp,erm,1004,direction_adverse_decision,0.0074354265614863,False,lower,transfer_complete / hmda_2020_oh / mlp / direction_adverse_decision
hmda_2020_oh,mlp,soft,1004,direction_adverse_decision,0.0,False,lower,transfer_complete / hmda_2020_oh / mlp / direction_adverse_decision
hmda_2020_oh,mlp,erm,1005,direction_adverse_decision,0.0077112079485528,False,lower,transfer_complete / hmda_2020_oh / mlp / direction_adverse_decision
hmda_2020_oh,mlp,soft,1005,direction_adverse_decision,0.0,False,lower,transfer_complete / hmda_2020_oh / mlp / direction_adverse_decision
hmda_2020_oh,mlp,erm,1006,direction_adverse_decision,0.0106091788124174,False,lower,transfer_complete / hmda_2020_oh / mlp / direction_adverse_decision
hmda_2020_oh,mlp,soft,1006,direction_adverse_decision,0.0001542257865515,False,lower,transfer_complete / hmda_2020_oh / mlp / direction_adverse_decision
hmda_2020_oh,mlp,erm,1007,direction_adverse_decision,0.004492213535289,False,lower,transfer_complete / hmda_2020_oh / mlp / direction_adverse_decision
hmda_2020_oh,mlp,soft,1007,direction_adverse_decision,0.0,False,lower,transfer_complete / hmda_2020_oh / mlp / direction_adverse_decision
hmda_2020_oh,mlp,erm,1008,direction_adverse_decision,0.0054179193600205,False,lower,transfer_complete / hmda_2020_oh / mlp / direction_adverse_decision
hmda_2020_oh,mlp,soft,1008,direction_adverse_decision,0.0003112609624309,False,lower,transfer_complete / hmda_2020_oh / mlp / direction_adverse_decision
hmda_2020_oh,mlp,erm,1009,direction_adverse_decision,0.009387042561762,False,lower,transfer_complete / hmda_2020_oh / mlp / direction_adverse_decision
hmda_2020_oh,mlp,soft,1009,direction_adverse_decision,0.0,False,lower,transfer_complete / hmda_2020_oh / mlp / direction_adverse_decision
hmda_2019_mi,ft,cot_phi,1000,direction_joint_pass,0.300327818593288,False,higher,transfer_complete / hmda_2019_mi / ft / direction_joint_pass
hmda_2019_mi,ft,cot_phi,1001,direction_joint_pass,0.1899262088829924,False,higher,transfer_complete / hmda_2019_mi / ft / direction_joint_pass
hmda_2019_mi,ft,cot_phi,1002,direction_joint_pass,0.2568024605718639,False,higher,transfer_complete / hmda_2019_mi / ft / direction_joint_pass
hmda_2019_mi,ft,cot_phi,1003,direction_joint_pass,0.3886273264253344,False,higher,transfer_complete / hmda_2019_mi / ft / direction_joint_pass
hmda_2019_mi,ft,cot_phi,1004,direction_joint_pass,0.2394008817515655,False,higher,transfer_complete / hmda_2019_mi / ft / direction_joint_pass
hmda_2019_mi,ft,cot_phi,1005,direction_joint_pass,0.1874994316397306,False,higher,transfer_complete / hmda_2019_mi / ft / direction_joint_pass
hmda_2019_mi,ft,cot_phi,1006,direction_joint_pass,0.3100874114192412,False,higher,transfer_complete / hmda_2019_mi / ft / direction_joint_pass
hmda_2019_mi,ft,cot_phi,1007,direction_joint_pass,0.2482861848069447,False,higher,transfer_complete / hmda_2019_mi / ft / direction_joint_pass
hmda_2019_mi,ft,cot_phi,1008,direction_joint_pass,0.2249376774857256,False,higher,transfer_complete / hmda_2019_mi / ft / direction_joint_pass
hmda_2019_mi,ft,cot_phi,1009,direction_joint_pass,0.3047130331404022,False,higher,transfer_complete / hmda_2019_mi / ft / direction_joint_pass
hmda_2019_mi,ft,hifi,1000,direction_joint_pass,0.4894720689818126,False,higher,transfer_complete / hmda_2019_mi / ft / direction_joint_pass
hmda_2019_mi,ft,hifi,1001,direction_joint_pass,0.4026541102095962,False,higher,transfer_complete / hmda_2019_mi / ft / direction_joint_pass
hmda_2019_mi,ft,hifi,1002,direction_joint_pass,0.366229061554421,False,higher,transfer_complete / hmda_2019_mi / ft / direction_joint_pass
hmda_2019_mi,ft,hifi,1003,direction_joint_pass,0.3600313143671733,False,higher,transfer_complete / hmda_2019_mi / ft / direction_joint_pass
hmda_2019_mi,ft,hifi,1004,direction_joint_pass,0.3564852654372575,False,higher,transfer_complete / hmda_2019_mi / ft / direction_joint_pass
hmda_2019_mi,ft,hifi,1005,direction_joint_pass,0.5826019112909461,False,higher,transfer_complete / hmda_2019_mi / ft / direction_joint_pass
hmda_2019_mi,ft,hifi,1006,direction_joint_pass,0.5153177891051725,False,higher,transfer_complete / hmda_2019_mi / ft / direction_joint_pass
hmda_2019_mi,ft,hifi,1007,direction_joint_pass,0.5068757890589503,False,higher,transfer_complete / hmda_2019_mi / ft / direction_joint_pass
hmda_2019_mi,ft,hifi,1008,direction_joint_pass,0.3388411686960272,False,higher,transfer_complete / hmda_2019_mi / ft / direction_joint_pass
hmda_2019_mi,ft,hifi,1009,direction_joint_pass,0.3734225848807248,False,higher,transfer_complete / hmda_2019_mi / ft / direction_joint_pass
hmda_2019_mi,ft,hifi_erm,1000,direction_joint_pass,0.4923495656114489,False,higher,transfer_complete / hmda_2019_mi / ft / direction_joint_pass
hmda_2019_mi,ft,hifi_erm,1001,direction_joint_pass,0.2542331693343836,False,higher,transfer_complete / hmda_2019_mi / ft / direction_joint_pass
hmda_2019_mi,ft,hifi_erm,1002,direction_joint_pass,0.4608265316117576,False,higher,transfer_complete / hmda_2019_mi / ft / direction_joint_pass
hmda_2019_mi,ft,hifi_erm,1003,direction_joint_pass,0.3101198621703681,False,higher,transfer_complete / hmda_2019_mi / ft / direction_joint_pass
hmda_2019_mi,ft,hifi_erm,1004,direction_joint_pass,0.2711815349491572,False,higher,transfer_complete / hmda_2019_mi / ft / direction_joint_pass
hmda_2019_mi,ft,hifi_erm,1005,direction_joint_pass,0.2792411533688761,False,higher,transfer_complete / hmda_2019_mi / ft / direction_joint_pass
hmda_2019_mi,ft,hifi_erm,1006,direction_joint_pass,0.6522620160772538,False,higher,transfer_complete / hmda_2019_mi / ft / direction_joint_pass
hmda_2019_mi,ft,hifi_erm,1007,direction_joint_pass,0.2685325174435604,False,higher,transfer_complete / hmda_2019_mi / ft / direction_joint_pass
hmda_2019_mi,ft,hifi_erm,1008,direction_joint_pass,0.2977388459642252,False,higher,transfer_complete / hmda_2019_mi / ft / direction_joint_pass
hmda_2019_mi,ft,hifi_erm,1009,direction_joint_pass,0.32743247034703,False,higher,transfer_complete / hmda_2019_mi / ft / direction_joint_pass
hmda_2019_mi,ft,hifi_shared,1000,direction_joint_pass,0.1991946124298407,False,higher,transfer_complete / hmda_2019_mi / ft / direction_joint_pass
hmda_2019_mi,ft,hifi_shared,1001,direction_joint_pass,0.1986773104261205,False,higher,transfer_complete / hmda_2019_mi / ft / direction_joint_pass
hmda_2019_mi,ft,hifi_shared,1002,direction_joint_pass,0.2623910909670939,False,higher,transfer_complete / hmda_2019_mi / ft / direction_joint_pass
hmda_2019_mi,ft,hifi_shared,1003,direction_joint_pass,0.3508951204087761,False,higher,transfer_complete / hmda_2019_mi / ft / direction_joint_pass
hmda_2019_mi,ft,hifi_shared,1004,direction_joint_pass,0.2412379320647713,False,higher,transfer_complete / hmda_2019_mi / ft / direction_joint_pass
hmda_2019_mi,ft,hifi_shared,1005,direction_joint_pass,0.1886995085842928,False,higher,transfer_complete / hmda_2019_mi / ft / direction_joint_pass
hmda_2019_mi,ft,hifi_shared,1006,direction_joint_pass,0.5375172646461751,False,higher,transfer_complete / hmda_2019_mi / ft / direction_joint_pass
hmda_2019_mi,ft,hifi_shared,1007,direction_joint_pass,0.2245055526190843,False,higher,transfer_complete / hmda_2019_mi / ft / direction_joint_pass
hmda_2019_mi,ft,hifi_shared,1008,direction_joint_pass,0.2416152945247431,False,higher,transfer_complete / hmda_2019_mi / ft / direction_joint_pass
hmda_2019_mi,ft,hifi_shared,1009,direction_joint_pass,0.2101705645078092,False,higher,transfer_complete / hmda_2019_mi / ft / direction_joint_pass
hmda_2019_mi,ft,reweighing,1000,direction_joint_pass,0.5011017973777439,False,higher,transfer_complete / hmda_2019_mi / ft / direction_joint_pass
hmda_2019_mi,ft,reweighing,1001,direction_joint_pass,0.4769393906948523,False,higher,transfer_complete / hmda_2019_mi / ft / direction_joint_pass
hmda_2019_mi,ft,reweighing,1002,direction_joint_pass,0.5460446199213744,False,higher,transfer_complete / hmda_2019_mi / ft / direction_joint_pass
hmda_2019_mi,ft,reweighing,1003,direction_joint_pass,0.591100225018006,False,higher,transfer_complete / hmda_2019_mi / ft / direction_joint_pass
hmda_2019_mi,ft,reweighing,1004,direction_joint_pass,0.4405591731601487,False,higher,transfer_complete / hmda_2019_mi / ft / direction_joint_pass
hmda_2019_mi,ft,reweighing,1005,direction_joint_pass,0.4520082576816417,False,higher,transfer_complete / hmda_2019_mi / ft / direction_joint_pass
hmda_2019_mi,ft,reweighing,1006,direction_joint_pass,0.6844060018851258,False,higher,transfer_complete / hmda_2019_mi / ft / direction_joint_pass
hmda_2019_mi,ft,reweighing,1007,direction_joint_pass,0.4624241300179657,False,higher,transfer_complete / hmda_2019_mi / ft / direction_joint_pass
hmda_2019_mi,ft,reweighing,1008,direction_joint_pass,0.4981342536710224,False,higher,transfer_complete / hmda_2019_mi / ft / direction_joint_pass
hmda_2019_mi,ft,reweighing,1009,direction_joint_pass,0.3709734945972346,False,higher,transfer_complete / hmda_2019_mi / ft / direction_joint_pass
hmda_2019_mi,mlp,cot_phi,1000,direction_joint_pass,0.1700764558021266,False,higher,transfer_complete / hmda_2019_mi / mlp / direction_joint_pass
hmda_2019_mi,mlp,cot_phi,1001,direction_joint_pass,0.2020002775242695,False,higher,transfer_complete / hmda_2019_mi / mlp / direction_joint_pass
hmda_2019_mi,mlp,cot_phi,1002,direction_joint_pass,0.2274389156760407,False,higher,transfer_complete / hmda_2019_mi / mlp / direction_joint_pass
hmda_2019_mi,mlp,cot_phi,1003,direction_joint_pass,0.2098076247222429,False,higher,transfer_complete / hmda_2019_mi / mlp / direction_joint_pass
hmda_2019_mi,mlp,cot_phi,1004,direction_joint_pass,0.1787791049518377,False,higher,transfer_complete / hmda_2019_mi / mlp / direction_joint_pass
hmda_2019_mi,mlp,cot_phi,1005,direction_joint_pass,0.1645794651922102,False,higher,transfer_complete / hmda_2019_mi / mlp / direction_joint_pass
hmda_2019_mi,mlp,cot_phi,1006,direction_joint_pass,0.1496346634724104,False,higher,transfer_complete / hmda_2019_mi / mlp / direction_joint_pass
hmda_2019_mi,mlp,cot_phi,1007,direction_joint_pass,0.1767674058146807,False,higher,transfer_complete / hmda_2019_mi / mlp / direction_joint_pass
hmda_2019_mi,mlp,cot_phi,1008,direction_joint_pass,0.1617578832408688,False,higher,transfer_complete / hmda_2019_mi / mlp / direction_joint_pass
hmda_2019_mi,mlp,cot_phi,1009,direction_joint_pass,0.1660074870916307,False,higher,transfer_complete / hmda_2019_mi / mlp / direction_joint_pass
hmda_2019_mi,mlp,dralign,1000,direction_joint_pass,0.1872139497938896,False,higher,transfer_complete / hmda_2019_mi / mlp / direction_joint_pass
hmda_2019_mi,mlp,dralign,1001,direction_joint_pass,0.2064749885760864,False,higher,transfer_complete / hmda_2019_mi / mlp / direction_joint_pass
hmda_2019_mi,mlp,dralign,1002,direction_joint_pass,0.2410330857995691,False,higher,transfer_complete / hmda_2019_mi / mlp / direction_joint_pass
hmda_2019_mi,mlp,dralign,1003,direction_joint_pass,0.1796260898898253,False,higher,transfer_complete / hmda_2019_mi / mlp / direction_joint_pass
hmda_2019_mi,mlp,dralign,1004,direction_joint_pass,0.2141889568233643,False,higher,transfer_complete / hmda_2019_mi / mlp / direction_joint_pass
hmda_2019_mi,mlp,dralign,1005,direction_joint_pass,0.1347924511007663,False,higher,transfer_complete / hmda_2019_mi / mlp / direction_joint_pass
hmda_2019_mi,mlp,dralign,1006,direction_joint_pass,0.1394544285532106,False,higher,transfer_complete / hmda_2019_mi / mlp / direction_joint_pass
hmda_2019_mi,mlp,dralign,1007,direction_joint_pass,0.2636744706102004,False,higher,transfer_complete / hmda_2019_mi / mlp / direction_joint_pass
hmda_2019_mi,mlp,dralign,1008,direction_joint_pass,0.2107558530937755,False,higher,transfer_complete / hmda_2019_mi / mlp / direction_joint_pass
hmda_2019_mi,mlp,dralign,1009,direction_joint_pass,0.2384800801714851,False,higher,transfer_complete / hmda_2019_mi / mlp / direction_joint_pass
hmda_2019_mi,mlp,hifi,1000,direction_joint_pass,0.1394304087279455,False,higher,transfer_complete / hmda_2019_mi / mlp / direction_joint_pass
hmda_2019_mi,mlp,hifi,1001,direction_joint_pass,0.0835765190988845,False,higher,transfer_complete / hmda_2019_mi / mlp / direction_joint_pass
hmda_2019_mi,mlp,hifi,1002,direction_joint_pass,0.1076828782801573,False,higher,transfer_complete / hmda_2019_mi / mlp / direction_joint_pass
hmda_2019_mi,mlp,hifi,1003,direction_joint_pass,0.1075466849506205,False,higher,transfer_complete / hmda_2019_mi / mlp / direction_joint_pass
hmda_2019_mi,mlp,hifi,1004,direction_joint_pass,0.1036952244984633,False,higher,transfer_complete / hmda_2019_mi / mlp / direction_joint_pass
hmda_2019_mi,mlp,hifi,1005,direction_joint_pass,0.132787129613438,False,higher,transfer_complete / hmda_2019_mi / mlp / direction_joint_pass
hmda_2019_mi,mlp,hifi,1006,direction_joint_pass,0.0715515382087843,False,higher,transfer_complete / hmda_2019_mi / mlp / direction_joint_pass
hmda_2019_mi,mlp,hifi,1007,direction_joint_pass,0.0969115038383431,False,higher,transfer_complete / hmda_2019_mi / mlp / direction_joint_pass
hmda_2019_mi,mlp,hifi,1008,direction_joint_pass,0.0995241674830476,False,higher,transfer_complete / hmda_2019_mi / mlp / direction_joint_pass
hmda_2019_mi,mlp,hifi,1009,direction_joint_pass,0.1003750060016543,False,higher,transfer_complete / hmda_2019_mi / mlp / direction_joint_pass
hmda_2019_mi,mlp,hifi_erm,1000,direction_joint_pass,0.0709379967065064,False,higher,transfer_complete / hmda_2019_mi / mlp / direction_joint_pass
hmda_2019_mi,mlp,hifi_erm,1001,direction_joint_pass,0.1751520099351965,False,higher,transfer_complete / hmda_2019_mi / mlp / direction_joint_pass
hmda_2019_mi,mlp,hifi_erm,1002,direction_joint_pass,0.0993292053182113,False,higher,transfer_complete / hmda_2019_mi / mlp / direction_joint_pass
hmda_2019_mi,mlp,hifi_erm,1003,direction_joint_pass,0.0961474419819583,False,higher,transfer_complete / hmda_2019_mi / mlp / direction_joint_pass
hmda_2019_mi,mlp,hifi_erm,1004,direction_joint_pass,0.0907491751034636,False,higher,transfer_complete / hmda_2019_mi / mlp / direction_joint_pass
hmda_2019_mi,mlp,hifi_erm,1005,direction_joint_pass,0.0918826404587924,False,higher,transfer_complete / hmda_2019_mi / mlp / direction_joint_pass
hmda_2019_mi,mlp,hifi_erm,1006,direction_joint_pass,0.0766447730754648,False,higher,transfer_complete / hmda_2019_mi / mlp / direction_joint_pass
hmda_2019_mi,mlp,hifi_erm,1007,direction_joint_pass,0.0931469544694461,False,higher,transfer_complete / hmda_2019_mi / mlp / direction_joint_pass
hmda_2019_mi,mlp,hifi_erm,1008,direction_joint_pass,0.0940261825622028,False,higher,transfer_complete / hmda_2019_mi / mlp / direction_joint_pass
hmda_2019_mi,mlp,hifi_erm,1009,direction_joint_pass,0.1042547399273816,False,higher,transfer_complete / hmda_2019_mi / mlp / direction_joint_pass
hmda_2019_mi,mlp,hifi_shared,1000,direction_joint_pass,0.166797334993293,False,higher,transfer_complete / hmda_2019_mi / mlp / direction_joint_pass
hmda_2019_mi,mlp,hifi_shared,1001,direction_joint_pass,0.1734652821790548,False,higher,transfer_complete / hmda_2019_mi / mlp / direction_joint_pass
hmda_2019_mi,mlp,hifi_shared,1002,direction_joint_pass,0.2758903222381006,False,higher,transfer_complete / hmda_2019_mi / mlp / direction_joint_pass
hmda_2019_mi,mlp,hifi_shared,1003,direction_joint_pass,0.2445994772552863,False,higher,transfer_complete / hmda_2019_mi / mlp / direction_joint_pass
hmda_2019_mi,mlp,hifi_shared,1004,direction_joint_pass,0.2054241838511416,False,higher,transfer_complete / hmda_2019_mi / mlp / direction_joint_pass
hmda_2019_mi,mlp,hifi_shared,1005,direction_joint_pass,0.1692470249522548,False,higher,transfer_complete / hmda_2019_mi / mlp / direction_joint_pass
hmda_2019_mi,mlp,hifi_shared,1006,direction_joint_pass,0.1731591073753872,False,higher,transfer_complete / hmda_2019_mi / mlp / direction_joint_pass
hmda_2019_mi,mlp,hifi_shared,1007,direction_joint_pass,0.2628141691487436,False,higher,transfer_complete / hmda_2019_mi / mlp / direction_joint_pass
hmda_2019_mi,mlp,hifi_shared,1008,direction_joint_pass,0.1696606251725393,False,higher,transfer_complete / hmda_2019_mi / mlp / direction_joint_pass
hmda_2019_mi,mlp,hifi_shared,1009,direction_joint_pass,0.2535446756411316,False,higher,transfer_complete / hmda_2019_mi / mlp / direction_joint_pass
hmda_2019_mi,mlp,ltdd,1000,direction_joint_pass,0.1470139054870112,False,higher,transfer_complete / hmda_2019_mi / mlp / direction_joint_pass
hmda_2019_mi,mlp,ltdd,1001,direction_joint_pass,0.1214280899322299,False,higher,transfer_complete / hmda_2019_mi / mlp / direction_joint_pass
hmda_2019_mi,mlp,ltdd,1002,direction_joint_pass,0.2354154886292336,False,higher,transfer_complete / hmda_2019_mi / mlp / direction_joint_pass
hmda_2019_mi,mlp,ltdd,1003,direction_joint_pass,0.1526278026703385,False,higher,transfer_complete / hmda_2019_mi / mlp / direction_joint_pass
hmda_2019_mi,mlp,ltdd,1004,direction_joint_pass,0.1866727601491424,False,higher,transfer_complete / hmda_2019_mi / mlp / direction_joint_pass
hmda_2019_mi,mlp,ltdd,1005,direction_joint_pass,0.1664212227980964,False,higher,transfer_complete / hmda_2019_mi / mlp / direction_joint_pass
hmda_2019_mi,mlp,ltdd,1006,direction_joint_pass,0.1383448744850819,False,higher,transfer_complete / hmda_2019_mi / mlp / direction_joint_pass
hmda_2019_mi,mlp,ltdd,1007,direction_joint_pass,0.1723219702163915,False,higher,transfer_complete / hmda_2019_mi / mlp / direction_joint_pass
hmda_2019_mi,mlp,ltdd,1008,direction_joint_pass,0.1787508519290119,False,higher,transfer_complete / hmda_2019_mi / mlp / direction_joint_pass
hmda_2019_mi,mlp,ltdd,1009,direction_joint_pass,0.1693772491142778,False,higher,transfer_complete / hmda_2019_mi / mlp / direction_joint_pass
hmda_2019_mi,mlp,neufair,1000,direction_joint_pass,0.2434386114175357,False,higher,transfer_complete / hmda_2019_mi / mlp / direction_joint_pass
hmda_2019_mi,mlp,neufair,1001,direction_joint_pass,0.2912611464076472,False,higher,transfer_complete / hmda_2019_mi / mlp / direction_joint_pass
hmda_2019_mi,mlp,neufair,1002,direction_joint_pass,0.3571006830822985,False,higher,transfer_complete / hmda_2019_mi / mlp / direction_joint_pass
hmda_2019_mi,mlp,neufair,1003,direction_joint_pass,0.3693962402080281,False,higher,transfer_complete / hmda_2019_mi / mlp / direction_joint_pass
hmda_2019_mi,mlp,neufair,1004,direction_joint_pass,0.3629688304164274,False,higher,transfer_complete / hmda_2019_mi / mlp / direction_joint_pass
hmda_2019_mi,mlp,neufair,1005,direction_joint_pass,0.3201371373571976,False,higher,transfer_complete / hmda_2019_mi / mlp / direction_joint_pass
hmda_2019_mi,mlp,neufair,1006,direction_joint_pass,0.2389488478722966,False,higher,transfer_complete / hmda_2019_mi / mlp / direction_joint_pass
hmda_2019_mi,mlp,neufair,1007,direction_joint_pass,0.426139841279626,False,higher,transfer_complete / hmda_2019_mi / mlp / direction_joint_pass
hmda_2019_mi,mlp,neufair,1008,direction_joint_pass,0.214248371667853,False,higher,transfer_complete / hmda_2019_mi / mlp / direction_joint_pass
hmda_2019_mi,mlp,neufair,1009,direction_joint_pass,0.3996371814703052,False,higher,transfer_complete / hmda_2019_mi / mlp / direction_joint_pass
hmda_2020_oh,ft,cot_phi,1000,direction_joint_pass,0.2867853273569244,False,higher,transfer_complete / hmda_2020_oh / ft / direction_joint_pass
hmda_2020_oh,ft,cot_phi,1001,direction_joint_pass,0.1951047663418638,False,higher,transfer_complete / hmda_2020_oh / ft / direction_joint_pass
hmda_2020_oh,ft,cot_phi,1002,direction_joint_pass,0.2721044017816635,False,higher,transfer_complete / hmda_2020_oh / ft / direction_joint_pass
hmda_2020_oh,ft,cot_phi,1003,direction_joint_pass,0.3517664976269152,False,higher,transfer_complete / hmda_2020_oh / ft / direction_joint_pass
hmda_2020_oh,ft,cot_phi,1004,direction_joint_pass,0.2372540208943598,False,higher,transfer_complete / hmda_2020_oh / ft / direction_joint_pass
hmda_2020_oh,ft,cot_phi,1005,direction_joint_pass,0.1975877299091713,False,higher,transfer_complete / hmda_2020_oh / ft / direction_joint_pass
hmda_2020_oh,ft,cot_phi,1006,direction_joint_pass,0.3004525578838833,False,higher,transfer_complete / hmda_2020_oh / ft / direction_joint_pass
hmda_2020_oh,ft,cot_phi,1007,direction_joint_pass,0.2389713012243924,False,higher,transfer_complete / hmda_2020_oh / ft / direction_joint_pass
hmda_2020_oh,ft,cot_phi,1008,direction_joint_pass,0.2253835718511572,False,higher,transfer_complete / hmda_2020_oh / ft / direction_joint_pass
hmda_2020_oh,ft,cot_phi,1009,direction_joint_pass,0.2905195149534905,False,higher,transfer_complete / hmda_2020_oh / ft / direction_joint_pass
hmda_2020_oh,ft,hifi,1000,direction_joint_pass,0.4413852430884355,False,higher,transfer_complete / hmda_2020_oh / ft / direction_joint_pass
hmda_2020_oh,ft,hifi,1001,direction_joint_pass,0.4205461317077342,False,higher,transfer_complete / hmda_2020_oh / ft / direction_joint_pass
hmda_2020_oh,ft,hifi,1002,direction_joint_pass,0.3247521063778418,False,higher,transfer_complete / hmda_2020_oh / ft / direction_joint_pass
hmda_2020_oh,ft,hifi,1003,direction_joint_pass,0.3690630487456697,False,higher,transfer_complete / hmda_2020_oh / ft / direction_joint_pass
hmda_2020_oh,ft,hifi,1004,direction_joint_pass,0.3736132017386692,False,higher,transfer_complete / hmda_2020_oh / ft / direction_joint_pass
hmda_2020_oh,ft,hifi,1005,direction_joint_pass,0.5138843206280277,False,higher,transfer_complete / hmda_2020_oh / ft / direction_joint_pass
hmda_2020_oh,ft,hifi,1006,direction_joint_pass,0.4795747229706611,False,higher,transfer_complete / hmda_2020_oh / ft / direction_joint_pass
hmda_2020_oh,ft,hifi,1007,direction_joint_pass,0.4780074244421421,False,higher,transfer_complete / hmda_2020_oh / ft / direction_joint_pass
hmda_2020_oh,ft,hifi,1008,direction_joint_pass,0.2940681869431115,False,higher,transfer_complete / hmda_2020_oh / ft / direction_joint_pass
hmda_2020_oh,ft,hifi,1009,direction_joint_pass,0.3689475019982888,False,higher,transfer_complete / hmda_2020_oh / ft / direction_joint_pass
hmda_2020_oh,ft,hifi_erm,1000,direction_joint_pass,0.5144889370471482,False,higher,transfer_complete / hmda_2020_oh / ft / direction_joint_pass
hmda_2020_oh,ft,hifi_erm,1001,direction_joint_pass,0.2357620045547629,False,higher,transfer_complete / hmda_2020_oh / ft / direction_joint_pass
hmda_2020_oh,ft,hifi_erm,1002,direction_joint_pass,0.422276208350927,False,higher,transfer_complete / hmda_2020_oh / ft / direction_joint_pass
hmda_2020_oh,ft,hifi_erm,1003,direction_joint_pass,0.3089416584166057,False,higher,transfer_complete / hmda_2020_oh / ft / direction_joint_pass
hmda_2020_oh,ft,hifi_erm,1004,direction_joint_pass,0.2606272586991563,False,higher,transfer_complete / hmda_2020_oh / ft / direction_joint_pass
hmda_2020_oh,ft,hifi_erm,1005,direction_joint_pass,0.2698234751613119,False,higher,transfer_complete / hmda_2020_oh / ft / direction_joint_pass
hmda_2020_oh,ft,hifi_erm,1006,direction_joint_pass,0.6571052142555809,False,higher,transfer_complete / hmda_2020_oh / ft / direction_joint_pass
hmda_2020_oh,ft,hifi_erm,1007,direction_joint_pass,0.271902095366915,False,higher,transfer_complete / hmda_2020_oh / ft / direction_joint_pass
hmda_2020_oh,ft,hifi_erm,1008,direction_joint_pass,0.2904352358549358,False,higher,transfer_complete / hmda_2020_oh / ft / direction_joint_pass
hmda_2020_oh,ft,hifi_erm,1009,direction_joint_pass,0.2954556102545931,False,higher,transfer_complete / hmda_2020_oh / ft / direction_joint_pass
hmda_2020_oh,ft,hifi_shared,1000,direction_joint_pass,0.186726177542672,False,higher,transfer_complete / hmda_2020_oh / ft / direction_joint_pass
hmda_2020_oh,ft,hifi_shared,1001,direction_joint_pass,0.1823450499755688,False,higher,transfer_complete / hmda_2020_oh / ft / direction_joint_pass
hmda_2020_oh,ft,hifi_shared,1002,direction_joint_pass,0.2636893923989517,False,higher,transfer_complete / hmda_2020_oh / ft / direction_joint_pass
hmda_2020_oh,ft,hifi_shared,1003,direction_joint_pass,0.3201900929667604,False,higher,transfer_complete / hmda_2020_oh / ft / direction_joint_pass
hmda_2020_oh,ft,hifi_shared,1004,direction_joint_pass,0.2277650569823407,False,higher,transfer_complete / hmda_2020_oh / ft / direction_joint_pass
hmda_2020_oh,ft,hifi_shared,1005,direction_joint_pass,0.1983286889546704,False,higher,transfer_complete / hmda_2020_oh / ft / direction_joint_pass
hmda_2020_oh,ft,hifi_shared,1006,direction_joint_pass,0.4867990705310615,False,higher,transfer_complete / hmda_2020_oh / ft / direction_joint_pass
hmda_2020_oh,ft,hifi_shared,1007,direction_joint_pass,0.2037993099770673,False,higher,transfer_complete / hmda_2020_oh / ft / direction_joint_pass
hmda_2020_oh,ft,hifi_shared,1008,direction_joint_pass,0.2166339364892653,False,higher,transfer_complete / hmda_2020_oh / ft / direction_joint_pass
hmda_2020_oh,ft,hifi_shared,1009,direction_joint_pass,0.2032392911604584,False,higher,transfer_complete / hmda_2020_oh / ft / direction_joint_pass
hmda_2020_oh,ft,reweighing,1000,direction_joint_pass,0.5089251918460653,False,higher,transfer_complete / hmda_2020_oh / ft / direction_joint_pass
hmda_2020_oh,ft,reweighing,1001,direction_joint_pass,0.4598043032222835,False,higher,transfer_complete / hmda_2020_oh / ft / direction_joint_pass
hmda_2020_oh,ft,reweighing,1002,direction_joint_pass,0.5680946043456845,False,higher,transfer_complete / hmda_2020_oh / ft / direction_joint_pass
hmda_2020_oh,ft,reweighing,1003,direction_joint_pass,0.590506466844182,False,higher,transfer_complete / hmda_2020_oh / ft / direction_joint_pass
hmda_2020_oh,ft,reweighing,1004,direction_joint_pass,0.4319543385088906,False,higher,transfer_complete / hmda_2020_oh / ft / direction_joint_pass
hmda_2020_oh,ft,reweighing,1005,direction_joint_pass,0.4131826741983812,False,higher,transfer_complete / hmda_2020_oh / ft / direction_joint_pass
hmda_2020_oh,ft,reweighing,1006,direction_joint_pass,0.6561838269721524,False,higher,transfer_complete / hmda_2020_oh / ft / direction_joint_pass
hmda_2020_oh,ft,reweighing,1007,direction_joint_pass,0.4611104970449861,False,higher,transfer_complete / hmda_2020_oh / ft / direction_joint_pass
hmda_2020_oh,ft,reweighing,1008,direction_joint_pass,0.4929155355048328,False,higher,transfer_complete / hmda_2020_oh / ft / direction_joint_pass
hmda_2020_oh,ft,reweighing,1009,direction_joint_pass,0.3633105820996496,False,higher,transfer_complete / hmda_2020_oh / ft / direction_joint_pass
hmda_2020_oh,mlp,cot_phi,1000,direction_joint_pass,0.1633660116200402,False,higher,transfer_complete / hmda_2020_oh / mlp / direction_joint_pass
hmda_2020_oh,mlp,cot_phi,1001,direction_joint_pass,0.201475297730903,False,higher,transfer_complete / hmda_2020_oh / mlp / direction_joint_pass
hmda_2020_oh,mlp,cot_phi,1002,direction_joint_pass,0.210511301582866,False,higher,transfer_complete / hmda_2020_oh / mlp / direction_joint_pass
hmda_2020_oh,mlp,cot_phi,1003,direction_joint_pass,0.2013183693405969,False,higher,transfer_complete / hmda_2020_oh / mlp / direction_joint_pass
hmda_2020_oh,mlp,cot_phi,1004,direction_joint_pass,0.1690040253604341,False,higher,transfer_complete / hmda_2020_oh / mlp / direction_joint_pass
hmda_2020_oh,mlp,cot_phi,1005,direction_joint_pass,0.1625062492263516,False,higher,transfer_complete / hmda_2020_oh / mlp / direction_joint_pass
hmda_2020_oh,mlp,cot_phi,1006,direction_joint_pass,0.1662339581277879,False,higher,transfer_complete / hmda_2020_oh / mlp / direction_joint_pass
hmda_2020_oh,mlp,cot_phi,1007,direction_joint_pass,0.1715289284093131,False,higher,transfer_complete / hmda_2020_oh / mlp / direction_joint_pass
hmda_2020_oh,mlp,cot_phi,1008,direction_joint_pass,0.1500724511305546,False,higher,transfer_complete / hmda_2020_oh / mlp / direction_joint_pass
hmda_2020_oh,mlp,cot_phi,1009,direction_joint_pass,0.1546068243705108,False,higher,transfer_complete / hmda_2020_oh / mlp / direction_joint_pass
hmda_2020_oh,mlp,dralign,1000,direction_joint_pass,0.1932524001680337,False,higher,transfer_complete / hmda_2020_oh / mlp / direction_joint_pass
hmda_2020_oh,mlp,dralign,1001,direction_joint_pass,0.1994974204956225,False,higher,transfer_complete / hmda_2020_oh / mlp / direction_joint_pass
hmda_2020_oh,mlp,dralign,1002,direction_joint_pass,0.2365079848895785,False,higher,transfer_complete / hmda_2020_oh / mlp / direction_joint_pass
hmda_2020_oh,mlp,dralign,1003,direction_joint_pass,0.1846422549921272,False,higher,transfer_complete / hmda_2020_oh / mlp / direction_joint_pass
hmda_2020_oh,mlp,dralign,1004,direction_joint_pass,0.2166020395392346,False,higher,transfer_complete / hmda_2020_oh / mlp / direction_joint_pass
hmda_2020_oh,mlp,dralign,1005,direction_joint_pass,0.1460729410941488,False,higher,transfer_complete / hmda_2020_oh / mlp / direction_joint_pass
hmda_2020_oh,mlp,dralign,1006,direction_joint_pass,0.1479188607414961,False,higher,transfer_complete / hmda_2020_oh / mlp / direction_joint_pass
hmda_2020_oh,mlp,dralign,1007,direction_joint_pass,0.271639966426955,False,higher,transfer_complete / hmda_2020_oh / mlp / direction_joint_pass
hmda_2020_oh,mlp,dralign,1008,direction_joint_pass,0.2076851373618895,False,higher,transfer_complete / hmda_2020_oh / mlp / direction_joint_pass
hmda_2020_oh,mlp,dralign,1009,direction_joint_pass,0.243448561270667,False,higher,transfer_complete / hmda_2020_oh / mlp / direction_joint_pass
hmda_2020_oh,mlp,hifi,1000,direction_joint_pass,0.1455140484651355,False,higher,transfer_complete / hmda_2020_oh / mlp / direction_joint_pass
hmda_2020_oh,mlp,hifi,1001,direction_joint_pass,0.0902523087854246,False,higher,transfer_complete / hmda_2020_oh / mlp / direction_joint_pass
hmda_2020_oh,mlp,hifi,1002,direction_joint_pass,0.1107245043137679,False,higher,transfer_complete / hmda_2020_oh / mlp / direction_joint_pass
hmda_2020_oh,mlp,hifi,1003,direction_joint_pass,0.1208811399583227,False,higher,transfer_complete / hmda_2020_oh / mlp / direction_joint_pass
hmda_2020_oh,mlp,hifi,1004,direction_joint_pass,0.1020259999097981,False,higher,transfer_complete / hmda_2020_oh / mlp / direction_joint_pass
hmda_2020_oh,mlp,hifi,1005,direction_joint_pass,0.1531173961084421,False,higher,transfer_complete / hmda_2020_oh / mlp / direction_joint_pass
hmda_2020_oh,mlp,hifi,1006,direction_joint_pass,0.0826444461615901,False,higher,transfer_complete / hmda_2020_oh / mlp / direction_joint_pass
hmda_2020_oh,mlp,hifi,1007,direction_joint_pass,0.0944420520080064,False,higher,transfer_complete / hmda_2020_oh / mlp / direction_joint_pass
hmda_2020_oh,mlp,hifi,1008,direction_joint_pass,0.0978879217174736,False,higher,transfer_complete / hmda_2020_oh / mlp / direction_joint_pass
hmda_2020_oh,mlp,hifi,1009,direction_joint_pass,0.1043069179530145,False,higher,transfer_complete / hmda_2020_oh / mlp / direction_joint_pass
hmda_2020_oh,mlp,hifi_erm,1000,direction_joint_pass,0.0813002634550014,False,higher,transfer_complete / hmda_2020_oh / mlp / direction_joint_pass
hmda_2020_oh,mlp,hifi_erm,1001,direction_joint_pass,0.1755643156191124,False,higher,transfer_complete / hmda_2020_oh / mlp / direction_joint_pass
hmda_2020_oh,mlp,hifi_erm,1002,direction_joint_pass,0.1067623417980981,False,higher,transfer_complete / hmda_2020_oh / mlp / direction_joint_pass
hmda_2020_oh,mlp,hifi_erm,1003,direction_joint_pass,0.1150147964507832,False,higher,transfer_complete / hmda_2020_oh / mlp / direction_joint_pass
hmda_2020_oh,mlp,hifi_erm,1004,direction_joint_pass,0.0950768287874277,False,higher,transfer_complete / hmda_2020_oh / mlp / direction_joint_pass
hmda_2020_oh,mlp,hifi_erm,1005,direction_joint_pass,0.0895534935211003,False,higher,transfer_complete / hmda_2020_oh / mlp / direction_joint_pass
hmda_2020_oh,mlp,hifi_erm,1006,direction_joint_pass,0.0802839124001116,False,higher,transfer_complete / hmda_2020_oh / mlp / direction_joint_pass
hmda_2020_oh,mlp,hifi_erm,1007,direction_joint_pass,0.1010334033594808,False,higher,transfer_complete / hmda_2020_oh / mlp / direction_joint_pass
hmda_2020_oh,mlp,hifi_erm,1008,direction_joint_pass,0.0955515795241143,False,higher,transfer_complete / hmda_2020_oh / mlp / direction_joint_pass
hmda_2020_oh,mlp,hifi_erm,1009,direction_joint_pass,0.107425463477716,False,higher,transfer_complete / hmda_2020_oh / mlp / direction_joint_pass
hmda_2020_oh,mlp,hifi_shared,1000,direction_joint_pass,0.172513273504099,False,higher,transfer_complete / hmda_2020_oh / mlp / direction_joint_pass
hmda_2020_oh,mlp,hifi_shared,1001,direction_joint_pass,0.1737494466723873,False,higher,transfer_complete / hmda_2020_oh / mlp / direction_joint_pass
hmda_2020_oh,mlp,hifi_shared,1002,direction_joint_pass,0.2687890786615186,False,higher,transfer_complete / hmda_2020_oh / mlp / direction_joint_pass
hmda_2020_oh,mlp,hifi_shared,1003,direction_joint_pass,0.2331378007681622,False,higher,transfer_complete / hmda_2020_oh / mlp / direction_joint_pass
hmda_2020_oh,mlp,hifi_shared,1004,direction_joint_pass,0.2087453159775615,False,higher,transfer_complete / hmda_2020_oh / mlp / direction_joint_pass
hmda_2020_oh,mlp,hifi_shared,1005,direction_joint_pass,0.1580225843116851,False,higher,transfer_complete / hmda_2020_oh / mlp / direction_joint_pass
hmda_2020_oh,mlp,hifi_shared,1006,direction_joint_pass,0.1855545297541854,False,higher,transfer_complete / hmda_2020_oh / mlp / direction_joint_pass
hmda_2020_oh,mlp,hifi_shared,1007,direction_joint_pass,0.2831923861989925,False,higher,transfer_complete / hmda_2020_oh / mlp / direction_joint_pass
hmda_2020_oh,mlp,hifi_shared,1008,direction_joint_pass,0.1619435915949395,False,higher,transfer_complete / hmda_2020_oh / mlp / direction_joint_pass
hmda_2020_oh,mlp,hifi_shared,1009,direction_joint_pass,0.2376882460630028,False,higher,transfer_complete / hmda_2020_oh / mlp / direction_joint_pass
hmda_2020_oh,mlp,ltdd,1000,direction_joint_pass,0.1558640200350326,False,higher,transfer_complete / hmda_2020_oh / mlp / direction_joint_pass
hmda_2020_oh,mlp,ltdd,1001,direction_joint_pass,0.1136782866701177,False,higher,transfer_complete / hmda_2020_oh / mlp / direction_joint_pass
hmda_2020_oh,mlp,ltdd,1002,direction_joint_pass,0.2300494779759611,False,higher,transfer_complete / hmda_2020_oh / mlp / direction_joint_pass
hmda_2020_oh,mlp,ltdd,1003,direction_joint_pass,0.1492823519994708,False,higher,transfer_complete / hmda_2020_oh / mlp / direction_joint_pass
hmda_2020_oh,mlp,ltdd,1004,direction_joint_pass,0.2102537440285143,False,higher,transfer_complete / hmda_2020_oh / mlp / direction_joint_pass
hmda_2020_oh,mlp,ltdd,1005,direction_joint_pass,0.1675356073849919,False,higher,transfer_complete / hmda_2020_oh / mlp / direction_joint_pass
hmda_2020_oh,mlp,ltdd,1006,direction_joint_pass,0.1297007576672561,False,higher,transfer_complete / hmda_2020_oh / mlp / direction_joint_pass
hmda_2020_oh,mlp,ltdd,1007,direction_joint_pass,0.1754942194713811,False,higher,transfer_complete / hmda_2020_oh / mlp / direction_joint_pass
hmda_2020_oh,mlp,ltdd,1008,direction_joint_pass,0.1784251077129472,False,higher,transfer_complete / hmda_2020_oh / mlp / direction_joint_pass
hmda_2020_oh,mlp,ltdd,1009,direction_joint_pass,0.1740500250124103,False,higher,transfer_complete / hmda_2020_oh / mlp / direction_joint_pass
hmda_2020_oh,mlp,neufair,1000,direction_joint_pass,0.2360677876618439,False,higher,transfer_complete / hmda_2020_oh / mlp / direction_joint_pass
hmda_2020_oh,mlp,neufair,1001,direction_joint_pass,0.2761729819493431,False,higher,transfer_complete / hmda_2020_oh / mlp / direction_joint_pass
hmda_2020_oh,mlp,neufair,1002,direction_joint_pass,0.3746306694462153,False,higher,transfer_complete / hmda_2020_oh / mlp / direction_joint_pass
hmda_2020_oh,mlp,neufair,1003,direction_joint_pass,0.3686033645492057,False,higher,transfer_complete / hmda_2020_oh / mlp / direction_joint_pass
hmda_2020_oh,mlp,neufair,1004,direction_joint_pass,0.364035447078331,False,higher,transfer_complete / hmda_2020_oh / mlp / direction_joint_pass
hmda_2020_oh,mlp,neufair,1005,direction_joint_pass,0.3384251586572994,False,higher,transfer_complete / hmda_2020_oh / mlp / direction_joint_pass
hmda_2020_oh,mlp,neufair,1006,direction_joint_pass,0.2472411432395632,False,higher,transfer_complete / hmda_2020_oh / mlp / direction_joint_pass
hmda_2020_oh,mlp,neufair,1007,direction_joint_pass,0.4304817111618525,False,higher,transfer_complete / hmda_2020_oh / mlp / direction_joint_pass
hmda_2020_oh,mlp,neufair,1008,direction_joint_pass,0.2273472506942168,False,higher,transfer_complete / hmda_2020_oh / mlp / direction_joint_pass
hmda_2020_oh,mlp,neufair,1009,direction_joint_pass,0.4063586342045314,False,higher,transfer_complete / hmda_2020_oh / mlp / direction_joint_pass
hmda_2019_mi,ft,erm,1000,direction_joint_pass,0.2499165324173295,False,higher,transfer_complete / hmda_2019_mi / ft / direction_joint_pass
hmda_2019_mi,ft,soft,1000,direction_joint_pass,1.0,False,higher,transfer_complete / hmda_2019_mi / ft / direction_joint_pass
hmda_2019_mi,ft,erm,1001,direction_joint_pass,0.1969161120301249,False,higher,transfer_complete / hmda_2019_mi / ft / direction_joint_pass
hmda_2019_mi,ft,soft,1001,direction_joint_pass,0.9970778228611028,False,higher,transfer_complete / hmda_2019_mi / ft / direction_joint_pass
hmda_2019_mi,ft,erm,1002,direction_joint_pass,0.2928378266848125,False,higher,transfer_complete / hmda_2019_mi / ft / direction_joint_pass
hmda_2019_mi,ft,soft,1002,direction_joint_pass,0.999251497005988,False,higher,transfer_complete / hmda_2019_mi / ft / direction_joint_pass
hmda_2019_mi,ft,erm,1003,direction_joint_pass,0.2015064728932056,False,higher,transfer_complete / hmda_2019_mi / ft / direction_joint_pass
hmda_2019_mi,ft,soft,1003,direction_joint_pass,0.9977960745176314,False,higher,transfer_complete / hmda_2019_mi / ft / direction_joint_pass
hmda_2019_mi,ft,erm,1004,direction_joint_pass,0.2308253651865128,False,higher,transfer_complete / hmda_2019_mi / ft / direction_joint_pass
hmda_2019_mi,ft,soft,1004,direction_joint_pass,0.9975273984969956,False,higher,transfer_complete / hmda_2019_mi / ft / direction_joint_pass
hmda_2019_mi,ft,erm,1005,direction_joint_pass,0.2009375011253235,False,higher,transfer_complete / hmda_2019_mi / ft / direction_joint_pass
hmda_2019_mi,ft,soft,1005,direction_joint_pass,0.9996725605762934,False,higher,transfer_complete / hmda_2019_mi / ft / direction_joint_pass
hmda_2019_mi,ft,erm,1006,direction_joint_pass,0.3426883777366796,False,higher,transfer_complete / hmda_2019_mi / ft / direction_joint_pass
hmda_2019_mi,ft,soft,1006,direction_joint_pass,0.998877245508982,False,higher,transfer_complete / hmda_2019_mi / ft / direction_joint_pass
hmda_2019_mi,ft,erm,1007,direction_joint_pass,0.237089559930982,False,higher,transfer_complete / hmda_2019_mi / ft / direction_joint_pass
hmda_2019_mi,ft,soft,1007,direction_joint_pass,0.999500998003992,False,higher,transfer_complete / hmda_2019_mi / ft / direction_joint_pass
hmda_2019_mi,ft,erm,1008,direction_joint_pass,0.2367509967935636,False,higher,transfer_complete / hmda_2019_mi / ft / direction_joint_pass
hmda_2019_mi,ft,soft,1008,direction_joint_pass,0.9991814014407334,False,higher,transfer_complete / hmda_2019_mi / ft / direction_joint_pass
hmda_2019_mi,ft,erm,1009,direction_joint_pass,0.2520514930901817,False,higher,transfer_complete / hmda_2019_mi / ft / direction_joint_pass
hmda_2019_mi,ft,soft,1009,direction_joint_pass,0.993424451620406,False,higher,transfer_complete / hmda_2019_mi / ft / direction_joint_pass
hmda_2019_mi,mlp,erm,1000,direction_joint_pass,0.1602152971238623,False,higher,transfer_complete / hmda_2019_mi / mlp / direction_joint_pass
hmda_2019_mi,mlp,soft,1000,direction_joint_pass,0.9951687173326734,False,higher,transfer_complete / hmda_2019_mi / mlp / direction_joint_pass
hmda_2019_mi,mlp,erm,1001,direction_joint_pass,0.1275691432891268,False,higher,transfer_complete / hmda_2019_mi / mlp / direction_joint_pass
hmda_2019_mi,mlp,soft,1001,direction_joint_pass,0.9904824802912896,False,higher,transfer_complete / hmda_2019_mi / mlp / direction_joint_pass
hmda_2019_mi,mlp,erm,1002,direction_joint_pass,0.2228392007277179,False,higher,transfer_complete / hmda_2019_mi / mlp / direction_joint_pass
hmda_2019_mi,mlp,soft,1002,direction_joint_pass,0.9971059619136348,False,higher,transfer_complete / hmda_2019_mi / mlp / direction_joint_pass
hmda_2019_mi,mlp,erm,1003,direction_joint_pass,0.236220887937268,False,higher,transfer_complete / hmda_2019_mi / mlp / direction_joint_pass
hmda_2019_mi,mlp,soft,1003,direction_joint_pass,0.9956126903167356,False,higher,transfer_complete / hmda_2019_mi / mlp / direction_joint_pass
hmda_2019_mi,mlp,erm,1004,direction_joint_pass,0.1970797254407135,False,higher,transfer_complete / hmda_2019_mi / mlp / direction_joint_pass
hmda_2019_mi,mlp,soft,1004,direction_joint_pass,0.9921240309685349,False,higher,transfer_complete / hmda_2019_mi / mlp / direction_joint_pass
hmda_2019_mi,mlp,erm,1005,direction_joint_pass,0.251001076503322,False,higher,transfer_complete / hmda_2019_mi / mlp / direction_joint_pass
hmda_2019_mi,mlp,soft,1005,direction_joint_pass,0.9960521818184196,False,higher,transfer_complete / hmda_2019_mi / mlp / direction_joint_pass
hmda_2019_mi,mlp,erm,1006,direction_joint_pass,0.1856098912957898,False,higher,transfer_complete / hmda_2019_mi / mlp / direction_joint_pass
hmda_2019_mi,mlp,soft,1006,direction_joint_pass,0.9957093028283488,False,higher,transfer_complete / hmda_2019_mi / mlp / direction_joint_pass
hmda_2019_mi,mlp,erm,1007,direction_joint_pass,0.2973496602046626,False,higher,transfer_complete / hmda_2019_mi / mlp / direction_joint_pass
hmda_2019_mi,mlp,soft,1007,direction_joint_pass,0.9890442387714792,False,higher,transfer_complete / hmda_2019_mi / mlp / direction_joint_pass
hmda_2019_mi,mlp,erm,1008,direction_joint_pass,0.1985437475735724,False,higher,transfer_complete / hmda_2019_mi / mlp / direction_joint_pass
hmda_2019_mi,mlp,soft,1008,direction_joint_pass,0.9932682017559455,False,higher,transfer_complete / hmda_2019_mi / mlp / direction_joint_pass
hmda_2019_mi,mlp,erm,1009,direction_joint_pass,0.2041377150804993,False,higher,transfer_complete / hmda_2019_mi / mlp / direction_joint_pass
hmda_2019_mi,mlp,soft,1009,direction_joint_pass,0.989188036369447,False,higher,transfer_complete / hmda_2019_mi / mlp / direction_joint_pass
hmda_2020_oh,ft,erm,1000,direction_joint_pass,0.2467426498479365,False,higher,transfer_complete / hmda_2020_oh / ft / direction_joint_pass
hmda_2020_oh,ft,soft,1000,direction_joint_pass,1.0,False,higher,transfer_complete / hmda_2020_oh / ft / direction_joint_pass
hmda_2020_oh,ft,erm,1001,direction_joint_pass,0.2010973583074285,False,higher,transfer_complete / hmda_2020_oh / ft / direction_joint_pass
hmda_2020_oh,ft,soft,1001,direction_joint_pass,0.9975587366117116,False,higher,transfer_complete / hmda_2020_oh / ft / direction_joint_pass
hmda_2020_oh,ft,erm,1002,direction_joint_pass,0.2860674074489161,False,higher,transfer_complete / hmda_2020_oh / ft / direction_joint_pass
hmda_2020_oh,ft,soft,1002,direction_joint_pass,0.9998457742134486,False,higher,transfer_complete / hmda_2020_oh / ft / direction_joint_pass
hmda_2020_oh,ft,erm,1003,direction_joint_pass,0.2098711224326319,False,higher,transfer_complete / hmda_2020_oh / ft / direction_joint_pass
hmda_2020_oh,ft,soft,1003,direction_joint_pass,0.9989691032539396,False,higher,transfer_complete / hmda_2020_oh / ft / direction_joint_pass
hmda_2020_oh,ft,erm,1004,direction_joint_pass,0.2200551131914602,False,higher,transfer_complete / hmda_2020_oh / ft / direction_joint_pass
hmda_2020_oh,ft,soft,1004,direction_joint_pass,0.9979811583795496,False,higher,transfer_complete / hmda_2020_oh / ft / direction_joint_pass
hmda_2020_oh,ft,erm,1005,direction_joint_pass,0.2092864605885622,False,higher,transfer_complete / hmda_2020_oh / ft / direction_joint_pass
hmda_2020_oh,ft,soft,1005,direction_joint_pass,0.999532687175252,False,higher,transfer_complete / hmda_2020_oh / ft / direction_joint_pass
hmda_2020_oh,ft,erm,1006,direction_joint_pass,0.3475690903141526,False,higher,transfer_complete / hmda_2020_oh / ft / direction_joint_pass
hmda_2020_oh,ft,soft,1006,direction_joint_pass,0.9995888157894736,False,higher,transfer_complete / hmda_2020_oh / ft / direction_joint_pass
hmda_2020_oh,ft,erm,1007,direction_joint_pass,0.2218927209107213,False,higher,transfer_complete / hmda_2020_oh / ft / direction_joint_pass
hmda_2020_oh,ft,soft,1007,direction_joint_pass,0.9998457742134486,False,higher,transfer_complete / hmda_2020_oh / ft / direction_joint_pass
hmda_2020_oh,ft,erm,1008,direction_joint_pass,0.2299042482713399,False,higher,transfer_complete / hmda_2020_oh / ft / direction_joint_pass
hmda_2020_oh,ft,soft,1008,direction_joint_pass,0.9996892306943502,False,higher,transfer_complete / hmda_2020_oh / ft / direction_joint_pass
hmda_2020_oh,ft,erm,1009,direction_joint_pass,0.2381493706331298,False,higher,transfer_complete / hmda_2020_oh / ft / direction_joint_pass
hmda_2020_oh,ft,soft,1009,direction_joint_pass,0.9962855174896864,False,higher,transfer_complete / hmda_2020_oh / ft / direction_joint_pass
hmda_2020_oh,mlp,erm,1000,direction_joint_pass,0.1643275765140724,False,higher,transfer_complete / hmda_2020_oh / mlp / direction_joint_pass
hmda_2020_oh,mlp,soft,1000,direction_joint_pass,0.9973472583460176,False,higher,transfer_complete / hmda_2020_oh / mlp / direction_joint_pass
hmda_2020_oh,mlp,erm,1001,direction_joint_pass,0.131288711480313,False,higher,transfer_complete / hmda_2020_oh / mlp / direction_joint_pass
hmda_2020_oh,mlp,soft,1001,direction_joint_pass,0.99220878818948,False,higher,transfer_complete / hmda_2020_oh / mlp / direction_joint_pass
hmda_2020_oh,mlp,erm,1002,direction_joint_pass,0.2158903909314493,False,higher,transfer_complete / hmda_2020_oh / mlp / direction_joint_pass
hmda_2020_oh,mlp,soft,1002,direction_joint_pass,0.9974629571719288,False,higher,transfer_complete / hmda_2020_oh / mlp / direction_joint_pass
hmda_2020_oh,mlp,erm,1003,direction_joint_pass,0.2361001440680817,False,higher,transfer_complete / hmda_2020_oh / mlp / direction_joint_pass
hmda_2020_oh,mlp,soft,1003,direction_joint_pass,0.9944949830290132,False,higher,transfer_complete / hmda_2020_oh / mlp / direction_joint_pass
hmda_2020_oh,mlp,erm,1004,direction_joint_pass,0.2113533666990096,False,higher,transfer_complete / hmda_2020_oh / mlp / direction_joint_pass
hmda_2020_oh,mlp,soft,1004,direction_joint_pass,0.994810847726086,False,higher,transfer_complete / hmda_2020_oh / mlp / direction_joint_pass
hmda_2020_oh,mlp,erm,1005,direction_joint_pass,0.2401033940666959,False,higher,transfer_complete / hmda_2020_oh / mlp / direction_joint_pass
hmda_2020_oh,mlp,soft,1005,direction_joint_pass,0.9976842954691804,False,higher,transfer_complete / hmda_2020_oh / mlp / direction_joint_pass
hmda_2020_oh,mlp,erm,1006,direction_joint_pass,0.1840289971970438,False,higher,transfer_complete / hmda_2020_oh / mlp / direction_joint_pass
hmda_2020_oh,mlp,soft,1006,direction_joint_pass,0.9941545317502668,False,higher,transfer_complete / hmda_2020_oh / mlp / direction_joint_pass
hmda_2020_oh,mlp,erm,1007,direction_joint_pass,0.2782519156761378,False,higher,transfer_complete / hmda_2020_oh / mlp / direction_joint_pass
hmda_2020_oh,mlp,soft,1007,direction_joint_pass,0.9926641338041876,False,higher,transfer_complete / hmda_2020_oh / mlp / direction_joint_pass
hmda_2020_oh,mlp,erm,1008,direction_joint_pass,0.2098065484610364,False,higher,transfer_complete / hmda_2020_oh / mlp / direction_joint_pass
hmda_2020_oh,mlp,soft,1008,direction_joint_pass,0.99359218480335,False,higher,transfer_complete / hmda_2020_oh / mlp / direction_joint_pass
hmda_2020_oh,mlp,erm,1009,direction_joint_pass,0.2172421203357639,False,higher,transfer_complete / hmda_2020_oh / mlp / direction_joint_pass
hmda_2020_oh,mlp,soft,1009,direction_joint_pass,0.9921827583679148,False,higher,transfer_complete / hmda_2020_oh / mlp / direction_joint_pass
hmda_2019_mi,ft,dralign,1000,auc,0.686984725943502,False,higher,transfer_complete / hmda_2019_mi / ft / auc
hmda_2019_mi,ft,dralign,1001,auc,0.7827550782625494,False,higher,transfer_complete / hmda_2019_mi / ft / auc
hmda_2019_mi,ft,dralign,1002,auc,0.7091128799916462,False,higher,transfer_complete / hmda_2019_mi / ft / auc
hmda_2019_mi,ft,dralign,1003,auc,0.7635054904864542,False,higher,transfer_complete / hmda_2019_mi / ft / auc
hmda_2019_mi,ft,dralign,1004,auc,0.6995257357393501,False,higher,transfer_complete / hmda_2019_mi / ft / auc
hmda_2019_mi,ft,dralign,1005,auc,0.742199454443731,False,higher,transfer_complete / hmda_2019_mi / ft / auc
hmda_2019_mi,ft,dralign,1006,auc,0.7872741761567745,False,higher,transfer_complete / hmda_2019_mi / ft / auc
hmda_2019_mi,ft,dralign,1007,auc,0.7792619562405927,False,higher,transfer_complete / hmda_2019_mi / ft / auc
hmda_2019_mi,ft,dralign,1008,auc,0.652860293617767,False,higher,transfer_complete / hmda_2019_mi / ft / auc
hmda_2019_mi,ft,dralign,1009,auc,0.6830984028679703,False,higher,transfer_complete / hmda_2019_mi / ft / auc
hmda_2019_mi,ft,dralign,1000,accuracy,0.8228333333333333,False,higher,transfer_complete / hmda_2019_mi / ft / accuracy
hmda_2019_mi,ft,dralign,1001,accuracy,0.81775,False,higher,transfer_complete / hmda_2019_mi / ft / accuracy
hmda_2019_mi,ft,dralign,1002,accuracy,0.81775,False,higher,transfer_complete / hmda_2019_mi / ft / accuracy
hmda_2019_mi,ft,dralign,1003,accuracy,0.818,False,higher,transfer_complete / hmda_2019_mi / ft / accuracy
hmda_2019_mi,ft,dralign,1004,accuracy,0.81775,False,higher,transfer_complete / hmda_2019_mi / ft / accuracy
hmda_2019_mi,ft,dralign,1005,accuracy,0.8213333333333334,False,higher,transfer_complete / hmda_2019_mi / ft / accuracy
hmda_2019_mi,ft,dralign,1006,accuracy,0.81775,False,higher,transfer_complete / hmda_2019_mi / ft / accuracy
hmda_2019_mi,ft,dralign,1007,accuracy,0.81775,False,higher,transfer_complete / hmda_2019_mi / ft / accuracy
hmda_2019_mi,ft,dralign,1008,accuracy,0.18225,False,higher,transfer_complete / hmda_2019_mi / ft / accuracy
hmda_2019_mi,ft,dralign,1009,accuracy,0.81775,False,higher,transfer_complete / hmda_2019_mi / ft / accuracy
hmda_2019_mi,ft,dralign,1000,f1,0.8949500938827948,False,higher,transfer_complete / hmda_2019_mi / ft / f1
hmda_2019_mi,ft,dralign,1001,f1,0.8997386879383854,False,higher,transfer_complete / hmda_2019_mi / ft / f1
hmda_2019_mi,ft,dralign,1002,f1,0.8997386879383854,False,higher,transfer_complete / hmda_2019_mi / ft / f1
hmda_2019_mi,ft,dralign,1003,f1,0.8998624484181568,False,higher,transfer_complete / hmda_2019_mi / ft / f1
hmda_2019_mi,ft,dralign,1004,f1,0.8997386879383854,False,higher,transfer_complete / hmda_2019_mi / ft / f1
hmda_2019_mi,ft,dralign,1005,f1,0.8945919370698132,False,higher,transfer_complete / hmda_2019_mi / ft / f1
hmda_2019_mi,ft,dralign,1006,f1,0.8997386879383854,False,higher,transfer_complete / hmda_2019_mi / ft / f1
hmda_2019_mi,ft,dralign,1007,f1,0.8997386879383854,False,higher,transfer_complete / hmda_2019_mi / ft / f1
hmda_2019_mi,ft,dralign,1008,f1,0.0,False,higher,transfer_complete / hmda_2019_mi / ft / f1
hmda_2019_mi,ft,dralign,1009,f1,0.8997386879383854,False,higher,transfer_complete / hmda_2019_mi / ft / f1
hmda_2019_mi,ft,dralign,1000,aod,0.0208533190581671,False,lower,transfer_complete / hmda_2019_mi / ft / aod
hmda_2019_mi,ft,dralign,1001,aod,0.0,False,lower,transfer_complete / hmda_2019_mi / ft / aod
hmda_2019_mi,ft,dralign,1002,aod,0.0,False,lower,transfer_complete / hmda_2019_mi / ft / aod
hmda_2019_mi,ft,dralign,1003,aod,0.0059523809523809,False,lower,transfer_complete / hmda_2019_mi / ft / aod
hmda_2019_mi,ft,dralign,1004,aod,0.0,False,lower,transfer_complete / hmda_2019_mi / ft / aod
hmda_2019_mi,ft,dralign,1005,aod,0.0314125456955928,False,lower,transfer_complete / hmda_2019_mi / ft / aod
hmda_2019_mi,ft,dralign,1006,aod,0.0,False,lower,transfer_complete / hmda_2019_mi / ft / aod
hmda_2019_mi,ft,dralign,1007,aod,0.0,False,lower,transfer_complete / hmda_2019_mi / ft / aod
hmda_2019_mi,ft,dralign,1008,aod,0.0,False,lower,transfer_complete / hmda_2019_mi / ft / aod
hmda_2019_mi,ft,dralign,1009,aod,0.0,False,lower,transfer_complete / hmda_2019_mi / ft / aod
hmda_2019_mi,ft,dralign,1000,dp,0.0750576332239084,False,lower,transfer_complete / hmda_2019_mi / ft / dp
hmda_2019_mi,ft,dralign,1001,dp,0.0,False,lower,transfer_complete / hmda_2019_mi / ft / dp
hmda_2019_mi,ft,dralign,1002,dp,0.0,False,lower,transfer_complete / hmda_2019_mi / ft / dp
hmda_2019_mi,ft,dralign,1003,dp,0.0039787798408488,False,lower,transfer_complete / hmda_2019_mi / ft / dp
hmda_2019_mi,ft,dralign,1004,dp,0.0,False,lower,transfer_complete / hmda_2019_mi / ft / dp
hmda_2019_mi,ft,dralign,1005,dp,0.0275203066601694,False,lower,transfer_complete / hmda_2019_mi / ft / dp
hmda_2019_mi,ft,dralign,1006,dp,0.0,False,lower,transfer_complete / hmda_2019_mi / ft / dp
hmda_2019_mi,ft,dralign,1007,dp,0.0,False,lower,transfer_complete / hmda_2019_mi / ft / dp
hmda_2019_mi,ft,dralign,1008,dp,0.0,False,lower,transfer_complete / hmda_2019_mi / ft / dp
hmda_2019_mi,ft,dralign,1009,dp,0.0,False,lower,transfer_complete / hmda_2019_mi / ft / dp
hmda_2019_mi,ft,dralign,1000,eomax,0.0383659219849203,False,lower,transfer_complete / hmda_2019_mi / ft / eomax
hmda_2019_mi,ft,dralign,1001,eomax,0.0,False,lower,transfer_complete / hmda_2019_mi / ft / eomax
hmda_2019_mi,ft,dralign,1002,eomax,0.0,False,lower,transfer_complete / hmda_2019_mi / ft / eomax
hmda_2019_mi,ft,dralign,1003,eomax,0.0119047619047618,False,lower,transfer_complete / hmda_2019_mi / ft / eomax
hmda_2019_mi,ft,dralign,1004,eomax,0.0,False,lower,transfer_complete / hmda_2019_mi / ft / eomax
hmda_2019_mi,ft,dralign,1005,eomax,0.0598375784422297,False,lower,transfer_complete / hmda_2019_mi / ft / eomax
hmda_2019_mi,ft,dralign,1006,eomax,0.0,False,lower,transfer_complete / hmda_2019_mi / ft / eomax
hmda_2019_mi,ft,dralign,1007,eomax,0.0,False,lower,transfer_complete / hmda_2019_mi / ft / eomax
hmda_2019_mi,ft,dralign,1008,eomax,0.0,False,lower,transfer_complete / hmda_2019_mi / ft / eomax
hmda_2019_mi,ft,dralign,1009,eomax,0.0,False,lower,transfer_complete / hmda_2019_mi / ft / eomax
hmda_2019_mi,ft,dralign,1000,L_R,0.0021246929801205,False,lower,transfer_complete / hmda_2019_mi / ft / L_R
hmda_2019_mi,ft,dralign,1001,L_R,0.0028922214495863,False,lower,transfer_complete / hmda_2019_mi / ft / L_R
hmda_2019_mi,ft,dralign,1002,L_R,0.0013218730307074,False,lower,transfer_complete / hmda_2019_mi / ft / L_R
hmda_2019_mi,ft,dralign,1003,L_R,0.0024418042859611,False,lower,transfer_complete / hmda_2019_mi / ft / L_R
hmda_2019_mi,ft,dralign,1004,L_R,0.0006216350692831,False,lower,transfer_complete / hmda_2019_mi / ft / L_R
hmda_2019_mi,ft,dralign,1005,L_R,0.0054968211198262,False,lower,transfer_complete / hmda_2019_mi / ft / L_R
hmda_2019_mi,ft,dralign,1006,L_R,0.0014394553763446,False,lower,transfer_complete / hmda_2019_mi / ft / L_R
hmda_2019_mi,ft,dralign,1007,L_R,0.000529026568674,False,lower,transfer_complete / hmda_2019_mi / ft / L_R
hmda_2019_mi,ft,dralign,1008,L_R,0.0003282582469365,False,lower,transfer_complete / hmda_2019_mi / ft / L_R
hmda_2019_mi,ft,dralign,1009,L_R,0.000176621399241,False,lower,transfer_complete / hmda_2019_mi / ft / L_R
hmda_2019_mi,ft,dralign,1000,violation_005,0.0,False,lower,transfer_complete / hmda_2019_mi / ft / violation_005
hmda_2019_mi,ft,dralign,1001,violation_005,0.0001951124335398,False,lower,transfer_complete / hmda_2019_mi / ft / violation_005
hmda_2019_mi,ft,dralign,1002,violation_005,0.0,False,lower,transfer_complete / hmda_2019_mi / ft / violation_005
hmda_2019_mi,ft,dralign,1003,violation_005,0.0004594625600797,False,lower,transfer_complete / hmda_2019_mi / ft / violation_005
hmda_2019_mi,ft,dralign,1004,violation_005,0.0,False,lower,transfer_complete / hmda_2019_mi / ft / violation_005
hmda_2019_mi,ft,dralign,1005,violation_005,0.0,False,lower,transfer_complete / hmda_2019_mi / ft / violation_005
hmda_2019_mi,ft,dralign,1006,violation_005,0.0,False,lower,transfer_complete / hmda_2019_mi / ft / violation_005
hmda_2019_mi,ft,dralign,1007,violation_005,0.0,False,lower,transfer_complete / hmda_2019_mi / ft / violation_005
hmda_2019_mi,ft,dralign,1008,violation_005,0.0,False,lower,transfer_complete / hmda_2019_mi / ft / violation_005
hmda_2019_mi,ft,dralign,1009,violation_005,0.0,False,lower,transfer_complete / hmda_2019_mi / ft / violation_005
hmda_2019_mi,ft,dralign,1000,P_R,0.0005256089242788,False,lower,transfer_complete / hmda_2019_mi / ft / P_R
hmda_2019_mi,ft,dralign,1001,P_R,0.000302290572336,False,lower,transfer_complete / hmda_2019_mi / ft / P_R
hmda_2019_mi,ft,dralign,1002,P_R,6.410235666235514e-05,False,lower,transfer_complete / hmda_2019_mi / ft / P_R
hmda_2019_mi,ft,dralign,1003,P_R,0.0003279126146223,False,lower,transfer_complete / hmda_2019_mi / ft / P_R
hmda_2019_mi,ft,dralign,1004,P_R,0.000136230076343,False,lower,transfer_complete / hmda_2019_mi / ft / P_R
hmda_2019_mi,ft,dralign,1005,P_R,0.0013210042739513,False,lower,transfer_complete / hmda_2019_mi / ft / P_R
hmda_2019_mi,ft,dralign,1006,P_R,9.797172348941504e-05,False,lower,transfer_complete / hmda_2019_mi / ft / P_R
hmda_2019_mi,ft,dralign,1007,P_R,4.736720472896701e-05,False,lower,transfer_complete / hmda_2019_mi / ft / P_R
hmda_2019_mi,ft,dralign,1008,P_R,7.687531844121281e-05,False,lower,transfer_complete / hmda_2019_mi / ft / P_R
hmda_2019_mi,ft,dralign,1009,P_R,1.479175946925589e-05,False,lower,transfer_complete / hmda_2019_mi / ft / P_R
hmda_2019_mi,ft,dralign,1000,P_population_effect_gap,0.0021535330919838,False,lower,transfer_complete / hmda_2019_mi / ft / P_population_effect_gap
hmda_2019_mi,ft,dralign,1001,P_population_effect_gap,0.0008381990763309,False,lower,transfer_complete / hmda_2019_mi / ft / P_population_effect_gap
hmda_2019_mi,ft,dralign,1002,P_population_effect_gap,0.0001885481119439,False,lower,transfer_complete / hmda_2019_mi / ft / P_population_effect_gap
hmda_2019_mi,ft,dralign,1003,P_population_effect_gap,0.0021814599760143,False,lower,transfer_complete / hmda_2019_mi / ft / P_population_effect_gap
hmda_2019_mi,ft,dralign,1004,P_population_effect_gap,0.0008640658104361,False,lower,transfer_complete / hmda_2019_mi / ft / P_population_effect_gap
hmda_2019_mi,ft,dralign,1005,P_population_effect_gap,0.0024990146546285,False,lower,transfer_complete / hmda_2019_mi / ft / P_population_effect_gap
hmda_2019_mi,ft,dralign,1006,P_population_effect_gap,0.0009958579094365,False,lower,transfer_complete / hmda_2019_mi / ft / P_population_effect_gap
hmda_2019_mi,ft,dralign,1007,P_population_effect_gap,0.0002972186511642,False,lower,transfer_complete / hmda_2019_mi / ft / P_population_effect_gap
hmda_2019_mi,ft,dralign,1008,P_population_effect_gap,0.0006118626358053,False,lower,transfer_complete / hmda_2019_mi / ft / P_population_effect_gap
hmda_2019_mi,ft,dralign,1009,P_population_effect_gap,0.0001126829726621,False,lower,transfer_complete / hmda_2019_mi / ft / P_population_effect_gap
hmda_2019_mi,ft,dralign,1000,decision_disagreement,0.0066374159329184,False,lower,transfer_complete / hmda_2019_mi / ft / decision_disagreement
hmda_2019_mi,ft,dralign,1001,decision_disagreement,0.0,False,lower,transfer_complete / hmda_2019_mi / ft / decision_disagreement
hmda_2019_mi,ft,dralign,1002,decision_disagreement,0.0,False,lower,transfer_complete / hmda_2019_mi / ft / decision_disagreement
hmda_2019_mi,ft,dralign,1003,decision_disagreement,0.0,False,lower,transfer_complete / hmda_2019_mi / ft / decision_disagreement
hmda_2019_mi,ft,dralign,1004,decision_disagreement,0.0,False,lower,transfer_complete / hmda_2019_mi / ft / decision_disagreement
hmda_2019_mi,ft,dralign,1005,decision_disagreement,0.0245124076437526,False,lower,transfer_complete / hmda_2019_mi / ft / decision_disagreement
hmda_2019_mi,ft,dralign,1006,decision_disagreement,0.0,False,lower,transfer_complete / hmda_2019_mi / ft / decision_disagreement
hmda_2019_mi,ft,dralign,1007,decision_disagreement,0.0,False,lower,transfer_complete / hmda_2019_mi / ft / decision_disagreement
hmda_2019_mi,ft,dralign,1008,decision_disagreement,0.0,False,lower,transfer_complete / hmda_2019_mi / ft / decision_disagreement
hmda_2019_mi,ft,dralign,1009,decision_disagreement,0.0,False,lower,transfer_complete / hmda_2019_mi / ft / decision_disagreement
hmda_2019_mi,ft,dralign,1000,opposite_005,0.0,False,lower,transfer_complete / hmda_2019_mi / ft / opposite_005
hmda_2019_mi,ft,dralign,1001,opposite_005,0.0,False,lower,transfer_complete / hmda_2019_mi / ft / opposite_005
hmda_2019_mi,ft,dralign,1002,opposite_005,0.0,False,lower,transfer_complete / hmda_2019_mi / ft / opposite_005
hmda_2019_mi,ft,dralign,1003,opposite_005,0.0,False,lower,transfer_complete / hmda_2019_mi / ft / opposite_005
hmda_2019_mi,ft,dralign,1004,opposite_005,0.0,False,lower,transfer_complete / hmda_2019_mi / ft / opposite_005
hmda_2019_mi,ft,dralign,1005,opposite_005,0.0,False,lower,transfer_complete / hmda_2019_mi / ft / opposite_005
hmda_2019_mi,ft,dralign,1006,opposite_005,0.0,False,lower,transfer_complete / hmda_2019_mi / ft / opposite_005
hmda_2019_mi,ft,dralign,1007,opposite_005,0.0,False,lower,transfer_complete / hmda_2019_mi / ft / opposite_005
hmda_2019_mi,ft,dralign,1008,opposite_005,0.0,False,lower,transfer_complete / hmda_2019_mi / ft / opposite_005
hmda_2019_mi,ft,dralign,1009,opposite_005,0.0,False,lower,transfer_complete / hmda_2019_mi / ft / opposite_005
hmda_2019_mi,ft,dralign,1000,direction_adverse_005,0.0974809399020299,False,lower,transfer_complete / hmda_2019_mi / ft / direction_adverse_005
hmda_2019_mi,ft,dralign,1001,direction_adverse_005,0.0,False,lower,transfer_complete / hmda_2019_mi / ft / direction_adverse_005
hmda_2019_mi,ft,dralign,1002,direction_adverse_005,0.0,False,lower,transfer_complete / hmda_2019_mi / ft / direction_adverse_005
hmda_2019_mi,ft,dralign,1003,direction_adverse_005,0.0,False,lower,transfer_complete / hmda_2019_mi / ft / direction_adverse_005
hmda_2019_mi,ft,dralign,1004,direction_adverse_005,0.25,False,lower,transfer_complete / hmda_2019_mi / ft / direction_adverse_005
hmda_2019_mi,ft,dralign,1005,direction_adverse_005,0.1016196160396953,False,lower,transfer_complete / hmda_2019_mi / ft / direction_adverse_005
hmda_2019_mi,ft,dralign,1006,direction_adverse_005,0.0140513820886542,False,lower,transfer_complete / hmda_2019_mi / ft / direction_adverse_005
hmda_2019_mi,ft,dralign,1007,direction_adverse_005,0.0,False,lower,transfer_complete / hmda_2019_mi / ft / direction_adverse_005
hmda_2019_mi,ft,dralign,1008,direction_adverse_005,0.0,False,lower,transfer_complete / hmda_2019_mi / ft / direction_adverse_005
hmda_2019_mi,ft,dralign,1009,direction_adverse_005,0.1191879502292076,False,lower,transfer_complete / hmda_2019_mi / ft / direction_adverse_005
hmda_2019_mi,ft,dralign,1000,direction_both_adverse_005,0.0928055340861085,False,lower,transfer_complete / hmda_2019_mi / ft / direction_both_adverse_005
hmda_2019_mi,ft,dralign,1001,direction_both_adverse_005,0.0,False,lower,transfer_complete / hmda_2019_mi / ft / direction_both_adverse_005
hmda_2019_mi,ft,dralign,1002,direction_both_adverse_005,0.0,False,lower,transfer_complete / hmda_2019_mi / ft / direction_both_adverse_005
hmda_2019_mi,ft,dralign,1003,direction_both_adverse_005,0.0,False,lower,transfer_complete / hmda_2019_mi / ft / direction_both_adverse_005
hmda_2019_mi,ft,dralign,1004,direction_both_adverse_005,0.25,False,lower,transfer_complete / hmda_2019_mi / ft / direction_both_adverse_005
hmda_2019_mi,ft,dralign,1005,direction_both_adverse_005,0.0643686431982139,False,lower,transfer_complete / hmda_2019_mi / ft / direction_both_adverse_005
hmda_2019_mi,ft,dralign,1006,direction_both_adverse_005,0.0133496911679416,False,lower,transfer_complete / hmda_2019_mi / ft / direction_both_adverse_005
hmda_2019_mi,ft,dralign,1007,direction_both_adverse_005,0.0,False,lower,transfer_complete / hmda_2019_mi / ft / direction_both_adverse_005
hmda_2019_mi,ft,dralign,1008,direction_both_adverse_005,0.0,False,lower,transfer_complete / hmda_2019_mi / ft / direction_both_adverse_005
hmda_2019_mi,ft,dralign,1009,direction_both_adverse_005,0.1173870333988212,False,lower,transfer_complete / hmda_2019_mi / ft / direction_both_adverse_005
hmda_2019_mi,ft,dralign,1000,direction_adverse_decision,0.0008148631029986,False,lower,transfer_complete / hmda_2019_mi / ft / direction_adverse_decision
hmda_2019_mi,ft,dralign,1001,direction_adverse_decision,0.0,False,lower,transfer_complete / hmda_2019_mi / ft / direction_adverse_decision
hmda_2019_mi,ft,dralign,1002,direction_adverse_decision,0.0,False,lower,transfer_complete / hmda_2019_mi / ft / direction_adverse_decision
hmda_2019_mi,ft,dralign,1003,direction_adverse_decision,0.0,False,lower,transfer_complete / hmda_2019_mi / ft / direction_adverse_decision
hmda_2019_mi,ft,dralign,1004,direction_adverse_decision,0.0,False,lower,transfer_complete / hmda_2019_mi / ft / direction_adverse_decision
hmda_2019_mi,ft,dralign,1005,direction_adverse_decision,0.0071340619350689,False,lower,transfer_complete / hmda_2019_mi / ft / direction_adverse_decision
hmda_2019_mi,ft,dralign,1006,direction_adverse_decision,0.0,False,lower,transfer_complete / hmda_2019_mi / ft / direction_adverse_decision
hmda_2019_mi,ft,dralign,1007,direction_adverse_decision,0.0,False,lower,transfer_complete / hmda_2019_mi / ft / direction_adverse_decision
hmda_2019_mi,ft,dralign,1008,direction_adverse_decision,0.0,False,lower,transfer_complete / hmda_2019_mi / ft / direction_adverse_decision
hmda_2019_mi,ft,dralign,1009,direction_adverse_decision,0.0,False,lower,transfer_complete / hmda_2019_mi / ft / direction_adverse_decision
hmda_2019_mi,ft,dralign,1000,direction_joint_pass,0.90251906009797,False,higher,transfer_complete / hmda_2019_mi / ft / direction_joint_pass
hmda_2019_mi,ft,dralign,1001,direction_joint_pass,1.0,False,higher,transfer_complete / hmda_2019_mi / ft / direction_joint_pass
hmda_2019_mi,ft,dralign,1002,direction_joint_pass,1.0,False,higher,transfer_complete / hmda_2019_mi / ft / direction_joint_pass
hmda_2019_mi,ft,dralign,1003,direction_joint_pass,1.0,False,higher,transfer_complete / hmda_2019_mi / ft / direction_joint_pass
hmda_2019_mi,ft,dralign,1004,direction_joint_pass,0.75,False,higher,transfer_complete / hmda_2019_mi / ft / direction_joint_pass
hmda_2019_mi,ft,dralign,1005,direction_joint_pass,0.8983803839603046,False,higher,transfer_complete / hmda_2019_mi / ft / direction_joint_pass
hmda_2019_mi,ft,dralign,1006,direction_joint_pass,0.9859486179113458,False,higher,transfer_complete / hmda_2019_mi / ft / direction_joint_pass
hmda_2019_mi,ft,dralign,1007,direction_joint_pass,1.0,False,higher,transfer_complete / hmda_2019_mi / ft / direction_joint_pass
hmda_2019_mi,ft,dralign,1008,direction_joint_pass,1.0,False,higher,transfer_complete / hmda_2019_mi / ft / direction_joint_pass
hmda_2019_mi,ft,dralign,1009,direction_joint_pass,0.8808120497707924,False,higher,transfer_complete / hmda_2019_mi / ft / direction_joint_pass
hmda_2019_mi,ft,fairsmote,1000,auc,0.8186992973450343,False,higher,transfer_complete / hmda_2019_mi / ft / auc
hmda_2019_mi,ft,fairsmote,1001,auc,0.8103629317715445,False,higher,transfer_complete / hmda_2019_mi / ft / auc
hmda_2019_mi,ft,fairsmote,1002,auc,0.8054684791238594,False,higher,transfer_complete / hmda_2019_mi / ft / auc
hmda_2019_mi,ft,fairsmote,1003,auc,0.8221392998314013,False,higher,transfer_complete / hmda_2019_mi / ft / auc
hmda_2019_mi,ft,fairsmote,1004,auc,0.8110964939196071,False,higher,transfer_complete / hmda_2019_mi / ft / auc
hmda_2019_mi,ft,fairsmote,1005,auc,0.8182830545279953,False,higher,transfer_complete / hmda_2019_mi / ft / auc
hmda_2019_mi,ft,fairsmote,1006,auc,0.8225605517274543,False,higher,transfer_complete / hmda_2019_mi / ft / auc
hmda_2019_mi,ft,fairsmote,1007,auc,0.807060480924705,False,higher,transfer_complete / hmda_2019_mi / ft / auc
hmda_2019_mi,ft,fairsmote,1008,auc,0.8180143116143861,False,higher,transfer_complete / hmda_2019_mi / ft / auc
hmda_2019_mi,ft,fairsmote,1009,auc,0.8181824535829616,False,higher,transfer_complete / hmda_2019_mi / ft / auc
hmda_2019_mi,ft,fairsmote,1000,accuracy,0.7924166666666667,False,higher,transfer_complete / hmda_2019_mi / ft / accuracy
hmda_2019_mi,ft,fairsmote,1001,accuracy,0.8270833333333333,False,higher,transfer_complete / hmda_2019_mi / ft / accuracy
hmda_2019_mi,ft,fairsmote,1002,accuracy,0.8139166666666666,False,higher,transfer_complete / hmda_2019_mi / ft / accuracy
hmda_2019_mi,ft,fairsmote,1003,accuracy,0.8395,False,higher,transfer_complete / hmda_2019_mi / ft / accuracy
hmda_2019_mi,ft,fairsmote,1004,accuracy,0.7904166666666667,False,higher,transfer_complete / hmda_2019_mi / ft / accuracy
hmda_2019_mi,ft,fairsmote,1005,accuracy,0.8324166666666667,False,higher,transfer_complete / hmda_2019_mi / ft / accuracy
hmda_2019_mi,ft,fairsmote,1006,accuracy,0.7914166666666667,False,higher,transfer_complete / hmda_2019_mi / ft / accuracy
hmda_2019_mi,ft,fairsmote,1007,accuracy,0.8085833333333333,False,higher,transfer_complete / hmda_2019_mi / ft / accuracy
hmda_2019_mi,ft,fairsmote,1008,accuracy,0.7874166666666667,False,higher,transfer_complete / hmda_2019_mi / ft / accuracy
hmda_2019_mi,ft,fairsmote,1009,accuracy,0.8215833333333333,False,higher,transfer_complete / hmda_2019_mi / ft / accuracy
hmda_2019_mi,ft,fairsmote,1000,f1,0.8665416555049558,False,higher,transfer_complete / hmda_2019_mi / ft / f1
hmda_2019_mi,ft,fairsmote,1001,f1,0.8936824307014398,False,higher,transfer_complete / hmda_2019_mi / ft / f1
hmda_2019_mi,ft,fairsmote,1002,f1,0.8833516167789792,False,higher,transfer_complete / hmda_2019_mi / ft / f1
hmda_2019_mi,ft,fairsmote,1003,f1,0.901543809426439,False,higher,transfer_complete / hmda_2019_mi / ft / f1
hmda_2019_mi,ft,fairsmote,1004,f1,0.8657306070151086,False,higher,transfer_complete / hmda_2019_mi / ft / f1
hmda_2019_mi,ft,fairsmote,1005,f1,0.8969405012043253,False,higher,transfer_complete / hmda_2019_mi / ft / f1
hmda_2019_mi,ft,fairsmote,1006,f1,0.8650746590480297,False,higher,transfer_complete / hmda_2019_mi / ft / f1
hmda_2019_mi,ft,fairsmote,1007,f1,0.8797319231373371,False,higher,transfer_complete / hmda_2019_mi / ft / f1
hmda_2019_mi,ft,fairsmote,1008,f1,0.8621900491599589,False,higher,transfer_complete / hmda_2019_mi / ft / f1
hmda_2019_mi,ft,fairsmote,1009,f1,0.8891993996791389,False,higher,transfer_complete / hmda_2019_mi / ft / f1
hmda_2019_mi,ft,fairsmote,1000,aod,0.0589512835129278,False,lower,transfer_complete / hmda_2019_mi / ft / aod
hmda_2019_mi,ft,fairsmote,1001,aod,0.0615241199757915,False,lower,transfer_complete / hmda_2019_mi / ft / aod
hmda_2019_mi,ft,fairsmote,1002,aod,0.0862164481077538,False,lower,transfer_complete / hmda_2019_mi / ft / aod
hmda_2019_mi,ft,fairsmote,1003,aod,0.0405677861563066,False,lower,transfer_complete / hmda_2019_mi / ft / aod
hmda_2019_mi,ft,fairsmote,1004,aod,0.0782713013541167,False,lower,transfer_complete / hmda_2019_mi / ft / aod
hmda_2019_mi,ft,fairsmote,1005,aod,0.0708709315750818,False,lower,transfer_complete / hmda_2019_mi / ft / aod
hmda_2019_mi,ft,fairsmote,1006,aod,0.0557686764031451,False,lower,transfer_complete / hmda_2019_mi / ft / aod
hmda_2019_mi,ft,fairsmote,1007,aod,0.0836906637302131,False,lower,transfer_complete / hmda_2019_mi / ft / aod
hmda_2019_mi,ft,fairsmote,1008,aod,0.0657793739839338,False,lower,transfer_complete / hmda_2019_mi / ft / aod
hmda_2019_mi,ft,fairsmote,1009,aod,0.0965119010073033,False,lower,transfer_complete / hmda_2019_mi / ft / aod
hmda_2019_mi,ft,fairsmote,1000,dp,0.0993466111853033,False,lower,transfer_complete / hmda_2019_mi / ft / dp
hmda_2019_mi,ft,fairsmote,1001,dp,0.0887808739305363,False,lower,transfer_complete / hmda_2019_mi / ft / dp
hmda_2019_mi,ft,fairsmote,1002,dp,0.0526942441308928,False,lower,transfer_complete / hmda_2019_mi / ft / dp
hmda_2019_mi,ft,fairsmote,1003,dp,0.1281618079590691,False,lower,transfer_complete / hmda_2019_mi / ft / dp
hmda_2019_mi,ft,fairsmote,1004,dp,0.0344563419189186,False,lower,transfer_complete / hmda_2019_mi / ft / dp
hmda_2019_mi,ft,fairsmote,1005,dp,0.0870100114582443,False,lower,transfer_complete / hmda_2019_mi / ft / dp
hmda_2019_mi,ft,fairsmote,1006,dp,0.1160981021958411,False,lower,transfer_complete / hmda_2019_mi / ft / dp
hmda_2019_mi,ft,fairsmote,1007,dp,0.0261388546755911,False,lower,transfer_complete / hmda_2019_mi / ft / dp
hmda_2019_mi,ft,fairsmote,1008,dp,0.0729162293365964,False,lower,transfer_complete / hmda_2019_mi / ft / dp
hmda_2019_mi,ft,fairsmote,1009,dp,0.0658695741391811,False,lower,transfer_complete / hmda_2019_mi / ft / dp
hmda_2019_mi,ft,fairsmote,1000,eomax,0.0602613710125666,False,lower,transfer_complete / hmda_2019_mi / ft / eomax
hmda_2019_mi,ft,fairsmote,1001,eomax,0.0660760428202288,False,lower,transfer_complete / hmda_2019_mi / ft / eomax
hmda_2019_mi,ft,fairsmote,1002,eomax,0.1398301956441491,False,lower,transfer_complete / hmda_2019_mi / ft / eomax
hmda_2019_mi,ft,fairsmote,1003,eomax,0.0778871411572055,False,lower,transfer_complete / hmda_2019_mi / ft / eomax
hmda_2019_mi,ft,fairsmote,1004,eomax,0.1465116279069767,False,lower,transfer_complete / hmda_2019_mi / ft / eomax
hmda_2019_mi,ft,fairsmote,1005,eomax,0.0836471022517533,False,lower,transfer_complete / hmda_2019_mi / ft / eomax
hmda_2019_mi,ft,fairsmote,1006,eomax,0.0723900659845848,False,lower,transfer_complete / hmda_2019_mi / ft / eomax
hmda_2019_mi,ft,fairsmote,1007,eomax,0.1615725359911407,False,lower,transfer_complete / hmda_2019_mi / ft / eomax
hmda_2019_mi,ft,fairsmote,1008,eomax,0.0953857511997046,False,lower,transfer_complete / hmda_2019_mi / ft / eomax
hmda_2019_mi,ft,fairsmote,1009,eomax,0.139516426725729,False,lower,transfer_complete / hmda_2019_mi / ft / eomax
hmda_2019_mi,ft,fairsmote,1000,L_R,0.2697831890782057,False,lower,transfer_complete / hmda_2019_mi / ft / L_R
hmda_2019_mi,ft,fairsmote,1001,L_R,0.447497574672971,False,lower,transfer_complete / hmda_2019_mi / ft / L_R
hmda_2019_mi,ft,fairsmote,1002,L_R,0.6961241633445817,False,lower,transfer_complete / hmda_2019_mi / ft / L_R
hmda_2019_mi,ft,fairsmote,1003,L_R,0.2159267382392835,False,lower,transfer_complete / hmda_2019_mi / ft / L_R
hmda_2019_mi,ft,fairsmote,1004,L_R,0.5330268871135432,False,lower,transfer_complete / hmda_2019_mi / ft / L_R
hmda_2019_mi,ft,fairsmote,1005,L_R,0.3722219200655253,False,lower,transfer_complete / hmda_2019_mi / ft / L_R
hmda_2019_mi,ft,fairsmote,1006,L_R,0.2829936332134612,False,lower,transfer_complete / hmda_2019_mi / ft / L_R
hmda_2019_mi,ft,fairsmote,1007,L_R,0.6344004475583913,False,lower,transfer_complete / hmda_2019_mi / ft / L_R
hmda_2019_mi,ft,fairsmote,1008,L_R,0.3264824538854082,False,lower,transfer_complete / hmda_2019_mi / ft / L_R
hmda_2019_mi,ft,fairsmote,1009,L_R,0.2934594055195631,False,lower,transfer_complete / hmda_2019_mi / ft / L_R
hmda_2019_mi,ft,fairsmote,1000,violation_005,0.8350296828780845,False,lower,transfer_complete / hmda_2019_mi / ft / violation_005
hmda_2019_mi,ft,fairsmote,1001,violation_005,0.8868958382653374,False,lower,transfer_complete / hmda_2019_mi / ft / violation_005
hmda_2019_mi,ft,fairsmote,1002,violation_005,0.923971352084722,False,lower,transfer_complete / hmda_2019_mi / ft / violation_005
hmda_2019_mi,ft,fairsmote,1003,violation_005,0.7937776810541342,False,lower,transfer_complete / hmda_2019_mi / ft / violation_005
hmda_2019_mi,ft,fairsmote,1004,violation_005,0.9085804928134368,False,lower,transfer_complete / hmda_2019_mi / ft / violation_005
hmda_2019_mi,ft,fairsmote,1005,violation_005,0.8658949074986333,False,lower,transfer_complete / hmda_2019_mi / ft / violation_005
hmda_2019_mi,ft,fairsmote,1006,violation_005,0.8412524496161107,False,lower,transfer_complete / hmda_2019_mi / ft / violation_005
hmda_2019_mi,ft,fairsmote,1007,violation_005,0.9142076335780354,False,lower,transfer_complete / hmda_2019_mi / ft / violation_005
hmda_2019_mi,ft,fairsmote,1008,violation_005,0.8716903962131747,False,lower,transfer_complete / hmda_2019_mi / ft / violation_005
hmda_2019_mi,ft,fairsmote,1009,violation_005,0.844281199952976,False,lower,transfer_complete / hmda_2019_mi / ft / violation_005
hmda_2019_mi,ft,fairsmote,1000,P_R,0.0476772507391825,False,lower,transfer_complete / hmda_2019_mi / ft / P_R
hmda_2019_mi,ft,fairsmote,1001,P_R,0.0677403495315093,False,lower,transfer_complete / hmda_2019_mi / ft / P_R
hmda_2019_mi,ft,fairsmote,1002,P_R,0.0948606469923714,False,lower,transfer_complete / hmda_2019_mi / ft / P_R
hmda_2019_mi,ft,fairsmote,1003,P_R,0.0364768274041096,False,lower,transfer_complete / hmda_2019_mi / ft / P_R
hmda_2019_mi,ft,fairsmote,1004,P_R,0.0823697266379835,False,lower,transfer_complete / hmda_2019_mi / ft / P_R
hmda_2019_mi,ft,fairsmote,1005,P_R,0.0624419584303214,False,lower,transfer_complete / hmda_2019_mi / ft / P_R
hmda_2019_mi,ft,fairsmote,1006,P_R,0.0483773978478321,False,lower,transfer_complete / hmda_2019_mi / ft / P_R
hmda_2019_mi,ft,fairsmote,1007,P_R,0.094364657027236,False,lower,transfer_complete / hmda_2019_mi / ft / P_R
hmda_2019_mi,ft,fairsmote,1008,P_R,0.050601378321326,False,lower,transfer_complete / hmda_2019_mi / ft / P_R
hmda_2019_mi,ft,fairsmote,1009,P_R,0.0501421595068524,False,lower,transfer_complete / hmda_2019_mi / ft / P_R
hmda_2019_mi,ft,fairsmote,1000,P_population_effect_gap,0.0449191257457578,False,lower,transfer_complete / hmda_2019_mi / ft / P_population_effect_gap
hmda_2019_mi,ft,fairsmote,1001,P_population_effect_gap,0.0470229749601984,False,lower,transfer_complete / hmda_2019_mi / ft / P_population_effect_gap
hmda_2019_mi,ft,fairsmote,1002,P_population_effect_gap,0.0600815377048733,False,lower,transfer_complete / hmda_2019_mi / ft / P_population_effect_gap
hmda_2019_mi,ft,fairsmote,1003,P_population_effect_gap,0.0280107031686703,False,lower,transfer_complete / hmda_2019_mi / ft / P_population_effect_gap
hmda_2019_mi,ft,fairsmote,1004,P_population_effect_gap,0.0395665278509217,False,lower,transfer_complete / hmda_2019_mi / ft / P_population_effect_gap
hmda_2019_mi,ft,fairsmote,1005,P_population_effect_gap,0.0342653090443658,False,lower,transfer_complete / hmda_2019_mi / ft / P_population_effect_gap
hmda_2019_mi,ft,fairsmote,1006,P_population_effect_gap,0.0495831853257525,False,lower,transfer_complete / hmda_2019_mi / ft / P_population_effect_gap
hmda_2019_mi,ft,fairsmote,1007,P_population_effect_gap,0.0592759729785694,False,lower,transfer_complete / hmda_2019_mi / ft / P_population_effect_gap
hmda_2019_mi,ft,fairsmote,1008,P_population_effect_gap,0.0349341739387088,False,lower,transfer_complete / hmda_2019_mi / ft / P_population_effect_gap
hmda_2019_mi,ft,fairsmote,1009,P_population_effect_gap,0.0545178944122668,False,lower,transfer_complete / hmda_2019_mi / ft / P_population_effect_gap
hmda_2019_mi,ft,fairsmote,1000,decision_disagreement,0.1224028075726676,False,lower,transfer_complete / hmda_2019_mi / ft / decision_disagreement
hmda_2019_mi,ft,fairsmote,1001,decision_disagreement,0.1163227044649777,False,lower,transfer_complete / hmda_2019_mi / ft / decision_disagreement
hmda_2019_mi,ft,fairsmote,1002,decision_disagreement,0.1245442902401368,False,lower,transfer_complete / hmda_2019_mi / ft / decision_disagreement
hmda_2019_mi,ft,fairsmote,1003,decision_disagreement,0.0785148053396045,False,lower,transfer_complete / hmda_2019_mi / ft / decision_disagreement
hmda_2019_mi,ft,fairsmote,1004,decision_disagreement,0.1363136585507716,False,lower,transfer_complete / hmda_2019_mi / ft / decision_disagreement
hmda_2019_mi,ft,fairsmote,1005,decision_disagreement,0.1183793360327283,False,lower,transfer_complete / hmda_2019_mi / ft / decision_disagreement
hmda_2019_mi,ft,fairsmote,1006,decision_disagreement,0.094592550019693,False,lower,transfer_complete / hmda_2019_mi / ft / decision_disagreement
hmda_2019_mi,ft,fairsmote,1007,decision_disagreement,0.1349425343206418,False,lower,transfer_complete / hmda_2019_mi / ft / decision_disagreement
hmda_2019_mi,ft,fairsmote,1008,decision_disagreement,0.095477363257778,False,lower,transfer_complete / hmda_2019_mi / ft / decision_disagreement
hmda_2019_mi,ft,fairsmote,1009,decision_disagreement,0.10033965969033,False,lower,transfer_complete / hmda_2019_mi / ft / decision_disagreement
hmda_2019_mi,ft,fairsmote,1000,opposite_005,0.0509202769030878,False,lower,transfer_complete / hmda_2019_mi / ft / opposite_005
hmda_2019_mi,ft,fairsmote,1001,opposite_005,0.0998760270725422,False,lower,transfer_complete / hmda_2019_mi / ft / opposite_005
hmda_2019_mi,ft,fairsmote,1002,opposite_005,0.1148752629190779,False,lower,transfer_complete / hmda_2019_mi / ft / opposite_005
hmda_2019_mi,ft,fairsmote,1003,opposite_005,0.0637014207846842,False,lower,transfer_complete / hmda_2019_mi / ft / opposite_005
hmda_2019_mi,ft,fairsmote,1004,opposite_005,0.1163175637206361,False,lower,transfer_complete / hmda_2019_mi / ft / opposite_005
hmda_2019_mi,ft,fairsmote,1005,opposite_005,0.0760017615020192,False,lower,transfer_complete / hmda_2019_mi / ft / opposite_005
hmda_2019_mi,ft,fairsmote,1006,opposite_005,0.05965286774071,False,lower,transfer_complete / hmda_2019_mi / ft / opposite_005
hmda_2019_mi,ft,fairsmote,1007,opposite_005,0.1177193311448312,False,lower,transfer_complete / hmda_2019_mi / ft / opposite_005
hmda_2019_mi,ft,fairsmote,1008,opposite_005,0.0693676127027307,False,lower,transfer_complete / hmda_2019_mi / ft / opposite_005
hmda_2019_mi,ft,fairsmote,1009,opposite_005,0.0751513515014295,False,lower,transfer_complete / hmda_2019_mi / ft / opposite_005
hmda_2019_mi,ft,fairsmote,1000,direction_adverse_005,0.4017623952332014,False,lower,transfer_complete / hmda_2019_mi / ft / direction_adverse_005
hmda_2019_mi,ft,fairsmote,1001,direction_adverse_005,0.3649355012751558,False,lower,transfer_complete / hmda_2019_mi / ft / direction_adverse_005
hmda_2019_mi,ft,fairsmote,1002,direction_adverse_005,0.4469069594699258,False,lower,transfer_complete / hmda_2019_mi / ft / direction_adverse_005
hmda_2019_mi,ft,fairsmote,1003,direction_adverse_005,0.3841063738972876,False,lower,transfer_complete / hmda_2019_mi / ft / direction_adverse_005
hmda_2019_mi,ft,fairsmote,1004,direction_adverse_005,0.4214115020139663,False,lower,transfer_complete / hmda_2019_mi / ft / direction_adverse_005
hmda_2019_mi,ft,fairsmote,1005,direction_adverse_005,0.4302008062930907,False,lower,transfer_complete / hmda_2019_mi / ft / direction_adverse_005
hmda_2019_mi,ft,fairsmote,1006,direction_adverse_005,0.3938333955044482,False,lower,transfer_complete / hmda_2019_mi / ft / direction_adverse_005
hmda_2019_mi,ft,fairsmote,1007,direction_adverse_005,0.4753891809238136,False,lower,transfer_complete / hmda_2019_mi / ft / direction_adverse_005
hmda_2019_mi,ft,fairsmote,1008,direction_adverse_005,0.401046274288597,False,lower,transfer_complete / hmda_2019_mi / ft / direction_adverse_005
hmda_2019_mi,ft,fairsmote,1009,direction_adverse_005,0.3793577421675442,False,lower,transfer_complete / hmda_2019_mi / ft / direction_adverse_005
hmda_2019_mi,ft,fairsmote,1000,direction_both_adverse_005,0.3258396082053901,False,lower,transfer_complete / hmda_2019_mi / ft / direction_both_adverse_005
hmda_2019_mi,ft,fairsmote,1001,direction_both_adverse_005,0.1768495052212531,False,lower,transfer_complete / hmda_2019_mi / ft / direction_both_adverse_005
hmda_2019_mi,ft,fairsmote,1002,direction_both_adverse_005,0.1650868485849335,False,lower,transfer_complete / hmda_2019_mi / ft / direction_both_adverse_005
hmda_2019_mi,ft,fairsmote,1003,direction_both_adverse_005,0.2328470762411877,False,lower,transfer_complete / hmda_2019_mi / ft / direction_both_adverse_005
hmda_2019_mi,ft,fairsmote,1004,direction_both_adverse_005,0.2607057583351665,False,lower,transfer_complete / hmda_2019_mi / ft / direction_both_adverse_005
hmda_2019_mi,ft,fairsmote,1005,direction_both_adverse_005,0.2537970388912265,False,lower,transfer_complete / hmda_2019_mi / ft / direction_both_adverse_005
hmda_2019_mi,ft,fairsmote,1006,direction_both_adverse_005,0.2908068533602164,False,lower,transfer_complete / hmda_2019_mi / ft / direction_both_adverse_005
hmda_2019_mi,ft,fairsmote,1007,direction_both_adverse_005,0.2596400559885822,False,lower,transfer_complete / hmda_2019_mi / ft / direction_both_adverse_005
hmda_2019_mi,ft,fairsmote,1008,direction_both_adverse_005,0.2724974312757381,False,lower,transfer_complete / hmda_2019_mi / ft / direction_both_adverse_005
hmda_2019_mi,ft,fairsmote,1009,direction_both_adverse_005,0.266420505381725,False,lower,transfer_complete / hmda_2019_mi / ft / direction_both_adverse_005
hmda_2019_mi,ft,fairsmote,1000,direction_adverse_decision,0.053060319871728,False,lower,transfer_complete / hmda_2019_mi / ft / direction_adverse_decision
hmda_2019_mi,ft,fairsmote,1001,direction_adverse_decision,0.0387611889451954,False,lower,transfer_complete / hmda_2019_mi / ft / direction_adverse_decision
hmda_2019_mi,ft,fairsmote,1002,direction_adverse_decision,0.0471630564294542,False,lower,transfer_complete / hmda_2019_mi / ft / direction_adverse_decision
hmda_2019_mi,ft,fairsmote,1003,direction_adverse_decision,0.024513233343475,False,lower,transfer_complete / hmda_2019_mi / ft / direction_adverse_decision
hmda_2019_mi,ft,fairsmote,1004,direction_adverse_decision,0.0568572328630597,False,lower,transfer_complete / hmda_2019_mi / ft / direction_adverse_decision
hmda_2019_mi,ft,fairsmote,1005,direction_adverse_decision,0.0566195649639613,False,lower,transfer_complete / hmda_2019_mi / ft / direction_adverse_decision
hmda_2019_mi,ft,fairsmote,1006,direction_adverse_decision,0.0428038793013498,False,lower,transfer_complete / hmda_2019_mi / ft / direction_adverse_decision
hmda_2019_mi,ft,fairsmote,1007,direction_adverse_decision,0.0640226866906653,False,lower,transfer_complete / hmda_2019_mi / ft / direction_adverse_decision
hmda_2019_mi,ft,fairsmote,1008,direction_adverse_decision,0.0411797525517539,False,lower,transfer_complete / hmda_2019_mi / ft / direction_adverse_decision
hmda_2019_mi,ft,fairsmote,1009,direction_adverse_decision,0.0509066989598235,False,lower,transfer_complete / hmda_2019_mi / ft / direction_adverse_decision
hmda_2019_mi,ft,fairsmote,1000,direction_joint_pass,0.1476680491727717,False,higher,transfer_complete / hmda_2019_mi / ft / direction_joint_pass
hmda_2019_mi,ft,fairsmote,1001,direction_joint_pass,0.1404503031114738,False,higher,transfer_complete / hmda_2019_mi / ft / direction_joint_pass
hmda_2019_mi,ft,fairsmote,1002,direction_joint_pass,0.0688279425904115,False,higher,transfer_complete / hmda_2019_mi / ft / direction_joint_pass
hmda_2019_mi,ft,fairsmote,1003,direction_joint_pass,0.1440508908745573,False,higher,transfer_complete / hmda_2019_mi / ft / direction_joint_pass
hmda_2019_mi,ft,fairsmote,1004,direction_joint_pass,0.0886849419451683,False,higher,transfer_complete / hmda_2019_mi / ft / direction_joint_pass
hmda_2019_mi,ft,fairsmote,1005,direction_joint_pass,0.1185684300796439,False,higher,transfer_complete / hmda_2019_mi / ft / direction_joint_pass
hmda_2019_mi,ft,fairsmote,1006,direction_joint_pass,0.1689484534583895,False,higher,transfer_complete / hmda_2019_mi / ft / direction_joint_pass
hmda_2019_mi,ft,fairsmote,1007,direction_joint_pass,0.0660343740047357,False,higher,transfer_complete / hmda_2019_mi / ft / direction_joint_pass
hmda_2019_mi,ft,fairsmote,1008,direction_joint_pass,0.0814847681859304,False,higher,transfer_complete / hmda_2019_mi / ft / direction_joint_pass
hmda_2019_mi,ft,fairsmote,1009,direction_joint_pass,0.2147489742541472,False,higher,transfer_complete / hmda_2019_mi / ft / direction_joint_pass
hmda_2019_mi,ft,ltdd,1000,auc,0.8379973450483345,False,higher,transfer_complete / hmda_2019_mi / ft / auc
hmda_2019_mi,ft,ltdd,1001,auc,0.8361407007892583,False,higher,transfer_complete / hmda_2019_mi / ft / auc
hmda_2019_mi,ft,ltdd,1002,auc,0.8403955988880497,False,higher,transfer_complete / hmda_2019_mi / ft / auc
hmda_2019_mi,ft,ltdd,1003,auc,0.8367847285622019,False,higher,transfer_complete / hmda_2019_mi / ft / auc
hmda_2019_mi,ft,ltdd,1004,auc,0.8418097434368368,False,higher,transfer_complete / hmda_2019_mi / ft / auc
hmda_2019_mi,ft,ltdd,1005,auc,0.8393130320719446,False,higher,transfer_complete / hmda_2019_mi / ft / auc
hmda_2019_mi,ft,ltdd,1006,auc,0.8388032243185334,False,higher,transfer_complete / hmda_2019_mi / ft / auc
hmda_2019_mi,ft,ltdd,1007,auc,0.8382988217108488,False,higher,transfer_complete / hmda_2019_mi / ft / auc
hmda_2019_mi,ft,ltdd,1008,auc,0.840227806390103,False,higher,transfer_complete / hmda_2019_mi / ft / auc
hmda_2019_mi,ft,ltdd,1009,auc,0.8347071023754637,False,higher,transfer_complete / hmda_2019_mi / ft / auc
hmda_2019_mi,ft,ltdd,1000,accuracy,0.8719166666666667,False,higher,transfer_complete / hmda_2019_mi / ft / accuracy
hmda_2019_mi,ft,ltdd,1001,accuracy,0.8696666666666667,False,higher,transfer_complete / hmda_2019_mi / ft / accuracy
hmda_2019_mi,ft,ltdd,1002,accuracy,0.8735833333333334,False,higher,transfer_complete / hmda_2019_mi / ft / accuracy
hmda_2019_mi,ft,ltdd,1003,accuracy,0.871,False,higher,transfer_complete / hmda_2019_mi / ft / accuracy
hmda_2019_mi,ft,ltdd,1004,accuracy,0.8725,False,higher,transfer_complete / hmda_2019_mi / ft / accuracy
hmda_2019_mi,ft,ltdd,1005,accuracy,0.8734166666666666,False,higher,transfer_complete / hmda_2019_mi / ft / accuracy
hmda_2019_mi,ft,ltdd,1006,accuracy,0.8704166666666666,False,higher,transfer_complete / hmda_2019_mi / ft / accuracy
hmda_2019_mi,ft,ltdd,1007,accuracy,0.8705833333333334,False,higher,transfer_complete / hmda_2019_mi / ft / accuracy
hmda_2019_mi,ft,ltdd,1008,accuracy,0.87225,False,higher,transfer_complete / hmda_2019_mi / ft / accuracy
hmda_2019_mi,ft,ltdd,1009,accuracy,0.871,False,higher,transfer_complete / hmda_2019_mi / ft / accuracy
hmda_2019_mi,ft,ltdd,1000,f1,0.9251958923443812,False,higher,transfer_complete / hmda_2019_mi / ft / f1
hmda_2019_mi,ft,ltdd,1001,f1,0.9234234234234234,False,higher,transfer_complete / hmda_2019_mi / ft / f1
hmda_2019_mi,ft,ltdd,1002,f1,0.9261692704531076,False,higher,transfer_complete / hmda_2019_mi / ft / f1
hmda_2019_mi,ft,ltdd,1003,f1,0.9247520902197162,False,higher,transfer_complete / hmda_2019_mi / ft / f1
hmda_2019_mi,ft,ltdd,1004,f1,0.925569176882662,False,higher,transfer_complete / hmda_2019_mi / ft / f1
hmda_2019_mi,ft,ltdd,1005,f1,0.9263800707604324,False,higher,transfer_complete / hmda_2019_mi / ft / f1
hmda_2019_mi,ft,ltdd,1006,f1,0.924150041461392,False,higher,transfer_complete / hmda_2019_mi / ft / f1
hmda_2019_mi,ft,ltdd,1007,f1,0.9241810281697016,False,higher,transfer_complete / hmda_2019_mi / ft / f1
hmda_2019_mi,ft,ltdd,1008,f1,0.925054998777805,False,higher,transfer_complete / hmda_2019_mi / ft / f1
hmda_2019_mi,ft,ltdd,1009,f1,0.9243845252051582,False,higher,transfer_complete / hmda_2019_mi / ft / f1
hmda_2019_mi,ft,ltdd,1000,aod,0.039723622377006,False,lower,transfer_complete / hmda_2019_mi / ft / aod
hmda_2019_mi,ft,ltdd,1001,aod,0.0421351835113497,False,lower,transfer_complete / hmda_2019_mi / ft / aod
hmda_2019_mi,ft,ltdd,1002,aod,0.0249044016178243,False,lower,transfer_complete / hmda_2019_mi / ft / aod
hmda_2019_mi,ft,ltdd,1003,aod,0.026907538976655,False,lower,transfer_complete / hmda_2019_mi / ft / aod
hmda_2019_mi,ft,ltdd,1004,aod,0.0267258607306758,False,lower,transfer_complete / hmda_2019_mi / ft / aod
hmda_2019_mi,ft,ltdd,1005,aod,0.027575286780232,False,lower,transfer_complete / hmda_2019_mi / ft / aod
hmda_2019_mi,ft,ltdd,1006,aod,0.036088030147232,False,lower,transfer_complete / hmda_2019_mi / ft / aod
hmda_2019_mi,ft,ltdd,1007,aod,0.0343777965196445,False,lower,transfer_complete / hmda_2019_mi / ft / aod
hmda_2019_mi,ft,ltdd,1008,aod,0.0270524909010932,False,lower,transfer_complete / hmda_2019_mi / ft / aod
hmda_2019_mi,ft,ltdd,1009,aod,0.0335640122088713,False,lower,transfer_complete / hmda_2019_mi / ft / aod
hmda_2019_mi,ft,ltdd,1000,dp,0.0600786557295232,False,lower,transfer_complete / hmda_2019_mi / ft / dp
hmda_2019_mi,ft,ltdd,1001,dp,0.0632932381262821,False,lower,transfer_complete / hmda_2019_mi / ft / dp
hmda_2019_mi,ft,ltdd,1002,dp,0.0714000993456677,False,lower,transfer_complete / hmda_2019_mi / ft / dp
hmda_2019_mi,ft,ltdd,1003,dp,0.0552257660961444,False,lower,transfer_complete / hmda_2019_mi / ft / dp
hmda_2019_mi,ft,ltdd,1004,dp,0.0608789402751394,False,lower,transfer_complete / hmda_2019_mi / ft / dp
hmda_2019_mi,ft,ltdd,1005,dp,0.0549891950972488,False,lower,transfer_complete / hmda_2019_mi / ft / dp
hmda_2019_mi,ft,ltdd,1006,dp,0.0574034929483916,False,lower,transfer_complete / hmda_2019_mi / ft / dp
hmda_2019_mi,ft,ltdd,1007,dp,0.072785089281376,False,lower,transfer_complete / hmda_2019_mi / ft / dp
hmda_2019_mi,ft,ltdd,1008,dp,0.0745408564955131,False,lower,transfer_complete / hmda_2019_mi / ft / dp
hmda_2019_mi,ft,ltdd,1009,dp,0.054824798301406,False,lower,transfer_complete / hmda_2019_mi / ft / dp
hmda_2019_mi,ft,ltdd,1000,eomax,0.0600406053894426,False,lower,transfer_complete / hmda_2019_mi / ft / eomax
hmda_2019_mi,ft,ltdd,1001,eomax,0.0624215577703949,False,lower,transfer_complete / hmda_2019_mi / ft / eomax
hmda_2019_mi,ft,ltdd,1002,eomax,0.029328165374677,False,lower,transfer_complete / hmda_2019_mi / ft / eomax
hmda_2019_mi,ft,ltdd,1003,eomax,0.0462532299741602,False,lower,transfer_complete / hmda_2019_mi / ft / eomax
hmda_2019_mi,ft,ltdd,1004,eomax,0.0415836101882612,False,lower,transfer_complete / hmda_2019_mi / ft / eomax
hmda_2019_mi,ft,ltdd,1005,eomax,0.0469545957918051,False,lower,transfer_complete / hmda_2019_mi / ft / eomax
hmda_2019_mi,ft,ltdd,1006,eomax,0.0583056478405314,False,lower,transfer_complete / hmda_2019_mi / ft / eomax
hmda_2019_mi,ft,ltdd,1007,eomax,0.041048357327427,False,lower,transfer_complete / hmda_2019_mi / ft / eomax
hmda_2019_mi,ft,ltdd,1008,eomax,0.0310262089331856,False,lower,transfer_complete / hmda_2019_mi / ft / eomax
hmda_2019_mi,ft,ltdd,1009,eomax,0.0586378737541528,False,lower,transfer_complete / hmda_2019_mi / ft / eomax
hmda_2019_mi,ft,ltdd,1000,L_R,0.3286517179204044,False,lower,transfer_complete / hmda_2019_mi / ft / L_R
hmda_2019_mi,ft,ltdd,1001,L_R,0.3407325444849047,False,lower,transfer_complete / hmda_2019_mi / ft / L_R
hmda_2019_mi,ft,ltdd,1002,L_R,0.2895675729753509,False,lower,transfer_complete / hmda_2019_mi / ft / L_R
hmda_2019_mi,ft,ltdd,1003,L_R,0.2592578521723687,False,lower,transfer_complete / hmda_2019_mi / ft / L_R
hmda_2019_mi,ft,ltdd,1004,L_R,0.2910054724304939,False,lower,transfer_complete / hmda_2019_mi / ft / L_R
hmda_2019_mi,ft,ltdd,1005,L_R,0.2614092763438138,False,lower,transfer_complete / hmda_2019_mi / ft / L_R
hmda_2019_mi,ft,ltdd,1006,L_R,0.3088036523237626,False,lower,transfer_complete / hmda_2019_mi / ft / L_R
hmda_2019_mi,ft,ltdd,1007,L_R,0.2723267010703615,False,lower,transfer_complete / hmda_2019_mi / ft / L_R
hmda_2019_mi,ft,ltdd,1008,L_R,0.3337654554943766,False,lower,transfer_complete / hmda_2019_mi / ft / L_R
hmda_2019_mi,ft,ltdd,1009,L_R,0.3468253829663047,False,lower,transfer_complete / hmda_2019_mi / ft / L_R
hmda_2019_mi,ft,ltdd,1000,violation_005,0.8453006426216582,False,lower,transfer_complete / hmda_2019_mi / ft / violation_005
hmda_2019_mi,ft,ltdd,1001,violation_005,0.8671998349199223,False,lower,transfer_complete / hmda_2019_mi / ft / violation_005
hmda_2019_mi,ft,ltdd,1002,violation_005,0.8527377799038126,False,lower,transfer_complete / hmda_2019_mi / ft / violation_005
hmda_2019_mi,ft,ltdd,1003,violation_005,0.8121089774712258,False,lower,transfer_complete / hmda_2019_mi / ft / violation_005
hmda_2019_mi,ft,ltdd,1004,violation_005,0.8398031382028134,False,lower,transfer_complete / hmda_2019_mi / ft / violation_005
hmda_2019_mi,ft,ltdd,1005,violation_005,0.8317685894424768,False,lower,transfer_complete / hmda_2019_mi / ft / violation_005
hmda_2019_mi,ft,ltdd,1006,violation_005,0.8448260991018853,False,lower,transfer_complete / hmda_2019_mi / ft / violation_005
hmda_2019_mi,ft,ltdd,1007,violation_005,0.8342530685810761,False,lower,transfer_complete / hmda_2019_mi / ft / violation_005
hmda_2019_mi,ft,ltdd,1008,violation_005,0.8675655673600102,False,lower,transfer_complete / hmda_2019_mi / ft / violation_005
hmda_2019_mi,ft,ltdd,1009,violation_005,0.855421776767823,False,lower,transfer_complete / hmda_2019_mi / ft / violation_005
hmda_2019_mi,ft,ltdd,1000,P_R,0.0380824367078336,False,lower,transfer_complete / hmda_2019_mi / ft / P_R
hmda_2019_mi,ft,ltdd,1001,P_R,0.0453242243713315,False,lower,transfer_complete / hmda_2019_mi / ft / P_R
hmda_2019_mi,ft,ltdd,1002,P_R,0.0371287035649081,False,lower,transfer_complete / hmda_2019_mi / ft / P_R
hmda_2019_mi,ft,ltdd,1003,P_R,0.030543120160964,False,lower,transfer_complete / hmda_2019_mi / ft / P_R
hmda_2019_mi,ft,ltdd,1004,P_R,0.0340118231859794,False,lower,transfer_complete / hmda_2019_mi / ft / P_R
hmda_2019_mi,ft,ltdd,1005,P_R,0.0280222437959634,False,lower,transfer_complete / hmda_2019_mi / ft / P_R
hmda_2019_mi,ft,ltdd,1006,P_R,0.0372824838810394,False,lower,transfer_complete / hmda_2019_mi / ft / P_R
hmda_2019_mi,ft,ltdd,1007,P_R,0.0350983469663694,False,lower,transfer_complete / hmda_2019_mi / ft / P_R
hmda_2019_mi,ft,ltdd,1008,P_R,0.0456749175126982,False,lower,transfer_complete / hmda_2019_mi / ft / P_R
hmda_2019_mi,ft,ltdd,1009,P_R,0.042346878435901,False,lower,transfer_complete / hmda_2019_mi / ft / P_R
hmda_2019_mi,ft,ltdd,1000,P_population_effect_gap,0.0377587300807794,False,lower,transfer_complete / hmda_2019_mi / ft / P_population_effect_gap
hmda_2019_mi,ft,ltdd,1001,P_population_effect_gap,0.0324110649039962,False,lower,transfer_complete / hmda_2019_mi / ft / P_population_effect_gap
hmda_2019_mi,ft,ltdd,1002,P_population_effect_gap,0.0299516887160654,False,lower,transfer_complete / hmda_2019_mi / ft / P_population_effect_gap
hmda_2019_mi,ft,ltdd,1003,P_population_effect_gap,0.0301037754847252,False,lower,transfer_complete / hmda_2019_mi / ft / P_population_effect_gap
hmda_2019_mi,ft,ltdd,1004,P_population_effect_gap,0.0256276409153867,False,lower,transfer_complete / hmda_2019_mi / ft / P_population_effect_gap
hmda_2019_mi,ft,ltdd,1005,P_population_effect_gap,0.0253595428779683,False,lower,transfer_complete / hmda_2019_mi / ft / P_population_effect_gap
hmda_2019_mi,ft,ltdd,1006,P_population_effect_gap,0.0321706194870552,False,lower,transfer_complete / hmda_2019_mi / ft / P_population_effect_gap
hmda_2019_mi,ft,ltdd,1007,P_population_effect_gap,0.0276123845179691,False,lower,transfer_complete / hmda_2019_mi / ft / P_population_effect_gap
hmda_2019_mi,ft,ltdd,1008,P_population_effect_gap,0.0312556305463607,False,lower,transfer_complete / hmda_2019_mi / ft / P_population_effect_gap
hmda_2019_mi,ft,ltdd,1009,P_population_effect_gap,0.0333978963156787,False,lower,transfer_complete / hmda_2019_mi / ft / P_population_effect_gap
hmda_2019_mi,ft,ltdd,1000,decision_disagreement,0.0386316610114174,False,lower,transfer_complete / hmda_2019_mi / ft / decision_disagreement
hmda_2019_mi,ft,ltdd,1001,decision_disagreement,0.0559357663233025,False,lower,transfer_complete / hmda_2019_mi / ft / decision_disagreement
hmda_2019_mi,ft,ltdd,1002,decision_disagreement,0.0441894557112986,False,lower,transfer_complete / hmda_2019_mi / ft / decision_disagreement
hmda_2019_mi,ft,ltdd,1003,decision_disagreement,0.0338176383485049,False,lower,transfer_complete / hmda_2019_mi / ft / decision_disagreement
hmda_2019_mi,ft,ltdd,1004,decision_disagreement,0.0332966836721944,False,lower,transfer_complete / hmda_2019_mi / ft / decision_disagreement
hmda_2019_mi,ft,ltdd,1005,decision_disagreement,0.0254504358022436,False,lower,transfer_complete / hmda_2019_mi / ft / decision_disagreement
hmda_2019_mi,ft,ltdd,1006,decision_disagreement,0.0395991986754107,False,lower,transfer_complete / hmda_2019_mi / ft / decision_disagreement
hmda_2019_mi,ft,ltdd,1007,decision_disagreement,0.0505457212851553,False,lower,transfer_complete / hmda_2019_mi / ft / decision_disagreement
hmda_2019_mi,ft,ltdd,1008,decision_disagreement,0.0535585268998899,False,lower,transfer_complete / hmda_2019_mi / ft / decision_disagreement
hmda_2019_mi,ft,ltdd,1009,decision_disagreement,0.0482077493572496,False,lower,transfer_complete / hmda_2019_mi / ft / decision_disagreement
hmda_2019_mi,ft,ltdd,1000,opposite_005,0.0714086110573411,False,lower,transfer_complete / hmda_2019_mi / ft / opposite_005
hmda_2019_mi,ft,ltdd,1001,opposite_005,0.0741846839217347,False,lower,transfer_complete / hmda_2019_mi / ft / opposite_005
hmda_2019_mi,ft,ltdd,1002,opposite_005,0.0955276253260965,False,lower,transfer_complete / hmda_2019_mi / ft / opposite_005
hmda_2019_mi,ft,ltdd,1003,opposite_005,0.0505184880567,False,lower,transfer_complete / hmda_2019_mi / ft / opposite_005
hmda_2019_mi,ft,ltdd,1004,opposite_005,0.0530086389104408,False,lower,transfer_complete / hmda_2019_mi / ft / opposite_005
hmda_2019_mi,ft,ltdd,1005,opposite_005,0.0448993195100063,False,lower,transfer_complete / hmda_2019_mi / ft / opposite_005
hmda_2019_mi,ft,ltdd,1006,opposite_005,0.0667853635209022,False,lower,transfer_complete / hmda_2019_mi / ft / opposite_005
hmda_2019_mi,ft,ltdd,1007,opposite_005,0.0622382146553905,False,lower,transfer_complete / hmda_2019_mi / ft / opposite_005
hmda_2019_mi,ft,ltdd,1008,opposite_005,0.0734791883481459,False,lower,transfer_complete / hmda_2019_mi / ft / opposite_005
hmda_2019_mi,ft,ltdd,1009,opposite_005,0.0761916744605728,False,lower,transfer_complete / hmda_2019_mi / ft / opposite_005
hmda_2019_mi,ft,ltdd,1000,direction_adverse_005,0.2834086079643764,False,lower,transfer_complete / hmda_2019_mi / ft / direction_adverse_005
hmda_2019_mi,ft,ltdd,1001,direction_adverse_005,0.2914839294668211,False,lower,transfer_complete / hmda_2019_mi / ft / direction_adverse_005
hmda_2019_mi,ft,ltdd,1002,direction_adverse_005,0.3068262414642662,False,lower,transfer_complete / hmda_2019_mi / ft / direction_adverse_005
hmda_2019_mi,ft,ltdd,1003,direction_adverse_005,0.24279646976235,False,lower,transfer_complete / hmda_2019_mi / ft / direction_adverse_005
hmda_2019_mi,ft,ltdd,1004,direction_adverse_005,0.2517185941698551,False,lower,transfer_complete / hmda_2019_mi / ft / direction_adverse_005
hmda_2019_mi,ft,ltdd,1005,direction_adverse_005,0.2050799719412038,False,lower,transfer_complete / hmda_2019_mi / ft / direction_adverse_005
hmda_2019_mi,ft,ltdd,1006,direction_adverse_005,0.2657325045301082,False,lower,transfer_complete / hmda_2019_mi / ft / direction_adverse_005
hmda_2019_mi,ft,ltdd,1007,direction_adverse_005,0.2187203465805023,False,lower,transfer_complete / hmda_2019_mi / ft / direction_adverse_005
hmda_2019_mi,ft,ltdd,1008,direction_adverse_005,0.231644340167292,False,lower,transfer_complete / hmda_2019_mi / ft / direction_adverse_005
hmda_2019_mi,ft,ltdd,1009,direction_adverse_005,0.2422199186503816,False,lower,transfer_complete / hmda_2019_mi / ft / direction_adverse_005
hmda_2019_mi,ft,ltdd,1000,direction_both_adverse_005,0.1695804464317046,False,lower,transfer_complete / hmda_2019_mi / ft / direction_both_adverse_005
hmda_2019_mi,ft,ltdd,1001,direction_both_adverse_005,0.1555574798001735,False,lower,transfer_complete / hmda_2019_mi / ft / direction_both_adverse_005
hmda_2019_mi,ft,ltdd,1002,direction_both_adverse_005,0.1683302057285742,False,lower,transfer_complete / hmda_2019_mi / ft / direction_both_adverse_005
hmda_2019_mi,ft,ltdd,1003,direction_both_adverse_005,0.1316367403085528,False,lower,transfer_complete / hmda_2019_mi / ft / direction_both_adverse_005
hmda_2019_mi,ft,ltdd,1004,direction_both_adverse_005,0.1402355543189331,False,lower,transfer_complete / hmda_2019_mi / ft / direction_both_adverse_005
hmda_2019_mi,ft,ltdd,1005,direction_both_adverse_005,0.1157758696517548,False,lower,transfer_complete / hmda_2019_mi / ft / direction_both_adverse_005
hmda_2019_mi,ft,ltdd,1006,direction_both_adverse_005,0.1525387997528711,False,lower,transfer_complete / hmda_2019_mi / ft / direction_both_adverse_005
hmda_2019_mi,ft,ltdd,1007,direction_both_adverse_005,0.1210817420911675,False,lower,transfer_complete / hmda_2019_mi / ft / direction_both_adverse_005
hmda_2019_mi,ft,ltdd,1008,direction_both_adverse_005,0.1424678617064224,False,lower,transfer_complete / hmda_2019_mi / ft / direction_both_adverse_005
hmda_2019_mi,ft,ltdd,1009,direction_both_adverse_005,0.1066908747708572,False,lower,transfer_complete / hmda_2019_mi / ft / direction_both_adverse_005
hmda_2019_mi,ft,ltdd,1000,direction_adverse_decision,0.0091404067052134,False,lower,transfer_complete / hmda_2019_mi / ft / direction_adverse_decision
hmda_2019_mi,ft,ltdd,1001,direction_adverse_decision,0.0161075144088829,False,lower,transfer_complete / hmda_2019_mi / ft / direction_adverse_decision
hmda_2019_mi,ft,ltdd,1002,direction_adverse_decision,0.0165900814624553,False,lower,transfer_complete / hmda_2019_mi / ft / direction_adverse_decision
hmda_2019_mi,ft,ltdd,1003,direction_adverse_decision,0.0059306343703808,False,lower,transfer_complete / hmda_2019_mi / ft / direction_adverse_decision
hmda_2019_mi,ft,ltdd,1004,direction_adverse_decision,0.01130312170097,False,lower,transfer_complete / hmda_2019_mi / ft / direction_adverse_decision
hmda_2019_mi,ft,ltdd,1005,direction_adverse_decision,0.0039464508575967,False,lower,transfer_complete / hmda_2019_mi / ft / direction_adverse_decision
hmda_2019_mi,ft,ltdd,1006,direction_adverse_decision,0.0120905939078333,False,lower,transfer_complete / hmda_2019_mi / ft / direction_adverse_decision
hmda_2019_mi,ft,ltdd,1007,direction_adverse_decision,0.0132787163271954,False,lower,transfer_complete / hmda_2019_mi / ft / direction_adverse_decision
hmda_2019_mi,ft,ltdd,1008,direction_adverse_decision,0.0150168784509107,False,lower,transfer_complete / hmda_2019_mi / ft / direction_adverse_decision
hmda_2019_mi,ft,ltdd,1009,direction_adverse_decision,0.0149904883630757,False,lower,transfer_complete / hmda_2019_mi / ft / direction_adverse_decision
hmda_2019_mi,ft,ltdd,1000,direction_joint_pass,0.1842835589117749,False,higher,transfer_complete / hmda_2019_mi / ft / direction_joint_pass
hmda_2019_mi,ft,ltdd,1001,direction_joint_pass,0.1543339773801031,False,higher,transfer_complete / hmda_2019_mi / ft / direction_joint_pass
hmda_2019_mi,ft,ltdd,1002,direction_joint_pass,0.1401922239848548,False,higher,transfer_complete / hmda_2019_mi / ft / direction_joint_pass
hmda_2019_mi,ft,ltdd,1003,direction_joint_pass,0.2180187449187676,False,higher,transfer_complete / hmda_2019_mi / ft / direction_joint_pass
hmda_2019_mi,ft,ltdd,1004,direction_joint_pass,0.1845876063054614,False,higher,transfer_complete / hmda_2019_mi / ft / direction_joint_pass
hmda_2019_mi,ft,ltdd,1005,direction_joint_pass,0.2106329493395917,False,higher,transfer_complete / hmda_2019_mi / ft / direction_joint_pass
hmda_2019_mi,ft,ltdd,1006,direction_joint_pass,0.2090408239573189,False,higher,transfer_complete / hmda_2019_mi / ft / direction_joint_pass
hmda_2019_mi,ft,ltdd,1007,direction_joint_pass,0.219520477478559,False,higher,transfer_complete / hmda_2019_mi / ft / direction_joint_pass
hmda_2019_mi,ft,ltdd,1008,direction_joint_pass,0.1461509790873091,False,higher,transfer_complete / hmda_2019_mi / ft / direction_joint_pass
hmda_2019_mi,ft,ltdd,1009,direction_joint_pass,0.1877409693096208,False,higher,transfer_complete / hmda_2019_mi / ft / direction_joint_pass
hmda_2019_mi,mlp,fairsmote,1000,auc,0.8063852337755815,False,higher,transfer_complete / hmda_2019_mi / mlp / auc
hmda_2019_mi,mlp,fairsmote,1001,auc,0.8087419006104599,False,higher,transfer_complete / hmda_2019_mi / mlp / auc
hmda_2019_mi,mlp,fairsmote,1002,auc,0.8092901501330482,False,higher,transfer_complete / hmda_2019_mi / mlp / auc
hmda_2019_mi,mlp,fairsmote,1003,auc,0.7967696892101782,False,higher,transfer_complete / hmda_2019_mi / mlp / auc
hmda_2019_mi,mlp,fairsmote,1004,auc,0.8074138656246292,False,higher,transfer_complete / hmda_2019_mi / mlp / auc
hmda_2019_mi,mlp,fairsmote,1005,auc,0.8051991071631182,False,higher,transfer_complete / hmda_2019_mi / mlp / auc
hmda_2019_mi,mlp,fairsmote,1006,auc,0.8098558265909965,False,higher,transfer_complete / hmda_2019_mi / mlp / auc
hmda_2019_mi,mlp,fairsmote,1007,auc,0.8018116883573767,False,higher,transfer_complete / hmda_2019_mi / mlp / auc
hmda_2019_mi,mlp,fairsmote,1008,auc,0.8045622551870876,False,higher,transfer_complete / hmda_2019_mi / mlp / auc
hmda_2019_mi,mlp,fairsmote,1009,auc,0.811258252224695,False,higher,transfer_complete / hmda_2019_mi / mlp / auc
hmda_2019_mi,mlp,fairsmote,1000,accuracy,0.8031666666666667,False,higher,transfer_complete / hmda_2019_mi / mlp / accuracy
hmda_2019_mi,mlp,fairsmote,1001,accuracy,0.7954166666666667,False,higher,transfer_complete / hmda_2019_mi / mlp / accuracy
hmda_2019_mi,mlp,fairsmote,1002,accuracy,0.785,False,higher,transfer_complete / hmda_2019_mi / mlp / accuracy
hmda_2019_mi,mlp,fairsmote,1003,accuracy,0.80775,False,higher,transfer_complete / hmda_2019_mi / mlp / accuracy
hmda_2019_mi,mlp,fairsmote,1004,accuracy,0.7588333333333334,False,higher,transfer_complete / hmda_2019_mi / mlp / accuracy
hmda_2019_mi,mlp,fairsmote,1005,accuracy,0.76975,False,higher,transfer_complete / hmda_2019_mi / mlp / accuracy
hmda_2019_mi,mlp,fairsmote,1006,accuracy,0.7763333333333333,False,higher,transfer_complete / hmda_2019_mi / mlp / accuracy
hmda_2019_mi,mlp,fairsmote,1007,accuracy,0.782,False,higher,transfer_complete / hmda_2019_mi / mlp / accuracy
hmda_2019_mi,mlp,fairsmote,1008,accuracy,0.7988333333333333,False,higher,transfer_complete / hmda_2019_mi / mlp / accuracy
hmda_2019_mi,mlp,fairsmote,1009,accuracy,0.8241666666666667,False,higher,transfer_complete / hmda_2019_mi / mlp / accuracy
hmda_2019_mi,mlp,fairsmote,1000,f1,0.8754219409282701,False,higher,transfer_complete / hmda_2019_mi / mlp / f1
hmda_2019_mi,mlp,fairsmote,1001,f1,0.8692688641567708,False,higher,transfer_complete / hmda_2019_mi / mlp / f1
hmda_2019_mi,mlp,fairsmote,1002,f1,0.8608564340416353,False,higher,transfer_complete / hmda_2019_mi / mlp / f1
hmda_2019_mi,mlp,fairsmote,1003,f1,0.8792715474383799,False,higher,transfer_complete / hmda_2019_mi / mlp / f1
hmda_2019_mi,mlp,fairsmote,1004,f1,0.8399690333996903,False,higher,transfer_complete / hmda_2019_mi / mlp / f1
hmda_2019_mi,mlp,fairsmote,1005,f1,0.8491894547240871,False,higher,transfer_complete / hmda_2019_mi / mlp / f1
hmda_2019_mi,mlp,fairsmote,1006,f1,0.8542255051053661,False,higher,transfer_complete / hmda_2019_mi / mlp / f1
hmda_2019_mi,mlp,fairsmote,1007,f1,0.8585487185032984,False,higher,transfer_complete / hmda_2019_mi / mlp / f1
hmda_2019_mi,mlp,fairsmote,1008,f1,0.8720313825275657,False,higher,transfer_complete / hmda_2019_mi / mlp / f1
hmda_2019_mi,mlp,fairsmote,1009,f1,0.8914720707746117,False,higher,transfer_complete / hmda_2019_mi / mlp / f1
hmda_2019_mi,mlp,fairsmote,1000,aod,0.0555200869068048,False,lower,transfer_complete / hmda_2019_mi / mlp / aod
hmda_2019_mi,mlp,fairsmote,1001,aod,0.0606304856089748,False,lower,transfer_complete / hmda_2019_mi / mlp / aod
hmda_2019_mi,mlp,fairsmote,1002,aod,0.0389000640353196,False,lower,transfer_complete / hmda_2019_mi / mlp / aod
hmda_2019_mi,mlp,fairsmote,1003,aod,0.0879773523476716,False,lower,transfer_complete / hmda_2019_mi / mlp / aod
hmda_2019_mi,mlp,fairsmote,1004,aod,0.0310036556305225,False,lower,transfer_complete / hmda_2019_mi / mlp / aod
hmda_2019_mi,mlp,fairsmote,1005,aod,0.1164283703212832,False,lower,transfer_complete / hmda_2019_mi / mlp / aod
hmda_2019_mi,mlp,fairsmote,1006,aod,0.0964290600286338,False,lower,transfer_complete / hmda_2019_mi / mlp / aod
hmda_2019_mi,mlp,fairsmote,1007,aod,0.0644379513166515,False,lower,transfer_complete / hmda_2019_mi / mlp / aod
hmda_2019_mi,mlp,fairsmote,1008,aod,0.0458753292125699,False,lower,transfer_complete / hmda_2019_mi / mlp / aod
hmda_2019_mi,mlp,fairsmote,1009,aod,0.0877378570791786,False,lower,transfer_complete / hmda_2019_mi / mlp / aod
hmda_2019_mi,mlp,fairsmote,1000,dp,0.0590646789356522,False,lower,transfer_complete / hmda_2019_mi / mlp / dp
hmda_2019_mi,mlp,fairsmote,1001,dp,0.0755192179146749,False,lower,transfer_complete / hmda_2019_mi / mlp / dp
hmda_2019_mi,mlp,fairsmote,1002,dp,0.058690599569502,False,lower,transfer_complete / hmda_2019_mi / mlp / dp
hmda_2019_mi,mlp,fairsmote,1003,dp,0.0185369770141673,False,lower,transfer_complete / hmda_2019_mi / mlp / dp
hmda_2019_mi,mlp,fairsmote,1004,dp,0.0590052413566674,False,lower,transfer_complete / hmda_2019_mi / mlp / dp
hmda_2019_mi,mlp,fairsmote,1005,dp,0.013322508775298,False,lower,transfer_complete / hmda_2019_mi / mlp / dp
hmda_2019_mi,mlp,fairsmote,1006,dp,0.0009852014580132,False,lower,transfer_complete / hmda_2019_mi / mlp / dp
hmda_2019_mi,mlp,fairsmote,1007,dp,0.0898019266266673,False,lower,transfer_complete / hmda_2019_mi / mlp / dp
hmda_2019_mi,mlp,fairsmote,1008,dp,0.0618497540652237,False,lower,transfer_complete / hmda_2019_mi / mlp / dp
hmda_2019_mi,mlp,fairsmote,1009,dp,0.0212590766136241,False,lower,transfer_complete / hmda_2019_mi / mlp / dp
hmda_2019_mi,mlp,fairsmote,1000,eomax,0.0909929863418235,False,lower,transfer_complete / hmda_2019_mi / mlp / eomax
hmda_2019_mi,mlp,fairsmote,1001,eomax,0.0823366555924695,False,lower,transfer_complete / hmda_2019_mi / mlp / eomax
hmda_2019_mi,mlp,fairsmote,1002,eomax,0.0709117755629383,False,lower,transfer_complete / hmda_2019_mi / mlp / eomax
hmda_2019_mi,mlp,fairsmote,1003,eomax,0.174344776670358,False,lower,transfer_complete / hmda_2019_mi / mlp / eomax
hmda_2019_mi,mlp,fairsmote,1004,eomax,0.0587855297157622,False,lower,transfer_complete / hmda_2019_mi / mlp / eomax
hmda_2019_mi,mlp,fairsmote,1005,eomax,0.1928571428571428,False,lower,transfer_complete / hmda_2019_mi / mlp / eomax
hmda_2019_mi,mlp,fairsmote,1006,eomax,0.149390919158361,False,lower,transfer_complete / hmda_2019_mi / mlp / eomax
hmda_2019_mi,mlp,fairsmote,1007,eomax,0.0740125507567368,False,lower,transfer_complete / hmda_2019_mi / mlp / eomax
hmda_2019_mi,mlp,fairsmote,1008,eomax,0.0754521963824289,False,lower,transfer_complete / hmda_2019_mi / mlp / eomax
hmda_2019_mi,mlp,fairsmote,1009,eomax,0.1705980066445183,False,lower,transfer_complete / hmda_2019_mi / mlp / eomax
hmda_2019_mi,mlp,fairsmote,1000,L_R,0.4236997233416947,False,lower,transfer_complete / hmda_2019_mi / mlp / L_R
hmda_2019_mi,mlp,fairsmote,1001,L_R,0.2283679536210051,False,lower,transfer_complete / hmda_2019_mi / mlp / L_R
hmda_2019_mi,mlp,fairsmote,1002,L_R,0.1364787638577521,False,lower,transfer_complete / hmda_2019_mi / mlp / L_R
hmda_2019_mi,mlp,fairsmote,1003,L_R,0.3484775169925113,False,lower,transfer_complete / hmda_2019_mi / mlp / L_R
hmda_2019_mi,mlp,fairsmote,1004,L_R,0.2569349702881274,False,lower,transfer_complete / hmda_2019_mi / mlp / L_R
hmda_2019_mi,mlp,fairsmote,1005,L_R,0.3877572453703986,False,lower,transfer_complete / hmda_2019_mi / mlp / L_R
hmda_2019_mi,mlp,fairsmote,1006,L_R,0.2826525716499756,False,lower,transfer_complete / hmda_2019_mi / mlp / L_R
hmda_2019_mi,mlp,fairsmote,1007,L_R,1.1465185932727189,False,lower,transfer_complete / hmda_2019_mi / mlp / L_R
hmda_2019_mi,mlp,fairsmote,1008,L_R,0.1345938269734498,False,lower,transfer_complete / hmda_2019_mi / mlp / L_R
hmda_2019_mi,mlp,fairsmote,1009,L_R,0.3123039533969019,False,lower,transfer_complete / hmda_2019_mi / mlp / L_R
hmda_2019_mi,mlp,fairsmote,1000,violation_005,0.9177668586166764,False,lower,transfer_complete / hmda_2019_mi / mlp / violation_005
hmda_2019_mi,mlp,fairsmote,1001,violation_005,0.8453060627507838,False,lower,transfer_complete / hmda_2019_mi / mlp / violation_005
hmda_2019_mi,mlp,fairsmote,1002,violation_005,0.7444574635074345,False,lower,transfer_complete / hmda_2019_mi / mlp / violation_005
hmda_2019_mi,mlp,fairsmote,1003,violation_005,0.8933051947084405,False,lower,transfer_complete / hmda_2019_mi / mlp / violation_005
hmda_2019_mi,mlp,fairsmote,1004,violation_005,0.8629403243955658,False,lower,transfer_complete / hmda_2019_mi / mlp / violation_005
hmda_2019_mi,mlp,fairsmote,1005,violation_005,0.9079535363859252,False,lower,transfer_complete / hmda_2019_mi / mlp / violation_005
hmda_2019_mi,mlp,fairsmote,1006,violation_005,0.874024088579379,False,lower,transfer_complete / hmda_2019_mi / mlp / violation_005
hmda_2019_mi,mlp,fairsmote,1007,violation_005,0.9698400943423856,False,lower,transfer_complete / hmda_2019_mi / mlp / violation_005
hmda_2019_mi,mlp,fairsmote,1008,violation_005,0.7544353783860918,False,lower,transfer_complete / hmda_2019_mi / mlp / violation_005
hmda_2019_mi,mlp,fairsmote,1009,violation_005,0.8859360435378284,False,lower,transfer_complete / hmda_2019_mi / mlp / violation_005
hmda_2019_mi,mlp,fairsmote,1000,P_R,0.0731330306972064,False,lower,transfer_complete / hmda_2019_mi / mlp / P_R
hmda_2019_mi,mlp,fairsmote,1001,P_R,0.0483708763466862,False,lower,transfer_complete / hmda_2019_mi / mlp / P_R
hmda_2019_mi,mlp,fairsmote,1002,P_R,0.0323251317334948,False,lower,transfer_complete / hmda_2019_mi / mlp / P_R
hmda_2019_mi,mlp,fairsmote,1003,P_R,0.0632376836097551,False,lower,transfer_complete / hmda_2019_mi / mlp / P_R
hmda_2019_mi,mlp,fairsmote,1004,P_R,0.0548341550799331,False,lower,transfer_complete / hmda_2019_mi / mlp / P_R
hmda_2019_mi,mlp,fairsmote,1005,P_R,0.0750224868023435,False,lower,transfer_complete / hmda_2019_mi / mlp / P_R
hmda_2019_mi,mlp,fairsmote,1006,P_R,0.0580203376387057,False,lower,transfer_complete / hmda_2019_mi / mlp / P_R
hmda_2019_mi,mlp,fairsmote,1007,P_R,0.1450580990102589,False,lower,transfer_complete / hmda_2019_mi / mlp / P_R
hmda_2019_mi,mlp,fairsmote,1008,P_R,0.0299480782221395,False,lower,transfer_complete / hmda_2019_mi / mlp / P_R
hmda_2019_mi,mlp,fairsmote,1009,P_R,0.0585416608146464,False,lower,transfer_complete / hmda_2019_mi / mlp / P_R
hmda_2019_mi,mlp,fairsmote,1000,P_population_effect_gap,0.0710939930907768,False,lower,transfer_complete / hmda_2019_mi / mlp / P_population_effect_gap
hmda_2019_mi,mlp,fairsmote,1001,P_population_effect_gap,0.0476154820718168,False,lower,transfer_complete / hmda_2019_mi / mlp / P_population_effect_gap
hmda_2019_mi,mlp,fairsmote,1002,P_population_effect_gap,0.0327186571066256,False,lower,transfer_complete / hmda_2019_mi / mlp / P_population_effect_gap
hmda_2019_mi,mlp,fairsmote,1003,P_population_effect_gap,0.0459726653486049,False,lower,transfer_complete / hmda_2019_mi / mlp / P_population_effect_gap
hmda_2019_mi,mlp,fairsmote,1004,P_population_effect_gap,0.0527258353422087,False,lower,transfer_complete / hmda_2019_mi / mlp / P_population_effect_gap
hmda_2019_mi,mlp,fairsmote,1005,P_population_effect_gap,0.069828533133723,False,lower,transfer_complete / hmda_2019_mi / mlp / P_population_effect_gap
hmda_2019_mi,mlp,fairsmote,1006,P_population_effect_gap,0.0507255870274352,False,lower,transfer_complete / hmda_2019_mi / mlp / P_population_effect_gap
hmda_2019_mi,mlp,fairsmote,1007,P_population_effect_gap,0.0821423698567209,False,lower,transfer_complete / hmda_2019_mi / mlp / P_population_effect_gap
hmda_2019_mi,mlp,fairsmote,1008,P_population_effect_gap,0.0352177122364271,False,lower,transfer_complete / hmda_2019_mi / mlp / P_population_effect_gap
hmda_2019_mi,mlp,fairsmote,1009,P_population_effect_gap,0.0574785653915724,False,lower,transfer_complete / hmda_2019_mi / mlp / P_population_effect_gap
hmda_2019_mi,mlp,fairsmote,1000,decision_disagreement,0.1372482614838812,False,lower,transfer_complete / hmda_2019_mi / mlp / decision_disagreement
hmda_2019_mi,mlp,fairsmote,1001,decision_disagreement,0.1165108028059044,False,lower,transfer_complete / hmda_2019_mi / mlp / decision_disagreement
hmda_2019_mi,mlp,fairsmote,1002,decision_disagreement,0.1121515383111026,False,lower,transfer_complete / hmda_2019_mi / mlp / decision_disagreement
hmda_2019_mi,mlp,fairsmote,1003,decision_disagreement,0.1255055494781161,False,lower,transfer_complete / hmda_2019_mi / mlp / decision_disagreement
hmda_2019_mi,mlp,fairsmote,1004,decision_disagreement,0.144413762293833,False,lower,transfer_complete / hmda_2019_mi / mlp / decision_disagreement
hmda_2019_mi,mlp,fairsmote,1005,decision_disagreement,0.1665605726294279,False,lower,transfer_complete / hmda_2019_mi / mlp / decision_disagreement
hmda_2019_mi,mlp,fairsmote,1006,decision_disagreement,0.1349989299008878,False,lower,transfer_complete / hmda_2019_mi / mlp / decision_disagreement
hmda_2019_mi,mlp,fairsmote,1007,decision_disagreement,0.2082113339191039,False,lower,transfer_complete / hmda_2019_mi / mlp / decision_disagreement
hmda_2019_mi,mlp,fairsmote,1008,decision_disagreement,0.0968926106193447,False,lower,transfer_complete / hmda_2019_mi / mlp / decision_disagreement
hmda_2019_mi,mlp,fairsmote,1009,decision_disagreement,0.1125820736305926,False,lower,transfer_complete / hmda_2019_mi / mlp / decision_disagreement
hmda_2019_mi,mlp,fairsmote,1000,opposite_005,0.1115959435406695,False,lower,transfer_complete / hmda_2019_mi / mlp / opposite_005
hmda_2019_mi,mlp,fairsmote,1001,opposite_005,0.0766846296545315,False,lower,transfer_complete / hmda_2019_mi / mlp / opposite_005
hmda_2019_mi,mlp,fairsmote,1002,opposite_005,0.0413847976319178,False,lower,transfer_complete / hmda_2019_mi / mlp / opposite_005
hmda_2019_mi,mlp,fairsmote,1003,opposite_005,0.1008923425007654,False,lower,transfer_complete / hmda_2019_mi / mlp / opposite_005
hmda_2019_mi,mlp,fairsmote,1004,opposite_005,0.0780309982920499,False,lower,transfer_complete / hmda_2019_mi / mlp / opposite_005
hmda_2019_mi,mlp,fairsmote,1005,opposite_005,0.1182801031321442,False,lower,transfer_complete / hmda_2019_mi / mlp / opposite_005
hmda_2019_mi,mlp,fairsmote,1006,opposite_005,0.0961755902281747,False,lower,transfer_complete / hmda_2019_mi / mlp / opposite_005
hmda_2019_mi,mlp,fairsmote,1007,opposite_005,0.1674294169773805,False,lower,transfer_complete / hmda_2019_mi / mlp / opposite_005
hmda_2019_mi,mlp,fairsmote,1008,opposite_005,0.0467087724505373,False,lower,transfer_complete / hmda_2019_mi / mlp / opposite_005
hmda_2019_mi,mlp,fairsmote,1009,opposite_005,0.0947774998762157,False,lower,transfer_complete / hmda_2019_mi / mlp / opposite_005
hmda_2019_mi,mlp,fairsmote,1000,direction_adverse_005,0.4286432321238096,False,lower,transfer_complete / hmda_2019_mi / mlp / direction_adverse_005
hmda_2019_mi,mlp,fairsmote,1001,direction_adverse_005,0.3162113105426796,False,lower,transfer_complete / hmda_2019_mi / mlp / direction_adverse_005
hmda_2019_mi,mlp,fairsmote,1002,direction_adverse_005,0.2146872491146357,False,lower,transfer_complete / hmda_2019_mi / mlp / direction_adverse_005
hmda_2019_mi,mlp,fairsmote,1003,direction_adverse_005,0.4560697755042889,False,lower,transfer_complete / hmda_2019_mi / mlp / direction_adverse_005
hmda_2019_mi,mlp,fairsmote,1004,direction_adverse_005,0.2697996196788712,False,lower,transfer_complete / hmda_2019_mi / mlp / direction_adverse_005
hmda_2019_mi,mlp,fairsmote,1005,direction_adverse_005,0.3969316868909446,False,lower,transfer_complete / hmda_2019_mi / mlp / direction_adverse_005
hmda_2019_mi,mlp,fairsmote,1006,direction_adverse_005,0.321514078729527,False,lower,transfer_complete / hmda_2019_mi / mlp / direction_adverse_005
hmda_2019_mi,mlp,fairsmote,1007,direction_adverse_005,0.4964099476721862,False,lower,transfer_complete / hmda_2019_mi / mlp / direction_adverse_005
hmda_2019_mi,mlp,fairsmote,1008,direction_adverse_005,0.2031865445711557,False,lower,transfer_complete / hmda_2019_mi / mlp / direction_adverse_005
hmda_2019_mi,mlp,fairsmote,1009,direction_adverse_005,0.4321051243235769,False,lower,transfer_complete / hmda_2019_mi / mlp / direction_adverse_005
hmda_2019_mi,mlp,fairsmote,1000,direction_both_adverse_005,0.2924514571631663,False,lower,transfer_complete / hmda_2019_mi / mlp / direction_both_adverse_005
hmda_2019_mi,mlp,fairsmote,1001,direction_both_adverse_005,0.1923851843319915,False,lower,transfer_complete / hmda_2019_mi / mlp / direction_both_adverse_005
hmda_2019_mi,mlp,fairsmote,1002,direction_both_adverse_005,0.1226580732144792,False,lower,transfer_complete / hmda_2019_mi / mlp / direction_both_adverse_005
hmda_2019_mi,mlp,fairsmote,1003,direction_both_adverse_005,0.2893687670317313,False,lower,transfer_complete / hmda_2019_mi / mlp / direction_both_adverse_005
hmda_2019_mi,mlp,fairsmote,1004,direction_both_adverse_005,0.1609492839239192,False,lower,transfer_complete / hmda_2019_mi / mlp / direction_both_adverse_005
hmda_2019_mi,mlp,fairsmote,1005,direction_both_adverse_005,0.2440711364297461,False,lower,transfer_complete / hmda_2019_mi / mlp / direction_both_adverse_005
hmda_2019_mi,mlp,fairsmote,1006,direction_both_adverse_005,0.1769642804436541,False,lower,transfer_complete / hmda_2019_mi / mlp / direction_both_adverse_005
hmda_2019_mi,mlp,fairsmote,1007,direction_both_adverse_005,0.2442321375772902,False,lower,transfer_complete / hmda_2019_mi / mlp / direction_both_adverse_005
hmda_2019_mi,mlp,fairsmote,1008,direction_both_adverse_005,0.1024056565879416,False,lower,transfer_complete / hmda_2019_mi / mlp / direction_both_adverse_005
hmda_2019_mi,mlp,fairsmote,1009,direction_both_adverse_005,0.2720080515679628,False,lower,transfer_complete / hmda_2019_mi / mlp / direction_both_adverse_005
hmda_2019_mi,mlp,fairsmote,1000,direction_adverse_decision,0.0675897972243769,False,lower,transfer_complete / hmda_2019_mi / mlp / direction_adverse_decision
hmda_2019_mi,mlp,fairsmote,1001,direction_adverse_decision,0.0306249038804365,False,lower,transfer_complete / hmda_2019_mi / mlp / direction_adverse_decision
hmda_2019_mi,mlp,fairsmote,1002,direction_adverse_decision,0.0121757581566826,False,lower,transfer_complete / hmda_2019_mi / mlp / direction_adverse_decision
hmda_2019_mi,mlp,fairsmote,1003,direction_adverse_decision,0.0684645309465255,False,lower,transfer_complete / hmda_2019_mi / mlp / direction_adverse_decision
hmda_2019_mi,mlp,fairsmote,1004,direction_adverse_decision,0.0317637213659776,False,lower,transfer_complete / hmda_2019_mi / mlp / direction_adverse_decision
hmda_2019_mi,mlp,fairsmote,1005,direction_adverse_decision,0.0776210135344917,False,lower,transfer_complete / hmda_2019_mi / mlp / direction_adverse_decision
hmda_2019_mi,mlp,fairsmote,1006,direction_adverse_decision,0.0370983628899675,False,lower,transfer_complete / hmda_2019_mi / mlp / direction_adverse_decision
hmda_2019_mi,mlp,fairsmote,1007,direction_adverse_decision,0.1173974036304219,False,lower,transfer_complete / hmda_2019_mi / mlp / direction_adverse_decision
hmda_2019_mi,mlp,fairsmote,1008,direction_adverse_decision,0.0097510877661433,False,lower,transfer_complete / hmda_2019_mi / mlp / direction_adverse_decision
hmda_2019_mi,mlp,fairsmote,1009,direction_adverse_decision,0.0454815432935721,False,lower,transfer_complete / hmda_2019_mi / mlp / direction_adverse_decision
hmda_2019_mi,mlp,fairsmote,1000,direction_joint_pass,0.0860006832269875,False,higher,transfer_complete / hmda_2019_mi / mlp / direction_joint_pass
hmda_2019_mi,mlp,fairsmote,1001,direction_joint_pass,0.1637058452900271,False,higher,transfer_complete / hmda_2019_mi / mlp / direction_joint_pass
hmda_2019_mi,mlp,fairsmote,1002,direction_joint_pass,0.2406420554254743,False,higher,transfer_complete / hmda_2019_mi / mlp / direction_joint_pass
hmda_2019_mi,mlp,fairsmote,1003,direction_joint_pass,0.0981785591008505,False,higher,transfer_complete / hmda_2019_mi / mlp / direction_joint_pass
hmda_2019_mi,mlp,fairsmote,1004,direction_joint_pass,0.1456084211599495,False,higher,transfer_complete / hmda_2019_mi / mlp / direction_joint_pass
hmda_2019_mi,mlp,fairsmote,1005,direction_joint_pass,0.1083560528747109,False,higher,transfer_complete / hmda_2019_mi / mlp / direction_joint_pass
hmda_2019_mi,mlp,fairsmote,1006,direction_joint_pass,0.1250307987144369,False,higher,transfer_complete / hmda_2019_mi / mlp / direction_joint_pass
hmda_2019_mi,mlp,fairsmote,1007,direction_joint_pass,0.0288339346329348,False,higher,transfer_complete / hmda_2019_mi / mlp / direction_joint_pass
hmda_2019_mi,mlp,fairsmote,1008,direction_joint_pass,0.2301060088702479,False,higher,transfer_complete / hmda_2019_mi / mlp / direction_joint_pass
hmda_2019_mi,mlp,fairsmote,1009,direction_joint_pass,0.1047060440772267,False,higher,transfer_complete / hmda_2019_mi / mlp / direction_joint_pass
hmda_2019_mi,mlp,reweighing,1000,auc,0.8259163317922611,False,higher,transfer_complete / hmda_2019_mi / mlp / auc
hmda_2019_mi,mlp,reweighing,1001,auc,0.8274752503735724,False,higher,transfer_complete / hmda_2019_mi / mlp / auc
hmda_2019_mi,mlp,reweighing,1002,auc,0.8274862470493612,False,higher,transfer_complete / hmda_2019_mi / mlp / auc
hmda_2019_mi,mlp,reweighing,1003,auc,0.8274460113309561,False,higher,transfer_complete / hmda_2019_mi / mlp / auc
hmda_2019_mi,mlp,reweighing,1004,auc,0.8263843894545422,False,higher,transfer_complete / hmda_2019_mi / mlp / auc
hmda_2019_mi,mlp,reweighing,1005,auc,0.8251911802373334,False,higher,transfer_complete / hmda_2019_mi / mlp / auc
hmda_2019_mi,mlp,reweighing,1006,auc,0.8242412491739096,False,higher,transfer_complete / hmda_2019_mi / mlp / auc
hmda_2019_mi,mlp,reweighing,1007,auc,0.8302786571623703,False,higher,transfer_complete / hmda_2019_mi / mlp / auc
hmda_2019_mi,mlp,reweighing,1008,auc,0.8251425572238351,False,higher,transfer_complete / hmda_2019_mi / mlp / auc
hmda_2019_mi,mlp,reweighing,1009,auc,0.8235768123162396,False,higher,transfer_complete / hmda_2019_mi / mlp / auc
hmda_2019_mi,mlp,reweighing,1000,accuracy,0.8674166666666666,False,higher,transfer_complete / hmda_2019_mi / mlp / accuracy
hmda_2019_mi,mlp,reweighing,1001,accuracy,0.8711666666666666,False,higher,transfer_complete / hmda_2019_mi / mlp / accuracy
hmda_2019_mi,mlp,reweighing,1002,accuracy,0.8699166666666667,False,higher,transfer_complete / hmda_2019_mi / mlp / accuracy
hmda_2019_mi,mlp,reweighing,1003,accuracy,0.8700833333333333,False,higher,transfer_complete / hmda_2019_mi / mlp / accuracy
hmda_2019_mi,mlp,reweighing,1004,accuracy,0.86825,False,higher,transfer_complete / hmda_2019_mi / mlp / accuracy
hmda_2019_mi,mlp,reweighing,1005,accuracy,0.8695,False,higher,transfer_complete / hmda_2019_mi / mlp / accuracy
hmda_2019_mi,mlp,reweighing,1006,accuracy,0.865,False,higher,transfer_complete / hmda_2019_mi / mlp / accuracy
hmda_2019_mi,mlp,reweighing,1007,accuracy,0.8704166666666666,False,higher,transfer_complete / hmda_2019_mi / mlp / accuracy
hmda_2019_mi,mlp,reweighing,1008,accuracy,0.8710833333333333,False,higher,transfer_complete / hmda_2019_mi / mlp / accuracy
hmda_2019_mi,mlp,reweighing,1009,accuracy,0.86775,False,higher,transfer_complete / hmda_2019_mi / mlp / accuracy
hmda_2019_mi,mlp,reweighing,1000,f1,0.9226505906947348,False,higher,transfer_complete / hmda_2019_mi / mlp / f1
hmda_2019_mi,mlp,reweighing,1001,f1,0.9253788975769862,False,higher,transfer_complete / hmda_2019_mi / mlp / f1
hmda_2019_mi,mlp,reweighing,1002,f1,0.9245200909046952,False,higher,transfer_complete / hmda_2019_mi / mlp / f1
hmda_2019_mi,mlp,reweighing,1003,f1,0.924478031293901,False,higher,transfer_complete / hmda_2019_mi / mlp / f1
hmda_2019_mi,mlp,reweighing,1004,f1,0.9234197142165174,False,higher,transfer_complete / hmda_2019_mi / mlp / f1
hmda_2019_mi,mlp,reweighing,1005,f1,0.923943661971831,False,higher,transfer_complete / hmda_2019_mi / mlp / f1
hmda_2019_mi,mlp,reweighing,1006,f1,0.9204946996466432,False,higher,transfer_complete / hmda_2019_mi / mlp / f1
hmda_2019_mi,mlp,reweighing,1007,f1,0.9249915585355264,False,higher,transfer_complete / hmda_2019_mi / mlp / f1
hmda_2019_mi,mlp,reweighing,1008,f1,0.9258211460081516,False,higher,transfer_complete / hmda_2019_mi / mlp / f1
hmda_2019_mi,mlp,reweighing,1009,f1,0.9226042428675932,False,higher,transfer_complete / hmda_2019_mi / mlp / f1
hmda_2019_mi,mlp,reweighing,1000,aod,0.0415938289682352,False,lower,transfer_complete / hmda_2019_mi / mlp / aod
hmda_2019_mi,mlp,reweighing,1001,aod,0.0385665449771793,False,lower,transfer_complete / hmda_2019_mi / mlp / aod
hmda_2019_mi,mlp,reweighing,1002,aod,0.0306133449406844,False,lower,transfer_complete / hmda_2019_mi / mlp / aod
hmda_2019_mi,mlp,reweighing,1003,aod,0.024365609837024,False,lower,transfer_complete / hmda_2019_mi / mlp / aod
hmda_2019_mi,mlp,reweighing,1004,aod,0.0274554101458551,False,lower,transfer_complete / hmda_2019_mi / mlp / aod
hmda_2019_mi,mlp,reweighing,1005,aod,0.0403396687162989,False,lower,transfer_complete / hmda_2019_mi / mlp / aod
hmda_2019_mi,mlp,reweighing,1006,aod,0.0510008157196108,False,lower,transfer_complete / hmda_2019_mi / mlp / aod
hmda_2019_mi,mlp,reweighing,1007,aod,0.0363089106477393,False,lower,transfer_complete / hmda_2019_mi / mlp / aod
hmda_2019_mi,mlp,reweighing,1008,aod,0.0335018753631728,False,lower,transfer_complete / hmda_2019_mi / mlp / aod
hmda_2019_mi,mlp,reweighing,1009,aod,0.028299450297316,False,lower,transfer_complete / hmda_2019_mi / mlp / aod
hmda_2019_mi,mlp,reweighing,1000,dp,0.0478831023208488,False,lower,transfer_complete / hmda_2019_mi / mlp / dp
hmda_2019_mi,mlp,reweighing,1001,dp,0.0370741898917433,False,lower,transfer_complete / hmda_2019_mi / mlp / dp
hmda_2019_mi,mlp,reweighing,1002,dp,0.052181477080445,False,lower,transfer_complete / hmda_2019_mi / mlp / dp
hmda_2019_mi,mlp,reweighing,1003,dp,0.06578466331206,False,lower,transfer_complete / hmda_2019_mi / mlp / dp
hmda_2019_mi,mlp,reweighing,1004,dp,0.0617169629661427,False,lower,transfer_complete / hmda_2019_mi / mlp / dp
hmda_2019_mi,mlp,reweighing,1005,dp,0.0412593502151781,False,lower,transfer_complete / hmda_2019_mi / mlp / dp
hmda_2019_mi,mlp,reweighing,1006,dp,0.0406277080067608,False,lower,transfer_complete / hmda_2019_mi / mlp / dp
hmda_2019_mi,mlp,reweighing,1007,dp,0.0566275023338684,False,lower,transfer_complete / hmda_2019_mi / mlp / dp
hmda_2019_mi,mlp,reweighing,1008,dp,0.0393500359219971,False,lower,transfer_complete / hmda_2019_mi / mlp / dp
hmda_2019_mi,mlp,reweighing,1009,dp,0.0634198967767378,False,lower,transfer_complete / hmda_2019_mi / mlp / dp
hmda_2019_mi,mlp,reweighing,1000,eomax,0.071797711332595,False,lower,transfer_complete / hmda_2019_mi / mlp / eomax
hmda_2019_mi,mlp,reweighing,1001,eomax,0.0763196751568844,False,lower,transfer_complete / hmda_2019_mi / mlp / eomax
hmda_2019_mi,mlp,reweighing,1002,eomax,0.050609080841639,False,lower,transfer_complete / hmda_2019_mi / mlp / eomax
hmda_2019_mi,mlp,reweighing,1003,eomax,0.0295496493170912,False,lower,transfer_complete / hmda_2019_mi / mlp / eomax
hmda_2019_mi,mlp,reweighing,1004,eomax,0.0368032484311554,False,lower,transfer_complete / hmda_2019_mi / mlp / eomax
hmda_2019_mi,mlp,reweighing,1005,eomax,0.0773163528977483,False,lower,transfer_complete / hmda_2019_mi / mlp / eomax
hmda_2019_mi,mlp,reweighing,1006,eomax,0.096234772978959,False,lower,transfer_complete / hmda_2019_mi / mlp / eomax
hmda_2019_mi,mlp,reweighing,1007,eomax,0.0526947212993724,False,lower,transfer_complete / hmda_2019_mi / mlp / eomax
hmda_2019_mi,mlp,reweighing,1008,eomax,0.0630860095976375,False,lower,transfer_complete / hmda_2019_mi / mlp / eomax
hmda_2019_mi,mlp,reweighing,1009,eomax,0.0400332225913621,False,lower,transfer_complete / hmda_2019_mi / mlp / eomax
hmda_2019_mi,mlp,reweighing,1000,L_R,0.2774708618429459,False,lower,transfer_complete / hmda_2019_mi / mlp / L_R
hmda_2019_mi,mlp,reweighing,1001,L_R,0.2178387069091205,False,lower,transfer_complete / hmda_2019_mi / mlp / L_R
hmda_2019_mi,mlp,reweighing,1002,L_R,0.2417934511699979,False,lower,transfer_complete / hmda_2019_mi / mlp / L_R
hmda_2019_mi,mlp,reweighing,1003,L_R,0.1994776610523868,False,lower,transfer_complete / hmda_2019_mi / mlp / L_R
hmda_2019_mi,mlp,reweighing,1004,L_R,0.1557858948408912,False,lower,transfer_complete / hmda_2019_mi / mlp / L_R
hmda_2019_mi,mlp,reweighing,1005,L_R,0.1899241699911266,False,lower,transfer_complete / hmda_2019_mi / mlp / L_R
hmda_2019_mi,mlp,reweighing,1006,L_R,0.2136914908999165,False,lower,transfer_complete / hmda_2019_mi / mlp / L_R
hmda_2019_mi,mlp,reweighing,1007,L_R,0.1714699839058754,False,lower,transfer_complete / hmda_2019_mi / mlp / L_R
hmda_2019_mi,mlp,reweighing,1008,L_R,0.1538106431582526,False,lower,transfer_complete / hmda_2019_mi / mlp / L_R
hmda_2019_mi,mlp,reweighing,1009,L_R,0.125150247485684,False,lower,transfer_complete / hmda_2019_mi / mlp / L_R
hmda_2019_mi,mlp,reweighing,1000,violation_005,0.8642100129393379,False,lower,transfer_complete / hmda_2019_mi / mlp / violation_005
hmda_2019_mi,mlp,reweighing,1001,violation_005,0.8301647785704033,False,lower,transfer_complete / hmda_2019_mi / mlp / violation_005
hmda_2019_mi,mlp,reweighing,1002,violation_005,0.8347451943958075,False,lower,transfer_complete / hmda_2019_mi / mlp / violation_005
hmda_2019_mi,mlp,reweighing,1003,violation_005,0.8144942986800963,False,lower,transfer_complete / hmda_2019_mi / mlp / violation_005
hmda_2019_mi,mlp,reweighing,1004,violation_005,0.7684619470374329,False,lower,transfer_complete / hmda_2019_mi / mlp / violation_005
hmda_2019_mi,mlp,reweighing,1005,violation_005,0.7965234292626835,False,lower,transfer_complete / hmda_2019_mi / mlp / violation_005
hmda_2019_mi,mlp,reweighing,1006,violation_005,0.8260072779046491,False,lower,transfer_complete / hmda_2019_mi / mlp / violation_005
hmda_2019_mi,mlp,reweighing,1007,violation_005,0.7828322291108439,False,lower,transfer_complete / hmda_2019_mi / mlp / violation_005
hmda_2019_mi,mlp,reweighing,1008,violation_005,0.7753939890254252,False,lower,transfer_complete / hmda_2019_mi / mlp / violation_005
hmda_2019_mi,mlp,reweighing,1009,violation_005,0.733451376104455,False,lower,transfer_complete / hmda_2019_mi / mlp / violation_005
hmda_2019_mi,mlp,reweighing,1000,P_R,0.0361589682680113,False,lower,transfer_complete / hmda_2019_mi / mlp / P_R
hmda_2019_mi,mlp,reweighing,1001,P_R,0.0259624728422778,False,lower,transfer_complete / hmda_2019_mi / mlp / P_R
hmda_2019_mi,mlp,reweighing,1002,P_R,0.0294893637833588,False,lower,transfer_complete / hmda_2019_mi / mlp / P_R
hmda_2019_mi,mlp,reweighing,1003,P_R,0.0231856533621814,False,lower,transfer_complete / hmda_2019_mi / mlp / P_R
hmda_2019_mi,mlp,reweighing,1004,P_R,0.0192473799985748,False,lower,transfer_complete / hmda_2019_mi / mlp / P_R
hmda_2019_mi,mlp,reweighing,1005,P_R,0.0263075413034472,False,lower,transfer_complete / hmda_2019_mi / mlp / P_R
hmda_2019_mi,mlp,reweighing,1006,P_R,0.0297852968945285,False,lower,transfer_complete / hmda_2019_mi / mlp / P_R
hmda_2019_mi,mlp,reweighing,1007,P_R,0.0215475873041814,False,lower,transfer_complete / hmda_2019_mi / mlp / P_R
hmda_2019_mi,mlp,reweighing,1008,P_R,0.016699227713529,False,lower,transfer_complete / hmda_2019_mi / mlp / P_R
hmda_2019_mi,mlp,reweighing,1009,P_R,0.0188458548918673,False,lower,transfer_complete / hmda_2019_mi / mlp / P_R
hmda_2019_mi,mlp,reweighing,1000,P_population_effect_gap,0.051619012106773,False,lower,transfer_complete / hmda_2019_mi / mlp / P_population_effect_gap
hmda_2019_mi,mlp,reweighing,1001,P_population_effect_gap,0.0337531820864432,False,lower,transfer_complete / hmda_2019_mi / mlp / P_population_effect_gap
hmda_2019_mi,mlp,reweighing,1002,P_population_effect_gap,0.0408995458958964,False,lower,transfer_complete / hmda_2019_mi / mlp / P_population_effect_gap
hmda_2019_mi,mlp,reweighing,1003,P_population_effect_gap,0.0342839597994033,False,lower,transfer_complete / hmda_2019_mi / mlp / P_population_effect_gap
hmda_2019_mi,mlp,reweighing,1004,P_population_effect_gap,0.0307023333433223,False,lower,transfer_complete / hmda_2019_mi / mlp / P_population_effect_gap
hmda_2019_mi,mlp,reweighing,1005,P_population_effect_gap,0.0348764788984342,False,lower,transfer_complete / hmda_2019_mi / mlp / P_population_effect_gap
hmda_2019_mi,mlp,reweighing,1006,P_population_effect_gap,0.0409300304226039,False,lower,transfer_complete / hmda_2019_mi / mlp / P_population_effect_gap
hmda_2019_mi,mlp,reweighing,1007,P_population_effect_gap,0.0327989867988348,False,lower,transfer_complete / hmda_2019_mi / mlp / P_population_effect_gap
hmda_2019_mi,mlp,reweighing,1008,P_population_effect_gap,0.0300002517506704,False,lower,transfer_complete / hmda_2019_mi / mlp / P_population_effect_gap
hmda_2019_mi,mlp,reweighing,1009,P_population_effect_gap,0.0295424416645503,False,lower,transfer_complete / hmda_2019_mi / mlp / P_population_effect_gap
hmda_2019_mi,mlp,reweighing,1000,decision_disagreement,0.0422661861443002,False,lower,transfer_complete / hmda_2019_mi / mlp / decision_disagreement
hmda_2019_mi,mlp,reweighing,1001,decision_disagreement,0.0280513465415944,False,lower,transfer_complete / hmda_2019_mi / mlp / decision_disagreement
hmda_2019_mi,mlp,reweighing,1002,decision_disagreement,0.0375757134023367,False,lower,transfer_complete / hmda_2019_mi / mlp / decision_disagreement
hmda_2019_mi,mlp,reweighing,1003,decision_disagreement,0.0238646071152577,False,lower,transfer_complete / hmda_2019_mi / mlp / decision_disagreement
hmda_2019_mi,mlp,reweighing,1004,decision_disagreement,0.0206206641820323,False,lower,transfer_complete / hmda_2019_mi / mlp / decision_disagreement
hmda_2019_mi,mlp,reweighing,1005,decision_disagreement,0.0337174229160896,False,lower,transfer_complete / hmda_2019_mi / mlp / decision_disagreement
hmda_2019_mi,mlp,reweighing,1006,decision_disagreement,0.0415646322270086,False,lower,transfer_complete / hmda_2019_mi / mlp / decision_disagreement
hmda_2019_mi,mlp,reweighing,1007,decision_disagreement,0.0257642476495844,False,lower,transfer_complete / hmda_2019_mi / mlp / decision_disagreement
hmda_2019_mi,mlp,reweighing,1008,decision_disagreement,0.0171785976243011,False,lower,transfer_complete / hmda_2019_mi / mlp / decision_disagreement
hmda_2019_mi,mlp,reweighing,1009,decision_disagreement,0.0305262411357209,False,lower,transfer_complete / hmda_2019_mi / mlp / decision_disagreement
hmda_2019_mi,mlp,reweighing,1000,opposite_005,0.0527313299042046,False,lower,transfer_complete / hmda_2019_mi / mlp / opposite_005
hmda_2019_mi,mlp,reweighing,1001,opposite_005,0.0408807071667866,False,lower,transfer_complete / hmda_2019_mi / mlp / opposite_005
hmda_2019_mi,mlp,reweighing,1002,opposite_005,0.0391868332900233,False,lower,transfer_complete / hmda_2019_mi / mlp / opposite_005
hmda_2019_mi,mlp,reweighing,1003,opposite_005,0.0352770453723505,False,lower,transfer_complete / hmda_2019_mi / mlp / opposite_005
hmda_2019_mi,mlp,reweighing,1004,opposite_005,0.0257157090518173,False,lower,transfer_complete / hmda_2019_mi / mlp / opposite_005
hmda_2019_mi,mlp,reweighing,1005,opposite_005,0.0278393186640277,False,lower,transfer_complete / hmda_2019_mi / mlp / opposite_005
hmda_2019_mi,mlp,reweighing,1006,opposite_005,0.0458061193851881,False,lower,transfer_complete / hmda_2019_mi / mlp / opposite_005
hmda_2019_mi,mlp,reweighing,1007,opposite_005,0.0250758621911917,False,lower,transfer_complete / hmda_2019_mi / mlp / opposite_005
hmda_2019_mi,mlp,reweighing,1008,opposite_005,0.0180197514776757,False,lower,transfer_complete / hmda_2019_mi / mlp / opposite_005
hmda_2019_mi,mlp,reweighing,1009,opposite_005,0.0245814137708699,False,lower,transfer_complete / hmda_2019_mi / mlp / opposite_005
hmda_2019_mi,mlp,reweighing,1000,direction_adverse_005,0.2498524964502237,False,lower,transfer_complete / hmda_2019_mi / mlp / direction_adverse_005
hmda_2019_mi,mlp,reweighing,1001,direction_adverse_005,0.2319460226241233,False,lower,transfer_complete / hmda_2019_mi / mlp / direction_adverse_005
hmda_2019_mi,mlp,reweighing,1002,direction_adverse_005,0.2332680091184552,False,lower,transfer_complete / hmda_2019_mi / mlp / direction_adverse_005
hmda_2019_mi,mlp,reweighing,1003,direction_adverse_005,0.2055569364494603,False,lower,transfer_complete / hmda_2019_mi / mlp / direction_adverse_005
hmda_2019_mi,mlp,reweighing,1004,direction_adverse_005,0.1962003758151481,False,lower,transfer_complete / hmda_2019_mi / mlp / direction_adverse_005
hmda_2019_mi,mlp,reweighing,1005,direction_adverse_005,0.1718828743087931,False,lower,transfer_complete / hmda_2019_mi / mlp / direction_adverse_005
hmda_2019_mi,mlp,reweighing,1006,direction_adverse_005,0.2245293597353056,False,lower,transfer_complete / hmda_2019_mi / mlp / direction_adverse_005
hmda_2019_mi,mlp,reweighing,1007,direction_adverse_005,0.2259917728632491,False,lower,transfer_complete / hmda_2019_mi / mlp / direction_adverse_005
hmda_2019_mi,mlp,reweighing,1008,direction_adverse_005,0.1968515570188676,False,lower,transfer_complete / hmda_2019_mi / mlp / direction_adverse_005
hmda_2019_mi,mlp,reweighing,1009,direction_adverse_005,0.1899642151001175,False,lower,transfer_complete / hmda_2019_mi / mlp / direction_adverse_005
hmda_2019_mi,mlp,reweighing,1000,direction_both_adverse_005,0.143796956751664,False,lower,transfer_complete / hmda_2019_mi / mlp / direction_both_adverse_005
hmda_2019_mi,mlp,reweighing,1001,direction_both_adverse_005,0.141719126511251,False,lower,transfer_complete / hmda_2019_mi / mlp / direction_both_adverse_005
hmda_2019_mi,mlp,reweighing,1002,direction_both_adverse_005,0.1225632096675631,False,lower,transfer_complete / hmda_2019_mi / mlp / direction_both_adverse_005
hmda_2019_mi,mlp,reweighing,1003,direction_both_adverse_005,0.1307611305063414,False,lower,transfer_complete / hmda_2019_mi / mlp / direction_both_adverse_005
hmda_2019_mi,mlp,reweighing,1004,direction_both_adverse_005,0.1311144525837895,False,lower,transfer_complete / hmda_2019_mi / mlp / direction_both_adverse_005
hmda_2019_mi,mlp,reweighing,1005,direction_both_adverse_005,0.1079472146954536,False,lower,transfer_complete / hmda_2019_mi / mlp / direction_both_adverse_005
hmda_2019_mi,mlp,reweighing,1006,direction_both_adverse_005,0.1304858649789471,False,lower,transfer_complete / hmda_2019_mi / mlp / direction_both_adverse_005
hmda_2019_mi,mlp,reweighing,1007,direction_both_adverse_005,0.1500566430656385,False,lower,transfer_complete / hmda_2019_mi / mlp / direction_both_adverse_005
hmda_2019_mi,mlp,reweighing,1008,direction_both_adverse_005,0.1291754979158484,False,lower,transfer_complete / hmda_2019_mi / mlp / direction_both_adverse_005
hmda_2019_mi,mlp,reweighing,1009,direction_both_adverse_005,0.1096410522806764,False,lower,transfer_complete / hmda_2019_mi / mlp / direction_both_adverse_005
hmda_2019_mi,mlp,reweighing,1000,direction_adverse_decision,0.0065835191637082,False,lower,transfer_complete / hmda_2019_mi / mlp / direction_adverse_decision
hmda_2019_mi,mlp,reweighing,1001,direction_adverse_decision,0.0089524102556194,False,lower,transfer_complete / hmda_2019_mi / mlp / direction_adverse_decision
hmda_2019_mi,mlp,reweighing,1002,direction_adverse_decision,0.0108652523054597,False,lower,transfer_complete / hmda_2019_mi / mlp / direction_adverse_decision
hmda_2019_mi,mlp,reweighing,1003,direction_adverse_decision,0.003988034357264,False,lower,transfer_complete / hmda_2019_mi / mlp / direction_adverse_decision
hmda_2019_mi,mlp,reweighing,1004,direction_adverse_decision,0.0047956748325449,False,lower,transfer_complete / hmda_2019_mi / mlp / direction_adverse_decision
hmda_2019_mi,mlp,reweighing,1005,direction_adverse_decision,0.0041262303685444,False,lower,transfer_complete / hmda_2019_mi / mlp / direction_adverse_decision
hmda_2019_mi,mlp,reweighing,1006,direction_adverse_decision,0.0137687553584465,False,lower,transfer_complete / hmda_2019_mi / mlp / direction_adverse_decision
hmda_2019_mi,mlp,reweighing,1007,direction_adverse_decision,0.0086915781605744,False,lower,transfer_complete / hmda_2019_mi / mlp / direction_adverse_decision
hmda_2019_mi,mlp,reweighing,1008,direction_adverse_decision,0.0046848697173999,False,lower,transfer_complete / hmda_2019_mi / mlp / direction_adverse_decision
hmda_2019_mi,mlp,reweighing,1009,direction_adverse_decision,0.0055172868020001,False,lower,transfer_complete / hmda_2019_mi / mlp / direction_adverse_decision
hmda_2019_mi,mlp,reweighing,1000,direction_joint_pass,0.1506883145788163,False,higher,transfer_complete / hmda_2019_mi / mlp / direction_joint_pass
hmda_2019_mi,mlp,reweighing,1001,direction_joint_pass,0.2010622775072988,False,higher,transfer_complete / hmda_2019_mi / mlp / direction_joint_pass
hmda_2019_mi,mlp,reweighing,1002,direction_joint_pass,0.2054689997400693,False,higher,transfer_complete / hmda_2019_mi / mlp / direction_joint_pass
hmda_2019_mi,mlp,reweighing,1003,direction_joint_pass,0.2280524648473476,False,higher,transfer_complete / hmda_2019_mi / mlp / direction_joint_pass
hmda_2019_mi,mlp,reweighing,1004,direction_joint_pass,0.2427133971346793,False,higher,transfer_complete / hmda_2019_mi / mlp / direction_joint_pass
hmda_2019_mi,mlp,reweighing,1005,direction_joint_pass,0.2282547700010533,False,higher,transfer_complete / hmda_2019_mi / mlp / direction_joint_pass
hmda_2019_mi,mlp,reweighing,1006,direction_joint_pass,0.168356717349218,False,higher,transfer_complete / hmda_2019_mi / mlp / direction_joint_pass
hmda_2019_mi,mlp,reweighing,1007,direction_joint_pass,0.2357828873161482,False,higher,transfer_complete / hmda_2019_mi / mlp / direction_joint_pass
hmda_2019_mi,mlp,reweighing,1008,direction_joint_pass,0.2700440933087433,False,higher,transfer_complete / hmda_2019_mi / mlp / direction_joint_pass
hmda_2019_mi,mlp,reweighing,1009,direction_joint_pass,0.2408451129961482,False,higher,transfer_complete / hmda_2019_mi / mlp / direction_joint_pass
hmda_2020_oh,ft,dralign,1000,auc,0.71042952627499,False,higher,transfer_complete / hmda_2020_oh / ft / auc
hmda_2020_oh,ft,dralign,1001,auc,0.7757297737271496,False,higher,transfer_complete / hmda_2020_oh / ft / auc
hmda_2020_oh,ft,dralign,1002,auc,0.7057409576087714,False,higher,transfer_complete / hmda_2020_oh / ft / auc
hmda_2020_oh,ft,dralign,1003,auc,0.7768939198239324,False,higher,transfer_complete / hmda_2020_oh / ft / auc
hmda_2020_oh,ft,dralign,1004,auc,0.6875184385966355,False,higher,transfer_complete / hmda_2020_oh / ft / auc
hmda_2020_oh,ft,dralign,1005,auc,0.7655918460830473,False,higher,transfer_complete / hmda_2020_oh / ft / auc
hmda_2020_oh,ft,dralign,1006,auc,0.7871321828320477,False,higher,transfer_complete / hmda_2020_oh / ft / auc
hmda_2020_oh,ft,dralign,1007,auc,0.7802142963031237,False,higher,transfer_complete / hmda_2020_oh / ft / auc
hmda_2020_oh,ft,dralign,1008,auc,0.6391330295035511,False,higher,transfer_complete / hmda_2020_oh / ft / auc
hmda_2020_oh,ft,dralign,1009,auc,0.682308539791628,False,higher,transfer_complete / hmda_2020_oh / ft / auc
hmda_2020_oh,ft,dralign,1000,accuracy,0.8574166666666667,False,higher,transfer_complete / hmda_2020_oh / ft / accuracy
hmda_2020_oh,ft,dralign,1001,accuracy,0.8499166666666667,False,higher,transfer_complete / hmda_2020_oh / ft / accuracy
hmda_2020_oh,ft,dralign,1002,accuracy,0.8499166666666667,False,higher,transfer_complete / hmda_2020_oh / ft / accuracy
hmda_2020_oh,ft,dralign,1003,accuracy,0.8499166666666667,False,higher,transfer_complete / hmda_2020_oh / ft / accuracy
hmda_2020_oh,ft,dralign,1004,accuracy,0.8499166666666667,False,higher,transfer_complete / hmda_2020_oh / ft / accuracy
hmda_2020_oh,ft,dralign,1005,accuracy,0.8581666666666666,False,higher,transfer_complete / hmda_2020_oh / ft / accuracy
hmda_2020_oh,ft,dralign,1006,accuracy,0.8499166666666667,False,higher,transfer_complete / hmda_2020_oh / ft / accuracy
hmda_2020_oh,ft,dralign,1007,accuracy,0.8499166666666667,False,higher,transfer_complete / hmda_2020_oh / ft / accuracy
hmda_2020_oh,ft,dralign,1008,accuracy,0.1500833333333333,False,higher,transfer_complete / hmda_2020_oh / ft / accuracy
hmda_2020_oh,ft,dralign,1009,accuracy,0.8499166666666667,False,higher,transfer_complete / hmda_2020_oh / ft / accuracy
hmda_2020_oh,ft,dralign,1000,f1,0.9186748419601692,False,higher,transfer_complete / hmda_2020_oh / ft / f1
hmda_2020_oh,ft,dralign,1001,f1,0.9188702193792512,False,higher,transfer_complete / hmda_2020_oh / ft / f1
hmda_2020_oh,ft,dralign,1002,f1,0.9188702193792512,False,higher,transfer_complete / hmda_2020_oh / ft / f1
hmda_2020_oh,ft,dralign,1003,f1,0.9188702193792512,False,higher,transfer_complete / hmda_2020_oh / ft / f1
hmda_2020_oh,ft,dralign,1004,f1,0.9188702193792512,False,higher,transfer_complete / hmda_2020_oh / ft / f1
hmda_2020_oh,ft,dralign,1005,f1,0.9187899608741292,False,higher,transfer_complete / hmda_2020_oh / ft / f1
hmda_2020_oh,ft,dralign,1006,f1,0.9188702193792512,False,higher,transfer_complete / hmda_2020_oh / ft / f1
hmda_2020_oh,ft,dralign,1007,f1,0.9188702193792512,False,higher,transfer_complete / hmda_2020_oh / ft / f1
hmda_2020_oh,ft,dralign,1008,f1,0.0,False,higher,transfer_complete / hmda_2020_oh / ft / f1
hmda_2020_oh,ft,dralign,1009,f1,0.9188702193792512,False,higher,transfer_complete / hmda_2020_oh / ft / f1
hmda_2020_oh,ft,dralign,1000,aod,0.0481642513446781,False,lower,transfer_complete / hmda_2020_oh / ft / aod
hmda_2020_oh,ft,dralign,1001,aod,0.0,False,lower,transfer_complete / hmda_2020_oh / ft / aod
hmda_2020_oh,ft,dralign,1002,aod,0.0,False,lower,transfer_complete / hmda_2020_oh / ft / aod
hmda_2020_oh,ft,dralign,1003,aod,0.0,False,lower,transfer_complete / hmda_2020_oh / ft / aod
hmda_2020_oh,ft,dralign,1004,aod,0.0,False,lower,transfer_complete / hmda_2020_oh / ft / aod
hmda_2020_oh,ft,dralign,1005,aod,0.0278590985197215,False,lower,transfer_complete / hmda_2020_oh / ft / aod
hmda_2020_oh,ft,dralign,1006,aod,0.0,False,lower,transfer_complete / hmda_2020_oh / ft / aod
hmda_2020_oh,ft,dralign,1007,aod,0.0,False,lower,transfer_complete / hmda_2020_oh / ft / aod
hmda_2020_oh,ft,dralign,1008,aod,0.0,False,lower,transfer_complete / hmda_2020_oh / ft / aod
hmda_2020_oh,ft,dralign,1009,aod,0.0,False,lower,transfer_complete / hmda_2020_oh / ft / aod
hmda_2020_oh,ft,dralign,1000,dp,0.0774571250661964,False,lower,transfer_complete / hmda_2020_oh / ft / dp
hmda_2020_oh,ft,dralign,1001,dp,0.0,False,lower,transfer_complete / hmda_2020_oh / ft / dp
hmda_2020_oh,ft,dralign,1002,dp,0.0,False,lower,transfer_complete / hmda_2020_oh / ft / dp
hmda_2020_oh,ft,dralign,1003,dp,0.0,False,lower,transfer_complete / hmda_2020_oh / ft / dp
hmda_2020_oh,ft,dralign,1004,dp,0.0,False,lower,transfer_complete / hmda_2020_oh / ft / dp
hmda_2020_oh,ft,dralign,1005,dp,0.0106190750536845,False,lower,transfer_complete / hmda_2020_oh / ft / dp
hmda_2020_oh,ft,dralign,1006,dp,0.0,False,lower,transfer_complete / hmda_2020_oh / ft / dp
hmda_2020_oh,ft,dralign,1007,dp,0.0,False,lower,transfer_complete / hmda_2020_oh / ft / dp
hmda_2020_oh,ft,dralign,1008,dp,0.0,False,lower,transfer_complete / hmda_2020_oh / ft / dp
hmda_2020_oh,ft,dralign,1009,dp,0.0,False,lower,transfer_complete / hmda_2020_oh / ft / dp
hmda_2020_oh,ft,dralign,1000,eomax,0.0516626476726985,False,lower,transfer_complete / hmda_2020_oh / ft / eomax
hmda_2020_oh,ft,dralign,1001,eomax,0.0,False,lower,transfer_complete / hmda_2020_oh / ft / eomax
hmda_2020_oh,ft,dralign,1002,eomax,0.0,False,lower,transfer_complete / hmda_2020_oh / ft / eomax
hmda_2020_oh,ft,dralign,1003,eomax,0.0,False,lower,transfer_complete / hmda_2020_oh / ft / eomax
hmda_2020_oh,ft,dralign,1004,eomax,0.0,False,lower,transfer_complete / hmda_2020_oh / ft / eomax
hmda_2020_oh,ft,dralign,1005,eomax,0.0369747445068119,False,lower,transfer_complete / hmda_2020_oh / ft / eomax
hmda_2020_oh,ft,dralign,1006,eomax,0.0,False,lower,transfer_complete / hmda_2020_oh / ft / eomax
hmda_2020_oh,ft,dralign,1007,eomax,0.0,False,lower,transfer_complete / hmda_2020_oh / ft / eomax
hmda_2020_oh,ft,dralign,1008,eomax,0.0,False,lower,transfer_complete / hmda_2020_oh / ft / eomax
hmda_2020_oh,ft,dralign,1009,eomax,0.0,False,lower,transfer_complete / hmda_2020_oh / ft / eomax
hmda_2020_oh,ft,dralign,1000,L_R,0.0020697765847867,False,lower,transfer_complete / hmda_2020_oh / ft / L_R
hmda_2020_oh,ft,dralign,1001,L_R,0.0027578493687336,False,lower,transfer_complete / hmda_2020_oh / ft / L_R
hmda_2020_oh,ft,dralign,1002,L_R,0.0012770043790193,False,lower,transfer_complete / hmda_2020_oh / ft / L_R
hmda_2020_oh,ft,dralign,1003,L_R,0.0025232710193805,False,lower,transfer_complete / hmda_2020_oh / ft / L_R
hmda_2020_oh,ft,dralign,1004,L_R,0.0006356801084104,False,lower,transfer_complete / hmda_2020_oh / ft / L_R
hmda_2020_oh,ft,dralign,1005,L_R,0.0063222873204784,False,lower,transfer_complete / hmda_2020_oh / ft / L_R
hmda_2020_oh,ft,dralign,1006,L_R,0.0014573348982587,False,lower,transfer_complete / hmda_2020_oh / ft / L_R
hmda_2020_oh,ft,dralign,1007,L_R,0.0005075920341827,False,lower,transfer_complete / hmda_2020_oh / ft / L_R
hmda_2020_oh,ft,dralign,1008,L_R,0.0003533015049101,False,lower,transfer_complete / hmda_2020_oh / ft / L_R
hmda_2020_oh,ft,dralign,1009,L_R,0.0001854003801064,False,lower,transfer_complete / hmda_2020_oh / ft / L_R
hmda_2020_oh,ft,dralign,1000,violation_005,0.0,False,lower,transfer_complete / hmda_2020_oh / ft / violation_005
hmda_2020_oh,ft,dralign,1001,violation_005,0.0001570539106775,False,lower,transfer_complete / hmda_2020_oh / ft / violation_005
hmda_2020_oh,ft,dralign,1002,violation_005,0.0,False,lower,transfer_complete / hmda_2020_oh / ft / violation_005
hmda_2020_oh,ft,dralign,1003,violation_005,0.0003394441345615,False,lower,transfer_complete / hmda_2020_oh / ft / violation_005
hmda_2020_oh,ft,dralign,1004,violation_005,0.0,False,lower,transfer_complete / hmda_2020_oh / ft / violation_005
hmda_2020_oh,ft,dralign,1005,violation_005,0.000263435194942,False,lower,transfer_complete / hmda_2020_oh / ft / violation_005
hmda_2020_oh,ft,dralign,1006,violation_005,0.0,False,lower,transfer_complete / hmda_2020_oh / ft / violation_005
hmda_2020_oh,ft,dralign,1007,violation_005,0.0,False,lower,transfer_complete / hmda_2020_oh / ft / violation_005
hmda_2020_oh,ft,dralign,1008,violation_005,0.0,False,lower,transfer_complete / hmda_2020_oh / ft / violation_005
hmda_2020_oh,ft,dralign,1009,violation_005,0.0,False,lower,transfer_complete / hmda_2020_oh / ft / violation_005
hmda_2020_oh,ft,dralign,1000,P_R,0.0005120247866887,False,lower,transfer_complete / hmda_2020_oh / ft / P_R
hmda_2020_oh,ft,dralign,1001,P_R,0.0002710279673744,False,lower,transfer_complete / hmda_2020_oh / ft / P_R
hmda_2020_oh,ft,dralign,1002,P_R,6.013527681838011e-05,False,lower,transfer_complete / hmda_2020_oh / ft / P_R
hmda_2020_oh,ft,dralign,1003,P_R,0.0003208370806771,False,lower,transfer_complete / hmda_2020_oh / ft / P_R
hmda_2020_oh,ft,dralign,1004,P_R,0.0001393258751111,False,lower,transfer_complete / hmda_2020_oh / ft / P_R
hmda_2020_oh,ft,dralign,1005,P_R,0.0015173415366319,False,lower,transfer_complete / hmda_2020_oh / ft / P_R
hmda_2020_oh,ft,dralign,1006,P_R,9.42360770271448e-05,False,lower,transfer_complete / hmda_2020_oh / ft / P_R
hmda_2020_oh,ft,dralign,1007,P_R,4.48313267688586e-05,False,lower,transfer_complete / hmda_2020_oh / ft / P_R
hmda_2020_oh,ft,dralign,1008,P_R,8.258751584199484e-05,False,lower,transfer_complete / hmda_2020_oh / ft / P_R
hmda_2020_oh,ft,dralign,1009,P_R,1.5859061020115242e-05,False,lower,transfer_complete / hmda_2020_oh / ft / P_R
hmda_2020_oh,ft,dralign,1000,P_population_effect_gap,0.0019562376427609,False,lower,transfer_complete / hmda_2020_oh / ft / P_population_effect_gap
hmda_2020_oh,ft,dralign,1001,P_population_effect_gap,0.0008564467946462,False,lower,transfer_complete / hmda_2020_oh / ft / P_population_effect_gap
hmda_2020_oh,ft,dralign,1002,P_population_effect_gap,0.0002881125781101,False,lower,transfer_complete / hmda_2020_oh / ft / P_population_effect_gap
hmda_2020_oh,ft,dralign,1003,P_population_effect_gap,0.0026250345616364,False,lower,transfer_complete / hmda_2020_oh / ft / P_population_effect_gap
hmda_2020_oh,ft,dralign,1004,P_population_effect_gap,0.0009346706756397,False,lower,transfer_complete / hmda_2020_oh / ft / P_population_effect_gap
hmda_2020_oh,ft,dralign,1005,P_population_effect_gap,0.0026723785904454,False,lower,transfer_complete / hmda_2020_oh / ft / P_population_effect_gap
hmda_2020_oh,ft,dralign,1006,P_population_effect_gap,0.0009299945285176,False,lower,transfer_complete / hmda_2020_oh / ft / P_population_effect_gap
hmda_2020_oh,ft,dralign,1007,P_population_effect_gap,0.0003487723480631,False,lower,transfer_complete / hmda_2020_oh / ft / P_population_effect_gap
hmda_2020_oh,ft,dralign,1008,P_population_effect_gap,0.0012450076708338,False,lower,transfer_complete / hmda_2020_oh / ft / P_population_effect_gap
hmda_2020_oh,ft,dralign,1009,P_population_effect_gap,0.0002539363622011,False,lower,transfer_complete / hmda_2020_oh / ft / P_population_effect_gap
hmda_2020_oh,ft,dralign,1000,decision_disagreement,0.0071023831532139,False,lower,transfer_complete / hmda_2020_oh / ft / decision_disagreement
hmda_2020_oh,ft,dralign,1001,decision_disagreement,0.0,False,lower,transfer_complete / hmda_2020_oh / ft / decision_disagreement
hmda_2020_oh,ft,dralign,1002,decision_disagreement,0.0,False,lower,transfer_complete / hmda_2020_oh / ft / decision_disagreement
hmda_2020_oh,ft,dralign,1003,decision_disagreement,0.0,False,lower,transfer_complete / hmda_2020_oh / ft / decision_disagreement
hmda_2020_oh,ft,dralign,1004,decision_disagreement,0.0,False,lower,transfer_complete / hmda_2020_oh / ft / decision_disagreement
hmda_2020_oh,ft,dralign,1005,decision_disagreement,0.0229888637027307,False,lower,transfer_complete / hmda_2020_oh / ft / decision_disagreement
hmda_2020_oh,ft,dralign,1006,decision_disagreement,0.0,False,lower,transfer_complete / hmda_2020_oh / ft / decision_disagreement
hmda_2020_oh,ft,dralign,1007,decision_disagreement,0.0,False,lower,transfer_complete / hmda_2020_oh / ft / decision_disagreement
hmda_2020_oh,ft,dralign,1008,decision_disagreement,0.0,False,lower,transfer_complete / hmda_2020_oh / ft / decision_disagreement
hmda_2020_oh,ft,dralign,1009,decision_disagreement,0.0,False,lower,transfer_complete / hmda_2020_oh / ft / decision_disagreement
hmda_2020_oh,ft,dralign,1000,opposite_005,0.0,False,lower,transfer_complete / hmda_2020_oh / ft / opposite_005
hmda_2020_oh,ft,dralign,1001,opposite_005,0.0,False,lower,transfer_complete / hmda_2020_oh / ft / opposite_005
hmda_2020_oh,ft,dralign,1002,opposite_005,0.0,False,lower,transfer_complete / hmda_2020_oh / ft / opposite_005
hmda_2020_oh,ft,dralign,1003,opposite_005,0.0,False,lower,transfer_complete / hmda_2020_oh / ft / opposite_005
hmda_2020_oh,ft,dralign,1004,opposite_005,0.0,False,lower,transfer_complete / hmda_2020_oh / ft / opposite_005
hmda_2020_oh,ft,dralign,1005,opposite_005,0.0,False,lower,transfer_complete / hmda_2020_oh / ft / opposite_005
hmda_2020_oh,ft,dralign,1006,opposite_005,0.0,False,lower,transfer_complete / hmda_2020_oh / ft / opposite_005
hmda_2020_oh,ft,dralign,1007,opposite_005,0.0,False,lower,transfer_complete / hmda_2020_oh / ft / opposite_005
hmda_2020_oh,ft,dralign,1008,opposite_005,0.0,False,lower,transfer_complete / hmda_2020_oh / ft / opposite_005
hmda_2020_oh,ft,dralign,1009,opposite_005,0.0,False,lower,transfer_complete / hmda_2020_oh / ft / opposite_005
hmda_2020_oh,ft,dralign,1000,direction_adverse_005,0.1016761438772811,False,lower,transfer_complete / hmda_2020_oh / ft / direction_adverse_005
hmda_2020_oh,ft,dralign,1001,direction_adverse_005,0.0006281407035175,False,lower,transfer_complete / hmda_2020_oh / ft / direction_adverse_005
hmda_2020_oh,ft,dralign,1002,direction_adverse_005,0.0,False,lower,transfer_complete / hmda_2020_oh / ft / direction_adverse_005
hmda_2020_oh,ft,dralign,1003,direction_adverse_005,0.0,False,lower,transfer_complete / hmda_2020_oh / ft / direction_adverse_005
hmda_2020_oh,ft,dralign,1004,direction_adverse_005,0.25,False,lower,transfer_complete / hmda_2020_oh / ft / direction_adverse_005
hmda_2020_oh,ft,dralign,1005,direction_adverse_005,0.1340477035712781,False,lower,transfer_complete / hmda_2020_oh / ft / direction_adverse_005
hmda_2020_oh,ft,dralign,1006,direction_adverse_005,0.01229412105182,False,lower,transfer_complete / hmda_2020_oh / ft / direction_adverse_005
hmda_2020_oh,ft,dralign,1007,direction_adverse_005,0.0,False,lower,transfer_complete / hmda_2020_oh / ft / direction_adverse_005
hmda_2020_oh,ft,dralign,1008,direction_adverse_005,0.0,False,lower,transfer_complete / hmda_2020_oh / ft / direction_adverse_005
hmda_2020_oh,ft,dralign,1009,direction_adverse_005,0.0987789605510331,False,lower,transfer_complete / hmda_2020_oh / ft / direction_adverse_005
hmda_2020_oh,ft,dralign,1000,direction_both_adverse_005,0.0973473452790267,False,lower,transfer_complete / hmda_2020_oh / ft / direction_both_adverse_005
hmda_2020_oh,ft,dralign,1001,direction_both_adverse_005,0.0004711055276381,False,lower,transfer_complete / hmda_2020_oh / ft / direction_both_adverse_005
hmda_2020_oh,ft,dralign,1002,direction_both_adverse_005,0.0,False,lower,transfer_complete / hmda_2020_oh / ft / direction_both_adverse_005
hmda_2020_oh,ft,dralign,1003,direction_both_adverse_005,0.0,False,lower,transfer_complete / hmda_2020_oh / ft / direction_both_adverse_005
hmda_2020_oh,ft,dralign,1004,direction_both_adverse_005,0.25,False,lower,transfer_complete / hmda_2020_oh / ft / direction_both_adverse_005
hmda_2020_oh,ft,dralign,1005,direction_both_adverse_005,0.0956338940572178,False,lower,transfer_complete / hmda_2020_oh / ft / direction_both_adverse_005
hmda_2020_oh,ft,dralign,1006,direction_both_adverse_005,0.0119810340136234,False,lower,transfer_complete / hmda_2020_oh / ft / direction_both_adverse_005
hmda_2020_oh,ft,dralign,1007,direction_both_adverse_005,0.0,False,lower,transfer_complete / hmda_2020_oh / ft / direction_both_adverse_005
hmda_2020_oh,ft,dralign,1008,direction_both_adverse_005,0.0,False,lower,transfer_complete / hmda_2020_oh / ft / direction_both_adverse_005
hmda_2020_oh,ft,dralign,1009,direction_both_adverse_005,0.0958046336881653,False,lower,transfer_complete / hmda_2020_oh / ft / direction_both_adverse_005
hmda_2020_oh,ft,dralign,1000,direction_adverse_decision,0.0038404199150889,False,lower,transfer_complete / hmda_2020_oh / ft / direction_adverse_decision
hmda_2020_oh,ft,dralign,1001,direction_adverse_decision,0.0,False,lower,transfer_complete / hmda_2020_oh / ft / direction_adverse_decision
hmda_2020_oh,ft,dralign,1002,direction_adverse_decision,0.0,False,lower,transfer_complete / hmda_2020_oh / ft / direction_adverse_decision
hmda_2020_oh,ft,dralign,1003,direction_adverse_decision,0.0,False,lower,transfer_complete / hmda_2020_oh / ft / direction_adverse_decision
hmda_2020_oh,ft,dralign,1004,direction_adverse_decision,0.0,False,lower,transfer_complete / hmda_2020_oh / ft / direction_adverse_decision
hmda_2020_oh,ft,dralign,1005,direction_adverse_decision,0.0084986423881607,False,lower,transfer_complete / hmda_2020_oh / ft / direction_adverse_decision
hmda_2020_oh,ft,dralign,1006,direction_adverse_decision,0.0,False,lower,transfer_complete / hmda_2020_oh / ft / direction_adverse_decision
hmda_2020_oh,ft,dralign,1007,direction_adverse_decision,0.0,False,lower,transfer_complete / hmda_2020_oh / ft / direction_adverse_decision
hmda_2020_oh,ft,dralign,1008,direction_adverse_decision,0.0,False,lower,transfer_complete / hmda_2020_oh / ft / direction_adverse_decision
hmda_2020_oh,ft,dralign,1009,direction_adverse_decision,0.0,False,lower,transfer_complete / hmda_2020_oh / ft / direction_adverse_decision
hmda_2020_oh,ft,dralign,1000,direction_joint_pass,0.8983238561227189,False,higher,transfer_complete / hmda_2020_oh / ft / direction_joint_pass
hmda_2020_oh,ft,dralign,1001,direction_joint_pass,0.9993718592964824,False,higher,transfer_complete / hmda_2020_oh / ft / direction_joint_pass
hmda_2020_oh,ft,dralign,1002,direction_joint_pass,1.0,False,higher,transfer_complete / hmda_2020_oh / ft / direction_joint_pass
hmda_2020_oh,ft,dralign,1003,direction_joint_pass,1.0,False,higher,transfer_complete / hmda_2020_oh / ft / direction_joint_pass
hmda_2020_oh,ft,dralign,1004,direction_joint_pass,0.75,False,higher,transfer_complete / hmda_2020_oh / ft / direction_joint_pass
hmda_2020_oh,ft,dralign,1005,direction_joint_pass,0.8659522964287218,False,higher,transfer_complete / hmda_2020_oh / ft / direction_joint_pass
hmda_2020_oh,ft,dralign,1006,direction_joint_pass,0.9877058789481798,False,higher,transfer_complete / hmda_2020_oh / ft / direction_joint_pass
hmda_2020_oh,ft,dralign,1007,direction_joint_pass,1.0,False,higher,transfer_complete / hmda_2020_oh / ft / direction_joint_pass
hmda_2020_oh,ft,dralign,1008,direction_joint_pass,1.0,False,higher,transfer_complete / hmda_2020_oh / ft / direction_joint_pass
hmda_2020_oh,ft,dralign,1009,direction_joint_pass,0.9012210394489668,False,higher,transfer_complete / hmda_2020_oh / ft / direction_joint_pass
hmda_2020_oh,ft,fairsmote,1000,auc,0.8155724949136831,False,higher,transfer_complete / hmda_2020_oh / ft / auc
hmda_2020_oh,ft,fairsmote,1001,auc,0.8129444759992419,False,higher,transfer_complete / hmda_2020_oh / ft / auc
hmda_2020_oh,ft,fairsmote,1002,auc,0.8100837748570249,False,higher,transfer_complete / hmda_2020_oh / ft / auc
hmda_2020_oh,ft,fairsmote,1003,auc,0.8185106388422856,False,higher,transfer_complete / hmda_2020_oh / ft / auc
hmda_2020_oh,ft,fairsmote,1004,auc,0.8136396100716236,False,higher,transfer_complete / hmda_2020_oh / ft / auc
hmda_2020_oh,ft,fairsmote,1005,auc,0.8213482568622339,False,higher,transfer_complete / hmda_2020_oh / ft / auc
hmda_2020_oh,ft,fairsmote,1006,auc,0.8128273454861253,False,higher,transfer_complete / hmda_2020_oh / ft / auc
hmda_2020_oh,ft,fairsmote,1007,auc,0.8094115878035968,False,higher,transfer_complete / hmda_2020_oh / ft / auc
hmda_2020_oh,ft,fairsmote,1008,auc,0.8213050848906319,False,higher,transfer_complete / hmda_2020_oh / ft / auc
hmda_2020_oh,ft,fairsmote,1009,auc,0.8155464719598045,False,higher,transfer_complete / hmda_2020_oh / ft / auc
hmda_2020_oh,ft,fairsmote,1000,accuracy,0.8389166666666666,False,higher,transfer_complete / hmda_2020_oh / ft / accuracy
hmda_2020_oh,ft,fairsmote,1001,accuracy,0.8675833333333334,False,higher,transfer_complete / hmda_2020_oh / ft / accuracy
hmda_2020_oh,ft,fairsmote,1002,accuracy,0.856,False,higher,transfer_complete / hmda_2020_oh / ft / accuracy
hmda_2020_oh,ft,fairsmote,1003,accuracy,0.8790833333333333,False,higher,transfer_complete / hmda_2020_oh / ft / accuracy
hmda_2020_oh,ft,fairsmote,1004,accuracy,0.85325,False,higher,transfer_complete / hmda_2020_oh / ft / accuracy
hmda_2020_oh,ft,fairsmote,1005,accuracy,0.86625,False,higher,transfer_complete / hmda_2020_oh / ft / accuracy
hmda_2020_oh,ft,fairsmote,1006,accuracy,0.8323333333333334,False,higher,transfer_complete / hmda_2020_oh / ft / accuracy
hmda_2020_oh,ft,fairsmote,1007,accuracy,0.8583333333333333,False,higher,transfer_complete / hmda_2020_oh / ft / accuracy
hmda_2020_oh,ft,fairsmote,1008,accuracy,0.8403333333333334,False,higher,transfer_complete / hmda_2020_oh / ft / accuracy
hmda_2020_oh,ft,fairsmote,1009,accuracy,0.873,False,higher,transfer_complete / hmda_2020_oh / ft / accuracy
hmda_2020_oh,ft,fairsmote,1000,f1,0.9033548322583872,False,higher,transfer_complete / hmda_2020_oh / ft / f1
hmda_2020_oh,ft,fairsmote,1001,f1,0.9233367105707532,False,higher,transfer_complete / hmda_2020_oh / ft / f1
hmda_2020_oh,ft,fairsmote,1002,f1,0.9153522092681492,False,higher,transfer_complete / hmda_2020_oh / ft / f1
hmda_2020_oh,ft,fairsmote,1003,f1,0.93030404918584,False,higher,transfer_complete / hmda_2020_oh / ft / f1
hmda_2020_oh,ft,fairsmote,1004,f1,0.9134090573830947,False,higher,transfer_complete / hmda_2020_oh / ft / f1
hmda_2020_oh,ft,fairsmote,1005,f1,0.921992709599028,False,higher,transfer_complete / hmda_2020_oh / ft / f1
hmda_2020_oh,ft,fairsmote,1006,f1,0.8987418218419728,False,higher,transfer_complete / hmda_2020_oh / ft / f1
hmda_2020_oh,ft,fairsmote,1007,f1,0.9165357423409268,False,higher,transfer_complete / hmda_2020_oh / ft / f1
hmda_2020_oh,ft,fairsmote,1008,f1,0.9037669512807636,False,higher,transfer_complete / hmda_2020_oh / ft / f1
hmda_2020_oh,ft,fairsmote,1009,f1,0.9264904495465948,False,higher,transfer_complete / hmda_2020_oh / ft / f1
hmda_2020_oh,ft,fairsmote,1000,aod,0.0489377562297498,False,lower,transfer_complete / hmda_2020_oh / ft / aod
hmda_2020_oh,ft,fairsmote,1001,aod,0.1094262173172308,False,lower,transfer_complete / hmda_2020_oh / ft / aod
hmda_2020_oh,ft,fairsmote,1002,aod,0.0453850747556443,False,lower,transfer_complete / hmda_2020_oh / ft / aod
hmda_2020_oh,ft,fairsmote,1003,aod,0.0432124169175467,False,lower,transfer_complete / hmda_2020_oh / ft / aod
hmda_2020_oh,ft,fairsmote,1004,aod,0.0539844006733939,False,lower,transfer_complete / hmda_2020_oh / ft / aod
hmda_2020_oh,ft,fairsmote,1005,aod,0.0536065875919789,False,lower,transfer_complete / hmda_2020_oh / ft / aod
hmda_2020_oh,ft,fairsmote,1006,aod,0.0542121256992875,False,lower,transfer_complete / hmda_2020_oh / ft / aod
hmda_2020_oh,ft,fairsmote,1007,aod,0.0135613700746412,False,lower,transfer_complete / hmda_2020_oh / ft / aod
hmda_2020_oh,ft,fairsmote,1008,aod,0.0226378045491388,False,lower,transfer_complete / hmda_2020_oh / ft / aod
hmda_2020_oh,ft,fairsmote,1009,aod,0.0332485785887931,False,lower,transfer_complete / hmda_2020_oh / ft / aod
hmda_2020_oh,ft,fairsmote,1000,dp,0.0944528826736965,False,lower,transfer_complete / hmda_2020_oh / ft / dp
hmda_2020_oh,ft,fairsmote,1001,dp,0.1443344564907441,False,lower,transfer_complete / hmda_2020_oh / ft / dp
hmda_2020_oh,ft,fairsmote,1002,dp,0.1063726089259007,False,lower,transfer_complete / hmda_2020_oh / ft / dp
hmda_2020_oh,ft,fairsmote,1003,dp,0.0855752835536002,False,lower,transfer_complete / hmda_2020_oh / ft / dp
hmda_2020_oh,ft,fairsmote,1004,dp,0.1082683007734073,False,lower,transfer_complete / hmda_2020_oh / ft / dp
hmda_2020_oh,ft,fairsmote,1005,dp,0.0973829850381466,False,lower,transfer_complete / hmda_2020_oh / ft / dp
hmda_2020_oh,ft,fairsmote,1006,dp,0.1017403120398983,False,lower,transfer_complete / hmda_2020_oh / ft / dp
hmda_2020_oh,ft,fairsmote,1007,dp,0.0615539726601371,False,lower,transfer_complete / hmda_2020_oh / ft / dp
hmda_2020_oh,ft,fairsmote,1008,dp,0.0529149717464807,False,lower,transfer_complete / hmda_2020_oh / ft / dp
hmda_2020_oh,ft,fairsmote,1009,dp,0.0880383735749577,False,lower,transfer_complete / hmda_2020_oh / ft / dp
hmda_2020_oh,ft,fairsmote,1000,eomax,0.0549656527994488,False,lower,transfer_complete / hmda_2020_oh / ft / eomax
hmda_2020_oh,ft,fairsmote,1001,eomax,0.1243524016021938,False,lower,transfer_complete / hmda_2020_oh / ft / eomax
hmda_2020_oh,ft,fairsmote,1002,eomax,0.0749305850486518,False,lower,transfer_complete / hmda_2020_oh / ft / eomax
hmda_2020_oh,ft,fairsmote,1003,eomax,0.0493120427972197,False,lower,transfer_complete / hmda_2020_oh / ft / eomax
hmda_2020_oh,ft,fairsmote,1004,eomax,0.0692311031833667,False,lower,transfer_complete / hmda_2020_oh / ft / eomax
hmda_2020_oh,ft,fairsmote,1005,eomax,0.0579950961518977,False,lower,transfer_complete / hmda_2020_oh / ft / eomax
hmda_2020_oh,ft,fairsmote,1006,eomax,0.0571440150762933,False,lower,transfer_complete / hmda_2020_oh / ft / eomax
hmda_2020_oh,ft,fairsmote,1007,eomax,0.0200945666638353,False,lower,transfer_complete / hmda_2020_oh / ft / eomax
hmda_2020_oh,ft,fairsmote,1008,eomax,0.0331516342783034,False,lower,transfer_complete / hmda_2020_oh / ft / eomax
hmda_2020_oh,ft,fairsmote,1009,eomax,0.0519240824107892,False,lower,transfer_complete / hmda_2020_oh / ft / eomax
hmda_2020_oh,ft,fairsmote,1000,L_R,0.250733775427937,False,lower,transfer_complete / hmda_2020_oh / ft / L_R
hmda_2020_oh,ft,fairsmote,1001,L_R,0.4291800268736688,False,lower,transfer_complete / hmda_2020_oh / ft / L_R
hmda_2020_oh,ft,fairsmote,1002,L_R,0.6960405111218908,False,lower,transfer_complete / hmda_2020_oh / ft / L_R
hmda_2020_oh,ft,fairsmote,1003,L_R,0.197432228779203,False,lower,transfer_complete / hmda_2020_oh / ft / L_R
hmda_2020_oh,ft,fairsmote,1004,L_R,0.5235348984766514,False,lower,transfer_complete / hmda_2020_oh / ft / L_R
hmda_2020_oh,ft,fairsmote,1005,L_R,0.3530338937563507,False,lower,transfer_complete / hmda_2020_oh / ft / L_R
hmda_2020_oh,ft,fairsmote,1006,L_R,0.257759529879737,False,lower,transfer_complete / hmda_2020_oh / ft / L_R
hmda_2020_oh,ft,fairsmote,1007,L_R,0.5912308523087086,False,lower,transfer_complete / hmda_2020_oh / ft / L_R
hmda_2020_oh,ft,fairsmote,1008,L_R,0.3115539776969204,False,lower,transfer_complete / hmda_2020_oh / ft / L_R
hmda_2020_oh,ft,fairsmote,1009,L_R,0.2791827443553107,False,lower,transfer_complete / hmda_2020_oh / ft / L_R
hmda_2020_oh,ft,fairsmote,1000,violation_005,0.8210626623688632,False,lower,transfer_complete / hmda_2020_oh / ft / violation_005
hmda_2020_oh,ft,fairsmote,1001,violation_005,0.883967657343256,False,lower,transfer_complete / hmda_2020_oh / ft / violation_005
hmda_2020_oh,ft,fairsmote,1002,violation_005,0.9223124956665132,False,lower,transfer_complete / hmda_2020_oh / ft / violation_005
hmda_2020_oh,ft,fairsmote,1003,violation_005,0.7723786069570114,False,lower,transfer_complete / hmda_2020_oh / ft / violation_005
hmda_2020_oh,ft,fairsmote,1004,violation_005,0.9012658647866864,False,lower,transfer_complete / hmda_2020_oh / ft / violation_005
hmda_2020_oh,ft,fairsmote,1005,violation_005,0.8633733371018789,False,lower,transfer_complete / hmda_2020_oh / ft / violation_005
hmda_2020_oh,ft,fairsmote,1006,violation_005,0.8290065291035417,False,lower,transfer_complete / hmda_2020_oh / ft / violation_005
hmda_2020_oh,ft,fairsmote,1007,violation_005,0.909032096997582,False,lower,transfer_complete / hmda_2020_oh / ft / violation_005
hmda_2020_oh,ft,fairsmote,1008,violation_005,0.8665642867880048,False,lower,transfer_complete / hmda_2020_oh / ft / violation_005
hmda_2020_oh,ft,fairsmote,1009,violation_005,0.8418884942621617,False,lower,transfer_complete / hmda_2020_oh / ft / violation_005
hmda_2020_oh,ft,fairsmote,1000,P_R,0.0419152799987547,False,lower,transfer_complete / hmda_2020_oh / ft / P_R
hmda_2020_oh,ft,fairsmote,1001,P_R,0.0582946574750057,False,lower,transfer_complete / hmda_2020_oh / ft / P_R
hmda_2020_oh,ft,fairsmote,1002,P_R,0.0923671100793764,False,lower,transfer_complete / hmda_2020_oh / ft / P_R
hmda_2020_oh,ft,fairsmote,1003,P_R,0.0311402740463167,False,lower,transfer_complete / hmda_2020_oh / ft / P_R
hmda_2020_oh,ft,fairsmote,1004,P_R,0.0775586765414848,False,lower,transfer_complete / hmda_2020_oh / ft / P_R
hmda_2020_oh,ft,fairsmote,1005,P_R,0.0558742286987646,False,lower,transfer_complete / hmda_2020_oh / ft / P_R
hmda_2020_oh,ft,fairsmote,1006,P_R,0.0430122998308607,False,lower,transfer_complete / hmda_2020_oh / ft / P_R
hmda_2020_oh,ft,fairsmote,1007,P_R,0.0854292279979927,False,lower,transfer_complete / hmda_2020_oh / ft / P_R
hmda_2020_oh,ft,fairsmote,1008,P_R,0.0468081270239734,False,lower,transfer_complete / hmda_2020_oh / ft / P_R
hmda_2020_oh,ft,fairsmote,1009,P_R,0.0437428713468495,False,lower,transfer_complete / hmda_2020_oh / ft / P_R
hmda_2020_oh,ft,fairsmote,1000,P_population_effect_gap,0.0526950935506779,False,lower,transfer_complete / hmda_2020_oh / ft / P_population_effect_gap
hmda_2020_oh,ft,fairsmote,1001,P_population_effect_gap,0.0502109437217187,False,lower,transfer_complete / hmda_2020_oh / ft / P_population_effect_gap
hmda_2020_oh,ft,fairsmote,1002,P_population_effect_gap,0.0688298153027452,False,lower,transfer_complete / hmda_2020_oh / ft / P_population_effect_gap
hmda_2020_oh,ft,fairsmote,1003,P_population_effect_gap,0.0326054807463636,False,lower,transfer_complete / hmda_2020_oh / ft / P_population_effect_gap
hmda_2020_oh,ft,fairsmote,1004,P_population_effect_gap,0.0415678788291162,False,lower,transfer_complete / hmda_2020_oh / ft / P_population_effect_gap
hmda_2020_oh,ft,fairsmote,1005,P_population_effect_gap,0.0373805136943144,False,lower,transfer_complete / hmda_2020_oh / ft / P_population_effect_gap
hmda_2020_oh,ft,fairsmote,1006,P_population_effect_gap,0.0526109389189541,False,lower,transfer_complete / hmda_2020_oh / ft / P_population_effect_gap
hmda_2020_oh,ft,fairsmote,1007,P_population_effect_gap,0.0542555468470193,False,lower,transfer_complete / hmda_2020_oh / ft / P_population_effect_gap
hmda_2020_oh,ft,fairsmote,1008,P_population_effect_gap,0.0423786394532012,False,lower,transfer_complete / hmda_2020_oh / ft / P_population_effect_gap
hmda_2020_oh,ft,fairsmote,1009,P_population_effect_gap,0.0481478332358587,False,lower,transfer_complete / hmda_2020_oh / ft / P_population_effect_gap
hmda_2020_oh,ft,fairsmote,1000,decision_disagreement,0.0941745466459916,False,lower,transfer_complete / hmda_2020_oh / ft / decision_disagreement
hmda_2020_oh,ft,fairsmote,1001,decision_disagreement,0.0912912980283304,False,lower,transfer_complete / hmda_2020_oh / ft / decision_disagreement
hmda_2020_oh,ft,fairsmote,1002,decision_disagreement,0.1159220388814799,False,lower,transfer_complete / hmda_2020_oh / ft / decision_disagreement
hmda_2020_oh,ft,fairsmote,1003,decision_disagreement,0.0535547863605422,False,lower,transfer_complete / hmda_2020_oh / ft / decision_disagreement
hmda_2020_oh,ft,fairsmote,1004,decision_disagreement,0.113116121407745,False,lower,transfer_complete / hmda_2020_oh / ft / decision_disagreement
hmda_2020_oh,ft,fairsmote,1005,decision_disagreement,0.0922875339634935,False,lower,transfer_complete / hmda_2020_oh / ft / decision_disagreement
hmda_2020_oh,ft,fairsmote,1006,decision_disagreement,0.0799177846803477,False,lower,transfer_complete / hmda_2020_oh / ft / decision_disagreement
hmda_2020_oh,ft,fairsmote,1007,decision_disagreement,0.1164185835701245,False,lower,transfer_complete / hmda_2020_oh / ft / decision_disagreement
hmda_2020_oh,ft,fairsmote,1008,decision_disagreement,0.0851957004979309,False,lower,transfer_complete / hmda_2020_oh / ft / decision_disagreement
hmda_2020_oh,ft,fairsmote,1009,decision_disagreement,0.0707696983716595,False,lower,transfer_complete / hmda_2020_oh / ft / decision_disagreement
hmda_2020_oh,ft,fairsmote,1000,opposite_005,0.0468065071105989,False,lower,transfer_complete / hmda_2020_oh / ft / opposite_005
hmda_2020_oh,ft,fairsmote,1001,opposite_005,0.0902944521166426,False,lower,transfer_complete / hmda_2020_oh / ft / opposite_005
hmda_2020_oh,ft,fairsmote,1002,opposite_005,0.1136518526093096,False,lower,transfer_complete / hmda_2020_oh / ft / opposite_005
hmda_2020_oh,ft,fairsmote,1003,opposite_005,0.0569114420249722,False,lower,transfer_complete / hmda_2020_oh / ft / opposite_005
hmda_2020_oh,ft,fairsmote,1004,opposite_005,0.1195560229181817,False,lower,transfer_complete / hmda_2020_oh / ft / opposite_005
hmda_2020_oh,ft,fairsmote,1005,opposite_005,0.0707379549660421,False,lower,transfer_complete / hmda_2020_oh / ft / opposite_005
hmda_2020_oh,ft,fairsmote,1006,opposite_005,0.0497157630051649,False,lower,transfer_complete / hmda_2020_oh / ft / opposite_005
hmda_2020_oh,ft,fairsmote,1007,opposite_005,0.1159467567097836,False,lower,transfer_complete / hmda_2020_oh / ft / opposite_005
hmda_2020_oh,ft,fairsmote,1008,opposite_005,0.0616984992956771,False,lower,transfer_complete / hmda_2020_oh / ft / opposite_005
hmda_2020_oh,ft,fairsmote,1009,opposite_005,0.0756517116023548,False,lower,transfer_complete / hmda_2020_oh / ft / opposite_005
hmda_2020_oh,ft,fairsmote,1000,direction_adverse_005,0.3733309331368059,False,lower,transfer_complete / hmda_2020_oh / ft / direction_adverse_005
hmda_2020_oh,ft,fairsmote,1001,direction_adverse_005,0.3053019953489501,False,lower,transfer_complete / hmda_2020_oh / ft / direction_adverse_005
hmda_2020_oh,ft,fairsmote,1002,direction_adverse_005,0.3684139329380628,False,lower,transfer_complete / hmda_2020_oh / ft / direction_adverse_005
hmda_2020_oh,ft,fairsmote,1003,direction_adverse_005,0.3456400638525606,False,lower,transfer_complete / hmda_2020_oh / ft / direction_adverse_005
hmda_2020_oh,ft,fairsmote,1004,direction_adverse_005,0.373628222686621,False,lower,transfer_complete / hmda_2020_oh / ft / direction_adverse_005
hmda_2020_oh,ft,fairsmote,1005,direction_adverse_005,0.371154256981163,False,lower,transfer_complete / hmda_2020_oh / ft / direction_adverse_005
hmda_2020_oh,ft,fairsmote,1006,direction_adverse_005,0.360654018244807,False,lower,transfer_complete / hmda_2020_oh / ft / direction_adverse_005
hmda_2020_oh,ft,fairsmote,1007,direction_adverse_005,0.4287718157644238,False,lower,transfer_complete / hmda_2020_oh / ft / direction_adverse_005
hmda_2020_oh,ft,fairsmote,1008,direction_adverse_005,0.3482936795697828,False,lower,transfer_complete / hmda_2020_oh / ft / direction_adverse_005
hmda_2020_oh,ft,fairsmote,1009,direction_adverse_005,0.3254940040944546,False,lower,transfer_complete / hmda_2020_oh / ft / direction_adverse_005
hmda_2020_oh,ft,fairsmote,1000,direction_both_adverse_005,0.2978487779476285,False,lower,transfer_complete / hmda_2020_oh / ft / direction_both_adverse_005
hmda_2020_oh,ft,fairsmote,1001,direction_both_adverse_005,0.1450492910288617,False,lower,transfer_complete / hmda_2020_oh / ft / direction_both_adverse_005
hmda_2020_oh,ft,fairsmote,1002,direction_both_adverse_005,0.1409571817103423,False,lower,transfer_complete / hmda_2020_oh / ft / direction_both_adverse_005
hmda_2020_oh,ft,fairsmote,1003,direction_both_adverse_005,0.1956642917066072,False,lower,transfer_complete / hmda_2020_oh / ft / direction_both_adverse_005
hmda_2020_oh,ft,fairsmote,1004,direction_both_adverse_005,0.2103895529337526,False,lower,transfer_complete / hmda_2020_oh / ft / direction_both_adverse_005
hmda_2020_oh,ft,fairsmote,1005,direction_both_adverse_005,0.2151905487934329,False,lower,transfer_complete / hmda_2020_oh / ft / direction_both_adverse_005
hmda_2020_oh,ft,fairsmote,1006,direction_both_adverse_005,0.2635661967585475,False,lower,transfer_complete / hmda_2020_oh / ft / direction_both_adverse_005
hmda_2020_oh,ft,fairsmote,1007,direction_both_adverse_005,0.2198029518173145,False,lower,transfer_complete / hmda_2020_oh / ft / direction_both_adverse_005
hmda_2020_oh,ft,fairsmote,1008,direction_both_adverse_005,0.2312171586510278,False,lower,transfer_complete / hmda_2020_oh / ft / direction_both_adverse_005
hmda_2020_oh,ft,fairsmote,1009,direction_both_adverse_005,0.2178648083430494,False,lower,transfer_complete / hmda_2020_oh / ft / direction_both_adverse_005
hmda_2020_oh,ft,fairsmote,1000,direction_adverse_decision,0.0385731557354179,False,lower,transfer_complete / hmda_2020_oh / ft / direction_adverse_decision
hmda_2020_oh,ft,fairsmote,1001,direction_adverse_decision,0.0268477073092642,False,lower,transfer_complete / hmda_2020_oh / ft / direction_adverse_decision
hmda_2020_oh,ft,fairsmote,1002,direction_adverse_decision,0.039280278715087,False,lower,transfer_complete / hmda_2020_oh / ft / direction_adverse_decision
hmda_2020_oh,ft,fairsmote,1003,direction_adverse_decision,0.0175543957804566,False,lower,transfer_complete / hmda_2020_oh / ft / direction_adverse_decision
hmda_2020_oh,ft,fairsmote,1004,direction_adverse_decision,0.041354498942896,False,lower,transfer_complete / hmda_2020_oh / ft / direction_adverse_decision
hmda_2020_oh,ft,fairsmote,1005,direction_adverse_decision,0.0417862890855103,False,lower,transfer_complete / hmda_2020_oh / ft / direction_adverse_decision
hmda_2020_oh,ft,fairsmote,1006,direction_adverse_decision,0.0357424218680456,False,lower,transfer_complete / hmda_2020_oh / ft / direction_adverse_decision
hmda_2020_oh,ft,fairsmote,1007,direction_adverse_decision,0.0494015111835171,False,lower,transfer_complete / hmda_2020_oh / ft / direction_adverse_decision
hmda_2020_oh,ft,fairsmote,1008,direction_adverse_decision,0.0327235867841416,False,lower,transfer_complete / hmda_2020_oh / ft / direction_adverse_decision
hmda_2020_oh,ft,fairsmote,1009,direction_adverse_decision,0.0307802152937216,False,lower,transfer_complete / hmda_2020_oh / ft / direction_adverse_decision
hmda_2020_oh,ft,fairsmote,1000,direction_joint_pass,0.14677959037267,False,higher,transfer_complete / hmda_2020_oh / ft / direction_joint_pass
hmda_2020_oh,ft,fairsmote,1001,direction_joint_pass,0.1316007331698289,False,higher,transfer_complete / hmda_2020_oh / ft / direction_joint_pass
hmda_2020_oh,ft,fairsmote,1002,direction_joint_pass,0.0767420604725703,False,higher,transfer_complete / hmda_2020_oh / ft / direction_joint_pass
hmda_2020_oh,ft,fairsmote,1003,direction_joint_pass,0.1295692633100762,False,higher,transfer_complete / hmda_2020_oh / ft / direction_joint_pass
hmda_2020_oh,ft,fairsmote,1004,direction_joint_pass,0.08080803289661,False,higher,transfer_complete / hmda_2020_oh / ft / direction_joint_pass
hmda_2020_oh,ft,fairsmote,1005,direction_joint_pass,0.1247137604263628,False,higher,transfer_complete / hmda_2020_oh / ft / direction_joint_pass
hmda_2020_oh,ft,fairsmote,1006,direction_joint_pass,0.1703796680005988,False,higher,transfer_complete / hmda_2020_oh / ft / direction_joint_pass
hmda_2020_oh,ft,fairsmote,1007,direction_joint_pass,0.0762958775130913,False,higher,transfer_complete / hmda_2020_oh / ft / direction_joint_pass
hmda_2020_oh,ft,fairsmote,1008,direction_joint_pass,0.0822242589673571,False,higher,transfer_complete / hmda_2020_oh / ft / direction_joint_pass
hmda_2020_oh,ft,fairsmote,1009,direction_joint_pass,0.2130685054342653,False,higher,transfer_complete / hmda_2020_oh / ft / direction_joint_pass
hmda_2020_oh,ft,ltdd,1000,auc,0.8349791944306088,False,higher,transfer_complete / hmda_2020_oh / ft / auc
hmda_2020_oh,ft,ltdd,1001,auc,0.8358933731785769,False,higher,transfer_complete / hmda_2020_oh / ft / auc
hmda_2020_oh,ft,ltdd,1002,auc,0.8364484024982255,False,higher,transfer_complete / hmda_2020_oh / ft / auc
hmda_2020_oh,ft,ltdd,1003,auc,0.8378961334626933,False,higher,transfer_complete / hmda_2020_oh / ft / auc
hmda_2020_oh,ft,ltdd,1004,auc,0.8385352746311749,False,higher,transfer_complete / hmda_2020_oh / ft / auc
hmda_2020_oh,ft,ltdd,1005,auc,0.8403834759904769,False,higher,transfer_complete / hmda_2020_oh / ft / auc
hmda_2020_oh,ft,ltdd,1006,auc,0.8376260772645455,False,higher,transfer_complete / hmda_2020_oh / ft / auc
hmda_2020_oh,ft,ltdd,1007,auc,0.8375035842808074,False,higher,transfer_complete / hmda_2020_oh / ft / auc
hmda_2020_oh,ft,ltdd,1008,auc,0.8405322641347239,False,higher,transfer_complete / hmda_2020_oh / ft / auc
hmda_2020_oh,ft,ltdd,1009,auc,0.8314290483345881,False,higher,transfer_complete / hmda_2020_oh / ft / auc
hmda_2020_oh,ft,ltdd,1000,accuracy,0.8955833333333333,False,higher,transfer_complete / hmda_2020_oh / ft / accuracy
hmda_2020_oh,ft,ltdd,1001,accuracy,0.8941666666666667,False,higher,transfer_complete / hmda_2020_oh / ft / accuracy
hmda_2020_oh,ft,ltdd,1002,accuracy,0.8965,False,higher,transfer_complete / hmda_2020_oh / ft / accuracy
hmda_2020_oh,ft,ltdd,1003,accuracy,0.8975833333333333,False,higher,transfer_complete / hmda_2020_oh / ft / accuracy
hmda_2020_oh,ft,ltdd,1004,accuracy,0.8958333333333334,False,higher,transfer_complete / hmda_2020_oh / ft / accuracy
hmda_2020_oh,ft,ltdd,1005,accuracy,0.89675,False,higher,transfer_complete / hmda_2020_oh / ft / accuracy
hmda_2020_oh,ft,ltdd,1006,accuracy,0.8945833333333333,False,higher,transfer_complete / hmda_2020_oh / ft / accuracy
hmda_2020_oh,ft,ltdd,1007,accuracy,0.89575,False,higher,transfer_complete / hmda_2020_oh / ft / accuracy
hmda_2020_oh,ft,ltdd,1008,accuracy,0.8971666666666667,False,higher,transfer_complete / hmda_2020_oh / ft / accuracy
hmda_2020_oh,ft,ltdd,1009,accuracy,0.895,False,higher,transfer_complete / hmda_2020_oh / ft / accuracy
hmda_2020_oh,ft,ltdd,1000,f1,0.9412040730139364,False,higher,transfer_complete / hmda_2020_oh / ft / f1
hmda_2020_oh,ft,ltdd,1001,f1,0.9400773803906766,False,higher,transfer_complete / hmda_2020_oh / ft / f1
hmda_2020_oh,ft,ltdd,1002,f1,0.9417284414000188,False,higher,transfer_complete / hmda_2020_oh / ft / f1
hmda_2020_oh,ft,ltdd,1003,f1,0.9423627069361722,False,higher,transfer_complete / hmda_2020_oh / ft / f1
hmda_2020_oh,ft,ltdd,1004,f1,0.9413806040142564,False,higher,transfer_complete / hmda_2020_oh / ft / f1
hmda_2020_oh,ft,ltdd,1005,f1,0.9420025277348688,False,higher,transfer_complete / hmda_2020_oh / ft / f1
hmda_2020_oh,ft,ltdd,1006,f1,0.9406019627177536,False,higher,transfer_complete / hmda_2020_oh / ft / f1
hmda_2020_oh,ft,ltdd,1007,f1,0.9412703628937608,False,higher,transfer_complete / hmda_2020_oh / ft / f1
hmda_2020_oh,ft,ltdd,1008,f1,0.9419075416627436,False,higher,transfer_complete / hmda_2020_oh / ft / f1
hmda_2020_oh,ft,ltdd,1009,f1,0.9407114624505928,False,higher,transfer_complete / hmda_2020_oh / ft / f1
hmda_2020_oh,ft,ltdd,1000,aod,0.0407776424638896,False,lower,transfer_complete / hmda_2020_oh / ft / aod
hmda_2020_oh,ft,ltdd,1001,aod,0.0151747763946455,False,lower,transfer_complete / hmda_2020_oh / ft / aod
hmda_2020_oh,ft,ltdd,1002,aod,0.046505252678883,False,lower,transfer_complete / hmda_2020_oh / ft / aod
hmda_2020_oh,ft,ltdd,1003,aod,0.0274005931435697,False,lower,transfer_complete / hmda_2020_oh / ft / aod
hmda_2020_oh,ft,ltdd,1004,aod,0.0373268049019535,False,lower,transfer_complete / hmda_2020_oh / ft / aod
hmda_2020_oh,ft,ltdd,1005,aod,0.0255755172413914,False,lower,transfer_complete / hmda_2020_oh / ft / aod
hmda_2020_oh,ft,ltdd,1006,aod,0.0371383699008062,False,lower,transfer_complete / hmda_2020_oh / ft / aod
hmda_2020_oh,ft,ltdd,1007,aod,0.0361934657519545,False,lower,transfer_complete / hmda_2020_oh / ft / aod
hmda_2020_oh,ft,ltdd,1008,aod,0.0403403475017905,False,lower,transfer_complete / hmda_2020_oh / ft / aod
hmda_2020_oh,ft,ltdd,1009,aod,0.0416380213383433,False,lower,transfer_complete / hmda_2020_oh / ft / aod
hmda_2020_oh,ft,ltdd,1000,dp,0.0579502668226284,False,lower,transfer_complete / hmda_2020_oh / ft / dp
hmda_2020_oh,ft,ltdd,1001,dp,0.0533863486909106,False,lower,transfer_complete / hmda_2020_oh / ft / dp
hmda_2020_oh,ft,ltdd,1002,dp,0.0684005772912702,False,lower,transfer_complete / hmda_2020_oh / ft / dp
hmda_2020_oh,ft,ltdd,1003,dp,0.0561054953240571,False,lower,transfer_complete / hmda_2020_oh / ft / dp
hmda_2020_oh,ft,ltdd,1004,dp,0.0605588435552296,False,lower,transfer_complete / hmda_2020_oh / ft / dp
hmda_2020_oh,ft,ltdd,1005,dp,0.04947130129134,False,lower,transfer_complete / hmda_2020_oh / ft / dp
hmda_2020_oh,ft,ltdd,1006,dp,0.0567078103086065,False,lower,transfer_complete / hmda_2020_oh / ft / dp
hmda_2020_oh,ft,ltdd,1007,dp,0.0628822663337931,False,lower,transfer_complete / hmda_2020_oh / ft / dp
hmda_2020_oh,ft,ltdd,1008,dp,0.0707400036080704,False,lower,transfer_complete / hmda_2020_oh / ft / dp
hmda_2020_oh,ft,ltdd,1009,dp,0.0658080040969057,False,lower,transfer_complete / hmda_2020_oh / ft / dp
hmda_2020_oh,ft,ltdd,1000,eomax,0.0793396691591183,False,lower,transfer_complete / hmda_2020_oh / ft / eomax
hmda_2020_oh,ft,ltdd,1001,eomax,0.0241072091970793,False,lower,transfer_complete / hmda_2020_oh / ft / eomax
hmda_2020_oh,ft,ltdd,1002,eomax,0.0829500091187257,False,lower,transfer_complete / hmda_2020_oh / ft / eomax
hmda_2020_oh,ft,ltdd,1003,eomax,0.0513012759461523,False,lower,transfer_complete / hmda_2020_oh / ft / eomax
hmda_2020_oh,ft,ltdd,1004,eomax,0.0702648483251939,False,lower,transfer_complete / hmda_2020_oh / ft / eomax
hmda_2020_oh,ft,ltdd,1005,eomax,0.0485048666977379,False,lower,transfer_complete / hmda_2020_oh / ft / eomax
hmda_2020_oh,ft,ltdd,1006,eomax,0.0726390943416617,False,lower,transfer_complete / hmda_2020_oh / ft / eomax
hmda_2020_oh,ft,ltdd,1007,eomax,0.0634663316379257,False,lower,transfer_complete / hmda_2020_oh / ft / eomax
hmda_2020_oh,ft,ltdd,1008,eomax,0.064310658101819,False,lower,transfer_complete / hmda_2020_oh / ft / eomax
hmda_2020_oh,ft,ltdd,1009,eomax,0.0754355035900761,False,lower,transfer_complete / hmda_2020_oh / ft / eomax
hmda_2020_oh,ft,ltdd,1000,L_R,0.3402702933933623,False,lower,transfer_complete / hmda_2020_oh / ft / L_R
hmda_2020_oh,ft,ltdd,1001,L_R,0.3388731863889601,False,lower,transfer_complete / hmda_2020_oh / ft / L_R
hmda_2020_oh,ft,ltdd,1002,L_R,0.2860691139640787,False,lower,transfer_complete / hmda_2020_oh / ft / L_R
hmda_2020_oh,ft,ltdd,1003,L_R,0.2624737398084105,False,lower,transfer_complete / hmda_2020_oh / ft / L_R
hmda_2020_oh,ft,ltdd,1004,L_R,0.2924820888060316,False,lower,transfer_complete / hmda_2020_oh / ft / L_R
hmda_2020_oh,ft,ltdd,1005,L_R,0.2585083386002671,False,lower,transfer_complete / hmda_2020_oh / ft / L_R
hmda_2020_oh,ft,ltdd,1006,L_R,0.3142855283041535,False,lower,transfer_complete / hmda_2020_oh / ft / L_R
hmda_2020_oh,ft,ltdd,1007,L_R,0.2824196873163941,False,lower,transfer_complete / hmda_2020_oh / ft / L_R
hmda_2020_oh,ft,ltdd,1008,L_R,0.345526418211202,False,lower,transfer_complete / hmda_2020_oh / ft / L_R
hmda_2020_oh,ft,ltdd,1009,L_R,0.3367029292142819,False,lower,transfer_complete / hmda_2020_oh / ft / L_R
hmda_2020_oh,ft,ltdd,1000,violation_005,0.8547822484184765,False,lower,transfer_complete / hmda_2020_oh / ft / violation_005
hmda_2020_oh,ft,ltdd,1001,violation_005,0.8690224391294057,False,lower,transfer_complete / hmda_2020_oh / ft / violation_005
hmda_2020_oh,ft,ltdd,1002,violation_005,0.8526566038071061,False,lower,transfer_complete / hmda_2020_oh / ft / violation_005
hmda_2020_oh,ft,ltdd,1003,violation_005,0.8194817285072151,False,lower,transfer_complete / hmda_2020_oh / ft / violation_005
hmda_2020_oh,ft,ltdd,1004,violation_005,0.8444860647783894,False,lower,transfer_complete / hmda_2020_oh / ft / violation_005
hmda_2020_oh,ft,ltdd,1005,violation_005,0.8303107067325944,False,lower,transfer_complete / hmda_2020_oh / ft / violation_005
hmda_2020_oh,ft,ltdd,1006,violation_005,0.8493106901880633,False,lower,transfer_complete / hmda_2020_oh / ft / violation_005
hmda_2020_oh,ft,ltdd,1007,violation_005,0.836481514843163,False,lower,transfer_complete / hmda_2020_oh / ft / violation_005
hmda_2020_oh,ft,ltdd,1008,violation_005,0.8613726270523544,False,lower,transfer_complete / hmda_2020_oh / ft / violation_005
hmda_2020_oh,ft,ltdd,1009,violation_005,0.8500327512473194,False,lower,transfer_complete / hmda_2020_oh / ft / violation_005
hmda_2020_oh,ft,ltdd,1000,P_R,0.0355276840933597,False,lower,transfer_complete / hmda_2020_oh / ft / P_R
hmda_2020_oh,ft,ltdd,1001,P_R,0.0434928289374218,False,lower,transfer_complete / hmda_2020_oh / ft / P_R
hmda_2020_oh,ft,ltdd,1002,P_R,0.0357344802505266,False,lower,transfer_complete / hmda_2020_oh / ft / P_R
hmda_2020_oh,ft,ltdd,1003,P_R,0.0294180406177546,False,lower,transfer_complete / hmda_2020_oh / ft / P_R
hmda_2020_oh,ft,ltdd,1004,P_R,0.0323006157860719,False,lower,transfer_complete / hmda_2020_oh / ft / P_R
hmda_2020_oh,ft,ltdd,1005,P_R,0.0264695631017578,False,lower,transfer_complete / hmda_2020_oh / ft / P_R
hmda_2020_oh,ft,ltdd,1006,P_R,0.0338345699674591,False,lower,transfer_complete / hmda_2020_oh / ft / P_R
hmda_2020_oh,ft,ltdd,1007,P_R,0.0347077905343977,False,lower,transfer_complete / hmda_2020_oh / ft / P_R
hmda_2020_oh,ft,ltdd,1008,P_R,0.0447748711677815,False,lower,transfer_complete / hmda_2020_oh / ft / P_R
hmda_2020_oh,ft,ltdd,1009,P_R,0.0399467045632389,False,lower,transfer_complete / hmda_2020_oh / ft / P_R
hmda_2020_oh,ft,ltdd,1000,P_population_effect_gap,0.0342521218421425,False,lower,transfer_complete / hmda_2020_oh / ft / P_population_effect_gap
hmda_2020_oh,ft,ltdd,1001,P_population_effect_gap,0.0320605505291685,False,lower,transfer_complete / hmda_2020_oh / ft / P_population_effect_gap
hmda_2020_oh,ft,ltdd,1002,P_population_effect_gap,0.0340633174422261,False,lower,transfer_complete / hmda_2020_oh / ft / P_population_effect_gap
hmda_2020_oh,ft,ltdd,1003,P_population_effect_gap,0.0286283952480158,False,lower,transfer_complete / hmda_2020_oh / ft / P_population_effect_gap
hmda_2020_oh,ft,ltdd,1004,P_population_effect_gap,0.0276842080012233,False,lower,transfer_complete / hmda_2020_oh / ft / P_population_effect_gap
hmda_2020_oh,ft,ltdd,1005,P_population_effect_gap,0.0300506172705457,False,lower,transfer_complete / hmda_2020_oh / ft / P_population_effect_gap
hmda_2020_oh,ft,ltdd,1006,P_population_effect_gap,0.0301128906466274,False,lower,transfer_complete / hmda_2020_oh / ft / P_population_effect_gap
hmda_2020_oh,ft,ltdd,1007,P_population_effect_gap,0.0305074263427732,False,lower,transfer_complete / hmda_2020_oh / ft / P_population_effect_gap
hmda_2020_oh,ft,ltdd,1008,P_population_effect_gap,0.030902549675782,False,lower,transfer_complete / hmda_2020_oh / ft / P_population_effect_gap
hmda_2020_oh,ft,ltdd,1009,P_population_effect_gap,0.0387849619238577,False,lower,transfer_complete / hmda_2020_oh / ft / P_population_effect_gap
hmda_2020_oh,ft,ltdd,1000,decision_disagreement,0.0315846864854355,False,lower,transfer_complete / hmda_2020_oh / ft / decision_disagreement
hmda_2020_oh,ft,ltdd,1001,decision_disagreement,0.0476259609918359,False,lower,transfer_complete / hmda_2020_oh / ft / decision_disagreement
hmda_2020_oh,ft,ltdd,1002,decision_disagreement,0.036765945373729,False,lower,transfer_complete / hmda_2020_oh / ft / decision_disagreement
hmda_2020_oh,ft,ltdd,1003,decision_disagreement,0.0255161358970395,False,lower,transfer_complete / hmda_2020_oh / ft / decision_disagreement
hmda_2020_oh,ft,ltdd,1004,decision_disagreement,0.0294432492833309,False,lower,transfer_complete / hmda_2020_oh / ft / decision_disagreement
hmda_2020_oh,ft,ltdd,1005,decision_disagreement,0.028816271076226,False,lower,transfer_complete / hmda_2020_oh / ft / decision_disagreement
hmda_2020_oh,ft,ltdd,1006,decision_disagreement,0.0280925532816042,False,lower,transfer_complete / hmda_2020_oh / ft / decision_disagreement
hmda_2020_oh,ft,ltdd,1007,decision_disagreement,0.0394837294930003,False,lower,transfer_complete / hmda_2020_oh / ft / decision_disagreement
hmda_2020_oh,ft,ltdd,1008,decision_disagreement,0.0440777340658122,False,lower,transfer_complete / hmda_2020_oh / ft / decision_disagreement
hmda_2020_oh,ft,ltdd,1009,decision_disagreement,0.0453012125123796,False,lower,transfer_complete / hmda_2020_oh / ft / decision_disagreement
hmda_2020_oh,ft,ltdd,1000,opposite_005,0.0694600997514926,False,lower,transfer_complete / hmda_2020_oh / ft / opposite_005
hmda_2020_oh,ft,ltdd,1001,opposite_005,0.0652322987781641,False,lower,transfer_complete / hmda_2020_oh / ft / opposite_005
hmda_2020_oh,ft,ltdd,1002,opposite_005,0.0868566622433629,False,lower,transfer_complete / hmda_2020_oh / ft / opposite_005
hmda_2020_oh,ft,ltdd,1003,opposite_005,0.0429728431073556,False,lower,transfer_complete / hmda_2020_oh / ft / opposite_005
hmda_2020_oh,ft,ltdd,1004,opposite_005,0.0492725800083366,False,lower,transfer_complete / hmda_2020_oh / ft / opposite_005
hmda_2020_oh,ft,ltdd,1005,opposite_005,0.0397919475861903,False,lower,transfer_complete / hmda_2020_oh / ft / opposite_005
hmda_2020_oh,ft,ltdd,1006,opposite_005,0.0603909051465974,False,lower,transfer_complete / hmda_2020_oh / ft / opposite_005
hmda_2020_oh,ft,ltdd,1007,opposite_005,0.0588230697843691,False,lower,transfer_complete / hmda_2020_oh / ft / opposite_005
hmda_2020_oh,ft,ltdd,1008,opposite_005,0.0691061167429739,False,lower,transfer_complete / hmda_2020_oh / ft / opposite_005
hmda_2020_oh,ft,ltdd,1009,opposite_005,0.0598275411084673,False,lower,transfer_complete / hmda_2020_oh / ft / opposite_005
hmda_2020_oh,ft,ltdd,1000,direction_adverse_005,0.2507541228928158,False,lower,transfer_complete / hmda_2020_oh / ft / direction_adverse_005
hmda_2020_oh,ft,ltdd,1001,direction_adverse_005,0.2527496078589445,False,lower,transfer_complete / hmda_2020_oh / ft / direction_adverse_005
hmda_2020_oh,ft,ltdd,1002,direction_adverse_005,0.2673278781426518,False,lower,transfer_complete / hmda_2020_oh / ft / direction_adverse_005
hmda_2020_oh,ft,ltdd,1003,direction_adverse_005,0.2336704454109952,False,lower,transfer_complete / hmda_2020_oh / ft / direction_adverse_005
hmda_2020_oh,ft,ltdd,1004,direction_adverse_005,0.2336631160645492,False,lower,transfer_complete / hmda_2020_oh / ft / direction_adverse_005
hmda_2020_oh,ft,ltdd,1005,direction_adverse_005,0.1803262638047892,False,lower,transfer_complete / hmda_2020_oh / ft / direction_adverse_005
hmda_2020_oh,ft,ltdd,1006,direction_adverse_005,0.2335520413274139,False,lower,transfer_complete / hmda_2020_oh / ft / direction_adverse_005
hmda_2020_oh,ft,ltdd,1007,direction_adverse_005,0.203212763668699,False,lower,transfer_complete / hmda_2020_oh / ft / direction_adverse_005
hmda_2020_oh,ft,ltdd,1008,direction_adverse_005,0.1999697506603417,False,lower,transfer_complete / hmda_2020_oh / ft / direction_adverse_005
hmda_2020_oh,ft,ltdd,1009,direction_adverse_005,0.2072655134155011,False,lower,transfer_complete / hmda_2020_oh / ft / direction_adverse_005
hmda_2020_oh,ft,ltdd,1000,direction_both_adverse_005,0.1467858313855327,False,lower,transfer_complete / hmda_2020_oh / ft / direction_both_adverse_005
hmda_2020_oh,ft,ltdd,1001,direction_both_adverse_005,0.1371712260756845,False,lower,transfer_complete / hmda_2020_oh / ft / direction_both_adverse_005
hmda_2020_oh,ft,ltdd,1002,direction_both_adverse_005,0.1554732710599496,False,lower,transfer_complete / hmda_2020_oh / ft / direction_both_adverse_005
hmda_2020_oh,ft,ltdd,1003,direction_both_adverse_005,0.1259511253774568,False,lower,transfer_complete / hmda_2020_oh / ft / direction_both_adverse_005
hmda_2020_oh,ft,ltdd,1004,direction_both_adverse_005,0.1268630227974452,False,lower,transfer_complete / hmda_2020_oh / ft / direction_both_adverse_005
hmda_2020_oh,ft,ltdd,1005,direction_both_adverse_005,0.1094366152239006,False,lower,transfer_complete / hmda_2020_oh / ft / direction_both_adverse_005
hmda_2020_oh,ft,ltdd,1006,direction_both_adverse_005,0.1371809905152055,False,lower,transfer_complete / hmda_2020_oh / ft / direction_both_adverse_005
hmda_2020_oh,ft,ltdd,1007,direction_both_adverse_005,0.1138650669431694,False,lower,transfer_complete / hmda_2020_oh / ft / direction_both_adverse_005
hmda_2020_oh,ft,ltdd,1008,direction_both_adverse_005,0.1254970072133797,False,lower,transfer_complete / hmda_2020_oh / ft / direction_both_adverse_005
hmda_2020_oh,ft,ltdd,1009,direction_both_adverse_005,0.0854456180671166,False,lower,transfer_complete / hmda_2020_oh / ft / direction_both_adverse_005
hmda_2020_oh,ft,ltdd,1000,direction_adverse_decision,0.0048165381307971,False,lower,transfer_complete / hmda_2020_oh / ft / direction_adverse_decision
hmda_2020_oh,ft,ltdd,1001,direction_adverse_decision,0.0093724225793188,False,lower,transfer_complete / hmda_2020_oh / ft / direction_adverse_decision
hmda_2020_oh,ft,ltdd,1002,direction_adverse_decision,0.0102055800076712,False,lower,transfer_complete / hmda_2020_oh / ft / direction_adverse_decision
hmda_2020_oh,ft,ltdd,1003,direction_adverse_decision,0.0048449831294984,False,lower,transfer_complete / hmda_2020_oh / ft / direction_adverse_decision
hmda_2020_oh,ft,ltdd,1004,direction_adverse_decision,0.0064540837793141,False,lower,transfer_complete / hmda_2020_oh / ft / direction_adverse_decision
hmda_2020_oh,ft,ltdd,1005,direction_adverse_decision,0.0063019220644762,False,lower,transfer_complete / hmda_2020_oh / ft / direction_adverse_decision
hmda_2020_oh,ft,ltdd,1006,direction_adverse_decision,0.0053745032734535,False,lower,transfer_complete / hmda_2020_oh / ft / direction_adverse_decision
hmda_2020_oh,ft,ltdd,1007,direction_adverse_decision,0.007442298380104,False,lower,transfer_complete / hmda_2020_oh / ft / direction_adverse_decision
hmda_2020_oh,ft,ltdd,1008,direction_adverse_decision,0.0108107539397846,False,lower,transfer_complete / hmda_2020_oh / ft / direction_adverse_decision
hmda_2020_oh,ft,ltdd,1009,direction_adverse_decision,0.0104605718045216,False,lower,transfer_complete / hmda_2020_oh / ft / direction_adverse_decision
hmda_2020_oh,ft,ltdd,1000,direction_joint_pass,0.1882226472512533,False,higher,transfer_complete / hmda_2020_oh / ft / direction_joint_pass
hmda_2020_oh,ft,ltdd,1001,direction_joint_pass,0.1449740309915528,False,higher,transfer_complete / hmda_2020_oh / ft / direction_joint_pass
hmda_2020_oh,ft,ltdd,1002,direction_joint_pass,0.1529389794449867,False,higher,transfer_complete / hmda_2020_oh / ft / direction_joint_pass
hmda_2020_oh,ft,ltdd,1003,direction_joint_pass,0.2076519018783076,False,higher,transfer_complete / hmda_2020_oh / ft / direction_joint_pass
hmda_2020_oh,ft,ltdd,1004,direction_joint_pass,0.1928964798901801,False,higher,transfer_complete / hmda_2020_oh / ft / direction_joint_pass
hmda_2020_oh,ft,ltdd,1005,direction_joint_pass,0.2274549026579266,False,higher,transfer_complete / hmda_2020_oh / ft / direction_joint_pass
hmda_2020_oh,ft,ltdd,1006,direction_joint_pass,0.2072942687475029,False,higher,transfer_complete / hmda_2020_oh / ft / direction_joint_pass
hmda_2020_oh,ft,ltdd,1007,direction_joint_pass,0.2191311800544967,False,higher,transfer_complete / hmda_2020_oh / ft / direction_joint_pass
hmda_2020_oh,ft,ltdd,1008,direction_joint_pass,0.160854967974979,False,higher,transfer_complete / hmda_2020_oh / ft / direction_joint_pass
hmda_2020_oh,ft,ltdd,1009,direction_joint_pass,0.1922156660548743,False,higher,transfer_complete / hmda_2020_oh / ft / direction_joint_pass
hmda_2020_oh,mlp,fairsmote,1000,auc,0.8068346620737061,False,higher,transfer_complete / hmda_2020_oh / mlp / auc
hmda_2020_oh,mlp,fairsmote,1001,auc,0.807066718226232,False,higher,transfer_complete / hmda_2020_oh / mlp / auc
hmda_2020_oh,mlp,fairsmote,1002,auc,0.8076590942955888,False,higher,transfer_complete / hmda_2020_oh / mlp / auc
hmda_2020_oh,mlp,fairsmote,1003,auc,0.8023810077296339,False,higher,transfer_complete / hmda_2020_oh / mlp / auc
hmda_2020_oh,mlp,fairsmote,1004,auc,0.8088041042662455,False,higher,transfer_complete / hmda_2020_oh / mlp / auc
hmda_2020_oh,mlp,fairsmote,1005,auc,0.8096243989473443,False,higher,transfer_complete / hmda_2020_oh / mlp / auc
hmda_2020_oh,mlp,fairsmote,1006,auc,0.8083727928601725,False,higher,transfer_complete / hmda_2020_oh / mlp / auc
hmda_2020_oh,mlp,fairsmote,1007,auc,0.8058466064462123,False,higher,transfer_complete / hmda_2020_oh / mlp / auc
hmda_2020_oh,mlp,fairsmote,1008,auc,0.8018007176346725,False,higher,transfer_complete / hmda_2020_oh / mlp / auc
hmda_2020_oh,mlp,fairsmote,1009,auc,0.8011618758934842,False,higher,transfer_complete / hmda_2020_oh / mlp / auc
hmda_2020_oh,mlp,fairsmote,1000,accuracy,0.8485833333333334,False,higher,transfer_complete / hmda_2020_oh / mlp / accuracy
hmda_2020_oh,mlp,fairsmote,1001,accuracy,0.8405,False,higher,transfer_complete / hmda_2020_oh / mlp / accuracy
hmda_2020_oh,mlp,fairsmote,1002,accuracy,0.8364166666666667,False,higher,transfer_complete / hmda_2020_oh / mlp / accuracy
hmda_2020_oh,mlp,fairsmote,1003,accuracy,0.8530833333333333,False,higher,transfer_complete / hmda_2020_oh / mlp / accuracy
hmda_2020_oh,mlp,fairsmote,1004,accuracy,0.8175,False,higher,transfer_complete / hmda_2020_oh / mlp / accuracy
hmda_2020_oh,mlp,fairsmote,1005,accuracy,0.8294166666666667,False,higher,transfer_complete / hmda_2020_oh / mlp / accuracy
hmda_2020_oh,mlp,fairsmote,1006,accuracy,0.8211666666666667,False,higher,transfer_complete / hmda_2020_oh / mlp / accuracy
hmda_2020_oh,mlp,fairsmote,1007,accuracy,0.8309166666666666,False,higher,transfer_complete / hmda_2020_oh / mlp / accuracy
hmda_2020_oh,mlp,fairsmote,1008,accuracy,0.8418333333333333,False,higher,transfer_complete / hmda_2020_oh / mlp / accuracy
hmda_2020_oh,mlp,fairsmote,1009,accuracy,0.86725,False,higher,transfer_complete / hmda_2020_oh / mlp / accuracy
hmda_2020_oh,mlp,fairsmote,1000,f1,0.9100984612339816,False,higher,transfer_complete / hmda_2020_oh / mlp / f1
hmda_2020_oh,mlp,fairsmote,1001,f1,0.9046812749003984,False,higher,transfer_complete / hmda_2020_oh / mlp / f1
hmda_2020_oh,mlp,fairsmote,1002,f1,0.901913756058562,False,higher,transfer_complete / hmda_2020_oh / mlp / f1
hmda_2020_oh,mlp,fairsmote,1003,f1,0.9131740950504802,False,higher,transfer_complete / hmda_2020_oh / mlp / f1
hmda_2020_oh,mlp,fairsmote,1004,f1,0.8882767064585246,False,higher,transfer_complete / hmda_2020_oh / mlp / f1
hmda_2020_oh,mlp,fairsmote,1005,f1,0.8967569475967115,False,higher,transfer_complete / hmda_2020_oh / mlp / f1
hmda_2020_oh,mlp,fairsmote,1006,f1,0.8912316269640141,False,higher,transfer_complete / hmda_2020_oh / mlp / f1
hmda_2020_oh,mlp,fairsmote,1007,f1,0.897860558771709,False,higher,transfer_complete / hmda_2020_oh / mlp / f1
hmda_2020_oh,mlp,fairsmote,1008,f1,0.9058811861549142,False,higher,transfer_complete / hmda_2020_oh / mlp / f1
hmda_2020_oh,mlp,fairsmote,1009,f1,0.9229355135213584,False,higher,transfer_complete / hmda_2020_oh / mlp / f1
hmda_2020_oh,mlp,fairsmote,1000,aod,0.0075234266324867,False,lower,transfer_complete / hmda_2020_oh / mlp / aod
hmda_2020_oh,mlp,fairsmote,1001,aod,0.0214620774691433,False,lower,transfer_complete / hmda_2020_oh / mlp / aod
hmda_2020_oh,mlp,fairsmote,1002,aod,0.0116014633732113,False,lower,transfer_complete / hmda_2020_oh / mlp / aod
hmda_2020_oh,mlp,fairsmote,1003,aod,0.0144545286480873,False,lower,transfer_complete / hmda_2020_oh / mlp / aod
hmda_2020_oh,mlp,fairsmote,1004,aod,0.0196424537868774,False,lower,transfer_complete / hmda_2020_oh / mlp / aod
hmda_2020_oh,mlp,fairsmote,1005,aod,0.0350911843999314,False,lower,transfer_complete / hmda_2020_oh / mlp / aod
hmda_2020_oh,mlp,fairsmote,1006,aod,0.0581074646590607,False,lower,transfer_complete / hmda_2020_oh / mlp / aod
hmda_2020_oh,mlp,fairsmote,1007,aod,0.0399828326701972,False,lower,transfer_complete / hmda_2020_oh / mlp / aod
hmda_2020_oh,mlp,fairsmote,1008,aod,0.0083483329460806,False,lower,transfer_complete / hmda_2020_oh / mlp / aod
hmda_2020_oh,mlp,fairsmote,1009,aod,0.0170717362979055,False,lower,transfer_complete / hmda_2020_oh / mlp / aod
hmda_2020_oh,mlp,fairsmote,1000,dp,0.0519853116616327,False,lower,transfer_complete / hmda_2020_oh / mlp / dp
hmda_2020_oh,mlp,fairsmote,1001,dp,0.0563630068029586,False,lower,transfer_complete / hmda_2020_oh / mlp / dp
hmda_2020_oh,mlp,fairsmote,1002,dp,0.0431426293522348,False,lower,transfer_complete / hmda_2020_oh / mlp / dp
hmda_2020_oh,mlp,fairsmote,1003,dp,0.0501434498972863,False,lower,transfer_complete / hmda_2020_oh / mlp / dp
hmda_2020_oh,mlp,fairsmote,1004,dp,0.0299455297753102,False,lower,transfer_complete / hmda_2020_oh / mlp / dp
hmda_2020_oh,mlp,fairsmote,1005,dp,0.0149967701950103,False,lower,transfer_complete / hmda_2020_oh / mlp / dp
hmda_2020_oh,mlp,fairsmote,1006,dp,0.0023408811839127,False,lower,transfer_complete / hmda_2020_oh / mlp / dp
hmda_2020_oh,mlp,fairsmote,1007,dp,0.0998417104581668,False,lower,transfer_complete / hmda_2020_oh / mlp / dp
hmda_2020_oh,mlp,fairsmote,1008,dp,0.0494465685504286,False,lower,transfer_complete / hmda_2020_oh / mlp / dp
hmda_2020_oh,mlp,fairsmote,1009,dp,0.0447982681261893,False,lower,transfer_complete / hmda_2020_oh / mlp / dp
hmda_2020_oh,mlp,fairsmote,1000,eomax,0.0078227960399029,False,lower,transfer_complete / hmda_2020_oh / mlp / eomax
hmda_2020_oh,mlp,fairsmote,1001,eomax,0.0238133835876444,False,lower,transfer_complete / hmda_2020_oh / mlp / eomax
hmda_2020_oh,mlp,fairsmote,1002,eomax,0.0132018885894344,False,lower,transfer_complete / hmda_2020_oh / mlp / eomax
hmda_2020_oh,mlp,fairsmote,1003,eomax,0.0191932291772207,False,lower,transfer_complete / hmda_2020_oh / mlp / eomax
hmda_2020_oh,mlp,fairsmote,1004,eomax,0.0199565861623112,False,lower,transfer_complete / hmda_2020_oh / mlp / eomax
hmda_2020_oh,mlp,fairsmote,1005,eomax,0.0365660904982876,False,lower,transfer_complete / hmda_2020_oh / mlp / eomax
hmda_2020_oh,mlp,fairsmote,1006,eomax,0.0724432106020385,False,lower,transfer_complete / hmda_2020_oh / mlp / eomax
hmda_2020_oh,mlp,fairsmote,1007,eomax,0.0616910633558895,False,lower,transfer_complete / hmda_2020_oh / mlp / eomax
hmda_2020_oh,mlp,fairsmote,1008,eomax,0.0160658439549602,False,lower,transfer_complete / hmda_2020_oh / mlp / eomax
hmda_2020_oh,mlp,fairsmote,1009,eomax,0.025532432268131,False,lower,transfer_complete / hmda_2020_oh / mlp / eomax
hmda_2020_oh,mlp,fairsmote,1000,L_R,0.3966041698426537,False,lower,transfer_complete / hmda_2020_oh / mlp / L_R
hmda_2020_oh,mlp,fairsmote,1001,L_R,0.2213918677412237,False,lower,transfer_complete / hmda_2020_oh / mlp / L_R
hmda_2020_oh,mlp,fairsmote,1002,L_R,0.1327477856788429,False,lower,transfer_complete / hmda_2020_oh / mlp / L_R
hmda_2020_oh,mlp,fairsmote,1003,L_R,0.3215641910251187,False,lower,transfer_complete / hmda_2020_oh / mlp / L_R
hmda_2020_oh,mlp,fairsmote,1004,L_R,0.2492469961093615,False,lower,transfer_complete / hmda_2020_oh / mlp / L_R
hmda_2020_oh,mlp,fairsmote,1005,L_R,0.3574232541368953,False,lower,transfer_complete / hmda_2020_oh / mlp / L_R
hmda_2020_oh,mlp,fairsmote,1006,L_R,0.268492179692174,False,lower,transfer_complete / hmda_2020_oh / mlp / L_R
hmda_2020_oh,mlp,fairsmote,1007,L_R,1.136475489314409,False,lower,transfer_complete / hmda_2020_oh / mlp / L_R
hmda_2020_oh,mlp,fairsmote,1008,L_R,0.132970037671605,False,lower,transfer_complete / hmda_2020_oh / mlp / L_R
hmda_2020_oh,mlp,fairsmote,1009,L_R,0.295575019824854,False,lower,transfer_complete / hmda_2020_oh / mlp / L_R
hmda_2020_oh,mlp,fairsmote,1000,violation_005,0.9091340108430812,False,lower,transfer_complete / hmda_2020_oh / mlp / violation_005
hmda_2020_oh,mlp,fairsmote,1001,violation_005,0.8409377522354652,False,lower,transfer_complete / hmda_2020_oh / mlp / violation_005
hmda_2020_oh,mlp,fairsmote,1002,violation_005,0.7392946711302468,False,lower,transfer_complete / hmda_2020_oh / mlp / violation_005
hmda_2020_oh,mlp,fairsmote,1003,violation_005,0.8828872452615287,False,lower,transfer_complete / hmda_2020_oh / mlp / violation_005
hmda_2020_oh,mlp,fairsmote,1004,violation_005,0.8616622944990977,False,lower,transfer_complete / hmda_2020_oh / mlp / violation_005
hmda_2020_oh,mlp,fairsmote,1005,violation_005,0.8969058531017727,False,lower,transfer_complete / hmda_2020_oh / mlp / violation_005
hmda_2020_oh,mlp,fairsmote,1006,violation_005,0.8727631896022852,False,lower,transfer_complete / hmda_2020_oh / mlp / violation_005
hmda_2020_oh,mlp,fairsmote,1007,violation_005,0.9652135823465048,False,lower,transfer_complete / hmda_2020_oh / mlp / violation_005
hmda_2020_oh,mlp,fairsmote,1008,violation_005,0.7481312256512714,False,lower,transfer_complete / hmda_2020_oh / mlp / violation_005
hmda_2020_oh,mlp,fairsmote,1009,violation_005,0.8815284663684346,False,lower,transfer_complete / hmda_2020_oh / mlp / violation_005
hmda_2020_oh,mlp,fairsmote,1000,P_R,0.0669474662404681,False,lower,transfer_complete / hmda_2020_oh / mlp / P_R
hmda_2020_oh,mlp,fairsmote,1001,P_R,0.044587885514567,False,lower,transfer_complete / hmda_2020_oh / mlp / P_R
hmda_2020_oh,mlp,fairsmote,1002,P_R,0.0300192294149426,False,lower,transfer_complete / hmda_2020_oh / mlp / P_R
hmda_2020_oh,mlp,fairsmote,1003,P_R,0.0561896688874681,False,lower,transfer_complete / hmda_2020_oh / mlp / P_R
hmda_2020_oh,mlp,fairsmote,1004,P_R,0.05146006464723,False,lower,transfer_complete / hmda_2020_oh / mlp / P_R
hmda_2020_oh,mlp,fairsmote,1005,P_R,0.0669438541229171,False,lower,transfer_complete / hmda_2020_oh / mlp / P_R
hmda_2020_oh,mlp,fairsmote,1006,P_R,0.0524139215944518,False,lower,transfer_complete / hmda_2020_oh / mlp / P_R
hmda_2020_oh,mlp,fairsmote,1007,P_R,0.133650370970058,False,lower,transfer_complete / hmda_2020_oh / mlp / P_R
hmda_2020_oh,mlp,fairsmote,1008,P_R,0.0284130081509401,False,lower,transfer_complete / hmda_2020_oh / mlp / P_R
hmda_2020_oh,mlp,fairsmote,1009,P_R,0.0515194184124529,False,lower,transfer_complete / hmda_2020_oh / mlp / P_R
hmda_2020_oh,mlp,fairsmote,1000,P_population_effect_gap,0.0658288746975095,False,lower,transfer_complete / hmda_2020_oh / mlp / P_population_effect_gap
hmda_2020_oh,mlp,fairsmote,1001,P_population_effect_gap,0.0514665757614621,False,lower,transfer_complete / hmda_2020_oh / mlp / P_population_effect_gap
hmda_2020_oh,mlp,fairsmote,1002,P_population_effect_gap,0.0411456958552089,False,lower,transfer_complete / hmda_2020_oh / mlp / P_population_effect_gap
hmda_2020_oh,mlp,fairsmote,1003,P_population_effect_gap,0.0457497940673719,False,lower,transfer_complete / hmda_2020_oh / mlp / P_population_effect_gap
hmda_2020_oh,mlp,fairsmote,1004,P_population_effect_gap,0.0583676116914746,False,lower,transfer_complete / hmda_2020_oh / mlp / P_population_effect_gap
hmda_2020_oh,mlp,fairsmote,1005,P_population_effect_gap,0.0678058742425465,False,lower,transfer_complete / hmda_2020_oh / mlp / P_population_effect_gap
hmda_2020_oh,mlp,fairsmote,1006,P_population_effect_gap,0.0542608169065767,False,lower,transfer_complete / hmda_2020_oh / mlp / P_population_effect_gap
hmda_2020_oh,mlp,fairsmote,1007,P_population_effect_gap,0.069643385134175,False,lower,transfer_complete / hmda_2020_oh / mlp / P_population_effect_gap
hmda_2020_oh,mlp,fairsmote,1008,P_population_effect_gap,0.0385464775670459,False,lower,transfer_complete / hmda_2020_oh / mlp / P_population_effect_gap
hmda_2020_oh,mlp,fairsmote,1009,P_population_effect_gap,0.0539640796835034,False,lower,transfer_complete / hmda_2020_oh / mlp / P_population_effect_gap
hmda_2020_oh,mlp,fairsmote,1000,decision_disagreement,0.1178038843818153,False,lower,transfer_complete / hmda_2020_oh / mlp / decision_disagreement
hmda_2020_oh,mlp,fairsmote,1001,decision_disagreement,0.0969738441108595,False,lower,transfer_complete / hmda_2020_oh / mlp / decision_disagreement
hmda_2020_oh,mlp,fairsmote,1002,decision_disagreement,0.0859416333432513,False,lower,transfer_complete / hmda_2020_oh / mlp / decision_disagreement
hmda_2020_oh,mlp,fairsmote,1003,decision_disagreement,0.0983947715978756,False,lower,transfer_complete / hmda_2020_oh / mlp / decision_disagreement
hmda_2020_oh,mlp,fairsmote,1004,decision_disagreement,0.1234770595251102,False,lower,transfer_complete / hmda_2020_oh / mlp / decision_disagreement
hmda_2020_oh,mlp,fairsmote,1005,decision_disagreement,0.1343097080677597,False,lower,transfer_complete / hmda_2020_oh / mlp / decision_disagreement
hmda_2020_oh,mlp,fairsmote,1006,decision_disagreement,0.1196149649580249,False,lower,transfer_complete / hmda_2020_oh / mlp / decision_disagreement
hmda_2020_oh,mlp,fairsmote,1007,decision_disagreement,0.1716492479404959,False,lower,transfer_complete / hmda_2020_oh / mlp / decision_disagreement
hmda_2020_oh,mlp,fairsmote,1008,decision_disagreement,0.0796135308903272,False,lower,transfer_complete / hmda_2020_oh / mlp / decision_disagreement
hmda_2020_oh,mlp,fairsmote,1009,decision_disagreement,0.0859068993607087,False,lower,transfer_complete / hmda_2020_oh / mlp / decision_disagreement
hmda_2020_oh,mlp,fairsmote,1000,opposite_005,0.1008563515991559,False,lower,transfer_complete / hmda_2020_oh / mlp / opposite_005
hmda_2020_oh,mlp,fairsmote,1001,opposite_005,0.0699857806362567,False,lower,transfer_complete / hmda_2020_oh / mlp / opposite_005
hmda_2020_oh,mlp,fairsmote,1002,opposite_005,0.0371887195278651,False,lower,transfer_complete / hmda_2020_oh / mlp / opposite_005
hmda_2020_oh,mlp,fairsmote,1003,opposite_005,0.0936665408837117,False,lower,transfer_complete / hmda_2020_oh / mlp / opposite_005
hmda_2020_oh,mlp,fairsmote,1004,opposite_005,0.0704392945593112,False,lower,transfer_complete / hmda_2020_oh / mlp / opposite_005
hmda_2020_oh,mlp,fairsmote,1005,opposite_005,0.1033373699260199,False,lower,transfer_complete / hmda_2020_oh / mlp / opposite_005
hmda_2020_oh,mlp,fairsmote,1006,opposite_005,0.0896034258373544,False,lower,transfer_complete / hmda_2020_oh / mlp / opposite_005
hmda_2020_oh,mlp,fairsmote,1007,opposite_005,0.1740846544930859,False,lower,transfer_complete / hmda_2020_oh / mlp / opposite_005
hmda_2020_oh,mlp,fairsmote,1008,opposite_005,0.0431547776518649,False,lower,transfer_complete / hmda_2020_oh / mlp / opposite_005
hmda_2020_oh,mlp,fairsmote,1009,opposite_005,0.0890243791216717,False,lower,transfer_complete / hmda_2020_oh / mlp / opposite_005
hmda_2020_oh,mlp,fairsmote,1000,direction_adverse_005,0.3958743698781298,False,lower,transfer_complete / hmda_2020_oh / mlp / direction_adverse_005
hmda_2020_oh,mlp,fairsmote,1001,direction_adverse_005,0.2578482546175766,False,lower,transfer_complete / hmda_2020_oh / mlp / direction_adverse_005
hmda_2020_oh,mlp,fairsmote,1002,direction_adverse_005,0.166086534909025,False,lower,transfer_complete / hmda_2020_oh / mlp / direction_adverse_005
hmda_2020_oh,mlp,fairsmote,1003,direction_adverse_005,0.4021428692123238,False,lower,transfer_complete / hmda_2020_oh / mlp / direction_adverse_005
hmda_2020_oh,mlp,fairsmote,1004,direction_adverse_005,0.2247452779689788,False,lower,transfer_complete / hmda_2020_oh / mlp / direction_adverse_005
hmda_2020_oh,mlp,fairsmote,1005,direction_adverse_005,0.325616980661128,False,lower,transfer_complete / hmda_2020_oh / mlp / direction_adverse_005
hmda_2020_oh,mlp,fairsmote,1006,direction_adverse_005,0.2950890663726206,False,lower,transfer_complete / hmda_2020_oh / mlp / direction_adverse_005
hmda_2020_oh,mlp,fairsmote,1007,direction_adverse_005,0.4420001869003968,False,lower,transfer_complete / hmda_2020_oh / mlp / direction_adverse_005
hmda_2020_oh,mlp,fairsmote,1008,direction_adverse_005,0.1698516846731925,False,lower,transfer_complete / hmda_2020_oh / mlp / direction_adverse_005
hmda_2020_oh,mlp,fairsmote,1009,direction_adverse_005,0.3655788007243559,False,lower,transfer_complete / hmda_2020_oh / mlp / direction_adverse_005
hmda_2020_oh,mlp,fairsmote,1000,direction_both_adverse_005,0.2514898206991303,False,lower,transfer_complete / hmda_2020_oh / mlp / direction_both_adverse_005
hmda_2020_oh,mlp,fairsmote,1001,direction_both_adverse_005,0.1456961251604552,False,lower,transfer_complete / hmda_2020_oh / mlp / direction_both_adverse_005
hmda_2020_oh,mlp,fairsmote,1002,direction_both_adverse_005,0.0877791478891847,False,lower,transfer_complete / hmda_2020_oh / mlp / direction_both_adverse_005
hmda_2020_oh,mlp,fairsmote,1003,direction_both_adverse_005,0.2573680919136787,False,lower,transfer_complete / hmda_2020_oh / mlp / direction_both_adverse_005
hmda_2020_oh,mlp,fairsmote,1004,direction_both_adverse_005,0.1348071877985906,False,lower,transfer_complete / hmda_2020_oh / mlp / direction_both_adverse_005
hmda_2020_oh,mlp,fairsmote,1005,direction_both_adverse_005,0.1997571775711436,False,lower,transfer_complete / hmda_2020_oh / mlp / direction_both_adverse_005
hmda_2020_oh,mlp,fairsmote,1006,direction_both_adverse_005,0.1701047966024056,False,lower,transfer_complete / hmda_2020_oh / mlp / direction_both_adverse_005
hmda_2020_oh,mlp,fairsmote,1007,direction_both_adverse_005,0.2015892949548681,False,lower,transfer_complete / hmda_2020_oh / mlp / direction_both_adverse_005
hmda_2020_oh,mlp,fairsmote,1008,direction_both_adverse_005,0.0889959629301496,False,lower,transfer_complete / hmda_2020_oh / mlp / direction_both_adverse_005
hmda_2020_oh,mlp,fairsmote,1009,direction_both_adverse_005,0.2247119132433096,False,lower,transfer_complete / hmda_2020_oh / mlp / direction_both_adverse_005
hmda_2020_oh,mlp,fairsmote,1000,direction_adverse_decision,0.0445056487942296,False,lower,transfer_complete / hmda_2020_oh / mlp / direction_adverse_decision
hmda_2020_oh,mlp,fairsmote,1001,direction_adverse_decision,0.0206754813687677,False,lower,transfer_complete / hmda_2020_oh / mlp / direction_adverse_decision
hmda_2020_oh,mlp,fairsmote,1002,direction_adverse_decision,0.0066272025316624,False,lower,transfer_complete / hmda_2020_oh / mlp / direction_adverse_decision
hmda_2020_oh,mlp,fairsmote,1003,direction_adverse_decision,0.0469405982807672,False,lower,transfer_complete / hmda_2020_oh / mlp / direction_adverse_decision
hmda_2020_oh,mlp,fairsmote,1004,direction_adverse_decision,0.0227943001744521,False,lower,transfer_complete / hmda_2020_oh / mlp / direction_adverse_decision
hmda_2020_oh,mlp,fairsmote,1005,direction_adverse_decision,0.0464289489708451,False,lower,transfer_complete / hmda_2020_oh / mlp / direction_adverse_decision
hmda_2020_oh,mlp,fairsmote,1006,direction_adverse_decision,0.0290216857738892,False,lower,transfer_complete / hmda_2020_oh / mlp / direction_adverse_decision
hmda_2020_oh,mlp,fairsmote,1007,direction_adverse_decision,0.0862209328230594,False,lower,transfer_complete / hmda_2020_oh / mlp / direction_adverse_decision
hmda_2020_oh,mlp,fairsmote,1008,direction_adverse_decision,0.0059192959621257,False,lower,transfer_complete / hmda_2020_oh / mlp / direction_adverse_decision
hmda_2020_oh,mlp,fairsmote,1009,direction_adverse_decision,0.0286739841292185,False,lower,transfer_complete / hmda_2020_oh / mlp / direction_adverse_decision
hmda_2020_oh,mlp,fairsmote,1000,direction_joint_pass,0.0907598185756018,False,higher,transfer_complete / hmda_2020_oh / mlp / direction_joint_pass
hmda_2020_oh,mlp,fairsmote,1001,direction_joint_pass,0.1729378011438155,False,higher,transfer_complete / hmda_2020_oh / mlp / direction_joint_pass
hmda_2020_oh,mlp,fairsmote,1002,direction_joint_pass,0.2282531026641766,False,higher,transfer_complete / hmda_2020_oh / mlp / direction_joint_pass
hmda_2020_oh,mlp,fairsmote,1003,direction_joint_pass,0.1107145052234296,False,higher,transfer_complete / hmda_2020_oh / mlp / direction_joint_pass
hmda_2020_oh,mlp,fairsmote,1004,direction_joint_pass,0.1451384871078812,False,higher,transfer_complete / hmda_2020_oh / mlp / direction_joint_pass
hmda_2020_oh,mlp,fairsmote,1005,direction_joint_pass,0.1075630279627458,False,higher,transfer_complete / hmda_2020_oh / mlp / direction_joint_pass
hmda_2020_oh,mlp,fairsmote,1006,direction_joint_pass,0.1465420802500771,False,higher,transfer_complete / hmda_2020_oh / mlp / direction_joint_pass
hmda_2020_oh,mlp,fairsmote,1007,direction_joint_pass,0.0387273267515413,False,higher,transfer_complete / hmda_2020_oh / mlp / direction_joint_pass
hmda_2020_oh,mlp,fairsmote,1008,direction_joint_pass,0.2364167584439698,False,higher,transfer_complete / hmda_2020_oh / mlp / direction_joint_pass
hmda_2020_oh,mlp,fairsmote,1009,direction_joint_pass,0.1056718131593641,False,higher,transfer_complete / hmda_2020_oh / mlp / direction_joint_pass
hmda_2020_oh,mlp,reweighing,1000,auc,0.8291934424987175,False,higher,transfer_complete / hmda_2020_oh / mlp / auc
hmda_2020_oh,mlp,reweighing,1001,auc,0.8281453380885292,False,higher,transfer_complete / hmda_2020_oh / mlp / auc
hmda_2020_oh,mlp,reweighing,1002,auc,0.8271099729486495,False,higher,transfer_complete / hmda_2020_oh / mlp / auc
hmda_2020_oh,mlp,reweighing,1003,auc,0.8275651024348939,False,higher,transfer_complete / hmda_2020_oh / mlp / auc
hmda_2020_oh,mlp,reweighing,1004,auc,0.8267104008356961,False,higher,transfer_complete / hmda_2020_oh / mlp / auc
hmda_2020_oh,mlp,reweighing,1005,auc,0.8261103213186953,False,higher,transfer_complete / hmda_2020_oh / mlp / auc
hmda_2020_oh,mlp,reweighing,1006,auc,0.8285397654961654,False,higher,transfer_complete / hmda_2020_oh / mlp / auc
hmda_2020_oh,mlp,reweighing,1007,auc,0.8262075263064571,False,higher,transfer_complete / hmda_2020_oh / mlp / auc
hmda_2020_oh,mlp,reweighing,1008,auc,0.8270122235476265,False,higher,transfer_complete / hmda_2020_oh / mlp / auc
hmda_2020_oh,mlp,reweighing,1009,auc,0.8224447868319933,False,higher,transfer_complete / hmda_2020_oh / mlp / auc
hmda_2020_oh,mlp,reweighing,1000,accuracy,0.8909166666666667,False,higher,transfer_complete / hmda_2020_oh / mlp / accuracy
hmda_2020_oh,mlp,reweighing,1001,accuracy,0.89475,False,higher,transfer_complete / hmda_2020_oh / mlp / accuracy
hmda_2020_oh,mlp,reweighing,1002,accuracy,0.8925,False,higher,transfer_complete / hmda_2020_oh / mlp / accuracy
hmda_2020_oh,mlp,reweighing,1003,accuracy,0.892,False,higher,transfer_complete / hmda_2020_oh / mlp / accuracy
hmda_2020_oh,mlp,reweighing,1004,accuracy,0.89375,False,higher,transfer_complete / hmda_2020_oh / mlp / accuracy
hmda_2020_oh,mlp,reweighing,1005,accuracy,0.8955,False,higher,transfer_complete / hmda_2020_oh / mlp / accuracy
hmda_2020_oh,mlp,reweighing,1006,accuracy,0.8918333333333334,False,higher,transfer_complete / hmda_2020_oh / mlp / accuracy
hmda_2020_oh,mlp,reweighing,1007,accuracy,0.89225,False,higher,transfer_complete / hmda_2020_oh / mlp / accuracy
hmda_2020_oh,mlp,reweighing,1008,accuracy,0.8915833333333333,False,higher,transfer_complete / hmda_2020_oh / mlp / accuracy
hmda_2020_oh,mlp,reweighing,1009,accuracy,0.892,False,higher,transfer_complete / hmda_2020_oh / mlp / accuracy
hmda_2020_oh,mlp,reweighing,1000,f1,0.938553255410036,False,higher,transfer_complete / hmda_2020_oh / mlp / f1
hmda_2020_oh,mlp,reweighing,1001,f1,0.9410611787764244,False,higher,transfer_complete / hmda_2020_oh / mlp / f1
hmda_2020_oh,mlp,reweighing,1002,f1,0.9395897724079798,False,higher,transfer_complete / hmda_2020_oh / mlp / f1
hmda_2020_oh,mlp,reweighing,1003,f1,0.9394109396914446,False,higher,transfer_complete / hmda_2020_oh / mlp / f1
hmda_2020_oh,mlp,reweighing,1004,f1,0.9403061941102112,False,higher,transfer_complete / hmda_2020_oh / mlp / f1
hmda_2020_oh,mlp,reweighing,1005,f1,0.94115438761145,False,higher,transfer_complete / hmda_2020_oh / mlp / f1
hmda_2020_oh,mlp,reweighing,1006,f1,0.938837055885402,False,higher,transfer_complete / hmda_2020_oh / mlp / f1
hmda_2020_oh,mlp,reweighing,1007,f1,0.9396837244017352,False,higher,transfer_complete / hmda_2020_oh / mlp / f1
hmda_2020_oh,mlp,reweighing,1008,f1,0.9394235693998232,False,higher,transfer_complete / hmda_2020_oh / mlp / f1
hmda_2020_oh,mlp,reweighing,1009,f1,0.9391948953739326,False,higher,transfer_complete / hmda_2020_oh / mlp / f1
hmda_2020_oh,mlp,reweighing,1000,aod,0.022878128734103,False,lower,transfer_complete / hmda_2020_oh / mlp / aod
hmda_2020_oh,mlp,reweighing,1001,aod,0.0231871715854413,False,lower,transfer_complete / hmda_2020_oh / mlp / aod
hmda_2020_oh,mlp,reweighing,1002,aod,0.0437261522688035,False,lower,transfer_complete / hmda_2020_oh / mlp / aod
hmda_2020_oh,mlp,reweighing,1003,aod,0.0327452640051653,False,lower,transfer_complete / hmda_2020_oh / mlp / aod
hmda_2020_oh,mlp,reweighing,1004,aod,0.0346915211412405,False,lower,transfer_complete / hmda_2020_oh / mlp / aod
hmda_2020_oh,mlp,reweighing,1005,aod,0.0322741023065621,False,lower,transfer_complete / hmda_2020_oh / mlp / aod
hmda_2020_oh,mlp,reweighing,1006,aod,0.0244765954629097,False,lower,transfer_complete / hmda_2020_oh / mlp / aod
hmda_2020_oh,mlp,reweighing,1007,aod,0.0144222463871663,False,lower,transfer_complete / hmda_2020_oh / mlp / aod
hmda_2020_oh,mlp,reweighing,1008,aod,0.0068141679042247,False,lower,transfer_complete / hmda_2020_oh / mlp / aod
hmda_2020_oh,mlp,reweighing,1009,aod,0.0327525721683889,False,lower,transfer_complete / hmda_2020_oh / mlp / aod
hmda_2020_oh,mlp,reweighing,1000,dp,0.0499659561095688,False,lower,transfer_complete / hmda_2020_oh / mlp / dp
hmda_2020_oh,mlp,reweighing,1001,dp,0.0480542607238254,False,lower,transfer_complete / hmda_2020_oh / mlp / dp
hmda_2020_oh,mlp,reweighing,1002,dp,0.0632212503709911,False,lower,transfer_complete / hmda_2020_oh / mlp / dp
hmda_2020_oh,mlp,reweighing,1003,dp,0.057686935875277,False,lower,transfer_complete / hmda_2020_oh / mlp / dp
hmda_2020_oh,mlp,reweighing,1004,dp,0.0578455163905328,False,lower,transfer_complete / hmda_2020_oh / mlp / dp
hmda_2020_oh,mlp,reweighing,1005,dp,0.0578615199287697,False,lower,transfer_complete / hmda_2020_oh / mlp / dp
hmda_2020_oh,mlp,reweighing,1006,dp,0.0515066603816407,False,lower,transfer_complete / hmda_2020_oh / mlp / dp
hmda_2020_oh,mlp,reweighing,1007,dp,0.0414899003125054,False,lower,transfer_complete / hmda_2020_oh / mlp / dp
hmda_2020_oh,mlp,reweighing,1008,dp,0.0392203076171022,False,lower,transfer_complete / hmda_2020_oh / mlp / dp
hmda_2020_oh,mlp,reweighing,1009,dp,0.0523970390544528,False,lower,transfer_complete / hmda_2020_oh / mlp / dp
hmda_2020_oh,mlp,reweighing,1000,eomax,0.0455125737097003,False,lower,transfer_complete / hmda_2020_oh / mlp / eomax
hmda_2020_oh,mlp,reweighing,1001,eomax,0.0459043411889467,False,lower,transfer_complete / hmda_2020_oh / mlp / eomax
hmda_2020_oh,mlp,reweighing,1002,eomax,0.0797314366383649,False,lower,transfer_complete / hmda_2020_oh / mlp / eomax
hmda_2020_oh,mlp,reweighing,1003,eomax,0.0562152559660108,False,lower,transfer_complete / hmda_2020_oh / mlp / eomax
hmda_2020_oh,mlp,reweighing,1004,eomax,0.064476146088742,False,lower,transfer_complete / hmda_2020_oh / mlp / eomax
hmda_2020_oh,mlp,reweighing,1005,eomax,0.0610920856214579,False,lower,transfer_complete / hmda_2020_oh / mlp / eomax
hmda_2020_oh,mlp,reweighing,1006,eomax,0.0474950522469215,False,lower,transfer_complete / hmda_2020_oh / mlp / eomax
hmda_2020_oh,mlp,reweighing,1007,eomax,0.0272345944193397,False,lower,transfer_complete / hmda_2020_oh / mlp / eomax
hmda_2020_oh,mlp,reweighing,1008,eomax,0.011655082507582,False,lower,transfer_complete / hmda_2020_oh / mlp / eomax
hmda_2020_oh,mlp,reweighing,1009,eomax,0.0631421102757908,False,lower,transfer_complete / hmda_2020_oh / mlp / eomax
hmda_2020_oh,mlp,reweighing,1000,L_R,0.2604901364753561,False,lower,transfer_complete / hmda_2020_oh / mlp / L_R
hmda_2020_oh,mlp,reweighing,1001,L_R,0.1964407340632988,False,lower,transfer_complete / hmda_2020_oh / mlp / L_R
hmda_2020_oh,mlp,reweighing,1002,L_R,0.2267842290034342,False,lower,transfer_complete / hmda_2020_oh / mlp / L_R
hmda_2020_oh,mlp,reweighing,1003,L_R,0.1908348979818555,False,lower,transfer_complete / hmda_2020_oh / mlp / L_R
hmda_2020_oh,mlp,reweighing,1004,L_R,0.1511935008369212,False,lower,transfer_complete / hmda_2020_oh / mlp / L_R
hmda_2020_oh,mlp,reweighing,1005,L_R,0.1843179197264402,False,lower,transfer_complete / hmda_2020_oh / mlp / L_R
hmda_2020_oh,mlp,reweighing,1006,L_R,0.2001920567389836,False,lower,transfer_complete / hmda_2020_oh / mlp / L_R
hmda_2020_oh,mlp,reweighing,1007,L_R,0.1678685194587559,False,lower,transfer_complete / hmda_2020_oh / mlp / L_R
hmda_2020_oh,mlp,reweighing,1008,L_R,0.1515463664610772,False,lower,transfer_complete / hmda_2020_oh / mlp / L_R
hmda_2020_oh,mlp,reweighing,1009,L_R,0.1202524023097194,False,lower,transfer_complete / hmda_2020_oh / mlp / L_R
hmda_2020_oh,mlp,reweighing,1000,violation_005,0.8598648340874284,False,lower,transfer_complete / hmda_2020_oh / mlp / violation_005
hmda_2020_oh,mlp,reweighing,1001,violation_005,0.8085925176680526,False,lower,transfer_complete / hmda_2020_oh / mlp / violation_005
hmda_2020_oh,mlp,reweighing,1002,violation_005,0.8154638620293871,False,lower,transfer_complete / hmda_2020_oh / mlp / violation_005
hmda_2020_oh,mlp,reweighing,1003,violation_005,0.8094940250538408,False,lower,transfer_complete / hmda_2020_oh / mlp / violation_005
hmda_2020_oh,mlp,reweighing,1004,violation_005,0.7715710786189015,False,lower,transfer_complete / hmda_2020_oh / mlp / violation_005
hmda_2020_oh,mlp,reweighing,1005,violation_005,0.789669441732832,False,lower,transfer_complete / hmda_2020_oh / mlp / violation_005
hmda_2020_oh,mlp,reweighing,1006,violation_005,0.8185207422687987,False,lower,transfer_complete / hmda_2020_oh / mlp / violation_005
hmda_2020_oh,mlp,reweighing,1007,violation_005,0.7799718300520632,False,lower,transfer_complete / hmda_2020_oh / mlp / violation_005
hmda_2020_oh,mlp,reweighing,1008,violation_005,0.7735666460716465,False,lower,transfer_complete / hmda_2020_oh / mlp / violation_005
hmda_2020_oh,mlp,reweighing,1009,violation_005,0.7232838302772405,False,lower,transfer_complete / hmda_2020_oh / mlp / violation_005
hmda_2020_oh,mlp,reweighing,1000,P_R,0.0335347291571541,False,lower,transfer_complete / hmda_2020_oh / mlp / P_R
hmda_2020_oh,mlp,reweighing,1001,P_R,0.0219042583534392,False,lower,transfer_complete / hmda_2020_oh / mlp / P_R
hmda_2020_oh,mlp,reweighing,1002,P_R,0.0267074465196191,False,lower,transfer_complete / hmda_2020_oh / mlp / P_R
hmda_2020_oh,mlp,reweighing,1003,P_R,0.0214698989073639,False,lower,transfer_complete / hmda_2020_oh / mlp / P_R
hmda_2020_oh,mlp,reweighing,1004,P_R,0.0178787242941007,False,lower,transfer_complete / hmda_2020_oh / mlp / P_R
hmda_2020_oh,mlp,reweighing,1005,P_R,0.0244782461415335,False,lower,transfer_complete / hmda_2020_oh / mlp / P_R
hmda_2020_oh,mlp,reweighing,1006,P_R,0.0266578689304358,False,lower,transfer_complete / hmda_2020_oh / mlp / P_R
hmda_2020_oh,mlp,reweighing,1007,P_R,0.0201477266096064,False,lower,transfer_complete / hmda_2020_oh / mlp / P_R
hmda_2020_oh,mlp,reweighing,1008,P_R,0.016192104130897,False,lower,transfer_complete / hmda_2020_oh / mlp / P_R
hmda_2020_oh,mlp,reweighing,1009,P_R,0.0177406798927384,False,lower,transfer_complete / hmda_2020_oh / mlp / P_R
hmda_2020_oh,mlp,reweighing,1000,P_population_effect_gap,0.0342664483873314,False,lower,transfer_complete / hmda_2020_oh / mlp / P_population_effect_gap
hmda_2020_oh,mlp,reweighing,1001,P_population_effect_gap,0.0278068732833457,False,lower,transfer_complete / hmda_2020_oh / mlp / P_population_effect_gap
hmda_2020_oh,mlp,reweighing,1002,P_population_effect_gap,0.0356349253264688,False,lower,transfer_complete / hmda_2020_oh / mlp / P_population_effect_gap
hmda_2020_oh,mlp,reweighing,1003,P_population_effect_gap,0.0300075706804393,False,lower,transfer_complete / hmda_2020_oh / mlp / P_population_effect_gap
hmda_2020_oh,mlp,reweighing,1004,P_population_effect_gap,0.0286073267015715,False,lower,transfer_complete / hmda_2020_oh / mlp / P_population_effect_gap
hmda_2020_oh,mlp,reweighing,1005,P_population_effect_gap,0.0364094760793462,False,lower,transfer_complete / hmda_2020_oh / mlp / P_population_effect_gap
hmda_2020_oh,mlp,reweighing,1006,P_population_effect_gap,0.037345160572678,False,lower,transfer_complete / hmda_2020_oh / mlp / P_population_effect_gap
hmda_2020_oh,mlp,reweighing,1007,P_population_effect_gap,0.0347718878856786,False,lower,transfer_complete / hmda_2020_oh / mlp / P_population_effect_gap
hmda_2020_oh,mlp,reweighing,1008,P_population_effect_gap,0.0274894935073296,False,lower,transfer_complete / hmda_2020_oh / mlp / P_population_effect_gap
hmda_2020_oh,mlp,reweighing,1009,P_population_effect_gap,0.0301809551259177,False,lower,transfer_complete / hmda_2020_oh / mlp / P_population_effect_gap
hmda_2020_oh,mlp,reweighing,1000,decision_disagreement,0.0344740409129637,False,lower,transfer_complete / hmda_2020_oh / mlp / decision_disagreement
hmda_2020_oh,mlp,reweighing,1001,decision_disagreement,0.0196453992471113,False,lower,transfer_complete / hmda_2020_oh / mlp / decision_disagreement
hmda_2020_oh,mlp,reweighing,1002,decision_disagreement,0.0325129075200983,False,lower,transfer_complete / hmda_2020_oh / mlp / decision_disagreement
hmda_2020_oh,mlp,reweighing,1003,decision_disagreement,0.0215377130290535,False,lower,transfer_complete / hmda_2020_oh / mlp / decision_disagreement
hmda_2020_oh,mlp,reweighing,1004,decision_disagreement,0.0187956943917914,False,lower,transfer_complete / hmda_2020_oh / mlp / decision_disagreement
hmda_2020_oh,mlp,reweighing,1005,decision_disagreement,0.0314090677814791,False,lower,transfer_complete / hmda_2020_oh / mlp / decision_disagreement
hmda_2020_oh,mlp,reweighing,1006,decision_disagreement,0.0320781420296313,False,lower,transfer_complete / hmda_2020_oh / mlp / decision_disagreement
hmda_2020_oh,mlp,reweighing,1007,decision_disagreement,0.0227888700396459,False,lower,transfer_complete / hmda_2020_oh / mlp / decision_disagreement
hmda_2020_oh,mlp,reweighing,1008,decision_disagreement,0.0159139799349354,False,lower,transfer_complete / hmda_2020_oh / mlp / decision_disagreement
hmda_2020_oh,mlp,reweighing,1009,decision_disagreement,0.0226444659068513,False,lower,transfer_complete / hmda_2020_oh / mlp / decision_disagreement
hmda_2020_oh,mlp,reweighing,1000,opposite_005,0.0430605634228344,False,lower,transfer_complete / hmda_2020_oh / mlp / opposite_005
hmda_2020_oh,mlp,reweighing,1001,opposite_005,0.0331971094008244,False,lower,transfer_complete / hmda_2020_oh / mlp / opposite_005
hmda_2020_oh,mlp,reweighing,1002,opposite_005,0.0336733899773682,False,lower,transfer_complete / hmda_2020_oh / mlp / opposite_005
hmda_2020_oh,mlp,reweighing,1003,opposite_005,0.0280924418072117,False,lower,transfer_complete / hmda_2020_oh / mlp / opposite_005
hmda_2020_oh,mlp,reweighing,1004,opposite_005,0.0186250695690152,False,lower,transfer_complete / hmda_2020_oh / mlp / opposite_005
hmda_2020_oh,mlp,reweighing,1005,opposite_005,0.0225549914817133,False,lower,transfer_complete / hmda_2020_oh / mlp / opposite_005
hmda_2020_oh,mlp,reweighing,1006,opposite_005,0.0413023361828315,False,lower,transfer_complete / hmda_2020_oh / mlp / opposite_005
hmda_2020_oh,mlp,reweighing,1007,opposite_005,0.0211998042712503,False,lower,transfer_complete / hmda_2020_oh / mlp / opposite_005
hmda_2020_oh,mlp,reweighing,1008,opposite_005,0.0169175692300176,False,lower,transfer_complete / hmda_2020_oh / mlp / opposite_005
hmda_2020_oh,mlp,reweighing,1009,opposite_005,0.0218591495523863,False,lower,transfer_complete / hmda_2020_oh / mlp / opposite_005
hmda_2020_oh,mlp,reweighing,1000,direction_adverse_005,0.2341293427881955,False,lower,transfer_complete / hmda_2020_oh / mlp / direction_adverse_005
hmda_2020_oh,mlp,reweighing,1001,direction_adverse_005,0.214989004380447,False,lower,transfer_complete / hmda_2020_oh / mlp / direction_adverse_005
hmda_2020_oh,mlp,reweighing,1002,direction_adverse_005,0.2070374993501478,False,lower,transfer_complete / hmda_2020_oh / mlp / direction_adverse_005
hmda_2020_oh,mlp,reweighing,1003,direction_adverse_005,0.1982139058987782,False,lower,transfer_complete / hmda_2020_oh / mlp / direction_adverse_005
hmda_2020_oh,mlp,reweighing,1004,direction_adverse_005,0.1840193047085611,False,lower,transfer_complete / hmda_2020_oh / mlp / direction_adverse_005
hmda_2020_oh,mlp,reweighing,1005,direction_adverse_005,0.151854249415811,False,lower,transfer_complete / hmda_2020_oh / mlp / direction_adverse_005
hmda_2020_oh,mlp,reweighing,1006,direction_adverse_005,0.2055013953868135,False,lower,transfer_complete / hmda_2020_oh / mlp / direction_adverse_005
hmda_2020_oh,mlp,reweighing,1007,direction_adverse_005,0.1950632212464851,False,lower,transfer_complete / hmda_2020_oh / mlp / direction_adverse_005
hmda_2020_oh,mlp,reweighing,1008,direction_adverse_005,0.1756704016657919,False,lower,transfer_complete / hmda_2020_oh / mlp / direction_adverse_005
hmda_2020_oh,mlp,reweighing,1009,direction_adverse_005,0.1884171682723329,False,lower,transfer_complete / hmda_2020_oh / mlp / direction_adverse_005
hmda_2020_oh,mlp,reweighing,1000,direction_both_adverse_005,0.1376486950083775,False,lower,transfer_complete / hmda_2020_oh / mlp / direction_both_adverse_005
hmda_2020_oh,mlp,reweighing,1001,direction_both_adverse_005,0.1229059901996397,False,lower,transfer_complete / hmda_2020_oh / mlp / direction_both_adverse_005
hmda_2020_oh,mlp,reweighing,1002,direction_both_adverse_005,0.1145379567003674,False,lower,transfer_complete / hmda_2020_oh / mlp / direction_both_adverse_005
hmda_2020_oh,mlp,reweighing,1003,direction_both_adverse_005,0.1291815134190091,False,lower,transfer_complete / hmda_2020_oh / mlp / direction_both_adverse_005
hmda_2020_oh,mlp,reweighing,1004,direction_both_adverse_005,0.1221476391079931,False,lower,transfer_complete / hmda_2020_oh / mlp / direction_both_adverse_005
hmda_2020_oh,mlp,reweighing,1005,direction_both_adverse_005,0.0990662201460727,False,lower,transfer_complete / hmda_2020_oh / mlp / direction_both_adverse_005
hmda_2020_oh,mlp,reweighing,1006,direction_both_adverse_005,0.1219498817268991,False,lower,transfer_complete / hmda_2020_oh / mlp / direction_both_adverse_005
hmda_2020_oh,mlp,reweighing,1007,direction_both_adverse_005,0.132912705572811,False,lower,transfer_complete / hmda_2020_oh / mlp / direction_both_adverse_005
hmda_2020_oh,mlp,reweighing,1008,direction_both_adverse_005,0.105022809477088,False,lower,transfer_complete / hmda_2020_oh / mlp / direction_both_adverse_005
hmda_2020_oh,mlp,reweighing,1009,direction_both_adverse_005,0.1134767651837679,False,lower,transfer_complete / hmda_2020_oh / mlp / direction_both_adverse_005
hmda_2020_oh,mlp,reweighing,1000,direction_adverse_decision,0.0063565757083548,False,lower,transfer_complete / hmda_2020_oh / mlp / direction_adverse_decision
hmda_2020_oh,mlp,reweighing,1001,direction_adverse_decision,0.004126650034402,False,lower,transfer_complete / hmda_2020_oh / mlp / direction_adverse_decision
hmda_2020_oh,mlp,reweighing,1002,direction_adverse_decision,0.0074891243336868,False,lower,transfer_complete / hmda_2020_oh / mlp / direction_adverse_decision
hmda_2020_oh,mlp,reweighing,1003,direction_adverse_decision,0.0037111814642045,False,lower,transfer_complete / hmda_2020_oh / mlp / direction_adverse_decision
hmda_2020_oh,mlp,reweighing,1004,direction_adverse_decision,0.003707037655892,False,lower,transfer_complete / hmda_2020_oh / mlp / direction_adverse_decision
hmda_2020_oh,mlp,reweighing,1005,direction_adverse_decision,0.0040257434727444,False,lower,transfer_complete / hmda_2020_oh / mlp / direction_adverse_decision
hmda_2020_oh,mlp,reweighing,1006,direction_adverse_decision,0.0069417645402023,False,lower,transfer_complete / hmda_2020_oh / mlp / direction_adverse_decision
hmda_2020_oh,mlp,reweighing,1007,direction_adverse_decision,0.0044430381187076,False,lower,transfer_complete / hmda_2020_oh / mlp / direction_adverse_decision
hmda_2020_oh,mlp,reweighing,1008,direction_adverse_decision,0.0024937398509786,False,lower,transfer_complete / hmda_2020_oh / mlp / direction_adverse_decision
hmda_2020_oh,mlp,reweighing,1009,direction_adverse_decision,0.003255597853549,False,lower,transfer_complete / hmda_2020_oh / mlp / direction_adverse_decision
hmda_2020_oh,mlp,reweighing,1000,direction_joint_pass,0.1443972642592022,False,higher,transfer_complete / hmda_2020_oh / mlp / direction_joint_pass
hmda_2020_oh,mlp,reweighing,1001,direction_joint_pass,0.1963770647053074,False,higher,transfer_complete / hmda_2020_oh / mlp / direction_joint_pass
hmda_2020_oh,mlp,reweighing,1002,direction_joint_pass,0.2165763630731332,False,higher,transfer_complete / hmda_2020_oh / mlp / direction_joint_pass
hmda_2020_oh,mlp,reweighing,1003,direction_joint_pass,0.2250354097749155,False,higher,transfer_complete / hmda_2020_oh / mlp / direction_joint_pass
hmda_2020_oh,mlp,reweighing,1004,direction_joint_pass,0.2490996099243838,False,higher,transfer_complete / hmda_2020_oh / mlp / direction_joint_pass
hmda_2020_oh,mlp,reweighing,1005,direction_joint_pass,0.2498117313968348,False,higher,transfer_complete / hmda_2020_oh / mlp / direction_joint_pass
hmda_2020_oh,mlp,reweighing,1006,direction_joint_pass,0.1740626287191582,False,higher,transfer_complete / hmda_2020_oh / mlp / direction_joint_pass
hmda_2020_oh,mlp,reweighing,1007,direction_joint_pass,0.2327086809153884,False,higher,transfer_complete / hmda_2020_oh / mlp / direction_joint_pass
hmda_2020_oh,mlp,reweighing,1008,direction_joint_pass,0.2722970196860088,False,higher,transfer_complete / hmda_2020_oh / mlp / direction_joint_pass
hmda_2020_oh,mlp,reweighing,1009,direction_joint_pass,0.2488972934806287,False,higher,transfer_complete / hmda_2020_oh / mlp / direction_joint_pass
