"family","task","architecture","metric","arm","n","direction","mean","sd","rank","package","version"
"transfer_complete / hmda_2019_mi / ft / accuracy","hmda_2019_mi","ft","accuracy","erm",10,"higher",0.873958333333333,0.00221291453534491,1,"ScottKnottESD","2.0.3"
"transfer_complete / hmda_2019_mi / ft / accuracy","hmda_2019_mi","ft","accuracy","hifi_shared",10,"higher",0.873783333333333,0.00213408551554393,1,"ScottKnottESD","2.0.3"
"transfer_complete / hmda_2019_mi / ft / accuracy","hmda_2019_mi","ft","accuracy","cot_phi",10,"higher",0.87315,0.00151677858764905,2,"ScottKnottESD","2.0.3"
"transfer_complete / hmda_2019_mi / ft / accuracy","hmda_2019_mi","ft","accuracy","reweighing",10,"higher",0.8726,0.00170637873728599,3,"ScottKnottESD","2.0.3"
"transfer_complete / hmda_2019_mi / ft / accuracy","hmda_2019_mi","ft","accuracy","ltdd",10,"higher",0.871633333333333,0.00131009847900505,4,"ScottKnottESD","2.0.3"
"transfer_complete / hmda_2019_mi / ft / accuracy","hmda_2019_mi","ft","accuracy","hifi_erm",10,"higher",0.866175,0.00471984417246434,5,"ScottKnottESD","2.0.3"
"transfer_complete / hmda_2019_mi / ft / accuracy","hmda_2019_mi","ft","accuracy","soft",10,"higher",0.865683333333333,0.00213321758945275,5,"ScottKnottESD","2.0.3"
"transfer_complete / hmda_2019_mi / ft / accuracy","hmda_2019_mi","ft","accuracy","hifi",10,"higher",0.847991666666667,0.0511737455894556,6,"ScottKnottESD","2.0.3"
"transfer_complete / hmda_2019_mi / ft / accuracy","hmda_2019_mi","ft","accuracy","fairsmote",10,"higher",0.810475,0.0193272679661932,7,"ScottKnottESD","2.0.3"
"transfer_complete / hmda_2019_mi / ft / accuracy","hmda_2019_mi","ft","accuracy","dralign",10,"higher",0.755091666666667,0.20128430023627,8,"ScottKnottESD","2.0.3"
"transfer_complete / hmda_2019_mi / ft / aod","hmda_2019_mi","ft","aod","dralign",10,"lower",0.00582182457061408,0.0111460175673827,1,"ScottKnottESD","2.0.3"
"transfer_complete / hmda_2019_mi / ft / aod","hmda_2019_mi","ft","aod","soft",10,"lower",0.0219350207050467,0.00887904402172137,2,"ScottKnottESD","2.0.3"
"transfer_complete / hmda_2019_mi / ft / aod","hmda_2019_mi","ft","aod","cot_phi",10,"lower",0.0224174505655345,0.0092798903195756,2,"ScottKnottESD","2.0.3"
"transfer_complete / hmda_2019_mi / ft / aod","hmda_2019_mi","ft","aod","reweighing",10,"lower",0.0302005679034755,0.00357182049109589,3,"ScottKnottESD","2.0.3"
"transfer_complete / hmda_2019_mi / ft / aod","hmda_2019_mi","ft","aod","ltdd",10,"lower",0.0319054223770584,0.00610329631515558,4,"ScottKnottESD","2.0.3"
"transfer_complete / hmda_2019_mi / ft / aod","hmda_2019_mi","ft","aod","hifi_erm",10,"lower",0.0520582174849455,0.03573744273925,5,"ScottKnottESD","2.0.3"
"transfer_complete / hmda_2019_mi / ft / aod","hmda_2019_mi","ft","aod","hifi_shared",10,"lower",0.0542816921411355,0.0170845315620398,5,"ScottKnottESD","2.0.3"
"transfer_complete / hmda_2019_mi / ft / aod","hmda_2019_mi","ft","aod","erm",10,"lower",0.0543196146872021,0.0149966293738404,5,"ScottKnottESD","2.0.3"
"transfer_complete / hmda_2019_mi / ft / aod","hmda_2019_mi","ft","aod","fairsmote",10,"lower",0.0698152485806574,0.016675444754619,6,"ScottKnottESD","2.0.3"
"transfer_complete / hmda_2019_mi / ft / aod","hmda_2019_mi","ft","aod","hifi",10,"lower",0.0994057067199053,0.0983088587358774,7,"ScottKnottESD","2.0.3"
"transfer_complete / hmda_2019_mi / ft / auc","hmda_2019_mi","ft","auc","erm",10,"higher",0.844031847770967,0.00225264589679173,1,"ScottKnottESD","2.0.3"
"transfer_complete / hmda_2019_mi / ft / auc","hmda_2019_mi","ft","auc","hifi_shared",10,"higher",0.843434127186154,0.00279949685868717,2,"ScottKnottESD","2.0.3"
"transfer_complete / hmda_2019_mi / ft / auc","hmda_2019_mi","ft","auc","cot_phi",10,"higher",0.840984105097281,0.0030972088195475,3,"ScottKnottESD","2.0.3"
"transfer_complete / hmda_2019_mi / ft / auc","hmda_2019_mi","ft","auc","reweighing",10,"higher",0.840039103899528,0.00354916314579968,4,"ScottKnottESD","2.0.3"
"transfer_complete / hmda_2019_mi / ft / auc","hmda_2019_mi","ft","auc","ltdd",10,"higher",0.838447810359157,0.00214596251910919,5,"ScottKnottESD","2.0.3"
"transfer_complete / hmda_2019_mi / ft / auc","hmda_2019_mi","ft","auc","hifi_erm",10,"higher",0.826190785055946,0.00682830097441574,6,"ScottKnottESD","2.0.3"
"transfer_complete / hmda_2019_mi / ft / auc","hmda_2019_mi","ft","auc","soft",10,"higher",0.825522916396701,0.00714911326581596,6,"ScottKnottESD","2.0.3"
"transfer_complete / hmda_2019_mi / ft / auc","hmda_2019_mi","ft","auc","hifi",10,"higher",0.823277329966114,0.0138077177201051,7,"ScottKnottESD","2.0.3"
"transfer_complete / hmda_2019_mi / ft / auc","hmda_2019_mi","ft","auc","fairsmote",10,"higher",0.815186735436895,0.00616518713155323,8,"ScottKnottESD","2.0.3"
"transfer_complete / hmda_2019_mi / ft / auc","hmda_2019_mi","ft","auc","dralign",10,"higher",0.728657819375034,0.0484299728630439,9,"ScottKnottESD","2.0.3"
"transfer_complete / hmda_2019_mi / ft / decision_disagreement","hmda_2019_mi","ft","decision_disagreement","soft",10,"lower",0.00132450118206853,0.00078830732066803,1,"ScottKnottESD","2.0.3"
"transfer_complete / hmda_2019_mi / ft / decision_disagreement","hmda_2019_mi","ft","decision_disagreement","dralign",10,"lower",0.0031149823576671,0.00780229501759498,2,"ScottKnottESD","2.0.3"
"transfer_complete / hmda_2019_mi / ft / decision_disagreement","hmda_2019_mi","ft","decision_disagreement","reweighing",10,"lower",0.0222627468570174,0.00563118570503755,3,"ScottKnottESD","2.0.3"
"transfer_complete / hmda_2019_mi / ft / decision_disagreement","hmda_2019_mi","ft","decision_disagreement","hifi_erm",10,"lower",0.023131239774275,0.0169028224665054,3,"ScottKnottESD","2.0.3"
"transfer_complete / hmda_2019_mi / ft / decision_disagreement","hmda_2019_mi","ft","decision_disagreement","cot_phi",10,"lower",0.0354542522248175,0.0116909835141289,4,"ScottKnottESD","2.0.3"
"transfer_complete / hmda_2019_mi / ft / decision_disagreement","hmda_2019_mi","ft","decision_disagreement","erm",10,"lower",0.0411632151658237,0.00864148059731303,5,"ScottKnottESD","2.0.3"
"transfer_complete / hmda_2019_mi / ft / decision_disagreement","hmda_2019_mi","ft","decision_disagreement","ltdd",10,"lower",0.0423232837086667,0.00987035748088142,6,"ScottKnottESD","2.0.3"
"transfer_complete / hmda_2019_mi / ft / decision_disagreement","hmda_2019_mi","ft","decision_disagreement","hifi_shared",10,"lower",0.0433876414205608,0.00925795848435713,6,"ScottKnottESD","2.0.3"
"transfer_complete / hmda_2019_mi / ft / decision_disagreement","hmda_2019_mi","ft","decision_disagreement","hifi",10,"lower",0.0513751772058215,0.0563331430456747,7,"ScottKnottESD","2.0.3"
"transfer_complete / hmda_2019_mi / ft / decision_disagreement","hmda_2019_mi","ft","decision_disagreement","fairsmote",10,"lower",0.112182970948933,0.0190769699782013,8,"ScottKnottESD","2.0.3"
"transfer_complete / hmda_2019_mi / ft / direction_adverse_005","hmda_2019_mi","ft","direction_adverse_005","soft",10,"lower",0.0017199390832315,0.00189663230848105,1,"ScottKnottESD","2.0.3"
"transfer_complete / hmda_2019_mi / ft / direction_adverse_005","hmda_2019_mi","ft","direction_adverse_005","dralign",10,"lower",0.0582339888259587,0.0835466032828125,2,"ScottKnottESD","2.0.3"
"transfer_complete / hmda_2019_mi / ft / direction_adverse_005","hmda_2019_mi","ft","direction_adverse_005","hifi",10,"lower",0.10944429790634,0.0532260485618272,3,"ScottKnottESD","2.0.3"
"transfer_complete / hmda_2019_mi / ft / direction_adverse_005","hmda_2019_mi","ft","direction_adverse_005","hifi_erm",10,"lower",0.165234546789581,0.102798947050895,4,"ScottKnottESD","2.0.3"
"transfer_complete / hmda_2019_mi / ft / direction_adverse_005","hmda_2019_mi","ft","direction_adverse_005","reweighing",10,"lower",0.17260671831722,0.0192169520134749,4,"ScottKnottESD","2.0.3"
"transfer_complete / hmda_2019_mi / ft / direction_adverse_005","hmda_2019_mi","ft","direction_adverse_005","cot_phi",10,"lower",0.195044305400004,0.046218008328391,5,"ScottKnottESD","2.0.3"
"transfer_complete / hmda_2019_mi / ft / direction_adverse_005","hmda_2019_mi","ft","direction_adverse_005","hifi_shared",10,"lower",0.224421357799424,0.0415743322161244,6,"ScottKnottESD","2.0.3"
"transfer_complete / hmda_2019_mi / ft / direction_adverse_005","hmda_2019_mi","ft","direction_adverse_005","erm",10,"lower",0.253534620564022,0.0317793170590298,7,"ScottKnottESD","2.0.3"
"transfer_complete / hmda_2019_mi / ft / direction_adverse_005","hmda_2019_mi","ft","direction_adverse_005","ltdd",10,"lower",0.253963092469716,0.0326687990035148,7,"ScottKnottESD","2.0.3"
"transfer_complete / hmda_2019_mi / ft / direction_adverse_005","hmda_2019_mi","ft","direction_adverse_005","fairsmote",10,"lower",0.409895013106703,0.033707362681194,8,"ScottKnottESD","2.0.3"
"transfer_complete / hmda_2019_mi / ft / direction_adverse_decision","hmda_2019_mi","ft","direction_adverse_decision","soft",10,"lower",0,0,1,"ScottKnottESD","2.0.3"
"transfer_complete / hmda_2019_mi / ft / direction_adverse_decision","hmda_2019_mi","ft","direction_adverse_decision","dralign",10,"lower",0.00079489250380675,0.00224203034581371,2,"ScottKnottESD","2.0.3"
"transfer_complete / hmda_2019_mi / ft / direction_adverse_decision","hmda_2019_mi","ft","direction_adverse_decision","hifi",10,"lower",0.00308838548265461,0.00308393444192859,3,"ScottKnottESD","2.0.3"
"transfer_complete / hmda_2019_mi / ft / direction_adverse_decision","hmda_2019_mi","ft","direction_adverse_decision","hifi_erm",10,"lower",0.00327351912628335,0.00292122430136996,3,"ScottKnottESD","2.0.3"
"transfer_complete / hmda_2019_mi / ft / direction_adverse_decision","hmda_2019_mi","ft","direction_adverse_decision","reweighing",10,"lower",0.00511137427214111,0.00223043281314957,4,"ScottKnottESD","2.0.3"
"transfer_complete / hmda_2019_mi / ft / direction_adverse_decision","hmda_2019_mi","ft","direction_adverse_decision","cot_phi",10,"lower",0.00538451822653751,0.00240333123609472,4,"ScottKnottESD","2.0.3"
"transfer_complete / hmda_2019_mi / ft / direction_adverse_decision","hmda_2019_mi","ft","direction_adverse_decision","erm",10,"lower",0.00957577543270452,0.00299723529964155,5,"ScottKnottESD","2.0.3"
"transfer_complete / hmda_2019_mi / ft / direction_adverse_decision","hmda_2019_mi","ft","direction_adverse_decision","hifi_shared",10,"lower",0.010187202296065,0.00386046697068271,5,"ScottKnottESD","2.0.3"
"transfer_complete / hmda_2019_mi / ft / direction_adverse_decision","hmda_2019_mi","ft","direction_adverse_decision","ltdd",10,"lower",0.0118394886554514,0.00431702763719896,6,"ScottKnottESD","2.0.3"
"transfer_complete / hmda_2019_mi / ft / direction_adverse_decision","hmda_2019_mi","ft","direction_adverse_decision","fairsmote",10,"lower",0.0475887613920466,0.011318805810887,7,"ScottKnottESD","2.0.3"
"transfer_complete / hmda_2019_mi / ft / direction_both_adverse_005","hmda_2019_mi","ft","direction_both_adverse_005","soft",10,"lower",0.00150430245144993,0.00150722278173358,1,"ScottKnottESD","2.0.3"
"transfer_complete / hmda_2019_mi / ft / direction_both_adverse_005","hmda_2019_mi","ft","direction_both_adverse_005","hifi",10,"lower",0.0459053663509782,0.0324222873989525,2,"ScottKnottESD","2.0.3"
"transfer_complete / hmda_2019_mi / ft / direction_both_adverse_005","hmda_2019_mi","ft","direction_both_adverse_005","dralign",10,"lower",0.0537910901851085,0.0818394807029912,2,"ScottKnottESD","2.0.3"
"transfer_complete / hmda_2019_mi / ft / direction_both_adverse_005","hmda_2019_mi","ft","direction_both_adverse_005","hifi_erm",10,"lower",0.0667222021540772,0.0460431526169798,3,"ScottKnottESD","2.0.3"
"transfer_complete / hmda_2019_mi / ft / direction_both_adverse_005","hmda_2019_mi","ft","direction_both_adverse_005","cot_phi",10,"lower",0.106131976560315,0.0290645664358948,4,"ScottKnottESD","2.0.3"
"transfer_complete / hmda_2019_mi / ft / direction_both_adverse_005","hmda_2019_mi","ft","direction_both_adverse_005","ltdd",10,"lower",0.140389557456101,0.0216169666683167,5,"ScottKnottESD","2.0.3"
"transfer_complete / hmda_2019_mi / ft / direction_both_adverse_005","hmda_2019_mi","ft","direction_both_adverse_005","hifi_shared",10,"lower",0.142878011183145,0.0214908974807146,5,"ScottKnottESD","2.0.3"
"transfer_complete / hmda_2019_mi / ft / direction_both_adverse_005","hmda_2019_mi","ft","direction_both_adverse_005","reweighing",10,"lower",0.143048665955427,0.0153987028718174,5,"ScottKnottESD","2.0.3"
"transfer_complete / hmda_2019_mi / ft / direction_both_adverse_005","hmda_2019_mi","ft","direction_both_adverse_005","erm",10,"lower",0.152703585875178,0.0188606670167687,6,"ScottKnottESD","2.0.3"
"transfer_complete / hmda_2019_mi / ft / direction_both_adverse_005","hmda_2019_mi","ft","direction_both_adverse_005","fairsmote",10,"lower",0.250449068148542,0.0486118625798173,7,"ScottKnottESD","2.0.3"
"transfer_complete / hmda_2019_mi / ft / direction_joint_pass","hmda_2019_mi","ft","direction_joint_pass","soft",10,"higher",0.998230945003213,0.00195219543591239,1,"ScottKnottESD","2.0.3"
"transfer_complete / hmda_2019_mi / ft / direction_joint_pass","hmda_2019_mi","ft","direction_joint_pass","dralign",10,"higher",0.941766011174041,0.0835466032828125,2,"ScottKnottESD","2.0.3"
"transfer_complete / hmda_2019_mi / ft / direction_joint_pass","hmda_2019_mi","ft","direction_joint_pass","reweighing",10,"higher",0.502369134402512,0.0874334633186125,3,"ScottKnottESD","2.0.3"
"transfer_complete / hmda_2019_mi / ft / direction_joint_pass","hmda_2019_mi","ft","direction_joint_pass","hifi",10,"higher",0.429193106358208,0.0860440917322987,4,"ScottKnottESD","2.0.3"
"transfer_complete / hmda_2019_mi / ft / direction_joint_pass","hmda_2019_mi","ft","direction_joint_pass","hifi_erm",10,"higher",0.361391766687806,0.131008426449815,5,"ScottKnottESD","2.0.3"
"transfer_complete / hmda_2019_mi / ft / direction_joint_pass","hmda_2019_mi","ft","direction_joint_pass","hifi_shared",10,"higher",0.265490425117871,0.106435370709335,6,"ScottKnottESD","2.0.3"
"transfer_complete / hmda_2019_mi / ft / direction_joint_pass","hmda_2019_mi","ft","direction_joint_pass","cot_phi",10,"higher",0.265060843471709,0.0618160364632368,6,"ScottKnottESD","2.0.3"
"transfer_complete / hmda_2019_mi / ft / direction_joint_pass","hmda_2019_mi","ft","direction_joint_pass","erm",10,"higher",0.244152023788872,0.0451847742222807,7,"ScottKnottESD","2.0.3"
"transfer_complete / hmda_2019_mi / ft / direction_joint_pass","hmda_2019_mi","ft","direction_joint_pass","ltdd",10,"higher",0.185450231067336,0.0297778208653165,8,"ScottKnottESD","2.0.3"
"transfer_complete / hmda_2019_mi / ft / direction_joint_pass","hmda_2019_mi","ft","direction_joint_pass","fairsmote",10,"higher",0.123946712767723,0.0482777940435546,9,"ScottKnottESD","2.0.3"
"transfer_complete / hmda_2019_mi / ft / dp","hmda_2019_mi","ft","dp","dralign",10,"lower",0.0106556719724927,0.0242014986244259,1,"ScottKnottESD","2.0.3"
"transfer_complete / hmda_2019_mi / ft / dp","hmda_2019_mi","ft","dp","soft",10,"lower",0.0391186539180921,0.00781036531976274,2,"ScottKnottESD","2.0.3"
"transfer_complete / hmda_2019_mi / ft / dp","hmda_2019_mi","ft","dp","reweighing",10,"lower",0.0485278585347882,0.00532082548662078,3,"ScottKnottESD","2.0.3"
"transfer_complete / hmda_2019_mi / ft / dp","hmda_2019_mi","ft","dp","ltdd",10,"lower",0.0625420131696692,0.00769768470110783,4,"ScottKnottESD","2.0.3"
"transfer_complete / hmda_2019_mi / ft / dp","hmda_2019_mi","ft","dp","cot_phi",10,"lower",0.0728716511523578,0.0109287920441045,5,"ScottKnottESD","2.0.3"
"transfer_complete / hmda_2019_mi / ft / dp","hmda_2019_mi","ft","dp","fairsmote",10,"lower",0.0771472650930174,0.0333541400861574,5,"ScottKnottESD","2.0.3"
"transfer_complete / hmda_2019_mi / ft / dp","hmda_2019_mi","ft","dp","hifi_erm",10,"lower",0.110418959455552,0.040590931968224,6,"ScottKnottESD","2.0.3"
"transfer_complete / hmda_2019_mi / ft / dp","hmda_2019_mi","ft","dp","hifi_shared",10,"lower",0.118401119690774,0.0154239738472944,7,"ScottKnottESD","2.0.3"
"transfer_complete / hmda_2019_mi / ft / dp","hmda_2019_mi","ft","dp","erm",10,"lower",0.118683235913883,0.0141705798692474,7,"ScottKnottESD","2.0.3"
"transfer_complete / hmda_2019_mi / ft / dp","hmda_2019_mi","ft","dp","hifi",10,"lower",0.161814398140264,0.108408696971431,8,"ScottKnottESD","2.0.3"
"transfer_complete / hmda_2019_mi / ft / eomax","hmda_2019_mi","ft","eomax","dralign",10,"lower",0.0110108262331912,0.0210338884665694,1,"ScottKnottESD","2.0.3"
"transfer_complete / hmda_2019_mi / ft / eomax","hmda_2019_mi","ft","eomax","cot_phi",10,"lower",0.0307540527705053,0.0139997260618058,2,"ScottKnottESD","2.0.3"
"transfer_complete / hmda_2019_mi / ft / eomax","hmda_2019_mi","ft","eomax","soft",10,"lower",0.0402011812476928,0.0172132268818579,3,"ScottKnottESD","2.0.3"
"transfer_complete / hmda_2019_mi / ft / eomax","hmda_2019_mi","ft","eomax","ltdd",10,"lower",0.0475599852344038,0.0120221026685218,4,"ScottKnottESD","2.0.3"
"transfer_complete / hmda_2019_mi / ft / eomax","hmda_2019_mi","ft","eomax","reweighing",10,"lower",0.0570671834625322,0.00821493397830682,5,"ScottKnottESD","2.0.3"
"transfer_complete / hmda_2019_mi / ft / eomax","hmda_2019_mi","ft","eomax","hifi_erm",10,"lower",0.0590438010994449,0.0374039130183538,5,"ScottKnottESD","2.0.3"
"transfer_complete / hmda_2019_mi / ft / eomax","hmda_2019_mi","ft","eomax","erm",10,"lower",0.0628708801277678,0.0201609487351478,6,"ScottKnottESD","2.0.3"
"transfer_complete / hmda_2019_mi / ft / eomax","hmda_2019_mi","ft","eomax","hifi_shared",10,"lower",0.0661146822095384,0.0190873609894675,6,"ScottKnottESD","2.0.3"
"transfer_complete / hmda_2019_mi / ft / eomax","hmda_2019_mi","ft","eomax","fairsmote",10,"lower",0.104307826069404,0.0382781001713404,7,"ScottKnottESD","2.0.3"
"transfer_complete / hmda_2019_mi / ft / eomax","hmda_2019_mi","ft","eomax","hifi",10,"lower",0.110201217769003,0.111216679554028,7,"ScottKnottESD","2.0.3"
"transfer_complete / hmda_2019_mi / ft / f1","hmda_2019_mi","ft","f1","erm",10,"higher",0.926305234423186,0.00148813138041971,1,"ScottKnottESD","2.0.3"
"transfer_complete / hmda_2019_mi / ft / f1","hmda_2019_mi","ft","f1","hifi_shared",10,"higher",0.926277202921482,0.00143085110962954,1,"ScottKnottESD","2.0.3"
"transfer_complete / hmda_2019_mi / ft / f1","hmda_2019_mi","ft","f1","cot_phi",10,"higher",0.925935161606415,0.0012422545742057,2,"ScottKnottESD","2.0.3"
"transfer_complete / hmda_2019_mi / ft / f1","hmda_2019_mi","ft","f1","reweighing",10,"higher",0.925731907237114,0.00117689427562656,2,"ScottKnottESD","2.0.3"
"transfer_complete / hmda_2019_mi / ft / f1","hmda_2019_mi","ft","f1","ltdd",10,"higher",0.924926051769778,0.000936985286788072,3,"ScottKnottESD","2.0.3"
"transfer_complete / hmda_2019_mi / ft / f1","hmda_2019_mi","ft","f1","soft",10,"higher",0.923255532760847,0.00114133302642682,4,"ScottKnottESD","2.0.3"
"transfer_complete / hmda_2019_mi / ft / f1","hmda_2019_mi","ft","f1","hifi_erm",10,"higher",0.922439337952342,0.00271579188837677,5,"ScottKnottESD","2.0.3"
"transfer_complete / hmda_2019_mi / ft / f1","hmda_2019_mi","ft","f1","hifi",10,"higher",0.908127286176805,0.039988305712504,6,"ScottKnottESD","2.0.3"
"transfer_complete / hmda_2019_mi / ft / f1","hmda_2019_mi","ft","f1","fairsmote",10,"higher",0.880398665165571,0.014747402013272,7,"ScottKnottESD","2.0.3"
"transfer_complete / hmda_2019_mi / ft / f1","hmda_2019_mi","ft","f1","dralign",10,"higher",0.808783660700108,0.284185184493046,8,"ScottKnottESD","2.0.3"
"transfer_complete / hmda_2019_mi / ft / L_R","hmda_2019_mi","ft","L_R","dralign",10,"lower",0.00173724095266807,0.00161593737661015,1,"ScottKnottESD","2.0.3"
"transfer_complete / hmda_2019_mi / ft / L_R","hmda_2019_mi","ft","L_R","soft",10,"lower",0.00511549808710384,0.000896811591850066,2,"ScottKnottESD","2.0.3"
"transfer_complete / hmda_2019_mi / ft / L_R","hmda_2019_mi","ft","L_R","reweighing",10,"lower",0.0902868874879725,0.0265241416841086,3,"ScottKnottESD","2.0.3"
"transfer_complete / hmda_2019_mi / ft / L_R","hmda_2019_mi","ft","L_R","hifi",10,"lower",0.175496604731253,0.0735061141104518,4,"ScottKnottESD","2.0.3"
"transfer_complete / hmda_2019_mi / ft / L_R","hmda_2019_mi","ft","L_R","hifi_erm",10,"lower",0.188909582394553,0.0413081819506613,5,"ScottKnottESD","2.0.3"
"transfer_complete / hmda_2019_mi / ft / L_R","hmda_2019_mi","ft","L_R","hifi_shared",10,"lower",0.188943989813871,0.0413393090857644,5,"ScottKnottESD","2.0.3"
"transfer_complete / hmda_2019_mi / ft / L_R","hmda_2019_mi","ft","L_R","erm",10,"lower",0.203196002350438,0.0312893503730805,6,"ScottKnottESD","2.0.3"
"transfer_complete / hmda_2019_mi / ft / L_R","hmda_2019_mi","ft","L_R","cot_phi",10,"lower",0.291240950219913,0.0760835556682532,7,"ScottKnottESD","2.0.3"
"transfer_complete / hmda_2019_mi / ft / L_R","hmda_2019_mi","ft","L_R","ltdd",10,"lower",0.303234562818214,0.0331501282351567,8,"ScottKnottESD","2.0.3"
"transfer_complete / hmda_2019_mi / ft / L_R","hmda_2019_mi","ft","L_R","fairsmote",10,"lower",0.407191641269093,0.164696788128927,9,"ScottKnottESD","2.0.3"
"transfer_complete / hmda_2019_mi / ft / P_population_effect_gap","hmda_2019_mi","ft","P_population_effect_gap","dralign",10,"lower",0.00107424428904056,0.000885275962659284,1,"ScottKnottESD","2.0.3"
"transfer_complete / hmda_2019_mi / ft / P_population_effect_gap","hmda_2019_mi","ft","P_population_effect_gap","soft",10,"lower",0.00917729992945855,0.00215797376869936,2,"ScottKnottESD","2.0.3"
"transfer_complete / hmda_2019_mi / ft / P_population_effect_gap","hmda_2019_mi","ft","P_population_effect_gap","hifi_erm",10,"lower",0.0240010545688426,0.00608190645408467,3,"ScottKnottESD","2.0.3"
"transfer_complete / hmda_2019_mi / ft / P_population_effect_gap","hmda_2019_mi","ft","P_population_effect_gap","reweighing",10,"lower",0.0248473008437792,0.00624654377975112,3,"ScottKnottESD","2.0.3"
"transfer_complete / hmda_2019_mi / ft / P_population_effect_gap","hmda_2019_mi","ft","P_population_effect_gap","hifi",10,"lower",0.0283745888454673,0.0138538437667756,4,"ScottKnottESD","2.0.3"
"transfer_complete / hmda_2019_mi / ft / P_population_effect_gap","hmda_2019_mi","ft","P_population_effect_gap","ltdd",10,"lower",0.0305648973845985,0.00375675849595967,5,"ScottKnottESD","2.0.3"
"transfer_complete / hmda_2019_mi / ft / P_population_effect_gap","hmda_2019_mi","ft","P_population_effect_gap","cot_phi",10,"lower",0.0312241752131694,0.00592996474601741,6,"ScottKnottESD","2.0.3"
"transfer_complete / hmda_2019_mi / ft / P_population_effect_gap","hmda_2019_mi","ft","P_population_effect_gap","hifi_shared",10,"lower",0.0328298244879927,0.00489741505462344,7,"ScottKnottESD","2.0.3"
"transfer_complete / hmda_2019_mi / ft / P_population_effect_gap","hmda_2019_mi","ft","P_population_effect_gap","erm",10,"lower",0.0331097594808087,0.00280137972859433,7,"ScottKnottESD","2.0.3"
"transfer_complete / hmda_2019_mi / ft / P_population_effect_gap","hmda_2019_mi","ft","P_population_effect_gap","fairsmote",10,"lower",0.0452177405130085,0.0109604856717875,8,"ScottKnottESD","2.0.3"
"transfer_complete / hmda_2019_mi / ft / P_R","hmda_2019_mi","ft","P_R","dralign",10,"lower",0.000291415482432261,0.000396040393460279,1,"ScottKnottESD","2.0.3"
"transfer_complete / hmda_2019_mi / ft / P_R","hmda_2019_mi","ft","P_R","soft",10,"lower",0.00091062668042587,0.000214247631209985,2,"ScottKnottESD","2.0.3"
"transfer_complete / hmda_2019_mi / ft / P_R","hmda_2019_mi","ft","P_R","reweighing",10,"lower",0.0139221349093791,0.00361004469929462,3,"ScottKnottESD","2.0.3"
"transfer_complete / hmda_2019_mi / ft / P_R","hmda_2019_mi","ft","P_R","hifi_erm",10,"lower",0.0212804533737142,0.00586973013926413,4,"ScottKnottESD","2.0.3"
"transfer_complete / hmda_2019_mi / ft / P_R","hmda_2019_mi","ft","P_R","erm",10,"lower",0.0276553592018656,0.00333651353105119,5,"ScottKnottESD","2.0.3"
"transfer_complete / hmda_2019_mi / ft / P_R","hmda_2019_mi","ft","P_R","hifi",10,"lower",0.028065383233785,0.0167589923693405,5,"ScottKnottESD","2.0.3"
"transfer_complete / hmda_2019_mi / ft / P_R","hmda_2019_mi","ft","P_R","hifi_shared",10,"lower",0.0282907373289535,0.00506938582419038,5,"ScottKnottESD","2.0.3"
"transfer_complete / hmda_2019_mi / ft / P_R","hmda_2019_mi","ft","P_R","cot_phi",10,"lower",0.0353863653855106,0.00905001301513645,6,"ScottKnottESD","2.0.3"
"transfer_complete / hmda_2019_mi / ft / P_R","hmda_2019_mi","ft","P_R","ltdd",10,"lower",0.0373515178582988,0.00585002645598792,7,"ScottKnottESD","2.0.3"
"transfer_complete / hmda_2019_mi / ft / P_R","hmda_2019_mi","ft","P_R","fairsmote",10,"lower",0.0635052352438724,0.0207240982906285,8,"ScottKnottESD","2.0.3"
"transfer_complete / hmda_2019_mi / ft / violation_005","hmda_2019_mi","ft","violation_005","dralign",10,"lower",6.545749936195e-05,0.000151411090012741,1,"ScottKnottESD","2.0.3"
"transfer_complete / hmda_2019_mi / ft / violation_005","hmda_2019_mi","ft","violation_005","soft",10,"lower",0.000173385331443123,0.000136273450187894,2,"ScottKnottESD","2.0.3"
"transfer_complete / hmda_2019_mi / ft / violation_005","hmda_2019_mi","ft","violation_005","reweighing",10,"lower",0.444597257480469,0.0935412090249737,3,"ScottKnottESD","2.0.3"
"transfer_complete / hmda_2019_mi / ft / violation_005","hmda_2019_mi","ft","violation_005","hifi",10,"lower",0.592982771454441,0.0881581591756573,4,"ScottKnottESD","2.0.3"
"transfer_complete / hmda_2019_mi / ft / violation_005","hmda_2019_mi","ft","violation_005","hifi_erm",10,"lower",0.647590658672725,0.0749624641822998,5,"ScottKnottESD","2.0.3"
"transfer_complete / hmda_2019_mi / ft / violation_005","hmda_2019_mi","ft","violation_005","hifi_shared",10,"lower",0.708157413888444,0.0795628977491437,6,"ScottKnottESD","2.0.3"
"transfer_complete / hmda_2019_mi / ft / violation_005","hmda_2019_mi","ft","violation_005","erm",10,"lower",0.738045318179161,0.0361955909473449,7,"ScottKnottESD","2.0.3"
"transfer_complete / hmda_2019_mi / ft / violation_005","hmda_2019_mi","ft","violation_005","cot_phi",10,"lower",0.820627521474305,0.0458627176134746,8,"ScottKnottESD","2.0.3"
"transfer_complete / hmda_2019_mi / ft / violation_005","hmda_2019_mi","ft","violation_005","ltdd",10,"lower",0.84509854743727,0.0168981957515382,9,"ScottKnottESD","2.0.3"
"transfer_complete / hmda_2019_mi / ft / violation_005","hmda_2019_mi","ft","violation_005","fairsmote",10,"lower",0.868558163395464,0.0410429437685905,10,"ScottKnottESD","2.0.3"
"transfer_complete / hmda_2019_mi / mlp / accuracy","hmda_2019_mi","mlp","accuracy","erm",10,"higher",0.870208333333333,0.00158856348649253,1,"ScottKnottESD","2.0.3"
"transfer_complete / hmda_2019_mi / mlp / accuracy","hmda_2019_mi","mlp","accuracy","cot_phi",10,"higher",0.8698,0.00215817423981077,2,"ScottKnottESD","2.0.3"
"transfer_complete / hmda_2019_mi / mlp / accuracy","hmda_2019_mi","mlp","accuracy","hifi_shared",10,"higher",0.869366666666667,0.00202728304467085,3,"ScottKnottESD","2.0.3"
"transfer_complete / hmda_2019_mi / mlp / accuracy","hmda_2019_mi","mlp","accuracy","reweighing",10,"higher",0.869058333333333,0.0019408896076634,4,"ScottKnottESD","2.0.3"
"transfer_complete / hmda_2019_mi / mlp / accuracy","hmda_2019_mi","mlp","accuracy","ltdd",10,"higher",0.868366666666667,0.00182074804868498,5,"ScottKnottESD","2.0.3"
"transfer_complete / hmda_2019_mi / mlp / accuracy","hmda_2019_mi","mlp","accuracy","mirrorfair",10,"higher",0.868266666666667,0.00199102926419082,5,"ScottKnottESD","2.0.3"
"transfer_complete / hmda_2019_mi / mlp / accuracy","hmda_2019_mi","mlp","accuracy","hifi",10,"higher",0.866575,0.00363781790855486,6,"ScottKnottESD","2.0.3"
"transfer_complete / hmda_2019_mi / mlp / accuracy","hmda_2019_mi","mlp","accuracy","soft",10,"higher",0.865108333333333,0.00151334087940687,7,"ScottKnottESD","2.0.3"
"transfer_complete / hmda_2019_mi / mlp / accuracy","hmda_2019_mi","mlp","accuracy","hifi_erm",10,"higher",0.858183333333333,0.0243718556059856,8,"ScottKnottESD","2.0.3"
"transfer_complete / hmda_2019_mi / mlp / accuracy","hmda_2019_mi","mlp","accuracy","dralign",10,"higher",0.856333333333333,0.0126208357024074,9,"ScottKnottESD","2.0.3"
"transfer_complete / hmda_2019_mi / mlp / accuracy","hmda_2019_mi","mlp","accuracy","neufair",10,"higher",0.854508333333333,0.00149197958646214,10,"ScottKnottESD","2.0.3"
"transfer_complete / hmda_2019_mi / mlp / accuracy","hmda_2019_mi","mlp","accuracy","fairsmote",10,"higher",0.790125,0.0194941527320564,11,"ScottKnottESD","2.0.3"
"transfer_complete / hmda_2019_mi / mlp / aod","hmda_2019_mi","mlp","aod","ltdd",10,"lower",0.0220117208956616,0.00731436221047673,1,"ScottKnottESD","2.0.3"
"transfer_complete / hmda_2019_mi / mlp / aod","hmda_2019_mi","mlp","aod","cot_phi",10,"lower",0.0285447616459821,0.012324996458187,2,"ScottKnottESD","2.0.3"
"transfer_complete / hmda_2019_mi / mlp / aod","hmda_2019_mi","mlp","aod","soft",10,"lower",0.030603103567079,0.00833097697307374,2,"ScottKnottESD","2.0.3"
"transfer_complete / hmda_2019_mi / mlp / aod","hmda_2019_mi","mlp","aod","reweighing",10,"lower",0.0352045459613116,0.0080168393770094,3,"ScottKnottESD","2.0.3"
"transfer_complete / hmda_2019_mi / mlp / aod","hmda_2019_mi","mlp","aod","neufair",10,"lower",0.0381283156106649,0.00948742809537621,4,"ScottKnottESD","2.0.3"
"transfer_complete / hmda_2019_mi / mlp / aod","hmda_2019_mi","mlp","aod","mirrorfair",10,"lower",0.0391939541692776,0.00781137658171898,4,"ScottKnottESD","2.0.3"
"transfer_complete / hmda_2019_mi / mlp / aod","hmda_2019_mi","mlp","aod","dralign",10,"lower",0.0430659693171032,0.0153916134290318,5,"ScottKnottESD","2.0.3"
"transfer_complete / hmda_2019_mi / mlp / aod","hmda_2019_mi","mlp","aod","hifi",10,"lower",0.0557170829655371,0.0240830772571319,6,"ScottKnottESD","2.0.3"
"transfer_complete / hmda_2019_mi / mlp / aod","hmda_2019_mi","mlp","aod","erm",10,"lower",0.0633839461736964,0.0288403395534718,7,"ScottKnottESD","2.0.3"
"transfer_complete / hmda_2019_mi / mlp / aod","hmda_2019_mi","mlp","aod","fairsmote",10,"lower",0.068494021248761,0.0276235377417867,8,"ScottKnottESD","2.0.3"
"transfer_complete / hmda_2019_mi / mlp / aod","hmda_2019_mi","mlp","aod","hifi_erm",10,"lower",0.073088428812977,0.0453917971764001,9,"ScottKnottESD","2.0.3"
"transfer_complete / hmda_2019_mi / mlp / aod","hmda_2019_mi","mlp","aod","hifi_shared",10,"lower",0.0771630887910581,0.0226409347803807,9,"ScottKnottESD","2.0.3"
"transfer_complete / hmda_2019_mi / mlp / auc","hmda_2019_mi","mlp","auc","erm",10,"higher",0.830855602883198,0.00130240585612218,1,"ScottKnottESD","2.0.3"
"transfer_complete / hmda_2019_mi / mlp / auc","hmda_2019_mi","mlp","auc","hifi_shared",10,"higher",0.83065454544099,0.00134189832829581,1,"ScottKnottESD","2.0.3"
"transfer_complete / hmda_2019_mi / mlp / auc","hmda_2019_mi","mlp","auc","reweighing",10,"higher",0.826313868611438,0.00195241192574108,2,"ScottKnottESD","2.0.3"
"transfer_complete / hmda_2019_mi / mlp / auc","hmda_2019_mi","mlp","auc","hifi",10,"higher",0.826212939164013,0.0036846603029292,2,"ScottKnottESD","2.0.3"
"transfer_complete / hmda_2019_mi / mlp / auc","hmda_2019_mi","mlp","auc","cot_phi",10,"higher",0.825720187907095,0.00136573580777843,3,"ScottKnottESD","2.0.3"
"transfer_complete / hmda_2019_mi / mlp / auc","hmda_2019_mi","mlp","auc","ltdd",10,"higher",0.825130621636957,0.00244492264464216,4,"ScottKnottESD","2.0.3"
"transfer_complete / hmda_2019_mi / mlp / auc","hmda_2019_mi","mlp","auc","hifi_erm",10,"higher",0.822308091815347,0.00352607819830733,5,"ScottKnottESD","2.0.3"
"transfer_complete / hmda_2019_mi / mlp / auc","hmda_2019_mi","mlp","auc","soft",10,"higher",0.81911015365478,0.00666643953360075,6,"ScottKnottESD","2.0.3"
"transfer_complete / hmda_2019_mi / mlp / auc","hmda_2019_mi","mlp","auc","dralign",10,"higher",0.818847976129385,0.00678948859276262,6,"ScottKnottESD","2.0.3"
"transfer_complete / hmda_2019_mi / mlp / auc","hmda_2019_mi","mlp","auc","neufair",10,"higher",0.806713454260422,0.00932171903692856,7,"ScottKnottESD","2.0.3"
"transfer_complete / hmda_2019_mi / mlp / auc","hmda_2019_mi","mlp","auc","fairsmote",10,"higher",0.806128796887717,0.0043242261719185,7,"ScottKnottESD","2.0.3"
"transfer_complete / hmda_2019_mi / mlp / decision_disagreement","hmda_2019_mi","mlp","decision_disagreement","soft",10,"lower",0.00092129419965944,0.000387506801652733,1,"ScottKnottESD","2.0.3"
"transfer_complete / hmda_2019_mi / mlp / decision_disagreement","hmda_2019_mi","mlp","decision_disagreement","neufair",10,"lower",0.0190142774205117,0.00356302795167876,2,"ScottKnottESD","2.0.3"
"transfer_complete / hmda_2019_mi / mlp / decision_disagreement","hmda_2019_mi","mlp","decision_disagreement","reweighing",10,"lower",0.0301129658938226,0.00861073114689002,3,"ScottKnottESD","2.0.3"
"transfer_complete / hmda_2019_mi / mlp / decision_disagreement","hmda_2019_mi","mlp","decision_disagreement","mirrorfair",10,"lower",0.0309783806261699,0.0082398241118765,3,"ScottKnottESD","2.0.3"
"transfer_complete / hmda_2019_mi / mlp / decision_disagreement","hmda_2019_mi","mlp","decision_disagreement","cot_phi",10,"lower",0.0384726982693534,0.00783381996462746,4,"ScottKnottESD","2.0.3"
"transfer_complete / hmda_2019_mi / mlp / decision_disagreement","hmda_2019_mi","mlp","decision_disagreement","dralign",10,"lower",0.0493068797537734,0.028308245670906,5,"ScottKnottESD","2.0.3"
"transfer_complete / hmda_2019_mi / mlp / decision_disagreement","hmda_2019_mi","mlp","decision_disagreement","erm",10,"lower",0.0514718339630638,0.0107754807433503,5,"ScottKnottESD","2.0.3"
"transfer_complete / hmda_2019_mi / mlp / decision_disagreement","hmda_2019_mi","mlp","decision_disagreement","ltdd",10,"lower",0.0570142595161417,0.015405526307678,6,"ScottKnottESD","2.0.3"
"transfer_complete / hmda_2019_mi / mlp / decision_disagreement","hmda_2019_mi","mlp","decision_disagreement","hifi_shared",10,"lower",0.0611288645381807,0.0127604619847217,7,"ScottKnottESD","2.0.3"
"transfer_complete / hmda_2019_mi / mlp / decision_disagreement","hmda_2019_mi","mlp","decision_disagreement","hifi",10,"lower",0.0720240370017209,0.0157201845819494,8,"ScottKnottESD","2.0.3"
"transfer_complete / hmda_2019_mi / mlp / decision_disagreement","hmda_2019_mi","mlp","decision_disagreement","hifi_erm",10,"lower",0.0828601321806245,0.0194320700653146,9,"ScottKnottESD","2.0.3"
"transfer_complete / hmda_2019_mi / mlp / decision_disagreement","hmda_2019_mi","mlp","decision_disagreement","fairsmote",10,"lower",0.135507543507219,0.0322418818540613,10,"ScottKnottESD","2.0.3"
"transfer_complete / hmda_2019_mi / mlp / direction_adverse_005","hmda_2019_mi","mlp","direction_adverse_005","soft",10,"lower",0.00602435545563794,0.00344343429277101,1,"ScottKnottESD","2.0.3"
"transfer_complete / hmda_2019_mi / mlp / direction_adverse_005","hmda_2019_mi","mlp","direction_adverse_005","cot_phi",10,"lower",0.196937367340815,0.0222375656964623,2,"ScottKnottESD","2.0.3"
"transfer_complete / hmda_2019_mi / mlp / direction_adverse_005","hmda_2019_mi","mlp","direction_adverse_005","reweighing",10,"lower",0.212604361948374,0.0241469152720853,3,"ScottKnottESD","2.0.3"
"transfer_complete / hmda_2019_mi / mlp / direction_adverse_005","hmda_2019_mi","mlp","direction_adverse_005","hifi_shared",10,"lower",0.236217729287853,0.0498858047762832,4,"ScottKnottESD","2.0.3"
"transfer_complete / hmda_2019_mi / mlp / direction_adverse_005","hmda_2019_mi","mlp","direction_adverse_005","ltdd",10,"lower",0.252386869682092,0.0361937322651652,5,"ScottKnottESD","2.0.3"
"transfer_complete / hmda_2019_mi / mlp / direction_adverse_005","hmda_2019_mi","mlp","direction_adverse_005","erm",10,"lower",0.253234103032714,0.0388240982843848,5,"ScottKnottESD","2.0.3"
"transfer_complete / hmda_2019_mi / mlp / direction_adverse_005","hmda_2019_mi","mlp","direction_adverse_005","dralign",10,"lower",0.263441629097414,0.047150781258424,6,"ScottKnottESD","2.0.3"
"transfer_complete / hmda_2019_mi / mlp / direction_adverse_005","hmda_2019_mi","mlp","direction_adverse_005","hifi",10,"lower",0.345930510860667,0.0395741665383161,7,"ScottKnottESD","2.0.3"
"transfer_complete / hmda_2019_mi / mlp / direction_adverse_005","hmda_2019_mi","mlp","direction_adverse_005","neufair",10,"lower",0.346921171980979,0.0748905603076414,7,"ScottKnottESD","2.0.3"
"transfer_complete / hmda_2019_mi / mlp / direction_adverse_005","hmda_2019_mi","mlp","direction_adverse_005","fairsmote",10,"lower",0.353555856915168,0.103246079828209,7,"ScottKnottESD","2.0.3"
"transfer_complete / hmda_2019_mi / mlp / direction_adverse_005","hmda_2019_mi","mlp","direction_adverse_005","hifi_erm",10,"lower",0.368018300615696,0.0389563810932293,8,"ScottKnottESD","2.0.3"
"transfer_complete / hmda_2019_mi / mlp / direction_adverse_decision","hmda_2019_mi","mlp","direction_adverse_decision","soft",10,"lower",1.629726205997e-05,5.15364677341528e-05,1,"ScottKnottESD","2.0.3"
"transfer_complete / hmda_2019_mi / mlp / direction_adverse_decision","hmda_2019_mi","mlp","direction_adverse_decision","cot_phi",10,"lower",0.00580374018601369,0.00289408729189125,2,"ScottKnottESD","2.0.3"
"transfer_complete / hmda_2019_mi / mlp / direction_adverse_decision","hmda_2019_mi","mlp","direction_adverse_decision","neufair",10,"lower",0.00585242074369846,0.00135625540810663,2,"ScottKnottESD","2.0.3"
"transfer_complete / hmda_2019_mi / mlp / direction_adverse_decision","hmda_2019_mi","mlp","direction_adverse_decision","mirrorfair",10,"lower",0.00687024516040418,0.00227590054482911,3,"ScottKnottESD","2.0.3"
"transfer_complete / hmda_2019_mi / mlp / direction_adverse_decision","hmda_2019_mi","mlp","direction_adverse_decision","reweighing",10,"lower",0.00719736113215615,0.00328229787587206,3,"ScottKnottESD","2.0.3"
"transfer_complete / hmda_2019_mi / mlp / direction_adverse_decision","hmda_2019_mi","mlp","direction_adverse_decision","ltdd",10,"lower",0.0100725743083717,0.00455077006896851,4,"ScottKnottESD","2.0.3"
"transfer_complete / hmda_2019_mi / mlp / direction_adverse_decision","hmda_2019_mi","mlp","direction_adverse_decision","dralign",10,"lower",0.0104014958784703,0.00569083598564194,4,"ScottKnottESD","2.0.3"
"transfer_complete / hmda_2019_mi / mlp / direction_adverse_decision","hmda_2019_mi","mlp","direction_adverse_decision","erm",10,"lower",0.0112078671720372,0.00282725332347194,5,"ScottKnottESD","2.0.3"
"transfer_complete / hmda_2019_mi / mlp / direction_adverse_decision","hmda_2019_mi","mlp","direction_adverse_decision","hifi_shared",10,"lower",0.0123200148845118,0.00455774384005477,6,"ScottKnottESD","2.0.3"
"transfer_complete / hmda_2019_mi / mlp / direction_adverse_decision","hmda_2019_mi","mlp","direction_adverse_decision","hifi",10,"lower",0.0221588026213777,0.00590706754525926,7,"ScottKnottESD","2.0.3"
"transfer_complete / hmda_2019_mi / mlp / direction_adverse_decision","hmda_2019_mi","mlp","direction_adverse_decision","hifi_erm",10,"lower",0.0280788758758928,0.00666557582080942,8,"ScottKnottESD","2.0.3"
"transfer_complete / hmda_2019_mi / mlp / direction_adverse_decision","hmda_2019_mi","mlp","direction_adverse_decision","fairsmote",10,"lower",0.0497968122688596,0.0331674715613237,9,"ScottKnottESD","2.0.3"
"transfer_complete / hmda_2019_mi / mlp / direction_both_adverse_005","hmda_2019_mi","mlp","direction_both_adverse_005","soft",10,"lower",0.00515662947927174,0.00327475061245478,1,"ScottKnottESD","2.0.3"
"transfer_complete / hmda_2019_mi / mlp / direction_both_adverse_005","hmda_2019_mi","mlp","direction_both_adverse_005","cot_phi",10,"lower",0.10066296359117,0.0144842411104999,2,"ScottKnottESD","2.0.3"
"transfer_complete / hmda_2019_mi / mlp / direction_both_adverse_005","hmda_2019_mi","mlp","direction_both_adverse_005","reweighing",10,"lower",0.129726114895717,0.0136953677383668,3,"ScottKnottESD","2.0.3"
"transfer_complete / hmda_2019_mi / mlp / direction_both_adverse_005","hmda_2019_mi","mlp","direction_both_adverse_005","ltdd",10,"lower",0.143065110079395,0.0157358486991052,4,"ScottKnottESD","2.0.3"
"transfer_complete / hmda_2019_mi / mlp / direction_both_adverse_005","hmda_2019_mi","mlp","direction_both_adverse_005","hifi_shared",10,"lower",0.14819415251646,0.0272150267918478,5,"ScottKnottESD","2.0.3"
"transfer_complete / hmda_2019_mi / mlp / direction_both_adverse_005","hmda_2019_mi","mlp","direction_both_adverse_005","erm",10,"lower",0.148326943854027,0.0171684388306177,5,"ScottKnottESD","2.0.3"
"transfer_complete / hmda_2019_mi / mlp / direction_both_adverse_005","hmda_2019_mi","mlp","direction_both_adverse_005","dralign",10,"lower",0.159000738517279,0.0266133177453496,6,"ScottKnottESD","2.0.3"
"transfer_complete / hmda_2019_mi / mlp / direction_both_adverse_005","hmda_2019_mi","mlp","direction_both_adverse_005","hifi",10,"lower",0.196460867170969,0.0300790829549816,7,"ScottKnottESD","2.0.3"
"transfer_complete / hmda_2019_mi / mlp / direction_both_adverse_005","hmda_2019_mi","mlp","direction_both_adverse_005","hifi_erm",10,"lower",0.208341423434759,0.028896988209361,8,"ScottKnottESD","2.0.3"
"transfer_complete / hmda_2019_mi / mlp / direction_both_adverse_005","hmda_2019_mi","mlp","direction_both_adverse_005","fairsmote",10,"lower",0.209749402827188,0.0685463867052374,8,"ScottKnottESD","2.0.3"
"transfer_complete / hmda_2019_mi / mlp / direction_both_adverse_005","hmda_2019_mi","mlp","direction_both_adverse_005","neufair",10,"lower",0.237131840300414,0.0606298354490826,9,"ScottKnottESD","2.0.3"
"transfer_complete / hmda_2019_mi / mlp / direction_joint_pass","hmda_2019_mi","mlp","direction_joint_pass","soft",10,"higher",0.993375584236651,0.00299981818530643,1,"ScottKnottESD","2.0.3"
"transfer_complete / hmda_2019_mi / mlp / direction_joint_pass","hmda_2019_mi","mlp","direction_joint_pass","neufair",10,"higher",0.322327689117922,0.0727679857282956,2,"ScottKnottESD","2.0.3"
"transfer_complete / hmda_2019_mi / mlp / direction_joint_pass","hmda_2019_mi","mlp","direction_joint_pass","reweighing",10,"higher",0.217126903477952,0.0362020414013487,3,"ScottKnottESD","2.0.3"
"transfer_complete / hmda_2019_mi / mlp / direction_joint_pass","hmda_2019_mi","mlp","direction_joint_pass","hifi_shared",10,"higher",0.209460220280693,0.0448314565636256,4,"ScottKnottESD","2.0.3"
"transfer_complete / hmda_2019_mi / mlp / direction_joint_pass","hmda_2019_mi","mlp","direction_joint_pass","erm",10,"higher",0.208056634517653,0.0475236204871345,4,"ScottKnottESD","2.0.3"
"transfer_complete / hmda_2019_mi / mlp / direction_joint_pass","hmda_2019_mi","mlp","direction_joint_pass","dralign",10,"higher",0.201569435441217,0.0422289367990087,4,"ScottKnottESD","2.0.3"
"transfer_complete / hmda_2019_mi / mlp / direction_joint_pass","hmda_2019_mi","mlp","direction_joint_pass","cot_phi",10,"higher",0.180684928348832,0.0245336388832524,5,"ScottKnottESD","2.0.3"
"transfer_complete / hmda_2019_mi / mlp / direction_joint_pass","hmda_2019_mi","mlp","direction_joint_pass","ltdd",10,"higher",0.166837421541081,0.031169329081678,6,"ScottKnottESD","2.0.3"
"transfer_complete / hmda_2019_mi / mlp / direction_joint_pass","hmda_2019_mi","mlp","direction_joint_pass","fairsmote",10,"higher",0.133116840337285,0.0648600987559544,7,"ScottKnottESD","2.0.3"
"transfer_complete / hmda_2019_mi / mlp / direction_joint_pass","hmda_2019_mi","mlp","direction_joint_pass","hifi",10,"higher",0.104308106070134,0.0201735264805505,8,"ScottKnottESD","2.0.3"
"transfer_complete / hmda_2019_mi / mlp / direction_joint_pass","hmda_2019_mi","mlp","direction_joint_pass","hifi_erm",10,"higher",0.0992271119538624,0.0284789058266671,9,"ScottKnottESD","2.0.3"
"transfer_complete / hmda_2019_mi / mlp / dp","hmda_2019_mi","mlp","dp","neufair",10,"lower",0.0183548197036517,0.00643435014185701,1,"ScottKnottESD","2.0.3"
"transfer_complete / hmda_2019_mi / mlp / dp","hmda_2019_mi","mlp","dp","soft",10,"lower",0.0375322602177208,0.00882062212421883,2,"ScottKnottESD","2.0.3"
"transfer_complete / hmda_2019_mi / mlp / dp","hmda_2019_mi","mlp","dp","fairsmote",10,"lower",0.045803518232949,0.0298182951921571,3,"ScottKnottESD","2.0.3"
"transfer_complete / hmda_2019_mi / mlp / dp","hmda_2019_mi","mlp","dp","dralign",10,"lower",0.0472719330563038,0.0250057750515688,3,"ScottKnottESD","2.0.3"
"transfer_complete / hmda_2019_mi / mlp / dp","hmda_2019_mi","mlp","dp","mirrorfair",10,"lower",0.0490001514243084,0.0135714565928165,4,"ScottKnottESD","2.0.3"
"transfer_complete / hmda_2019_mi / mlp / dp","hmda_2019_mi","mlp","dp","reweighing",10,"lower",0.0505924888825782,0.0108572915523286,4,"ScottKnottESD","2.0.3"
"transfer_complete / hmda_2019_mi / mlp / dp","hmda_2019_mi","mlp","dp","ltdd",10,"lower",0.0694974364006111,0.00838660128520411,5,"ScottKnottESD","2.0.3"
"transfer_complete / hmda_2019_mi / mlp / dp","hmda_2019_mi","mlp","dp","cot_phi",10,"lower",0.086242370408388,0.0156344459461874,6,"ScottKnottESD","2.0.3"
"transfer_complete / hmda_2019_mi / mlp / dp","hmda_2019_mi","mlp","dp","hifi",10,"lower",0.118370339515942,0.0333478754184491,7,"ScottKnottESD","2.0.3"
"transfer_complete / hmda_2019_mi / mlp / dp","hmda_2019_mi","mlp","dp","erm",10,"lower",0.126320162877835,0.0284034280893728,8,"ScottKnottESD","2.0.3"
"transfer_complete / hmda_2019_mi / mlp / dp","hmda_2019_mi","mlp","dp","hifi_shared",10,"lower",0.139212150173289,0.0187183759810607,9,"ScottKnottESD","2.0.3"
"transfer_complete / hmda_2019_mi / mlp / dp","hmda_2019_mi","mlp","dp","hifi_erm",10,"lower",0.142101618447538,0.0561774914725189,9,"ScottKnottESD","2.0.3"
"transfer_complete / hmda_2019_mi / mlp / eomax","hmda_2019_mi","mlp","eomax","ltdd",10,"lower",0.0278484324252665,0.0120082687797507,1,"ScottKnottESD","2.0.3"
"transfer_complete / hmda_2019_mi / mlp / eomax","hmda_2019_mi","mlp","eomax","cot_phi",10,"lower",0.0386354719149455,0.012911491908061,2,"ScottKnottESD","2.0.3"
"transfer_complete / hmda_2019_mi / mlp / eomax","hmda_2019_mi","mlp","eomax","soft",10,"lower",0.0537723794041219,0.0172944578616495,3,"ScottKnottESD","2.0.3"
"transfer_complete / hmda_2019_mi / mlp / eomax","hmda_2019_mi","mlp","eomax","reweighing",10,"lower",0.0594444444444444,0.021161578064425,4,"ScottKnottESD","2.0.3"
"transfer_complete / hmda_2019_mi / mlp / eomax","hmda_2019_mi","mlp","eomax","hifi",10,"lower",0.0656932674620384,0.023693582263849,5,"ScottKnottESD","2.0.3"
"transfer_complete / hmda_2019_mi / mlp / eomax","hmda_2019_mi","mlp","eomax","mirrorfair",10,"lower",0.0695893640537942,0.0212617166672688,6,"ScottKnottESD","2.0.3"
"transfer_complete / hmda_2019_mi / mlp / eomax","hmda_2019_mi","mlp","eomax","neufair",10,"lower",0.0714654854189738,0.0171592337236354,6,"ScottKnottESD","2.0.3"
"transfer_complete / hmda_2019_mi / mlp / eomax","hmda_2019_mi","mlp","eomax","erm",10,"lower",0.0720410737042409,0.0281318341855196,6,"ScottKnottESD","2.0.3"
"transfer_complete / hmda_2019_mi / mlp / eomax","hmda_2019_mi","mlp","eomax","dralign",10,"lower",0.0723934961256356,0.0313370566153088,6,"ScottKnottESD","2.0.3"
"transfer_complete / hmda_2019_mi / mlp / eomax","hmda_2019_mi","mlp","eomax","hifi_shared",10,"lower",0.0873580342276884,0.0247264605520744,7,"ScottKnottESD","2.0.3"
"transfer_complete / hmda_2019_mi / mlp / eomax","hmda_2019_mi","mlp","eomax","hifi_erm",10,"lower",0.0875226286367491,0.0541920214965964,7,"ScottKnottESD","2.0.3"
"transfer_complete / hmda_2019_mi / mlp / eomax","hmda_2019_mi","mlp","eomax","fairsmote",10,"lower",0.113968253968254,0.0514650200719488,8,"ScottKnottESD","2.0.3"
"transfer_complete / hmda_2019_mi / mlp / f1","hmda_2019_mi","mlp","f1","erm",10,"higher",0.924486027090552,0.00124068937941069,1,"ScottKnottESD","2.0.3"
"transfer_complete / hmda_2019_mi / mlp / f1","hmda_2019_mi","mlp","f1","cot_phi",10,"higher",0.92423385808491,0.00159580277592189,1,"ScottKnottESD","2.0.3"
"transfer_complete / hmda_2019_mi / mlp / f1","hmda_2019_mi","mlp","f1","hifi_shared",10,"higher",0.923896559106793,0.00148085039441218,2,"ScottKnottESD","2.0.3"
"transfer_complete / hmda_2019_mi / mlp / f1","hmda_2019_mi","mlp","f1","reweighing",10,"higher",0.923830263371658,0.00159192763843993,2,"ScottKnottESD","2.0.3"
"transfer_complete / hmda_2019_mi / mlp / f1","hmda_2019_mi","mlp","f1","ltdd",10,"higher",0.923458828424663,0.00135773566219097,3,"ScottKnottESD","2.0.3"
"transfer_complete / hmda_2019_mi / mlp / f1","hmda_2019_mi","mlp","f1","mirrorfair",10,"higher",0.923021615123112,0.00144802184101275,4,"ScottKnottESD","2.0.3"
"transfer_complete / hmda_2019_mi / mlp / f1","hmda_2019_mi","mlp","f1","soft",10,"higher",0.922900301159568,0.000933152744537641,4,"ScottKnottESD","2.0.3"
"transfer_complete / hmda_2019_mi / mlp / f1","hmda_2019_mi","mlp","f1","hifi",10,"higher",0.921872455541379,0.00277384542055513,5,"ScottKnottESD","2.0.3"
"transfer_complete / hmda_2019_mi / mlp / f1","hmda_2019_mi","mlp","f1","neufair",10,"higher",0.917564860961983,0.00084399712922609,6,"ScottKnottESD","2.0.3"
"transfer_complete / hmda_2019_mi / mlp / f1","hmda_2019_mi","mlp","f1","hifi_erm",10,"higher",0.915422228412644,0.0182294523905136,7,"ScottKnottESD","2.0.3"
"transfer_complete / hmda_2019_mi / mlp / f1","hmda_2019_mi","mlp","f1","dralign",10,"higher",0.91499518511935,0.00934898220425453,7,"ScottKnottESD","2.0.3"
"transfer_complete / hmda_2019_mi / mlp / f1","hmda_2019_mi","mlp","f1","fairsmote",10,"higher",0.865025495159968,0.0153916356592484,8,"ScottKnottESD","2.0.3"
"transfer_complete / hmda_2019_mi / mlp / L_R","hmda_2019_mi","mlp","L_R","soft",10,"lower",0.00772470281002565,0.00257731573538127,1,"ScottKnottESD","2.0.3"
"transfer_complete / hmda_2019_mi / mlp / L_R","hmda_2019_mi","mlp","L_R","neufair",10,"lower",0.0959793156614352,0.0272318946234218,2,"ScottKnottESD","2.0.3"
"transfer_complete / hmda_2019_mi / mlp / L_R","hmda_2019_mi","mlp","L_R","hifi_shared",10,"lower",0.189008796188326,0.037422054619658,3,"ScottKnottESD","2.0.3"
"transfer_complete / hmda_2019_mi / mlp / L_R","hmda_2019_mi","mlp","L_R","reweighing",10,"lower",0.19464131112562,0.0454282513136191,4,"ScottKnottESD","2.0.3"
"transfer_complete / hmda_2019_mi / mlp / L_R","hmda_2019_mi","mlp","L_R","erm",10,"lower",0.199198077939853,0.052567523240074,4,"ScottKnottESD","2.0.3"
"transfer_complete / hmda_2019_mi / mlp / L_R","hmda_2019_mi","mlp","L_R","dralign",10,"lower",0.209891344178587,0.060405975880919,5,"ScottKnottESD","2.0.3"
"transfer_complete / hmda_2019_mi / mlp / L_R","hmda_2019_mi","mlp","L_R","cot_phi",10,"lower",0.266646249321873,0.047900131453348,6,"ScottKnottESD","2.0.3"
"transfer_complete / hmda_2019_mi / mlp / L_R","hmda_2019_mi","mlp","L_R","ltdd",10,"lower",0.31769682549352,0.0452247950791522,7,"ScottKnottESD","2.0.3"
"transfer_complete / hmda_2019_mi / mlp / L_R","hmda_2019_mi","mlp","L_R","hifi",10,"lower",0.357127596750263,0.0675248246357166,8,"ScottKnottESD","2.0.3"
"transfer_complete / hmda_2019_mi / mlp / L_R","hmda_2019_mi","mlp","L_R","fairsmote",10,"lower",0.365778511876454,0.290634381228765,8,"ScottKnottESD","2.0.3"
"transfer_complete / hmda_2019_mi / mlp / L_R","hmda_2019_mi","mlp","L_R","hifi_erm",10,"lower",0.386443823689808,0.0751339536734271,9,"ScottKnottESD","2.0.3"
"transfer_complete / hmda_2019_mi / mlp / opposite_005","hmda_2019_mi","mlp","opposite_005","soft",10,"lower",4.91835530198702e-06,1.55532050962442e-05,1,"ScottKnottESD","2.0.3"
"transfer_complete / hmda_2019_mi / mlp / opposite_005","hmda_2019_mi","mlp","opposite_005","reweighing",10,"lower",0.0335114090274135,0.0110254251375228,2,"ScottKnottESD","2.0.3"
"transfer_complete / hmda_2019_mi / mlp / opposite_005","hmda_2019_mi","mlp","opposite_005","neufair",10,"lower",0.0369928219188534,0.0152955230407269,3,"ScottKnottESD","2.0.3"
"transfer_complete / hmda_2019_mi / mlp / opposite_005","hmda_2019_mi","mlp","opposite_005","hifi_shared",10,"lower",0.0370894681202655,0.0129592697424363,3,"ScottKnottESD","2.0.3"
"transfer_complete / hmda_2019_mi / mlp / opposite_005","hmda_2019_mi","mlp","opposite_005","dralign",10,"lower",0.0392872011273203,0.012751140395957,3,"ScottKnottESD","2.0.3"
"transfer_complete / hmda_2019_mi / mlp / opposite_005","hmda_2019_mi","mlp","opposite_005","erm",10,"lower",0.0438348641677979,0.0138715859579829,4,"ScottKnottESD","2.0.3"
"transfer_complete / hmda_2019_mi / mlp / opposite_005","hmda_2019_mi","mlp","opposite_005","cot_phi",10,"lower",0.0695922663845585,0.0156075498456265,5,"ScottKnottESD","2.0.3"
"transfer_complete / hmda_2019_mi / mlp / opposite_005","hmda_2019_mi","mlp","opposite_005","ltdd",10,"lower",0.0736308068362665,0.0163138295159813,6,"ScottKnottESD","2.0.3"
"transfer_complete / hmda_2019_mi / mlp / opposite_005","hmda_2019_mi","mlp","opposite_005","hifi",10,"lower",0.074156713901447,0.0105565211460829,6,"ScottKnottESD","2.0.3"
"transfer_complete / hmda_2019_mi / mlp / opposite_005","hmda_2019_mi","mlp","opposite_005","hifi_erm",10,"lower",0.0800860715579904,0.0125673309693896,7,"ScottKnottESD","2.0.3"
"transfer_complete / hmda_2019_mi / mlp / opposite_005","hmda_2019_mi","mlp","opposite_005","fairsmote",10,"lower",0.0931960094284387,0.0363578644703595,8,"ScottKnottESD","2.0.3"
"transfer_complete / hmda_2019_mi / mlp / P_population_effect_gap","hmda_2019_mi","mlp","P_population_effect_gap","soft",10,"lower",0.0107522593053587,0.00160336558109733,1,"ScottKnottESD","2.0.3"
"transfer_complete / hmda_2019_mi / mlp / P_population_effect_gap","hmda_2019_mi","mlp","P_population_effect_gap","neufair",10,"lower",0.0235159247370869,0.00490733280042689,2,"ScottKnottESD","2.0.3"
"transfer_complete / hmda_2019_mi / mlp / P_population_effect_gap","hmda_2019_mi","mlp","P_population_effect_gap","reweighing",10,"lower",0.0359406222766932,0.00681088273449885,3,"ScottKnottESD","2.0.3"
"transfer_complete / hmda_2019_mi / mlp / P_population_effect_gap","hmda_2019_mi","mlp","P_population_effect_gap","cot_phi",10,"lower",0.0380717598034324,0.00500438445850892,4,"ScottKnottESD","2.0.3"
"transfer_complete / hmda_2019_mi / mlp / P_population_effect_gap","hmda_2019_mi","mlp","P_population_effect_gap","dralign",10,"lower",0.0381249142402258,0.00567410648708811,4,"ScottKnottESD","2.0.3"
"transfer_complete / hmda_2019_mi / mlp / P_population_effect_gap","hmda_2019_mi","mlp","P_population_effect_gap","hifi_shared",10,"lower",0.0409967550829226,0.00442637007338417,5,"ScottKnottESD","2.0.3"
"transfer_complete / hmda_2019_mi / mlp / P_population_effect_gap","hmda_2019_mi","mlp","P_population_effect_gap","ltdd",10,"lower",0.0418888823116614,0.00385057688165962,5,"ScottKnottESD","2.0.3"
"transfer_complete / hmda_2019_mi / mlp / P_population_effect_gap","hmda_2019_mi","mlp","P_population_effect_gap","erm",10,"lower",0.0419993705476801,0.00650091675350542,5,"ScottKnottESD","2.0.3"
"transfer_complete / hmda_2019_mi / mlp / P_population_effect_gap","hmda_2019_mi","mlp","P_population_effect_gap","hifi",10,"lower",0.0482988865030768,0.0054904430579344,6,"ScottKnottESD","2.0.3"
"transfer_complete / hmda_2019_mi / mlp / P_population_effect_gap","hmda_2019_mi","mlp","P_population_effect_gap","hifi_erm",10,"lower",0.0489307849437381,0.00446563777886056,6,"ScottKnottESD","2.0.3"
"transfer_complete / hmda_2019_mi / mlp / P_population_effect_gap","hmda_2019_mi","mlp","P_population_effect_gap","fairsmote",10,"lower",0.0545519400605911,0.0158710407718441,7,"ScottKnottESD","2.0.3"
"transfer_complete / hmda_2019_mi / mlp / P_R","hmda_2019_mi","mlp","P_R","soft",10,"lower",0.00116368866759927,0.00040510963108419,1,"ScottKnottESD","2.0.3"
"transfer_complete / hmda_2019_mi / mlp / P_R","hmda_2019_mi","mlp","P_R","neufair",10,"lower",0.0176971843115791,0.00338258981092778,2,"ScottKnottESD","2.0.3"
"transfer_complete / hmda_2019_mi / mlp / P_R","hmda_2019_mi","mlp","P_R","reweighing",10,"lower",0.0247229346361958,0.00600485321328371,3,"ScottKnottESD","2.0.3"
"transfer_complete / hmda_2019_mi / mlp / P_R","hmda_2019_mi","mlp","P_R","dralign",10,"lower",0.0322476306204409,0.011203529579224,4,"ScottKnottESD","2.0.3"
"transfer_complete / hmda_2019_mi / mlp / P_R","hmda_2019_mi","mlp","P_R","erm",10,"lower",0.0356924155703216,0.00640362371173333,5,"ScottKnottESD","2.0.3"
"transfer_complete / hmda_2019_mi / mlp / P_R","hmda_2019_mi","mlp","P_R","hifi_shared",10,"lower",0.035891973087176,0.00616856245688863,5,"ScottKnottESD","2.0.3"
"transfer_complete / hmda_2019_mi / mlp / P_R","hmda_2019_mi","mlp","P_R","cot_phi",10,"lower",0.0378094673534548,0.00618087203658936,6,"ScottKnottESD","2.0.3"
"transfer_complete / hmda_2019_mi / mlp / P_R","hmda_2019_mi","mlp","P_R","ltdd",10,"lower",0.0464818305796446,0.00766165058310892,7,"ScottKnottESD","2.0.3"
"transfer_complete / hmda_2019_mi / mlp / P_R","hmda_2019_mi","mlp","P_R","hifi",10,"lower",0.0505655355036295,0.00687145725097747,8,"ScottKnottESD","2.0.3"
"transfer_complete / hmda_2019_mi / mlp / P_R","hmda_2019_mi","mlp","P_R","hifi_erm",10,"lower",0.0547436566760809,0.00933461512550159,9,"ScottKnottESD","2.0.3"
"transfer_complete / hmda_2019_mi / mlp / P_R","hmda_2019_mi","mlp","P_R","fairsmote",10,"lower",0.063849153995517,0.0322013442880914,10,"ScottKnottESD","2.0.3"
"transfer_complete / hmda_2019_mi / mlp / violation_005","hmda_2019_mi","mlp","violation_005","soft",10,"lower",0.000779472104966735,0.000771727811488668,1,"ScottKnottESD","2.0.3"
"transfer_complete / hmda_2019_mi / mlp / violation_005","hmda_2019_mi","mlp","violation_005","neufair",10,"lower",0.61771026292214,0.0983457399537228,2,"ScottKnottESD","2.0.3"
"transfer_complete / hmda_2019_mi / mlp / violation_005","hmda_2019_mi","mlp","violation_005","dralign",10,"lower",0.797297538265049,0.0502278257649373,3,"ScottKnottESD","2.0.3"
"transfer_complete / hmda_2019_mi / mlp / violation_005","hmda_2019_mi","mlp","violation_005","hifi_shared",10,"lower",0.798067752308112,0.038923162297817,3,"ScottKnottESD","2.0.3"
"transfer_complete / hmda_2019_mi / mlp / violation_005","hmda_2019_mi","mlp","violation_005","reweighing",10,"lower",0.802628453303113,0.0385761677962217,3,"ScottKnottESD","2.0.3"
"transfer_complete / hmda_2019_mi / mlp / violation_005","hmda_2019_mi","mlp","violation_005","erm",10,"lower",0.80561552141317,0.0447715391891381,3,"ScottKnottESD","2.0.3"
"transfer_complete / hmda_2019_mi / mlp / violation_005","hmda_2019_mi","mlp","violation_005","cot_phi",10,"lower",0.853230276338893,0.0262157127503575,4,"ScottKnottESD","2.0.3"
"transfer_complete / hmda_2019_mi / mlp / violation_005","hmda_2019_mi","mlp","violation_005","fairsmote",10,"lower",0.865596504521051,0.0699883348117242,5,"ScottKnottESD","2.0.3"
"transfer_complete / hmda_2019_mi / mlp / violation_005","hmda_2019_mi","mlp","violation_005","ltdd",10,"lower",0.877167147081089,0.0209834598449485,6,"ScottKnottESD","2.0.3"
"transfer_complete / hmda_2019_mi / mlp / violation_005","hmda_2019_mi","mlp","violation_005","hifi",10,"lower",0.892517761906092,0.0264970396481031,7,"ScottKnottESD","2.0.3"
"transfer_complete / hmda_2019_mi / mlp / violation_005","hmda_2019_mi","mlp","violation_005","hifi_erm",10,"lower",0.895701275097116,0.0361562052989173,7,"ScottKnottESD","2.0.3"
"transfer_complete / hmda_2020_oh / ft / accuracy","hmda_2020_oh","ft","accuracy","erm",10,"higher",0.896825,0.00129543953168293,1,"ScottKnottESD","2.0.3"
"transfer_complete / hmda_2020_oh / ft / accuracy","hmda_2020_oh","ft","accuracy","reweighing",10,"higher",0.896175,0.00111419710338216,2,"ScottKnottESD","2.0.3"
"transfer_complete / hmda_2020_oh / ft / accuracy","hmda_2020_oh","ft","accuracy","hifi_shared",10,"higher",0.896066666666667,0.00127281645510855,2,"ScottKnottESD","2.0.3"
"transfer_complete / hmda_2020_oh / ft / accuracy","hmda_2020_oh","ft","accuracy","ltdd",10,"higher",0.895891666666667,0.00111530458664333,3,"ScottKnottESD","2.0.3"
"transfer_complete / hmda_2020_oh / ft / accuracy","hmda_2020_oh","ft","accuracy","cot_phi",10,"higher",0.895825,0.0013376377279959,3,"ScottKnottESD","2.0.3"
"transfer_complete / hmda_2020_oh / ft / accuracy","hmda_2020_oh","ft","accuracy","hifi_erm",10,"higher",0.892808333333333,0.00408022368365289,4,"ScottKnottESD","2.0.3"
"transfer_complete / hmda_2020_oh / ft / accuracy","hmda_2020_oh","ft","accuracy","soft",10,"higher",0.889258333333333,0.00207663738758267,5,"ScottKnottESD","2.0.3"
"transfer_complete / hmda_2020_oh / ft / accuracy","hmda_2020_oh","ft","accuracy","hifi",10,"higher",0.876758333333333,0.0423475561190874,6,"ScottKnottESD","2.0.3"
"transfer_complete / hmda_2020_oh / ft / accuracy","hmda_2020_oh","ft","accuracy","fairsmote",10,"higher",0.856508333333333,0.0155237994307267,7,"ScottKnottESD","2.0.3"
"transfer_complete / hmda_2020_oh / ft / accuracy","hmda_2020_oh","ft","accuracy","dralign",10,"higher",0.781508333333333,0.221884355827785,8,"ScottKnottESD","2.0.3"
"transfer_complete / hmda_2020_oh / ft / aod","hmda_2020_oh","ft","aod","dralign",10,"lower",0.00760233498643996,0.0167264577689373,1,"ScottKnottESD","2.0.3"
"transfer_complete / hmda_2020_oh / ft / aod","hmda_2020_oh","ft","aod","soft",10,"lower",0.011840832988049,0.00512215085288514,2,"ScottKnottESD","2.0.3"
"transfer_complete / hmda_2020_oh / ft / aod","hmda_2020_oh","ft","aod","reweighing",10,"lower",0.0323909255909757,0.00748273794984186,3,"ScottKnottESD","2.0.3"
"transfer_complete / hmda_2020_oh / ft / aod","hmda_2020_oh","ft","aod","ltdd",10,"lower",0.0348070791317227,0.0093629577709432,4,"ScottKnottESD","2.0.3"
"transfer_complete / hmda_2020_oh / ft / aod","hmda_2020_oh","ft","aod","fairsmote",10,"lower",0.0478212332397405,0.025725475430946,5,"ScottKnottESD","2.0.3"
"transfer_complete / hmda_2020_oh / ft / aod","hmda_2020_oh","ft","aod","cot_phi",10,"lower",0.0504390711216632,0.0109405447937212,5,"ScottKnottESD","2.0.3"
"transfer_complete / hmda_2020_oh / ft / aod","hmda_2020_oh","ft","aod","hifi_erm",10,"lower",0.0636166637927485,0.0218103949645286,6,"ScottKnottESD","2.0.3"
"transfer_complete / hmda_2020_oh / ft / aod","hmda_2020_oh","ft","aod","hifi_shared",10,"lower",0.0862723564202578,0.011228710625369,7,"ScottKnottESD","2.0.3"
"transfer_complete / hmda_2020_oh / ft / aod","hmda_2020_oh","ft","aod","erm",10,"lower",0.0872760804745139,0.00877960434076055,7,"ScottKnottESD","2.0.3"
"transfer_complete / hmda_2020_oh / ft / aod","hmda_2020_oh","ft","aod","hifi",10,"lower",0.111500941136732,0.0910391592206501,8,"ScottKnottESD","2.0.3"
"transfer_complete / hmda_2020_oh / ft / auc","hmda_2020_oh","ft","auc","erm",10,"higher",0.84035277380462,0.00211773544760624,1,"ScottKnottESD","2.0.3"
"transfer_complete / hmda_2020_oh / ft / auc","hmda_2020_oh","ft","auc","hifi_shared",10,"higher",0.83966658988625,0.00207614454255823,2,"ScottKnottESD","2.0.3"
"transfer_complete / hmda_2020_oh / ft / auc","hmda_2020_oh","ft","auc","reweighing",10,"higher",0.837149742881783,0.00268539118371673,3,"ScottKnottESD","2.0.3"
"transfer_complete / hmda_2020_oh / ft / auc","hmda_2020_oh","ft","auc","ltdd",10,"higher",0.837122682820642,0.00267141291224584,3,"ScottKnottESD","2.0.3"
"transfer_complete / hmda_2020_oh / ft / auc","hmda_2020_oh","ft","auc","cot_phi",10,"higher",0.836101948787153,0.00131290039159369,4,"ScottKnottESD","2.0.3"
"transfer_complete / hmda_2020_oh / ft / auc","hmda_2020_oh","ft","auc","hifi_erm",10,"higher",0.828390974629852,0.00621159865699254,5,"ScottKnottESD","2.0.3"
"transfer_complete / hmda_2020_oh / ft / auc","hmda_2020_oh","ft","auc","soft",10,"higher",0.826924744502773,0.00401488531235493,6,"ScottKnottESD","2.0.3"
"transfer_complete / hmda_2020_oh / ft / auc","hmda_2020_oh","ft","auc","hifi",10,"higher",0.824237879958945,0.0111519910348201,7,"ScottKnottESD","2.0.3"
"transfer_complete / hmda_2020_oh / ft / auc","hmda_2020_oh","ft","auc","fairsmote",10,"higher",0.815118974168625,0.00420396330322674,8,"ScottKnottESD","2.0.3"
"transfer_complete / hmda_2020_oh / ft / auc","hmda_2020_oh","ft","auc","dralign",10,"higher",0.731069251054488,0.0523223233240353,9,"ScottKnottESD","2.0.3"
"transfer_complete / hmda_2020_oh / ft / decision_disagreement","hmda_2020_oh","ft","decision_disagreement","soft",10,"lower",0.00101329464674798,0.000433145257473671,1,"ScottKnottESD","2.0.3"
"transfer_complete / hmda_2020_oh / ft / decision_disagreement","hmda_2020_oh","ft","decision_disagreement","dralign",10,"lower",0.00300912468559446,0.0073664659630521,2,"ScottKnottESD","2.0.3"
"transfer_complete / hmda_2020_oh / ft / decision_disagreement","hmda_2020_oh","ft","decision_disagreement","reweighing",10,"lower",0.018050736603901,0.00386578246143661,3,"ScottKnottESD","2.0.3"
"transfer_complete / hmda_2020_oh / ft / decision_disagreement","hmda_2020_oh","ft","decision_disagreement","hifi_erm",10,"lower",0.0201649084639197,0.0138694506487757,4,"ScottKnottESD","2.0.3"
"transfer_complete / hmda_2020_oh / ft / decision_disagreement","hmda_2020_oh","ft","decision_disagreement","cot_phi",10,"lower",0.0319952490077775,0.0109035904881088,5,"ScottKnottESD","2.0.3"
"transfer_complete / hmda_2020_oh / ft / decision_disagreement","hmda_2020_oh","ft","decision_disagreement","ltdd",10,"lower",0.0356707478460393,0.00806291468725447,6,"ScottKnottESD","2.0.3"
"transfer_complete / hmda_2020_oh / ft / decision_disagreement","hmda_2020_oh","ft","decision_disagreement","erm",10,"lower",0.037258443444452,0.00706329784437475,7,"ScottKnottESD","2.0.3"
"transfer_complete / hmda_2020_oh / ft / decision_disagreement","hmda_2020_oh","ft","decision_disagreement","hifi_shared",10,"lower",0.0402412905294555,0.00761444760700091,8,"ScottKnottESD","2.0.3"
"transfer_complete / hmda_2020_oh / ft / decision_disagreement","hmda_2020_oh","ft","decision_disagreement","hifi",10,"lower",0.0438714666395124,0.0472460576367664,8,"ScottKnottESD","2.0.3"
"transfer_complete / hmda_2020_oh / ft / decision_disagreement","hmda_2020_oh","ft","decision_disagreement","fairsmote",10,"lower",0.0912648092407645,0.0203725546909963,9,"ScottKnottESD","2.0.3"
"transfer_complete / hmda_2020_oh / ft / direction_adverse_005","hmda_2020_oh","ft","direction_adverse_005","soft",10,"lower",0.00102335716218446,0.00121467663436676,1,"ScottKnottESD","2.0.3"
"transfer_complete / hmda_2020_oh / ft / direction_adverse_005","hmda_2020_oh","ft","direction_adverse_005","dralign",10,"lower",0.059742506975493,0.0849993311673302,2,"ScottKnottESD","2.0.3"
"transfer_complete / hmda_2020_oh / ft / direction_adverse_005","hmda_2020_oh","ft","direction_adverse_005","hifi",10,"lower",0.0957858843201825,0.04993930497472,3,"ScottKnottESD","2.0.3"
"transfer_complete / hmda_2020_oh / ft / direction_adverse_005","hmda_2020_oh","ft","direction_adverse_005","hifi_erm",10,"lower",0.147974916269842,0.0938454865563488,4,"ScottKnottESD","2.0.3"
"transfer_complete / hmda_2020_oh / ft / direction_adverse_005","hmda_2020_oh","ft","direction_adverse_005","reweighing",10,"lower",0.152943156970236,0.0155266997697558,4,"ScottKnottESD","2.0.3"
"transfer_complete / hmda_2020_oh / ft / direction_adverse_005","hmda_2020_oh","ft","direction_adverse_005","cot_phi",10,"lower",0.173113078034132,0.0382994029535404,5,"ScottKnottESD","2.0.3"
"transfer_complete / hmda_2020_oh / ft / direction_adverse_005","hmda_2020_oh","ft","direction_adverse_005","hifi_shared",10,"lower",0.205821676777835,0.0360469063418482,6,"ScottKnottESD","2.0.3"
"transfer_complete / hmda_2020_oh / ft / direction_adverse_005","hmda_2020_oh","ft","direction_adverse_005","ltdd",10,"lower",0.22624915032467,0.0275765126884004,7,"ScottKnottESD","2.0.3"
"transfer_complete / hmda_2020_oh / ft / direction_adverse_005","hmda_2020_oh","ft","direction_adverse_005","erm",10,"lower",0.229603401489093,0.0291640344603188,7,"ScottKnottESD","2.0.3"
"transfer_complete / hmda_2020_oh / ft / direction_adverse_005","hmda_2020_oh","ft","direction_adverse_005","fairsmote",10,"lower",0.360068292261763,0.03302251565837,8,"ScottKnottESD","2.0.3"
"transfer_complete / hmda_2020_oh / ft / direction_adverse_decision","hmda_2020_oh","ft","direction_adverse_decision","soft",10,"lower",5.654099970778e-05,0.000133703320720007,1,"ScottKnottESD","2.0.3"
"transfer_complete / hmda_2020_oh / ft / direction_adverse_decision","hmda_2020_oh","ft","direction_adverse_decision","dralign",10,"lower",0.00123390623032496,0.0028235222627402,2,"ScottKnottESD","2.0.3"
"transfer_complete / hmda_2020_oh / ft / direction_adverse_decision","hmda_2020_oh","ft","direction_adverse_decision","hifi",10,"lower",0.00201486489275303,0.00189519738202532,3,"ScottKnottESD","2.0.3"
"transfer_complete / hmda_2020_oh / ft / direction_adverse_decision","hmda_2020_oh","ft","direction_adverse_decision","hifi_erm",10,"lower",0.00243404444448268,0.00202303579994708,4,"ScottKnottESD","2.0.3"
"transfer_complete / hmda_2020_oh / ft / direction_adverse_decision","hmda_2020_oh","ft","direction_adverse_decision","cot_phi",10,"lower",0.00305018565174214,0.00114658489828553,5,"ScottKnottESD","2.0.3"
"transfer_complete / hmda_2020_oh / ft / direction_adverse_decision","hmda_2020_oh","ft","direction_adverse_decision","reweighing",10,"lower",0.00316581015668868,0.00147390627900304,5,"ScottKnottESD","2.0.3"
"transfer_complete / hmda_2020_oh / ft / direction_adverse_decision","hmda_2020_oh","ft","direction_adverse_decision","erm",10,"lower",0.00599709428176804,0.00199369042740252,6,"ScottKnottESD","2.0.3"
"transfer_complete / hmda_2020_oh / ft / direction_adverse_decision","hmda_2020_oh","ft","direction_adverse_decision","hifi_shared",10,"lower",0.00674744808683143,0.00285484316150424,7,"ScottKnottESD","2.0.3"
"transfer_complete / hmda_2020_oh / ft / direction_adverse_decision","hmda_2020_oh","ft","direction_adverse_decision","ltdd",10,"lower",0.00760836570889395,0.00239757411569451,8,"ScottKnottESD","2.0.3"
"transfer_complete / hmda_2020_oh / ft / direction_adverse_decision","hmda_2020_oh","ft","direction_adverse_decision","fairsmote",10,"lower",0.0354044060698058,0.00892959187109525,9,"ScottKnottESD","2.0.3"
"transfer_complete / hmda_2020_oh / ft / direction_both_adverse_005","hmda_2020_oh","ft","direction_both_adverse_005","soft",10,"lower",0.00087376797835829,0.000995014745531421,1,"ScottKnottESD","2.0.3"
"transfer_complete / hmda_2020_oh / ft / direction_both_adverse_005","hmda_2020_oh","ft","direction_both_adverse_005","hifi",10,"lower",0.0399284449580757,0.0325431798827902,2,"ScottKnottESD","2.0.3"
"transfer_complete / hmda_2020_oh / ft / direction_both_adverse_005","hmda_2020_oh","ft","direction_both_adverse_005","hifi_erm",10,"lower",0.054420601488731,0.0379670067303908,3,"ScottKnottESD","2.0.3"
"transfer_complete / hmda_2020_oh / ft / direction_both_adverse_005","hmda_2020_oh","ft","direction_both_adverse_005","dralign",10,"lower",0.0551238012565671,0.081689321774815,3,"ScottKnottESD","2.0.3"
"transfer_complete / hmda_2020_oh / ft / direction_both_adverse_005","hmda_2020_oh","ft","direction_both_adverse_005","cot_phi",10,"lower",0.0932181465989312,0.0260995180687762,4,"ScottKnottESD","2.0.3"
"transfer_complete / hmda_2020_oh / ft / direction_both_adverse_005","hmda_2020_oh","ft","direction_both_adverse_005","hifi_shared",10,"lower",0.125934725637614,0.0197560650458758,5,"ScottKnottESD","2.0.3"
"transfer_complete / hmda_2020_oh / ft / direction_both_adverse_005","hmda_2020_oh","ft","direction_both_adverse_005","ltdd",10,"lower",0.126366977465884,0.0200456396422587,5,"ScottKnottESD","2.0.3"
"transfer_complete / hmda_2020_oh / ft / direction_both_adverse_005","hmda_2020_oh","ft","direction_both_adverse_005","reweighing",10,"lower",0.126591069483855,0.0135822516564251,5,"ScottKnottESD","2.0.3"
"transfer_complete / hmda_2020_oh / ft / direction_both_adverse_005","hmda_2020_oh","ft","direction_both_adverse_005","erm",10,"lower",0.133795402866655,0.0186298695814755,6,"ScottKnottESD","2.0.3"
"transfer_complete / hmda_2020_oh / ft / direction_both_adverse_005","hmda_2020_oh","ft","direction_both_adverse_005","fairsmote",10,"lower",0.213755075969056,0.0474598913660932,7,"ScottKnottESD","2.0.3"
"transfer_complete / hmda_2020_oh / ft / direction_joint_pass","hmda_2020_oh","ft","direction_joint_pass","soft",10,"higher",0.998929679782086,0.00124594299986165,1,"ScottKnottESD","2.0.3"
"transfer_complete / hmda_2020_oh / ft / direction_joint_pass","hmda_2020_oh","ft","direction_joint_pass","dralign",10,"higher",0.940257493024507,0.0849993311673302,2,"ScottKnottESD","2.0.3"
"transfer_complete / hmda_2020_oh / ft / direction_joint_pass","hmda_2020_oh","ft","direction_joint_pass","reweighing",10,"higher",0.494598802058711,0.0888440252080514,3,"ScottKnottESD","2.0.3"
"transfer_complete / hmda_2020_oh / ft / direction_joint_pass","hmda_2020_oh","ft","direction_joint_pass","hifi",10,"higher",0.406384188864058,0.0719688564647674,4,"ScottKnottESD","2.0.3"
"transfer_complete / hmda_2020_oh / ft / direction_joint_pass","hmda_2020_oh","ft","direction_joint_pass","hifi_erm",10,"higher",0.352681769796194,0.136746463599714,5,"ScottKnottESD","2.0.3"
"transfer_complete / hmda_2020_oh / ft / direction_joint_pass","hmda_2020_oh","ft","direction_joint_pass","cot_phi",10,"higher",0.259592968982382,0.0495712949257716,6,"ScottKnottESD","2.0.3"
"transfer_complete / hmda_2020_oh / ft / direction_joint_pass","hmda_2020_oh","ft","direction_joint_pass","hifi_shared",10,"higher",0.248951606697882,0.0933073207354396,7,"ScottKnottESD","2.0.3"
"transfer_complete / hmda_2020_oh / ft / direction_joint_pass","hmda_2020_oh","ft","direction_joint_pass","erm",10,"higher",0.241063554194628,0.0446255712281551,7,"ScottKnottESD","2.0.3"
"transfer_complete / hmda_2020_oh / ft / direction_joint_pass","hmda_2020_oh","ft","direction_joint_pass","ltdd",10,"higher",0.189363502494606,0.0281363214077729,8,"ScottKnottESD","2.0.3"
"transfer_complete / hmda_2020_oh / ft / direction_joint_pass","hmda_2020_oh","ft","direction_joint_pass","fairsmote",10,"higher",0.123218175056343,0.0457118043391347,9,"ScottKnottESD","2.0.3"
"transfer_complete / hmda_2020_oh / ft / dp","hmda_2020_oh","ft","dp","dralign",10,"lower",0.00880762001198809,0.0243507455413141,1,"ScottKnottESD","2.0.3"
"transfer_complete / hmda_2020_oh / ft / dp","hmda_2020_oh","ft","dp","soft",10,"lower",0.0349853349395066,0.00496982494165518,2,"ScottKnottESD","2.0.3"
"transfer_complete / hmda_2020_oh / ft / dp","hmda_2020_oh","ft","dp","reweighing",10,"lower",0.0564728492699476,0.00661898952865759,3,"ScottKnottESD","2.0.3"
"transfer_complete / hmda_2020_oh / ft / dp","hmda_2020_oh","ft","dp","ltdd",10,"lower",0.0602010917322812,0.00677139933246444,4,"ScottKnottESD","2.0.3"
"transfer_complete / hmda_2020_oh / ft / dp","hmda_2020_oh","ft","dp","cot_phi",10,"lower",0.0732457212358223,0.00561350818136779,5,"ScottKnottESD","2.0.3"
"transfer_complete / hmda_2020_oh / ft / dp","hmda_2020_oh","ft","dp","hifi_erm",10,"lower",0.0756875701973382,0.0193763914868077,5,"ScottKnottESD","2.0.3"
"transfer_complete / hmda_2020_oh / ft / dp","hmda_2020_oh","ft","dp","fairsmote",10,"lower",0.0940634147476969,0.0254055688318638,6,"ScottKnottESD","2.0.3"
"transfer_complete / hmda_2020_oh / ft / dp","hmda_2020_oh","ft","dp","hifi_shared",10,"lower",0.0971213999313302,0.0062436131652804,6,"ScottKnottESD","2.0.3"
"transfer_complete / hmda_2020_oh / ft / dp","hmda_2020_oh","ft","dp","erm",10,"lower",0.0971477330260654,0.00655420872745154,6,"ScottKnottESD","2.0.3"
"transfer_complete / hmda_2020_oh / ft / dp","hmda_2020_oh","ft","dp","hifi",10,"lower",0.132620302961527,0.11531439857694,7,"ScottKnottESD","2.0.3"
"transfer_complete / hmda_2020_oh / ft / eomax","hmda_2020_oh","ft","eomax","dralign",10,"lower",0.00886373921795104,0.0190043917925976,1,"ScottKnottESD","2.0.3"
"transfer_complete / hmda_2020_oh / ft / eomax","hmda_2020_oh","ft","eomax","soft",10,"lower",0.0218292163974954,0.0105318619066148,2,"ScottKnottESD","2.0.3"
"transfer_complete / hmda_2020_oh / ft / eomax","hmda_2020_oh","ft","eomax","fairsmote",10,"lower",0.0593101180012,0.0278385424724904,3,"ScottKnottESD","2.0.3"
"transfer_complete / hmda_2020_oh / ft / eomax","hmda_2020_oh","ft","eomax","reweighing",10,"lower",0.060337595493323,0.0139362840195234,3,"ScottKnottESD","2.0.3"
"transfer_complete / hmda_2020_oh / ft / eomax","hmda_2020_oh","ft","eomax","ltdd",10,"lower",0.063231946611549,0.0177210956221658,3,"ScottKnottESD","2.0.3"
"transfer_complete / hmda_2020_oh / ft / eomax","hmda_2020_oh","ft","eomax","cot_phi",10,"lower",0.0848983768668057,0.0217564521943464,4,"ScottKnottESD","2.0.3"
"transfer_complete / hmda_2020_oh / ft / eomax","hmda_2020_oh","ft","eomax","hifi_erm",10,"lower",0.11075671915,0.0344142234488908,5,"ScottKnottESD","2.0.3"
"transfer_complete / hmda_2020_oh / ft / eomax","hmda_2020_oh","ft","eomax","hifi_shared",10,"lower",0.143869514410964,0.0210303676740326,6,"ScottKnottESD","2.0.3"
"transfer_complete / hmda_2020_oh / ft / eomax","hmda_2020_oh","ft","eomax","erm",10,"lower",0.147739906921451,0.0155170447663081,7,"ScottKnottESD","2.0.3"
"transfer_complete / hmda_2020_oh / ft / eomax","hmda_2020_oh","ft","eomax","hifi",10,"lower",0.162572105462517,0.0996627383050415,8,"ScottKnottESD","2.0.3"
"transfer_complete / hmda_2020_oh / ft / f1","hmda_2020_oh","ft","f1","erm",10,"higher",0.941859106795416,0.000826903752751175,1,"ScottKnottESD","2.0.3"
"transfer_complete / hmda_2020_oh / ft / f1","hmda_2020_oh","ft","f1","reweighing",10,"higher",0.941575800888035,0.000709226304675304,2,"ScottKnottESD","2.0.3"
"transfer_complete / hmda_2020_oh / ft / f1","hmda_2020_oh","ft","f1","hifi_shared",10,"higher",0.941453822041152,0.000774185743888434,2,"ScottKnottESD","2.0.3"
"transfer_complete / hmda_2020_oh / ft / f1","hmda_2020_oh","ft","f1","cot_phi",10,"higher",0.941324972600682,0.000890252176885099,3,"ScottKnottESD","2.0.3"
"transfer_complete / hmda_2020_oh / ft / f1","hmda_2020_oh","ft","f1","ltdd",10,"higher",0.941324706321478,0.000708242322613132,3,"ScottKnottESD","2.0.3"
"transfer_complete / hmda_2020_oh / ft / f1","hmda_2020_oh","ft","f1","hifi_erm",10,"higher",0.939958787575416,0.00198525110526315,4,"ScottKnottESD","2.0.3"
"transfer_complete / hmda_2020_oh / ft / f1","hmda_2020_oh","ft","f1","soft",10,"higher",0.938421315017224,0.00107321364835184,5,"ScottKnottESD","2.0.3"
"transfer_complete / hmda_2020_oh / ft / f1","hmda_2020_oh","ft","f1","hifi",10,"higher",0.928719448167356,0.0297040676193505,6,"ScottKnottESD","2.0.3"
"transfer_complete / hmda_2020_oh / ft / f1","hmda_2020_oh","ft","f1","fairsmote",10,"higher",0.915328453327551,0.010618106096309,7,"ScottKnottESD","2.0.3"
"transfer_complete / hmda_2020_oh / ft / f1","hmda_2020_oh","ft","f1","dralign",10,"higher",0.826955633848906,0.290562598790631,8,"ScottKnottESD","2.0.3"
"transfer_complete / hmda_2020_oh / ft / L_R","hmda_2020_oh","ft","L_R","dralign",10,"lower",0.00180894975982668,0.00182818759167348,1,"ScottKnottESD","2.0.3"
"transfer_complete / hmda_2020_oh / ft / L_R","hmda_2020_oh","ft","L_R","soft",10,"lower",0.00513435208320208,0.000927989436582347,2,"ScottKnottESD","2.0.3"
"transfer_complete / hmda_2020_oh / ft / L_R","hmda_2020_oh","ft","L_R","reweighing",10,"lower",0.0904119907631911,0.0261152777820609,3,"ScottKnottESD","2.0.3"
"transfer_complete / hmda_2020_oh / ft / L_R","hmda_2020_oh","ft","L_R","hifi",10,"lower",0.190436597201777,0.0649359693670751,4,"ScottKnottESD","2.0.3"
"transfer_complete / hmda_2020_oh / ft / L_R","hmda_2020_oh","ft","L_R","hifi_erm",10,"lower",0.19940993552211,0.0442861231470847,4,"ScottKnottESD","2.0.3"
"transfer_complete / hmda_2020_oh / ft / L_R","hmda_2020_oh","ft","L_R","hifi_shared",10,"lower",0.208418218092638,0.0464848884127085,5,"ScottKnottESD","2.0.3"
"transfer_complete / hmda_2020_oh / ft / L_R","hmda_2020_oh","ft","L_R","erm",10,"lower",0.223450366431902,0.0373374757524854,6,"ScottKnottESD","2.0.3"
"transfer_complete / hmda_2020_oh / ft / L_R","hmda_2020_oh","ft","L_R","cot_phi",10,"lower",0.298880437024767,0.0758630282419845,7,"ScottKnottESD","2.0.3"
"transfer_complete / hmda_2020_oh / ft / L_R","hmda_2020_oh","ft","L_R","ltdd",10,"lower",0.305761132400714,0.033523101337913,7,"ScottKnottESD","2.0.3"
"transfer_complete / hmda_2020_oh / ft / L_R","hmda_2020_oh","ft","L_R","fairsmote",10,"lower",0.388968243867638,0.165756298392216,8,"ScottKnottESD","2.0.3"
"transfer_complete / hmda_2020_oh / ft / P_population_effect_gap","hmda_2020_oh","ft","P_population_effect_gap","dralign",10,"lower",0.00121105917528543,0.00091188542329346,1,"ScottKnottESD","2.0.3"
"transfer_complete / hmda_2020_oh / ft / P_population_effect_gap","hmda_2020_oh","ft","P_population_effect_gap","soft",10,"lower",0.0106690335695651,0.00284589336984032,2,"ScottKnottESD","2.0.3"
"transfer_complete / hmda_2020_oh / ft / P_population_effect_gap","hmda_2020_oh","ft","P_population_effect_gap","hifi_erm",10,"lower",0.0248589015388333,0.0063679855267473,3,"ScottKnottESD","2.0.3"
"transfer_complete / hmda_2020_oh / ft / P_population_effect_gap","hmda_2020_oh","ft","P_population_effect_gap","hifi",10,"lower",0.0284192164981857,0.00588196083490732,4,"ScottKnottESD","2.0.3"
"transfer_complete / hmda_2020_oh / ft / P_population_effect_gap","hmda_2020_oh","ft","P_population_effect_gap","reweighing",10,"lower",0.0286067387420001,0.0044534304336187,4,"ScottKnottESD","2.0.3"
"transfer_complete / hmda_2020_oh / ft / P_population_effect_gap","hmda_2020_oh","ft","P_population_effect_gap","ltdd",10,"lower",0.0317047038922362,0.0032537830234904,5,"ScottKnottESD","2.0.3"
"transfer_complete / hmda_2020_oh / ft / P_population_effect_gap","hmda_2020_oh","ft","P_population_effect_gap","cot_phi",10,"lower",0.0320399538821452,0.00500148804028135,5,"ScottKnottESD","2.0.3"
"transfer_complete / hmda_2020_oh / ft / P_population_effect_gap","hmda_2020_oh","ft","P_population_effect_gap","hifi_shared",10,"lower",0.0324336045706531,0.00381406011417293,6,"ScottKnottESD","2.0.3"
"transfer_complete / hmda_2020_oh / ft / P_population_effect_gap","hmda_2020_oh","ft","P_population_effect_gap","erm",10,"lower",0.0334918085381423,0.00244152534406023,7,"ScottKnottESD","2.0.3"
"transfer_complete / hmda_2020_oh / ft / P_population_effect_gap","hmda_2020_oh","ft","P_population_effect_gap","fairsmote",10,"lower",0.0480682684299969,0.0102410819940941,8,"ScottKnottESD","2.0.3"
"transfer_complete / hmda_2020_oh / ft / P_R","hmda_2020_oh","ft","P_R","dralign",10,"lower",0.000305820650395969,0.000452967383542328,1,"ScottKnottESD","2.0.3"
"transfer_complete / hmda_2020_oh / ft / P_R","hmda_2020_oh","ft","P_R","soft",10,"lower",0.00091947230036463,0.000227918634401284,2,"ScottKnottESD","2.0.3"
"transfer_complete / hmda_2020_oh / ft / P_R","hmda_2020_oh","ft","P_R","reweighing",10,"lower",0.0130661369760211,0.003250797597335,3,"ScottKnottESD","2.0.3"
"transfer_complete / hmda_2020_oh / ft / P_R","hmda_2020_oh","ft","P_R","hifi_erm",10,"lower",0.0216032957029496,0.00620497871654483,4,"ScottKnottESD","2.0.3"
"transfer_complete / hmda_2020_oh / ft / P_R","hmda_2020_oh","ft","P_R","hifi",10,"lower",0.0296153708271658,0.0157058185007872,5,"ScottKnottESD","2.0.3"
"transfer_complete / hmda_2020_oh / ft / P_R","hmda_2020_oh","ft","P_R","erm",10,"lower",0.0305583168664224,0.00354973300125106,5,"ScottKnottESD","2.0.3"
"transfer_complete / hmda_2020_oh / ft / P_R","hmda_2020_oh","ft","P_R","hifi_shared",10,"lower",0.0312008780955617,0.005639470077891,5,"ScottKnottESD","2.0.3"
"transfer_complete / hmda_2020_oh / ft / P_R","hmda_2020_oh","ft","P_R","ltdd",10,"lower",0.035620714901977,0.00579049115624831,6,"ScottKnottESD","2.0.3"
"transfer_complete / hmda_2020_oh / ft / P_R","hmda_2020_oh","ft","P_R","cot_phi",10,"lower",0.0360125242476425,0.00913659303006348,6,"ScottKnottESD","2.0.3"
"transfer_complete / hmda_2020_oh / ft / P_R","hmda_2020_oh","ft","P_R","fairsmote",10,"lower",0.0576142753039379,0.0206893384067976,7,"ScottKnottESD","2.0.3"
"transfer_complete / hmda_2020_oh / ft / violation_005","hmda_2020_oh","ft","violation_005","dralign",10,"lower",7.59933240181e-05,0.000129758964720589,1,"ScottKnottESD","2.0.3"
"transfer_complete / hmda_2020_oh / ft / violation_005","hmda_2020_oh","ft","violation_005","soft",10,"lower",0.00014633020466578,0.000181117988245916,2,"ScottKnottESD","2.0.3"
"transfer_complete / hmda_2020_oh / ft / violation_005","hmda_2020_oh","ft","violation_005","reweighing",10,"lower",0.446570816382871,0.0916516958839872,3,"ScottKnottESD","2.0.3"
"transfer_complete / hmda_2020_oh / ft / violation_005","hmda_2020_oh","ft","violation_005","hifi",10,"lower",0.610074763646613,0.0756193909659042,4,"ScottKnottESD","2.0.3"
"transfer_complete / hmda_2020_oh / ft / violation_005","hmda_2020_oh","ft","violation_005","hifi_erm",10,"lower",0.655065390225456,0.0712016216728201,5,"ScottKnottESD","2.0.3"
"transfer_complete / hmda_2020_oh / ft / violation_005","hmda_2020_oh","ft","violation_005","hifi_shared",10,"lower",0.727258616602488,0.0713920082702955,6,"ScottKnottESD","2.0.3"
"transfer_complete / hmda_2020_oh / ft / violation_005","hmda_2020_oh","ft","violation_005","erm",10,"lower",0.754205170353937,0.0328567505351012,7,"ScottKnottESD","2.0.3"
"transfer_complete / hmda_2020_oh / ft / violation_005","hmda_2020_oh","ft","violation_005","cot_phi",10,"lower",0.824853890605232,0.0386062766752817,8,"ScottKnottESD","2.0.3"
"transfer_complete / hmda_2020_oh / ft / violation_005","hmda_2020_oh","ft","violation_005","ltdd",10,"lower",0.846793737470409,0.0147232936896426,9,"ScottKnottESD","2.0.3"
"transfer_complete / hmda_2020_oh / ft / violation_005","hmda_2020_oh","ft","violation_005","fairsmote",10,"lower",0.86108520313755,0.0460546210878673,10,"ScottKnottESD","2.0.3"
"transfer_complete / hmda_2020_oh / mlp / accuracy","hmda_2020_oh","mlp","accuracy","erm",10,"higher",0.893516666666667,0.0010612419930917,1,"ScottKnottESD","2.0.3"
"transfer_complete / hmda_2020_oh / mlp / accuracy","hmda_2020_oh","mlp","accuracy","hifi_shared",10,"higher",0.893233333333333,0.00124027077887785,2,"ScottKnottESD","2.0.3"
"transfer_complete / hmda_2020_oh / mlp / accuracy","hmda_2020_oh","mlp","accuracy","cot_phi",10,"higher",0.892908333333333,0.00115031530835764,3,"ScottKnottESD","2.0.3"
"transfer_complete / hmda_2020_oh / mlp / accuracy","hmda_2020_oh","mlp","accuracy","mirrorfair",10,"higher",0.892825,0.00151150423807821,3,"ScottKnottESD","2.0.3"
"transfer_complete / hmda_2020_oh / mlp / accuracy","hmda_2020_oh","mlp","accuracy","reweighing",10,"higher",0.892708333333333,0.001473662817189,3,"ScottKnottESD","2.0.3"
"transfer_complete / hmda_2020_oh / mlp / accuracy","hmda_2020_oh","mlp","accuracy","ltdd",10,"higher",0.8923,0.00119036771992607,4,"ScottKnottESD","2.0.3"
"transfer_complete / hmda_2020_oh / mlp / accuracy","hmda_2020_oh","mlp","accuracy","soft",10,"higher",0.890258333333333,0.00194343227624367,5,"ScottKnottESD","2.0.3"
"transfer_complete / hmda_2020_oh / mlp / accuracy","hmda_2020_oh","mlp","accuracy","hifi",10,"higher",0.890075,0.00217358226817924,5,"ScottKnottESD","2.0.3"
"transfer_complete / hmda_2020_oh / mlp / accuracy","hmda_2020_oh","mlp","accuracy","dralign",10,"higher",0.886325,0.00769734702573345,6,"ScottKnottESD","2.0.3"
"transfer_complete / hmda_2020_oh / mlp / accuracy","hmda_2020_oh","mlp","accuracy","hifi_erm",10,"higher",0.8832,0.0162168084573756,7,"ScottKnottESD","2.0.3"
"transfer_complete / hmda_2020_oh / mlp / accuracy","hmda_2020_oh","mlp","accuracy","neufair",10,"higher",0.880366666666667,0.00200470126465115,8,"ScottKnottESD","2.0.3"
"transfer_complete / hmda_2020_oh / mlp / accuracy","hmda_2020_oh","mlp","accuracy","fairsmote",10,"higher",0.838666666666667,0.0150611408254143,9,"ScottKnottESD","2.0.3"
"transfer_complete / hmda_2020_oh / mlp / aod","hmda_2020_oh","mlp","aod","soft",10,"lower",0.0104710080341031,0.0030272278063688,1,"ScottKnottESD","2.0.3"
"transfer_complete / hmda_2020_oh / mlp / aod","hmda_2020_oh","mlp","aod","neufair",10,"lower",0.0159418681317104,0.00868233463724935,2,"ScottKnottESD","2.0.3"
"transfer_complete / hmda_2020_oh / mlp / aod","hmda_2020_oh","mlp","aod","fairsmote",10,"lower",0.0233285500882981,0.0162343873381382,3,"ScottKnottESD","2.0.3"
"transfer_complete / hmda_2020_oh / mlp / aod","hmda_2020_oh","mlp","aod","reweighing",10,"lower",0.0267967921964005,0.0107289317595299,4,"ScottKnottESD","2.0.3"
"transfer_complete / hmda_2020_oh / mlp / aod","hmda_2020_oh","mlp","aod","mirrorfair",10,"lower",0.0292926766954801,0.00979235223234495,5,"ScottKnottESD","2.0.3"
"transfer_complete / hmda_2020_oh / mlp / aod","hmda_2020_oh","mlp","aod","dralign",10,"lower",0.0311754460461507,0.0109785439789163,5,"ScottKnottESD","2.0.3"
"transfer_complete / hmda_2020_oh / mlp / aod","hmda_2020_oh","mlp","aod","ltdd",10,"lower",0.0382737116706846,0.0158402080920359,6,"ScottKnottESD","2.0.3"
"transfer_complete / hmda_2020_oh / mlp / aod","hmda_2020_oh","mlp","aod","cot_phi",10,"lower",0.0598795359215442,0.0170970181672714,7,"ScottKnottESD","2.0.3"
"transfer_complete / hmda_2020_oh / mlp / aod","hmda_2020_oh","mlp","aod","hifi",10,"lower",0.0808304432753016,0.0189486203990166,8,"ScottKnottESD","2.0.3"
"transfer_complete / hmda_2020_oh / mlp / aod","hmda_2020_oh","mlp","aod","erm",10,"lower",0.0863641991090142,0.0170769637283756,9,"ScottKnottESD","2.0.3"
"transfer_complete / hmda_2020_oh / mlp / aod","hmda_2020_oh","mlp","aod","hifi_erm",10,"lower",0.086731067222934,0.0279053957764568,9,"ScottKnottESD","2.0.3"
"transfer_complete / hmda_2020_oh / mlp / aod","hmda_2020_oh","mlp","aod","hifi_shared",10,"lower",0.0902422808758171,0.0138117225997062,10,"ScottKnottESD","2.0.3"
"transfer_complete / hmda_2020_oh / mlp / auc","hmda_2020_oh","mlp","auc","erm",10,"higher",0.829554843075872,0.00144908366857022,1,"ScottKnottESD","2.0.3"
"transfer_complete / hmda_2020_oh / mlp / auc","hmda_2020_oh","mlp","auc","hifi_shared",10,"higher",0.829327591370375,0.00238461310952588,1,"ScottKnottESD","2.0.3"
"transfer_complete / hmda_2020_oh / mlp / auc","hmda_2020_oh","mlp","auc","ltdd",10,"higher",0.826962442399035,0.00204632487057713,2,"ScottKnottESD","2.0.3"
"transfer_complete / hmda_2020_oh / mlp / auc","hmda_2020_oh","mlp","auc","reweighing",10,"higher",0.826903888030742,0.00185551590994103,2,"ScottKnottESD","2.0.3"
"transfer_complete / hmda_2020_oh / mlp / auc","hmda_2020_oh","mlp","auc","cot_phi",10,"higher",0.826481804429444,0.00192899666547809,3,"ScottKnottESD","2.0.3"
"transfer_complete / hmda_2020_oh / mlp / auc","hmda_2020_oh","mlp","auc","soft",10,"higher",0.822616130017646,0.00726023751741131,4,"ScottKnottESD","2.0.3"
"transfer_complete / hmda_2020_oh / mlp / auc","hmda_2020_oh","mlp","auc","dralign",10,"higher",0.82121859939998,0.00470569118504319,5,"ScottKnottESD","2.0.3"
"transfer_complete / hmda_2020_oh / mlp / auc","hmda_2020_oh","mlp","auc","hifi",10,"higher",0.821181328868128,0.00395447353824052,5,"ScottKnottESD","2.0.3"
"transfer_complete / hmda_2020_oh / mlp / auc","hmda_2020_oh","mlp","auc","hifi_erm",10,"higher",0.819513657668259,0.00393688450609826,6,"ScottKnottESD","2.0.3"
"transfer_complete / hmda_2020_oh / mlp / auc","hmda_2020_oh","mlp","auc","neufair",10,"higher",0.807725646094687,0.00601327496831584,7,"ScottKnottESD","2.0.3"
"transfer_complete / hmda_2020_oh / mlp / auc","hmda_2020_oh","mlp","auc","fairsmote",10,"higher",0.805955197837329,0.0030796561209041,8,"ScottKnottESD","2.0.3"
"transfer_complete / hmda_2020_oh / mlp / decision_disagreement","hmda_2020_oh","mlp","decision_disagreement","soft",10,"lower",0.00098667888358047,0.000503375639187965,1,"ScottKnottESD","2.0.3"
"transfer_complete / hmda_2020_oh / mlp / decision_disagreement","hmda_2020_oh","mlp","decision_disagreement","neufair",10,"lower",0.0182670953853227,0.00442358567722589,2,"ScottKnottESD","2.0.3"
"transfer_complete / hmda_2020_oh / mlp / decision_disagreement","hmda_2020_oh","mlp","decision_disagreement","reweighing",10,"lower",0.0251800280793561,0.0067428922208015,3,"ScottKnottESD","2.0.3"
"transfer_complete / hmda_2020_oh / mlp / decision_disagreement","hmda_2020_oh","mlp","decision_disagreement","mirrorfair",10,"lower",0.0265310016724225,0.00622003174857695,4,"ScottKnottESD","2.0.3"
"transfer_complete / hmda_2020_oh / mlp / decision_disagreement","hmda_2020_oh","mlp","decision_disagreement","cot_phi",10,"lower",0.0359408114406746,0.00624487384366972,5,"ScottKnottESD","2.0.3"
"transfer_complete / hmda_2020_oh / mlp / decision_disagreement","hmda_2020_oh","mlp","decision_disagreement","dralign",10,"lower",0.040699459512014,0.0235682047262429,6,"ScottKnottESD","2.0.3"
"transfer_complete / hmda_2020_oh / mlp / decision_disagreement","hmda_2020_oh","mlp","decision_disagreement","erm",10,"lower",0.0453113663294499,0.00786628047544117,7,"ScottKnottESD","2.0.3"
"transfer_complete / hmda_2020_oh / mlp / decision_disagreement","hmda_2020_oh","mlp","decision_disagreement","ltdd",10,"lower",0.0504058018745098,0.0141167088536201,8,"ScottKnottESD","2.0.3"
"transfer_complete / hmda_2020_oh / mlp / decision_disagreement","hmda_2020_oh","mlp","decision_disagreement","hifi_shared",10,"lower",0.0513002801209953,0.0111066498428179,8,"ScottKnottESD","2.0.3"
"transfer_complete / hmda_2020_oh / mlp / decision_disagreement","hmda_2020_oh","mlp","decision_disagreement","hifi",10,"lower",0.0622568360238259,0.0140716437523555,9,"ScottKnottESD","2.0.3"
"transfer_complete / hmda_2020_oh / mlp / decision_disagreement","hmda_2020_oh","mlp","decision_disagreement","hifi_erm",10,"lower",0.0718358456355399,0.0187902390543448,10,"ScottKnottESD","2.0.3"
"transfer_complete / hmda_2020_oh / mlp / decision_disagreement","hmda_2020_oh","mlp","decision_disagreement","fairsmote",10,"lower",0.111368554417623,0.028076925352271,11,"ScottKnottESD","2.0.3"
"transfer_complete / hmda_2020_oh / mlp / direction_adverse_005","hmda_2020_oh","mlp","direction_adverse_005","soft",10,"lower",0.00466275030661161,0.0026424768254494,1,"ScottKnottESD","2.0.3"
"transfer_complete / hmda_2020_oh / mlp / direction_adverse_005","hmda_2020_oh","mlp","direction_adverse_005","cot_phi",10,"lower",0.178670027246104,0.0208037246167362,2,"ScottKnottESD","2.0.3"
"transfer_complete / hmda_2020_oh / mlp / direction_adverse_005","hmda_2020_oh","mlp","direction_adverse_005","reweighing",10,"lower",0.195489549311336,0.0225902672491093,3,"ScottKnottESD","2.0.3"
"transfer_complete / hmda_2020_oh / mlp / direction_adverse_005","hmda_2020_oh","mlp","direction_adverse_005","hifi_shared",10,"lower",0.216073230530544,0.0442225956075516,4,"ScottKnottESD","2.0.3"
"transfer_complete / hmda_2020_oh / mlp / direction_adverse_005","hmda_2020_oh","mlp","direction_adverse_005","ltdd",10,"lower",0.228794527063947,0.0270614542127163,5,"ScottKnottESD","2.0.3"
"transfer_complete / hmda_2020_oh / mlp / direction_adverse_005","hmda_2020_oh","mlp","direction_adverse_005","erm",10,"lower",0.229438683459651,0.0353358670088947,5,"ScottKnottESD","2.0.3"
"transfer_complete / hmda_2020_oh / mlp / direction_adverse_005","hmda_2020_oh","mlp","direction_adverse_005","dralign",10,"lower",0.240194753230582,0.039898522758331,6,"ScottKnottESD","2.0.3"
"transfer_complete / hmda_2020_oh / mlp / direction_adverse_005","hmda_2020_oh","mlp","direction_adverse_005","hifi",10,"lower",0.304221917361583,0.0328323145207284,7,"ScottKnottESD","2.0.3"
"transfer_complete / hmda_2020_oh / mlp / direction_adverse_005","hmda_2020_oh","mlp","direction_adverse_005","fairsmote",10,"lower",0.304483402591773,0.0982516460906842,7,"ScottKnottESD","2.0.3"
"transfer_complete / hmda_2020_oh / mlp / direction_adverse_005","hmda_2020_oh","mlp","direction_adverse_005","neufair",10,"lower",0.319590181826991,0.0667632426878736,8,"ScottKnottESD","2.0.3"
"transfer_complete / hmda_2020_oh / mlp / direction_adverse_005","hmda_2020_oh","mlp","direction_adverse_005","hifi_erm",10,"lower",0.327926056983925,0.035790176227696,8,"ScottKnottESD","2.0.3"
"transfer_complete / hmda_2020_oh / mlp / direction_adverse_decision","hmda_2020_oh","mlp","direction_adverse_decision","soft",10,"lower",7.767477114132e-05,0.000109939841606998,1,"ScottKnottESD","2.0.3"
"transfer_complete / hmda_2020_oh / mlp / direction_adverse_decision","hmda_2020_oh","mlp","direction_adverse_decision","cot_phi",10,"lower",0.00353460190914033,0.00115603677318976,2,"ScottKnottESD","2.0.3"
"transfer_complete / hmda_2020_oh / mlp / direction_adverse_decision","hmda_2020_oh","mlp","direction_adverse_decision","reweighing",10,"lower",0.0046550453032722,0.00167649620763137,3,"ScottKnottESD","2.0.3"
"transfer_complete / hmda_2020_oh / mlp / direction_adverse_decision","hmda_2020_oh","mlp","direction_adverse_decision","neufair",10,"lower",0.00485836430566632,0.00178716722282698,3,"ScottKnottESD","2.0.3"
"transfer_complete / hmda_2020_oh / mlp / direction_adverse_decision","hmda_2020_oh","mlp","direction_adverse_decision","mirrorfair",10,"lower",0.00491276540080205,0.00151283050614312,3,"ScottKnottESD","2.0.3"
"transfer_complete / hmda_2020_oh / mlp / direction_adverse_decision","hmda_2020_oh","mlp","direction_adverse_decision","dralign",10,"lower",0.00679528201503619,0.00415744804699071,4,"ScottKnottESD","2.0.3"
"transfer_complete / hmda_2020_oh / mlp / direction_adverse_decision","hmda_2020_oh","mlp","direction_adverse_decision","ltdd",10,"lower",0.00714589645355974,0.00310334602691804,4,"ScottKnottESD","2.0.3"
"transfer_complete / hmda_2020_oh / mlp / direction_adverse_decision","hmda_2020_oh","mlp","direction_adverse_decision","erm",10,"lower",0.00753979889446823,0.00210941315326938,5,"ScottKnottESD","2.0.3"
"transfer_complete / hmda_2020_oh / mlp / direction_adverse_decision","hmda_2020_oh","mlp","direction_adverse_decision","hifi_shared",10,"lower",0.00775358465027194,0.00352512606253167,5,"ScottKnottESD","2.0.3"
"transfer_complete / hmda_2020_oh / mlp / direction_adverse_decision","hmda_2020_oh","mlp","direction_adverse_decision","hifi",10,"lower",0.0152786311633673,0.00499630777432481,6,"ScottKnottESD","2.0.3"
"transfer_complete / hmda_2020_oh / mlp / direction_adverse_decision","hmda_2020_oh","mlp","direction_adverse_decision","hifi_erm",10,"lower",0.0192228202764027,0.00618622168825201,7,"ScottKnottESD","2.0.3"
"transfer_complete / hmda_2020_oh / mlp / direction_adverse_decision","hmda_2020_oh","mlp","direction_adverse_decision","fairsmote",10,"lower",0.0337808078809017,0.023694604236832,8,"ScottKnottESD","2.0.3"
"transfer_complete / hmda_2020_oh / mlp / direction_both_adverse_005","hmda_2020_oh","mlp","direction_both_adverse_005","soft",10,"lower",0.00396441210732284,0.00255347088980945,1,"ScottKnottESD","2.0.3"
"transfer_complete / hmda_2020_oh / mlp / direction_both_adverse_005","hmda_2020_oh","mlp","direction_both_adverse_005","cot_phi",10,"lower",0.0925854684860681,0.014149399749555,2,"ScottKnottESD","2.0.3"
"transfer_complete / hmda_2020_oh / mlp / direction_both_adverse_005","hmda_2020_oh","mlp","direction_both_adverse_005","reweighing",10,"lower",0.119885017654203,0.0120838157876483,3,"ScottKnottESD","2.0.3"
"transfer_complete / hmda_2020_oh / mlp / direction_both_adverse_005","hmda_2020_oh","mlp","direction_both_adverse_005","ltdd",10,"lower",0.129016583130213,0.0129789637928008,4,"ScottKnottESD","2.0.3"
"transfer_complete / hmda_2020_oh / mlp / direction_both_adverse_005","hmda_2020_oh","mlp","direction_both_adverse_005","hifi_shared",10,"lower",0.132712389728772,0.0244668941698983,5,"ScottKnottESD","2.0.3"
"transfer_complete / hmda_2020_oh / mlp / direction_both_adverse_005","hmda_2020_oh","mlp","direction_both_adverse_005","erm",10,"lower",0.135217022755184,0.0130287967935912,5,"ScottKnottESD","2.0.3"
"transfer_complete / hmda_2020_oh / mlp / direction_both_adverse_005","hmda_2020_oh","mlp","direction_both_adverse_005","dralign",10,"lower",0.146631103356789,0.0201695072548611,6,"ScottKnottESD","2.0.3"
"transfer_complete / hmda_2020_oh / mlp / direction_both_adverse_005","hmda_2020_oh","mlp","direction_both_adverse_005","hifi",10,"lower",0.168793888511281,0.0271476667473525,7,"ScottKnottESD","2.0.3"
"transfer_complete / hmda_2020_oh / mlp / direction_both_adverse_005","hmda_2020_oh","mlp","direction_both_adverse_005","fairsmote",10,"lower",0.176229951876292,0.0613854523758811,8,"ScottKnottESD","2.0.3"
"transfer_complete / hmda_2020_oh / mlp / direction_both_adverse_005","hmda_2020_oh","mlp","direction_both_adverse_005","hifi_erm",10,"lower",0.180048016044204,0.0264689060633186,8,"ScottKnottESD","2.0.3"
"transfer_complete / hmda_2020_oh / mlp / direction_both_adverse_005","hmda_2020_oh","mlp","direction_both_adverse_005","neufair",10,"lower",0.213862557931567,0.0537304461855108,9,"ScottKnottESD","2.0.3"
"transfer_complete / hmda_2020_oh / mlp / direction_joint_pass","hmda_2020_oh","mlp","direction_joint_pass","soft",10,"higher",0.994660273865743,0.00215506249094772,1,"ScottKnottESD","2.0.3"
"transfer_complete / hmda_2020_oh / mlp / direction_joint_pass","hmda_2020_oh","mlp","direction_joint_pass","neufair",10,"higher",0.32693641486424,0.0742758333825196,2,"ScottKnottESD","2.0.3"
"transfer_complete / hmda_2020_oh / mlp / direction_joint_pass","hmda_2020_oh","mlp","direction_joint_pass","reweighing",10,"higher",0.220926306593496,0.0392706054076677,3,"ScottKnottESD","2.0.3"
"transfer_complete / hmda_2020_oh / mlp / direction_joint_pass","hmda_2020_oh","mlp","direction_joint_pass","erm",10,"higher",0.20883931654296,0.0412003616739775,4,"ScottKnottESD","2.0.3"
"transfer_complete / hmda_2020_oh / mlp / direction_joint_pass","hmda_2020_oh","mlp","direction_joint_pass","hifi_shared",10,"higher",0.208333625350653,0.0452365297015918,4,"ScottKnottESD","2.0.3"
"transfer_complete / hmda_2020_oh / mlp / direction_joint_pass","hmda_2020_oh","mlp","direction_joint_pass","dralign",10,"higher",0.204726756697975,0.0399532751560216,4,"ScottKnottESD","2.0.3"
"transfer_complete / hmda_2020_oh / mlp / direction_joint_pass","hmda_2020_oh","mlp","direction_joint_pass","cot_phi",10,"higher",0.175062341689936,0.021364984252064,5,"ScottKnottESD","2.0.3"
"transfer_complete / hmda_2020_oh / mlp / direction_joint_pass","hmda_2020_oh","mlp","direction_joint_pass","ltdd",10,"higher",0.168433359795808,0.0345617259609394,6,"ScottKnottESD","2.0.3"
"transfer_complete / hmda_2020_oh / mlp / direction_joint_pass","hmda_2020_oh","mlp","direction_joint_pass","fairsmote",10,"higher",0.13827247212826,0.0614437693304324,7,"ScottKnottESD","2.0.3"
"transfer_complete / hmda_2020_oh / mlp / direction_joint_pass","hmda_2020_oh","mlp","direction_joint_pass","hifi",10,"higher",0.110179673538098,0.0232426916920731,8,"ScottKnottESD","2.0.3"
"transfer_complete / hmda_2020_oh / mlp / direction_joint_pass","hmda_2020_oh","mlp","direction_joint_pass","hifi_erm",10,"higher",0.104756639839295,0.0272899008447027,9,"ScottKnottESD","2.0.3"
"transfer_complete / hmda_2020_oh / mlp / dp","hmda_2020_oh","mlp","dp","neufair",10,"lower",0.0234163771481113,0.0097769778261216,1,"ScottKnottESD","2.0.3"
"transfer_complete / hmda_2020_oh / mlp / dp","hmda_2020_oh","mlp","dp","soft",10,"lower",0.0347441179722644,0.00669999486273171,2,"ScottKnottESD","2.0.3"
"transfer_complete / hmda_2020_oh / mlp / dp","hmda_2020_oh","mlp","dp","fairsmote",10,"lower",0.044300412600313,0.0261979226151138,3,"ScottKnottESD","2.0.3"
"transfer_complete / hmda_2020_oh / mlp / dp","hmda_2020_oh","mlp","dp","dralign",10,"lower",0.0479255049843747,0.0201551052778152,3,"ScottKnottESD","2.0.3"
"transfer_complete / hmda_2020_oh / mlp / dp","hmda_2020_oh","mlp","dp","reweighing",10,"lower",0.0519249346764666,0.00760569069895461,4,"ScottKnottESD","2.0.3"
"transfer_complete / hmda_2020_oh / mlp / dp","hmda_2020_oh","mlp","dp","mirrorfair",10,"lower",0.0535121946961364,0.00953317059985503,4,"ScottKnottESD","2.0.3"
"transfer_complete / hmda_2020_oh / mlp / dp","hmda_2020_oh","mlp","dp","ltdd",10,"lower",0.0609356541373511,0.0112068494570466,5,"ScottKnottESD","2.0.3"
"transfer_complete / hmda_2020_oh / mlp / dp","hmda_2020_oh","mlp","dp","cot_phi",10,"lower",0.0783744187805885,0.0129798059329361,6,"ScottKnottESD","2.0.3"
"transfer_complete / hmda_2020_oh / mlp / dp","hmda_2020_oh","mlp","dp","hifi",10,"lower",0.0945379923997742,0.0187071506701539,7,"ScottKnottESD","2.0.3"
"transfer_complete / hmda_2020_oh / mlp / dp","hmda_2020_oh","mlp","dp","erm",10,"lower",0.0953135820574148,0.0138480513924554,7,"ScottKnottESD","2.0.3"
"transfer_complete / hmda_2020_oh / mlp / dp","hmda_2020_oh","mlp","dp","hifi_shared",10,"lower",0.0997945727637237,0.00994096900051973,8,"ScottKnottESD","2.0.3"
"transfer_complete / hmda_2020_oh / mlp / dp","hmda_2020_oh","mlp","dp","hifi_erm",10,"lower",0.107350279625459,0.0307503686711762,9,"ScottKnottESD","2.0.3"
"transfer_complete / hmda_2020_oh / mlp / eomax","hmda_2020_oh","mlp","eomax","soft",10,"lower",0.019626690156383,0.00722878388522548,1,"ScottKnottESD","2.0.3"
"transfer_complete / hmda_2020_oh / mlp / eomax","hmda_2020_oh","mlp","eomax","neufair",10,"lower",0.0293683762588907,0.0171518873908388,2,"ScottKnottESD","2.0.3"
"transfer_complete / hmda_2020_oh / mlp / eomax","hmda_2020_oh","mlp","eomax","fairsmote",10,"lower",0.029628652423582,0.0213217146626085,2,"ScottKnottESD","2.0.3"
"transfer_complete / hmda_2020_oh / mlp / eomax","hmda_2020_oh","mlp","eomax","reweighing",10,"lower",0.0502458678662857,0.0196046310304201,3,"ScottKnottESD","2.0.3"
"transfer_complete / hmda_2020_oh / mlp / eomax","hmda_2020_oh","mlp","eomax","dralign",10,"lower",0.0513719384941156,0.0203439639296482,3,"ScottKnottESD","2.0.3"
"transfer_complete / hmda_2020_oh / mlp / eomax","hmda_2020_oh","mlp","eomax","mirrorfair",10,"lower",0.0534289786351632,0.0193073973385832,3,"ScottKnottESD","2.0.3"
"transfer_complete / hmda_2020_oh / mlp / eomax","hmda_2020_oh","mlp","eomax","ltdd",10,"lower",0.068558295676373,0.0276052262033616,4,"ScottKnottESD","2.0.3"
"transfer_complete / hmda_2020_oh / mlp / eomax","hmda_2020_oh","mlp","eomax","cot_phi",10,"lower",0.0986747451822732,0.0246471555686191,5,"ScottKnottESD","2.0.3"
"transfer_complete / hmda_2020_oh / mlp / eomax","hmda_2020_oh","mlp","eomax","hifi_erm",10,"lower",0.126189655987625,0.0319205780995938,6,"ScottKnottESD","2.0.3"
"transfer_complete / hmda_2020_oh / mlp / eomax","hmda_2020_oh","mlp","eomax","hifi",10,"lower",0.130637905530001,0.0234738012089195,6,"ScottKnottESD","2.0.3"
"transfer_complete / hmda_2020_oh / mlp / eomax","hmda_2020_oh","mlp","eomax","erm",10,"lower",0.143064364694995,0.024966312268385,7,"ScottKnottESD","2.0.3"
"transfer_complete / hmda_2020_oh / mlp / eomax","hmda_2020_oh","mlp","eomax","hifi_shared",10,"lower",0.146450113815207,0.0208644316512071,7,"ScottKnottESD","2.0.3"
"transfer_complete / hmda_2020_oh / mlp / f1","hmda_2020_oh","mlp","f1","erm",10,"higher",0.940168123063367,0.000591545586207723,1,"ScottKnottESD","2.0.3"
"transfer_complete / hmda_2020_oh / mlp / f1","hmda_2020_oh","mlp","f1","hifi_shared",10,"higher",0.939951133816416,0.000829587929086619,2,"ScottKnottESD","2.0.3"
"transfer_complete / hmda_2020_oh / mlp / f1","hmda_2020_oh","mlp","f1","cot_phi",10,"higher",0.939776625137442,0.000783643854078007,3,"ScottKnottESD","2.0.3"
"transfer_complete / hmda_2020_oh / mlp / f1","hmda_2020_oh","mlp","f1","reweighing",10,"higher",0.939721497306844,0.000870383828588162,3,"ScottKnottESD","2.0.3"
"transfer_complete / hmda_2020_oh / mlp / f1","hmda_2020_oh","mlp","f1","mirrorfair",10,"higher",0.939590891941244,0.000972869615939911,4,"ScottKnottESD","2.0.3"
"transfer_complete / hmda_2020_oh / mlp / f1","hmda_2020_oh","mlp","f1","ltdd",10,"higher",0.939445366525617,0.000720626409621742,5,"ScottKnottESD","2.0.3"
"transfer_complete / hmda_2020_oh / mlp / f1","hmda_2020_oh","mlp","f1","soft",10,"higher",0.938984500315129,0.00092275138300994,6,"ScottKnottESD","2.0.3"
"transfer_complete / hmda_2020_oh / mlp / f1","hmda_2020_oh","mlp","f1","hifi",10,"higher",0.937915073623205,0.00157841874255114,7,"ScottKnottESD","2.0.3"
"transfer_complete / hmda_2020_oh / mlp / f1","hmda_2020_oh","mlp","f1","dralign",10,"higher",0.935445449206453,0.00520521023917276,8,"ScottKnottESD","2.0.3"
"transfer_complete / hmda_2020_oh / mlp / f1","hmda_2020_oh","mlp","f1","neufair",10,"higher",0.933851171968894,0.00102328336082227,9,"ScottKnottESD","2.0.3"
"transfer_complete / hmda_2020_oh / mlp / f1","hmda_2020_oh","mlp","f1","hifi_erm",10,"higher",0.933272600552525,0.0110408954602087,9,"ScottKnottESD","2.0.3"
"transfer_complete / hmda_2020_oh / mlp / f1","hmda_2020_oh","mlp","f1","fairsmote",10,"higher",0.903281012671065,0.0104536158606374,10,"ScottKnottESD","2.0.3"
"transfer_complete / hmda_2020_oh / mlp / L_R","hmda_2020_oh","mlp","L_R","soft",10,"lower",0.00762506902649747,0.00251450491126602,1,"ScottKnottESD","2.0.3"
"transfer_complete / hmda_2020_oh / mlp / L_R","hmda_2020_oh","mlp","L_R","neufair",10,"lower",0.0945783416919973,0.0267183017987666,2,"ScottKnottESD","2.0.3"
"transfer_complete / hmda_2020_oh / mlp / L_R","hmda_2020_oh","mlp","L_R","hifi_shared",10,"lower",0.182579268081042,0.0357690865527831,3,"ScottKnottESD","2.0.3"
"transfer_complete / hmda_2020_oh / mlp / L_R","hmda_2020_oh","mlp","L_R","reweighing",10,"lower",0.184992076305584,0.0402611559933298,3,"ScottKnottESD","2.0.3"
"transfer_complete / hmda_2020_oh / mlp / L_R","hmda_2020_oh","mlp","L_R","erm",10,"lower",0.192865551341608,0.0491426887895352,4,"ScottKnottESD","2.0.3"
"transfer_complete / hmda_2020_oh / mlp / L_R","hmda_2020_oh","mlp","L_R","dralign",10,"lower",0.199985437968228,0.0536324254187028,4,"ScottKnottESD","2.0.3"
"transfer_complete / hmda_2020_oh / mlp / L_R","hmda_2020_oh","mlp","L_R","cot_phi",10,"lower",0.260403786781655,0.0447764910201927,5,"ScottKnottESD","2.0.3"
"transfer_complete / hmda_2020_oh / mlp / L_R","hmda_2020_oh","mlp","L_R","ltdd",10,"lower",0.313722982276423,0.0438053942126269,6,"ScottKnottESD","2.0.3"
"transfer_complete / hmda_2020_oh / mlp / L_R","hmda_2020_oh","mlp","L_R","hifi",10,"lower",0.342190504513095,0.0653358759330404,7,"ScottKnottESD","2.0.3"
"transfer_complete / hmda_2020_oh / mlp / L_R","hmda_2020_oh","mlp","L_R","fairsmote",10,"lower",0.351249099103714,0.289090738019431,7,"ScottKnottESD","2.0.3"
"transfer_complete / hmda_2020_oh / mlp / L_R","hmda_2020_oh","mlp","L_R","hifi_erm",10,"lower",0.370783186463636,0.0734105007471795,8,"ScottKnottESD","2.0.3"
"transfer_complete / hmda_2020_oh / mlp / opposite_005","hmda_2020_oh","mlp","opposite_005","soft",10,"lower",0,0,1,"ScottKnottESD","2.0.3"
"transfer_complete / hmda_2020_oh / mlp / opposite_005","hmda_2020_oh","mlp","opposite_005","reweighing",10,"lower",0.0280482424895453,0.00935275186416755,2,"ScottKnottESD","2.0.3"
"transfer_complete / hmda_2020_oh / mlp / opposite_005","hmda_2020_oh","mlp","opposite_005","hifi_shared",10,"lower",0.0335124767512959,0.0128340163249462,3,"ScottKnottESD","2.0.3"
"transfer_complete / hmda_2020_oh / mlp / opposite_005","hmda_2020_oh","mlp","opposite_005","dralign",10,"lower",0.0351522953043861,0.0118445066255341,3,"ScottKnottESD","2.0.3"
"transfer_complete / hmda_2020_oh / mlp / opposite_005","hmda_2020_oh","mlp","opposite_005","neufair",10,"lower",0.0359566707615345,0.0163626493897291,3,"ScottKnottESD","2.0.3"
"transfer_complete / hmda_2020_oh / mlp / opposite_005","hmda_2020_oh","mlp","opposite_005","erm",10,"lower",0.0401036771599357,0.0129327928663479,4,"ScottKnottESD","2.0.3"
"transfer_complete / hmda_2020_oh / mlp / opposite_005","hmda_2020_oh","mlp","opposite_005","cot_phi",10,"lower",0.0614971751925265,0.014669073506752,5,"ScottKnottESD","2.0.3"
"transfer_complete / hmda_2020_oh / mlp / opposite_005","hmda_2020_oh","mlp","opposite_005","hifi",10,"lower",0.0699356192701522,0.0104866026814513,6,"ScottKnottESD","2.0.3"
"transfer_complete / hmda_2020_oh / mlp / opposite_005","hmda_2020_oh","mlp","opposite_005","ltdd",10,"lower",0.0716467397312211,0.0165344441647809,6,"ScottKnottESD","2.0.3"
"transfer_complete / hmda_2020_oh / mlp / opposite_005","hmda_2020_oh","mlp","opposite_005","hifi_erm",10,"lower",0.0762470263291758,0.0112585978130146,7,"ScottKnottESD","2.0.3"
"transfer_complete / hmda_2020_oh / mlp / opposite_005","hmda_2020_oh","mlp","opposite_005","fairsmote",10,"lower",0.0871341294236297,0.0381008774927405,8,"ScottKnottESD","2.0.3"
"transfer_complete / hmda_2020_oh / mlp / P_population_effect_gap","hmda_2020_oh","mlp","P_population_effect_gap","soft",10,"lower",0.011499431845039,0.00117764307368528,1,"ScottKnottESD","2.0.3"
"transfer_complete / hmda_2020_oh / mlp / P_population_effect_gap","hmda_2020_oh","mlp","P_population_effect_gap","neufair",10,"lower",0.0224153831932471,0.00315194988842643,2,"ScottKnottESD","2.0.3"
"transfer_complete / hmda_2020_oh / mlp / P_population_effect_gap","hmda_2020_oh","mlp","P_population_effect_gap","reweighing",10,"lower",0.0322520117550107,0.00380245338794131,3,"ScottKnottESD","2.0.3"
"transfer_complete / hmda_2020_oh / mlp / P_population_effect_gap","hmda_2020_oh","mlp","P_population_effect_gap","dralign",10,"lower",0.0356223210332543,0.00844122361334356,4,"ScottKnottESD","2.0.3"
"transfer_complete / hmda_2020_oh / mlp / P_population_effect_gap","hmda_2020_oh","mlp","P_population_effect_gap","ltdd",10,"lower",0.0364819566626314,0.00422372427085827,4,"ScottKnottESD","2.0.3"
"transfer_complete / hmda_2020_oh / mlp / P_population_effect_gap","hmda_2020_oh","mlp","P_population_effect_gap","hifi_shared",10,"lower",0.0374432503749301,0.00286000067599844,5,"ScottKnottESD","2.0.3"
"transfer_complete / hmda_2020_oh / mlp / P_population_effect_gap","hmda_2020_oh","mlp","P_population_effect_gap","erm",10,"lower",0.0383669548793246,0.00302123447490647,6,"ScottKnottESD","2.0.3"
"transfer_complete / hmda_2020_oh / mlp / P_population_effect_gap","hmda_2020_oh","mlp","P_population_effect_gap","cot_phi",10,"lower",0.0390016210471996,0.00423264013796288,6,"ScottKnottESD","2.0.3"
"transfer_complete / hmda_2020_oh / mlp / P_population_effect_gap","hmda_2020_oh","mlp","P_population_effect_gap","hifi",10,"lower",0.0431669713460747,0.00408458647839075,7,"ScottKnottESD","2.0.3"
"transfer_complete / hmda_2020_oh / mlp / P_population_effect_gap","hmda_2020_oh","mlp","P_population_effect_gap","hifi_erm",10,"lower",0.0443545314989712,0.00398447856555581,8,"ScottKnottESD","2.0.3"
"transfer_complete / hmda_2020_oh / mlp / P_population_effect_gap","hmda_2020_oh","mlp","P_population_effect_gap","fairsmote",10,"lower",0.0546779185606875,0.0108950456501438,9,"ScottKnottESD","2.0.3"
"transfer_complete / hmda_2020_oh / mlp / P_R","hmda_2020_oh","mlp","P_R","soft",10,"lower",0.00113164991201814,0.000387613100199323,1,"ScottKnottESD","2.0.3"
"transfer_complete / hmda_2020_oh / mlp / P_R","hmda_2020_oh","mlp","P_R","neufair",10,"lower",0.0175269376966429,0.00335873968832197,2,"ScottKnottESD","2.0.3"
"transfer_complete / hmda_2020_oh / mlp / P_R","hmda_2020_oh","mlp","P_R","reweighing",10,"lower",0.0226711682936888,0.00528227932263622,3,"ScottKnottESD","2.0.3"
"transfer_complete / hmda_2020_oh / mlp / P_R","hmda_2020_oh","mlp","P_R","dralign",10,"lower",0.030184968876609,0.00971890123197236,4,"ScottKnottESD","2.0.3"
"transfer_complete / hmda_2020_oh / mlp / P_R","hmda_2020_oh","mlp","P_R","erm",10,"lower",0.0351568336647597,0.00614254241153607,5,"ScottKnottESD","2.0.3"
"transfer_complete / hmda_2020_oh / mlp / P_R","hmda_2020_oh","mlp","P_R","hifi_shared",10,"lower",0.0352684638665242,0.00652505654334048,5,"ScottKnottESD","2.0.3"
"transfer_complete / hmda_2020_oh / mlp / P_R","hmda_2020_oh","mlp","P_R","cot_phi",10,"lower",0.0367670121911308,0.00576633490799561,6,"ScottKnottESD","2.0.3"
"transfer_complete / hmda_2020_oh / mlp / P_R","hmda_2020_oh","mlp","P_R","ltdd",10,"lower",0.0452871465160817,0.00764554580536795,7,"ScottKnottESD","2.0.3"
"transfer_complete / hmda_2020_oh / mlp / P_R","hmda_2020_oh","mlp","P_R","hifi",10,"lower",0.0489858124618907,0.00647690412601675,8,"ScottKnottESD","2.0.3"
"transfer_complete / hmda_2020_oh / mlp / P_R","hmda_2020_oh","mlp","P_R","hifi_erm",10,"lower",0.0526106546041166,0.00909763310828655,9,"ScottKnottESD","2.0.3"
"transfer_complete / hmda_2020_oh / mlp / P_R","hmda_2020_oh","mlp","P_R","fairsmote",10,"lower",0.0582144887955496,0.0295146233796271,10,"ScottKnottESD","2.0.3"
"transfer_complete / hmda_2020_oh / mlp / violation_005","hmda_2020_oh","mlp","violation_005","soft",10,"lower",0.000831817169346197,0.000980470136237847,1,"ScottKnottESD","2.0.3"
"transfer_complete / hmda_2020_oh / mlp / violation_005","hmda_2020_oh","mlp","violation_005","neufair",10,"lower",0.611815130359764,0.0996296190649102,2,"ScottKnottESD","2.0.3"
"transfer_complete / hmda_2020_oh / mlp / violation_005","hmda_2020_oh","mlp","violation_005","dralign",10,"lower",0.787701363146035,0.0528565024563311,3,"ScottKnottESD","2.0.3"
"transfer_complete / hmda_2020_oh / mlp / violation_005","hmda_2020_oh","mlp","violation_005","hifi_shared",10,"lower",0.790259440832045,0.0405224424331606,3,"ScottKnottESD","2.0.3"
"transfer_complete / hmda_2020_oh / mlp / violation_005","hmda_2020_oh","mlp","violation_005","reweighing",10,"lower",0.794999880786019,0.0364844681211142,4,"ScottKnottESD","2.0.3"
"transfer_complete / hmda_2020_oh / mlp / violation_005","hmda_2020_oh","mlp","violation_005","erm",10,"lower",0.801709480544998,0.0456560706801595,4,"ScottKnottESD","2.0.3"
"transfer_complete / hmda_2020_oh / mlp / violation_005","hmda_2020_oh","mlp","violation_005","cot_phi",10,"lower",0.849343520198122,0.0272260581558144,5,"ScottKnottESD","2.0.3"
"transfer_complete / hmda_2020_oh / mlp / violation_005","hmda_2020_oh","mlp","violation_005","fairsmote",10,"lower",0.859845829103969,0.0694794811529697,5,"ScottKnottESD","2.0.3"
"transfer_complete / hmda_2020_oh / mlp / violation_005","hmda_2020_oh","mlp","violation_005","ltdd",10,"lower",0.877239685020468,0.0202390786600012,6,"ScottKnottESD","2.0.3"
"transfer_complete / hmda_2020_oh / mlp / violation_005","hmda_2020_oh","mlp","violation_005","hifi",10,"lower",0.888271325914611,0.0267307582670479,7,"ScottKnottESD","2.0.3"
"transfer_complete / hmda_2020_oh / mlp / violation_005","hmda_2020_oh","mlp","violation_005","hifi_erm",10,"lower",0.892735486680164,0.0407020002849104,7,"ScottKnottESD","2.0.3"
