task,seed,architecture,arm,edit,training_edit,L_R,violation_005,P_R,decision_disagreement,opposite_005,P_mean_common_abs,n,sign,direction_logit_loss,adverse_magnitude,adverse_decision,common_response,signed_common_response,adverse_0,both_adverse_0,adverse_005,both_adverse_005,adverse_01,both_adverse_01,joint_pass
acs_employment_age,1003,mlp,erm,education,True,0.2427142412579744,0.96606648199446,0.0340248065234297,0.2770083102493075,0.0083102493074792,0.1004878922885978,1444,1,0.0002909121312289,0.00024526088295,0.0,0.1004878922885978,0.1001433288421774,0.0373961218836565,0.0096952908587257,0.0180055401662049,0.0034626038781163,0.0145429362880886,0.002770083102493,0.031163434903047
acs_employment_age,1003,mlp,equality,education,True,0.0094868789847496,0.0034626038781163,0.0021262413997402,0.0006925207756232,0.0,0.0938832573032742,1444,1,0.0002841054900105,0.0002503996074409,0.0,0.0938832573032742,0.0933827808747825,0.0200831024930747,0.0173130193905817,0.0131578947368421,0.0124653739612188,0.0083102493074792,0.0055401662049861,0.9833795013850416
acs_employment_age,1003,mlp,equality_direction,education,True,0.0100219747647539,0.0090027700831024,0.0025327713264999,0.0013850415512465,0.0,0.1099891696342239,1444,1,1.0850937942932231e-05,1.1080599483101847e-05,0.0,0.1099891696342239,0.1099670084352577,0.0006925207756232,0.0006925207756232,0.0006925207756232,0.0006925207756232,0.0006925207756232,0.0006925207756232,0.9903047091412742
acs_employment_age,1002,mlp,erm,education,True,0.2867034473366148,0.941135734072022,0.0355117751330869,0.2181440443213296,0.046398891966759,0.0925297263839459,1444,1,0.000554015304777,0.0005124337542186,0.0006925207756232,0.0925297263839459,0.0921846582501158,0.0761772853185595,0.0090027700831024,0.049168975069252,0.0013850415512465,0.0408587257617728,0.0006925207756232,0.0588642659279778
acs_employment_age,1002,mlp,equality,education,True,0.0099607541398699,0.0083102493074792,0.0025386758532707,0.0041551246537396,0.0,0.1058793428187881,1444,1,0.0,0.0,0.0,0.1058793428187881,0.1058793428187881,0.0,0.0,0.0,0.0,0.0,0.0,0.9916897506925209
acs_employment_age,1002,mlp,equality_direction,education,True,0.0079495523433224,0.0048476454293628,0.0017393411151989,0.0006925207756232,0.0,0.0838171615553159,1444,1,0.0,0.0,0.0,0.0838171615553159,0.0838171615553159,0.0,0.0,0.0,0.0,0.0,0.0,0.9951523545706372
acs_employment_age,1000,mlp,erm,education,True,0.272860681372398,0.974376731301939,0.0355892716084555,0.2437673130193905,0.0256232686980609,0.0929927294626435,1444,1,0.0001810593305735,0.0002477896642836,0.0006925207756232,0.0929927294626435,0.092827738948,0.0401662049861495,0.0013850415512465,0.0277008310249307,0.0013850415512465,0.0186980609418282,0.0006925207756232,0.0242382271468144
acs_employment_age,1000,mlp,equality,education,True,0.0103097569656628,0.0048476454293628,0.0019432615961772,0.0325484764542936,0.0,0.0917524376946072,1444,1,2.1555324470548584e-05,5.056936205434972e-05,0.0,0.0917524376946072,0.0916518542129457,0.0173130193905817,0.0138504155124653,0.002770083102493,0.0020775623268698,0.0013850415512465,0.0013850415512465,0.992382271468144
acs_employment_age,1000,mlp,equality_direction,education,True,0.0094182130879363,0.0083102493074792,0.0019194314064235,0.0117728531855955,0.0,0.0941647876513524,1444,1,1.0440299788731224e-05,2.298885459723057e-05,0.0,0.0941647876513524,0.0941212042702274,0.0090027700831024,0.0076177285318559,0.0006925207756232,0.0006925207756232,0.0006925207756232,0.0006925207756232,0.9909972299168976
acs_employment_age,1001,mlp,erm,education,True,0.1351131950569573,0.7354570637119113,0.0317243173199335,0.2126038781163435,0.0117728531855955,0.0747873829467255,1444,1,0.0006214330905355,0.0006734264955066,0.0006925207756232,0.0747873829467255,0.0735678740459366,0.0692520775623268,0.0401662049861495,0.0498614958448753,0.0263157894736842,0.0380886426592797,0.0041551246537396,0.25
acs_employment_age,1001,mlp,equality,education,True,0.0097874923805265,0.0041551246537396,0.0018923603642374,0.002770083102493,0.0,0.0823141316526001,1444,1,4.763342692781011e-05,6.890399064201495e-05,0.0,0.0823141316526001,0.0821771542963559,0.0159279778393351,0.0124653739612188,0.0048476454293628,0.0034626038781163,0.002770083102493,0.0013850415512465,0.9909972299168976
acs_employment_age,1001,mlp,equality_direction,education,True,0.0097662096229121,0.0,0.0023165706119503,0.002770083102493,0.0,0.0884293744231655,1444,1,9.195111089290744e-07,6.365969970400764e-06,0.0,0.0884293744231655,0.0884170670995431,0.0013850415512465,0.0006925207756232,0.0006925207756232,0.0006925207756232,0.0,0.0,0.9993074792243768
acs_employment_age,1006,mlp,erm,education,True,0.1742622885192613,0.9494459833795014,0.0243438315819117,0.3157894736842105,0.0048476454293628,0.0868850807522027,1444,1,5.063047336175587e-06,1.983527030623052e-05,0.0,0.0868850807522027,0.0868842603483931,0.0090027700831024,0.0,0.0048476454293628,0.0,0.0,0.0,0.0505540166204986
acs_employment_age,1006,mlp,equality,education,True,0.0104734224874856,0.0096952908587257,0.001964311207838,0.0048476454293628,0.0,0.0851450798736028,1444,1,0.0004813049075123,0.000595886906472,0.0,0.0851450798736028,0.0839540161675236,0.0373961218836565,0.0353185595567867,0.0277008310249307,0.0270083102493074,0.0228531855955678,0.0200831024930747,0.9626038781163436
acs_employment_age,1006,mlp,equality_direction,education,True,0.0097515977392814,0.0110803324099723,0.0020451676852016,0.0034626038781163,0.0,0.0839190651439904,1444,1,3.906951593779579e-06,1.6866264820134043e-05,0.0,0.0839190651439904,0.0838853326143501,0.0076177285318559,0.0076177285318559,0.0006925207756232,0.0006925207756232,0.0006925207756232,0.0,0.9882271468144044
acs_employment_age,1004,mlp,erm,education,True,0.3016716765441062,0.9390581717451524,0.0451072587032768,0.2313019390581717,0.0685595567867036,0.0832099660500886,1444,1,0.004813649738523,0.0032092010610348,0.0020775623268698,0.0832099660500886,0.0782062929490795,0.1523545706371191,0.0429362880886426,0.1288088642659279,0.0367036011080332,0.1170360110803324,0.0249307479224376,0.0609418282548476
acs_employment_age,1004,mlp,equality,education,True,0.0079383850097656,0.0013850415512465,0.0016722649952004,0.0013850415512465,0.0,0.0730308625282051,1444,1,9.758792510910468e-05,0.0001480880996684,0.0,0.0730308625282051,0.0727346863288682,0.010387811634349,0.010387811634349,0.0083102493074792,0.0076177285318559,0.0062326869806094,0.0055401662049861,0.9903047091412742
acs_employment_age,1004,mlp,equality_direction,education,True,0.008218094030617,0.0034626038781163,0.0015675829809266,0.0006925207756232,0.0,0.0919699109175141,1444,1,2.7065918358034837e-05,3.714153884761104e-05,0.0,0.0919699109175141,0.091895881598488,0.0048476454293628,0.0041551246537396,0.0020775623268698,0.0020775623268698,0.0020775623268698,0.0020775623268698,0.994459833795014
acs_employment_age,1007,mlp,erm,education,True,0.1338207039574465,0.8642659279778393,0.0359600128558487,0.2576177285318559,0.0,0.0952229118324338,1444,1,0.0,0.0,0.0,0.0952229118324338,0.0952229118324338,0.0,0.0,0.0,0.0,0.0,0.0,0.1357340720221606
acs_employment_age,1007,mlp,equality,education,True,0.008651971680285,0.002770083102493,0.0018225155830819,0.0076177285318559,0.0,0.0773278942234714,1444,1,1.4057834613226244e-08,4.006281911791384e-07,0.0,0.0773278942234714,0.0773273215940484,0.0006925207756232,0.0,0.0,0.0,0.0,0.0,0.997229916897507
acs_employment_age,1007,mlp,equality_direction,education,True,0.0119970437072196,0.0041551246537396,0.0020694039129178,0.0076177285318559,0.0,0.1002942132606427,1444,1,4.575789177918197e-06,1.6770268543312025e-05,0.0,0.1002942132606427,0.1002606727235561,0.002770083102493,0.002770083102493,0.0013850415512465,0.0013850415512465,0.0013850415512465,0.0006925207756232,0.994459833795014
acs_employment_age,1009,mlp,erm,education,True,0.1121718166834594,0.7430747922437673,0.0299506389579415,0.3040166204986149,0.0,0.0945144022857211,1444,1,4.4176733382528255e-09,2.384631327602627e-07,0.0,0.0945144022857211,0.0945144022857211,0.0006925207756232,0.0,0.0,0.0,0.0,0.0,0.2569252077562327
acs_employment_age,1009,mlp,equality,education,True,0.0086825049760908,0.0020775623268698,0.0017892215061948,0.0013850415512465,0.0,0.0849627616825058,1444,1,7.541777303414155e-05,8.931072576075226e-05,0.0,0.0849627616825058,0.0847854094747222,0.0041551246537396,0.0034626038781163,0.0034626038781163,0.002770083102493,0.002770083102493,0.0020775623268698,0.994459833795014
acs_employment_age,1009,mlp,equality_direction,education,True,0.0097276490050112,0.0,0.0019883132963592,0.002770083102493,0.0,0.0876532044820061,1444,1,0.0,0.0,0.0,0.0876532044820061,0.0876532044820061,0.0,0.0,0.0,0.0,0.0,0.0,1.0
acs_employment_age,1005,mlp,erm,education,True,0.105630465228513,0.7444598337950139,0.0291837644385351,0.1994459833795014,0.0006925207756232,0.0872484059610851,1444,1,4.459857004871094e-06,1.5255125084777938e-05,0.0,0.0872484059610851,0.0872348755952953,0.0062326869806094,0.0006925207756232,0.0013850415512465,0.0006925207756232,0.0,0.0,0.2548476454293629
acs_employment_age,1005,mlp,equality,education,True,0.010731362221747,0.0055401662049861,0.0025898989442486,0.0062326869806094,0.0,0.0992233741177876,1444,1,4.234782121676816e-05,4.13606037243755e-05,0.0,0.0992233741177876,0.0991434576918857,0.0062326869806094,0.002770083102493,0.0013850415512465,0.0013850415512465,0.0013850415512465,0.0013850415512465,0.9937673130193906
acs_employment_age,1005,mlp,equality_direction,education,True,0.0097542077591874,0.002770083102493,0.0023971873823482,0.0117728531855955,0.0,0.1006436640972265,1444,1,9.542897036962834e-06,1.1569559905019035e-05,0.0,0.1006436640972265,0.1006210728691255,0.0013850415512465,0.0006925207756232,0.0006925207756232,0.0006925207756232,0.0006925207756232,0.0006925207756232,0.9965373961218836
acs_employment_age,1008,mlp,erm,education,True,0.0956841909514941,0.7361495844875346,0.0291172173061803,0.2638504155124653,0.0,0.0848960271362956,1444,1,7.843867780673103e-07,1.6086099583526895e-06,0.0,0.0848960271362956,0.0848931919640932,0.0006925207756232,0.0,0.0,0.0,0.0,0.0,0.2638504155124653
acs_employment_age,1008,mlp,equality,education,True,0.0076244055336067,0.0041551246537396,0.002018212184199,0.002770083102493,0.0,0.0933550480593222,1444,1,1.2123110818696098e-07,1.9405449454049963e-06,0.0,0.0933550480593222,0.0933515339173982,0.0013850415512465,0.0006925207756232,0.0,0.0,0.0,0.0,0.9958448753462604
acs_employment_age,1008,mlp,equality_direction,education,True,0.0078571012057879,0.0,0.0014825887960969,0.0069252077562326,0.0,0.0892511799531807,1444,1,0.0,0.0,0.0,0.0892511799531807,0.0892511799531807,0.0,0.0,0.0,0.0,0.0,0.0,1.0
acs_income,1003,mlp,erm,education,True,0.1419858250950534,0.8007579859231185,0.0452788651280506,0.1553871142393069,0.0,0.2015642538759446,1847,1,0.0,0.0,0.0,0.2015642538759446,0.2015642538759446,0.0,0.0,0.0,0.0,0.0,0.0,0.1992420140768814
acs_income,1003,mlp,erm,hours,True,0.1643062732679148,0.7755555555555556,0.0547949859074524,0.1838888888888888,0.0005555555555555,0.1968103861392157,1800,1,3.725838847102721e-05,1.6864453602332995e-05,0.0,0.1968103861392157,0.1967912016600956,0.0038888888888888,0.0005555555555555,0.0016666666666666,0.0,0.0011111111111111,0.0,0.2244444444444444
acs_income,1003,mlp,equality,education,True,0.0126787085644799,0.0032485110990795,0.0021497660856399,0.0064970221981591,0.0,0.1836641814696246,1847,1,0.0,0.0,0.0,0.1836641814696246,0.1836641814696246,0.0,0.0,0.0,0.0,0.0,0.0,0.9967514889009204
acs_income,1003,mlp,equality,hours,True,0.0141970419304238,0.0111111111111111,0.0024775506222611,0.0044444444444444,0.0,0.1819119004265664,1800,1,0.0,0.0,0.0,0.1819119004265664,0.1819119004265664,0.0,0.0,0.0,0.0,0.0,0.0,0.9888888888888888
acs_income,1003,mlp,equality_direction,education,True,0.0126257476835039,0.0037899296155928,0.0022000857347612,0.0037899296155928,0.0,0.1837151592046423,1847,1,0.0,0.0,0.0,0.1837151592046423,0.1837151592046423,0.0,0.0,0.0,0.0,0.0,0.0,0.9962100703844072
acs_income,1003,mlp,equality_direction,hours,True,0.0144645558173457,0.0116666666666666,0.0024594650677572,0.0044444444444444,0.0,0.1824447099271256,1800,1,0.0,0.0,0.0,0.1824447099271256,0.1824447099271256,0.0,0.0,0.0,0.0,0.0,0.0,0.9883333333333332
acs_income,1002,mlp,erm,education,True,0.146194261581948,0.781266919328641,0.0532272738292967,0.1700054141851651,0.0,0.2116422196562273,1847,1,0.0,0.0,0.0,0.2116422196562273,0.2116422196562273,0.0,0.0,0.0,0.0,0.0,0.0,0.2187330806713589
acs_income,1002,mlp,erm,hours,True,0.110549378707591,0.665,0.0521881458121953,0.1766666666666666,0.0,0.1877229067208401,1800,1,5.917989012172282e-05,2.0597886804364208e-05,0.0,0.1877229067208401,0.1876842373742949,0.0033333333333333,0.0016666666666666,0.0016666666666666,0.0011111111111111,0.0011111111111111,0.0005555555555555,0.3338888888888889
acs_income,1002,mlp,equality,education,True,0.0104546262870044,0.0,0.0020826126665487,0.0048727666486193,0.0,0.2183357103926779,1847,1,0.0,0.0,0.0,0.2183357103926779,0.2183357103926779,0.0,0.0,0.0,0.0,0.0,0.0,1.0
acs_income,1002,mlp,equality,hours,True,0.0114503729095061,0.0016666666666666,0.0022235292584951,0.0038888888888888,0.0,0.1866944245414542,1800,1,3.606484975035882e-07,7.894752077238097e-07,0.0,0.1866944245414542,0.1866928455910387,0.0005555555555555,0.0005555555555555,0.0,0.0,0.0,0.0,0.9983333333333332
acs_income,1002,mlp,equality_direction,education,True,0.0103672359745826,0.0,0.0021096230029321,0.0027070925825663,0.0,0.2195233157528477,1847,1,0.0,0.0,0.0,0.2195233157528477,0.2195233157528477,0.0,0.0,0.0,0.0,0.0,0.0,1.0
acs_income,1002,mlp,equality_direction,hours,True,0.0112285388219687,0.0016666666666666,0.0021993031792187,0.0055555555555555,0.0,0.1884185574250738,1800,1,6.591942739772903e-07,1.067201245213022e-06,0.0,0.1884185574250738,0.1884164230225834,0.0005555555555555,0.0005555555555555,0.0,0.0,0.0,0.0,0.9983333333333332
acs_income,1000,mlp,erm,education,True,0.2382537739529891,0.9025446670276124,0.0599085738199054,0.1732539252842447,0.0,0.2080647399794168,1847,1,0.0,0.0,0.0,0.2080647399794168,0.2080647399794168,0.0,0.0,0.0,0.0,0.0,0.0,0.0974553329723876
acs_income,1000,mlp,erm,hours,True,0.1897399785307546,0.7177777777777777,0.0595386465375618,0.1844444444444444,0.0022222222222222,0.2038040739487676,1800,1,0.0001274236627243,4.006164475173151e-05,0.0,0.2038040739487676,0.2037715154913986,0.0144444444444444,0.0033333333333333,0.0033333333333333,0.0005555555555555,0.0027777777777777,0.0005555555555555,0.2816666666666667
acs_income,1000,mlp,equality,education,True,0.0160937792887284,0.0081212777476989,0.003189231926826,0.0043313481321061,0.0,0.2162795534065122,1847,1,0.0,0.0,0.0,0.2162795534065122,0.2162795534065122,0.0,0.0,0.0,0.0,0.0,0.0,0.991878722252301
acs_income,1000,mlp,equality,hours,True,0.0141262632856766,0.0072222222222222,0.0029975387262733,0.0094444444444444,0.0,0.2195148782648869,1800,1,0.0002702393006771,0.0001424475783613,0.0,0.2195148782648869,0.2192299831081643,0.0044444444444444,0.0044444444444444,0.0033333333333333,0.0033333333333333,0.0033333333333333,0.0033333333333333,0.9894444444444443
acs_income,1000,mlp,equality_direction,education,True,0.0142654148195166,0.0108283703302652,0.0033936961754661,0.0059556036816459,0.0,0.2107706258325786,1847,1,0.0,0.0,0.0,0.2107706258325786,0.2107706258325786,0.0,0.0,0.0,0.0,0.0,0.0,0.9891716296697348
acs_income,1000,mlp,equality_direction,hours,True,0.0150245995260775,0.0111111111111111,0.003292917639853,0.0061111111111111,0.0,0.2164900642565847,1800,1,0.0001669042930284,0.0001016103292596,0.0005555555555555,0.2164900642565847,0.2162868435980655,0.0022222222222222,0.0022222222222222,0.0022222222222222,0.0022222222222222,0.0022222222222222,0.0022222222222222,0.9866666666666668
acs_income,1001,mlp,erm,education,True,0.1424655628768282,0.7271250676773146,0.043685808864299,0.1537628586897672,0.0,0.1867861718266117,1847,1,0.0,0.0,0.0,0.1867861718266117,0.1867861718266117,0.0,0.0,0.0,0.0,0.0,0.0,0.2728749323226854
acs_income,1001,mlp,erm,hours,True,0.1482699201483693,0.6572222222222223,0.0512795175056543,0.1755555555555555,0.0016666666666666,0.1986387064948502,1800,1,0.0001162754570015,4.3000542424181385e-05,0.0,0.1986387064948502,0.198580401077016,0.0061111111111111,0.0016666666666666,0.0027777777777777,0.0005555555555555,0.0022222222222222,0.0005555555555555,0.3427777777777778
acs_income,1001,mlp,equality,education,True,0.0146972319977504,0.0092041147807255,0.0024359316937011,0.0043313481321061,0.0,0.2275712095362099,1847,1,0.0,0.0,0.0,0.2275712095362099,0.2275712095362099,0.0,0.0,0.0,0.0,0.0,0.0,0.9907958852192744
acs_income,1001,mlp,equality,hours,True,0.0131345655479364,0.0044444444444444,0.0025023960479537,0.0088888888888888,0.0,0.1670866873524378,1800,1,9.17811203969955e-07,1.6247268748647816e-06,0.0,0.1670866873524378,0.1670834378986881,0.0011111111111111,0.0011111111111111,0.0,0.0,0.0,0.0,0.9955555555555556
acs_income,1001,mlp,equality_direction,education,True,0.0115315148462685,0.0,0.0018469227199623,0.0043313481321061,0.0,0.1700667565374051,1847,1,1.136789777506925e-05,1.53992388287949e-05,0.0,0.1700667565374051,0.1700369372079362,0.0010828370330265,0.0005414185165132,0.0005414185165132,0.0005414185165132,0.0005414185165132,0.0005414185165132,0.9994585814834868
acs_income,1001,mlp,equality_direction,hours,True,0.0090759499619404,0.0,0.0016035679314956,0.0055555555555555,0.0,0.2184153507769035,1800,1,0.0001533962113491,8.214507802649758e-05,0.0,0.2184153507769035,0.2182510606208505,0.0022222222222222,0.0022222222222222,0.0011111111111111,0.0011111111111111,0.0011111111111111,0.0011111111111111,0.9988888888888888
acs_income,1006,mlp,erm,education,True,0.0996821235540627,0.5814834867352463,0.0417978126498241,0.1786681104493773,0.0,0.1669246255744004,1847,1,0.0,0.0,0.0,0.1669246255744004,0.1669246255744004,0.0,0.0,0.0,0.0,0.0,0.0,0.4185165132647536
acs_income,1006,mlp,erm,hours,True,0.1078775866826375,0.5705555555555556,0.0491671377804737,0.1955555555555555,0.0016666666666666,0.1789275111555725,1800,1,0.0003737265148878,5.7740536899306073e-05,0.0,0.1789275111555725,0.178847730466774,0.0216666666666666,0.0061111111111111,0.0061111111111111,0.0016666666666666,0.0027777777777777,0.0,0.4288888888888889
acs_income,1006,mlp,equality,education,True,0.011318581343165,0.0027070925825663,0.0022720548361772,0.0032485110990795,0.0,0.2037737835847853,1847,1,0.0,0.0,0.0,0.2037737835847853,0.2037737835847853,0.0,0.0,0.0,0.0,0.0,0.0,0.9972929074174336
acs_income,1006,mlp,equality,hours,True,0.0092515368076662,0.0005555555555555,0.001747748894683,0.0022222222222222,0.0,0.1615988080765517,1800,1,6.18193869665144e-08,4.0471416178380594e-07,0.0,0.1615988080765517,0.1615979986482281,0.0011111111111111,0.0011111111111111,0.0,0.0,0.0,0.0,0.9994444444444444
acs_income,1006,mlp,equality_direction,education,True,0.0113712838317938,0.0016242555495397,0.002262745327395,0.0032485110990795,0.0,0.2042265835248468,1847,1,0.0,0.0,0.0,0.2042265835248468,0.2042265835248468,0.0,0.0,0.0,0.0,0.0,0.0,0.9983757444504602
acs_income,1006,mlp,equality_direction,hours,True,0.0090839010890987,0.0,0.0016963114115361,0.0027777777777777,0.0,0.1616634203311041,1800,1,1.3788951760160571e-08,1.283671946239462e-07,0.0,0.1616634203311041,0.1616631635967149,0.0005555555555555,0.0005555555555555,0.0,0.0,0.0,0.0,1.0
acs_income,1004,mlp,erm,education,True,0.1221256309270084,0.6534921494315106,0.0406638609988805,0.1386031402273957,0.0,0.1907164434436463,1847,1,0.0,0.0,0.0,0.1907164434436463,0.1907164434436463,0.0,0.0,0.0,0.0,0.0,0.0,0.3465078505684894
acs_income,1004,mlp,erm,hours,True,0.1660033025758134,0.7044444444444444,0.0494619772113273,0.1727777777777777,0.0005555555555555,0.1908332567014041,1800,1,4.2648491377552175e-05,2.820639014516605e-05,0.0,0.1908332567014041,0.1907925037651599,0.0066666666666666,0.0016666666666666,0.0016666666666666,0.0005555555555555,0.0016666666666666,0.0005555555555555,0.2955555555555555
acs_income,1004,mlp,equality,education,True,0.010046185424393,0.0005414185165132,0.0020104793195068,0.0037899296155928,0.0,0.1660780691390371,1847,1,0.0,0.0,0.0,0.1660780691390371,0.1660780691390371,0.0,0.0,0.0,0.0,0.0,0.0,0.9994585814834868
acs_income,1004,mlp,equality,hours,True,0.0125103133026924,0.005,0.0023519523637659,0.0044444444444444,0.0,0.1875798797822964,1800,1,2.785964294247773e-05,1.167945914142207e-05,0.0,0.1875798797822964,0.1875574454443354,0.0027777777777777,0.0022222222222222,0.0011111111111111,0.0005555555555555,0.0005555555555555,0.0005555555555555,0.9938888888888888
acs_income,1004,mlp,equality_direction,education,True,0.0101510216928231,0.0,0.0020559018170626,0.0054141851651326,0.0,0.1732448593847859,1847,1,0.0,0.0,0.0,0.1732448593847859,0.1732448593847859,0.0,0.0,0.0,0.0,0.0,0.0,1.0
acs_income,1004,mlp,equality_direction,hours,True,0.0117575151328411,0.0038888888888888,0.0023050570292082,0.005,0.0,0.1917627603044165,1800,1,2.002017739427172e-06,8.908018090992024e-06,0.0,0.1917627603044165,0.1917449442682345,0.0016666666666666,0.0016666666666666,0.0011111111111111,0.0005555555555555,0.0005555555555555,0.0,0.995
acs_income,1007,mlp,erm,education,True,0.1996148093187557,0.8440714672441797,0.0467135908434034,0.1423930698429886,0.0,0.166407527287342,1847,1,0.0,0.0,0.0,0.166407527287342,0.166407527287342,0.0,0.0,0.0,0.0,0.0,0.0,0.1559285327558202
acs_income,1007,mlp,erm,hours,True,0.1328810917420519,0.6927777777777778,0.0524696524095695,0.1783333333333333,0.0005555555555555,0.2122198688988641,1800,1,2.9068911099033004e-05,1.0092331792391126e-05,0.0,0.2122198688988641,0.2122049931709681,0.0027777777777777,0.0011111111111111,0.0011111111111111,0.0,0.0011111111111111,0.0,0.3072222222222222
acs_income,1007,mlp,equality,education,True,0.0101263871911608,0.0,0.0019373159309671,0.0027070925825663,0.0,0.1763085095624308,1847,1,0.0,0.0,0.0,0.1763085095624308,0.1763085095624308,0.0,0.0,0.0,0.0,0.0,0.0,1.0
acs_income,1007,mlp,equality,hours,True,0.0109511664489077,0.0038888888888888,0.0021253579524787,0.005,0.0,0.2172517159218696,1800,1,0.0,0.0,0.0,0.2172517159218696,0.2172517159218696,0.0,0.0,0.0,0.0,0.0,0.0,0.9961111111111112
acs_income,1007,mlp,equality_direction,education,True,0.0105937933201362,0.0,0.0020554307367122,0.0048727666486193,0.0,0.1820384574331445,1847,1,0.0,0.0,0.0,0.1820384574331445,0.1820384574331445,0.0,0.0,0.0,0.0,0.0,0.0,1.0
acs_income,1007,mlp,equality_direction,hours,True,0.0117132645948893,0.0055555555555555,0.0021751995410354,0.0066666666666666,0.0,0.2183313534407318,1800,1,0.0,0.0,0.0,0.2183313534407318,0.2183313534407318,0.0,0.0,0.0,0.0,0.0,0.0,0.9944444444444444
acs_income,1009,mlp,erm,education,True,0.1300258546337509,0.6724417975094749,0.0439028692749122,0.1748781808337845,0.0,0.1726915782444593,1847,1,0.0,0.0,0.0,0.1726915782444593,0.1726915782444593,0.0,0.0,0.0,0.0,0.0,0.0,0.3275582024905252
acs_income,1009,mlp,erm,hours,True,0.1295811171457171,0.6405555555555555,0.0549468706088778,0.1705555555555555,0.0,0.2042331958138746,1800,1,4.213003875414579e-05,1.6620736126277556e-05,0.0,0.2042331958138746,0.2042007265041445,0.0027777777777777,0.0016666666666666,0.0016666666666666,0.0005555555555555,0.0005555555555555,0.0005555555555555,0.3588888888888888
acs_income,1009,mlp,equality,education,True,0.0068123032700453,0.0,0.0012362014946357,0.0010828370330265,0.0,0.1397413690688382,1847,1,0.0,0.0,0.0,0.1397413690688382,0.1397413690688382,0.0,0.0,0.0,0.0,0.0,0.0,1.0
acs_income,1009,mlp,equality,hours,True,0.0088238624876572,0.0005555555555555,0.0017559713125087,0.0027777777777777,0.0,0.2020500207428218,1800,1,0.000521359963521,0.0001552411720915,0.0011111111111111,0.2020500207428218,0.2017397236874218,0.0083333333333333,0.0077777777777777,0.005,0.0044444444444444,0.0022222222222222,0.0022222222222222,0.9944444444444444
acs_income,1009,mlp,equality_direction,education,True,0.0079926641816278,0.0,0.0015660981119661,0.0054141851651326,0.0,0.1499964402371546,1847,1,0.0,0.0,0.0,0.1499964402371546,0.1499964402371546,0.0,0.0,0.0,0.0,0.0,0.0,1.0
acs_income,1009,mlp,equality_direction,hours,True,0.0102984551567998,0.0005555555555555,0.002245481300575,0.0022222222222222,0.0,0.2250295384332935,1800,1,0.0001498883515929,1.648682946959747e-05,0.0,0.2250295384332935,0.2249965647743543,0.0027777777777777,0.0027777777777777,0.0016666666666666,0.0016666666666666,0.0005555555555555,0.0005555555555555,0.9977777777777778
acs_income,1005,mlp,erm,education,True,0.1751266468697518,0.8099621007038441,0.0518801553818142,0.1510557661072008,0.0,0.2212201351747279,1847,1,0.0,0.0,0.0,0.2212201351747279,0.2212201351747279,0.0,0.0,0.0,0.0,0.0,0.0,0.1900378992961559
acs_income,1005,mlp,erm,hours,True,0.1831551555461353,0.7727777777777778,0.0544928470309565,0.18,0.0033333333333333,0.1838988506136506,1800,1,8.686879939472988e-05,7.7537724629181e-05,0.0,0.1838988506136506,0.1837985858112872,0.0072222222222222,0.0022222222222222,0.0044444444444444,0.0011111111111111,0.0033333333333333,0.0005555555555555,0.2272222222222222
acs_income,1005,mlp,equality,education,True,0.0091766662326902,0.0005414185165132,0.0018299036491054,0.0043313481321061,0.0,0.1677926566748541,1847,1,0.0,0.0,0.0,0.1677926566748541,0.1677926566748541,0.0,0.0,0.0,0.0,0.0,0.0,0.9994585814834868
acs_income,1005,mlp,equality,hours,True,0.0101783549392388,0.0016666666666666,0.002036281701651,0.0055555555555555,0.0,0.189079047926315,1800,1,0.0001182204591404,8.185287628612583e-05,0.0005555555555555,0.189079047926315,0.1889153421737428,0.0033333333333333,0.0033333333333333,0.0027777777777777,0.0022222222222222,0.0016666666666666,0.0016666666666666,0.9955555555555556
acs_income,1005,mlp,equality_direction,education,True,0.0101945268229239,0.0,0.0018029971931047,0.0037899296155928,0.0,0.161898659818621,1847,1,0.0,0.0,0.0,0.161898659818621,0.161898659818621,0.0,0.0,0.0,0.0,0.0,0.0,1.0
acs_income,1005,mlp,equality_direction,hours,True,0.0145948458856178,0.0038888888888888,0.0027941037399506,0.0077777777777777,0.0,0.21350573878335,1800,1,1.5193076827171796e-05,1.324138239107141e-05,0.0,0.21350573878335,0.2134804941376593,0.0022222222222222,0.0016666666666666,0.0016666666666666,0.0011111111111111,0.0005555555555555,0.0,0.9944444444444444
acs_income,1008,mlp,erm,education,True,0.1558953016454582,0.7428262046561992,0.0500836125538144,0.167839740119112,0.0,0.1885912370102177,1847,1,0.0,0.0,0.0,0.1885912370102177,0.1885912370102177,0.0,0.0,0.0,0.0,0.0,0.0,0.2571737953438007
acs_income,1008,mlp,erm,hours,True,0.1315810954150381,0.665,0.05166822748406,0.1705555555555555,0.0,0.1790058646578011,1800,1,0.0001441525664666,4.9218857150360606e-05,0.0,0.1790058646578011,0.1789104066115972,0.0033333333333333,0.0016666666666666,0.0022222222222222,0.0011111111111111,0.0016666666666666,0.0011111111111111,0.335
acs_income,1008,mlp,equality,education,True,0.0135038002531796,0.0043313481321061,0.0020727993028018,0.0037899296155928,0.0,0.2059543271243656,1847,1,0.0,0.0,0.0,0.2059543271243656,0.2059543271243656,0.0,0.0,0.0,0.0,0.0,0.0,0.995668651867894
acs_income,1008,mlp,equality,hours,True,0.0099176127390981,0.0011111111111111,0.0020896421423764,0.0044444444444444,0.0,0.1556240717238176,1800,1,0.0,0.0,0.0,0.1556240717238176,0.1556240717238176,0.0,0.0,0.0,0.0,0.0,0.0,0.9988888888888888
acs_income,1008,mlp,equality_direction,education,True,0.0133789499150929,0.0032485110990795,0.0021050916686761,0.002165674066053,0.0,0.2071001000403496,1847,1,0.0,0.0,0.0,0.2071001000403496,0.2071001000403496,0.0,0.0,0.0,0.0,0.0,0.0,0.9967514889009204
acs_income,1008,mlp,equality_direction,hours,True,0.0104351561368902,0.0011111111111111,0.0021511618131415,0.0055555555555555,0.0,0.1540543788136424,1800,1,0.0,0.0,0.0,0.1540543788136424,0.1540543788136424,0.0,0.0,0.0,0.0,0.0,0.0,0.9988888888888888
hmda_oh,1003,mlp,erm,income,True,0.1629314085067742,0.7950423216444982,0.0212101516677534,0.0320435308343409,0.0640870616686819,0.032518296616919,1654,1,0.0623429324188974,0.0182307285264875,0.0211608222490931,0.032518296616919,-0.0027479895030744,0.6251511487303507,0.4413542926239419,0.5126964933494559,0.3282950423216445,0.4474002418379685,0.2642079806529625,0.1076178960096735
hmda_oh,1003,mlp,erm,debt_to_income_ratio,True,0.1641903968241696,0.7863145258103241,0.0293958969567121,0.0438175270108043,0.0372148859543817,0.0521045392202094,1666,-1,0.0249223480347141,0.0074743197626964,0.0066026410564225,0.0521045392202094,0.0379102859627683,0.2466986794717887,0.1434573829531812,0.1890756302521008,0.1044417767106842,0.1554621848739495,0.088235294117647,0.1782713085234093
hmda_oh,1003,mlp,erm,loan_to_value_ratio,True,0.2316678832499941,0.8226482923906531,0.047108863804633,0.1150389454763331,0.0125823846614739,0.1780391624426052,1669,-1,0.0708663268407455,0.0101330729357564,0.0023966446974236,0.1780391624426052,0.1579906978450896,0.2234871180347513,0.1851408028759736,0.1977231875374475,0.1617735170760934,0.1773517076093469,0.1414020371479928,0.1240263630916716
hmda_oh,1003,mlp,erm,linked_income_plus10k,True,0.0682496899228405,0.477037037037037,0.0115857464775255,0.0118518518518518,0.0133333333333333,0.0191024913361032,675,1,0.0061116270069974,0.0026994268408681,0.0,0.0191024913361032,0.0139595190239572,0.2266666666666666,0.1274074074074074,0.1288888888888889,0.0651851851851851,0.0844444444444444,0.0385185185185185,0.4814814814814814
hmda_oh,1003,mlp,erm,linked_income_plus20k,False,0.094687983926256,0.5915279878971256,0.0158858265431365,0.0136157337367624,0.0151285930408472,0.0255757670075421,661,1,0.0151046180266187,0.0052964245661608,0.0,0.0255757670075421,0.015339073420288,0.291981845688351,0.1785173978819969,0.1785173978819969,0.1074130105900151,0.1316187594553706,0.0786686838124054,0.3630862329803328
hmda_oh,1003,mlp,erm,linked_income_plus30k,False,0.1066134503265734,0.6697965571205008,0.0173627022632799,0.0140845070422535,0.0250391236306729,0.0290004601891315,639,1,0.0196222719083038,0.0068294314169444,0.0,0.0290004601891315,0.0157361216272365,0.3317683881064163,0.2128325508607198,0.2378716744913928,0.1455399061032863,0.1737089201877934,0.1001564945226917,0.2644757433489828
hmda_oh,1003,mlp,erm,linked_income_plus50k,False,0.1299097504167874,0.7103718199608611,0.0203424976204995,0.0254403131115459,0.035225048923679,0.0331314596102414,511,1,0.0334918684056821,0.0095813968683302,0.0136986301369863,0.0331314596102414,0.0146461551723212,0.3522504892367906,0.2250489236790606,0.2700587084148728,0.1585127201565557,0.2054794520547945,0.1174168297455968,0.2152641878669275
hmda_oh,1003,mlp,equality,income,True,0.0044776110706046,0.0,0.0005465460558849,0.0006045949214026,0.0,0.0252365115463154,1654,1,0.0131980585796188,0.0050461311149299,0.0012091898428053,0.0252365115463154,0.0151472373485092,0.2442563482466747,0.2376058041112454,0.1783555018137847,0.1747279322853688,0.1275695284159613,0.1251511487303506,0.8216444981862152
hmda_oh,1003,mlp,equality,debt_to_income_ratio,True,0.0061037814890851,0.0012004801920768,0.0007075355580622,0.0006002400960384,0.0,0.0506420606002082,1666,-1,0.0030000500215288,0.0019181669789797,0.0012004801920768,0.0506420606002082,0.0468062185538695,0.0744297719087635,0.0714285714285714,0.056422569027611,0.0546218487394958,0.0468187274909964,0.0462184873949579,0.942376950780312
hmda_oh,1003,mlp,equality,loan_to_value_ratio,True,0.0079297148619782,0.0,0.0008897209886934,0.0,0.0,0.1026608642242287,1669,-1,0.0035564194037852,0.000998094449586,0.0,0.1026608642242287,0.100665025818398,0.0814859197124026,0.0784901138406231,0.0539245056920311,0.0509286998202516,0.0329538645895746,0.0323547034152186,0.9460754943079688
hmda_oh,1003,mlp,equality,linked_income_plus10k,True,0.0033644627089853,0.0,0.000352281431111,0.0,0.0,0.0239414561272524,675,1,0.00279547349489,0.0013546251272743,0.0,0.0239414561272524,0.0212324186427164,0.08,0.0785185185185185,0.04,0.04,0.034074074074074,0.034074074074074,0.96
hmda_oh,1003,mlp,equality,linked_income_plus20k,False,0.0041696965559167,0.0,0.0004396736705961,0.0,0.0,0.0293009852217143,661,1,0.0030287329662616,0.0018512820877338,0.0,0.0293009852217143,0.0255984210462466,0.1043872919818457,0.1043872919818457,0.0650529500756429,0.0650529500756429,0.0514372163388804,0.048411497730711,0.9349470499243572
hmda_oh,1003,mlp,equality,linked_income_plus30k,False,0.0044946844962094,0.0,0.0004645673105675,0.0,0.0,0.0318070049328927,639,1,0.0023922925916967,0.0015616504722163,0.0,0.0318070049328927,0.0286869138317088,0.0954616588419405,0.0892018779342723,0.0641627543035993,0.0641627543035993,0.0406885758998435,0.0391236306729264,0.9358372456964006
hmda_oh,1003,mlp,equality,linked_income_plus50k,False,0.0051654772778313,0.0,0.0005347334734427,0.0,0.0,0.034858916553784,511,1,0.0026865724914978,0.0019791160974437,0.0019569471624266,0.034858916553784,0.0309006843588966,0.1017612524461839,0.1017612524461839,0.0645792563600782,0.0626223091976516,0.0410958904109589,0.0391389432485322,0.9354207436399216
hmda_oh,1003,mlp,equality_direction,income,True,0.0045947152152747,0.0,0.0005384349089997,0.0012091898428053,0.0,0.0297534979221979,1654,1,0.0004068380449358,0.0001820380449371,0.0,0.0297534979221979,0.0293897510180647,0.0187424425634824,0.0175332527206771,0.0096735187424425,0.0090689238210399,0.0066505441354292,0.0066505441354292,0.9903264812575574
hmda_oh,1003,mlp,equality_direction,debt_to_income_ratio,True,0.0061812841368107,0.0,0.000728074936191,0.0,0.0,0.0508834518888176,1666,-1,4.054427062758493e-05,4.553774905698083e-05,0.0,0.0508834518888176,0.0507924038733021,0.0060024009603841,0.0054021608643457,0.003001200480192,0.003001200480192,0.0018007202881152,0.0012004801920768,0.996998799519808
hmda_oh,1003,mlp,equality_direction,loan_to_value_ratio,True,0.0089752953019664,0.0005991611743559,0.0010363176301003,0.0,0.0,0.122346318058922,1669,-1,7.185220599734344e-05,2.869204907729949e-05,0.0,0.122346318058922,0.122289151761872,0.0071899340922708,0.0053924505692031,0.0017974835230677,0.0017974835230677,0.0005991611743559,0.0005991611743559,0.9976033553025764
hmda_oh,1003,mlp,equality_direction,linked_income_plus10k,True,0.0036168538089151,0.0,0.0004108845750842,0.0,0.0,0.025058712666713,675,1,0.0001449767482837,9.628520062181462e-05,0.0,0.025058712666713,0.0248661422654694,0.0103703703703703,0.0103703703703703,0.0059259259259259,0.0059259259259259,0.0059259259259259,0.0059259259259259,0.994074074074074
hmda_oh,1003,mlp,equality_direction,linked_income_plus20k,False,0.0043730468752705,0.0,0.0004746744555859,0.0,0.0,0.0320244077588165,661,1,6.0372917406938025e-05,8.439724156830323e-05,0.0,0.0320244077588165,0.031855668277035,0.0302571860816944,0.0272314674735249,0.0060514372163388,0.0060514372163388,0.0015128593040847,0.0015128593040847,0.9939485627836612
hmda_oh,1003,mlp,equality_direction,linked_income_plus30k,False,0.0047809812816002,0.0,0.0005132813851652,0.0,0.0,0.0361961112664529,639,1,1.52814959666344e-05,3.802864114785614e-05,0.0,0.0361961112664529,0.0361202411745088,0.0156494522691705,0.0140845070422535,0.001564945226917,0.001564945226917,0.0,0.0,0.9984350547730828
hmda_oh,1003,mlp,equality_direction,linked_income_plus50k,False,0.005192780571966,0.0,0.0005353997622751,0.0,0.0,0.0396439552116442,511,1,9.153979059531243e-05,8.977919330099555e-05,0.0,0.0396439552116442,0.0394643968250423,0.0176125244618395,0.0176125244618395,0.0078277886497064,0.0058708414872798,0.0019569471624266,0.0019569471624266,0.9921722113502937
hmda_oh,1002,mlp,erm,income,True,0.1458845771533834,0.7920193470374849,0.0185647376075695,0.0326481257557436,0.0417170495767835,0.0322010096521052,1654,1,0.0438041694013974,0.0143972954028329,0.0169286577992744,0.0322010096521052,0.004214892347621,0.4800483675937122,0.3174123337363966,0.3833131801692865,0.24546553808948,0.3246674727932285,0.2001209189842805,0.120918984280532
hmda_oh,1002,mlp,erm,debt_to_income_ratio,True,0.1716990898959204,0.8157262905162065,0.0339662870744124,0.0276110444177671,0.0438175270108043,0.0537498085128538,1666,-1,0.0573938605911049,0.0139899584399234,0.0204081632653061,0.0537498085128538,0.0266746865293666,0.2947178871548619,0.2070828331332533,0.258703481392557,0.1848739495798319,0.2364945978391356,0.1686674669867947,0.1446578631452581
hmda_oh,1002,mlp,erm,loan_to_value_ratio,True,0.3140487164111641,0.9047333732774115,0.0459839185813782,0.0778909526662672,0.0401437986818454,0.1423744702482965,1669,-1,0.1026682140839605,0.0142827782573661,0.0065907729179149,0.1423744702482965,0.1146813334618367,0.2989814260035949,0.2174955062911923,0.2408627920910725,0.1527860994607549,0.2162971839424805,0.1324146195326543,0.0647094068304373
hmda_oh,1002,mlp,erm,linked_income_plus10k,True,0.0682907576472671,0.4488888888888889,0.0136707226888055,0.0133333333333333,0.0162962962962962,0.0214887805095648,675,1,0.0097882501649952,0.0041284899196158,0.0059259259259259,0.0214887805095648,0.0135861866713885,0.2385185185185185,0.1629629629629629,0.1644444444444444,0.1081481481481481,0.1303703703703703,0.0785185185185185,0.4933333333333333
hmda_oh,1002,mlp,erm,linked_income_plus20k,False,0.1001971220870963,0.6444780635400907,0.0182248316482969,0.0166414523449319,0.0257186081694402,0.0290082020103268,661,1,0.0269191326349765,0.0085277905761341,0.0121028744326777,0.0290082020103268,0.0123892369026514,0.3177004538577912,0.2314674735249622,0.2511346444780635,0.1694402420574886,0.2133131618759455,0.1391830559757942,0.2995461422087745
hmda_oh,1002,mlp,erm,linked_income_plus30k,False,0.1154386846404027,0.6854460093896714,0.0208661060721514,0.0156494522691705,0.028169014084507,0.0332794467585765,639,1,0.0375396777492369,0.0112496590978519,0.0125195618153364,0.0332794467585765,0.0114237779756748,0.3302034428794992,0.2394366197183098,0.2691705790297339,0.1924882629107981,0.2284820031298904,0.1690140845070422,0.2488262910798122
hmda_oh,1002,mlp,erm,linked_income_plus50k,False,0.1285060782226098,0.7181996086105675,0.0236091762782075,0.0234833659491193,0.0313111545988258,0.0365342631462736,511,1,0.0480835481244571,0.0131916175729053,0.0176125244618395,0.0365342631462736,0.0109120342669058,0.3268101761252446,0.2504892367906066,0.2681017612524461,0.2015655577299412,0.2367906066536203,0.1565557729941291,0.2133072407045009
hmda_oh,1002,mlp,equality,income,True,0.008892415575638,0.0,0.001231691463322,0.0012091898428053,0.0,0.0144103919297719,1654,1,0.0008989568951106,0.0014533314670606,0.0,0.0144103919297719,0.0115181671818099,0.2877871825876663,0.2533252720677146,0.1094316807738815,0.0955259975816203,0.0501813784764208,0.0411124546553808,0.8905683192261185
hmda_oh,1002,mlp,equality,debt_to_income_ratio,True,0.0114034517798997,0.0048019207683073,0.0016975163324155,0.0006002400960384,0.0,0.0533085507237228,1666,-1,2.716521252242556e-05,6.450843870645509e-05,0.0,0.0533085507237228,0.0531821247591602,0.0096038415366146,0.0072028811524609,0.0042016806722689,0.0036014405762304,0.0024009603841536,0.0018007202881152,0.9909963985594238
hmda_oh,1002,mlp,equality,loan_to_value_ratio,True,0.009675341605283,0.0017974835230677,0.0018934526966464,0.0017974835230677,0.0,0.0923130385633018,1669,-1,4.477556392066161e-05,2.7630832306276804e-05,0.0,0.0923130385633018,0.0922579278524171,0.0071899340922708,0.005991611743559,0.0017974835230677,0.0011983223487118,0.0005991611743559,0.0005991611743559,0.9964050329538646
hmda_oh,1002,mlp,equality,linked_income_plus10k,True,0.006247483442227,0.0,0.0008594346356126,0.0029629629629629,0.0,0.0225812164104689,675,1,5.553067964377781e-05,6.508852063626503e-05,0.0,0.0225812164104689,0.0224522159537682,0.0133333333333333,0.0118518518518518,0.0074074074074074,0.0059259259259259,0.0014814814814814,0.0014814814814814,0.9925925925925926
hmda_oh,1002,mlp,equality,linked_income_plus20k,False,0.0081877951227049,0.0,0.0011212078484858,0.0015128593040847,0.0,0.0289134251639847,661,1,0.0002087755777837,0.0002748307744666,0.0,0.0289134251639847,0.028367197131834,0.037821482602118,0.0302571860816944,0.021180030257186,0.0196671709531013,0.0090771558245083,0.0060514372163388,0.978819969742814
hmda_oh,1002,mlp,equality,linked_income_plus30k,False,0.0089946640815719,0.0,0.0012313302756736,0.001564945226917,0.0,0.0312905765028431,639,1,0.0004048454705004,0.0004979315651422,0.0,0.0312905765028431,0.0303019339929288,0.0688575899843505,0.0625978090766823,0.0344287949921752,0.0312989045383411,0.0125195618153364,0.0109546165884194,0.9655712050078248
hmda_oh,1002,mlp,equality,linked_income_plus50k,False,0.0095613427795542,0.0019569471624266,0.001320827887306,0.0039138943248532,0.0,0.0329250157110383,511,1,0.0006234093604596,0.0008125256609311,0.0,0.0329250157110383,0.03130415956494,0.0919765166340508,0.0880626223091976,0.0450097847358121,0.0410958904109589,0.0293542074363992,0.0234833659491193,0.9549902152641878
hmda_oh,1002,mlp,equality_direction,income,True,0.0089951945579145,0.0006045949214026,0.0012681471345489,0.0042321644498186,0.0,0.0194231204569575,1654,1,1.0092879693322926e-05,5.707890089555466e-05,0.0,0.0194231204569575,0.0193116022247987,0.0217654171704957,0.0151148730350665,0.0054413542926239,0.0036275695284159,0.0,0.0,0.9939540507859734
hmda_oh,1002,mlp,equality_direction,debt_to_income_ratio,True,0.0116202843879737,0.0018007202881152,0.001598439470833,0.0018007202881152,0.0,0.0570490431313995,1666,-1,3.6652463448725744e-08,8.907810970578381e-07,0.0,0.0570490431313995,0.0570472615692054,0.0006002400960384,0.0006002400960384,0.0,0.0,0.0,0.0,0.9981992797118848
hmda_oh,1002,mlp,equality_direction,loan_to_value_ratio,True,0.009828430724901,0.0011983223487118,0.0017693973452395,0.0017974835230677,0.0,0.0921810710245986,1669,-1,7.205786779911419e-06,8.188056205198387e-06,0.0,0.0921810710245986,0.0921646949121882,0.0023966446974236,0.0023966446974236,0.0005991611743559,0.0005991611743559,0.0,0.0,0.9982025164769324
hmda_oh,1002,mlp,equality_direction,linked_income_plus10k,True,0.0064499386703526,0.0,0.0008682140108649,0.0014814814814814,0.0,0.0243171919473426,675,1,1.4440853851548731e-05,1.4145884006952142e-05,0.0,0.0243171919473426,0.0242889001793287,0.0029629629629629,0.0029629629629629,0.0014814814814814,0.0014814814814814,0.0,0.0,0.9985185185185184
hmda_oh,1002,mlp,equality_direction,linked_income_plus20k,False,0.0084682525827376,0.0,0.0011128328486327,0.0015128593040847,0.0,0.0325768776094855,661,1,1.1762481296238666e-05,2.9339188594778945e-05,0.0,0.0325768776094855,0.032520511214477,0.010590015128593,0.0075642965204236,0.0030257186081694,0.0030257186081694,0.0,0.0,0.9969742813918304
hmda_oh,1002,mlp,equality_direction,linked_income_plus30k,False,0.0091477404691057,0.0,0.0011978187002849,0.001564945226917,0.0,0.036647173029293,639,1,2.9339792830447e-05,7.247765134212023e-05,0.0,0.036647173029293,0.0365022177266088,0.0093896713615023,0.0093896713615023,0.0062597809076682,0.0062597809076682,0.001564945226917,0.001564945226917,0.9937402190923318
hmda_oh,1002,mlp,equality_direction,linked_income_plus50k,False,0.0100979527454903,0.0,0.0013185766284654,0.0039138943248532,0.0,0.0396660578797721,511,1,4.6207948279060297e-05,9.405798856080504e-05,0.0,0.0396660578797721,0.0394854196661932,0.0136986301369863,0.0078277886497064,0.0078277886497064,0.0078277886497064,0.0058708414872798,0.0039138943248532,0.9921722113502937
hmda_oh,1000,mlp,erm,income,True,0.1970826777474146,0.841596130592503,0.0267301919292088,0.0501813784764208,0.1148730350665054,0.0328829643827456,1654,1,0.0467813254747019,0.0149042729375918,0.0308343409915356,0.0328829643827456,0.0050490367070766,0.5816203143893591,0.3373639661426844,0.4727932285368803,0.2267230955259976,0.3917775090689238,0.1777509068923821,0.0937122128174123
hmda_oh,1000,mlp,erm,debt_to_income_ratio,True,0.2825037298516101,0.8733493397358943,0.05198489699626,0.0660264105642256,0.0504201680672268,0.0677821992328581,1666,-1,0.0276777620016002,0.007746096404466,0.0144057623049219,0.0677821992328581,0.053312432032363,0.2569027611044417,0.1560624249699879,0.2106842737094837,0.1242496998799519,0.1746698679471788,0.0984393757503001,0.095438175270108
hmda_oh,1000,mlp,erm,loan_to_value_ratio,True,0.317028814450201,0.8987417615338527,0.0534595752676134,0.1126423007789095,0.0437387657279808,0.161836731278178,1669,-1,0.1000510103397741,0.013558408572502,0.0065907729179149,0.161836731278178,0.1357813559733091,0.2899940083882564,0.1989215098861593,0.243858597962852,0.1665668064709407,0.2186938286399041,0.1449970041941282,0.0689035350509287
hmda_oh,1000,mlp,erm,linked_income_plus10k,True,0.1120171877507258,0.6118518518518519,0.0201867254274562,0.0266666666666666,0.0177777777777777,0.0271215405137648,675,1,0.0061966721995419,0.0024398841034603,0.0044444444444444,0.0271215405137648,0.0225706457976923,0.2266666666666666,0.1259259259259259,0.117037037037037,0.0533333333333333,0.0859259259259259,0.0355555555555555,0.3585185185185185
hmda_oh,1000,mlp,erm,linked_income_plus20k,False,0.1542688638913063,0.745839636913767,0.026393359601008,0.0317700453857791,0.0468986384266263,0.0343682088595262,661,1,0.0149009865991524,0.0050693066751374,0.0075642965204236,0.0343682088595262,0.0250792458120153,0.3101361573373676,0.1770045385779122,0.2102874432677761,0.1104387291981845,0.1543116490166414,0.0680786686838124,0.2178517397881997
hmda_oh,1000,mlp,erm,linked_income_plus30k,False,0.1720869404938602,0.7809076682316118,0.0293038163409248,0.0375586854460093,0.054773082942097,0.0380669471230724,639,1,0.0215669471477563,0.0065683657576725,0.0125195618153364,0.0380669471230724,0.0259024207543483,0.3427230046948357,0.1956181533646322,0.2503912363067292,0.1330203442879499,0.2003129890453834,0.1001564945226917,0.1674491392801252
hmda_oh,1000,mlp,erm,linked_income_plus50k,False,0.192175712729868,0.8160469667318982,0.0334126781547583,0.0410958904109589,0.0430528375733855,0.0436637012891377,511,1,0.0292372086480582,0.0079966205209404,0.0195694716242661,0.0436637012891377,0.0283908370768435,0.3228962818003913,0.2074363992172211,0.2426614481409001,0.1545988258317025,0.2054794520547945,0.1174168297455968,0.1350293542074364
hmda_oh,1000,mlp,equality,income,True,0.0058814314573534,0.0,0.0007210176611971,0.0,0.0,0.0134343138933341,1654,1,0.0047996068269544,0.0042428550695903,0.0018137847642079,0.0134343138933341,0.0049506188826904,0.3954050785973398,0.3845223700120919,0.2315598548972188,0.2164449818621523,0.1463119709794437,0.1402660217654171,0.7684401451027811
hmda_oh,1000,mlp,equality,debt_to_income_ratio,True,0.0077530713019599,0.0,0.0010749301679358,0.0012004801920768,0.0,0.0381257522466135,1666,-1,0.0005307548270862,0.0005328112903037,0.0,0.0381257522466135,0.0370611480752714,0.042016806722689,0.0366146458583433,0.0276110444177671,0.0258103241296518,0.0198079231692677,0.0186074429771908,0.9723889555822328
hmda_oh,1000,mlp,equality,loan_to_value_ratio,True,0.0111848502584502,0.0,0.0011339595960826,0.0005991611743559,0.0,0.0923981545719332,1669,-1,0.0001167513719791,7.657157924451506e-05,0.0,0.0923981545719332,0.0922451048678767,0.0101857399640503,0.0095865787896944,0.005991611743559,0.0047932893948472,0.0035949670461354,0.0035949670461354,0.994008388256441
hmda_oh,1000,mlp,equality,linked_income_plus10k,True,0.0045746562188422,0.0,0.0005437008751443,0.0014814814814814,0.0,0.0151305049988362,675,1,0.0003265516188614,0.0003610421560654,0.0,0.0151305049988362,0.0144098443481771,0.0503703703703703,0.0429629629629629,0.0207407407407407,0.0177777777777777,0.0118518518518518,0.0118518518518518,0.9792592592592592
hmda_oh,1000,mlp,equality,linked_income_plus20k,False,0.0058375966091289,0.0,0.0006608587755799,0.0,0.0,0.0197073127948736,661,1,0.0004461276678807,0.0006090776117598,0.0,0.0197073127948736,0.0184896056793269,0.0816944024205748,0.0771558245083207,0.0363086232980332,0.0287443267776096,0.0226928895612708,0.0226928895612708,0.9636913767019668
hmda_oh,1000,mlp,equality,linked_income_plus30k,False,0.0067411615325251,0.0,0.0007350129647075,0.0,0.0,0.0219971771726901,639,1,0.0007477828173068,0.0008239047793371,0.0,0.0219971771726901,0.020351703305599,0.0845070422535211,0.0688575899843505,0.0485133020344287,0.0485133020344287,0.0328638497652582,0.0297339593114241,0.9514866979655712
hmda_oh,1000,mlp,equality,linked_income_plus50k,False,0.0070168259836106,0.0,0.0007607927161728,0.0,0.0,0.0241334791058343,511,1,0.001333371909016,0.0012725551488791,0.0,0.0241334791058343,0.0215888225265568,0.0998043052837573,0.0958904109589041,0.0704500978473581,0.0684931506849315,0.0391389432485322,0.0391389432485322,0.929549902152642
hmda_oh,1000,mlp,equality_direction,income,True,0.0075473931067349,0.0,0.0008843184241127,0.0,0.0,0.0211780265498915,1654,1,1.834687823976779e-05,6.176723927339905e-05,0.0006045949214026,0.0211780265498915,0.0210550883228815,0.0126964933494558,0.0108827085852478,0.0060459492140266,0.0048367593712212,0.0024183796856106,0.0018137847642079,0.9939540507859734
hmda_oh,1000,mlp,equality_direction,debt_to_income_ratio,True,0.0099657573966401,0.0012004801920768,0.0011580047234459,0.0,0.0,0.0411909757187806,1666,-1,1.3872180297200411e-05,1.481342727081941e-05,0.0,0.0411909757187806,0.0411619880515125,0.0048019207683073,0.0036014405762304,0.0012004801920768,0.0012004801920768,0.0,0.0,0.9975990396158464
hmda_oh,1000,mlp,equality_direction,loan_to_value_ratio,True,0.0091345853536624,0.0,0.0012779706977609,0.0005991611743559,0.0,0.0971713778109135,1669,-1,4.105849345598848e-06,7.101803402682578e-06,0.0,0.0971713778109135,0.0971571742041081,0.0029958058717795,0.0029958058717795,0.0,0.0,0.0,0.0,1.0
hmda_oh,1000,mlp,equality_direction,linked_income_plus10k,True,0.0058293538788954,0.0,0.0006560430119249,0.0,0.0,0.018586276030853,675,1,8.420515047874106e-05,9.140333475236116e-05,0.0,0.018586276030853,0.0184067513086786,0.0133333333333333,0.0074074074074074,0.0059259259259259,0.0044444444444444,0.0029629629629629,0.0029629629629629,0.994074074074074
hmda_oh,1000,mlp,equality_direction,linked_income_plus20k,False,0.0077655407686051,0.0,0.0008345834662979,0.0030257186081694,0.0,0.0253453069154966,661,1,5.809659033331392e-05,8.976546491759809e-05,0.0,0.0253453069154966,0.0251657759856614,0.0075642965204236,0.0075642965204236,0.0060514372163388,0.0060514372163388,0.0060514372163388,0.0030257186081694,0.9939485627836612
hmda_oh,1000,mlp,equality_direction,linked_income_plus30k,False,0.0087432407559783,0.0,0.0009134838872153,0.0,0.0,0.028974421914079,639,1,3.250655643265839e-05,6.356868952942375e-05,0.0,0.028974421914079,0.0288506677316183,0.0109546165884194,0.0078247261345852,0.0046948356807511,0.0046948356807511,0.0046948356807511,0.001564945226917,0.9953051643192488
hmda_oh,1000,mlp,equality_direction,linked_income_plus50k,False,0.0097296846604043,0.0019569471624266,0.0010047223184511,0.0,0.0,0.0328879324102684,511,1,7.335939164507054e-05,8.990647899137359e-05,0.0,0.0328879324102684,0.0327095757338568,0.0078277886497064,0.0058708414872798,0.0039138943248532,0.0039138943248532,0.0039138943248532,0.0019569471624266,0.99412915851272
hmda_oh,1001,mlp,erm,income,True,0.3586124607227842,0.9365175332527208,0.0399801553347774,0.0423216444981862,0.151148730350665,0.0401492854130629,1654,1,0.1476721198817664,0.0256772787660913,0.022974607013301,0.0401492854130629,-0.0083104929320166,0.7732769044740024,0.4528415961305925,0.6922611850060459,0.3307134220072551,0.6269649334945586,0.2623941958887545,0.0253929866989117
hmda_oh,1001,mlp,erm,debt_to_income_ratio,True,0.3151231169519501,0.8835534213685474,0.0480688181671272,0.0444177671068427,0.0798319327731092,0.0606827162916924,1666,-1,0.0660359662595078,0.0130554083085573,0.0258103241296518,0.0606827162916924,0.0363136045327319,0.3115246098439376,0.1434573829531812,0.2298919567827131,0.1140456182472989,0.1944777911164465,0.0948379351740696,0.0984393757503001
hmda_oh,1001,mlp,erm,loan_to_value_ratio,True,0.3205062843381537,0.8915518274415818,0.0632074063016832,0.1366087477531456,0.0497303774715398,0.1489172781228188,1669,-1,0.1900537504475427,0.0156212378152985,0.005991611743559,0.1489172781228188,0.1186981091697725,0.3618933493109647,0.249850209706411,0.2899940083882564,0.1881366087477531,0.2528460155781905,0.1611743559017375,0.0814859197124026
hmda_oh,1001,mlp,erm,linked_income_plus10k,True,0.1228904347066526,0.6785185185185185,0.017787871084673,0.0222222222222222,0.0192592592592592,0.0226431436086999,675,1,0.014774531731732,0.0044179375456063,0.0074074074074074,0.0226431436086999,0.0142769808256378,0.3111111111111111,0.1496296296296296,0.1422222222222222,0.0666666666666666,0.1051851851851851,0.0459259259259259,0.2844444444444444
hmda_oh,1001,mlp,erm,linked_income_plus20k,False,0.1801044539507597,0.7881996974281392,0.0242293549605292,0.0287443267776096,0.0453857791225416,0.0304376261042959,661,1,0.038898911524964,0.008287557855677,0.010590015128593,0.0304376261042959,0.0146399587329928,0.3993948562783661,0.237518910741301,0.2738275340393343,0.1316187594553706,0.2042360060514372,0.0801815431164901,0.1664145234493192
hmda_oh,1001,mlp,erm,linked_income_plus30k,False,0.2115875765133258,0.8184663536776213,0.0267520444722431,0.0406885758998435,0.0688575899843505,0.0348171128274024,639,1,0.0481174256161538,0.010027188269678,0.0140845070422535,0.0348171128274024,0.0157664946087199,0.460093896713615,0.2769953051643192,0.3411580594679186,0.1658841940532081,0.2597809076682316,0.1032863849765258,0.1251956181533646
hmda_oh,1001,mlp,erm,linked_income_plus50k,False,0.2444428812253148,0.8610567514677103,0.0300413836684501,0.0450097847358121,0.0645792563600782,0.0407346174314861,511,1,0.0801993769486639,0.0154920244458822,0.0215264187866927,0.0407346174314861,0.0112893490629098,0.4892367906066536,0.3131115459882583,0.3816046966731898,0.2172211350293542,0.3170254403131115,0.1741682974559686,0.0958904109589041
hmda_oh,1001,mlp,equality,income,True,0.0123000054574034,0.0054413542926239,0.0013882649680909,0.0006045949214026,0.0,0.0130199300328546,1654,1,0.0016659289134007,0.0019548996453494,0.0,0.0130199300328546,0.0091318022627281,0.3555018137847642,0.307738814993954,0.1269649334945586,0.1015719467956469,0.0652962515114873,0.0507859733978234,0.8681983071342201
hmda_oh,1001,mlp,equality,debt_to_income_ratio,True,0.0175216663919505,0.0228091236494597,0.0021353505187427,0.0018007202881152,0.0,0.0599965654562769,1666,-1,1.036238223530162e-05,2.446652668444332e-05,0.0,0.0599965654562769,0.0599478245090494,0.0036014405762304,0.0024009603841536,0.0018007202881152,0.0018007202881152,0.0012004801920768,0.0012004801920768,0.975390156062425
hmda_oh,1001,mlp,equality,loan_to_value_ratio,True,0.016316630138188,0.0143798681845416,0.0020256185293421,0.0035949670461354,0.0,0.0541850916931466,1669,-1,0.0001791604553676,0.0001029580264071,0.0,0.0541850916931466,0.0539812467750039,0.0263630916716596,0.0215698022768124,0.0077890952666267,0.0065907729179149,0.0029958058717795,0.0023966446974236,0.9784301977231876
hmda_oh,1001,mlp,equality,linked_income_plus10k,True,0.0101424395320592,0.0,0.0011115594709594,0.0,0.0,0.0246667665825577,675,1,7.466744804899177e-05,7.263718041586011e-05,0.0,0.0246667665825577,0.0245265418211601,0.0251851851851851,0.0192592592592592,0.0044444444444444,0.0044444444444444,0.0,0.0,0.9955555555555556
hmda_oh,1001,mlp,equality,linked_income_plus20k,False,0.0130174290755152,0.0030257186081694,0.0013797958632281,0.0,0.0,0.0309367186342426,661,1,0.0002035219750124,0.0002638437883819,0.0,0.0309367186342426,0.0304186904066605,0.0529500756429652,0.0423600605143721,0.0226928895612708,0.021180030257186,0.0090771558245083,0.0045385779122541,0.9742813918305596
hmda_oh,1001,mlp,equality,linked_income_plus30k,False,0.0143177408975707,0.0109546165884194,0.0015059775664711,0.0,0.0,0.0334352174014556,639,1,0.0003968706484061,0.000423774532766,0.0,0.0334352174014556,0.0325989987052964,0.0719874804381846,0.0532081377151799,0.0328638497652582,0.0297339593114241,0.0172143974960876,0.0140845070422535,0.9561815336463224
hmda_oh,1001,mlp,equality,linked_income_plus50k,False,0.0156665504591105,0.0176125244618395,0.0016950049425979,0.0,0.0,0.0348042888286787,511,1,0.0007197389288186,0.0007963395761164,0.0,0.0348042888286787,0.0332221759371834,0.0880626223091976,0.0684931506849315,0.0489236790606653,0.0430528375733855,0.0371819960861056,0.0293542074363992,0.9334637964774952
hmda_oh,1001,mlp,equality_direction,income,True,0.0052560849189578,0.0006045949214026,0.0007010701027606,0.0006045949214026,0.0,0.0159823528098563,1654,1,0.0001769731597228,0.0003833927315725,0.0,0.0159823528098563,0.0152168379201692,0.062273276904474,0.05683192261185,0.0356711003627569,0.0308343409915356,0.0139056831922611,0.0108827085852478,0.9637243047158404
hmda_oh,1001,mlp,equality_direction,debt_to_income_ratio,True,0.0054920390136495,0.0006002400960384,0.0007610186902668,0.0012004801920768,0.0,0.0360666842025444,1666,-1,7.208426456058473e-05,0.0001541549632695,0.0,0.0360666842025444,0.0357594630075285,0.0168067226890756,0.0150060024009603,0.0120048019207683,0.0078031212484993,0.0054021608643457,0.0042016806722689,0.9873949579831932
hmda_oh,1001,mlp,equality_direction,loan_to_value_ratio,True,0.0064464291906985,0.0,0.0010097315175408,0.0017974835230677,0.0,0.0806607991351585,1669,-1,7.112933143695511e-05,6.504268823728745e-05,0.0,0.0806607991351585,0.080530713758684,0.0113840623127621,0.0113840623127621,0.0023966446974236,0.0017974835230677,0.0011983223487118,0.0011983223487118,0.9976033553025764
hmda_oh,1001,mlp,equality_direction,linked_income_plus10k,True,0.0030442769383942,0.0,0.0003710893194754,0.0,0.0,0.0170856254831546,675,1,7.187736971230171e-05,0.0001312165709191,0.0,0.0170856254831546,0.0168235978642962,0.0251851851851851,0.0222222222222222,0.0103703703703703,0.0103703703703703,0.0029629629629629,0.0029629629629629,0.9896296296296296
hmda_oh,1001,mlp,equality_direction,linked_income_plus20k,False,0.0038389629894323,0.0,0.0004734962663262,0.0,0.0,0.0220976674698799,661,1,0.0001041959820977,0.0001825165348966,0.0,0.0220976674698799,0.0217347322778054,0.0272314674735249,0.0257186081694402,0.0151285930408472,0.0136157337367624,0.0090771558245083,0.0090771558245083,0.9848714069591528
hmda_oh,1001,mlp,equality_direction,linked_income_plus30k,False,0.0044660794086672,0.0,0.0005376629830874,0.0,0.0,0.0243490207172185,639,1,0.0001511455877906,0.0002239490798713,0.0,0.0243490207172185,0.0239011225574757,0.0406885758998435,0.0406885758998435,0.0203442879499217,0.0187793427230046,0.0078247261345852,0.0062597809076682,0.9796557120500784
hmda_oh,1001,mlp,equality_direction,linked_income_plus50k,False,0.0048355345127633,0.0,0.0005827047354198,0.0,0.0,0.0265555037063579,511,1,0.0002297354325516,0.0002510058752413,0.0,0.0265555037063579,0.0260536089107817,0.035225048923679,0.0332681017612524,0.0195694716242661,0.0176125244618395,0.009784735812133,0.009784735812133,0.980430528375734
hmda_oh,1006,mlp,erm,income,True,0.1604041462176295,0.7896009673518742,0.025323456336865,0.0483675937122128,0.0725513905683192,0.0354976126421135,1654,1,0.0621228640669395,0.0184522854231184,0.0320435308343409,0.0354976126421135,-0.0002065039585422,0.562273276904474,0.3802902055622733,0.4649334945586457,0.2980652962515115,0.4068923821039903,0.2460701330108827,0.1215235792019347
hmda_oh,1006,mlp,erm,debt_to_income_ratio,True,0.2196730854736567,0.8415366146458584,0.0380211580086981,0.0630252100840336,0.0624249699879951,0.0599537766603167,1666,-1,0.0483668569478644,0.0133527863140268,0.0306122448979591,0.0599537766603167,0.0345106957624217,0.3037214885954382,0.1926770708283313,0.2623049219687875,0.1686674669867947,0.2376950780312124,0.1482593037214886,0.1254501800720288
hmda_oh,1006,mlp,erm,loan_to_value_ratio,True,0.2359220380105252,0.8573996405032954,0.0561551537798546,0.1431995206710605,0.0269622528460155,0.1754593245553433,1669,-1,0.0785941057674292,0.0118555139565196,0.0071899340922708,0.1754593245553433,0.1522709232100572,0.2528460155781905,0.1899340922708208,0.2031156381066506,0.1473936488915518,0.1869382863990413,0.1294188136608747,0.1072498502097064
hmda_oh,1006,mlp,erm,linked_income_plus10k,True,0.0996253588078198,0.6088888888888889,0.0180105466672409,0.0266666666666666,0.0251851851851851,0.0247558232907964,675,1,0.0098878008359269,0.0040160741721194,0.0059259259259259,0.0247558232907964,0.0171283313655671,0.2696296296296296,0.1377777777777777,0.1614814814814814,0.0859259259259259,0.1244444444444444,0.0592592592592592,0.3377777777777778
hmda_oh,1006,mlp,erm,linked_income_plus20k,False,0.1407975387476305,0.7413010590015129,0.0241547852946219,0.0363086232980332,0.037821482602118,0.0324983975029739,661,1,0.0241830201789454,0.008074339911697,0.0121028744326777,0.0324983975029739,0.0170264410843362,0.3540090771558245,0.2133131618759455,0.2617246596066566,0.1527987897125567,0.2042360060514372,0.113464447806354,0.2042360060514372
hmda_oh,1006,mlp,erm,linked_income_plus30k,False,0.1649948858389272,0.7730829420970265,0.0272697683212202,0.0328638497652582,0.0438184663536776,0.0372659772298583,639,1,0.0382004065076543,0.0113905227278811,0.0156494522691705,0.0372659772298583,0.0153290257440989,0.3849765258215962,0.2550860719874804,0.3129890453834116,0.2034428794992175,0.2660406885758998,0.1596244131455399,0.1737089201877934
hmda_oh,1006,mlp,erm,linked_income_plus50k,False,0.1802024392669914,0.8043052837573386,0.0298147912532321,0.0410958904109589,0.0508806262230919,0.0402211049630976,511,1,0.0546931364091924,0.0144396158963047,0.0234833659491193,0.0402211049630976,0.0122921973584743,0.4461839530332681,0.309197651663405,0.3679060665362035,0.2504892367906066,0.3150684931506849,0.2054794520547945,0.1232876712328767
hmda_oh,1006,mlp,equality,income,True,0.0105835807880222,0.0024183796856106,0.0015331198181202,0.0018137847642079,0.0,0.014106401407354,1654,1,0.0008158548045946,0.001602354412211,0.0012091898428053,0.014106401407354,0.0109210384281688,0.2587666263603386,0.2200725513905683,0.1233373639661426,0.0997581620314389,0.0574365175332527,0.0459492140266021,0.8742442563482467
hmda_oh,1006,mlp,equality,debt_to_income_ratio,True,0.0141216044281782,0.0066026410564225,0.0019380783449953,0.0,0.0,0.0571837250924034,1666,-1,0.0005650973098641,0.0006592256429805,0.0,0.0571837250924034,0.0558675893376552,0.0432172869147659,0.0408163265306122,0.0342136854741896,0.0306122448979591,0.0270108043217286,0.0234093637454982,0.9591836734693876
hmda_oh,1006,mlp,equality,loan_to_value_ratio,True,0.0125912791860182,0.0023966446974236,0.0018301236599968,0.0023966446974236,0.0,0.059860912751372,1669,-1,0.0002085960415128,0.0002134828638141,0.0,0.059860912751372,0.0594378210423335,0.0647094068304373,0.0527261833433193,0.0173756740563211,0.0155781905332534,0.0023966446974236,0.0023966446974236,0.9802276812462551
hmda_oh,1006,mlp,equality,linked_income_plus10k,True,0.0086241322921382,0.0,0.0011426736806632,0.0014814814814814,0.0,0.0237358891300421,675,1,0.0001878922258741,0.0002896812742554,0.0,0.0237358891300421,0.0231592446715494,0.0518518518518518,0.0488888888888888,0.0207407407407407,0.0177777777777777,0.0074074074074074,0.0074074074074074,0.9792592592592592
hmda_oh,1006,mlp,equality,linked_income_plus20k,False,0.0107770626533229,0.0,0.0014152244189903,0.0015128593040847,0.0,0.0303305049224986,661,1,0.0004538061284036,0.0006752559263282,0.0,0.0303305049224986,0.0289874467287437,0.1013615733736762,0.0892586989409984,0.0514372163388804,0.0499243570347957,0.0242057488653555,0.0166414523449319,0.9485627836611196
hmda_oh,1006,mlp,equality,linked_income_plus30k,False,0.0115326567784721,0.0,0.0014905734631264,0.0,0.0,0.0331996572651081,639,1,0.0009087676770419,0.0010158228671596,0.0,0.0331996572651081,0.031173757467671,0.1142410015649452,0.1048513302034428,0.0735524256651017,0.0625978090766823,0.0359937402190923,0.0297339593114241,0.9264475743348984
hmda_oh,1006,mlp,equality,linked_income_plus50k,False,0.0132666621102045,0.0039138943248532,0.0016501499475579,0.0019569471624266,0.0,0.0354344363599708,511,1,0.0012248648271878,0.0014074186180748,0.0,0.0354344363599708,0.0326251023545903,0.1330724070450097,0.1174168297455968,0.0998043052837573,0.086105675146771,0.0645792563600782,0.0489236790606653,0.8962818003913894
hmda_oh,1006,mlp,equality_direction,income,True,0.0103086710557287,0.0036275695284159,0.0014865601006931,0.0012091898428053,0.0,0.0186211577057126,1654,1,4.443210467306072e-05,0.0001605652092217,0.0006045949214026,0.0186211577057126,0.0183066413308679,0.0392986698911729,0.026602176541717,0.0151148730350665,0.0114873035066505,0.0042321644498186,0.0024183796856106,0.9818621523579202
hmda_oh,1006,mlp,equality_direction,debt_to_income_ratio,True,0.0134497447652655,0.0048019207683073,0.0018542026548494,0.0,0.0,0.0615148794954925,1666,-1,2.121734954297021e-06,1.252191050255187e-05,0.0,0.0615148794954925,0.0614920139949111,0.0042016806722689,0.0024009603841536,0.0018007202881152,0.0006002400960384,0.0,0.0,0.9933973589435774
hmda_oh,1006,mlp,equality_direction,loan_to_value_ratio,True,0.0125760096898151,0.0053924505692031,0.0018521887812313,0.0005991611743559,0.0,0.0627555297401447,1669,-1,8.487425249924818e-06,1.5614552806103692e-05,0.0,0.0627555297401447,0.0627251726328391,0.0143798681845416,0.0083882564409826,0.0,0.0,0.0,0.0,0.9946075494307968
hmda_oh,1006,mlp,equality_direction,linked_income_plus10k,True,0.0081581886499016,0.0014814814814814,0.0011553714471163,0.0014814814814814,0.0,0.0254726759943182,675,1,3.0956017544078217e-06,8.776313795839406e-06,0.0,0.0254726759943182,0.0254551233667265,0.0029629629629629,0.0029629629629629,0.0,0.0,0.0,0.0,0.9985185185185184
hmda_oh,1006,mlp,equality_direction,linked_income_plus20k,False,0.01001198349715,0.0015128593040847,0.0013391838730036,0.0015128593040847,0.0,0.0342006433405597,661,1,5.807115350439957e-06,1.703447156150239e-05,0.0,0.0342006433405597,0.0341672731151887,0.0090771558245083,0.0075642965204236,0.0,0.0,0.0,0.0,0.9984871406959152
hmda_oh,1006,mlp,equality_direction,linked_income_plus30k,False,0.0111931532924537,0.0,0.0014236039673016,0.001564945226917,0.0,0.0386119528152987,639,1,1.0566724675033574e-05,4.1813995015825695e-05,0.0,0.0386119528152987,0.0385295242934828,0.0172143974960876,0.0140845070422535,0.0046948356807511,0.001564945226917,0.0,0.0,0.9953051643192488
hmda_oh,1006,mlp,equality_direction,linked_income_plus50k,False,0.0122668855548371,0.0039138943248532,0.0014835218342474,0.0,0.0,0.0423047090680059,511,1,1.8133847275003017e-05,6.615932708142714e-05,0.0,0.0423047090680059,0.042177261405281,0.0176125244618395,0.0136986301369863,0.0058708414872798,0.0039138943248532,0.0019569471624266,0.0019569471624266,0.9902152641878668
hmda_oh,1004,mlp,erm,income,True,0.1493675897760539,0.7823458282950423,0.020660016628079,0.0399032648125755,0.0580411124546553,0.0349841590214595,1654,1,0.0566734464917253,0.0171307112007851,0.0259975816203143,0.0349841590214595,0.0016330208154813,0.532043530834341,0.3802902055622733,0.4371221281741233,0.2992744860943168,0.3887545344619105,0.2460701330108827,0.1318016928657799
hmda_oh,1004,mlp,erm,debt_to_income_ratio,True,0.180829773043223,0.8157262905162065,0.0368321667585663,0.0414165666266506,0.0378151260504201,0.0646725894063856,1666,-1,0.0162779708135963,0.0060760254584293,0.017406962785114,0.0646725894063856,0.05321888789855,0.1776710684273709,0.0936374549819928,0.1386554621848739,0.0732292917166866,0.1152460984393757,0.0648259303721488,0.1674669867947179
hmda_oh,1004,mlp,erm,loan_to_value_ratio,True,0.2369977969412874,0.8573996405032954,0.0434789250058312,0.0856800479328939,0.0173756740563211,0.1607112585121444,1669,-1,0.1210937815915628,0.0141350682422433,0.0071899340922708,0.1607112585121444,0.1327894548123999,0.2402636309167166,0.1911324146195326,0.2067106051527861,0.1587777112043139,0.1881366087477531,0.140203714799281,0.1120431396045536
hmda_oh,1004,mlp,erm,linked_income_plus10k,True,0.0761704038966585,0.5466666666666666,0.012644517541502,0.0207407407407407,0.0103703703703703,0.023582423731819,675,1,0.0038747638246548,0.0019550308893785,0.0059259259259259,0.023582423731819,0.0198901539500058,0.1274074074074074,0.0711111111111111,0.0829629629629629,0.0474074074074074,0.0651851851851851,0.034074074074074,0.4192592592592593
hmda_oh,1004,mlp,erm,linked_income_plus20k,False,0.1072865178168902,0.6853252647503782,0.0172405106474724,0.0272314674735249,0.0287443267776096,0.0307328701275048,661,1,0.0075929283452666,0.0036463737579009,0.0121028744326777,0.0307328701275048,0.024067596773448,0.1875945537065053,0.1013615733736762,0.1270801815431164,0.0695915279878971,0.0998487140695915,0.059001512859304,0.2829046898638426
hmda_oh,1004,mlp,erm,linked_income_plus30k,False,0.130521040520571,0.7276995305164319,0.0201034661441104,0.028169014084507,0.0203442879499217,0.0352754235668079,639,1,0.0099998519198815,0.0044073030548938,0.0125195618153364,0.0352754235668079,0.0269288462359375,0.189358372456964,0.1032863849765258,0.1345852895148669,0.0751173708920187,0.1142410015649452,0.0625978090766823,0.2410015649452269
hmda_oh,1004,mlp,erm,linked_income_plus50k,False,0.1558858418797093,0.8023483365949119,0.0228367562521144,0.0273972602739726,0.0273972602739726,0.0409080380746295,511,1,0.0188871682417704,0.0069775799325921,0.0234833659491193,0.0409080380746295,0.027439388198463,0.2152641878669275,0.1330724070450097,0.162426614481409,0.1037181996086105,0.136986301369863,0.0880626223091976,0.1702544031311154
hmda_oh,1004,mlp,equality,income,True,0.0057087958877075,0.0,0.0007004780840954,0.0,0.0,0.0140695749136714,1654,1,0.0050915733374855,0.0034611969661229,0.0,0.0140695749136714,0.0071506902245603,0.4087061668681983,0.3929866989117291,0.1995163240628778,0.181378476420798,0.1094316807738815,0.1027811366384522,0.8004836759371221
hmda_oh,1004,mlp,equality,debt_to_income_ratio,True,0.0073830821123175,0.0,0.0009743702787579,0.0,0.0,0.0342631316742418,1666,-1,0.0022843115874363,0.0019405391949842,0.0,0.0342631316742418,0.0303846593933773,0.1020408163265306,0.0948379351740696,0.0690276110444177,0.0672268907563025,0.0528211284513805,0.0498199279711884,0.9309723889555822
hmda_oh,1004,mlp,equality,loan_to_value_ratio,True,0.0090609292922136,0.0,0.0012895853958698,0.0005991611743559,0.0,0.0623358328543107,1669,-1,0.0004820466401487,0.0002867679860586,0.0,0.0623358328543107,0.0617623709336804,0.0317555422408627,0.0305572198921509,0.0197723187537447,0.0161773517076093,0.0113840623127621,0.0107849011384062,0.9802276812462551
hmda_oh,1004,mlp,equality,linked_income_plus10k,True,0.0041379819341279,0.0,0.0004613312066094,0.0,0.0,0.0144294141407663,675,1,0.001057334823941,0.000895574099015,0.0,0.0144294141407663,0.0126385837038869,0.0755555555555555,0.0725925925925926,0.04,0.04,0.0296296296296296,0.0281481481481481,0.96
hmda_oh,1004,mlp,equality,linked_income_plus20k,False,0.0052249610858001,0.0,0.0005920078142059,0.0,0.0,0.0184708197221535,661,1,0.0022674573759072,0.0017976954832617,0.0,0.0184708197221535,0.0148768773506173,0.1361573373676248,0.1285930408472012,0.0877458396369137,0.0847201210287443,0.0605143721633888,0.0574886535552193,0.9122541603630864
hmda_oh,1004,mlp,equality,linked_income_plus30k,False,0.0058449478076657,0.0,0.0006713556658516,0.0,0.0,0.0196515928012007,639,1,0.0031387235569686,0.0020695583072378,0.0,0.0196515928012007,0.0155176014451443,0.1674491392801252,0.1471048513302034,0.0985915492957746,0.0907668231611893,0.0657276995305164,0.0657276995305164,0.9014084507042254
hmda_oh,1004,mlp,equality,linked_income_plus50k,False,0.0066455014618642,0.0,0.0007137508703573,0.0,0.0,0.0216720042716886,511,1,0.0036512261148522,0.0025582939859164,0.0,0.0216720042716886,0.0165596082390959,0.1604696673189823,0.1545988258317025,0.1291585127201565,0.1232876712328767,0.0821917808219178,0.0821917808219178,0.8708414872798435
hmda_oh,1004,mlp,equality_direction,income,True,0.0087298226476328,0.0,0.0010450872609064,0.0,0.0,0.0243429574308471,1654,1,5.249303771249934e-05,7.541462022554583e-05,0.0,0.0243429574308471,0.0241963920738514,0.0181378476420798,0.0126964933494558,0.0048367593712212,0.0042321644498186,0.0018137847642079,0.0018137847642079,0.9951632406287788
hmda_oh,1004,mlp,equality_direction,debt_to_income_ratio,True,0.0094227707606045,0.0006002400960384,0.0012926299509528,0.0,0.0,0.0374458977178302,1666,-1,2.815881296512709e-05,9.376140957129567e-05,0.0,0.0374458977178302,0.0372595164699437,0.0126050420168067,0.0114045618247298,0.0072028811524609,0.0060024009603841,0.0048019207683073,0.0036014405762304,0.9921968787515006
hmda_oh,1004,mlp,equality_direction,loan_to_value_ratio,True,0.0107261093524203,0.0017974835230677,0.0015489780885387,0.0,0.0,0.0867254016954474,1669,-1,4.644188544601298e-05,4.923685348980799e-05,0.0,0.0867254016954474,0.0866269279884678,0.0083882564409826,0.0083882564409826,0.0041941282204913,0.0035949670461354,0.0017974835230677,0.0017974835230677,0.994008388256441
hmda_oh,1004,mlp,equality_direction,linked_income_plus10k,True,0.0054869548148579,0.0,0.000671094514051,0.0029629629629629,0.0,0.0170315371220696,675,1,1.0127939002215511e-05,6.145425582971795e-05,0.0,0.0170315371220696,0.0169106902381354,0.0222222222222222,0.0177777777777777,0.0059259259259259,0.0044444444444444,0.0,0.0,0.994074074074074
hmda_oh,1004,mlp,equality_direction,linked_income_plus20k,False,0.0070875393686063,0.0,0.0008763032128002,0.0015128593040847,0.0,0.0225204119084456,661,1,9.20166733901271e-06,5.280151270954123e-05,0.0,0.0225204119084456,0.022418177958583,0.0181543116490166,0.0136157337367624,0.0045385779122541,0.0030257186081694,0.0,0.0,0.9954614220877458
hmda_oh,1004,mlp,equality_direction,linked_income_plus30k,False,0.0083533348005515,0.0,0.0009909280591211,0.0,0.0,0.0254975193599023,639,1,5.722579502374123e-05,0.0001312335001142,0.0,0.0254975193599023,0.0252361368356822,0.0187793427230046,0.0156494522691705,0.0093896713615023,0.0093896713615023,0.0046948356807511,0.0046948356807511,0.9906103286384976
hmda_oh,1004,mlp,equality_direction,linked_income_plus50k,False,0.0099446184918605,0.0019569471624266,0.0011035359119233,0.0,0.0,0.0292683261486295,511,1,9.35595996111601e-05,0.0002063915678295,0.0,0.0292683261486295,0.0288555430129704,0.0176125244618395,0.0176125244618395,0.0136986301369863,0.0136986301369863,0.0136986301369863,0.0117416829745596,0.9843444227005872
hmda_oh,1007,mlp,erm,income,True,0.1024203715640984,0.6856106408706167,0.015990089332892,0.0338573155985489,0.0332527206771463,0.0328041116113902,1654,1,0.053019020892131,0.0173370933996779,0.0187424425634824,0.0328041116113902,-0.0013255447105391,0.5616686819830713,0.4365175332527207,0.4673518742442563,0.3198307134220072,0.4026602176541717,0.2617896009673519,0.1807738814993954
hmda_oh,1007,mlp,erm,debt_to_income_ratio,True,0.1290675706016559,0.7172869147659063,0.0282898647014362,0.0432172869147659,0.0312124849939975,0.0534881232449379,1666,-1,0.0337488413121696,0.008976859042265,0.0210084033613445,0.0534881232449379,0.0360745450234379,0.2232893157262905,0.1446578631452581,0.1830732292917166,0.1152460984393757,0.1464585834333733,0.0942376950780312,0.2352941176470588
hmda_oh,1007,mlp,erm,loan_to_value_ratio,True,0.1898589591652494,0.8142600359496704,0.0407436825630018,0.1048532055122828,0.0173756740563211,0.156141747300096,1669,-1,0.0437267844350838,0.0064217223488461,0.0005991611743559,0.156141747300096,0.1435759146685107,0.2258837627321749,0.1749550629119233,0.1761533852606351,0.1294188136608747,0.1551827441581785,0.1078490113840623,0.1396045536249251
hmda_oh,1007,mlp,erm,linked_income_plus10k,True,0.059143369562096,0.3955555555555555,0.0121527078044497,0.0133333333333333,0.0074074074074074,0.022490555406253,675,1,0.0091152931555108,0.0032767122605593,0.0074074074074074,0.022490555406253,0.0161019125061385,0.1807407407407407,0.117037037037037,0.1037037037037037,0.0681481481481481,0.074074074074074,0.0488888888888888,0.5525925925925926
hmda_oh,1007,mlp,erm,linked_income_plus20k,False,0.0814795443187953,0.5325264750378215,0.0158708288022672,0.0226928895612708,0.0136157337367624,0.0284896357956736,661,1,0.0213795533110531,0.0064117027009044,0.0151285930408472,0.0284896357956736,0.0159536273285945,0.2602118003025718,0.1754916792738275,0.1815431164901664,0.124054462934947,0.1391830559757942,0.1013615733736762,0.4039334341906203
hmda_oh,1007,mlp,erm,linked_income_plus30k,False,0.0933661157548054,0.6118935837245696,0.0173165912396149,0.0234741784037558,0.0297339593114241,0.0300699384298297,639,1,0.0254037062956002,0.0074842058020197,0.0187793427230046,0.0300699384298297,0.0156498254369807,0.3129890453834116,0.2097026604068857,0.2206572769953051,0.1392801251956181,0.1674491392801252,0.1111111111111111,0.323943661971831
hmda_oh,1007,mlp,erm,linked_income_plus50k,False,0.1037264872349638,0.6731898238747553,0.0187937080299706,0.0313111545988258,0.035225048923679,0.0325564102940574,511,1,0.0302727878625123,0.0089044279434847,0.0234833659491193,0.0325564102940574,0.0154167638428689,0.3209393346379647,0.223091976516634,0.2426614481409001,0.1565557729941291,0.1898238747553816,0.1252446183953033,0.2641878669275929
hmda_oh,1007,mlp,equality,income,True,0.0043420357676954,0.0,0.0006649906714417,0.0012091898428053,0.0,0.0223245202159474,1654,1,0.0080857106601413,0.0048870164295479,0.0012091898428053,0.0223245202159474,0.0125518869714241,0.2859733978234582,0.279322853688029,0.1874244256348246,0.183192261185006,0.1402660217654171,0.1372430471584038,0.8125755743651754
hmda_oh,1007,mlp,equality,debt_to_income_ratio,True,0.0062477992509915,0.0,0.0010994912723584,0.0006002400960384,0.0,0.032453241746358,1666,-1,0.0095556782579458,0.0048254787064845,0.0012004801920768,0.032453241746358,0.0228037699949061,0.1752701080432173,0.1710684273709483,0.1368547418967587,0.1332533013205282,0.1068427370948379,0.1056422569027611,0.8631452581032413
hmda_oh,1007,mlp,equality,loan_to_value_ratio,True,0.0073549021113554,0.0,0.0018330174376832,0.0011983223487118,0.0,0.0670569777819959,1669,-1,0.0026212801132983,0.0007031338148977,0.0,0.0670569777819959,0.0656509155767578,0.0611144397843019,0.0599161174355901,0.0341521869382864,0.0317555422408627,0.023966446974236,0.0233672857998801,0.9658478130617136
hmda_oh,1007,mlp,equality,linked_income_plus10k,True,0.0034735859875325,0.0,0.0005623790714535,0.0,0.0,0.0147194054811522,675,1,0.0027228226449871,0.0017023239669885,0.0,0.0147194054811522,0.0113147575471751,0.1185185185185185,0.1185185185185185,0.0725925925925926,0.0681481481481481,0.0429629629629629,0.0429629629629629,0.9274074074074076
hmda_oh,1007,mlp,equality,linked_income_plus20k,False,0.0042155280754353,0.0,0.0006763539145026,0.0015128593040847,0.0,0.0182272796185412,661,1,0.0060328429033182,0.0031064719007075,0.0015128593040847,0.0182272796185412,0.0120144550154577,0.1770045385779122,0.1754916792738275,0.1119515885022692,0.1104387291981845,0.0741301059001512,0.0711043872919818,0.8880484114977307
hmda_oh,1007,mlp,equality,linked_income_plus30k,False,0.0045432439175943,0.0,0.0007155778772387,0.0,0.0,0.0199660295598937,639,1,0.0081072390213298,0.0035797881702751,0.001564945226917,0.0199660295598937,0.0128065995738645,0.1862284820031298,0.1846635367762128,0.1220657276995305,0.1205007824726134,0.0923317683881064,0.0892018779342723,0.8779342723004695
hmda_oh,1007,mlp,equality,linked_income_plus50k,False,0.0048081224561904,0.0,0.0007458839455303,0.0,0.0,0.0220557201817749,511,1,0.0075391899845958,0.0039058827773233,0.0019569471624266,0.0220557201817749,0.0142451549309963,0.1859099804305283,0.1800391389432485,0.1154598825831702,0.1154598825831702,0.1017612524461839,0.0939334637964774,0.8845401174168297
hmda_oh,1007,mlp,equality_direction,income,True,0.0032877812574211,0.0,0.0005339454863064,0.0012091898428053,0.0,0.0257940746654461,1654,1,0.0001190271989093,0.0001973888013375,0.0,0.0257940746654461,0.0254002403190441,0.0326481257557436,0.0314389359129383,0.0120918984280532,0.0114873035066505,0.0060459492140266,0.0054413542926239,0.9879081015719468
hmda_oh,1007,mlp,equality_direction,debt_to_income_ratio,True,0.0048657546394548,0.0,0.0006760809963608,0.0,0.0,0.0377558822585855,1666,-1,0.0001092964681327,0.0002139881136677,0.0,0.0377558822585855,0.0373280191714357,0.0276110444177671,0.0264105642256902,0.0144057623049219,0.0138055222088835,0.0084033613445378,0.0078031212484993,0.985594237695078
hmda_oh,1007,mlp,equality_direction,loan_to_value_ratio,True,0.0051535367028237,0.0,0.0011907348274189,0.0011983223487118,0.0,0.0915456325244555,1669,-1,0.0,0.0,0.0,0.0915456325244555,0.0915456325244555,0.0,0.0,0.0,0.0,0.0,0.0,1.0
hmda_oh,1007,mlp,equality_direction,linked_income_plus10k,True,0.0027342949807643,0.0,0.0003861192792982,0.0014814814814814,0.0,0.0189525482621628,675,1,0.0001542816755273,0.000177625865796,0.0,0.0189525482621628,0.018597809579721,0.0355555555555555,0.0296296296296296,0.0118518518518518,0.0118518518518518,0.0074074074074074,0.0059259259259259,0.988148148148148
hmda_oh,1007,mlp,equality_direction,linked_income_plus20k,False,0.0033423263134375,0.0,0.0004452098216703,0.0015128593040847,0.0,0.0243662744822345,661,1,0.00016507323461,0.0001555563404054,0.0,0.0243662744822345,0.0240555028267021,0.0393343419062027,0.0363086232980332,0.0121028744326777,0.0121028744326777,0.0030257186081694,0.0030257186081694,0.9878971255673222
hmda_oh,1007,mlp,equality_direction,linked_income_plus30k,False,0.0036963537883404,0.0,0.0004870035468416,0.0031298904538341,0.0,0.0276401562729521,639,1,0.0001251109725109,0.0001653674919214,0.0,0.0276401562729521,0.0273095102880975,0.0344287949921752,0.0328638497652582,0.0109546165884194,0.0109546165884194,0.0078247261345852,0.0062597809076682,0.9890453834115804
hmda_oh,1007,mlp,equality_direction,linked_income_plus50k,False,0.0040451474706487,0.0,0.0005251130401137,0.0019569471624266,0.0,0.0309194047258846,511,1,0.000177419254498,0.0002428365275429,0.0,0.0309194047258846,0.0304337316707986,0.0410958904109589,0.0410958904109589,0.0176125244618395,0.0176125244618395,0.0117416829745596,0.009784735812133,0.9823874755381604
hmda_oh,1009,mlp,erm,income,True,0.2041134682575189,0.9068923821039904,0.029022372964039,0.053204353083434,0.1475211608222491,0.0298407726498139,1654,1,0.0426135441622759,0.0177596310865064,0.0459492140266021,0.0298407726498139,-0.0031867147517682,0.6088270858524788,0.3204353083434099,0.528415961305925,0.2527206771463119,0.464328899637243,0.2007255139056832,0.0634824667472793
hmda_oh,1009,mlp,erm,debt_to_income_ratio,True,0.1908771313887899,0.8235294117647058,0.0431886701352428,0.0762304921968787,0.042016806722689,0.0667071978388865,1666,-1,0.0185319976474642,0.0072418952673597,0.0222088835534213,0.0667071978388865,0.0529048626402632,0.2058823529411764,0.1254501800720288,0.1782713085234093,0.1092436974789916,0.1572629051620648,0.0930372148859543,0.1512605042016806
hmda_oh,1009,mlp,erm,loan_to_value_ratio,True,0.2289997932080954,0.8573996405032954,0.0498142553316338,0.1318154583582984,0.0245656081485919,0.1960405412243625,1669,-1,0.0556211919482428,0.0107918657963897,0.0089874176153385,0.1960405412243625,0.1748380069341214,0.1971240263630916,0.1467944877171959,0.1653684841222288,0.1174355901737567,0.1545835829838226,0.1018573996405032,0.121629718394248
hmda_oh,1009,mlp,erm,linked_income_plus10k,True,0.0688471740097911,0.4622222222222222,0.0164388188591841,0.0251851851851851,0.0118518518518518,0.027179305104929,675,1,0.0037337892642638,0.0026446915356575,0.0029629629629629,0.027179305104929,0.0221029035983207,0.1911111111111111,0.1096296296296296,0.114074074074074,0.0725925925925926,0.0844444444444444,0.0533333333333333,0.4948148148148148
hmda_oh,1009,mlp,erm,linked_income_plus20k,False,0.099058595918536,0.6354009077155824,0.0221731152465943,0.0363086232980332,0.0257186081694402,0.0351748374659337,661,1,0.0109737293762441,0.0056207791456285,0.010590015128593,0.0351748374659337,0.0243629699138065,0.2450832072617246,0.1664145234493192,0.1830559757942511,0.1195158850226928,0.1452344931921331,0.096822995461422,0.3192133131618759
hmda_oh,1009,mlp,erm,linked_income_plus30k,False,0.1130805285137397,0.6917057902973396,0.0246863123624341,0.0469483568075117,0.028169014084507,0.0392714486328715,639,1,0.0187897853037789,0.0078476964861146,0.0219092331768388,0.0392714486328715,0.0240738491140555,0.272300469483568,0.1924882629107981,0.217527386541471,0.1439749608763693,0.189358372456964,0.107981220657277,0.2597809076682316
hmda_oh,1009,mlp,erm,linked_income_plus50k,False,0.1290077411892246,0.7338551859099804,0.0272765181063142,0.0547945205479452,0.0450097847358121,0.0425593743985213,511,1,0.0281255399788177,0.0098971084032946,0.0313111545988258,0.0425593743985213,0.0234027025109374,0.2876712328767123,0.1898238747553816,0.2407045009784735,0.1545988258317025,0.2093933463796477,0.12133072407045,0.2074363992172211
hmda_oh,1009,mlp,equality,income,True,0.0111656038106352,0.0054413542926239,0.0013553457343432,0.0,0.0,0.0111054943703244,1654,1,0.0010880256446144,0.0015878919434553,0.0,0.0111054943703244,0.0079538172754784,0.3107617896009673,0.2611850060459492,0.1197097944377267,0.1009673518742442,0.0544135429262394,0.0399032648125755,0.875453446191052
hmda_oh,1009,mlp,equality,debt_to_income_ratio,True,0.0138876635541005,0.0048019207683073,0.0016727577798015,0.0012004801920768,0.0,0.0265231480005086,1666,-1,0.0017266178195773,0.0019010227596352,0.0,0.0265231480005086,0.0227295139296503,0.1326530612244898,0.120048019207683,0.1008403361344537,0.0912364945978391,0.0786314525810324,0.0696278511404561,0.8943577430972389
hmda_oh,1009,mlp,equality,loan_to_value_ratio,True,0.0130506876461015,0.0077890952666267,0.001792493073766,0.0017974835230677,0.0,0.0619922205914613,1669,-1,6.132279382548588e-05,5.023931434585454e-05,0.0,0.0619922205914613,0.061892831071474,0.0125823846614739,0.0107849011384062,0.0047932893948472,0.0029958058717795,0.0017974835230677,0.0017974835230677,0.987417615338526
hmda_oh,1009,mlp,equality,linked_income_plus10k,True,0.0078432809313138,0.0,0.0008573807632262,0.0,0.0,0.0117231005338804,675,1,0.0006576794871489,0.000704295655072,0.0,0.0117231005338804,0.0103162516723706,0.0977777777777777,0.0903703703703703,0.0488888888888888,0.0355555555555555,0.0266666666666666,0.0222222222222222,0.9511111111111112
hmda_oh,1009,mlp,equality,linked_income_plus20k,False,0.009700002867317,0.0,0.0010698198410911,0.0,0.0,0.015495355461057,661,1,0.0019250025578479,0.0019096314053328,0.0,0.015495355461057,0.0116834489717621,0.1906202723146747,0.1739788199697428,0.1270801815431164,0.1119515885022692,0.086232980332829,0.0801815431164901,0.8729198184568835
hmda_oh,1009,mlp,equality,linked_income_plus30k,False,0.0107255030032801,0.0,0.0011966433147404,0.0,0.0,0.0168216899073458,639,1,0.0031299938053314,0.0027586574450494,0.0,0.0168216899073458,0.0113188835555137,0.2410015649452269,0.2143974960876369,0.1690140845070422,0.1580594679186228,0.1158059467918622,0.1048513302034428,0.8309859154929577
hmda_oh,1009,mlp,equality,linked_income_plus50k,False,0.0123740175990442,0.0039138943248532,0.0012525582094814,0.0,0.0,0.0178924352398681,511,1,0.0046680885983354,0.0037999468131444,0.0,0.0178924352398681,0.0103063748646367,0.2622309197651663,0.2348336594911937,0.197651663405088,0.1839530332681017,0.1350293542074364,0.1193737769080234,0.7984344422700587
hmda_oh,1009,mlp,equality_direction,income,True,0.003850107866158,0.0,0.0005040959578383,0.0006045949214026,0.0,0.0229715075808198,1654,1,0.000156661714866,0.0002935171273178,0.0,0.0229715075808198,0.0223844733261841,0.0435308343409915,0.0435308343409915,0.0187424425634824,0.0181378476420798,0.0084643288996372,0.0078597339782345,0.9812575574365175
hmda_oh,1009,mlp,equality_direction,debt_to_income_ratio,True,0.0053035564058754,0.0,0.0006489183143258,0.0006002400960384,0.0,0.0318481479973244,1666,-1,8.294064662935141e-05,0.0002126531017656,0.0006002400960384,0.0318481479973244,0.0314233966556466,0.0312124849939975,0.0276110444177671,0.0162064825930372,0.0150060024009603,0.0096038415366146,0.0072028811524609,0.9837935174069627
hmda_oh,1009,mlp,equality_direction,loan_to_value_ratio,True,0.0051334768739055,0.0,0.0008002878255579,0.0011983223487118,0.0,0.0693137442421696,1669,-1,4.895024830198233e-05,4.716287895309013e-05,0.0,0.0693137442421696,0.0692194184842635,0.005991611743559,0.005991611743559,0.0023966446974236,0.0023966446974236,0.0017974835230677,0.0017974835230677,0.9976033553025764
hmda_oh,1009,mlp,equality_direction,linked_income_plus10k,True,0.0030468840289998,0.0,0.0003574739274742,0.0014814814814814,0.0,0.0147345987804968,675,1,8.931704720367799e-05,0.0001009900690598,0.0014814814814814,0.0147345987804968,0.0145326186423771,0.0148148148148148,0.0148148148148148,0.0088888888888888,0.0088888888888888,0.0044444444444444,0.0044444444444444,0.9911111111111112
hmda_oh,1009,mlp,equality_direction,linked_income_plus20k,False,0.0037553016428868,0.0,0.0004400702883302,0.0015128593040847,0.0,0.0200381843899252,661,1,2.539347685027796e-05,4.233768735182254e-05,0.0,0.0200381843899252,0.0199538952559155,0.0151285930408472,0.0121028744326777,0.0030257186081694,0.0015128593040847,0.0,0.0,0.9969742813918304
hmda_oh,1009,mlp,equality_direction,linked_income_plus30k,False,0.0041466360920471,0.0,0.0004670828155486,0.001564945226917,0.0,0.0232588755449643,639,1,5.739924431503053e-05,8.41434600295283e-05,0.0,0.0232588755449643,0.0230911711752251,0.0219092331768388,0.0203442879499217,0.0046948356807511,0.0046948356807511,0.001564945226917,0.001564945226917,0.9953051643192488
hmda_oh,1009,mlp,equality_direction,linked_income_plus50k,False,0.0045304146035776,0.0,0.0004892288604072,0.0019569471624266,0.0,0.0257424431436013,511,1,0.0001680657245337,0.0002162428170196,0.0,0.0257424431436013,0.025309957509562,0.0293542074363992,0.0293542074363992,0.0136986301369863,0.0117416829745596,0.009784735812133,0.009784735812133,0.9863013698630136
hmda_oh,1005,mlp,erm,income,True,0.1092862158117336,0.7243047158403869,0.0164909936841003,0.0435308343409915,0.0459492140266021,0.0291240343736972,1654,1,0.0298304695409631,0.0122523285644995,0.0193470374848851,0.0291240343736972,0.0053288217063539,0.4812575574365175,0.3059250302297461,0.3548972188633615,0.218863361547763,0.2853688029020556,0.1698911729141475,0.2013301088270858
hmda_oh,1005,mlp,erm,debt_to_income_ratio,True,0.1671197782186757,0.82953181272509,0.0303529283925065,0.0324129651860744,0.0486194477791116,0.0474132874961855,1666,-1,0.0443137533440962,0.0134233776465024,0.0222088835534213,0.0474132874961855,0.0214194702043162,0.3391356542617046,0.2220888355342136,0.2773109243697479,0.1872749099639856,0.2418967587034814,0.1596638655462184,0.1230492196878751
hmda_oh,1005,mlp,erm,loan_to_value_ratio,True,0.2042907386897673,0.8304373876572798,0.0335966281251948,0.0748951467944877,0.0101857399640503,0.1349355844852796,1669,-1,0.053411209448482,0.0091436896380182,0.0035949670461354,0.1349355844852796,0.116868484655979,0.2144997004194128,0.1623726782504493,0.1617735170760934,0.1312162971839424,0.1455961653684841,0.1234272019173157,0.1360095865787897
hmda_oh,1005,mlp,erm,linked_income_plus10k,True,0.0588977333792933,0.4177777777777778,0.0104596084939387,0.0074074074074074,0.0148148148148148,0.0170495560829138,675,1,0.0073921024408824,0.003523457035184,0.0014814814814814,0.0170495560829138,0.0102318187214777,0.2266666666666666,0.1407407407407407,0.1407407407407407,0.0888888888888888,0.1022222222222222,0.0651851851851851,0.5348148148148149
hmda_oh,1005,mlp,erm,linked_income_plus20k,False,0.0883841836844738,0.556732223903177,0.0144449150626389,0.0075642965204236,0.0166414523449319,0.0239520791856334,661,1,0.0203323504951989,0.0075638658700213,0.0060514372163388,0.0239520791856334,0.0091041245962176,0.3177004538577912,0.2223903177004538,0.2193645990922844,0.1527987897125567,0.1785173978819969,0.1210287443267776,0.3827534039334342
hmda_oh,1005,mlp,erm,linked_income_plus30k,False,0.1090261721998126,0.6807511737089202,0.0166731716661189,0.0109546165884194,0.0250391236306729,0.0271170177624147,639,1,0.0303725649553032,0.0098079695262403,0.0109546165884194,0.0271170177624147,0.0079757033638015,0.3646322378716745,0.2472613458528951,0.2503912363067292,0.1752738654147105,0.2065727699530516,0.1424100156494522,0.2597809076682316
hmda_oh,1005,mlp,erm,linked_income_plus50k,False,0.1298320910541628,0.7240704500978473,0.0198945625007529,0.009784735812133,0.0391389432485322,0.0288031329398262,511,1,0.034356610564498,0.0103167871808203,0.0136986301369863,0.0288031329398262,0.0089139222829485,0.3463796477495107,0.2309197651663405,0.2446183953033268,0.162426614481409,0.1937377690802348,0.12133072407045,0.2250489236790606
hmda_oh,1005,mlp,equality,income,True,0.0068997650338559,0.0,0.0008901248272105,0.0012091898428053,0.0,0.0114857365146713,1654,1,0.0022762409430291,0.0026230216507259,0.0024183796856106,0.0114857365146713,0.0062479913321921,0.3669891172914147,0.3446191051995163,0.1668681983071342,0.1499395405078597,0.0894800483675937,0.0749697702539298,0.8331318016928658
hmda_oh,1005,mlp,equality,debt_to_income_ratio,True,0.0086157440665174,0.0,0.0013172389876643,0.0024009603841536,0.0,0.032761828757108,1666,-1,0.0024476631261528,0.0019300577132799,0.0,0.032761828757108,0.028903284016484,0.0936374549819928,0.0900360144057623,0.0750300120048019,0.0690276110444177,0.0570228091236494,0.056422569027611,0.924969987995198
hmda_oh,1005,mlp,equality,loan_to_value_ratio,True,0.0105804844646128,0.0017974835230677,0.0019205645839807,0.0029958058717795,0.0,0.0839579716342889,1669,-1,1.3254282858633352e-05,9.017496286927392e-06,0.0,0.0839579716342889,0.0839399366417151,0.0011983223487118,0.0011983223487118,0.0005991611743559,0.0005991611743559,0.0005991611743559,0.0005991611743559,0.9976033553025764
hmda_oh,1005,mlp,equality,linked_income_plus10k,True,0.0046657201537379,0.0,0.0006737134686235,0.0044444444444444,0.0,0.0141717511820651,675,1,0.0007427560505869,0.0007021473990776,0.0,0.0141717511820651,0.0127725015939129,0.0888888888888888,0.0711111111111111,0.0385185185185185,0.037037037037037,0.0281481481481481,0.0237037037037037,0.9614814814814816
hmda_oh,1005,mlp,equality,linked_income_plus20k,False,0.006187955343056,0.0,0.0008665536274151,0.0030257186081694,0.0,0.0180323574935184,661,1,0.0013916058059387,0.0014515571950281,0.0,0.0180323574935184,0.0151313664827792,0.1437216338880484,0.1391830559757942,0.0877458396369137,0.086232980332829,0.048411497730711,0.0468986384266263,0.9122541603630864
hmda_oh,1005,mlp,equality,linked_income_plus30k,False,0.0070332903094321,0.0,0.0009640972296416,0.001564945226917,0.0,0.0194236261687662,639,1,0.0023245273520566,0.0021165838189753,0.0,0.0194236261687662,0.0151933982614166,0.1752738654147105,0.1690140845070422,0.1173708920187793,0.1126760563380281,0.0751173708920187,0.0688575899843505,0.8826291079812206
hmda_oh,1005,mlp,equality,linked_income_plus50k,False,0.00828136413298,0.0,0.0010635222846694,0.0019569471624266,0.0,0.0195244362720085,511,1,0.002417126245568,0.0022800877225334,0.0,0.0195244362720085,0.0149796206200439,0.1956947162426614,0.1800391389432485,0.1174168297455968,0.1056751467710371,0.0782778864970645,0.0743639921722113,0.8825831702544031
hmda_oh,1005,mlp,equality_direction,income,True,0.0072579098664935,0.0006045949214026,0.0010103067571194,0.0030229746070133,0.0,0.016553472927749,1654,1,6.01057559268315e-05,0.0001691612497879,0.0006045949214026,0.016553472927749,0.0162198566239446,0.0495767835550181,0.0356711003627569,0.0114873035066505,0.0078597339782345,0.0048367593712212,0.0036275695284159,0.9879081015719468
hmda_oh,1005,mlp,equality_direction,debt_to_income_ratio,True,0.0080642207455234,0.0,0.0016081092476345,0.0018007202881152,0.0,0.0444057789896894,1666,-1,2.063308962653508e-06,1.2096769224500812e-05,0.0,0.0444057789896894,0.0443821135344945,0.0024009603841536,0.0018007202881152,0.0012004801920768,0.0006002400960384,0.0006002400960384,0.0,0.9987995198079233
hmda_oh,1005,mlp,equality_direction,loan_to_value_ratio,True,0.0099289474742115,0.0023966446974236,0.0023683762377833,0.0041941282204913,0.0,0.084218320782651,1669,-1,1.0281098553951841e-08,1.407089725703005e-07,0.0,0.084218320782651,0.0842181583186392,0.0005991611743559,0.0,0.0,0.0,0.0,0.0,0.9976033553025764
hmda_oh,1005,mlp,equality_direction,linked_income_plus10k,True,0.0043773342061925,0.0,0.0007945587925673,0.0014814814814814,0.0,0.0178040127216883,675,1,4.369883688737117e-06,2.2343982550237772e-05,0.0,0.0178040127216883,0.0177596049876615,0.0044444444444444,0.0029629629629629,0.0029629629629629,0.0014814814814814,0.0014814814814814,0.0,0.997037037037037
hmda_oh,1005,mlp,equality_direction,linked_income_plus20k,False,0.0056903674950578,0.0,0.001013894447416,0.0015128593040847,0.0,0.0244096825694719,661,1,3.931239156300462e-06,1.942729570697857e-05,0.0,0.0244096825694719,0.024373722430328,0.0045385779122541,0.0030257186081694,0.0030257186081694,0.0015128593040847,0.0,0.0,0.9969742813918304
hmda_oh,1005,mlp,equality_direction,linked_income_plus30k,False,0.0067741801271416,0.0,0.0011439949348965,0.0,0.0,0.027930099119229,639,1,6.457359269935277e-07,7.491856416398207e-06,0.0,0.027930099119229,0.027919992433617,0.0046948356807511,0.001564945226917,0.0,0.0,0.0,0.0,1.0
hmda_oh,1005,mlp,equality_direction,linked_income_plus50k,False,0.0080263802887408,0.0,0.0012651556106188,0.0,0.0,0.0309565814112731,511,1,2.8777258341004327e-09,2.008045599756049e-07,0.0,0.0309565814112731,0.0309565814112731,0.0019569471624266,0.0,0.0,0.0,0.0,0.0,1.0
hmda_oh,1008,mlp,erm,income,True,0.2351193513941952,0.8651753325272068,0.0258932351063747,0.0338573155985489,0.1154776299879081,0.0280859491006998,1654,1,0.0618498091058529,0.0183432474197136,0.022974607013301,0.0280859491006998,-0.0066024531498906,0.6880290205562273,0.3911729141475211,0.5689238210399032,0.2835550181378476,0.4830713422007255,0.2357920193470374,0.0634824667472793
hmda_oh,1008,mlp,erm,debt_to_income_ratio,True,0.1825498867811275,0.7893157262905162,0.0293961259392685,0.031812725090036,0.0696278511404561,0.0422140268573744,1666,-1,0.0327418760050836,0.0083744056296978,0.0084033613445378,0.0422140268573744,0.0265822268431914,0.2959183673469387,0.1530612244897959,0.237094837935174,0.1176470588235294,0.1920768307322929,0.0984393757503001,0.1884753901560624
hmda_oh,1008,mlp,erm,loan_to_value_ratio,True,0.2044519636402807,0.8328340323547034,0.0565875199598222,0.1330137807070102,0.0161773517076093,0.1339311768177261,1669,-1,0.0652733597074307,0.0094765501967624,0.0047932893948472,0.1339311768177261,0.1153078344767607,0.2582384661473936,0.1965248651887357,0.207309766327142,0.1497902935889754,0.1797483523067705,0.1264230077890952,0.1348112642300779
hmda_oh,1008,mlp,erm,linked_income_plus10k,True,0.0734120546170958,0.4859259259259259,0.0108666233875795,0.0103703703703703,0.0237037037037037,0.014265935676693,675,1,0.0067302495552306,0.0029538821755181,0.0029629629629629,0.014265935676693,0.0087222679685191,0.28,0.1525925925925925,0.154074074074074,0.0711111111111111,0.0933333333333333,0.0562962962962962,0.4637037037037037
hmda_oh,1008,mlp,erm,linked_income_plus20k,False,0.1007003237334123,0.6263237518910741,0.0138431187127471,0.0090771558245083,0.0242057488653555,0.0195627812662212,661,1,0.0162410267283244,0.0057711400233074,0.0045385779122541,0.0195627812662212,0.0084872083216344,0.3464447806354009,0.2193645990922844,0.2254160363086233,0.1270801815431164,0.1709531013615733,0.0922844175491679,0.3101361573373676
hmda_oh,1008,mlp,erm,linked_income_plus30k,False,0.1199406731249954,0.7230046948356808,0.0158636778577835,0.0125195618153364,0.0297339593114241,0.0229787419222767,639,1,0.0248094576711303,0.0074860884067779,0.0062597809076682,0.0229787419222767,0.0085562692453496,0.3615023474178404,0.2347417840375587,0.2613458528951486,0.1455399061032863,0.2018779342723004,0.109546165884194,0.2284820031298904
hmda_oh,1008,mlp,erm,linked_income_plus50k,False,0.1507199267964307,0.7573385518590998,0.0193425707378278,0.0156555772994129,0.0293542074363992,0.0276271451210237,511,1,0.0427349728609815,0.0105919130233295,0.0078277886497064,0.0276271451210237,0.0071660324044491,0.3698630136986301,0.2387475538160469,0.2798434442270058,0.1702544031311154,0.2270058708414872,0.1232876712328767,0.1859099804305283
hmda_oh,1008,mlp,equality,income,True,0.0051904767346281,0.0,0.0006594759603525,0.0,0.0,0.0146182787948017,1654,1,0.0058799673258459,0.0045486042943262,0.0030229746070133,0.0146182787948017,0.0055245610169173,0.3349455864570738,0.3276904474002418,0.1983071342200725,0.1928657799274486,0.1348246674727932,0.1275695284159613,0.8016928657799275
hmda_oh,1008,mlp,equality,debt_to_income_ratio,True,0.0066928412610975,0.0,0.0010188060443031,0.0012004801920768,0.0,0.0287164100081998,1666,-1,0.0102390231313116,0.0048475393598407,0.0012004801920768,0.0287164100081998,0.0190219188976847,0.1608643457382953,0.1572629051620648,0.1326530612244898,0.1290516206482593,0.1092436974789916,0.1050420168067226,0.8673469387755102
hmda_oh,1008,mlp,equality,loan_to_value_ratio,True,0.0068245145959312,0.0005991611743559,0.0015893509400057,0.0011983223487118,0.0,0.0774191246488315,1669,-1,0.0002922532374189,0.0001051741946371,0.0,0.0774191246488315,0.0772089435163622,0.0173756740563211,0.0167765128819652,0.0089874176153385,0.0077890952666267,0.0041941282204913,0.0041941282204913,0.9904134212103056
hmda_oh,1008,mlp,equality,linked_income_plus10k,True,0.0037762240458417,0.0,0.0005024467828932,0.0,0.0,0.0131669218771264,675,1,0.0031649819628549,0.0018448134002076,0.0,0.0131669218771264,0.0094774173692449,0.1362962962962963,0.1333333333333333,0.0755555555555555,0.0711111111111111,0.0592592592592592,0.0548148148148148,0.9244444444444444
hmda_oh,1008,mlp,equality,linked_income_plus20k,False,0.0046580642287065,0.0,0.0006389753130905,0.0,0.0,0.0170680634946222,661,1,0.0075180342812786,0.0039255003882673,0.0,0.0170680634946222,0.009217676814405,0.2193645990922844,0.2163388804841149,0.1376701966717095,0.1361573373676248,0.1089258698940998,0.1074130105900151,0.8623298033282905
hmda_oh,1008,mlp,equality,linked_income_plus30k,False,0.0053184905842949,0.0,0.0007219565831079,0.0,0.0,0.0189252924807721,639,1,0.0146732643019828,0.0057060490083105,0.0,0.0189252924807721,0.0075149108315536,0.2582159624413145,0.244131455399061,0.1830985915492957,0.1768388106416275,0.1424100156494522,0.1392801251956181,0.8169014084507042
hmda_oh,1008,mlp,equality,linked_income_plus50k,False,0.0060398178812983,0.0,0.0008079067365486,0.0019569471624266,0.0,0.0203364119274381,511,1,0.0207217986092003,0.0074217610966274,0.0,0.0203364119274381,0.00549310355148,0.2818003913894324,0.2778864970645792,0.2054794520547945,0.1996086105675146,0.1545988258317025,0.1526418786692759,0.7945205479452054
hmda_oh,1008,mlp,equality_direction,income,True,0.0044616569270534,0.0,0.000581339163924,0.0018137847642079,0.0,0.0278031560901139,1654,1,5.587917255454587e-05,0.0001053917736428,0.0,0.0278031560901139,0.0275932413091808,0.0139056831922611,0.0120918984280532,0.0078597339782345,0.0072551390568319,0.0048367593712212,0.0036275695284159,0.9921402660217654
hmda_oh,1008,mlp,equality_direction,debt_to_income_ratio,True,0.0056406155022896,0.0,0.0007448703628346,0.0012004801920768,0.0,0.0396084465950033,1666,-1,8.752242534808102e-05,0.0001400105544764,0.0,0.0396084465950033,0.0393290860689082,0.0168067226890756,0.0126050420168067,0.0096038415366146,0.0078031212484993,0.0060024009603841,0.0060024009603841,0.9903961584633854
hmda_oh,1008,mlp,equality_direction,loan_to_value_ratio,True,0.0053361929627219,0.0,0.0010576774843669,0.0011983223487118,0.0,0.0869247127720171,1669,-1,3.543450795438226e-05,5.177168585759893e-05,0.0,0.0869247127720171,0.086821319408663,0.0047932893948472,0.0035949670461354,0.0029958058717795,0.0029958058717795,0.0017974835230677,0.0017974835230677,0.9970041941282204
hmda_oh,1008,mlp,equality_direction,linked_income_plus10k,True,0.0030541817236829,0.0,0.0003439942287696,0.0029629629629629,0.0,0.0194873038936029,675,1,0.0001395403716178,0.0001920664282383,0.0,0.0194873038936029,0.019103326967631,0.0237037037037037,0.0222222222222222,0.0118518518518518,0.0118518518518518,0.0088888888888888,0.0074074074074074,0.988148148148148
hmda_oh,1008,mlp,equality_direction,linked_income_plus20k,False,0.004221443317932,0.0,0.0004669999446139,0.0015128593040847,0.0,0.0263653523342772,661,1,9.189358061993688e-05,0.0001492833159796,0.0,0.0263653523342772,0.0260669195907988,0.0317700453857791,0.0302571860816944,0.010590015128593,0.0090771558245083,0.0060514372163388,0.0045385779122541,0.989409984871407
hmda_oh,1008,mlp,equality_direction,linked_income_plus30k,False,0.0047709940814636,0.0,0.0005350237146448,0.001564945226917,0.0,0.0305757763005741,639,1,9.331071001687148e-05,0.0001184591863247,0.0,0.0305757763005741,0.0303388579279247,0.0219092331768388,0.0219092331768388,0.0109546165884194,0.0093896713615023,0.0031298904538341,0.0031298904538341,0.9890453834115804
hmda_oh,1008,mlp,equality_direction,linked_income_plus50k,False,0.0053759280686975,0.0,0.000602719949174,0.0019569471624266,0.0,0.0353555626559041,511,1,0.0002542327996069,0.0001135229536058,0.0,0.0353555626559041,0.0351315942882004,0.0195694716242661,0.0156555772994129,0.0058708414872798,0.0058708414872798,0.0039138943248532,0.0039138943248532,0.99412915851272
credit_broad,1003,mlp,erm,PAY_AMT1,True,0.0519346030834929,0.4358578052550231,0.0059878022927616,0.0144255538382277,0.0036063884595569,0.0380904952041206,1941,1,0.001102347411688,0.0013427349932648,0.0005151983513652,0.0380904952041206,0.0354574832238099,0.0690365790829469,0.0551262235960844,0.0566718186501803,0.0432766615146831,0.0473982483256053,0.035548686244204,0.527047913446677
credit_broad,1003,mlp,erm,PAY_AMT2,True,0.037851655822274,0.2780061664953751,0.0076215066677752,0.0205549845837615,0.001027749229188,0.0475937567893564,1946,1,6.629614472246192e-05,0.0001631098156501,0.0,0.0475937567893564,0.0472970738403399,0.02672147995889,0.014388489208633,0.013360739979445,0.0077081192189105,0.0077081192189105,0.0041109969167523,0.7122302158273381
credit_broad,1003,mlp,erm,PAY_AMT3,True,0.0412647927156841,0.3207644628099173,0.0065808807373954,0.0160123966942148,0.0108471074380165,0.0321850618635202,1936,1,0.0002062881360651,0.0005112973136095,0.0015495867768595,0.0321850618635202,0.0312773988993585,0.0563016528925619,0.0289256198347107,0.0387396694214876,0.015495867768595,0.0284090909090909,0.0098140495867768,0.6627066115702479
credit_broad,1003,mlp,erm,PAY_AMT4,True,0.0353608239814831,0.2490974729241877,0.0049629135887305,0.0170190820010314,0.003610108303249,0.0218719758467166,1939,1,0.0006430762592114,0.0009929332142169,0.0,0.0218719758467166,0.0200370990404362,0.2212480660134089,0.1232594120680763,0.1088189788550799,0.0500257864878803,0.0433212996389891,0.0165033522434244,0.66838576585869
credit_broad,1003,mlp,erm,PAY_AMT5,True,0.0354183390103549,0.2713697219361483,0.0050060434244971,0.009783728115345,0.0118434603501544,0.0146009576995908,1942,1,0.001771534579663,0.0023181036594103,0.0020597322348094,0.0146009576995908,0.0102091915264853,0.238928939237899,0.1380020597322348,0.1302780638516992,0.0731204943357363,0.082389289392379,0.048918640576725,0.6529351184346035
credit_broad,1003,mlp,erm,PAY_AMT6,True,0.0405157328854856,0.3049281314168378,0.00647816806988,0.0118069815195071,0.0112936344969199,0.0205244173583247,1948,1,0.0011099144107008,0.0016245849997152,0.0030800821355236,0.0205244173583247,0.017499907567933,0.2515400410677618,0.1545174537987679,0.1401437371663244,0.0759753593429158,0.0785420944558521,0.0364476386036961,0.5995893223819302
credit_broad,1003,mlp,equality,PAY_AMT1,True,0.0124971118737885,0.0030911901081916,0.0015451955364071,0.0036063884595569,0.0,0.0248257338471541,1941,1,5.046722604928125e-07,8.53582521118663e-06,0.0005151983513652,0.0248257338471541,0.0248091032315891,0.0046367851622874,0.0030911901081916,0.0005151983513652,0.0,0.0,0.0,0.996393611540443
credit_broad,1003,mlp,equality,PAY_AMT2,True,0.0109847116505177,0.0056526207605344,0.0014637016071935,0.0015416238437821,0.0,0.0320827432965688,1946,1,0.0,0.0,0.0,0.0320827432965688,0.0320827432965688,0.0,0.0,0.0,0.0,0.0,0.0,0.9943473792394656
credit_broad,1003,mlp,equality,PAY_AMT3,True,0.010650734203552,0.003099173553719,0.0012881499627564,0.0046487603305785,0.0,0.0179191454674127,1936,1,1.1592602030041185e-07,1.6838101209829222e-06,0.0,0.0179191454674127,0.0179184005061137,0.0020661157024793,0.0,0.0,0.0,0.0,0.0,0.996900826446281
credit_broad,1003,mlp,equality,PAY_AMT4,True,0.0094307762843976,0.0,0.0012324172999346,0.002578648788035,0.0,0.0105125100554129,1939,1,0.0002575353038055,0.0005704678137762,0.0,0.0105125100554129,0.0093888661201357,0.2150593089221248,0.1696750902527075,0.0433212996389891,0.0314595152140278,0.003094378545642,0.001547189272821,0.9566787003610108
credit_broad,1003,mlp,equality,PAY_AMT5,True,0.0092764571193993,0.0,0.0011746203851499,0.0036045314109165,0.0,0.0113775377777745,1942,1,5.600416574424014e-05,0.0002599069945018,0.0005149330587023,0.0113775377777745,0.0108757246191812,0.1380020597322348,0.0968074150360453,0.0139031925849639,0.009783728115345,0.0010298661174047,0.0005149330587023,0.986096807415036
credit_broad,1003,mlp,equality,PAY_AMT6,True,0.0100412225461654,0.0,0.0012847640948192,0.0025667351129363,0.0,0.0111699670595319,1948,1,2.823323439907034e-05,0.0001514744323033,0.0,0.0111699670595319,0.0108757429241812,0.0826488706365503,0.0559548254620123,0.0112936344969199,0.0061601642710472,0.0005133470225872,0.0,0.98870636550308
credit_broad,1003,mlp,equality_direction,PAY_AMT1,True,0.0111800222784772,0.0030911901081916,0.001545507043709,0.0041215868109222,0.0,0.0285061926343624,1941,1,6.080448081813238e-07,7.466427314738098e-06,0.0,0.0285061926343624,0.0284929140952454,0.0030911901081916,0.0015455950540958,0.0005151983513652,0.0005151983513652,0.0,0.0,0.996393611540443
credit_broad,1003,mlp,equality_direction,PAY_AMT2,True,0.0111147204178547,0.000513874614594,0.001651197206195,0.0025693730729701,0.0,0.038651081503492,1946,1,2.5825190403666732e-08,2.804547530417338e-07,0.0,0.038651081503492,0.0386509584216407,0.001027749229188,0.0,0.0,0.0,0.0,0.0,0.999486125385406
credit_broad,1003,mlp,equality_direction,PAY_AMT3,True,0.0097452303238813,0.0,0.0013422916382152,0.0046487603305785,0.0,0.0216872059689409,1936,1,7.625105992652045e-06,9.070375439786184e-05,0.0010330578512396,0.0216872059689409,0.0215102808136061,0.0361570247933884,0.0273760330578512,0.0082644628099173,0.0036157024793388,0.0010330578512396,0.0,0.9917355371900828
credit_broad,1003,mlp,equality_direction,PAY_AMT4,True,0.0094909477016402,0.001031459515214,0.001385115760532,0.0051572975760701,0.0,0.0195739322200932,1939,1,2.1447001776467357e-05,7.343167500756189e-05,0.0,0.0195739322200932,0.0194313773970618,0.0350696235172769,0.0263022176379577,0.0046415678184631,0.001547189272821,0.0,0.0,0.9943269726663228
credit_broad,1003,mlp,equality_direction,PAY_AMT5,True,0.0091695598020658,0.0005149330587023,0.0012338243069537,0.0025746652935118,0.0,0.0174948588948586,1942,1,3.3949900322241693e-06,2.0429679380831747e-05,0.0,0.0174948588948586,0.0174567309886041,0.0164778578784757,0.0092687950566426,0.0010298661174047,0.0010298661174047,0.0,0.0,0.9984552008238928
credit_broad,1003,mlp,equality_direction,PAY_AMT6,True,0.0097747803111111,0.0,0.0013665388919119,0.0035934291581108,0.0,0.0156579149132524,1948,1,2.8135623520171527e-05,9.449707972177386e-05,0.0,0.0156579149132524,0.0154804832488452,0.0523613963039014,0.0323408624229979,0.007700205338809,0.0030800821355236,0.0,0.0,0.992299794661191
credit_broad,1002,mlp,erm,PAY_AMT1,True,0.0212764033355828,0.0834621329211746,0.0029379906250028,0.017001545595054,0.0005151983513652,0.0226015804578801,1941,1,8.044812189765461e-05,0.0002914886450216,0.0,0.0226015804578801,0.0220484773644273,0.0510046367851622,0.0360638845955692,0.0283359093250901,0.0185471406491499,0.0154559505409582,0.0097887686759402,0.8918083462132921
credit_broad,1002,mlp,erm,PAY_AMT2,True,0.0287447980100639,0.1634121274409044,0.0070185229284135,0.0149023638232271,0.0,0.0456862931230096,1946,1,0.0,0.0,0.0,0.0456862931230096,0.0456862931230096,0.0,0.0,0.0,0.0,0.0,0.0,0.8365878725590956
credit_broad,1002,mlp,erm,PAY_AMT3,True,0.0193676847121716,0.0521694214876033,0.0035915451279363,0.0175619834710743,0.0,0.0219794455472219,1936,1,2.4819096314728767e-06,9.680794525378012e-06,0.0,0.0219794455472219,0.021962701624962,0.0067148760330578,0.003099173553719,0.0010330578512396,0.0005165289256198,0.0,0.0,0.9467975206611572
credit_broad,1002,mlp,erm,PAY_AMT4,True,0.0266707249172127,0.1433728726147498,0.0037415889956493,0.0201134605466735,0.000515729757607,0.0228357342989233,1939,1,0.0001080841617084,0.0001443479011043,0.0,0.0228357342989233,0.0225862490875291,0.07426508509541,0.039195461578133,0.0108303249097472,0.0046415678184631,0.002578648788035,0.000515729757607,0.8483754512635379
credit_broad,1002,mlp,erm,PAY_AMT5,True,0.0196115942317014,0.0478887744593202,0.0028903823915144,0.0144181256436663,0.0,0.0139665481100092,1942,1,0.0001097596860237,0.0001467560745387,0.0,0.0139665481100092,0.0136835178353775,0.0478887744593202,0.0314109165808444,0.0128733264675592,0.0087538619979402,0.0051493305870236,0.0020597322348094,0.9397528321318228
credit_broad,1002,mlp,erm,PAY_AMT6,True,0.0258863755115508,0.1319301848049281,0.0035499726497001,0.015400410677618,0.0010266940451745,0.0165219475474814,1948,1,5.656099690418431e-05,0.0001697125811546,0.0,0.0165219475474814,0.0162316898691957,0.0888090349075975,0.0415811088295687,0.0159137577002053,0.0066735112936344,0.0025667351129363,0.0005133470225872,0.8542094455852156
credit_broad,1002,mlp,equality,PAY_AMT1,True,0.0090948281726199,0.0,0.0014027549584333,0.0072127769191138,0.0,0.0199581741744212,1941,1,1.499106615178496e-06,2.151487224293414e-05,0.0,0.0199581741744212,0.0199166524556533,0.0159711488923235,0.0118495620814013,0.0,0.0,0.0,0.0,1.0
credit_broad,1002,mlp,equality,PAY_AMT2,True,0.009153488245271,0.0015416238437821,0.0014376972086078,0.0107913669064748,0.0,0.03766021694013,1946,1,0.0,0.0,0.0,0.03766021694013,0.03766021694013,0.0,0.0,0.0,0.0,0.0,0.0,0.998458376156218
credit_broad,1002,mlp,equality,PAY_AMT3,True,0.0086830280267071,0.0,0.0013578737972076,0.0108471074380165,0.0,0.0233365604748045,1936,1,3.869811219686532e-08,1.5256872372756786e-06,0.0,0.0233365604748045,0.0233353207416466,0.003099173553719,0.0005165289256198,0.0,0.0,0.0,0.0,1.0
credit_broad,1002,mlp,equality,PAY_AMT4,True,0.010203228011735,0.000515729757607,0.0014545420326796,0.0067044868488911,0.0,0.0185572738323242,1939,1,2.260621777113931e-05,5.313581185801677e-05,0.0,0.0185572738323242,0.0184635996791253,0.0443527591542032,0.0252707581227436,0.001031459515214,0.0,0.0,0.0,0.998452810727179
credit_broad,1002,mlp,equality,PAY_AMT5,True,0.0084895892509946,0.0,0.0012490826352004,0.0072090628218331,0.0,0.0125219300704322,1942,1,4.98158637136627e-05,8.28651658487277e-05,0.0,0.0125219300704322,0.0123598773827542,0.0386199794026776,0.0288362512873326,0.0051493305870236,0.0036045314109165,0.0005149330587023,0.0005149330587023,0.9948506694129764
credit_broad,1002,mlp,equality,PAY_AMT6,True,0.0096333936120725,0.002053388090349,0.0014748359316435,0.0092402464065708,0.0,0.0128748616546548,1948,1,1.2859046339203725e-05,5.034902725905411e-05,0.0005133470225872,0.0128748616546548,0.0127787118246533,0.0333675564681724,0.0220739219712525,0.0035934291581108,0.0015400410677618,0.0,0.0,0.99435318275154
credit_broad,1002,mlp,equality_direction,PAY_AMT1,True,0.0096105868020802,0.0015455950540958,0.0014693511046902,0.0072127769191138,0.0,0.023823018157057,1941,1,3.316556092863914e-06,9.793247576228963e-06,0.0,0.023823018157057,0.0238034435776259,0.0051519835136527,0.0046367851622874,0.0005151983513652,0.0005151983513652,0.0,0.0,0.9979392065945388
credit_broad,1002,mlp,equality_direction,PAY_AMT2,True,0.0097572097558631,0.0,0.0013749493219943,0.0107913669064748,0.0,0.031831417409533,1946,1,1.4835174671012792e-07,8.020199653418026e-07,0.0,0.031831417409533,0.0318300106760415,0.001027749229188,0.000513874614594,0.0,0.0,0.0,0.0,1.0
credit_broad,1002,mlp,equality_direction,PAY_AMT3,True,0.0088889049943382,0.0,0.001246034186365,0.0082644628099173,0.0,0.0181589270755471,1936,1,7.953108098681068e-06,3.688523673521085e-05,0.0005165289256198,0.0181589270755471,0.01808826008304,0.0165289256198347,0.0129132231404958,0.0020661157024793,0.0015495867768595,0.0,0.0,0.9979338842975206
credit_broad,1002,mlp,equality_direction,PAY_AMT4,True,0.0104959207784351,0.002578648788035,0.0013523972213081,0.0128932439401753,0.0,0.0186596497092115,1939,1,1.2638691103644148e-05,3.690127912117582e-05,0.0,0.0186596497092115,0.0185905840821862,0.0324909747292418,0.0206291903042805,0.001031459515214,0.0,0.0,0.0,0.9963898916967509
credit_broad,1002,mlp,equality_direction,PAY_AMT5,True,0.0085967599772047,0.0,0.0011841634558725,0.0102986611740473,0.0,0.0160659606445441,1942,1,4.545286478939818e-06,4.191492986722244e-06,0.0,0.0160659606445441,0.0160589659841407,0.0066941297631307,0.0041194644696189,0.0,0.0,0.0,0.0,1.0
credit_broad,1002,mlp,equality_direction,PAY_AMT6,True,0.0095296350453102,0.002053388090349,0.0013704195175363,0.0066735112936344,0.0,0.0120969476643474,1948,1,3.688599255806654e-05,0.0001219023214981,0.0,0.0120969476643474,0.0118658252697893,0.0841889117043121,0.0574948665297741,0.0041067761806981,0.0025667351129363,0.0,0.0,0.9938398357289528
credit_broad,1000,mlp,erm,PAY_AMT1,True,0.0125351119069176,0.0061823802163833,0.00330104171634,0.0082431736218444,0.0,0.0273118199377131,1941,1,0.0,0.0,0.0,0.0273118199377131,0.0273118199377131,0.0,0.0,0.0,0.0,0.0,0.0,0.9938176197836168
credit_broad,1000,mlp,erm,PAY_AMT2,True,0.0204733896104165,0.092497430626927,0.0034527096401332,0.0066803699897225,0.0,0.0311878207827922,1946,1,3.630370365499986e-08,4.449187955131027e-07,0.0,0.0311878207827922,0.0311874444083937,0.000513874614594,0.0,0.0,0.0,0.0,0.0,0.9075025693730728
credit_broad,1000,mlp,erm,PAY_AMT3,True,0.0132511891148049,0.0046487603305785,0.0020906674375048,0.0087809917355371,0.0,0.0161171502688618,1936,1,2.0218739961407203e-06,2.003747160375144e-05,0.0,0.0161171502688618,0.0160799081888743,0.0113636363636363,0.0067148760330578,0.0020661157024793,0.0010330578512396,0.0,0.0,0.993285123966942
credit_broad,1000,mlp,erm,PAY_AMT4,True,0.0197663820932737,0.075296544610624,0.0026149647677639,0.0067044868488911,0.001031459515214,0.0109585680528869,1939,1,2.8918601211666663e-05,0.0001309881283317,0.000515729757607,0.0109585680528869,0.0107297617302822,0.0587931923671995,0.0288808664259927,0.0144404332129963,0.0046415678184631,0.002578648788035,0.001031459515214,0.9128416709644146
credit_broad,1000,mlp,erm,PAY_AMT5,True,0.0121753557636014,0.0020597322348094,0.0016983675541921,0.0077239958805355,0.0,0.0125421984410643,1942,1,1.7975601676040025e-05,5.791210525061744e-05,0.0,0.0125421984410643,0.0124379671492169,0.0324407826982492,0.0180226570545829,0.0046343975283213,0.0025746652935118,0.0005149330587023,0.0,0.9938208032955717
credit_broad,1000,mlp,erm,PAY_AMT6,True,0.0126050272636169,0.0046201232032854,0.0021784428570816,0.0087268993839835,0.0,0.0160090093067624,1948,1,2.642674252895744e-05,4.615083929267209e-05,0.0,0.0160090093067624,0.0159195494243864,0.0231006160164271,0.0138603696098562,0.0046201232032854,0.0046201232032854,0.0,0.0,0.9907597535934292
credit_broad,1000,mlp,equality,PAY_AMT1,True,0.0080300413157516,0.0,0.0012808736255919,0.0066975785677485,0.0,0.0299589374132358,1941,1,1.7514511587509664e-06,1.6055158863834124e-05,0.0005151983513652,0.0299589374132358,0.0299272561551595,0.005667181865018,0.0041215868109222,0.0010303967027305,0.0010303967027305,0.0,0.0,0.9989696032972696
credit_broad,1000,mlp,equality,PAY_AMT2,True,0.0101611633825269,0.0015416238437821,0.0015561815940919,0.0071942446043165,0.0,0.0412743240767994,1946,1,3.551224301472062e-05,2.9312614410342e-05,0.0,0.0412743240767994,0.0412163024253917,0.0066803699897225,0.0056526207605344,0.0020554984583761,0.0020554984583761,0.001027749229188,0.001027749229188,0.9964028776978416
credit_broad,1000,mlp,equality,PAY_AMT3,True,0.0083385668853721,0.0,0.0012767446074168,0.006198347107438,0.0,0.0273079987444251,1936,1,8.920683092038186e-06,3.5682055944939946e-05,0.0,0.0273079987444251,0.0272382240813682,0.018595041322314,0.0144628099173553,0.0025826446280991,0.0020661157024793,0.0005165289256198,0.0005165289256198,0.9974173553719008
credit_broad,1000,mlp,equality,PAY_AMT4,True,0.0095787612383185,0.000515729757607,0.0014268529962658,0.0051572975760701,0.0,0.0157305564004284,1939,1,0.0007371815756615,0.0012216990271009,0.001031459515214,0.0157305564004284,0.0133037252923151,0.2310469314079422,0.1975244971634863,0.1036616812790097,0.0866425992779783,0.0438370293965961,0.0324909747292418,0.8958225889633832
credit_broad,1000,mlp,equality,PAY_AMT5,True,0.0073037291023339,0.0005149330587023,0.0011374161712216,0.005664263645726,0.0,0.0149701810388068,1942,1,0.0005968760536919,0.0010838626016199,0.0025746652935118,0.0149701810388068,0.0128121493758209,0.209577754891864,0.1879505664263645,0.0906282183316168,0.0751802265705458,0.0339855818743563,0.0319258496395468,0.9088568486096807
credit_broad,1000,mlp,equality,PAY_AMT6,True,0.0071395929110115,0.0,0.0011244507255938,0.0051334702258726,0.0,0.0165494621838894,1948,1,0.0001668956150044,0.0004792289328131,0.0025667351129363,0.0165494621838894,0.0156041116908441,0.1108829568788501,0.087782340862423,0.0390143737166324,0.0302874743326488,0.0128336755646817,0.0102669404517453,0.9609856262833676
credit_broad,1000,mlp,equality_direction,PAY_AMT1,True,0.0082410900214939,0.0,0.0013096031897299,0.0066975785677485,0.0,0.0309024546998734,1941,1,1.5616527413859792e-07,3.3659374478204766e-06,0.0,0.0309024546998734,0.0308958009627772,0.0020607934054611,0.0010303967027305,0.0,0.0,0.0,0.0,1.0
credit_broad,1000,mlp,equality_direction,PAY_AMT2,True,0.0107426530593491,0.001027749229188,0.0016692614484218,0.0046248715313463,0.0,0.0406888939234308,1946,1,1.4318636751091476e-05,1.9406247928480707e-05,0.0,0.0406888939234308,0.0406502184198072,0.0056526207605344,0.0051387461459403,0.0015416238437821,0.0015416238437821,0.0,0.0,0.9974306269270298
credit_broad,1000,mlp,equality_direction,PAY_AMT3,True,0.007859967435635,0.0,0.001210800814216,0.0056818181818181,0.0,0.0249749580305051,1936,1,7.73869692855769e-06,3.0907695273066666e-05,0.0,0.0249749580305051,0.0249148569681378,0.015495867768595,0.009297520661157,0.0025826446280991,0.0015495867768595,0.0,0.0,0.9974173553719008
credit_broad,1000,mlp,equality_direction,PAY_AMT4,True,0.0110655309514264,0.0,0.0016494898616105,0.0046415678184631,0.0,0.0181055895637073,1939,1,5.19905254601925e-05,0.0001457123170824,0.0,0.0181055895637073,0.01782487821364,0.0556988138215575,0.0407426508509541,0.0128932439401753,0.0092831356369262,0.000515729757607,0.000515729757607,0.9871067560598248
credit_broad,1000,mlp,equality_direction,PAY_AMT5,True,0.0075238634250486,0.0,0.0011377436044022,0.0046343975283213,0.0,0.0177927028592565,1942,1,7.318503192898544e-05,0.0001707602936782,0.0010298661174047,0.0177927028592565,0.0174542135770904,0.0463439752832131,0.0375901132852729,0.0139031925849639,0.0108135942327497,0.0046343975283213,0.0041194644696189,0.986096807415036
credit_broad,1000,mlp,equality_direction,PAY_AMT6,True,0.007770486833868,0.0,0.0012051307665062,0.0041067761806981,0.0,0.0193076379918836,1948,1,4.29839412849767e-05,0.0001580282423061,0.0005133470225872,0.0193076379918836,0.0189951470353484,0.0415811088295687,0.0333675564681724,0.0097535934291581,0.0087268993839835,0.0046201232032854,0.0041067761806981,0.9902464065708418
credit_broad,1001,mlp,erm,PAY_AMT1,True,0.0441537069570367,0.3549716640906749,0.0063858130704464,0.0190623390005152,0.0036063884595569,0.0392874259780509,1941,1,0.0036710141032879,0.0027578551896139,0.005667181865018,0.0392874259780509,0.0338265662880822,0.1020092735703245,0.0855229263266357,0.086038124678001,0.0736733642452344,0.0798557444616177,0.0643997939206594,0.60741885625966
credit_broad,1001,mlp,erm,PAY_AMT2,True,0.0347692798401965,0.2348406988694758,0.0074919175083184,0.0313463514902363,0.000513874614594,0.0475328748421823,1946,1,3.874777428679295e-05,6.156163024085332e-05,0.0,0.0475328748421823,0.0474211189788401,0.0154162384378211,0.0082219938335046,0.0071942446043165,0.0020554984583761,0.0025693730729701,0.000513874614594,0.7595066803699897
credit_broad,1001,mlp,erm,PAY_AMT3,True,0.0438809457652594,0.3202479338842975,0.0075252977589486,0.0201446280991735,0.0113636363636363,0.0220216193523147,1936,1,0.0006504757880443,0.0013620505315928,0.0067148760330578,0.0220216193523147,0.0194877804470611,0.1642561983471074,0.0976239669421487,0.1007231404958677,0.0599173553719008,0.0609504132231404,0.0356404958677685,0.6146694214876033
credit_broad,1001,mlp,erm,PAY_AMT4,True,0.0464514808478568,0.3826714801444043,0.0069118800334332,0.0206291903042805,0.0123775141825683,0.0258861739101873,1939,1,0.0006784355286276,0.0010546879830607,0.001547189272821,0.0258861739101873,0.0240457699092432,0.1732851985559566,0.0804538421866941,0.0959257349149046,0.037648272305312,0.0582774626095925,0.0190820010314595,0.5719443011861784
credit_broad,1001,mlp,erm,PAY_AMT5,True,0.0415898584458597,0.325437693099897,0.0055652076521184,0.0231719876416065,0.0128733264675592,0.0193482739068124,1942,1,0.0011810078918838,0.0015458321250015,0.0010298661174047,0.0193482739068124,0.0165247294377856,0.2950566426364572,0.1730175077239958,0.150875386199794,0.0700308959835221,0.0690010298661174,0.0319258496395468,0.5772399588053553
credit_broad,1001,mlp,erm,PAY_AMT6,True,0.0559493107740333,0.4399383983572895,0.0073047978073249,0.021047227926078,0.0338809034907597,0.0248941919401332,1948,1,0.0004938762791505,0.0010083153053193,0.0035934291581108,0.0248941919401332,0.0233334879935889,0.1848049281314168,0.0703285420944558,0.0995893223819301,0.0297741273100616,0.0544147843942505,0.0148870636550308,0.5292607802874744
credit_broad,1001,mlp,equality,PAY_AMT1,True,0.009748738688992,0.0020607934054611,0.0014991160075795,0.0108191653786707,0.0,0.0163751399986985,1941,1,1.4465103098578983e-05,0.0002163665594369,0.0005151983513652,0.0163751399986985,0.0159453418746079,0.0798557444616177,0.0716125708397733,0.0097887686759402,0.0051519835136527,0.0,0.0,0.9881504379185988
credit_broad,1001,mlp,equality,PAY_AMT2,True,0.0091578099581835,0.0,0.001666964152181,0.0164439876670092,0.0,0.019436595650035,1946,1,0.0,0.0,0.0,0.019436595650035,0.019436595650035,0.0,0.0,0.0,0.0,0.0,0.0,1.0
credit_broad,1001,mlp,equality,PAY_AMT3,True,0.0101032379960779,0.0015495867768595,0.0013730544310891,0.0118801652892561,0.0,0.0073248492857497,1936,1,0.0001250879849763,0.0005562192722612,0.003099173553719,0.0073248492857497,0.0062349401203494,0.2303719008264463,0.1751033057851239,0.0351239669421487,0.0263429752066115,0.0056818181818181,0.0036157024793388,0.9633264462809916
credit_broad,1001,mlp,equality,PAY_AMT4,True,0.0121418018818147,0.003610108303249,0.0017317461564501,0.0170190820010314,0.0,0.0100261852336418,1939,1,1.5841914309233884e-05,6.809996130490367e-05,0.0,0.0100261852336418,0.009907656981543,0.0706549767921609,0.0355853532748839,0.001031459515214,0.0,0.0,0.0,0.9953584321815367
credit_broad,1001,mlp,equality,PAY_AMT5,True,0.0086798278699282,0.0,0.0014044139817594,0.0149330587023686,0.0,0.0140688533447306,1942,1,2.7760924591989166e-06,2.485467240807992e-05,0.0,0.0140688533447306,0.0140212994159564,0.0211122554067971,0.0133882595262615,0.0010298661174047,0.0010298661174047,0.0,0.0,0.9989701338825951
credit_broad,1001,mlp,equality,PAY_AMT6,True,0.013456900065738,0.0051334702258726,0.0021108780978693,0.0241273100616016,0.0,0.0135640221464241,1948,1,2.7897993073360003e-06,2.1601660638039623e-05,0.0,0.0135640221464241,0.0135281382398536,0.0174537987679671,0.0071868583162217,0.0015400410677618,0.0,0.0,0.0,0.9933264887063656
credit_broad,1001,mlp,equality_direction,PAY_AMT1,True,0.0098145451590549,0.0,0.0017512537274638,0.0010303967027305,0.0,0.0315114053451326,1941,1,9.637434526436223e-06,0.0001021410891187,0.0,0.0315114053451326,0.0313106475230827,0.0365790829469345,0.0288511076764554,0.0061823802163833,0.0030911901081916,0.0005151983513652,0.0005151983513652,0.9938176197836168
credit_broad,1001,mlp,equality_direction,PAY_AMT2,True,0.0090810934968009,0.000513874614594,0.0015797407829167,0.0030832476875642,0.0,0.0273166269294974,1946,1,3.783732018797904e-06,6.374018347555242e-06,0.0,0.0273166269294974,0.0273038788928023,0.0030832476875642,0.0030832476875642,0.0,0.0,0.0,0.0,0.999486125385406
credit_broad,1001,mlp,equality_direction,PAY_AMT3,True,0.0099185170011194,0.0010330578512396,0.0014050963031227,0.0046487603305785,0.0,0.0173080882782147,1936,1,1.5992070501973826e-05,9.764558613589162e-05,0.0015495867768595,0.0173080882782147,0.0171170103947132,0.0521694214876033,0.0402892561983471,0.006198347107438,0.0025826446280991,0.0005165289256198,0.0,0.9927685950413224
credit_broad,1001,mlp,equality_direction,PAY_AMT4,True,0.0110311693982127,0.002578648788035,0.0017179215227118,0.003094378545642,0.0,0.0213102198673528,1939,1,2.5002633892967945e-06,6.19102799474936e-06,0.0,0.0213102198673528,0.0212996518510468,0.0051572975760701,0.001031459515214,0.000515729757607,0.000515729757607,0.0,0.0,0.996905621454358
credit_broad,1001,mlp,equality_direction,PAY_AMT5,True,0.0087362585222899,0.0,0.0013122030993841,0.0015447991761071,0.0,0.013991532552692,1942,1,6.754503363978842e-05,0.0002036364225075,0.0,0.013991532552692,0.0135924464178232,0.0700308959835221,0.0525231719876416,0.015447991761071,0.0128733264675592,0.0041194644696189,0.0030895983522142,0.984552008238929
credit_broad,1001,mlp,equality_direction,PAY_AMT6,True,0.0093367986335157,0.0,0.0015896652589222,0.0046201232032854,0.0,0.0197924953154021,1948,1,1.4192591310282308e-06,1.164145383212022e-05,0.0,0.0197924953154021,0.0197704492947575,0.0097535934291581,0.0051334702258726,0.0005133470225872,0.0,0.0,0.0,0.9994866529774128
credit_broad,1006,mlp,erm,PAY_AMT1,True,0.0707800018628469,0.5512622359608449,0.0094740779403721,0.0309119010819165,0.0092735703245749,0.0508938995942408,1941,1,0.0058600675410984,0.0029608241177717,0.0072127769191138,0.0508938995942408,0.0450795879776833,0.0798557444616177,0.061823802163833,0.0731581658938691,0.0530654301906233,0.0638845955692941,0.04688304997424,0.4193714580113343
credit_broad,1006,mlp,erm,PAY_AMT2,True,0.0684576744322817,0.5159301130524152,0.01340469309966,0.0303186022610483,0.0092497430626927,0.0560582411374741,1946,1,0.0013770585531289,0.0012330539390819,0.0030832476875642,0.0560582411374741,0.0537130154348072,0.0673175745118191,0.0426515930113052,0.0503597122302158,0.0339157245632065,0.0441932168550873,0.027235354573484,0.4681397738951696
credit_broad,1006,mlp,erm,PAY_AMT3,True,0.0623488217988628,0.484504132231405,0.0087895473889954,0.0237603305785123,0.0211776859504132,0.0338655397844532,1936,1,0.0116613525612885,0.0057407505506187,0.0170454545454545,0.0338655397844532,0.0227090358419834,0.1926652892561983,0.1208677685950413,0.1441115702479339,0.0955578512396694,0.1193181818181818,0.0821280991735537,0.4648760330578512
credit_broad,1006,mlp,erm,PAY_AMT4,True,0.0626677716224847,0.4641567818463125,0.0095548644305846,0.0242392986075296,0.0118617844249613,0.0347785771465703,1939,1,0.0033139833574863,0.0020758057011702,0.0072202166064981,0.0347785771465703,0.0308266332646354,0.149561629706034,0.0897369778236204,0.0933470861268695,0.0531201650335224,0.0649819494584837,0.0350696235172769,0.4997421351211965
credit_broad,1006,mlp,erm,PAY_AMT5,True,0.0614655862143215,0.4418125643666323,0.0094204109862322,0.025231719876416,0.0211122554067971,0.0302274004939618,1942,1,0.0127729652685565,0.0057435776697171,0.0164778578784757,0.0302274004939618,0.0190886656413282,0.1869207003089598,0.1230690010298661,0.1374871266735324,0.0895983522142121,0.1138002059732234,0.0746652935118434,0.5144181256436663
credit_broad,1006,mlp,erm,PAY_AMT6,True,0.0552654139127666,0.4004106776180698,0.00850721550954,0.0261806981519507,0.0118069815195071,0.0281700426935828,1948,1,0.0069199212176377,0.0048490482019138,0.0179671457905544,0.0281700426935828,0.0187059444291148,0.3341889117043121,0.25,0.2186858316221765,0.148870636550308,0.150924024640657,0.1093429158110882,0.4784394250513347
credit_broad,1006,mlp,equality,PAY_AMT1,True,0.0104473419237972,0.0,0.0014651628391674,0.0015455950540958,0.0,0.024381026033741,1941,1,1.2189947270077972e-05,7.361449149410456e-05,0.0,0.024381026033741,0.02423618573381,0.0242143225141679,0.0180319422977846,0.0066975785677485,0.0061823802163833,0.0005151983513652,0.0005151983513652,0.9933024214322514
credit_broad,1006,mlp,equality,PAY_AMT2,True,0.0072118663664558,0.0,0.0010866139519965,0.0020554984583761,0.0,0.0298577586429462,1946,1,1.227586955359401e-06,2.313476831079322e-06,0.0,0.0298577586429462,0.0298532121072885,0.0025693730729701,0.0020554984583761,0.0,0.0,0.0,0.0,1.0
credit_broad,1006,mlp,equality,PAY_AMT3,True,0.0087275261228734,0.0,0.001198265147847,0.0025826446280991,0.0,0.0170152098916205,1936,1,1.6695008731914377e-05,0.000155197210568,0.0015495867768595,0.0170152098916205,0.0167108849214859,0.0676652892561983,0.0501033057851239,0.0113636363636363,0.0082644628099173,0.0,0.0,0.9886363636363636
credit_broad,1006,mlp,equality,PAY_AMT4,True,0.0081640456818993,0.000515729757607,0.001156347624342,0.002578648788035,0.0,0.0161634101582717,1939,1,8.233649398542516e-05,0.0001692849831918,0.000515729757607,0.0161634101582717,0.0158266910768856,0.0479628674574523,0.0422898401237751,0.0139247034553893,0.0123775141825683,0.0051572975760701,0.003610108303249,0.9855595667870036
credit_broad,1006,mlp,equality,PAY_AMT5,True,0.0076809135696301,0.0,0.0010529481674119,0.0020597322348094,0.0,0.0114751264047914,1942,1,3.904521321770874e-05,0.0001404591027405,0.0005149330587023,0.0114751264047914,0.0112033088512627,0.0607621009268795,0.0406797116374871,0.0092687950566426,0.0066941297631307,0.0015447991761071,0.0015447991761071,0.9907312049433572
credit_broad,1006,mlp,equality,PAY_AMT6,True,0.0081788991335052,0.0,0.0011355321828387,0.002053388090349,0.0,0.0107258567737465,1948,1,8.393819299946628e-05,0.0003424439270316,0.0,0.0107258567737465,0.01005319986174,0.129876796714579,0.0995893223819301,0.028747433264887,0.0159137577002053,0.002053388090349,0.0010266940451745,0.971252566735113
credit_broad,1006,mlp,equality_direction,PAY_AMT1,True,0.0102039541932094,0.0,0.0014225099736576,0.0025759917568263,0.0,0.0236343556594906,1941,1,3.115306686617241e-06,2.9725451233714064e-05,0.0,0.0236343556594906,0.0235761302438849,0.0159711488923235,0.0108191653786707,0.0015455950540958,0.0010303967027305,0.0,0.0,0.9984544049459042
credit_broad,1006,mlp,equality_direction,PAY_AMT2,True,0.0070170013718345,0.0,0.0010339406484758,0.000513874614594,0.0,0.0305823492653205,1946,1,5.327886219890995e-07,9.290121431138568e-07,0.0,0.0305823492653205,0.0305804912410343,0.001027749229188,0.001027749229188,0.0,0.0,0.0,0.0,1.0
credit_broad,1006,mlp,equality_direction,PAY_AMT3,True,0.008353517263789,0.0,0.0011533891594195,0.003099173553719,0.0,0.0176712208704697,1936,1,8.732073971635875e-06,8.566519280902705e-05,0.0,0.0176712208704697,0.017506425573366,0.0433884297520661,0.0330578512396694,0.0051652892561983,0.003099173553719,0.0,0.0,0.9948347107438016
credit_broad,1006,mlp,equality_direction,PAY_AMT4,True,0.0082764528468904,0.0,0.0011329674343801,0.001547189272821,0.0,0.0175459515192152,1939,1,3.48614559965307e-05,8.652114648606492e-05,0.0,0.0175459515192152,0.0173736970054783,0.0283651366683857,0.0242392986075296,0.0082516761217122,0.0056730273336771,0.001547189272821,0.001031459515214,0.9917483238782878
credit_broad,1006,mlp,equality_direction,PAY_AMT5,True,0.0070026704368213,0.0,0.0009624862782236,0.0025746652935118,0.0,0.0131427491500282,1942,1,1.2339950379722672e-05,6.0972959799984375e-05,0.0,0.0131427491500282,0.013024557985487,0.0298661174047373,0.0226570545829042,0.0041194644696189,0.0025746652935118,0.0,0.0,0.995880535530381
credit_broad,1006,mlp,equality_direction,PAY_AMT6,True,0.0074813768393847,0.0,0.0010440381485872,0.0035934291581108,0.0,0.0102537889200961,1948,1,5.6214875137840126e-05,0.0002187887457195,0.0005133470225872,0.0102537889200961,0.0098231033600739,0.0934291581108829,0.076488706365503,0.0148870636550308,0.0082135523613963,0.0005133470225872,0.0005133470225872,0.9851129363449692
credit_broad,1004,mlp,erm,PAY_AMT1,True,0.0234038302898483,0.0989180834621329,0.0032221052189418,0.0133951571354971,0.0010303967027305,0.0277746965854828,1941,1,0.0005789914151434,0.0009255704658896,0.0010303967027305,0.0277746965854828,0.0259420872365261,0.0628541988665636,0.0515198351365275,0.04688304997424,0.0381246780010304,0.0370942812982998,0.0298815043791859,0.8583204533745492
credit_broad,1004,mlp,erm,PAY_AMT2,True,0.0239825580481589,0.105344295991778,0.005380889776061,0.0195272353545734,0.0,0.0444377534760698,1946,1,0.0,0.0,0.0,0.0444377534760698,0.0444377534760698,0.0,0.0,0.0,0.0,0.0,0.0,0.894655704008222
credit_broad,1004,mlp,erm,PAY_AMT3,True,0.0208958475369467,0.0723140495867768,0.0037874392775088,0.0072314049586776,0.0,0.0197859620105717,1936,1,0.0001318398058331,0.0005130872135028,0.0025826446280991,0.0197859620105717,0.0187992651121562,0.1069214876033057,0.0800619834710743,0.0454545454545454,0.0263429752066115,0.0191115702479338,0.0118801652892561,0.8842975206611571
credit_broad,1004,mlp,erm,PAY_AMT4,True,0.0196961720876084,0.0510572460030943,0.0032369049155011,0.0123775141825683,0.001031459515214,0.0188999919887538,1939,1,0.0008207173725893,0.0011887386060086,0.0,0.0188999919887538,0.0165771378066973,0.2264053635894791,0.1738009283135637,0.11397627643115,0.0840639504899432,0.0505415162454873,0.0288808664259927,0.8380608561113976
credit_broad,1004,mlp,erm,PAY_AMT5,True,0.0190851237475258,0.0499485066941297,0.0028859400052249,0.0133882595262615,0.0005149330587023,0.0134785753323954,1942,1,0.0002604709411221,0.0004991802588933,0.0005149330587023,0.0134785753323954,0.0125143022778944,0.1240988671472708,0.0839340885684861,0.0427394438722966,0.0283213182286302,0.0216271884654994,0.0108135942327497,0.9093717816683832
credit_broad,1004,mlp,erm,PAY_AMT6,True,0.0204208260115228,0.0805954825462012,0.0026627408950791,0.0082135523613963,0.0,0.0169570907322323,1948,1,7.949619941813803e-05,0.0002077243511268,0.0,0.0169570907322323,0.0165732794426398,0.0693018480492813,0.0410677618069815,0.0189938398357289,0.007700205338809,0.0046201232032854,0.002053388090349,0.9014373716632444
credit_broad,1004,mlp,equality,PAY_AMT1,True,0.0103662237582564,0.0036063884595569,0.0017152324126378,0.0036063884595569,0.0,0.0215060115308944,1941,1,1.1019971607938992e-05,0.0001136957047377,0.0020607934054611,0.0215060115308944,0.0212813681717022,0.0437918598660484,0.0370942812982998,0.0097887686759402,0.0061823802163833,0.0010303967027305,0.0,0.9866048428645028
credit_broad,1004,mlp,equality,PAY_AMT2,True,0.0105069832367112,0.0015416238437821,0.0019211270322026,0.0035971223021582,0.0,0.0363899459150687,1946,1,0.0,0.0,0.0,0.0363899459150687,0.0363899459150687,0.0,0.0,0.0,0.0,0.0,0.0,0.998458376156218
credit_broad,1004,mlp,equality,PAY_AMT3,True,0.0104111940215133,0.0015495867768595,0.0014879767350941,0.003099173553719,0.0,0.0161115131219185,1936,1,9.394806826754155e-06,0.0001490766941165,0.0015495867768595,0.0161115131219185,0.0158219999711145,0.0795454545454545,0.0552685950413223,0.0087809917355371,0.0036157024793388,0.0005165289256198,0.0,0.9896694214876032
credit_broad,1004,mlp,equality,PAY_AMT4,True,0.0080160546736612,0.0,0.0011787896731396,0.0046415678184631,0.0,0.0130458805154735,1939,1,0.0010320714096225,0.0016089482014784,0.001031459515214,0.0130458805154735,0.0098418619990184,0.3145951521402785,0.2795255286230015,0.1593604951005673,0.1279009798865394,0.0453842186694172,0.0324909747292418,0.8406395048994327
credit_broad,1004,mlp,equality,PAY_AMT5,True,0.0072104165869564,0.0,0.0010261704186406,0.0030895983522142,0.0,0.0088750417414356,1942,1,8.731954404762894e-05,0.0002906165368825,0.0010298661174047,0.0088750417414356,0.008300763559973,0.1240988671472708,0.1029866117404737,0.0169927909371781,0.0102986611740473,0.0010298661174047,0.0010298661174047,0.9830072090628218
credit_broad,1004,mlp,equality,PAY_AMT6,True,0.0084516366167296,0.0041067761806981,0.0012637950932673,0.0030800821355236,0.0,0.0122074669114853,1948,1,1.0256802579327622e-05,6.723274180079128e-05,0.0005133470225872,0.0122074669114853,0.0120765740637862,0.0451745379876796,0.0302874743326488,0.0041067761806981,0.002053388090349,0.0,0.0,0.9917864476386036
credit_broad,1004,mlp,equality_direction,PAY_AMT1,True,0.0107197803145275,0.0046367851622874,0.0017212998381437,0.0041215868109222,0.0,0.021342089143939,1941,1,5.7411625791791535e-06,7.833878829429482e-05,0.0005151983513652,0.021342089143939,0.0211889674475965,0.0324574961360123,0.0288511076764554,0.0041215868109222,0.0025759917568263,0.0005151983513652,0.0,0.9917568263781557
credit_broad,1004,mlp,equality_direction,PAY_AMT2,True,0.010154142709715,0.0041109969167523,0.0019031415802128,0.0051387461459403,0.0,0.0336096575337258,1946,1,0.0,0.0,0.0,0.0336096575337258,0.0336096575337258,0.0,0.0,0.0,0.0,0.0,0.0,0.9958890030832476
credit_broad,1004,mlp,equality_direction,PAY_AMT3,True,0.0100519013165858,0.0005165289256198,0.0014433627757756,0.0046487603305785,0.0,0.0162693600258569,1936,1,4.025606320233077e-06,7.47805028780803e-05,0.0015495867768595,0.0162693600258569,0.0161267394686879,0.0501033057851239,0.0335743801652892,0.0036157024793388,0.0005165289256198,0.0,0.0,0.9958677685950412
credit_broad,1004,mlp,equality_direction,PAY_AMT4,True,0.0083097384915009,0.0,0.0013764408203743,0.0077359463641052,0.0,0.0173374559218745,1939,1,1.8604146405922136e-06,1.6929691181977124e-05,0.0,0.0173374559218745,0.0173070091217064,0.0154718927282104,0.0077359463641052,0.000515729757607,0.000515729757607,0.000515729757607,0.0,0.999484270242393
credit_broad,1004,mlp,equality_direction,PAY_AMT5,True,0.007236598617753,0.0010298661174047,0.0009964929219622,0.0025746652935118,0.0,0.0097863771264849,1942,1,3.867413525988801e-05,0.0001968064510494,0.0010298661174047,0.0097863771264849,0.0093969635145797,0.09783728115345,0.082389289392379,0.0087538619979402,0.005664263645726,0.0015447991761071,0.0005149330587023,0.990216271884655
credit_broad,1004,mlp,equality_direction,PAY_AMT6,True,0.0080962110830956,0.0030800821355236,0.0012263830315731,0.0046201232032854,0.0,0.0129255540602112,1948,1,4.502147046860713e-06,3.6345097892054047e-05,0.0,0.0129255540602112,0.0128557742223525,0.0266940451745379,0.0184804928131416,0.0015400410677618,0.0005133470225872,0.0,0.0,0.9953798767967146
credit_broad,1007,mlp,erm,PAY_AMT1,True,0.1017086186428496,0.6079340546110252,0.0159680435133087,0.0437918598660484,0.017001545595054,0.0619567540591154,1941,1,0.0126291335317289,0.0040931295505418,0.0097887686759402,0.0619567540591154,0.0541805490863986,0.076764554353426,0.0489438433797011,0.0690365790829469,0.0432766615146831,0.0623390005151983,0.0386398763523956,0.3797011849562081
credit_broad,1007,mlp,erm,PAY_AMT2,True,0.1055831596301246,0.6505652620760535,0.019391957092453,0.0385405960945529,0.0118191161356628,0.0610825461936127,1946,1,0.0074943222500795,0.0028296403859161,0.0066803699897225,0.0610825461936127,0.055679600827596,0.0786228160328879,0.0477903391572456,0.0585817060637204,0.0380267214799588,0.0549845837615621,0.0344295991778006,0.3412127440904419
credit_broad,1007,mlp,erm,PAY_AMT3,True,0.0928684115536849,0.5914256198347108,0.0150595505055313,0.0382231404958677,0.0304752066115702,0.0371799296809021,1936,1,0.0286262962013938,0.0090591699016875,0.0242768595041322,0.0371799296809021,0.0195900139148904,0.2303719008264463,0.1456611570247933,0.1689049586776859,0.1167355371900826,0.1472107438016529,0.0991735537190082,0.3755165289256198
credit_broad,1007,mlp,erm,PAY_AMT4,True,0.0720990697510805,0.4956162970603404,0.0113923710923509,0.0309437854564208,0.0221763795771016,0.0335673727200068,1939,1,0.0117326216410928,0.00595188896992,0.0108303249097472,0.0335673727200068,0.0220118975732368,0.3207839092315626,0.2362042289840124,0.2341413099535843,0.1650335224342444,0.1830840639504899,0.1222279525528623,0.406910778751934
credit_broad,1007,mlp,erm,PAY_AMT5,True,0.0928269715003293,0.529351184346035,0.0143372253107862,0.0334706488156539,0.0360453141091658,0.0301250921407631,1942,1,0.0549241856325923,0.0125098182173126,0.0262615859938208,0.0301250921407631,0.0058395181524479,0.4294541709577755,0.2991761071060762,0.2950566426364572,0.1817713697219361,0.2203913491246138,0.1251287332646755,0.3728115345005149
credit_broad,1007,mlp,erm,PAY_AMT6,True,0.0758824489448502,0.4881930184804928,0.0123032034546956,0.0405544147843942,0.0297741273100616,0.0348764496368826,1948,1,0.0368213139479087,0.0126285327713421,0.0385010266940451,0.0348764496368826,0.0101182042815162,0.3275154004106776,0.2453798767967145,0.2705338809034908,0.1940451745379876,0.2294661190965092,0.1683778234086242,0.4250513347022587
credit_broad,1007,mlp,equality,PAY_AMT1,True,0.0097333620945812,0.0,0.0015203534174613,0.0118495620814013,0.0,0.0215791017539885,1941,1,6.649420173709868e-07,2.0005521049125103e-05,0.0,0.0215791017539885,0.0215431067697159,0.0226687274600721,0.0123647604327666,0.0,0.0,0.0,0.0,1.0
credit_broad,1007,mlp,equality,PAY_AMT2,True,0.0097887642233644,0.001027749229188,0.0013434298278358,0.0169578622816032,0.0,0.0319222122773564,1946,1,9.27994441026272e-09,3.800689993131365e-07,0.0,0.0319222122773564,0.0319216702650958,0.000513874614594,0.0,0.0,0.0,0.0,0.0,0.998972250770812
credit_broad,1007,mlp,equality,PAY_AMT3,True,0.007804225317264,0.0,0.0011840963635485,0.0036157024793388,0.0,0.0069419330904241,1936,1,4.411340899704175e-05,0.0003633492644927,0.0010330578512396,0.0069419330904241,0.0062375333317131,0.202995867768595,0.1544421487603305,0.0191115702479338,0.0103305785123966,0.0020661157024793,0.0010330578512396,0.980888429752066
credit_broad,1007,mlp,equality,PAY_AMT4,True,0.0081107782381536,0.0,0.0011983548362784,0.0056730273336771,0.0,0.0133507473961746,1939,1,8.880256372226108e-06,6.632478364314507e-05,0.0,0.0133507473961746,0.0132221754243958,0.0546673543063434,0.038164002062919,0.001031459515214,0.000515729757607,0.0,0.0,0.998968540484786
credit_broad,1007,mlp,equality,PAY_AMT5,True,0.0079586662747249,0.0,0.0012065135889234,0.0036045314109165,0.0,0.0118000910789555,1942,1,1.346641749143716e-05,0.0001009874409253,0.0005149330587023,0.0118000910789555,0.0116042843010722,0.0633367662203913,0.0468589083419155,0.0051493305870236,0.0025746652935118,0.0010298661174047,0.0005149330587023,0.9948506694129764
credit_broad,1007,mlp,equality,PAY_AMT6,True,0.0083200079886131,0.0005133470225872,0.0012535650704936,0.0087268993839835,0.0,0.0097550160917328,1948,1,3.953851777988052e-05,9.832962240401103e-05,0.0,0.0097550160917328,0.0095661690284656,0.0775154004106776,0.0528747433264887,0.0010266940451745,0.0005133470225872,0.0,0.0,0.9984599589322382
credit_broad,1007,mlp,equality_direction,PAY_AMT1,True,0.0098322301600195,0.0,0.0015217612903946,0.0103039670273055,0.0,0.0207080142382723,1941,1,1.826731744620456e-07,7.738393858878714e-06,0.0,0.0207080142382723,0.0206954970936311,0.0128799587841318,0.0046367851622874,0.0,0.0,0.0,0.0,1.0
credit_broad,1007,mlp,equality_direction,PAY_AMT2,True,0.0095079786652452,0.000513874614594,0.0013681921364614,0.0159301130524152,0.0,0.0313203765592536,1946,1,1.0035852426357198e-08,4.897077362650911e-07,0.0,0.0313203765592536,0.0313197096105133,0.001027749229188,0.0,0.0,0.0,0.0,0.0,0.999486125385406
credit_broad,1007,mlp,equality_direction,PAY_AMT3,True,0.0078073552865458,0.0,0.0011965613182007,0.0056818181818181,0.0,0.0089005248756362,1936,1,5.760811385337472e-06,8.727395174918805e-05,0.0005165289256198,0.0089005248756362,0.0087371341606858,0.0609504132231404,0.0418388429752066,0.0041322314049586,0.0025826446280991,0.0005165289256198,0.0,0.9958677685950412
credit_broad,1007,mlp,equality_direction,PAY_AMT4,True,0.0078692478543246,0.0,0.0011970391807582,0.0067044868488911,0.0,0.014923034744938,1939,1,4.129256608677133e-07,5.4429289489518215e-06,0.0,0.014923034744938,0.0149144035370841,0.0103145951521402,0.0041258380608561,0.0,0.0,0.0,0.0,1.0
credit_broad,1007,mlp,equality_direction,PAY_AMT5,True,0.0076026728426621,0.0,0.0011676562648497,0.005664263645726,0.0,0.0120555829725336,1942,1,8.338217529388046e-06,7.129757086233535e-05,0.0005149330587023,0.0120555829725336,0.0119175740917453,0.0509783728115345,0.0375901132852729,0.0025746652935118,0.0015447991761071,0.0005149330587023,0.0,0.9974253347064882
credit_broad,1007,mlp,equality_direction,PAY_AMT6,True,0.0080934307696699,0.0005133470225872,0.0012101179043832,0.0097535934291581,0.0,0.0099148060097143,1948,1,2.2877767663387476e-05,6.88167043446061e-05,0.0005133470225872,0.0099148060097143,0.0097824363694828,0.0600616016427104,0.042094455852156,0.0,0.0,0.0,0.0,0.9994866529774128
credit_broad,1009,mlp,erm,PAY_AMT1,True,0.0273840657345632,0.1483771251931993,0.003790316982798,0.0103039670273055,0.0025759917568263,0.0316539351314906,1941,1,0.0008106813547065,0.0011844644394395,0.0030911901081916,0.0316539351314906,0.0293185947665567,0.0726429675425038,0.0582174137042761,0.0628541988665636,0.0484286450283359,0.0510046367851622,0.0391550747037609,0.7964966512107161
credit_broad,1009,mlp,erm,PAY_AMT2,True,0.0263076064321389,0.1372045220966084,0.0038222808120996,0.0128468653648509,0.001027749229188,0.0360964771987878,1946,1,3.046919273791033e-05,0.0001157236140321,0.0,0.0360964771987878,0.0358818351328848,0.0210688591983556,0.0118191161356628,0.0113052415210688,0.0046248715313463,0.0077081192189105,0.0025693730729701,0.855601233299075
credit_broad,1009,mlp,erm,PAY_AMT3,True,0.0235131746254214,0.0986570247933884,0.0032227448013927,0.009297520661157,0.0025826446280991,0.0225784866160393,1936,1,0.0005902846851753,0.0011851239667518,0.0036157024793388,0.0225784866160393,0.0202455394310742,0.0893595041322314,0.0666322314049586,0.0609504132231404,0.0475206611570247,0.0516528925619834,0.0366735537190082,0.8553719008264463
credit_broad,1009,mlp,erm,PAY_AMT4,True,0.0197796522975429,0.0484785972150593,0.0035054625538938,0.0118617844249613,0.0,0.0224433149501075,1939,1,6.261631394037256e-05,0.0001049986467649,0.0,0.0224433149501075,0.0222462405423143,0.0531201650335224,0.0309437854564208,0.0061887570912841,0.003610108303249,0.001547189272821,0.001031459515214,0.9453326456936564
credit_broad,1009,mlp,erm,PAY_AMT5,True,0.0196226448986974,0.0679711637487126,0.0027105739226641,0.0113285272914521,0.0005149330587023,0.0108665169488256,1942,1,0.0012207204742347,0.0020943543030619,0.0108135942327497,0.0108665169488256,0.0067569173865766,0.2476828012358393,0.1781668383110195,0.1138002059732234,0.0849639546858908,0.0731204943357363,0.0607621009268795,0.8269824922760041
credit_broad,1009,mlp,erm,PAY_AMT6,True,0.0216840322414371,0.0934291581108829,0.002653886919569,0.007700205338809,0.0015400410677618,0.011273843878204,1948,1,0.0001892339949187,0.0003708226714193,0.0010266940451745,0.011273843878204,0.0105938935421695,0.1339835728952772,0.0759753593429158,0.0338809034907597,0.0138603696098562,0.0107802874743326,0.0046201232032854,0.8773100616016427
credit_broad,1009,mlp,equality,PAY_AMT1,True,0.0120560546232399,0.0030911901081916,0.0017489509494279,0.005667181865018,0.0,0.0285638866021405,1941,1,1.0666260460697783e-05,0.0001399313627086,0.0,0.0285638866021405,0.0282883285416281,0.0453374549201442,0.0386398763523956,0.011334363730036,0.0077279752704791,0.0,0.0,0.9855744461617724
credit_broad,1009,mlp,equality,PAY_AMT2,True,0.0096894760844886,0.000513874614594,0.0013871676957247,0.0030832476875642,0.0,0.0184356139693822,1946,1,8.35406586689908e-07,1.5792594975200744e-05,0.0,0.0184356139693822,0.0184063967705914,0.014388489208633,0.0087358684480986,0.000513874614594,0.0,0.0,0.0,0.998972250770812
credit_broad,1009,mlp,equality,PAY_AMT3,True,0.010404993795351,0.0005165289256198,0.0014744675796559,0.0041322314049586,0.0,0.0206737152156018,1936,1,3.467536023438212e-07,3.5799669858693146e-06,0.0,0.0206737152156018,0.0206673729817469,0.0072314049586776,0.0041322314049586,0.0,0.0,0.0,0.0,0.9994834710743802
credit_broad,1009,mlp,equality,PAY_AMT4,True,0.0089476972111357,0.0,0.0012123895628774,0.002578648788035,0.0,0.0107104664274682,1939,1,0.0001523648764594,0.0004308967617009,0.0,0.0107104664274682,0.0098628024292091,0.1815368746776689,0.1407942238267148,0.0309437854564208,0.0195977307890665,0.000515729757607,0.0,0.9690562145435792
credit_broad,1009,mlp,equality,PAY_AMT5,True,0.0087030394795042,0.0,0.001194508450562,0.0020597322348094,0.0,0.0109140721850304,1942,1,8.258864000250652e-06,7.817630690898404e-05,0.0,0.0109140721850304,0.0107615531034596,0.03913491246138,0.0303810504634397,0.0041194644696189,0.0015447991761071,0.0,0.0,0.995880535530381
credit_broad,1009,mlp,equality,PAY_AMT6,True,0.0091822248743942,0.0015400410677618,0.0011991566771513,0.0046201232032854,0.0,0.0090571933782935,1948,1,4.385350758231483e-06,2.859005500098756e-05,0.0,0.0090571933782935,0.0090072164036876,0.0256673511293634,0.0133470225872689,0.0,0.0,0.0,0.0,0.9984599589322382
credit_broad,1009,mlp,equality_direction,PAY_AMT1,True,0.0121017126390486,0.0046367851622874,0.0017998258475735,0.005667181865018,0.0,0.0290581098492606,1941,1,7.435016416502733e-06,0.0001084059486032,0.0,0.0290581098492606,0.0288445949030224,0.0417310664605873,0.0345182895414734,0.0072127769191138,0.0030911901081916,0.0,0.0,0.9881504379185988
credit_broad,1009,mlp,equality_direction,PAY_AMT2,True,0.0095708088017042,0.0015416238437821,0.0013757862060685,0.0025693730729701,0.0,0.018035150503548,1946,1,8.312894808754198e-07,1.8758299681913148e-05,0.0,0.018035150503548,0.0180032224436548,0.0184994861253854,0.0097636176772867,0.000513874614594,0.000513874614594,0.0,0.0,0.9979445015416238
credit_broad,1009,mlp,equality_direction,PAY_AMT3,True,0.0103509675188005,0.0005165289256198,0.0014695211247213,0.0041322314049586,0.0,0.020439708804283,1936,1,2.2755617991826322e-07,1.9916083977979347e-06,0.0,0.020439708804283,0.0204359408585227,0.0051652892561983,0.003099173553719,0.0,0.0,0.0,0.0,0.9994834710743802
credit_broad,1009,mlp,equality_direction,PAY_AMT4,True,0.0094169996651931,0.0,0.001269156573638,0.002578648788035,0.0,0.012122219053916,1939,1,8.329778378006338e-05,0.0002681449718396,0.0,0.012122219053916,0.0116011912133956,0.1371841155234657,0.1052088705518308,0.0113460546673543,0.0046415678184631,0.0,0.0,0.9886539453326456
credit_broad,1009,mlp,equality_direction,PAY_AMT5,True,0.0086223793232355,0.0,0.0012009979420481,0.0025746652935118,0.0,0.0116788449854391,1942,1,4.721999745210834e-06,3.853192350461859e-05,0.0,0.0116788449854391,0.0116041221509663,0.0236869207003089,0.0169927909371781,0.0020597322348094,0.0010298661174047,0.0,0.0,0.9979402677651904
credit_broad,1009,mlp,equality_direction,PAY_AMT6,True,0.0093708109642231,0.0,0.0012363375819186,0.0035934291581108,0.0,0.0098790099009867,1948,1,3.71708978141652e-06,1.9459090721186783e-05,0.0,0.0098790099009867,0.0098448327392385,0.0169404517453798,0.0092402464065708,0.0005133470225872,0.0,0.0,0.0,0.9994866529774128
credit_broad,1005,mlp,erm,PAY_AMT1,True,0.0375793807252681,0.2771767130345183,0.006695717104202,0.0226687274600721,0.0036063884595569,0.0349712593127176,1941,1,0.0071538832820122,0.0039260998859594,0.0108191653786707,0.0349712593127176,0.0271751389913224,0.100978876867594,0.0824317362184441,0.0865533230293663,0.0752189592993302,0.0788253477588871,0.0680061823802163,0.6795466254507986
credit_broad,1005,mlp,erm,PAY_AMT2,True,0.0340758792353451,0.2322713257965056,0.007419947136248,0.0231243576567317,0.000513874614594,0.0428316383394421,1946,1,3.3565458515415646e-05,4.014855668259255e-05,0.0,0.0428316383394421,0.042765367481322,0.0128468653648509,0.0061664953751284,0.0025693730729701,0.001027749229188,0.0015416238437821,0.000513874614594,0.7667009249743063
credit_broad,1005,mlp,erm,PAY_AMT3,True,0.031681304770591,0.206095041322314,0.0044091578365134,0.0201446280991735,0.0015495867768595,0.0207608734279395,1936,1,0.0007553208124918,0.0010304821587514,0.003099173553719,0.0207608734279395,0.0187760724344184,0.1559917355371901,0.1043388429752066,0.077995867768595,0.0501033057851239,0.0392561983471074,0.0253099173553719,0.7339876033057852
credit_broad,1005,mlp,erm,PAY_AMT4,True,0.0419787814578424,0.3125322331098504,0.005301700438346,0.0180505415162454,0.0077359463641052,0.0228259363731941,1939,1,0.0015683733758225,0.0015766246701129,0.002578648788035,0.0228259363731941,0.0198324326072774,0.2315626611655492,0.1464672511603919,0.1150077359463641,0.0582774626095925,0.0618875709128416,0.0304280556988138,0.6178442496132027
credit_broad,1005,mlp,erm,PAY_AMT5,True,0.048868475093417,0.4155509783728115,0.0053893217036416,0.0128733264675592,0.0108135942327497,0.0209746343627989,1942,1,0.0007348927359027,0.0012127787254633,0.0041194644696189,0.0209746343627989,0.01872088880778,0.1457260556127703,0.0813594232749742,0.0808444902162718,0.0427394438722966,0.0514933058702368,0.0278063851699279,0.5396498455200824
credit_broad,1005,mlp,erm,PAY_AMT6,True,0.0331824313872159,0.2191991786447638,0.0052719950737867,0.0200205338809034,0.0051334702258726,0.0171102998976026,1948,1,0.001320327199319,0.0018541665543364,0.0102669404517453,0.0171102998976026,0.0135491027157568,0.2212525667351129,0.1452772073921971,0.1078028747433264,0.0636550308008213,0.0641683778234086,0.0400410677618069,0.7145790554414785
credit_broad,1005,mlp,equality,PAY_AMT1,True,0.0090319679599948,0.0005151983513652,0.0013849836890277,0.0020607934054611,0.0,0.0234899841771518,1941,1,4.225306172816063e-05,0.0003209842053231,0.0,0.0234899841771518,0.0228507368497361,0.0762493560020608,0.0659453889747552,0.0288511076764554,0.0216383307573415,0.0061823802163833,0.0046367851622874,0.9706336939721792
credit_broad,1005,mlp,equality,PAY_AMT2,True,0.0090845029491008,0.000513874614594,0.0014245580085327,0.0025693730729701,0.0,0.0294692118593559,1946,1,0.0,0.0,0.0,0.0294692118593559,0.0294692118593559,0.0,0.0,0.0,0.0,0.0,0.0,0.999486125385406
credit_broad,1005,mlp,equality,PAY_AMT3,True,0.0094021062774599,0.0010330578512396,0.0013485234739797,0.0010330578512396,0.0,0.0151381526896296,1936,1,3.686737338083114e-05,0.0001803797415928,0.0,0.0151381526896296,0.0147894251846325,0.0976239669421487,0.0676652892561983,0.0087809917355371,0.0067148760330578,0.0025826446280991,0.0020661157024793,0.9901859504132232
credit_broad,1005,mlp,equality,PAY_AMT4,True,0.0109485993896673,0.003610108303249,0.0014712774674756,0.003094378545642,0.0,0.0182988896243587,1939,1,3.117445731828651e-05,0.0001139546788691,0.0,0.0182988896243587,0.0180765003126998,0.0443527591542032,0.0304280556988138,0.0082516761217122,0.0067044868488911,0.001547189272821,0.001031459515214,0.9881382155750388
credit_broad,1005,mlp,equality,PAY_AMT5,True,0.010627310881324,0.0005149330587023,0.0013779528559958,0.0020597322348094,0.0,0.0141036488923574,1942,1,1.906615070439508e-06,9.506739151857852e-06,0.0,0.0141036488923574,0.0140856710281297,0.009783728115345,0.0061791967044284,0.0,0.0,0.0,0.0,0.9994850669412976
credit_broad,1005,mlp,equality,PAY_AMT6,True,0.0090046447397685,0.0005133470225872,0.0013215778104765,0.0025667351129363,0.0,0.014245713193403,1948,1,3.1449793252038578e-06,2.2390931384932386e-05,0.0,0.014245713193403,0.0142025090354101,0.0169404517453798,0.0107802874743326,0.0005133470225872,0.0005133470225872,0.0005133470225872,0.0005133470225872,0.9989733059548256
credit_broad,1005,mlp,equality_direction,PAY_AMT1,True,0.0089301845535735,0.0010303967027305,0.0013938171701666,0.0020607934054611,0.0,0.0242694181877333,1941,1,9.854505500327184e-06,0.0001013377185241,0.0,0.0242694181877333,0.0240706631541685,0.0427614631633178,0.0324574961360123,0.0066975785677485,0.005667181865018,0.0010303967027305,0.0005151983513652,0.9922720247295208
credit_broad,1005,mlp,equality_direction,PAY_AMT2,True,0.0089121224360592,0.000513874614594,0.0014744843268251,0.0051387461459403,0.0,0.0293923256139722,1946,1,0.0,0.0,0.0,0.0293923256139722,0.0293923256139722,0.0,0.0,0.0,0.0,0.0,0.0,0.999486125385406
credit_broad,1005,mlp,equality_direction,PAY_AMT3,True,0.0090671588093319,0.0010330578512396,0.001312205606869,0.0020661157024793,0.0,0.0148162272693245,1936,1,3.46214863545643e-05,0.0001804341384591,0.0010330578512396,0.0148162272693245,0.0144643860185078,0.0929752066115702,0.0681818181818181,0.0103305785123966,0.0072314049586776,0.0025826446280991,0.0025826446280991,0.9886363636363636
credit_broad,1005,mlp,equality_direction,PAY_AMT4,True,0.0110980147979058,0.002578648788035,0.0015091413774554,0.003094378545642,0.0,0.0187294804278798,1939,1,1.3242233668204308e-05,5.921993400466669e-05,0.000515729757607,0.0187294804278798,0.0186143403578012,0.0232078390923156,0.0154718927282104,0.0051572975760701,0.003094378545642,0.000515729757607,0.0,0.9922640536358948
credit_broad,1005,mlp,equality_direction,PAY_AMT5,True,0.0103684874686933,0.0010298661174047,0.0013500808928443,0.0025746652935118,0.0,0.0150214987351802,1942,1,7.560707547027892e-07,4.596457488638693e-06,0.0,0.0150214987351802,0.0150123514341066,0.0036045314109165,0.0025746652935118,0.0,0.0,0.0,0.0,0.9989701338825951
credit_broad,1005,mlp,equality_direction,PAY_AMT6,True,0.0091686973011683,0.0010266940451745,0.0013467153152779,0.0015400410677618,0.0,0.0144083238844293,1948,1,2.544788598669163e-06,1.3546708451651327e-05,0.0,0.0144083238844293,0.0143818985398737,0.0102669404517453,0.0061601642710472,0.0005133470225872,0.0005133470225872,0.0005133470225872,0.0005133470225872,0.9984599589322382
credit_broad,1008,mlp,erm,PAY_AMT1,True,0.0183552301168299,0.0494590417310664,0.0038539874260709,0.0231839258114374,0.0,0.0313380440987566,1941,1,5.226272227169449e-09,2.403805910328981e-07,0.0,0.0313380440987566,0.0313380440987566,0.0005151983513652,0.0,0.0,0.0,0.0,0.0,0.9505409582689336
credit_broad,1008,mlp,erm,PAY_AMT2,True,0.0145122188165925,0.014388489208633,0.0041334235140616,0.0190133607399794,0.0,0.0312803662905109,1946,1,0.0,0.0,0.0,0.0312803662905109,0.0312803662905109,0.0,0.0,0.0,0.0,0.0,0.0,0.9856115107913668
credit_broad,1008,mlp,erm,PAY_AMT3,True,0.0167976986253172,0.0366735537190082,0.0022660057858963,0.0113636363636363,0.0005165289256198,0.0168063105361337,1936,1,1.2579696688980956e-05,7.383454782504422e-05,0.0,0.0168063105361337,0.016676740621729,0.0315082644628099,0.0180785123966942,0.0077479338842975,0.003099173553719,0.0015495867768595,0.0,0.956095041322314
credit_broad,1008,mlp,erm,PAY_AMT4,True,0.0139729967617005,0.0118617844249613,0.0031955118025592,0.0159876224858174,0.0,0.0231801995061252,1939,1,2.377821955740821e-06,3.829202043030412e-06,0.0,0.0231801995061252,0.02317280374876,0.003610108303249,0.002062919030428,0.000515729757607,0.000515729757607,0.0,0.0,0.9876224858174316
credit_broad,1008,mlp,erm,PAY_AMT5,True,0.0116561418317688,0.0046343975283213,0.00216553329527,0.0159629248197734,0.0,0.0153169826087441,1942,1,5.232922609024605e-06,3.123440229024278e-05,0.0,0.0153169826087441,0.0152562820279817,0.0190525231719876,0.0128733264675592,0.0015447991761071,0.0010298661174047,0.0005149330587023,0.0005149330587023,0.9938208032955717
credit_broad,1008,mlp,erm,PAY_AMT6,True,0.0140094420515494,0.0112936344969199,0.002844195147934,0.0133470225872689,0.0,0.0186408467074646,1948,1,1.607157980467653e-06,1.2837799173663875e-05,0.0005133470225872,0.0186408467074646,0.0186172705223598,0.0056468172484599,0.0030800821355236,0.0005133470225872,0.0005133470225872,0.0005133470225872,0.0,0.9881930184804928
credit_broad,1008,mlp,equality,PAY_AMT1,True,0.0090231856882177,0.0,0.0015602946971793,0.0108191653786707,0.0,0.0261950167593953,1941,1,3.413838277890483e-07,5.782576696557801e-06,0.0,0.0261950167593953,0.0261840806128815,0.0036063884595569,0.0025759917568263,0.0,0.0,0.0,0.0,1.0
credit_broad,1008,mlp,equality,PAY_AMT2,True,0.0086788164038282,0.0,0.0014246266390278,0.0077081192189105,0.0,0.031724807371797,1946,1,1.400902763668527e-09,1.6461578074022976e-07,0.0,0.031724807371797,0.031724807371797,0.001027749229188,0.0,0.0,0.0,0.0,0.0,1.0
credit_broad,1008,mlp,equality,PAY_AMT3,True,0.009235121594211,0.0005165289256198,0.0014179133860852,0.0056818181818181,0.0,0.0190043233576331,1936,1,1.3195271512804686e-05,7.893847273651356e-05,0.0005165289256198,0.0190043233576331,0.0188520345604194,0.0475206611570247,0.0335743801652892,0.0041322314049586,0.0025826446280991,0.0,0.0,0.9953512396694216
credit_broad,1008,mlp,equality,PAY_AMT4,True,0.0094566249750677,0.0,0.0013009736367969,0.0067044868488911,0.0,0.0183933902086165,1939,1,3.978118662654601e-05,0.0001025925100443,0.0,0.0183933902086165,0.0181945509845631,0.0783909231562661,0.0567302733367715,0.002578648788035,0.002578648788035,0.001547189272821,0.001031459515214,0.997421351211965
credit_broad,1008,mlp,equality,PAY_AMT5,True,0.0073942024577034,0.0005149330587023,0.0011201836755861,0.0077239958805355,0.0,0.0119284092580673,1942,1,4.257736810321135e-05,0.0002328972577501,0.0005149330587023,0.0119284092580673,0.0114731455554827,0.1364572605561277,0.1035015447991761,0.0102986611740473,0.0061791967044284,0.0020597322348094,0.0010298661174047,0.9891864057672504
credit_broad,1008,mlp,equality,PAY_AMT6,True,0.0084423184094176,0.0,0.0012661304028526,0.0066735112936344,0.0,0.0151749631900315,1948,1,1.196677908709651e-05,7.635821764168912e-05,0.0025667351129363,0.0151749631900315,0.0150253061804012,0.0354209445585215,0.0256673511293634,0.0051334702258726,0.0041067761806981,0.0010266940451745,0.0005133470225872,0.9948665297741272
credit_broad,1008,mlp,equality_direction,PAY_AMT1,True,0.008970064491128,0.0,0.0015560155652441,0.0066975785677485,0.0,0.0253654855321576,1941,1,1.549362287873434e-07,2.244064548359108e-06,0.0,0.0253654855321576,0.0253609974030608,0.0015455950540958,0.0015455950540958,0.0,0.0,0.0,0.0,1.0
credit_broad,1008,mlp,equality_direction,PAY_AMT2,True,0.0086694036200697,0.0,0.0013841135426711,0.0113052415210688,0.0,0.0314622240873813,1946,1,1.1657554257761323e-08,4.441821622500649e-07,0.0,0.0314622240873813,0.0314613357230568,0.000513874614594,0.000513874614594,0.0,0.0,0.0,0.0,1.0
credit_broad,1008,mlp,equality_direction,PAY_AMT3,True,0.0087040311039398,0.0005165289256198,0.0013698013105207,0.0087809917355371,0.0,0.0198689425908572,1936,1,4.611983012948338e-06,3.509877688981798e-05,0.0005165289256198,0.0198689425908572,0.0198012816355751,0.021694214876033,0.0149793388429752,0.0025826446280991,0.0010330578512396,0.0005165289256198,0.0005165289256198,0.996900826446281
credit_broad,1008,mlp,equality_direction,PAY_AMT4,True,0.0094343265709769,0.000515729757607,0.0013185620188934,0.0087674058793192,0.0,0.0188785739903311,1939,1,3.195502754885453e-05,9.436410516736218e-05,0.000515729757607,0.0188785739903311,0.0186922083359354,0.0696235172769468,0.0562145435791645,0.003094378545642,0.002578648788035,0.000515729757607,0.000515729757607,0.9963898916967509
credit_broad,1008,mlp,equality_direction,PAY_AMT5,True,0.0074956210598807,0.0010298661174047,0.0011813363731707,0.0077239958805355,0.0,0.0141701326115363,1942,1,7.811570805003226e-06,5.095252783180303e-05,0.0,0.0141701326115363,0.014073710418503,0.0314109165808444,0.0205973223480947,0.0025746652935118,0.0010298661174047,0.0005149330587023,0.0005149330587023,0.9963954685890836
credit_broad,1008,mlp,equality_direction,PAY_AMT6,True,0.008455450024821,0.0005133470225872,0.0013070233591187,0.0061601642710472,0.0,0.0164033021759872,1948,1,6.412808199418319e-06,4.759742832764212e-05,0.0010266940451745,0.0164033021759872,0.0163105626666042,0.0205338809034907,0.015400410677618,0.0035934291581108,0.0030800821355236,0.0005133470225872,0.0,0.995893223819302
acs_employment_sex,1003,mlp,erm,education,True,0.0962239054809014,0.6656,0.0228444407518992,0.0661333333333333,0.0106666666666666,0.0633094142278218,1875,1,0.0040115841604603,0.0014476351192101,0.0048,0.0633094142278218,0.0605527184308079,0.0896,0.0576,0.0554666666666666,0.0266666666666666,0.0485333333333333,0.0197333333333333,0.3248
acs_employment_sex,1003,mlp,equality,education,True,0.0127828574379285,0.0106666666666666,0.0032065176665626,0.0186666666666666,0.0,0.0399875156863982,1875,1,0.0001687979131653,0.0002715185885539,0.0016,0.0399875156863982,0.0394575710777716,0.0474666666666666,0.0330666666666666,0.0154666666666666,0.0112,0.0096,0.0058666666666666,0.9738666666666668
acs_employment_sex,1003,mlp,equality_direction,education,True,0.012128600175182,0.0106666666666666,0.0032226190874584,0.0149333333333333,0.0,0.0396326489940353,1875,1,4.565648632412411e-06,1.7229240002976623e-05,0.0,0.0396326489940353,0.0396025457245549,0.0037333333333333,0.0016,0.0010666666666666,0.0005333333333333,0.0005333333333333,0.0005333333333333,0.9882666666666666
acs_employment_sex,1002,mlp,erm,education,True,0.1106685060580571,0.7141333333333333,0.0304314670851332,0.0789333333333333,0.008,0.0846868640085247,1875,1,4.9349019538020695e-05,0.0001083813661655,0.0,0.0846868640085247,0.0845731426767349,0.0176,0.0026666666666666,0.0122666666666666,0.0016,0.0090666666666666,0.0005333333333333,0.2837333333333333
acs_employment_sex,1002,mlp,equality,education,True,0.0134690963447093,0.0042666666666666,0.0049950697978043,0.0218666666666666,0.0,0.0609185178066145,1875,1,0.000230111592749,0.0001696727535948,0.0005333333333333,0.0609185178066145,0.0605800987542822,0.0309333333333333,0.0282666666666666,0.0112,0.0112,0.0064,0.0048,0.9845333333333334
acs_employment_sex,1002,mlp,equality_direction,education,True,0.013332212593158,0.0074666666666666,0.0049023204131331,0.0197333333333333,0.0,0.0629539909231245,1875,1,4.2646428302456723e-07,1.3677339098394562e-06,0.0,0.0629539909231245,0.0629512554553049,0.0005333333333333,0.0005333333333333,0.0,0.0,0.0,0.0,0.9925333333333334
acs_employment_sex,1000,mlp,erm,education,True,0.1659115455816189,0.7813333333333333,0.0354184063103789,0.0874666666666666,0.032,0.0852596106652707,1875,1,0.0013146474567301,0.0011385194228802,0.0058666666666666,0.0852596106652707,0.0834721504969618,0.0821333333333333,0.0304,0.0672,0.016,0.0554666666666666,0.0090666666666666,0.2090666666666666
acs_employment_sex,1000,mlp,equality,education,True,0.014768759193023,0.0202666666666666,0.0042548458394782,0.0330666666666666,0.0,0.0386623180499467,1875,1,0.0005100203754587,0.0008117100546667,0.0026666666666666,0.0386623180499467,0.0370511736758895,0.0736,0.064,0.0528,0.0405333333333333,0.0373333333333333,0.0261333333333333,0.9290666666666668
acs_employment_sex,1000,mlp,equality_direction,education,True,0.014124649910132,0.016,0.0047597235334689,0.0368,0.0,0.0432843809502363,1875,1,4.836899657606372e-06,1.7616343699093463e-05,0.0,0.0432843809502363,0.0432524040735892,0.0058666666666666,0.0026666666666666,0.0010666666666666,0.0010666666666666,0.0010666666666666,0.0,0.9829333333333332
acs_employment_sex,1001,mlp,erm,education,True,0.1410608156015475,0.7578666666666667,0.0304172726130156,0.0661333333333333,0.0618666666666666,0.0714899058492348,1875,1,0.0035896138727053,0.0020396308402511,0.0053333333333333,0.0714899058492348,0.0683448536903091,0.1605333333333333,0.0581333333333333,0.1157333333333333,0.0272,0.1034666666666666,0.0250666666666666,0.2298666666666666
acs_employment_sex,1001,mlp,equality,education,True,0.0125700470258792,0.0122666666666666,0.0037604006786247,0.0154666666666666,0.0,0.0452573936952847,1875,1,0.0005606268581445,0.000582672709419,0.0005333333333333,0.0452573936952847,0.0441009447454677,0.0965333333333333,0.0784,0.0533333333333333,0.0341333333333333,0.0234666666666666,0.0133333333333333,0.936
acs_employment_sex,1001,mlp,equality_direction,education,True,0.0142964576303958,0.0181333333333333,0.0046952741437055,0.0261333333333333,0.0,0.042674884745528,1875,1,1.9979676795526102e-05,6.49299375457856e-05,0.0005333333333333,0.042674884745528,0.0425551752987341,0.016,0.0074666666666666,0.0058666666666666,0.0026666666666666,0.0026666666666666,0.0016,0.9770666666666666
acs_employment_sex,1006,mlp,erm,education,True,0.1395552975535392,0.7994666666666667,0.0382524155563709,0.1125333333333333,0.0176,0.0910467926630307,1875,1,0.0012458906148067,0.0007119610275702,0.0042666666666666,0.0910467926630307,0.0899468816717835,0.0469333333333333,0.0154666666666666,0.0352,0.0101333333333333,0.0304,0.0085333333333333,0.1962666666666666
acs_employment_sex,1006,mlp,equality,education,True,0.0154930486539999,0.0170666666666666,0.0045447842905909,0.0229333333333333,0.0,0.0428857752963071,1875,1,0.0005572904646397,0.0003147479993548,0.0005333333333333,0.0428857752963071,0.0422677372932175,0.0826666666666666,0.0666666666666666,0.0314666666666666,0.0138666666666666,0.0058666666666666,0.0016,0.9530666666666666
acs_employment_sex,1006,mlp,equality_direction,education,True,0.0160024063527584,0.0245333333333333,0.0050870606604274,0.0218666666666666,0.0,0.0438751500895402,1875,1,2.563163682291106e-05,4.201242748930485e-05,0.0,0.0438751500895402,0.043797288161271,0.0101333333333333,0.0058666666666666,0.0042666666666666,0.0037333333333333,0.0021333333333333,0.0005333333333333,0.9717333333333332
acs_employment_sex,1004,mlp,erm,education,True,0.1227531142314275,0.7317333333333333,0.0256795227269638,0.0608,0.0229333333333333,0.069426085750621,1875,1,0.0020940102410579,0.0013893480280052,0.0048,0.069426085750621,0.0669583234286375,0.0624,0.0288,0.0565333333333333,0.0213333333333333,0.0501333333333333,0.0122666666666666,0.2618666666666667
acs_employment_sex,1004,mlp,equality,education,True,0.0135948497553666,0.0176,0.0031934062517346,0.0165333333333333,0.0,0.0403747520291675,1875,1,0.0004645054075442,0.001300713176964,0.0021333333333333,0.0403747520291675,0.0377930059840919,0.2138666666666666,0.1925333333333333,0.1418666666666666,0.088,0.048,0.0218666666666666,0.8405333333333334
acs_employment_sex,1004,mlp,equality_direction,education,True,0.0134742152690887,0.0138666666666666,0.0043326892870253,0.0112,0.0005333333333333,0.0378358573917692,1875,1,3.518133994642433e-06,3.2035522503549854e-05,0.0,0.0378358573917692,0.0377807145368802,0.0133333333333333,0.0069333333333333,0.0037333333333333,0.0,0.0010666666666666,0.0,0.9829333333333332
acs_employment_sex,1007,mlp,erm,education,True,0.2752545337398847,0.8864,0.0463304067367787,0.0757333333333333,0.096,0.0746758149838542,1875,1,0.0190773456426429,0.0061161215526703,0.016,0.0746758149838542,0.0645400203325043,0.2138666666666666,0.0821333333333333,0.1872,0.0650666666666666,0.1637333333333333,0.0506666666666666,0.0992
acs_employment_sex,1007,mlp,equality,education,True,0.0134852369666099,0.0138666666666666,0.0032863009182815,0.0314666666666666,0.0,0.0703819495594154,1875,1,8.800598898858425e-07,2.277923113949936e-06,0.0,0.0703819495594154,0.0703805518514622,0.0026666666666666,0.0010666666666666,0.0,0.0,0.0,0.0,0.9861333333333332
acs_employment_sex,1007,mlp,equality_direction,education,True,0.014012600159645,0.0181333333333333,0.0034140921158024,0.0224,0.0,0.074595329029084,1875,1,0.0,0.0,0.0,0.074595329029084,0.074595329029084,0.0,0.0,0.0,0.0,0.0,0.0,0.9818666666666668
acs_employment_sex,1009,mlp,erm,education,True,0.1076368918081124,0.6912,0.0283529486169737,0.0762666666666666,0.0032,0.0822119501389897,1875,1,0.0001819346822195,0.0001801839676624,0.0,0.0822119501389897,0.0819136708938036,0.0234666666666666,0.0069333333333333,0.0133333333333333,0.0048,0.0096,0.0026666666666666,0.3056
acs_employment_sex,1009,mlp,equality,education,True,0.0128633260210355,0.0010666666666666,0.0027718013220231,0.0346666666666666,0.0,0.0349054409201335,1875,1,1.663159263342844e-05,6.992329202069228e-05,0.0005333333333333,0.0349054409201335,0.0347780926558627,0.0288,0.0165333333333333,0.0058666666666666,0.0021333333333333,0.0010666666666666,0.0005333333333333,0.9930666666666668
acs_employment_sex,1009,mlp,equality_direction,education,True,0.0121092031419277,0.0005333333333333,0.0028538743897772,0.0458666666666666,0.0,0.0418652551007577,1875,1,0.0,0.0,0.0,0.0418652551007577,0.0418652551007577,0.0,0.0,0.0,0.0,0.0,0.0,0.9994666666666666
acs_employment_sex,1005,mlp,erm,education,True,0.12751941913565,0.7461333333333333,0.026362265520358,0.0629333333333333,0.0490666666666666,0.0595334047564183,1875,1,0.0033123610949473,0.0025784809583702,0.0048,0.0595334047564183,0.0550918310601769,0.1712,0.0629333333333333,0.1370666666666666,0.0378666666666666,0.1210666666666666,0.0197333333333333,0.2421333333333333
acs_employment_sex,1005,mlp,equality,education,True,0.0126356104741493,0.0090666666666666,0.0035095573942522,0.0085333333333333,0.0010666666666666,0.0340742221620819,1875,1,0.0005424480723946,0.0007871199494444,0.0010666666666666,0.0340742221620819,0.0325375971461729,0.1370666666666666,0.1072,0.0581333333333333,0.0341333333333333,0.0256,0.0181333333333333,0.9344
acs_employment_sex,1005,mlp,equality_direction,education,True,0.017783192718029,0.04,0.0056439324405413,0.0352,0.0,0.0452131472106696,1875,1,2.643313307700623e-06,1.949562151088468e-05,0.0,0.0452131472106696,0.0451766897803122,0.0112,0.0053333333333333,0.0016,0.0010666666666666,0.0,0.0,0.9584
acs_employment_sex,1008,mlp,erm,education,True,0.1530072787104174,0.7925333333333333,0.0345895926306964,0.0602666666666666,0.0506666666666666,0.0661505253495637,1875,1,0.0083965468881013,0.0022316225802434,0.0037333333333333,0.0661505253495637,0.0626506479874828,0.1866666666666666,0.0901333333333333,0.1290666666666666,0.0352,0.096,0.0234666666666666,0.1893333333333333
acs_employment_sex,1008,mlp,equality,education,True,0.0113594483589753,0.0010666666666666,0.0031428117375071,0.0154666666666666,0.0,0.0351508203952906,1875,1,0.0017275547030586,0.0023391447434499,0.0069333333333333,0.0351508203952906,0.0304894389011899,0.2778666666666666,0.2597333333333333,0.2309333333333333,0.1994666666666666,0.12,0.0485333333333333,0.768
acs_employment_sex,1008,mlp,equality_direction,education,True,0.0104297230556607,0.0005333333333333,0.0028881014181549,0.0394666666666666,0.0,0.0449907485168448,1875,1,0.0,0.0,0.0,0.0449907485168448,0.0449907485168448,0.0,0.0,0.0,0.0,0.0,0.0,0.9994666666666666
