panel,task,architecture,seed,arm,n,equality_source_n,equality_resolved_n,equality_remaining_n,equality_source_pass_n,equality_introduced_n,equality_final_n,decision_source_n,decision_resolved_n,decision_remaining_n,decision_source_pass_n,decision_introduced_n,decision_final_n,opposite_source_n,opposite_resolved_n,opposite_remaining_n,opposite_source_pass_n,opposite_introduced_n,opposite_final_n,direction_source_n,direction_resolved_n,direction_remaining_n,direction_source_pass_n,direction_introduced_n,direction_final_n,priority_source_n,priority_resolved_n,priority_remaining_n,priority_source_pass_n,priority_introduced_n,priority_final_n,observed_source_n,observed_resolved_n,observed_remaining_n,observed_source_pass_n,observed_introduced_n,observed_final_n,joint_source_n,joint_resolved_n,joint_remaining_n,joint_source_pass_n,joint_introduced_n,joint_final_n,equality_resolved_rate,equality_introduced_rate,decision_resolved_rate,decision_introduced_rate,opposite_resolved_rate,opposite_introduced_rate,direction_resolved_rate,direction_introduced_rate,priority_resolved_rate,priority_introduced_rate,observed_resolved_rate,observed_introduced_rate,joint_resolved_rate,joint_introduced_rate
primary,acs_employment_age,mlp,1000,soft,6493,5319,5261,58,1174,16,74,1069,1030,39,5424,10,49,285,285,0,6208,0,0,40,39,1,6453,0,1,309,308,1,6184,49,50,1352,1312,40,5141,10,50,5321,5262,59,1172,16,75,0.989095694679451,0.013628620102214651,0.9635173058933583,0.0018436578171091445,1.0,0.0,0.975,0.0,0.9967637540453075,0.007923673997412678,0.9704142011834319,0.0019451468585878235,0.9889118586731818,0.013651877133105802
primary,acs_employment_age,mlp,1001,soft,6493,4804,4760,44,1689,22,66,1010,995,15,5483,24,39,295,295,0,6198,0,0,72,71,1,6421,0,1,397,387,10,6096,30,40,1348,1324,24,5145,16,40,4825,4780,45,1668,22,67,0.9908409658617818,0.013025458851391355,0.9851485148514851,0.0043771657851541124,1.0,0.0,0.9861111111111112,0.0,0.9748110831234257,0.004921259842519685,0.9821958456973294,0.003109815354713314,0.9906735751295337,0.013189448441247002
primary,acs_employment_age,mlp,1002,soft,6493,5289,5242,47,1204,9,56,769,757,12,5724,10,22,356,356,0,6137,0,0,71,71,0,6422,0,0,387,387,0,6106,22,22,1113,1101,12,5380,10,22,5289,5242,47,1204,9,56,0.9911136320665532,0.007475083056478406,0.9843953185955787,0.0017470300489168414,1.0,0.0,1.0,0.0,1.0,0.0036030134294136916,0.9892183288409704,0.0018587360594795538,0.9911136320665532,0.007475083056478406
primary,acs_employment_age,mlp,1003,soft,6493,4971,4896,75,1522,51,126,1056,1051,5,5437,15,20,240,240,0,6253,1,1,26,26,0,6467,1,1,257,256,1,6236,21,22,1295,1289,6,5198,16,22,4975,4898,77,1518,50,127,0.9849124924562462,0.03350854139290407,0.9952651515151515,0.0027588743792532648,1.0,0.00015992323684631377,1.0,0.00015463120457708364,0.9961089494163424,0.003367543296985247,0.9953667953667954,0.0030781069642170067,0.9845226130653266,0.03293807641633729
primary,acs_employment_age,mlp,1004,soft,6493,5576,5520,56,917,17,73,1225,1225,0,5268,13,13,586,586,0,5907,0,0,186,183,3,6307,0,3,731,728,3,5762,13,16,1840,1837,3,4653,13,16,5576,5517,59,917,17,76,0.9899569583931134,0.018538713195201745,1.0,0.0024677296886864084,1.0,0.0,0.9838709677419355,0.0,0.9958960328317373,0.0022561610551891705,0.9983695652173913,0.0027938964109176876,0.9894189383070301,0.018538713195201745
primary,acs_employment_age,mlp,1005,soft,6493,4636,4547,89,1857,24,113,774,762,12,5719,45,57,314,314,0,6179,0,0,2,2,0,6491,1,1,319,318,1,6174,57,58,1078,1065,13,5415,45,58,4637,4547,90,1856,24,114,0.980802415875755,0.012924071082390954,0.9844961240310077,0.007868508480503585,1.0,0.0,1.0,0.00015405946695424435,0.9968652037617555,0.00923226433430515,0.9879406307977736,0.008310249307479225,0.980590899288333,0.01293103448275862
primary,acs_employment_age,mlp,1006,soft,6493,4943,4877,66,1550,10,76,1298,1294,4,5195,18,22,357,357,0,6136,0,0,7,7,0,6486,1,1,360,359,1,6133,22,23,1642,1637,5,4851,18,23,4943,4877,66,1550,11,77,0.9866477847461056,0.0064516129032258064,0.9969183359013868,0.0034648700673724736,1.0,0.0,1.0,0.0001541782300339192,0.9972222222222222,0.0035871514756236752,0.9969549330085262,0.0037105751391465678,0.9866477847461056,0.0070967741935483875
primary,acs_employment_age,mlp,1007,soft,6493,4994,4961,33,1499,7,40,1089,1085,4,5404,20,24,220,220,0,6273,0,0,0,0,0,6493,2,2,250,250,0,6243,26,26,1294,1290,4,5199,22,26,4994,4959,35,1499,7,42,0.9933920704845814,0.004669779853235491,0.9963269054178145,0.003700962250185048,1.0,0.0,,0.00030802402587401816,1.0,0.004164664424155053,0.9969088098918083,0.0042315829967301405,0.9929915899078895,0.004669779853235491
primary,acs_employment_age,mlp,1008,soft,6493,4747,4717,30,1746,19,49,1000,987,13,5493,15,28,348,348,0,6145,0,0,0,0,0,6493,0,0,364,363,1,6129,27,28,1341,1327,14,5152,14,28,4747,4717,30,1746,19,49,0.9936802190857383,0.010882016036655211,0.987,0.002730748225013654,1.0,0.0,,0.0,0.9972527472527473,0.004405286343612335,0.9895600298284862,0.002717391304347826,0.9936802190857383,0.010882016036655211
primary,acs_employment_age,mlp,1009,soft,6493,5051,5043,8,1442,4,12,1025,1021,4,5468,20,24,515,515,0,5978,0,0,0,0,0,6493,0,0,522,520,2,5971,22,24,1519,1514,5,4974,19,24,5051,5043,8,1442,4,12,0.9984161552167887,0.0027739251040221915,0.9960975609756098,0.0036576444769568397,1.0,0.0,,0.0,0.9961685823754789,0.0036844749623178696,0.9967083607636603,0.0038198632891033374,0.9984161552167887,0.0027739251040221915
primary,acs_employment_sex,mlp,1000,soft,8118,6703,6148,555,1415,88,643,656,595,61,7462,146,207,941,939,2,7177,7,9,126,125,1,7992,1,2,1037,1001,36,7081,182,218,1602,1508,94,6516,124,218,6721,6164,557,1397,88,645,0.9172012531702223,0.06219081272084806,0.9070121951219512,0.01956580005360493,0.997874601487779,0.0009753378849101296,0.9920634920634921,0.00012512512512512512,0.9652844744455159,0.025702584380737185,0.9413233458177278,0.019030079803560467,0.9171254277637256,0.06299212598425197
primary,acs_employment_sex,mlp,1001,soft,8118,6813,6213,600,1305,84,684,553,469,84,7565,157,241,879,878,1,7239,5,6,217,213,4,7901,7,11,1013,949,64,7105,194,258,1476,1342,134,6642,124,258,6836,6227,609,1282,84,693,0.9119330691325407,0.06436781609195402,0.8481012658227848,0.02075346992729676,0.9988623435722411,0.0006907031357922365,0.9815668202764977,0.0008859638020503734,0.9368213228035538,0.027304714989444052,0.9092140921409214,0.018669075579644687,0.9109128145114102,0.0655226209048362
primary,acs_employment_sex,mlp,1002,soft,8118,6737,6442,295,1381,45,340,508,472,36,7610,111,147,771,771,0,7347,1,1,23,23,0,8095,0,0,802,783,19,7316,129,148,1231,1179,52,6887,96,148,6741,6446,295,1377,45,340,0.9562119637820988,0.03258508327299059,0.9291338582677166,0.014586070959264126,1.0,0.00013610997686130393,1.0,0.0,0.9763092269326683,0.017632586112629852,0.9577579203899269,0.013939305938725135,0.9562379468921525,0.032679738562091505
primary,acs_employment_sex,mlp,1003,soft,8118,6514,6320,194,1604,65,259,474,436,38,7644,76,114,1087,1086,1,7031,7,8,104,103,1,8014,1,2,1188,1162,26,6930,98,124,1579,1522,57,6539,67,124,6532,6337,195,1586,66,261,0.9702179920171937,0.040523690773067333,0.919831223628692,0.009942438513867086,0.9990800367985281,0.0009955909543450433,0.9903846153846154,0.00012478163214374845,0.9781144781144782,0.014141414141414142,0.9639012032932236,0.010246215017586787,0.9701469687691365,0.0416141235813367
primary,acs_employment_sex,mlp,1004,soft,8118,6593,6382,211,1525,55,266,560,532,28,7558,68,96,540,540,0,7578,11,11,106,105,1,8012,6,7,634,619,15,7484,98,113,1126,1087,39,6992,74,113,6605,6389,216,1513,56,272,0.9679963597755195,0.036065573770491806,0.95,0.00899708917703096,1.0,0.0014515703351807865,0.9905660377358491,0.0007488766849725411,0.9763406940063092,0.013094601817210049,0.9653641207815276,0.010583524027459955,0.9672975018925056,0.037012557832121616
primary,acs_employment_sex,mlp,1005,soft,8118,6499,6008,491,1619,105,596,638,565,73,7480,141,214,583,583,0,7535,9,9,257,257,0,7861,3,3,762,740,22,7356,204,226,1334,1238,96,6784,130,226,6521,6024,497,1597,102,599,0.9244499153715956,0.06485484867201977,0.8855799373040752,0.018850267379679143,1.0,0.0011944260119442602,1.0,0.0003816308357715303,0.9711286089238845,0.02773246329526917,0.9280359820089955,0.019162735849056603,0.9237846955988346,0.06386975579211021
primary,acs_employment_sex,mlp,1006,soft,8118,6640,6378,262,1478,68,330,756,741,15,7362,80,95,970,970,0,7148,8,8,66,60,6,8052,2,8,1028,1017,11,7090,99,110,1686,1659,27,6432,83,110,6648,6380,268,1470,69,337,0.9605421686746988,0.046008119079837616,0.9801587301587301,0.010866612333604999,1.0,0.001119194180190263,0.9090909090909091,0.00024838549428713363,0.9892996108949417,0.013963328631875882,0.9839857651245552,0.012904228855721393,0.9596871239470517,0.04693877551020408
primary,acs_employment_sex,mlp,1007,soft,8118,7092,6939,153,1026,27,180,604,558,46,7514,93,139,1232,1232,0,6886,2,2,351,351,0,7767,0,0,1446,1418,28,6672,113,141,1886,1816,70,6232,71,141,7119,6965,154,999,26,180,0.9784263959390863,0.02631578947368421,0.9238410596026491,0.012376896459941443,1.0,0.0002904443799012489,1.0,0.0,0.9806362378976486,0.016936450839328536,0.9628844114528102,0.011392811296534019,0.9783677482792527,0.026026026026026026
primary,acs_employment_sex,mlp,1008,soft,8118,6843,6691,152,1275,25,177,556,473,83,7562,155,238,1040,1039,1,7078,1,2,242,242,0,7876,0,0,1220,1171,49,6898,191,240,1675,1556,119,6443,121,240,6877,6725,152,1241,25,177,0.9777875200935262,0.0196078431372549,0.8507194244604317,0.020497222956889712,0.9990384615384615,0.00014128284826222097,1.0,0.0,0.9598360655737705,0.02768918527109307,0.928955223880597,0.018780071395312743,0.9778973389559401,0.020145044319097503
primary,acs_employment_sex,mlp,1009,soft,8118,6365,6170,195,1753,40,235,485,417,68,7633,145,213,601,601,0,7517,5,5,25,25,0,8093,0,0,632,606,26,7486,192,218,1079,990,89,7039,129,218,6371,6176,195,1747,40,235,0.969363707776905,0.022818026240730177,0.8597938144329897,0.018996462727630028,1.0,0.0006651589729945457,1.0,0.0,0.9588607594936709,0.02564787603526583,0.917516218721038,0.018326466827674387,0.9693925600376707,0.02289639381797367
primary,acs_income,ft,1000,soft,9173,6994,6994,0,2179,0,0,1257,1246,11,7916,11,22,118,118,0,9055,0,0,0,0,0,9173,0,0,221,220,1,8952,21,22,1369,1358,11,7804,11,22,6994,6994,0,2179,0,0,1.0,0.0,0.9912490055688147,0.0013895907023749369,1.0,0.0,,0.0,0.995475113122172,0.0023458445040214475,0.9919649379108838,0.0014095335725269093,1.0,0.0
primary,acs_income,ft,1001,soft,9173,6988,6988,0,2185,0,0,1199,1181,18,7974,19,37,119,119,0,9054,0,0,0,0,0,9173,0,0,174,173,1,8999,36,37,1314,1296,18,7859,19,37,6988,6988,0,2185,0,0,1.0,0.0,0.9849874895746455,0.002382743917732631,1.0,0.0,,0.0,0.9942528735632183,0.004000444493832648,0.9863013698630136,0.0024176103830003816,1.0,0.0
primary,acs_income,ft,1002,soft,9173,6693,6690,3,2480,0,3,1212,1197,15,7961,30,45,66,66,0,9107,0,0,0,0,0,9173,0,0,152,151,1,9021,44,45,1275,1260,15,7898,30,45,6693,6690,3,2480,0,3,0.9995517705064993,0.0,0.9876237623762376,0.0037683708076874764,1.0,0.0,,0.0,0.993421052631579,0.0048775080368030155,0.9882352941176471,0.0037984299822739933,0.9995517705064993,0.0
primary,acs_income,ft,1003,soft,9173,7558,7558,0,1615,0,0,1262,1257,5,7911,16,21,304,304,0,8869,0,0,0,0,0,9173,0,0,444,442,2,8729,19,21,1546,1540,6,7627,15,21,7558,7558,0,1615,0,0,1.0,0.0,0.9960380348652932,0.0020225003160156746,1.0,0.0,,0.0,0.9954954954954955,0.0021766525375186163,0.9961190168175937,0.0019666972597351512,1.0,0.0
primary,acs_income,ft,1004,soft,9173,7217,7217,0,1956,0,0,1526,1519,7,7647,14,21,155,155,0,9018,0,0,0,0,0,9173,0,0,242,241,1,8931,20,21,1674,1666,8,7499,13,21,7217,7217,0,1956,0,0,1.0,0.0,0.9954128440366973,0.0018307833137177977,1.0,0.0,,0.0,0.9958677685950413,0.002239390885679095,0.995221027479092,0.0017335644752633685,1.0,0.0
primary,acs_income,ft,1005,soft,9173,7314,7314,0,1859,0,0,1127,1116,11,8046,15,26,239,239,0,8934,0,0,0,0,0,9173,0,0,380,378,2,8793,24,26,1346,1334,12,7827,14,26,7314,7314,0,1859,0,0,1.0,0.0,0.9902395740905058,0.0018642803877703207,1.0,0.0,,0.0,0.9947368421052631,0.002729443875810304,0.9910846953937593,0.0017886802095311103,1.0,0.0
primary,acs_income,ft,1006,soft,9173,7148,7148,0,2025,0,0,995,983,12,8178,17,29,241,241,0,8932,0,0,0,0,0,9173,0,0,319,316,3,8854,26,29,1216,1202,14,7957,15,29,7148,7148,0,2025,0,0,1.0,0.0,0.9879396984924623,0.002078747860112497,1.0,0.0,,0.0,0.9905956112852664,0.0029365258640162636,0.9884868421052632,0.0018851325876586653,1.0,0.0
primary,acs_income,ft,1007,soft,9173,6522,6518,4,2651,0,4,1173,1166,7,8000,11,18,30,30,0,9143,0,0,0,0,0,9173,0,0,76,76,0,9097,18,18,1203,1196,7,7970,11,18,6522,6518,4,2651,0,4,0.9993866911990187,0.0,0.9940323955669225,0.001375,1.0,0.0,,0.0,1.0,0.001978674288226888,0.9941812136325852,0.0013801756587202008,0.9993866911990187,0.0
primary,acs_income,ft,1008,soft,9173,6953,6953,0,2220,0,0,1162,1149,13,8011,23,36,39,39,0,9134,0,0,0,0,0,9173,0,0,90,90,0,9083,36,36,1200,1187,13,7973,23,36,6953,6953,0,2220,0,0,1.0,0.0,0.9888123924268503,0.0028710523030832606,1.0,0.0,,0.0,1.0,0.003963448199933942,0.9891666666666666,0.002884735983945817,1.0,0.0
primary,acs_income,ft,1009,soft,9173,6779,6777,2,2394,0,2,1183,1180,3,7990,14,17,179,179,0,8994,0,0,0,0,0,9173,0,0,233,232,1,8940,16,17,1356,1352,4,7817,13,17,6779,6777,2,2394,0,2,0.9997049712346954,0.0,0.9974640743871513,0.0017521902377972466,1.0,0.0,,0.0,0.9957081545064378,0.0017897091722595079,0.9970501474926253,0.0016630420877574517,0.9997049712346954,0.0
primary,acs_income,mlp,1000,soft,9173,5857,5813,44,3316,2,46,1305,1278,27,7868,39,66,87,87,0,9086,0,0,6,5,1,9167,3,4,113,110,3,9060,67,70,1392,1362,30,7781,40,70,5858,5810,48,3315,2,50,0.9924876216493085,0.0006031363088057901,0.9793103448275862,0.004956786985256736,1.0,0.0,0.8333333333333334,0.00032726082687902256,0.9734513274336283,0.007395143487858719,0.978448275862069,0.005140727412928929,0.9918060771594401,0.0006033182503770739
primary,acs_income,mlp,1001,soft,9173,5859,5859,0,3314,0,0,1234,1220,14,7939,22,36,186,186,0,8987,0,0,5,5,0,9168,3,3,195,193,2,8978,37,39,1414,1397,17,7759,22,39,5859,5856,3,3314,0,3,1.0,0.0,0.9886547811993517,0.0027711298652223202,1.0,0.0,1.0,0.0003272251308900524,0.9897435897435898,0.004121185119180218,0.987977369165488,0.002835416935172058,0.9994879672299027,0.0
primary,acs_income,mlp,1002,soft,9173,5473,5471,2,3700,2,4,1376,1364,12,7797,30,42,62,62,0,9111,0,0,3,3,0,9170,0,0,66,66,0,9107,42,42,1439,1427,12,7734,30,42,5475,5473,2,3698,2,4,0.9996345697058286,0.0005405405405405405,0.9912790697674418,0.003847633705271258,1.0,0.0,1.0,0.0,1.0,0.004611837048424289,0.9916608756080612,0.003878975950349108,0.9996347031963471,0.0005408328826392645
primary,acs_income,mlp,1003,soft,9173,6648,6620,28,2525,6,34,1392,1366,26,7781,26,52,199,199,0,8974,0,0,3,3,0,9170,0,0,214,213,1,8959,51,52,1583,1557,26,7590,26,52,6648,6620,28,2525,6,34,0.9957882069795427,0.002376237623762376,0.9813218390804598,0.003341472818403804,1.0,0.0,1.0,0.0,0.9953271028037384,0.0056925996204933585,0.983575489576753,0.0034255599472990776,0.9957882069795427,0.002376237623762376
primary,acs_income,mlp,1004,soft,9173,5918,5912,6,3255,2,8,1124,1093,31,8049,31,62,153,153,0,9020,0,0,3,3,0,9170,2,2,163,161,2,9010,62,64,1279,1244,35,7894,29,64,5918,5910,8,3255,2,10,0.9989861439675566,0.0006144393241167435,0.9724199288256228,0.0038514101130575225,1.0,0.0,1.0,0.00021810250817884405,0.9877300613496932,0.006881243063263041,0.9726348709929633,0.0036736762097795794,0.9986481919567421,0.0006144393241167435
primary,acs_income,mlp,1005,soft,9173,6200,6192,8,2973,1,9,1201,1187,14,7972,20,34,91,91,0,9082,0,0,8,8,0,9165,3,3,104,103,1,9069,36,37,1289,1274,15,7884,22,37,6200,6189,11,2973,1,12,0.9987096774193548,0.0003363605785401951,0.9883430474604497,0.002508780732563974,1.0,0.0,1.0,0.0003273322422258593,0.9903846153846154,0.0039695666556400925,0.9883630721489527,0.0027904616945712835,0.9982258064516129,0.0003363605785401951
primary,acs_income,mlp,1006,soft,9173,4698,4695,3,4475,0,3,1345,1332,13,7828,16,29,50,50,0,9123,0,0,11,11,0,9162,0,0,59,59,0,9114,29,29,1402,1389,13,7771,16,29,4699,4696,3,4474,0,3,0.9993614303959132,0.0,0.9903345724907063,0.002043944813490036,1.0,0.0,1.0,0.0,1.0,0.003181917928461707,0.9907275320970043,0.002058937073735684,0.9993615662907002,0.0
primary,acs_income,mlp,1007,soft,9173,6851,6840,11,2322,0,11,1300,1284,16,7873,28,44,126,126,0,9047,0,0,2,2,0,9171,0,0,149,147,2,9024,42,44,1417,1399,18,7756,26,44,6851,6840,11,2322,0,11,0.9983943949788352,0.0,0.9876923076923076,0.0035564587831830308,1.0,0.0,1.0,0.0,0.9865771812080537,0.004654255319148936,0.9872971065631616,0.0033522434244455906,0.9983943949788352,0.0
primary,acs_income,mlp,1008,soft,9173,5908,5898,10,3265,1,11,1195,1177,18,7978,27,45,186,186,0,8987,0,0,4,4,0,9169,0,0,195,195,0,8978,45,45,1372,1354,18,7801,27,45,5908,5898,10,3265,1,11,0.9983073798239676,0.00030627871362940275,0.9849372384937238,0.003384306843820506,1.0,0.0,1.0,0.0,1.0,0.005012252171975941,0.9868804664723032,0.0034610947314446866,0.9983073798239676,0.00030627871362940275
primary,acs_income,mlp,1009,soft,9173,5220,5220,0,3953,1,1,1284,1265,19,7889,23,42,49,49,0,9124,0,0,3,3,0,9170,3,3,60,60,0,9113,45,45,1335,1316,19,7838,26,45,5221,5219,2,3952,2,4,1.0,0.00025297242600556537,0.985202492211838,0.0029154518950437317,1.0,0.0,1.0,0.0003271537622682661,1.0,0.004938000658400088,0.9857677902621723,0.003317172748150038,0.9996169316222946,0.0005060728744939271
primary,credit_broad,mlp,1000,soft,40432,1262,1248,14,39170,18,32,332,319,13,40100,210,223,5,5,0,40427,0,0,50,39,11,40382,68,79,53,42,11,40379,288,299,384,359,25,40048,274,299,1306,1280,26,39126,85,111,0.9889064976228209,0.0004595353586928772,0.9608433734939759,0.005236907730673317,1.0,0.0,0.78,0.0016839185775840721,0.7924528301886793,0.007132420317491766,0.9348958333333334,0.006841789852177387,0.9800918836140888,0.0021724684353115575
primary,credit_broad,mlp,1001,soft,40432,15158,15121,37,25274,8,45,981,967,14,39451,143,157,554,554,0,39878,0,0,1049,998,51,39383,5,56,1465,1401,64,38967,148,212,2396,2319,77,38036,135,212,15705,15615,90,24727,11,101,0.997559044728856,0.0003165308221888106,0.9857288481141692,0.003624749689488226,1.0,0.0,0.9513822688274547,0.00012695833227534722,0.9563139931740614,0.0037980855595760514,0.9678631051752922,0.0035492691134714482,0.994269340974212,0.0004448578476968496
primary,credit_broad,mlp,1002,soft,40432,4004,3971,33,36428,31,64,564,547,17,39868,318,335,43,43,0,40389,0,0,134,125,9,40298,6,15,172,156,16,40260,334,350,733,700,33,39699,317,350,4121,4079,42,36311,37,79,0.9917582417582418,0.0008509937410782914,0.9698581560283688,0.007976321862145079,1.0,0.0,0.9328358208955224,0.00014889076380961836,0.9069767441860465,0.008296075509190263,0.9549795361527967,0.007985087785586539,0.989808298956564,0.0010189749662636667
primary,credit_broad,mlp,1003,soft,40432,13675,13630,45,26757,23,68,636,617,19,39796,130,149,339,339,0,40093,0,0,948,913,35,39484,8,43,1202,1159,43,39230,149,192,1823,1761,62,38609,130,192,14291,14208,83,26141,28,111,0.996709323583181,0.0008595881451582763,0.970125786163522,0.003266659965825711,1.0,0.0,0.9630801687763713,0.00020261371694863743,0.9642262895174709,0.003798113688503696,0.965990126165661,0.0033670905747364603,0.9941921489049051,0.0010711143414559505
primary,credit_broad,mlp,1004,soft,40432,3999,3976,23,36433,50,73,505,496,9,39927,229,238,48,48,0,40384,0,0,520,493,27,39912,9,36,559,527,32,39873,239,271,1061,1020,41,39371,230,271,4495,4443,52,35937,56,108,0.9942485621405351,0.001372382180989762,0.9821782178217822,0.005735467227690535,1.0,0.0,0.948076923076923,0.0002254960914010824,0.9427549194991055,0.005994031048579239,0.9613572101790764,0.005841863300398771,0.9884315906562847,0.0015582825500180873
primary,credit_broad,mlp,1005,soft,40432,12158,12119,39,28274,13,52,835,819,16,39597,90,106,290,290,0,40142,0,0,914,899,15,39518,29,44,1148,1126,22,39284,126,148,1913,1874,39,38519,109,148,12711,12655,56,27721,40,96,0.99679223556506,0.00045978637617599205,0.9808383233532935,0.002272899462080461,1.0,0.0,0.9835886214442013,0.0007338428058100106,0.980836236933798,0.0032074126870990736,0.9796131730266597,0.0028297723201536904,0.9955943670836284,0.0014429493885501966
primary,credit_broad,mlp,1006,soft,40432,19105,19101,4,21327,4,8,1144,1137,7,39288,103,110,720,720,0,39712,0,0,1393,1351,42,39039,24,66,1984,1923,61,38448,114,175,2965,2898,67,37467,108,175,19682,19624,58,20750,16,74,0.9997906307249411,0.00018755568059267594,0.9938811188811189,0.0026216656485440848,1.0,0.0,0.9698492462311558,0.0006147698455390763,0.9692540322580645,0.002965043695380774,0.9774030354131534,0.002882536632236368,0.9970531450055888,0.0007710843373493976
primary,credit_broad,mlp,1007,soft,40432,24640,24627,13,15792,4,17,1586,1534,52,38846,361,413,1282,1282,0,39150,0,0,2129,2116,13,38303,0,13,3249,3154,95,37183,331,426,4433,4294,139,35999,287,426,25292,25266,26,15140,4,30,0.9994724025974026,0.00025329280648429586,0.9672131147540983,0.009293106111311332,1.0,0.0,0.9938938468764679,0.0,0.9707602339181286,0.008901917542963182,0.9686442589668396,0.007972443678991083,0.9989720069587221,0.0002642007926023778
primary,credit_broad,mlp,1008,soft,40432,956,940,16,39476,45,61,647,602,45,39785,247,292,5,5,0,40427,0,0,20,14,6,40412,17,23,24,18,6,40408,307,313,670,618,52,39762,261,313,975,953,22,39457,62,84,0.9832635983263598,0.0011399331239233966,0.9304482225656878,0.006208369988689204,1.0,0.0,0.7,0.00042066712857567057,0.75,0.007597505444466442,0.9223880597014925,0.006564056133997284,0.9774358974358974,0.0015713308158248219
primary,credit_broad,mlp,1009,soft,40432,3876,3848,28,36556,23,51,464,451,13,39968,134,147,53,53,0,40379,0,0,561,541,20,39871,22,42,596,568,28,39836,161,189,1027,987,40,39405,149,189,4359,4311,48,36073,45,93,0.9927760577915377,0.0006291716818032608,0.9719827586206896,0.0033526821457165734,1.0,0.0,0.964349376114082,0.0005517794888515462,0.9530201342281879,0.0040415704387990765,0.9610516066212269,0.0037812460347671616,0.9889883000688231,0.001247470407229784
primary,hmda_oh,ft,1000,soft,20359,14870,14870,0,5489,0,0,918,916,2,19441,5,7,489,489,0,19870,0,0,1792,1792,0,18567,0,0,2167,2167,0,18192,7,7,3000,2998,2,17359,5,7,15404,15404,0,4955,0,0,1.0,0.0,0.9978213507625272,0.00025718841623373286,1.0,0.0,1.0,0.0,1.0,0.0003847845206684257,0.9993333333333333,0.0002880350250590472,1.0,0.0
primary,hmda_oh,ft,1001,soft,20359,15280,15279,1,5079,0,1,1002,995,7,19357,33,40,394,394,0,19965,0,0,1609,1595,14,18750,1,15,1949,1931,18,18410,37,55,2849,2826,23,17510,32,55,15676,15660,16,4683,0,16,0.999934554973822,0.0,0.9930139720558883,0.0017048096295913624,1.0,0.0,0.9912989434431324,5.333333333333333e-05,0.9907644946126218,0.0020097772949483977,0.991926991926992,0.0018275271273557967,0.9989793314621077,0.0
primary,hmda_oh,ft,1002,soft,20359,14325,14321,4,6034,1,5,890,886,4,19469,30,34,346,346,0,20013,0,0,1523,1523,0,18836,0,0,1854,1852,2,18505,32,34,2646,2640,6,17713,28,34,14866,14862,4,5493,1,5,0.9997207678883071,0.00016572754391779913,0.9955056179775281,0.0015409111921516256,1.0,0.0,1.0,0.0,0.9989212513484358,0.0017292623615239124,0.9977324263038548,0.0015807598938632642,0.9997309296381004,0.0001820498816675769
primary,hmda_oh,ft,1003,soft,20359,15448,15445,3,4911,1,4,697,691,6,19662,30,36,817,817,0,19542,0,0,1818,1812,6,18541,3,9,2448,2435,13,17911,31,44,3066,3048,18,17293,26,44,15847,15837,10,4512,3,13,0.9998058001035732,0.00020362451639177357,0.9913916786226685,0.0015257857796765334,1.0,0.0,0.9966996699669967,0.00016180357046545493,0.9946895424836601,0.001730779967617665,0.9941291585127201,0.0015034985254149078,0.9993689657348394,0.0006648936170212766
primary,hmda_oh,ft,1004,soft,20359,14400,14390,10,5959,0,10,734,733,1,19625,17,18,496,496,0,19863,0,0,1328,1310,18,19031,1,19,1778,1760,18,18581,19,37,2459,2440,19,17900,18,37,14704,14676,28,5655,1,29,0.9993055555555556,0.0,0.9986376021798365,0.0008662420382165605,1.0,0.0,0.9864457831325302,5.254584625085387e-05,0.9898762654668166,0.0010225499165814542,0.9922732818218788,0.001005586592178771,0.9980957562568009,0.00017683465959328028
primary,hmda_oh,ft,1005,soft,20359,15577,15576,1,4782,0,1,615,614,1,19744,8,9,652,652,0,19707,0,0,1823,1817,6,18536,0,6,2333,2325,8,18026,7,15,2874,2866,8,17485,7,15,15993,15986,7,4366,0,7,0.9999358027861591,0.0,0.9983739837398374,0.0004051863857374392,1.0,0.0,0.9967087218869994,0.0,0.9965709387055294,0.0003883279707089759,0.9972164231036882,0.0004003431512725193,0.9995623085099731,0.0
primary,hmda_oh,ft,1006,soft,20359,13383,13377,6,6976,0,6,1249,1248,1,19110,13,14,235,235,0,20124,0,0,1371,1370,1,18988,0,1,1538,1536,2,18821,13,15,2699,2696,3,17660,12,15,13914,13907,7,6445,0,7,0.9995516700291415,0.0,0.9991993594875901,0.0006802721088435374,1.0,0.0,0.9992706053975201,0.0,0.9986996098829649,0.0006907178152064184,0.9988884772137829,0.0006795016987542468,0.9994969095874658,0.0
primary,hmda_oh,ft,1007,soft,20359,14436,14428,8,5923,0,8,1036,1029,7,19323,27,34,376,376,0,19983,0,0,1592,1592,0,18767,0,0,1934,1931,3,18425,31,34,2881,2871,10,17478,24,34,15005,14997,8,5354,0,8,0.99944582986977,0.0,0.9932432432432432,0.0013972985561248254,1.0,0.0,1.0,0.0,0.9984488107549121,0.0016824966078697423,0.9965289829920166,0.0013731548232063166,0.9994668443852049,0.0
primary,hmda_oh,ft,1008,soft,20359,15633,15633,0,4726,0,0,1054,1054,0,19305,7,7,508,508,0,19851,0,0,1599,1594,5,18760,1,6,2043,2038,5,18316,8,13,2978,2973,5,17381,8,13,16094,16088,6,4265,0,6,1.0,0.0,1.0,0.0003626003626003626,1.0,0.0,0.9968730456535334,5.3304904051172706e-05,0.9975526186979932,0.00043677658877484165,0.9983210208193418,0.0004602727115816121,0.9996271902572387,0.0
primary,hmda_oh,ft,1009,soft,20359,14438,14438,0,5921,0,0,917,916,1,19442,16,17,228,228,0,20131,0,0,1500,1460,40,18859,1,41,1724,1683,41,18635,17,58,2553,2511,42,17806,16,58,14869,14829,40,5490,1,41,1.0,0.0,0.9989094874591058,0.0008229606007612386,1.0,0.0,0.9733333333333334,5.3025080863248316e-05,0.9762180974477959,0.0009122618728199624,0.9835487661574618,0.0008985735145456587,0.997309839262896,0.00018214936247723133
primary,hmda_oh,mlp,1000,soft,20359,17022,17006,16,3337,1,17,1247,1245,2,19112,12,14,1200,1200,0,19159,0,0,1540,1529,11,18819,1,12,2508,2494,14,17851,12,26,3519,3503,16,16840,10,26,17235,17207,28,3124,1,29,0.9990600399483022,0.00029967036260113877,0.9983961507618284,0.0006278777731268313,1.0,0.0,0.9928571428571429,5.313778627982358e-05,0.9944178628389154,0.0006722312475491569,0.9954532537652743,0.0005938242280285036,0.9983753988975921,0.0003201024327784891
primary,hmda_oh,mlp,1001,soft,20359,17962,17957,5,2397,0,5,1261,1259,2,19098,12,14,1518,1518,0,18841,0,0,2012,1942,70,18347,13,83,3222,3148,74,17137,23,97,4169,4092,77,16190,20,97,18100,18012,88,2259,0,88,0.9997216345618528,0.0,0.9984139571768438,0.0006283380458686773,1.0,0.0,0.9652087475149106,0.0007085627077996402,0.9770328988206083,0.001342125226118924,0.9815303430079155,0.0012353304508956147,0.9951381215469614,0.0
primary,hmda_oh,mlp,1002,soft,20359,16347,16326,21,4012,4,25,815,803,12,19544,35,47,752,752,0,19607,0,0,1467,1460,7,18892,3,10,2077,2058,19,18282,38,57,2741,2713,28,17618,29,57,16608,16577,31,3751,4,35,0.9987153606166269,0.0009970089730807576,0.9852760736196319,0.0017908309455587394,1.0,0.0,0.9952283571915473,0.0001587973745500741,0.9908521906596052,0.0020785472049009955,0.9897847500912076,0.0016460438188216596,0.998133429672447,0.0010663822980538523
primary,hmda_oh,mlp,1003,soft,20359,16023,16019,4,4336,0,4,942,933,9,19417,22,31,773,773,0,19586,0,0,1493,1472,21,18866,3,24,2124,2095,29,18235,26,55,2938,2903,35,17421,20,55,16332,16304,28,4027,0,28,0.99975035885914,0.0,0.9904458598726115,0.0011330277591800999,1.0,0.0,0.9859343603482921,0.00015901621965440474,0.986346516007533,0.0014258294488620784,0.9880871341048332,0.0011480397221743871,0.9982855743325986,0.0
primary,hmda_oh,mlp,1004,soft,20359,16695,16672,23,3664,7,30,902,896,6,19457,14,20,898,898,0,19461,1,1,1299,1275,24,19060,3,27,2079,2053,26,18280,22,48,2807,2775,32,17552,16,48,16916,16867,49,3443,8,57,0.9986223420185685,0.001910480349344978,0.9933481152993349,0.0007195353857223621,1.0,5.138482092389908e-05,0.9815242494226328,0.00015739769150052466,0.9874939874939875,0.0012035010940919038,0.9885999287495547,0.0009115770282588879,0.9971033341215417,0.0023235550392099913
primary,hmda_oh,mlp,1005,soft,20359,15051,15029,22,5308,2,24,873,862,11,19486,34,45,611,611,0,19748,0,0,1319,1301,18,19040,3,21,1809,1787,22,18550,44,66,2545,2512,33,17814,33,66,15309,15267,42,5050,3,45,0.9985383031027839,0.00037678975131876413,0.9873997709049256,0.0017448424509904548,1.0,0.0,0.9863532979529946,0.00015756302521008404,0.9878385848535103,0.002371967654986523,0.9870333988212181,0.001852475581003705,0.9972565157750343,0.000594059405940594
primary,hmda_oh,mlp,1006,soft,20359,16818,16738,80,3541,9,89,1372,1365,7,18987,26,33,1148,1148,0,19211,1,1,1545,1520,25,18814,3,28,2496,2465,31,17863,31,62,3633,3598,35,16726,27,62,17079,16970,109,3280,7,116,0.9952431918182899,0.0025416548997458347,0.9948979591836735,0.0013693579817770053,1.0,5.205351100931758e-05,0.9838187702265372,0.00015945572446050813,0.9875801282051282,0.0017354307787045848,0.9903660886319846,0.0016142532584000958,0.993617893319281,0.002134146341463415
primary,hmda_oh,mlp,1007,soft,20359,15083,15083,0,5276,0,0,887,883,4,19472,17,21,574,574,0,19785,0,0,1372,1334,38,18987,6,44,1848,1807,41,18511,24,65,2627,2583,44,17732,21,65,15460,15419,41,4899,3,44,1.0,0.0,0.9954904171364148,0.0008730484798685292,1.0,0.0,0.9723032069970845,0.00031600568810238584,0.9778138528138528,0.0012965263897142239,0.9832508564902931,0.0011842995713963456,0.9973479948253557,0.000612369871402327
primary,hmda_oh,mlp,1008,soft,20359,16623,16622,1,3736,0,1,1016,1006,10,19343,20,30,1007,1007,0,19352,0,0,1682,1654,28,18677,6,34,2423,2387,36,17936,28,64,3290,3247,43,17069,21,64,16832,16799,33,3527,2,35,0.9999398423870541,0.0,0.9901574803149606,0.0010339657757328232,1.0,0.0,0.9833531510107015,0.0003212507361996038,0.9851423854725547,0.0015611061552185548,0.9869300911854103,0.0012303005448473842,0.9980394486692015,0.0005670541536716756
primary,hmda_oh,mlp,1009,soft,20359,16020,16017,3,4339,1,4,1377,1376,1,18982,13,14,939,939,0,19420,1,1,1447,1401,46,18912,16,62,2098,2050,48,18261,28,76,3250,3200,50,17109,26,76,16146,16082,64,4213,2,66,0.999812734082397,0.00023046784973496196,0.9992737835875091,0.0006848593404277737,1.0,5.149330587023687e-05,0.9682100898410505,0.0008460236886632825,0.9771210676835081,0.0015333223810306117,0.9846153846153847,0.0015196680109883687,0.9960361699492134,0.00047472110135295516
signed_primary,acs_employment_age,mlp,1000,soft,1444,1407,1395,12,37,0,12,352,337,15,1092,2,17,37,37,0,1407,0,0,40,39,1,1404,0,1,45,44,1,1399,17,18,391,375,16,1053,2,18,1409,1396,13,35,0,13,0.9914712153518124,0.0,0.9573863636363636,0.0018315018315018315,1.0,0.0,0.975,0.0,0.9777777777777777,0.012151536812008578,0.959079283887468,0.001899335232668566,0.9907735982966643,0.0
signed_primary,acs_employment_age,mlp,1001,soft,1444,1062,1062,0,382,0,0,307,305,2,1137,2,4,17,17,0,1427,0,0,72,71,1,1372,0,1,77,76,1,1367,4,5,378,375,3,1066,2,5,1083,1082,1,361,0,1,1.0,0.0,0.993485342019544,0.001759014951627089,1.0,0.0,0.9861111111111112,0.0,0.987012987012987,0.002926115581565472,0.9920634920634921,0.001876172607879925,0.9990766389658357,0.0
signed_primary,acs_employment_age,mlp,1002,soft,1444,1359,1353,6,85,1,7,315,315,0,1129,1,1,67,67,0,1377,0,0,71,71,0,1373,0,0,86,86,0,1358,1,1,385,385,0,1059,1,1,1359,1353,6,85,1,7,0.9955849889624724,0.011764705882352941,1.0,0.0008857395925597874,1.0,0.0,1.0,0.0,1.0,0.0007363770250368188,1.0,0.0009442870632672333,0.9955849889624724,0.011764705882352941
signed_primary,acs_employment_age,mlp,1003,soft,1444,1395,1383,12,49,1,13,400,398,2,1044,0,2,12,12,0,1432,0,0,26,26,0,1418,1,1,29,29,0,1415,3,3,426,424,2,1018,1,3,1399,1385,14,45,0,14,0.9913978494623656,0.02040816326530612,0.995,0.0,1.0,0.0,1.0,0.0007052186177715092,1.0,0.0021201413427561835,0.9953051643192489,0.0009823182711198428,0.9899928520371694,0.0
signed_primary,acs_employment_age,mlp,1004,soft,1444,1356,1351,5,88,0,5,334,334,0,1110,1,1,99,99,0,1345,0,0,186,183,3,1258,0,3,201,198,3,1243,1,4,516,513,3,928,1,4,1356,1348,8,88,0,8,0.9963126843657817,0.0,1.0,0.0009009009009009009,1.0,0.0,0.9838709677419355,0.0,0.9850746268656716,0.0008045052292839903,0.9941860465116279,0.0010775862068965517,0.9941002949852508,0.0
signed_primary,acs_employment_age,mlp,1005,soft,1444,1075,1072,3,369,1,4,288,286,2,1156,15,17,1,1,0,1443,0,0,2,2,0,1442,1,1,3,3,0,1441,18,18,290,288,2,1154,16,18,1076,1072,4,368,1,5,0.9972093023255814,0.0027100271002710027,0.9930555555555556,0.012975778546712802,1.0,0.0,1.0,0.0006934812760055479,1.0,0.012491325468424705,0.993103448275862,0.01386481802426343,0.9962825278810409,0.002717391304347826
signed_primary,acs_employment_age,mlp,1006,soft,1444,1371,1358,13,73,3,16,456,455,1,988,4,5,7,7,0,1437,0,0,7,7,0,1437,1,1,8,8,0,1436,6,6,463,462,1,981,5,6,1371,1358,13,73,4,17,0.9905178701677607,0.0410958904109589,0.9978070175438597,0.004048582995951417,1.0,0.0,1.0,0.0006958942240779402,1.0,0.004178272980501393,0.9978401727861771,0.0050968399592252805,0.9905178701677607,0.0547945205479452
signed_primary,acs_employment_age,mlp,1007,soft,1444,1248,1244,4,196,2,6,372,372,0,1072,11,11,0,0,0,1444,0,0,0,0,0,1444,2,2,17,17,0,1427,13,13,372,372,0,1072,13,13,1248,1242,6,196,2,8,0.9967948717948718,0.01020408163265306,1.0,0.010261194029850746,,0.0,,0.0013850415512465374,1.0,0.009110021023125438,1.0,0.012126865671641791,0.9951923076923077,0.01020408163265306
signed_primary,acs_employment_age,mlp,1008,soft,1444,1063,1063,0,381,0,0,381,375,6,1063,4,10,0,0,0,1444,0,0,0,0,0,1444,0,0,0,0,0,1444,10,10,381,375,6,1063,4,10,1063,1063,0,381,0,0,1.0,0.0,0.984251968503937,0.0037629350893697085,,0.0,,0.0,,0.006925207756232687,0.984251968503937,0.0037629350893697085,1.0,0.0
signed_primary,acs_employment_age,mlp,1009,soft,1444,1073,1073,0,371,0,0,439,439,0,1005,4,4,0,0,0,1444,0,0,0,0,0,1444,0,0,1,1,0,1443,4,4,439,439,0,1005,4,4,1073,1073,0,371,0,0,1.0,0.0,1.0,0.003980099502487562,,0.0,,0.0,1.0,0.002772002772002772,1.0,0.003980099502487562,1.0,0.0
signed_primary,acs_employment_sex,mlp,1000,soft,1875,1465,1438,27,410,3,30,164,145,19,1711,50,69,60,60,0,1815,0,0,126,125,1,1749,1,2,134,128,6,1741,65,71,277,252,25,1598,46,71,1483,1454,29,392,3,32,0.9815699658703072,0.007317073170731708,0.8841463414634146,0.029222676797194622,1.0,0.0,0.9920634920634921,0.0005717552887364208,0.9552238805970149,0.037334865020103386,0.9097472924187726,0.028785982478097622,0.9804450438300741,0.007653061224489796
signed_primary,acs_employment_sex,mlp,1001,soft,1875,1421,1395,26,454,8,34,124,109,15,1751,34,49,116,116,0,1759,0,0,217,213,4,1658,7,11,219,205,14,1656,46,60,328,298,30,1547,30,60,1444,1409,35,431,8,43,0.9817030260380014,0.01762114537444934,0.8790322580645161,0.019417475728155338,1.0,0.0,0.9815668202764977,0.004221954161640531,0.9360730593607306,0.027777777777777776,0.9085365853658537,0.019392372333548805,0.9757617728531855,0.018561484918793503
signed_primary,acs_employment_sex,mlp,1002,soft,1875,1339,1327,12,536,2,14,148,138,10,1727,27,37,15,15,0,1860,0,0,23,23,0,1852,0,0,25,24,1,1850,36,37,171,161,10,1704,27,37,1343,1331,12,532,2,14,0.9910380881254668,0.0037313432835820895,0.9324324324324325,0.01563404748118124,1.0,0.0,1.0,0.0,0.96,0.01945945945945946,0.9415204678362573,0.01584507042253521,0.9910647803425168,0.0037593984962406013
signed_primary,acs_employment_sex,mlp,1003,soft,1875,1248,1234,14,627,6,20,124,114,10,1751,18,28,20,20,0,1855,0,0,104,103,1,1771,1,2,105,101,4,1770,26,30,219,206,13,1656,17,30,1266,1251,15,609,7,22,0.9887820512820513,0.009569377990430622,0.9193548387096774,0.010279840091376356,1.0,0.0,0.9903846153846154,0.000564652738565782,0.9619047619047619,0.014689265536723164,0.9406392694063926,0.010265700483091788,0.9881516587677726,0.011494252873563218
signed_primary,acs_employment_sex,mlp,1004,soft,1875,1372,1352,20,503,6,26,114,110,4,1761,17,21,43,43,0,1832,1,1,106,105,1,1769,6,7,111,107,4,1764,24,28,211,203,8,1664,20,28,1384,1359,25,491,7,32,0.9854227405247813,0.011928429423459244,0.9649122807017544,0.009653605905735378,1.0,0.0005458515283842794,0.9905660377358491,0.0033917467495760316,0.963963963963964,0.013605442176870748,0.9620853080568721,0.01201923076923077,0.9819364161849711,0.014256619144602852
signed_primary,acs_employment_sex,mlp,1005,soft,1875,1399,1345,54,476,21,75,118,98,20,1757,46,66,92,92,0,1783,0,0,257,257,0,1618,3,3,259,247,12,1616,57,69,363,331,32,1512,37,69,1421,1361,60,454,18,78,0.9614010007147963,0.04411764705882353,0.8305084745762712,0.02618099032441662,1.0,0.0,1.0,0.001854140914709518,0.9536679536679536,0.03527227722772277,0.9118457300275482,0.02447089947089947,0.9577762139338494,0.039647577092511016
signed_primary,acs_employment_sex,mlp,1006,soft,1875,1499,1461,38,376,8,46,211,203,8,1664,33,41,33,33,0,1842,0,0,66,60,6,1809,2,8,69,63,6,1806,43,49,269,255,14,1606,35,49,1507,1463,44,368,9,53,0.9746497665110073,0.02127659574468085,0.9620853080568721,0.019831730769230768,1.0,0.0,0.9090909090909091,0.001105583195135434,0.9130434782608695,0.023809523809523808,0.9479553903345725,0.021793275217932753,0.9708029197080292,0.024456521739130436
signed_primary,acs_employment_sex,mlp,1007,soft,1875,1662,1634,28,213,6,34,142,131,11,1733,31,42,180,180,0,1695,0,0,351,351,0,1524,0,0,356,343,13,1519,29,42,460,436,24,1415,18,42,1689,1660,29,186,5,34,0.9831528279181708,0.028169014084507043,0.9225352112676056,0.01788805539526832,1.0,0.0,1.0,0.0,0.9634831460674157,0.019091507570770244,0.9478260869565217,0.012720848056537103,0.9828300769686205,0.026881720430107527
signed_primary,acs_employment_sex,mlp,1008,soft,1875,1486,1485,1,389,0,1,113,92,21,1762,53,74,95,95,0,1780,0,0,242,242,0,1633,0,0,248,234,14,1627,60,74,344,314,30,1531,44,74,1520,1519,1,355,0,1,0.9993270524899058,0.0,0.8141592920353983,0.030079455164585697,1.0,0.0,1.0,0.0,0.9435483870967742,0.03687768899815612,0.9127906976744186,0.028739386022207707,0.9993421052631579,0.0
signed_primary,acs_employment_sex,mlp,1009,soft,1875,1296,1295,1,579,0,1,143,102,41,1732,45,86,6,6,0,1869,0,0,25,25,0,1850,0,0,31,27,4,1844,82,86,168,126,42,1707,44,86,1302,1301,1,573,0,1,0.9992283950617284,0.0,0.7132867132867133,0.025981524249422634,1.0,0.0,1.0,0.0,0.8709677419354839,0.044468546637744036,0.75,0.025776215582893967,0.999231950844854,0.0
signed_primary,acs_income,ft,1000,soft,3647,3201,3201,0,446,0,0,629,624,5,3018,5,10,0,0,0,3647,0,0,0,0,0,3647,0,0,79,79,0,3568,10,10,629,624,5,3018,5,10,3201,3201,0,446,0,0,1.0,0.0,0.9920508744038156,0.0016567263088137839,,0.0,,0.0,1.0,0.002802690582959641,0.9920508744038156,0.0016567263088137839,1.0,0.0
signed_primary,acs_income,ft,1001,soft,3647,3200,3200,0,447,0,0,620,614,6,3027,10,16,0,0,0,3647,0,0,0,0,0,3647,0,0,38,37,1,3609,15,16,620,614,6,3027,10,16,3200,3200,0,447,0,0,1.0,0.0,0.9903225806451613,0.003303600925008259,,0.0,,0.0,0.9736842105263158,0.004156275976724855,0.9903225806451613,0.003303600925008259,1.0,0.0
signed_primary,acs_income,ft,1002,soft,3647,3203,3200,3,444,0,3,605,602,3,3042,14,17,0,0,0,3647,0,0,0,0,0,3647,0,0,73,73,0,3574,17,17,605,602,3,3042,14,17,3203,3200,3,444,0,3,0.9990633780830471,0.0,0.9950413223140496,0.0046022353714661405,,0.0,,0.0,1.0,0.004756575265808618,0.9950413223140496,0.0046022353714661405,0.9990633780830471,0.0
signed_primary,acs_income,ft,1003,soft,3647,3293,3293,0,354,0,0,650,647,3,2997,6,9,0,0,0,3647,0,0,0,0,0,3647,0,0,93,93,0,3554,9,9,650,647,3,2997,6,9,3293,3293,0,354,0,0,1.0,0.0,0.9953846153846154,0.002002002002002002,,0.0,,0.0,1.0,0.0025323579065841305,0.9953846153846154,0.002002002002002002,1.0,0.0
signed_primary,acs_income,ft,1004,soft,3647,3078,3078,0,569,0,0,691,690,1,2956,5,6,0,0,0,3647,0,0,0,0,0,3647,0,0,54,54,0,3593,6,6,691,690,1,2956,5,6,3078,3078,0,569,0,0,1.0,0.0,0.9985528219971056,0.0016914749661705007,,0.0,,0.0,1.0,0.0016699137211244085,0.9985528219971056,0.0016914749661705007,1.0,0.0
signed_primary,acs_income,ft,1005,soft,3647,3266,3266,0,381,0,0,553,547,6,3094,6,12,0,0,0,3647,0,0,0,0,0,3647,0,0,110,109,1,3537,11,12,553,547,6,3094,6,12,3266,3266,0,381,0,0,1.0,0.0,0.9891500904159132,0.0019392372333548805,,0.0,,0.0,0.990909090909091,0.0031099802092168505,0.9891500904159132,0.0019392372333548805,1.0,0.0
signed_primary,acs_income,ft,1006,soft,3647,3120,3120,0,527,0,0,472,465,7,3175,8,15,0,0,0,3647,0,0,0,0,0,3647,0,0,52,51,1,3595,14,15,472,465,7,3175,8,15,3120,3120,0,527,0,0,1.0,0.0,0.9851694915254238,0.0025196850393700786,,0.0,,0.0,0.9807692307692307,0.003894297635605007,0.9851694915254238,0.0025196850393700786,1.0,0.0
signed_primary,acs_income,ft,1007,soft,3647,3129,3125,4,518,0,4,574,572,2,3073,5,7,0,0,0,3647,0,0,0,0,0,3647,0,0,28,28,0,3619,7,7,574,572,2,3073,5,7,3129,3125,4,518,0,4,0.9987216363055289,0.0,0.9965156794425087,0.0016270745200130166,,0.0,,0.0,1.0,0.0019342359767891683,0.9965156794425087,0.0016270745200130166,0.9987216363055289,0.0
signed_primary,acs_income,ft,1008,soft,3647,3282,3282,0,365,0,0,557,551,6,3090,9,15,0,0,0,3647,0,0,0,0,0,3647,0,0,45,45,0,3602,15,15,557,551,6,3090,9,15,3282,3282,0,365,0,0,1.0,0.0,0.9892280071813285,0.002912621359223301,,0.0,,0.0,1.0,0.00416435313714603,0.9892280071813285,0.002912621359223301,1.0,0.0
signed_primary,acs_income,ft,1009,soft,3647,3222,3220,2,425,0,2,607,606,1,3040,6,7,0,0,0,3647,0,0,0,0,0,3647,0,0,44,44,0,3603,7,7,607,606,1,3040,6,7,3222,3220,2,425,0,2,0.9993792675356921,0.0,0.9983525535420099,0.001973684210526316,,0.0,,0.0,1.0,0.0019428254232583958,0.9983525535420099,0.001973684210526316,0.9993792675356921,0.0
signed_primary,acs_income,mlp,1000,soft,3647,2959,2919,40,688,0,40,652,638,14,2995,8,22,4,4,0,3643,0,0,6,5,1,3641,3,4,28,27,1,3619,25,26,658,643,15,2989,11,26,2960,2916,44,687,0,44,0.9864819195674214,0.0,0.9785276073619632,0.002671118530884808,1.0,0.0,0.8333333333333334,0.0008239494644328481,0.9642857142857143,0.006907985631389887,0.9772036474164134,0.0036801605888256944,0.9851351351351352,0.0
signed_primary,acs_income,mlp,1001,soft,3647,2526,2526,0,1121,0,0,600,592,8,3047,10,18,3,3,0,3644,0,0,5,5,0,3642,3,3,11,11,0,3636,21,21,605,596,9,3042,12,21,2526,2523,3,1121,0,3,1.0,0.0,0.9866666666666667,0.0032819166393173614,1.0,0.0,1.0,0.0008237232289950577,1.0,0.005775577557755775,0.9851239669421488,0.0039447731755424065,0.998812351543943,0.0
signed_primary,acs_income,mlp,1002,soft,3647,2640,2639,1,1007,2,3,632,627,5,3015,10,15,0,0,0,3647,0,0,3,3,0,3644,0,0,5,5,0,3642,15,15,635,630,5,3012,10,15,2642,2641,1,1005,2,3,0.9996212121212121,0.0019860973187686196,0.9920886075949367,0.003316749585406302,,0.0,1.0,0.0,1.0,0.004118616144975288,0.9921259842519685,0.0033200531208499337,0.9996214988644966,0.001990049751243781
signed_primary,acs_income,mlp,1003,soft,3647,2875,2852,23,772,5,28,618,612,6,3029,9,15,1,1,0,3646,0,0,3,3,0,3644,0,0,12,12,0,3635,15,15,621,615,6,3026,9,15,2875,2852,23,772,5,28,0.992,0.006476683937823834,0.9902912621359223,0.0029712776493892373,1.0,0.0,1.0,0.0,1.0,0.0041265474552957355,0.9903381642512077,0.002974223397224058,0.992,0.006476683937823834
signed_primary,acs_income,mlp,1004,soft,3647,2475,2470,5,1172,2,7,567,557,10,3080,9,19,1,1,0,3646,0,0,3,3,0,3644,2,2,7,7,0,3640,21,21,570,558,12,3077,9,21,2475,2468,7,1172,2,9,0.997979797979798,0.0017064846416382253,0.982363315696649,0.002922077922077922,1.0,0.0,1.0,0.0005488474204171241,1.0,0.0057692307692307696,0.9789473684210527,0.0029249268768280793,0.9971717171717172,0.0017064846416382253
signed_primary,acs_income,mlp,1005,soft,3647,2887,2880,7,760,0,7,603,596,7,3044,14,21,6,6,0,3641,0,0,8,8,0,3639,3,3,19,19,0,3628,24,24,611,604,7,3036,17,24,2887,2877,10,760,0,10,0.9975753377208174,0.0,0.988391376451078,0.0045992115637319315,1.0,0.0,1.0,0.0008244023083264633,1.0,0.006615214994487321,0.9885433715220949,0.005599472990777339,0.9965361967440249,0.0
signed_primary,acs_income,mlp,1006,soft,3647,2101,2098,3,1546,0,3,682,677,5,2965,6,11,3,3,0,3644,0,0,11,11,0,3636,0,0,12,12,0,3635,11,11,693,688,5,2954,6,11,2102,2099,3,1545,0,3,0.9985721085197525,0.0,0.9926686217008798,0.002023608768971332,1.0,0.0,1.0,0.0,1.0,0.003026134800550206,0.9927849927849928,0.002031144211238998,0.9985727878211227,0.0
signed_primary,acs_income,mlp,1007,soft,3647,2806,2796,10,841,0,10,584,574,10,3063,11,21,1,1,0,3646,0,0,2,2,0,3645,0,0,19,19,0,3628,21,21,586,576,10,3061,11,21,2806,2796,10,841,0,10,0.9964362081254454,0.0,0.9828767123287672,0.0035912504080966375,1.0,0.0,1.0,0.0,1.0,0.005788313120176406,0.9829351535836177,0.0035935968637700096,0.9964362081254454,0.0
signed_primary,acs_income,mlp,1008,soft,3647,2569,2562,7,1078,1,8,617,610,7,3030,7,14,0,0,0,3647,0,0,4,4,0,3643,0,0,8,8,0,3639,14,14,621,614,7,3026,7,14,2569,2562,7,1078,1,8,0.997275204359673,0.0009276437847866419,0.9886547811993517,0.0023102310231023103,,0.0,1.0,0.0,1.0,0.0038472107721901623,0.9887278582930756,0.002313284864507601,0.997275204359673,0.0009276437847866419
signed_primary,acs_income,mlp,1009,soft,3647,2395,2395,0,1252,1,1,630,625,5,3017,9,14,0,0,0,3647,0,0,3,3,0,3644,3,3,12,12,0,3635,17,17,633,628,5,3014,12,17,2396,2394,2,1251,2,4,1.0,0.0007987220447284345,0.9920634920634921,0.0029830957905203847,,0.0,1.0,0.000823271130625686,1.0,0.004676753782668501,0.9921011058451816,0.003981420039814201,0.9991652754590985,0.0015987210231814548
signed_primary,credit_broad,mlp,1000,soft,11652,360,360,0,11292,2,2,91,88,3,11561,56,59,2,2,0,11650,0,0,50,39,11,11602,68,79,50,39,11,11602,124,135,140,125,15,11512,120,135,404,392,12,11248,69,81,1.0,0.00017711654268508679,0.967032967032967,0.0048438716374016085,1.0,0.0,0.78,0.00586105843820031,0.78,0.010687812446129978,0.8928571428571429,0.010423905489923557,0.9702970297029703,0.006134423897581793
signed_primary,credit_broad,mlp,1001,soft,11652,3997,3993,4,7655,4,8,263,262,1,11389,34,35,145,145,0,11507,0,0,1049,998,51,10603,5,56,1049,988,61,10603,29,90,1275,1214,61,10377,29,90,4544,4487,57,7108,7,64,0.9989992494370779,0.0005225342913128674,0.9961977186311787,0.002985336728422162,1.0,0.0,0.9513822688274547,0.00047156465151372253,0.9418493803622497,0.002735074978779591,0.952156862745098,0.002794641996723523,0.987455985915493,0.0009848058525604951
signed_primary,credit_broad,mlp,1002,soft,11652,1209,1204,5,10443,7,12,193,189,4,11459,105,109,4,4,0,11648,0,0,134,125,9,11518,6,15,134,120,14,11518,110,124,326,308,18,11326,106,124,1326,1312,14,10326,13,27,0.9958643507030603,0.0006703054677774585,0.9792746113989638,0.00916310323762981,1.0,0.0,0.9328358208955224,0.0005209237714881056,0.8955223880597015,0.009550269143948601,0.9447852760736196,0.009358996998057567,0.9894419306184012,0.0012589579701723804
signed_primary,credit_broad,mlp,1003,soft,11652,3612,3607,5,8040,5,10,174,169,5,11478,39,44,82,82,0,11570,0,0,948,913,35,10704,8,43,948,906,42,10704,45,87,1108,1061,47,10544,40,87,4228,4185,43,7424,10,53,0.9986157253599114,0.0006218905472636816,0.9712643678160919,0.003397804495556717,1.0,0.0,0.9630801687763713,0.0007473841554559044,0.9556962025316456,0.004204035874439462,0.9575812274368231,0.0037936267071320183,0.9898297067171239,0.0013469827586206897
signed_primary,credit_broad,mlp,1004,soft,11652,890,878,12,10762,14,26,144,142,2,11508,54,56,5,5,0,11647,0,0,520,493,27,11132,9,36,520,488,32,11132,57,89,657,623,34,10995,55,89,1386,1345,41,10266,20,61,0.9865168539325843,0.0013008734435978444,0.9861111111111112,0.0046923879040667365,1.0,0.0,0.948076923076923,0.0008084800574919152,0.9384615384615385,0.005120373697448796,0.9482496194824962,0.0050022737608003635,0.9704184704184704,0.0019481784531463083
signed_primary,credit_broad,mlp,1005,soft,11652,3229,3220,9,8423,5,14,227,224,3,11425,29,32,57,57,0,11595,0,0,914,899,15,10738,29,44,914,894,20,10738,54,74,1088,1064,24,10564,50,74,3782,3756,26,7870,32,58,0.9972127593682255,0.0005936127270568681,0.986784140969163,0.002538293216630197,1.0,0.0,0.9835886214442013,0.0027006891413671073,0.9781181619256017,0.005028869435649097,0.9779411764705882,0.00473305566073457,0.9931253305129562,0.004066073697585769
signed_primary,credit_broad,mlp,1006,soft,11652,5550,5550,0,6102,0,0,312,311,1,11340,26,27,164,164,0,11488,0,0,1393,1351,42,10259,24,66,1405,1348,57,10247,35,92,1611,1552,59,10041,33,92,6127,6073,54,5525,12,66,1.0,0.0,0.9967948717948718,0.002292768959435626,1.0,0.0,0.9698492462311558,0.0023394092991519642,0.9594306049822064,0.0034156338440519177,0.9633767846058349,0.0032865252464893933,0.9911865513301779,0.0021719457013574662
signed_primary,credit_broad,mlp,1007,soft,11652,6531,6529,2,5121,0,2,438,429,9,11214,96,105,286,286,0,11366,0,0,2129,2116,13,9523,0,13,2142,2078,64,9510,54,118,2369,2299,70,9283,48,118,7183,7168,15,4469,0,15,0.9996937681825142,0.0,0.9794520547945206,0.008560727661851257,1.0,0.0,0.9938938468764679,0.0,0.9701213818860878,0.0056782334384858045,0.9704516673701984,0.005170742216955726,0.9979117360434359,0.0
signed_primary,credit_broad,mlp,1008,soft,11652,249,247,2,11403,3,5,192,174,18,11460,78,96,1,1,0,11651,0,0,20,14,6,11632,17,23,20,14,6,11632,111,117,212,187,25,11440,92,117,268,260,8,11384,20,28,0.9919678714859438,0.00026308866087871614,0.90625,0.006806282722513089,1.0,0.0,0.7,0.0014614855570839066,0.7,0.009542640990371389,0.8820754716981132,0.008041958041958041,0.9701492537313433,0.0017568517217146872
signed_primary,credit_broad,mlp,1009,soft,11652,1154,1146,8,10498,5,13,123,120,3,11529,38,41,16,16,0,11636,0,0,561,541,20,11091,22,42,561,533,28,11091,55,83,649,619,30,11003,53,83,1637,1609,28,10015,27,55,0.9930675909878682,0.0004762811964183654,0.975609756097561,0.0032960360829213287,1.0,0.0,0.964349376114082,0.0019835902984401766,0.9500891265597148,0.004958975746100442,0.9537750385208013,0.0048168681268744885,0.982895540623091,0.0026959560659011485
signed_primary,hmda_oh,ft,1000,soft,5664,4021,4021,0,1643,0,0,359,358,1,5305,2,3,134,134,0,5530,0,0,1824,1824,0,3840,0,0,1827,1827,0,3837,3,3,2120,2119,1,3544,2,3,4579,4579,0,1085,0,0,1.0,0.0,0.9972144846796658,0.00037700282752120643,1.0,0.0,1.0,0.0,1.0,0.0007818608287724785,0.9995283018867924,0.000564334085778781,1.0,0.0
signed_primary,hmda_oh,ft,1001,soft,5664,4324,4324,0,1340,0,0,394,393,1,5270,5,6,85,85,0,5579,0,0,1646,1631,15,4018,1,16,1654,1637,17,4010,5,22,1978,1960,18,3686,4,22,4748,4732,16,916,0,16,1.0,0.0,0.9974619289340102,0.0009487666034155598,1.0,0.0,0.9908869987849331,0.00024888003982080636,0.9897218863361548,0.0012468827930174563,0.9908998988877654,0.0010851871947911015,0.9966301600673968,0.0
signed_primary,hmda_oh,ft,1002,soft,5664,3753,3753,0,1911,0,0,307,305,2,5357,9,11,37,37,0,5627,0,0,1574,1572,2,4090,0,2,1574,1570,4,4090,9,13,1809,1803,6,3855,7,13,4335,4333,2,1329,0,2,1.0,0.0,0.993485342019544,0.0016800448011946986,1.0,0.0,0.9987293519695044,0.0,0.9974587039390089,0.002200488997555012,0.9966832504145937,0.0018158236057068742,0.9995386389850057,0.0
signed_primary,hmda_oh,ft,1003,soft,5664,4248,4248,0,1416,0,0,287,284,3,5377,13,16,211,211,0,5453,0,0,1889,1883,6,3775,3,9,1894,1884,10,3770,14,24,2126,2113,13,3538,11,24,4694,4687,7,970,2,9,1.0,0.0,0.9895470383275261,0.002417705039985122,1.0,0.0,0.9968237162519852,0.0007947019867549669,0.9947201689545935,0.003713527851458886,0.9938852304797742,0.0031091011871113624,0.9985087345547508,0.002061855670103093
signed_primary,hmda_oh,ft,1004,soft,5664,4214,4212,2,1450,0,2,370,370,0,5294,4,4,65,65,0,5599,0,0,1346,1327,19,4318,1,20,1351,1332,19,4313,5,24,1687,1668,19,3977,5,24,4527,4506,21,1137,1,22,0.9995253915519696,0.0,1.0,0.0007555723460521345,1.0,0.0,0.9858841010401189,0.0002315886984715146,0.9859363434492968,0.001159285879897983,0.988737403675163,0.001257229067136032,0.9953611663353215,0.0008795074758135445
signed_primary,hmda_oh,ft,1005,soft,5664,4298,4298,0,1366,0,0,230,229,1,5434,0,1,169,169,0,5495,0,0,1871,1865,6,3793,1,7,1881,1874,7,3783,1,8,2061,2054,7,3603,1,8,4744,4738,6,920,1,7,1.0,0.0,0.9956521739130435,0.0,1.0,0.0,0.9967931587386424,0.0002636435539151068,0.9962785752259437,0.0002643404705260375,0.9966035904900534,0.0002775464890369137,0.9987352445193929,0.0010869565217391304
signed_primary,hmda_oh,ft,1006,soft,5664,3471,3471,0,2193,0,0,407,407,0,5257,2,2,81,81,0,5583,0,0,1422,1420,2,4242,0,2,1425,1422,3,4239,1,4,1755,1752,3,3909,1,4,4042,4040,2,1622,0,2,1.0,0.0,1.0,0.00038044512079132587,1.0,0.0,0.9985935302390999,0.0,0.9978947368421053,0.00023590469450342062,0.9982905982905983,0.00025581990278843696,0.9995051954477981,0.0
signed_primary,hmda_oh,ft,1007,soft,5664,4020,4020,0,1644,0,0,406,403,3,5258,8,11,62,62,0,5602,0,0,1637,1636,1,4027,0,1,1644,1641,3,4020,9,12,1982,1976,6,3682,6,12,4619,4618,1,1045,0,1,1.0,0.0,0.9926108374384236,0.0015214910612400153,1.0,0.0,0.9993891264508247,0.0,0.9981751824817519,0.002238805970149254,0.9969727547931383,0.0016295491580662683,0.9997835029227106,0.0
signed_primary,hmda_oh,ft,1008,soft,5664,4164,4164,0,1500,0,0,452,452,0,5212,0,0,89,89,0,5575,0,0,1640,1634,6,4024,1,7,1648,1642,6,4016,1,7,2000,1994,6,3664,1,7,4649,4642,7,1015,0,7,1.0,0.0,1.0,0.0,1.0,0.0,0.9963414634146341,0.00024850894632206757,0.9963592233009708,0.000249003984063745,0.997,0.0002729257641921397,0.99849429984943,0.0
signed_primary,hmda_oh,ft,1009,soft,5664,4029,4029,0,1635,0,0,426,426,0,5238,2,2,40,40,0,5624,0,0,1530,1486,44,4134,1,45,1538,1493,45,4126,2,47,1910,1865,45,3754,2,47,4481,4437,44,1183,1,45,1.0,0.0,1.0,0.00038182512409316535,1.0,0.0,0.9712418300653595,0.00024189646831156264,0.97074122236671,0.0004847309743092584,0.9764397905759162,0.0005327650506126798,0.9901807632224949,0.0008453085376162299
signed_primary,hmda_oh,mlp,1000,soft,5664,4760,4758,2,904,0,2,399,399,0,5265,1,1,359,359,0,5305,0,0,1619,1604,15,4045,1,16,1645,1629,16,4019,1,17,1935,1919,16,3729,1,17,4993,4975,18,671,0,18,0.9995798319327731,0.0,1.0,0.0001899335232668566,1.0,0.0,0.9907350216182829,0.00024721878862793575,0.990273556231003,0.0002488181139586962,0.9917312661498708,0.0002681684097613301,0.9963949529341077,0.0
signed_primary,hmda_oh,mlp,1001,soft,5664,4967,4965,2,697,0,2,387,386,1,5277,5,6,479,479,0,5185,0,0,2108,2032,76,3556,14,90,2137,2058,79,3527,17,96,2412,2331,81,3252,15,96,5130,5038,92,534,0,92,0.9995973424602376,0.0,0.9974160206718347,0.0009475080538184574,1.0,0.0,0.9639468690702088,0.003937007874015748,0.9630322882545624,0.004819960306209243,0.9664179104477612,0.004612546125461255,0.9820662768031189,0.0
signed_primary,hmda_oh,mlp,1002,soft,5664,4482,4477,5,1182,1,6,239,235,4,5425,10,14,220,220,0,5444,0,0,1578,1570,8,4086,3,11,1597,1583,14,4067,11,25,1757,1739,18,3907,7,25,4782,4766,16,882,1,17,0.99888442659527,0.0008460236886632825,0.9832635983263598,0.0018433179723502304,1.0,0.0,0.9949302915082383,0.0007342143906020558,0.9912335629304947,0.0027046963363658717,0.9897552646556631,0.0017916560020476069,0.9966541196152238,0.0011337868480725624
signed_primary,hmda_oh,mlp,1003,soft,5664,4320,4319,1,1344,0,1,326,326,0,5338,2,2,198,198,0,5466,0,0,1580,1556,24,4084,4,28,1593,1568,25,4071,5,30,1852,1827,25,3812,5,30,4657,4628,29,1007,0,29,0.9997685185185186,0.0,1.0,0.0003746721618583739,1.0,0.0,0.9848101265822785,0.0009794319294809011,0.9843063402385436,0.0012281994595922379,0.9865010799136069,0.0013116474291710388,0.9937728151170281,0.0
signed_primary,hmda_oh,mlp,1004,soft,5664,4453,4449,4,1211,0,4,292,291,1,5372,1,2,195,195,0,5469,0,0,1355,1329,26,4309,5,31,1370,1343,27,4294,6,33,1576,1548,28,4088,5,33,4697,4665,32,967,3,35,0.9991017291713452,0.0,0.9965753424657534,0.00018615040953090097,1.0,0.0,0.9808118081180812,0.0011603620329542817,0.9802919708029197,0.0013972985561248254,0.9822335025380711,0.001223091976516634,0.9931871407281243,0.0031023784901758012
signed_primary,hmda_oh,mlp,1005,soft,5664,4248,4243,5,1416,0,5,256,250,6,5408,10,16,184,184,0,5480,0,0,1414,1394,20,4250,3,23,1427,1405,22,4237,17,39,1607,1579,28,4057,11,39,4538,4511,27,1126,1,28,0.9988229755178908,0.0,0.9765625,0.0018491124260355029,1.0,0.0,0.9858557284299858,0.0007058823529411765,0.98458304134548,0.00401227283455275,0.9825762289981331,0.0027113630761646536,0.9940502423975319,0.0008880994671403197
signed_primary,hmda_oh,mlp,1006,soft,5664,4550,4528,22,1114,2,24,442,440,2,5222,2,4,286,286,0,5378,0,0,1654,1629,25,4010,3,28,1670,1643,27,3994,5,32,1991,1964,27,3673,5,32,4847,4796,51,817,0,51,0.9951648351648351,0.0017953321364452424,0.995475113122172,0.00038299502106472615,1.0,0.0,0.9848851269649335,0.0007481296758104738,0.9838323353293413,0.0012518778167250877,0.9864389753892516,0.001361285053090117,0.9894780276459666,0.0
signed_primary,hmda_oh,mlp,1007,soft,5664,3955,3955,0,1709,0,0,312,312,0,5352,5,5,141,141,0,5523,0,0,1442,1396,46,4222,6,52,1457,1410,47,4207,10,57,1688,1641,47,3976,10,57,4367,4318,49,1297,3,52,1.0,0.0,1.0,0.0009342301943198804,1.0,0.0,0.9680998613037448,0.0014211274277593558,0.967741935483871,0.002376990729736154,0.9721563981042654,0.0025150905432595573,0.9887794824822532,0.002313030069390902
signed_primary,hmda_oh,mlp,1008,soft,5664,4464,4464,0,1200,0,0,338,335,3,5326,6,9,350,350,0,5314,0,0,1786,1750,36,3878,6,42,1802,1760,42,3862,9,51,2063,2020,43,3601,8,51,4707,4667,40,957,2,42,1.0,0.0,0.9911242603550295,0.0011265490048817123,1.0,0.0,0.9798432250839866,0.0015471892728210418,0.97669256381798,0.002330398757120663,0.9791565681047019,0.0022216051096917524,0.9915020182706608,0.0020898641588296763
signed_primary,hmda_oh,mlp,1009,soft,5664,4615,4615,0,1049,0,0,452,452,0,5212,5,5,363,363,0,5301,0,0,1524,1474,50,4140,18,68,1543,1490,53,4121,19,72,1852,1798,54,3812,18,72,4770,4703,67,894,1,68,1.0,0.0,1.0,0.0009593246354566385,1.0,0.0,0.9671916010498688,0.004347826086956522,0.9656513285806869,0.00461053142441155,0.9708423326133909,0.00472193074501574,0.9859538784067086,0.0011185682326621924
signed_targeting,acs_income,mlp,1000,augmentation,3647,2959,583,2376,688,397,2773,652,524,128,2995,227,355,4,4,0,3643,4,4,6,2,4,3641,55,59,28,22,6,3619,402,408,658,514,144,2989,264,408,2960,569,2391,687,399,2790,0.1970260223048327,0.5770348837209303,0.803680981595092,0.07579298831385643,1.0,0.0010979961570134504,0.3333333333333333,0.015105740181268883,0.7857142857142857,0.11108040895274938,0.7811550151975684,0.08832385413181666,0.19222972972972974,0.5807860262008734
signed_targeting,acs_income,mlp,1000,contexts,3647,2959,2822,137,688,40,177,652,643,9,2995,11,20,4,4,0,3643,0,0,6,6,0,3641,3,3,28,28,0,3619,23,23,658,649,9,2989,14,23,2960,2820,140,687,40,180,0.9537005745184184,0.05813953488372093,0.9861963190184049,0.003672787979966611,1.0,0.0,1.0,0.0008239494644328481,1.0,0.0063553467808786955,0.986322188449848,0.00468384074941452,0.9527027027027027,0.05822416302765648
signed_targeting,acs_income,mlp,1000,features,3647,2959,2945,14,688,3,17,652,640,12,2995,10,22,4,4,0,3643,0,0,6,5,1,3641,2,3,28,27,1,3619,24,25,658,645,13,2989,12,25,2960,2943,17,687,3,20,0.9952686718485975,0.00436046511627907,0.9815950920245399,0.00333889816360601,1.0,0.0,0.8333333333333334,0.0005492996429552321,0.9642857142857143,0.0066316662061342915,0.9802431610942249,0.004014720642355303,0.9942567567567567,0.004366812227074236
signed_targeting,acs_income,mlp,1000,full,3647,2959,2945,14,688,2,16,652,640,12,2995,13,25,4,4,0,3643,0,0,6,5,1,3641,1,2,28,27,1,3619,26,27,658,645,13,2989,14,27,2960,2944,16,687,2,18,0.9952686718485975,0.0029069767441860465,0.9815950920245399,0.004340567612687813,1.0,0.0,0.8333333333333334,0.00027464982147761604,0.9642857142857143,0.007184305056645482,0.9802431610942249,0.00468384074941452,0.9945945945945946,0.002911208151382824
signed_targeting,acs_income,mlp,1000,population,3647,2959,2333,626,688,64,690,652,633,19,2995,30,49,4,4,0,3643,0,0,6,6,0,3641,0,0,28,26,2,3619,47,49,658,638,20,2989,29,49,2960,2334,626,687,64,690,0.7884420412301453,0.09302325581395349,0.9708588957055214,0.01001669449081803,1.0,0.0,1.0,0.0,0.9285714285714286,0.012987012987012988,0.9696048632218845,0.009702241552358649,0.7885135135135135,0.09315866084425037
signed_targeting,acs_income,mlp,1000,task,3647,2959,0,2959,688,0,2959,652,0,652,2995,0,652,4,0,4,3643,0,4,6,0,6,3641,0,6,28,0,28,3619,630,658,658,0,658,2989,0,658,2960,0,2960,687,0,2960,0.0,0.0,0.0,0.0,0.0,0.0,0.0,0.0,0.0,0.17408123791102514,0.0,0.0,0.0,0.0
signed_targeting,acs_income,mlp,1001,augmentation,3647,2526,751,1775,1121,445,2220,600,546,54,3047,109,163,3,3,0,3644,6,6,5,1,4,3642,51,55,11,4,7,3636,210,217,605,537,68,3042,149,217,2526,731,1795,1121,449,2244,0.29730799683293746,0.39696699375557537,0.91,0.03577289136855924,1.0,0.001646542261251372,0.2,0.01400329489291598,0.36363636363636365,0.057755775577557754,0.8876033057851239,0.048980933596318214,0.28939034045922407,0.4005352363960749
signed_targeting,acs_income,mlp,1001,contexts,3647,2526,2192,334,1121,66,400,600,585,15,3047,31,46,3,3,0,3644,0,0,5,5,0,3642,0,0,11,11,0,3636,46,46,605,590,15,3042,31,46,2526,2192,334,1121,66,400,0.8677751385589866,0.058876003568242644,0.975,0.01017394158188382,1.0,0.0,1.0,0.0,1.0,0.012651265126512651,0.9752066115702479,0.010190664036817882,0.8677751385589866,0.058876003568242644
signed_targeting,acs_income,mlp,1001,features,3647,2526,2477,49,1121,31,80,600,598,2,3047,6,8,3,3,0,3644,0,0,5,3,2,3642,22,24,11,8,3,3636,29,32,605,597,8,3042,24,32,2526,2460,66,1121,38,104,0.9806017418844022,0.027653880463871544,0.9966666666666667,0.001969149983590417,1.0,0.0,0.6,0.0060406370126304225,0.7272727272727273,0.007975797579757976,0.9867768595041322,0.007889546351084813,0.9738717339667459,0.03389830508474576
signed_targeting,acs_income,mlp,1001,full,3647,2526,2526,0,1121,0,0,600,598,2,3047,11,13,3,3,0,3644,0,0,5,4,1,3642,3,4,11,10,1,3636,16,17,605,601,4,3042,13,17,2526,2523,3,1121,1,4,1.0,0.0,0.9966666666666667,0.0036101083032490976,1.0,0.0,0.8,0.0008237232289950577,0.9090909090909091,0.0044004400440044,0.9933884297520661,0.004273504273504274,0.998812351543943,0.0008920606601248885
signed_targeting,acs_income,mlp,1001,population,3647,2526,1590,936,1121,143,1079,600,548,52,3047,112,164,3,3,0,3644,0,0,5,5,0,3642,0,0,11,10,1,3636,163,164,605,553,52,3042,112,164,2526,1590,936,1121,143,1079,0.6294536817102138,0.12756467439785907,0.9133333333333333,0.03675746636035445,1.0,0.0,1.0,0.0,0.9090909090909091,0.04482948294829483,0.9140495867768595,0.036817882971729124,0.6294536817102138,0.12756467439785907
signed_targeting,acs_income,mlp,1001,task,3647,2526,0,2526,1121,0,2526,600,0,600,3047,0,600,3,0,3,3644,0,3,5,0,5,3642,0,5,11,0,11,3636,594,605,605,0,605,3042,0,605,2526,0,2526,1121,0,2526,0.0,0.0,0.0,0.0,0.0,0.0,0.0,0.0,0.0,0.16336633663366337,0.0,0.0,0.0,0.0
signed_targeting,acs_income,mlp,1002,augmentation,3647,2640,631,2009,1007,471,2480,632,522,110,3015,179,289,0,0,0,3647,5,5,3,3,0,3644,22,22,5,5,0,3642,311,311,635,524,111,3012,200,311,2642,626,2016,1005,469,2485,0.2390151515151515,0.46772591857000995,0.8259493670886076,0.059369817578772806,,0.0013709898546750755,1.0,0.0060373216245883645,1.0,0.08539264140582098,0.8251968503937008,0.06640106241699867,0.23694171082513246,0.4666666666666667
signed_targeting,acs_income,mlp,1002,contexts,3647,2640,2452,188,1007,49,237,632,620,12,3015,22,34,0,0,0,3647,0,0,3,3,0,3644,0,0,5,5,0,3642,34,34,635,623,12,3012,22,34,2642,2454,188,1005,49,237,0.9287878787878788,0.04865938430983118,0.9810126582278481,0.007296849087893864,,0.0,1.0,0.0,1.0,0.009335529928610654,0.9811023622047244,0.0073041168658698535,0.9288417865253595,0.04875621890547264
signed_targeting,acs_income,mlp,1002,features,3647,2640,2607,33,1007,22,55,632,621,11,3015,15,26,0,0,0,3647,0,0,3,3,0,3644,0,0,5,5,0,3642,26,26,635,624,11,3012,15,26,2642,2609,33,1005,22,55,0.9875,0.021847070506454815,0.9825949367088608,0.004975124378109453,,0.0,1.0,0.0,1.0,0.007138934651290499,0.9826771653543307,0.0049800796812749,0.9875094625283876,0.021890547263681594
signed_targeting,acs_income,mlp,1002,full,3647,2640,2638,2,1007,0,2,632,619,13,3015,17,30,0,0,0,3647,0,0,3,3,0,3644,0,0,5,5,0,3642,30,30,635,622,13,3012,17,30,2642,2640,2,1005,0,2,0.9992424242424243,0.0,0.9794303797468354,0.005638474295190713,,0.0,1.0,0.0,1.0,0.008237232289950576,0.9795275590551181,0.005644090305444887,0.9992429977289932,0.0
signed_targeting,acs_income,mlp,1002,population,3647,2640,1843,797,1007,53,850,632,550,82,3015,96,178,0,0,0,3647,0,0,3,3,0,3644,0,0,5,4,1,3642,177,178,635,553,82,3012,96,178,2642,1845,797,1005,53,850,0.6981060606060606,0.05263157894736842,0.870253164556962,0.031840796019900496,,0.0,1.0,0.0,0.8,0.048599670510708404,0.8708661417322835,0.03187250996015936,0.698334595003785,0.0527363184079602
signed_targeting,acs_income,mlp,1002,task,3647,2640,0,2640,1007,0,2640,632,0,632,3015,0,632,0,0,0,3647,0,0,3,0,3,3644,0,3,5,0,5,3642,630,635,635,0,635,3012,0,635,2642,0,2642,1005,0,2642,0.0,0.0,0.0,0.0,,0.0,0.0,0.0,0.0,0.17298187808896212,0.0,0.0,0.0,0.0
signed_targeting,acs_income,mlp,1003,augmentation,3647,2875,898,1977,772,358,2335,618,552,66,3029,122,188,1,1,0,3646,1,1,3,3,0,3644,32,32,12,12,0,3635,219,219,621,548,73,3026,146,219,2875,893,1982,772,359,2341,0.31234782608695655,0.4637305699481865,0.8932038834951457,0.04027731924727633,1.0,0.00027427317608337906,1.0,0.008781558726673985,1.0,0.060247592847317746,0.8824476650563607,0.04824851288830139,0.3106086956521739,0.4650259067357513
signed_targeting,acs_income,mlp,1003,contexts,3647,2875,2357,518,772,53,571,618,576,42,3029,39,81,1,1,0,3646,0,0,3,3,0,3644,0,0,12,12,0,3635,81,81,621,579,42,3026,39,81,2875,2357,518,772,53,571,0.8198260869565217,0.06865284974093264,0.9320388349514563,0.012875536480686695,1.0,0.0,1.0,0.0,1.0,0.022283356258596974,0.9323671497584541,0.012888301387970919,0.8198260869565217,0.06865284974093264
signed_targeting,acs_income,mlp,1003,features,3647,2875,2779,96,772,24,120,618,602,16,3029,17,33,1,1,0,3646,0,0,3,1,2,3644,10,12,12,10,2,3635,43,45,621,601,20,3026,25,45,2875,2770,105,772,25,130,0.9666086956521739,0.031088082901554404,0.9741100323624595,0.005612413337735226,1.0,0.0,0.3333333333333333,0.0027442371020856204,0.8333333333333334,0.011829436038514442,0.9677938808373591,0.008261731658955718,0.9634782608695652,0.03238341968911917
signed_targeting,acs_income,mlp,1003,full,3647,2875,2868,7,772,1,8,618,610,8,3029,6,14,1,1,0,3646,0,0,3,2,1,3644,5,6,12,11,1,3635,19,20,621,610,11,3026,9,20,2875,2863,12,772,2,14,0.9975652173913043,0.0012953367875647669,0.9870550161812298,0.0019808517662594917,1.0,0.0,0.6666666666666666,0.0013721185510428102,0.9166666666666666,0.005226960110041265,0.9822866344605475,0.002974223397224058,0.9958260869565217,0.0025906735751295338
signed_targeting,acs_income,mlp,1003,population,3647,2875,1894,981,772,192,1173,618,537,81,3029,70,151,1,1,0,3646,0,0,3,3,0,3644,0,0,12,12,0,3635,151,151,621,540,81,3026,70,151,2875,1894,981,772,192,1173,0.6587826086956522,0.24870466321243523,0.8689320388349514,0.023109937273027403,1.0,0.0,1.0,0.0,1.0,0.04154057771664374,0.8695652173913043,0.023132848645076007,0.6587826086956522,0.24870466321243523
signed_targeting,acs_income,mlp,1003,task,3647,2875,0,2875,772,0,2875,618,0,618,3029,0,618,1,0,1,3646,0,1,3,0,3,3644,0,3,12,0,12,3635,609,621,621,0,621,3026,0,621,2875,0,2875,772,0,2875,0.0,0.0,0.0,0.0,0.0,0.0,0.0,0.0,0.0,0.16753782668500689,0.0,0.0,0.0,0.0
signed_targeting,acs_income,mlp,1004,augmentation,3647,2475,611,1864,1172,644,2508,567,476,91,3080,167,258,1,1,0,3646,5,5,3,0,3,3644,74,77,7,4,3,3640,326,329,570,464,106,3077,223,329,2475,588,1887,1172,647,2534,0.24686868686868688,0.5494880546075085,0.8395061728395061,0.05422077922077922,1.0,0.0013713658804168952,0.0,0.02030735455543359,0.5714285714285714,0.08956043956043956,0.8140350877192982,0.07247318817029574,0.23757575757575758,0.5520477815699659
signed_targeting,acs_income,mlp,1004,contexts,3647,2475,2345,130,1172,66,196,567,538,29,3080,42,71,1,1,0,3646,0,0,3,3,0,3644,0,0,7,7,0,3640,71,71,570,541,29,3077,42,71,2475,2345,130,1172,66,196,0.9474747474747475,0.05631399317406143,0.9488536155202821,0.013636363636363636,1.0,0.0,1.0,0.0,1.0,0.019505494505494506,0.9491228070175438,0.013649658758531037,0.9474747474747475,0.05631399317406143
signed_targeting,acs_income,mlp,1004,features,3647,2475,2462,13,1172,9,22,567,560,7,3080,21,28,1,1,0,3646,0,0,3,3,0,3644,0,0,7,7,0,3640,28,28,570,563,7,3077,21,28,2475,2462,13,1172,9,22,0.9947474747474747,0.007679180887372013,0.9876543209876543,0.006818181818181818,1.0,0.0,1.0,0.0,1.0,0.007692307692307693,0.987719298245614,0.0068248293792655184,0.9947474747474747,0.007679180887372013
signed_targeting,acs_income,mlp,1004,full,3647,2475,2462,13,1172,9,22,567,560,7,3080,21,28,1,1,0,3646,0,0,3,3,0,3644,0,0,7,7,0,3640,28,28,570,563,7,3077,21,28,2475,2462,13,1172,9,22,0.9947474747474747,0.007679180887372013,0.9876543209876543,0.006818181818181818,1.0,0.0,1.0,0.0,1.0,0.007692307692307693,0.987719298245614,0.0068248293792655184,0.9947474747474747,0.007679180887372013
signed_targeting,acs_income,mlp,1004,population,3647,2475,1917,558,1172,149,707,567,545,22,3080,35,57,1,1,0,3646,0,0,3,3,0,3644,0,0,7,7,0,3640,57,57,570,548,22,3077,35,57,2475,1917,558,1172,149,707,0.7745454545454545,0.12713310580204779,0.9611992945326279,0.011363636363636364,1.0,0.0,1.0,0.0,1.0,0.01565934065934066,0.9614035087719298,0.011374715632109197,0.7745454545454545,0.12713310580204779
signed_targeting,acs_income,mlp,1004,task,3647,2475,0,2475,1172,0,2475,567,0,567,3080,0,567,1,0,1,3646,0,1,3,0,3,3644,0,3,7,0,7,3640,563,570,570,0,570,3077,0,570,2475,0,2475,1172,0,2475,0.0,0.0,0.0,0.0,0.0,0.0,0.0,0.0,0.0,0.15467032967032968,0.0,0.0,0.0,0.0
signed_targeting,acs_income,mlp,1005,augmentation,3647,2887,540,2347,760,573,2920,603,536,67,3044,207,274,6,6,0,3641,18,18,8,6,2,3639,133,135,19,13,6,3628,396,402,611,514,97,3036,305,402,2887,522,2365,760,574,2939,0.18704537582265326,0.7539473684210526,0.8888888888888888,0.06800262812089355,1.0,0.004943696786597089,0.75,0.03654850233580654,0.6842105263157895,0.10915104740904079,0.8412438625204582,0.10046113306982872,0.18081052996189817,0.7552631578947369
signed_targeting,acs_income,mlp,1005,contexts,3647,2887,2740,147,760,19,166,603,594,9,3044,11,20,6,6,0,3641,0,0,8,8,0,3639,0,0,19,19,0,3628,20,20,611,602,9,3036,11,20,2887,2740,147,760,19,166,0.9490820921371667,0.025,0.9850746268656716,0.0036136662286465177,1.0,0.0,1.0,0.0,1.0,0.005512679162072767,0.9852700490998363,0.0036231884057971015,0.9490820921371667,0.025
signed_targeting,acs_income,mlp,1005,features,3647,2887,2844,43,760,5,48,603,591,12,3044,15,27,6,6,0,3641,0,0,8,7,1,3639,0,1,19,18,1,3628,27,28,611,598,13,3036,15,28,2887,2843,44,760,5,49,0.9851056459993073,0.006578947368421052,0.9800995024875622,0.00492772667542707,1.0,0.0,0.875,0.0,0.9473684210526315,0.007442116868798236,0.9787234042553191,0.004940711462450593,0.9847592656737097,0.006578947368421052
signed_targeting,acs_income,mlp,1005,full,3647,2887,2879,8,760,1,9,603,598,5,3044,11,16,6,6,0,3641,0,0,8,7,1,3639,0,1,19,18,1,3628,16,17,611,605,6,3036,11,17,2887,2878,9,760,1,10,0.99722895739522,0.0013157894736842105,0.9917081260364843,0.0036136662286465177,1.0,0.0,0.875,0.0,0.9473684210526315,0.004410143329658214,0.9901800327332242,0.0036231884057971015,0.9968825770696225,0.0013157894736842105
signed_targeting,acs_income,mlp,1005,population,3647,2887,2177,710,760,105,815,603,573,30,3044,18,48,6,6,0,3641,0,0,8,8,0,3639,0,0,19,19,0,3628,48,48,611,581,30,3036,18,48,2887,2177,710,760,105,815,0.7540699688257707,0.13815789473684212,0.9502487562189055,0.005913272010512484,1.0,0.0,1.0,0.0,1.0,0.013230429988974642,0.9509001636661211,0.005928853754940711,0.7540699688257707,0.13815789473684212
signed_targeting,acs_income,mlp,1005,task,3647,2887,0,2887,760,0,2887,603,0,603,3044,0,603,6,0,6,3641,0,6,8,0,8,3639,0,8,19,0,19,3628,592,611,611,0,611,3036,0,611,2887,0,2887,760,0,2887,0.0,0.0,0.0,0.0,0.0,0.0,0.0,0.0,0.0,0.1631753031973539,0.0,0.0,0.0,0.0
signed_targeting,acs_income,mlp,1006,augmentation,3647,2101,383,1718,1546,1012,2730,682,535,147,2965,193,340,3,3,0,3644,22,22,11,7,4,3636,129,133,12,8,4,3635,459,463,693,517,176,2954,287,463,2102,363,1739,1545,1014,2753,0.182294145644931,0.6545924967658473,0.7844574780058651,0.06509274873524452,1.0,0.0060373216245883645,0.6363636363636364,0.03547854785478548,0.6666666666666666,0.12627235213204951,0.746031746031746,0.0971563981042654,0.17269267364414842,0.6563106796116505
signed_targeting,acs_income,mlp,1006,contexts,3647,2101,2039,62,1546,25,87,682,667,15,2965,17,32,3,3,0,3644,0,0,11,11,0,3636,0,0,12,12,0,3635,32,32,693,678,15,2954,17,32,2102,2040,62,1545,25,87,0.9704902427415516,0.016170763260025874,0.9780058651026393,0.005733558178752108,1.0,0.0,1.0,0.0,1.0,0.008803301237964236,0.9783549783549783,0.005754908598510494,0.9705042816365367,0.016181229773462782
signed_targeting,acs_income,mlp,1006,features,3647,2101,2091,10,1546,1,11,682,675,7,2965,16,23,3,3,0,3644,0,0,11,11,0,3636,0,0,12,12,0,3635,23,23,693,686,7,2954,16,23,2102,2092,10,1545,1,11,0.9952403617325083,0.000646830530401035,0.9897360703812317,0.005396290050590219,1.0,0.0,1.0,0.0,1.0,0.006327372764786795,0.98989898989899,0.005416384563303994,0.9952426260704091,0.0006472491909385113
signed_targeting,acs_income,mlp,1006,full,3647,2101,2100,1,1546,2,3,682,676,6,2965,13,19,3,3,0,3644,0,0,11,10,1,3636,5,6,12,11,1,3635,24,25,693,685,8,2954,17,25,2102,2095,7,1545,2,9,0.9995240361732508,0.00129366106080207,0.9912023460410557,0.004384485666104553,1.0,0.0,0.9090909090909091,0.0013751375137513752,0.9166666666666666,0.006602475928473178,0.9884559884559885,0.005754908598510494,0.9966698382492863,0.0012944983818770227
signed_targeting,acs_income,mlp,1006,population,3647,2101,1719,382,1546,28,410,682,652,30,2965,38,68,3,3,0,3644,0,0,11,11,0,3636,0,0,12,12,0,3635,68,68,693,663,30,2954,38,68,2102,1720,382,1545,28,410,0.8181818181818182,0.018111254851228976,0.9560117302052786,0.012816188870151771,1.0,0.0,1.0,0.0,1.0,0.018707015130674003,0.9567099567099567,0.012863913337846988,0.8182683158896289,0.018122977346278317
signed_targeting,acs_income,mlp,1006,task,3647,2101,0,2101,1546,0,2101,682,0,682,2965,0,682,3,0,3,3644,0,3,11,0,11,3636,0,11,12,0,12,3635,681,693,693,0,693,2954,0,693,2102,0,2102,1545,0,2102,0.0,0.0,0.0,0.0,0.0,0.0,0.0,0.0,0.0,0.1873452544704264,0.0,0.0,0.0,0.0
signed_targeting,acs_income,mlp,1007,augmentation,3647,2806,583,2223,841,543,2766,584,472,112,3063,167,279,1,1,0,3646,3,3,2,2,0,3645,28,28,19,17,2,3628,303,305,586,470,116,3061,189,305,2806,573,2233,841,543,2776,0.20776906628652886,0.6456599286563615,0.8082191780821918,0.05452171074110349,1.0,0.0008228195282501371,1.0,0.007681755829903978,0.8947368421052632,0.08351708930540243,0.8020477815699659,0.06174452793204835,0.20420527441197434,0.6456599286563615
signed_targeting,acs_income,mlp,1007,contexts,3647,2806,2638,168,841,32,200,584,576,8,3063,22,30,1,1,0,3646,0,0,2,2,0,3645,10,10,19,19,0,3628,40,40,586,575,11,3061,29,40,2806,2629,177,841,33,210,0.940128296507484,0.03804994054696789,0.9863013698630136,0.007182500816193275,1.0,0.0,1.0,0.0027434842249657062,1.0,0.011025358324145534,0.9812286689419796,0.009474028095393662,0.9369208838203849,0.039239001189060645
signed_targeting,acs_income,mlp,1007,features,3647,2806,2766,40,841,11,51,584,573,11,3063,3,14,1,1,0,3646,0,0,2,2,0,3645,0,0,19,19,0,3628,14,14,586,575,11,3061,3,14,2806,2766,40,841,11,51,0.9857448325017819,0.013079667063020214,0.9811643835616438,0.0009794319294809011,1.0,0.0,1.0,0.0,1.0,0.003858875413450937,0.9812286689419796,0.0009800718719372753,0.9857448325017819,0.013079667063020214
signed_targeting,acs_income,mlp,1007,full,3647,2806,2789,17,841,2,19,584,578,6,3063,11,17,1,1,0,3646,0,0,2,2,0,3645,1,1,19,19,0,3628,18,18,586,580,6,3061,12,18,2806,2788,18,841,2,20,0.9939415538132573,0.0023781212841854932,0.9897260273972602,0.0035912504080966375,1.0,0.0,1.0,0.00027434842249657066,1.0,0.004961411245865491,0.9897610921501706,0.003920287487749101,0.9935851746258019,0.0023781212841854932
signed_targeting,acs_income,mlp,1007,population,3647,2806,1730,1076,841,252,1328,584,540,44,3063,40,84,1,1,0,3646,0,0,2,2,0,3645,0,0,19,18,1,3628,83,84,586,542,44,3061,40,84,2806,1730,1076,841,252,1328,0.616535994297933,0.29964328180737215,0.9246575342465754,0.01305909239307868,1.0,0.0,1.0,0.0,0.9473684210526315,0.022877618522601985,0.9249146757679181,0.013067624959163672,0.616535994297933,0.29964328180737215
signed_targeting,acs_income,mlp,1007,task,3647,2806,0,2806,841,0,2806,584,0,584,3063,0,584,1,0,1,3646,0,1,2,0,2,3645,0,2,19,0,19,3628,567,586,586,0,586,3061,0,586,2806,0,2806,841,0,2806,0.0,0.0,0.0,0.0,0.0,0.0,0.0,0.0,0.0,0.15628445424476295,0.0,0.0,0.0,0.0
signed_targeting,acs_income,mlp,1008,augmentation,3647,2569,739,1830,1078,503,2333,617,546,71,3030,83,154,0,0,0,3647,2,2,4,3,1,3643,31,32,8,6,2,3639,183,185,621,548,73,3026,112,185,2569,724,1845,1078,503,2348,0.28766056831451925,0.46660482374768086,0.8849270664505673,0.027392739273927394,,0.0005483959418700301,0.75,0.008509470216854241,0.75,0.05028854080791426,0.8824476650563607,0.037012557832121616,0.2818217205138186,0.46660482374768086
signed_targeting,acs_income,mlp,1008,contexts,3647,2569,2391,178,1078,81,259,617,602,15,3030,13,28,0,0,0,3647,0,0,4,4,0,3643,0,0,8,8,0,3639,28,28,621,606,15,3026,13,28,2569,2391,178,1078,81,259,0.9307123394316855,0.075139146567718,0.9756888168557536,0.0042904290429042905,,0.0,1.0,0.0,1.0,0.007694421544380325,0.9758454106280193,0.004296100462656973,0.9307123394316855,0.075139146567718
signed_targeting,acs_income,mlp,1008,features,3647,2569,2453,116,1078,43,159,617,603,14,3030,10,24,0,0,0,3647,0,0,4,4,0,3643,0,0,8,8,0,3639,24,24,621,607,14,3026,10,24,2569,2453,116,1078,43,159,0.9548462436745816,0.039888682745825604,0.9773095623987034,0.0033003300330033004,,0.0,1.0,0.0,1.0,0.006595218466611707,0.9774557165861514,0.003304692663582287,0.9548462436745816,0.039888682745825604
signed_targeting,acs_income,mlp,1008,full,3647,2569,2554,15,1078,2,17,617,608,9,3030,11,20,0,0,0,3647,0,0,4,4,0,3643,0,0,8,8,0,3639,20,20,621,612,9,3026,11,20,2569,2554,15,1078,2,17,0.9941611521992993,0.0018552875695732839,0.9854132901134521,0.0036303630363036304,,0.0,1.0,0.0,1.0,0.005496015388843089,0.9855072463768116,0.0036351619299405157,0.9941611521992993,0.0018552875695732839
signed_targeting,acs_income,mlp,1008,population,3647,2569,2228,341,1078,115,456,617,594,23,3030,21,44,0,0,0,3647,0,0,4,4,0,3643,0,0,8,8,0,3639,44,44,621,598,23,3026,21,44,2569,2228,341,1078,115,456,0.8672635266640716,0.10667903525046382,0.9627228525121556,0.006930693069306931,,0.0,1.0,0.0,1.0,0.012091233855454795,0.9629629629629629,0.006939854593522803,0.8672635266640716,0.10667903525046382
signed_targeting,acs_income,mlp,1008,task,3647,2569,0,2569,1078,0,2569,617,0,617,3030,0,617,0,0,0,3647,0,0,4,0,4,3643,0,4,8,0,8,3639,613,621,621,0,621,3026,0,621,2569,0,2569,1078,0,2569,0.0,0.0,0.0,0.0,,0.0,0.0,0.0,0.0,0.16845287166804068,0.0,0.0,0.0,0.0
signed_targeting,acs_income,mlp,1009,augmentation,3647,2395,374,2021,1252,634,2655,630,479,151,3017,235,386,0,0,0,3647,8,8,3,2,1,3644,47,48,12,9,3,3635,424,427,633,476,157,3014,270,427,2396,369,2027,1251,643,2670,0.15615866388308977,0.5063897763578274,0.7603174603174603,0.07789194564136559,,0.0021935837674801205,0.6666666666666666,0.012897914379802415,0.75,0.11664374140302614,0.7519747235387045,0.08958195089581951,0.1540066777963272,0.5139888089528377
signed_targeting,acs_income,mlp,1009,contexts,3647,2395,2138,257,1252,55,312,630,621,9,3017,20,29,0,0,0,3647,0,0,3,3,0,3644,0,0,12,12,0,3635,29,29,633,624,9,3014,20,29,2396,2139,257,1251,55,312,0.8926931106471816,0.0439297124600639,0.9857142857142858,0.006629101756711966,,0.0,1.0,0.0,1.0,0.00797799174690509,0.985781990521327,0.006635700066357001,0.8927378964941569,0.04396482813749001
signed_targeting,acs_income,mlp,1009,features,3647,2395,2389,6,1252,1,7,630,616,14,3017,17,31,0,0,0,3647,0,0,3,3,0,3644,1,1,12,12,0,3635,32,32,633,619,14,3014,18,32,2396,2389,7,1251,1,8,0.9974947807933194,0.0007987220447284345,0.9777777777777777,0.005634736493205171,,0.0,1.0,0.00027442371020856203,1.0,0.008803301237964236,0.9778830963665087,0.005972130059721301,0.9970784641068448,0.0007993605115907274
signed_targeting,acs_income,mlp,1009,full,3647,2395,2389,6,1252,1,7,630,616,14,3017,15,29,0,0,0,3647,0,0,3,3,0,3644,0,0,12,12,0,3635,29,29,633,619,14,3014,15,29,2396,2390,6,1251,1,7,0.9974947807933194,0.0007987220447284345,0.9777777777777777,0.004971826317533974,,0.0,1.0,0.0,1.0,0.00797799174690509,0.9778830963665087,0.004976775049767751,0.9974958263772955,0.0007993605115907274
signed_targeting,acs_income,mlp,1009,population,3647,2395,1560,835,1252,96,931,630,555,75,3017,69,144,0,0,0,3647,0,0,3,3,0,3644,0,0,12,11,1,3635,143,144,633,558,75,3014,69,144,2396,1561,835,1251,96,931,0.651356993736952,0.07667731629392971,0.8809523809523809,0.02287040106065628,,0.0,1.0,0.0,0.9166666666666666,0.039339752407152685,0.8815165876777251,0.02289316522893165,0.6515025041736227,0.07673860911270983
signed_targeting,acs_income,mlp,1009,task,3647,2395,0,2395,1252,0,2395,630,0,630,3017,0,630,0,0,0,3647,0,0,3,0,3,3644,0,3,12,0,12,3635,621,633,633,0,633,3014,0,633,2396,0,2396,1251,0,2396,0.0,0.0,0.0,0.0,,0.0,0.0,0.0,0.0,0.17083906464924348,0.0,0.0,0.0,0.0
signed_targeting,credit_broad,mlp,1000,augmentation,11652,360,182,178,11292,3657,3835,91,77,14,11561,150,164,2,2,0,11650,22,22,50,38,12,11602,2375,2387,50,35,15,11602,2524,2539,140,105,35,11512,2504,2539,404,192,212,11248,5003,5215,0.5055555555555555,0.3238575982996812,0.8461538461538461,0.012974656171611452,1.0,0.001888412017167382,0.76,0.20470608515773142,0.7,0.21754869850025857,0.75,0.21751216122307157,0.4752475247524752,0.44479018492176386
signed_targeting,credit_broad,mlp,1000,contexts,11652,360,315,45,11292,192,237,91,85,6,11561,79,85,2,2,0,11650,0,0,50,44,6,11602,9,15,50,44,6,11602,93,99,140,128,12,11512,87,99,404,351,53,11248,199,252,0.875,0.01700318809776833,0.9340659340659341,0.006833318917048698,1.0,0.0,0.88,0.0007757283227029822,0.88,0.008015859334597484,0.9142857142857143,0.00755733148019458,0.8688118811881188,0.01769203413940256
signed_targeting,credit_broad,mlp,1000,features,11652,360,357,3,11292,72,75,91,88,3,11561,83,86,2,2,0,11650,0,0,50,40,10,11602,20,30,50,40,10,11602,106,116,140,127,13,11512,103,116,404,391,13,11248,92,105,0.9916666666666667,0.006376195536663124,0.967032967032967,0.00717930974829167,1.0,0.0,0.8,0.0017238407171177384,0.8,0.009136355800724014,0.9071428571428571,0.008947185545517721,0.9678217821782178,0.008179231863442389
signed_targeting,credit_broad,mlp,1000,full,11652,360,356,4,11292,13,17,91,90,1,11561,62,63,2,2,0,11650,0,0,50,43,7,11602,21,28,50,43,7,11602,83,90,140,132,8,11512,82,90,404,393,11,11248,34,45,0.9888888888888889,0.001151257527453064,0.989010989010989,0.005362857884266067,1.0,0.0,0.86,0.0018100327529736253,0.86,0.007153938976038614,0.9428571428571428,0.007123002084781098,0.9727722772277227,0.00302275960170697
signed_targeting,credit_broad,mlp,1000,population,11652,360,242,118,11292,314,432,91,88,3,11561,103,106,2,2,0,11650,4,4,50,24,26,11602,88,114,50,24,26,11602,193,219,140,111,29,11512,190,219,404,256,148,11248,366,514,0.6722222222222223,0.027807297201558626,0.967032967032967,0.008909263904506531,1.0,0.00034334763948497857,0.48,0.007584899155318048,0.48,0.016635062920186176,0.7928571428571428,0.0165045170257123,0.6336633663366337,0.03253911806543385
signed_targeting,credit_broad,mlp,1000,task,11652,360,0,360,11292,0,360,91,0,91,11561,0,91,2,0,2,11650,0,2,50,0,50,11602,0,50,50,0,50,11602,90,140,140,0,140,11512,0,140,404,0,404,11248,0,404,0.0,0.0,0.0,0.0,0.0,0.0,0.0,0.0,0.0,0.007757283227029822,0.0,0.0,0.0,0.0
signed_targeting,credit_broad,mlp,1001,augmentation,11652,3997,2872,1125,7655,1728,2853,263,245,18,11389,68,86,145,145,0,11507,24,24,1049,845,204,10603,1133,1337,1049,837,212,10603,1200,1412,1275,1034,241,10377,1171,1412,4544,2952,1592,7108,2263,3855,0.7185389041781336,0.2257348138471587,0.9315589353612167,0.005970673456844324,1.0,0.0020856869731467804,0.8055290753098189,0.10685655003300952,0.797902764537655,0.11317551636329341,0.8109803921568628,0.11284571648838779,0.6496478873239436,0.3183736634777715
signed_targeting,credit_broad,mlp,1001,contexts,11652,3997,3962,35,7655,20,55,263,259,4,11389,81,85,145,145,0,11507,0,0,1049,1036,13,10603,4,17,1049,1015,34,10603,68,102,1275,1237,38,10377,64,102,4544,4495,49,7108,23,72,0.9912434325744308,0.002612671456564337,0.9847908745247148,0.00711212573535868,1.0,0.0,0.9876072449952336,0.00037725172121097803,0.9675881792183031,0.006413279260586626,0.9701960784313726,0.0061674857858726026,0.9892165492957746,0.0032357906584130555
signed_targeting,credit_broad,mlp,1001,features,11652,3997,3993,4,7655,1,5,263,258,5,11389,69,74,145,145,0,11507,0,0,1049,1006,43,10603,3,46,1049,996,53,10603,66,119,1275,1218,57,10377,62,119,4544,4495,49,7108,2,51,0.9989992494370779,0.00013063357282821686,0.9809885931558935,0.006058477478268504,1.0,0.0,0.9590085795996187,0.00028293879090823354,0.9494756911344138,0.006224653399981138,0.9552941176470588,0.005974751855064084,0.9892165492957746,0.0002813731007315701
signed_targeting,credit_broad,mlp,1001,full,11652,3997,3996,1,7655,1,2,263,260,3,11389,82,85,145,145,0,11507,0,0,1049,1013,36,10603,4,40,1049,1004,45,10603,80,125,1275,1227,48,10377,77,125,4544,4506,38,7108,4,42,0.9997498123592694,0.00013063357282821686,0.9885931558935361,0.007199929756782861,1.0,0.0,0.9656816015252622,0.00037725172121097803,0.9571020019065777,0.0075450344242195605,0.9623529411764706,0.007420256336127975,0.991637323943662,0.0005627462014631402
signed_targeting,credit_broad,mlp,1001,population,11652,3997,3892,105,7655,124,229,263,240,23,11389,89,112,145,145,0,11507,0,0,1049,946,103,10603,64,167,1049,920,129,10603,145,274,1275,1129,146,10377,128,274,4544,4320,224,7108,172,396,0.9737302977232924,0.01619856303069889,0.9125475285171103,0.00781455790675213,1.0,0.0,0.9018112488083889,0.0060360275393756485,0.877025738798856,0.013675374893897953,0.8854901960784314,0.012334971571745205,0.9507042253521126,0.024198086662915026
signed_targeting,credit_broad,mlp,1001,task,11652,3997,0,3997,7655,0,3997,263,0,263,11389,0,263,145,0,145,11507,0,145,1049,0,1049,10603,0,1049,1049,0,1049,10603,226,1275,1275,0,1275,10377,0,1275,4544,0,4544,7108,0,4544,0.0,0.0,0.0,0.0,0.0,0.0,0.0,0.0,0.0,0.021314722248420258,0.0,0.0,0.0,0.0
signed_targeting,credit_broad,mlp,1002,augmentation,11652,1209,711,498,10443,3280,3778,193,179,14,11459,148,162,4,4,0,11648,48,48,134,71,63,11518,3551,3614,134,70,64,11518,3667,3731,326,200,126,11326,3605,3731,1326,533,793,10326,5426,6219,0.5880893300248139,0.31408599061572345,0.927461139896373,0.012915612182563924,1.0,0.004120879120879121,0.5298507462686567,0.30830005209237715,0.5223880597014925,0.31837124500781383,0.6134969325153374,0.31829419035846723,0.4019607843137255,0.5254696881657951
signed_targeting,credit_broad,mlp,1002,contexts,11652,1209,1137,72,10443,71,143,193,158,35,11459,100,135,4,4,0,11648,0,0,134,119,15,11518,47,62,134,118,16,11518,180,196,326,273,53,11326,143,196,1326,1238,88,10326,115,203,0.9404466501240695,0.006798812601742794,0.8186528497409327,0.008726764988218868,1.0,0.0,0.8880597014925373,0.004080569543323494,0.8805970149253731,0.015627713144643167,0.8374233128834356,0.012625816704926717,0.9336349924585219,0.011136935889986443
signed_targeting,credit_broad,mlp,1002,features,11652,1209,1180,29,10443,34,63,193,184,9,11459,47,56,4,4,0,11648,0,0,134,111,23,11518,71,94,134,110,24,11518,126,150,326,293,33,11326,117,150,1326,1268,58,10326,99,157,0.9760132340777502,0.0032557694149190847,0.9533678756476683,0.004101579544462867,1.0,0.0,0.8283582089552238,0.006164264629275916,0.8208955223880597,0.010939399201250217,0.8987730061349694,0.010330213667667313,0.9562594268476622,0.00958744915746659
signed_targeting,credit_broad,mlp,1002,full,11652,1209,1209,0,10443,5,5,193,185,8,11459,55,63,4,4,0,11648,0,0,134,105,29,11518,26,55,134,105,29,11518,89,118,326,289,37,11326,81,118,1326,1296,30,10326,30,60,1.0,0.00047878961984104186,0.9585492227979274,0.004799720743520377,1.0,0.0,0.7835820895522388,0.002257336343115124,0.7835820895522388,0.007727035943740233,0.8865030674846626,0.00715168638530814,0.9773755656108597,0.002905287623474724
signed_targeting,credit_broad,mlp,1002,population,11652,1209,1093,116,10443,118,234,193,162,31,11459,95,126,4,4,0,11648,2,2,134,95,39,11518,38,77,134,95,39,11518,164,203,326,254,72,11326,131,203,1326,1167,159,10326,150,309,0.9040529363110008,0.011299435028248588,0.8393782383419689,0.008290426738807925,1.0,0.00017170329670329672,0.7089552238805971,0.003299183886091335,0.7089552238805971,0.014238583087341551,0.7791411042944786,0.011566307610806993,0.8800904977375565,0.01452643811737362
signed_targeting,credit_broad,mlp,1002,task,11652,1209,932,277,10443,192,469,193,156,37,11459,100,137,4,4,0,11648,0,0,134,122,12,11518,9,21,134,122,12,11518,146,158,326,277,49,11326,109,158,1326,1035,291,10326,196,487,0.770885028949545,0.018385521401896008,0.8082901554404145,0.008726764988218868,1.0,0.0,0.9104477611940298,0.0007813856572321583,0.9104477611940298,0.012675811772877235,0.8496932515337423,0.009623874271587498,0.7805429864253394,0.018981212473368196
signed_targeting,credit_broad,mlp,1003,augmentation,11652,3612,1995,1617,8040,3110,4727,174,166,8,11478,210,218,82,79,3,11570,111,114,948,576,372,10704,2372,2744,948,570,378,10704,2535,2913,1108,688,420,10544,2493,2913,4228,1784,2444,7424,3841,6285,0.5523255813953488,0.38681592039800994,0.9540229885057471,0.018295870360690015,0.9634146341463414,0.009593777009507346,0.6075949367088608,0.22159940209267565,0.6012658227848101,0.2368273542600897,0.6209386281588448,0.23643778452200304,0.4219489120151372,0.5173760775862069
signed_targeting,credit_broad,mlp,1003,contexts,11652,3612,3425,187,8040,152,339,174,159,15,11478,81,96,82,82,0,11570,0,0,948,946,2,10704,21,23,948,923,25,10704,93,118,1108,1069,39,10544,79,118,4228,4034,194,7424,166,360,0.9482281284606866,0.01890547263681592,0.9137931034482759,0.0070569785676947204,1.0,0.0,0.9978902953586498,0.001961883408071749,0.9736286919831224,0.008688340807174889,0.9648014440433214,0.007492412746585736,0.9541154210028382,0.02235991379310345
signed_targeting,credit_broad,mlp,1003,features,11652,3612,3563,49,8040,40,89,174,162,12,11478,61,73,82,82,0,11570,0,0,948,948,0,10704,15,15,948,937,11,10704,77,88,1108,1085,23,10544,65,88,4228,4176,52,7424,52,104,0.9864341085271318,0.004975124378109453,0.9310344827586207,0.005314514723819481,1.0,0.0,1.0,0.0014013452914798206,0.9883966244725738,0.007193572496263079,0.9792418772563177,0.00616464339908953,0.9877010406811731,0.007004310344827586
signed_targeting,credit_broad,mlp,1003,full,11652,3612,3541,71,8040,33,104,174,162,12,11478,76,88,82,82,0,11570,0,0,948,947,1,10704,14,15,948,933,15,10704,88,103,1108,1081,27,10544,76,103,4228,4154,74,7424,45,119,0.980343300110742,0.004104477611940298,0.9310344827586207,0.00662136260672591,1.0,0.0,0.9989451476793249,0.0013079222720478326,0.9841772151898734,0.008221225710014948,0.9756317689530686,0.007207890743550834,0.9824976348155157,0.006061422413793103
signed_targeting,credit_broad,mlp,1003,population,11652,3612,3186,426,8040,354,780,174,156,18,11478,95,113,82,82,0,11570,1,1,948,934,14,10704,130,144,948,917,31,10704,222,253,1108,1058,50,10544,203,253,4228,3775,453,7424,466,919,0.8820598006644518,0.04402985074626865,0.896551724137931,0.008276703258407387,1.0,8.643042350907519e-05,0.9852320675105485,0.012144992526158445,0.9672995780590717,0.020739910313901346,0.9548736462093863,0.019252655538694992,0.8928571428571429,0.06276939655172414
signed_targeting,credit_broad,mlp,1003,task,11652,3612,0,3612,8040,0,3612,174,0,174,11478,0,174,82,0,82,11570,0,82,948,0,948,10704,0,948,948,0,948,10704,160,1108,1108,0,1108,10544,0,1108,4228,0,4228,7424,0,4228,0.0,0.0,0.0,0.0,0.0,0.0,0.0,0.0,0.0,0.014947683109118086,0.0,0.0,0.0,0.0
signed_targeting,credit_broad,mlp,1004,augmentation,11652,890,553,337,10762,3185,3522,144,123,21,11508,161,182,5,5,0,11647,37,37,520,156,364,11132,3459,3823,520,153,367,11132,3585,3952,657,257,400,10995,3552,3952,1386,514,872,10266,5375,6247,0.6213483146067416,0.29594870841850957,0.8541666666666666,0.013990267639902677,1.0,0.003176783721129905,0.3,0.31072583542939275,0.29423076923076924,0.3220445562342796,0.3911719939117199,0.3230559345156889,0.3708513708513709,0.5235729592830703
signed_targeting,credit_broad,mlp,1004,contexts,11652,890,849,41,10762,68,109,144,142,2,11508,18,20,5,5,0,11647,0,0,520,502,18,11132,12,30,520,498,22,11132,28,50,657,633,24,10995,26,50,1386,1327,59,10266,80,139,0.9539325842696629,0.006318528154618101,0.9861111111111112,0.0015641293013555788,1.0,0.0,0.9653846153846154,0.0010779734099892202,0.9576923076923077,0.0025152712899748474,0.9634703196347032,0.0023647112323783538,0.9574314574314574,0.007792713812585233
signed_targeting,credit_broad,mlp,1004,features,11652,890,886,4,10762,11,15,144,142,2,11508,21,23,5,5,0,11647,0,0,520,489,31,11132,20,51,520,482,38,11132,35,73,657,616,41,10995,32,73,1386,1351,35,10266,31,66,0.9955056179775281,0.0010221148485411633,0.9861111111111112,0.0018248175182481751,1.0,0.0,0.9403846153846154,0.0017966223499820337,0.926923076923077,0.0031440891124685593,0.9375951293759512,0.002910413824465666,0.9747474747474747,0.0030196766023767776
signed_targeting,credit_broad,mlp,1004,full,11652,890,890,0,10762,4,4,144,144,0,11508,20,20,5,5,0,11647,0,0,520,482,38,11132,18,56,520,477,43,11132,33,76,657,614,43,10995,33,76,1386,1348,38,10266,22,60,1.0,0.00037167812674224123,1.0,0.001737921445950643,1.0,0.0,0.926923076923077,0.0016169601149838304,0.9173076923076923,0.0029644268774703555,0.9345509893455098,0.0030013642564802184,0.9725829725829725,0.002142996298460939
signed_targeting,credit_broad,mlp,1004,population,11652,890,750,140,10762,147,287,144,144,0,11508,57,57,5,5,0,11647,0,0,520,424,96,11132,77,173,520,416,104,11132,124,228,657,551,106,10995,122,228,1386,1147,239,10266,221,460,0.8426966292134831,0.013659171157777365,1.0,0.004953076120959333,1.0,0.0,0.8153846153846154,0.00691699604743083,0.8,0.011139058569888609,0.8386605783866058,0.011095952705775352,0.8275613275613276,0.021527371907266706
signed_targeting,credit_broad,mlp,1004,task,11652,890,752,138,10762,141,279,144,127,17,11508,68,85,5,5,0,11647,1,1,520,345,175,11132,183,358,520,341,179,11132,263,442,657,458,199,10995,243,442,1386,1058,328,10266,303,631,0.8449438202247191,0.013101653967664002,0.8819444444444444,0.005908932916232186,1.0,8.585901948999742e-05,0.6634615384615384,0.01643909450233561,0.6557692307692308,0.023625583902263745,0.6971080669710806,0.022100954979536153,0.7633477633477633,0.02951490356516657
signed_targeting,credit_broad,mlp,1005,augmentation,11652,3229,1868,1361,8423,2845,4206,227,210,17,11425,202,219,57,56,1,11595,95,96,914,482,432,10738,2427,2859,914,471,443,10738,2560,3003,1088,609,479,10564,2524,3003,3782,1536,2246,7870,3617,5863,0.578507277794983,0.33776564169535794,0.9251101321585903,0.017680525164113784,0.9824561403508771,0.008193186718413108,0.5273522975929978,0.22601974296889552,0.5153172866520788,0.2384056621344757,0.5597426470588235,0.2389246497538811,0.40613432046536224,0.4595933926302414
signed_targeting,credit_broad,mlp,1005,contexts,11652,3229,3213,16,8423,11,27,227,221,6,11425,46,52,57,57,0,11595,0,0,914,903,11,10738,18,29,914,886,28,10738,53,81,1088,1056,32,10564,49,81,3782,3752,30,7870,26,56,0.9950449055435119,0.0013059479995251098,0.973568281938326,0.004026258205689278,1.0,0.0,0.9879649890590809,0.0016762898118830322,0.9693654266958425,0.004935742223877817,0.9705882352941176,0.004638394547519879,0.9920676890534109,0.003303684879288437
signed_targeting,credit_broad,mlp,1005,features,11652,3229,3225,4,8423,1,5,227,223,4,11425,28,32,57,57,0,11595,0,0,914,899,15,10738,1,16,914,889,25,10738,23,48,1088,1059,29,10564,19,48,3782,3763,19,7870,2,21,0.9987612263858779,0.00011872254541137362,0.9823788546255506,0.002450765864332604,1.0,0.0,0.9835886214442013,9.312721177127957e-05,0.9726477024070022,0.00214192587073943,0.9733455882352942,0.0017985611510791368,0.9949762030671603,0.00025412960609911054
signed_targeting,credit_broad,mlp,1005,full,11652,3229,3226,3,8423,0,3,227,222,5,11425,21,26,57,57,0,11595,0,0,914,899,15,10738,4,19,914,892,22,10738,23,45,1088,1062,26,10564,19,45,3782,3764,18,7870,4,22,0.9990709197894085,0.0,0.9779735682819384,0.001838074398249453,1.0,0.0,0.9835886214442013,0.00037250884708511827,0.975929978118162,0.00214192587073943,0.9761029411764706,0.0017985611510791368,0.9952406134320465,0.0005082592121982211
signed_targeting,credit_broad,mlp,1005,population,11652,3229,3101,128,8423,107,235,227,220,7,11425,46,53,57,57,0,11595,0,0,914,888,26,10738,123,149,914,869,45,10738,157,202,1088,1038,50,10564,152,202,3782,3607,175,7870,209,384,0.9603592443480954,0.012703312359016977,0.9691629955947136,0.004026258205689278,1.0,0.0,0.9715536105032823,0.011454647047867387,0.9507658643326039,0.014620972248090893,0.9540441176470589,0.014388489208633094,0.9537281861448969,0.026556543837357054
signed_targeting,credit_broad,mlp,1005,task,11652,3229,2175,1054,8423,477,1531,227,167,60,11425,113,173,57,57,0,11595,10,10,914,686,228,10738,41,269,914,674,240,10738,196,436,1088,792,296,10564,140,436,3782,2490,1292,7870,479,1771,0.6735831526788479,0.056630654161225216,0.73568281938326,0.009890590809628008,1.0,0.0008624407072013799,0.75054704595186,0.0038182156826224623,0.737417943107221,0.018252933507170794,0.7279411764705882,0.013252555850056797,0.6583818085668959,0.06086404066073697
signed_targeting,credit_broad,mlp,1006,augmentation,11652,5550,4828,722,6102,581,1303,312,285,27,11340,105,132,164,161,3,11488,23,26,1393,669,724,10259,1949,2673,1405,667,738,10247,2037,2775,1611,816,795,10041,1980,2775,6127,4009,2118,5525,1555,3673,0.8699099099099099,0.09521468371025893,0.9134615384615384,0.009259259259259259,0.9817073170731707,0.002002089136490251,0.48025843503230436,0.18997953016863242,0.47473309608540926,0.1987898897238216,0.5065176908752328,0.19719151478936361,0.6543169577280887,0.281447963800905
signed_targeting,credit_broad,mlp,1006,contexts,11652,5550,5545,5,6102,2,7,312,294,18,11340,139,157,164,164,0,11488,0,0,1393,1392,1,10259,8,9,1405,1352,53,10247,112,165,1611,1544,67,10041,98,165,6127,6118,9,5525,7,16,0.9990990990990991,0.00032776138970829236,0.9423076923076923,0.012257495590828924,1.0,0.0,0.9992821249102656,0.0007798030997173213,0.9622775800711744,0.010930028300966137,0.9584109248913718,0.009759984065332138,0.998531091888363,0.0012669683257918551
signed_targeting,credit_broad,mlp,1006,features,11652,5550,5549,1,6102,0,1,312,307,5,11340,29,34,164,164,0,11488,0,0,1393,1350,43,10259,14,57,1405,1354,51,10247,39,90,1611,1556,55,10041,35,90,6127,6079,48,5525,10,58,0.9998198198198198,0.0,0.9839743589743589,0.0025573192239858908,1.0,0.0,0.9691313711414213,0.0013646554245053124,0.9637010676156583,0.003805991997657851,0.9658597144630664,0.003485708594761478,0.9921658234046026,0.0018099547511312218
signed_targeting,credit_broad,mlp,1006,full,11652,5550,5548,2,6102,1,3,312,303,9,11340,37,46,164,164,0,11488,0,0,1393,1353,40,10259,10,50,1405,1352,53,10247,42,95,1611,1552,59,10041,36,95,6127,6083,44,5525,9,53,0.9996396396396396,0.00016388069485414618,0.9711538461538461,0.0032627865961199296,1.0,0.0,0.9712849964106246,0.0009747538746466517,0.9622775800711744,0.004098760612862301,0.9633767846058349,0.00358530026889752,0.992818671454219,0.0016289592760180996
signed_targeting,credit_broad,mlp,1006,population,11652,5550,5457,93,6102,28,121,312,295,17,11340,102,119,164,164,0,11488,0,0,1393,1389,4,10259,7,11,1405,1366,39,10247,91,130,1611,1557,54,10041,76,130,6127,6026,101,5525,31,132,0.9832432432432432,0.004588659455916093,0.9455128205128205,0.008994708994708995,1.0,0.0,0.9971284996410624,0.0006823277122526562,0.9722419928825623,0.008880647994534986,0.9664804469273743,0.007568967234339209,0.9835155867471846,0.005610859728506787
signed_targeting,credit_broad,mlp,1006,task,11652,5550,5374,176,6102,68,244,312,277,35,11340,104,139,164,164,0,11488,0,0,1393,1365,28,10259,22,50,1405,1336,69,10247,120,189,1611,1520,91,10041,98,189,6127,5897,230,5525,64,294,0.9682882882882883,0.011143887250081941,0.8878205128205128,0.009171075837742505,1.0,0.0,0.9798994974874372,0.0021444585242226337,0.9508896797153025,0.011710744608178003,0.9435133457479826,0.009759984065332138,0.962461237147054,0.011583710407239819
signed_targeting,credit_broad,mlp,1007,augmentation,11652,6531,6103,428,5121,270,698,438,434,4,11214,69,73,286,286,0,11366,2,2,2129,1562,567,9523,777,1344,2142,1560,582,9510,822,1404,2369,1762,607,9283,797,1404,7183,5834,1349,4469,598,1947,0.934466391058031,0.05272407732864675,0.9908675799086758,0.006153023006955591,1.0,0.00017596339961288053,0.733677782996712,0.08159193531450173,0.7282913165266106,0.08643533123028391,0.7437737441958633,0.08585586556070236,0.8121954615063344,0.13381069590512418
signed_targeting,credit_broad,mlp,1007,contexts,11652,6531,6501,30,5121,4,34,438,434,4,11214,27,31,286,286,0,11366,0,0,2129,2094,35,9523,8,43,2142,2097,45,9510,29,74,2369,2322,47,9283,27,74,7183,7114,69,4469,8,77,0.9954065227377125,0.0007810974419058778,0.9908675799086758,0.002407704654895666,1.0,0.0,0.9835603569751057,0.0008400714060695159,0.9789915966386554,0.003049421661409043,0.980160405234276,0.0029085424970375956,0.9903939857998051,0.0017901096442157081
signed_targeting,credit_broad,mlp,1007,features,11652,6531,6530,1,5121,0,1,438,430,8,11214,19,27,286,286,0,11366,0,0,2129,2054,75,9523,12,87,2142,2052,90,9510,24,114,2369,2274,95,9283,19,114,7183,7101,82,4469,6,88,0.9998468840912571,0.0,0.9817351598173516,0.001694310683074728,1.0,0.0,0.9647721935180836,0.001260107109104274,0.957983193277311,0.002523659305993691,0.9598986914309835,0.002046752127544975,0.9885841570374495,0.0013425822331617813
signed_targeting,credit_broad,mlp,1007,full,11652,6531,6530,1,5121,0,1,438,436,2,11214,36,38,286,286,0,11366,0,0,2129,2055,74,9523,10,84,2142,2057,85,9510,37,122,2369,2282,87,9283,35,122,7183,7104,79,4469,6,85,0.9998468840912571,0.0,0.9954337899543378,0.0032102728731942215,1.0,0.0,0.9652418976045092,0.0010500892575868949,0.9603174603174603,0.0038906414300736067,0.9632756437315323,0.0037703328665302164,0.9890018098287624,0.0013425822331617813
signed_targeting,credit_broad,mlp,1007,population,11652,6531,6471,60,5121,39,99,438,422,16,11214,84,100,286,286,0,11366,0,0,2129,2073,56,9523,26,82,2142,2051,91,9510,87,178,2369,2266,103,9283,75,178,7183,7042,141,4469,40,181,0.9908130454754249,0.007615700058582308,0.9634703196347032,0.00749063670411985,1.0,0.0,0.973696571160169,0.002730232069725927,0.9575163398692811,0.00914826498422713,0.9565217391304348,0.008079284713993322,0.9803703188082974,0.008950548221078542
signed_targeting,credit_broad,mlp,1007,task,11652,6531,5707,824,5121,332,1156,438,391,47,11214,112,159,286,286,0,11366,7,7,2129,1768,361,9523,66,427,2142,1760,382,9510,181,563,2369,1948,421,9283,142,563,7183,5967,1216,4469,328,1544,0.8738324911958353,0.06483108767818785,0.8926940639269406,0.009987515605493134,1.0,0.0006158718986450818,0.8304368248003757,0.006930589100073506,0.8216619981325863,0.01903259726603575,0.8222878851836218,0.015296779058494022,0.8307114019212029,0.07339449541284404
signed_targeting,credit_broad,mlp,1008,augmentation,11652,249,205,44,11403,1978,2022,192,157,35,11460,137,172,1,1,0,11651,25,25,20,12,8,11632,1283,1291,20,12,8,11632,1443,1451,212,155,57,11440,1394,1451,268,190,78,11384,2958,3036,0.8232931726907631,0.17346312373936684,0.8177083333333334,0.011954624781849913,1.0,0.002145738563213458,0.6,0.11029917469050894,0.6,0.12405433287482806,0.7311320754716981,0.12185314685314685,0.7089552238805971,0.25983836964160223
signed_targeting,credit_broad,mlp,1008,contexts,11652,249,211,38,11403,109,147,192,192,0,11460,166,166,1,1,0,11651,0,0,20,18,2,11632,12,14,20,16,4,11632,176,180,212,207,5,11440,175,180,268,228,40,11384,121,161,0.8473895582329317,0.009558888011926685,1.0,0.014485165794066317,1.0,0.0,0.9,0.0010316368638239339,0.8,0.015130674002751032,0.9764150943396226,0.015297202797202798,0.8507462686567164,0.010628952916373858
signed_targeting,credit_broad,mlp,1008,features,11652,249,239,10,11403,88,98,192,161,31,11460,79,110,1,1,0,11651,0,0,20,16,4,11632,60,64,20,16,4,11632,170,174,212,177,35,11440,139,174,268,252,16,11384,146,162,0.9598393574297188,0.0077172673857756734,0.8385416666666666,0.006893542757417103,1.0,0.0,0.8,0.00515818431911967,0.8,0.014614855570839065,0.8349056603773585,0.01215034965034965,0.9402985074626866,0.012825017568517217
signed_targeting,credit_broad,mlp,1008,full,11652,249,239,10,11403,15,25,192,192,0,11460,134,134,1,1,0,11651,0,0,20,18,2,11632,4,6,20,15,5,11632,135,140,212,207,5,11440,135,140,268,256,12,11384,19,31,0.9598393574297188,0.0013154433043935806,1.0,0.011692844677137871,1.0,0.0,0.9,0.000343878954607978,0.75,0.011605914718019257,0.9764150943396226,0.0118006993006993,0.9552238805970149,0.0016690091356289529
signed_targeting,credit_broad,mlp,1008,population,11652,249,197,52,11403,137,189,192,192,0,11460,165,165,1,1,0,11651,0,0,20,17,3,11632,19,22,20,15,5,11632,182,187,212,206,6,11440,181,187,268,213,55,11384,156,211,0.7911646586345381,0.012014382180128036,1.0,0.014397905759162303,1.0,0.0,0.85,0.0016334250343878955,0.75,0.015646492434662998,0.9716981132075472,0.01582167832167832,0.7947761194029851,0.013703443429374561
signed_targeting,credit_broad,mlp,1008,task,11652,249,0,249,11403,0,249,192,0,192,11460,0,192,1,0,1,11651,0,1,20,0,20,11632,0,20,20,0,20,11632,192,212,212,0,212,11440,0,212,268,0,268,11384,0,268,0.0,0.0,0.0,0.0,0.0,0.0,0.0,0.0,0.0,0.016506189821182942,0.0,0.0,0.0,0.0
signed_targeting,credit_broad,mlp,1009,augmentation,11652,1154,654,500,10498,3820,4320,123,110,13,11529,143,156,16,15,1,11636,47,48,561,238,323,11091,3055,3378,561,231,330,11091,3153,3483,649,272,377,11003,3106,3483,1637,597,1040,10015,5257,6297,0.5667244367417678,0.36387883406363114,0.8943089430894309,0.012403504206782896,0.9375,0.004039188724647645,0.42424242424242425,0.27544856189703365,0.4117647058823529,0.2842845550446308,0.41910631741140214,0.28228664909570117,0.36469150885766644,0.5249126310534199
signed_targeting,credit_broad,mlp,1009,contexts,11652,1154,1117,37,10498,19,56,123,113,10,11529,27,37,16,16,0,11636,0,0,561,551,10,11091,26,36,561,546,15,11091,58,73,649,628,21,11003,52,73,1637,1590,47,10015,45,92,0.9679376083188909,0.0018098685463897885,0.9186991869918699,0.00234192037470726,1.0,0.0,0.982174688057041,0.0023442430799747544,0.9732620320855615,0.005229465332251375,0.9676425269645609,0.004725983822593838,0.9712889431887599,0.0044932601098352475
signed_targeting,credit_broad,mlp,1009,features,11652,1154,1151,3,10498,4,7,123,117,6,11529,19,25,16,16,0,11636,0,0,561,525,36,11091,43,79,561,522,39,11091,65,104,649,605,44,11003,60,104,1637,1598,39,10015,47,86,0.9974003466204506,0.00038102495713469235,0.9512195121951219,0.0016480180414606643,1.0,0.0,0.9358288770053476,0.003877017401496709,0.93048128342246,0.005860607699936886,0.9322033898305084,0.005453058256839044,0.9761759315821625,0.0046929605591612585
signed_targeting,credit_broad,mlp,1009,full,11652,1154,1150,4,10498,5,9,123,116,7,11529,25,32,16,16,0,11636,0,0,561,523,38,11091,17,55,561,512,49,11091,38,87,649,594,55,11003,32,87,1637,1595,42,10015,22,64,0.9965337954939342,0.0004762811964183654,0.943089430894309,0.002168444791395611,1.0,0.0,0.9322638146167558,0.0015327743215219547,0.9126559714795008,0.003426201424578487,0.9152542372881356,0.0029082977369808234,0.9743433109346366,0.002196704942586121
signed_targeting,credit_broad,mlp,1009,population,11652,1154,1122,32,10498,25,57,123,113,10,11529,28,38,16,16,0,11636,0,0,561,498,63,11091,37,100,561,492,69,11091,69,138,649,571,78,11003,60,138,1637,1542,95,10015,62,157,0.9722703639514731,0.002381405982091827,0.9186991869918699,0.0024286581663630845,1.0,0.0,0.8877005347593583,0.0033360382291948427,0.8770053475935828,0.0062212604814714636,0.8798151001540832,0.005453058256839044,0.9419670128283445,0.00619071392910634
signed_targeting,credit_broad,mlp,1009,task,11652,1154,0,1154,10498,0,1154,123,0,123,11529,0,123,16,0,16,11636,0,16,561,0,561,11091,0,561,561,0,561,11091,88,649,649,0,649,11003,0,649,1637,0,1637,10015,0,1637,0.0,0.0,0.0,0.0,0.0,0.0,0.0,0.0,0.0,0.007934361193760706,0.0,0.0,0.0,0.0
signed_targeting,hmda_oh,mlp,1000,augmentation,5664,4760,1755,3005,904,476,3481,399,352,47,5265,85,132,359,344,15,5305,44,59,1619,545,1074,4045,328,1402,1645,556,1089,4019,415,1504,1935,799,1136,3729,368,1504,4993,1386,3607,671,361,3968,0.36869747899159666,0.5265486725663717,0.8822055137844611,0.016144349477682812,0.958217270194986,0.008294062205466541,0.33662754786905497,0.08108776266996291,0.33799392097264436,0.10325951729285893,0.4129198966408269,0.09868597479216948,0.27758862407370316,0.5380029806259314
signed_targeting,hmda_oh,mlp,1000,contexts,5664,4760,4749,11,904,1,12,399,397,2,5265,7,9,359,359,0,5305,0,0,1619,1598,21,4045,1,22,1645,1621,24,4019,7,31,1935,1911,24,3729,7,31,4993,4961,32,671,2,34,0.9976890756302521,0.0011061946902654867,0.9949874686716792,0.0013295346628679962,1.0,0.0,0.9870290302655961,0.00024721878862793575,0.9854103343465046,0.0017417267977108733,0.9875968992248062,0.0018771788683293108,0.9935910274384138,0.0029806259314456036
signed_targeting,hmda_oh,mlp,1000,features,5664,4760,4760,0,904,0,0,399,398,1,5265,3,4,359,359,0,5305,0,0,1619,1568,51,4045,7,58,1645,1594,51,4019,11,62,1935,1883,52,3729,10,62,4993,4936,57,671,1,58,1.0,0.0,0.9974937343358395,0.0005698005698005698,1.0,0.0,0.9684990735021618,0.00173053152039555,0.9689969604863222,0.002736999253545658,0.9731266149870801,0.0026816840976133013,0.9885840176246745,0.0014903129657228018
signed_targeting,hmda_oh,mlp,1000,full,5664,4760,4760,0,904,0,0,399,399,0,5265,2,2,359,359,0,5305,0,0,1619,1568,51,4045,13,64,1645,1592,53,4019,13,66,1935,1882,53,3729,13,66,4993,4931,62,671,2,64,1.0,0.0,1.0,0.0003798670465337132,1.0,0.0,0.9684990735021618,0.0032138442521631645,0.9677811550151976,0.0032346354814630504,0.9726098191214471,0.0034861893268972916,0.9875826156619267,0.0029806259314456036
signed_targeting,hmda_oh,mlp,1000,population,5664,4760,2572,2188,904,305,2493,399,386,13,5265,38,51,359,353,6,5305,40,46,1619,1307,312,4045,114,426,1645,1314,331,4019,145,476,1935,1590,345,3729,131,476,4993,2509,2484,671,245,2729,0.5403361344537815,0.33738938053097345,0.9674185463659147,0.007217473884140551,0.9832869080779945,0.007540056550424128,0.8072884496602841,0.028182941903584672,0.7987841945288754,0.03607862652401095,0.8217054263565892,0.035130061678734247,0.5025035049068696,0.3651266766020864
signed_targeting,hmda_oh,mlp,1000,task,5664,4760,0,4760,904,0,4760,399,0,399,5265,0,399,359,0,359,5305,0,359,1619,0,1619,4045,0,1619,1645,0,1645,4019,290,1935,1935,0,1935,3729,0,1935,4993,0,4993,671,0,4993,0.0,0.0,0.0,0.0,0.0,0.0,0.0,0.0,0.0,0.0721572530480219,0.0,0.0,0.0,0.0
signed_targeting,hmda_oh,mlp,1001,augmentation,5664,4967,2313,2654,697,286,2940,387,368,19,5277,62,81,479,473,6,5185,18,24,2108,971,1137,3556,395,1532,2137,982,1155,3527,428,1583,2412,1231,1181,3252,402,1583,5130,1725,3405,534,244,3649,0.4656734447352527,0.4103299856527977,0.9509043927648578,0.011749099867348872,0.9874739039665971,0.0034715525554484088,0.4606261859582543,0.11107986501687289,0.45952269536733736,0.12134958888573859,0.5103648424543947,0.12361623616236163,0.3362573099415205,0.45692883895131087
signed_targeting,hmda_oh,mlp,1001,contexts,5664,4967,4967,0,697,0,0,387,387,0,5277,2,2,479,479,0,5185,0,0,2108,2082,26,3556,4,30,2137,2109,28,3527,4,32,2412,2384,28,3252,4,32,5130,5100,30,534,0,30,1.0,0.0,1.0,0.00037900322152738296,1.0,0.0,0.9876660341555977,0.0011248593925759281,0.986897519887693,0.0011341083073433513,0.988391376451078,0.0012300123001230013,0.9941520467836257,0.0
signed_targeting,hmda_oh,mlp,1001,features,5664,4967,4967,0,697,0,0,387,386,1,5277,6,7,479,479,0,5185,0,0,2108,2067,41,3556,4,45,2137,2096,41,3527,10,51,2412,2369,43,3252,8,51,5130,5085,45,534,0,45,1.0,0.0,0.9974160206718347,0.0011370096645821489,1.0,0.0,0.9805502846299811,0.0011248593925759281,0.9808142255498362,0.002835270768358378,0.9821724709784412,0.0024600246002460025,0.9912280701754386,0.0
signed_targeting,hmda_oh,mlp,1001,full,5664,4967,4967,0,697,0,0,387,386,1,5277,2,3,479,479,0,5185,0,0,2108,2062,46,3556,4,50,2137,2091,46,3527,7,53,2412,2364,48,3252,5,53,5130,5081,49,534,1,50,1.0,0.0,0.9974160206718347,0.00037900322152738296,1.0,0.0,0.9781783681214421,0.0011248593925759281,0.9784744969583529,0.001984689537850865,0.9800995024875622,0.0015375153751537515,0.990448343079922,0.0018726591760299626
signed_targeting,hmda_oh,mlp,1001,population,5664,4967,2655,2312,697,262,2574,387,368,19,5277,57,76,479,471,8,5185,26,34,2108,1780,328,3556,92,420,2137,1781,356,3527,138,494,2412,2036,376,3252,118,494,5130,2573,2557,534,193,2750,0.5345278840346286,0.37589670014347204,0.9509043927648578,0.010801591813530414,0.9832985386221295,0.005014464802314368,0.8444022770398482,0.025871766029246346,0.8334113242863828,0.03912673660334562,0.8441127694859039,0.03628536285362854,0.5015594541910331,0.36142322097378277
signed_targeting,hmda_oh,mlp,1001,task,5664,4967,0,4967,697,0,4967,387,0,387,5277,0,387,479,0,479,5185,0,479,2108,0,2108,3556,0,2108,2137,0,2137,3527,275,2412,2412,0,2412,3252,0,2412,5130,0,5130,534,0,5130,0.0,0.0,0.0,0.0,0.0,0.0,0.0,0.0,0.0,0.0779699461298554,0.0,0.0,0.0,0.0
signed_targeting,hmda_oh,mlp,1002,augmentation,5664,4482,2260,2222,1182,418,2640,239,232,7,5425,27,34,220,219,1,5444,21,22,1578,482,1096,4086,568,1664,1597,494,1103,4067,585,1688,1757,626,1131,3907,557,1688,4782,1763,3019,882,346,3365,0.5042391789379741,0.3536379018612521,0.9707112970711297,0.004976958525345622,0.9954545454545455,0.003857457751653196,0.30544993662864384,0.13901125795398922,0.30932999373825926,0.14384066879763954,0.3562891291974957,0.14256462759150243,0.3686741948975324,0.3922902494331066
signed_targeting,hmda_oh,mlp,1002,contexts,5664,4482,4477,5,1182,0,5,239,236,3,5425,7,10,220,220,0,5444,0,0,1578,1563,15,4086,3,18,1597,1580,17,4067,9,26,1757,1738,19,3907,7,26,4782,4759,23,882,0,23,0.99888442659527,0.0,0.9874476987447699,0.0012903225806451613,1.0,0.0,0.9904942965779467,0.0007342143906020558,0.989355040701315,0.0022129333661175315,0.9891861126920888,0.0017916560020476069,0.9951902969468841,0.0
signed_targeting,hmda_oh,mlp,1002,features,5664,4482,4480,2,1182,0,2,239,235,4,5425,11,15,220,220,0,5444,0,0,1578,1539,39,4086,9,48,1597,1556,41,4067,21,62,1757,1712,45,3907,17,62,4782,4733,49,882,1,50,0.999553770638108,0.0,0.9832635983263598,0.0020276497695852535,1.0,0.0,0.9752851711026616,0.0022026431718061676,0.9743268628678773,0.0051635111876075735,0.9743881616391576,0.0043511645764013306,0.9897532413216228,0.0011337868480725624
signed_targeting,hmda_oh,mlp,1002,full,5664,4482,4480,2,1182,0,2,239,235,4,5425,11,15,220,220,0,5444,0,0,1578,1539,39,4086,9,48,1597,1556,41,4067,21,62,1757,1712,45,3907,17,62,4782,4733,49,882,1,50,0.999553770638108,0.0,0.9832635983263598,0.0020276497695852535,1.0,0.0,0.9752851711026616,0.0022026431718061676,0.9743268628678773,0.0051635111876075735,0.9743881616391576,0.0043511645764013306,0.9897532413216228,0.0011337868480725624
signed_targeting,hmda_oh,mlp,1002,population,5664,4482,2533,1949,1182,355,2304,239,225,14,5425,50,64,220,219,1,5444,35,36,1578,1387,191,4086,142,333,1597,1385,212,4067,185,397,1757,1531,226,3907,171,397,4782,2572,2210,882,263,2473,0.5651494868362338,0.3003384094754653,0.9414225941422594,0.009216589861751152,0.9954545454545455,0.006429096252755327,0.8789607097591888,0.034752814488497305,0.8672510958046337,0.04548807474797148,0.871371656232214,0.04376759662144868,0.5378502718527812,0.2981859410430839
signed_targeting,hmda_oh,mlp,1002,task,5664,4482,0,4482,1182,0,4482,239,0,239,5425,0,239,220,0,220,5444,0,220,1578,0,1578,4086,0,1578,1597,0,1597,4067,160,1757,1757,0,1757,3907,0,1757,4782,0,4782,882,0,4782,0.0,0.0,0.0,0.0,0.0,0.0,0.0,0.0,0.0,0.03934103761986722,0.0,0.0,0.0,0.0
signed_targeting,hmda_oh,mlp,1003,augmentation,5664,4320,1871,2449,1344,597,3046,326,305,21,5338,58,79,198,195,3,5466,23,26,1580,520,1060,4084,364,1424,1593,522,1071,4071,417,1488,1852,756,1096,3812,392,1488,4657,1469,3188,1007,473,3661,0.43310185185185185,0.44419642857142855,0.9355828220858896,0.010865492693892843,0.9848484848484849,0.004207830223197951,0.3291139240506329,0.089128305582762,0.327683615819209,0.10243183492999262,0.408207343412527,0.10283315844700944,0.3154391238995061,0.46971201588877853
signed_targeting,hmda_oh,mlp,1003,contexts,5664,4320,4319,1,1344,0,1,326,325,1,5338,11,12,198,198,0,5466,0,0,1580,1521,59,4084,27,86,1593,1533,60,4071,38,98,1852,1790,62,3812,36,98,4657,4579,78,1007,9,87,0.9997685185185186,0.0,0.9969325153374233,0.0020606968902210565,1.0,0.0,0.9626582278481013,0.006611165523996082,0.9623352165725048,0.009334315892901008,0.9665226781857451,0.00944386149003148,0.9832510199699377,0.00893743793445879
signed_targeting,hmda_oh,mlp,1003,features,5664,4320,4319,1,1344,0,1,326,324,2,5338,4,6,198,198,0,5466,0,0,1580,1521,59,4084,11,70,1593,1534,59,4071,17,76,1852,1790,62,3812,14,76,4657,4588,69,1007,2,71,0.9997685185185186,0.0,0.9938650306748467,0.0007493443237167478,1.0,0.0,0.9626582278481013,0.0026934378060724778,0.9629629629629629,0.004175878162613608,0.9665226781857451,0.0036726128016789086,0.985183594588791,0.0019860973187686196
signed_targeting,hmda_oh,mlp,1003,full,5664,4320,4319,1,1344,0,1,326,324,2,5338,4,6,198,198,0,5466,0,0,1580,1521,59,4084,11,70,1593,1534,59,4071,17,76,1852,1790,62,3812,14,76,4657,4588,69,1007,2,71,0.9997685185185186,0.0,0.9938650306748467,0.0007493443237167478,1.0,0.0,0.9626582278481013,0.0026934378060724778,0.9629629629629629,0.004175878162613608,0.9665226781857451,0.0036726128016789086,0.985183594588791,0.0019860973187686196
signed_targeting,hmda_oh,mlp,1003,population,5664,4320,2578,1742,1344,488,2230,326,306,20,5338,69,89,198,194,4,5466,42,46,1580,1107,473,4084,119,592,1593,1103,490,4071,184,674,1852,1340,512,3812,162,674,4657,2463,2194,1007,373,2567,0.5967592592592592,0.3630952380952381,0.9386503067484663,0.0129261895841139,0.9797979797979798,0.007683863885839737,0.700632911392405,0.02913809990205681,0.6924042686754551,0.04519774011299435,0.7235421166306696,0.04249737670514166,0.5288812540261971,0.37040714995034757
signed_targeting,hmda_oh,mlp,1003,task,5664,4320,0,4320,1344,0,4320,326,0,326,5338,0,326,198,0,198,5466,0,198,1580,0,1580,4084,0,1580,1593,0,1593,4071,259,1852,1852,0,1852,3812,0,1852,4657,0,4657,1007,0,4657,0.0,0.0,0.0,0.0,0.0,0.0,0.0,0.0,0.0,0.06362073200687791,0.0,0.0,0.0,0.0
signed_targeting,hmda_oh,mlp,1004,augmentation,5664,4453,1669,2784,1211,669,3453,292,279,13,5372,60,73,195,191,4,5469,46,50,1355,348,1007,4309,605,1612,1370,358,1012,4294,655,1667,1576,541,1035,4088,632,1667,4697,1274,3423,967,577,4000,0.37480350325623174,0.5524360033030553,0.9554794520547946,0.011169024571854059,0.9794871794871794,0.008411044066556957,0.2568265682656827,0.1404038059874681,0.2613138686131387,0.15253842571029344,0.3432741116751269,0.15459882583170254,0.27123695976154993,0.5966907962771458
signed_targeting,hmda_oh,mlp,1004,contexts,5664,4453,4451,2,1211,1,3,292,290,2,5372,12,14,195,195,0,5469,0,0,1355,1342,13,4309,4,17,1370,1354,16,4294,15,31,1576,1557,19,4088,12,31,4697,4678,19,967,1,20,0.9995508645856725,0.0008257638315441783,0.9931506849315068,0.0022338049143708115,1.0,0.0,0.9904059040590406,0.0009282896263634254,0.9883211678832117,0.0034932463903120633,0.9879441624365483,0.0029354207436399216,0.9959548648073239,0.001034126163391934
signed_targeting,hmda_oh,mlp,1004,features,5664,4453,4453,0,1211,0,0,292,288,4,5372,6,10,195,195,0,5469,0,0,1355,1332,23,4309,2,25,1370,1345,25,4294,10,35,1576,1546,30,4088,5,35,4697,4672,25,967,0,25,1.0,0.0,0.9863013698630136,0.0011169024571854058,1.0,0.0,0.9830258302583026,0.0004641448131817127,0.9817518248175182,0.002328830926874709,0.9809644670050761,0.001223091976516634,0.9946774536938472,0.0
signed_targeting,hmda_oh,mlp,1004,full,5664,4453,4453,0,1211,0,0,292,288,4,5372,9,13,195,195,0,5469,0,0,1355,1337,18,4309,4,22,1370,1347,23,4294,12,35,1576,1550,26,4088,9,35,4697,4676,21,967,1,22,1.0,0.0,0.9863013698630136,0.0016753536857781086,1.0,0.0,0.9867158671586715,0.0009282896263634254,0.9832116788321168,0.0027945971122496508,0.983502538071066,0.002201565557729941,0.9955290611028316,0.001034126163391934
signed_targeting,hmda_oh,mlp,1004,population,5664,4453,2092,2361,1211,526,2887,292,277,15,5372,45,60,195,188,7,5469,43,50,1355,878,477,4309,181,658,1370,885,485,4294,233,718,1576,1071,505,4088,213,718,4697,1908,2789,967,432,3221,0.469795643386481,0.4343517753922378,0.9486301369863014,0.008376768428890544,0.9641025641025641,0.0078624977143902,0.647970479704797,0.042005105592945,0.6459854014598541,0.054261760596180715,0.6795685279187818,0.05210371819960861,0.40621673408558656,0.4467425025853154
signed_targeting,hmda_oh,mlp,1004,task,5664,4453,0,4453,1211,0,4453,292,0,292,5372,0,292,195,0,195,5469,0,195,1355,0,1355,4309,0,1355,1370,0,1370,4294,206,1576,1576,0,1576,4088,0,1576,4697,0,4697,967,0,4697,0.0,0.0,0.0,0.0,0.0,0.0,0.0,0.0,0.0,0.047973917093619006,0.0,0.0,0.0,0.0
signed_targeting,hmda_oh,mlp,1005,augmentation,5664,4248,1677,2571,1416,662,3233,256,237,19,5408,60,79,184,177,7,5480,42,49,1414,305,1109,4250,514,1623,1427,312,1115,4237,564,1679,1607,459,1148,4057,531,1679,4538,1288,3250,1126,574,3824,0.394774011299435,0.4675141242937853,0.92578125,0.011094674556213017,0.9619565217391305,0.007664233576642336,0.2157001414427157,0.12094117647058823,0.21864050455501052,0.13311305168751475,0.28562538892345984,0.13088489031303918,0.2838254737769943,0.5097690941385435
signed_targeting,hmda_oh,mlp,1005,contexts,5664,4248,4240,8,1416,0,8,256,256,0,5408,6,6,184,184,0,5480,0,0,1414,1368,46,4250,3,49,1427,1381,46,4237,9,55,1607,1561,46,4057,9,55,4538,4482,56,1126,1,57,0.9981167608286252,0.0,1.0,0.0011094674556213018,1.0,0.0,0.9674681753889675,0.0007058823529411765,0.9677645409950946,0.002124144441822044,0.9713752333540759,0.002218387971407444,0.9876597620096959,0.0008880994671403197
signed_targeting,hmda_oh,mlp,1005,features,5664,4248,4238,10,1416,2,12,256,253,3,5408,5,8,184,184,0,5480,0,0,1414,1389,25,4250,2,27,1427,1401,26,4237,9,35,1607,1577,30,4057,5,35,4538,4500,38,1126,1,39,0.9976459510357816,0.0014124293785310734,0.98828125,0.0009245562130177514,1.0,0.0,0.9823196605374823,0.00047058823529411766,0.9817799579537492,0.002124144441822044,0.9813316739265713,0.0012324377618930244,0.9916262670780079,0.0008880994671403197
signed_targeting,hmda_oh,mlp,1005,full,5664,4248,4237,11,1416,2,13,256,254,2,5408,6,8,184,184,0,5480,0,0,1414,1392,22,4250,1,23,1427,1404,23,4237,8,31,1607,1581,26,4057,5,31,4538,4504,34,1126,2,36,0.9974105461393596,0.0014124293785310734,0.9921875,0.0011094674556213018,1.0,0.0,0.9844413012729845,0.00023529411764705883,0.9838822704975473,0.0018881283927307056,0.9838207840696951,0.0012324377618930244,0.9925077126487439,0.0017761989342806395
signed_targeting,hmda_oh,mlp,1005,population,5664,4248,2308,1940,1416,481,2421,256,239,17,5408,47,64,184,183,1,5480,51,52,1414,1099,315,4250,110,425,1427,1099,328,4237,161,489,1607,1261,346,4057,143,489,4538,2261,2277,1126,363,2640,0.5433145009416196,0.3396892655367232,0.93359375,0.008690828402366863,0.9945652173913043,0.009306569343065693,0.7772277227722773,0.02588235294117647,0.7701471618780659,0.03799858390370545,0.7846919726197884,0.0352477199901405,0.498237108858528,0.32238010657193605
signed_targeting,hmda_oh,mlp,1005,task,5664,4248,0,4248,1416,0,4248,256,0,256,5408,0,256,184,0,184,5480,0,184,1414,0,1414,4250,0,1414,1427,0,1427,4237,180,1607,1607,0,1607,4057,0,1607,4538,0,4538,1126,0,4538,0.0,0.0,0.0,0.0,0.0,0.0,0.0,0.0,0.0,0.04248288883644088,0.0,0.0,0.0,0.0
signed_targeting,hmda_oh,mlp,1006,augmentation,5664,4550,1813,2737,1114,589,3326,442,420,22,5222,41,63,286,275,11,5378,41,52,1654,691,963,4010,293,1256,1670,696,974,3994,329,1303,1991,994,997,3673,306,1303,4847,1483,3364,817,466,3830,0.3984615384615385,0.5287253141831239,0.9502262443438914,0.007851397931826886,0.9615384615384616,0.0076236519152101155,0.41777509068923824,0.07306733167082294,0.4167664670658683,0.08237356034051077,0.4992466097438473,0.08331064524911516,0.3059624510006189,0.5703794369645043
signed_targeting,hmda_oh,mlp,1006,contexts,5664,4550,4541,9,1114,1,10,442,442,0,5222,5,5,286,286,0,5378,0,0,1654,1640,14,4010,2,16,1670,1655,15,3994,6,21,1991,1976,15,3673,6,21,4847,4823,24,817,2,26,0.998021978021978,0.0008976660682226212,1.0,0.0009574875526618154,1.0,0.0,0.9915356711003628,0.0004987531172069825,0.9910179640718563,0.0015022533800701052,0.9924660974384731,0.0016335420637081405,0.9950484835981019,0.0024479804161566705
signed_targeting,hmda_oh,mlp,1006,features,5664,4550,4547,3,1114,2,5,442,440,2,5222,6,8,286,286,0,5378,0,0,1654,1611,43,4010,5,48,1670,1626,44,3994,12,56,1991,1945,46,3673,10,56,4847,4796,51,817,2,53,0.9993406593406593,0.0017953321364452424,0.995475113122172,0.0011489850631941786,1.0,0.0,0.9740024183796856,0.0012468827930174563,0.9736526946107784,0.0030045067601402104,0.9768960321446509,0.002722570106180234,0.9894780276459666,0.0024479804161566705
signed_targeting,hmda_oh,mlp,1006,full,5664,4550,4544,6,1114,2,8,442,441,1,5222,5,6,286,286,0,5378,0,0,1654,1612,42,4010,3,45,1670,1625,45,3994,6,51,1991,1946,45,3673,6,51,4847,4796,51,817,2,53,0.9986813186813187,0.0017953321364452424,0.997737556561086,0.0009574875526618154,1.0,0.0,0.9746070133010882,0.0007481296758104738,0.9730538922155688,0.0015022533800701052,0.9773982923154194,0.0016335420637081405,0.9894780276459666,0.0024479804161566705
signed_targeting,hmda_oh,mlp,1006,population,5664,4550,2032,2518,1114,498,3016,442,438,4,5222,31,35,286,282,4,5378,45,49,1654,713,941,4010,276,1217,1670,724,946,3994,303,1249,1991,1031,960,3673,289,1249,4847,1630,3217,817,396,3613,0.44659340659340657,0.44703770197486536,0.9909502262443439,0.005936422826503256,0.986013986013986,0.0083674228337672,0.43107617896009676,0.0688279301745636,0.43353293413173655,0.0758637956935403,0.5178302360622803,0.07868227606860877,0.33629048896224467,0.4847001223990208
signed_targeting,hmda_oh,mlp,1006,task,5664,4550,1263,3287,1114,640,3927,442,319,123,5222,198,321,286,259,27,5378,107,134,1654,589,1065,4010,278,1343,1670,577,1093,3994,514,1607,1991,797,1194,3673,413,1607,4847,991,3856,817,484,4340,0.2775824175824176,0.5745062836624776,0.7217194570135747,0.03791650708540789,0.9055944055944056,0.019895872071402008,0.3561064087061669,0.06932668329177058,0.34550898203592817,0.128693039559339,0.4003013561024611,0.11244214538524366,0.20445636476170828,0.5924112607099143
signed_targeting,hmda_oh,mlp,1007,augmentation,5664,3955,1465,2490,1709,789,3279,312,280,32,5352,81,113,141,137,4,5523,42,46,1442,442,1000,4222,350,1350,1457,449,1008,4207,423,1431,1688,645,1043,3976,388,1431,4367,1190,3177,1297,628,3805,0.37041719342604296,0.46167349327091867,0.8974358974358975,0.015134529147982063,0.9716312056737588,0.0076045627376425855,0.3065187239944521,0.08289909995262909,0.3081674673987646,0.10054670786783931,0.3821090047393365,0.09758551307847083,0.27249828257384934,0.48419429452582885
signed_targeting,hmda_oh,mlp,1007,contexts,5664,3955,3951,4,1709,3,7,312,310,2,5352,4,6,141,141,0,5523,0,0,1442,1425,17,4222,9,26,1457,1439,18,4207,14,32,1688,1668,20,3976,12,32,4367,4339,28,1297,5,33,0.9989886219974715,0.0017554125219426564,0.9935897435897436,0.0007473841554559044,1.0,0.0,0.9882108183079057,0.0021316911416390336,0.9876458476321208,0.0033277870216306157,0.9881516587677726,0.0030181086519114686,0.9935882757041448,0.0038550501156515036
signed_targeting,hmda_oh,mlp,1007,features,5664,3955,3955,0,1709,0,0,312,310,2,5352,5,7,141,141,0,5523,0,0,1442,1415,27,4222,3,30,1457,1428,29,4207,8,37,1688,1658,30,3976,7,37,4367,4338,29,1297,1,30,1.0,0.0,0.9935897435897436,0.0009342301943198804,1.0,0.0,0.9812760055478502,0.0007105637138796779,0.9800960878517502,0.0019015925837889231,0.9822274881516587,0.0017605633802816902,0.9933592855507213,0.0007710100231303007
signed_targeting,hmda_oh,mlp,1007,full,5664,3955,3955,0,1709,0,0,312,310,2,5352,5,7,141,141,0,5523,0,0,1442,1411,31,4222,1,32,1457,1425,32,4207,7,39,1688,1655,33,3976,6,39,4367,4335,32,1297,0,32,1.0,0.0,0.9935897435897436,0.0009342301943198804,1.0,0.0,0.978502080443828,0.00023685457129322596,0.9780370624571036,0.0016638935108153079,0.9804502369668247,0.0015090543259557343,0.9926723150904511,0.0
signed_targeting,hmda_oh,mlp,1007,population,5664,3955,2519,1436,1709,497,1933,312,309,3,5352,37,40,141,137,4,5523,8,12,1442,967,475,4222,130,605,1457,976,481,4207,164,645,1688,1200,488,3976,157,645,4367,2452,1915,1297,376,2291,0.6369152970922882,0.29081334113516677,0.9903846153846154,0.006913303437967115,0.9716312056737588,0.0014484881405033496,0.6705963938973648,0.030791094268119375,0.6698695950583391,0.03898264796767292,0.7109004739336493,0.03948692152917505,0.5614838561941836,0.2898997686969931
signed_targeting,hmda_oh,mlp,1007,task,5664,3955,0,3955,1709,0,3955,312,0,312,5352,0,312,141,0,141,5523,0,141,1442,0,1442,4222,0,1442,1457,0,1457,4207,231,1688,1688,0,1688,3976,0,1688,4367,0,4367,1297,0,4367,0.0,0.0,0.0,0.0,0.0,0.0,0.0,0.0,0.0,0.05490848585690516,0.0,0.0,0.0,0.0
signed_targeting,hmda_oh,mlp,1008,augmentation,5664,4464,2090,2374,1200,504,2878,338,304,34,5326,44,78,350,345,5,5314,23,28,1786,818,968,3878,145,1113,1802,820,982,3862,198,1180,2063,1047,1016,3601,164,1180,4707,1719,2988,957,400,3388,0.4681899641577061,0.42,0.8994082840236687,0.008261359369132557,0.9857142857142858,0.0043281896876176135,0.458006718924972,0.03739040742650851,0.4550499445061043,0.05126877265665458,0.5075133301017936,0.045542904748680925,0.3652007648183556,0.4179728317659352
signed_targeting,hmda_oh,mlp,1008,contexts,5664,4464,4464,0,1200,0,0,338,335,3,5326,4,7,350,350,0,5314,0,0,1786,1769,17,3878,2,19,1802,1782,20,3862,6,26,2063,2041,22,3601,4,26,4707,4690,17,957,2,19,1.0,0.0,0.9911242603550295,0.0007510326699211416,1.0,0.0,0.990481522956327,0.0005157297576070139,0.9889012208657048,0.0015535991714137752,0.9893359185651963,0.0011108025548458762,0.9963883577650308,0.0020898641588296763
signed_targeting,hmda_oh,mlp,1008,features,5664,4464,4463,1,1200,0,1,338,333,5,5326,5,10,350,350,0,5314,0,0,1786,1741,45,3878,2,47,1802,1754,48,3862,8,56,2063,2011,52,3601,4,56,4707,4659,48,957,0,48,0.9997759856630825,0.0,0.985207100591716,0.000938790837401427,1.0,0.0,0.9748040313549832,0.0005157297576070139,0.9733629300776915,0.0020714655618850335,0.9747939893359185,0.0011108025548458762,0.9898024219247928,0.0
signed_targeting,hmda_oh,mlp,1008,full,5664,4464,4464,0,1200,0,0,338,338,0,5326,1,1,350,350,0,5314,0,0,1786,1754,32,3878,2,34,1802,1770,32,3862,3,35,2063,2031,32,3601,3,35,4707,4674,33,957,1,34,1.0,0.0,1.0,0.0001877581674802854,1.0,0.0,0.9820828667413214,0.0005157297576070139,0.9822419533851277,0.0007767995857068876,0.9844886088221038,0.0008331019161344071,0.992989165073295,0.0010449320794148381
signed_targeting,hmda_oh,mlp,1008,population,5664,4464,2383,2081,1200,535,2616,338,323,15,5326,44,59,350,343,7,5314,47,54,1786,1286,500,3878,211,711,1802,1282,520,3862,249,769,2063,1524,539,3601,230,769,4707,2158,2549,957,459,3008,0.5338261648745519,0.44583333333333336,0.9556213017751479,0.008261359369132557,0.98,0.008844561535566429,0.7200447928331467,0.05440948942753997,0.7114317425083241,0.06447436561367167,0.7387300048473098,0.06387114690363788,0.4584661142978543,0.47962382445141066
signed_targeting,hmda_oh,mlp,1008,task,5664,4464,0,4464,1200,0,4464,338,0,338,5326,0,338,350,0,350,5314,0,350,1786,0,1786,3878,0,1786,1802,0,1802,3862,261,2063,2063,0,2063,3601,0,2063,4707,0,4707,957,0,4707,0.0,0.0,0.0,0.0,0.0,0.0,0.0,0.0,0.0,0.06758156395649922,0.0,0.0,0.0,0.0
signed_targeting,hmda_oh,mlp,1009,augmentation,5664,4615,1748,2867,1049,445,3312,452,423,29,5212,62,91,363,327,36,5301,47,83,1524,598,926,4140,225,1151,1543,611,932,4121,285,1217,1852,899,953,3812,264,1217,4770,1528,3242,894,387,3629,0.37876489707475625,0.4242135367016206,0.9358407079646017,0.011895625479662318,0.9008264462809917,0.008866251650631957,0.39238845144356954,0.05434782608695652,0.3959818535320804,0.06915797136617326,0.48542116630669546,0.06925498426023086,0.32033542976939205,0.43288590604026844
signed_targeting,hmda_oh,mlp,1009,contexts,5664,4615,4599,16,1049,1,17,452,451,1,5212,8,9,363,363,0,5301,0,0,1524,1499,25,4140,9,34,1543,1512,31,4121,12,43,1852,1819,33,3812,10,43,4770,4721,49,894,2,51,0.9965330444203684,0.0009532888465204957,0.9977876106194691,0.0015349194167306216,1.0,0.0,0.9835958005249343,0.002173913043478261,0.9799092676604018,0.002911914583838874,0.9821814254859611,0.0026232948583420775,0.9897274633123689,0.0022371364653243847
signed_targeting,hmda_oh,mlp,1009,features,5664,4615,4614,1,1049,0,1,452,451,1,5212,3,4,363,363,0,5301,0,0,1524,1476,48,4140,13,61,1543,1495,48,4121,17,65,1852,1801,51,3812,14,65,4770,4712,58,894,4,62,0.9997833152762731,0.0,0.9977876106194691,0.0005755947812739831,1.0,0.0,0.968503937007874,0.003140096618357488,0.9688917692806222,0.004125212327105072,0.9724622030237581,0.0036726128016789086,0.9878406708595387,0.0044742729306487695
signed_targeting,hmda_oh,mlp,1009,full,5664,4615,4615,0,1049,0,0,452,452,0,5212,4,4,363,363,0,5301,0,0,1524,1481,43,4140,3,46,1543,1497,46,4121,4,50,1852,1806,46,3812,4,50,4770,4725,45,894,1,46,1.0,0.0,1.0,0.0007674597083653108,1.0,0.0,0.9717847769028871,0.0007246376811594203,0.9701879455605963,0.000970638194612958,0.9751619870410367,0.001049317943336831,0.9905660377358491,0.0011185682326621924
signed_targeting,hmda_oh,mlp,1009,population,5664,4615,2307,2308,1049,356,2664,452,448,4,5212,31,35,363,352,11,5301,62,73,1524,1040,484,4140,179,663,1543,1049,494,4121,202,696,1852,1352,500,3812,196,696,4770,2117,2653,894,301,2954,0.49989165763813653,0.3393708293612965,0.9911504424778761,0.005947812739831159,0.9696969696969697,0.011695906432748537,0.6824146981627297,0.043236714975845414,0.6798444588464031,0.04901722882795438,0.7300215982721382,0.05141657922350472,0.44381551362683436,0.3366890380313199
signed_targeting,hmda_oh,mlp,1009,task,5664,4615,0,4615,1049,0,4615,452,0,452,5212,0,452,363,0,363,5301,0,363,1524,0,1524,4140,0,1524,1543,0,1543,4121,309,1852,1852,0,1852,3812,0,1852,4770,0,4770,894,0,4770,0.0,0.0,0.0,0.0,0.0,0.0,0.0,0.0,0.0,0.074981800533851,0.0,0.0,0.0,0.0
targeting,acs_income,mlp,1000,augmentation,9173,5857,1622,4235,3316,1855,6090,1305,1034,271,7868,548,819,87,86,1,9086,44,45,6,2,4,9167,55,59,113,102,11,9060,899,910,1392,1095,297,7781,613,910,5858,1608,4250,3315,1857,6107,0.276933583745945,0.5594089264173703,0.7923371647509578,0.06964921199796645,0.9885057471264368,0.004842615012106538,0.3333333333333333,0.005999781826115414,0.9026548672566371,0.09922737306843267,0.7866379310344828,0.07878164760313584,0.2744964151587573,0.5601809954751131
targeting,acs_income,mlp,1000,contexts,9173,5857,5608,249,3316,111,360,1305,1270,35,7868,48,83,87,87,0,9086,0,0,6,6,0,9167,3,3,113,112,1,9060,85,86,1392,1356,36,7781,50,86,5858,5606,252,3315,111,363,0.9574867679699505,0.03347406513872135,0.9731800766283525,0.006100660904931368,1.0,0.0,1.0,0.00032726082687902256,0.9911504424778761,0.009381898454746136,0.9741379310344828,0.006425909266161162,0.9569819050870604,0.0334841628959276
targeting,acs_income,mlp,1000,features,9173,5857,5835,22,3316,5,27,1305,1279,26,7868,44,70,87,87,0,9086,0,0,6,5,1,9167,2,3,113,112,1,9060,72,73,1392,1365,27,7781,46,73,5858,5833,25,3315,5,30,0.9962438108246543,0.0015078407720144752,0.9800766283524904,0.005592272496187087,1.0,0.0,0.8333333333333334,0.00021817388458601506,0.9911504424778761,0.007947019867549669,0.9806034482758621,0.005911836524868269,0.995732331853875,0.0015082956259426848
targeting,acs_income,mlp,1000,full,9173,5857,5842,15,3316,2,17,1305,1274,31,7868,37,68,87,87,0,9086,0,0,6,5,1,9167,1,2,113,111,2,9060,68,70,1392,1360,32,7781,38,70,5858,5841,17,3315,2,19,0.9974389619259006,0.0006031363088057901,0.9762452107279693,0.004702592780884596,1.0,0.0,0.8333333333333334,0.00010908694229300753,0.9823008849557522,0.0075055187637969095,0.9770114942528736,0.004883691042282483,0.997097985660635,0.0006033182503770739
targeting,acs_income,mlp,1000,population,9173,5857,4620,1237,3316,463,1700,1305,1255,50,7868,96,146,87,87,0,9086,9,9,6,6,0,9167,0,0,113,109,4,9060,151,155,1392,1338,54,7781,101,155,5858,4621,1237,3315,463,1700,0.7887997268226055,0.1396260554885404,0.9616858237547893,0.012201321809862735,1.0,0.0009905348888399736,1.0,0.0,0.9646017699115044,0.016666666666666666,0.9612068965517241,0.012980336717645547,0.7888357801297371,0.1396681749622926
targeting,acs_income,mlp,1000,task,9173,5857,0,5857,3316,0,5857,1305,0,1305,7868,0,1305,87,0,87,9086,0,87,6,0,6,9167,0,6,113,0,113,9060,1279,1392,1392,0,1392,7781,0,1392,5858,0,5858,3315,0,5858,0.0,0.0,0.0,0.0,0.0,0.0,0.0,0.0,0.0,0.14116997792494482,0.0,0.0,0.0,0.0
targeting,acs_income,mlp,1001,augmentation,9173,5859,2115,3744,3314,1299,5043,1234,1108,126,7939,291,417,186,186,0,8987,24,24,5,1,4,9168,51,55,195,178,17,8978,472,489,1414,1260,154,7759,335,489,5859,2095,3764,3314,1303,5067,0.36098310291858676,0.391973445986723,0.8978930307941653,0.03665449048998615,1.0,0.002670524090352732,0.2,0.00556282722513089,0.9128205128205128,0.05257295611494765,0.8910891089108911,0.0431756669673927,0.3575695511179382,0.3931804465902233
targeting,acs_income,mlp,1001,contexts,9173,5859,5449,410,3314,98,508,1234,1174,60,7939,85,145,186,186,0,8987,1,1,5,5,0,9168,0,0,195,193,2,8978,144,146,1414,1352,62,7759,84,146,5859,5449,410,3314,98,508,0.9300221880867042,0.029571514785757393,0.9513776337115073,0.010706638115631691,1.0,0.00011127183709803049,1.0,0.0,0.9897435897435898,0.01603920695032301,0.9561527581329562,0.010826137388838768,0.9300221880867042,0.029571514785757393
targeting,acs_income,mlp,1001,features,9173,5859,5808,51,3314,32,83,1234,1228,6,7939,26,32,186,186,0,8987,0,0,5,3,2,9168,22,24,195,188,7,8978,49,56,1414,1399,15,7759,41,56,5859,5791,68,3314,39,107,0.9912954429083461,0.009656004828002414,0.9951377633711507,0.0032749716588991056,1.0,0.0,0.6,0.002399650959860384,0.9641025641025641,0.005457785698373803,0.9893917963224894,0.005284186106457017,0.9883939238777949,0.011768255884127943
targeting,acs_income,mlp,1001,full,9173,5859,5859,0,3314,0,0,1234,1227,7,7939,18,25,186,186,0,8987,0,0,5,4,1,9168,3,4,195,194,1,8978,28,29,1414,1405,9,7759,20,29,5859,5856,3,3314,1,4,1.0,0.0,0.9943273905996759,0.002267288071545535,1.0,0.0,0.8,0.0003272251308900524,0.9948717948717949,0.00311873468478503,0.9936350777934936,0.002577651759247326,0.9994879672299027,0.00030175015087507544
targeting,acs_income,mlp,1001,population,9173,5859,4555,1304,3314,317,1621,1234,1105,129,7939,308,437,186,186,0,8987,0,0,5,5,0,9168,0,0,195,168,27,8978,410,437,1414,1261,153,7759,284,437,5859,4555,1304,3314,317,1621,0.777436422597713,0.09565479782739891,0.8954619124797407,0.03879581811311248,1.0,0.0,1.0,0.0,0.8615384615384616,0.0456671864557808,0.8917963224893918,0.03660265498131202,0.777436422597713,0.09565479782739891
targeting,acs_income,mlp,1001,task,9173,5859,0,5859,3314,0,5859,1234,0,1234,7939,0,1234,186,0,186,8987,0,186,5,0,5,9168,0,5,195,0,195,8978,1219,1414,1414,0,1414,7759,0,1414,5859,0,5859,3314,0,5859,0.0,0.0,0.0,0.0,0.0,0.0,0.0,0.0,0.0,0.13577634216974827,0.0,0.0,0.0,0.0
targeting,acs_income,mlp,1002,augmentation,9173,5473,1369,4104,3700,1920,6024,1376,1127,249,7797,469,718,62,62,0,9111,72,72,3,3,0,9170,22,22,66,65,1,9107,802,803,1439,1170,269,7734,534,803,5475,1364,4111,3698,1918,6029,0.25013703636031426,0.518918918918919,0.8190406976744186,0.060151340259074,1.0,0.007902535396773132,1.0,0.0023991275899672847,0.9848484848484849,0.0880641264961019,0.8130646282140376,0.06904577191621412,0.2491324200913242,0.5186587344510546
targeting,acs_income,mlp,1002,contexts,9173,5473,5244,229,3700,62,291,1376,1339,37,7797,62,99,62,62,0,9111,0,0,3,3,0,9170,0,0,66,66,0,9107,99,99,1439,1401,38,7734,61,99,5475,5246,229,3698,62,291,0.9581582313173762,0.016756756756756756,0.9731104651162791,0.007951776324227267,1.0,0.0,1.0,0.0,1.0,0.01087075875700011,0.9735927727588604,0.007887251099043186,0.9581735159817352,0.0167658193618172
targeting,acs_income,mlp,1002,features,9173,5473,5438,35,3700,22,57,1376,1358,18,7797,43,61,62,62,0,9111,0,0,3,3,0,9170,0,0,66,65,1,9107,60,61,1439,1419,20,7734,41,61,5475,5440,35,3698,22,57,0.9936049698520008,0.005945945945945946,0.9869186046511628,0.005514941644222136,1.0,0.0,1.0,0.0,0.9848484848484849,0.006588338640606127,0.9861014593467686,0.00530126713214378,0.993607305936073,0.005949161709031909
targeting,acs_income,mlp,1002,full,9173,5473,5471,2,3700,0,2,1376,1345,31,7797,46,77,62,62,0,9111,0,0,3,3,0,9170,0,0,66,65,1,9107,76,77,1439,1407,32,7734,45,77,5475,5473,2,3698,0,2,0.9996345697058286,0.0,0.9774709302325582,0.0058997050147492625,1.0,0.0,1.0,0.0,0.9848484848484849,0.00834522894476776,0.9777623349548298,0.0058184639255236615,0.9996347031963471,0.0
targeting,acs_income,mlp,1002,population,9173,5473,4476,997,3700,76,1073,1376,1186,190,7797,221,411,62,62,0,9111,0,0,3,3,0,9170,0,0,66,62,4,9107,407,411,1439,1247,192,7734,219,411,5475,4478,997,3698,76,1073,0.8178329983555637,0.02054054054054054,0.8619186046511628,0.028344234962164934,1.0,0.0,1.0,0.0,0.9393939393939394,0.04469089711211156,0.8665740097289785,0.028316524437548486,0.8178995433789954,0.02055164954029205
targeting,acs_income,mlp,1002,task,9173,5473,0,5473,3700,0,5473,1376,0,1376,7797,0,1376,62,0,62,9111,0,62,3,0,3,9170,0,3,66,0,66,9107,1373,1439,1439,0,1439,7734,0,1439,5475,0,5475,3698,0,5475,0.0,0.0,0.0,0.0,0.0,0.0,0.0,0.0,0.0,0.1507631492258702,0.0,0.0,0.0,0.0
targeting,acs_income,mlp,1003,augmentation,9173,6648,2420,4228,2525,1271,5499,1392,1219,173,7781,359,532,199,195,4,8974,22,26,3,3,0,9170,32,32,214,195,19,8959,569,588,1583,1381,202,7590,386,588,6648,2415,4233,2525,1272,5505,0.36401925391095064,0.5033663366336634,0.8757183908045977,0.04613802853103714,0.9798994974874372,0.0024515266324938714,1.0,0.003489640130861505,0.9112149532710281,0.0635115526286416,0.8723941882501579,0.05085638998682477,0.36326714801444043,0.5037623762376238
targeting,acs_income,mlp,1003,contexts,9173,6648,6006,642,2525,120,762,1392,1297,95,7781,117,212,199,199,0,8974,0,0,3,3,0,9170,0,0,214,211,3,8959,209,212,1583,1486,97,7590,115,212,6648,6006,642,2525,120,762,0.9034296028880866,0.047524752475247525,0.9317528735632183,0.01503662768281712,1.0,0.0,1.0,0.0,0.985981308411215,0.023328496483982587,0.9387239418825016,0.015151515151515152,0.9034296028880866,0.047524752475247525
targeting,acs_income,mlp,1003,features,9173,6648,6474,174,2525,65,239,1392,1353,39,7781,36,75,199,199,0,8974,0,0,3,1,2,9170,10,12,214,209,5,8959,82,87,1583,1538,45,7590,42,87,6648,6465,183,2525,66,249,0.973826714801444,0.02574257425742574,0.9719827586206896,0.004626654671636037,1.0,0.0,0.3333333333333333,0.0010905125408942203,0.9766355140186916,0.009152807232950106,0.9715729627289956,0.005533596837944664,0.9724729241877257,0.026138613861386138
targeting,acs_income,mlp,1003,full,9173,6648,6641,7,2525,1,8,1392,1366,26,7781,28,54,199,199,0,8974,0,0,3,2,1,9170,5,6,214,208,6,8959,54,60,1583,1551,32,7590,28,60,6648,6636,12,2525,2,14,0.9989470517448856,0.00039603960396039607,0.9813218390804598,0.0035985091890502505,1.0,0.0,0.6666666666666666,0.0005452562704471102,0.9719626168224299,0.006027458421698851,0.9797852179406191,0.003689064558629776,0.9981949458483754,0.0007920792079207921
targeting,acs_income,mlp,1003,population,9173,6648,5207,1441,2525,437,1878,1392,1208,184,7781,197,381,199,198,1,8974,0,1,3,3,0,9170,0,0,214,209,5,8959,377,382,1583,1395,188,7590,194,382,6648,5207,1441,2525,437,1878,0.7832430806257521,0.17306930693069306,0.867816091954023,0.025318082508674976,0.9949748743718593,0.0,1.0,0.0,0.9766355140186916,0.04208058935149012,0.881238155401137,0.025559947299077734,0.7832430806257521,0.17306930693069306
targeting,acs_income,mlp,1003,task,9173,6648,0,6648,2525,0,6648,1392,0,1392,7781,0,1392,199,0,199,8974,0,199,3,0,3,9170,0,3,214,0,214,8959,1369,1583,1583,0,1583,7590,0,1583,6648,0,6648,2525,0,6648,0.0,0.0,0.0,0.0,0.0,0.0,0.0,0.0,0.0,0.15280723295010604,0.0,0.0,0.0,0.0
targeting,acs_income,mlp,1004,augmentation,9173,5918,1696,4222,3255,1958,6180,1124,909,215,8049,433,648,153,149,4,9020,47,51,3,0,3,9170,74,77,163,140,23,9010,733,756,1279,1022,257,7894,499,756,5918,1673,4245,3255,1961,6206,0.28658330517066577,0.6015360983102919,0.8087188612099644,0.053795502546900235,0.9738562091503268,0.0052106430155210645,0.0,0.00806979280261723,0.8588957055214724,0.08135405105438402,0.799061767005473,0.06321256650620724,0.28269685704629943,0.602457757296467
targeting,acs_income,mlp,1004,contexts,9173,5918,5750,168,3255,97,265,1124,1057,67,8049,102,169,153,153,0,9020,1,1,3,3,0,9170,0,0,163,157,6,9010,164,170,1279,1206,73,7894,97,170,5918,5750,168,3255,97,265,0.971612031091585,0.029800307219662057,0.9403914590747331,0.0126723816623183,1.0,0.00011086474501108647,1.0,0.0,0.9631901840490797,0.018201997780244172,0.9429241594996091,0.01228781352926273,0.971612031091585,0.029800307219662057
targeting,acs_income,mlp,1004,features,9173,5918,5903,15,3255,12,27,1124,1104,20,8049,53,73,153,153,0,9020,0,0,3,3,0,9170,0,0,163,160,3,9010,70,73,1279,1257,22,7894,51,73,5918,5903,15,3255,12,27,0.9974653599188915,0.003686635944700461,0.9822064056939501,0.006584668902969313,1.0,0.0,1.0,0.0,0.9815950920245399,0.00776914539400666,0.9827990617670055,0.006460602989612364,0.9974653599188915,0.003686635944700461
targeting,acs_income,mlp,1004,full,9173,5918,5903,15,3255,12,27,1124,1104,20,8049,53,73,153,153,0,9020,0,0,3,3,0,9170,0,0,163,160,3,9010,70,73,1279,1257,22,7894,51,73,5918,5903,15,3255,12,27,0.9974653599188915,0.003686635944700461,0.9822064056939501,0.006584668902969313,1.0,0.0,1.0,0.0,0.9815950920245399,0.00776914539400666,0.9827990617670055,0.006460602989612364,0.9974653599188915,0.003686635944700461
targeting,acs_income,mlp,1004,population,9173,5918,5135,783,3255,241,1024,1124,1069,55,8049,83,138,153,152,1,9020,9,10,3,3,0,9170,0,0,163,160,3,9010,145,148,1279,1219,60,7894,88,148,5918,5135,783,3255,241,1024,0.8676917877661372,0.0740399385560676,0.951067615658363,0.010311839980121754,0.9934640522875817,0.0009977827050997783,1.0,0.0,0.9815950920245399,0.01609322974472808,0.9530883502736512,0.011147707119331137,0.8676917877661372,0.0740399385560676
targeting,acs_income,mlp,1004,task,9173,5918,0,5918,3255,0,5918,1124,0,1124,8049,0,1124,153,0,153,9020,0,153,3,0,3,9170,0,3,163,0,163,9010,1116,1279,1279,0,1279,7894,0,1279,5918,0,5918,3255,0,5918,0.0,0.0,0.0,0.0,0.0,0.0,0.0,0.0,0.0,0.12386237513873474,0.0,0.0,0.0,0.0
targeting,acs_income,mlp,1005,augmentation,9173,6200,1138,5062,2973,2233,7295,1201,1019,182,7972,531,713,91,90,1,9082,122,123,8,6,2,9165,133,135,104,90,14,9069,926,940,1289,1059,230,7884,710,940,6200,1120,5080,2973,2234,7314,0.1835483870967742,0.7510931718802556,0.8484596169858452,0.0666081284495735,0.989010989010989,0.013433164501211186,0.75,0.014511729405346426,0.8653846153846154,0.10210607564229794,0.821567106283941,0.09005580923389142,0.18064516129032257,0.7514295324587958
targeting,acs_income,mlp,1005,contexts,9173,6200,6001,199,2973,38,237,1201,1167,34,7972,41,75,91,91,0,9082,0,0,8,8,0,9165,0,0,104,103,1,9069,74,75,1289,1254,35,7884,40,75,6200,6001,199,2973,38,237,0.9679032258064516,0.012781701984527414,0.9716902581182348,0.005143000501756146,1.0,0.0,1.0,0.0,0.9903846153846154,0.00815966479214908,0.9728471683475562,0.0050735667174023336,0.9679032258064516,0.012781701984527414
targeting,acs_income,mlp,1005,features,9173,6200,6152,48,2973,7,55,1201,1175,26,7972,32,58,91,91,0,9082,0,0,8,7,1,9165,0,1,104,103,1,9069,58,59,1289,1262,27,7884,32,59,6200,6151,49,2973,7,56,0.9922580645161291,0.0023545240497813654,0.9783513738551207,0.004014049172102358,1.0,0.0,0.875,0.0,0.9903846153846154,0.006395412945197927,0.9790535298681148,0.004058853373921867,0.9920967741935484,0.0023545240497813654
targeting,acs_income,mlp,1005,full,9173,6200,6192,8,2973,1,9,1201,1184,17,7972,30,47,91,91,0,9082,0,0,8,7,1,9165,0,1,104,101,3,9069,45,48,1289,1270,19,7884,29,48,6200,6191,9,2973,1,10,0.9987096774193548,0.0003363605785401951,0.9858451290591174,0.003763171098845961,1.0,0.0,0.875,0.0,0.9711538461538461,0.004961958319550115,0.9852598913886734,0.003678335870116692,0.9985483870967742,0.0003363605785401951
targeting,acs_income,mlp,1005,population,9173,6200,5301,899,2973,178,1077,1201,1137,64,7972,70,134,91,91,0,9082,0,0,8,8,0,9165,0,0,104,104,0,9069,134,134,1289,1225,64,7884,70,134,6200,5301,899,2973,178,1077,0.855,0.059872182980154724,0.9467110741049126,0.008780732563973909,1.0,0.0,1.0,0.0,1.0,0.0147756092182159,0.9503491078355314,0.008878741755454084,0.855,0.059872182980154724
targeting,acs_income,mlp,1005,task,9173,6200,0,6200,2973,0,6200,1201,0,1201,7972,0,1201,91,0,91,9082,0,91,8,0,8,9165,0,8,104,0,104,9069,1185,1289,1289,0,1289,7884,0,1289,6200,0,6200,2973,0,6200,0.0,0.0,0.0,0.0,0.0,0.0,0.0,0.0,0.0,0.1306649024148197,0.0,0.0,0.0,0.0
targeting,acs_income,mlp,1006,augmentation,9173,4698,1264,3434,4475,2567,6001,1345,1046,299,7828,583,882,50,50,0,9123,47,47,11,7,4,9162,129,133,59,50,9,9114,1020,1029,1402,1068,334,7771,695,1029,4699,1244,3455,4474,2569,6024,0.26905065985525756,0.5736312849162011,0.7776951672862453,0.07447623914154318,1.0,0.005151814096240272,0.6363636363636364,0.014079895219384414,0.847457627118644,0.1119157340355497,0.7617689015691869,0.08943507914039377,0.2647371781230049,0.5742065265981224
targeting,acs_income,mlp,1006,contexts,9173,4698,4630,68,4475,32,100,1345,1317,28,7828,55,83,50,50,0,9123,1,1,11,11,0,9162,0,0,59,59,0,9114,84,84,1402,1374,28,7771,56,84,4699,4631,68,4474,32,100,0.9855257556406982,0.007150837988826816,0.979182156133829,0.007026060296371998,1.0,0.00010961306587745259,1.0,0.0,1.0,0.009216589861751152,0.9800285306704708,0.007206279758074894,0.9855288359225367,0.007152436298614216
targeting,acs_income,mlp,1006,features,9173,4698,4687,11,4475,3,14,1345,1331,14,7828,49,63,50,50,0,9123,0,0,11,11,0,9162,0,0,59,59,0,9114,63,63,1402,1388,14,7771,49,63,4699,4688,11,4474,3,14,0.9976585781183482,0.000670391061452514,0.9895910780669145,0.0062595809913132345,1.0,0.0,1.0,0.0,1.0,0.0069124423963133645,0.9900142653352354,0.006305494788315532,0.9976590763992339,0.0006705409029950827
targeting,acs_income,mlp,1006,full,9173,4698,4697,1,4475,2,3,1345,1334,11,7828,39,50,50,50,0,9123,0,0,11,10,1,9162,5,6,59,58,1,9114,55,56,1402,1389,13,7771,43,56,4699,4692,7,4474,2,9,0.9997871434653044,0.000446927374301676,0.9918215613382899,0.004982115482881962,1.0,0.0,0.9090909090909091,0.0005457323728443571,0.9830508474576272,0.006034671933289445,0.9907275320970043,0.0055333933856646506,0.998510321344967,0.0004470272686633885
targeting,acs_income,mlp,1006,population,9173,4698,4265,433,4475,49,482,1345,1286,59,7828,104,163,50,50,0,9123,1,1,11,11,0,9162,0,0,59,58,1,9114,163,164,1402,1343,59,7771,105,164,4699,4266,433,4474,49,482,0.9078331204767986,0.010949720670391062,0.9561338289962825,0.013285641287685232,1.0,0.00010961306587745259,1.0,0.0,0.9830508474576272,0.017884573184112355,0.9579172610556348,0.013511774546390427,0.9078527346243882,0.010952168082253017
targeting,acs_income,mlp,1006,task,9173,4698,0,4698,4475,0,4698,1345,0,1345,7828,0,1345,50,0,50,9123,0,50,11,0,11,9162,0,11,59,0,59,9114,1343,1402,1402,0,1402,7771,0,1402,4699,0,4699,4474,0,4699,0.0,0.0,0.0,0.0,0.0,0.0,0.0,0.0,0.0,0.14735571648014045,0.0,0.0,0.0,0.0
targeting,acs_income,mlp,1007,augmentation,9173,6851,2051,4800,2322,1207,6007,1300,1043,257,7873,472,729,126,125,1,9047,52,53,2,2,0,9171,28,28,149,130,19,9024,781,800,1417,1134,283,7756,517,800,6851,2041,4810,2322,1207,6017,0.2993723544008174,0.5198105081826012,0.8023076923076923,0.0599517337736568,0.9920634920634921,0.005747761688957666,1.0,0.0030531021698833277,0.87248322147651,0.08654698581560284,0.8002822865208187,0.06665807117070655,0.29791271347248577,0.5198105081826012
targeting,acs_income,mlp,1007,contexts,9173,6851,6622,229,2322,52,281,1300,1275,25,7873,57,82,126,126,0,9047,0,0,2,2,0,9171,10,10,149,148,1,9024,91,92,1417,1388,29,7756,63,92,6851,6613,238,2322,53,291,0.9665742227412056,0.02239448751076658,0.9807692307692307,0.007239933951479741,1.0,0.0,1.0,0.0010903936321011885,0.9932885906040269,0.010084219858156029,0.9795342272406493,0.008122743682310469,0.9652605459057072,0.022825150732127476
targeting,acs_income,mlp,1007,features,9173,6851,6807,44,2322,11,55,1300,1274,26,7873,27,53,126,126,0,9047,0,0,2,2,0,9171,0,0,149,148,1,9024,52,53,1417,1390,27,7756,26,53,6851,6807,44,2322,11,55,0.9935775799153408,0.004737295434969853,0.98,0.003429442398069351,1.0,0.0,1.0,0.0,0.9932885906040269,0.00576241134751773,0.9809456598447425,0.0033522434244455906,0.9935775799153408,0.004737295434969853
targeting,acs_income,mlp,1007,full,9173,6851,6834,17,2322,2,19,1300,1287,13,7873,27,40,126,126,0,9047,0,0,2,2,0,9171,1,1,149,149,0,9024,41,41,1417,1404,13,7756,28,41,6851,6833,18,2322,2,20,0.9975186104218362,0.0008613264427217916,0.99,0.003429442398069351,1.0,0.0,1.0,0.00010903936321011885,1.0,0.004543439716312056,0.9908256880733946,0.0036101083032490976,0.997372646329003,0.0008613264427217916
targeting,acs_income,mlp,1007,population,9173,6851,5309,1542,2322,362,1904,1300,1203,97,7873,113,210,126,126,0,9047,0,0,2,2,0,9171,0,0,149,143,6,9024,204,210,1417,1317,100,7756,110,210,6851,5309,1542,2322,362,1904,0.7749233688512626,0.15590008613264428,0.9253846153846154,0.014352851517845803,1.0,0.0,1.0,0.0,0.959731543624161,0.022606382978723406,0.9294283697953423,0.014182568334192883,0.7749233688512626,0.15590008613264428
targeting,acs_income,mlp,1007,task,9173,6851,0,6851,2322,0,6851,1300,0,1300,7873,0,1300,126,0,126,9047,0,126,2,0,2,9171,0,2,149,0,149,9024,1268,1417,1417,0,1417,7756,0,1417,6851,0,6851,2322,0,6851,0.0,0.0,0.0,0.0,0.0,0.0,0.0,0.0,0.0,0.14051418439716312,0.0,0.0,0.0,0.0
targeting,acs_income,mlp,1008,augmentation,9173,5908,2181,3727,3265,1436,5163,1195,1051,144,7978,269,413,186,184,2,8987,20,22,4,3,1,9169,31,32,195,184,11,8978,452,463,1372,1214,158,7801,305,463,5908,2166,3742,3265,1436,5178,0.3691604603926879,0.43981623277182236,0.8794979079497908,0.03371772374028579,0.989247311827957,0.0022254367419606096,0.75,0.003380957574435598,0.9435897435897436,0.05034528848295834,0.8848396501457726,0.039097551595949236,0.36662153012863913,0.43981623277182236
targeting,acs_income,mlp,1008,contexts,9173,5908,5706,202,3265,106,308,1195,1160,35,7978,48,83,186,186,0,8987,0,0,4,4,0,9169,0,0,195,193,2,8978,81,83,1372,1335,37,7801,46,83,5908,5706,202,3265,106,308,0.9658090724441435,0.03246554364471669,0.9707112970711297,0.006016545500125345,1.0,0.0,1.0,0.0,0.9897435897435898,0.009022053909556694,0.9730320699708455,0.005896679912831688,0.9658090724441435,0.03246554364471669
targeting,acs_income,mlp,1008,features,9173,5908,5788,120,3265,43,163,1195,1172,23,7978,35,58,186,186,0,8987,0,0,4,4,0,9169,0,0,195,192,3,8978,55,58,1372,1347,25,7801,33,58,5908,5788,120,3265,43,163,0.97968855788761,0.013169984686064319,0.9807531380753138,0.004387064427174731,1.0,0.0,1.0,0.0,0.9846153846153847,0.006126085987970595,0.9817784256559767,0.004230226893987951,0.97968855788761,0.013169984686064319
targeting,acs_income,mlp,1008,full,9173,5908,5891,17,3265,2,19,1195,1176,19,7978,30,49,186,186,0,8987,0,0,4,4,0,9169,0,0,195,192,3,8978,46,49,1372,1351,21,7801,28,49,5908,5891,17,3265,2,19,0.9971225457007448,0.0006125574272588055,0.9841004184100418,0.0037603409375783405,1.0,0.0,1.0,0.0,0.9846153846153847,0.0051236355535754065,0.9846938775510204,0.003589283425201897,0.9971225457007448,0.0006125574272588055
targeting,acs_income,mlp,1008,population,9173,5908,5474,434,3265,174,608,1195,1150,45,7978,66,111,186,186,0,8987,0,0,4,4,0,9169,0,0,195,192,3,8978,108,111,1372,1324,48,7801,63,111,5908,5474,434,3265,174,608,0.9265402843601895,0.05329249617151608,0.9623430962343096,0.008272750062672349,1.0,0.0,1.0,0.0,0.9846153846153847,0.01202940521274226,0.9650145772594753,0.008075887706704268,0.9265402843601895,0.05329249617151608
targeting,acs_income,mlp,1008,task,9173,5908,0,5908,3265,0,5908,1195,0,1195,7978,0,1195,186,0,186,8987,0,186,4,0,4,9169,0,4,195,0,195,8978,1177,1372,1372,0,1372,7801,0,1372,5908,0,5908,3265,0,5908,0.0,0.0,0.0,0.0,0.0,0.0,0.0,0.0,0.0,0.13109824014257074,0.0,0.0,0.0,0.0
targeting,acs_income,mlp,1009,augmentation,9173,5220,1332,3888,3953,2075,5963,1284,972,312,7889,606,918,49,49,0,9124,42,42,3,2,1,9170,47,48,60,55,5,9113,987,992,1335,1010,325,7838,667,992,5221,1327,3894,3952,2084,5978,0.25517241379310346,0.5249177839615482,0.7570093457943925,0.07681581949550007,1.0,0.004603244191144235,0.6666666666666666,0.005125408942202835,0.9166666666666666,0.10830681444090859,0.7565543071161048,0.08509823934677213,0.2541658686075465,0.5273279352226721
targeting,acs_income,mlp,1009,contexts,9173,5220,4931,289,3953,73,362,1284,1260,24,7889,48,72,49,49,0,9124,0,0,3,3,0,9170,0,0,60,58,2,9113,70,72,1335,1308,27,7838,45,72,5221,4932,289,3952,73,362,0.9446360153256705,0.018466987098406273,0.9813084112149533,0.006084421346178223,1.0,0.0,1.0,0.0,0.9666666666666667,0.007681334357511248,0.9797752808988764,0.005741260525644297,0.9446466194215668,0.01847165991902834
targeting,acs_income,mlp,1009,features,9173,5220,5213,7,3953,1,8,1284,1254,30,7889,36,66,49,49,0,9124,0,0,3,3,0,9170,1,1,60,58,2,9113,65,67,1335,1303,32,7838,35,67,5221,5213,8,3952,1,9,0.9986590038314176,0.00025297242600556537,0.9766355140186916,0.0045633160096336675,1.0,0.0,1.0,0.00010905125408942203,0.9666666666666667,0.007132667617689016,0.9760299625468165,0.004465424853278898,0.9984677264891784,0.00025303643724696357
targeting,acs_income,mlp,1009,full,9173,5220,5214,6,3953,1,7,1284,1258,26,7889,44,70,49,49,0,9124,0,0,3,3,0,9170,0,0,60,57,3,9113,67,70,1335,1306,29,7838,41,70,5221,5215,6,3952,1,7,0.9988505747126437,0.00025297242600556537,0.9797507788161994,0.005577386233996704,1.0,0.0,1.0,0.0,0.95,0.007352134313617908,0.9782771535580524,0.005230926256698137,0.9988507948668838,0.00025303643724696357
targeting,acs_income,mlp,1009,population,9173,5220,4161,1059,3953,136,1195,1284,1105,179,7889,219,398,49,49,0,9124,0,0,3,3,0,9170,0,0,60,58,2,9113,396,398,1335,1155,180,7838,218,398,5221,4162,1059,3952,136,1195,0.7971264367816092,0.03440424993675689,0.8605919003115264,0.02776017239193814,1.0,0.0,1.0,0.0,0.9666666666666667,0.04345440579392077,0.8651685393258427,0.027813217657565704,0.7971652940049799,0.03441295546558704
targeting,acs_income,mlp,1009,task,9173,5220,0,5220,3953,0,5220,1284,0,1284,7889,0,1284,49,0,49,9124,0,49,3,0,3,9170,0,3,60,0,60,9113,1275,1335,1335,0,1335,7838,0,1335,5221,0,5221,3952,0,5221,0.0,0.0,0.0,0.0,0.0,0.0,0.0,0.0,0.0,0.13991001865466915,0.0,0.0,0.0,0.0
targeting,credit_broad,mlp,1000,augmentation,40432,1262,719,543,39170,10862,11405,332,271,61,40100,559,620,5,5,0,40427,157,157,50,38,12,40382,2375,2387,53,38,15,40379,3112,3127,384,302,82,40048,3045,3127,1306,729,577,39126,12208,12785,0.56973058637084,0.2773040592290018,0.8162650602409639,0.013940149625935162,1.0,0.0038835431765899026,0.76,0.058813332672973104,0.7169811320754716,0.07706976398623047,0.7864583333333334,0.07603375948861367,0.5581929555895865,0.31201758421509995
targeting,credit_broad,mlp,1000,contexts,40432,1262,1057,205,39170,569,774,332,320,12,40100,289,301,5,5,0,40427,1,1,50,44,6,40382,9,15,53,47,6,40379,310,316,384,366,18,40048,298,316,1306,1093,213,39126,576,789,0.8375594294770206,0.01452642328312484,0.963855421686747,0.007206982543640898,1.0,2.4735943799935685e-05,0.88,0.00022287157644495072,0.8867924528301887,0.007677257980633498,0.953125,0.00744107071514183,0.836906584992343,0.014721668455758318
targeting,credit_broad,mlp,1000,features,40432,1262,1187,75,39170,254,329,332,320,12,40100,276,288,5,5,0,40427,0,0,50,40,10,40382,20,30,53,43,10,40379,308,318,384,362,22,40048,296,318,1306,1221,85,39126,274,359,0.9405705229793978,0.00648455450599949,0.963855421686747,0.006882793017456359,1.0,0.0,0.8,0.0004952701698776683,0.8113207547169812,0.007627727283984249,0.9427083333333334,0.007391130643228126,0.9349157733537519,0.007003015897357256
targeting,credit_broad,mlp,1000,full,40432,1262,1235,27,39170,37,64,332,331,1,40100,211,212,5,5,0,40427,0,0,50,43,7,40382,21,28,53,46,7,40379,232,239,384,376,8,40048,231,239,1306,1272,34,39126,58,92,0.9786053882725833,0.0009446004595353587,0.9969879518072289,0.0052618453865336656,1.0,0.0,0.86,0.0005200336783715517,0.8679245283018868,0.0057455608113128115,0.9791666666666666,0.005768078306032761,0.9739663093415007,0.0014823902264478864
targeting,credit_broad,mlp,1000,population,40432,1262,908,354,39170,594,948,332,322,10,40100,318,328,5,5,0,40427,4,4,50,24,26,40382,88,114,53,27,26,40379,415,441,384,348,36,40048,405,441,1306,922,384,39126,646,1030,0.7194928684627575,0.015164666836864947,0.9698795180722891,0.007930174563591023,1.0,9.894377519974274e-05,0.48,0.0021791887474617404,0.5094339622641509,0.010277619554719036,0.90625,0.01011286456252497,0.7059724349157733,0.01651076010836784
targeting,credit_broad,mlp,1000,task,40432,1262,0,1262,39170,0,1262,332,0,332,40100,0,332,5,0,5,40427,0,5,50,0,50,40382,0,50,53,0,53,40379,331,384,384,0,384,40048,0,384,1306,0,1306,39126,0,1306,0.0,0.0,0.0,0.0,0.0,0.0,0.0,0.0,0.0,0.008197330295450606,0.0,0.0,0.0,0.0
targeting,credit_broad,mlp,1001,augmentation,40432,15158,10321,4837,25274,6766,11603,981,931,50,39451,261,311,554,544,10,39878,116,126,1049,845,204,39383,1133,1337,1465,1226,239,38967,1498,1737,2396,2082,314,38036,1423,1737,15705,10401,5304,24727,7301,12605,0.6808945771209922,0.2677059428661866,0.9490316004077471,0.006615801880814174,0.9819494584837545,0.002908872059782336,0.8055290753098189,0.028768758093593683,0.8368600682593856,0.03844278492057382,0.8689482470784641,0.037411925544221264,0.6622731614135625,0.29526428600315446
targeting,credit_broad,mlp,1001,contexts,40432,15158,14955,203,25274,92,295,981,967,14,39451,318,332,554,554,0,39878,0,0,1049,1036,13,39383,4,17,1465,1427,38,38967,311,349,2396,2344,52,38036,297,349,15705,15488,217,24727,95,312,0.9866077318907508,0.0036401044551713224,0.9857288481141692,0.008060632176624167,1.0,0.0,0.9876072449952336,0.00010156666582027779,0.974061433447099,0.00798111222316319,0.9782971619365609,0.007808392049637186,0.9861827443489335,0.0038419541392000645
targeting,credit_broad,mlp,1001,features,40432,15158,15118,40,25274,8,48,981,969,12,39451,291,303,554,554,0,39878,0,0,1049,1006,43,39383,3,46,1465,1403,62,38967,286,348,2396,2323,73,38036,275,348,15705,15620,85,24727,9,94,0.9973611294366012,0.0003165308221888106,0.9877675840978594,0.007376238878608907,1.0,0.0,0.9590085795996187,7.617499936520834e-05,0.957679180887372,0.007339543716478046,0.9695325542570952,0.007229992638552949,0.9945877109200891,0.0003639746026610588
targeting,credit_broad,mlp,1001,full,40432,15158,15137,21,25274,10,31,981,973,8,39451,293,301,554,553,1,39878,0,1,1049,1013,36,39383,4,40,1465,1408,57,38967,285,342,2396,2331,65,38036,277,342,15705,15647,58,24727,13,71,0.9986145929542156,0.0003956635277360133,0.9918450560652395,0.00742693467846189,0.9981949458483754,0.0,0.9656816015252622,0.00010156666582027779,0.9610921501706484,0.00731388097621064,0.9728714524207012,0.0072825744031969715,0.9963069086278256,0.0005257410927326404
targeting,credit_broad,mlp,1001,population,40432,15158,14714,444,25274,337,781,981,915,66,39451,292,358,554,553,1,39878,2,3,1049,946,103,39383,64,167,1465,1329,136,38967,387,523,2396,2199,197,38036,326,523,15705,15142,563,24727,385,948,0.9707085367462726,0.013333860884703648,0.9327217125382263,0.007401586778535398,0.9981949458483754,5.0152966547971315e-05,0.9018112488083889,0.0016250666531244446,0.9071672354948805,0.009931480483486027,0.917779632721202,0.008570827636975496,0.9641515440942375,0.015570024669389736
targeting,credit_broad,mlp,1001,task,40432,15158,0,15158,25274,0,15158,981,0,981,39451,0,981,554,0,554,39878,0,554,1049,0,1049,39383,0,1049,1465,0,1465,38967,931,2396,2396,0,2396,38036,0,2396,15705,0,15705,24727,0,15705,0.0,0.0,0.0,0.0,0.0,0.0,0.0,0.0,0.0,0.023892011188954756,0.0,0.0,0.0,0.0
targeting,credit_broad,mlp,1002,augmentation,40432,4004,2409,1595,36428,11339,12934,564,525,39,39868,495,534,43,43,0,40389,149,149,134,71,63,40298,3551,3614,172,107,65,40260,4135,4200,733,580,153,39699,4047,4200,4121,2231,1890,36311,13485,15375,0.6016483516483516,0.31127154935763696,0.9308510638297872,0.012415972709942812,1.0,0.003689123276139543,0.5298507462686567,0.08811851704799245,0.622093023255814,0.10270740188772975,0.791268758526603,0.10194211441094234,0.5413734530453773,0.3713750654071769
targeting,credit_broad,mlp,1002,contexts,40432,4004,3810,194,36428,328,522,564,470,94,39868,371,465,43,43,0,40389,3,3,134,119,15,40298,47,62,172,153,19,40260,510,529,733,618,115,39699,414,529,4121,3911,210,36311,372,582,0.9515484515484516,0.009004062808828374,0.8333333333333334,0.009305708839169258,1.0,7.427764985515858e-05,0.8880597014925373,0.0011663109831753437,0.8895348837209303,0.012667660208643815,0.8431105047748977,0.010428474268873271,0.9490414947828197,0.01024482939054281
targeting,credit_broad,mlp,1002,features,40432,4004,3875,129,36428,203,332,564,525,39,39868,196,235,43,43,0,40389,2,2,134,111,23,40298,71,94,172,146,26,40260,305,331,733,668,65,39699,266,331,4121,3963,158,36311,268,426,0.9677822177822177,0.005572636433512683,0.9308510638297872,0.004916223537674325,1.0,4.951843323677239e-05,0.8283582089552238,0.0017618740384138171,0.8488372093023255,0.007575757575757576,0.9113233287858117,0.006700420665507948,0.9616597913127881,0.007380683539423315
targeting,credit_broad,mlp,1002,full,40432,4004,3992,12,36428,17,29,564,539,25,39868,175,200,43,43,0,40389,0,0,134,105,29,40298,26,55,172,141,31,40260,224,255,733,677,56,39699,199,255,4121,4079,42,36311,42,84,0.997002997002997,0.000466673987042934,0.9556737588652482,0.0043894853014949334,1.0,0.0,0.7835820895522388,0.0006451933098416795,0.8197674418604651,0.005563835072031793,0.9236016371077762,0.005012720723443915,0.989808298956564,0.001156674286029027
targeting,credit_broad,mlp,1002,population,40432,4004,3715,289,36428,439,728,564,472,92,39868,410,502,43,43,0,40389,5,5,134,95,39,40298,38,77,172,132,40,40260,542,582,733,599,134,39699,448,582,4121,3789,332,36311,471,803,0.9278221778221778,0.012051169430108708,0.8368794326241135,0.010283936992073844,1.0,0.00012379608309193098,0.7089552238805971,0.0009429748374609162,0.7674418604651163,0.013462493790362642,0.8171896316507503,0.011284919015592332,0.9194370298471245,0.012971275921896945
targeting,credit_broad,mlp,1002,task,40432,4004,3266,738,36428,670,1408,564,446,118,39868,317,435,43,43,0,40389,6,6,134,122,12,40298,9,21,172,160,12,40260,450,462,733,603,130,39699,332,462,4121,3369,752,36311,674,1426,0.8156843156843157,0.018392445371692104,0.7907801418439716,0.00795123908899368,1.0,0.00014855529971031717,0.9104477611940298,0.0002233361457144275,0.9302325581395349,0.011177347242921014,0.8226466575716235,0.008362931056197889,0.8175200194127639,0.018561868304370576
targeting,credit_broad,mlp,1003,augmentation,40432,13675,7982,5693,26757,9712,15405,636,584,52,39796,835,887,339,322,17,40093,435,452,948,576,372,39484,2372,2744,1202,801,401,39230,3510,3911,1823,1328,495,38609,3416,3911,14291,7771,6520,26141,10443,16963,0.583692870201097,0.3629704376424861,0.9182389937106918,0.020982008242034375,0.9498525073746312,0.010849774274811064,0.6075949367088608,0.060074967075271,0.6663893510815307,0.08947234259495285,0.7284695556774547,0.08847678002538269,0.5437688055419495,0.3994873952794461
targeting,credit_broad,mlp,1003,contexts,40432,13675,13331,344,26757,301,645,636,594,42,39796,304,346,339,339,0,40093,2,2,948,946,2,39484,21,23,1202,1171,31,39230,339,370,1823,1751,72,38609,298,370,14291,13940,351,26141,315,666,0.9748446069469835,0.011249392682288747,0.9339622641509434,0.007638958689315509,1.0,4.9884019654303743e-05,0.9978902953586498,0.0005318610069901732,0.9742096505823628,0.008641345908743308,0.9605046626439934,0.007718407625165117,0.9754390875376111,0.012050036341379442
targeting,credit_broad,mlp,1003,features,40432,13675,13565,110,26757,114,224,636,607,29,39796,279,308,339,339,0,40093,1,1,948,948,0,39484,15,15,1202,1184,18,39230,306,324,1823,1775,48,38609,276,324,14291,14178,113,26141,126,239,0.9919561243144425,0.004260567328175804,0.9544025157232704,0.007010754849733641,1.0,2.4942009827151872e-05,1.0,0.00037990071927869516,0.9850249584026622,0.007800152944175376,0.9736697750959956,0.007148592297132793,0.9920929256175215,0.004820014536551777
targeting,credit_broad,mlp,1003,full,40432,13675,13544,131,26757,95,226,636,604,32,39796,296,328,339,339,0,40093,0,0,948,947,1,39484,14,15,1202,1179,23,39230,320,343,1823,1768,55,38609,288,343,14291,14157,134,26141,107,241,0.9904204753199268,0.003550472773479837,0.949685534591195,0.007437933460649311,1.0,0.0,0.9989451476793249,0.00035457400466011547,0.980865224625624,0.008157022686719348,0.9698299506308283,0.007459400657877697,0.9906234693163529,0.004093186947706668
targeting,credit_broad,mlp,1003,population,40432,13675,13018,657,26757,641,1298,636,580,56,39796,387,443,339,339,0,40093,5,5,948,934,14,39484,130,144,1202,1162,40,39230,547,587,1823,1726,97,38609,490,587,14291,13607,684,26141,753,1437,0.9519561243144424,0.023956347871585005,0.9119496855345912,0.00972459543672731,1.0,0.00012471004913575936,0.9852320675105485,0.003292472900415358,0.9667221297836939,0.013943410655110884,0.9467910038398245,0.012691341397083581,0.9521377090476524,0.02880532496844038
targeting,credit_broad,mlp,1003,task,40432,13675,0,13675,26757,0,13675,636,0,636,39796,0,636,339,0,339,40093,0,339,948,0,948,39484,0,948,1202,0,1202,39230,621,1823,1823,0,1823,38609,0,1823,14291,0,14291,26141,0,14291,0.0,0.0,0.0,0.0,0.0,0.0,0.0,0.0,0.0,0.015829722151414732,0.0,0.0,0.0,0.0
targeting,credit_broad,mlp,1004,augmentation,40432,3999,2393,1606,36433,11335,12941,505,435,70,39927,569,639,48,47,1,40384,254,255,520,156,364,39912,3459,3823,559,191,368,39873,4246,4614,1061,599,462,39371,4152,4614,4495,2354,2141,35937,13525,15666,0.598399599899975,0.3111190404303791,0.8613861386138614,0.014251008089763819,0.9791666666666666,0.006289619651347068,0.3,0.08666566446181599,0.3416815742397138,0.10648809971660021,0.5645617342130066,0.10545833227502477,0.5236929922135707,0.37635306230347554
targeting,credit_broad,mlp,1004,contexts,40432,3999,3855,144,36433,201,345,505,497,8,39927,83,91,48,48,0,40384,0,0,520,502,18,39912,12,30,559,537,22,39873,99,121,1061,1031,30,39371,91,121,4495,4333,162,35937,213,375,0.9639909977494373,0.005516976367578843,0.9841584158415841,0.0020787937986825955,1.0,0.0,0.9653846153846154,0.0003006614552014432,0.960644007155635,0.0024828831540139942,0.9717247879359096,0.0023113459145056004,0.9639599555061179,0.005927038984890225
targeting,credit_broad,mlp,1004,features,40432,3999,3975,24,36433,35,59,505,502,3,39927,57,60,48,48,0,40384,0,0,520,489,31,39912,20,51,559,521,38,39873,72,110,1061,1019,42,39371,68,110,4495,4440,55,35937,55,110,0.9939984996249063,0.0009606675266928335,0.994059405940594,0.0014276053798181682,1.0,0.0,0.9403846153846154,0.0005011024253357386,0.9320214669051878,0.0018057332029192687,0.9604147031102733,0.0017271595844657235,0.9877641824249166,0.0015304560759106215
targeting,credit_broad,mlp,1004,full,40432,3999,3993,6,36433,10,16,505,502,3,39927,68,71,48,48,0,40384,0,0,520,482,38,39912,18,56,559,515,44,39873,83,127,1061,1014,47,39371,80,127,4495,4451,44,35937,28,72,0.9984996249062266,0.0002744764361979524,0.994059405940594,0.0017031081724146568,1.0,0.0,0.926923076923077,0.0004509921828021648,0.9212880143112702,0.0020816091089208236,0.9557021677662583,0.002031952452312616,0.9902113459399332,0.0007791412750090437
targeting,credit_broad,mlp,1004,population,40432,3999,3688,311,36433,349,660,505,502,3,39927,196,199,48,48,0,40384,0,0,520,424,96,39912,77,173,559,453,106,39873,264,370,1061,950,111,39371,259,370,4495,4085,410,35937,423,833,0.9222305576394099,0.00957922762330854,0.994059405940594,0.004908958849901069,1.0,0.0,0.8153846153846154,0.0019292443375425938,0.8103756708407871,0.006621021744037318,0.8953817153628653,0.006578446064362094,0.9087875417130145,0.011770598547458051
targeting,credit_broad,mlp,1004,task,40432,3999,3416,583,36433,672,1255,505,434,71,39927,346,417,48,48,0,40384,7,7,520,345,175,39912,183,358,559,380,179,39873,601,780,1061,808,253,39371,527,780,4495,3722,773,35937,834,1607,0.854213553388347,0.0184448165125024,0.8594059405940594,0.00866581511258046,1.0,0.00017333597464342314,0.6634615384615384,0.004585087191822009,0.6797853309481217,0.01507285631881223,0.7615457115928369,0.013385486779609356,0.8280311457174638,0.023207279405626512
targeting,credit_broad,mlp,1005,augmentation,40432,12158,6950,5208,28274,9660,14868,835,774,61,39597,778,839,290,288,2,40142,300,302,914,482,432,39518,2427,2859,1148,695,453,39284,3371,3824,1913,1370,543,38519,3281,3824,12711,6618,6093,27721,10432,16525,0.5716400723803257,0.34165664568154486,0.9269461077844311,0.019647953127762203,0.993103448275862,0.0074734691843953965,0.5273522975929978,0.06141505136899641,0.6054006968641115,0.08581101720802363,0.7161526398327235,0.08517874295802072,0.5206514042954921,0.3763212005338913
targeting,credit_broad,mlp,1005,contexts,40432,12158,12100,58,28274,35,93,835,817,18,39597,166,184,290,290,0,40142,0,0,914,903,11,39518,18,29,1148,1114,34,39284,179,213,1913,1865,48,38519,165,213,12711,12639,72,27721,50,122,0.9952294785326534,0.0012378863973969017,0.9784431137724551,0.0041922367856150715,1.0,0.0,0.9879649890590809,0.0004554886380889721,0.9703832752613241,0.004556562468180429,0.9749085206481966,0.004283600301150082,0.9943356148218079,0.0018036867356877458
targeting,credit_broad,mlp,1005,features,40432,12158,12108,50,28274,24,74,835,817,18,39597,114,132,290,290,0,40142,0,0,914,899,15,39518,1,16,1148,1116,32,39284,116,148,1913,1863,50,38519,98,148,12711,12646,65,27721,25,90,0.9958874814936667,0.0008488363867864469,0.9784431137724551,0.002879005985301917,1.0,0.0,0.9835886214442013,2.530492433827623e-05,0.9721254355400697,0.002952856124630893,0.9738630423418714,0.002544198966743685,0.9948863189363544,0.0009018433678438729
targeting,credit_broad,mlp,1005,full,40432,12158,12118,40,28274,14,54,835,816,19,39597,97,116,290,290,0,40142,0,0,914,899,15,39518,4,19,1148,1125,23,39284,112,135,1913,1872,41,38519,94,135,12711,12656,55,27721,18,73,0.9967099851949334,0.0004951545589587607,0.9772455089820359,0.0024496805313533854,1.0,0.0,0.9835886214442013,0.00010121969735310492,0.9799651567944251,0.002851033499643621,0.9785676947203346,0.0024403541109582283,0.9956730390999922,0.0006493272248475885
targeting,credit_broad,mlp,1005,population,40432,12158,11891,267,28274,185,452,835,807,28,39597,179,207,290,290,0,40142,1,1,914,888,26,39518,123,149,1148,1099,49,39284,308,357,1913,1838,75,38519,282,357,12711,12397,314,27721,287,601,0.9780391511761803,0.006543113814812195,0.9664670658682635,0.004520544485693361,1.0,2.4911563947984654e-05,0.9715536105032823,0.003112505693607976,0.9573170731707317,0.007840342124019958,0.9607945635128071,0.007321062332874685,0.9752969868617732,0.010353161862847661
targeting,credit_broad,mlp,1005,task,40432,12158,8395,3763,28274,1523,5286,835,592,243,39597,363,606,290,282,8,40142,55,63,914,686,228,39518,41,269,1148,884,264,39284,658,922,1913,1409,504,38519,418,922,12711,8710,4001,27721,1525,5526,0.6904918572133575,0.05386574237815661,0.7089820359281437,0.009167361163724524,0.9724137931034482,0.001370136017139156,0.75054704595186,0.0010375018978693255,0.7700348432055749,0.01674982181040627,0.7365394668060637,0.010851787429580206,0.6852332625285186,0.05501244543847625
targeting,credit_broad,mlp,1006,augmentation,40432,19105,15854,3251,21327,2508,5759,1144,1065,79,39288,399,478,720,713,7,39712,93,100,1393,669,724,39039,1949,2673,1984,1229,755,38448,2439,3194,2965,2095,870,37467,2324,3194,19682,15035,4647,20750,3482,8129,0.8298351216958911,0.11759741173160781,0.9309440559440559,0.010155772755039707,0.9902777777777778,0.0023418614020950844,0.48025843503230436,0.04992443453981916,0.6194556451612904,0.06343632958801498,0.7065767284991569,0.06202791790108629,0.7638959455339904,0.16780722891566266
targeting,credit_broad,mlp,1006,contexts,40432,19105,19080,25,21327,10,35,1144,1098,46,39288,470,516,720,720,0,39712,1,1,1393,1392,1,39039,8,9,1984,1906,78,38448,447,525,2965,2848,117,37467,408,525,19682,19653,29,20750,15,44,0.998691442030882,0.0004688892014816899,0.9597902097902098,0.011962940338016698,1.0,2.5181305398871877e-05,0.9992821249102656,0.00020492328184635878,0.9606854838709677,0.011626092384519351,0.9605396290050591,0.010889582832892946,0.9985265725027944,0.0007228915662650603
targeting,credit_broad,mlp,1006,features,40432,19105,19092,13,21327,11,24,1144,1119,25,39288,93,118,720,720,0,39712,0,0,1393,1350,43,39039,14,57,1984,1927,57,38448,117,174,2965,2885,80,37467,94,174,19682,19622,60,20750,21,81,0.9993195498560586,0.0005157781216298589,0.9781468531468531,0.0023671350030543678,1.0,0.0,0.9691313711414213,0.00035861574323112785,0.9712701612903226,0.003043071161048689,0.9730185497470489,0.0025088744762057275,0.9969515293161264,0.0010120481927710842
targeting,credit_broad,mlp,1006,full,40432,19105,19091,14,21327,9,23,1144,1117,27,39288,144,171,720,720,0,39712,1,1,1393,1353,40,39039,10,50,1984,1921,63,38448,158,221,2965,2878,87,37467,134,221,19682,19626,56,20750,17,73,0.9992672075372939,0.0004220002813335209,0.9763986013986014,0.0036652412950519244,1.0,2.5181305398871877e-05,0.9712849964106246,0.00025615410230794844,0.9682459677419355,0.004109446525176862,0.9706576728499157,0.0035764806362932715,0.9971547606950513,0.000819277108433735
targeting,credit_broad,mlp,1006,population,40432,19105,18920,185,21327,89,274,1144,1093,51,39288,402,453,720,720,0,39712,2,2,1393,1389,4,39039,7,11,1984,1923,61,38448,405,466,2965,2858,107,37467,359,466,19682,19489,193,20750,92,285,0.9903166710285266,0.00417311389318704,0.9554195804195804,0.010232131948686623,1.0,5.036261079774375e-05,0.9971284996410624,0.00017930787161556393,0.9692540322580645,0.010533707865168539,0.9639123102866779,0.009581765286785705,0.9901940859668733,0.004433734939759036
targeting,credit_broad,mlp,1006,task,40432,19105,18357,748,21327,335,1083,1144,1061,83,39288,365,448,720,720,0,39712,4,4,1393,1365,28,39039,22,50,1984,1896,88,38448,413,501,2965,2810,155,37467,346,501,19682,18880,802,20750,331,1133,0.9608479455639884,0.01570778824963661,0.9274475524475524,0.009290368560374669,1.0,0.0001007252215954875,0.9798994974874372,0.0005635390250774866,0.9556451612903226,0.010741781106949646,0.9477234401349073,0.009234793284757252,0.9592521085255563,0.015951807228915663
targeting,credit_broad,mlp,1007,augmentation,40432,24640,22710,1930,15792,898,2828,1586,1552,34,38846,197,231,1282,1278,4,39150,14,18,2129,1562,567,38303,777,1344,3249,2649,600,37183,978,1578,4433,3777,656,35999,922,1578,25292,22441,2851,15140,1226,4077,0.921672077922078,0.05686423505572442,0.978562421185372,0.005071307213097873,0.9968798751950078,0.00035759897828863347,0.733677782996712,0.02028561731457066,0.8153277931671283,0.026302342468332303,0.8520189487931423,0.025611822550626405,0.8872766092044916,0.0809775429326288
targeting,credit_broad,mlp,1007,contexts,40432,24640,24516,124,15792,20,144,1586,1576,10,38846,95,105,1282,1282,0,39150,1,1,2129,2094,35,38303,8,43,3249,3198,51,37183,98,149,4433,4377,56,35999,93,149,25292,25129,163,15140,24,187,0.9949675324675324,0.0012664640324214793,0.9936948297604036,0.0024455542398187716,1.0,2.554278416347382e-05,0.9835603569751057,0.00020886092473174425,0.984302862419206,0.0026356130489739935,0.9873674712384389,0.0025834050945859606,0.9935552743950656,0.001585204755614267
targeting,credit_broad,mlp,1007,features,40432,24640,24628,12,15792,4,16,1586,1562,24,38846,86,110,1282,1282,0,39150,0,0,2129,2054,75,38303,12,87,3249,3150,99,37183,98,197,4433,4315,118,35999,79,197,25292,25199,93,15140,10,103,0.999512987012987,0.00025329280648429586,0.9848675914249685,0.0022138701539412037,1.0,0.0,0.9647721935180836,0.0003132913870976164,0.9695290858725761,0.0026356130489739935,0.973381457252425,0.0021945054029278593,0.9963229479677368,0.0006605019815059445
targeting,credit_broad,mlp,1007,full,40432,24640,24632,8,15792,0,8,1586,1574,12,38846,108,120,1282,1282,0,39150,1,1,2129,2055,74,38303,10,84,3249,3159,90,37183,115,205,4433,4333,100,35999,105,205,25292,25206,86,15140,6,92,0.9996753246753247,0.0,0.9924337957124842,0.002780209030530814,1.0,2.554278416347382e-05,0.9652418976045092,0.0002610761559146803,0.9722991689750693,0.00309281123093887,0.9774419129257839,0.0029167476874357623,0.9965997153250039,0.0003963011889035667
targeting,credit_broad,mlp,1007,population,40432,24640,24405,235,15792,90,325,1586,1537,49,38846,287,336,1282,1282,0,39150,3,3,2129,2073,56,38303,26,82,3249,3133,116,37183,301,417,4433,4278,155,35999,262,417,25292,24976,316,15140,91,407,0.9904626623376623,0.0056990881458966565,0.9691046658259773,0.007388148071873552,1.0,7.662835249042145e-05,0.973696571160169,0.0006787980053781688,0.9642967066789782,0.008095097221848695,0.965034965034965,0.00727797994388733,0.9875059307290843,0.006010568031704095
targeting,credit_broad,mlp,1007,task,40432,24640,20480,4160,15792,1078,5238,1586,1408,178,38846,436,614,1282,1278,4,39150,57,61,2129,1768,361,38303,66,427,3249,2810,439,37183,633,1072,4433,3835,598,35999,474,1072,25292,20740,4552,15140,1074,5626,0.8311688311688312,0.06826241134751773,0.8877679697351829,0.01122380682695773,0.9968798751950078,0.0014559386973180077,0.8304368248003757,0.00172310262903689,0.8648815020006155,0.017023908775515694,0.8651026392961877,0.013167032417567155,0.8200221413885813,0.07093791281373844
targeting,credit_broad,mlp,1008,augmentation,40432,956,688,268,39476,7336,7604,647,521,126,39785,529,655,5,5,0,40427,103,103,20,12,8,40412,1283,1291,24,16,8,40408,2002,2010,670,522,148,39762,1862,2010,975,673,302,39457,8316,8618,0.7196652719665272,0.18583443104671193,0.8052550231839258,0.013296468518285786,1.0,0.0025478022113933755,0.6,0.03174799564485796,0.6666666666666666,0.049544644624826766,0.7791044776119403,0.04682863035058599,0.6902564102564103,0.21076108168385838
targeting,credit_broad,mlp,1008,contexts,40432,956,833,123,39476,243,366,647,643,4,39785,601,605,5,5,0,40427,0,0,20,18,2,40412,12,14,24,20,4,40408,615,619,670,661,9,39762,610,619,975,850,125,39457,255,380,0.8713389121338913,0.006155638869186341,0.9938176197836167,0.015106195802438105,1.0,0.0,0.9,0.00029694150252400277,0.8333333333333334,0.01521975846367056,0.9865671641791045,0.015341280619687139,0.8717948717948718,0.006462731581214994
targeting,credit_broad,mlp,1008,features,40432,956,874,82,39476,345,427,647,553,94,39785,275,369,5,5,0,40427,2,2,20,16,4,40412,60,64,24,20,4,40408,431,435,670,572,98,39762,337,435,975,887,88,39457,403,491,0.9142259414225942,0.008739487283412707,0.8547140649149922,0.0069121528214151065,1.0,4.947188759987137e-05,0.8,0.0014847075126200138,0.8333333333333334,0.010666204711938231,0.8537313432835821,0.00847542880136814,0.9097435897435897,0.010213650302861343
targeting,credit_broad,mlp,1008,full,40432,956,920,36,39476,58,94,647,645,2,39785,468,470,5,5,0,40427,0,0,20,18,2,40412,4,6,24,19,5,40408,471,476,670,663,7,39762,469,476,975,937,38,39457,62,100,0.9623430962343096,0.0014692471375012666,0.9969088098918083,0.011763227346990071,1.0,0.0,0.9,9.898050084133426e-05,0.7916666666666666,0.011656107701445258,0.9895522388059701,0.011795181328906997,0.961025641025641,0.0015713308158248219
targeting,credit_broad,mlp,1008,population,40432,956,818,138,39476,320,458,647,646,1,39785,590,591,5,5,0,40427,0,0,20,17,3,40412,19,22,24,19,5,40408,608,613,670,663,7,39762,606,613,975,834,141,39457,339,480,0.8556485355648535,0.008106191103455264,0.9984544049459042,0.014829709689581501,1.0,0.0,0.85,0.0004701573789963377,0.7916666666666666,0.01504652544050683,0.9895522388059701,0.015240682058246567,0.8553846153846154,0.008591631396203461
targeting,credit_broad,mlp,1008,task,40432,956,0,956,39476,0,956,647,0,647,39785,0,647,5,0,5,40427,0,5,20,0,20,40412,0,20,24,0,24,40408,646,670,670,0,670,39762,0,670,975,0,975,39457,0,975,0.0,0.0,0.0,0.0,0.0,0.0,0.0,0.0,0.0,0.015986933280538507,0.0,0.0,0.0,0.0
targeting,credit_broad,mlp,1009,augmentation,40432,3876,1997,1879,36556,14029,15908,464,420,44,39968,457,501,53,50,3,40379,199,202,561,238,323,39871,3055,3378,596,263,333,39836,3644,3977,1027,611,416,39405,3561,3977,4359,1940,2419,36073,15466,17885,0.5152218782249742,0.38376737060947586,0.9051724137931034,0.011434147317854283,0.9433962264150944,0.004928304316600213,0.42424242424242425,0.07662210629279426,0.4412751677852349,0.09147504769555176,0.5949367088607594,0.09036924248191854,0.44505620555173203,0.4287417181825742
targeting,credit_broad,mlp,1009,contexts,40432,3876,3787,89,36556,86,175,464,443,21,39968,122,143,53,53,0,40379,0,0,561,551,10,39871,26,36,596,581,15,39836,164,179,1027,995,32,39405,147,179,4359,4260,99,36073,112,211,0.9770381836945304,0.0023525549841339317,0.9547413793103449,0.00305244195356285,1.0,0.0,0.982174688057041,0.0006521030322791001,0.9748322147651006,0.0041168792047394315,0.9688412852969815,0.0037304910544347166,0.9772883688919477,0.003104815235771907
targeting,credit_broad,mlp,1009,features,40432,3876,3847,29,36556,28,57,464,447,17,39968,108,125,53,53,0,40379,0,0,561,525,36,39871,43,79,596,555,41,39836,163,204,1027,970,57,39405,147,204,4359,4294,65,36073,71,136,0.9925180598555211,0.000765948134369187,0.9633620689655172,0.002702161729383507,1.0,0.0,0.9358288770053476,0.001078478091846204,0.9312080536912751,0.0040917762827593135,0.9444985394352483,0.0037304910544347166,0.9850883230098646,0.0019682310869625482
targeting,credit_broad,mlp,1009,full,40432,3876,3859,17,36556,21,38,464,446,18,39968,121,139,53,53,0,40379,0,0,561,523,38,39871,17,55,596,543,53,39836,141,194,1027,957,70,39405,124,194,4359,4304,55,36073,38,93,0.9956140350877193,0.0005744611007768903,0.9612068965517241,0.00302742193755004,1.0,0.0,0.9322638146167558,0.0004263750595671039,0.9110738255033557,0.0035395119991967067,0.9318403115871471,0.0031468087806115976,0.9873824271621932,0.00105341945499404
targeting,credit_broad,mlp,1009,population,40432,3876,3776,100,36556,103,203,464,441,23,39968,129,152,53,53,0,40379,0,0,561,498,63,39871,37,100,596,525,71,39836,181,252,1027,934,93,39405,159,252,4359,4196,163,36073,140,303,0.9742002063983488,0.002817594922858081,0.9504310344827587,0.003227582065652522,1.0,0.0,0.8877005347593583,0.0009279927767048733,0.8808724832214765,0.004543628878401446,0.9094449853943525,0.004035020936429387,0.9626061023170452,0.0038810190447148836
targeting,credit_broad,mlp,1009,task,40432,3876,0,3876,36556,0,3876,464,0,464,39968,0,464,53,0,53,40379,0,53,561,0,561,39871,0,561,596,0,596,39836,431,1027,1027,0,1027,39405,0,1027,4359,0,4359,36073,0,4359,0.0,0.0,0.0,0.0,0.0,0.0,0.0,0.0,0.0,0.010819359373431068,0.0,0.0,0.0,0.0
targeting,hmda_oh,mlp,1000,augmentation,20359,17022,6387,10635,3337,1852,12487,1247,1117,130,19112,217,347,1200,1152,48,19159,169,217,1540,516,1024,18819,301,1325,2508,1408,1100,17851,697,1797,3519,2288,1231,16840,566,1797,17235,6037,11198,3124,1738,12936,0.3752203031371167,0.5549895115373089,0.8957497995188453,0.011354123064043533,0.96,0.008820919672216713,0.33506493506493507,0.015994473670226897,0.5614035087719298,0.0390454316284802,0.6501847115657857,0.033610451306413304,0.3502756019727299,0.5563380281690141
targeting,hmda_oh,mlp,1000,contexts,20359,17022,16976,46,3337,6,52,1247,1238,9,19112,27,36,1200,1200,0,19159,0,0,1540,1523,17,18819,1,18,2508,2481,27,17851,27,54,3519,3487,32,16840,22,54,17235,17172,63,3124,7,70,0.9972976148513688,0.0017980221756068325,0.9927826784282278,0.0014127249895353705,1.0,0.0,0.9889610389610389,5.313778627982358e-05,0.9892344497607656,0.001512520306985603,0.9909065075305484,0.0013064133016627078,0.9963446475195823,0.002240717029449424
targeting,hmda_oh,mlp,1000,features,20359,17022,17018,4,3337,1,5,1247,1242,5,19112,14,19,1200,1200,0,19159,0,0,1540,1493,47,18819,7,54,2508,2459,49,17851,24,73,3519,3465,54,16840,19,73,17235,17178,57,3124,2,59,0.9997650099870755,0.00029967036260113877,0.9959903769045709,0.0007325240686479698,1.0,0.0,0.9694805194805195,0.0003719645039587651,0.9804625199362041,0.0013444624950983137,0.9846547314578005,0.0011282660332541568,0.9966927763272411,0.0006402048655569782
targeting,hmda_oh,mlp,1000,full,20359,17022,17016,6,3337,1,7,1247,1246,1,19112,12,13,1200,1200,0,19159,0,0,1540,1492,48,18819,13,61,2508,2456,52,17851,22,74,3519,3467,52,16840,22,74,17235,17170,65,3124,3,68,0.9996475149806133,0.00029967036260113877,0.9991980753809142,0.0006278777731268313,1.0,0.0,0.9688311688311688,0.0006907912216377066,0.9792663476874003,0.001232423953840121,0.9852230747371412,0.0013064133016627078,0.996228604583696,0.0009603072983354673
targeting,hmda_oh,mlp,1000,population,20359,17022,10976,6046,3337,970,7016,1247,1220,27,19112,130,157,1200,1182,18,19159,95,113,1540,1244,296,18819,105,401,2508,2172,336,17851,288,624,3519,3151,368,16840,256,624,17235,10906,6329,3124,910,7239,0.6448125954646927,0.2906802517231046,0.9783480352846833,0.006802009208874006,0.985,0.00495850514118691,0.8077922077922078,0.005579467559381476,0.8660287081339713,0.016133549941179767,0.8954248366013072,0.015201900237529691,0.6327821293878735,0.2912932138284251
targeting,hmda_oh,mlp,1000,task,20359,17022,0,17022,3337,0,17022,1247,0,1247,19112,0,1247,1200,0,1200,19159,0,1200,1540,0,1540,18819,0,1540,2508,0,2508,17851,1011,3519,3519,0,3519,16840,0,3519,17235,0,17235,3124,0,17235,0.0,0.0,0.0,0.0,0.0,0.0,0.0,0.0,0.0,0.05663548260601647,0.0,0.0,0.0,0.0
targeting,hmda_oh,mlp,1001,augmentation,20359,17962,8141,9821,2397,1177,10998,1261,1182,79,19098,204,283,1518,1499,19,18841,60,79,2012,930,1082,18347,327,1409,3222,2065,1157,17137,567,1724,4169,2944,1225,16190,499,1724,18100,7587,10513,2259,1125,11638,0.45323460639127044,0.4910304547350855,0.9373513084853291,0.010681746779767515,0.9874835309617919,0.003184544344780001,0.46222664015904574,0.017823077342344798,0.6409062693978895,0.03308630448736652,0.7061645478532022,0.030821494749845583,0.41917127071823207,0.49800796812749004
targeting,hmda_oh,mlp,1001,contexts,20359,17962,17950,12,2397,1,13,1261,1261,0,19098,10,10,1518,1518,0,18841,0,0,2012,1991,21,18347,3,24,3222,3198,24,17137,10,34,4169,4145,24,16190,10,34,18100,18064,36,2259,1,37,0.9993319229484467,0.00041718815185648727,1.0,0.0005236150382238977,1.0,0.0,0.9895626242544732,0.0001635144710306862,0.9925512104283054,0.0005835327070082278,0.994243223794675,0.0006176652254478073,0.9980110497237569,0.0004426737494466578
targeting,hmda_oh,mlp,1001,features,20359,17962,17958,4,2397,0,4,1261,1258,3,19098,29,32,1518,1518,0,18841,0,0,2012,1971,41,18347,4,45,3222,3176,46,17137,30,76,4169,4119,50,16190,26,76,18100,18051,49,2259,0,49,0.9997773076494822,0.0,0.9976209357652657,0.0015184836108493036,1.0,0.0,0.9796222664015904,0.00021801929470758162,0.9857231533209186,0.0017505981210246835,0.9880067162389062,0.001605929586164299,0.997292817679558,0.0
targeting,hmda_oh,mlp,1001,full,20359,17962,17962,0,2397,0,0,1261,1260,1,19098,8,9,1518,1518,0,18841,0,0,2012,1972,40,18347,3,43,3222,3182,40,17137,12,52,4169,4127,42,16190,10,52,18100,18058,42,2259,1,43,1.0,0.0,0.9992069785884219,0.00041889203057911826,1.0,0.0,0.9801192842942346,0.0001635144710306862,0.9875853507138423,0.0007002392484098734,0.9899256416406812,0.0006176652254478073,0.9976795580110497,0.0004426737494466578
targeting,hmda_oh,mlp,1001,population,20359,17962,9468,8494,2397,1017,9511,1261,1197,64,19098,237,301,1518,1492,26,18841,84,110,2012,1696,316,18347,84,400,3222,2831,391,17137,384,775,4169,3717,452,16190,323,775,18100,9374,8726,2259,951,9677,0.5271127936755372,0.42428035043804757,0.9492466296590008,0.012409676405906378,0.9828722002635046,0.004458362082692001,0.8429423459244533,0.004578405188859214,0.8786468032278089,0.022407655949115948,0.8915807147997121,0.019950586781964177,0.5179005524861878,0.4209827357237716
targeting,hmda_oh,mlp,1001,task,20359,17962,0,17962,2397,0,17962,1261,0,1261,19098,0,1261,1518,0,1518,18841,0,1518,2012,0,2012,18347,0,2012,3222,0,3222,17137,947,4169,4169,0,4169,16190,0,4169,18100,0,18100,2259,0,18100,0.0,0.0,0.0,0.0,0.0,0.0,0.0,0.0,0.0,0.055260547353679176,0.0,0.0,0.0,0.0
targeting,hmda_oh,mlp,1002,augmentation,20359,16347,8373,7974,4012,1739,9713,815,784,31,19544,102,133,752,747,5,19607,59,64,1467,434,1033,18892,534,1567,2077,1028,1049,18282,683,1732,2741,1634,1107,17618,625,1732,16608,7889,8719,3751,1659,10378,0.5122040741420444,0.4334496510468594,0.9619631901840491,0.0052189930413426115,0.9933510638297872,0.0030091293925638804,0.2958418541240627,0.02826593266991319,0.4949446316803081,0.03735915107756263,0.5961327982488143,0.035475082302190944,0.47501204238921,0.4422820581178352
targeting,hmda_oh,mlp,1002,contexts,20359,16347,16317,30,4012,1,31,815,810,5,19544,36,41,752,752,0,19607,0,0,1467,1453,14,18892,3,17,2077,2061,16,18282,40,56,2741,2721,20,17618,36,56,16608,16561,47,3751,1,48,0.9981648008808955,0.0002492522432701894,0.9938650306748467,0.0018419975440032747,1.0,0.0,0.9904567143830948,0.0001587973745500741,0.9922965816080885,0.002187944426211574,0.9927033929222912,0.002043364740606198,0.9971700385356455,0.00026659557451346307
targeting,hmda_oh,mlp,1002,features,20359,16347,16341,6,4012,0,6,815,810,5,19544,40,45,752,752,0,19607,0,0,1467,1428,39,18892,9,48,2077,2033,44,18282,48,92,2741,2692,49,17618,43,92,16608,16555,53,3751,1,54,0.9996329601761791,0.0,0.9938650306748467,0.002046663937781416,1.0,0.0,0.9734151329243353,0.0004763921236502223,0.9788155994222436,0.002625533311453889,0.9821233126596133,0.0024406856623907366,0.9968087668593449,0.00026659557451346307
targeting,hmda_oh,mlp,1002,full,20359,16347,16341,6,4012,0,6,815,810,5,19544,40,45,752,752,0,19607,0,0,1467,1428,39,18892,9,48,2077,2033,44,18282,48,92,2741,2692,49,17618,43,92,16608,16555,53,3751,1,54,0.9996329601761791,0.0,0.9938650306748467,0.002046663937781416,1.0,0.0,0.9734151329243353,0.0004763921236502223,0.9788155994222436,0.002625533311453889,0.9821233126596133,0.0024406856623907366,0.9968087668593449,0.00026659557451346307
targeting,hmda_oh,mlp,1002,population,20359,16347,11124,5223,4012,1051,6274,815,768,47,19544,162,209,752,744,8,19607,76,84,1467,1292,175,18892,140,315,2077,1862,215,18282,358,573,2741,2481,260,17618,313,573,16608,11139,5469,3751,965,6434,0.6804918333639199,0.2619641076769691,0.9423312883435583,0.008288988948014737,0.9893617021276596,0.003876166675167032,0.8807089297886844,0.007410544145670125,0.8964853153586905,0.01958210261459359,0.9051441079897847,0.017765921216937222,0.6707008670520231,0.2572647294054919
targeting,hmda_oh,mlp,1002,task,20359,16347,0,16347,4012,0,16347,815,0,815,19544,0,815,752,0,752,19607,0,752,1467,0,1467,18892,0,1467,2077,0,2077,18282,664,2741,2741,0,2741,17618,0,2741,16608,0,16608,3751,0,16608,0.0,0.0,0.0,0.0,0.0,0.0,0.0,0.0,0.0,0.03631987747511213,0.0,0.0,0.0,0.0
targeting,hmda_oh,mlp,1003,augmentation,20359,16023,6720,9303,4336,2246,11549,942,842,100,19417,245,345,773,760,13,19586,112,125,1493,489,1004,18866,337,1341,2124,1071,1053,18235,715,1768,2938,1774,1164,17421,604,1768,16332,6343,9989,4027,2117,12106,0.41939711664482304,0.5179889298892989,0.8938428874734607,0.01261780913632384,0.9831824062095731,0.005718370264474625,0.3275284661754856,0.0178628220078448,0.5042372881355932,0.03921030984370716,0.6038121170864533,0.03467079960966649,0.38837864315454323,0.5257015147752669
targeting,hmda_oh,mlp,1003,contexts,20359,16023,16017,6,4336,1,7,942,935,7,19417,31,38,773,773,0,19586,0,0,1493,1439,54,18866,24,78,2124,2066,58,18235,58,116,2938,2874,64,17421,52,116,16332,16256,76,4027,9,85,0.9996255382887099,0.00023062730627306272,0.9925690021231423,0.0015965391152083226,1.0,0.0,0.9638312123241795,0.001272129757235238,0.972693032015066,0.003180696462846175,0.9782164737916951,0.002984903277653407,0.9953465589027676,0.0022349143282840824
targeting,hmda_oh,mlp,1003,features,20359,16023,16021,2,4336,0,2,942,940,2,19417,10,12,773,773,0,19586,0,0,1493,1440,53,18866,11,64,2124,2071,53,18235,23,76,2938,2882,56,17421,20,76,16332,16268,64,4027,2,66,0.9998751794295699,0.0,0.9978768577494692,0.0005150126178091363,1.0,0.0,0.9645010046885466,0.0005830594720661507,0.9750470809792844,0.0012613106663010693,0.9809394145677331,0.0011480397221743871,0.9960813127602254,0.0004966476285075739
targeting,hmda_oh,mlp,1003,full,20359,16023,16021,2,4336,0,2,942,940,2,19417,10,12,773,773,0,19586,0,0,1493,1440,53,18866,11,64,2124,2071,53,18235,23,76,2938,2882,56,17421,20,76,16332,16268,64,4027,2,66,0.9998751794295699,0.0,0.9978768577494692,0.0005150126178091363,1.0,0.0,0.9645010046885466,0.0005830594720661507,0.9750470809792844,0.0012613106663010693,0.9809394145677331,0.0011480397221743871,0.9960813127602254,0.0004966476285075739
targeting,hmda_oh,mlp,1003,population,20359,16023,9945,6078,4336,1485,7563,942,884,58,19417,227,285,773,762,11,19586,177,188,1493,1049,444,18866,112,556,2124,1642,482,18235,494,976,2938,2393,545,17421,431,976,16332,9836,6496,4027,1379,7875,0.6206702864632091,0.34248154981549817,0.9384288747346072,0.011690786424267395,0.9857697283311773,0.009037067292964362,0.7026121902210315,0.005936605533764444,0.7730696798493408,0.02709075952837949,0.814499659632403,0.024740256012858043,0.6022532451628705,0.34243853985597217
targeting,hmda_oh,mlp,1003,task,20359,16023,0,16023,4336,0,16023,942,0,942,19417,0,942,773,0,773,19586,0,773,1493,0,1493,18866,0,1493,2124,0,2124,18235,814,2938,2938,0,2938,17421,0,2938,16332,0,16332,4027,0,16332,0.0,0.0,0.0,0.0,0.0,0.0,0.0,0.0,0.0,0.04463942966822045,0.0,0.0,0.0,0.0
targeting,hmda_oh,mlp,1004,augmentation,20359,16695,5587,11108,3664,2265,13373,902,848,54,19457,193,247,898,865,33,19461,178,211,1299,336,963,19060,548,1511,2079,1066,1013,18280,887,1900,2807,1726,1081,17552,819,1900,16916,5211,11705,3443,2178,13883,0.3346510931416592,0.6181768558951966,0.9401330376940134,0.009919309246029706,0.9632516703786191,0.009146498124454037,0.2586605080831409,0.02875131164742917,0.5127465127465127,0.04852297592997812,0.6148913430708942,0.04666134913400182,0.3080515488295105,0.6325878594249201
targeting,hmda_oh,mlp,1004,contexts,20359,16695,16678,17,3664,4,21,902,894,8,19457,31,39,898,898,0,19461,0,0,1299,1289,10,19060,4,14,2079,2065,14,18280,39,53,2807,2785,22,17552,31,53,16916,16885,31,3443,4,35,0.9989817310572028,0.001091703056768559,0.991130820399113,0.0015932569255280875,1.0,0.0,0.9923017705927637,0.0002098635886673662,0.9932659932659933,0.0021334792122538293,0.9921624510153189,0.0017661804922515952,0.9981674154646488,0.0011617775196049957
targeting,hmda_oh,mlp,1004,features,20359,16695,16690,5,3664,0,5,902,896,6,19457,16,22,898,898,0,19461,0,0,1299,1278,21,19060,2,23,2079,2055,24,18280,21,45,2807,2776,31,17552,14,45,16916,16888,28,3443,0,28,0.9997005091344714,0.0,0.9933481152993349,0.000822326155111271,1.0,0.0,0.9838337182448037,0.0001049317943336831,0.9884559884559885,0.001148796498905908,0.9889561809761311,0.0007976298997265269,0.9983447623551667,0.0
targeting,hmda_oh,mlp,1004,full,20359,16695,16691,4,3664,2,6,902,896,6,19457,25,31,898,898,0,19461,0,0,1299,1281,18,19060,4,22,2079,2056,23,18280,30,53,2807,2779,28,17552,25,53,16916,16891,25,3443,3,28,0.9997604073075771,0.0005458515283842794,0.9933481152993349,0.0012848846173613608,1.0,0.0,0.9861431870669746,0.0002098635886673662,0.9889369889369889,0.0016411378555798686,0.9900249376558603,0.0014243391066545122,0.9985221092456845,0.0008713331397037467
targeting,hmda_oh,mlp,1004,population,20359,16695,9540,7155,3664,1495,8650,902,856,46,19457,155,201,898,881,17,19461,112,129,1299,849,450,19060,171,621,2079,1604,475,18280,424,899,2807,2280,527,17552,372,899,16916,9355,7561,3443,1405,8966,0.5714285714285714,0.4080240174672489,0.9490022172949002,0.007966284627640438,0.9810690423162584,0.005755099943476697,0.6535796766743649,0.008971668415529906,0.7715247715247715,0.023194748358862146,0.8122550765942287,0.021194165907019145,0.553026720264838,0.4080743537612547
targeting,hmda_oh,mlp,1004,task,20359,16695,0,16695,3664,0,16695,902,0,902,19457,0,902,898,0,898,19461,0,898,1299,0,1299,19060,0,1299,2079,0,2079,18280,728,2807,2807,0,2807,17552,0,2807,16916,0,16916,3443,0,16916,0.0,0.0,0.0,0.0,0.0,0.0,0.0,0.0,0.0,0.03982494529540481,0.0,0.0,0.0,0.0
targeting,hmda_oh,mlp,1005,augmentation,20359,15051,6358,8693,5308,2692,11385,873,787,86,19486,206,292,611,597,14,19748,120,134,1319,275,1044,19040,480,1524,1809,733,1076,18550,800,1876,2545,1372,1173,17814,703,1876,15309,5989,9320,5050,2601,11921,0.4224304032954621,0.5071590052750565,0.9014891179839634,0.010571692497177461,0.9770867430441899,0.006076564715414219,0.20849128127369218,0.025210084033613446,0.4051962410171365,0.0431266846361186,0.5390962671905698,0.039463343437745595,0.3912077862695147,0.5150495049504951
targeting,hmda_oh,mlp,1005,contexts,20359,15051,15013,38,5308,3,41,873,871,2,19486,23,25,611,611,0,19748,1,1,1319,1279,40,19040,3,43,1809,1767,42,18550,27,69,2545,2501,44,17814,25,69,15309,15229,80,5050,4,84,0.9974752508138994,0.0005651846269781462,0.997709049255441,0.0011803345991994252,1.0,5.0638039295118495e-05,0.9696739954510993,0.00015756302521008404,0.9767827529021559,0.0014555256064690027,0.9827111984282908,0.0014033905916694734,0.9947743157619701,0.0007920792079207921
targeting,hmda_oh,mlp,1005,features,20359,15051,14966,85,5308,24,109,873,863,10,19486,31,41,611,611,0,19748,0,0,1319,1296,23,19040,2,25,1809,1783,26,18550,40,66,2545,2508,37,17814,29,66,15309,15198,111,5050,23,134,0.9943525347153013,0.00452147701582517,0.9885452462772051,0.0015908857641383557,1.0,0.0,0.9825625473843821,0.0001050420168067227,0.9856274184632393,0.00215633423180593,0.9854616895874263,0.0016279330863365892,0.9927493631197335,0.004554455445544554
targeting,hmda_oh,mlp,1005,full,20359,15051,15001,50,5308,8,58,873,854,19,19486,35,54,611,611,0,19748,0,0,1319,1298,21,19040,1,22,1809,1779,30,18550,46,76,2545,2497,48,17814,28,76,15309,15237,72,5050,8,80,0.9966779615972361,0.0015071590052750565,0.9782359679266895,0.001796161346607821,1.0,0.0,0.9840788476118272,5.252100840336135e-05,0.9834162520729685,0.0024797843665768193,0.981139489194499,0.0015717974626698102,0.9952968841857731,0.0015841584158415843
targeting,hmda_oh,mlp,1005,population,20359,15051,9309,5742,5308,1589,7331,873,814,59,19486,176,235,611,604,7,19748,111,118,1319,1024,295,19040,109,404,1809,1480,329,18550,378,707,2545,2156,389,17814,318,707,15309,9245,6064,5050,1480,7544,0.6184971098265896,0.2993594574227581,0.9324169530355098,0.00903212562865647,0.9885433715220949,0.005620822361758153,0.7763457164518575,0.005724789915966386,0.8181315644002212,0.020377358490566037,0.8471512770137525,0.017851128326035703,0.6038931347573323,0.29306930693069305
targeting,hmda_oh,mlp,1005,task,20359,15051,0,15051,5308,0,15051,873,0,873,19486,0,873,611,0,611,19748,0,611,1319,0,1319,19040,0,1319,1809,0,1809,18550,736,2545,2545,0,2545,17814,0,2545,15309,0,15309,5050,0,15309,0.0,0.0,0.0,0.0,0.0,0.0,0.0,0.0,0.0,0.03967654986522911,0.0,0.0,0.0,0.0
targeting,hmda_oh,mlp,1006,augmentation,20359,16818,7058,9760,3541,1907,11667,1372,1273,99,18987,166,265,1148,1118,30,19211,164,194,1545,625,920,18814,277,1197,2496,1525,971,17863,613,1584,3633,2549,1084,16726,500,1584,17079,6736,10343,3280,1798,12141,0.41966940183137114,0.5385484326461452,0.9278425655976676,0.008742824037499342,0.9738675958188153,0.008536775805528083,0.4045307443365696,0.014723078558520251,0.6109775641025641,0.0343167441079326,0.7016240022020369,0.02989357885926103,0.39440248258094734,0.5481707317073171
targeting,hmda_oh,mlp,1006,contexts,20359,16818,16803,15,3541,1,16,1372,1367,5,18987,16,21,1148,1148,0,19211,0,0,1545,1533,12,18814,2,14,2496,2483,13,17863,22,35,3633,3615,18,16726,17,35,17079,17051,28,3280,2,30,0.9991080984659294,0.0002824060999717594,0.9963556851311953,0.0008426818349396956,1.0,0.0,0.9922330097087378,0.00010630381630700542,0.9947916666666666,0.001231596036500028,0.9950454170107349,0.001016381681214875,0.9983605597517419,0.0006097560975609756
targeting,hmda_oh,mlp,1006,features,20359,16818,16801,17,3541,3,20,1372,1366,6,18987,19,25,1148,1148,0,19211,0,0,1545,1504,41,18814,5,46,2496,2450,46,17863,25,71,3633,3584,49,16726,22,71,17079,17016,63,3280,3,66,0.9989891782613866,0.0008472182999152782,0.9956268221574344,0.0010006846789908884,1.0,0.0,0.973462783171521,0.0002657595407675136,0.9815705128205128,0.0013995409505682137,0.9865125240847784,0.0013153174698074853,0.9963112594414193,0.0009146341463414635
targeting,hmda_oh,mlp,1006,full,20359,16818,16800,18,3541,4,22,1372,1369,3,18987,21,24,1148,1148,0,19211,0,0,1545,1506,39,18814,3,42,2496,2451,45,17863,21,66,3633,3587,46,16726,20,66,17079,17019,60,3280,4,64,0.9989297181591152,0.0011296243998870376,0.9978134110787172,0.0011060199083583505,1.0,0.0,0.974757281553398,0.00015945572446050813,0.9819711538461539,0.0011756143984772995,0.9873382879163226,0.0011957431543704413,0.9964869137537327,0.0012195121951219512
targeting,hmda_oh,mlp,1006,population,20359,16818,8074,8744,3541,1624,10368,1372,1363,9,18987,119,128,1148,1132,16,19211,153,169,1545,659,886,18814,260,1146,2496,1586,910,17863,482,1392,3633,2691,942,16726,450,1392,17079,7688,9391,3280,1526,10917,0.4800808657390891,0.45862750635413724,0.9934402332361516,0.006267446147363986,0.9860627177700348,0.007964187184425589,0.42653721682847895,0.013819496119910705,0.6354166666666666,0.026983149526955158,0.740710156895128,0.026904220973334926,0.4501434510217226,0.4652439024390244
targeting,hmda_oh,mlp,1006,task,20359,16818,4806,12012,3541,2210,14222,1372,968,404,18987,691,1095,1148,1044,104,19211,381,485,1545,545,1000,18814,247,1247,2496,1314,1182,17863,1447,2629,3633,2077,1556,16726,1073,2629,17079,4548,12531,3280,2066,14597,0.2857652515162326,0.6241174809375882,0.7055393586005831,0.0363933217464581,0.9094076655052264,0.019832387694549997,0.35275080906148865,0.013128521313915169,0.5264423076923077,0.0810054302188882,0.5717038260390862,0.06415162023197417,0.2662919374670648,0.6298780487804878
targeting,hmda_oh,mlp,1007,augmentation,20359,15083,6038,9045,5276,2729,11774,887,807,80,19472,274,354,574,550,24,19785,158,182,1372,416,956,18987,331,1287,1848,850,998,18511,746,1744,2627,1545,1082,17732,662,1744,15460,5766,9694,4899,2574,12268,0.4003182390771067,0.5172479150871873,0.9098083427282976,0.014071487263763352,0.9581881533101045,0.007985847864543847,0.3032069970845481,0.017432980460314954,0.45995670995670995,0.04030036194695046,0.5881233346022079,0.037333634107827654,0.37296248382923675,0.5254133496631965
targeting,hmda_oh,mlp,1007,contexts,20359,15083,15062,21,5276,3,24,887,883,4,19472,16,20,574,574,0,19785,1,1,1372,1356,16,18987,9,25,1848,1830,18,18511,28,46,2627,2605,22,17732,24,46,15460,15416,44,4899,5,49,0.9986077040376583,0.0005686125852918878,0.9954904171364148,0.0008216926869350862,1.0,5.054334091483447e-05,0.9883381924198251,0.0004740085321535788,0.9902597402597403,0.0015126141213332614,0.9916254282451465,0.0013534852244529664,0.9971539456662355,0.0010206164523372118
targeting,hmda_oh,mlp,1007,features,20359,15083,15083,0,5276,0,0,887,879,8,19472,12,20,574,574,0,19785,0,0,1372,1346,26,18987,2,28,1848,1819,29,18511,19,48,2627,2592,35,17732,13,48,15460,15432,28,4899,0,28,1.0,0.0,0.9909808342728298,0.0006162695152013147,1.0,0.0,0.9810495626822158,0.00010533522936746195,0.9843073593073594,0.0010264167251904273,0.9866768176627332,0.0007331378299120235,0.9981888745148771,0.0
targeting,hmda_oh,mlp,1007,full,20359,15083,15083,0,5276,0,0,887,881,6,19472,13,19,574,574,0,19785,0,0,1372,1343,29,18987,1,30,1848,1817,31,18511,18,49,2627,2591,36,17732,13,49,15460,15430,30,4899,0,30,1.0,0.0,0.9932356257046223,0.0006676253081347577,1.0,0.0,0.9788629737609329,5.2667614683730974e-05,0.9832251082251082,0.000972394792285668,0.9862961553102398,0.0007331378299120235,0.9980595084087969,0.0
targeting,hmda_oh,mlp,1007,population,20359,15083,10319,4764,5276,1353,6117,887,872,15,19472,121,136,574,563,11,19785,67,78,1372,927,445,18987,115,560,1848,1385,463,18511,298,761,2627,2144,483,17732,278,761,15460,10249,5211,4899,1235,6446,0.6841477159716237,0.2564442759666414,0.9830890642615558,0.00621405094494659,0.980836236933798,0.0033864038412939096,0.6756559766763849,0.006056775688629062,0.7494588744588745,0.01609853600561828,0.8161400837457176,0.015677870516580195,0.6629366106080207,0.25209226372729127
targeting,hmda_oh,mlp,1007,task,20359,15083,0,15083,5276,0,15083,887,0,887,19472,0,887,574,0,574,19785,0,574,1372,0,1372,18987,0,1372,1848,0,1848,18511,779,2627,2627,0,2627,17732,0,2627,15460,0,15460,4899,0,15460,0.0,0.0,0.0,0.0,0.0,0.0,0.0,0.0,0.0,0.04208308573280752,0.0,0.0,0.0,0.0
targeting,hmda_oh,mlp,1008,augmentation,20359,16623,7445,9178,3736,1799,10977,1016,927,89,19343,141,230,1007,987,20,19352,111,131,1682,759,923,18677,126,1049,2423,1449,974,17936,401,1375,3290,2231,1059,17069,316,1375,16832,7081,9751,3527,1702,11453,0.44787342838236177,0.48153104925053536,0.9124015748031497,0.007289458718916404,0.9801390268123138,0.005735841256717652,0.4512485136741974,0.0067462654601916795,0.598018984729674,0.02235727029438002,0.6781155015197569,0.01851309391294159,0.42068678707224333,0.482563084774596
targeting,hmda_oh,mlp,1008,contexts,20359,16623,16619,4,3736,1,5,1016,1008,8,19343,25,33,1007,1007,0,19352,0,0,1682,1666,16,18677,2,18,2423,2402,21,17936,30,51,3290,3263,27,17069,24,51,16832,16812,20,3527,3,23,0.9997593695482163,0.0002676659528907923,0.9921259842519685,0.001292457219666029,1.0,0.0,0.990487514863258,0.00010708357873320126,0.9913330581923235,0.001672613737734166,0.9917933130699088,0.0014060577655398677,0.9988117870722434,0.0008505812305075135
targeting,hmda_oh,mlp,1008,features,20359,16623,16619,4,3736,1,5,1016,1004,12,19343,19,31,1007,1007,0,19352,0,0,1682,1645,37,18677,2,39,2423,2381,42,17936,27,69,3290,3238,52,17069,17,69,16832,16789,43,3527,1,44,0.9997593695482163,0.0002676659528907923,0.9881889763779528,0.0009822674869461822,1.0,0.0,0.9780023781212842,0.00010708357873320126,0.9826661163846472,0.0015053523639607493,0.98419452887538,0.000995957583924073,0.9974453422053232,0.0002835270768358378
targeting,hmda_oh,mlp,1008,full,20359,16623,16622,1,3736,0,1,1016,1014,2,19343,3,5,1007,1007,0,19352,0,0,1682,1651,31,18677,2,33,2423,2392,31,17936,7,38,3290,3257,33,17069,5,38,16832,16799,33,3527,1,34,0.9999398423870541,0.0,0.9980314960629921,0.0001550948663599235,1.0,0.0,0.9815695600475625,0.00010708357873320126,0.987205943045811,0.0003902765388046387,0.9899696048632218,0.00029292870115413906,0.9980394486692015,0.0002835270768358378
targeting,hmda_oh,mlp,1008,population,20359,16623,10005,6618,3736,1408,8026,1016,967,49,19343,171,220,1007,979,28,19352,147,175,1682,1216,466,18677,188,654,2423,1903,520,17936,471,991,3290,2709,581,17069,410,991,16832,9777,7055,3527,1322,8377,0.6018769175239127,0.37687366167023556,0.9517716535433071,0.008840407382515639,0.9721946375372393,0.007596114096734188,0.72294887039239,0.01006585640092092,0.7853900123813454,0.026260035682426405,0.823404255319149,0.024020153494639405,0.5808578897338403,0.3748227955769776
targeting,hmda_oh,mlp,1008,task,20359,16623,0,16623,3736,0,16623,1016,0,1016,19343,0,1016,1007,0,1007,19352,0,1007,1682,0,1682,18677,0,1682,2423,0,2423,17936,867,3290,3290,0,3290,17069,0,3290,16832,0,16832,3527,0,16832,0.0,0.0,0.0,0.0,0.0,0.0,0.0,0.0,0.0,0.048338537020517394,0.0,0.0,0.0,0.0
targeting,hmda_oh,mlp,1009,augmentation,20359,16020,7079,8941,4339,1948,10889,1377,1279,98,18982,199,297,939,887,52,19420,135,187,1447,566,881,18912,215,1096,2098,1178,920,18261,547,1467,3250,2237,1013,17109,454,1467,16146,6872,9274,4213,1895,11169,0.4418851435705368,0.44895137128370594,0.9288307915758897,0.01048361605731746,0.9446219382321619,0.006951596292481977,0.39115411195577054,0.01136844331641286,0.561487130600572,0.029954547943705164,0.6883076923076923,0.026535741422643054,0.4256162517032082,0.449798243531925
targeting,hmda_oh,mlp,1009,contexts,20359,16020,15971,49,4339,8,57,1377,1374,3,18982,19,22,939,939,0,19420,0,0,1447,1423,24,18912,8,32,2098,2068,30,18261,24,54,3250,3216,34,17109,20,54,16146,16066,80,4213,9,89,0.9969413233458178,0.0018437427978796957,0.9978213507625272,0.001000948266779054,1.0,0.0,0.9834139599170698,0.00042301184433164127,0.9857006673021925,0.0013142763265976672,0.9895384615384616,0.001168975393067976,0.9950452124365168,0.002136244956088298
targeting,hmda_oh,mlp,1009,features,20359,16020,16019,1,4339,0,1,1377,1375,2,18982,9,11,939,939,0,19420,0,0,1447,1401,46,18912,11,57,2098,2051,47,18261,21,68,3250,3199,51,17109,17,68,16146,16091,55,4213,3,58,0.9999375780274656,0.0,0.9985475671750181,0.0004741333895269202,1.0,0.0,0.9682100898410505,0.0005816412859560067,0.9775977121067684,0.0011499917857729588,0.9843076923076923,0.0009936290841077795,0.9965935835501053,0.0007120816520294327
targeting,hmda_oh,mlp,1009,full,20359,16020,16018,2,4339,1,3,1377,1376,1,18982,14,15,939,939,0,19420,0,0,1447,1408,39,18912,3,42,2098,2056,42,18261,15,57,3250,3207,43,17109,14,57,16146,16103,43,4213,2,45,0.9998751560549314,0.00023046784973496196,0.9992737835875091,0.000737540828152987,1.0,0.0,0.9730476848652384,0.00015862944162436547,0.9799809342230696,0.000821422704123542,0.9867692307692307,0.0008182827751475831,0.9973368016846278,0.00047472110135295516
targeting,hmda_oh,mlp,1009,population,20359,16020,9026,6994,4339,1499,8493,1377,1348,29,18982,136,165,939,919,20,19420,116,136,1447,985,462,18912,173,635,2098,1603,495,18261,363,858,3250,2723,527,17109,331,858,16146,8829,7317,4213,1445,8762,0.5634207240948814,0.345471306752708,0.9789397240377633,0.007164682330629017,0.9787007454739084,0.005973223480947477,0.6807187284035936,0.009147631133671744,0.7640610104861774,0.019878429439789715,0.8378461538461538,0.019346542755275,0.5468227424749164,0.3429859957275101
targeting,hmda_oh,mlp,1009,task,20359,16020,0,16020,4339,0,16020,1377,0,1377,18982,0,1377,939,0,939,19420,0,939,1447,0,1447,18912,0,1447,2098,0,2098,18261,1152,3250,3250,0,3250,17109,0,3250,16146,0,16146,4213,0,16146,0.0,0.0,0.0,0.0,0.0,0.0,0.0,0.0,0.0,0.06308526367668803,0.0,0.0,0.0,0.0
