panel,task,architecture,seed,arm,feature,n,signed,equality_source_n,equality_resolved_n,equality_remaining_n,equality_source_pass_n,equality_introduced_n,equality_final_n,decision_source_n,decision_resolved_n,decision_remaining_n,decision_source_pass_n,decision_introduced_n,decision_final_n,opposite_source_n,opposite_resolved_n,opposite_remaining_n,opposite_source_pass_n,opposite_introduced_n,opposite_final_n,direction_source_n,direction_resolved_n,direction_remaining_n,direction_source_pass_n,direction_introduced_n,direction_final_n,priority_source_n,priority_resolved_n,priority_remaining_n,priority_source_pass_n,priority_introduced_n,priority_final_n,observed_source_n,observed_resolved_n,observed_remaining_n,observed_source_pass_n,observed_introduced_n,observed_final_n,joint_source_n,joint_resolved_n,joint_remaining_n,joint_source_pass_n,joint_introduced_n,joint_final_n,response_drift
primary,hmda_oh,mlp,1000,soft,debt_to_income_ratio,1666,True,1455,1453,2,211,0,2,110,110,0,1556,0,0,84,84,0,1582,0,0,351,349,2,1315,0,2,360,358,2,1306,0,2,439,437,2,1227,0,2,1507,1503,4,159,0,4,0.04842826438453383
primary,hmda_oh,mlp,1000,soft,ffiec_msa_md_median_family_income,1628,False,1297,1297,0,331,1,1,87,87,0,1541,1,1,136,136,0,1492,0,0,0,0,0,1628,0,0,144,144,0,1484,1,1,217,217,0,1411,1,1,1297,1297,0,331,1,1,0.0315647688484365
primary,hmda_oh,mlp,1000,soft,income,1654,True,1392,1392,0,262,0,0,83,83,0,1571,0,0,190,190,0,1464,0,0,782,773,9,872,1,10,783,774,9,871,1,10,817,808,9,837,1,10,1499,1489,10,155,0,10,0.03572163247341823
primary,hmda_oh,mlp,1000,soft,lien_status,1486,False,1130,1127,3,356,0,3,81,81,0,1405,2,2,62,62,0,1424,0,0,0,0,0,1486,0,0,71,70,1,1415,1,2,141,140,1,1345,1,2,1130,1127,3,356,0,3,0.03538827312401189
primary,hmda_oh,mlp,1000,soft,loan_amount,1585,False,1282,1281,1,303,0,1,81,81,0,1504,0,0,117,117,0,1468,0,0,0,0,0,1585,0,0,122,122,0,1463,0,0,189,189,0,1396,0,0,1282,1281,1,303,0,1,0.03961530934179392
primary,hmda_oh,mlp,1000,soft,loan_purpose,1725,False,1385,1383,2,340,0,2,99,98,1,1626,1,2,27,27,0,1698,0,0,0,0,0,1725,0,0,36,35,1,1689,1,2,126,124,2,1599,0,2,1385,1383,2,340,0,2,0.062323411931982944
primary,hmda_oh,mlp,1000,soft,loan_to_value_ratio,1669,True,1500,1500,0,169,0,0,188,188,0,1481,1,1,73,73,0,1596,0,0,407,407,0,1262,0,0,422,421,1,1247,0,1,585,584,1,1084,0,1,1554,1554,0,115,0,0,0.10414960103801042
primary,hmda_oh,mlp,1000,soft,loan_type,1483,False,1330,1328,2,153,0,2,123,123,0,1360,1,1,110,110,0,1373,0,0,0,0,0,1483,0,0,126,126,0,1357,1,1,222,222,0,1261,1,1,1330,1328,2,153,0,2,0.0968618177698349
primary,hmda_oh,mlp,1000,soft,occupancy_type,1249,False,1121,1118,3,128,0,3,166,166,0,1083,1,1,14,14,0,1235,0,0,0,0,0,1249,0,0,35,35,0,1214,1,1,179,179,0,1070,1,1,1121,1118,3,128,0,3,0.17312161829991896
primary,hmda_oh,mlp,1000,soft,preapproval,1193,False,1065,1065,0,128,0,0,40,40,0,1153,1,1,0,0,0,1193,0,0,0,0,0,1193,0,0,6,6,0,1187,1,1,40,40,0,1153,1,1,1065,1065,0,128,0,0,0.06387607324297831
primary,hmda_oh,mlp,1000,soft,property_value,1583,False,1419,1419,0,164,0,0,57,57,0,1526,1,1,147,147,0,1436,0,0,0,0,0,1583,0,0,149,149,0,1434,1,1,198,198,0,1385,1,1,1419,1419,0,164,0,0,0.02835230857394051
primary,hmda_oh,mlp,1000,soft,tract_minority_population_percent,1766,False,1244,1243,1,522,0,1,57,57,0,1709,3,3,103,103,0,1663,0,0,0,0,0,1766,0,0,105,105,0,1661,3,3,160,160,0,1606,3,3,1244,1243,1,522,0,1,0.01705944259425972
primary,hmda_oh,mlp,1000,soft,tract_to_msa_income_percentage,1672,False,1402,1400,2,270,0,2,75,74,1,1597,0,1,137,137,0,1535,0,0,0,0,0,1672,0,0,149,149,0,1523,1,1,206,205,1,1466,0,1,1402,1400,2,270,0,2,0.02441469840633589
signed_primary,hmda_oh,mlp,1000,soft,income,1654,True,1392,1392,0,262,0,0,83,83,0,1571,0,0,190,190,0,1464,0,0,782,773,9,872,1,10,783,774,9,871,1,10,817,808,9,837,1,10,1499,1489,10,155,0,10,0.03572163247341823
signed_primary,hmda_oh,mlp,1000,soft,debt_to_income_ratio,1666,True,1455,1453,2,211,0,2,110,110,0,1556,0,0,84,84,0,1582,0,0,351,349,2,1315,0,2,360,358,2,1306,0,2,439,437,2,1227,0,2,1507,1503,4,159,0,4,0.04842826438453383
signed_primary,hmda_oh,mlp,1000,soft,loan_to_value_ratio,1669,True,1500,1500,0,169,0,0,188,188,0,1481,1,1,73,73,0,1596,0,0,407,407,0,1262,0,0,422,421,1,1247,0,1,585,584,1,1084,0,1,1554,1554,0,115,0,0,0.10414960103801042
signed_primary,hmda_oh,mlp,1000,soft,linked_income_plus10k,675,True,413,413,0,262,0,0,18,18,0,657,0,0,12,12,0,663,0,0,79,75,4,596,0,4,80,76,4,595,0,4,94,90,4,581,0,4,433,429,4,242,0,4,0.02002792781104801
primary,hmda_oh,mlp,1001,soft,debt_to_income_ratio,1666,True,1472,1471,1,194,0,1,74,74,0,1592,2,2,133,133,0,1533,0,0,383,369,14,1283,6,20,391,376,15,1275,7,22,423,408,15,1243,7,22,1502,1481,21,164,0,21,0.045163580678206236
primary,hmda_oh,mlp,1001,soft,ffiec_msa_md_median_family_income,1628,False,1375,1375,0,253,0,0,69,68,1,1559,0,1,145,145,0,1483,0,0,0,0,0,1628,0,0,158,158,0,1470,1,1,207,206,1,1421,0,1,1375,1375,0,253,0,0,0.03138487571219997
primary,hmda_oh,mlp,1001,soft,income,1654,True,1549,1548,1,105,0,1,70,70,0,1584,1,1,250,250,0,1404,0,0,1145,1091,54,509,5,59,1150,1095,55,504,5,60,1181,1126,55,473,5,60,1612,1552,60,42,0,60,0.04389852606389995
primary,hmda_oh,mlp,1001,soft,lien_status,1486,False,1322,1322,0,164,0,0,77,77,0,1409,1,1,103,103,0,1383,0,0,0,0,0,1486,0,0,118,118,0,1368,1,1,167,167,0,1319,1,1,1322,1322,0,164,0,0,0.03866141768301276
primary,hmda_oh,mlp,1001,soft,loan_amount,1585,False,1345,1345,0,240,0,0,79,79,0,1506,0,0,135,135,0,1450,0,0,0,0,0,1585,0,0,144,144,0,1441,0,0,205,205,0,1380,0,0,1345,1345,0,240,0,0,0.040090926336622125
primary,hmda_oh,mlp,1001,soft,loan_purpose,1725,False,1491,1491,0,234,0,0,122,122,0,1603,0,0,18,18,0,1707,0,0,0,0,0,1725,0,0,43,43,0,1682,0,0,139,139,0,1586,0,0,1491,1491,0,234,0,0,0.06250214152089681
primary,hmda_oh,mlp,1001,soft,loan_to_value_ratio,1669,True,1488,1488,0,181,0,0,228,227,1,1441,2,3,83,83,0,1586,0,0,484,482,2,1185,2,4,499,496,3,1170,4,7,701,696,5,968,2,7,1533,1529,4,136,0,4,0.10954870663522992
primary,hmda_oh,mlp,1001,soft,loan_type,1483,False,1394,1393,1,89,0,1,124,124,0,1359,1,1,131,131,0,1352,0,0,0,0,0,1483,0,0,145,145,0,1338,1,1,244,244,0,1239,1,1,1394,1393,1,89,0,1,0.08491260419857947
primary,hmda_oh,mlp,1001,soft,occupancy_type,1249,False,1158,1158,0,91,0,0,206,206,0,1043,3,3,30,30,0,1219,0,0,0,0,0,1249,0,0,73,73,0,1176,3,3,235,235,0,1014,3,3,1158,1158,0,91,0,0,0.2175604260837068
primary,hmda_oh,mlp,1001,soft,preapproval,1193,False,1085,1085,0,108,0,0,36,36,0,1157,0,0,0,0,0,1193,0,0,0,0,0,1193,0,0,2,2,0,1191,0,0,36,36,0,1157,0,0,1085,1085,0,108,0,0,0.05166873194832508
primary,hmda_oh,mlp,1001,soft,property_value,1583,False,1449,1449,0,134,0,0,60,60,0,1523,0,0,188,188,0,1395,0,0,0,0,0,1583,0,0,192,192,0,1391,0,0,233,233,0,1350,0,0,1449,1449,0,134,0,0,0.03039412798934565
primary,hmda_oh,mlp,1001,soft,tract_minority_population_percent,1766,False,1416,1416,0,350,0,0,45,45,0,1721,0,0,157,157,0,1609,0,0,0,0,0,1766,0,0,158,158,0,1608,0,0,193,193,0,1573,0,0,1416,1416,0,350,0,0,0.020572633844686425
primary,hmda_oh,mlp,1001,soft,tract_to_msa_income_percentage,1672,False,1418,1416,2,254,0,2,71,71,0,1601,2,2,145,145,0,1527,0,0,0,0,0,1672,0,0,149,148,1,1523,1,2,205,204,1,1467,1,2,1418,1416,2,254,0,2,0.02762781143355545
signed_primary,hmda_oh,mlp,1001,soft,income,1654,True,1549,1548,1,105,0,1,70,70,0,1584,1,1,250,250,0,1404,0,0,1145,1091,54,509,5,59,1150,1095,55,504,5,60,1181,1126,55,473,5,60,1612,1552,60,42,0,60,0.04389852606389995
signed_primary,hmda_oh,mlp,1001,soft,debt_to_income_ratio,1666,True,1472,1471,1,194,0,1,74,74,0,1592,2,2,133,133,0,1533,0,0,383,369,14,1283,6,20,391,376,15,1275,7,22,423,408,15,1243,7,22,1502,1481,21,164,0,21,0.045163580678206236
signed_primary,hmda_oh,mlp,1001,soft,loan_to_value_ratio,1669,True,1488,1488,0,181,0,0,228,227,1,1441,2,3,83,83,0,1586,0,0,484,482,2,1185,2,4,499,496,3,1170,4,7,701,696,5,968,2,7,1533,1529,4,136,0,4,0.10954870663522992
signed_primary,hmda_oh,mlp,1001,soft,linked_income_plus10k,675,True,458,458,0,217,0,0,15,15,0,660,0,0,13,13,0,662,0,0,96,90,6,579,1,7,97,91,6,578,1,7,107,101,6,568,1,7,483,476,7,192,0,7,0.01713319123268826
primary,hmda_oh,mlp,1002,soft,debt_to_income_ratio,1666,True,1359,1356,3,307,0,3,46,45,1,1620,2,3,73,73,0,1593,0,0,431,431,0,1235,0,0,437,436,1,1229,2,3,458,456,2,1208,1,3,1425,1422,3,241,0,3,0.048388716758175826
primary,hmda_oh,mlp,1002,soft,ffiec_msa_md_median_family_income,1628,False,1185,1182,3,443,0,3,43,43,0,1585,5,5,66,66,0,1562,0,0,0,0,0,1628,0,0,67,67,0,1561,5,5,107,107,0,1521,5,5,1185,1182,3,443,0,3,0.029763417400283973
primary,hmda_oh,mlp,1002,soft,income,1654,True,1310,1309,1,344,0,1,54,53,1,1600,6,7,69,69,0,1585,0,0,634,628,6,1020,3,9,638,628,10,1016,6,16,661,650,11,993,5,16,1454,1444,10,200,0,10,0.03630460247790889
primary,hmda_oh,mlp,1002,soft,lien_status,1486,False,1163,1162,1,323,0,1,48,47,1,1438,4,5,52,52,0,1434,0,0,0,0,0,1486,0,0,57,54,3,1429,2,5,95,91,4,1391,1,5,1163,1162,1,323,0,1,0.0392676817886115
primary,hmda_oh,mlp,1002,soft,loan_amount,1585,False,1296,1295,1,289,1,2,46,46,0,1539,1,1,111,111,0,1474,0,0,0,0,0,1585,0,0,119,119,0,1466,1,1,153,153,0,1432,1,1,1296,1295,1,289,1,2,0.0363876488105223
primary,hmda_oh,mlp,1002,soft,loan_purpose,1725,False,1526,1521,5,199,0,5,94,92,2,1631,1,3,30,30,0,1695,0,0,0,0,0,1725,0,0,44,43,1,1681,2,3,121,119,2,1604,1,3,1526,1521,5,199,0,5,0.06224252012775629
primary,hmda_oh,mlp,1002,soft,loan_to_value_ratio,1669,True,1510,1509,1,159,1,2,130,128,2,1539,1,3,67,67,0,1602,0,0,402,401,1,1267,0,1,411,409,2,1258,2,4,522,518,4,1147,0,4,1561,1559,2,108,1,3,0.09995108002417115
primary,hmda_oh,mlp,1002,soft,loan_type,1483,False,1404,1402,2,79,0,2,67,67,0,1416,1,1,90,90,0,1393,0,0,0,0,0,1483,0,0,98,98,0,1385,1,1,150,150,0,1333,1,1,1404,1402,2,79,0,2,0.10466459873899951
primary,hmda_oh,mlp,1002,soft,occupancy_type,1249,False,1071,1069,2,178,0,2,130,128,2,1119,5,7,14,14,0,1235,0,0,0,0,0,1249,0,0,22,21,1,1227,6,7,143,141,2,1106,5,7,1071,1069,2,178,0,2,0.14250473503260763
primary,hmda_oh,mlp,1002,soft,preapproval,1193,False,1002,1002,0,191,0,0,28,27,1,1165,1,2,0,0,0,1193,0,0,0,0,0,1193,0,0,1,0,1,1192,1,2,28,27,1,1165,1,2,1002,1002,0,191,0,0,0.06055624047642673
primary,hmda_oh,mlp,1002,soft,property_value,1583,False,1274,1274,0,309,2,2,41,41,0,1542,3,3,87,87,0,1496,0,0,0,0,0,1583,0,0,87,87,0,1496,3,3,123,123,0,1460,3,3,1274,1274,0,309,2,2,0.02765724420455536
primary,hmda_oh,mlp,1002,soft,tract_minority_population_percent,1766,False,1132,1132,0,634,0,0,36,35,1,1730,3,4,51,51,0,1715,0,0,0,0,0,1766,0,0,51,51,0,1715,4,4,87,86,1,1679,3,4,1132,1132,0,634,0,0,0.01917267435251931
primary,hmda_oh,mlp,1002,soft,tract_to_msa_income_percentage,1672,False,1115,1113,2,557,0,2,52,51,1,1620,2,3,42,42,0,1630,0,0,0,0,0,1672,0,0,45,45,0,1627,3,3,93,92,1,1579,2,3,1115,1113,2,557,0,2,0.02603353840475559
signed_primary,hmda_oh,mlp,1002,soft,income,1654,True,1310,1309,1,344,0,1,54,53,1,1600,6,7,69,69,0,1585,0,0,634,628,6,1020,3,9,638,628,10,1016,6,16,661,650,11,993,5,16,1454,1444,10,200,0,10,0.03630460247790889
signed_primary,hmda_oh,mlp,1002,soft,debt_to_income_ratio,1666,True,1359,1356,3,307,0,3,46,45,1,1620,2,3,73,73,0,1593,0,0,431,431,0,1235,0,0,437,436,1,1229,2,3,458,456,2,1208,1,3,1425,1422,3,241,0,3,0.048388716758175826
signed_primary,hmda_oh,mlp,1002,soft,loan_to_value_ratio,1669,True,1510,1509,1,159,1,2,130,128,2,1539,1,3,67,67,0,1602,0,0,402,401,1,1267,0,1,411,409,2,1258,2,4,522,518,4,1147,0,4,1561,1559,2,108,1,3,0.09995108002417115
signed_primary,hmda_oh,mlp,1002,soft,linked_income_plus10k,675,True,303,303,0,372,0,0,9,9,0,666,1,1,11,11,0,664,0,0,111,110,1,564,0,1,111,110,1,564,1,2,116,115,1,559,1,2,342,341,1,333,0,1,0.018325140133829253
primary,hmda_oh,mlp,1003,soft,debt_to_income_ratio,1666,True,1310,1310,0,356,0,0,73,73,0,1593,0,0,62,62,0,1604,0,0,315,312,3,1351,2,5,320,317,3,1346,2,5,375,372,3,1291,2,5,1369,1364,5,297,0,5,0.03696825942409798
primary,hmda_oh,mlp,1003,soft,ffiec_msa_md_median_family_income,1628,False,1178,1178,0,450,0,0,49,48,1,1579,3,4,81,81,0,1547,0,0,0,0,0,1628,0,0,84,82,2,1544,2,4,127,125,2,1501,2,4,1178,1178,0,450,0,0,0.02187224045330282
primary,hmda_oh,mlp,1003,soft,income,1654,True,1315,1315,0,339,0,0,53,53,0,1601,2,2,106,106,0,1548,0,0,848,832,16,806,0,16,848,831,17,806,1,18,866,849,17,788,1,18,1476,1460,16,178,0,16,0.042163419383973395
primary,hmda_oh,mlp,1003,soft,lien_status,1486,False,1211,1210,1,275,0,1,42,42,0,1444,2,2,82,82,0,1404,0,0,0,0,0,1486,0,0,83,83,0,1403,2,2,122,122,0,1364,2,2,1211,1210,1,275,0,1,0.02751825171919914
primary,hmda_oh,mlp,1003,soft,loan_amount,1585,False,1440,1440,0,145,0,0,62,60,2,1523,4,6,135,135,0,1450,0,0,0,0,0,1585,0,0,137,137,0,1448,6,6,190,188,2,1395,4,6,1440,1440,0,145,0,0,0.031756859014871304
primary,hmda_oh,mlp,1003,soft,loan_purpose,1725,False,1373,1373,0,352,0,0,73,71,2,1652,2,4,17,17,0,1708,0,0,0,0,0,1725,0,0,22,22,0,1703,4,4,86,84,2,1639,2,4,1373,1373,0,352,0,0,0.05068633516844998
primary,hmda_oh,mlp,1003,soft,loan_to_value_ratio,1669,True,1373,1372,1,296,0,1,192,192,0,1477,0,0,21,21,0,1648,0,0,330,328,2,1339,1,3,338,336,2,1331,1,3,516,514,2,1153,1,3,1462,1458,4,207,0,4,0.0980511298937852
primary,hmda_oh,mlp,1003,soft,loan_type,1483,False,1264,1264,0,219,0,0,79,78,1,1404,2,3,66,66,0,1417,0,0,0,0,0,1483,0,0,73,71,2,1410,1,3,142,140,2,1341,1,3,1264,1264,0,219,0,0,0.07274100040161197
primary,hmda_oh,mlp,1003,soft,occupancy_type,1249,False,1031,1029,2,218,0,2,127,127,0,1122,0,0,15,15,0,1234,0,0,0,0,0,1249,0,0,22,22,0,1227,0,0,141,141,0,1108,0,0,1031,1029,2,218,0,2,0.09652300999688117
primary,hmda_oh,mlp,1003,soft,preapproval,1193,False,1058,1058,0,135,0,0,23,23,0,1170,0,0,0,0,0,1193,0,0,0,0,0,1193,0,0,0,0,0,1193,0,0,23,23,0,1170,0,0,1058,1058,0,135,0,0,0.05534453653173921
primary,hmda_oh,mlp,1003,soft,property_value,1583,False,1106,1106,0,477,0,0,52,52,0,1531,3,3,33,33,0,1550,0,0,0,0,0,1583,0,0,36,36,0,1547,3,3,84,84,0,1499,3,3,1106,1106,0,477,0,0,0.03130855555674425
primary,hmda_oh,mlp,1003,soft,tract_minority_population_percent,1766,False,1149,1149,0,617,0,0,57,55,2,1709,2,4,76,76,0,1690,0,0,0,0,0,1766,0,0,79,79,0,1687,4,4,132,130,2,1634,2,4,1149,1149,0,617,0,0,0.019687308644545154
primary,hmda_oh,mlp,1003,soft,tract_to_msa_income_percentage,1672,False,1215,1215,0,457,0,0,60,59,1,1612,2,3,79,79,0,1593,0,0,0,0,0,1672,0,0,82,79,3,1590,0,3,134,131,3,1538,0,3,1215,1215,0,457,0,0,0.02358420988121355
signed_primary,hmda_oh,mlp,1003,soft,income,1654,True,1315,1315,0,339,0,0,53,53,0,1601,2,2,106,106,0,1548,0,0,848,832,16,806,0,16,848,831,17,806,1,18,866,849,17,788,1,18,1476,1460,16,178,0,16,0.042163419383973395
signed_primary,hmda_oh,mlp,1003,soft,debt_to_income_ratio,1666,True,1310,1310,0,356,0,0,73,73,0,1593,0,0,62,62,0,1604,0,0,315,312,3,1351,2,5,320,317,3,1346,2,5,375,372,3,1291,2,5,1369,1364,5,297,0,5,0.03696825942409798
signed_primary,hmda_oh,mlp,1003,soft,loan_to_value_ratio,1669,True,1373,1372,1,296,0,1,192,192,0,1477,0,0,21,21,0,1648,0,0,330,328,2,1339,1,3,338,336,2,1331,1,3,516,514,2,1153,1,3,1462,1458,4,207,0,4,0.0980511298937852
signed_primary,hmda_oh,mlp,1003,soft,linked_income_plus10k,675,True,322,322,0,353,0,0,8,8,0,667,0,0,9,9,0,666,0,0,87,84,3,588,1,4,87,84,3,588,1,4,95,92,3,580,1,4,350,346,4,325,0,4,0.017108452074788227
primary,hmda_oh,mlp,1004,soft,debt_to_income_ratio,1666,True,1359,1358,1,307,0,1,69,69,0,1597,0,0,63,63,0,1603,0,0,231,221,10,1435,2,12,231,221,10,1435,2,12,281,271,10,1385,2,12,1387,1374,13,279,0,13,0.041020106651306336
primary,hmda_oh,mlp,1004,soft,ffiec_msa_md_median_family_income,1628,False,1240,1237,3,388,2,5,49,48,1,1579,0,1,91,91,0,1537,0,0,0,0,0,1628,0,0,97,97,0,1531,1,1,136,135,1,1492,0,1,1240,1237,3,388,2,5,0.024261833232679206
primary,hmda_oh,mlp,1004,soft,income,1654,True,1294,1294,0,360,0,0,66,66,0,1588,0,0,96,96,0,1558,0,0,723,716,7,931,1,8,726,719,7,928,1,8,748,741,7,906,1,8,1436,1429,7,218,1,8,0.04010251996135354
primary,hmda_oh,mlp,1004,soft,lien_status,1486,False,1243,1243,0,243,0,0,56,56,0,1430,1,1,75,75,0,1411,0,0,0,0,0,1486,0,0,80,80,0,1406,1,1,131,131,0,1355,1,1,1243,1243,0,243,0,0,0.03177415927788266
primary,hmda_oh,mlp,1004,soft,loan_amount,1585,False,1440,1436,4,145,0,4,58,58,0,1527,1,1,205,205,0,1380,0,0,0,0,0,1585,0,0,211,211,0,1374,1,1,247,247,0,1338,1,1,1440,1436,4,145,0,4,0.03788723665563105
primary,hmda_oh,mlp,1004,soft,loan_purpose,1725,False,1419,1418,1,306,1,2,68,67,1,1657,3,4,15,15,0,1710,0,0,0,0,0,1725,0,0,19,19,0,1706,4,4,82,81,1,1643,3,4,1419,1418,1,306,1,2,0.05737387643652983
primary,hmda_oh,mlp,1004,soft,loan_to_value_ratio,1669,True,1431,1428,3,238,0,3,143,143,0,1526,0,0,29,29,0,1640,0,0,345,338,7,1324,0,7,357,350,7,1312,0,7,481,474,7,1188,0,7,1482,1472,10,187,0,10,0.09777031206217723
primary,hmda_oh,mlp,1004,soft,loan_type,1483,False,1310,1308,2,173,0,2,80,80,0,1403,2,2,70,70,0,1413,0,0,0,0,0,1483,0,0,77,77,0,1406,2,2,147,147,0,1336,2,2,1310,1308,2,173,0,2,0.0842929023111313
primary,hmda_oh,mlp,1004,soft,occupancy_type,1249,False,1107,1104,3,142,0,3,137,135,2,1112,2,4,17,17,0,1232,0,0,0,0,0,1249,0,0,38,38,0,1211,4,4,153,151,2,1096,2,4,1107,1104,3,142,0,3,0.1753996125011156
primary,hmda_oh,mlp,1004,soft,preapproval,1193,False,1043,1043,0,150,0,0,26,26,0,1167,1,1,0,0,0,1193,0,0,0,0,0,1193,0,0,0,0,0,1193,1,1,26,26,0,1167,1,1,1043,1043,0,150,0,0,0.05032924006188928
primary,hmda_oh,mlp,1004,soft,property_value,1583,False,1278,1274,4,305,1,5,48,48,0,1535,0,0,105,105,0,1478,1,1,0,0,0,1583,0,0,107,107,0,1476,1,1,151,150,1,1432,0,1,1278,1274,4,305,1,5,0.02483810708193581
primary,hmda_oh,mlp,1004,soft,tract_minority_population_percent,1766,False,1286,1285,1,480,0,1,41,41,0,1725,2,2,89,89,0,1677,0,0,0,0,0,1766,0,0,91,90,1,1675,1,2,123,122,1,1643,1,2,1286,1285,1,480,0,1,0.017508248040730222
primary,hmda_oh,mlp,1004,soft,tract_to_msa_income_percentage,1672,False,1245,1244,1,427,3,4,61,59,2,1611,2,4,43,43,0,1629,0,0,0,0,0,1672,0,0,45,44,1,1627,3,4,101,99,2,1571,2,4,1245,1244,1,427,3,4,0.025618267299066702
signed_primary,hmda_oh,mlp,1004,soft,income,1654,True,1294,1294,0,360,0,0,66,66,0,1588,0,0,96,96,0,1558,0,0,723,716,7,931,1,8,726,719,7,928,1,8,748,741,7,906,1,8,1436,1429,7,218,1,8,0.04010251996135354
signed_primary,hmda_oh,mlp,1004,soft,debt_to_income_ratio,1666,True,1359,1358,1,307,0,1,69,69,0,1597,0,0,63,63,0,1603,0,0,231,221,10,1435,2,12,231,221,10,1435,2,12,281,271,10,1385,2,12,1387,1374,13,279,0,13,0.041020106651306336
signed_primary,hmda_oh,mlp,1004,soft,loan_to_value_ratio,1669,True,1431,1428,3,238,0,3,143,143,0,1526,0,0,29,29,0,1640,0,0,345,338,7,1324,0,7,357,350,7,1312,0,7,481,474,7,1188,0,7,1482,1472,10,187,0,10,0.09777031206217723
signed_primary,hmda_oh,mlp,1004,soft,linked_income_plus10k,675,True,369,369,0,306,0,0,14,13,1,661,1,2,7,7,0,668,0,0,56,54,2,619,2,4,56,53,3,619,3,6,66,62,4,609,2,6,392,390,2,283,2,4,0.012647898855050469
primary,hmda_oh,mlp,1005,soft,debt_to_income_ratio,1666,True,1382,1382,0,284,0,0,54,53,1,1612,2,3,81,81,0,1585,0,0,462,460,2,1204,0,2,464,462,2,1202,3,5,488,485,3,1178,2,5,1461,1459,2,205,0,2,0.04029745791769386
primary,hmda_oh,mlp,1005,soft,ffiec_msa_md_median_family_income,1628,False,1215,1215,0,413,0,0,49,49,0,1579,3,3,108,108,0,1520,0,0,0,0,0,1628,0,0,110,109,1,1518,2,3,152,151,1,1476,2,3,1215,1215,0,413,0,0,0.02205767646903318
primary,hmda_oh,mlp,1005,soft,income,1654,True,1198,1197,1,456,0,1,72,69,3,1582,2,5,76,76,0,1578,0,0,587,571,16,1067,3,19,588,571,17,1066,7,24,630,610,20,1024,4,24,1321,1302,19,333,1,20,0.028195893381128115
primary,hmda_oh,mlp,1005,soft,lien_status,1486,False,994,994,0,492,0,0,43,42,1,1443,4,5,31,31,0,1455,0,0,0,0,0,1486,0,0,31,31,0,1455,5,5,73,72,1,1413,4,5,994,994,0,492,0,0,0.028860556805840425
primary,hmda_oh,mlp,1005,soft,loan_amount,1585,False,1062,1061,1,523,0,1,37,36,1,1548,1,2,40,40,0,1545,0,0,0,0,0,1585,0,0,42,42,0,1543,2,2,76,75,1,1509,1,2,1062,1061,1,523,0,1,0.024665381576703855
primary,hmda_oh,mlp,1005,soft,loan_purpose,1725,False,1163,1160,3,562,2,5,56,56,0,1669,2,2,5,5,0,1720,0,0,0,0,0,1725,0,0,11,11,0,1714,2,2,61,61,0,1664,2,2,1163,1160,3,562,2,5,0.04285439448500126
primary,hmda_oh,mlp,1005,soft,loan_to_value_ratio,1669,True,1386,1382,4,283,0,4,125,123,2,1544,5,7,17,17,0,1652,0,0,270,270,0,1399,0,0,280,280,0,1389,7,7,389,387,2,1280,5,7,1442,1438,4,227,0,4,0.083112356708554
primary,hmda_oh,mlp,1005,soft,loan_type,1483,False,1412,1407,5,71,0,5,106,106,0,1377,2,2,95,95,0,1388,0,0,0,0,0,1483,0,0,105,105,0,1378,2,2,193,193,0,1290,2,2,1412,1407,5,71,0,5,0.08664003441446018
primary,hmda_oh,mlp,1005,soft,occupancy_type,1249,False,1055,1051,4,194,0,4,134,133,1,1115,1,2,10,10,0,1239,0,0,0,0,0,1249,0,0,21,21,0,1228,2,2,143,142,1,1106,1,2,1055,1051,4,194,0,4,0.12730064840384614
primary,hmda_oh,mlp,1005,soft,preapproval,1193,False,930,928,2,263,0,2,28,28,0,1165,2,2,0,0,0,1193,0,0,0,0,0,1193,0,0,3,3,0,1190,2,2,28,28,0,1165,2,2,930,928,2,263,0,2,0.04914752867505927
primary,hmda_oh,mlp,1005,soft,property_value,1583,False,943,941,2,640,0,2,61,61,0,1522,0,0,8,8,0,1575,0,0,0,0,0,1583,0,0,11,11,0,1572,0,0,69,69,0,1514,0,0,943,941,2,640,0,2,0.02352102229311879
primary,hmda_oh,mlp,1005,soft,tract_minority_population_percent,1766,False,1165,1165,0,601,0,0,49,47,2,1717,7,9,75,75,0,1691,0,0,0,0,0,1766,0,0,75,74,1,1691,8,9,124,121,3,1642,6,9,1165,1165,0,601,0,0,0.015451699844301793
primary,hmda_oh,mlp,1005,soft,tract_to_msa_income_percentage,1672,False,1146,1146,0,526,0,0,59,59,0,1613,3,3,65,65,0,1607,0,0,0,0,0,1672,0,0,68,67,1,1604,2,3,119,118,1,1553,2,3,1146,1146,0,526,0,0,0.016025545455192056
signed_primary,hmda_oh,mlp,1005,soft,income,1654,True,1198,1197,1,456,0,1,72,69,3,1582,2,5,76,76,0,1578,0,0,587,571,16,1067,3,19,588,571,17,1066,7,24,630,610,20,1024,4,24,1321,1302,19,333,1,20,0.028195893381128115
signed_primary,hmda_oh,mlp,1005,soft,debt_to_income_ratio,1666,True,1382,1382,0,284,0,0,54,53,1,1612,2,3,81,81,0,1585,0,0,462,460,2,1204,0,2,464,462,2,1202,3,5,488,485,3,1178,2,5,1461,1459,2,205,0,2,0.04029745791769386
signed_primary,hmda_oh,mlp,1005,soft,loan_to_value_ratio,1669,True,1386,1382,4,283,0,4,125,123,2,1544,5,7,17,17,0,1652,0,0,270,270,0,1399,0,0,280,280,0,1389,7,7,389,387,2,1280,5,7,1442,1438,4,227,0,4,0.083112356708554
signed_primary,hmda_oh,mlp,1005,soft,linked_income_plus10k,675,True,282,282,0,393,0,0,5,5,0,670,1,1,10,10,0,665,0,0,95,93,2,580,0,2,95,92,3,580,0,3,100,97,3,575,0,3,314,312,2,361,0,2,0.012817945815202044
primary,hmda_oh,mlp,1006,soft,debt_to_income_ratio,1666,True,1402,1394,8,264,0,8,105,105,0,1561,0,0,104,104,0,1562,0,0,437,434,3,1229,0,3,438,435,3,1228,0,3,498,495,3,1168,0,3,1457,1446,11,209,0,11,0.05169260383107727
primary,hmda_oh,mlp,1006,soft,ffiec_msa_md_median_family_income,1628,False,1311,1311,0,317,0,0,69,69,0,1559,4,4,140,140,0,1488,0,0,0,0,0,1628,0,0,142,142,0,1486,4,4,199,199,0,1429,4,4,1311,1311,0,317,0,0,0.035821231945246446
primary,hmda_oh,mlp,1006,soft,income,1654,True,1306,1301,5,348,1,6,80,79,1,1574,1,2,120,120,0,1534,0,0,769,747,22,885,3,25,772,749,23,882,4,27,801,778,23,853,4,27,1453,1423,30,201,0,30,0.03946225236642056
primary,hmda_oh,mlp,1006,soft,lien_status,1486,False,1156,1149,7,330,1,8,65,65,0,1421,3,3,65,65,0,1421,1,1,0,0,0,1486,0,0,69,69,0,1417,4,4,127,127,0,1359,4,4,1156,1149,7,330,1,8,0.035774254891799445
primary,hmda_oh,mlp,1006,soft,loan_amount,1585,False,1318,1311,7,267,1,8,91,90,1,1494,2,3,159,159,0,1426,0,0,0,0,0,1585,0,0,166,165,1,1419,2,3,236,235,1,1349,2,3,1318,1311,7,267,1,8,0.053093439086541065
primary,hmda_oh,mlp,1006,soft,loan_purpose,1725,False,1454,1442,12,271,1,13,135,134,1,1590,3,4,29,29,0,1696,0,0,0,0,0,1725,0,0,36,36,0,1689,4,4,162,161,1,1563,3,4,1454,1442,12,271,1,13,0.07086152818619564
primary,hmda_oh,mlp,1006,soft,loan_to_value_ratio,1669,True,1431,1423,8,238,1,9,239,238,1,1430,0,1,45,45,0,1624,0,0,339,339,0,1330,0,0,350,349,1,1319,0,1,568,567,1,1101,0,1,1490,1481,9,179,0,9,0.13029602216014619
primary,hmda_oh,mlp,1006,soft,loan_type,1483,False,1330,1329,1,153,1,2,132,131,1,1351,1,2,91,91,0,1392,0,0,0,0,0,1483,0,0,98,98,0,1385,2,2,214,213,1,1269,1,2,1330,1329,1,153,1,2,0.1071918423577412
primary,hmda_oh,mlp,1006,soft,occupancy_type,1249,False,1095,1082,13,154,0,13,211,211,0,1038,1,1,34,34,0,1215,0,0,0,0,0,1249,0,0,46,46,0,1203,1,1,242,242,0,1007,1,1,1095,1082,13,154,0,13,0.13235144301425333
primary,hmda_oh,mlp,1006,soft,preapproval,1193,False,1065,1063,2,128,0,2,41,41,0,1152,1,1,0,0,0,1193,0,0,0,0,0,1193,0,0,1,1,0,1192,1,1,41,41,0,1152,1,1,1065,1063,2,128,0,2,0.06759365284364988
primary,hmda_oh,mlp,1006,soft,property_value,1583,False,1345,1332,13,238,2,15,56,56,0,1527,2,2,150,150,0,1433,0,0,0,0,0,1583,0,0,157,156,1,1426,1,2,198,197,1,1385,1,2,1345,1332,13,238,2,15,0.029495304412328918
primary,hmda_oh,mlp,1006,soft,tract_minority_population_percent,1766,False,1292,1291,1,474,1,2,62,61,1,1704,5,6,93,93,0,1673,0,0,0,0,0,1766,0,0,94,93,1,1672,5,6,150,148,2,1616,4,6,1292,1291,1,474,1,2,0.023803858061448177
primary,hmda_oh,mlp,1006,soft,tract_to_msa_income_percentage,1672,False,1313,1310,3,359,0,3,86,85,1,1586,3,4,118,118,0,1554,0,0,0,0,0,1672,0,0,127,126,1,1545,3,4,197,195,2,1475,2,4,1313,1310,3,359,0,3,0.0317085100071795
signed_primary,hmda_oh,mlp,1006,soft,income,1654,True,1306,1301,5,348,1,6,80,79,1,1574,1,2,120,120,0,1534,0,0,769,747,22,885,3,25,772,749,23,882,4,27,801,778,23,853,4,27,1453,1423,30,201,0,30,0.03946225236642056
signed_primary,hmda_oh,mlp,1006,soft,debt_to_income_ratio,1666,True,1402,1394,8,264,0,8,105,105,0,1561,0,0,104,104,0,1562,0,0,437,434,3,1229,0,3,438,435,3,1228,0,3,498,495,3,1168,0,3,1457,1446,11,209,0,11,0.05169260383107727
signed_primary,hmda_oh,mlp,1006,soft,loan_to_value_ratio,1669,True,1431,1423,8,238,1,9,239,238,1,1430,0,1,45,45,0,1624,0,0,339,339,0,1330,0,0,350,349,1,1319,0,1,568,567,1,1101,0,1,1490,1481,9,179,0,9,0.13029602216014619
signed_primary,hmda_oh,mlp,1006,soft,linked_income_plus10k,675,True,411,410,1,264,0,1,18,18,0,657,1,1,17,17,0,658,0,0,109,109,0,566,0,0,110,110,0,565,1,1,124,124,0,551,1,1,447,446,1,228,0,1,0.01984838644534403
primary,hmda_oh,mlp,1007,soft,debt_to_income_ratio,1666,True,1195,1195,0,471,0,0,72,72,0,1594,0,0,52,52,0,1614,0,0,305,287,18,1361,6,24,309,291,18,1357,6,24,344,326,18,1322,6,24,1274,1253,21,392,3,24,0.03219225234813028
primary,hmda_oh,mlp,1007,soft,ffiec_msa_md_median_family_income,1628,False,1187,1187,0,441,0,0,56,56,0,1572,1,1,95,95,0,1533,0,0,0,0,0,1628,0,0,98,98,0,1530,1,1,150,150,0,1478,1,1,1187,1187,0,441,0,0,0.02357575337061402
primary,hmda_oh,mlp,1007,soft,income,1654,True,1134,1134,0,520,0,0,56,56,0,1598,2,2,55,55,0,1599,0,0,773,753,20,881,0,20,773,752,21,881,1,22,801,780,21,853,1,22,1355,1335,20,299,0,20,0.03717875953708169
primary,hmda_oh,mlp,1007,soft,lien_status,1486,False,1058,1058,0,428,0,0,35,35,0,1451,1,1,35,35,0,1451,0,0,0,0,0,1486,0,0,35,35,0,1451,1,1,69,69,0,1417,1,1,1058,1058,0,428,0,0,0.02475706789495443
primary,hmda_oh,mlp,1007,soft,loan_amount,1585,False,1322,1322,0,263,0,0,45,45,0,1540,0,0,87,87,0,1498,0,0,0,0,0,1585,0,0,89,89,0,1496,0,0,132,132,0,1453,0,0,1322,1322,0,263,0,0,0.028785907500870764
primary,hmda_oh,mlp,1007,soft,loan_purpose,1725,False,1285,1285,0,440,0,0,66,65,1,1659,1,2,6,6,0,1719,0,0,0,0,0,1725,0,0,7,7,0,1718,2,2,72,71,1,1653,1,2,1285,1285,0,440,0,0,0.04666192658645535
primary,hmda_oh,mlp,1007,soft,loan_to_value_ratio,1669,True,1359,1359,0,310,0,0,175,175,0,1494,2,2,29,29,0,1640,0,0,294,294,0,1375,0,0,305,305,0,1364,2,2,468,468,0,1201,2,2,1436,1436,0,233,0,0,0.09178011501546421
primary,hmda_oh,mlp,1007,soft,loan_type,1483,False,1301,1301,0,182,0,0,76,76,0,1407,2,2,54,54,0,1429,0,0,0,0,0,1483,0,0,60,60,0,1423,2,2,130,130,0,1353,2,2,1301,1301,0,182,0,0,0.05208734368997719
primary,hmda_oh,mlp,1007,soft,occupancy_type,1249,False,944,944,0,305,0,0,146,145,1,1103,2,3,5,5,0,1244,0,0,0,0,0,1249,0,0,13,13,0,1236,3,3,151,150,1,1098,2,3,944,944,0,305,0,0,0.11612924094094285
primary,hmda_oh,mlp,1007,soft,preapproval,1193,False,1002,1002,0,191,0,0,28,28,0,1165,1,1,0,0,0,1193,0,0,0,0,0,1193,0,0,0,0,0,1193,1,1,28,28,0,1165,1,1,1002,1002,0,191,0,0,0.04191109744081682
primary,hmda_oh,mlp,1007,soft,property_value,1583,False,1238,1238,0,345,0,0,65,64,1,1518,3,4,40,40,0,1543,0,0,0,0,0,1583,0,0,41,41,0,1542,4,4,104,103,1,1479,3,4,1238,1238,0,345,0,0,0.027176892934315588
primary,hmda_oh,mlp,1007,soft,tract_minority_population_percent,1766,False,1057,1057,0,709,0,0,33,32,1,1733,2,3,56,56,0,1710,0,0,0,0,0,1766,0,0,56,54,2,1710,1,3,86,84,2,1680,1,3,1057,1057,0,709,0,0,0.014518088886464067
primary,hmda_oh,mlp,1007,soft,tract_to_msa_income_percentage,1672,False,1001,1001,0,671,0,0,34,34,0,1638,0,0,60,60,0,1612,0,0,0,0,0,1672,0,0,62,62,0,1610,0,0,92,92,0,1580,0,0,1001,1001,0,671,0,0,0.016576493565051545
signed_primary,hmda_oh,mlp,1007,soft,income,1654,True,1134,1134,0,520,0,0,56,56,0,1598,2,2,55,55,0,1599,0,0,773,753,20,881,0,20,773,752,21,881,1,22,801,780,21,853,1,22,1355,1335,20,299,0,20,0.03717875953708169
signed_primary,hmda_oh,mlp,1007,soft,debt_to_income_ratio,1666,True,1195,1195,0,471,0,0,72,72,0,1594,0,0,52,52,0,1614,0,0,305,287,18,1361,6,24,309,291,18,1357,6,24,344,326,18,1322,6,24,1274,1253,21,392,3,24,0.03219225234813028
signed_primary,hmda_oh,mlp,1007,soft,loan_to_value_ratio,1669,True,1359,1359,0,310,0,0,175,175,0,1494,2,2,29,29,0,1640,0,0,294,294,0,1375,0,0,305,305,0,1364,2,2,468,468,0,1201,2,2,1436,1436,0,233,0,0,0.09178011501546421
signed_primary,hmda_oh,mlp,1007,soft,linked_income_plus10k,675,True,267,267,0,408,0,0,9,9,0,666,1,1,5,5,0,670,0,0,70,62,8,605,0,8,70,62,8,605,1,9,75,67,8,600,1,9,302,294,8,373,0,8,0.012969534704598102
primary,hmda_oh,mlp,1008,soft,debt_to_income_ratio,1666,True,1315,1315,0,351,0,0,53,52,1,1613,1,2,116,116,0,1550,0,0,395,382,13,1271,3,16,397,382,15,1269,3,18,435,420,15,1231,3,18,1352,1337,15,314,1,16,0.02968017583353112
primary,hmda_oh,mlp,1008,soft,ffiec_msa_md_median_family_income,1628,False,1252,1252,0,376,0,0,46,43,3,1582,1,4,102,102,0,1526,0,0,0,0,0,1628,0,0,105,105,0,1523,4,4,147,144,3,1481,1,4,1252,1252,0,376,0,0,0.026074898457234746
primary,hmda_oh,mlp,1008,soft,income,1654,True,1431,1431,0,223,0,0,56,55,1,1598,2,3,191,191,0,1463,0,0,941,930,11,713,2,13,944,931,13,710,3,16,959,946,13,695,3,16,1549,1537,12,105,1,13,0.040926039517613
primary,hmda_oh,mlp,1008,soft,lien_status,1486,False,1075,1075,0,411,0,0,39,38,1,1447,1,2,56,56,0,1430,0,0,0,0,0,1486,0,0,59,59,0,1427,2,2,95,94,1,1391,1,2,1075,1075,0,411,0,0,0.021959371568820496
primary,hmda_oh,mlp,1008,soft,loan_amount,1585,False,1269,1269,0,316,0,0,51,50,1,1534,3,4,87,87,0,1498,0,0,0,0,0,1585,0,0,91,90,1,1494,3,4,135,133,2,1450,2,4,1269,1269,0,316,0,0,0.029482844671593077
primary,hmda_oh,mlp,1008,soft,loan_purpose,1725,False,1388,1388,0,337,0,0,83,83,0,1642,1,1,15,15,0,1710,0,0,0,0,0,1725,0,0,16,16,0,1709,1,1,98,98,0,1627,1,1,1388,1388,0,337,0,0,0.045425277297757805
primary,hmda_oh,mlp,1008,soft,loan_to_value_ratio,1669,True,1390,1390,0,279,0,0,222,221,1,1447,1,2,27,27,0,1642,0,0,346,342,4,1323,1,5,357,353,4,1312,3,7,560,555,5,1109,2,7,1444,1439,5,225,0,5,0.07535572199053114
primary,hmda_oh,mlp,1008,soft,loan_type,1483,False,1356,1355,1,127,0,1,101,100,1,1382,3,4,91,91,0,1392,0,0,0,0,0,1483,0,0,95,95,0,1388,4,4,181,180,1,1302,3,4,1356,1355,1,127,0,1,0.07664685131180884
primary,hmda_oh,mlp,1008,soft,occupancy_type,1249,False,1132,1132,0,117,0,0,199,199,0,1050,1,1,29,29,0,1220,0,0,0,0,0,1249,0,0,57,57,0,1192,1,1,228,228,0,1021,1,1,1132,1132,0,117,0,0,0.1229452691561597
primary,hmda_oh,mlp,1008,soft,preapproval,1193,False,1145,1145,0,48,0,0,22,22,0,1171,0,0,0,0,0,1193,0,0,0,0,0,1193,0,0,2,2,0,1191,0,0,22,22,0,1171,0,0,1145,1145,0,48,0,0,0.0409826018212953
primary,hmda_oh,mlp,1008,soft,property_value,1583,False,1338,1338,0,245,0,0,39,39,0,1544,3,3,109,109,0,1474,0,0,0,0,0,1583,0,0,110,109,1,1473,2,3,146,145,1,1437,2,3,1338,1338,0,245,0,0,0.020935124434694086
primary,hmda_oh,mlp,1008,soft,tract_minority_population_percent,1766,False,1275,1275,0,491,0,0,46,45,1,1720,2,3,90,90,0,1676,0,0,0,0,0,1766,0,0,90,88,2,1676,1,3,134,132,2,1632,1,3,1275,1275,0,491,0,0,0.019171941093291536
primary,hmda_oh,mlp,1008,soft,tract_to_msa_income_percentage,1672,False,1257,1257,0,415,0,0,59,59,0,1613,1,1,94,94,0,1578,0,0,0,0,0,1672,0,0,100,100,0,1572,1,1,150,150,0,1522,1,1,1257,1257,0,415,0,0,0.020730981327996417
signed_primary,hmda_oh,mlp,1008,soft,income,1654,True,1431,1431,0,223,0,0,56,55,1,1598,2,3,191,191,0,1463,0,0,941,930,11,713,2,13,944,931,13,710,3,16,959,946,13,695,3,16,1549,1537,12,105,1,13,0.040926039517613
signed_primary,hmda_oh,mlp,1008,soft,debt_to_income_ratio,1666,True,1315,1315,0,351,0,0,53,52,1,1613,1,2,116,116,0,1550,0,0,395,382,13,1271,3,16,397,382,15,1269,3,18,435,420,15,1231,3,18,1352,1337,15,314,1,16,0.02968017583353112
signed_primary,hmda_oh,mlp,1008,soft,loan_to_value_ratio,1669,True,1390,1390,0,279,0,0,222,221,1,1447,1,2,27,27,0,1642,0,0,346,342,4,1323,1,5,357,353,4,1312,3,7,560,555,5,1109,2,7,1444,1439,5,225,0,5,0.07535572199053114
signed_primary,hmda_oh,mlp,1008,soft,linked_income_plus10k,675,True,328,328,0,347,0,0,7,7,0,668,2,2,16,16,0,659,0,0,104,96,8,571,0,8,104,94,10,571,0,10,109,99,10,566,0,10,362,354,8,313,0,8,0.013760485163381422
primary,hmda_oh,mlp,1009,soft,debt_to_income_ratio,1666,True,1372,1372,0,294,0,0,127,127,0,1539,1,1,70,70,0,1596,0,0,297,286,11,1369,16,27,301,289,12,1365,15,27,389,376,13,1277,14,27,1414,1388,26,252,1,27,0.04675705253103697
primary,hmda_oh,mlp,1009,soft,ffiec_msa_md_median_family_income,1628,False,1100,1100,0,528,0,0,58,58,0,1570,1,1,74,74,0,1554,0,0,0,0,0,1628,0,0,77,77,0,1551,1,1,129,129,0,1499,1,1,1100,1100,0,528,0,0,0.022747435868684603
primary,hmda_oh,mlp,1009,soft,income,1654,True,1500,1500,0,154,0,0,88,88,0,1566,1,1,244,244,0,1410,0,0,874,843,31,780,0,31,874,842,32,780,0,32,888,856,32,766,0,32,1549,1518,31,105,0,31,0.034353118610735964
primary,hmda_oh,mlp,1009,soft,lien_status,1486,False,1040,1040,0,446,1,1,78,78,0,1408,0,0,74,74,0,1412,1,1,0,0,0,1486,0,0,76,76,0,1410,1,1,146,146,0,1340,1,1,1040,1040,0,446,1,1,0.03220667715299212
primary,hmda_oh,mlp,1009,soft,loan_amount,1585,False,1409,1409,0,176,0,0,84,84,0,1501,2,2,178,178,0,1407,0,0,0,0,0,1585,0,0,182,182,0,1403,2,2,256,256,0,1329,2,2,1409,1409,0,176,0,0,0.03537220809092552
primary,hmda_oh,mlp,1009,soft,loan_purpose,1725,False,1291,1289,2,434,0,2,122,122,0,1603,0,0,13,13,0,1712,0,0,0,0,0,1725,0,0,20,20,0,1705,0,0,134,134,0,1591,0,0,1291,1289,2,434,0,2,0.06625387549219412
primary,hmda_oh,mlp,1009,soft,loan_to_value_ratio,1669,True,1431,1431,0,238,0,0,220,220,0,1449,2,2,41,41,0,1628,0,0,276,272,4,1393,0,4,291,287,4,1378,2,6,483,479,4,1186,2,6,1466,1462,4,203,0,4,0.13982707297068572
primary,hmda_oh,mlp,1009,soft,loan_type,1483,False,1259,1259,0,224,0,0,157,156,1,1326,1,2,69,69,0,1414,0,0,0,0,0,1483,0,0,76,76,0,1407,2,2,218,217,1,1265,1,2,1259,1259,0,224,0,0,0.09127656051400769
primary,hmda_oh,mlp,1009,soft,occupancy_type,1249,False,1028,1027,1,221,0,1,150,150,0,1099,1,1,13,13,0,1236,0,0,0,0,0,1249,0,0,23,23,0,1226,1,1,162,162,0,1087,1,1,1028,1027,1,221,0,1,0.1172679949186851
primary,hmda_oh,mlp,1009,soft,preapproval,1193,False,953,953,0,240,0,0,45,45,0,1148,0,0,0,0,0,1193,0,0,0,0,0,1193,0,0,5,5,0,1188,0,0,45,45,0,1148,0,0,953,953,0,240,0,0,0.07468686336405386
primary,hmda_oh,mlp,1009,soft,property_value,1583,False,1222,1222,0,361,0,0,124,124,0,1459,1,1,22,22,0,1561,0,0,0,0,0,1583,0,0,31,31,0,1552,1,1,145,145,0,1438,1,1,1222,1222,0,361,0,0,0.047480852501074575
primary,hmda_oh,mlp,1009,soft,tract_minority_population_percent,1766,False,1232,1232,0,534,0,0,60,60,0,1706,2,2,79,79,0,1687,0,0,0,0,0,1766,0,0,79,79,0,1687,2,2,134,134,0,1632,2,2,1232,1232,0,534,0,0,0.019456306344779937
primary,hmda_oh,mlp,1009,soft,tract_to_msa_income_percentage,1672,False,1183,1183,0,489,0,0,64,64,0,1608,1,1,62,62,0,1610,0,0,0,0,0,1672,0,0,63,63,0,1609,1,1,121,121,0,1551,1,1,1183,1183,0,489,0,0,0.022629260866279404
signed_primary,hmda_oh,mlp,1009,soft,income,1654,True,1500,1500,0,154,0,0,88,88,0,1566,1,1,244,244,0,1410,0,0,874,843,31,780,0,31,874,842,32,780,0,32,888,856,32,766,0,32,1549,1518,31,105,0,31,0.034353118610735964
signed_primary,hmda_oh,mlp,1009,soft,debt_to_income_ratio,1666,True,1372,1372,0,294,0,0,127,127,0,1539,1,1,70,70,0,1596,0,0,297,286,11,1369,16,27,301,289,12,1365,15,27,389,376,13,1277,14,27,1414,1388,26,252,1,27,0.04675705253103697
signed_primary,hmda_oh,mlp,1009,soft,loan_to_value_ratio,1669,True,1431,1431,0,238,0,0,220,220,0,1449,2,2,41,41,0,1628,0,0,276,272,4,1393,0,4,291,287,4,1378,2,6,483,479,4,1186,2,6,1466,1462,4,203,0,4,0.13982707297068572
signed_primary,hmda_oh,mlp,1009,soft,linked_income_plus10k,675,True,312,312,0,363,0,0,17,17,0,658,1,1,8,8,0,667,0,0,77,73,4,598,2,6,77,72,5,598,2,7,92,87,5,583,2,7,341,335,6,334,0,6,0.018726997995569046
primary,credit_broad,mlp,1000,soft,LIMIT_BAL,1926,False,110,109,1,1816,3,4,22,22,0,1904,6,6,0,0,0,1926,0,0,0,0,0,1926,0,0,0,0,0,1926,6,6,22,22,0,1904,6,6,110,109,1,1816,3,4,0.02957909837668107
primary,credit_broad,mlp,1000,soft,BILL_AMT1,1909,False,74,74,0,1835,1,1,17,16,1,1892,14,15,0,0,0,1909,0,0,0,0,0,1909,0,0,0,0,0,1909,15,15,17,16,1,1892,14,15,74,74,0,1835,1,1,0.012772734528442374
primary,credit_broad,mlp,1000,soft,BILL_AMT2,1909,False,22,22,0,1887,0,0,7,7,0,1902,9,9,0,0,0,1909,0,0,0,0,0,1909,0,0,0,0,0,1909,9,9,7,7,0,1902,9,9,22,22,0,1887,0,0,0.0077626785955960285
primary,credit_broad,mlp,1000,soft,BILL_AMT3,1902,False,2,2,0,1900,0,0,19,19,0,1883,11,11,0,0,0,1902,0,0,0,0,0,1902,0,0,0,0,0,1902,11,11,19,19,0,1883,11,11,2,2,0,1900,0,0,0.013016044824143263
primary,credit_broad,mlp,1000,soft,BILL_AMT4,1904,False,22,22,0,1882,0,0,21,20,1,1883,11,12,0,0,0,1904,0,0,0,0,0,1904,0,0,0,0,0,1904,12,12,21,20,1,1883,11,12,22,22,0,1882,0,0,0.006478299345722845
primary,credit_broad,mlp,1000,soft,BILL_AMT5,1902,False,5,5,0,1897,0,0,7,6,1,1895,14,15,0,0,0,1902,0,0,0,0,0,1902,0,0,0,0,0,1902,15,15,7,6,1,1895,14,15,5,5,0,1897,0,0,0.007312676664913783
primary,credit_broad,mlp,1000,soft,BILL_AMT6,1901,False,5,5,0,1896,0,0,7,7,0,1894,13,13,0,0,0,1901,0,0,0,0,0,1901,0,0,0,0,0,1901,13,13,7,7,0,1894,13,13,5,5,0,1896,0,0,0.018071586391506935
primary,credit_broad,mlp,1000,soft,PAY_AMT1,1941,True,12,12,0,1929,0,0,16,15,1,1925,12,13,0,0,0,1941,0,0,0,0,0,1941,0,0,0,0,0,1941,13,13,16,15,1,1925,12,13,12,12,0,1929,0,0,0.009815462179717922
primary,credit_broad,mlp,1000,soft,PAY_AMT2,1946,True,180,180,0,1766,2,2,13,13,0,1933,9,9,0,0,0,1946,0,0,0,0,0,1946,3,3,0,0,0,1946,12,12,13,13,0,1933,12,12,180,179,1,1766,4,5,0.017361494316342596
primary,credit_broad,mlp,1000,soft,PAY_AMT3,1936,True,9,9,0,1927,0,0,17,17,0,1919,11,11,0,0,0,1936,0,0,4,4,0,1932,5,5,4,4,0,1932,16,16,21,21,0,1915,16,16,13,13,0,1923,5,5,0.011328004007223778
primary,credit_broad,mlp,1000,soft,PAY_AMT4,1939,True,146,146,0,1793,0,0,13,13,0,1926,9,9,2,2,0,1937,0,0,28,25,3,1911,22,25,28,25,3,1911,31,34,40,37,3,1899,31,34,169,166,3,1770,22,25,0.00955512309319799
primary,credit_broad,mlp,1000,soft,PAY_AMT5,1942,True,4,4,0,1938,0,0,15,14,1,1927,8,9,0,0,0,1942,0,0,9,4,5,1933,22,27,9,4,5,1933,29,34,24,17,7,1918,27,34,12,7,5,1930,22,27,0.009167443912909258
primary,credit_broad,mlp,1000,soft,PAY_AMT6,1948,True,9,9,0,1939,0,0,17,16,1,1931,7,8,0,0,0,1948,0,0,9,6,3,1939,16,19,9,6,3,1939,23,26,26,22,4,1922,22,26,18,15,3,1930,16,19,0.010265693708540118
primary,credit_broad,mlp,1000,soft,EDUCATION,1928,False,6,6,0,1922,1,1,12,12,0,1916,14,14,2,2,0,1926,0,0,0,0,0,1928,0,0,2,2,0,1926,14,14,14,14,0,1914,14,14,6,6,0,1922,1,1,0.013390572741983575
primary,credit_broad,mlp,1000,soft,MARRIAGE,1930,False,56,56,0,1874,2,2,22,22,0,1908,11,11,0,0,0,1930,0,0,0,0,0,1930,0,0,0,0,0,1930,11,11,22,22,0,1908,11,11,56,56,0,1874,2,2,0.01403250678441715
primary,credit_broad,mlp,1000,soft,PAY_0,1927,False,454,441,13,1473,7,20,26,23,3,1901,7,10,0,0,0,1927,0,0,0,0,0,1927,0,0,0,0,0,1927,10,10,26,23,3,1901,7,10,454,441,13,1473,7,20,0.017918416406095285
primary,credit_broad,mlp,1000,soft,PAY_2,1929,False,46,46,0,1883,1,1,15,14,1,1914,15,16,1,1,0,1928,0,0,0,0,0,1929,0,0,1,1,0,1928,16,16,16,15,1,1913,15,16,46,46,0,1883,1,1,0.017465385485135217
primary,credit_broad,mlp,1000,soft,PAY_3,1930,False,8,8,0,1922,1,1,15,14,1,1915,11,12,0,0,0,1930,0,0,0,0,0,1930,0,0,0,0,0,1930,12,12,15,14,1,1915,11,12,8,8,0,1922,1,1,0.014006017404079524
primary,credit_broad,mlp,1000,soft,PAY_4,1928,False,3,3,0,1925,0,0,10,8,2,1918,6,8,0,0,0,1928,0,0,0,0,0,1928,0,0,0,0,0,1928,8,8,10,8,2,1918,6,8,3,3,0,1925,0,0,0.011704525045519047
primary,credit_broad,mlp,1000,soft,PAY_5,1929,False,40,40,0,1889,0,0,21,21,0,1908,5,5,0,0,0,1929,0,0,0,0,0,1929,0,0,0,0,0,1929,5,5,21,21,0,1908,5,5,40,40,0,1889,0,0,0.008096918290207273
primary,credit_broad,mlp,1000,soft,PAY_6,1926,False,49,49,0,1877,0,0,20,20,0,1906,7,7,0,0,0,1926,0,0,0,0,0,1926,0,0,0,0,0,1926,7,7,20,20,0,1906,7,7,49,49,0,1877,0,0,0.013777972580483074
signed_primary,credit_broad,mlp,1000,soft,PAY_AMT1,1941,True,12,12,0,1929,0,0,16,15,1,1925,12,13,0,0,0,1941,0,0,0,0,0,1941,0,0,0,0,0,1941,13,13,16,15,1,1925,12,13,12,12,0,1929,0,0,0.009815462179717922
signed_primary,credit_broad,mlp,1000,soft,PAY_AMT2,1946,True,180,180,0,1766,2,2,13,13,0,1933,9,9,0,0,0,1946,0,0,0,0,0,1946,3,3,0,0,0,1946,12,12,13,13,0,1933,12,12,180,179,1,1766,4,5,0.017361494316342596
signed_primary,credit_broad,mlp,1000,soft,PAY_AMT3,1936,True,9,9,0,1927,0,0,17,17,0,1919,11,11,0,0,0,1936,0,0,4,4,0,1932,5,5,4,4,0,1932,16,16,21,21,0,1915,16,16,13,13,0,1923,5,5,0.011328004007223778
signed_primary,credit_broad,mlp,1000,soft,PAY_AMT4,1939,True,146,146,0,1793,0,0,13,13,0,1926,9,9,2,2,0,1937,0,0,28,25,3,1911,22,25,28,25,3,1911,31,34,40,37,3,1899,31,34,169,166,3,1770,22,25,0.00955512309319799
signed_primary,credit_broad,mlp,1000,soft,PAY_AMT5,1942,True,4,4,0,1938,0,0,15,14,1,1927,8,9,0,0,0,1942,0,0,9,4,5,1933,22,27,9,4,5,1933,29,34,24,17,7,1918,27,34,12,7,5,1930,22,27,0.009167443912909258
signed_primary,credit_broad,mlp,1000,soft,PAY_AMT6,1948,True,9,9,0,1939,0,0,17,16,1,1931,7,8,0,0,0,1948,0,0,9,6,3,1939,16,19,9,6,3,1939,23,26,26,22,4,1922,22,26,18,15,3,1930,16,19,0.010265693708540118
primary,credit_broad,mlp,1001,soft,LIMIT_BAL,1926,False,1008,998,10,918,0,10,65,65,0,1861,12,12,14,14,0,1912,0,0,0,0,0,1926,0,0,14,14,0,1912,12,12,79,79,0,1847,12,12,1008,998,10,918,0,10,0.02265046060259544
primary,credit_broad,mlp,1001,soft,BILL_AMT1,1909,False,547,545,2,1362,0,2,47,47,0,1862,4,4,6,6,0,1903,0,0,0,0,0,1909,0,0,6,5,1,1903,3,4,53,52,1,1856,3,4,547,545,2,1362,0,2,0.01255920398359145
primary,credit_broad,mlp,1001,soft,BILL_AMT2,1909,False,637,636,1,1272,1,2,41,41,0,1868,2,2,55,55,0,1854,0,0,0,0,0,1909,0,0,54,54,0,1855,2,2,95,95,0,1814,2,2,637,636,1,1272,1,2,0.009632574286913538
primary,credit_broad,mlp,1001,soft,BILL_AMT3,1902,False,589,588,1,1313,0,1,45,44,1,1857,12,13,11,11,0,1891,0,0,0,0,0,1902,0,0,11,11,0,1891,13,13,56,55,1,1846,12,13,589,588,1,1313,0,1,0.010237498803121846
primary,credit_broad,mlp,1001,soft,BILL_AMT4,1904,False,675,674,1,1229,0,1,34,34,0,1870,4,4,50,50,0,1854,0,0,0,0,0,1904,0,0,49,49,0,1855,4,4,84,84,0,1820,4,4,675,674,1,1229,0,1,0.00922852826013385
primary,credit_broad,mlp,1001,soft,BILL_AMT5,1902,False,610,610,0,1292,0,0,36,36,0,1866,3,3,44,44,0,1858,0,0,0,0,0,1902,0,0,43,43,0,1859,3,3,80,80,0,1822,3,3,610,610,0,1292,0,0,0.0088550816050636
primary,credit_broad,mlp,1001,soft,BILL_AMT6,1901,False,461,459,2,1440,0,2,33,33,0,1868,4,4,34,34,0,1867,0,0,0,0,0,1901,0,0,35,35,0,1866,4,4,67,67,0,1834,4,4,461,459,2,1440,0,2,0.00887718094962029
primary,credit_broad,mlp,1001,soft,PAY_AMT1,1941,True,689,689,0,1252,0,0,37,37,0,1904,2,2,7,7,0,1934,0,0,167,156,11,1774,1,12,167,155,12,1774,2,14,192,180,12,1749,2,14,762,751,11,1179,1,12,0.013450527958692851
primary,credit_broad,mlp,1001,soft,PAY_AMT2,1946,True,457,457,0,1489,1,1,61,61,0,1885,6,6,1,1,0,1945,0,0,14,14,0,1932,0,0,14,14,0,1932,6,6,75,75,0,1871,6,6,468,468,0,1478,1,1,0.021294971349190502
primary,credit_broad,mlp,1001,soft,PAY_AMT3,1936,True,620,619,1,1316,1,2,39,39,0,1897,9,9,22,22,0,1914,0,0,195,187,8,1741,4,12,195,184,11,1741,9,20,221,210,11,1715,9,20,746,735,11,1190,3,14,0.009614017597098566
primary,credit_broad,mlp,1001,soft,PAY_AMT4,1939,True,742,739,3,1197,2,5,40,39,1,1899,5,6,24,24,0,1915,0,0,186,185,1,1753,0,1,186,183,3,1753,4,7,223,220,3,1716,4,7,830,826,4,1109,2,6,0.01125471087926053
primary,credit_broad,mlp,1001,soft,PAY_AMT5,1942,True,632,632,0,1310,0,0,45,45,0,1897,3,3,25,25,0,1917,0,0,293,263,30,1649,0,30,293,263,30,1649,3,33,336,306,30,1606,3,33,821,791,30,1121,0,30,0.009985997926336887
primary,credit_broad,mlp,1001,soft,PAY_AMT6,1948,True,857,857,0,1091,0,0,41,41,0,1907,9,9,66,66,0,1882,0,0,194,193,1,1754,0,1,194,189,5,1754,5,10,228,223,5,1720,5,10,917,916,1,1031,0,1,0.011085983558536681
primary,credit_broad,mlp,1001,soft,EDUCATION,1928,False,720,719,1,1208,1,2,72,69,3,1856,5,8,13,13,0,1915,0,0,0,0,0,1928,0,0,14,14,0,1914,8,8,85,82,3,1843,5,8,720,719,1,1208,1,2,0.019190094371626713
primary,credit_broad,mlp,1001,soft,MARRIAGE,1930,False,1094,1092,2,836,0,2,51,50,1,1879,8,9,44,44,0,1886,0,0,0,0,0,1930,0,0,45,45,0,1885,9,9,94,93,1,1836,8,9,1094,1092,2,836,0,2,0.01380563725525464
primary,credit_broad,mlp,1001,soft,PAY_0,1927,False,866,859,7,1061,0,7,56,56,0,1871,16,16,7,7,0,1920,0,0,0,0,0,1927,0,0,8,6,2,1919,14,16,62,60,2,1865,14,16,866,859,7,1061,0,7,0.018323917894786695
primary,credit_broad,mlp,1001,soft,PAY_2,1929,False,769,769,0,1160,0,0,37,34,3,1892,10,13,27,27,0,1902,0,0,0,0,0,1929,0,0,27,27,0,1902,13,13,63,60,3,1866,10,13,769,769,0,1160,0,0,0.014372332039089683
primary,credit_broad,mlp,1001,soft,PAY_3,1930,False,802,800,2,1128,1,3,75,74,1,1855,12,13,13,13,0,1917,0,0,0,0,0,1930,0,0,15,15,0,1915,13,13,88,87,1,1842,12,13,802,800,2,1128,1,3,0.024419776436171606
primary,credit_broad,mlp,1001,soft,PAY_4,1928,False,424,424,0,1504,1,1,32,31,1,1896,6,7,17,17,0,1911,0,0,0,0,0,1928,0,0,17,17,0,1911,7,7,49,48,1,1879,6,7,424,424,0,1504,1,1,0.01120853442983152
primary,credit_broad,mlp,1001,soft,PAY_5,1929,False,805,801,4,1124,0,4,50,48,2,1879,7,9,36,36,0,1893,0,0,0,0,0,1929,0,0,40,40,0,1889,9,9,85,83,2,1844,7,9,805,801,4,1124,0,4,0.013834430710794958
primary,credit_broad,mlp,1001,soft,PAY_6,1926,False,1154,1154,0,772,0,0,44,43,1,1882,4,5,38,38,0,1888,0,0,0,0,0,1926,0,0,38,38,0,1888,5,5,81,80,1,1845,4,5,1154,1154,0,772,0,0,0.016379213952753977
signed_primary,credit_broad,mlp,1001,soft,PAY_AMT1,1941,True,689,689,0,1252,0,0,37,37,0,1904,2,2,7,7,0,1934,0,0,167,156,11,1774,1,12,167,155,12,1774,2,14,192,180,12,1749,2,14,762,751,11,1179,1,12,0.013450527958692851
signed_primary,credit_broad,mlp,1001,soft,PAY_AMT2,1946,True,457,457,0,1489,1,1,61,61,0,1885,6,6,1,1,0,1945,0,0,14,14,0,1932,0,0,14,14,0,1932,6,6,75,75,0,1871,6,6,468,468,0,1478,1,1,0.021294971349190502
signed_primary,credit_broad,mlp,1001,soft,PAY_AMT3,1936,True,620,619,1,1316,1,2,39,39,0,1897,9,9,22,22,0,1914,0,0,195,187,8,1741,4,12,195,184,11,1741,9,20,221,210,11,1715,9,20,746,735,11,1190,3,14,0.009614017597098566
signed_primary,credit_broad,mlp,1001,soft,PAY_AMT4,1939,True,742,739,3,1197,2,5,40,39,1,1899,5,6,24,24,0,1915,0,0,186,185,1,1753,0,1,186,183,3,1753,4,7,223,220,3,1716,4,7,830,826,4,1109,2,6,0.01125471087926053
signed_primary,credit_broad,mlp,1001,soft,PAY_AMT5,1942,True,632,632,0,1310,0,0,45,45,0,1897,3,3,25,25,0,1917,0,0,293,263,30,1649,0,30,293,263,30,1649,3,33,336,306,30,1606,3,33,821,791,30,1121,0,30,0.009985997926336887
signed_primary,credit_broad,mlp,1001,soft,PAY_AMT6,1948,True,857,857,0,1091,0,0,41,41,0,1907,9,9,66,66,0,1882,0,0,194,193,1,1754,0,1,194,189,5,1754,5,10,228,223,5,1720,5,10,917,916,1,1031,0,1,0.011085983558536681
primary,credit_broad,mlp,1002,soft,LIMIT_BAL,1926,False,332,326,6,1594,8,14,23,23,0,1903,11,11,1,1,0,1925,0,0,0,0,0,1926,0,0,1,1,0,1925,11,11,23,23,0,1903,11,11,332,326,6,1594,8,14,0.012882181549636208
primary,credit_broad,mlp,1002,soft,BILL_AMT1,1909,False,211,209,2,1698,0,2,22,22,0,1887,19,19,1,1,0,1908,0,0,0,0,0,1909,0,0,1,1,0,1908,19,19,22,22,0,1887,19,19,211,209,2,1698,0,2,0.00861037384031826
primary,credit_broad,mlp,1002,soft,BILL_AMT2,1909,False,192,192,0,1717,1,1,19,19,0,1890,10,10,6,6,0,1903,0,0,0,0,0,1909,0,0,6,5,1,1903,9,10,25,24,1,1884,9,10,192,192,0,1717,1,1,0.004864860725434648
primary,credit_broad,mlp,1002,soft,BILL_AMT3,1902,False,131,130,1,1771,1,2,30,30,0,1872,16,16,3,3,0,1899,0,0,0,0,0,1902,0,0,3,3,0,1899,16,16,33,33,0,1869,16,16,131,130,1,1771,1,2,0.005620096996389937
primary,credit_broad,mlp,1002,soft,BILL_AMT4,1904,False,158,155,3,1746,6,9,22,22,0,1882,15,15,2,2,0,1902,0,0,0,0,0,1904,0,0,2,2,0,1902,15,15,23,23,0,1881,15,15,158,155,3,1746,6,9,0.007038701521390285
primary,credit_broad,mlp,1002,soft,BILL_AMT5,1902,False,76,76,0,1826,0,0,17,17,0,1885,8,8,1,1,0,1901,0,0,0,0,0,1902,0,0,1,1,0,1901,8,8,18,18,0,1884,8,8,76,76,0,1826,0,0,0.004575801392877019
primary,credit_broad,mlp,1002,soft,BILL_AMT6,1901,False,55,55,0,1846,0,0,18,17,1,1883,16,17,1,1,0,1900,0,0,0,0,0,1901,0,0,1,0,1,1900,16,17,19,17,2,1882,15,17,55,55,0,1846,0,0,0.0037482209193146726
primary,credit_broad,mlp,1002,soft,PAY_AMT1,1941,True,162,160,2,1779,1,3,33,32,1,1908,13,14,1,1,0,1940,0,0,55,54,1,1886,0,1,55,49,6,1886,9,15,87,80,7,1854,8,15,210,207,3,1731,1,4,0.007217821966565027
primary,credit_broad,mlp,1002,soft,PAY_AMT2,1946,True,318,318,0,1628,0,0,29,29,0,1917,21,21,0,0,0,1946,0,0,0,0,0,1946,0,0,0,0,0,1946,21,21,29,29,0,1917,21,21,318,318,0,1628,0,0,0.014338648797012752
primary,credit_broad,mlp,1002,soft,PAY_AMT3,1936,True,101,101,0,1835,0,0,34,32,2,1902,14,16,0,0,0,1936,0,0,2,2,0,1934,4,4,2,2,0,1934,20,20,36,34,2,1900,18,20,103,103,0,1833,4,4,0.005723286961479913
primary,credit_broad,mlp,1002,soft,PAY_AMT4,1939,True,278,277,1,1661,4,5,39,38,1,1900,24,25,1,1,0,1938,0,0,21,20,1,1918,1,2,21,20,1,1918,26,27,60,58,2,1879,25,27,294,292,2,1645,5,7,0.007365353234824719
primary,credit_broad,mlp,1002,soft,PAY_AMT5,1942,True,93,93,0,1849,0,0,28,28,0,1914,20,20,0,0,0,1942,0,0,25,25,0,1917,0,0,25,25,0,1917,20,20,53,53,0,1889,20,20,117,117,0,1825,0,0,0.005463354200322042
primary,credit_broad,mlp,1002,soft,PAY_AMT6,1948,True,257,255,2,1691,2,4,30,30,0,1918,13,13,2,2,0,1946,0,0,31,24,7,1917,1,8,31,24,7,1917,14,21,61,54,7,1887,14,21,284,275,9,1664,3,12,0.00716801920705973
primary,credit_broad,mlp,1002,soft,EDUCATION,1928,False,167,166,1,1761,2,3,34,32,2,1894,15,17,1,1,0,1927,0,0,0,0,0,1928,0,0,1,1,0,1927,17,17,35,33,2,1893,15,17,167,166,1,1761,2,3,0.007670391561469497
primary,credit_broad,mlp,1002,soft,MARRIAGE,1930,False,195,195,0,1735,0,0,38,36,2,1892,16,18,1,1,0,1929,0,0,0,0,0,1930,0,0,1,1,0,1929,18,18,39,37,2,1891,16,18,195,195,0,1735,0,0,0.008282598061682923
primary,credit_broad,mlp,1002,soft,PAY_0,1927,False,272,268,4,1655,0,4,37,34,3,1890,11,14,0,0,0,1927,0,0,0,0,0,1927,0,0,0,0,0,1927,14,14,37,34,3,1890,11,14,272,268,4,1655,0,4,0.03224454603837538
primary,credit_broad,mlp,1002,soft,PAY_2,1929,False,317,317,0,1612,1,1,15,15,0,1914,15,15,13,13,0,1916,0,0,0,0,0,1929,0,0,12,12,0,1917,15,15,28,28,0,1901,15,15,317,317,0,1612,1,1,0.012072903448658596
primary,credit_broad,mlp,1002,soft,PAY_3,1930,False,157,153,4,1773,2,6,31,27,4,1899,18,22,3,3,0,1927,0,0,0,0,0,1930,0,0,3,3,0,1927,22,22,34,30,4,1896,18,22,157,153,4,1773,2,6,0.014457845647870468
primary,credit_broad,mlp,1002,soft,PAY_4,1928,False,202,199,3,1726,0,3,25,25,0,1903,12,12,5,5,0,1923,0,0,0,0,0,1928,0,0,5,5,0,1923,12,12,30,30,0,1898,12,12,202,199,3,1726,0,3,0.011733414276290073
primary,credit_broad,mlp,1002,soft,PAY_5,1929,False,169,166,3,1760,3,6,20,20,0,1909,12,12,0,0,0,1929,0,0,0,0,0,1929,0,0,0,0,0,1929,12,12,20,20,0,1909,12,12,169,166,3,1760,3,6,0.007607480473145815
primary,credit_broad,mlp,1002,soft,PAY_6,1926,False,161,160,1,1765,0,1,20,19,1,1906,19,20,1,1,0,1925,0,0,0,0,0,1926,0,0,1,1,0,1925,20,20,21,20,1,1905,19,20,161,160,1,1765,0,1,0.014747944120160957
signed_primary,credit_broad,mlp,1002,soft,PAY_AMT1,1941,True,162,160,2,1779,1,3,33,32,1,1908,13,14,1,1,0,1940,0,0,55,54,1,1886,0,1,55,49,6,1886,9,15,87,80,7,1854,8,15,210,207,3,1731,1,4,0.007217821966565027
signed_primary,credit_broad,mlp,1002,soft,PAY_AMT2,1946,True,318,318,0,1628,0,0,29,29,0,1917,21,21,0,0,0,1946,0,0,0,0,0,1946,0,0,0,0,0,1946,21,21,29,29,0,1917,21,21,318,318,0,1628,0,0,0.014338648797012752
signed_primary,credit_broad,mlp,1002,soft,PAY_AMT3,1936,True,101,101,0,1835,0,0,34,32,2,1902,14,16,0,0,0,1936,0,0,2,2,0,1934,4,4,2,2,0,1934,20,20,36,34,2,1900,18,20,103,103,0,1833,4,4,0.005723286961479913
signed_primary,credit_broad,mlp,1002,soft,PAY_AMT4,1939,True,278,277,1,1661,4,5,39,38,1,1900,24,25,1,1,0,1938,0,0,21,20,1,1918,1,2,21,20,1,1918,26,27,60,58,2,1879,25,27,294,292,2,1645,5,7,0.007365353234824719
signed_primary,credit_broad,mlp,1002,soft,PAY_AMT5,1942,True,93,93,0,1849,0,0,28,28,0,1914,20,20,0,0,0,1942,0,0,25,25,0,1917,0,0,25,25,0,1917,20,20,53,53,0,1889,20,20,117,117,0,1825,0,0,0.005463354200322042
signed_primary,credit_broad,mlp,1002,soft,PAY_AMT6,1948,True,257,255,2,1691,2,4,30,30,0,1918,13,13,2,2,0,1946,0,0,31,24,7,1917,1,8,31,24,7,1917,14,21,61,54,7,1887,14,21,284,275,9,1664,3,12,0.00716801920705973
primary,credit_broad,mlp,1003,soft,LIMIT_BAL,1926,False,668,659,9,1258,6,15,31,30,1,1895,6,7,9,9,0,1917,0,0,0,0,0,1926,0,0,9,9,0,1917,7,7,40,39,1,1886,6,7,668,659,9,1258,6,15,0.017429400729203876
primary,credit_broad,mlp,1003,soft,BILL_AMT1,1909,False,575,575,0,1334,0,0,30,27,3,1879,2,5,15,15,0,1894,0,0,0,0,0,1909,0,0,15,15,0,1894,5,5,45,42,3,1864,2,5,575,575,0,1334,0,0,0.008319060275640522
primary,credit_broad,mlp,1003,soft,BILL_AMT2,1909,False,639,635,4,1270,0,4,18,17,1,1891,8,9,28,28,0,1881,0,0,0,0,0,1909,0,0,28,28,0,1881,9,9,45,44,1,1864,8,9,639,635,4,1270,0,4,0.010631186766596256
primary,credit_broad,mlp,1003,soft,BILL_AMT3,1902,False,570,570,0,1332,2,2,28,28,0,1874,5,5,8,8,0,1894,0,0,0,0,0,1902,0,0,8,8,0,1894,5,5,36,36,0,1866,5,5,570,570,0,1332,2,2,0.011814193701038702
primary,credit_broad,mlp,1003,soft,BILL_AMT4,1904,False,435,435,0,1469,0,0,27,27,0,1877,6,6,5,5,0,1899,0,0,0,0,0,1904,0,0,5,5,0,1899,6,6,32,32,0,1872,6,6,435,435,0,1469,0,0,0.009413735792435951
primary,credit_broad,mlp,1003,soft,BILL_AMT5,1902,False,431,431,0,1471,0,0,14,14,0,1888,8,8,29,29,0,1873,0,0,0,0,0,1902,0,0,29,28,1,1873,7,8,42,41,1,1860,7,8,431,431,0,1471,0,0,0.008385785967104398
primary,credit_broad,mlp,1003,soft,BILL_AMT6,1901,False,634,634,0,1267,0,0,40,40,0,1861,5,5,31,31,0,1870,0,0,0,0,0,1901,0,0,30,30,0,1871,5,5,71,71,0,1830,5,5,634,634,0,1267,0,0,0.008147617967803701
primary,credit_broad,mlp,1003,soft,PAY_AMT1,1941,True,846,841,5,1095,1,6,28,28,0,1913,8,8,7,7,0,1934,0,0,110,109,1,1831,0,1,110,108,2,1831,7,9,137,135,2,1804,7,9,918,912,6,1023,1,7,0.01294013442392878
primary,credit_broad,mlp,1003,soft,PAY_AMT2,1946,True,541,541,0,1405,1,1,40,40,0,1906,5,5,2,2,0,1944,0,0,26,26,0,1920,0,0,26,26,0,1920,5,5,65,65,0,1881,5,5,560,560,0,1386,1,1,0.012692290827476258
primary,credit_broad,mlp,1003,soft,PAY_AMT3,1936,True,621,621,0,1315,0,0,31,28,3,1905,6,9,21,21,0,1915,0,0,75,64,11,1861,5,16,75,62,13,1861,12,25,104,88,16,1832,9,25,653,639,14,1283,2,16,0.011695986591668482
primary,credit_broad,mlp,1003,soft,PAY_AMT4,1939,True,483,483,0,1456,2,2,33,31,2,1906,8,10,7,7,0,1932,0,0,211,203,8,1728,1,9,211,202,9,1728,10,19,244,233,11,1695,8,19,643,635,8,1296,3,11,0.010949782772204004
primary,credit_broad,mlp,1003,soft,PAY_AMT5,1942,True,527,527,0,1415,1,1,19,19,0,1923,5,5,23,23,0,1919,0,0,253,252,1,1689,1,2,253,249,4,1689,3,7,268,264,4,1674,3,7,674,673,1,1268,2,3,0.01088342410236189
primary,credit_broad,mlp,1003,soft,PAY_AMT6,1948,True,594,594,0,1354,0,0,23,23,0,1925,7,7,22,22,0,1926,0,0,273,259,14,1675,1,15,273,259,14,1675,8,22,290,276,14,1658,8,22,780,766,14,1168,1,15,0.009578294126461497
primary,credit_broad,mlp,1003,soft,EDUCATION,1928,False,792,783,9,1136,5,14,43,39,4,1885,8,12,18,18,0,1910,0,0,0,0,0,1928,0,0,17,17,0,1911,12,12,61,57,4,1867,8,12,792,783,9,1136,5,14,0.013813768543592009
primary,credit_broad,mlp,1003,soft,MARRIAGE,1930,False,1234,1220,14,696,1,15,30,29,1,1900,9,10,29,29,0,1901,0,0,0,0,0,1930,0,0,29,29,0,1901,10,10,59,58,1,1871,9,10,1234,1220,14,696,1,15,0.01053684232032491
primary,credit_broad,mlp,1003,soft,PAY_0,1927,False,581,578,3,1346,0,3,40,38,2,1887,8,10,4,4,0,1923,0,0,0,0,0,1927,0,0,4,4,0,1923,10,10,43,41,2,1884,8,10,581,578,3,1346,0,3,0.01344994853748933
primary,credit_broad,mlp,1003,soft,PAY_2,1929,False,563,563,0,1366,0,0,28,27,1,1901,4,5,20,20,0,1909,0,0,0,0,0,1929,0,0,20,20,0,1909,5,5,48,47,1,1881,4,5,563,563,0,1366,0,0,0.017156436604815552
primary,credit_broad,mlp,1003,soft,PAY_3,1930,False,775,775,0,1155,3,3,45,44,1,1885,8,9,26,26,0,1904,0,0,0,0,0,1930,0,0,26,26,0,1904,9,9,71,70,1,1859,8,9,775,775,0,1155,3,3,0.015467349067971491
primary,credit_broad,mlp,1003,soft,PAY_4,1928,False,755,755,0,1173,1,1,21,21,0,1907,4,4,9,9,0,1919,0,0,0,0,0,1928,0,0,9,9,0,1919,4,4,30,30,0,1898,4,4,755,755,0,1173,1,1,0.009866976006487843
primary,credit_broad,mlp,1003,soft,PAY_5,1929,False,674,674,0,1255,0,0,46,46,0,1883,6,6,12,12,0,1917,0,0,0,0,0,1929,0,0,12,12,0,1917,6,6,58,58,0,1871,6,6,674,674,0,1255,0,0,0.012242425100815553
primary,credit_broad,mlp,1003,soft,PAY_6,1926,False,737,736,1,1189,0,1,21,21,0,1905,4,4,14,14,0,1912,0,0,0,0,0,1926,0,0,13,13,0,1913,4,4,34,34,0,1892,4,4,737,736,1,1189,0,1,0.011439027068252885
signed_primary,credit_broad,mlp,1003,soft,PAY_AMT1,1941,True,846,841,5,1095,1,6,28,28,0,1913,8,8,7,7,0,1934,0,0,110,109,1,1831,0,1,110,108,2,1831,7,9,137,135,2,1804,7,9,918,912,6,1023,1,7,0.01294013442392878
signed_primary,credit_broad,mlp,1003,soft,PAY_AMT2,1946,True,541,541,0,1405,1,1,40,40,0,1906,5,5,2,2,0,1944,0,0,26,26,0,1920,0,0,26,26,0,1920,5,5,65,65,0,1881,5,5,560,560,0,1386,1,1,0.012692290827476258
signed_primary,credit_broad,mlp,1003,soft,PAY_AMT3,1936,True,621,621,0,1315,0,0,31,28,3,1905,6,9,21,21,0,1915,0,0,75,64,11,1861,5,16,75,62,13,1861,12,25,104,88,16,1832,9,25,653,639,14,1283,2,16,0.011695986591668482
signed_primary,credit_broad,mlp,1003,soft,PAY_AMT4,1939,True,483,483,0,1456,2,2,33,31,2,1906,8,10,7,7,0,1932,0,0,211,203,8,1728,1,9,211,202,9,1728,10,19,244,233,11,1695,8,19,643,635,8,1296,3,11,0.010949782772204004
signed_primary,credit_broad,mlp,1003,soft,PAY_AMT5,1942,True,527,527,0,1415,1,1,19,19,0,1923,5,5,23,23,0,1919,0,0,253,252,1,1689,1,2,253,249,4,1689,3,7,268,264,4,1674,3,7,674,673,1,1268,2,3,0.01088342410236189
signed_primary,credit_broad,mlp,1003,soft,PAY_AMT6,1948,True,594,594,0,1354,0,0,23,23,0,1925,7,7,22,22,0,1926,0,0,273,259,14,1675,1,15,273,259,14,1675,8,22,290,276,14,1658,8,22,780,766,14,1168,1,15,0.009578294126461497
primary,credit_broad,mlp,1004,soft,LIMIT_BAL,1926,False,330,330,0,1596,7,7,30,30,0,1896,17,17,7,7,0,1919,0,0,0,0,0,1926,0,0,7,7,0,1919,17,17,37,37,0,1889,17,17,330,330,0,1596,7,7,0.012033989472676256
primary,credit_broad,mlp,1004,soft,BILL_AMT1,1909,False,141,141,0,1768,0,0,16,16,0,1893,14,14,1,1,0,1908,0,0,0,0,0,1909,0,0,0,0,0,1909,14,14,17,17,0,1892,14,14,141,141,0,1768,0,0,0.009215869467788667
primary,credit_broad,mlp,1004,soft,BILL_AMT2,1909,False,119,118,1,1790,2,3,14,14,0,1895,10,10,3,3,0,1906,0,0,0,0,0,1909,0,0,3,3,0,1906,10,10,17,17,0,1892,10,10,119,118,1,1790,2,3,0.005599878067486391
primary,credit_broad,mlp,1004,soft,BILL_AMT3,1902,False,112,112,0,1790,0,0,13,13,0,1889,14,14,3,3,0,1899,0,0,0,0,0,1902,0,0,2,2,0,1900,14,14,16,16,0,1886,14,14,112,112,0,1790,0,0,0.008771963181275324
primary,credit_broad,mlp,1004,soft,BILL_AMT4,1904,False,93,91,2,1811,2,4,10,10,0,1894,17,17,1,1,0,1903,0,0,0,0,0,1904,0,0,1,1,0,1903,17,17,11,11,0,1893,17,17,93,91,2,1811,2,4,0.004290694864826239
primary,credit_broad,mlp,1004,soft,BILL_AMT5,1902,False,118,118,0,1784,0,0,14,14,0,1888,5,5,6,6,0,1896,0,0,0,0,0,1902,0,0,5,5,0,1897,5,5,20,20,0,1882,5,5,118,118,0,1784,0,0,0.0047472728549920115
primary,credit_broad,mlp,1004,soft,BILL_AMT6,1901,False,47,47,0,1854,0,0,19,19,0,1882,11,11,1,1,0,1900,0,0,0,0,0,1901,0,0,1,1,0,1900,11,11,20,20,0,1881,11,11,47,47,0,1854,0,0,0.005730422688458534
primary,credit_broad,mlp,1004,soft,PAY_AMT1,1941,True,192,188,4,1749,5,9,26,25,1,1915,7,8,2,2,0,1939,0,0,91,85,6,1850,2,8,91,84,7,1850,8,15,115,107,8,1826,7,15,275,265,10,1666,6,16,0.007946316709381123
primary,credit_broad,mlp,1004,soft,PAY_AMT2,1946,True,205,201,4,1741,4,8,38,37,1,1908,9,10,0,0,0,1946,0,0,0,0,0,1946,0,0,0,0,0,1946,10,10,38,37,1,1908,9,10,205,201,4,1741,4,8,0.012586411604758757
primary,credit_broad,mlp,1004,soft,PAY_AMT3,1936,True,140,139,1,1796,0,1,14,14,0,1922,9,9,0,0,0,1936,0,0,88,85,3,1848,4,7,88,83,5,1848,10,15,98,93,5,1838,10,15,224,218,6,1712,2,8,0.006440461267125134
primary,credit_broad,mlp,1004,soft,PAY_AMT4,1939,True,99,99,0,1840,0,0,24,24,0,1915,15,15,2,2,0,1937,0,0,221,220,1,1718,0,1,221,220,1,1718,15,16,245,244,1,1694,15,16,314,313,1,1625,0,1,0.009196084988452282
primary,credit_broad,mlp,1004,soft,PAY_AMT5,1942,True,97,97,0,1845,2,2,26,26,0,1916,5,5,1,1,0,1941,0,0,83,69,14,1859,3,17,83,68,15,1859,6,21,108,93,15,1834,6,21,176,162,14,1766,5,19,0.006406877508723766
primary,credit_broad,mlp,1004,soft,PAY_AMT6,1948,True,157,154,3,1791,3,6,16,16,0,1932,9,9,0,0,0,1948,0,0,37,34,3,1911,0,3,37,33,4,1911,8,12,53,49,4,1895,8,12,192,186,6,1756,3,9,0.0063185532674982
primary,credit_broad,mlp,1004,soft,EDUCATION,1928,False,301,300,1,1627,1,2,42,42,0,1886,11,11,1,1,0,1927,0,0,0,0,0,1928,0,0,1,1,0,1927,11,11,43,43,0,1885,11,11,301,300,1,1627,1,2,0.01730299260711248
primary,credit_broad,mlp,1004,soft,MARRIAGE,1930,False,239,239,0,1691,0,0,29,28,1,1901,11,12,0,0,0,1930,0,0,0,0,0,1930,0,0,0,0,0,1930,12,12,29,28,1,1901,11,12,239,239,0,1691,0,0,0.006783394212707605
primary,credit_broad,mlp,1004,soft,PAY_0,1927,False,373,366,7,1554,14,21,59,56,3,1868,9,12,0,0,0,1927,0,0,0,0,0,1927,0,0,0,0,0,1927,12,12,59,56,3,1868,9,12,373,366,7,1554,14,21,0.01295746144727504
primary,credit_broad,mlp,1004,soft,PAY_2,1929,False,123,123,0,1806,10,10,29,29,0,1900,8,8,3,3,0,1926,0,0,0,0,0,1929,0,0,3,3,0,1926,8,8,32,32,0,1897,8,8,123,123,0,1806,10,10,0.014661711099252572
primary,credit_broad,mlp,1004,soft,PAY_3,1930,False,266,266,0,1664,0,0,30,27,3,1900,13,16,2,2,0,1928,0,0,0,0,0,1930,0,0,2,2,0,1928,16,16,32,29,3,1898,13,16,266,266,0,1664,0,0,0.01781664855710719
primary,credit_broad,mlp,1004,soft,PAY_4,1928,False,167,167,0,1761,0,0,26,26,0,1902,16,16,0,0,0,1928,0,0,0,0,0,1928,0,0,0,0,0,1928,16,16,26,26,0,1902,16,16,167,167,0,1761,0,0,0.011179580522078484
primary,credit_broad,mlp,1004,soft,PAY_5,1929,False,273,273,0,1656,0,0,16,16,0,1913,8,8,9,9,0,1920,0,0,0,0,0,1929,0,0,8,8,0,1921,8,8,25,25,0,1904,8,8,273,273,0,1656,0,0,0.008288004937911835
primary,credit_broad,mlp,1004,soft,PAY_6,1926,False,407,407,0,1519,0,0,14,14,0,1912,11,11,6,6,0,1920,0,0,0,0,0,1926,0,0,6,6,0,1920,11,11,20,20,0,1906,11,11,407,407,0,1519,0,0,0.0059840141055044135
signed_primary,credit_broad,mlp,1004,soft,PAY_AMT1,1941,True,192,188,4,1749,5,9,26,25,1,1915,7,8,2,2,0,1939,0,0,91,85,6,1850,2,8,91,84,7,1850,8,15,115,107,8,1826,7,15,275,265,10,1666,6,16,0.007946316709381123
signed_primary,credit_broad,mlp,1004,soft,PAY_AMT2,1946,True,205,201,4,1741,4,8,38,37,1,1908,9,10,0,0,0,1946,0,0,0,0,0,1946,0,0,0,0,0,1946,10,10,38,37,1,1908,9,10,205,201,4,1741,4,8,0.012586411604758757
signed_primary,credit_broad,mlp,1004,soft,PAY_AMT3,1936,True,140,139,1,1796,0,1,14,14,0,1922,9,9,0,0,0,1936,0,0,88,85,3,1848,4,7,88,83,5,1848,10,15,98,93,5,1838,10,15,224,218,6,1712,2,8,0.006440461267125134
signed_primary,credit_broad,mlp,1004,soft,PAY_AMT4,1939,True,99,99,0,1840,0,0,24,24,0,1915,15,15,2,2,0,1937,0,0,221,220,1,1718,0,1,221,220,1,1718,15,16,245,244,1,1694,15,16,314,313,1,1625,0,1,0.009196084988452282
signed_primary,credit_broad,mlp,1004,soft,PAY_AMT5,1942,True,97,97,0,1845,2,2,26,26,0,1916,5,5,1,1,0,1941,0,0,83,69,14,1859,3,17,83,68,15,1859,6,21,108,93,15,1834,6,21,176,162,14,1766,5,19,0.006406877508723766
signed_primary,credit_broad,mlp,1004,soft,PAY_AMT6,1948,True,157,154,3,1791,3,6,16,16,0,1932,9,9,0,0,0,1948,0,0,37,34,3,1911,0,3,37,33,4,1911,8,12,53,49,4,1895,8,12,192,186,6,1756,3,9,0.0063185532674982
primary,credit_broad,mlp,1005,soft,LIMIT_BAL,1926,False,732,717,15,1194,2,17,36,36,0,1890,9,9,18,18,0,1908,0,0,0,0,0,1926,0,0,18,16,2,1908,7,9,54,52,2,1872,7,9,732,717,15,1194,2,17,0.03372432809564118
primary,credit_broad,mlp,1005,soft,BILL_AMT1,1909,False,423,422,1,1486,1,2,45,45,0,1864,4,4,6,6,0,1903,0,0,0,0,0,1909,0,0,6,6,0,1903,4,4,50,50,0,1859,4,4,423,422,1,1486,1,2,0.026551094509978806
primary,credit_broad,mlp,1005,soft,BILL_AMT2,1909,False,388,388,0,1521,0,0,43,42,1,1866,2,3,9,9,0,1900,0,0,0,0,0,1909,0,0,9,9,0,1900,3,3,51,50,1,1858,2,3,388,388,0,1521,0,0,0.015665392581748695
primary,credit_broad,mlp,1005,soft,BILL_AMT3,1902,False,517,515,2,1385,1,3,40,37,3,1862,7,10,20,20,0,1882,0,0,0,0,0,1902,0,0,20,20,0,1882,10,10,60,57,3,1842,7,10,517,515,2,1385,1,3,0.016027138651198574
primary,credit_broad,mlp,1005,soft,BILL_AMT4,1904,False,398,398,0,1506,0,0,29,27,2,1875,3,5,21,21,0,1883,0,0,0,0,0,1904,0,0,21,21,0,1883,5,5,49,47,2,1855,3,5,398,398,0,1506,0,0,0.00885795794663083
primary,credit_broad,mlp,1005,soft,BILL_AMT5,1902,False,465,464,1,1437,0,1,38,37,1,1864,1,2,18,18,0,1884,0,0,0,0,0,1902,0,0,18,18,0,1884,2,2,53,52,1,1849,1,2,465,464,1,1437,0,1,0.013293619193886323
primary,credit_broad,mlp,1005,soft,BILL_AMT6,1901,False,381,381,0,1520,0,0,41,41,0,1860,5,5,15,15,0,1886,0,0,0,0,0,1901,0,0,15,15,0,1886,5,5,54,54,0,1847,5,5,381,381,0,1520,0,0,0.014272331708258883
primary,credit_broad,mlp,1005,soft,PAY_AMT1,1941,True,538,536,2,1403,0,2,44,44,0,1897,4,4,7,7,0,1934,0,0,168,167,1,1773,12,13,168,164,4,1773,13,17,198,193,5,1743,12,17,622,617,5,1319,10,15,0.017528080455891267
primary,credit_broad,mlp,1005,soft,PAY_AMT2,1946,True,452,452,0,1494,1,1,45,44,1,1901,9,10,1,1,0,1945,0,0,5,5,0,1941,0,0,5,5,0,1941,10,10,50,49,1,1896,9,10,454,454,0,1492,1,1,0.01730149377442607
primary,credit_broad,mlp,1005,soft,PAY_AMT3,1936,True,399,398,1,1537,1,2,39,38,1,1897,3,4,3,3,0,1933,0,0,151,143,8,1785,12,20,151,143,8,1785,15,23,184,175,9,1752,14,23,515,506,9,1421,13,22,0.011988609887151787
primary,credit_broad,mlp,1005,soft,PAY_AMT4,1939,True,606,602,4,1333,1,5,35,34,1,1904,5,6,15,15,0,1924,0,0,223,218,5,1716,5,10,223,217,6,1716,9,15,253,246,7,1686,8,15,741,732,9,1198,6,15,0.01440355637681068
primary,credit_broad,mlp,1005,soft,PAY_AMT5,1942,True,807,807,0,1135,2,2,25,25,0,1917,5,5,21,21,0,1921,0,0,157,157,0,1785,0,0,157,156,1,1785,4,5,174,173,1,1768,4,5,894,894,0,1048,2,2,0.011741269633180831
primary,credit_broad,mlp,1005,soft,PAY_AMT6,1948,True,427,425,2,1521,0,2,39,39,0,1909,3,3,10,10,0,1938,0,0,210,209,1,1738,0,1,210,209,1,1738,3,4,229,228,1,1719,3,4,556,553,3,1392,0,3,0.011693635698536469
primary,credit_broad,mlp,1005,soft,EDUCATION,1928,False,494,494,0,1434,1,1,53,53,0,1875,2,2,11,11,0,1917,0,0,0,0,0,1928,0,0,11,11,0,1917,2,2,61,61,0,1867,2,2,494,494,0,1434,1,1,0.017762241498649314
primary,credit_broad,mlp,1005,soft,MARRIAGE,1930,False,947,945,2,983,0,2,45,45,0,1885,4,4,20,20,0,1910,0,0,0,0,0,1930,0,0,20,20,0,1910,4,4,64,64,0,1866,4,4,947,945,2,983,0,2,0.019385524459959867
primary,credit_broad,mlp,1005,soft,PAY_0,1927,False,662,662,0,1265,0,0,57,57,0,1870,1,1,6,6,0,1921,0,0,0,0,0,1927,0,0,6,6,0,1921,1,1,63,63,0,1864,1,1,662,662,0,1265,0,0,0.03037342185451813
primary,credit_broad,mlp,1005,soft,PAY_2,1929,False,574,573,1,1355,0,1,36,36,0,1893,3,3,13,13,0,1916,0,0,0,0,0,1929,0,0,13,13,0,1916,3,3,47,47,0,1882,3,3,574,573,1,1355,0,1,0.021220415360723006
primary,credit_broad,mlp,1005,soft,PAY_3,1930,False,756,751,5,1174,0,5,48,44,4,1882,6,10,21,21,0,1909,0,0,0,0,0,1930,0,0,21,21,0,1909,10,10,69,65,4,1861,6,10,756,751,5,1174,0,5,0.027678662306384463
primary,credit_broad,mlp,1005,soft,PAY_4,1928,False,669,668,1,1259,0,1,27,27,0,1901,5,5,27,27,0,1901,0,0,0,0,0,1928,0,0,28,28,0,1900,5,5,53,53,0,1875,5,5,669,668,1,1259,0,1,0.015984437533651873
primary,credit_broad,mlp,1005,soft,PAY_5,1929,False,772,771,1,1157,3,4,31,31,0,1898,4,4,13,13,0,1916,0,0,0,0,0,1929,0,0,13,13,0,1916,4,4,43,43,0,1886,4,4,772,771,1,1157,3,4,0.020707712946767154
primary,credit_broad,mlp,1005,soft,PAY_6,1926,False,751,750,1,1175,0,1,39,37,2,1887,5,7,15,15,0,1911,0,0,0,0,0,1926,0,0,15,15,0,1911,7,7,54,52,2,1872,5,7,751,750,1,1175,0,1,0.015845468366562754
signed_primary,credit_broad,mlp,1005,soft,PAY_AMT1,1941,True,538,536,2,1403,0,2,44,44,0,1897,4,4,7,7,0,1934,0,0,168,167,1,1773,12,13,168,164,4,1773,13,17,198,193,5,1743,12,17,622,617,5,1319,10,15,0.017528080455891267
signed_primary,credit_broad,mlp,1005,soft,PAY_AMT2,1946,True,452,452,0,1494,1,1,45,44,1,1901,9,10,1,1,0,1945,0,0,5,5,0,1941,0,0,5,5,0,1941,10,10,50,49,1,1896,9,10,454,454,0,1492,1,1,0.01730149377442607
signed_primary,credit_broad,mlp,1005,soft,PAY_AMT3,1936,True,399,398,1,1537,1,2,39,38,1,1897,3,4,3,3,0,1933,0,0,151,143,8,1785,12,20,151,143,8,1785,15,23,184,175,9,1752,14,23,515,506,9,1421,13,22,0.011988609887151787
signed_primary,credit_broad,mlp,1005,soft,PAY_AMT4,1939,True,606,602,4,1333,1,5,35,34,1,1904,5,6,15,15,0,1924,0,0,223,218,5,1716,5,10,223,217,6,1716,9,15,253,246,7,1686,8,15,741,732,9,1198,6,15,0.01440355637681068
signed_primary,credit_broad,mlp,1005,soft,PAY_AMT5,1942,True,807,807,0,1135,2,2,25,25,0,1917,5,5,21,21,0,1921,0,0,157,157,0,1785,0,0,157,156,1,1785,4,5,174,173,1,1768,4,5,894,894,0,1048,2,2,0.011741269633180831
signed_primary,credit_broad,mlp,1005,soft,PAY_AMT6,1948,True,427,425,2,1521,0,2,39,39,0,1909,3,3,10,10,0,1938,0,0,210,209,1,1738,0,1,210,209,1,1738,3,4,229,228,1,1719,3,4,556,553,3,1392,0,3,0.011693635698536469
primary,credit_broad,mlp,1006,soft,LIMIT_BAL,1926,False,1093,1093,0,833,0,0,61,61,0,1865,3,3,57,57,0,1869,0,0,0,0,0,1926,0,0,60,60,0,1866,3,3,115,115,0,1811,3,3,1093,1093,0,833,0,0,0.04154871116024417
primary,credit_broad,mlp,1006,soft,BILL_AMT1,1909,False,1212,1212,0,697,0,0,64,64,0,1845,4,4,18,18,0,1891,0,0,0,0,0,1909,0,0,23,23,0,1886,4,4,82,82,0,1827,4,4,1212,1212,0,697,0,0,0.032109783836171024
primary,credit_broad,mlp,1006,soft,BILL_AMT2,1909,False,724,724,0,1185,0,0,40,38,2,1869,7,9,33,33,0,1876,0,0,0,0,0,1909,0,0,32,30,2,1877,7,9,68,66,2,1841,7,9,724,724,0,1185,0,0,0.01383727904127754
primary,credit_broad,mlp,1006,soft,BILL_AMT3,1902,False,623,623,0,1279,0,0,53,51,2,1849,8,10,25,25,0,1877,0,0,0,0,0,1902,0,0,27,27,0,1875,10,10,77,75,2,1825,8,10,623,623,0,1279,0,0,0.02070409437832992
primary,credit_broad,mlp,1006,soft,BILL_AMT4,1904,False,700,700,0,1204,0,0,46,46,0,1858,4,4,32,32,0,1872,0,0,0,0,0,1904,0,0,32,32,0,1872,4,4,77,77,0,1827,4,4,700,700,0,1204,0,0,0.022051486471700507
primary,credit_broad,mlp,1006,soft,BILL_AMT5,1902,False,633,633,0,1269,0,0,50,50,0,1852,3,3,20,20,0,1882,0,0,0,0,0,1902,0,0,20,20,0,1882,3,3,70,70,0,1832,3,3,633,633,0,1269,0,0,0.025220343274491352
primary,credit_broad,mlp,1006,soft,BILL_AMT6,1901,False,842,842,0,1059,0,0,56,56,0,1845,3,3,94,94,0,1807,0,0,0,0,0,1901,0,0,94,93,1,1807,2,3,142,141,1,1759,2,3,842,842,0,1059,0,0,0.014970699290703531
primary,credit_broad,mlp,1006,soft,PAY_AMT1,1941,True,1070,1070,0,871,0,0,60,60,0,1881,5,5,18,18,0,1923,0,0,142,141,1,1799,2,3,143,140,3,1798,5,8,196,193,3,1745,5,8,1127,1125,2,814,1,3,0.02932905189828128
primary,credit_broad,mlp,1006,soft,PAY_AMT2,1946,True,1004,1004,0,942,0,0,59,58,1,1887,0,1,18,18,0,1928,0,0,98,98,0,1848,0,0,100,100,0,1846,1,1,152,151,1,1794,0,1,1035,1035,0,911,0,0,0.0291670070188307
primary,credit_broad,mlp,1006,soft,PAY_AMT3,1936,True,938,938,0,998,0,0,46,46,0,1890,6,6,41,41,0,1895,0,0,279,273,6,1657,4,10,281,270,11,1655,5,16,303,291,12,1633,4,16,1036,1030,6,900,4,10,0.02255771284035789
primary,credit_broad,mlp,1006,soft,PAY_AMT4,1939,True,900,900,0,1039,0,0,47,47,0,1892,3,3,23,23,0,1916,0,0,181,170,11,1758,5,16,184,172,12,1755,7,19,216,204,12,1723,7,19,970,956,14,969,2,16,0.021878956820948543
primary,credit_broad,mlp,1006,soft,PAY_AMT5,1942,True,858,858,0,1084,0,0,49,49,0,1893,5,5,41,41,0,1901,0,0,267,261,6,1675,2,8,269,259,10,1673,3,13,291,281,10,1651,3,13,943,937,6,999,2,8,0.021178358722204457
primary,credit_broad,mlp,1006,soft,PAY_AMT6,1948,True,780,780,0,1168,0,0,51,51,0,1897,7,7,23,23,0,1925,0,0,426,408,18,1522,11,29,428,407,21,1520,14,35,453,432,21,1495,14,35,1016,990,26,932,3,29,0.021765992297264485
primary,credit_broad,mlp,1006,soft,EDUCATION,1928,False,812,811,1,1116,2,3,41,41,0,1887,6,6,33,33,0,1895,0,0,0,0,0,1928,0,0,34,34,0,1894,6,6,70,70,0,1858,6,6,812,811,1,1116,2,3,0.02134588693034469
primary,credit_broad,mlp,1006,soft,MARRIAGE,1930,False,985,985,0,945,0,0,62,62,0,1868,6,6,44,44,0,1886,0,0,0,0,0,1930,0,0,46,46,0,1884,6,6,102,102,0,1828,6,6,985,985,0,945,0,0,0.022670463601584753
primary,credit_broad,mlp,1006,soft,PAY_0,1927,False,1158,1157,1,769,1,2,81,81,0,1846,4,4,23,23,0,1904,0,0,0,0,0,1927,0,0,27,27,0,1900,4,4,103,103,0,1824,4,4,1158,1157,1,769,1,2,0.03252779420438883
primary,credit_broad,mlp,1006,soft,PAY_2,1929,False,943,942,1,986,0,1,52,52,0,1877,6,6,29,29,0,1900,0,0,0,0,0,1929,0,0,29,29,0,1900,6,6,81,81,0,1848,6,6,943,942,1,986,0,1,0.026876718434790337
primary,credit_broad,mlp,1006,soft,PAY_3,1930,False,1098,1098,0,832,0,0,60,58,2,1870,4,6,49,49,0,1881,0,0,0,0,0,1930,0,0,50,50,0,1880,6,6,109,107,2,1821,4,6,1098,1098,0,832,0,0,0.03961150734576078
primary,credit_broad,mlp,1006,soft,PAY_4,1928,False,782,782,0,1146,0,0,57,57,0,1871,6,6,39,39,0,1889,0,0,0,0,0,1928,0,0,39,38,1,1889,5,6,93,92,1,1835,5,6,782,782,0,1146,0,0,0.019247034042664646
primary,credit_broad,mlp,1006,soft,PAY_5,1929,False,1033,1032,1,896,1,2,66,66,0,1863,5,5,31,31,0,1898,0,0,0,0,0,1929,0,0,35,35,0,1894,5,5,95,95,0,1834,5,5,1033,1032,1,896,1,2,0.02139529827989554
primary,credit_broad,mlp,1006,soft,PAY_6,1926,False,917,917,0,1009,0,0,43,43,0,1883,8,8,29,29,0,1897,0,0,0,0,0,1926,0,0,31,31,0,1895,8,8,70,70,0,1856,8,8,917,917,0,1009,0,0,0.017717322389555087
signed_primary,credit_broad,mlp,1006,soft,PAY_AMT1,1941,True,1070,1070,0,871,0,0,60,60,0,1881,5,5,18,18,0,1923,0,0,142,141,1,1799,2,3,143,140,3,1798,5,8,196,193,3,1745,5,8,1127,1125,2,814,1,3,0.02932905189828128
signed_primary,credit_broad,mlp,1006,soft,PAY_AMT2,1946,True,1004,1004,0,942,0,0,59,58,1,1887,0,1,18,18,0,1928,0,0,98,98,0,1848,0,0,100,100,0,1846,1,1,152,151,1,1794,0,1,1035,1035,0,911,0,0,0.0291670070188307
signed_primary,credit_broad,mlp,1006,soft,PAY_AMT3,1936,True,938,938,0,998,0,0,46,46,0,1890,6,6,41,41,0,1895,0,0,279,273,6,1657,4,10,281,270,11,1655,5,16,303,291,12,1633,4,16,1036,1030,6,900,4,10,0.02255771284035789
signed_primary,credit_broad,mlp,1006,soft,PAY_AMT4,1939,True,900,900,0,1039,0,0,47,47,0,1892,3,3,23,23,0,1916,0,0,181,170,11,1758,5,16,184,172,12,1755,7,19,216,204,12,1723,7,19,970,956,14,969,2,16,0.021878956820948543
signed_primary,credit_broad,mlp,1006,soft,PAY_AMT5,1942,True,858,858,0,1084,0,0,49,49,0,1893,5,5,41,41,0,1901,0,0,267,261,6,1675,2,8,269,259,10,1673,3,13,291,281,10,1651,3,13,943,937,6,999,2,8,0.021178358722204457
signed_primary,credit_broad,mlp,1006,soft,PAY_AMT6,1948,True,780,780,0,1168,0,0,51,51,0,1897,7,7,23,23,0,1925,0,0,426,408,18,1522,11,29,428,407,21,1520,14,35,453,432,21,1495,14,35,1016,990,26,932,3,29,0.021765992297264485
primary,credit_broad,mlp,1007,soft,LIMIT_BAL,1926,False,1342,1340,2,584,1,3,76,71,5,1850,25,30,33,33,0,1893,0,0,0,0,0,1926,0,0,47,46,1,1879,29,30,104,99,5,1822,25,30,1342,1340,2,584,1,3,0.05137654783101159
primary,credit_broad,mlp,1007,soft,BILL_AMT1,1909,False,1326,1326,0,583,0,0,62,62,0,1847,7,7,63,63,0,1846,0,0,0,0,0,1909,0,0,65,65,0,1844,7,7,121,121,0,1788,7,7,1326,1326,0,583,0,0,0.040031097575678486
primary,credit_broad,mlp,1007,soft,BILL_AMT2,1909,False,1006,1006,0,903,0,0,64,63,1,1845,21,22,49,49,0,1860,0,0,0,0,0,1909,0,0,50,48,2,1859,20,22,110,107,3,1799,19,22,1006,1006,0,903,0,0,0.025123959278673228
primary,credit_broad,mlp,1007,soft,BILL_AMT3,1902,False,1131,1130,1,771,0,1,77,75,2,1825,16,18,86,86,0,1816,0,0,0,0,0,1902,0,0,93,92,1,1809,17,18,149,146,3,1753,15,18,1131,1130,1,771,0,1,0.036135385591493346
primary,credit_broad,mlp,1007,soft,BILL_AMT4,1904,False,827,827,0,1077,0,0,69,66,3,1835,17,20,31,31,0,1873,0,0,0,0,0,1904,0,0,38,37,1,1866,19,20,97,93,4,1807,16,20,827,827,0,1077,0,0,0.02513580979096437
primary,credit_broad,mlp,1007,soft,BILL_AMT5,1902,False,1087,1085,2,815,2,4,72,72,0,1830,9,9,77,77,0,1825,0,0,0,0,0,1902,0,0,81,78,3,1821,6,9,145,142,3,1757,6,9,1087,1085,2,815,2,4,0.03471882134435646
primary,credit_broad,mlp,1007,soft,BILL_AMT6,1901,False,1050,1050,0,851,0,0,67,66,1,1834,9,10,65,65,0,1836,0,0,0,0,0,1901,0,0,66,65,1,1835,9,10,123,121,2,1778,8,10,1050,1050,0,851,0,0,0.02653836945019679
primary,credit_broad,mlp,1007,soft,PAY_AMT1,1941,True,1180,1180,0,761,0,0,85,84,1,1856,19,20,33,33,0,1908,0,0,134,134,0,1807,0,0,137,127,10,1804,10,20,202,192,10,1739,10,20,1204,1204,0,737,0,0,0.043711050547354226
primary,credit_broad,mlp,1007,soft,PAY_AMT2,1946,True,1266,1265,1,680,0,1,75,70,5,1871,26,31,23,23,0,1923,0,0,114,114,0,1832,0,0,118,105,13,1828,18,31,177,160,17,1769,14,31,1282,1281,1,664,0,1,0.036771189585982675
primary,credit_broad,mlp,1007,soft,PAY_AMT3,1936,True,1145,1145,0,791,0,0,74,74,0,1862,11,11,59,59,0,1877,0,0,327,319,8,1609,0,8,329,312,17,1607,2,19,357,340,17,1579,2,19,1209,1201,8,727,0,8,0.031178007043488273
primary,credit_broad,mlp,1007,soft,PAY_AMT4,1939,True,961,961,0,978,0,0,60,60,0,1879,13,13,43,43,0,1896,0,0,454,454,0,1485,0,0,456,451,5,1483,8,13,492,487,5,1447,8,13,1150,1150,0,789,0,0,0.027640766685512737
primary,credit_broad,mlp,1007,soft,PAY_AMT5,1942,True,1028,1028,0,914,0,0,65,64,1,1877,10,11,70,70,0,1872,0,0,573,568,5,1369,0,5,574,562,12,1368,4,16,597,584,13,1345,3,16,1218,1213,5,724,0,5,0.027346545341495273
primary,credit_broad,mlp,1007,soft,PAY_AMT6,1948,True,951,950,1,997,0,1,79,77,2,1869,17,19,58,58,0,1890,0,0,527,527,0,1421,0,0,528,521,7,1420,12,19,544,536,8,1404,11,19,1120,1119,1,828,0,1,0.032340828942616855
primary,credit_broad,mlp,1007,soft,EDUCATION,1928,False,1288,1288,0,640,0,0,73,70,3,1855,19,22,100,100,0,1828,0,0,0,0,0,1928,0,0,108,105,3,1820,19,22,164,160,4,1764,18,22,1288,1288,0,640,0,0,0.03388080070137388
primary,credit_broad,mlp,1007,soft,MARRIAGE,1930,False,1489,1487,2,441,0,2,90,84,6,1840,26,32,93,93,0,1837,0,0,0,0,0,1930,0,0,106,101,5,1824,27,32,178,168,10,1752,22,32,1489,1487,2,441,0,2,0.03510679405811297
primary,credit_broad,mlp,1007,soft,PAY_0,1927,False,1188,1188,0,739,0,0,101,97,4,1826,8,12,15,15,0,1912,0,0,0,0,0,1927,0,0,20,20,0,1907,12,12,114,110,4,1813,8,12,1188,1188,0,739,0,0,0.034049780053742644
primary,credit_broad,mlp,1007,soft,PAY_2,1929,False,1303,1302,1,626,1,2,94,92,2,1835,14,16,97,97,0,1832,0,0,0,0,0,1929,0,0,113,110,3,1816,13,16,181,176,5,1748,11,16,1303,1302,1,626,1,2,0.04389056509551021
primary,credit_broad,mlp,1007,soft,PAY_3,1930,False,1192,1192,0,738,0,0,78,72,6,1852,19,25,69,69,0,1861,0,0,0,0,0,1930,0,0,77,77,0,1853,25,25,144,138,6,1786,19,25,1192,1192,0,738,0,0,0.05158281881558391
primary,credit_broad,mlp,1007,soft,PAY_4,1928,False,1117,1117,0,811,0,0,71,69,2,1857,24,26,53,53,0,1875,0,0,0,0,0,1928,0,0,57,53,4,1871,22,26,122,116,6,1806,20,26,1117,1117,0,811,0,0,0.03464424227636146
primary,credit_broad,mlp,1007,soft,PAY_5,1929,False,1545,1543,2,384,0,2,89,88,1,1840,19,20,84,84,0,1845,0,0,0,0,0,1929,0,0,101,100,1,1828,19,20,171,169,2,1758,18,20,1545,1543,2,384,0,2,0.06092772363041988
primary,credit_broad,mlp,1007,soft,PAY_6,1926,False,1218,1217,1,708,0,1,65,58,7,1861,32,39,81,81,0,1845,0,0,0,0,0,1926,0,0,85,79,6,1841,33,39,141,129,12,1785,27,39,1218,1217,1,708,0,1,0.0412011369757976
signed_primary,credit_broad,mlp,1007,soft,PAY_AMT1,1941,True,1180,1180,0,761,0,0,85,84,1,1856,19,20,33,33,0,1908,0,0,134,134,0,1807,0,0,137,127,10,1804,10,20,202,192,10,1739,10,20,1204,1204,0,737,0,0,0.043711050547354226
signed_primary,credit_broad,mlp,1007,soft,PAY_AMT2,1946,True,1266,1265,1,680,0,1,75,70,5,1871,26,31,23,23,0,1923,0,0,114,114,0,1832,0,0,118,105,13,1828,18,31,177,160,17,1769,14,31,1282,1281,1,664,0,1,0.036771189585982675
signed_primary,credit_broad,mlp,1007,soft,PAY_AMT3,1936,True,1145,1145,0,791,0,0,74,74,0,1862,11,11,59,59,0,1877,0,0,327,319,8,1609,0,8,329,312,17,1607,2,19,357,340,17,1579,2,19,1209,1201,8,727,0,8,0.031178007043488273
signed_primary,credit_broad,mlp,1007,soft,PAY_AMT4,1939,True,961,961,0,978,0,0,60,60,0,1879,13,13,43,43,0,1896,0,0,454,454,0,1485,0,0,456,451,5,1483,8,13,492,487,5,1447,8,13,1150,1150,0,789,0,0,0.027640766685512737
signed_primary,credit_broad,mlp,1007,soft,PAY_AMT5,1942,True,1028,1028,0,914,0,0,65,64,1,1877,10,11,70,70,0,1872,0,0,573,568,5,1369,0,5,574,562,12,1368,4,16,597,584,13,1345,3,16,1218,1213,5,724,0,5,0.027346545341495273
signed_primary,credit_broad,mlp,1007,soft,PAY_AMT6,1948,True,951,950,1,997,0,1,79,77,2,1869,17,19,58,58,0,1890,0,0,527,527,0,1421,0,0,528,521,7,1420,12,19,544,536,8,1404,11,19,1120,1119,1,828,0,1,0.032340828942616855
primary,credit_broad,mlp,1008,soft,LIMIT_BAL,1926,False,138,138,0,1788,2,2,42,41,1,1884,13,14,0,0,0,1926,0,0,0,0,0,1926,0,0,0,0,0,1926,14,14,42,41,1,1884,13,14,138,138,0,1788,2,2,0.017676315439891562
primary,credit_broad,mlp,1008,soft,BILL_AMT1,1909,False,65,65,0,1844,1,1,16,16,0,1893,8,8,3,3,0,1906,0,0,0,0,0,1909,0,0,3,3,0,1906,8,8,19,19,0,1890,8,8,65,65,0,1844,1,1,0.006412257254654283
primary,credit_broad,mlp,1008,soft,BILL_AMT2,1909,False,17,17,0,1892,1,1,31,30,1,1878,14,15,0,0,0,1909,0,0,0,0,0,1909,0,0,0,0,0,1909,15,15,31,30,1,1878,14,15,17,17,0,1892,1,1,0.006571479814936284
primary,credit_broad,mlp,1008,soft,BILL_AMT3,1902,False,21,21,0,1881,2,2,21,21,0,1881,13,13,0,0,0,1902,0,0,0,0,0,1902,0,0,0,0,0,1902,13,13,21,21,0,1881,13,13,21,21,0,1881,2,2,0.006046533796348476
primary,credit_broad,mlp,1008,soft,BILL_AMT4,1904,False,18,18,0,1886,1,1,31,29,2,1873,14,16,0,0,0,1904,0,0,0,0,0,1904,0,0,0,0,0,1904,16,16,31,29,2,1873,14,16,18,18,0,1886,1,1,0.004596826429863773
primary,credit_broad,mlp,1008,soft,BILL_AMT5,1902,False,3,3,0,1899,0,0,20,20,0,1882,10,10,0,0,0,1902,0,0,0,0,0,1902,0,0,0,0,0,1902,10,10,20,20,0,1882,10,10,3,3,0,1899,0,0,0.006719527911329676
primary,credit_broad,mlp,1008,soft,BILL_AMT6,1901,False,4,4,0,1897,0,0,14,14,0,1887,5,5,0,0,0,1901,0,0,0,0,0,1901,0,0,0,0,0,1901,5,5,14,14,0,1887,5,5,4,4,0,1897,0,0,0.008224211141371073
primary,credit_broad,mlp,1008,soft,PAY_AMT1,1941,True,96,96,0,1845,0,0,45,42,3,1896,10,13,0,0,0,1941,0,0,0,0,0,1941,0,0,0,0,0,1941,13,13,45,42,3,1896,10,13,96,96,0,1845,0,0,0.00811533067661259
primary,credit_broad,mlp,1008,soft,PAY_AMT2,1946,True,28,28,0,1918,0,0,37,29,8,1909,14,22,0,0,0,1946,0,0,0,0,0,1946,0,0,0,0,0,1946,22,22,37,29,8,1909,14,22,28,28,0,1918,0,0,0.008257748942391726
primary,credit_broad,mlp,1008,soft,PAY_AMT3,1936,True,71,70,1,1865,0,1,22,20,2,1914,15,17,1,1,0,1935,0,0,15,13,2,1921,3,5,15,13,2,1921,20,22,37,33,4,1899,18,22,85,82,3,1851,3,6,0.005411050618099773
primary,credit_broad,mlp,1008,soft,PAY_AMT4,1939,True,23,23,0,1916,1,1,31,28,3,1908,14,17,0,0,0,1939,0,0,1,0,1,1938,5,6,1,0,1,1938,21,22,32,28,4,1907,18,22,24,23,1,1915,6,7,0.006092663893134207
primary,credit_broad,mlp,1008,soft,PAY_AMT5,1942,True,9,9,0,1933,2,2,31,30,1,1911,14,15,0,0,0,1942,0,0,3,1,2,1939,3,5,3,1,2,1939,18,20,34,31,3,1908,17,20,12,10,2,1930,5,7,0.0044327982433396895
primary,credit_broad,mlp,1008,soft,PAY_AMT6,1948,True,22,21,1,1926,0,1,26,25,1,1922,11,12,0,0,0,1948,0,0,1,0,1,1947,6,7,1,0,1,1947,17,18,27,24,3,1921,15,18,23,21,2,1925,6,8,0.005488514893031715
primary,credit_broad,mlp,1008,soft,EDUCATION,1928,False,20,18,2,1908,7,9,24,23,1,1904,8,9,0,0,0,1928,0,0,0,0,0,1928,0,0,0,0,0,1928,9,9,24,23,1,1904,8,9,20,18,2,1908,7,9,0.004056736720294919
primary,credit_broad,mlp,1008,soft,MARRIAGE,1930,False,9,9,0,1921,3,3,44,41,3,1886,14,17,0,0,0,1930,0,0,0,0,0,1930,0,0,0,0,0,1930,17,17,44,41,3,1886,14,17,9,9,0,1921,3,3,0.006537639061959403
primary,credit_broad,mlp,1008,soft,PAY_0,1927,False,152,152,0,1775,2,2,49,48,1,1878,9,10,0,0,0,1927,0,0,0,0,0,1927,0,0,0,0,0,1927,10,10,49,48,1,1878,9,10,152,152,0,1775,2,2,0.01738719661536029
primary,credit_broad,mlp,1008,soft,PAY_2,1929,False,18,18,0,1911,1,1,15,14,1,1914,6,7,1,1,0,1928,0,0,0,0,0,1929,0,0,1,1,0,1928,7,7,15,14,1,1914,6,7,18,18,0,1911,1,1,0.007674117201933348
primary,credit_broad,mlp,1008,soft,PAY_3,1930,False,61,57,4,1869,3,7,42,34,8,1888,13,21,0,0,0,1930,0,0,0,0,0,1930,0,0,0,0,0,1930,21,21,42,34,8,1888,13,21,61,57,4,1869,3,7,0.011476949159347948
primary,credit_broad,mlp,1008,soft,PAY_4,1928,False,48,41,7,1880,11,18,28,24,4,1900,18,22,0,0,0,1928,0,0,0,0,0,1928,0,0,0,0,0,1928,22,22,28,24,4,1900,18,22,48,41,7,1880,11,18,0.004934260098692927
primary,credit_broad,mlp,1008,soft,PAY_5,1929,False,68,67,1,1861,4,5,38,35,3,1891,14,17,0,0,0,1929,0,0,0,0,0,1929,0,0,0,0,0,1929,17,17,38,35,3,1891,14,17,68,67,1,1861,4,5,0.006366840130717125
primary,credit_broad,mlp,1008,soft,PAY_6,1926,False,65,65,0,1861,4,4,40,38,2,1886,10,12,0,0,0,1926,0,0,0,0,0,1926,0,0,0,0,0,1926,12,12,40,38,2,1886,10,12,65,65,0,1861,4,4,0.008009821473169173
signed_primary,credit_broad,mlp,1008,soft,PAY_AMT1,1941,True,96,96,0,1845,0,0,45,42,3,1896,10,13,0,0,0,1941,0,0,0,0,0,1941,0,0,0,0,0,1941,13,13,45,42,3,1896,10,13,96,96,0,1845,0,0,0.00811533067661259
signed_primary,credit_broad,mlp,1008,soft,PAY_AMT2,1946,True,28,28,0,1918,0,0,37,29,8,1909,14,22,0,0,0,1946,0,0,0,0,0,1946,0,0,0,0,0,1946,22,22,37,29,8,1909,14,22,28,28,0,1918,0,0,0.008257748942391726
signed_primary,credit_broad,mlp,1008,soft,PAY_AMT3,1936,True,71,70,1,1865,0,1,22,20,2,1914,15,17,1,1,0,1935,0,0,15,13,2,1921,3,5,15,13,2,1921,20,22,37,33,4,1899,18,22,85,82,3,1851,3,6,0.005411050618099773
signed_primary,credit_broad,mlp,1008,soft,PAY_AMT4,1939,True,23,23,0,1916,1,1,31,28,3,1908,14,17,0,0,0,1939,0,0,1,0,1,1938,5,6,1,0,1,1938,21,22,32,28,4,1907,18,22,24,23,1,1915,6,7,0.006092663893134207
signed_primary,credit_broad,mlp,1008,soft,PAY_AMT5,1942,True,9,9,0,1933,2,2,31,30,1,1911,14,15,0,0,0,1942,0,0,3,1,2,1939,3,5,3,1,2,1939,18,20,34,31,3,1908,17,20,12,10,2,1930,5,7,0.0044327982433396895
signed_primary,credit_broad,mlp,1008,soft,PAY_AMT6,1948,True,22,21,1,1926,0,1,26,25,1,1922,11,12,0,0,0,1948,0,0,1,0,1,1947,6,7,1,0,1,1947,17,18,27,24,3,1921,15,18,23,21,2,1925,6,8,0.005488514893031715
primary,credit_broad,mlp,1009,soft,LIMIT_BAL,1926,False,386,380,6,1540,2,8,19,18,1,1907,6,7,3,3,0,1923,0,0,0,0,0,1926,0,0,3,3,0,1923,7,7,22,21,1,1904,6,7,386,380,6,1540,2,8,0.023234562253721655
primary,credit_broad,mlp,1009,soft,BILL_AMT1,1909,False,300,297,3,1609,4,7,15,15,0,1894,2,2,12,12,0,1897,0,0,0,0,0,1909,0,0,12,12,0,1897,2,2,27,27,0,1882,2,2,300,297,3,1609,4,7,0.005832482234642862
primary,credit_broad,mlp,1009,soft,BILL_AMT2,1909,False,153,153,0,1756,4,4,17,17,0,1892,8,8,8,8,0,1901,0,0,0,0,0,1909,0,0,7,7,0,1902,8,8,25,25,0,1884,8,8,153,153,0,1756,4,4,0.006314059127056812
primary,credit_broad,mlp,1009,soft,BILL_AMT3,1902,False,98,98,0,1804,3,3,21,19,2,1881,6,8,1,1,0,1901,0,0,0,0,0,1902,0,0,1,1,0,1901,8,8,22,20,2,1880,6,8,98,98,0,1804,3,3,0.010764141900037449
primary,credit_broad,mlp,1009,soft,BILL_AMT4,1904,False,61,61,0,1843,1,1,17,17,0,1887,6,6,2,2,0,1902,0,0,0,0,0,1904,0,0,2,2,0,1902,6,6,19,19,0,1885,6,6,61,61,0,1843,1,1,0.004570181358979027
primary,credit_broad,mlp,1009,soft,BILL_AMT5,1902,False,116,115,1,1786,1,2,18,17,1,1884,8,9,1,1,0,1901,0,0,0,0,0,1902,0,0,1,1,0,1901,9,9,19,18,1,1883,8,9,116,115,1,1786,1,2,0.008521371469188336
primary,credit_broad,mlp,1009,soft,BILL_AMT6,1901,False,105,105,0,1796,1,1,17,17,0,1884,6,6,1,1,0,1900,0,0,0,0,0,1901,0,0,1,1,0,1900,6,6,18,18,0,1883,6,6,105,105,0,1796,1,1,0.005030600645434506
primary,credit_broad,mlp,1009,soft,PAY_AMT1,1941,True,288,282,6,1653,3,9,20,19,1,1921,10,11,5,5,0,1936,0,0,122,109,13,1819,1,14,122,107,15,1819,10,25,135,119,16,1806,9,25,395,376,19,1546,4,23,0.008153379382933265
primary,credit_broad,mlp,1009,soft,PAY_AMT2,1946,True,267,266,1,1679,2,3,25,25,0,1921,5,5,2,2,0,1944,0,0,22,22,0,1924,1,1,22,22,0,1924,6,6,47,47,0,1899,6,6,281,280,1,1665,3,4,0.018359862367114958
primary,credit_broad,mlp,1009,soft,PAY_AMT3,1936,True,191,190,1,1745,0,1,18,16,2,1918,6,8,5,5,0,1931,0,0,118,118,0,1818,0,0,118,114,4,1818,4,8,129,124,5,1807,3,8,280,279,1,1656,0,1,0.0075520464871379
primary,credit_broad,mlp,1009,soft,PAY_AMT4,1939,True,94,94,0,1845,0,0,23,23,0,1916,5,5,0,0,0,1939,0,0,12,9,3,1927,19,22,12,9,3,1927,24,27,35,32,3,1904,24,27,106,103,3,1833,19,22,0.011255301273176472
primary,credit_broad,mlp,1009,soft,PAY_AMT5,1942,True,132,132,0,1810,0,0,22,22,0,1920,5,5,1,1,0,1941,0,0,221,217,4,1721,0,4,221,216,5,1721,4,9,224,219,5,1718,4,9,336,332,4,1606,0,4,0.006698442824969752
primary,credit_broad,mlp,1009,soft,PAY_AMT6,1948,True,182,182,0,1766,0,0,15,15,0,1933,7,7,3,3,0,1945,0,0,66,66,0,1882,1,1,66,65,1,1882,7,8,79,78,1,1869,7,8,239,239,0,1709,1,1,0.0053617762939956026
primary,credit_broad,mlp,1009,soft,EDUCATION,1928,False,168,167,1,1760,0,1,30,30,0,1898,5,5,1,1,0,1927,0,0,0,0,0,1928,0,0,1,1,0,1927,5,5,31,31,0,1897,5,5,168,167,1,1760,0,1,0.013749809110939811
primary,credit_broad,mlp,1009,soft,MARRIAGE,1930,False,236,235,1,1694,0,1,26,26,0,1904,12,12,0,0,0,1930,0,0,0,0,0,1930,0,0,0,0,0,1930,12,12,26,26,0,1904,12,12,236,235,1,1694,0,1,0.008842101331434468
primary,credit_broad,mlp,1009,soft,PAY_0,1927,False,272,269,3,1655,0,3,45,43,2,1882,12,14,0,0,0,1927,0,0,0,0,0,1927,0,0,0,0,0,1927,14,14,45,43,2,1882,12,14,272,269,3,1655,0,3,0.011262596266022606
primary,credit_broad,mlp,1009,soft,PAY_2,1929,False,210,210,0,1719,0,0,29,27,2,1900,5,7,4,4,0,1925,0,0,0,0,0,1929,0,0,3,3,0,1926,7,7,33,31,2,1896,5,7,210,210,0,1719,0,0,0.011358407992293387
primary,credit_broad,mlp,1009,soft,PAY_3,1930,False,186,183,3,1744,0,3,44,42,2,1886,8,10,1,1,0,1929,0,0,0,0,0,1930,0,0,1,1,0,1929,10,10,45,43,2,1885,8,10,186,183,3,1744,0,3,0.012052465847547846
primary,credit_broad,mlp,1009,soft,PAY_4,1928,False,122,122,0,1806,1,1,15,15,0,1913,6,6,1,1,0,1927,0,0,0,0,0,1928,0,0,1,1,0,1927,6,6,16,16,0,1912,6,6,122,122,0,1806,1,1,0.01080777383753068
primary,credit_broad,mlp,1009,soft,PAY_5,1929,False,91,91,0,1838,0,0,16,16,0,1913,1,1,0,0,0,1929,0,0,0,0,0,1929,0,0,0,0,0,1929,1,1,16,16,0,1913,1,1,91,91,0,1838,0,0,0.016140024782976912
primary,credit_broad,mlp,1009,soft,PAY_6,1926,False,218,216,2,1708,1,3,12,12,0,1914,5,5,2,2,0,1924,0,0,0,0,0,1926,0,0,2,2,0,1924,5,5,14,14,0,1912,5,5,218,216,2,1708,1,3,0.008254077906215311
signed_primary,credit_broad,mlp,1009,soft,PAY_AMT1,1941,True,288,282,6,1653,3,9,20,19,1,1921,10,11,5,5,0,1936,0,0,122,109,13,1819,1,14,122,107,15,1819,10,25,135,119,16,1806,9,25,395,376,19,1546,4,23,0.008153379382933265
signed_primary,credit_broad,mlp,1009,soft,PAY_AMT2,1946,True,267,266,1,1679,2,3,25,25,0,1921,5,5,2,2,0,1944,0,0,22,22,0,1924,1,1,22,22,0,1924,6,6,47,47,0,1899,6,6,281,280,1,1665,3,4,0.018359862367114958
signed_primary,credit_broad,mlp,1009,soft,PAY_AMT3,1936,True,191,190,1,1745,0,1,18,16,2,1918,6,8,5,5,0,1931,0,0,118,118,0,1818,0,0,118,114,4,1818,4,8,129,124,5,1807,3,8,280,279,1,1656,0,1,0.0075520464871379
signed_primary,credit_broad,mlp,1009,soft,PAY_AMT4,1939,True,94,94,0,1845,0,0,23,23,0,1916,5,5,0,0,0,1939,0,0,12,9,3,1927,19,22,12,9,3,1927,24,27,35,32,3,1904,24,27,106,103,3,1833,19,22,0.011255301273176472
signed_primary,credit_broad,mlp,1009,soft,PAY_AMT5,1942,True,132,132,0,1810,0,0,22,22,0,1920,5,5,1,1,0,1941,0,0,221,217,4,1721,0,4,221,216,5,1721,4,9,224,219,5,1718,4,9,336,332,4,1606,0,4,0.006698442824969752
signed_primary,credit_broad,mlp,1009,soft,PAY_AMT6,1948,True,182,182,0,1766,0,0,15,15,0,1933,7,7,3,3,0,1945,0,0,66,66,0,1882,1,1,66,65,1,1882,7,8,79,78,1,1869,7,8,239,239,0,1709,1,1,0.0053617762939956026
primary,acs_income,mlp,1000,soft,work_class,1789,False,837,837,0,952,0,0,64,61,3,1725,8,11,50,50,0,1739,0,0,0,0,0,1789,0,0,50,49,1,1739,10,11,113,109,4,1676,7,11,837,837,0,952,0,0,0.016690457865422868
primary,acs_income,mlp,1000,soft,household,1850,False,1029,1028,1,821,2,3,170,169,1,1680,9,10,33,33,0,1817,0,0,0,0,0,1850,0,0,34,33,1,1816,9,10,202,200,2,1648,8,10,1029,1028,1,821,2,3,0.04013589735719383
primary,acs_income,mlp,1000,soft,occupation,1887,False,1032,1029,3,855,0,3,419,410,9,1468,14,23,0,0,0,1887,0,0,0,0,0,1887,0,0,1,1,0,1886,23,23,419,410,9,1468,14,23,1032,1029,3,855,0,3,0.047189537532892185
primary,acs_income,mlp,1000,soft,education,1847,True,1667,1647,20,180,0,20,320,313,7,1527,4,11,0,0,0,1847,0,0,0,0,0,1847,0,0,14,14,0,1833,11,11,320,313,7,1527,4,11,1667,1647,20,180,0,20,0.05591327184858633
primary,acs_income,mlp,1000,soft,hours,1800,True,1292,1272,20,508,0,20,332,325,7,1468,4,11,4,4,0,1796,0,0,6,5,1,1794,3,4,14,13,1,1786,14,15,338,330,8,1462,7,15,1293,1269,24,507,0,24,0.05139001032354705
signed_primary,acs_income,mlp,1000,soft,education,1847,True,1667,1647,20,180,0,20,320,313,7,1527,4,11,0,0,0,1847,0,0,0,0,0,1847,0,0,14,14,0,1833,11,11,320,313,7,1527,4,11,1667,1647,20,180,0,20,0.05591327184858633
signed_primary,acs_income,mlp,1000,soft,hours,1800,True,1292,1272,20,508,0,20,332,325,7,1468,4,11,4,4,0,1796,0,0,6,5,1,1794,3,4,14,13,1,1786,14,15,338,330,8,1462,7,15,1293,1269,24,507,0,24,0.05139001032354705
primary,acs_income,mlp,1001,soft,work_class,1789,False,896,896,0,893,0,0,38,38,0,1751,5,5,105,105,0,1684,0,0,0,0,0,1789,0,0,105,104,1,1684,4,5,140,139,1,1649,4,5,896,896,0,893,0,0,0.035345124796901294
primary,acs_income,mlp,1001,soft,household,1850,False,1375,1375,0,475,0,0,160,158,2,1690,3,5,78,78,0,1772,0,0,0,0,0,1850,0,0,78,77,1,1772,4,5,233,230,3,1617,2,5,1375,1375,0,475,0,0,0.046130054495512544
primary,acs_income,mlp,1001,soft,occupation,1887,False,1062,1062,0,825,0,0,436,432,4,1451,4,8,0,0,0,1887,0,0,0,0,0,1887,0,0,1,1,0,1886,8,8,436,432,4,1451,4,8,1062,1062,0,825,0,0,0.06107225854448557
primary,acs_income,mlp,1001,soft,education,1847,True,1343,1343,0,504,0,0,284,281,3,1563,5,8,0,0,0,1847,0,0,0,0,0,1847,1,1,3,3,0,1844,9,9,284,281,3,1563,6,9,1343,1342,1,504,0,1,0.0782802491229053
primary,acs_income,mlp,1001,soft,hours,1800,True,1183,1183,0,617,0,0,316,311,5,1484,5,10,3,3,0,1797,0,0,5,5,0,1795,2,2,8,8,0,1792,12,12,321,315,6,1479,6,12,1183,1181,2,617,0,2,0.08687298808730026
signed_primary,acs_income,mlp,1001,soft,education,1847,True,1343,1343,0,504,0,0,284,281,3,1563,5,8,0,0,0,1847,0,0,0,0,0,1847,1,1,3,3,0,1844,9,9,284,281,3,1563,6,9,1343,1342,1,504,0,1,0.0782802491229053
signed_primary,acs_income,mlp,1001,soft,hours,1800,True,1183,1183,0,617,0,0,316,311,5,1484,5,10,3,3,0,1797,0,0,5,5,0,1795,2,2,8,8,0,1792,12,12,321,315,6,1479,6,12,1183,1181,2,617,0,2,0.08687298808730026
primary,acs_income,mlp,1002,soft,work_class,1789,False,761,760,1,1028,0,1,66,66,0,1723,6,6,34,34,0,1755,0,0,0,0,0,1789,0,0,32,32,0,1757,6,6,99,99,0,1690,6,6,761,760,1,1028,0,1,0.01290019064474852
primary,acs_income,mlp,1002,soft,household,1850,False,992,992,0,858,0,0,174,170,4,1676,6,10,28,28,0,1822,0,0,0,0,0,1850,0,0,28,28,0,1822,10,10,201,197,4,1649,6,10,992,992,0,858,0,0,0.010749160128525403
primary,acs_income,mlp,1002,soft,occupation,1887,False,1080,1080,0,807,0,0,504,501,3,1383,8,11,0,0,0,1887,0,0,0,0,0,1887,0,0,1,1,0,1886,11,11,504,501,3,1383,8,11,1080,1080,0,807,0,0,0.0394976841882306
primary,acs_income,mlp,1002,soft,education,1847,True,1443,1443,0,404,0,0,314,312,2,1533,3,5,0,0,0,1847,0,0,0,0,0,1847,0,0,1,1,0,1846,5,5,314,312,2,1533,3,5,1443,1443,0,404,0,0,0.030209633008977842
primary,acs_income,mlp,1002,soft,hours,1800,True,1197,1196,1,603,2,3,318,315,3,1482,7,10,0,0,0,1800,0,0,3,3,0,1797,0,0,4,4,0,1796,10,10,321,318,3,1479,7,10,1199,1198,1,601,2,3,0.03464676066743521
signed_primary,acs_income,mlp,1002,soft,education,1847,True,1443,1443,0,404,0,0,314,312,2,1533,3,5,0,0,0,1847,0,0,0,0,0,1847,0,0,1,1,0,1846,5,5,314,312,2,1533,3,5,1443,1443,0,404,0,0,0.030209633008977842
signed_primary,acs_income,mlp,1002,soft,hours,1800,True,1197,1196,1,603,2,3,318,315,3,1482,7,10,0,0,0,1800,0,0,3,3,0,1797,0,0,4,4,0,1796,10,10,321,318,3,1479,7,10,1199,1198,1,601,2,3,0.03464676066743521
primary,acs_income,mlp,1003,soft,work_class,1789,False,1240,1239,1,549,0,1,83,78,5,1706,4,9,156,156,0,1633,0,0,0,0,0,1789,0,0,156,155,1,1633,8,9,232,227,5,1557,4,9,1240,1239,1,549,0,1,0.01359311604238008
primary,acs_income,mlp,1003,soft,household,1850,False,1422,1419,3,428,1,4,242,235,7,1608,3,10,42,42,0,1808,0,0,0,0,0,1850,0,0,46,46,0,1804,10,10,281,274,7,1569,3,10,1422,1419,3,428,1,4,0.014989726340117146
primary,acs_income,mlp,1003,soft,occupation,1887,False,1111,1110,1,776,0,1,449,441,8,1438,10,18,0,0,0,1887,0,0,0,0,0,1887,0,0,0,0,0,1887,18,18,449,441,8,1438,10,18,1111,1110,1,776,0,1,0.0812007927652759
primary,acs_income,mlp,1003,soft,education,1847,True,1479,1472,7,368,0,7,287,284,3,1560,4,7,0,0,0,1847,0,0,0,0,0,1847,0,0,2,2,0,1845,7,7,287,284,3,1560,4,7,1479,1472,7,368,0,7,0.03411207976899227
primary,acs_income,mlp,1003,soft,hours,1800,True,1396,1380,16,404,5,21,331,328,3,1469,5,8,1,1,0,1799,0,0,3,3,0,1797,0,0,10,10,0,1790,8,8,334,331,3,1466,5,8,1396,1380,16,404,5,21,0.03792343251717544
signed_primary,acs_income,mlp,1003,soft,education,1847,True,1479,1472,7,368,0,7,287,284,3,1560,4,7,0,0,0,1847,0,0,0,0,0,1847,0,0,2,2,0,1845,7,7,287,284,3,1560,4,7,1479,1472,7,368,0,7,0.03411207976899227
signed_primary,acs_income,mlp,1003,soft,hours,1800,True,1396,1380,16,404,5,21,331,328,3,1469,5,8,1,1,0,1799,0,0,3,3,0,1797,0,0,10,10,0,1790,8,8,334,331,3,1466,5,8,1396,1380,16,404,5,21,0.03792343251717544
primary,acs_income,mlp,1004,soft,work_class,1789,False,983,983,0,806,0,0,38,37,1,1751,8,9,117,117,0,1672,0,0,0,0,0,1789,0,0,117,115,2,1672,7,9,155,152,3,1634,6,9,983,983,0,806,0,0,0.01796227931365826
primary,acs_income,mlp,1004,soft,household,1850,False,1095,1094,1,755,0,1,145,136,9,1705,5,14,35,35,0,1815,0,0,0,0,0,1850,0,0,35,35,0,1815,14,14,180,171,9,1670,5,14,1095,1094,1,755,0,1,0.019484734444997685
primary,acs_income,mlp,1004,soft,occupation,1887,False,1365,1365,0,522,0,0,374,363,11,1513,9,20,0,0,0,1887,0,0,0,0,0,1887,0,0,4,4,0,1883,20,20,374,363,11,1513,9,20,1365,1365,0,522,0,0,0.034511484191995755
primary,acs_income,mlp,1004,soft,education,1847,True,1207,1207,0,640,0,0,256,251,5,1591,5,10,0,0,0,1847,0,0,0,0,0,1847,0,0,0,0,0,1847,10,10,256,251,5,1591,5,10,1207,1207,0,640,0,0,0.0353554280640529
primary,acs_income,mlp,1004,soft,hours,1800,True,1268,1263,5,532,2,7,311,306,5,1489,4,9,1,1,0,1799,0,0,3,3,0,1797,2,2,7,7,0,1793,11,11,314,307,7,1486,4,11,1268,1261,7,532,2,9,0.03818038928019224
signed_primary,acs_income,mlp,1004,soft,education,1847,True,1207,1207,0,640,0,0,256,251,5,1591,5,10,0,0,0,1847,0,0,0,0,0,1847,0,0,0,0,0,1847,10,10,256,251,5,1591,5,10,1207,1207,0,640,0,0,0.0353554280640529
signed_primary,acs_income,mlp,1004,soft,hours,1800,True,1268,1263,5,532,2,7,311,306,5,1489,4,9,1,1,0,1799,0,0,3,3,0,1797,2,2,7,7,0,1793,11,11,314,307,7,1486,4,11,1268,1261,7,532,2,9,0.03818038928019224
primary,acs_income,mlp,1005,soft,work_class,1789,False,998,998,0,791,0,0,60,60,0,1729,4,4,39,39,0,1750,0,0,0,0,0,1789,0,0,38,37,1,1751,3,4,96,95,1,1693,3,4,998,998,0,791,0,0,0.024566276620802716
primary,acs_income,mlp,1005,soft,household,1850,False,1302,1301,1,548,0,1,150,146,4,1700,2,6,46,46,0,1804,0,0,0,0,0,1850,0,0,47,47,0,1803,6,6,194,190,4,1656,2,6,1302,1301,1,548,0,1,0.03968558437546439
primary,acs_income,mlp,1005,soft,occupation,1887,False,1013,1013,0,874,1,1,388,385,3,1499,0,3,0,0,0,1887,0,0,0,0,0,1887,0,0,0,0,0,1887,3,3,388,385,3,1499,0,3,1013,1013,0,874,1,1,0.055529392684797445
primary,acs_income,mlp,1005,soft,education,1847,True,1496,1496,0,351,0,0,279,279,0,1568,7,7,0,0,0,1847,0,0,0,0,0,1847,0,0,5,5,0,1842,7,7,279,279,0,1568,7,7,1496,1496,0,351,0,0,0.08035884697012732
primary,acs_income,mlp,1005,soft,hours,1800,True,1391,1384,7,409,0,7,324,317,7,1476,7,14,6,6,0,1794,0,0,8,8,0,1792,3,3,14,14,0,1786,17,17,332,325,7,1468,10,17,1391,1381,10,409,0,10,0.080779280055171
signed_primary,acs_income,mlp,1005,soft,education,1847,True,1496,1496,0,351,0,0,279,279,0,1568,7,7,0,0,0,1847,0,0,0,0,0,1847,0,0,5,5,0,1842,7,7,279,279,0,1568,7,7,1496,1496,0,351,0,0,0.08035884697012732
signed_primary,acs_income,mlp,1005,soft,hours,1800,True,1391,1384,7,409,0,7,324,317,7,1476,7,14,6,6,0,1794,0,0,8,8,0,1792,3,3,14,14,0,1786,17,17,332,325,7,1468,10,17,1391,1381,10,409,0,10,0.080779280055171
primary,acs_income,mlp,1006,soft,work_class,1789,False,830,830,0,959,0,0,77,76,1,1712,4,5,15,15,0,1774,0,0,0,0,0,1789,0,0,15,15,0,1774,5,5,91,90,1,1698,4,5,830,830,0,959,0,0,0.013393034128320665
primary,acs_income,mlp,1006,soft,household,1850,False,859,859,0,991,0,0,126,124,2,1724,3,5,32,32,0,1818,0,0,0,0,0,1850,0,0,32,32,0,1818,5,5,158,156,2,1692,3,5,859,859,0,991,0,0,0.014277547770675518
primary,acs_income,mlp,1006,soft,occupation,1887,False,908,908,0,979,0,0,460,455,5,1427,3,8,0,0,0,1887,0,0,0,0,0,1887,0,0,0,0,0,1887,8,8,460,455,5,1427,3,8,908,908,0,979,0,0,0.02344863141105745
primary,acs_income,mlp,1006,soft,education,1847,True,1074,1071,3,773,0,3,330,328,2,1517,4,6,0,0,0,1847,0,0,0,0,0,1847,0,0,1,1,0,1846,6,6,330,328,2,1517,4,6,1074,1071,3,773,0,3,0.04160160135418615
primary,acs_income,mlp,1006,soft,hours,1800,True,1027,1027,0,773,0,0,352,349,3,1448,2,5,3,3,0,1797,0,0,11,11,0,1789,0,0,11,11,0,1789,5,5,363,360,3,1437,2,5,1028,1028,0,772,0,0,0.03144593345772628
signed_primary,acs_income,mlp,1006,soft,education,1847,True,1074,1071,3,773,0,3,330,328,2,1517,4,6,0,0,0,1847,0,0,0,0,0,1847,0,0,1,1,0,1846,6,6,330,328,2,1517,4,6,1074,1071,3,773,0,3,0.04160160135418615
signed_primary,acs_income,mlp,1006,soft,hours,1800,True,1027,1027,0,773,0,0,352,349,3,1448,2,5,3,3,0,1797,0,0,11,11,0,1789,0,0,11,11,0,1789,5,5,363,360,3,1437,2,5,1028,1028,0,772,0,0,0.03144593345772628
primary,acs_income,mlp,1007,soft,work_class,1789,False,1104,1104,0,685,0,0,70,70,0,1719,5,5,73,73,0,1716,0,0,0,0,0,1789,0,0,75,73,2,1714,3,5,136,134,2,1653,3,5,1104,1104,0,685,0,0,0.023059196171484775
primary,acs_income,mlp,1007,soft,household,1850,False,1650,1650,0,200,0,0,206,204,2,1644,3,5,52,52,0,1798,0,0,0,0,0,1850,0,0,53,53,0,1797,5,5,255,253,2,1595,3,5,1650,1650,0,200,0,0,0.02009492478890795
primary,acs_income,mlp,1007,soft,occupation,1887,False,1291,1290,1,596,0,1,440,436,4,1447,9,13,0,0,0,1887,0,0,0,0,0,1887,0,0,2,2,0,1885,13,13,440,436,4,1447,9,13,1291,1290,1,596,0,1,0.06838713816501904
primary,acs_income,mlp,1007,soft,education,1847,True,1559,1559,0,288,0,0,263,260,3,1584,6,9,0,0,0,1847,0,0,0,0,0,1847,0,0,16,16,0,1831,9,9,263,260,3,1584,6,9,1559,1559,0,288,0,0,0.035542537672726304
primary,acs_income,mlp,1007,soft,hours,1800,True,1247,1237,10,553,0,10,321,314,7,1479,5,12,1,1,0,1799,0,0,2,2,0,1798,0,0,3,3,0,1797,12,12,323,316,7,1477,5,12,1247,1237,10,553,0,10,0.03919688273554459
signed_primary,acs_income,mlp,1007,soft,education,1847,True,1559,1559,0,288,0,0,263,260,3,1584,6,9,0,0,0,1847,0,0,0,0,0,1847,0,0,16,16,0,1831,9,9,263,260,3,1584,6,9,1559,1559,0,288,0,0,0.035542537672726304
signed_primary,acs_income,mlp,1007,soft,hours,1800,True,1247,1237,10,553,0,10,321,314,7,1479,5,12,1,1,0,1799,0,0,2,2,0,1798,0,0,3,3,0,1797,12,12,323,316,7,1477,5,12,1247,1237,10,553,0,10,0.03919688273554459
primary,acs_income,mlp,1008,soft,work_class,1789,False,1077,1077,0,712,0,0,44,43,1,1745,7,8,133,133,0,1656,0,0,0,0,0,1789,0,0,133,133,0,1656,8,8,166,165,1,1623,7,8,1077,1077,0,712,0,0,0.006773768155793956
primary,acs_income,mlp,1008,soft,household,1850,False,1128,1127,1,722,0,1,112,110,2,1738,10,12,53,53,0,1797,0,0,0,0,0,1850,0,0,53,53,0,1797,12,12,163,161,2,1687,10,12,1128,1127,1,722,0,1,0.02181031154278196
primary,acs_income,mlp,1008,soft,occupation,1887,False,1134,1132,2,753,0,2,422,414,8,1465,3,11,0,0,0,1887,0,0,0,0,0,1887,0,0,1,1,0,1886,11,11,422,414,8,1465,3,11,1134,1132,2,753,0,2,0.0332233664593386
primary,acs_income,mlp,1008,soft,education,1847,True,1372,1366,6,475,0,6,310,308,2,1537,2,4,0,0,0,1847,0,0,0,0,0,1847,0,0,3,3,0,1844,4,4,310,308,2,1537,2,4,1372,1366,6,475,0,6,0.036698347333146704
primary,acs_income,mlp,1008,soft,hours,1800,True,1197,1196,1,603,1,2,307,302,5,1493,5,10,0,0,0,1800,0,0,4,4,0,1796,0,0,5,5,0,1795,10,10,311,306,5,1489,5,10,1197,1196,1,603,1,2,0.04262542443808731
signed_primary,acs_income,mlp,1008,soft,education,1847,True,1372,1366,6,475,0,6,310,308,2,1537,2,4,0,0,0,1847,0,0,0,0,0,1847,0,0,3,3,0,1844,4,4,310,308,2,1537,2,4,1372,1366,6,475,0,6,0.036698347333146704
signed_primary,acs_income,mlp,1008,soft,hours,1800,True,1197,1196,1,603,1,2,307,302,5,1493,5,10,0,0,0,1800,0,0,4,4,0,1796,0,0,5,5,0,1795,10,10,311,306,5,1489,5,10,1197,1196,1,603,1,2,0.04262542443808731
primary,acs_income,mlp,1009,soft,work_class,1789,False,790,790,0,999,0,0,73,72,1,1716,2,3,21,21,0,1768,0,0,0,0,0,1789,0,0,20,20,0,1769,3,3,93,92,1,1696,2,3,790,790,0,999,0,0,0.02770631828326553
primary,acs_income,mlp,1009,soft,household,1850,False,979,979,0,871,0,0,137,136,1,1713,5,6,28,28,0,1822,0,0,0,0,0,1850,0,0,28,28,0,1822,6,6,165,164,1,1685,5,6,979,979,0,871,0,0,0.033725714689032134
primary,acs_income,mlp,1009,soft,occupation,1887,False,1056,1056,0,831,0,0,444,432,12,1443,7,19,0,0,0,1887,0,0,0,0,0,1887,0,0,0,0,0,1887,19,19,444,432,12,1443,7,19,1056,1056,0,831,0,0,0.07508876677811145
primary,acs_income,mlp,1009,soft,education,1847,True,1242,1242,0,605,0,0,323,321,2,1524,8,10,0,0,0,1847,0,0,0,0,0,1847,0,0,4,4,0,1843,10,10,323,321,2,1524,8,10,1242,1242,0,605,0,0,0.07162454754766534
primary,acs_income,mlp,1009,soft,hours,1800,True,1153,1153,0,647,1,1,307,304,3,1493,1,4,0,0,0,1800,0,0,3,3,0,1797,3,3,8,8,0,1792,7,7,310,307,3,1490,4,7,1154,1152,2,646,2,4,0.0827839723663287
signed_primary,acs_income,mlp,1009,soft,education,1847,True,1242,1242,0,605,0,0,323,321,2,1524,8,10,0,0,0,1847,0,0,0,0,0,1847,0,0,4,4,0,1843,10,10,323,321,2,1524,8,10,1242,1242,0,605,0,0,0.07162454754766534
signed_primary,acs_income,mlp,1009,soft,hours,1800,True,1153,1153,0,647,1,1,307,304,3,1493,1,4,0,0,0,1800,0,0,3,3,0,1797,3,3,8,8,0,1792,7,7,310,307,3,1490,4,7,1154,1152,2,646,2,4,0.0827839723663287
primary,acs_employment_sex,mlp,1000,soft,education,1875,True,1465,1438,27,410,3,30,164,145,19,1711,50,69,60,60,0,1815,0,0,126,125,1,1749,1,2,134,128,6,1741,65,71,277,252,25,1598,46,71,1483,1454,29,392,3,32,0.04895608599387492
primary,acs_employment_sex,mlp,1000,soft,household,1806,False,1499,1221,278,307,43,321,207,182,25,1599,40,65,158,158,0,1648,2,2,0,0,0,1806,0,0,168,157,11,1638,56,67,345,312,33,1461,34,67,1499,1221,278,307,43,321,0.027301997482889095
primary,acs_employment_sex,mlp,1000,soft,mobility,1657,False,1290,1190,100,367,19,119,112,105,7,1545,22,29,139,138,1,1518,0,1,0,0,0,1657,0,0,142,138,4,1515,26,30,245,234,11,1412,19,30,1290,1190,100,367,19,119,0.03278366019288986
primary,acs_employment_sex,mlp,1000,soft,military,1572,False,1403,1314,89,169,10,99,69,67,2,1503,21,23,446,445,1,1126,1,2,0,0,0,1572,0,0,450,440,10,1122,15,25,497,485,12,1075,13,25,1403,1314,89,169,10,99,0.023224526645081168
primary,acs_employment_sex,mlp,1000,soft,grandchildren,1208,False,1046,985,61,162,13,74,104,96,8,1104,13,21,138,138,0,1070,4,4,0,0,0,1208,0,0,143,138,5,1065,20,25,238,225,13,970,12,25,1046,985,61,162,13,74,0.04458825245848594
signed_primary,acs_employment_sex,mlp,1000,soft,education,1875,True,1465,1438,27,410,3,30,164,145,19,1711,50,69,60,60,0,1815,0,0,126,125,1,1749,1,2,134,128,6,1741,65,71,277,252,25,1598,46,71,1483,1454,29,392,3,32,0.04895608599387492
primary,acs_employment_sex,mlp,1001,soft,education,1875,True,1421,1395,26,454,8,34,124,109,15,1751,34,49,116,116,0,1759,0,0,217,213,4,1658,7,11,219,205,14,1656,46,60,328,298,30,1547,30,60,1444,1409,35,431,8,43,0.04100623547340122
primary,acs_employment_sex,mlp,1001,soft,household,1806,False,1739,1459,280,67,15,295,139,114,25,1667,32,57,330,330,0,1476,5,5,0,0,0,1806,0,0,348,323,25,1458,37,62,442,400,42,1364,20,62,1739,1459,280,67,15,295,0.02969035587727711
primary,acs_employment_sex,mlp,1001,soft,mobility,1657,False,1231,1094,137,426,47,184,120,100,20,1537,36,56,60,60,0,1597,0,0,0,0,0,1657,0,0,63,58,5,1594,51,56,178,155,23,1479,33,56,1231,1094,137,426,47,184,0.03568234075469086
primary,acs_employment_sex,mlp,1001,soft,military,1572,False,1406,1282,124,166,6,130,104,90,14,1468,37,51,182,182,0,1390,0,0,0,0,0,1572,0,0,191,177,14,1381,37,51,278,255,23,1294,28,51,1406,1282,124,166,6,130,0.05457192779798318
primary,acs_employment_sex,mlp,1001,soft,grandchildren,1208,False,1016,983,33,192,8,41,66,56,10,1142,18,28,191,190,1,1017,0,1,0,0,0,1208,0,0,192,186,6,1016,23,29,250,234,16,958,13,29,1016,983,33,192,8,41,0.03403441076469842
signed_primary,acs_employment_sex,mlp,1001,soft,education,1875,True,1421,1395,26,454,8,34,124,109,15,1751,34,49,116,116,0,1759,0,0,217,213,4,1658,7,11,219,205,14,1656,46,60,328,298,30,1547,30,60,1444,1409,35,431,8,43,0.04100623547340122
primary,acs_employment_sex,mlp,1002,soft,education,1875,True,1339,1327,12,536,2,14,148,138,10,1727,27,37,15,15,0,1860,0,0,23,23,0,1852,0,0,25,24,1,1850,36,37,171,161,10,1704,27,37,1343,1331,12,532,2,14,0.03794592722974764
primary,acs_employment_sex,mlp,1002,soft,household,1806,False,1703,1598,105,103,13,118,106,92,14,1700,23,37,295,295,0,1511,0,0,0,0,0,1806,0,0,302,294,8,1504,29,37,373,352,21,1433,16,37,1703,1598,105,103,13,118,0.031629144377349074
primary,acs_employment_sex,mlp,1002,soft,mobility,1657,False,1378,1327,51,279,6,57,121,114,7,1536,25,32,82,82,0,1575,1,1,0,0,0,1657,0,0,83,81,2,1574,31,33,203,194,9,1454,24,33,1378,1327,51,279,6,57,0.038556476919254935
primary,acs_employment_sex,mlp,1002,soft,military,1572,False,1304,1204,100,268,14,114,82,78,4,1490,20,24,257,257,0,1315,0,0,0,0,0,1572,0,0,266,260,6,1306,18,24,313,304,9,1259,15,24,1304,1204,100,268,14,114,0.06393654141686206
primary,acs_employment_sex,mlp,1002,soft,grandchildren,1208,False,1013,986,27,195,10,37,51,50,1,1157,16,17,122,122,0,1086,0,0,0,0,0,1208,0,0,126,124,2,1082,15,17,171,168,3,1037,14,17,1013,986,27,195,10,37,0.02606216787966535
signed_primary,acs_employment_sex,mlp,1002,soft,education,1875,True,1339,1327,12,536,2,14,148,138,10,1727,27,37,15,15,0,1860,0,0,23,23,0,1852,0,0,25,24,1,1850,36,37,171,161,10,1704,27,37,1343,1331,12,532,2,14,0.03794592722974764
primary,acs_employment_sex,mlp,1003,soft,education,1875,True,1248,1234,14,627,6,20,124,114,10,1751,18,28,20,20,0,1855,0,0,104,103,1,1771,1,2,105,101,4,1770,26,30,219,206,13,1656,17,30,1266,1251,15,609,7,22,0.03419935856960694
primary,acs_employment_sex,mlp,1003,soft,household,1806,False,1480,1412,68,326,34,102,118,111,7,1688,22,29,144,144,0,1662,5,5,0,0,0,1806,0,0,146,141,5,1660,29,34,253,242,11,1553,23,34,1480,1412,68,326,34,102,0.028625069604672187
primary,acs_employment_sex,mlp,1003,soft,mobility,1657,False,1301,1248,53,356,20,73,88,81,7,1569,12,19,114,114,0,1543,1,1,0,0,0,1657,0,0,118,118,0,1539,20,20,200,193,7,1457,13,20,1301,1248,53,356,20,73,0.029108796263361828
primary,acs_employment_sex,mlp,1003,soft,military,1572,False,1490,1442,48,82,1,49,84,74,10,1488,14,24,664,663,1,908,1,2,0,0,0,1572,0,0,671,656,15,901,11,26,707,686,21,865,5,26,1490,1442,48,82,1,49,0.023821422776364835
primary,acs_employment_sex,mlp,1003,soft,grandchildren,1208,False,995,984,11,213,4,15,60,56,4,1148,10,14,145,145,0,1063,0,0,0,0,0,1208,0,0,148,146,2,1060,12,14,200,195,5,1008,9,14,995,984,11,213,4,15,0.030515959438775955
signed_primary,acs_employment_sex,mlp,1003,soft,education,1875,True,1248,1234,14,627,6,20,124,114,10,1751,18,28,20,20,0,1855,0,0,104,103,1,1771,1,2,105,101,4,1770,26,30,219,206,13,1656,17,30,1266,1251,15,609,7,22,0.03419935856960694
primary,acs_employment_sex,mlp,1004,soft,education,1875,True,1372,1352,20,503,6,26,114,110,4,1761,17,21,43,43,0,1832,1,1,106,105,1,1769,6,7,111,107,4,1764,24,28,211,203,8,1664,20,28,1384,1359,25,491,7,32,0.04297634686626408
primary,acs_employment_sex,mlp,1004,soft,household,1806,False,1459,1360,99,347,27,126,173,159,14,1633,13,27,38,38,0,1768,7,7,0,0,0,1806,0,0,47,45,2,1759,32,34,208,193,15,1598,19,34,1459,1360,99,347,27,126,0.03336795347381031
primary,acs_employment_sex,mlp,1004,soft,mobility,1657,False,1312,1248,64,345,13,77,121,118,3,1536,20,23,106,106,0,1551,0,0,0,0,0,1657,0,0,108,107,1,1549,22,23,224,220,4,1433,19,23,1312,1248,64,345,13,77,0.03692428916856735
primary,acs_employment_sex,mlp,1004,soft,military,1572,False,1391,1370,21,181,6,27,92,88,4,1480,11,15,164,164,0,1408,3,3,0,0,0,1572,0,0,176,173,3,1396,15,18,248,242,6,1324,12,18,1391,1370,21,181,6,27,0.032168088029488576
primary,acs_employment_sex,mlp,1004,soft,grandchildren,1208,False,1059,1052,7,149,3,10,60,57,3,1148,7,10,189,189,0,1019,0,0,0,0,0,1208,0,0,192,187,5,1016,5,10,235,229,6,973,4,10,1059,1052,7,149,3,10,0.02985618374544908
signed_primary,acs_employment_sex,mlp,1004,soft,education,1875,True,1372,1352,20,503,6,26,114,110,4,1761,17,21,43,43,0,1832,1,1,106,105,1,1769,6,7,111,107,4,1764,24,28,211,203,8,1664,20,28,1384,1359,25,491,7,32,0.04297634686626408
primary,acs_employment_sex,mlp,1005,soft,education,1875,True,1399,1345,54,476,21,75,118,98,20,1757,46,66,92,92,0,1783,0,0,257,257,0,1618,3,3,259,247,12,1616,57,69,363,331,32,1512,37,69,1421,1361,60,454,18,78,0.037586169088375226
primary,acs_employment_sex,mlp,1005,soft,household,1806,False,1606,1329,277,200,49,326,187,151,36,1619,52,88,95,95,0,1711,4,4,0,0,0,1806,0,0,98,95,3,1708,89,92,270,230,40,1536,52,92,1606,1329,277,200,49,326,0.0303324483616013
primary,acs_employment_sex,mlp,1005,soft,mobility,1657,False,1276,1224,52,381,13,65,208,196,12,1449,22,34,43,43,0,1614,1,1,0,0,0,1657,0,0,47,46,1,1610,34,35,249,236,13,1408,22,35,1276,1224,52,381,13,65,0.061187780843170655
primary,acs_employment_sex,mlp,1005,soft,military,1572,False,1259,1170,89,313,19,108,64,60,4,1508,12,16,265,265,0,1307,4,4,0,0,0,1572,0,0,269,265,4,1303,16,20,308,300,8,1264,12,20,1259,1170,89,313,19,108,0.024488225422394275
primary,acs_employment_sex,mlp,1005,soft,grandchildren,1208,False,959,940,19,249,3,22,61,60,1,1147,9,10,88,88,0,1120,0,0,0,0,0,1208,0,0,89,87,2,1119,8,10,144,141,3,1064,7,10,959,940,19,249,3,22,0.027266154739571363
signed_primary,acs_employment_sex,mlp,1005,soft,education,1875,True,1399,1345,54,476,21,75,118,98,20,1757,46,66,92,92,0,1783,0,0,257,257,0,1618,3,3,259,247,12,1616,57,69,363,331,32,1512,37,69,1421,1361,60,454,18,78,0.037586169088375226
primary,acs_employment_sex,mlp,1006,soft,education,1875,True,1499,1461,38,376,8,46,211,203,8,1664,33,41,33,33,0,1842,0,0,66,60,6,1809,2,8,69,63,6,1806,43,49,269,255,14,1606,35,49,1507,1463,44,368,9,53,0.05000030427436212
primary,acs_employment_sex,mlp,1006,soft,household,1806,False,1406,1314,92,400,26,118,204,198,6,1602,12,18,156,156,0,1650,5,5,0,0,0,1806,0,0,165,164,1,1641,21,22,345,337,8,1461,14,22,1406,1314,92,400,26,118,0.04179442998591368
primary,acs_employment_sex,mlp,1006,soft,mobility,1657,False,1290,1237,53,367,21,74,156,155,1,1501,13,14,86,86,0,1571,2,2,0,0,0,1657,0,0,94,94,0,1563,16,16,237,236,1,1420,15,16,1290,1237,53,367,21,74,0.04193665654393865
primary,acs_employment_sex,mlp,1006,soft,military,1572,False,1386,1349,37,186,8,45,90,90,0,1482,14,14,454,454,0,1118,1,1,0,0,0,1572,0,0,457,453,4,1115,11,15,513,509,4,1059,11,15,1386,1349,37,186,8,45,0.035921716176662705
primary,acs_employment_sex,mlp,1006,soft,grandchildren,1208,False,1059,1017,42,149,5,47,95,95,0,1113,8,8,241,241,0,967,0,0,0,0,0,1208,0,0,243,243,0,965,8,8,322,322,0,886,8,8,1059,1017,42,149,5,47,0.04114197764486382
signed_primary,acs_employment_sex,mlp,1006,soft,education,1875,True,1499,1461,38,376,8,46,211,203,8,1664,33,41,33,33,0,1842,0,0,66,60,6,1809,2,8,69,63,6,1806,43,49,269,255,14,1606,35,49,1507,1463,44,368,9,53,0.05000030427436212
primary,acs_employment_sex,mlp,1007,soft,education,1875,True,1662,1634,28,213,6,34,142,131,11,1733,31,42,180,180,0,1695,0,0,351,351,0,1524,0,0,356,343,13,1519,29,42,460,436,24,1415,18,42,1689,1660,29,186,5,34,0.05052516498165614
primary,acs_employment_sex,mlp,1007,soft,household,1806,False,1522,1454,68,284,15,83,176,160,16,1630,19,35,217,217,0,1589,0,0,0,0,0,1806,0,0,232,227,5,1574,30,35,369,348,21,1437,14,35,1522,1454,68,284,15,83,0.04466535055977105
primary,acs_employment_sex,mlp,1007,soft,mobility,1657,False,1391,1361,30,266,4,34,109,104,5,1548,16,21,202,202,0,1455,0,0,0,0,0,1657,0,0,212,207,5,1445,16,21,302,293,9,1355,12,21,1391,1361,30,266,4,34,0.0347995043238308
primary,acs_employment_sex,mlp,1007,soft,military,1572,False,1487,1470,17,85,0,17,102,97,5,1470,15,20,482,482,0,1090,2,2,0,0,0,1572,0,0,494,492,2,1078,20,22,540,534,6,1032,16,22,1487,1470,17,85,0,17,0.044188489946035574
primary,acs_employment_sex,mlp,1007,soft,grandchildren,1208,False,1030,1020,10,178,2,12,75,66,9,1133,12,21,151,151,0,1057,0,0,0,0,0,1208,0,0,152,149,3,1056,18,21,215,205,10,993,11,21,1030,1020,10,178,2,12,0.0383725085145121
signed_primary,acs_employment_sex,mlp,1007,soft,education,1875,True,1662,1634,28,213,6,34,142,131,11,1733,31,42,180,180,0,1695,0,0,351,351,0,1524,0,0,356,343,13,1519,29,42,460,436,24,1415,18,42,1689,1660,29,186,5,34,0.05052516498165614
primary,acs_employment_sex,mlp,1008,soft,education,1875,True,1486,1485,1,389,0,1,113,92,21,1762,53,74,95,95,0,1780,0,0,242,242,0,1633,0,0,248,234,14,1627,60,74,344,314,30,1531,44,74,1520,1519,1,355,0,1,0.03730999600263655
primary,acs_employment_sex,mlp,1008,soft,household,1806,False,1571,1510,61,235,6,67,160,137,23,1646,31,54,236,236,0,1570,1,1,0,0,0,1806,0,0,241,222,19,1565,36,55,371,335,36,1435,19,55,1571,1510,61,235,6,67,0.032579672328575005
primary,acs_employment_sex,mlp,1008,soft,mobility,1657,False,1311,1238,73,346,16,89,149,121,28,1508,46,74,81,81,0,1576,0,0,0,0,0,1657,0,0,93,90,3,1564,71,74,228,198,30,1429,44,74,1311,1238,73,346,16,89,0.03967913747627943
primary,acs_employment_sex,mlp,1008,soft,military,1572,False,1445,1435,10,127,1,11,58,55,3,1514,18,21,503,502,1,1069,0,1,0,0,0,1572,0,0,507,496,11,1065,11,22,535,522,13,1037,9,22,1445,1435,10,127,1,11,0.024040382812991774
primary,acs_employment_sex,mlp,1008,soft,grandchildren,1208,False,1030,1023,7,178,2,9,76,68,8,1132,7,15,125,125,0,1083,0,0,0,0,0,1208,0,0,131,129,2,1077,13,15,197,187,10,1011,5,15,1030,1023,7,178,2,9,0.03905024874010966
signed_primary,acs_employment_sex,mlp,1008,soft,education,1875,True,1486,1485,1,389,0,1,113,92,21,1762,53,74,95,95,0,1780,0,0,242,242,0,1633,0,0,248,234,14,1627,60,74,344,314,30,1531,44,74,1520,1519,1,355,0,1,0.03730999600263655
primary,acs_employment_sex,mlp,1009,soft,education,1875,True,1296,1295,1,579,0,1,143,102,41,1732,45,86,6,6,0,1869,0,0,25,25,0,1850,0,0,31,27,4,1844,82,86,168,126,42,1707,44,86,1302,1301,1,573,0,1,0.046421743255096425
primary,acs_employment_sex,mlp,1009,soft,household,1806,False,1509,1398,111,297,30,141,102,98,4,1704,16,20,149,149,0,1657,2,2,0,0,0,1806,0,0,151,149,2,1655,20,22,243,237,6,1563,16,22,1509,1398,111,297,30,141,0.017010962253833754
primary,acs_employment_sex,mlp,1009,soft,mobility,1657,False,1246,1214,32,411,4,36,112,108,4,1545,25,29,68,68,0,1589,3,3,0,0,0,1657,0,0,69,68,1,1588,31,32,179,174,5,1478,27,32,1246,1214,32,411,4,36,0.04436854139770467
primary,acs_employment_sex,mlp,1009,soft,military,1572,False,1304,1280,24,268,3,27,66,56,10,1506,36,46,254,254,0,1318,0,0,0,0,0,1572,0,0,256,245,11,1316,35,46,305,285,20,1267,26,46,1304,1280,24,268,3,27,0.031130982128155512
primary,acs_employment_sex,mlp,1009,soft,grandchildren,1208,False,1010,983,27,198,3,30,62,53,9,1146,23,32,124,124,0,1084,0,0,0,0,0,1208,0,0,125,117,8,1083,24,32,184,168,16,1024,16,32,1010,983,27,198,3,30,0.031772177499972167
signed_primary,acs_employment_sex,mlp,1009,soft,education,1875,True,1296,1295,1,579,0,1,143,102,41,1732,45,86,6,6,0,1869,0,0,25,25,0,1850,0,0,31,27,4,1844,82,86,168,126,42,1707,44,86,1302,1301,1,573,0,1,0.046421743255096425
primary,acs_employment_age,mlp,1000,soft,education,1444,True,1407,1395,12,37,0,12,352,337,15,1092,2,17,37,37,0,1407,0,0,40,39,1,1404,0,1,45,44,1,1399,17,18,391,375,16,1053,2,18,1409,1396,13,35,0,13,0.018859595187557185
primary,acs_employment_age,mlp,1000,soft,household,1477,False,1358,1332,26,119,4,30,278,273,5,1199,1,6,96,96,0,1381,0,0,0,0,0,1477,0,0,111,111,0,1366,6,6,372,367,5,1105,1,6,1358,1332,26,119,4,30,0.030235979896415112
primary,acs_employment_age,mlp,1000,soft,mobility,1286,False,863,860,3,423,5,8,43,42,1,1243,0,1,46,46,0,1240,0,0,0,0,0,1286,0,0,46,46,0,1240,1,1,89,88,1,1197,0,1,863,860,3,423,5,8,0.01940024708536785
primary,acs_employment_age,mlp,1000,soft,military,1191,False,942,926,16,249,4,20,316,301,15,875,3,18,55,55,0,1136,0,0,0,0,0,1191,0,0,56,56,0,1135,18,18,369,354,15,822,3,18,942,926,16,249,4,20,0.04748106421270821
primary,acs_employment_age,mlp,1000,soft,grandchildren,1095,False,749,748,1,346,3,4,80,77,3,1015,4,7,51,51,0,1044,0,0,0,0,0,1095,0,0,51,51,0,1044,7,7,131,128,3,964,4,7,749,748,1,346,3,4,0.022190978958691064
signed_primary,acs_employment_age,mlp,1000,soft,education,1444,True,1407,1395,12,37,0,12,352,337,15,1092,2,17,37,37,0,1407,0,0,40,39,1,1404,0,1,45,44,1,1399,17,18,391,375,16,1053,2,18,1409,1396,13,35,0,13,0.018859595187557185
primary,acs_employment_age,mlp,1001,soft,education,1444,True,1062,1062,0,382,0,0,307,305,2,1137,2,4,17,17,0,1427,0,0,72,71,1,1372,0,1,77,76,1,1367,4,5,378,375,3,1066,2,5,1083,1082,1,361,0,1,0.026381065769523017
primary,acs_employment_age,mlp,1001,soft,household,1477,False,1299,1295,4,178,0,4,214,214,0,1263,7,7,47,47,0,1430,0,0,0,0,0,1477,0,0,54,54,0,1423,7,7,259,259,0,1218,7,7,1299,1295,4,178,0,4,0.024531311948509157
primary,acs_employment_age,mlp,1001,soft,mobility,1286,False,661,660,1,625,5,6,61,61,0,1225,11,11,68,68,0,1218,0,0,0,0,0,1286,0,0,68,60,8,1218,3,11,128,120,8,1158,3,11,661,660,1,625,5,6,0.02299122829497597
primary,acs_employment_age,mlp,1001,soft,military,1191,False,1048,1012,36,143,16,52,334,323,11,857,1,12,110,110,0,1081,0,0,0,0,0,1191,0,0,145,144,1,1046,11,12,436,425,11,755,1,12,1048,1012,36,143,16,52,0.04710142202897242
primary,acs_employment_age,mlp,1001,soft,grandchildren,1095,False,734,731,3,361,1,4,94,92,2,1001,3,5,53,53,0,1042,0,0,0,0,0,1095,0,0,53,53,0,1042,5,5,147,145,2,948,3,5,734,731,3,361,1,4,0.023494500676805335
signed_primary,acs_employment_age,mlp,1001,soft,education,1444,True,1062,1062,0,382,0,0,307,305,2,1137,2,4,17,17,0,1427,0,0,72,71,1,1372,0,1,77,76,1,1367,4,5,378,375,3,1066,2,5,1083,1082,1,361,0,1,0.026381065769523017
primary,acs_employment_age,mlp,1002,soft,education,1444,True,1359,1353,6,85,1,7,315,315,0,1129,1,1,67,67,0,1377,0,0,71,71,0,1373,0,0,86,86,0,1358,1,1,385,385,0,1059,1,1,1359,1353,6,85,1,7,0.029319323715280073
primary,acs_employment_age,mlp,1002,soft,household,1477,False,1205,1199,6,272,1,7,181,181,0,1296,4,4,105,105,0,1372,0,0,0,0,0,1477,0,0,106,106,0,1371,4,4,282,282,0,1195,4,4,1205,1199,6,272,1,7,0.03040141383845823
primary,acs_employment_age,mlp,1002,soft,mobility,1286,False,933,927,6,353,1,7,62,58,4,1224,2,6,53,53,0,1233,0,0,0,0,0,1286,0,0,53,53,0,1233,6,6,113,109,4,1173,2,6,933,927,6,353,1,7,0.027847945808438745
primary,acs_employment_age,mlp,1002,soft,military,1191,False,938,916,22,253,5,27,139,131,8,1052,1,9,34,34,0,1157,0,0,0,0,0,1191,0,0,42,42,0,1149,9,9,173,165,8,1018,1,9,938,916,22,253,5,27,0.05518111365061901
primary,acs_employment_age,mlp,1002,soft,grandchildren,1095,False,854,847,7,241,1,8,72,72,0,1023,2,2,97,97,0,998,0,0,0,0,0,1095,0,0,100,100,0,995,2,2,160,160,0,935,2,2,854,847,7,241,1,8,0.031996114085287825
signed_primary,acs_employment_age,mlp,1002,soft,education,1444,True,1359,1353,6,85,1,7,315,315,0,1129,1,1,67,67,0,1377,0,0,71,71,0,1373,0,0,86,86,0,1358,1,1,385,385,0,1059,1,1,1359,1353,6,85,1,7,0.029319323715280073
primary,acs_employment_age,mlp,1003,soft,education,1444,True,1395,1383,12,49,1,13,400,398,2,1044,0,2,12,12,0,1432,0,0,26,26,0,1418,1,1,29,29,0,1415,3,3,426,424,2,1018,1,3,1399,1385,14,45,0,14,0.024587628091350063
primary,acs_employment_age,mlp,1003,soft,household,1477,False,1189,1161,28,288,11,39,208,207,1,1269,5,6,44,44,0,1433,1,1,0,0,0,1477,0,0,44,43,1,1433,6,7,249,247,2,1228,5,7,1189,1161,28,288,11,39,0.027129925584283895
primary,acs_employment_age,mlp,1003,soft,mobility,1286,False,769,758,11,517,7,18,57,57,0,1229,8,8,115,115,0,1171,0,0,0,0,0,1286,0,0,115,115,0,1171,8,8,165,165,0,1121,8,8,769,758,11,517,7,18,0.022582940259960674
primary,acs_employment_age,mlp,1003,soft,military,1191,False,904,884,20,287,30,50,285,283,2,906,1,3,23,23,0,1168,0,0,0,0,0,1191,0,0,23,23,0,1168,3,3,308,306,2,883,1,3,904,884,20,287,30,50,0.04432102538745791
primary,acs_employment_age,mlp,1003,soft,grandchildren,1095,False,714,710,4,381,2,6,106,106,0,989,1,1,46,46,0,1049,0,0,0,0,0,1095,0,0,46,46,0,1049,1,1,147,147,0,948,1,1,714,710,4,381,2,6,0.027573432132508315
signed_primary,acs_employment_age,mlp,1003,soft,education,1444,True,1395,1383,12,49,1,13,400,398,2,1044,0,2,12,12,0,1432,0,0,26,26,0,1418,1,1,29,29,0,1415,3,3,426,424,2,1018,1,3,1399,1385,14,45,0,14,0.024587628091350063
primary,acs_employment_age,mlp,1004,soft,education,1444,True,1356,1351,5,88,0,5,334,334,0,1110,1,1,99,99,0,1345,0,0,186,183,3,1258,0,3,201,198,3,1243,1,4,516,513,3,928,1,4,1356,1348,8,88,0,8,0.03083652226782941
primary,acs_employment_age,mlp,1004,soft,household,1477,False,1352,1335,17,125,9,26,286,286,0,1191,4,4,190,190,0,1287,0,0,0,0,0,1477,0,0,196,196,0,1281,4,4,447,447,0,1030,4,4,1352,1335,17,125,9,26,0.03551244403568772
primary,acs_employment_age,mlp,1004,soft,mobility,1286,False,922,910,12,364,7,19,126,126,0,1160,0,0,77,77,0,1209,0,0,0,0,0,1286,0,0,77,77,0,1209,0,0,201,201,0,1085,0,0,922,910,12,364,7,19,0.03708695797694399
primary,acs_employment_age,mlp,1004,soft,military,1191,False,1045,1028,17,146,1,18,368,368,0,823,2,2,117,117,0,1074,0,0,0,0,0,1191,0,0,149,149,0,1042,2,2,468,468,0,723,2,2,1045,1028,17,146,1,18,0.04653374893091078
primary,acs_employment_age,mlp,1004,soft,grandchildren,1095,False,901,896,5,194,0,5,111,111,0,984,6,6,103,103,0,992,0,0,0,0,0,1095,0,0,108,108,0,987,6,6,208,208,0,887,6,6,901,896,5,194,0,5,0.02747730957385464
signed_primary,acs_employment_age,mlp,1004,soft,education,1444,True,1356,1351,5,88,0,5,334,334,0,1110,1,1,99,99,0,1345,0,0,186,183,3,1258,0,3,201,198,3,1243,1,4,516,513,3,928,1,4,1356,1348,8,88,0,8,0.03083652226782941
primary,acs_employment_age,mlp,1005,soft,education,1444,True,1075,1072,3,369,1,4,288,286,2,1156,15,17,1,1,0,1443,0,0,2,2,0,1442,1,1,3,3,0,1441,18,18,290,288,2,1154,16,18,1076,1072,4,368,1,5,0.027005900741533737
primary,acs_employment_age,mlp,1005,soft,household,1477,False,1065,1039,26,412,10,36,156,152,4,1321,16,20,31,31,0,1446,0,0,0,0,0,1477,0,0,32,32,0,1445,20,20,187,183,4,1290,16,20,1065,1039,26,412,10,36,0.027259579914574002
primary,acs_employment_age,mlp,1005,soft,mobility,1286,False,674,670,4,612,7,11,37,35,2,1249,4,6,81,81,0,1205,0,0,0,0,0,1286,0,0,81,81,0,1205,6,6,117,115,2,1169,4,6,674,670,4,612,7,11,0.023058968172846587
primary,acs_employment_age,mlp,1005,soft,military,1191,False,912,873,39,279,5,44,208,206,2,983,3,5,36,36,0,1155,0,0,0,0,0,1191,0,0,38,38,0,1153,5,5,242,240,2,949,3,5,912,873,39,279,5,44,0.05496539237991801
primary,acs_employment_age,mlp,1005,soft,grandchildren,1095,False,910,893,17,185,1,18,85,83,2,1010,7,9,165,165,0,930,0,0,0,0,0,1095,0,0,165,164,1,930,8,9,242,239,3,853,6,9,910,893,17,185,1,18,0.024648188899495518
signed_primary,acs_employment_age,mlp,1005,soft,education,1444,True,1075,1072,3,369,1,4,288,286,2,1156,15,17,1,1,0,1443,0,0,2,2,0,1442,1,1,3,3,0,1441,18,18,290,288,2,1154,16,18,1076,1072,4,368,1,5,0.027005900741533737
primary,acs_employment_age,mlp,1006,soft,education,1444,True,1371,1358,13,73,3,16,456,455,1,988,4,5,7,7,0,1437,0,0,7,7,0,1437,1,1,8,8,0,1436,6,6,463,462,1,981,5,6,1371,1358,13,73,4,17,0.022684084130888557
primary,acs_employment_age,mlp,1006,soft,household,1477,False,1255,1233,22,222,2,24,254,253,1,1223,7,8,130,130,0,1347,0,0,0,0,0,1477,0,0,130,129,1,1347,7,8,382,380,2,1095,6,8,1255,1233,22,222,2,24,0.026307079039629613
primary,acs_employment_age,mlp,1006,soft,mobility,1286,False,750,745,5,536,1,6,67,66,1,1219,2,3,91,91,0,1195,0,0,0,0,0,1286,0,0,91,91,0,1195,3,3,155,154,1,1131,2,3,750,745,5,536,1,6,0.020208045526593898
primary,acs_employment_age,mlp,1006,soft,military,1191,False,890,865,25,301,4,29,423,423,0,768,4,4,46,46,0,1145,0,0,0,0,0,1191,0,0,48,48,0,1143,4,4,462,462,0,729,4,4,890,865,25,301,4,29,0.03654565254999308
primary,acs_employment_age,mlp,1006,soft,grandchildren,1095,False,677,676,1,418,0,1,98,97,1,997,1,2,83,83,0,1012,0,0,0,0,0,1095,0,0,83,83,0,1012,2,2,180,179,1,915,1,2,677,676,1,418,0,1,0.022549070795796565
signed_primary,acs_employment_age,mlp,1006,soft,education,1444,True,1371,1358,13,73,3,16,456,455,1,988,4,5,7,7,0,1437,0,0,7,7,0,1437,1,1,8,8,0,1436,6,6,463,462,1,981,5,6,1371,1358,13,73,4,17,0.022684084130888557
primary,acs_employment_age,mlp,1007,soft,education,1444,True,1248,1244,4,196,2,6,372,372,0,1072,11,11,0,0,0,1444,0,0,0,0,0,1444,2,2,17,17,0,1427,13,13,372,372,0,1072,13,13,1248,1242,6,196,2,8,0.023682646876914265
primary,acs_employment_age,mlp,1007,soft,household,1477,False,1440,1424,16,37,2,18,215,215,0,1262,5,5,70,70,0,1407,0,0,0,0,0,1477,0,0,82,82,0,1395,5,5,282,282,0,1195,5,5,1440,1424,16,37,2,18,0.03220761092896522
primary,acs_employment_age,mlp,1007,soft,mobility,1286,False,690,686,4,596,0,4,66,66,0,1220,3,3,48,48,0,1238,0,0,0,0,0,1286,0,0,48,48,0,1238,3,3,113,113,0,1173,3,3,690,686,4,596,0,4,0.02762717108142835
primary,acs_employment_age,mlp,1007,soft,military,1191,False,809,803,6,382,3,9,358,356,2,833,0,2,6,6,0,1185,0,0,0,0,0,1191,0,0,7,7,0,1184,2,2,364,362,2,827,0,2,809,803,6,382,3,9,0.050651555182649015
primary,acs_employment_age,mlp,1007,soft,grandchildren,1095,False,807,804,3,288,0,3,78,76,2,1017,1,3,96,96,0,999,0,0,0,0,0,1095,0,0,96,96,0,999,3,3,163,161,2,932,1,3,807,804,3,288,0,3,0.026563402779852426
signed_primary,acs_employment_age,mlp,1007,soft,education,1444,True,1248,1244,4,196,2,6,372,372,0,1072,11,11,0,0,0,1444,0,0,0,0,0,1444,2,2,17,17,0,1427,13,13,372,372,0,1072,13,13,1248,1242,6,196,2,8,0.023682646876914265
primary,acs_employment_age,mlp,1008,soft,education,1444,True,1063,1063,0,381,0,0,381,375,6,1063,4,10,0,0,0,1444,0,0,0,0,0,1444,0,0,0,0,0,1444,10,10,381,375,6,1063,4,10,1063,1063,0,381,0,0,0.017536965413127083
primary,acs_employment_age,mlp,1008,soft,household,1477,False,1283,1269,14,194,3,17,266,262,4,1211,2,6,165,165,0,1312,0,0,0,0,0,1477,0,0,167,167,0,1310,6,6,430,426,4,1047,2,6,1283,1269,14,194,3,17,0.0277585081459051
primary,acs_employment_age,mlp,1008,soft,mobility,1286,False,856,851,5,430,0,5,86,86,0,1200,3,3,59,59,0,1227,0,0,0,0,0,1286,0,0,59,59,0,1227,3,3,144,144,0,1142,3,3,856,851,5,430,0,5,0.02515572666557834
primary,acs_employment_age,mlp,1008,soft,military,1191,False,743,732,11,448,14,25,203,200,3,988,3,6,8,8,0,1183,0,0,0,0,0,1191,0,0,22,21,1,1169,5,6,211,207,4,980,2,6,743,732,11,448,14,25,0.036947849880545974
primary,acs_employment_age,mlp,1008,soft,grandchildren,1095,False,802,802,0,293,2,2,64,64,0,1031,3,3,116,116,0,979,0,0,0,0,0,1095,0,0,116,116,0,979,3,3,175,175,0,920,3,3,802,802,0,293,2,2,0.016387893550367818
signed_primary,acs_employment_age,mlp,1008,soft,education,1444,True,1063,1063,0,381,0,0,381,375,6,1063,4,10,0,0,0,1444,0,0,0,0,0,1444,0,0,0,0,0,1444,10,10,381,375,6,1063,4,10,1063,1063,0,381,0,0,0.017536965413127083
primary,acs_employment_age,mlp,1009,soft,education,1444,True,1073,1073,0,371,0,0,439,439,0,1005,4,4,0,0,0,1444,0,0,0,0,0,1444,0,0,1,1,0,1443,4,4,439,439,0,1005,4,4,1073,1073,0,371,0,0,0.019464099128283424
primary,acs_employment_age,mlp,1009,soft,household,1477,False,1312,1311,1,165,0,1,272,271,1,1205,5,6,179,179,0,1298,0,0,0,0,0,1477,0,0,184,183,1,1293,5,6,447,446,1,1030,5,6,1312,1311,1,165,0,1,0.04507848862346077
primary,acs_employment_age,mlp,1009,soft,mobility,1286,False,1057,1056,1,229,0,1,49,48,1,1237,5,6,246,246,0,1040,0,0,0,0,0,1286,0,0,246,245,1,1040,5,6,283,281,2,1003,4,6,1057,1056,1,229,0,1,0.026722683617132738
primary,acs_employment_age,mlp,1009,soft,military,1191,False,904,898,6,287,4,10,145,143,2,1046,4,6,38,38,0,1153,0,0,0,0,0,1191,0,0,38,38,0,1153,6,6,180,178,2,1011,4,6,904,898,6,287,4,10,0.05438274259444326
primary,acs_employment_age,mlp,1009,soft,grandchildren,1095,False,705,705,0,390,0,0,120,120,0,975,2,2,52,52,0,1043,0,0,0,0,0,1095,0,0,53,53,0,1042,2,2,170,170,0,925,2,2,705,705,0,390,0,0,0.03296682828757002
signed_primary,acs_employment_age,mlp,1009,soft,education,1444,True,1073,1073,0,371,0,0,439,439,0,1005,4,4,0,0,0,1444,0,0,0,0,0,1444,0,0,1,1,0,1443,4,4,439,439,0,1005,4,4,1073,1073,0,371,0,0,0.019464099128283424
primary,hmda_oh,ft,1000,soft,debt_to_income_ratio,1666,True,1298,1298,0,368,0,0,68,68,0,1598,0,0,13,13,0,1653,0,0,161,161,0,1505,0,0,161,161,0,1505,0,0,214,214,0,1452,0,0,1348,1348,0,318,0,0,0.04420804205631642
primary,hmda_oh,ft,1000,soft,ffiec_msa_md_median_family_income,1628,False,807,807,0,821,0,0,35,35,0,1593,0,0,50,50,0,1578,0,0,0,0,0,1628,0,0,50,50,0,1578,0,0,84,84,0,1544,0,0,807,807,0,821,0,0,0.01715233194545389
primary,hmda_oh,ft,1000,soft,income,1654,True,1022,1022,0,632,0,0,52,52,0,1602,1,1,53,53,0,1601,0,0,1160,1160,0,494,0,0,1160,1160,0,494,1,1,1168,1168,0,486,1,1,1445,1445,0,209,0,0,0.03058371920308259
primary,hmda_oh,ft,1000,soft,lien_status,1486,False,955,955,0,531,0,0,56,56,0,1430,0,0,6,6,0,1480,0,0,0,0,0,1486,0,0,6,6,0,1480,0,0,62,62,0,1424,0,0,955,955,0,531,0,0,0.02871467896529832
primary,hmda_oh,ft,1000,soft,loan_amount,1585,False,1241,1241,0,344,0,0,56,56,0,1529,0,0,31,31,0,1554,0,0,0,0,0,1585,0,0,31,31,0,1554,0,0,87,87,0,1498,0,0,1241,1241,0,344,0,0,0.03134124265998911
primary,hmda_oh,ft,1000,soft,loan_purpose,1725,False,1445,1445,0,280,0,0,88,88,0,1637,1,1,20,20,0,1705,0,0,0,0,0,1725,0,0,22,22,0,1703,1,1,108,108,0,1617,1,1,1445,1445,0,280,0,0,0.07509005828056396
primary,hmda_oh,ft,1000,soft,loan_to_value_ratio,1669,True,1492,1492,0,177,0,0,228,227,1,1441,1,2,68,68,0,1601,0,0,471,471,0,1198,0,0,473,473,0,1196,2,2,697,696,1,972,1,2,1553,1553,0,116,0,0,0.09848598374427157
primary,hmda_oh,ft,1000,soft,loan_type,1483,False,1337,1337,0,146,0,0,109,109,0,1374,1,1,92,92,0,1391,0,0,0,0,0,1483,0,0,105,105,0,1378,1,1,198,198,0,1285,1,1,1337,1337,0,146,0,0,0.084210908577785
primary,hmda_oh,ft,1000,soft,occupancy_type,1249,False,1091,1091,0,158,0,0,86,85,1,1163,0,1,115,115,0,1134,0,0,0,0,0,1249,0,0,117,117,0,1132,1,1,201,200,1,1048,0,1,1091,1091,0,158,0,0,0.10390071102056164
primary,hmda_oh,ft,1000,soft,preapproval,1193,False,1149,1149,0,44,0,0,27,27,0,1166,0,0,0,0,0,1193,0,0,0,0,0,1193,0,0,2,2,0,1191,0,0,27,27,0,1166,0,0,1149,1149,0,44,0,0,0.08287023128377793
primary,hmda_oh,ft,1000,soft,property_value,1583,False,1103,1103,0,480,0,0,41,41,0,1542,1,1,0,0,0,1583,0,0,0,0,0,1583,0,0,0,0,0,1583,1,1,41,41,0,1542,1,1,1103,1103,0,480,0,0,0.01943032269802451
primary,hmda_oh,ft,1000,soft,tract_minority_population_percent,1766,False,902,902,0,864,0,0,34,34,0,1732,0,0,25,25,0,1741,0,0,0,0,0,1766,0,0,24,24,0,1742,0,0,59,59,0,1707,0,0,902,902,0,864,0,0,0.01455224280442076
primary,hmda_oh,ft,1000,soft,tract_to_msa_income_percentage,1672,False,1028,1028,0,644,0,0,38,38,0,1634,0,0,16,16,0,1656,0,0,0,0,0,1672,0,0,16,16,0,1656,0,0,54,54,0,1618,0,0,1028,1028,0,644,0,0,0.016244369860833722
signed_primary,hmda_oh,ft,1000,soft,income,1654,True,1022,1022,0,632,0,0,52,52,0,1602,1,1,53,53,0,1601,0,0,1160,1160,0,494,0,0,1160,1160,0,494,1,1,1168,1168,0,486,1,1,1445,1445,0,209,0,0,0.03058371920308259
signed_primary,hmda_oh,ft,1000,soft,debt_to_income_ratio,1666,True,1298,1298,0,368,0,0,68,68,0,1598,0,0,13,13,0,1653,0,0,161,161,0,1505,0,0,161,161,0,1505,0,0,214,214,0,1452,0,0,1348,1348,0,318,0,0,0.04420804205631642
signed_primary,hmda_oh,ft,1000,soft,loan_to_value_ratio,1669,True,1492,1492,0,177,0,0,228,227,1,1441,1,2,68,68,0,1601,0,0,471,471,0,1198,0,0,473,473,0,1196,2,2,697,696,1,972,1,2,1553,1553,0,116,0,0,0.09848598374427157
signed_primary,hmda_oh,ft,1000,soft,linked_income_plus10k,675,True,209,209,0,466,0,0,11,11,0,664,0,0,0,0,0,675,0,0,32,32,0,643,0,0,33,33,0,642,0,0,41,41,0,634,0,0,233,233,0,442,0,0,0.011782130338300691
primary,hmda_oh,ft,1001,soft,debt_to_income_ratio,1666,True,1361,1361,0,305,0,0,80,80,0,1586,0,0,35,35,0,1631,0,0,268,266,2,1398,0,2,268,266,2,1398,0,2,322,320,2,1344,0,2,1470,1468,2,196,0,2,0.05179924622692692
primary,hmda_oh,ft,1001,soft,ffiec_msa_md_median_family_income,1628,False,870,870,0,758,0,0,44,43,1,1584,5,6,19,19,0,1609,0,0,0,0,0,1628,0,0,19,19,0,1609,6,6,62,61,1,1566,5,6,870,870,0,758,0,0,0.013049176227290227
primary,hmda_oh,ft,1001,soft,income,1654,True,1238,1238,0,416,0,0,46,46,0,1608,2,2,27,27,0,1627,0,0,1043,1040,3,611,1,4,1043,1038,5,611,1,6,1058,1053,5,596,1,6,1437,1433,4,217,0,4,0.027019666209330676
primary,hmda_oh,ft,1001,soft,lien_status,1486,False,913,913,0,573,0,0,51,50,1,1435,3,4,3,3,0,1483,0,0,0,0,0,1486,0,0,3,3,0,1483,4,4,54,53,1,1432,3,4,913,913,0,573,0,0,0.018335817167295505
primary,hmda_oh,ft,1001,soft,loan_amount,1585,False,1269,1269,0,316,0,0,68,68,0,1517,0,0,77,77,0,1508,0,0,0,0,0,1585,0,0,78,78,0,1507,0,0,139,139,0,1446,0,0,1269,1269,0,316,0,0,0.03728325040914434
primary,hmda_oh,ft,1001,soft,loan_purpose,1725,False,1475,1475,0,250,0,0,104,102,2,1621,2,4,15,15,0,1710,0,0,0,0,0,1725,0,0,15,15,0,1710,4,4,118,116,2,1607,2,4,1475,1475,0,250,0,0,0.06819782223062884
primary,hmda_oh,ft,1001,soft,loan_to_value_ratio,1669,True,1410,1410,0,259,0,0,259,258,1,1410,3,4,20,20,0,1649,0,0,298,289,9,1371,0,9,306,297,9,1363,4,13,554,544,10,1115,3,13,1498,1489,9,171,0,9,0.12049374105813775
primary,hmda_oh,ft,1001,soft,loan_type,1483,False,1315,1315,0,168,0,0,108,108,0,1375,7,7,100,100,0,1383,0,0,0,0,0,1483,0,0,109,109,0,1374,7,7,205,205,0,1278,7,7,1315,1315,0,168,0,0,0.09466910231818024
primary,hmda_oh,ft,1001,soft,occupancy_type,1249,False,946,946,0,303,0,0,75,73,2,1174,3,5,30,30,0,1219,0,0,0,0,0,1249,0,0,38,36,2,1211,3,5,105,103,2,1144,3,5,946,946,0,303,0,0,0.08130518687099661
primary,hmda_oh,ft,1001,soft,preapproval,1193,False,1135,1134,1,58,0,1,35,35,0,1158,2,2,0,0,0,1193,0,0,0,0,0,1193,0,0,1,1,0,1192,2,2,35,35,0,1158,2,2,1135,1134,1,58,0,1,0.06804657414684738
primary,hmda_oh,ft,1001,soft,property_value,1583,False,1259,1259,0,324,0,0,61,61,0,1522,1,1,33,33,0,1550,0,0,0,0,0,1583,0,0,34,34,0,1549,1,1,92,92,0,1491,1,1,1259,1259,0,324,0,0,0.023266429383549756
primary,hmda_oh,ft,1001,soft,tract_minority_population_percent,1766,False,1147,1147,0,619,0,0,33,33,0,1733,4,4,24,24,0,1742,0,0,0,0,0,1766,0,0,23,23,0,1743,4,4,57,57,0,1709,4,4,1147,1147,0,619,0,0,0.015776080091485158
primary,hmda_oh,ft,1001,soft,tract_to_msa_income_percentage,1672,False,942,942,0,730,0,0,38,38,0,1634,1,1,11,11,0,1661,0,0,0,0,0,1672,0,0,12,12,0,1660,1,1,48,48,0,1624,1,1,942,942,0,730,0,0,0.01340469446197391
signed_primary,hmda_oh,ft,1001,soft,income,1654,True,1238,1238,0,416,0,0,46,46,0,1608,2,2,27,27,0,1627,0,0,1043,1040,3,611,1,4,1043,1038,5,611,1,6,1058,1053,5,596,1,6,1437,1433,4,217,0,4,0.027019666209330676
signed_primary,hmda_oh,ft,1001,soft,debt_to_income_ratio,1666,True,1361,1361,0,305,0,0,80,80,0,1586,0,0,35,35,0,1631,0,0,268,266,2,1398,0,2,268,266,2,1398,0,2,322,320,2,1344,0,2,1470,1468,2,196,0,2,0.05179924622692692
signed_primary,hmda_oh,ft,1001,soft,loan_to_value_ratio,1669,True,1410,1410,0,259,0,0,259,258,1,1410,3,4,20,20,0,1649,0,0,298,289,9,1371,0,9,306,297,9,1363,4,13,554,544,10,1115,3,13,1498,1489,9,171,0,9,0.12049374105813775
signed_primary,hmda_oh,ft,1001,soft,linked_income_plus10k,675,True,315,315,0,360,0,0,9,9,0,666,0,0,3,3,0,672,0,0,37,36,1,638,0,1,37,36,1,638,0,1,44,43,1,631,0,1,343,342,1,332,0,1,0.011831467234753184
primary,hmda_oh,ft,1002,soft,debt_to_income_ratio,1666,True,1305,1305,0,361,0,0,74,74,0,1592,2,2,17,17,0,1649,0,0,305,305,0,1361,0,0,305,304,1,1361,1,2,342,341,1,1324,1,2,1391,1391,0,275,0,0,0.04473302510195429
primary,hmda_oh,ft,1002,soft,ffiec_msa_md_median_family_income,1628,False,841,841,0,787,0,0,36,36,0,1592,4,4,49,49,0,1579,0,0,0,0,0,1628,0,0,49,49,0,1579,4,4,84,84,0,1544,4,4,841,841,0,787,0,0,0.01716560652229524
primary,hmda_oh,ft,1002,soft,income,1654,True,890,890,0,764,0,0,48,48,0,1606,2,2,9,9,0,1645,0,0,899,899,0,755,0,0,899,898,1,755,1,2,917,916,1,737,1,2,1257,1257,0,397,0,0,0.021715060027068522
primary,hmda_oh,ft,1002,soft,lien_status,1486,False,803,803,0,683,0,0,42,42,0,1444,1,1,11,11,0,1475,0,0,0,0,0,1486,0,0,14,14,0,1472,1,1,53,53,0,1433,1,1,803,803,0,683,0,0,0.022776064173078175
primary,hmda_oh,ft,1002,soft,loan_amount,1585,False,1099,1099,0,486,0,0,60,60,0,1525,3,3,30,30,0,1555,0,0,0,0,0,1585,0,0,33,33,0,1552,3,3,90,90,0,1495,3,3,1099,1099,0,486,0,0,0.03133134396597874
primary,hmda_oh,ft,1002,soft,loan_purpose,1725,False,1487,1483,4,238,1,5,105,105,0,1620,1,1,41,41,0,1684,0,0,0,0,0,1725,0,0,43,43,0,1682,1,1,146,146,0,1579,1,1,1487,1483,4,238,1,5,0.07572301227623356
primary,hmda_oh,ft,1002,soft,loan_to_value_ratio,1669,True,1347,1347,0,322,0,0,179,177,2,1490,5,7,11,11,0,1658,0,0,319,319,0,1350,0,0,319,319,0,1350,7,7,495,493,2,1174,5,7,1435,1435,0,234,0,0,0.13052945364391008
primary,hmda_oh,ft,1002,soft,loan_type,1483,False,1300,1300,0,183,0,0,101,101,0,1382,1,1,65,65,0,1418,0,0,0,0,0,1483,0,0,69,69,0,1414,1,1,162,162,0,1321,1,1,1300,1300,0,183,0,0,0.11158358389563508
primary,hmda_oh,ft,1002,soft,occupancy_type,1249,False,963,963,0,286,0,0,106,105,1,1143,0,1,26,26,0,1223,0,0,0,0,0,1249,0,0,33,33,0,1216,1,1,131,130,1,1118,0,1,963,963,0,286,0,0,0.1107494100882518
primary,hmda_oh,ft,1002,soft,preapproval,1193,False,1155,1155,0,38,0,0,27,27,0,1166,1,1,0,0,0,1193,0,0,0,0,0,1193,0,0,1,1,0,1192,1,1,27,27,0,1166,1,1,1155,1155,0,38,0,0,0.08658571560013643
primary,hmda_oh,ft,1002,soft,property_value,1583,False,1206,1206,0,377,0,0,34,33,1,1549,2,3,24,24,0,1559,0,0,0,0,0,1583,0,0,25,25,0,1558,3,3,58,57,1,1525,2,3,1206,1206,0,377,0,0,0.029359006765826933
primary,hmda_oh,ft,1002,soft,tract_minority_population_percent,1766,False,858,858,0,908,0,0,29,29,0,1737,5,5,18,18,0,1748,0,0,0,0,0,1766,0,0,18,18,0,1748,5,5,47,47,0,1719,5,5,858,858,0,908,0,0,0.016464953668832633
primary,hmda_oh,ft,1002,soft,tract_to_msa_income_percentage,1672,False,1071,1071,0,601,0,0,49,49,0,1623,3,3,45,45,0,1627,0,0,0,0,0,1672,0,0,46,46,0,1626,3,3,94,94,0,1578,3,3,1071,1071,0,601,0,0,0.018707790867877157
signed_primary,hmda_oh,ft,1002,soft,income,1654,True,890,890,0,764,0,0,48,48,0,1606,2,2,9,9,0,1645,0,0,899,899,0,755,0,0,899,898,1,755,1,2,917,916,1,737,1,2,1257,1257,0,397,0,0,0.021715060027068522
signed_primary,hmda_oh,ft,1002,soft,debt_to_income_ratio,1666,True,1305,1305,0,361,0,0,74,74,0,1592,2,2,17,17,0,1649,0,0,305,305,0,1361,0,0,305,304,1,1361,1,2,342,341,1,1324,1,2,1391,1391,0,275,0,0,0.04473302510195429
signed_primary,hmda_oh,ft,1002,soft,loan_to_value_ratio,1669,True,1347,1347,0,322,0,0,179,177,2,1490,5,7,11,11,0,1658,0,0,319,319,0,1350,0,0,319,319,0,1350,7,7,495,493,2,1174,5,7,1435,1435,0,234,0,0,0.13052945364391008
signed_primary,hmda_oh,ft,1002,soft,linked_income_plus10k,675,True,211,211,0,464,0,0,6,6,0,669,0,0,0,0,0,675,0,0,51,49,2,624,0,2,51,49,2,624,0,2,55,53,2,620,0,2,252,250,2,423,0,2,0.012487111862073685
primary,hmda_oh,ft,1003,soft,debt_to_income_ratio,1666,True,1397,1397,0,269,0,0,43,41,2,1623,3,5,83,83,0,1583,0,0,365,364,1,1301,0,1,365,361,4,1301,2,6,382,376,6,1284,0,6,1478,1477,1,188,0,1,0.03771898004858838
primary,hmda_oh,ft,1003,soft,ffiec_msa_md_median_family_income,1628,False,1109,1109,0,519,0,0,37,37,0,1591,0,0,131,131,0,1497,0,0,0,0,0,1628,0,0,131,131,0,1497,0,0,168,168,0,1460,0,0,1109,1109,0,519,0,0,0.02386136873162016
primary,hmda_oh,ft,1003,soft,income,1654,True,1063,1063,0,591,0,0,39,39,0,1615,5,5,43,43,0,1611,0,0,1049,1044,5,605,3,8,1049,1043,6,605,6,12,1067,1061,6,587,6,12,1327,1321,6,327,2,8,0.0250298928911879
primary,hmda_oh,ft,1003,soft,lien_status,1486,False,884,884,0,602,0,0,28,28,0,1458,2,2,10,10,0,1476,0,0,0,0,0,1486,0,0,10,10,0,1476,2,2,38,38,0,1448,2,2,884,884,0,602,0,0,0.018442820863305606
primary,hmda_oh,ft,1003,soft,loan_amount,1585,False,1237,1237,0,348,0,0,35,35,0,1550,3,3,43,43,0,1542,0,0,0,0,0,1585,0,0,44,44,0,1541,3,3,74,74,0,1511,3,3,1237,1237,0,348,0,0,0.02556763568229746
primary,hmda_oh,ft,1003,soft,loan_purpose,1725,False,1500,1497,3,225,1,4,58,56,2,1667,3,5,36,36,0,1689,0,0,0,0,0,1725,0,0,41,40,1,1684,4,5,93,91,2,1632,3,5,1500,1497,3,225,1,4,0.07348088528908792
primary,hmda_oh,ft,1003,soft,loan_to_value_ratio,1669,True,1463,1463,0,206,0,0,199,198,1,1470,2,3,81,81,0,1588,0,0,404,404,0,1265,0,0,409,409,0,1260,3,3,602,601,1,1067,2,3,1517,1517,0,152,0,0,0.06939598669161066
primary,hmda_oh,ft,1003,soft,loan_type,1483,False,1357,1357,0,126,0,0,111,111,0,1372,4,4,99,99,0,1384,0,0,0,0,0,1483,0,0,102,101,1,1381,3,4,206,205,1,1277,3,4,1357,1357,0,126,0,0,0.10974441457629978
primary,hmda_oh,ft,1003,soft,occupancy_type,1249,False,1121,1121,0,128,0,0,45,45,0,1204,3,3,199,199,0,1050,0,0,0,0,0,1249,0,0,204,203,1,1045,2,3,244,243,1,1005,2,3,1121,1121,0,128,0,0,0.0751644973944534
primary,hmda_oh,ft,1003,soft,preapproval,1193,False,1139,1139,0,54,0,0,17,17,0,1176,1,1,0,0,0,1193,0,0,0,0,0,1193,0,0,1,1,0,1192,1,1,17,17,0,1176,1,1,1139,1139,0,54,0,0,0.06951662610792232
primary,hmda_oh,ft,1003,soft,property_value,1583,False,1158,1158,0,425,0,0,31,30,1,1552,1,2,28,28,0,1555,0,0,0,0,0,1583,0,0,28,28,0,1555,2,2,58,57,1,1525,1,2,1158,1158,0,425,0,0,0.01550625768681324
primary,hmda_oh,ft,1003,soft,tract_minority_population_percent,1766,False,996,996,0,770,0,0,23,23,0,1743,2,2,38,38,0,1728,0,0,0,0,0,1766,0,0,38,38,0,1728,2,2,61,61,0,1705,2,2,996,996,0,770,0,0,0.014076804563583513
primary,hmda_oh,ft,1003,soft,tract_to_msa_income_percentage,1672,False,1024,1024,0,648,0,0,31,31,0,1641,1,1,26,26,0,1646,0,0,0,0,0,1672,0,0,26,26,0,1646,1,1,56,56,0,1616,1,1,1024,1024,0,648,0,0,0.01392388707322523
signed_primary,hmda_oh,ft,1003,soft,income,1654,True,1063,1063,0,591,0,0,39,39,0,1615,5,5,43,43,0,1611,0,0,1049,1044,5,605,3,8,1049,1043,6,605,6,12,1067,1061,6,587,6,12,1327,1321,6,327,2,8,0.0250298928911879
signed_primary,hmda_oh,ft,1003,soft,debt_to_income_ratio,1666,True,1397,1397,0,269,0,0,43,41,2,1623,3,5,83,83,0,1583,0,0,365,364,1,1301,0,1,365,361,4,1301,2,6,382,376,6,1284,0,6,1478,1477,1,188,0,1,0.03771898004858838
signed_primary,hmda_oh,ft,1003,soft,loan_to_value_ratio,1669,True,1463,1463,0,206,0,0,199,198,1,1470,2,3,81,81,0,1588,0,0,404,404,0,1265,0,0,409,409,0,1260,3,3,602,601,1,1067,2,3,1517,1517,0,152,0,0,0.06939598669161066
signed_primary,hmda_oh,ft,1003,soft,linked_income_plus10k,675,True,325,325,0,350,0,0,6,6,0,669,3,3,4,4,0,671,0,0,71,71,0,604,0,0,71,71,0,604,3,3,75,75,0,600,3,3,372,372,0,303,0,0,0.011386392142410055
primary,hmda_oh,ft,1004,soft,debt_to_income_ratio,1666,True,1475,1475,0,191,0,0,46,46,0,1620,0,0,15,15,0,1651,0,0,161,161,0,1505,0,0,161,161,0,1505,0,0,196,196,0,1470,0,0,1522,1522,0,144,0,0,0.035540889044476845
primary,hmda_oh,ft,1004,soft,ffiec_msa_md_median_family_income,1628,False,857,857,0,771,0,0,30,30,0,1598,3,3,14,14,0,1614,0,0,0,0,0,1628,0,0,14,14,0,1614,3,3,44,44,0,1584,3,3,857,857,0,771,0,0,0.015984109808096943
primary,hmda_oh,ft,1004,soft,income,1654,True,1072,1072,0,582,0,0,30,30,0,1624,3,3,42,42,0,1612,0,0,940,927,13,714,0,13,941,928,13,713,3,16,953,940,13,701,3,16,1288,1275,13,366,0,13,0.020516266205861413
primary,hmda_oh,ft,1004,soft,lien_status,1486,False,904,904,0,582,0,0,34,33,1,1452,1,2,7,7,0,1479,0,0,0,0,0,1486,0,0,7,7,0,1479,2,2,41,40,1,1445,1,2,904,904,0,582,0,0,0.01594190692511874
primary,hmda_oh,ft,1004,soft,loan_amount,1585,False,1226,1226,0,359,0,0,38,38,0,1547,2,2,61,61,0,1524,0,0,0,0,0,1585,0,0,64,64,0,1521,2,2,99,99,0,1486,2,2,1226,1226,0,359,0,0,0.022565144279244522
primary,hmda_oh,ft,1004,soft,loan_purpose,1725,False,1476,1476,0,249,0,0,50,50,0,1675,0,0,23,23,0,1702,0,0,0,0,0,1725,0,0,24,24,0,1701,0,0,72,72,0,1653,0,0,1476,1476,0,249,0,0,0.05745728161881959
primary,hmda_oh,ft,1004,soft,loan_to_value_ratio,1669,True,1307,1305,2,362,0,2,288,288,0,1381,1,1,7,7,0,1662,0,0,227,222,5,1442,1,6,231,226,5,1438,2,7,514,509,5,1155,2,7,1348,1341,7,321,1,8,0.08155718176822153
primary,hmda_oh,ft,1004,soft,loan_type,1483,False,1409,1402,7,74,0,7,50,50,0,1433,1,1,176,176,0,1307,0,0,0,0,0,1483,0,0,179,179,0,1304,1,1,222,222,0,1261,1,1,1409,1402,7,74,0,7,0.07464564266625424
primary,hmda_oh,ft,1004,soft,occupancy_type,1249,False,1028,1028,0,221,0,0,69,69,0,1180,0,0,69,69,0,1180,0,0,0,0,0,1249,0,0,71,71,0,1178,0,0,137,137,0,1112,0,0,1028,1028,0,221,0,0,0.05627821046866432
primary,hmda_oh,ft,1004,soft,preapproval,1193,False,1146,1145,1,47,0,1,17,17,0,1176,0,0,0,0,0,1193,0,0,0,0,0,1193,0,0,0,0,0,1193,0,0,17,17,0,1176,0,0,1146,1145,1,47,0,1,0.05453607866620824
primary,hmda_oh,ft,1004,soft,property_value,1583,False,1015,1015,0,568,0,0,38,38,0,1545,1,1,23,23,0,1560,0,0,0,0,0,1583,0,0,26,26,0,1557,1,1,61,61,0,1522,1,1,1015,1015,0,568,0,0,0.01736876411070549
primary,hmda_oh,ft,1004,soft,tract_minority_population_percent,1766,False,849,849,0,917,0,0,17,17,0,1749,2,2,47,47,0,1719,0,0,0,0,0,1766,0,0,47,47,0,1719,2,2,64,64,0,1702,2,2,849,849,0,917,0,0,0.013115967831308068
primary,hmda_oh,ft,1004,soft,tract_to_msa_income_percentage,1672,False,636,636,0,1036,0,0,27,27,0,1645,3,3,12,12,0,1660,0,0,0,0,0,1672,0,0,13,13,0,1659,3,3,39,39,0,1633,3,3,636,636,0,1036,0,0,0.011368586847840137
signed_primary,hmda_oh,ft,1004,soft,income,1654,True,1072,1072,0,582,0,0,30,30,0,1624,3,3,42,42,0,1612,0,0,940,927,13,714,0,13,941,928,13,713,3,16,953,940,13,701,3,16,1288,1275,13,366,0,13,0.020516266205861413
signed_primary,hmda_oh,ft,1004,soft,debt_to_income_ratio,1666,True,1475,1475,0,191,0,0,46,46,0,1620,0,0,15,15,0,1651,0,0,161,161,0,1505,0,0,161,161,0,1505,0,0,196,196,0,1470,0,0,1522,1522,0,144,0,0,0.035540889044476845
signed_primary,hmda_oh,ft,1004,soft,loan_to_value_ratio,1669,True,1307,1305,2,362,0,2,288,288,0,1381,1,1,7,7,0,1662,0,0,227,222,5,1442,1,6,231,226,5,1438,2,7,514,509,5,1155,2,7,1348,1341,7,321,1,8,0.08155718176822153
signed_primary,hmda_oh,ft,1004,soft,linked_income_plus10k,675,True,360,360,0,315,0,0,6,6,0,669,0,0,1,1,0,674,0,0,18,17,1,657,0,1,18,17,1,657,0,1,24,23,1,651,0,1,369,368,1,306,0,1,0.011602044885565663
primary,hmda_oh,ft,1005,soft,debt_to_income_ratio,1666,True,1396,1396,0,270,0,0,46,45,1,1620,0,1,52,52,0,1614,0,0,233,232,1,1433,0,1,235,233,2,1431,0,2,259,257,2,1407,0,2,1465,1464,1,201,0,1,0.04142153860441719
primary,hmda_oh,ft,1005,soft,ffiec_msa_md_median_family_income,1628,False,815,815,0,813,0,0,24,24,0,1604,0,0,14,14,0,1614,0,0,0,0,0,1628,0,0,14,14,0,1614,0,0,38,38,0,1590,0,0,815,815,0,813,0,0,0.014622601477902076
primary,hmda_oh,ft,1005,soft,income,1654,True,1141,1141,0,513,0,0,28,28,0,1626,0,0,84,84,0,1570,0,0,1117,1117,0,537,0,0,1117,1117,0,537,0,0,1129,1129,0,525,0,0,1438,1438,0,216,0,0,0.022264827846689227
primary,hmda_oh,ft,1005,soft,lien_status,1486,False,1129,1129,0,357,0,0,30,30,0,1456,0,0,26,26,0,1460,0,0,0,0,0,1486,0,0,28,28,0,1458,0,0,56,56,0,1430,0,0,1129,1129,0,357,0,0,0.02696633318984758
primary,hmda_oh,ft,1005,soft,loan_amount,1585,False,1267,1267,0,318,0,0,38,38,0,1547,1,1,73,73,0,1512,0,0,0,0,0,1585,0,0,75,75,0,1510,1,1,111,111,0,1474,1,1,1267,1267,0,318,0,0,0.029047231983066833
primary,hmda_oh,ft,1005,soft,loan_purpose,1725,False,1545,1544,1,180,0,1,72,72,0,1653,0,0,26,26,0,1699,0,0,0,0,0,1725,0,0,28,28,0,1697,0,0,98,98,0,1627,0,0,1545,1544,1,180,0,1,0.06936343133948969
primary,hmda_oh,ft,1005,soft,loan_to_value_ratio,1669,True,1476,1476,0,193,0,0,147,147,0,1522,0,0,30,30,0,1639,0,0,473,468,5,1196,0,5,481,476,5,1188,0,5,618,613,5,1051,0,5,1526,1521,5,143,0,5,0.1300962758819906
primary,hmda_oh,ft,1005,soft,loan_type,1483,False,1374,1374,0,109,0,0,82,82,0,1401,4,4,116,116,0,1367,0,0,0,0,0,1483,0,0,119,119,0,1364,4,4,189,189,0,1294,4,4,1374,1374,0,109,0,0,0.10876792688099167
primary,hmda_oh,ft,1005,soft,occupancy_type,1249,False,1073,1073,0,176,0,0,60,60,0,1189,2,2,157,157,0,1092,0,0,0,0,0,1249,0,0,161,160,1,1088,1,2,217,216,1,1032,1,2,1073,1073,0,176,0,0,0.06672208988375825
primary,hmda_oh,ft,1005,soft,preapproval,1193,False,1151,1151,0,42,0,0,14,14,0,1179,0,0,0,0,0,1193,0,0,0,0,0,1193,0,0,1,1,0,1192,0,0,14,14,0,1179,0,0,1151,1151,0,42,0,0,0.07159532656454759
primary,hmda_oh,ft,1005,soft,property_value,1583,False,1138,1138,0,445,0,0,22,22,0,1561,0,0,16,16,0,1567,0,0,0,0,0,1583,0,0,16,16,0,1567,0,0,37,37,0,1546,0,0,1138,1138,0,445,0,0,0.019438036810515237
primary,hmda_oh,ft,1005,soft,tract_minority_population_percent,1766,False,927,927,0,839,0,0,24,24,0,1742,1,1,25,25,0,1741,0,0,0,0,0,1766,0,0,25,25,0,1741,1,1,49,49,0,1717,1,1,927,927,0,839,0,0,0.01495301725181681
primary,hmda_oh,ft,1005,soft,tract_to_msa_income_percentage,1672,False,1145,1145,0,527,0,0,28,28,0,1644,0,0,33,33,0,1639,0,0,0,0,0,1672,0,0,33,33,0,1639,0,0,59,59,0,1613,0,0,1145,1145,0,527,0,0,0.02004956606976524
signed_primary,hmda_oh,ft,1005,soft,income,1654,True,1141,1141,0,513,0,0,28,28,0,1626,0,0,84,84,0,1570,0,0,1117,1117,0,537,0,0,1117,1117,0,537,0,0,1129,1129,0,525,0,0,1438,1438,0,216,0,0,0.022264827846689227
signed_primary,hmda_oh,ft,1005,soft,debt_to_income_ratio,1666,True,1396,1396,0,270,0,0,46,45,1,1620,0,1,52,52,0,1614,0,0,233,232,1,1433,0,1,235,233,2,1431,0,2,259,257,2,1407,0,2,1465,1464,1,201,0,1,0.04142153860441719
signed_primary,hmda_oh,ft,1005,soft,loan_to_value_ratio,1669,True,1476,1476,0,193,0,0,147,147,0,1522,0,0,30,30,0,1639,0,0,473,468,5,1196,0,5,481,476,5,1188,0,5,618,613,5,1051,0,5,1526,1521,5,143,0,5,0.1300962758819906
signed_primary,hmda_oh,ft,1005,soft,linked_income_plus10k,675,True,285,285,0,390,0,0,9,9,0,666,0,0,3,3,0,672,0,0,48,48,0,627,1,1,48,48,0,627,1,1,55,55,0,620,1,1,315,315,0,360,1,1,0.013802947540344558
primary,hmda_oh,ft,1006,soft,debt_to_income_ratio,1666,True,958,958,0,708,0,0,68,68,0,1598,1,1,18,18,0,1648,0,0,293,293,0,1373,0,0,293,292,1,1373,0,1,329,328,1,1337,0,1,1120,1120,0,546,0,0,0.03200988116081173
primary,hmda_oh,ft,1006,soft,ffiec_msa_md_median_family_income,1628,False,1075,1075,0,553,0,0,64,63,1,1564,2,3,41,41,0,1587,0,0,0,0,0,1628,0,0,41,41,0,1587,3,3,105,104,1,1523,2,3,1075,1075,0,553,0,0,0.017465856354419673
primary,hmda_oh,ft,1006,soft,income,1654,True,1000,1000,0,654,0,0,60,60,0,1594,0,0,19,19,0,1635,0,0,706,705,1,948,0,1,706,705,1,948,0,1,730,729,1,924,0,1,1266,1265,1,388,0,1,0.020263230967685918
primary,hmda_oh,ft,1006,soft,lien_status,1486,False,674,674,0,812,0,0,41,41,0,1445,1,1,2,2,0,1484,0,0,0,0,0,1486,0,0,2,2,0,1484,1,1,43,43,0,1443,1,1,674,674,0,812,0,0,0.018395398315438495
primary,hmda_oh,ft,1006,soft,loan_amount,1585,False,1116,1116,0,469,0,0,70,70,0,1515,1,1,30,30,0,1555,0,0,0,0,0,1585,0,0,31,31,0,1554,1,1,99,99,0,1486,1,1,1116,1116,0,469,0,0,0.034303336410553796
primary,hmda_oh,ft,1006,soft,loan_purpose,1725,False,1480,1474,6,245,0,6,146,146,0,1579,1,1,17,17,0,1708,0,0,0,0,0,1725,0,0,19,19,0,1706,1,1,161,161,0,1564,1,1,1480,1474,6,245,0,6,0.08404257612787373
primary,hmda_oh,ft,1006,soft,loan_to_value_ratio,1669,True,1365,1365,0,304,0,0,264,264,0,1405,1,1,44,44,0,1625,0,0,372,372,0,1297,0,0,375,375,0,1294,1,1,633,633,0,1036,1,1,1468,1468,0,201,0,0,0.09637541028692596
primary,hmda_oh,ft,1006,soft,loan_type,1483,False,1313,1313,0,170,0,0,188,188,0,1295,2,2,31,31,0,1452,0,0,0,0,0,1483,0,0,35,35,0,1448,2,2,219,219,0,1264,2,2,1313,1313,0,170,0,0,0.13770781003191343
primary,hmda_oh,ft,1006,soft,occupancy_type,1249,False,745,745,0,504,0,0,134,134,0,1115,1,1,14,14,0,1235,0,0,0,0,0,1249,0,0,16,16,0,1233,1,1,148,148,0,1101,1,1,745,745,0,504,0,0,0.07004877675866966
primary,hmda_oh,ft,1006,soft,preapproval,1193,False,1119,1119,0,74,0,0,48,48,0,1145,1,1,0,0,0,1193,0,0,0,0,0,1193,0,0,1,1,0,1192,1,1,48,48,0,1145,1,1,1119,1119,0,74,0,0,0.08812031146027649
primary,hmda_oh,ft,1006,soft,property_value,1583,False,820,820,0,763,0,0,54,54,0,1529,0,0,2,2,0,1581,0,0,0,0,0,1583,0,0,2,2,0,1581,0,0,55,55,0,1528,0,0,820,820,0,763,0,0,0.017062874084421985
primary,hmda_oh,ft,1006,soft,tract_minority_population_percent,1766,False,817,817,0,949,0,0,62,62,0,1704,1,1,7,7,0,1759,0,0,0,0,0,1766,0,0,7,7,0,1759,1,1,69,69,0,1697,1,1,817,817,0,949,0,0,0.01944483150885484
primary,hmda_oh,ft,1006,soft,tract_to_msa_income_percentage,1672,False,901,901,0,771,0,0,50,50,0,1622,1,1,10,10,0,1662,0,0,0,0,0,1672,0,0,10,10,0,1662,1,1,60,60,0,1612,1,1,901,901,0,771,0,0,0.015685418631161952
signed_primary,hmda_oh,ft,1006,soft,income,1654,True,1000,1000,0,654,0,0,60,60,0,1594,0,0,19,19,0,1635,0,0,706,705,1,948,0,1,706,705,1,948,0,1,730,729,1,924,0,1,1266,1265,1,388,0,1,0.020263230967685918
signed_primary,hmda_oh,ft,1006,soft,debt_to_income_ratio,1666,True,958,958,0,708,0,0,68,68,0,1598,1,1,18,18,0,1648,0,0,293,293,0,1373,0,0,293,292,1,1373,0,1,329,328,1,1337,0,1,1120,1120,0,546,0,0,0.03200988116081173
signed_primary,hmda_oh,ft,1006,soft,loan_to_value_ratio,1669,True,1365,1365,0,304,0,0,264,264,0,1405,1,1,44,44,0,1625,0,0,372,372,0,1297,0,0,375,375,0,1294,1,1,633,633,0,1036,1,1,1468,1468,0,201,0,0,0.09637541028692596
signed_primary,hmda_oh,ft,1006,soft,linked_income_plus10k,675,True,148,148,0,527,0,0,15,15,0,660,0,0,0,0,0,675,0,0,51,50,1,624,0,1,51,50,1,624,0,1,63,62,1,612,0,1,188,187,1,487,0,1,0.01080453947453066
primary,hmda_oh,ft,1007,soft,debt_to_income_ratio,1666,True,1329,1329,0,337,0,0,104,104,0,1562,1,1,14,14,0,1652,0,0,145,145,0,1521,0,0,146,146,0,1520,1,1,232,232,0,1434,1,1,1405,1405,0,261,0,0,0.05360605830440196
primary,hmda_oh,ft,1007,soft,ffiec_msa_md_median_family_income,1628,False,1016,1016,0,612,0,0,61,61,0,1567,4,4,61,61,0,1567,0,0,0,0,0,1628,0,0,61,61,0,1567,4,4,120,120,0,1508,4,4,1016,1016,0,612,0,0,0.01483108068939491
primary,hmda_oh,ft,1007,soft,income,1654,True,1026,1026,0,628,0,0,47,47,0,1607,2,2,33,33,0,1621,0,0,1169,1169,0,485,0,0,1169,1167,2,485,0,2,1181,1179,2,473,0,2,1445,1445,0,209,0,0,0.025025291509270912
primary,hmda_oh,ft,1007,soft,lien_status,1486,False,998,998,0,488,0,0,44,43,1,1442,3,4,19,19,0,1467,0,0,0,0,0,1486,0,0,19,19,0,1467,4,4,63,62,1,1423,3,4,998,998,0,488,0,0,0.022028974878445906
primary,hmda_oh,ft,1007,soft,loan_amount,1585,False,1110,1110,0,475,0,0,59,58,1,1526,1,2,90,90,0,1495,0,0,0,0,0,1585,0,0,91,91,0,1494,2,2,149,148,1,1436,1,2,1110,1110,0,475,0,0,0.027323550770170443
primary,hmda_oh,ft,1007,soft,loan_purpose,1725,False,1602,1598,4,123,0,4,99,99,0,1626,1,1,15,15,0,1710,0,0,0,0,0,1725,0,0,20,19,1,1705,0,1,114,113,1,1611,0,1,1602,1598,4,123,0,4,0.07539309832574581
primary,hmda_oh,ft,1007,soft,loan_to_value_ratio,1669,True,1327,1327,0,342,0,0,239,236,3,1430,5,8,13,13,0,1656,0,0,278,278,0,1391,0,0,284,284,0,1385,8,8,512,509,3,1157,5,8,1401,1401,0,268,0,0,0.09764640956537787
primary,hmda_oh,ft,1007,soft,loan_type,1483,False,1186,1184,2,297,0,2,138,138,0,1345,1,1,48,48,0,1435,0,0,0,0,0,1483,0,0,52,52,0,1431,1,1,183,183,0,1300,1,1,1186,1184,2,297,0,2,0.10231148678717104
primary,hmda_oh,ft,1007,soft,occupancy_type,1249,False,1057,1057,0,192,0,0,58,56,2,1191,3,5,71,71,0,1178,0,0,0,0,0,1249,0,0,78,78,0,1171,5,5,128,126,2,1121,3,5,1057,1057,0,192,0,0,0.08647418579352896
primary,hmda_oh,ft,1007,soft,preapproval,1193,False,1138,1136,2,55,0,2,33,33,0,1160,3,3,0,0,0,1193,0,0,0,0,0,1193,0,0,2,2,0,1191,3,3,33,33,0,1160,3,3,1138,1136,2,55,0,2,0.07671384975113751
primary,hmda_oh,ft,1007,soft,property_value,1583,False,879,879,0,704,0,0,64,64,0,1519,1,1,0,0,0,1583,0,0,0,0,0,1583,0,0,0,0,0,1583,1,1,64,64,0,1519,1,1,879,879,0,704,0,0,0.020400778334570404
primary,hmda_oh,ft,1007,soft,tract_minority_population_percent,1766,False,1050,1050,0,716,0,0,62,62,0,1704,0,0,5,5,0,1761,0,0,0,0,0,1766,0,0,5,5,0,1761,0,0,67,67,0,1699,0,0,1050,1050,0,716,0,0,0.016698358094934987
primary,hmda_oh,ft,1007,soft,tract_to_msa_income_percentage,1672,False,718,718,0,954,0,0,28,28,0,1644,2,2,7,7,0,1665,0,0,0,0,0,1672,0,0,7,7,0,1665,2,2,35,35,0,1637,2,2,718,718,0,954,0,0,0.011062136427814095
signed_primary,hmda_oh,ft,1007,soft,income,1654,True,1026,1026,0,628,0,0,47,47,0,1607,2,2,33,33,0,1621,0,0,1169,1169,0,485,0,0,1169,1167,2,485,0,2,1181,1179,2,473,0,2,1445,1445,0,209,0,0,0.025025291509270912
signed_primary,hmda_oh,ft,1007,soft,debt_to_income_ratio,1666,True,1329,1329,0,337,0,0,104,104,0,1562,1,1,14,14,0,1652,0,0,145,145,0,1521,0,0,146,146,0,1520,1,1,232,232,0,1434,1,1,1405,1405,0,261,0,0,0.05360605830440196
signed_primary,hmda_oh,ft,1007,soft,loan_to_value_ratio,1669,True,1327,1327,0,342,0,0,239,236,3,1430,5,8,13,13,0,1656,0,0,278,278,0,1391,0,0,284,284,0,1385,8,8,512,509,3,1157,5,8,1401,1401,0,268,0,0,0.09764640956537787
signed_primary,hmda_oh,ft,1007,soft,linked_income_plus10k,675,True,338,338,0,337,0,0,16,16,0,659,0,0,2,2,0,673,0,0,45,44,1,630,0,1,45,44,1,630,0,1,57,56,1,618,0,1,368,367,1,307,0,1,0.018212902369663324
primary,hmda_oh,ft,1008,soft,debt_to_income_ratio,1666,True,1360,1360,0,306,0,0,110,110,0,1556,0,0,24,24,0,1642,0,0,264,264,0,1402,0,0,264,264,0,1402,0,0,348,348,0,1318,0,0,1442,1442,0,224,0,0,0.052700419580634546
primary,hmda_oh,ft,1008,soft,ffiec_msa_md_median_family_income,1628,False,947,947,0,681,0,0,61,61,0,1567,1,1,85,85,0,1543,0,0,0,0,0,1628,0,0,85,85,0,1543,1,1,146,146,0,1482,1,1,947,947,0,681,0,0,0.020196383887461554
primary,hmda_oh,ft,1008,soft,income,1654,True,1120,1120,0,534,0,0,75,75,0,1579,0,0,42,42,0,1612,0,0,1096,1096,0,558,0,0,1096,1096,0,558,0,0,1111,1111,0,543,0,0,1448,1448,0,206,0,0,0.030981937535987415
primary,hmda_oh,ft,1008,soft,lien_status,1486,False,1085,1085,0,401,0,0,60,60,0,1426,0,0,8,8,0,1478,0,0,0,0,0,1486,0,0,8,8,0,1478,0,0,67,67,0,1419,0,0,1085,1085,0,401,0,0,0.026794221871666624
primary,hmda_oh,ft,1008,soft,loan_amount,1585,False,1246,1246,0,339,0,0,77,77,0,1508,1,1,38,38,0,1547,0,0,0,0,0,1585,0,0,39,39,0,1546,1,1,115,115,0,1470,1,1,1246,1246,0,339,0,0,0.04138660141479208
primary,hmda_oh,ft,1008,soft,loan_purpose,1725,False,1496,1496,0,229,0,0,107,107,0,1618,2,2,14,14,0,1711,0,0,0,0,0,1725,0,0,15,15,0,1710,2,2,121,121,0,1604,2,2,1496,1496,0,229,0,0,0.08970336139920192
primary,hmda_oh,ft,1008,soft,loan_to_value_ratio,1669,True,1426,1426,0,243,0,0,257,257,0,1412,0,0,19,19,0,1650,0,0,239,234,5,1430,1,6,247,242,5,1422,1,6,492,487,5,1177,1,6,1477,1471,6,192,0,6,0.13935265897382332
primary,hmda_oh,ft,1008,soft,loan_type,1483,False,1332,1332,0,151,0,0,87,87,0,1396,0,0,128,128,0,1355,0,0,0,0,0,1483,0,0,136,136,0,1347,0,0,208,208,0,1275,0,0,1332,1332,0,151,0,0,0.10247203089924978
primary,hmda_oh,ft,1008,soft,occupancy_type,1249,False,1121,1121,0,128,0,0,89,89,0,1160,0,0,85,85,0,1164,0,0,0,0,0,1249,0,0,86,86,0,1163,0,0,174,174,0,1075,0,0,1121,1121,0,128,0,0,0.12143315290730668
primary,hmda_oh,ft,1008,soft,preapproval,1193,False,1120,1120,0,73,0,0,22,22,0,1171,0,0,0,0,0,1193,0,0,0,0,0,1193,0,0,2,2,0,1191,0,0,22,22,0,1171,0,0,1120,1120,0,73,0,0,0.08547372680058792
primary,hmda_oh,ft,1008,soft,property_value,1583,False,1220,1220,0,363,0,0,47,47,0,1536,1,1,3,3,0,1580,0,0,0,0,0,1583,0,0,3,3,0,1580,1,1,50,50,0,1533,1,1,1220,1220,0,363,0,0,0.020991651026624644
primary,hmda_oh,ft,1008,soft,tract_minority_population_percent,1766,False,1105,1105,0,661,0,0,21,21,0,1745,2,2,29,29,0,1737,0,0,0,0,0,1766,0,0,29,29,0,1737,2,2,50,50,0,1716,2,2,1105,1105,0,661,0,0,0.01359169684969351
primary,hmda_oh,ft,1008,soft,tract_to_msa_income_percentage,1672,False,1055,1055,0,617,0,0,41,41,0,1631,0,0,33,33,0,1639,0,0,0,0,0,1672,0,0,33,33,0,1639,0,0,74,74,0,1598,0,0,1055,1055,0,617,0,0,0.016041720020798525
signed_primary,hmda_oh,ft,1008,soft,income,1654,True,1120,1120,0,534,0,0,75,75,0,1579,0,0,42,42,0,1612,0,0,1096,1096,0,558,0,0,1096,1096,0,558,0,0,1111,1111,0,543,0,0,1448,1448,0,206,0,0,0.030981937535987415
signed_primary,hmda_oh,ft,1008,soft,debt_to_income_ratio,1666,True,1360,1360,0,306,0,0,110,110,0,1556,0,0,24,24,0,1642,0,0,264,264,0,1402,0,0,264,264,0,1402,0,0,348,348,0,1318,0,0,1442,1442,0,224,0,0,0.052700419580634546
signed_primary,hmda_oh,ft,1008,soft,loan_to_value_ratio,1669,True,1426,1426,0,243,0,0,257,257,0,1412,0,0,19,19,0,1650,0,0,239,234,5,1430,1,6,247,242,5,1422,1,6,492,487,5,1177,1,6,1477,1471,6,192,0,6,0.13935265897382332
signed_primary,hmda_oh,ft,1008,soft,linked_income_plus10k,675,True,258,258,0,417,0,0,10,10,0,665,0,0,4,4,0,671,0,0,41,40,1,634,0,1,41,40,1,634,0,1,49,48,1,626,0,1,282,281,1,393,0,1,0.01313768844927599
primary,hmda_oh,ft,1009,soft,debt_to_income_ratio,1666,True,1314,1314,0,352,0,0,59,59,0,1607,1,1,8,8,0,1658,0,0,160,148,12,1506,0,12,160,147,13,1506,0,13,208,195,13,1458,0,13,1390,1378,12,276,0,12,0.03489894337720906
primary,hmda_oh,ft,1009,soft,ffiec_msa_md_median_family_income,1628,False,719,719,0,909,0,0,38,38,0,1590,3,3,36,36,0,1592,0,0,0,0,0,1628,0,0,36,36,0,1592,3,3,74,74,0,1554,3,3,719,719,0,909,0,0,0.01606170475069588
primary,hmda_oh,ft,1009,soft,income,1654,True,1116,1116,0,538,0,0,38,38,0,1616,0,0,18,18,0,1636,0,0,962,935,27,692,0,27,962,935,27,692,0,27,966,939,27,688,0,27,1372,1345,27,282,0,27,0.02419502535127011
primary,hmda_oh,ft,1009,soft,lien_status,1486,False,955,955,0,531,0,0,44,44,0,1442,1,1,0,0,0,1486,0,0,0,0,0,1486,0,0,0,0,0,1486,1,1,44,44,0,1442,1,1,955,955,0,531,0,0,0.017114017723967197
primary,hmda_oh,ft,1009,soft,loan_amount,1585,False,1194,1194,0,391,0,0,47,47,0,1538,2,2,9,9,0,1576,0,0,0,0,0,1585,0,0,9,9,0,1576,2,2,56,56,0,1529,2,2,1194,1194,0,391,0,0,0.02459586627980525
primary,hmda_oh,ft,1009,soft,loan_purpose,1725,False,1437,1437,0,288,0,0,121,121,0,1604,0,0,6,6,0,1719,0,0,0,0,0,1725,0,0,15,15,0,1710,0,0,126,126,0,1599,0,0,1437,1437,0,288,0,0,0.07308790150128205
primary,hmda_oh,ft,1009,soft,loan_to_value_ratio,1669,True,1359,1359,0,310,0,0,319,319,0,1350,1,1,12,12,0,1657,0,0,378,377,1,1291,1,2,386,385,1,1283,2,3,697,696,1,972,2,3,1458,1457,1,211,1,2,0.1210330156207832
primary,hmda_oh,ft,1009,soft,loan_type,1483,False,1274,1274,0,209,0,0,84,84,0,1399,4,4,57,57,0,1426,0,0,0,0,0,1483,0,0,64,64,0,1419,4,4,138,138,0,1345,4,4,1274,1274,0,209,0,0,0.07625175967677406
primary,hmda_oh,ft,1009,soft,occupancy_type,1249,False,1027,1027,0,222,0,0,69,68,1,1180,3,4,37,37,0,1212,0,0,0,0,0,1249,0,0,45,45,0,1204,4,4,104,103,1,1145,3,4,1027,1027,0,222,0,0,0.07458210026317368
primary,hmda_oh,ft,1009,soft,preapproval,1193,False,1151,1151,0,42,0,0,18,18,0,1175,0,0,0,0,0,1193,0,0,0,0,0,1193,0,0,1,1,0,1192,0,0,18,18,0,1175,0,0,1151,1151,0,42,0,0,0.049047952137587225
primary,hmda_oh,ft,1009,soft,property_value,1583,False,1172,1172,0,411,0,0,30,30,0,1553,0,0,13,13,0,1570,0,0,0,0,0,1583,0,0,14,14,0,1569,0,0,41,41,0,1542,0,0,1172,1172,0,411,0,0,0.014227408147434435
primary,hmda_oh,ft,1009,soft,tract_minority_population_percent,1766,False,743,743,0,1023,0,0,26,26,0,1740,1,1,13,13,0,1753,0,0,0,0,0,1766,0,0,13,13,0,1753,1,1,39,39,0,1727,1,1,743,743,0,1023,0,0,0.00847047906445864
primary,hmda_oh,ft,1009,soft,tract_to_msa_income_percentage,1672,False,977,977,0,695,0,0,24,24,0,1648,0,0,19,19,0,1653,0,0,0,0,0,1672,0,0,19,19,0,1653,0,0,42,42,0,1630,0,0,977,977,0,695,0,0,0.010769904439439508
signed_primary,hmda_oh,ft,1009,soft,income,1654,True,1116,1116,0,538,0,0,38,38,0,1616,0,0,18,18,0,1636,0,0,962,935,27,692,0,27,962,935,27,692,0,27,966,939,27,688,0,27,1372,1345,27,282,0,27,0.02419502535127011
signed_primary,hmda_oh,ft,1009,soft,debt_to_income_ratio,1666,True,1314,1314,0,352,0,0,59,59,0,1607,1,1,8,8,0,1658,0,0,160,148,12,1506,0,12,160,147,13,1506,0,13,208,195,13,1458,0,13,1390,1378,12,276,0,12,0.03489894337720906
signed_primary,hmda_oh,ft,1009,soft,loan_to_value_ratio,1669,True,1359,1359,0,310,0,0,319,319,0,1350,1,1,12,12,0,1657,0,0,378,377,1,1291,1,2,386,385,1,1283,2,3,697,696,1,972,2,3,1458,1457,1,211,1,2,0.1210330156207832
signed_primary,hmda_oh,ft,1009,soft,linked_income_plus10k,675,True,240,240,0,435,0,0,10,10,0,665,0,0,2,2,0,673,0,0,30,26,4,645,0,4,30,26,4,645,0,4,39,35,4,636,0,4,261,257,4,414,0,4,0.008415690643393231
primary,acs_income,ft,1000,soft,work_class,1789,False,1016,1016,0,773,0,0,50,48,2,1739,2,4,40,40,0,1749,0,0,0,0,0,1789,0,0,40,39,1,1749,3,4,88,86,2,1701,2,4,1016,1016,0,773,0,0,0.018977750934224245
primary,acs_income,ft,1000,soft,household,1850,False,1178,1178,0,672,0,0,131,130,1,1719,3,4,62,62,0,1788,0,0,0,0,0,1850,0,0,65,65,0,1785,4,4,189,188,1,1661,3,4,1178,1178,0,672,0,0,0.01620935486206415
primary,acs_income,ft,1000,soft,occupation,1887,False,1599,1599,0,288,0,0,447,444,3,1440,1,4,16,16,0,1871,0,0,0,0,0,1887,0,0,37,37,0,1850,4,4,463,460,3,1424,1,4,1599,1599,0,288,0,0,0.1207028329834056
primary,acs_income,ft,1000,soft,education,1847,True,1646,1646,0,201,0,0,283,283,0,1564,2,2,0,0,0,1847,0,0,0,0,0,1847,0,0,49,49,0,1798,2,2,283,283,0,1564,2,2,1646,1646,0,201,0,0,0.06959135343837691
primary,acs_income,ft,1000,soft,hours,1800,True,1555,1555,0,245,0,0,346,341,5,1454,3,8,0,0,0,1800,0,0,0,0,0,1800,0,0,30,30,0,1770,8,8,346,341,5,1454,3,8,1555,1555,0,245,0,0,0.0926463645258247
signed_primary,acs_income,ft,1000,soft,education,1847,True,1646,1646,0,201,0,0,283,283,0,1564,2,2,0,0,0,1847,0,0,0,0,0,1847,0,0,49,49,0,1798,2,2,283,283,0,1564,2,2,1646,1646,0,201,0,0,0.06959135343837691
signed_primary,acs_income,ft,1000,soft,hours,1800,True,1555,1555,0,245,0,0,346,341,5,1454,3,8,0,0,0,1800,0,0,0,0,0,1800,0,0,30,30,0,1770,8,8,346,341,5,1454,3,8,1555,1555,0,245,0,0,0.0926463645258247
primary,acs_income,ft,1001,soft,work_class,1789,False,843,843,0,946,0,0,35,34,1,1754,2,3,85,85,0,1704,0,0,0,0,0,1789,0,0,85,85,0,1704,3,3,118,117,1,1671,2,3,843,843,0,946,0,0,0.010244303525518963
primary,acs_income,ft,1001,soft,household,1850,False,1459,1459,0,391,0,0,141,137,4,1709,4,8,32,32,0,1818,0,0,0,0,0,1850,0,0,34,34,0,1816,8,8,171,167,4,1679,4,8,1459,1459,0,391,0,0,0.016157432310962012
primary,acs_income,ft,1001,soft,occupation,1887,False,1486,1486,0,401,0,0,403,396,7,1484,3,10,2,2,0,1885,0,0,0,0,0,1887,0,0,17,17,0,1870,10,10,405,398,7,1482,3,10,1486,1486,0,401,0,0,0.0554611720962599
primary,acs_income,ft,1001,soft,education,1847,True,1516,1516,0,331,0,0,271,270,1,1576,7,8,0,0,0,1847,0,0,0,0,0,1847,0,0,3,3,0,1844,8,8,271,270,1,1576,7,8,1516,1516,0,331,0,0,0.040361237393767485
primary,acs_income,ft,1001,soft,hours,1800,True,1684,1684,0,116,0,0,349,344,5,1451,3,8,0,0,0,1800,0,0,0,0,0,1800,0,0,35,34,1,1765,7,8,349,344,5,1451,3,8,1684,1684,0,116,0,0,0.08410295132564047
signed_primary,acs_income,ft,1001,soft,education,1847,True,1516,1516,0,331,0,0,271,270,1,1576,7,8,0,0,0,1847,0,0,0,0,0,1847,0,0,3,3,0,1844,8,8,271,270,1,1576,7,8,1516,1516,0,331,0,0,0.040361237393767485
signed_primary,acs_income,ft,1001,soft,hours,1800,True,1684,1684,0,116,0,0,349,344,5,1451,3,8,0,0,0,1800,0,0,0,0,0,1800,0,0,35,34,1,1765,7,8,349,344,5,1451,3,8,1684,1684,0,116,0,0,0.08410295132564047
primary,acs_income,ft,1002,soft,work_class,1789,False,1012,1012,0,777,0,0,61,60,1,1728,4,5,65,65,0,1724,0,0,0,0,0,1789,0,0,67,67,0,1722,5,5,123,122,1,1666,4,5,1012,1012,0,777,0,0,0.02314536038039827
primary,acs_income,ft,1002,soft,household,1850,False,1014,1014,0,836,0,0,160,159,1,1690,2,3,1,1,0,1849,0,0,0,0,0,1850,0,0,1,1,0,1849,3,3,161,160,1,1689,2,3,1014,1014,0,836,0,0,0.021871206810112252
primary,acs_income,ft,1002,soft,occupation,1887,False,1464,1464,0,423,0,0,386,376,10,1501,10,20,0,0,0,1887,0,0,0,0,0,1887,0,0,11,10,1,1876,19,20,386,376,10,1501,10,20,1464,1464,0,423,0,0,0.07237065230878811
primary,acs_income,ft,1002,soft,education,1847,True,1570,1570,0,277,0,0,273,272,1,1574,5,6,0,0,0,1847,0,0,0,0,0,1847,0,0,43,43,0,1804,6,6,273,272,1,1574,5,6,1570,1570,0,277,0,0,0.06687548354636626
primary,acs_income,ft,1002,soft,hours,1800,True,1633,1630,3,167,0,3,332,330,2,1468,9,11,0,0,0,1800,0,0,0,0,0,1800,0,0,30,30,0,1770,11,11,332,330,2,1468,9,11,1633,1630,3,167,0,3,0.10985867724712577
signed_primary,acs_income,ft,1002,soft,education,1847,True,1570,1570,0,277,0,0,273,272,1,1574,5,6,0,0,0,1847,0,0,0,0,0,1847,0,0,43,43,0,1804,6,6,273,272,1,1574,5,6,1570,1570,0,277,0,0,0.06687548354636626
signed_primary,acs_income,ft,1002,soft,hours,1800,True,1633,1630,3,167,0,3,332,330,2,1468,9,11,0,0,0,1800,0,0,0,0,0,1800,0,0,30,30,0,1770,11,11,332,330,2,1468,9,11,1633,1630,3,167,0,3,0.10985867724712577
primary,acs_income,ft,1003,soft,work_class,1789,False,1371,1371,0,418,0,0,61,60,1,1728,1,2,252,252,0,1537,0,0,0,0,0,1789,0,0,253,252,1,1536,1,2,296,295,1,1493,1,2,1371,1371,0,418,0,0,0.015780011632147574
primary,acs_income,ft,1003,soft,household,1850,False,1297,1297,0,553,0,0,98,98,0,1752,5,5,51,51,0,1799,0,0,0,0,0,1850,0,0,55,54,1,1795,4,5,146,145,1,1704,4,5,1297,1297,0,553,0,0,0.015435200469003993
primary,acs_income,ft,1003,soft,occupation,1887,False,1597,1597,0,290,0,0,453,452,1,1434,4,5,1,1,0,1886,0,0,0,0,0,1887,0,0,43,43,0,1844,5,5,454,453,1,1433,4,5,1597,1597,0,290,0,0,0.10531130815064964
primary,acs_income,ft,1003,soft,education,1847,True,1620,1620,0,227,0,0,307,306,1,1540,2,3,0,0,0,1847,0,0,0,0,0,1847,0,0,46,46,0,1801,3,3,307,306,1,1540,2,3,1620,1620,0,227,0,0,0.06500435567719093
primary,acs_income,ft,1003,soft,hours,1800,True,1673,1673,0,127,0,0,343,341,2,1457,4,6,0,0,0,1800,0,0,0,0,0,1800,0,0,47,47,0,1753,6,6,343,341,2,1457,4,6,1673,1673,0,127,0,0,0.08724751862050191
signed_primary,acs_income,ft,1003,soft,education,1847,True,1620,1620,0,227,0,0,307,306,1,1540,2,3,0,0,0,1847,0,0,0,0,0,1847,0,0,46,46,0,1801,3,3,307,306,1,1540,2,3,1620,1620,0,227,0,0,0.06500435567719093
signed_primary,acs_income,ft,1003,soft,hours,1800,True,1673,1673,0,127,0,0,343,341,2,1457,4,6,0,0,0,1800,0,0,0,0,0,1800,0,0,47,47,0,1753,6,6,343,341,2,1457,4,6,1673,1673,0,127,0,0,0.08724751862050191
primary,acs_income,ft,1004,soft,work_class,1789,False,950,950,0,839,0,0,71,69,2,1718,3,5,57,57,0,1732,0,0,0,0,0,1789,0,0,56,56,0,1733,5,5,126,124,2,1663,3,5,950,950,0,839,0,0,0.019130441441696563
primary,acs_income,ft,1004,soft,household,1850,False,1678,1678,0,172,0,0,149,146,3,1701,2,5,98,98,0,1752,0,0,0,0,0,1850,0,0,107,106,1,1743,4,5,242,238,4,1608,1,5,1678,1678,0,172,0,0,0.014111596786664894
primary,acs_income,ft,1004,soft,occupation,1887,False,1511,1511,0,376,0,0,615,614,1,1272,4,5,0,0,0,1887,0,0,0,0,0,1887,0,0,25,25,0,1862,5,5,615,614,1,1272,4,5,1511,1511,0,376,0,0,0.0850010627600444
primary,acs_income,ft,1004,soft,education,1847,True,1522,1522,0,325,0,0,346,346,0,1501,3,3,0,0,0,1847,0,0,0,0,0,1847,0,0,32,32,0,1815,3,3,346,346,0,1501,3,3,1522,1522,0,325,0,0,0.05730613407556473
primary,acs_income,ft,1004,soft,hours,1800,True,1556,1556,0,244,0,0,345,344,1,1455,2,3,0,0,0,1800,0,0,0,0,0,1800,0,0,22,22,0,1778,3,3,345,344,1,1455,2,3,1556,1556,0,244,0,0,0.069322557729806
signed_primary,acs_income,ft,1004,soft,education,1847,True,1522,1522,0,325,0,0,346,346,0,1501,3,3,0,0,0,1847,0,0,0,0,0,1847,0,0,32,32,0,1815,3,3,346,346,0,1501,3,3,1522,1522,0,325,0,0,0.05730613407556473
signed_primary,acs_income,ft,1004,soft,hours,1800,True,1556,1556,0,244,0,0,345,344,1,1455,2,3,0,0,0,1800,0,0,0,0,0,1800,0,0,22,22,0,1778,3,3,345,344,1,1455,2,3,1556,1556,0,244,0,0,0.069322557729806
primary,acs_income,ft,1005,soft,work_class,1789,False,1262,1262,0,527,0,0,64,63,1,1725,2,3,199,199,0,1590,0,0,0,0,0,1789,0,0,201,201,0,1588,3,3,246,245,1,1543,2,3,1262,1262,0,527,0,0,0.018788215256278516
primary,acs_income,ft,1005,soft,household,1850,False,1255,1255,0,595,0,0,112,109,3,1738,4,7,15,15,0,1835,0,0,0,0,0,1850,0,0,20,19,1,1830,6,7,125,121,4,1725,3,7,1255,1255,0,595,0,0,0.029752554380986652
primary,acs_income,ft,1005,soft,occupation,1887,False,1531,1531,0,356,0,0,398,397,1,1489,3,4,25,25,0,1862,0,0,0,0,0,1887,0,0,49,49,0,1838,4,4,422,421,1,1465,3,4,1531,1531,0,356,0,0,0.10651278510332235
primary,acs_income,ft,1005,soft,education,1847,True,1594,1594,0,253,0,0,283,277,6,1564,2,8,0,0,0,1847,0,0,0,0,0,1847,0,0,63,62,1,1784,7,8,283,277,6,1564,2,8,1594,1594,0,253,0,0,0.07903306562878847
primary,acs_income,ft,1005,soft,hours,1800,True,1672,1672,0,128,0,0,270,270,0,1530,4,4,0,0,0,1800,0,0,0,0,0,1800,0,0,47,47,0,1753,4,4,270,270,0,1530,4,4,1672,1672,0,128,0,0,0.1350536457456029
signed_primary,acs_income,ft,1005,soft,education,1847,True,1594,1594,0,253,0,0,283,277,6,1564,2,8,0,0,0,1847,0,0,0,0,0,1847,0,0,63,62,1,1784,7,8,283,277,6,1564,2,8,1594,1594,0,253,0,0,0.07903306562878847
signed_primary,acs_income,ft,1005,soft,hours,1800,True,1672,1672,0,128,0,0,270,270,0,1530,4,4,0,0,0,1800,0,0,0,0,0,1800,0,0,47,47,0,1753,4,4,270,270,0,1530,4,4,1672,1672,0,128,0,0,0.1350536457456029
primary,acs_income,ft,1006,soft,work_class,1789,False,1205,1205,0,584,0,0,58,58,0,1731,4,4,221,221,0,1568,0,0,0,0,0,1789,0,0,223,222,1,1566,3,4,259,258,1,1530,3,4,1205,1205,0,584,0,0,0.014803212604304969
primary,acs_income,ft,1006,soft,household,1850,False,1337,1337,0,513,0,0,129,126,3,1721,3,6,20,20,0,1830,0,0,0,0,0,1850,0,0,27,26,1,1823,5,6,149,145,4,1701,2,6,1337,1337,0,513,0,0,0.018510701950768853
primary,acs_income,ft,1006,soft,occupation,1887,False,1486,1486,0,401,0,0,336,334,2,1551,2,4,0,0,0,1887,0,0,0,0,0,1887,0,0,17,17,0,1870,4,4,336,334,2,1551,2,4,1486,1486,0,401,0,0,0.122179780181553
primary,acs_income,ft,1006,soft,education,1847,True,1486,1486,0,361,0,0,234,229,5,1613,4,9,0,0,0,1847,0,0,0,0,0,1847,0,0,31,30,1,1816,8,9,234,229,5,1613,4,9,1486,1486,0,361,0,0,0.07741132463605221
primary,acs_income,ft,1006,soft,hours,1800,True,1634,1634,0,166,0,0,238,236,2,1562,4,6,0,0,0,1800,0,0,0,0,0,1800,0,0,21,21,0,1779,6,6,238,236,2,1562,4,6,1634,1634,0,166,0,0,0.11080500760559517
signed_primary,acs_income,ft,1006,soft,education,1847,True,1486,1486,0,361,0,0,234,229,5,1613,4,9,0,0,0,1847,0,0,0,0,0,1847,0,0,31,30,1,1816,8,9,234,229,5,1613,4,9,1486,1486,0,361,0,0,0.07741132463605221
signed_primary,acs_income,ft,1006,soft,hours,1800,True,1634,1634,0,166,0,0,238,236,2,1562,4,6,0,0,0,1800,0,0,0,0,0,1800,0,0,21,21,0,1779,6,6,238,236,2,1562,4,6,1634,1634,0,166,0,0,0.11080500760559517
primary,acs_income,ft,1007,soft,work_class,1789,False,577,577,0,1212,0,0,75,74,1,1714,2,3,24,24,0,1765,0,0,0,0,0,1789,0,0,24,24,0,1765,3,3,99,98,1,1690,2,3,577,577,0,1212,0,0,0.017096775028552696
primary,acs_income,ft,1007,soft,household,1850,False,1318,1318,0,532,0,0,141,139,2,1709,2,4,6,6,0,1844,0,0,0,0,0,1850,0,0,7,7,0,1843,4,4,147,145,2,1703,2,4,1318,1318,0,532,0,0,0.017828050555332403
primary,acs_income,ft,1007,soft,occupation,1887,False,1498,1498,0,389,0,0,383,381,2,1504,2,4,0,0,0,1887,0,0,0,0,0,1887,0,0,17,17,0,1870,4,4,383,381,2,1504,2,4,1498,1498,0,389,0,0,0.13574246330583978
primary,acs_income,ft,1007,soft,education,1847,True,1474,1474,0,373,0,0,273,272,1,1574,0,1,0,0,0,1847,0,0,0,0,0,1847,0,0,4,4,0,1843,1,1,273,272,1,1574,0,1,1474,1474,0,373,0,0,0.06590236373326076
primary,acs_income,ft,1007,soft,hours,1800,True,1655,1651,4,145,0,4,301,300,1,1499,5,6,0,0,0,1800,0,0,0,0,0,1800,0,0,24,24,0,1776,6,6,301,300,1,1499,5,6,1655,1651,4,145,0,4,0.09315575982691196
signed_primary,acs_income,ft,1007,soft,education,1847,True,1474,1474,0,373,0,0,273,272,1,1574,0,1,0,0,0,1847,0,0,0,0,0,1847,0,0,4,4,0,1843,1,1,273,272,1,1574,0,1,1474,1474,0,373,0,0,0.06590236373326076
signed_primary,acs_income,ft,1007,soft,hours,1800,True,1655,1651,4,145,0,4,301,300,1,1499,5,6,0,0,0,1800,0,0,0,0,0,1800,0,0,24,24,0,1776,6,6,301,300,1,1499,5,6,1655,1651,4,145,0,4,0.09315575982691196
primary,acs_income,ft,1008,soft,work_class,1789,False,750,750,0,1039,0,0,38,36,2,1751,6,8,39,39,0,1750,0,0,0,0,0,1789,0,0,38,38,0,1751,8,8,76,74,2,1713,6,8,750,750,0,1039,0,0,0.01322787302086639
primary,acs_income,ft,1008,soft,household,1850,False,1447,1447,0,403,0,0,234,231,3,1616,3,6,0,0,0,1850,0,0,0,0,0,1850,0,0,2,2,0,1848,6,6,234,231,3,1616,3,6,1447,1447,0,403,0,0,0.04048748346777448
primary,acs_income,ft,1008,soft,occupation,1887,False,1474,1474,0,413,0,0,333,331,2,1554,5,7,0,0,0,1887,0,0,0,0,0,1887,0,0,5,5,0,1882,7,7,333,331,2,1554,5,7,1474,1474,0,413,0,0,0.07870720342995013
primary,acs_income,ft,1008,soft,education,1847,True,1619,1619,0,228,0,0,266,265,1,1581,6,7,0,0,0,1847,0,0,0,0,0,1847,0,0,24,24,0,1823,7,7,266,265,1,1581,6,7,1619,1619,0,228,0,0,0.06612864220757544
primary,acs_income,ft,1008,soft,hours,1800,True,1663,1663,0,137,0,0,291,286,5,1509,3,8,0,0,0,1800,0,0,0,0,0,1800,0,0,21,21,0,1779,8,8,291,286,5,1509,3,8,1663,1663,0,137,0,0,0.08263978050160777
signed_primary,acs_income,ft,1008,soft,education,1847,True,1619,1619,0,228,0,0,266,265,1,1581,6,7,0,0,0,1847,0,0,0,0,0,1847,0,0,24,24,0,1823,7,7,266,265,1,1581,6,7,1619,1619,0,228,0,0,0.06612864220757544
signed_primary,acs_income,ft,1008,soft,hours,1800,True,1663,1663,0,137,0,0,291,286,5,1509,3,8,0,0,0,1800,0,0,0,0,0,1800,0,0,21,21,0,1779,8,8,291,286,5,1509,3,8,1663,1663,0,137,0,0,0.08263978050160777
primary,acs_income,ft,1009,soft,work_class,1789,False,961,961,0,828,0,0,48,47,1,1741,5,6,142,142,0,1647,0,0,0,0,0,1789,0,0,141,140,1,1648,5,6,184,182,2,1605,4,6,961,961,0,828,0,0,0.020852225359033423
primary,acs_income,ft,1009,soft,household,1850,False,1250,1250,0,600,0,0,112,112,0,1738,1,1,19,19,0,1831,0,0,0,0,0,1850,0,0,20,20,0,1830,1,1,131,131,0,1719,1,1,1250,1250,0,600,0,0,0.012530815545239049
primary,acs_income,ft,1009,soft,occupation,1887,False,1346,1346,0,541,0,0,416,415,1,1471,2,3,18,18,0,1869,0,0,0,0,0,1887,0,0,28,28,0,1859,3,3,434,433,1,1453,2,3,1346,1346,0,541,0,0,0.09756606349336694
primary,acs_income,ft,1009,soft,education,1847,True,1709,1708,1,138,0,1,299,299,0,1548,2,2,0,0,0,1847,0,0,0,0,0,1847,0,0,32,32,0,1815,2,2,299,299,0,1548,2,2,1709,1708,1,138,0,1,0.05890825043573337
primary,acs_income,ft,1009,soft,hours,1800,True,1513,1512,1,287,0,1,308,307,1,1492,4,5,0,0,0,1800,0,0,0,0,0,1800,0,0,12,12,0,1788,5,5,308,307,1,1492,4,5,1513,1512,1,287,0,1,0.07130997009422095
signed_primary,acs_income,ft,1009,soft,education,1847,True,1709,1708,1,138,0,1,299,299,0,1548,2,2,0,0,0,1847,0,0,0,0,0,1847,0,0,32,32,0,1815,2,2,299,299,0,1548,2,2,1709,1708,1,138,0,1,0.05890825043573337
signed_primary,acs_income,ft,1009,soft,hours,1800,True,1513,1512,1,287,0,1,308,307,1,1492,4,5,0,0,0,1800,0,0,0,0,0,1800,0,0,12,12,0,1788,5,5,308,307,1,1492,4,5,1513,1512,1,287,0,1,0.07130997009422095
targeting,hmda_oh,mlp,1000,full,debt_to_income_ratio,1666,True,1455,1455,0,211,0,0,110,110,0,1556,0,0,84,84,0,1582,0,0,351,339,12,1315,6,18,360,348,12,1306,6,18,439,427,12,1227,6,18,1507,1490,17,159,1,18,0.0465997759251577
targeting,hmda_oh,mlp,1000,full,ffiec_msa_md_median_family_income,1628,False,1297,1297,0,331,0,0,87,87,0,1541,0,0,136,136,0,1492,0,0,0,0,0,1628,0,0,144,144,0,1484,0,0,217,217,0,1411,0,0,1297,1297,0,331,0,0,0.03296563980864297
targeting,hmda_oh,mlp,1000,full,income,1654,True,1392,1392,0,262,0,0,83,83,0,1571,1,1,190,190,0,1464,0,0,782,753,29,872,7,36,783,753,30,871,7,37,817,787,30,837,7,37,1499,1464,35,155,1,36,0.034754503278733605
targeting,hmda_oh,mlp,1000,full,lien_status,1486,False,1130,1130,0,356,0,0,81,81,0,1405,1,1,62,62,0,1424,0,0,0,0,0,1486,0,0,71,71,0,1415,1,1,141,141,0,1345,1,1,1130,1130,0,356,0,0,0.031179725329000173
targeting,hmda_oh,mlp,1000,full,loan_amount,1585,False,1282,1282,0,303,0,0,81,81,0,1504,2,2,117,117,0,1468,0,0,0,0,0,1585,0,0,122,122,0,1463,2,2,189,189,0,1396,2,2,1282,1282,0,303,0,0,0.036572683735462345
targeting,hmda_oh,mlp,1000,full,loan_purpose,1725,False,1385,1384,1,340,1,2,99,98,1,1626,0,1,27,27,0,1698,0,0,0,0,0,1725,0,0,36,35,1,1689,0,1,126,125,1,1599,0,1,1385,1384,1,340,1,2,0.05823636303447205
targeting,hmda_oh,mlp,1000,full,loan_to_value_ratio,1669,True,1500,1500,0,169,0,0,188,188,0,1481,1,1,73,73,0,1596,0,0,407,400,7,1262,0,7,422,414,8,1247,0,8,585,577,8,1084,0,8,1554,1547,7,115,0,7,0.10815828061311834
targeting,hmda_oh,mlp,1000,full,loan_type,1483,False,1330,1330,0,153,0,0,123,123,0,1360,2,2,110,110,0,1373,0,0,0,0,0,1483,0,0,126,125,1,1357,1,2,222,221,1,1261,1,2,1330,1330,0,153,0,0,0.09069163825309555
targeting,hmda_oh,mlp,1000,full,occupancy_type,1249,False,1121,1121,0,128,0,0,166,166,0,1083,1,1,14,14,0,1235,0,0,0,0,0,1249,0,0,35,35,0,1214,1,1,179,179,0,1070,1,1,1121,1121,0,128,0,0,0.18126640486891354
targeting,hmda_oh,mlp,1000,full,preapproval,1193,False,1065,1065,0,128,0,0,40,40,0,1153,0,0,0,0,0,1193,0,0,0,0,0,1193,0,0,6,6,0,1187,0,0,40,40,0,1153,0,0,1065,1065,0,128,0,0,0.05926185839229089
targeting,hmda_oh,mlp,1000,full,property_value,1583,False,1419,1416,3,164,0,3,57,57,0,1526,0,0,147,147,0,1436,0,0,0,0,0,1583,0,0,149,149,0,1434,0,0,198,198,0,1385,0,0,1419,1416,3,164,0,3,0.029064687423730497
targeting,hmda_oh,mlp,1000,full,tract_minority_population_percent,1766,False,1244,1243,1,522,0,1,57,57,0,1709,2,2,103,103,0,1663,0,0,0,0,0,1766,0,0,105,105,0,1661,2,2,160,160,0,1606,2,2,1244,1243,1,522,0,1,0.016986366629802126
targeting,hmda_oh,mlp,1000,full,tract_to_msa_income_percentage,1672,False,1402,1401,1,270,0,1,75,75,0,1597,2,2,137,137,0,1535,0,0,0,0,0,1672,0,0,149,149,0,1523,2,2,206,206,0,1466,2,2,1402,1401,1,270,0,1,0.023897096194889028
signed_targeting,hmda_oh,mlp,1000,full,income,1654,True,1392,1392,0,262,0,0,83,83,0,1571,1,1,190,190,0,1464,0,0,782,753,29,872,7,36,783,753,30,871,7,37,817,787,30,837,7,37,1499,1464,35,155,1,36,0.034754503278733605
signed_targeting,hmda_oh,mlp,1000,full,debt_to_income_ratio,1666,True,1455,1455,0,211,0,0,110,110,0,1556,0,0,84,84,0,1582,0,0,351,339,12,1315,6,18,360,348,12,1306,6,18,439,427,12,1227,6,18,1507,1490,17,159,1,18,0.0465997759251577
signed_targeting,hmda_oh,mlp,1000,full,loan_to_value_ratio,1669,True,1500,1500,0,169,0,0,188,188,0,1481,1,1,73,73,0,1596,0,0,407,400,7,1262,0,7,422,414,8,1247,0,8,585,577,8,1084,0,8,1554,1547,7,115,0,7,0.10815828061311834
signed_targeting,hmda_oh,mlp,1000,full,linked_income_plus10k,675,True,413,413,0,262,0,0,18,18,0,657,0,0,12,12,0,663,0,0,79,76,3,596,0,3,80,77,3,595,0,3,94,91,3,581,0,3,433,430,3,242,0,3,0.01854576050511912
targeting,hmda_oh,mlp,1000,features,debt_to_income_ratio,1666,True,1455,1455,0,211,0,0,110,110,0,1556,0,0,84,84,0,1582,0,0,351,341,10,1315,2,12,360,350,10,1306,2,12,439,429,10,1227,2,12,1507,1495,12,159,0,12,0.045991011237356605
targeting,hmda_oh,mlp,1000,features,ffiec_msa_md_median_family_income,1628,False,1297,1297,0,331,0,0,87,87,0,1541,1,1,136,136,0,1492,0,0,0,0,0,1628,0,0,144,144,0,1484,1,1,217,217,0,1411,1,1,1297,1297,0,331,0,0,0.033104957720564356
targeting,hmda_oh,mlp,1000,features,income,1654,True,1392,1392,0,262,0,0,83,83,0,1571,1,1,190,190,0,1464,0,0,782,752,30,872,5,35,783,753,30,871,6,36,817,787,30,837,6,36,1499,1465,34,155,1,35,0.03466047391293032
targeting,hmda_oh,mlp,1000,features,lien_status,1486,False,1130,1130,0,356,0,0,81,80,1,1405,0,1,62,62,0,1424,0,0,0,0,0,1486,0,0,71,71,0,1415,1,1,141,140,1,1345,0,1,1130,1130,0,356,0,0,0.031214899141289186
targeting,hmda_oh,mlp,1000,features,loan_amount,1585,False,1282,1280,2,303,0,2,81,81,0,1504,3,3,117,117,0,1468,0,0,0,0,0,1585,0,0,122,121,1,1463,2,3,189,188,1,1396,2,3,1282,1280,2,303,0,2,0.03522175808488008
targeting,hmda_oh,mlp,1000,features,loan_purpose,1725,False,1385,1385,0,340,1,1,99,98,1,1626,0,1,27,27,0,1698,0,0,0,0,0,1725,0,0,36,36,0,1689,1,1,126,125,1,1599,0,1,1385,1385,0,340,1,1,0.057044234689226335
targeting,hmda_oh,mlp,1000,features,loan_to_value_ratio,1669,True,1500,1500,0,169,0,0,188,187,1,1481,2,3,73,73,0,1596,0,0,407,400,7,1262,0,7,422,415,7,1247,3,10,585,577,8,1084,2,10,1554,1547,7,115,0,7,0.10627125635338683
targeting,hmda_oh,mlp,1000,features,loan_type,1483,False,1330,1330,0,153,0,0,123,123,0,1360,2,2,110,110,0,1373,0,0,0,0,0,1483,0,0,126,126,0,1357,2,2,222,222,0,1261,2,2,1330,1330,0,153,0,0,0.08996557849420288
targeting,hmda_oh,mlp,1000,features,occupancy_type,1249,False,1121,1121,0,128,0,0,166,166,0,1083,1,1,14,14,0,1235,0,0,0,0,0,1249,0,0,35,35,0,1214,1,1,179,179,0,1070,1,1,1121,1121,0,128,0,0,0.17662651807236662
targeting,hmda_oh,mlp,1000,features,preapproval,1193,False,1065,1065,0,128,0,0,40,40,0,1153,2,2,0,0,0,1193,0,0,0,0,0,1193,0,0,6,6,0,1187,2,2,40,40,0,1153,2,2,1065,1065,0,128,0,0,0.057292092528224856
targeting,hmda_oh,mlp,1000,features,property_value,1583,False,1419,1418,1,164,0,1,57,57,0,1526,0,0,147,147,0,1436,0,0,0,0,0,1583,0,0,149,149,0,1434,0,0,198,198,0,1385,0,0,1419,1418,1,164,0,1,0.029339141111184484
targeting,hmda_oh,mlp,1000,features,tract_minority_population_percent,1766,False,1244,1243,1,522,0,1,57,55,2,1709,2,4,103,103,0,1663,0,0,0,0,0,1766,0,0,105,104,1,1661,3,4,160,157,3,1606,1,4,1244,1243,1,522,0,1,0.017090045604758197
targeting,hmda_oh,mlp,1000,features,tract_to_msa_income_percentage,1672,False,1402,1402,0,270,0,0,75,75,0,1597,0,0,137,137,0,1535,0,0,0,0,0,1672,0,0,149,149,0,1523,0,0,206,206,0,1466,0,0,1402,1402,0,270,0,0,0.023720879050142696
signed_targeting,hmda_oh,mlp,1000,features,income,1654,True,1392,1392,0,262,0,0,83,83,0,1571,1,1,190,190,0,1464,0,0,782,752,30,872,5,35,783,753,30,871,6,36,817,787,30,837,6,36,1499,1465,34,155,1,35,0.03466047391293032
signed_targeting,hmda_oh,mlp,1000,features,debt_to_income_ratio,1666,True,1455,1455,0,211,0,0,110,110,0,1556,0,0,84,84,0,1582,0,0,351,341,10,1315,2,12,360,350,10,1306,2,12,439,429,10,1227,2,12,1507,1495,12,159,0,12,0.045991011237356605
signed_targeting,hmda_oh,mlp,1000,features,loan_to_value_ratio,1669,True,1500,1500,0,169,0,0,188,187,1,1481,2,3,73,73,0,1596,0,0,407,400,7,1262,0,7,422,415,7,1247,3,10,585,577,8,1084,2,10,1554,1547,7,115,0,7,0.10627125635338683
signed_targeting,hmda_oh,mlp,1000,features,linked_income_plus10k,675,True,413,413,0,262,0,0,18,18,0,657,0,0,12,12,0,663,0,0,79,75,4,596,0,4,80,76,4,595,0,4,94,90,4,581,0,4,433,429,4,242,0,4,0.01852305300423255
targeting,hmda_oh,mlp,1000,contexts,debt_to_income_ratio,1666,True,1455,1447,8,211,0,8,110,108,2,1556,2,4,84,84,0,1582,0,0,351,345,6,1315,0,6,360,352,8,1306,2,10,439,431,8,1227,2,10,1507,1493,14,159,0,14,0.04901484346469698
targeting,hmda_oh,mlp,1000,contexts,ffiec_msa_md_median_family_income,1628,False,1297,1296,1,331,0,1,87,86,1,1541,0,1,136,136,0,1492,0,0,0,0,0,1628,0,0,144,143,1,1484,0,1,217,216,1,1411,0,1,1297,1296,1,331,0,1,0.03664838270199101
targeting,hmda_oh,mlp,1000,contexts,income,1654,True,1392,1392,0,262,0,0,83,83,0,1571,1,1,190,190,0,1464,0,0,782,773,9,872,1,10,783,773,10,871,1,11,817,807,10,837,1,11,1499,1490,9,155,1,10,0.03547936852004876
targeting,hmda_oh,mlp,1000,contexts,lien_status,1486,False,1130,1127,3,356,0,3,81,81,0,1405,4,4,62,62,0,1424,0,0,0,0,0,1486,0,0,71,71,0,1415,4,4,141,141,0,1345,4,4,1130,1127,3,356,0,3,0.03389204192993438
targeting,hmda_oh,mlp,1000,contexts,loan_amount,1585,False,1282,1278,4,303,1,5,81,80,1,1504,1,2,117,117,0,1468,0,0,0,0,0,1585,0,0,122,122,0,1463,2,2,189,188,1,1396,1,2,1282,1278,4,303,1,5,0.040627298980738684
targeting,hmda_oh,mlp,1000,contexts,loan_purpose,1725,False,1385,1383,2,340,2,4,99,97,2,1626,2,4,27,27,0,1698,0,0,0,0,0,1725,0,0,36,35,1,1689,3,4,126,123,3,1599,1,4,1385,1383,2,340,2,4,0.06189684333867983
targeting,hmda_oh,mlp,1000,contexts,loan_to_value_ratio,1669,True,1500,1497,3,169,1,4,188,188,0,1481,4,4,73,73,0,1596,0,0,407,405,2,1262,0,2,422,420,2,1247,4,6,585,583,2,1084,4,6,1554,1549,5,115,1,6,0.10540263770430004
targeting,hmda_oh,mlp,1000,contexts,loan_type,1483,False,1330,1326,4,153,1,5,123,122,1,1360,1,2,110,110,0,1373,0,0,0,0,0,1483,0,0,126,126,0,1357,2,2,222,221,1,1261,1,2,1330,1326,4,153,1,5,0.0952922526616939
targeting,hmda_oh,mlp,1000,contexts,occupancy_type,1249,False,1121,1118,3,128,0,3,166,166,0,1083,3,3,14,14,0,1235,0,0,0,0,0,1249,0,0,35,35,0,1214,3,3,179,179,0,1070,3,3,1121,1118,3,128,0,3,0.18093711206967514
targeting,hmda_oh,mlp,1000,contexts,preapproval,1193,False,1065,1053,12,128,1,13,40,40,0,1153,1,1,0,0,0,1193,0,0,0,0,0,1193,0,0,6,6,0,1187,1,1,40,40,0,1153,1,1,1065,1053,12,128,1,13,0.05636399501482552
targeting,hmda_oh,mlp,1000,contexts,property_value,1583,False,1419,1416,3,164,0,3,57,57,0,1526,2,2,147,147,0,1436,0,0,0,0,0,1583,0,0,149,148,1,1434,1,2,198,197,1,1385,1,2,1419,1416,3,164,0,3,0.029528922285839265
targeting,hmda_oh,mlp,1000,contexts,tract_minority_population_percent,1766,False,1244,1242,2,522,0,2,57,55,2,1709,4,6,103,103,0,1663,0,0,0,0,0,1766,0,0,105,101,4,1661,2,6,160,155,5,1606,1,6,1244,1242,2,522,0,2,0.017907387959248917
targeting,hmda_oh,mlp,1000,contexts,tract_to_msa_income_percentage,1672,False,1402,1401,1,270,0,1,75,75,0,1597,2,2,137,137,0,1535,0,0,0,0,0,1672,0,0,149,149,0,1523,2,2,206,206,0,1466,2,2,1402,1401,1,270,0,1,0.023629609945528877
signed_targeting,hmda_oh,mlp,1000,contexts,income,1654,True,1392,1392,0,262,0,0,83,83,0,1571,1,1,190,190,0,1464,0,0,782,773,9,872,1,10,783,773,10,871,1,11,817,807,10,837,1,11,1499,1490,9,155,1,10,0.03547936852004876
signed_targeting,hmda_oh,mlp,1000,contexts,debt_to_income_ratio,1666,True,1455,1447,8,211,0,8,110,108,2,1556,2,4,84,84,0,1582,0,0,351,345,6,1315,0,6,360,352,8,1306,2,10,439,431,8,1227,2,10,1507,1493,14,159,0,14,0.04901484346469698
signed_targeting,hmda_oh,mlp,1000,contexts,loan_to_value_ratio,1669,True,1500,1497,3,169,1,4,188,188,0,1481,4,4,73,73,0,1596,0,0,407,405,2,1262,0,2,422,420,2,1247,4,6,585,583,2,1084,4,6,1554,1549,5,115,1,6,0.10540263770430004
signed_targeting,hmda_oh,mlp,1000,contexts,linked_income_plus10k,675,True,413,413,0,262,0,0,18,18,0,657,0,0,12,12,0,663,0,0,79,75,4,596,0,4,80,76,4,595,0,4,94,90,4,581,0,4,433,429,4,242,0,4,0.018881673262748797
targeting,hmda_oh,mlp,1000,population,debt_to_income_ratio,1666,True,1455,411,1044,211,147,1191,110,108,2,1556,12,14,84,81,3,1582,33,36,351,297,54,1315,40,94,360,302,58,1306,50,108,439,375,64,1227,44,108,1507,410,1097,159,114,1211,0.05319881275423384
targeting,hmda_oh,mlp,1000,population,ffiec_msa_md_median_family_income,1628,False,1297,907,390,331,94,484,87,86,1,1541,9,10,136,133,3,1492,7,10,0,0,0,1628,0,0,144,140,4,1484,16,20,217,213,4,1411,16,20,1297,907,390,331,94,484,0.036449956520120966
targeting,hmda_oh,mlp,1000,population,income,1654,True,1392,1049,343,262,55,398,83,82,1,1571,10,11,190,187,3,1464,6,9,782,578,204,872,65,269,783,574,209,871,70,279,817,605,212,837,67,279,1499,960,539,155,44,583,0.03356766113001924
targeting,hmda_oh,mlp,1000,population,lien_status,1486,False,1130,718,412,356,109,521,81,80,1,1405,9,10,62,60,2,1424,21,23,0,0,0,1486,0,0,71,66,5,1415,28,33,141,132,9,1345,24,33,1130,718,412,356,109,521,0.04899060352226656
targeting,hmda_oh,mlp,1000,population,loan_amount,1585,False,1282,784,498,303,109,607,81,81,0,1504,7,7,117,116,1,1468,7,8,0,0,0,1585,0,0,122,120,2,1463,12,14,189,186,3,1396,11,14,1282,784,498,303,109,607,0.045316804593614174
targeting,hmda_oh,mlp,1000,population,loan_purpose,1725,False,1385,965,420,340,81,501,99,94,5,1626,9,14,27,27,0,1698,0,0,0,0,0,1725,0,0,36,34,2,1689,12,14,126,120,6,1599,8,14,1385,965,420,340,81,501,0.07088970651342506
targeting,hmda_oh,mlp,1000,population,loan_to_value_ratio,1669,True,1500,801,699,169,66,765,188,178,10,1481,15,25,73,73,0,1596,0,0,407,369,38,1262,0,38,422,375,47,1247,16,63,585,533,52,1084,11,63,1554,821,733,115,50,783,0.12757039884726015
targeting,hmda_oh,mlp,1000,population,loan_type,1483,False,1330,1039,291,153,31,322,123,122,1,1360,14,15,110,108,2,1373,3,5,0,0,0,1483,0,0,126,124,2,1357,18,20,222,218,4,1261,16,20,1330,1039,291,153,31,322,0.10205128534818478
targeting,hmda_oh,mlp,1000,population,occupancy_type,1249,False,1121,755,366,128,28,394,166,164,2,1083,14,16,14,14,0,1235,0,0,0,0,0,1249,0,0,35,35,0,1214,16,16,179,177,2,1070,14,16,1121,755,366,128,28,394,0.1936742055694511
targeting,hmda_oh,mlp,1000,population,preapproval,1193,False,1065,767,298,128,28,326,40,40,0,1153,8,8,0,0,0,1193,0,0,0,0,0,1193,0,0,6,6,0,1187,8,8,40,40,0,1153,8,8,1065,767,298,128,28,326,0.07883087176766365
targeting,hmda_oh,mlp,1000,population,property_value,1583,False,1419,834,585,164,52,637,57,55,2,1526,3,5,147,147,0,1436,4,4,0,0,0,1583,0,0,149,147,2,1434,7,9,198,195,3,1385,6,9,1419,834,585,164,52,637,0.03122397492205201
targeting,hmda_oh,mlp,1000,population,tract_minority_population_percent,1766,False,1244,954,290,522,94,384,57,57,0,1709,9,9,103,101,2,1663,13,15,0,0,0,1766,0,0,105,103,2,1661,22,24,160,156,4,1606,20,24,1244,954,290,522,94,384,0.01937395345045553
targeting,hmda_oh,mlp,1000,population,tract_to_msa_income_percentage,1672,False,1402,992,410,270,76,486,75,73,2,1597,11,13,137,135,2,1535,1,3,0,0,0,1672,0,0,149,146,3,1523,13,16,206,201,5,1466,11,16,1402,992,410,270,76,486,0.025275158682775804
signed_targeting,hmda_oh,mlp,1000,population,income,1654,True,1392,1049,343,262,55,398,83,82,1,1571,10,11,190,187,3,1464,6,9,782,578,204,872,65,269,783,574,209,871,70,279,817,605,212,837,67,279,1499,960,539,155,44,583,0.03356766113001924
signed_targeting,hmda_oh,mlp,1000,population,debt_to_income_ratio,1666,True,1455,411,1044,211,147,1191,110,108,2,1556,12,14,84,81,3,1582,33,36,351,297,54,1315,40,94,360,302,58,1306,50,108,439,375,64,1227,44,108,1507,410,1097,159,114,1211,0.05319881275423384
signed_targeting,hmda_oh,mlp,1000,population,loan_to_value_ratio,1669,True,1500,801,699,169,66,765,188,178,10,1481,15,25,73,73,0,1596,0,0,407,369,38,1262,0,38,422,375,47,1247,16,63,585,533,52,1084,11,63,1554,821,733,115,50,783,0.12757039884726015
signed_targeting,hmda_oh,mlp,1000,population,linked_income_plus10k,675,True,413,311,102,262,37,139,18,18,0,657,1,1,12,12,0,663,1,1,79,63,16,596,9,25,80,63,17,595,9,26,94,77,17,581,9,26,433,318,115,242,37,152,0.019935157106165866
targeting,hmda_oh,mlp,1000,task,debt_to_income_ratio,1666,True,1455,0,1455,211,0,1455,110,0,110,1556,0,110,84,0,84,1582,0,84,351,0,351,1315,0,351,360,0,360,1306,79,439,439,0,439,1227,0,439,1507,0,1507,159,0,1507,1.370565607034602e-17
targeting,hmda_oh,mlp,1000,task,ffiec_msa_md_median_family_income,1628,False,1297,0,1297,331,0,1297,87,0,87,1541,0,87,136,0,136,1492,0,136,0,0,0,1628,0,0,144,0,144,1484,73,217,217,0,217,1411,0,217,1297,0,1297,331,0,1297,2.8283262573634115e-18
targeting,hmda_oh,mlp,1000,task,income,1654,True,1392,0,1392,262,0,1392,83,0,83,1571,0,83,190,0,190,1464,0,190,782,0,782,872,0,782,783,0,783,871,34,817,817,0,817,837,0,817,1499,0,1499,155,0,1499,1.6516056794404334e-18
targeting,hmda_oh,mlp,1000,task,lien_status,1486,False,1130,0,1130,356,0,1130,81,0,81,1405,0,81,62,0,62,1424,0,62,0,0,0,1486,0,0,71,0,71,1415,70,141,141,0,141,1345,0,141,1130,0,1130,356,0,1130,1.4967516784779488e-18
targeting,hmda_oh,mlp,1000,task,loan_amount,1585,False,1282,0,1282,303,0,1282,81,0,81,1504,0,81,117,0,117,1468,0,117,0,0,0,1585,0,0,122,0,122,1463,67,189,189,0,189,1396,0,189,1282,0,1282,303,0,1282,2.615774548966388e-18
targeting,hmda_oh,mlp,1000,task,loan_purpose,1725,False,1385,0,1385,340,0,1385,99,0,99,1626,0,99,27,0,27,1698,0,27,0,0,0,1725,0,0,36,0,36,1689,90,126,126,0,126,1599,0,126,1385,0,1385,340,0,1385,2.4919129888582234e-17
targeting,hmda_oh,mlp,1000,task,loan_to_value_ratio,1669,True,1500,0,1500,169,0,1500,188,0,188,1481,0,188,73,0,73,1596,0,73,407,0,407,1262,0,407,422,0,422,1247,163,585,585,0,585,1084,0,585,1554,0,1554,115,0,1554,1.7761557195724486e-17
targeting,hmda_oh,mlp,1000,task,loan_type,1483,False,1330,0,1330,153,0,1330,123,0,123,1360,0,123,110,0,110,1373,0,110,0,0,0,1483,0,0,126,0,126,1357,96,222,222,0,222,1261,0,222,1330,0,1330,153,0,1330,1.4631209620933092e-17
targeting,hmda_oh,mlp,1000,task,occupancy_type,1249,False,1121,0,1121,128,0,1121,166,0,166,1083,0,166,14,0,14,1235,0,14,0,0,0,1249,0,0,35,0,35,1214,144,179,179,0,179,1070,0,179,1121,0,1121,128,0,1121,2.42741494883508e-17
targeting,hmda_oh,mlp,1000,task,preapproval,1193,False,1065,0,1065,128,0,1065,40,0,40,1153,0,40,0,0,0,1193,0,0,0,0,0,1193,0,0,6,0,6,1187,34,40,40,0,40,1153,0,40,1065,0,1065,128,0,1065,2.8530057670442113e-17
targeting,hmda_oh,mlp,1000,task,property_value,1583,False,1419,0,1419,164,0,1419,57,0,57,1526,0,57,147,0,147,1436,0,147,0,0,0,1583,0,0,149,0,149,1434,49,198,198,0,198,1385,0,198,1419,0,1419,164,0,1419,1.4890486059385566e-18
targeting,hmda_oh,mlp,1000,task,tract_minority_population_percent,1766,False,1244,0,1244,522,0,1244,57,0,57,1709,0,57,103,0,103,1663,0,103,0,0,0,1766,0,0,105,0,105,1661,55,160,160,0,160,1606,0,160,1244,0,1244,522,0,1244,1.3682411936429205e-18
targeting,hmda_oh,mlp,1000,task,tract_to_msa_income_percentage,1672,False,1402,0,1402,270,0,1402,75,0,75,1597,0,75,137,0,137,1535,0,137,0,0,0,1672,0,0,149,0,149,1523,57,206,206,0,206,1466,0,206,1402,0,1402,270,0,1402,9.633398923275248e-19
signed_targeting,hmda_oh,mlp,1000,task,income,1654,True,1392,0,1392,262,0,1392,83,0,83,1571,0,83,190,0,190,1464,0,190,782,0,782,872,0,782,783,0,783,871,34,817,817,0,817,837,0,817,1499,0,1499,155,0,1499,1.6516056794404334e-18
signed_targeting,hmda_oh,mlp,1000,task,debt_to_income_ratio,1666,True,1455,0,1455,211,0,1455,110,0,110,1556,0,110,84,0,84,1582,0,84,351,0,351,1315,0,351,360,0,360,1306,79,439,439,0,439,1227,0,439,1507,0,1507,159,0,1507,1.370565607034602e-17
signed_targeting,hmda_oh,mlp,1000,task,loan_to_value_ratio,1669,True,1500,0,1500,169,0,1500,188,0,188,1481,0,188,73,0,73,1596,0,73,407,0,407,1262,0,407,422,0,422,1247,163,585,585,0,585,1084,0,585,1554,0,1554,115,0,1554,1.7761557195724486e-17
signed_targeting,hmda_oh,mlp,1000,task,linked_income_plus10k,675,True,413,0,413,262,0,413,18,0,18,657,0,18,12,0,12,663,0,12,79,0,79,596,0,79,80,0,80,595,14,94,94,0,94,581,0,94,433,0,433,242,0,433,1.117932906740609e-18
targeting,hmda_oh,mlp,1000,augmentation,debt_to_income_ratio,1666,True,1455,564,891,211,137,1028,110,98,12,1556,12,24,84,83,1,1582,25,26,351,146,205,1315,118,323,360,151,209,1306,128,337,439,215,224,1227,113,337,1507,486,1021,159,104,1125,0.0408844006001301
targeting,hmda_oh,mlp,1000,augmentation,ffiec_msa_md_median_family_income,1628,False,1297,625,672,331,151,823,87,77,10,1541,16,26,136,132,4,1492,12,16,0,0,0,1628,0,0,144,138,6,1484,36,42,217,202,15,1411,27,42,1297,625,672,331,151,823,0.031782702989735664
targeting,hmda_oh,mlp,1000,augmentation,income,1654,True,1392,512,880,262,145,1025,83,74,9,1571,22,31,190,178,12,1464,15,27,782,209,573,872,170,743,783,206,577,871,178,755,817,233,584,837,171,755,1499,318,1181,155,93,1274,0.02889109580072393
targeting,hmda_oh,mlp,1000,augmentation,lien_status,1486,False,1130,507,623,356,165,788,81,68,13,1405,9,22,62,61,1,1424,20,21,0,0,0,1486,0,0,71,67,4,1415,38,42,141,121,20,1345,22,42,1130,507,623,356,165,788,0.034368408763596855
targeting,hmda_oh,mlp,1000,augmentation,loan_amount,1585,False,1282,481,801,303,175,976,81,77,4,1504,10,14,117,112,5,1468,12,17,0,0,0,1585,0,0,122,114,8,1463,21,29,189,175,14,1396,15,29,1282,481,801,303,175,976,0.04300060412054011
targeting,hmda_oh,mlp,1000,augmentation,loan_purpose,1725,False,1385,590,795,340,180,975,99,90,9,1626,11,20,27,26,1,1698,6,7,0,0,0,1725,0,0,36,35,1,1689,26,27,126,115,11,1599,16,27,1385,590,795,340,180,975,0.049985932971080664
targeting,hmda_oh,mlp,1000,augmentation,loan_to_value_ratio,1669,True,1500,441,1059,169,113,1172,188,166,22,1481,45,67,73,71,2,1596,2,4,407,161,246,1262,13,259,422,171,251,1247,75,326,585,313,272,1084,54,326,1554,363,1191,115,84,1275,0.07170245407238314
targeting,hmda_oh,mlp,1000,augmentation,loan_type,1483,False,1330,478,852,153,97,949,123,107,16,1360,24,40,110,100,10,1373,24,34,0,0,0,1483,0,0,126,106,20,1357,52,72,222,190,32,1261,40,72,1330,478,852,153,97,949,0.05403472665526284
targeting,hmda_oh,mlp,1000,augmentation,occupancy_type,1249,False,1121,345,776,128,67,843,166,157,9,1083,21,30,14,14,0,1235,3,3,0,0,0,1249,0,0,35,34,1,1214,32,33,179,170,9,1070,24,33,1121,345,776,128,67,843,0.09433520060066185
targeting,hmda_oh,mlp,1000,augmentation,preapproval,1193,False,1065,299,766,128,79,845,40,38,2,1153,5,7,0,0,0,1193,0,0,0,0,0,1193,0,0,6,6,0,1187,7,7,40,38,2,1153,5,7,1065,299,766,128,79,845,0.045423639071839494
targeting,hmda_oh,mlp,1000,augmentation,property_value,1583,False,1419,512,907,164,97,1004,57,49,8,1526,14,22,147,145,2,1436,10,12,0,0,0,1583,0,0,149,145,4,1434,30,34,198,186,12,1385,22,34,1419,512,907,164,97,1004,0.028436872674487714
targeting,hmda_oh,mlp,1000,augmentation,tract_minority_population_percent,1766,False,1244,439,805,522,324,1129,57,49,8,1709,15,23,103,97,6,1663,27,33,0,0,0,1766,0,0,105,97,8,1661,47,55,160,140,20,1606,35,55,1244,439,805,522,324,1129,0.024906993241222714
targeting,hmda_oh,mlp,1000,augmentation,tract_to_msa_income_percentage,1672,False,1402,594,808,270,122,930,75,67,8,1597,13,21,137,133,4,1535,13,17,0,0,0,1672,0,0,149,138,11,1523,27,38,206,190,16,1466,22,38,1402,594,808,270,122,930,0.02571528735568605
signed_targeting,hmda_oh,mlp,1000,augmentation,income,1654,True,1392,512,880,262,145,1025,83,74,9,1571,22,31,190,178,12,1464,15,27,782,209,573,872,170,743,783,206,577,871,178,755,817,233,584,837,171,755,1499,318,1181,155,93,1274,0.02889109580072393
signed_targeting,hmda_oh,mlp,1000,augmentation,debt_to_income_ratio,1666,True,1455,564,891,211,137,1028,110,98,12,1556,12,24,84,83,1,1582,25,26,351,146,205,1315,118,323,360,151,209,1306,128,337,439,215,224,1227,113,337,1507,486,1021,159,104,1125,0.0408844006001301
signed_targeting,hmda_oh,mlp,1000,augmentation,loan_to_value_ratio,1669,True,1500,441,1059,169,113,1172,188,166,22,1481,45,67,73,71,2,1596,2,4,407,161,246,1262,13,259,422,171,251,1247,75,326,585,313,272,1084,54,326,1554,363,1191,115,84,1275,0.07170245407238314
signed_targeting,hmda_oh,mlp,1000,augmentation,linked_income_plus10k,675,True,413,238,175,262,81,256,18,14,4,657,6,10,12,12,0,663,2,2,79,29,50,596,27,77,80,28,52,595,34,86,94,38,56,581,30,86,433,219,214,242,80,294,0.01783230574477002
targeting,hmda_oh,mlp,1001,full,debt_to_income_ratio,1666,True,1472,1472,0,194,0,0,74,74,0,1592,0,0,133,133,0,1533,0,0,383,357,26,1283,2,28,391,365,26,1275,2,28,423,397,26,1243,2,28,1502,1474,28,164,0,28,0.043297294740862156
targeting,hmda_oh,mlp,1001,full,ffiec_msa_md_median_family_income,1628,False,1375,1375,0,253,0,0,69,69,0,1559,0,0,145,145,0,1483,0,0,0,0,0,1628,0,0,158,158,0,1470,0,0,207,207,0,1421,0,0,1375,1375,0,253,0,0,0.032600493122148966
targeting,hmda_oh,mlp,1001,full,income,1654,True,1549,1549,0,105,0,0,70,70,0,1584,0,0,250,250,0,1404,0,0,1145,1133,12,509,1,13,1150,1138,12,504,1,13,1181,1168,13,473,0,13,1612,1600,12,42,1,13,0.05075955184181498
targeting,hmda_oh,mlp,1001,full,lien_status,1486,False,1322,1322,0,164,0,0,77,77,0,1409,1,1,103,103,0,1383,0,0,0,0,0,1486,0,0,118,118,0,1368,1,1,167,167,0,1319,1,1,1322,1322,0,164,0,0,0.03947452490505863
targeting,hmda_oh,mlp,1001,full,loan_amount,1585,False,1345,1345,0,240,0,0,79,79,0,1506,2,2,135,135,0,1450,0,0,0,0,0,1585,0,0,144,144,0,1441,2,2,205,205,0,1380,2,2,1345,1345,0,240,0,0,0.03594537006481915
targeting,hmda_oh,mlp,1001,full,loan_purpose,1725,False,1491,1491,0,234,0,0,122,122,0,1603,0,0,18,18,0,1707,0,0,0,0,0,1725,0,0,43,43,0,1682,0,0,139,139,0,1586,0,0,1491,1491,0,234,0,0,0.05738201146887734
targeting,hmda_oh,mlp,1001,full,loan_to_value_ratio,1669,True,1488,1488,0,181,0,0,228,227,1,1441,2,3,83,83,0,1586,0,0,484,482,2,1185,0,2,499,497,2,1170,3,5,701,698,3,968,2,5,1533,1531,2,136,0,2,0.09777852151224792
targeting,hmda_oh,mlp,1001,full,loan_type,1483,False,1394,1394,0,89,0,0,124,124,0,1359,0,0,131,131,0,1352,0,0,0,0,0,1483,0,0,145,145,0,1338,0,0,244,244,0,1239,0,0,1394,1394,0,89,0,0,0.08365874061162669
targeting,hmda_oh,mlp,1001,full,occupancy_type,1249,False,1158,1158,0,91,0,0,206,206,0,1043,1,1,30,30,0,1219,0,0,0,0,0,1249,0,0,73,73,0,1176,1,1,235,235,0,1014,1,1,1158,1158,0,91,0,0,0.2173179199687274
targeting,hmda_oh,mlp,1001,full,preapproval,1193,False,1085,1085,0,108,0,0,36,36,0,1157,0,0,0,0,0,1193,0,0,0,0,0,1193,0,0,2,2,0,1191,0,0,36,36,0,1157,0,0,1085,1085,0,108,0,0,0.050199140069163234
targeting,hmda_oh,mlp,1001,full,property_value,1583,False,1449,1449,0,134,0,0,60,60,0,1523,0,0,188,188,0,1395,0,0,0,0,0,1583,0,0,192,192,0,1391,0,0,233,233,0,1350,0,0,1449,1449,0,134,0,0,0.03060516643810842
targeting,hmda_oh,mlp,1001,full,tract_minority_population_percent,1766,False,1416,1416,0,350,0,0,45,45,0,1721,1,1,157,157,0,1609,0,0,0,0,0,1766,0,0,158,158,0,1608,1,1,193,193,0,1573,1,1,1416,1416,0,350,0,0,0.02236931736722609
targeting,hmda_oh,mlp,1001,full,tract_to_msa_income_percentage,1672,False,1418,1418,0,254,0,0,71,71,0,1601,1,1,145,145,0,1527,0,0,0,0,0,1672,0,0,149,149,0,1523,1,1,205,205,0,1467,1,1,1418,1418,0,254,0,0,0.0266300613523583
signed_targeting,hmda_oh,mlp,1001,full,income,1654,True,1549,1549,0,105,0,0,70,70,0,1584,0,0,250,250,0,1404,0,0,1145,1133,12,509,1,13,1150,1138,12,504,1,13,1181,1168,13,473,0,13,1612,1600,12,42,1,13,0.05075955184181498
signed_targeting,hmda_oh,mlp,1001,full,debt_to_income_ratio,1666,True,1472,1472,0,194,0,0,74,74,0,1592,0,0,133,133,0,1533,0,0,383,357,26,1283,2,28,391,365,26,1275,2,28,423,397,26,1243,2,28,1502,1474,28,164,0,28,0.043297294740862156
signed_targeting,hmda_oh,mlp,1001,full,loan_to_value_ratio,1669,True,1488,1488,0,181,0,0,228,227,1,1441,2,3,83,83,0,1586,0,0,484,482,2,1185,0,2,499,497,2,1170,3,5,701,698,3,968,2,5,1533,1531,2,136,0,2,0.09777852151224792
signed_targeting,hmda_oh,mlp,1001,full,linked_income_plus10k,675,True,458,458,0,217,0,0,15,15,0,660,0,0,13,13,0,662,0,0,96,90,6,579,1,7,97,91,6,578,1,7,107,101,6,568,1,7,483,476,7,192,0,7,0.017402987481489458
targeting,hmda_oh,mlp,1001,features,debt_to_income_ratio,1666,True,1472,1472,0,194,0,0,74,74,0,1592,1,1,133,133,0,1533,0,0,383,377,6,1283,1,7,391,385,6,1275,2,8,423,417,6,1243,2,8,1502,1495,7,164,0,7,0.044995216927393035
targeting,hmda_oh,mlp,1001,features,ffiec_msa_md_median_family_income,1628,False,1375,1374,1,253,0,1,69,68,1,1559,4,5,145,145,0,1483,0,0,0,0,0,1628,0,0,158,154,4,1470,1,5,207,202,5,1421,0,5,1375,1374,1,253,0,1,0.03451175566345876
targeting,hmda_oh,mlp,1001,features,income,1654,True,1549,1549,0,105,0,0,70,70,0,1584,2,2,250,250,0,1404,0,0,1145,1120,25,509,3,28,1150,1125,25,504,4,29,1181,1155,26,473,3,29,1612,1584,28,42,0,28,0.04562942031744633
targeting,hmda_oh,mlp,1001,features,lien_status,1486,False,1322,1321,1,164,0,1,77,77,0,1409,2,2,103,103,0,1383,0,0,0,0,0,1486,0,0,118,117,1,1368,1,2,167,166,1,1319,1,2,1322,1321,1,164,0,1,0.03842793944171427
targeting,hmda_oh,mlp,1001,features,loan_amount,1585,False,1345,1345,0,240,0,0,79,79,0,1506,0,0,135,135,0,1450,0,0,0,0,0,1585,0,0,144,144,0,1441,0,0,205,205,0,1380,0,0,1345,1345,0,240,0,0,0.041047245563306294
targeting,hmda_oh,mlp,1001,features,loan_purpose,1725,False,1491,1491,0,234,0,0,122,122,0,1603,3,3,18,18,0,1707,0,0,0,0,0,1725,0,0,43,43,0,1682,3,3,139,139,0,1586,3,3,1491,1491,0,234,0,0,0.05860844751366799
targeting,hmda_oh,mlp,1001,features,loan_to_value_ratio,1669,True,1488,1488,0,181,0,0,228,227,1,1441,3,4,83,83,0,1586,0,0,484,474,10,1185,0,10,499,489,10,1170,4,14,701,690,11,968,3,14,1533,1523,10,136,0,10,0.1070418008484866
targeting,hmda_oh,mlp,1001,features,loan_type,1483,False,1394,1394,0,89,0,0,124,124,0,1359,2,2,131,131,0,1352,0,0,0,0,0,1483,0,0,145,145,0,1338,2,2,244,244,0,1239,2,2,1394,1394,0,89,0,0,0.08938090135750554
targeting,hmda_oh,mlp,1001,features,occupancy_type,1249,False,1158,1156,2,91,0,2,206,206,0,1043,3,3,30,30,0,1219,0,0,0,0,0,1249,0,0,73,73,0,1176,3,3,235,235,0,1014,3,3,1158,1156,2,91,0,2,0.2235212819030559
targeting,hmda_oh,mlp,1001,features,preapproval,1193,False,1085,1085,0,108,0,0,36,36,0,1157,3,3,0,0,0,1193,0,0,0,0,0,1193,0,0,2,2,0,1191,3,3,36,36,0,1157,3,3,1085,1085,0,108,0,0,0.05440621268663642
targeting,hmda_oh,mlp,1001,features,property_value,1583,False,1449,1449,0,134,0,0,60,59,1,1523,0,1,188,188,0,1395,0,0,0,0,0,1583,0,0,192,192,0,1391,1,1,233,232,1,1350,0,1,1449,1449,0,134,0,0,0.03023131312806424
targeting,hmda_oh,mlp,1001,features,tract_minority_population_percent,1766,False,1416,1416,0,350,0,0,45,45,0,1721,5,5,157,157,0,1609,0,0,0,0,0,1766,0,0,158,158,0,1608,5,5,193,193,0,1573,5,5,1416,1416,0,350,0,0,0.022497595749621412
targeting,hmda_oh,mlp,1001,features,tract_to_msa_income_percentage,1672,False,1418,1418,0,254,0,0,71,71,0,1601,1,1,145,145,0,1527,0,0,0,0,0,1672,0,0,149,149,0,1523,1,1,205,205,0,1467,1,1,1418,1418,0,254,0,0,0.02855574714756651
signed_targeting,hmda_oh,mlp,1001,features,income,1654,True,1549,1549,0,105,0,0,70,70,0,1584,2,2,250,250,0,1404,0,0,1145,1120,25,509,3,28,1150,1125,25,504,4,29,1181,1155,26,473,3,29,1612,1584,28,42,0,28,0.04562942031744633
signed_targeting,hmda_oh,mlp,1001,features,debt_to_income_ratio,1666,True,1472,1472,0,194,0,0,74,74,0,1592,1,1,133,133,0,1533,0,0,383,377,6,1283,1,7,391,385,6,1275,2,8,423,417,6,1243,2,8,1502,1495,7,164,0,7,0.044995216927393035
signed_targeting,hmda_oh,mlp,1001,features,loan_to_value_ratio,1669,True,1488,1488,0,181,0,0,228,227,1,1441,3,4,83,83,0,1586,0,0,484,474,10,1185,0,10,499,489,10,1170,4,14,701,690,11,968,3,14,1533,1523,10,136,0,10,0.1070418008484866
signed_targeting,hmda_oh,mlp,1001,features,linked_income_plus10k,675,True,458,458,0,217,0,0,15,15,0,660,0,0,13,13,0,662,0,0,96,96,0,579,0,0,97,97,0,578,0,0,107,107,0,568,0,0,483,483,0,192,0,0,0.01794604365028068
targeting,hmda_oh,mlp,1001,contexts,debt_to_income_ratio,1666,True,1472,1472,0,194,0,0,74,74,0,1592,0,0,133,133,0,1533,0,0,383,378,5,1283,2,7,391,386,5,1275,2,7,423,418,5,1243,2,7,1502,1495,7,164,0,7,0.04315454588201076
targeting,hmda_oh,mlp,1001,contexts,ffiec_msa_md_median_family_income,1628,False,1375,1372,3,253,1,4,69,69,0,1559,0,0,145,145,0,1483,0,0,0,0,0,1628,0,0,158,158,0,1470,0,0,207,207,0,1421,0,0,1375,1372,3,253,1,4,0.03276459014152556
targeting,hmda_oh,mlp,1001,contexts,income,1654,True,1549,1549,0,105,0,0,70,70,0,1584,1,1,250,250,0,1404,0,0,1145,1131,14,509,1,15,1150,1135,15,504,1,16,1181,1166,15,473,1,16,1612,1597,15,42,0,15,0.05089675158679161
targeting,hmda_oh,mlp,1001,contexts,lien_status,1486,False,1322,1321,1,164,0,1,77,77,0,1409,1,1,103,103,0,1383,0,0,0,0,0,1486,0,0,118,118,0,1368,1,1,167,167,0,1319,1,1,1322,1321,1,164,0,1,0.03905650848554643
targeting,hmda_oh,mlp,1001,contexts,loan_amount,1585,False,1345,1343,2,240,0,2,79,79,0,1506,0,0,135,135,0,1450,0,0,0,0,0,1585,0,0,144,144,0,1441,0,0,205,205,0,1380,0,0,1345,1343,2,240,0,2,0.036387592490054396
targeting,hmda_oh,mlp,1001,contexts,loan_purpose,1725,False,1491,1491,0,234,0,0,122,122,0,1603,1,1,18,18,0,1707,0,0,0,0,0,1725,0,0,43,43,0,1682,1,1,139,139,0,1586,1,1,1491,1491,0,234,0,0,0.05744301924219671
targeting,hmda_oh,mlp,1001,contexts,loan_to_value_ratio,1669,True,1488,1488,0,181,0,0,228,228,0,1441,1,1,83,83,0,1586,0,0,484,482,2,1185,0,2,499,496,3,1170,0,3,701,698,3,968,0,3,1533,1531,2,136,0,2,0.09647648189660299
targeting,hmda_oh,mlp,1001,contexts,loan_type,1483,False,1394,1393,1,89,0,1,124,124,0,1359,1,1,131,131,0,1352,0,0,0,0,0,1483,0,0,145,145,0,1338,1,1,244,244,0,1239,1,1,1394,1393,1,89,0,1,0.08431036476172533
targeting,hmda_oh,mlp,1001,contexts,occupancy_type,1249,False,1158,1158,0,91,0,0,206,206,0,1043,1,1,30,30,0,1219,0,0,0,0,0,1249,0,0,73,73,0,1176,1,1,235,235,0,1014,1,1,1158,1158,0,91,0,0,0.2176368526231775
targeting,hmda_oh,mlp,1001,contexts,preapproval,1193,False,1085,1081,4,108,0,4,36,36,0,1157,0,0,0,0,0,1193,0,0,0,0,0,1193,0,0,2,2,0,1191,0,0,36,36,0,1157,0,0,1085,1081,4,108,0,4,0.052039712557343104
targeting,hmda_oh,mlp,1001,contexts,property_value,1583,False,1449,1449,0,134,0,0,60,60,0,1523,2,2,188,188,0,1395,0,0,0,0,0,1583,0,0,192,191,1,1391,1,2,233,232,1,1350,1,2,1449,1449,0,134,0,0,0.029106102330963737
targeting,hmda_oh,mlp,1001,contexts,tract_minority_population_percent,1766,False,1416,1415,1,350,0,1,45,45,0,1721,1,1,157,157,0,1609,0,0,0,0,0,1766,0,0,158,158,0,1608,1,1,193,193,0,1573,1,1,1416,1415,1,350,0,1,0.022157119341118057
targeting,hmda_oh,mlp,1001,contexts,tract_to_msa_income_percentage,1672,False,1418,1418,0,254,0,0,71,71,0,1601,1,1,145,145,0,1527,0,0,0,0,0,1672,0,0,149,149,0,1523,1,1,205,205,0,1467,1,1,1418,1418,0,254,0,0,0.02621094827409311
signed_targeting,hmda_oh,mlp,1001,contexts,income,1654,True,1549,1549,0,105,0,0,70,70,0,1584,1,1,250,250,0,1404,0,0,1145,1131,14,509,1,15,1150,1135,15,504,1,16,1181,1166,15,473,1,16,1612,1597,15,42,0,15,0.05089675158679161
signed_targeting,hmda_oh,mlp,1001,contexts,debt_to_income_ratio,1666,True,1472,1472,0,194,0,0,74,74,0,1592,0,0,133,133,0,1533,0,0,383,378,5,1283,2,7,391,386,5,1275,2,7,423,418,5,1243,2,7,1502,1495,7,164,0,7,0.04315454588201076
signed_targeting,hmda_oh,mlp,1001,contexts,loan_to_value_ratio,1669,True,1488,1488,0,181,0,0,228,228,0,1441,1,1,83,83,0,1586,0,0,484,482,2,1185,0,2,499,496,3,1170,0,3,701,698,3,968,0,3,1533,1531,2,136,0,2,0.09647648189660299
signed_targeting,hmda_oh,mlp,1001,contexts,linked_income_plus10k,675,True,458,458,0,217,0,0,15,15,0,660,0,0,13,13,0,662,0,0,96,91,5,579,1,6,97,92,5,578,1,6,107,102,5,568,1,6,483,477,6,192,0,6,0.01817835141651915
targeting,hmda_oh,mlp,1001,population,debt_to_income_ratio,1666,True,1472,812,660,194,97,757,74,70,4,1592,13,17,133,131,2,1533,1,3,383,362,21,1283,19,40,391,361,30,1275,27,57,423,389,34,1243,23,57,1502,811,691,164,82,773,0.054875100741437186
targeting,hmda_oh,mlp,1001,population,ffiec_msa_md_median_family_income,1628,False,1375,829,546,253,107,653,69,67,2,1559,16,18,145,142,3,1483,20,23,0,0,0,1628,0,0,158,150,8,1470,33,41,207,197,10,1421,31,41,1375,829,546,253,107,653,0.033145353024074564
targeting,hmda_oh,mlp,1001,population,income,1654,True,1549,787,762,105,51,813,70,65,5,1584,19,24,250,244,6,1404,23,29,1145,870,275,509,65,340,1150,864,286,504,76,362,1181,887,294,473,68,362,1612,681,931,42,25,956,0.04279619957294694
targeting,hmda_oh,mlp,1001,population,lien_status,1486,False,1322,720,602,164,56,658,77,71,6,1409,22,28,103,102,1,1383,1,2,0,0,0,1486,0,0,118,113,5,1368,25,30,167,158,9,1319,21,30,1322,720,602,164,56,658,0.04140931704998642
targeting,hmda_oh,mlp,1001,population,loan_amount,1585,False,1345,571,774,240,125,899,79,74,5,1506,19,24,135,135,0,1450,2,2,0,0,0,1585,0,0,144,139,5,1441,21,26,205,196,9,1380,17,26,1345,571,774,240,125,899,0.05170906749267458
targeting,hmda_oh,mlp,1001,population,loan_purpose,1725,False,1491,742,749,234,105,854,122,115,7,1603,21,28,18,18,0,1707,0,0,0,0,0,1725,0,0,43,40,3,1682,25,28,139,131,8,1586,20,28,1491,742,749,234,105,854,0.07122896955279126
targeting,hmda_oh,mlp,1001,population,loan_to_value_ratio,1669,True,1488,720,768,181,84,852,228,218,10,1441,20,30,83,83,0,1586,0,0,484,464,20,1185,0,20,499,474,25,1170,25,50,701,668,33,968,17,50,1533,733,800,136,59,859,0.1177130439317891
targeting,hmda_oh,mlp,1001,population,loan_type,1483,False,1394,550,844,89,45,889,124,118,6,1359,16,22,131,122,9,1352,24,33,0,0,0,1483,0,0,145,134,11,1338,42,53,244,224,20,1239,33,53,1394,550,844,89,45,889,0.09596304105364509
targeting,hmda_oh,mlp,1001,population,occupancy_type,1249,False,1158,605,553,91,39,592,206,198,8,1043,21,29,30,30,0,1219,0,0,0,0,0,1249,0,0,73,72,1,1176,28,29,235,227,8,1014,21,29,1158,605,553,91,39,592,0.24128495669386535
targeting,hmda_oh,mlp,1001,population,preapproval,1193,False,1085,536,549,108,50,599,36,35,1,1157,12,13,0,0,0,1193,0,0,0,0,0,1193,0,0,2,2,0,1191,13,13,36,35,1,1157,12,13,1085,536,549,108,50,599,0.056560742611909104
targeting,hmda_oh,mlp,1001,population,property_value,1583,False,1449,675,774,134,71,845,60,56,4,1523,14,18,188,185,3,1395,9,12,0,0,0,1583,0,0,192,179,13,1391,17,30,233,216,17,1350,13,30,1449,675,774,134,71,845,0.03354368489413093
targeting,hmda_oh,mlp,1001,population,tract_minority_population_percent,1766,False,1416,1078,338,350,73,411,45,42,3,1721,29,32,157,156,1,1609,1,2,0,0,0,1766,0,0,158,157,1,1608,33,34,193,189,4,1573,30,34,1416,1078,338,350,73,411,0.02198218050015742
targeting,hmda_oh,mlp,1001,population,tract_to_msa_income_percentage,1672,False,1418,843,575,254,114,689,71,68,3,1601,15,18,145,144,1,1527,3,4,0,0,0,1672,0,0,149,146,3,1523,19,22,205,200,5,1467,17,22,1418,843,575,254,114,689,0.029418908580578915
signed_targeting,hmda_oh,mlp,1001,population,income,1654,True,1549,787,762,105,51,813,70,65,5,1584,19,24,250,244,6,1404,23,29,1145,870,275,509,65,340,1150,864,286,504,76,362,1181,887,294,473,68,362,1612,681,931,42,25,956,0.04279619957294694
signed_targeting,hmda_oh,mlp,1001,population,debt_to_income_ratio,1666,True,1472,812,660,194,97,757,74,70,4,1592,13,17,133,131,2,1533,1,3,383,362,21,1283,19,40,391,361,30,1275,27,57,423,389,34,1243,23,57,1502,811,691,164,82,773,0.054875100741437186
signed_targeting,hmda_oh,mlp,1001,population,loan_to_value_ratio,1669,True,1488,720,768,181,84,852,228,218,10,1441,20,30,83,83,0,1586,0,0,484,464,20,1185,0,20,499,474,25,1170,25,50,701,668,33,968,17,50,1533,733,800,136,59,859,0.1177130439317891
signed_targeting,hmda_oh,mlp,1001,population,linked_income_plus10k,675,True,458,336,122,217,30,152,15,15,0,660,5,5,13,13,0,662,2,2,96,84,12,579,8,20,97,82,15,578,10,25,107,92,15,568,10,25,483,348,135,192,27,162,0.020837300721905306
targeting,hmda_oh,mlp,1001,task,debt_to_income_ratio,1666,True,1472,0,1472,194,0,1472,74,0,74,1592,0,74,133,0,133,1533,0,133,383,0,383,1283,0,383,391,0,391,1275,32,423,423,0,423,1243,0,423,1502,0,1502,164,0,1502,1.3184876216801981e-17
targeting,hmda_oh,mlp,1001,task,ffiec_msa_md_median_family_income,1628,False,1375,0,1375,253,0,1375,69,0,69,1559,0,69,145,0,145,1483,0,145,0,0,0,1628,0,0,158,0,158,1470,49,207,207,0,207,1421,0,207,1375,0,1375,253,0,1375,3.805138387806485e-18
targeting,hmda_oh,mlp,1001,task,income,1654,True,1549,0,1549,105,0,1549,70,0,70,1584,0,70,250,0,250,1404,0,250,1145,0,1145,509,0,1145,1150,0,1150,504,31,1181,1181,0,1181,473,0,1181,1612,0,1612,42,0,1612,6.99743033317141e-18
targeting,hmda_oh,mlp,1001,task,lien_status,1486,False,1322,0,1322,164,0,1322,77,0,77,1409,0,77,103,0,103,1383,0,103,0,0,0,1486,0,0,118,0,118,1368,49,167,167,0,167,1319,0,167,1322,0,1322,164,0,1322,3.2512339364760366e-18
targeting,hmda_oh,mlp,1001,task,loan_amount,1585,False,1345,0,1345,240,0,1345,79,0,79,1506,0,79,135,0,135,1450,0,135,0,0,0,1585,0,0,144,0,144,1441,61,205,205,0,205,1380,0,205,1345,0,1345,240,0,1345,3.4138174619363376e-18
targeting,hmda_oh,mlp,1001,task,loan_purpose,1725,False,1491,0,1491,234,0,1491,122,0,122,1603,0,122,18,0,18,1707,0,18,0,0,0,1725,0,0,43,0,43,1682,96,139,139,0,139,1586,0,139,1491,0,1491,234,0,1491,2.529814889804696e-17
targeting,hmda_oh,mlp,1001,task,loan_to_value_ratio,1669,True,1488,0,1488,181,0,1488,228,0,228,1441,0,228,83,0,83,1586,0,83,484,0,484,1185,0,484,499,0,499,1170,202,701,701,0,701,968,0,701,1533,0,1533,136,0,1533,1.7690489659673007e-17
targeting,hmda_oh,mlp,1001,task,loan_type,1483,False,1394,0,1394,89,0,1394,124,0,124,1359,0,124,131,0,131,1352,0,131,0,0,0,1483,0,0,145,0,145,1338,99,244,244,0,244,1239,0,244,1394,0,1394,89,0,1394,1.6810155328058197e-17
targeting,hmda_oh,mlp,1001,task,occupancy_type,1249,False,1158,0,1158,91,0,1158,206,0,206,1043,0,206,30,0,30,1219,0,30,0,0,0,1249,0,0,73,0,73,1176,162,235,235,0,235,1014,0,235,1158,0,1158,91,0,1158,2.5008351407877013e-17
targeting,hmda_oh,mlp,1001,task,preapproval,1193,False,1085,0,1085,108,0,1085,36,0,36,1157,0,36,0,0,0,1193,0,0,0,0,0,1193,0,0,2,0,2,1191,34,36,36,0,36,1157,0,36,1085,0,1085,108,0,1085,2.8374425128918106e-17
targeting,hmda_oh,mlp,1001,task,property_value,1583,False,1449,0,1449,134,0,1449,60,0,60,1523,0,60,188,0,188,1395,0,188,0,0,0,1583,0,0,192,0,192,1391,41,233,233,0,233,1350,0,233,1449,0,1449,134,0,1449,2.4276060582856893e-18
targeting,hmda_oh,mlp,1001,task,tract_minority_population_percent,1766,False,1416,0,1416,350,0,1416,45,0,45,1721,0,45,157,0,157,1609,0,157,0,0,0,1766,0,0,158,0,158,1608,35,193,193,0,193,1573,0,193,1416,0,1416,350,0,1416,1.6500470407332832e-18
targeting,hmda_oh,mlp,1001,task,tract_to_msa_income_percentage,1672,False,1418,0,1418,254,0,1418,71,0,71,1601,0,71,145,0,145,1527,0,145,0,0,0,1672,0,0,149,0,149,1523,56,205,205,0,205,1467,0,205,1418,0,1418,254,0,1418,1.3219063658939217e-18
signed_targeting,hmda_oh,mlp,1001,task,income,1654,True,1549,0,1549,105,0,1549,70,0,70,1584,0,70,250,0,250,1404,0,250,1145,0,1145,509,0,1145,1150,0,1150,504,31,1181,1181,0,1181,473,0,1181,1612,0,1612,42,0,1612,6.99743033317141e-18
signed_targeting,hmda_oh,mlp,1001,task,debt_to_income_ratio,1666,True,1472,0,1472,194,0,1472,74,0,74,1592,0,74,133,0,133,1533,0,133,383,0,383,1283,0,383,391,0,391,1275,32,423,423,0,423,1243,0,423,1502,0,1502,164,0,1502,1.3184876216801981e-17
signed_targeting,hmda_oh,mlp,1001,task,loan_to_value_ratio,1669,True,1488,0,1488,181,0,1488,228,0,228,1441,0,228,83,0,83,1586,0,83,484,0,484,1185,0,484,499,0,499,1170,202,701,701,0,701,968,0,701,1533,0,1533,136,0,1533,1.7690489659673007e-17
signed_targeting,hmda_oh,mlp,1001,task,linked_income_plus10k,675,True,458,0,458,217,0,458,15,0,15,660,0,15,13,0,13,662,0,13,96,0,96,579,0,96,97,0,97,578,10,107,107,0,107,568,0,107,483,0,483,192,0,483,1.0398703503216527e-18
targeting,hmda_oh,mlp,1001,augmentation,debt_to_income_ratio,1666,True,1472,707,765,194,90,855,74,72,2,1592,10,12,133,131,2,1533,5,7,383,126,257,1283,218,475,391,127,264,1275,214,478,423,158,265,1243,213,478,1502,536,966,164,78,1044,0.05794660406830724
targeting,hmda_oh,mlp,1001,augmentation,ffiec_msa_md_median_family_income,1628,False,1375,715,660,253,120,780,69,67,2,1559,20,22,145,143,2,1483,7,9,0,0,0,1628,0,0,158,150,8,1470,23,31,207,195,12,1421,19,31,1375,715,660,253,120,780,0.047883374630052246
targeting,hmda_oh,mlp,1001,augmentation,income,1654,True,1549,806,743,105,51,794,70,64,6,1584,19,25,250,247,3,1404,4,7,1145,615,530,509,61,591,1150,614,536,504,69,605,1181,636,545,473,60,605,1612,537,1075,42,27,1102,0.0501805479639071
targeting,hmda_oh,mlp,1001,augmentation,lien_status,1486,False,1322,692,630,164,68,698,77,70,7,1409,10,17,103,102,1,1383,5,6,0,0,0,1486,0,0,118,113,5,1368,18,23,167,159,8,1319,15,23,1322,692,630,164,68,698,0.043297446008943086
targeting,hmda_oh,mlp,1001,augmentation,loan_amount,1585,False,1345,721,624,240,99,723,79,71,8,1506,14,22,135,133,2,1450,4,6,0,0,0,1585,0,0,144,134,10,1441,18,28,205,190,15,1380,13,28,1345,721,624,240,99,723,0.0523664648562289
targeting,hmda_oh,mlp,1001,augmentation,loan_purpose,1725,False,1491,647,844,234,116,960,122,116,6,1603,11,17,18,18,0,1707,1,1,0,0,0,1725,0,0,43,41,2,1682,16,18,139,133,6,1586,12,18,1491,647,844,234,116,960,0.0651685026468797
targeting,hmda_oh,mlp,1001,augmentation,loan_to_value_ratio,1669,True,1488,481,1007,181,106,1113,228,218,10,1441,27,37,83,82,1,1586,5,6,484,189,295,1185,48,343,499,200,299,1170,74,373,701,389,312,968,61,373,1533,367,1166,136,90,1256,0.09541809661281059
targeting,hmda_oh,mlp,1001,augmentation,loan_type,1483,False,1394,531,863,89,61,924,124,116,8,1359,18,26,131,129,2,1352,5,7,0,0,0,1483,0,0,145,138,7,1338,26,33,244,230,14,1239,19,33,1394,531,863,89,61,924,0.08379795020074879
targeting,hmda_oh,mlp,1001,augmentation,occupancy_type,1249,False,1158,235,923,91,67,990,206,192,14,1043,29,43,30,30,0,1219,1,1,0,0,0,1249,0,0,73,67,6,1176,38,44,235,219,16,1014,28,44,1158,235,923,91,67,990,0.14056945302189452
targeting,hmda_oh,mlp,1001,augmentation,preapproval,1193,False,1085,364,721,108,78,799,36,34,2,1157,5,7,0,0,0,1193,0,0,0,0,0,1193,0,0,2,1,1,1191,6,7,36,34,2,1157,5,7,1085,364,721,108,78,799,0.05222170509607043
targeting,hmda_oh,mlp,1001,augmentation,property_value,1583,False,1449,734,715,134,60,775,60,58,2,1523,9,11,188,185,3,1395,5,8,0,0,0,1583,0,0,192,188,4,1391,15,19,233,228,5,1350,14,19,1449,734,715,134,60,775,0.038620468688704064
targeting,hmda_oh,mlp,1001,augmentation,tract_minority_population_percent,1766,False,1416,748,668,350,151,819,45,41,4,1721,20,24,157,155,2,1609,12,14,0,0,0,1766,0,0,158,147,11,1608,27,38,193,178,15,1573,23,38,1416,748,668,350,151,819,0.03050346885388789
targeting,hmda_oh,mlp,1001,augmentation,tract_to_msa_income_percentage,1672,False,1418,760,658,254,110,768,71,63,8,1601,12,20,145,144,1,1527,6,7,0,0,0,1672,0,0,149,145,4,1523,23,27,205,195,10,1467,17,27,1418,760,658,254,110,768,0.040389691855533844
signed_targeting,hmda_oh,mlp,1001,augmentation,income,1654,True,1549,806,743,105,51,794,70,64,6,1584,19,25,250,247,3,1404,4,7,1145,615,530,509,61,591,1150,614,536,504,69,605,1181,636,545,473,60,605,1612,537,1075,42,27,1102,0.0501805479639071
signed_targeting,hmda_oh,mlp,1001,augmentation,debt_to_income_ratio,1666,True,1472,707,765,194,90,855,74,72,2,1592,10,12,133,131,2,1533,5,7,383,126,257,1283,218,475,391,127,264,1275,214,478,423,158,265,1243,213,478,1502,536,966,164,78,1044,0.05794660406830724
signed_targeting,hmda_oh,mlp,1001,augmentation,loan_to_value_ratio,1669,True,1488,481,1007,181,106,1113,228,218,10,1441,27,37,83,82,1,1586,5,6,484,189,295,1185,48,343,499,200,299,1170,74,373,701,389,312,968,61,373,1533,367,1166,136,90,1256,0.09541809661281059
signed_targeting,hmda_oh,mlp,1001,augmentation,linked_income_plus10k,675,True,458,319,139,217,39,178,15,14,1,660,6,7,13,13,0,662,4,4,96,41,55,579,68,123,97,41,56,578,71,127,107,48,59,568,68,127,483,285,198,192,49,247,0.02216142569813286
targeting,hmda_oh,mlp,1002,full,debt_to_income_ratio,1666,True,1359,1359,0,307,0,0,46,46,0,1620,4,4,73,73,0,1593,0,0,431,419,12,1235,4,16,437,424,13,1229,6,19,458,445,13,1208,6,19,1425,1409,16,241,0,16,0.040933583645866974
targeting,hmda_oh,mlp,1002,full,ffiec_msa_md_median_family_income,1628,False,1185,1185,0,443,0,0,43,43,0,1585,2,2,66,66,0,1562,0,0,0,0,0,1628,0,0,67,67,0,1561,2,2,107,107,0,1521,2,2,1185,1185,0,443,0,0,0.026882512137485163
targeting,hmda_oh,mlp,1002,full,income,1654,True,1310,1309,1,344,0,1,54,52,2,1600,3,5,69,69,0,1585,0,0,634,609,25,1020,5,30,638,613,25,1016,10,35,661,634,27,993,8,35,1454,1424,30,200,1,31,0.031309116500192906
targeting,hmda_oh,mlp,1002,full,lien_status,1486,False,1163,1163,0,323,0,0,48,48,0,1438,4,4,52,52,0,1434,0,0,0,0,0,1486,0,0,57,56,1,1429,3,4,95,94,1,1391,3,4,1163,1163,0,323,0,0,0.035977552207272084
targeting,hmda_oh,mlp,1002,full,loan_amount,1585,False,1296,1296,0,289,0,0,46,46,0,1539,3,3,111,111,0,1474,0,0,0,0,0,1585,0,0,119,119,0,1466,3,3,153,153,0,1432,3,3,1296,1296,0,289,0,0,0.030645176278405666
targeting,hmda_oh,mlp,1002,full,loan_purpose,1725,False,1526,1525,1,199,0,1,94,94,0,1631,6,6,30,30,0,1695,0,0,0,0,0,1725,0,0,44,44,0,1681,6,6,121,121,0,1604,6,6,1526,1525,1,199,0,1,0.07427055836731153
targeting,hmda_oh,mlp,1002,full,loan_to_value_ratio,1669,True,1510,1509,1,159,0,1,130,128,2,1539,2,4,67,67,0,1602,0,0,402,400,2,1267,0,2,411,408,3,1258,3,6,522,517,5,1147,1,6,1561,1558,3,108,0,3,0.09832626836421277
targeting,hmda_oh,mlp,1002,full,loan_type,1483,False,1404,1403,1,79,0,1,67,67,0,1416,5,5,90,90,0,1393,0,0,0,0,0,1483,0,0,98,98,0,1385,5,5,150,150,0,1333,5,5,1404,1403,1,79,0,1,0.09687402224136174
targeting,hmda_oh,mlp,1002,full,occupancy_type,1249,False,1071,1071,0,178,0,0,130,130,0,1119,2,2,14,14,0,1235,0,0,0,0,0,1249,0,0,22,22,0,1227,2,2,143,143,0,1106,2,2,1071,1071,0,178,0,0,0.1383381437376067
targeting,hmda_oh,mlp,1002,full,preapproval,1193,False,1002,1001,1,191,0,1,28,28,0,1165,2,2,0,0,0,1193,0,0,0,0,0,1193,0,0,1,1,0,1192,2,2,28,28,0,1165,2,2,1002,1001,1,191,0,1,0.06809984954120894
targeting,hmda_oh,mlp,1002,full,property_value,1583,False,1274,1273,1,309,0,1,41,41,0,1542,4,4,87,87,0,1496,0,0,0,0,0,1583,0,0,87,86,1,1496,3,4,123,122,1,1460,3,4,1274,1273,1,309,0,1,0.028198856270514567
targeting,hmda_oh,mlp,1002,full,tract_minority_population_percent,1766,False,1132,1132,0,634,0,0,36,35,1,1730,2,3,51,51,0,1715,0,0,0,0,0,1766,0,0,51,50,1,1715,2,3,87,85,2,1679,1,3,1132,1132,0,634,0,0,0.018949161436221707
targeting,hmda_oh,mlp,1002,full,tract_to_msa_income_percentage,1672,False,1115,1115,0,557,0,0,52,52,0,1620,1,1,42,42,0,1630,0,0,0,0,0,1672,0,0,45,45,0,1627,1,1,93,93,0,1579,1,1,1115,1115,0,557,0,0,0.025810750404629015
signed_targeting,hmda_oh,mlp,1002,full,income,1654,True,1310,1309,1,344,0,1,54,52,2,1600,3,5,69,69,0,1585,0,0,634,609,25,1020,5,30,638,613,25,1016,10,35,661,634,27,993,8,35,1454,1424,30,200,1,31,0.031309116500192906
signed_targeting,hmda_oh,mlp,1002,full,debt_to_income_ratio,1666,True,1359,1359,0,307,0,0,46,46,0,1620,4,4,73,73,0,1593,0,0,431,419,12,1235,4,16,437,424,13,1229,6,19,458,445,13,1208,6,19,1425,1409,16,241,0,16,0.040933583645866974
signed_targeting,hmda_oh,mlp,1002,full,loan_to_value_ratio,1669,True,1510,1509,1,159,0,1,130,128,2,1539,2,4,67,67,0,1602,0,0,402,400,2,1267,0,2,411,408,3,1258,3,6,522,517,5,1147,1,6,1561,1558,3,108,0,3,0.09832626836421277
signed_targeting,hmda_oh,mlp,1002,full,linked_income_plus10k,675,True,303,303,0,372,0,0,9,9,0,666,2,2,11,11,0,664,0,0,111,111,0,564,0,0,111,111,0,564,2,2,116,116,0,559,2,2,342,342,0,333,0,0,0.015934444271505893
targeting,hmda_oh,mlp,1002,features,debt_to_income_ratio,1666,True,1359,1359,0,307,0,0,46,46,0,1620,4,4,73,73,0,1593,0,0,431,419,12,1235,4,16,437,424,13,1229,6,19,458,445,13,1208,6,19,1425,1409,16,241,0,16,0.040933583645866974
targeting,hmda_oh,mlp,1002,features,ffiec_msa_md_median_family_income,1628,False,1185,1185,0,443,0,0,43,43,0,1585,2,2,66,66,0,1562,0,0,0,0,0,1628,0,0,67,67,0,1561,2,2,107,107,0,1521,2,2,1185,1185,0,443,0,0,0.026882512137485163
targeting,hmda_oh,mlp,1002,features,income,1654,True,1310,1309,1,344,0,1,54,52,2,1600,3,5,69,69,0,1585,0,0,634,609,25,1020,5,30,638,613,25,1016,10,35,661,634,27,993,8,35,1454,1424,30,200,1,31,0.031309116500192906
targeting,hmda_oh,mlp,1002,features,lien_status,1486,False,1163,1163,0,323,0,0,48,48,0,1438,4,4,52,52,0,1434,0,0,0,0,0,1486,0,0,57,56,1,1429,3,4,95,94,1,1391,3,4,1163,1163,0,323,0,0,0.035977552207272084
targeting,hmda_oh,mlp,1002,features,loan_amount,1585,False,1296,1296,0,289,0,0,46,46,0,1539,3,3,111,111,0,1474,0,0,0,0,0,1585,0,0,119,119,0,1466,3,3,153,153,0,1432,3,3,1296,1296,0,289,0,0,0.030645176278405666
targeting,hmda_oh,mlp,1002,features,loan_purpose,1725,False,1526,1525,1,199,0,1,94,94,0,1631,6,6,30,30,0,1695,0,0,0,0,0,1725,0,0,44,44,0,1681,6,6,121,121,0,1604,6,6,1526,1525,1,199,0,1,0.07427055836731153
targeting,hmda_oh,mlp,1002,features,loan_to_value_ratio,1669,True,1510,1509,1,159,0,1,130,128,2,1539,2,4,67,67,0,1602,0,0,402,400,2,1267,0,2,411,408,3,1258,3,6,522,517,5,1147,1,6,1561,1558,3,108,0,3,0.09832626836421277
targeting,hmda_oh,mlp,1002,features,loan_type,1483,False,1404,1403,1,79,0,1,67,67,0,1416,5,5,90,90,0,1393,0,0,0,0,0,1483,0,0,98,98,0,1385,5,5,150,150,0,1333,5,5,1404,1403,1,79,0,1,0.09687402224136174
targeting,hmda_oh,mlp,1002,features,occupancy_type,1249,False,1071,1071,0,178,0,0,130,130,0,1119,2,2,14,14,0,1235,0,0,0,0,0,1249,0,0,22,22,0,1227,2,2,143,143,0,1106,2,2,1071,1071,0,178,0,0,0.1383381437376067
targeting,hmda_oh,mlp,1002,features,preapproval,1193,False,1002,1001,1,191,0,1,28,28,0,1165,2,2,0,0,0,1193,0,0,0,0,0,1193,0,0,1,1,0,1192,2,2,28,28,0,1165,2,2,1002,1001,1,191,0,1,0.06809984954120894
targeting,hmda_oh,mlp,1002,features,property_value,1583,False,1274,1273,1,309,0,1,41,41,0,1542,4,4,87,87,0,1496,0,0,0,0,0,1583,0,0,87,86,1,1496,3,4,123,122,1,1460,3,4,1274,1273,1,309,0,1,0.028198856270514567
targeting,hmda_oh,mlp,1002,features,tract_minority_population_percent,1766,False,1132,1132,0,634,0,0,36,35,1,1730,2,3,51,51,0,1715,0,0,0,0,0,1766,0,0,51,50,1,1715,2,3,87,85,2,1679,1,3,1132,1132,0,634,0,0,0.018949161436221707
targeting,hmda_oh,mlp,1002,features,tract_to_msa_income_percentage,1672,False,1115,1115,0,557,0,0,52,52,0,1620,1,1,42,42,0,1630,0,0,0,0,0,1672,0,0,45,45,0,1627,1,1,93,93,0,1579,1,1,1115,1115,0,557,0,0,0.025810750404629015
signed_targeting,hmda_oh,mlp,1002,features,income,1654,True,1310,1309,1,344,0,1,54,52,2,1600,3,5,69,69,0,1585,0,0,634,609,25,1020,5,30,638,613,25,1016,10,35,661,634,27,993,8,35,1454,1424,30,200,1,31,0.031309116500192906
signed_targeting,hmda_oh,mlp,1002,features,debt_to_income_ratio,1666,True,1359,1359,0,307,0,0,46,46,0,1620,4,4,73,73,0,1593,0,0,431,419,12,1235,4,16,437,424,13,1229,6,19,458,445,13,1208,6,19,1425,1409,16,241,0,16,0.040933583645866974
signed_targeting,hmda_oh,mlp,1002,features,loan_to_value_ratio,1669,True,1510,1509,1,159,0,1,130,128,2,1539,2,4,67,67,0,1602,0,0,402,400,2,1267,0,2,411,408,3,1258,3,6,522,517,5,1147,1,6,1561,1558,3,108,0,3,0.09832626836421277
signed_targeting,hmda_oh,mlp,1002,features,linked_income_plus10k,675,True,303,303,0,372,0,0,9,9,0,666,2,2,11,11,0,664,0,0,111,111,0,564,0,0,111,111,0,564,2,2,116,116,0,559,2,2,342,342,0,333,0,0,0.015934444271505893
targeting,hmda_oh,mlp,1002,contexts,debt_to_income_ratio,1666,True,1359,1356,3,307,0,3,46,46,0,1620,5,5,73,73,0,1593,0,0,431,423,8,1235,3,11,437,429,8,1229,6,14,458,450,8,1208,6,14,1425,1411,14,241,0,14,0.041702101382544175
targeting,hmda_oh,mlp,1002,contexts,ffiec_msa_md_median_family_income,1628,False,1185,1185,0,443,0,0,43,42,1,1585,3,4,66,66,0,1562,0,0,0,0,0,1628,0,0,67,67,0,1561,4,4,107,106,1,1521,3,4,1185,1185,0,443,0,0,0.027946452218821145
targeting,hmda_oh,mlp,1002,contexts,income,1654,True,1310,1310,0,344,0,0,54,52,2,1600,2,4,69,69,0,1585,0,0,634,629,5,1020,0,5,638,631,7,1016,2,9,661,653,8,993,1,9,1454,1449,5,200,0,5,0.03179395725337394
targeting,hmda_oh,mlp,1002,contexts,lien_status,1486,False,1163,1161,2,323,0,2,48,48,0,1438,2,2,52,52,0,1434,0,0,0,0,0,1486,0,0,57,57,0,1429,2,2,95,95,0,1391,2,2,1163,1161,2,323,0,2,0.03509438279128283
targeting,hmda_oh,mlp,1002,contexts,loan_amount,1585,False,1296,1295,1,289,0,1,46,46,0,1539,4,4,111,111,0,1474,0,0,0,0,0,1585,0,0,119,119,0,1466,4,4,153,153,0,1432,4,4,1296,1295,1,289,0,1,0.03110993544673754
targeting,hmda_oh,mlp,1002,contexts,loan_purpose,1725,False,1526,1519,7,199,1,8,94,94,0,1631,3,3,30,30,0,1695,0,0,0,0,0,1725,0,0,44,44,0,1681,3,3,121,121,0,1604,3,3,1526,1519,7,199,1,8,0.07705028374477729
targeting,hmda_oh,mlp,1002,contexts,loan_to_value_ratio,1669,True,1510,1508,2,159,0,2,130,129,1,1539,0,1,67,67,0,1602,0,0,402,401,1,1267,0,1,411,410,1,1258,1,2,522,520,2,1147,0,2,1561,1558,3,108,0,3,0.09694927304855155
targeting,hmda_oh,mlp,1002,contexts,loan_type,1483,False,1404,1396,8,79,0,8,67,67,0,1416,3,3,90,90,0,1393,0,0,0,0,0,1483,0,0,98,98,0,1385,3,3,150,150,0,1333,3,3,1404,1396,8,79,0,8,0.09841748069842186
targeting,hmda_oh,mlp,1002,contexts,occupancy_type,1249,False,1071,1069,2,178,0,2,130,130,0,1119,1,1,14,14,0,1235,0,0,0,0,0,1249,0,0,22,22,0,1227,1,1,143,143,0,1106,1,1,1071,1069,2,178,0,2,0.13902201538262485
targeting,hmda_oh,mlp,1002,contexts,preapproval,1193,False,1002,999,3,191,0,3,28,28,0,1165,3,3,0,0,0,1193,0,0,0,0,0,1193,0,0,1,1,0,1192,3,3,28,28,0,1165,3,3,1002,999,3,191,0,3,0.06910661780425009
targeting,hmda_oh,mlp,1002,contexts,property_value,1583,False,1274,1272,2,309,0,2,41,41,0,1542,2,2,87,87,0,1496,0,0,0,0,0,1583,0,0,87,87,0,1496,2,2,123,123,0,1460,2,2,1274,1272,2,309,0,2,0.028274714997565426
targeting,hmda_oh,mlp,1002,contexts,tract_minority_population_percent,1766,False,1132,1132,0,634,0,0,36,36,0,1730,4,4,51,51,0,1715,0,0,0,0,0,1766,0,0,51,51,0,1715,4,4,87,87,0,1679,4,4,1132,1132,0,634,0,0,0.018857698392687035
targeting,hmda_oh,mlp,1002,contexts,tract_to_msa_income_percentage,1672,False,1115,1115,0,557,0,0,52,51,1,1620,4,5,42,42,0,1630,0,0,0,0,0,1672,0,0,45,45,0,1627,5,5,93,92,1,1579,4,5,1115,1115,0,557,0,0,0.025318693672715685
signed_targeting,hmda_oh,mlp,1002,contexts,income,1654,True,1310,1310,0,344,0,0,54,52,2,1600,2,4,69,69,0,1585,0,0,634,629,5,1020,0,5,638,631,7,1016,2,9,661,653,8,993,1,9,1454,1449,5,200,0,5,0.03179395725337394
signed_targeting,hmda_oh,mlp,1002,contexts,debt_to_income_ratio,1666,True,1359,1356,3,307,0,3,46,46,0,1620,5,5,73,73,0,1593,0,0,431,423,8,1235,3,11,437,429,8,1229,6,14,458,450,8,1208,6,14,1425,1411,14,241,0,14,0.041702101382544175
signed_targeting,hmda_oh,mlp,1002,contexts,loan_to_value_ratio,1669,True,1510,1508,2,159,0,2,130,129,1,1539,0,1,67,67,0,1602,0,0,402,401,1,1267,0,1,411,410,1,1258,1,2,522,520,2,1147,0,2,1561,1558,3,108,0,3,0.09694927304855155
signed_targeting,hmda_oh,mlp,1002,contexts,linked_income_plus10k,675,True,303,303,0,372,0,0,9,9,0,666,0,0,11,11,0,664,0,0,111,110,1,564,0,1,111,110,1,564,0,1,116,115,1,559,0,1,342,341,1,333,0,1,0.01623934705344961
targeting,hmda_oh,mlp,1002,population,debt_to_income_ratio,1666,True,1359,629,730,307,156,886,46,44,2,1620,8,10,73,73,0,1593,21,21,431,379,52,1235,11,63,437,382,55,1229,18,73,458,402,56,1208,17,73,1425,635,790,241,110,900,0.04524108650789226
targeting,hmda_oh,mlp,1002,population,ffiec_msa_md_median_family_income,1628,False,1185,932,253,443,85,338,43,39,4,1585,7,11,66,66,0,1562,10,10,0,0,0,1628,0,0,67,66,1,1561,19,20,107,101,6,1521,14,20,1185,932,253,443,85,338,0.035131179243007744
targeting,hmda_oh,mlp,1002,population,income,1654,True,1310,958,352,344,83,435,54,52,2,1600,15,17,69,68,1,1585,12,13,634,518,116,1020,129,245,638,513,125,1016,137,262,661,531,130,993,132,262,1454,937,517,200,62,579,0.03498388930489062
targeting,hmda_oh,mlp,1002,population,lien_status,1486,False,1163,814,349,323,68,417,48,44,4,1438,10,14,52,50,2,1434,8,10,0,0,0,1486,0,0,57,51,6,1429,18,24,95,87,8,1391,16,24,1163,814,349,323,68,417,0.04297469761743565
targeting,hmda_oh,mlp,1002,population,loan_amount,1585,False,1296,949,347,289,81,428,46,43,3,1539,11,14,111,111,0,1474,4,4,0,0,0,1585,0,0,119,115,4,1466,14,18,153,147,6,1432,12,18,1296,949,347,289,81,428,0.038743078715215144
targeting,hmda_oh,mlp,1002,population,loan_purpose,1725,False,1526,962,564,199,77,641,94,92,2,1631,16,18,30,30,0,1695,0,0,0,0,0,1725,0,0,44,44,0,1681,18,18,121,119,2,1604,16,18,1526,962,564,199,77,641,0.06517485131649337
targeting,hmda_oh,mlp,1002,population,loan_to_value_ratio,1669,True,1510,720,790,159,69,859,130,121,9,1539,25,34,67,67,0,1602,0,0,402,395,7,1267,0,7,411,397,14,1258,27,41,522,500,22,1147,19,41,1561,750,811,108,50,861,0.10258061942018845
targeting,hmda_oh,mlp,1002,population,loan_type,1483,False,1404,973,431,79,28,459,67,64,3,1416,19,22,90,88,2,1393,8,10,0,0,0,1483,0,0,98,94,4,1385,28,32,150,144,6,1333,26,32,1404,973,431,79,28,459,0.09622109244824245
targeting,hmda_oh,mlp,1002,population,occupancy_type,1249,False,1071,780,291,178,51,342,130,125,5,1119,8,13,14,14,0,1235,2,2,0,0,0,1249,0,0,22,21,1,1227,14,15,143,137,6,1106,9,15,1071,780,291,178,51,342,0.1540248881634957
targeting,hmda_oh,mlp,1002,population,preapproval,1193,False,1002,704,298,191,60,358,28,26,2,1165,3,5,0,0,0,1193,0,0,0,0,0,1193,0,0,1,0,1,1192,4,5,28,26,2,1165,3,5,1002,704,298,191,60,358,0.056795950193956925
targeting,hmda_oh,mlp,1002,population,property_value,1583,False,1274,905,369,309,77,446,41,34,7,1542,10,17,87,84,3,1496,3,6,0,0,0,1583,0,0,87,84,3,1496,20,23,123,113,10,1460,13,23,1274,905,369,309,77,446,0.028621986662437187
targeting,hmda_oh,mlp,1002,population,tract_minority_population_percent,1766,False,1132,881,251,634,135,386,36,36,0,1730,8,8,51,51,0,1715,8,8,0,0,0,1766,0,0,51,51,0,1715,16,16,87,86,1,1679,15,16,1132,881,251,634,135,386,0.018281415182599292
targeting,hmda_oh,mlp,1002,population,tract_to_msa_income_percentage,1672,False,1115,917,198,557,81,279,52,48,4,1620,22,26,42,42,0,1630,0,0,0,0,0,1672,0,0,45,44,1,1627,25,26,93,88,5,1579,21,26,1115,917,198,557,81,279,0.02374623874032719
signed_targeting,hmda_oh,mlp,1002,population,income,1654,True,1310,958,352,344,83,435,54,52,2,1600,15,17,69,68,1,1585,12,13,634,518,116,1020,129,245,638,513,125,1016,137,262,661,531,130,993,132,262,1454,937,517,200,62,579,0.03498388930489062
signed_targeting,hmda_oh,mlp,1002,population,debt_to_income_ratio,1666,True,1359,629,730,307,156,886,46,44,2,1620,8,10,73,73,0,1593,21,21,431,379,52,1235,11,63,437,382,55,1229,18,73,458,402,56,1208,17,73,1425,635,790,241,110,900,0.04524108650789226
signed_targeting,hmda_oh,mlp,1002,population,loan_to_value_ratio,1669,True,1510,720,790,159,69,859,130,121,9,1539,25,34,67,67,0,1602,0,0,402,395,7,1267,0,7,411,397,14,1258,27,41,522,500,22,1147,19,41,1561,750,811,108,50,861,0.10258061942018845
signed_targeting,hmda_oh,mlp,1002,population,linked_income_plus10k,675,True,303,226,77,372,47,124,9,8,1,666,2,3,11,11,0,664,2,2,111,95,16,564,2,18,111,93,18,564,3,21,116,98,18,559,3,21,342,250,92,333,41,133,0.01647271792448147
targeting,hmda_oh,mlp,1002,task,debt_to_income_ratio,1666,True,1359,0,1359,307,0,1359,46,0,46,1620,0,46,73,0,73,1593,0,73,431,0,431,1235,0,431,437,0,437,1229,21,458,458,0,458,1208,0,458,1425,0,1425,241,0,1425,1.1370000850027607e-17
targeting,hmda_oh,mlp,1002,task,ffiec_msa_md_median_family_income,1628,False,1185,0,1185,443,0,1185,43,0,43,1585,0,43,66,0,66,1562,0,66,0,0,0,1628,0,0,67,0,67,1561,40,107,107,0,107,1521,0,107,1185,0,1185,443,0,1185,1.924675297013157e-18
targeting,hmda_oh,mlp,1002,task,income,1654,True,1310,0,1310,344,0,1310,54,0,54,1600,0,54,69,0,69,1585,0,69,634,0,634,1020,0,634,638,0,638,1016,23,661,661,0,661,993,0,661,1454,0,1454,200,0,1454,1.85640124397416e-18
targeting,hmda_oh,mlp,1002,task,lien_status,1486,False,1163,0,1163,323,0,1163,48,0,48,1438,0,48,52,0,52,1434,0,52,0,0,0,1486,0,0,57,0,57,1429,38,95,95,0,95,1391,0,95,1163,0,1163,323,0,1163,2.323291672488853e-18
targeting,hmda_oh,mlp,1002,task,loan_amount,1585,False,1296,0,1296,289,0,1296,46,0,46,1539,0,46,111,0,111,1474,0,111,0,0,0,1585,0,0,119,0,119,1466,34,153,153,0,153,1432,0,153,1296,0,1296,289,0,1296,1.687832587065841e-18
targeting,hmda_oh,mlp,1002,task,loan_purpose,1725,False,1526,0,1526,199,0,1526,94,0,94,1631,0,94,30,0,30,1695,0,30,0,0,0,1725,0,0,44,0,44,1681,77,121,121,0,121,1604,0,121,1526,0,1526,199,0,1526,2.393256876392028e-17
targeting,hmda_oh,mlp,1002,task,loan_to_value_ratio,1669,True,1510,0,1510,159,0,1510,130,0,130,1539,0,130,67,0,67,1602,0,67,402,0,402,1267,0,402,411,0,411,1258,111,522,522,0,522,1147,0,522,1561,0,1561,108,0,1561,1.5095939943131904e-17
targeting,hmda_oh,mlp,1002,task,loan_type,1483,False,1404,0,1404,79,0,1404,67,0,67,1416,0,67,90,0,90,1393,0,90,0,0,0,1483,0,0,98,0,98,1385,52,150,150,0,150,1333,0,150,1404,0,1404,79,0,1404,1.573960163791092e-17
targeting,hmda_oh,mlp,1002,task,occupancy_type,1249,False,1071,0,1071,178,0,1071,130,0,130,1119,0,130,14,0,14,1235,0,14,0,0,0,1249,0,0,22,0,22,1227,121,143,143,0,143,1106,0,143,1071,0,1071,178,0,1071,2.2852447071940263e-17
targeting,hmda_oh,mlp,1002,task,preapproval,1193,False,1002,0,1002,191,0,1002,28,0,28,1165,0,28,0,0,0,1193,0,0,0,0,0,1193,0,0,1,0,1,1192,27,28,28,0,28,1165,0,28,1002,0,1002,191,0,1002,2.893065810433282e-17
targeting,hmda_oh,mlp,1002,task,property_value,1583,False,1274,0,1274,309,0,1274,41,0,41,1542,0,41,87,0,87,1496,0,87,0,0,0,1583,0,0,87,0,87,1496,36,123,123,0,123,1460,0,123,1274,0,1274,309,0,1274,1.1144749052864263e-18
targeting,hmda_oh,mlp,1002,task,tract_minority_population_percent,1766,False,1132,0,1132,634,0,1132,36,0,36,1730,0,36,51,0,51,1715,0,51,0,0,0,1766,0,0,51,0,51,1715,36,87,87,0,87,1679,0,87,1132,0,1132,634,0,1132,6.09925115124596e-19
targeting,hmda_oh,mlp,1002,task,tract_to_msa_income_percentage,1672,False,1115,0,1115,557,0,1115,52,0,52,1620,0,52,42,0,42,1630,0,42,0,0,0,1672,0,0,45,0,45,1627,48,93,93,0,93,1579,0,93,1115,0,1115,557,0,1115,8.153563467005223e-19
signed_targeting,hmda_oh,mlp,1002,task,income,1654,True,1310,0,1310,344,0,1310,54,0,54,1600,0,54,69,0,69,1585,0,69,634,0,634,1020,0,634,638,0,638,1016,23,661,661,0,661,993,0,661,1454,0,1454,200,0,1454,1.85640124397416e-18
signed_targeting,hmda_oh,mlp,1002,task,debt_to_income_ratio,1666,True,1359,0,1359,307,0,1359,46,0,46,1620,0,46,73,0,73,1593,0,73,431,0,431,1235,0,431,437,0,437,1229,21,458,458,0,458,1208,0,458,1425,0,1425,241,0,1425,1.1370000850027607e-17
signed_targeting,hmda_oh,mlp,1002,task,loan_to_value_ratio,1669,True,1510,0,1510,159,0,1510,130,0,130,1539,0,130,67,0,67,1602,0,67,402,0,402,1267,0,402,411,0,411,1258,111,522,522,0,522,1147,0,522,1561,0,1561,108,0,1561,1.5095939943131904e-17
signed_targeting,hmda_oh,mlp,1002,task,linked_income_plus10k,675,True,303,0,303,372,0,303,9,0,9,666,0,9,11,0,11,664,0,11,111,0,111,564,0,111,111,0,111,564,5,116,116,0,116,559,0,116,342,0,342,333,0,342,2.7498579545113833e-19
targeting,hmda_oh,mlp,1002,augmentation,debt_to_income_ratio,1666,True,1359,698,661,307,146,807,46,46,0,1620,9,9,73,73,0,1593,8,8,431,155,276,1235,145,421,437,158,279,1229,146,425,458,175,283,1208,142,425,1425,585,840,241,121,961,0.043513547718893215
targeting,hmda_oh,mlp,1002,augmentation,ffiec_msa_md_median_family_income,1628,False,1185,688,497,443,164,661,43,39,4,1585,4,8,66,66,0,1562,4,4,0,0,0,1628,0,0,67,67,0,1561,12,12,107,101,6,1521,6,12,1185,688,497,443,164,661,0.0365413884007788
targeting,hmda_oh,mlp,1002,augmentation,income,1654,True,1310,684,626,344,150,776,54,53,1,1600,4,5,69,69,0,1585,5,5,634,207,427,1020,245,672,638,209,429,1016,247,676,661,226,435,993,241,676,1454,491,963,200,111,1074,0.03371391981571193
targeting,hmda_oh,mlp,1002,augmentation,lien_status,1486,False,1163,639,524,323,139,663,48,44,4,1438,6,10,52,50,2,1434,5,7,0,0,0,1486,0,0,57,53,4,1429,12,16,95,85,10,1391,6,16,1163,639,524,323,139,663,0.03952570273640424
targeting,hmda_oh,mlp,1002,augmentation,loan_amount,1585,False,1296,791,505,289,112,617,46,45,1,1539,6,7,111,110,1,1474,6,7,0,0,0,1585,0,0,119,118,1,1466,13,14,153,151,2,1432,12,14,1296,791,505,289,112,617,0.04458039436066628
targeting,hmda_oh,mlp,1002,augmentation,loan_purpose,1725,False,1526,670,856,199,108,964,94,91,3,1631,7,10,30,30,0,1695,2,2,0,0,0,1725,0,0,44,43,1,1681,11,12,121,118,3,1604,9,12,1526,670,856,199,108,964,0.08376583322984882
targeting,hmda_oh,mlp,1002,augmentation,loan_to_value_ratio,1669,True,1510,662,848,159,73,921,130,126,4,1539,13,17,67,66,1,1602,7,8,402,72,330,1267,144,474,411,80,331,1258,157,488,522,175,347,1147,141,488,1561,484,1077,108,57,1134,0.09208116059685839
targeting,hmda_oh,mlp,1002,augmentation,loan_type,1483,False,1404,694,710,79,43,753,67,65,2,1416,17,19,90,89,1,1393,3,4,0,0,0,1483,0,0,98,97,1,1385,22,23,150,146,4,1333,19,23,1404,694,710,79,43,753,0.07069369437917997
targeting,hmda_oh,mlp,1002,augmentation,occupancy_type,1249,False,1071,359,712,178,95,807,130,127,3,1119,13,16,14,14,0,1235,4,4,0,0,0,1249,0,0,22,22,0,1227,20,20,143,139,4,1106,16,20,1071,359,712,178,95,807,0.11759065012549898
targeting,hmda_oh,mlp,1002,augmentation,preapproval,1193,False,1002,508,494,191,100,594,28,27,1,1165,0,1,0,0,0,1193,0,0,0,0,0,1193,0,0,1,1,0,1192,1,1,28,27,1,1165,0,1,1002,508,494,191,100,594,0.06885912168411004
targeting,hmda_oh,mlp,1002,augmentation,property_value,1583,False,1274,684,590,309,143,733,41,37,4,1542,9,13,87,87,0,1496,3,3,0,0,0,1583,0,0,87,85,2,1496,14,16,123,117,6,1460,10,16,1274,684,590,309,143,733,0.03800683922902794
targeting,hmda_oh,mlp,1002,augmentation,tract_minority_population_percent,1766,False,1132,603,529,634,281,810,36,35,1,1730,5,6,51,51,0,1715,8,8,0,0,0,1766,0,0,51,51,0,1715,13,13,87,84,3,1679,10,13,1132,603,529,634,281,810,0.026272318140026923
targeting,hmda_oh,mlp,1002,augmentation,tract_to_msa_income_percentage,1672,False,1115,693,422,557,185,607,52,49,3,1620,9,12,42,42,0,1630,4,4,0,0,0,1672,0,0,45,44,1,1627,15,16,93,90,3,1579,13,16,1115,693,422,557,185,607,0.03373196470976357
signed_targeting,hmda_oh,mlp,1002,augmentation,income,1654,True,1310,684,626,344,150,776,54,53,1,1600,4,5,69,69,0,1585,5,5,634,207,427,1020,245,672,638,209,429,1016,247,676,661,226,435,993,241,676,1454,491,963,200,111,1074,0.03371391981571193
signed_targeting,hmda_oh,mlp,1002,augmentation,debt_to_income_ratio,1666,True,1359,698,661,307,146,807,46,46,0,1620,9,9,73,73,0,1593,8,8,431,155,276,1235,145,421,437,158,279,1229,146,425,458,175,283,1208,142,425,1425,585,840,241,121,961,0.043513547718893215
signed_targeting,hmda_oh,mlp,1002,augmentation,loan_to_value_ratio,1669,True,1510,662,848,159,73,921,130,126,4,1539,13,17,67,66,1,1602,7,8,402,72,330,1267,144,474,411,80,331,1258,157,488,522,175,347,1147,141,488,1561,484,1077,108,57,1134,0.09208116059685839
signed_targeting,hmda_oh,mlp,1002,augmentation,linked_income_plus10k,675,True,303,216,87,372,49,136,9,7,2,666,1,3,11,11,0,664,1,1,111,48,63,564,34,97,111,47,64,564,35,99,116,50,66,559,33,99,342,203,139,333,57,196,0.018822186270509605
targeting,hmda_oh,mlp,1003,full,debt_to_income_ratio,1666,True,1310,1309,1,356,0,1,73,73,0,1593,0,0,62,62,0,1604,0,0,315,292,23,1351,7,30,320,297,23,1346,7,30,375,351,24,1291,6,30,1369,1338,31,297,0,31,0.03372997345845791
targeting,hmda_oh,mlp,1003,full,ffiec_msa_md_median_family_income,1628,False,1178,1178,0,450,0,0,49,49,0,1579,0,0,81,81,0,1547,0,0,0,0,0,1628,0,0,84,84,0,1544,0,0,127,127,0,1501,0,0,1178,1178,0,450,0,0,0.02144160772486082
targeting,hmda_oh,mlp,1003,full,income,1654,True,1315,1315,0,339,0,0,53,53,0,1601,0,0,106,106,0,1548,0,0,848,819,29,806,0,29,848,819,29,806,0,29,866,837,29,788,0,29,1476,1447,29,178,0,29,0.03833571595233173
targeting,hmda_oh,mlp,1003,full,lien_status,1486,False,1211,1211,0,275,0,0,42,42,0,1444,0,0,82,82,0,1404,0,0,0,0,0,1486,0,0,83,83,0,1403,0,0,122,122,0,1364,0,0,1211,1211,0,275,0,0,0.026430699897643913
targeting,hmda_oh,mlp,1003,full,loan_amount,1585,False,1440,1440,0,145,0,0,62,62,0,1523,2,2,135,135,0,1450,0,0,0,0,0,1585,0,0,137,137,0,1448,2,2,190,190,0,1395,2,2,1440,1440,0,145,0,0,0.03152611947179485
targeting,hmda_oh,mlp,1003,full,loan_purpose,1725,False,1373,1373,0,352,0,0,73,73,0,1652,0,0,17,17,0,1708,0,0,0,0,0,1725,0,0,22,22,0,1703,0,0,86,86,0,1639,0,0,1373,1373,0,352,0,0,0.04684362468605844
targeting,hmda_oh,mlp,1003,full,loan_to_value_ratio,1669,True,1373,1373,0,296,0,0,192,190,2,1477,3,5,21,21,0,1648,0,0,330,329,1,1339,4,5,338,337,1,1331,9,10,516,513,3,1153,7,10,1462,1459,3,207,2,5,0.10572194625798566
targeting,hmda_oh,mlp,1003,full,loan_type,1483,False,1264,1264,0,219,0,0,79,79,0,1404,1,1,66,66,0,1417,0,0,0,0,0,1483,0,0,73,73,0,1410,1,1,142,142,0,1341,1,1,1264,1264,0,219,0,0,0.07287114135086785
targeting,hmda_oh,mlp,1003,full,occupancy_type,1249,False,1031,1030,1,218,0,1,127,127,0,1122,0,0,15,15,0,1234,0,0,0,0,0,1249,0,0,22,22,0,1227,0,0,141,141,0,1108,0,0,1031,1030,1,218,0,1,0.09154851450591853
targeting,hmda_oh,mlp,1003,full,preapproval,1193,False,1058,1058,0,135,0,0,23,23,0,1170,0,0,0,0,0,1193,0,0,0,0,0,1193,0,0,0,0,0,1193,0,0,23,23,0,1170,0,0,1058,1058,0,135,0,0,0.04991229764198868
targeting,hmda_oh,mlp,1003,full,property_value,1583,False,1106,1106,0,477,0,0,52,52,0,1531,1,1,33,33,0,1550,0,0,0,0,0,1583,0,0,36,36,0,1547,1,1,84,84,0,1499,1,1,1106,1106,0,477,0,0,0.02835638487938495
targeting,hmda_oh,mlp,1003,full,tract_minority_population_percent,1766,False,1149,1149,0,617,0,0,57,57,0,1709,2,2,76,76,0,1690,0,0,0,0,0,1766,0,0,79,79,0,1687,2,2,132,132,0,1634,2,2,1149,1149,0,617,0,0,0.01926899355037264
targeting,hmda_oh,mlp,1003,full,tract_to_msa_income_percentage,1672,False,1215,1215,0,457,0,0,60,60,0,1612,1,1,79,79,0,1593,0,0,0,0,0,1672,0,0,82,82,0,1590,1,1,134,134,0,1538,1,1,1215,1215,0,457,0,0,0.02323709057959698
signed_targeting,hmda_oh,mlp,1003,full,income,1654,True,1315,1315,0,339,0,0,53,53,0,1601,0,0,106,106,0,1548,0,0,848,819,29,806,0,29,848,819,29,806,0,29,866,837,29,788,0,29,1476,1447,29,178,0,29,0.03833571595233173
signed_targeting,hmda_oh,mlp,1003,full,debt_to_income_ratio,1666,True,1310,1309,1,356,0,1,73,73,0,1593,0,0,62,62,0,1604,0,0,315,292,23,1351,7,30,320,297,23,1346,7,30,375,351,24,1291,6,30,1369,1338,31,297,0,31,0.03372997345845791
signed_targeting,hmda_oh,mlp,1003,full,loan_to_value_ratio,1669,True,1373,1373,0,296,0,0,192,190,2,1477,3,5,21,21,0,1648,0,0,330,329,1,1339,4,5,338,337,1,1331,9,10,516,513,3,1153,7,10,1462,1459,3,207,2,5,0.10572194625798566
signed_targeting,hmda_oh,mlp,1003,full,linked_income_plus10k,675,True,322,322,0,353,0,0,8,8,0,667,1,1,9,9,0,666,0,0,87,81,6,588,0,6,87,81,6,588,1,7,95,89,6,580,1,7,350,344,6,325,0,6,0.012761323118756445
targeting,hmda_oh,mlp,1003,features,debt_to_income_ratio,1666,True,1310,1309,1,356,0,1,73,73,0,1593,0,0,62,62,0,1604,0,0,315,292,23,1351,7,30,320,297,23,1346,7,30,375,351,24,1291,6,30,1369,1338,31,297,0,31,0.03372997345845791
targeting,hmda_oh,mlp,1003,features,ffiec_msa_md_median_family_income,1628,False,1178,1178,0,450,0,0,49,49,0,1579,0,0,81,81,0,1547,0,0,0,0,0,1628,0,0,84,84,0,1544,0,0,127,127,0,1501,0,0,1178,1178,0,450,0,0,0.02144160772486082
targeting,hmda_oh,mlp,1003,features,income,1654,True,1315,1315,0,339,0,0,53,53,0,1601,0,0,106,106,0,1548,0,0,848,819,29,806,0,29,848,819,29,806,0,29,866,837,29,788,0,29,1476,1447,29,178,0,29,0.03833571595233173
targeting,hmda_oh,mlp,1003,features,lien_status,1486,False,1211,1211,0,275,0,0,42,42,0,1444,0,0,82,82,0,1404,0,0,0,0,0,1486,0,0,83,83,0,1403,0,0,122,122,0,1364,0,0,1211,1211,0,275,0,0,0.026430699897643913
targeting,hmda_oh,mlp,1003,features,loan_amount,1585,False,1440,1440,0,145,0,0,62,62,0,1523,2,2,135,135,0,1450,0,0,0,0,0,1585,0,0,137,137,0,1448,2,2,190,190,0,1395,2,2,1440,1440,0,145,0,0,0.03152611947179485
targeting,hmda_oh,mlp,1003,features,loan_purpose,1725,False,1373,1373,0,352,0,0,73,73,0,1652,0,0,17,17,0,1708,0,0,0,0,0,1725,0,0,22,22,0,1703,0,0,86,86,0,1639,0,0,1373,1373,0,352,0,0,0.04684362468605844
targeting,hmda_oh,mlp,1003,features,loan_to_value_ratio,1669,True,1373,1373,0,296,0,0,192,190,2,1477,3,5,21,21,0,1648,0,0,330,329,1,1339,4,5,338,337,1,1331,9,10,516,513,3,1153,7,10,1462,1459,3,207,2,5,0.10572194625798566
targeting,hmda_oh,mlp,1003,features,loan_type,1483,False,1264,1264,0,219,0,0,79,79,0,1404,1,1,66,66,0,1417,0,0,0,0,0,1483,0,0,73,73,0,1410,1,1,142,142,0,1341,1,1,1264,1264,0,219,0,0,0.07287114135086785
targeting,hmda_oh,mlp,1003,features,occupancy_type,1249,False,1031,1030,1,218,0,1,127,127,0,1122,0,0,15,15,0,1234,0,0,0,0,0,1249,0,0,22,22,0,1227,0,0,141,141,0,1108,0,0,1031,1030,1,218,0,1,0.09154851450591853
targeting,hmda_oh,mlp,1003,features,preapproval,1193,False,1058,1058,0,135,0,0,23,23,0,1170,0,0,0,0,0,1193,0,0,0,0,0,1193,0,0,0,0,0,1193,0,0,23,23,0,1170,0,0,1058,1058,0,135,0,0,0.04991229764198868
targeting,hmda_oh,mlp,1003,features,property_value,1583,False,1106,1106,0,477,0,0,52,52,0,1531,1,1,33,33,0,1550,0,0,0,0,0,1583,0,0,36,36,0,1547,1,1,84,84,0,1499,1,1,1106,1106,0,477,0,0,0.02835638487938495
targeting,hmda_oh,mlp,1003,features,tract_minority_population_percent,1766,False,1149,1149,0,617,0,0,57,57,0,1709,2,2,76,76,0,1690,0,0,0,0,0,1766,0,0,79,79,0,1687,2,2,132,132,0,1634,2,2,1149,1149,0,617,0,0,0.01926899355037264
targeting,hmda_oh,mlp,1003,features,tract_to_msa_income_percentage,1672,False,1215,1215,0,457,0,0,60,60,0,1612,1,1,79,79,0,1593,0,0,0,0,0,1672,0,0,82,82,0,1590,1,1,134,134,0,1538,1,1,1215,1215,0,457,0,0,0.02323709057959698
signed_targeting,hmda_oh,mlp,1003,features,income,1654,True,1315,1315,0,339,0,0,53,53,0,1601,0,0,106,106,0,1548,0,0,848,819,29,806,0,29,848,819,29,806,0,29,866,837,29,788,0,29,1476,1447,29,178,0,29,0.03833571595233173
signed_targeting,hmda_oh,mlp,1003,features,debt_to_income_ratio,1666,True,1310,1309,1,356,0,1,73,73,0,1593,0,0,62,62,0,1604,0,0,315,292,23,1351,7,30,320,297,23,1346,7,30,375,351,24,1291,6,30,1369,1338,31,297,0,31,0.03372997345845791
signed_targeting,hmda_oh,mlp,1003,features,loan_to_value_ratio,1669,True,1373,1373,0,296,0,0,192,190,2,1477,3,5,21,21,0,1648,0,0,330,329,1,1339,4,5,338,337,1,1331,9,10,516,513,3,1153,7,10,1462,1459,3,207,2,5,0.10572194625798566
signed_targeting,hmda_oh,mlp,1003,features,linked_income_plus10k,675,True,322,322,0,353,0,0,8,8,0,667,1,1,9,9,0,666,0,0,87,81,6,588,0,6,87,81,6,588,1,7,95,89,6,580,1,7,350,344,6,325,0,6,0.012761323118756445
targeting,hmda_oh,mlp,1003,contexts,debt_to_income_ratio,1666,True,1310,1310,0,356,0,0,73,73,0,1593,2,2,62,62,0,1604,0,0,315,300,15,1351,9,24,320,305,15,1346,11,26,375,360,15,1291,11,26,1369,1346,23,297,1,24,0.03530986184964909
targeting,hmda_oh,mlp,1003,contexts,ffiec_msa_md_median_family_income,1628,False,1178,1178,0,450,0,0,49,49,0,1579,2,2,81,81,0,1547,0,0,0,0,0,1628,0,0,84,84,0,1544,2,2,127,127,0,1501,2,2,1178,1178,0,450,0,0,0.0228445418860475
targeting,hmda_oh,mlp,1003,contexts,income,1654,True,1315,1315,0,339,0,0,53,53,0,1601,1,1,106,106,0,1548,0,0,848,813,35,806,10,45,848,813,35,806,11,46,866,830,36,788,10,46,1476,1436,40,178,5,45,0.039331614111464276
targeting,hmda_oh,mlp,1003,contexts,lien_status,1486,False,1211,1211,0,275,0,0,42,41,1,1444,3,4,82,82,0,1404,0,0,0,0,0,1486,0,0,83,83,0,1403,4,4,122,121,1,1364,3,4,1211,1211,0,275,0,0,0.028357604874410473
targeting,hmda_oh,mlp,1003,contexts,loan_amount,1585,False,1440,1440,0,145,0,0,62,62,0,1523,0,0,135,135,0,1450,0,0,0,0,0,1585,0,0,137,137,0,1448,0,0,190,190,0,1395,0,0,1440,1440,0,145,0,0,0.029851289077932434
targeting,hmda_oh,mlp,1003,contexts,loan_purpose,1725,False,1373,1373,0,352,1,1,73,73,0,1652,2,2,17,17,0,1708,0,0,0,0,0,1725,0,0,22,22,0,1703,2,2,86,86,0,1639,2,2,1373,1373,0,352,1,1,0.05037929931296731
targeting,hmda_oh,mlp,1003,contexts,loan_to_value_ratio,1669,True,1373,1372,1,296,0,1,192,191,1,1477,7,8,21,21,0,1648,0,0,330,326,4,1339,5,9,338,333,5,1331,12,17,516,510,6,1153,11,17,1462,1454,8,207,2,10,0.1073782756801187
targeting,hmda_oh,mlp,1003,contexts,loan_type,1483,False,1264,1264,0,219,0,0,79,79,0,1404,3,3,66,66,0,1417,0,0,0,0,0,1483,0,0,73,73,0,1410,3,3,142,142,0,1341,3,3,1264,1264,0,219,0,0,0.07289452717676272
targeting,hmda_oh,mlp,1003,contexts,occupancy_type,1249,False,1031,1027,4,218,0,4,127,126,1,1122,2,3,15,15,0,1234,0,0,0,0,0,1249,0,0,22,22,0,1227,3,3,141,140,1,1108,2,3,1031,1027,4,218,0,4,0.0906634895091082
targeting,hmda_oh,mlp,1003,contexts,preapproval,1193,False,1058,1057,1,135,0,1,23,23,0,1170,1,1,0,0,0,1193,0,0,0,0,0,1193,0,0,0,0,0,1193,1,1,23,23,0,1170,1,1,1058,1057,1,135,0,1,0.0472612094337025
targeting,hmda_oh,mlp,1003,contexts,property_value,1583,False,1106,1106,0,477,0,0,52,51,1,1531,2,3,33,33,0,1550,0,0,0,0,0,1583,0,0,36,34,2,1547,1,3,84,82,2,1499,1,3,1106,1106,0,477,0,0,0.02932603510478292
targeting,hmda_oh,mlp,1003,contexts,tract_minority_population_percent,1766,False,1149,1149,0,617,0,0,57,56,1,1709,0,1,76,76,0,1690,0,0,0,0,0,1766,0,0,79,79,0,1687,1,1,132,131,1,1634,0,1,1149,1149,0,617,0,0,0.019998238801718606
targeting,hmda_oh,mlp,1003,contexts,tract_to_msa_income_percentage,1672,False,1215,1215,0,457,0,0,60,58,2,1612,6,8,79,79,0,1593,0,0,0,0,0,1672,0,0,82,81,1,1590,7,8,134,132,2,1538,6,8,1215,1215,0,457,0,0,0.023857802561263585
signed_targeting,hmda_oh,mlp,1003,contexts,income,1654,True,1315,1315,0,339,0,0,53,53,0,1601,1,1,106,106,0,1548,0,0,848,813,35,806,10,45,848,813,35,806,11,46,866,830,36,788,10,46,1476,1436,40,178,5,45,0.039331614111464276
signed_targeting,hmda_oh,mlp,1003,contexts,debt_to_income_ratio,1666,True,1310,1310,0,356,0,0,73,73,0,1593,2,2,62,62,0,1604,0,0,315,300,15,1351,9,24,320,305,15,1346,11,26,375,360,15,1291,11,26,1369,1346,23,297,1,24,0.03530986184964909
signed_targeting,hmda_oh,mlp,1003,contexts,loan_to_value_ratio,1669,True,1373,1372,1,296,0,1,192,191,1,1477,7,8,21,21,0,1648,0,0,330,326,4,1339,5,9,338,333,5,1331,12,17,516,510,6,1153,11,17,1462,1454,8,207,2,10,0.1073782756801187
signed_targeting,hmda_oh,mlp,1003,contexts,linked_income_plus10k,675,True,322,322,0,353,0,0,8,8,0,667,1,1,9,9,0,666,0,0,87,82,5,588,3,8,87,82,5,588,4,9,95,90,5,580,4,9,350,343,7,325,1,8,0.013144051286914048
targeting,hmda_oh,mlp,1003,population,debt_to_income_ratio,1666,True,1310,631,679,356,166,845,73,72,1,1593,11,12,62,59,3,1604,23,26,315,197,118,1351,63,181,320,199,121,1346,72,193,375,247,128,1291,65,193,1369,602,767,297,154,921,0.03896357375168667
targeting,hmda_oh,mlp,1003,population,ffiec_msa_md_median_family_income,1628,False,1178,872,306,450,107,413,49,46,3,1579,12,15,81,80,1,1547,13,14,0,0,0,1628,0,0,84,82,2,1544,27,29,127,122,5,1501,24,29,1178,872,306,450,107,413,0.021535887807466646
targeting,hmda_oh,mlp,1003,population,income,1654,True,1315,904,411,339,97,508,53,48,5,1601,17,22,106,105,1,1548,13,14,848,542,306,806,48,354,848,536,312,806,57,369,866,551,315,788,54,369,1476,796,680,178,59,739,0.03027927532409061
targeting,hmda_oh,mlp,1003,population,lien_status,1486,False,1211,771,440,275,89,529,42,40,2,1444,13,15,82,81,1,1404,11,12,0,0,0,1486,0,0,83,81,2,1403,25,27,122,117,5,1364,22,27,1211,771,440,275,89,529,0.028655187282750412
targeting,hmda_oh,mlp,1003,population,loan_amount,1585,False,1440,1060,380,145,47,427,62,62,0,1523,7,7,135,135,0,1450,12,12,0,0,0,1585,0,0,137,137,0,1448,18,18,190,189,1,1395,17,18,1440,1060,380,145,47,427,0.03349360089728564
targeting,hmda_oh,mlp,1003,population,loan_purpose,1725,False,1373,872,501,352,118,619,73,66,7,1652,31,38,17,17,0,1708,0,0,0,0,0,1725,0,0,22,16,6,1703,32,38,86,76,10,1639,28,38,1373,872,501,352,118,619,0.05513597660601529
targeting,hmda_oh,mlp,1003,population,loan_to_value_ratio,1669,True,1373,806,567,296,158,725,192,178,14,1477,39,53,21,21,0,1648,4,4,330,310,20,1339,1,21,338,310,28,1331,46,74,516,476,40,1153,34,74,1462,834,628,207,102,730,0.12304605828238559
targeting,hmda_oh,mlp,1003,population,loan_type,1483,False,1264,259,1005,219,185,1190,79,74,5,1404,22,27,66,64,2,1417,65,67,0,0,0,1483,0,0,73,70,3,1410,91,94,142,130,12,1341,82,94,1264,259,1005,219,185,1190,0.08051298171370623
targeting,hmda_oh,mlp,1003,population,occupancy_type,1249,False,1031,722,309,218,64,373,127,117,10,1122,23,33,15,15,0,1234,0,0,0,0,0,1249,0,0,22,19,3,1227,30,33,141,128,13,1108,20,33,1031,722,309,218,64,373,0.1105574658716819
targeting,hmda_oh,mlp,1003,population,preapproval,1193,False,1058,685,373,135,47,420,23,21,2,1170,9,11,0,0,0,1193,0,0,0,0,0,1193,0,0,0,0,0,1193,11,11,23,21,2,1170,9,11,1058,685,373,135,47,420,0.05629191707718175
targeting,hmda_oh,mlp,1003,population,property_value,1583,False,1106,653,453,477,191,644,52,50,2,1531,14,16,33,32,1,1550,23,24,0,0,0,1583,0,0,36,34,2,1547,37,39,84,81,3,1499,36,39,1106,653,453,477,191,644,0.02902718498384611
targeting,hmda_oh,mlp,1003,population,tract_minority_population_percent,1766,False,1149,826,323,617,112,435,57,55,2,1709,10,12,76,74,2,1690,13,15,0,0,0,1766,0,0,79,77,2,1687,25,27,132,127,5,1634,22,27,1149,826,323,617,112,435,0.02937459548737154
targeting,hmda_oh,mlp,1003,population,tract_to_msa_income_percentage,1672,False,1215,884,331,457,104,435,60,55,5,1612,19,24,79,79,0,1593,0,0,0,0,0,1672,0,0,82,81,1,1590,23,24,134,128,6,1538,18,24,1215,884,331,457,104,435,0.025532008613939894
signed_targeting,hmda_oh,mlp,1003,population,income,1654,True,1315,904,411,339,97,508,53,48,5,1601,17,22,106,105,1,1548,13,14,848,542,306,806,48,354,848,536,312,806,57,369,866,551,315,788,54,369,1476,796,680,178,59,739,0.03027927532409061
signed_targeting,hmda_oh,mlp,1003,population,debt_to_income_ratio,1666,True,1310,631,679,356,166,845,73,72,1,1593,11,12,62,59,3,1604,23,26,315,197,118,1351,63,181,320,199,121,1346,72,193,375,247,128,1291,65,193,1369,602,767,297,154,921,0.03896357375168667
signed_targeting,hmda_oh,mlp,1003,population,loan_to_value_ratio,1669,True,1373,806,567,296,158,725,192,178,14,1477,39,53,21,21,0,1648,4,4,330,310,20,1339,1,21,338,310,28,1331,46,74,516,476,40,1153,34,74,1462,834,628,207,102,730,0.12304605828238559
signed_targeting,hmda_oh,mlp,1003,population,linked_income_plus10k,675,True,322,237,85,353,67,152,8,8,0,667,2,2,9,9,0,666,2,2,87,58,29,588,7,36,87,58,29,588,9,38,95,66,29,580,9,38,350,231,119,325,58,177,0.013349012500622497
targeting,hmda_oh,mlp,1003,task,debt_to_income_ratio,1666,True,1310,0,1310,356,0,1310,73,0,73,1593,0,73,62,0,62,1604,0,62,315,0,315,1351,0,315,320,0,320,1346,55,375,375,0,375,1291,0,375,1369,0,1369,297,0,1369,9.485792836823956e-18
targeting,hmda_oh,mlp,1003,task,ffiec_msa_md_median_family_income,1628,False,1178,0,1178,450,0,1178,49,0,49,1579,0,49,81,0,81,1547,0,81,0,0,0,1628,0,0,84,0,84,1544,43,127,127,0,127,1501,0,127,1178,0,1178,450,0,1178,9.81476014558054e-19
targeting,hmda_oh,mlp,1003,task,income,1654,True,1315,0,1315,339,0,1315,53,0,53,1601,0,53,106,0,106,1548,0,106,848,0,848,806,0,848,848,0,848,806,18,866,866,0,866,788,0,866,1476,0,1476,178,0,1476,2.0040041606545854e-18
targeting,hmda_oh,mlp,1003,task,lien_status,1486,False,1211,0,1211,275,0,1211,42,0,42,1444,0,42,82,0,82,1404,0,82,0,0,0,1486,0,0,83,0,83,1403,39,122,122,0,122,1364,0,122,1211,0,1211,275,0,1211,1.6976090686675056e-18
targeting,hmda_oh,mlp,1003,task,loan_amount,1585,False,1440,0,1440,145,0,1440,62,0,62,1523,0,62,135,0,135,1450,0,135,0,0,0,1585,0,0,137,0,137,1448,53,190,190,0,190,1395,0,190,1440,0,1440,145,0,1440,1.3998178711510009e-18
targeting,hmda_oh,mlp,1003,task,loan_purpose,1725,False,1373,0,1373,352,0,1373,73,0,73,1652,0,73,17,0,17,1708,0,17,0,0,0,1725,0,0,22,0,22,1703,64,86,86,0,86,1639,0,86,1373,0,1373,352,0,1373,2.565485141279469e-17
targeting,hmda_oh,mlp,1003,task,loan_to_value_ratio,1669,True,1373,0,1373,296,0,1373,192,0,192,1477,0,192,21,0,21,1648,0,21,330,0,330,1339,0,330,338,0,338,1331,178,516,516,0,516,1153,0,516,1462,0,1462,207,0,1462,1.8130926491875028e-17
targeting,hmda_oh,mlp,1003,task,loan_type,1483,False,1264,0,1264,219,0,1264,79,0,79,1404,0,79,66,0,66,1417,0,66,0,0,0,1483,0,0,73,0,73,1410,69,142,142,0,142,1341,0,142,1264,0,1264,219,0,1264,1.3252973354552433e-17
targeting,hmda_oh,mlp,1003,task,occupancy_type,1249,False,1031,0,1031,218,0,1031,127,0,127,1122,0,127,15,0,15,1234,0,15,0,0,0,1249,0,0,22,0,22,1227,119,141,141,0,141,1108,0,141,1031,0,1031,218,0,1031,2.2383349510682323e-17
targeting,hmda_oh,mlp,1003,task,preapproval,1193,False,1058,0,1058,135,0,1058,23,0,23,1170,0,23,0,0,0,1193,0,0,0,0,0,1193,0,0,0,0,0,1193,23,23,23,0,23,1170,0,23,1058,0,1058,135,0,1058,2.7339434647664864e-17
targeting,hmda_oh,mlp,1003,task,property_value,1583,False,1106,0,1106,477,0,1106,52,0,52,1531,0,52,33,0,33,1550,0,33,0,0,0,1583,0,0,36,0,36,1547,48,84,84,0,84,1499,0,84,1106,0,1106,477,0,1106,1.303782220810743e-18
targeting,hmda_oh,mlp,1003,task,tract_minority_population_percent,1766,False,1149,0,1149,617,0,1149,57,0,57,1709,0,57,76,0,76,1690,0,76,0,0,0,1766,0,0,79,0,79,1687,53,132,132,0,132,1634,0,132,1149,0,1149,617,0,1149,7.162483742500457e-19
targeting,hmda_oh,mlp,1003,task,tract_to_msa_income_percentage,1672,False,1215,0,1215,457,0,1215,60,0,60,1612,0,60,79,0,79,1593,0,79,0,0,0,1672,0,0,82,0,82,1590,52,134,134,0,134,1538,0,134,1215,0,1215,457,0,1215,9.27942831268582e-19
signed_targeting,hmda_oh,mlp,1003,task,income,1654,True,1315,0,1315,339,0,1315,53,0,53,1601,0,53,106,0,106,1548,0,106,848,0,848,806,0,848,848,0,848,806,18,866,866,0,866,788,0,866,1476,0,1476,178,0,1476,2.0040041606545854e-18
signed_targeting,hmda_oh,mlp,1003,task,debt_to_income_ratio,1666,True,1310,0,1310,356,0,1310,73,0,73,1593,0,73,62,0,62,1604,0,62,315,0,315,1351,0,315,320,0,320,1346,55,375,375,0,375,1291,0,375,1369,0,1369,297,0,1369,9.485792836823956e-18
signed_targeting,hmda_oh,mlp,1003,task,loan_to_value_ratio,1669,True,1373,0,1373,296,0,1373,192,0,192,1477,0,192,21,0,21,1648,0,21,330,0,330,1339,0,330,338,0,338,1331,178,516,516,0,516,1153,0,516,1462,0,1462,207,0,1462,1.8130926491875028e-17
signed_targeting,hmda_oh,mlp,1003,task,linked_income_plus10k,675,True,322,0,322,353,0,322,8,0,8,667,0,8,9,0,9,666,0,9,87,0,87,588,0,87,87,0,87,588,8,95,95,0,95,580,0,95,350,0,350,325,0,350,5.152771213827405e-19
targeting,hmda_oh,mlp,1003,augmentation,debt_to_income_ratio,1666,True,1310,596,714,356,174,888,73,70,3,1593,15,18,62,61,1,1604,7,8,315,105,210,1351,123,333,320,106,214,1346,134,348,375,153,222,1291,126,348,1369,477,892,297,160,1052,0.04154365309571388
targeting,hmda_oh,mlp,1003,augmentation,ffiec_msa_md_median_family_income,1628,False,1178,548,630,450,207,837,49,40,9,1579,16,25,81,81,0,1547,7,7,0,0,0,1628,0,0,84,81,3,1544,29,32,127,116,11,1501,21,32,1178,548,630,450,207,837,0.036157650995771895
targeting,hmda_oh,mlp,1003,augmentation,income,1654,True,1315,591,724,339,176,900,53,46,7,1601,13,20,106,104,2,1548,8,10,848,346,502,806,87,589,848,341,507,806,96,603,866,354,512,788,91,603,1476,439,1037,178,103,1140,0.035980774102412315
targeting,hmda_oh,mlp,1003,augmentation,lien_status,1486,False,1211,471,740,275,181,921,42,36,6,1444,21,27,82,82,0,1404,7,7,0,0,0,1486,0,0,83,81,2,1403,32,34,122,114,8,1364,26,34,1211,471,740,275,181,921,0.035856438164391574
targeting,hmda_oh,mlp,1003,augmentation,loan_amount,1585,False,1440,709,731,145,74,805,62,56,6,1523,13,19,135,129,6,1450,12,18,0,0,0,1585,0,0,137,127,10,1448,27,37,190,172,18,1395,19,37,1440,709,731,145,74,805,0.039527338954527966
targeting,hmda_oh,mlp,1003,augmentation,loan_purpose,1725,False,1373,421,952,352,213,1165,73,65,8,1652,24,32,17,17,0,1708,7,7,0,0,0,1725,0,0,22,20,2,1703,36,38,86,78,8,1639,30,38,1373,421,952,352,213,1165,0.0599399571727772
targeting,hmda_oh,mlp,1003,augmentation,loan_to_value_ratio,1669,True,1373,468,905,296,176,1081,192,183,9,1477,26,35,21,21,0,1648,7,7,330,38,292,1339,127,419,338,44,294,1331,155,449,516,212,304,1153,145,449,1462,362,1100,207,134,1234,0.08522850422643534
targeting,hmda_oh,mlp,1003,augmentation,loan_type,1483,False,1264,558,706,219,121,827,79,67,12,1404,23,35,66,66,0,1417,13,13,0,0,0,1483,0,0,73,68,5,1410,42,47,142,125,17,1341,30,47,1264,558,706,219,121,827,0.0665868445368405
targeting,hmda_oh,mlp,1003,augmentation,occupancy_type,1249,False,1031,177,854,218,176,1030,127,111,16,1122,48,64,15,15,0,1234,6,6,0,0,0,1249,0,0,22,18,4,1227,66,70,141,120,21,1108,49,70,1031,177,854,218,176,1030,0.1325667405390884
targeting,hmda_oh,mlp,1003,augmentation,preapproval,1193,False,1058,444,614,135,78,692,23,20,3,1170,6,9,0,0,0,1193,0,0,0,0,0,1193,0,0,0,0,0,1193,9,9,23,20,3,1170,6,9,1058,444,614,135,78,692,0.042915288015571054
targeting,hmda_oh,mlp,1003,augmentation,property_value,1583,False,1106,579,527,477,188,715,52,45,7,1531,13,20,33,32,1,1550,3,4,0,0,0,1583,0,0,36,33,3,1547,21,24,84,73,11,1499,13,24,1106,579,527,477,188,715,0.03364295719373925
targeting,hmda_oh,mlp,1003,augmentation,tract_minority_population_percent,1766,False,1149,577,572,617,268,840,57,52,5,1709,16,21,76,74,2,1690,21,23,0,0,0,1766,0,0,79,75,4,1687,40,44,132,116,16,1634,28,44,1149,577,572,617,268,840,0.028466996891121765
targeting,hmda_oh,mlp,1003,augmentation,tract_to_msa_income_percentage,1672,False,1215,581,634,457,214,848,60,51,9,1612,11,20,79,78,1,1593,14,15,0,0,0,1672,0,0,82,77,5,1590,28,33,134,121,13,1538,20,33,1215,581,634,457,214,848,0.03384179117446052
signed_targeting,hmda_oh,mlp,1003,augmentation,income,1654,True,1315,591,724,339,176,900,53,46,7,1601,13,20,106,104,2,1548,8,10,848,346,502,806,87,589,848,341,507,806,96,603,866,354,512,788,91,603,1476,439,1037,178,103,1140,0.035980774102412315
signed_targeting,hmda_oh,mlp,1003,augmentation,debt_to_income_ratio,1666,True,1310,596,714,356,174,888,73,70,3,1593,15,18,62,61,1,1604,7,8,315,105,210,1351,123,333,320,106,214,1346,134,348,375,153,222,1291,126,348,1369,477,892,297,160,1052,0.04154365309571388
signed_targeting,hmda_oh,mlp,1003,augmentation,loan_to_value_ratio,1669,True,1373,468,905,296,176,1081,192,183,9,1477,26,35,21,21,0,1648,7,7,330,38,292,1339,127,419,338,44,294,1331,155,449,516,212,304,1153,145,449,1462,362,1100,207,134,1234,0.08522850422643534
signed_targeting,hmda_oh,mlp,1003,augmentation,linked_income_plus10k,675,True,322,216,106,353,71,177,8,6,2,667,4,6,9,9,0,666,1,1,87,31,56,588,27,83,87,31,56,588,32,88,95,37,58,580,30,88,350,191,159,325,76,235,0.015624045672987811
targeting,hmda_oh,mlp,1004,full,debt_to_income_ratio,1666,True,1359,1359,0,307,0,0,69,69,0,1597,1,1,63,63,0,1603,0,0,231,218,13,1435,4,17,231,217,14,1435,4,18,281,267,14,1385,4,18,1387,1371,16,279,1,17,0.038085220906423634
targeting,hmda_oh,mlp,1004,full,ffiec_msa_md_median_family_income,1628,False,1240,1240,0,388,0,0,49,48,1,1579,0,1,91,91,0,1537,0,0,0,0,0,1628,0,0,97,97,0,1531,1,1,136,135,1,1492,0,1,1240,1240,0,388,0,0,0.02501179439575953
targeting,hmda_oh,mlp,1004,full,income,1654,True,1294,1294,0,360,0,0,66,65,1,1588,3,4,96,96,0,1558,0,0,723,718,5,931,0,5,726,717,9,928,0,9,748,739,9,906,0,9,1436,1431,5,218,0,5,0.03931048794843306
targeting,hmda_oh,mlp,1004,full,lien_status,1486,False,1243,1243,0,243,0,0,56,56,0,1430,3,3,75,75,0,1411,0,0,0,0,0,1486,0,0,80,80,0,1406,3,3,131,131,0,1355,3,3,1243,1243,0,243,0,0,0.030492857970734838
targeting,hmda_oh,mlp,1004,full,loan_amount,1585,False,1440,1440,0,145,0,0,58,58,0,1527,1,1,205,205,0,1380,0,0,0,0,0,1585,0,0,211,211,0,1374,1,1,247,247,0,1338,1,1,1440,1440,0,145,0,0,0.024854033281198187
targeting,hmda_oh,mlp,1004,full,loan_purpose,1725,False,1419,1417,2,306,2,4,68,68,0,1657,1,1,15,15,0,1710,0,0,0,0,0,1725,0,0,19,19,0,1706,1,1,82,82,0,1643,1,1,1419,1417,2,306,2,4,0.048642171639652794
targeting,hmda_oh,mlp,1004,full,loan_to_value_ratio,1669,True,1431,1431,0,238,0,0,143,141,2,1526,4,6,29,29,0,1640,0,0,345,345,0,1324,0,0,357,357,0,1312,6,6,481,479,2,1188,4,6,1482,1482,0,187,0,0,0.08217325281427253
targeting,hmda_oh,mlp,1004,full,loan_type,1483,False,1310,1310,0,173,0,0,80,80,0,1403,3,3,70,70,0,1413,0,0,0,0,0,1483,0,0,77,77,0,1406,3,3,147,147,0,1336,3,3,1310,1310,0,173,0,0,0.06845248536923138
targeting,hmda_oh,mlp,1004,full,occupancy_type,1249,False,1107,1107,0,142,0,0,137,137,0,1112,4,4,17,17,0,1232,0,0,0,0,0,1249,0,0,38,38,0,1211,4,4,153,153,0,1096,4,4,1107,1107,0,142,0,0,0.15350258032057493
targeting,hmda_oh,mlp,1004,full,preapproval,1193,False,1043,1041,2,150,0,2,26,26,0,1167,0,0,0,0,0,1193,0,0,0,0,0,1193,0,0,0,0,0,1193,0,0,26,26,0,1167,0,0,1043,1041,2,150,0,2,0.05310278457345846
targeting,hmda_oh,mlp,1004,full,property_value,1583,False,1278,1278,0,305,0,0,48,48,0,1535,0,0,105,105,0,1478,0,0,0,0,0,1583,0,0,107,107,0,1476,0,0,151,151,0,1432,0,0,1278,1278,0,305,0,0,0.0236392376670181
targeting,hmda_oh,mlp,1004,full,tract_minority_population_percent,1766,False,1286,1286,0,480,0,0,41,41,0,1725,4,4,89,89,0,1677,0,0,0,0,0,1766,0,0,91,91,0,1675,4,4,123,123,0,1643,4,4,1286,1286,0,480,0,0,0.021016238204600475
targeting,hmda_oh,mlp,1004,full,tract_to_msa_income_percentage,1672,False,1245,1245,0,427,0,0,61,59,2,1611,1,3,43,43,0,1629,0,0,0,0,0,1672,0,0,45,45,0,1627,3,3,101,99,2,1571,1,3,1245,1245,0,427,0,0,0.02833696090681355
signed_targeting,hmda_oh,mlp,1004,full,income,1654,True,1294,1294,0,360,0,0,66,65,1,1588,3,4,96,96,0,1558,0,0,723,718,5,931,0,5,726,717,9,928,0,9,748,739,9,906,0,9,1436,1431,5,218,0,5,0.03931048794843306
signed_targeting,hmda_oh,mlp,1004,full,debt_to_income_ratio,1666,True,1359,1359,0,307,0,0,69,69,0,1597,1,1,63,63,0,1603,0,0,231,218,13,1435,4,17,231,217,14,1435,4,18,281,267,14,1385,4,18,1387,1371,16,279,1,17,0.038085220906423634
signed_targeting,hmda_oh,mlp,1004,full,loan_to_value_ratio,1669,True,1431,1431,0,238,0,0,143,141,2,1526,4,6,29,29,0,1640,0,0,345,345,0,1324,0,0,357,357,0,1312,6,6,481,479,2,1188,4,6,1482,1482,0,187,0,0,0.08217325281427253
signed_targeting,hmda_oh,mlp,1004,full,linked_income_plus10k,675,True,369,369,0,306,0,0,14,13,1,661,1,2,7,7,0,668,0,0,56,56,0,619,0,0,56,56,0,619,2,2,66,65,1,609,1,2,392,392,0,283,0,0,0.012365407965551111
targeting,hmda_oh,mlp,1004,features,debt_to_income_ratio,1666,True,1359,1359,0,307,0,0,69,68,1,1597,2,3,63,63,0,1603,0,0,231,226,5,1435,1,6,231,225,6,1435,3,9,281,274,7,1385,2,9,1387,1381,6,279,0,6,0.03822846223491943
targeting,hmda_oh,mlp,1004,features,ffiec_msa_md_median_family_income,1628,False,1240,1240,0,388,0,0,49,49,0,1579,0,0,91,91,0,1537,0,0,0,0,0,1628,0,0,97,97,0,1531,0,0,136,136,0,1492,0,0,1240,1240,0,388,0,0,0.023662249007025214
targeting,hmda_oh,mlp,1004,features,income,1654,True,1294,1294,0,360,0,0,66,66,0,1588,0,0,96,96,0,1558,0,0,723,707,16,931,0,16,726,710,16,928,0,16,748,732,16,906,0,16,1436,1420,16,218,0,16,0.03762380134827326
targeting,hmda_oh,mlp,1004,features,lien_status,1486,False,1243,1243,0,243,0,0,56,56,0,1430,0,0,75,75,0,1411,0,0,0,0,0,1486,0,0,80,80,0,1406,0,0,131,131,0,1355,0,0,1243,1243,0,243,0,0,0.029645232732307132
targeting,hmda_oh,mlp,1004,features,loan_amount,1585,False,1440,1440,0,145,0,0,58,58,0,1527,2,2,205,205,0,1380,0,0,0,0,0,1585,0,0,211,210,1,1374,1,2,247,246,1,1338,1,2,1440,1440,0,145,0,0,0.025667194379897066
targeting,hmda_oh,mlp,1004,features,loan_purpose,1725,False,1419,1418,1,306,0,1,68,68,0,1657,1,1,15,15,0,1710,0,0,0,0,0,1725,0,0,19,19,0,1706,1,1,82,82,0,1643,1,1,1419,1418,1,306,0,1,0.04888911312158051
targeting,hmda_oh,mlp,1004,features,loan_to_value_ratio,1669,True,1431,1431,0,238,0,0,143,140,3,1526,4,7,29,29,0,1640,0,0,345,345,0,1324,1,1,357,356,1,1312,7,8,481,476,5,1188,3,8,1482,1481,1,187,0,1,0.089062579452907
targeting,hmda_oh,mlp,1004,features,loan_type,1483,False,1310,1310,0,173,0,0,80,80,0,1403,0,0,70,70,0,1413,0,0,0,0,0,1483,0,0,77,77,0,1406,0,0,147,147,0,1336,0,0,1310,1310,0,173,0,0,0.07392838646708437
targeting,hmda_oh,mlp,1004,features,occupancy_type,1249,False,1107,1107,0,142,0,0,137,136,1,1112,3,4,17,17,0,1232,0,0,0,0,0,1249,0,0,38,38,0,1211,4,4,153,152,1,1096,3,4,1107,1107,0,142,0,0,0.16283797974145467
targeting,hmda_oh,mlp,1004,features,preapproval,1193,False,1043,1040,3,150,0,3,26,26,0,1167,1,1,0,0,0,1193,0,0,0,0,0,1193,0,0,0,0,0,1193,1,1,26,26,0,1167,1,1,1043,1040,3,150,0,3,0.052334170979972755
targeting,hmda_oh,mlp,1004,features,property_value,1583,False,1278,1278,0,305,0,0,48,48,0,1535,1,1,105,105,0,1478,0,0,0,0,0,1583,0,0,107,107,0,1476,1,1,151,151,0,1432,1,1,1278,1278,0,305,0,0,0.02265282939824711
targeting,hmda_oh,mlp,1004,features,tract_minority_population_percent,1766,False,1286,1286,0,480,0,0,41,41,0,1725,1,1,89,89,0,1677,0,0,0,0,0,1766,0,0,91,91,0,1675,1,1,123,123,0,1643,1,1,1286,1286,0,480,0,0,0.021157782698548233
targeting,hmda_oh,mlp,1004,features,tract_to_msa_income_percentage,1672,False,1245,1244,1,427,0,1,61,60,1,1611,1,2,43,43,0,1629,0,0,0,0,0,1672,0,0,45,45,0,1627,2,2,101,100,1,1571,1,2,1245,1244,1,427,0,1,0.025761020699125003
signed_targeting,hmda_oh,mlp,1004,features,income,1654,True,1294,1294,0,360,0,0,66,66,0,1588,0,0,96,96,0,1558,0,0,723,707,16,931,0,16,726,710,16,928,0,16,748,732,16,906,0,16,1436,1420,16,218,0,16,0.03762380134827326
signed_targeting,hmda_oh,mlp,1004,features,debt_to_income_ratio,1666,True,1359,1359,0,307,0,0,69,68,1,1597,2,3,63,63,0,1603,0,0,231,226,5,1435,1,6,231,225,6,1435,3,9,281,274,7,1385,2,9,1387,1381,6,279,0,6,0.03822846223491943
signed_targeting,hmda_oh,mlp,1004,features,loan_to_value_ratio,1669,True,1431,1431,0,238,0,0,143,140,3,1526,4,7,29,29,0,1640,0,0,345,345,0,1324,1,1,357,356,1,1312,7,8,481,476,5,1188,3,8,1482,1481,1,187,0,1,0.089062579452907
signed_targeting,hmda_oh,mlp,1004,features,linked_income_plus10k,675,True,369,369,0,306,0,0,14,14,0,661,0,0,7,7,0,668,0,0,56,54,2,619,0,2,56,54,2,619,0,2,66,64,2,609,0,2,392,390,2,283,0,2,0.013137400658358491
targeting,hmda_oh,mlp,1004,contexts,debt_to_income_ratio,1666,True,1359,1359,0,307,1,1,69,69,0,1597,3,3,63,63,0,1603,0,0,231,228,3,1435,1,4,231,227,4,1435,3,7,281,277,4,1385,3,7,1387,1383,4,279,1,5,0.039702063196088065
targeting,hmda_oh,mlp,1004,contexts,ffiec_msa_md_median_family_income,1628,False,1240,1239,1,388,0,1,49,47,2,1579,2,4,91,91,0,1537,0,0,0,0,0,1628,0,0,97,97,0,1531,4,4,136,134,2,1492,2,4,1240,1239,1,388,0,1,0.024543252281728652
targeting,hmda_oh,mlp,1004,contexts,income,1654,True,1294,1294,0,360,0,0,66,66,0,1588,2,2,96,96,0,1558,0,0,723,717,6,931,0,6,726,719,7,928,1,8,748,741,7,906,1,8,1436,1430,6,218,0,6,0.03822159986742296
targeting,hmda_oh,mlp,1004,contexts,lien_status,1486,False,1243,1243,0,243,0,0,56,56,0,1430,2,2,75,75,0,1411,0,0,0,0,0,1486,0,0,80,80,0,1406,2,2,131,131,0,1355,2,2,1243,1243,0,243,0,0,0.029739316506567855
targeting,hmda_oh,mlp,1004,contexts,loan_amount,1585,False,1440,1440,0,145,0,0,58,57,1,1527,2,3,205,205,0,1380,0,0,0,0,0,1585,0,0,211,211,0,1374,3,3,247,246,1,1338,2,3,1440,1440,0,145,0,0,0.02543722540907703
targeting,hmda_oh,mlp,1004,contexts,loan_purpose,1725,False,1419,1413,6,306,2,8,68,67,1,1657,0,1,15,15,0,1710,0,0,0,0,0,1725,0,0,19,19,0,1706,1,1,82,81,1,1643,0,1,1419,1413,6,306,2,8,0.047423751145936305
targeting,hmda_oh,mlp,1004,contexts,loan_to_value_ratio,1669,True,1431,1430,1,238,0,1,143,141,2,1526,6,8,29,29,0,1640,0,0,345,344,1,1324,3,4,357,355,2,1312,10,12,481,476,5,1188,7,12,1482,1477,5,187,0,5,0.09271856875742271
targeting,hmda_oh,mlp,1004,contexts,loan_type,1483,False,1310,1309,1,173,0,1,80,80,0,1403,3,3,70,70,0,1413,0,0,0,0,0,1483,0,0,77,77,0,1406,3,3,147,147,0,1336,3,3,1310,1309,1,173,0,1,0.0722062334929585
targeting,hmda_oh,mlp,1004,contexts,occupancy_type,1249,False,1107,1107,0,142,0,0,137,136,1,1112,1,2,17,17,0,1232,0,0,0,0,0,1249,0,0,38,37,1,1211,1,2,153,152,1,1096,1,2,1107,1107,0,142,0,0,0.17460120301520402
targeting,hmda_oh,mlp,1004,contexts,preapproval,1193,False,1043,1038,5,150,0,5,26,26,0,1167,0,0,0,0,0,1193,0,0,0,0,0,1193,0,0,0,0,0,1193,0,0,26,26,0,1167,0,0,1043,1038,5,150,0,5,0.053926874407095565
targeting,hmda_oh,mlp,1004,contexts,property_value,1583,False,1278,1277,1,305,1,2,48,48,0,1535,3,3,105,105,0,1478,0,0,0,0,0,1583,0,0,107,107,0,1476,3,3,151,151,0,1432,3,3,1278,1277,1,305,1,2,0.022933281626627777
targeting,hmda_oh,mlp,1004,contexts,tract_minority_population_percent,1766,False,1286,1284,2,480,0,2,41,40,1,1725,2,3,89,89,0,1677,0,0,0,0,0,1766,0,0,91,91,0,1675,3,3,123,122,1,1643,2,3,1286,1284,2,480,0,2,0.019619310232063897
targeting,hmda_oh,mlp,1004,contexts,tract_to_msa_income_percentage,1672,False,1245,1245,0,427,0,0,61,61,0,1611,5,5,43,43,0,1629,0,0,0,0,0,1672,0,0,45,45,0,1627,5,5,101,101,0,1571,5,5,1245,1245,0,427,0,0,0.02758728686630361
signed_targeting,hmda_oh,mlp,1004,contexts,income,1654,True,1294,1294,0,360,0,0,66,66,0,1588,2,2,96,96,0,1558,0,0,723,717,6,931,0,6,726,719,7,928,1,8,748,741,7,906,1,8,1436,1430,6,218,0,6,0.03822159986742296
signed_targeting,hmda_oh,mlp,1004,contexts,debt_to_income_ratio,1666,True,1359,1359,0,307,1,1,69,69,0,1597,3,3,63,63,0,1603,0,0,231,228,3,1435,1,4,231,227,4,1435,3,7,281,277,4,1385,3,7,1387,1383,4,279,1,5,0.039702063196088065
signed_targeting,hmda_oh,mlp,1004,contexts,loan_to_value_ratio,1669,True,1431,1430,1,238,0,1,143,141,2,1526,6,8,29,29,0,1640,0,0,345,344,1,1324,3,4,357,355,2,1312,10,12,481,476,5,1188,7,12,1482,1477,5,187,0,5,0.09271856875742271
signed_targeting,hmda_oh,mlp,1004,contexts,linked_income_plus10k,675,True,369,368,1,306,0,1,14,14,0,661,1,1,7,7,0,668,0,0,56,53,3,619,0,3,56,53,3,619,1,4,66,63,3,609,1,4,392,388,4,283,0,4,0.012906176140058052
targeting,hmda_oh,mlp,1004,population,debt_to_income_ratio,1666,True,1359,673,686,307,159,845,69,66,3,1597,6,9,63,57,6,1603,21,27,231,146,85,1435,63,148,231,145,86,1435,71,157,281,187,94,1385,63,157,1387,640,747,279,142,889,0.04299266249356196
targeting,hmda_oh,mlp,1004,population,ffiec_msa_md_median_family_income,1628,False,1240,781,459,388,128,587,49,49,0,1579,8,8,91,88,3,1537,21,24,0,0,0,1628,0,0,97,94,3,1531,29,32,136,132,4,1492,28,32,1240,781,459,388,128,587,0.023461509550484264
targeting,hmda_oh,mlp,1004,population,income,1654,True,1294,845,449,360,122,571,66,65,1,1588,14,15,96,95,1,1558,10,11,723,409,314,931,108,422,726,409,317,928,120,437,748,429,319,906,118,437,1436,689,747,218,93,840,0.03304613465566891
targeting,hmda_oh,mlp,1004,population,lien_status,1486,False,1243,826,417,243,83,500,56,53,3,1430,9,12,75,75,0,1411,8,8,0,0,0,1486,0,0,80,80,0,1406,19,19,131,127,4,1355,15,19,1243,826,417,243,83,500,0.03271703560108352
targeting,hmda_oh,mlp,1004,population,loan_amount,1585,False,1440,949,491,145,64,555,58,54,4,1527,7,11,205,205,0,1380,6,6,0,0,0,1585,0,0,211,211,0,1374,16,16,247,243,4,1338,12,16,1440,949,491,145,64,555,0.030064434100357005
targeting,hmda_oh,mlp,1004,population,loan_purpose,1725,False,1419,862,557,306,129,686,68,64,4,1657,30,34,15,15,0,1710,0,0,0,0,0,1725,0,0,19,18,1,1706,33,34,82,77,5,1643,29,34,1419,862,557,306,129,686,0.056656675421856574
targeting,hmda_oh,mlp,1004,population,loan_to_value_ratio,1669,True,1431,289,1142,238,202,1344,143,132,11,1526,23,34,29,29,0,1640,12,12,345,294,51,1324,0,51,357,302,55,1312,30,85,481,416,65,1188,20,85,1482,293,1189,187,158,1347,0.10189478019295241
targeting,hmda_oh,mlp,1004,population,loan_type,1483,False,1310,733,577,173,68,645,80,77,3,1403,18,21,70,68,2,1413,7,9,0,0,0,1483,0,0,77,73,4,1406,26,30,147,140,7,1336,23,30,1310,733,577,173,68,645,0.07672903371458599
targeting,hmda_oh,mlp,1004,population,occupancy_type,1249,False,1107,674,433,142,61,494,137,131,6,1112,15,21,17,17,0,1232,0,0,0,0,0,1249,0,0,38,36,2,1211,19,21,153,147,6,1096,15,21,1107,674,433,142,61,494,0.19163073453397114
targeting,hmda_oh,mlp,1004,population,preapproval,1193,False,1043,620,423,150,49,472,26,23,3,1167,6,9,0,0,0,1193,0,0,0,0,0,1193,0,0,0,0,0,1193,9,9,26,23,3,1167,6,9,1043,620,423,150,49,472,0.05666895247137028
targeting,hmda_oh,mlp,1004,population,property_value,1583,False,1278,643,635,305,141,776,48,47,1,1535,9,10,105,104,1,1478,9,10,0,0,0,1583,0,0,107,106,1,1476,19,20,151,149,2,1432,18,20,1278,643,635,305,141,776,0.024716890677419043
targeting,hmda_oh,mlp,1004,population,tract_minority_population_percent,1766,False,1286,996,290,480,102,392,41,40,1,1725,3,4,89,85,4,1677,7,11,0,0,0,1766,0,0,91,85,6,1675,9,15,123,115,8,1643,7,15,1286,996,290,480,102,392,0.015402856886064433
targeting,hmda_oh,mlp,1004,population,tract_to_msa_income_percentage,1672,False,1245,649,596,427,187,783,61,55,6,1611,7,13,43,43,0,1629,11,11,0,0,0,1672,0,0,45,45,0,1627,24,24,101,95,6,1571,18,24,1245,649,596,427,187,783,0.02632588324518828
signed_targeting,hmda_oh,mlp,1004,population,income,1654,True,1294,845,449,360,122,571,66,65,1,1588,14,15,96,95,1,1558,10,11,723,409,314,931,108,422,726,409,317,928,120,437,748,429,319,906,118,437,1436,689,747,218,93,840,0.03304613465566891
signed_targeting,hmda_oh,mlp,1004,population,debt_to_income_ratio,1666,True,1359,673,686,307,159,845,69,66,3,1597,6,9,63,57,6,1603,21,27,231,146,85,1435,63,148,231,145,86,1435,71,157,281,187,94,1385,63,157,1387,640,747,279,142,889,0.04299266249356196
signed_targeting,hmda_oh,mlp,1004,population,loan_to_value_ratio,1669,True,1431,289,1142,238,202,1344,143,132,11,1526,23,34,29,29,0,1640,12,12,345,294,51,1324,0,51,357,302,55,1312,30,85,481,416,65,1188,20,85,1482,293,1189,187,158,1347,0.10189478019295241
signed_targeting,hmda_oh,mlp,1004,population,linked_income_plus10k,675,True,369,285,84,306,43,127,14,14,0,661,2,2,7,7,0,668,0,0,56,29,27,619,10,37,56,29,27,619,12,39,66,39,27,609,12,39,392,286,106,283,39,145,0.013445461299178769
targeting,hmda_oh,mlp,1004,task,debt_to_income_ratio,1666,True,1359,0,1359,307,0,1359,69,0,69,1597,0,69,63,0,63,1603,0,63,231,0,231,1435,0,231,231,0,231,1435,50,281,281,0,281,1385,0,281,1387,0,1387,279,0,1387,1.4166930079864462e-17
targeting,hmda_oh,mlp,1004,task,ffiec_msa_md_median_family_income,1628,False,1240,0,1240,388,0,1240,49,0,49,1579,0,49,91,0,91,1537,0,91,0,0,0,1628,0,0,97,0,97,1531,39,136,136,0,136,1492,0,136,1240,0,1240,388,0,1240,1.0477402136749508e-18
targeting,hmda_oh,mlp,1004,task,income,1654,True,1294,0,1294,360,0,1294,66,0,66,1588,0,66,96,0,96,1558,0,96,723,0,723,931,0,723,726,0,726,928,22,748,748,0,748,906,0,748,1436,0,1436,218,0,1436,1.4722600238225169e-18
targeting,hmda_oh,mlp,1004,task,lien_status,1486,False,1243,0,1243,243,0,1243,56,0,56,1430,0,56,75,0,75,1411,0,75,0,0,0,1486,0,0,80,0,80,1406,51,131,131,0,131,1355,0,131,1243,0,1243,243,0,1243,3.0395965415095798e-18
targeting,hmda_oh,mlp,1004,task,loan_amount,1585,False,1440,0,1440,145,0,1440,58,0,58,1527,0,58,205,0,205,1380,0,205,0,0,0,1585,0,0,211,0,211,1374,36,247,247,0,247,1338,0,247,1440,0,1440,145,0,1440,1.076814548849641e-18
targeting,hmda_oh,mlp,1004,task,loan_purpose,1725,False,1419,0,1419,306,0,1419,68,0,68,1657,0,68,15,0,15,1710,0,15,0,0,0,1725,0,0,19,0,19,1706,63,82,82,0,82,1643,0,82,1419,0,1419,306,0,1419,2.4787580024987326e-17
targeting,hmda_oh,mlp,1004,task,loan_to_value_ratio,1669,True,1431,0,1431,238,0,1431,143,0,143,1526,0,143,29,0,29,1640,0,29,345,0,345,1324,0,345,357,0,357,1312,124,481,481,0,481,1188,0,481,1482,0,1482,187,0,1482,1.728149404086122e-17
targeting,hmda_oh,mlp,1004,task,loan_type,1483,False,1310,0,1310,173,0,1310,80,0,80,1403,0,80,70,0,70,1413,0,70,0,0,0,1483,0,0,77,0,77,1406,70,147,147,0,147,1336,0,147,1310,0,1310,173,0,1310,1.413489286446236e-17
targeting,hmda_oh,mlp,1004,task,occupancy_type,1249,False,1107,0,1107,142,0,1107,137,0,137,1112,0,137,17,0,17,1232,0,17,0,0,0,1249,0,0,38,0,38,1211,115,153,153,0,153,1096,0,153,1107,0,1107,142,0,1107,2.5558004582911297e-17
targeting,hmda_oh,mlp,1004,task,preapproval,1193,False,1043,0,1043,150,0,1043,26,0,26,1167,0,26,0,0,0,1193,0,0,0,0,0,1193,0,0,0,0,0,1193,26,26,26,0,26,1167,0,26,1043,0,1043,150,0,1043,2.820325205332075e-17
targeting,hmda_oh,mlp,1004,task,property_value,1583,False,1278,0,1278,305,0,1278,48,0,48,1535,0,48,105,0,105,1478,0,105,0,0,0,1583,0,0,107,0,107,1476,44,151,151,0,151,1432,0,151,1278,0,1278,305,0,1278,1.0520802003505897e-18
targeting,hmda_oh,mlp,1004,task,tract_minority_population_percent,1766,False,1286,0,1286,480,0,1286,41,0,41,1725,0,41,89,0,89,1677,0,89,0,0,0,1766,0,0,91,0,91,1675,32,123,123,0,123,1643,0,123,1286,0,1286,480,0,1286,9.542022800597934e-19
targeting,hmda_oh,mlp,1004,task,tract_to_msa_income_percentage,1672,False,1245,0,1245,427,0,1245,61,0,61,1611,0,61,43,0,43,1629,0,43,0,0,0,1672,0,0,45,0,45,1627,56,101,101,0,101,1571,0,101,1245,0,1245,427,0,1245,9.56766268210556e-19
signed_targeting,hmda_oh,mlp,1004,task,income,1654,True,1294,0,1294,360,0,1294,66,0,66,1588,0,66,96,0,96,1558,0,96,723,0,723,931,0,723,726,0,726,928,22,748,748,0,748,906,0,748,1436,0,1436,218,0,1436,1.4722600238225169e-18
signed_targeting,hmda_oh,mlp,1004,task,debt_to_income_ratio,1666,True,1359,0,1359,307,0,1359,69,0,69,1597,0,69,63,0,63,1603,0,63,231,0,231,1435,0,231,231,0,231,1435,50,281,281,0,281,1385,0,281,1387,0,1387,279,0,1387,1.4166930079864462e-17
signed_targeting,hmda_oh,mlp,1004,task,loan_to_value_ratio,1669,True,1431,0,1431,238,0,1431,143,0,143,1526,0,143,29,0,29,1640,0,29,345,0,345,1324,0,345,357,0,357,1312,124,481,481,0,481,1188,0,481,1482,0,1482,187,0,1482,1.728149404086122e-17
signed_targeting,hmda_oh,mlp,1004,task,linked_income_plus10k,675,True,369,0,369,306,0,369,14,0,14,661,0,14,7,0,7,668,0,7,56,0,56,619,0,56,56,0,56,619,10,66,66,0,66,609,0,66,392,0,392,283,0,392,4.9664490627039695e-19
targeting,hmda_oh,mlp,1004,augmentation,debt_to_income_ratio,1666,True,1359,455,904,307,192,1096,69,68,1,1597,18,19,63,62,1,1603,18,19,231,45,186,1435,275,461,231,43,188,1435,283,471,281,83,198,1385,273,471,1387,358,1029,279,189,1218,0.04936235850829242
targeting,hmda_oh,mlp,1004,augmentation,ffiec_msa_md_median_family_income,1628,False,1240,482,758,388,239,997,49,45,4,1579,10,14,91,91,0,1537,17,17,0,0,0,1628,0,0,97,94,3,1531,26,29,136,127,9,1492,20,29,1240,482,758,388,239,997,0.032786010949101205
targeting,hmda_oh,mlp,1004,augmentation,income,1654,True,1294,527,767,360,203,970,66,62,4,1588,8,12,96,94,2,1558,18,20,723,211,512,931,229,741,726,213,513,928,235,748,748,234,514,906,234,748,1436,333,1103,218,149,1252,0.030908199715564598
targeting,hmda_oh,mlp,1004,augmentation,lien_status,1486,False,1243,560,683,243,133,816,56,54,2,1430,9,11,75,75,0,1411,11,11,0,0,0,1486,0,0,80,80,0,1406,22,22,131,129,2,1355,20,22,1243,560,683,243,133,816,0.030741257109867727
targeting,hmda_oh,mlp,1004,augmentation,loan_amount,1585,False,1440,356,1084,145,98,1182,58,51,7,1527,7,14,205,189,16,1380,29,45,0,0,0,1585,0,0,211,193,18,1374,39,57,247,222,25,1338,32,57,1440,356,1084,145,98,1182,0.035659466719134184
targeting,hmda_oh,mlp,1004,augmentation,loan_purpose,1725,False,1419,480,939,306,194,1133,68,62,6,1657,24,30,15,13,2,1710,5,7,0,0,0,1725,0,0,19,16,3,1706,34,37,82,73,9,1643,28,37,1419,480,939,306,194,1133,0.04879585032516814
targeting,hmda_oh,mlp,1004,augmentation,loan_to_value_ratio,1669,True,1431,480,951,238,157,1108,143,135,8,1526,32,40,29,28,1,1640,6,7,345,80,265,1324,44,309,357,91,266,1312,79,345,481,206,275,1188,70,345,1482,395,1087,187,127,1214,0.06890660481963912
targeting,hmda_oh,mlp,1004,augmentation,loan_type,1483,False,1310,321,989,173,116,1105,80,76,4,1403,24,28,70,66,4,1413,16,20,0,0,0,1483,0,0,77,72,5,1406,43,48,147,135,12,1336,36,48,1310,321,989,173,116,1105,0.056357167867302965
targeting,hmda_oh,mlp,1004,augmentation,occupancy_type,1249,False,1107,243,864,142,111,975,137,129,8,1112,28,36,17,17,0,1232,3,3,0,0,0,1249,0,0,38,35,3,1211,36,39,153,144,9,1096,30,39,1107,243,864,142,111,975,0.10088393612789959
targeting,hmda_oh,mlp,1004,augmentation,preapproval,1193,False,1043,302,741,150,108,849,26,26,0,1167,2,2,0,0,0,1193,0,0,0,0,0,1193,0,0,0,0,0,1193,2,2,26,26,0,1167,2,2,1043,302,741,150,108,849,0.04503728655267726
targeting,hmda_oh,mlp,1004,augmentation,property_value,1583,False,1278,365,913,305,195,1108,48,47,1,1535,6,7,105,104,1,1478,13,14,0,0,0,1583,0,0,107,103,4,1476,17,21,151,146,5,1432,16,21,1278,365,913,305,195,1108,0.038758951804206146
targeting,hmda_oh,mlp,1004,augmentation,tract_minority_population_percent,1766,False,1286,547,739,480,262,1001,41,38,3,1725,10,13,89,85,4,1677,21,25,0,0,0,1766,0,0,91,86,5,1675,33,38,123,114,9,1643,29,38,1286,547,739,480,262,1001,0.026094764813552405
targeting,hmda_oh,mlp,1004,augmentation,tract_to_msa_income_percentage,1672,False,1245,469,776,427,257,1033,61,55,6,1611,15,21,43,41,2,1629,21,23,0,0,0,1672,0,0,45,40,5,1627,38,43,101,87,14,1571,29,43,1245,469,776,427,257,1033,0.032092709773948236
signed_targeting,hmda_oh,mlp,1004,augmentation,income,1654,True,1294,527,767,360,203,970,66,62,4,1588,8,12,96,94,2,1558,18,20,723,211,512,931,229,741,726,213,513,928,235,748,748,234,514,906,234,748,1436,333,1103,218,149,1252,0.030908199715564598
signed_targeting,hmda_oh,mlp,1004,augmentation,debt_to_income_ratio,1666,True,1359,455,904,307,192,1096,69,68,1,1597,18,19,63,62,1,1603,18,19,231,45,186,1435,275,461,231,43,188,1435,283,471,281,83,198,1385,273,471,1387,358,1029,279,189,1218,0.04936235850829242
signed_targeting,hmda_oh,mlp,1004,augmentation,loan_to_value_ratio,1669,True,1431,480,951,238,157,1108,143,135,8,1526,32,40,29,28,1,1640,6,7,345,80,265,1324,44,309,357,91,266,1312,79,345,481,206,275,1188,70,345,1482,395,1087,187,127,1214,0.06890660481963912
signed_targeting,hmda_oh,mlp,1004,augmentation,linked_income_plus10k,675,True,369,207,162,306,117,279,14,14,0,661,2,2,7,7,0,668,4,4,56,12,44,619,57,101,56,11,45,619,58,103,66,18,48,609,55,103,392,188,204,283,112,316,0.017168256640239278
targeting,hmda_oh,mlp,1005,full,debt_to_income_ratio,1666,True,1382,1381,1,284,0,1,54,54,0,1612,0,0,81,81,0,1585,0,0,462,447,15,1204,1,16,464,449,15,1202,1,16,488,472,16,1178,0,16,1461,1444,17,205,0,17,0.0445878853900645
targeting,hmda_oh,mlp,1005,full,ffiec_msa_md_median_family_income,1628,False,1215,1213,2,413,0,2,49,46,3,1579,6,9,108,108,0,1520,0,0,0,0,0,1628,0,0,110,108,2,1518,7,9,152,147,5,1476,4,9,1215,1213,2,413,0,2,0.02408863510749927
targeting,hmda_oh,mlp,1005,full,income,1654,True,1198,1196,2,456,0,2,72,72,0,1582,3,3,76,76,0,1578,0,0,587,584,3,1067,0,3,588,584,4,1066,2,6,630,626,4,1024,2,6,1321,1316,5,333,0,5,0.03370712193193564
targeting,hmda_oh,mlp,1005,full,lien_status,1486,False,994,993,1,492,0,1,43,41,2,1443,4,6,31,31,0,1455,0,0,0,0,0,1486,0,0,31,30,1,1455,5,6,73,70,3,1413,3,6,994,993,1,492,0,1,0.03704108596457086
targeting,hmda_oh,mlp,1005,full,loan_amount,1585,False,1062,1061,1,523,0,1,37,35,2,1548,2,4,40,40,0,1545,0,0,0,0,0,1585,0,0,42,42,0,1543,4,4,76,74,2,1509,2,4,1062,1061,1,523,0,1,0.026503339907870436
targeting,hmda_oh,mlp,1005,full,loan_purpose,1725,False,1163,1154,9,562,2,11,56,56,0,1669,1,1,5,5,0,1720,0,0,0,0,0,1725,0,0,11,11,0,1714,1,1,61,61,0,1664,1,1,1163,1154,9,562,2,11,0.04960794462841907
targeting,hmda_oh,mlp,1005,full,loan_to_value_ratio,1669,True,1386,1378,8,283,2,10,125,123,2,1544,3,5,17,17,0,1652,0,0,270,267,3,1399,0,3,280,277,3,1389,5,8,389,384,5,1280,3,8,1442,1431,11,227,2,13,0.09583832030718982
targeting,hmda_oh,mlp,1005,full,loan_type,1483,False,1412,1404,8,71,0,8,106,105,1,1377,3,4,95,95,0,1388,0,0,0,0,0,1483,0,0,105,104,1,1378,3,4,193,191,2,1290,2,4,1412,1404,8,71,0,8,0.08772580255900561
targeting,hmda_oh,mlp,1005,full,occupancy_type,1249,False,1055,1046,9,194,0,9,134,131,3,1115,4,7,10,10,0,1239,0,0,0,0,0,1249,0,0,21,20,1,1228,6,7,143,140,3,1106,4,7,1055,1046,9,194,0,9,0.14139904149391397
targeting,hmda_oh,mlp,1005,full,preapproval,1193,False,930,928,2,263,0,2,28,26,2,1165,1,3,0,0,0,1193,0,0,0,0,0,1193,0,0,3,2,1,1190,2,3,28,26,2,1165,1,3,930,928,2,263,0,2,0.05026454263024686
targeting,hmda_oh,mlp,1005,full,property_value,1583,False,943,937,6,640,3,9,61,59,2,1522,2,4,8,8,0,1575,0,0,0,0,0,1583,0,0,11,11,0,1572,4,4,69,67,2,1514,2,4,943,937,6,640,3,9,0.028425613129659046
targeting,hmda_oh,mlp,1005,full,tract_minority_population_percent,1766,False,1165,1165,0,601,1,1,49,47,2,1717,5,7,75,75,0,1691,0,0,0,0,0,1766,0,0,75,74,1,1691,6,7,124,121,3,1642,4,7,1165,1165,0,601,1,1,0.016544849949887645
targeting,hmda_oh,mlp,1005,full,tract_to_msa_income_percentage,1672,False,1146,1145,1,526,0,1,59,59,0,1613,1,1,65,65,0,1607,0,0,0,0,0,1672,0,0,68,67,1,1604,0,1,119,118,1,1553,0,1,1146,1145,1,526,0,1,0.017234233556425716
signed_targeting,hmda_oh,mlp,1005,full,income,1654,True,1198,1196,2,456,0,2,72,72,0,1582,3,3,76,76,0,1578,0,0,587,584,3,1067,0,3,588,584,4,1066,2,6,630,626,4,1024,2,6,1321,1316,5,333,0,5,0.03370712193193564
signed_targeting,hmda_oh,mlp,1005,full,debt_to_income_ratio,1666,True,1382,1381,1,284,0,1,54,54,0,1612,0,0,81,81,0,1585,0,0,462,447,15,1204,1,16,464,449,15,1202,1,16,488,472,16,1178,0,16,1461,1444,17,205,0,17,0.0445878853900645
signed_targeting,hmda_oh,mlp,1005,full,loan_to_value_ratio,1669,True,1386,1378,8,283,2,10,125,123,2,1544,3,5,17,17,0,1652,0,0,270,267,3,1399,0,3,280,277,3,1389,5,8,389,384,5,1280,3,8,1442,1431,11,227,2,13,0.09583832030718982
signed_targeting,hmda_oh,mlp,1005,full,linked_income_plus10k,675,True,282,282,0,393,0,0,5,5,0,670,0,0,10,10,0,665,0,0,95,94,1,580,0,1,95,94,1,580,0,1,100,99,1,575,0,1,314,313,1,361,0,1,0.014904879784322018
targeting,hmda_oh,mlp,1005,features,debt_to_income_ratio,1666,True,1382,1381,1,284,1,2,54,54,0,1612,1,1,81,81,0,1585,0,0,462,448,14,1204,2,16,464,450,14,1202,3,17,488,473,15,1178,2,17,1461,1443,18,205,0,18,0.043770113757482555
targeting,hmda_oh,mlp,1005,features,ffiec_msa_md_median_family_income,1628,False,1215,1212,3,413,1,4,49,49,0,1579,3,3,108,108,0,1520,0,0,0,0,0,1628,0,0,110,109,1,1518,2,3,152,151,1,1476,2,3,1215,1212,3,413,1,4,0.024413104233699644
targeting,hmda_oh,mlp,1005,features,income,1654,True,1198,1194,4,456,0,4,72,72,0,1582,3,3,76,76,0,1578,0,0,587,582,5,1067,0,5,588,582,6,1066,2,8,630,624,6,1024,2,8,1321,1312,9,333,0,9,0.034020940595849314
targeting,hmda_oh,mlp,1005,features,lien_status,1486,False,994,994,0,492,0,0,43,41,2,1443,4,6,31,31,0,1455,0,0,0,0,0,1486,0,0,31,30,1,1455,5,6,73,70,3,1413,3,6,994,994,0,492,0,0,0.03845204850285873
targeting,hmda_oh,mlp,1005,features,loan_amount,1585,False,1062,1062,0,523,1,1,37,37,0,1548,1,1,40,40,0,1545,0,0,0,0,0,1585,0,0,42,42,0,1543,1,1,76,76,0,1509,1,1,1062,1062,0,523,1,1,0.026530909413761766
targeting,hmda_oh,mlp,1005,features,loan_purpose,1725,False,1163,1138,25,562,6,31,56,56,0,1669,7,7,5,5,0,1720,0,0,0,0,0,1725,0,0,11,11,0,1714,7,7,61,61,0,1664,7,7,1163,1138,25,562,6,31,0.04945786583372328
targeting,hmda_oh,mlp,1005,features,loan_to_value_ratio,1669,True,1386,1381,5,283,1,6,125,122,3,1544,1,4,17,17,0,1652,0,0,270,266,4,1399,0,4,280,276,4,1389,4,8,389,382,7,1280,1,8,1442,1433,9,227,1,10,0.0948794995849241
targeting,hmda_oh,mlp,1005,features,loan_type,1483,False,1412,1404,8,71,0,8,106,106,0,1377,3,3,95,95,0,1388,0,0,0,0,0,1483,0,0,105,105,0,1378,3,3,193,193,0,1290,3,3,1412,1404,8,71,0,8,0.08722934649293866
targeting,hmda_oh,mlp,1005,features,occupancy_type,1249,False,1055,1050,5,194,0,5,134,133,1,1115,1,2,10,10,0,1239,0,0,0,0,0,1249,0,0,21,21,0,1228,2,2,143,142,1,1106,1,2,1055,1050,5,194,0,5,0.14468065744442607
targeting,hmda_oh,mlp,1005,features,preapproval,1193,False,930,911,19,263,7,26,28,27,1,1165,0,1,0,0,0,1193,0,0,0,0,0,1193,0,0,3,3,0,1190,1,1,28,27,1,1165,0,1,930,911,19,263,7,26,0.05000868515827848
targeting,hmda_oh,mlp,1005,features,property_value,1583,False,943,929,14,640,6,20,61,60,1,1522,2,3,8,8,0,1575,0,0,0,0,0,1583,0,0,11,11,0,1572,3,3,69,68,1,1514,2,3,943,929,14,640,6,20,0.027710348121309136
targeting,hmda_oh,mlp,1005,features,tract_minority_population_percent,1766,False,1165,1165,0,601,1,1,49,48,1,1717,3,4,75,75,0,1691,0,0,0,0,0,1766,0,0,75,75,0,1691,4,4,124,123,1,1642,3,4,1165,1165,0,601,1,1,0.01648174427525036
targeting,hmda_oh,mlp,1005,features,tract_to_msa_income_percentage,1672,False,1146,1145,1,526,0,1,59,58,1,1613,2,3,65,65,0,1607,0,0,0,0,0,1672,0,0,68,68,0,1604,3,3,119,118,1,1553,2,3,1146,1145,1,526,0,1,0.017168137680604528
signed_targeting,hmda_oh,mlp,1005,features,income,1654,True,1198,1194,4,456,0,4,72,72,0,1582,3,3,76,76,0,1578,0,0,587,582,5,1067,0,5,588,582,6,1066,2,8,630,624,6,1024,2,8,1321,1312,9,333,0,9,0.034020940595849314
signed_targeting,hmda_oh,mlp,1005,features,debt_to_income_ratio,1666,True,1382,1381,1,284,1,2,54,54,0,1612,1,1,81,81,0,1585,0,0,462,448,14,1204,2,16,464,450,14,1202,3,17,488,473,15,1178,2,17,1461,1443,18,205,0,18,0.043770113757482555
signed_targeting,hmda_oh,mlp,1005,features,loan_to_value_ratio,1669,True,1386,1381,5,283,1,6,125,122,3,1544,1,4,17,17,0,1652,0,0,270,266,4,1399,0,4,280,276,4,1389,4,8,389,382,7,1280,1,8,1442,1433,9,227,1,10,0.0948794995849241
signed_targeting,hmda_oh,mlp,1005,features,linked_income_plus10k,675,True,282,282,0,393,0,0,5,5,0,670,0,0,10,10,0,665,0,0,95,93,2,580,0,2,95,93,2,580,0,2,100,98,2,575,0,2,314,312,2,361,0,2,0.014344815299493167
targeting,hmda_oh,mlp,1005,contexts,debt_to_income_ratio,1666,True,1382,1381,1,284,0,1,54,54,0,1612,0,0,81,81,0,1585,0,0,462,440,22,1204,1,23,464,442,22,1202,1,23,488,466,22,1178,1,23,1461,1437,24,205,0,24,0.03492974994106696
targeting,hmda_oh,mlp,1005,contexts,ffiec_msa_md_median_family_income,1628,False,1215,1215,0,413,1,1,49,49,0,1579,1,1,108,108,0,1520,0,0,0,0,0,1628,0,0,110,110,0,1518,1,1,152,152,0,1476,1,1,1215,1215,0,413,1,1,0.021892715432034617
targeting,hmda_oh,mlp,1005,contexts,income,1654,True,1198,1197,1,456,0,1,72,72,0,1582,1,1,76,76,0,1578,0,0,587,569,18,1067,2,20,588,570,18,1066,3,21,630,612,18,1024,3,21,1321,1301,20,333,1,21,0.027620206990786916
targeting,hmda_oh,mlp,1005,contexts,lien_status,1486,False,994,994,0,492,0,0,43,43,0,1443,2,2,31,31,0,1455,0,0,0,0,0,1486,0,0,31,30,1,1455,1,2,73,72,1,1413,1,2,994,994,0,492,0,0,0.024543949831431787
targeting,hmda_oh,mlp,1005,contexts,loan_amount,1585,False,1062,1062,0,523,0,0,37,37,0,1548,2,2,40,40,0,1545,0,0,0,0,0,1585,0,0,42,42,0,1543,2,2,76,76,0,1509,2,2,1062,1062,0,523,0,0,0.02056642666656401
targeting,hmda_oh,mlp,1005,contexts,loan_purpose,1725,False,1163,1160,3,562,0,3,56,56,0,1669,1,1,5,5,0,1720,0,0,0,0,0,1725,0,0,11,11,0,1714,1,1,61,61,0,1664,1,1,1163,1160,3,562,0,3,0.03997768063174067
targeting,hmda_oh,mlp,1005,contexts,loan_to_value_ratio,1669,True,1386,1380,6,283,0,6,125,125,0,1544,5,5,17,17,0,1652,0,0,270,270,0,1399,0,0,280,280,0,1389,5,5,389,389,0,1280,5,5,1442,1436,6,227,0,6,0.0757726957950685
targeting,hmda_oh,mlp,1005,contexts,loan_type,1483,False,1412,1410,2,71,0,2,106,106,0,1377,1,1,95,95,0,1388,0,0,0,0,0,1483,0,0,105,105,0,1378,1,1,193,193,0,1290,1,1,1412,1410,2,71,0,2,0.08031565915712026
targeting,hmda_oh,mlp,1005,contexts,occupancy_type,1249,False,1055,1051,4,194,0,4,134,134,0,1115,0,0,10,10,0,1239,0,0,0,0,0,1249,0,0,21,21,0,1228,0,0,143,143,0,1106,0,0,1055,1051,4,194,0,4,0.1299065529386403
targeting,hmda_oh,mlp,1005,contexts,preapproval,1193,False,930,918,12,263,1,13,28,28,0,1165,0,0,0,0,0,1193,0,0,0,0,0,1193,0,0,3,3,0,1190,0,0,28,28,0,1165,0,0,930,918,12,263,1,13,0.04408930761546081
targeting,hmda_oh,mlp,1005,contexts,property_value,1583,False,943,936,7,640,0,7,61,61,0,1522,1,1,8,8,0,1575,1,1,0,0,0,1583,0,0,11,11,0,1572,2,2,69,69,0,1514,2,2,943,936,7,640,0,7,0.023799928588438813
targeting,hmda_oh,mlp,1005,contexts,tract_minority_population_percent,1766,False,1165,1163,2,601,1,3,49,47,2,1717,3,5,75,75,0,1691,0,0,0,0,0,1766,0,0,75,74,1,1691,4,5,124,121,3,1642,2,5,1165,1163,2,601,1,3,0.015115006109010131
targeting,hmda_oh,mlp,1005,contexts,tract_to_msa_income_percentage,1672,False,1146,1146,0,526,0,0,59,59,0,1613,6,6,65,65,0,1607,0,0,0,0,0,1672,0,0,68,68,0,1604,6,6,119,119,0,1553,6,6,1146,1146,0,526,0,0,0.01575265470030209
signed_targeting,hmda_oh,mlp,1005,contexts,income,1654,True,1198,1197,1,456,0,1,72,72,0,1582,1,1,76,76,0,1578,0,0,587,569,18,1067,2,20,588,570,18,1066,3,21,630,612,18,1024,3,21,1321,1301,20,333,1,21,0.027620206990786916
signed_targeting,hmda_oh,mlp,1005,contexts,debt_to_income_ratio,1666,True,1382,1381,1,284,0,1,54,54,0,1612,0,0,81,81,0,1585,0,0,462,440,22,1204,1,23,464,442,22,1202,1,23,488,466,22,1178,1,23,1461,1437,24,205,0,24,0.03492974994106696
signed_targeting,hmda_oh,mlp,1005,contexts,loan_to_value_ratio,1669,True,1386,1380,6,283,0,6,125,125,0,1544,5,5,17,17,0,1652,0,0,270,270,0,1399,0,0,280,280,0,1389,5,5,389,389,0,1280,5,5,1442,1436,6,227,0,6,0.0757726957950685
signed_targeting,hmda_oh,mlp,1005,contexts,linked_income_plus10k,675,True,282,282,0,393,0,0,5,5,0,670,0,0,10,10,0,665,0,0,95,89,6,580,0,6,95,89,6,580,0,6,100,94,6,575,0,6,314,308,6,361,0,6,0.011042795210198759
targeting,hmda_oh,mlp,1005,population,debt_to_income_ratio,1666,True,1382,558,824,284,164,988,54,54,0,1612,4,4,81,81,0,1585,32,32,462,407,55,1204,5,60,464,408,56,1202,8,64,488,431,57,1178,7,64,1461,575,886,205,113,999,0.040911525947609106
targeting,hmda_oh,mlp,1005,population,ffiec_msa_md_median_family_income,1628,False,1215,797,418,413,87,505,49,47,2,1579,11,13,108,104,4,1520,11,15,0,0,0,1628,0,0,110,104,6,1518,21,27,152,145,7,1476,20,27,1215,797,418,413,87,505,0.023146521424849825
targeting,hmda_oh,mlp,1005,population,income,1654,True,1198,817,381,456,132,513,72,65,7,1582,19,26,76,76,0,1578,8,8,587,396,191,1067,98,289,588,386,202,1066,113,315,630,420,210,1024,105,315,1321,727,594,333,113,707,0.029619093762720164
targeting,hmda_oh,mlp,1005,population,lien_status,1486,False,994,661,333,492,144,477,43,39,4,1443,10,14,31,31,0,1455,17,17,0,0,0,1486,0,0,31,30,1,1455,29,30,73,67,6,1413,24,30,994,661,333,492,144,477,0.03473030792121633
targeting,hmda_oh,mlp,1005,population,loan_amount,1585,False,1062,673,389,523,171,560,37,35,2,1548,16,18,40,40,0,1545,2,2,0,0,0,1585,0,0,42,38,4,1543,16,20,76,70,6,1509,14,20,1062,673,389,523,171,560,0.02571188075134221
targeting,hmda_oh,mlp,1005,population,loan_purpose,1725,False,1163,802,361,562,156,517,56,55,1,1669,21,22,5,5,0,1720,0,0,0,0,0,1725,0,0,11,11,0,1714,22,22,61,60,1,1664,21,22,1163,802,361,562,156,517,0.052545702468360295
targeting,hmda_oh,mlp,1005,population,loan_to_value_ratio,1669,True,1386,724,662,283,138,800,125,115,10,1544,19,29,17,17,0,1652,6,6,270,221,49,1399,6,55,280,230,50,1389,34,84,389,330,59,1280,25,84,1442,733,709,227,99,808,0.09439703246450844
targeting,hmda_oh,mlp,1005,population,loan_type,1483,False,1412,881,531,71,22,553,106,101,5,1377,19,24,95,95,0,1388,5,5,0,0,0,1483,0,0,105,101,4,1378,25,29,193,187,6,1290,23,29,1412,881,531,71,22,553,0.08409551886796765
targeting,hmda_oh,mlp,1005,population,occupancy_type,1249,False,1055,699,356,194,52,408,134,125,9,1115,10,19,10,10,0,1239,3,3,0,0,0,1249,0,0,21,20,1,1228,21,22,143,133,10,1106,12,22,1055,699,356,194,52,408,0.1454802307713218
targeting,hmda_oh,mlp,1005,population,preapproval,1193,False,930,533,397,263,92,489,28,22,6,1165,6,12,0,0,0,1193,0,0,0,0,0,1193,0,0,3,3,0,1190,12,12,28,22,6,1165,6,12,930,533,397,263,92,489,0.051943938490614114
targeting,hmda_oh,mlp,1005,population,property_value,1583,False,943,624,319,640,159,478,61,59,2,1522,13,15,8,8,0,1575,11,11,0,0,0,1583,0,0,11,11,0,1572,26,26,69,64,5,1514,21,26,943,624,319,640,159,478,0.02745970475417584
targeting,hmda_oh,mlp,1005,population,tract_minority_population_percent,1766,False,1165,822,343,601,109,452,49,47,2,1717,14,16,75,73,2,1691,15,17,0,0,0,1766,0,0,75,73,2,1691,30,32,124,119,5,1642,27,32,1165,822,343,601,109,452,0.016389110624553074
targeting,hmda_oh,mlp,1005,population,tract_to_msa_income_percentage,1672,False,1146,718,428,526,163,591,59,50,9,1613,14,23,65,64,1,1607,1,2,0,0,0,1672,0,0,68,65,3,1604,21,24,119,108,11,1553,13,24,1146,718,428,526,163,591,0.016595160791486516
signed_targeting,hmda_oh,mlp,1005,population,income,1654,True,1198,817,381,456,132,513,72,65,7,1582,19,26,76,76,0,1578,8,8,587,396,191,1067,98,289,588,386,202,1066,113,315,630,420,210,1024,105,315,1321,727,594,333,113,707,0.029619093762720164
signed_targeting,hmda_oh,mlp,1005,population,debt_to_income_ratio,1666,True,1382,558,824,284,164,988,54,54,0,1612,4,4,81,81,0,1585,32,32,462,407,55,1204,5,60,464,408,56,1202,8,64,488,431,57,1178,7,64,1461,575,886,205,113,999,0.040911525947609106
signed_targeting,hmda_oh,mlp,1005,population,loan_to_value_ratio,1669,True,1386,724,662,283,138,800,125,115,10,1544,19,29,17,17,0,1652,6,6,270,221,49,1399,6,55,280,230,50,1389,34,84,389,330,59,1280,25,84,1442,733,709,227,99,808,0.09439703246450844
signed_targeting,hmda_oh,mlp,1005,population,linked_income_plus10k,675,True,282,209,73,393,47,120,5,5,0,670,5,5,10,9,1,665,5,6,95,75,20,580,1,21,95,75,20,580,6,26,100,80,20,575,6,26,314,226,88,361,38,126,0.01260415707685033
targeting,hmda_oh,mlp,1005,task,debt_to_income_ratio,1666,True,1382,0,1382,284,0,1382,54,0,54,1612,0,54,81,0,81,1585,0,81,462,0,462,1204,0,462,464,0,464,1202,24,488,488,0,488,1178,0,488,1461,0,1461,205,0,1461,8.477081331810433e-18
targeting,hmda_oh,mlp,1005,task,ffiec_msa_md_median_family_income,1628,False,1215,0,1215,413,0,1215,49,0,49,1579,0,49,108,0,108,1520,0,108,0,0,0,1628,0,0,110,0,110,1518,42,152,152,0,152,1476,0,152,1215,0,1215,413,0,1215,1.0399150444325032e-18
targeting,hmda_oh,mlp,1005,task,income,1654,True,1198,0,1198,456,0,1198,72,0,72,1582,0,72,76,0,76,1578,0,76,587,0,587,1067,0,587,588,0,588,1066,42,630,630,0,630,1024,0,630,1321,0,1321,333,0,1321,1.0307786676139394e-18
targeting,hmda_oh,mlp,1005,task,lien_status,1486,False,994,0,994,492,0,994,43,0,43,1443,0,43,31,0,31,1455,0,31,0,0,0,1486,0,0,31,0,31,1455,42,73,73,0,73,1413,0,73,994,0,994,492,0,994,1.0713974967606588e-18
targeting,hmda_oh,mlp,1005,task,loan_amount,1585,False,1062,0,1062,523,0,1062,37,0,37,1548,0,37,40,0,40,1545,0,40,0,0,0,1585,0,0,42,0,42,1543,34,76,76,0,76,1509,0,76,1062,0,1062,523,0,1062,1.0457591680099933e-18
targeting,hmda_oh,mlp,1005,task,loan_purpose,1725,False,1163,0,1163,562,0,1163,56,0,56,1669,0,56,5,0,5,1720,0,5,0,0,0,1725,0,0,11,0,11,1714,50,61,61,0,61,1664,0,61,1163,0,1163,562,0,1163,2.5437645649304686e-17
targeting,hmda_oh,mlp,1005,task,loan_to_value_ratio,1669,True,1386,0,1386,283,0,1386,125,0,125,1544,0,125,17,0,17,1652,0,17,270,0,270,1399,0,270,280,0,280,1389,109,389,389,0,389,1280,0,389,1442,0,1442,227,0,1442,1.4348626474451662e-17
targeting,hmda_oh,mlp,1005,task,loan_type,1483,False,1412,0,1412,71,0,1412,106,0,106,1377,0,106,95,0,95,1388,0,95,0,0,0,1483,0,0,105,0,105,1378,88,193,193,0,193,1290,0,193,1412,0,1412,71,0,1412,1.1856843731346703e-17
targeting,hmda_oh,mlp,1005,task,occupancy_type,1249,False,1055,0,1055,194,0,1055,134,0,134,1115,0,134,10,0,10,1239,0,10,0,0,0,1249,0,0,21,0,21,1228,122,143,143,0,143,1106,0,143,1055,0,1055,194,0,1055,2.194654363942956e-17
targeting,hmda_oh,mlp,1005,task,preapproval,1193,False,930,0,930,263,0,930,28,0,28,1165,0,28,0,0,0,1193,0,0,0,0,0,1193,0,0,3,0,3,1190,25,28,28,0,28,1165,0,28,930,0,930,263,0,930,2.8280863843371264e-17
targeting,hmda_oh,mlp,1005,task,property_value,1583,False,943,0,943,640,0,943,61,0,61,1522,0,61,8,0,8,1575,0,8,0,0,0,1583,0,0,11,0,11,1572,58,69,69,0,69,1514,0,69,943,0,943,640,0,943,8.709232359649827e-19
targeting,hmda_oh,mlp,1005,task,tract_minority_population_percent,1766,False,1165,0,1165,601,0,1165,49,0,49,1717,0,49,75,0,75,1691,0,75,0,0,0,1766,0,0,75,0,75,1691,49,124,124,0,124,1642,0,124,1165,0,1165,601,0,1165,7.838671199487497e-19
targeting,hmda_oh,mlp,1005,task,tract_to_msa_income_percentage,1672,False,1146,0,1146,526,0,1146,59,0,59,1613,0,59,65,0,65,1607,0,65,0,0,0,1672,0,0,68,0,68,1604,51,119,119,0,119,1553,0,119,1146,0,1146,526,0,1146,6.419942349696613e-19
signed_targeting,hmda_oh,mlp,1005,task,income,1654,True,1198,0,1198,456,0,1198,72,0,72,1582,0,72,76,0,76,1578,0,76,587,0,587,1067,0,587,588,0,588,1066,42,630,630,0,630,1024,0,630,1321,0,1321,333,0,1321,1.0307786676139394e-18
signed_targeting,hmda_oh,mlp,1005,task,debt_to_income_ratio,1666,True,1382,0,1382,284,0,1382,54,0,54,1612,0,54,81,0,81,1585,0,81,462,0,462,1204,0,462,464,0,464,1202,24,488,488,0,488,1178,0,488,1461,0,1461,205,0,1461,8.477081331810433e-18
signed_targeting,hmda_oh,mlp,1005,task,loan_to_value_ratio,1669,True,1386,0,1386,283,0,1386,125,0,125,1544,0,125,17,0,17,1652,0,17,270,0,270,1399,0,270,280,0,280,1389,109,389,389,0,389,1280,0,389,1442,0,1442,227,0,1442,1.4348626474451662e-17
signed_targeting,hmda_oh,mlp,1005,task,linked_income_plus10k,675,True,282,0,282,393,0,282,5,0,5,670,0,5,10,0,10,665,0,10,95,0,95,580,0,95,95,0,95,580,5,100,100,0,100,575,0,100,314,0,314,361,0,314,2.7241583474598747e-19
targeting,hmda_oh,mlp,1005,augmentation,debt_to_income_ratio,1666,True,1382,582,800,284,163,963,54,50,4,1612,6,10,81,80,1,1585,16,17,462,158,304,1204,70,374,464,157,307,1202,71,378,488,178,310,1178,68,378,1461,497,964,205,125,1089,0.03028969138915827
targeting,hmda_oh,mlp,1005,augmentation,ffiec_msa_md_median_family_income,1628,False,1215,625,590,413,193,783,49,43,6,1579,17,23,108,108,0,1520,7,7,0,0,0,1628,0,0,110,108,2,1518,28,30,152,143,9,1476,21,30,1215,625,590,413,193,783,0.023181750527538555
targeting,hmda_oh,mlp,1005,augmentation,income,1654,True,1198,415,783,456,256,1039,72,66,6,1582,15,21,76,72,4,1578,13,17,587,68,519,1067,354,873,588,67,521,1066,360,881,630,97,533,1024,348,881,1321,216,1105,333,229,1334,0.03161508611650407
targeting,hmda_oh,mlp,1005,augmentation,lien_status,1486,False,994,400,594,492,259,853,43,38,5,1443,17,22,31,30,1,1455,10,11,0,0,0,1486,0,0,31,30,1,1455,31,32,73,67,6,1413,26,32,994,400,594,492,259,853,0.027683703084150312
targeting,hmda_oh,mlp,1005,augmentation,loan_amount,1585,False,1062,565,497,523,212,709,37,34,3,1548,7,10,40,39,1,1545,10,11,0,0,0,1585,0,0,42,40,2,1543,18,20,76,71,5,1509,15,20,1062,565,497,523,212,709,0.025156080971385598
targeting,hmda_oh,mlp,1005,augmentation,loan_purpose,1725,False,1163,532,631,562,296,927,56,48,8,1669,17,25,5,5,0,1720,2,2,0,0,0,1725,0,0,11,8,3,1714,24,27,61,53,8,1664,19,27,1163,532,631,562,296,927,0.041976555932228286
targeting,hmda_oh,mlp,1005,augmentation,loan_to_value_ratio,1669,True,1386,507,879,283,162,1041,125,116,9,1544,37,46,17,17,0,1652,10,10,270,49,221,1399,56,277,280,58,222,1389,98,320,389,150,239,1280,81,320,1442,422,1020,227,136,1156,0.05301652977298602
targeting,hmda_oh,mlp,1005,augmentation,loan_type,1483,False,1412,580,832,71,38,870,106,96,10,1377,17,27,95,92,3,1388,8,11,0,0,0,1483,0,0,105,96,9,1378,28,37,193,175,18,1290,19,37,1412,580,832,71,38,870,0.049986382627932056
targeting,hmda_oh,mlp,1005,augmentation,occupancy_type,1249,False,1055,320,735,194,118,853,134,127,7,1115,27,34,10,10,0,1239,1,1,0,0,0,1249,0,0,21,20,1,1228,34,35,143,136,7,1106,28,35,1055,320,735,194,118,853,0.0791875388153536
targeting,hmda_oh,mlp,1005,augmentation,preapproval,1193,False,930,397,533,263,141,674,28,25,3,1165,8,11,0,0,0,1193,0,0,0,0,0,1193,0,0,3,2,1,1190,10,11,28,25,3,1165,8,11,930,397,533,263,141,674,0.047546110585804664
targeting,hmda_oh,mlp,1005,augmentation,property_value,1583,False,943,425,518,640,303,821,61,55,6,1522,14,20,8,8,0,1575,11,11,0,0,0,1583,0,0,11,11,0,1572,27,27,69,60,9,1514,18,27,943,425,518,640,303,821,0.029446547091197817
targeting,hmda_oh,mlp,1005,augmentation,tract_minority_population_percent,1766,False,1165,508,657,601,276,933,49,40,9,1717,9,18,75,73,2,1691,8,10,0,0,0,1766,0,0,75,73,2,1691,26,28,124,112,12,1642,16,28,1165,508,657,601,276,933,0.02162766624511022
targeting,hmda_oh,mlp,1005,augmentation,tract_to_msa_income_percentage,1672,False,1146,502,644,526,275,919,59,49,10,1613,15,25,65,63,2,1607,24,26,0,0,0,1672,0,0,68,63,5,1604,45,50,119,105,14,1553,36,50,1146,502,644,526,275,919,0.029660154831655045
signed_targeting,hmda_oh,mlp,1005,augmentation,income,1654,True,1198,415,783,456,256,1039,72,66,6,1582,15,21,76,72,4,1578,13,17,587,68,519,1067,354,873,588,67,521,1066,360,881,630,97,533,1024,348,881,1321,216,1105,333,229,1334,0.03161508611650407
signed_targeting,hmda_oh,mlp,1005,augmentation,debt_to_income_ratio,1666,True,1382,582,800,284,163,963,54,50,4,1612,6,10,81,80,1,1585,16,17,462,158,304,1204,70,374,464,157,307,1202,71,378,488,178,310,1178,68,378,1461,497,964,205,125,1089,0.03028969138915827
signed_targeting,hmda_oh,mlp,1005,augmentation,loan_to_value_ratio,1669,True,1386,507,879,283,162,1041,125,116,9,1544,37,46,17,17,0,1652,10,10,270,49,221,1399,56,277,280,58,222,1389,98,320,389,150,239,1280,81,320,1442,422,1020,227,136,1156,0.05301652977298602
signed_targeting,hmda_oh,mlp,1005,augmentation,linked_income_plus10k,675,True,282,173,109,393,81,190,5,5,0,670,2,2,10,8,2,665,3,5,95,30,65,580,34,99,95,30,65,580,35,100,100,34,66,575,34,100,314,153,161,361,84,245,0.011885836388639404
targeting,hmda_oh,mlp,1006,full,debt_to_income_ratio,1666,True,1402,1399,3,264,1,4,105,105,0,1561,0,0,104,104,0,1562,0,0,437,425,12,1229,1,13,438,426,12,1228,1,13,498,486,12,1168,1,13,1457,1442,15,209,2,17,0.048463108562374325
targeting,hmda_oh,mlp,1006,full,ffiec_msa_md_median_family_income,1628,False,1311,1309,2,317,1,3,69,69,0,1559,3,3,140,140,0,1488,0,0,0,0,0,1628,0,0,142,142,0,1486,3,3,199,199,0,1429,3,3,1311,1309,2,317,1,3,0.03396827272280888
targeting,hmda_oh,mlp,1006,full,income,1654,True,1306,1305,1,348,0,1,80,79,1,1574,2,3,120,120,0,1534,0,0,769,742,27,885,2,29,772,743,29,882,3,32,801,772,29,853,3,32,1453,1423,30,201,0,30,0.038130193726506556
targeting,hmda_oh,mlp,1006,full,lien_status,1486,False,1156,1156,0,330,0,0,65,65,0,1421,0,0,65,65,0,1421,0,0,0,0,0,1486,0,0,69,69,0,1417,0,0,127,127,0,1359,0,0,1156,1156,0,330,0,0,0.03127195254851347
targeting,hmda_oh,mlp,1006,full,loan_amount,1585,False,1318,1318,0,267,0,0,91,91,0,1494,1,1,159,159,0,1426,0,0,0,0,0,1585,0,0,166,166,0,1419,1,1,236,236,0,1349,1,1,1318,1318,0,267,0,0,0.045157408192226675
targeting,hmda_oh,mlp,1006,full,loan_purpose,1725,False,1454,1451,3,271,1,4,135,135,0,1590,2,2,29,29,0,1696,0,0,0,0,0,1725,0,0,36,36,0,1689,2,2,162,162,0,1563,2,2,1454,1451,3,271,1,4,0.06545060462524727
targeting,hmda_oh,mlp,1006,full,loan_to_value_ratio,1669,True,1431,1429,2,238,1,3,239,239,0,1430,3,3,45,45,0,1624,0,0,339,339,0,1330,0,0,350,349,1,1319,2,3,568,567,1,1101,2,3,1490,1487,3,179,0,3,0.11039875493046068
targeting,hmda_oh,mlp,1006,full,loan_type,1483,False,1330,1329,1,153,0,1,132,131,1,1351,0,1,91,91,0,1392,0,0,0,0,0,1483,0,0,98,98,0,1385,1,1,214,213,1,1269,0,1,1330,1329,1,153,0,1,0.09713137189483675
targeting,hmda_oh,mlp,1006,full,occupancy_type,1249,False,1095,1092,3,154,0,3,211,211,0,1038,1,1,34,34,0,1215,0,0,0,0,0,1249,0,0,46,46,0,1203,1,1,242,242,0,1007,1,1,1095,1092,3,154,0,3,0.13140924959098724
targeting,hmda_oh,mlp,1006,full,preapproval,1193,False,1065,1065,0,128,0,0,41,41,0,1152,0,0,0,0,0,1193,0,0,0,0,0,1193,0,0,1,1,0,1192,0,0,41,41,0,1152,0,0,1065,1065,0,128,0,0,0.06599105375740827
targeting,hmda_oh,mlp,1006,full,property_value,1583,False,1345,1343,2,238,0,2,56,55,1,1527,2,3,150,150,0,1433,0,0,0,0,0,1583,0,0,157,155,2,1426,1,3,198,196,2,1385,1,3,1345,1343,2,238,0,2,0.028657819193297022
targeting,hmda_oh,mlp,1006,full,tract_minority_population_percent,1766,False,1292,1292,0,474,0,0,62,62,0,1704,6,6,93,93,0,1673,0,0,0,0,0,1766,0,0,94,93,1,1672,5,6,150,149,1,1616,5,6,1292,1292,0,474,0,0,0.0225601951189732
targeting,hmda_oh,mlp,1006,full,tract_to_msa_income_percentage,1672,False,1313,1312,1,359,0,1,86,86,0,1586,1,1,118,118,0,1554,0,0,0,0,0,1672,0,0,127,127,0,1545,1,1,197,197,0,1475,1,1,1313,1312,1,359,0,1,0.02925774811137537
signed_targeting,hmda_oh,mlp,1006,full,income,1654,True,1306,1305,1,348,0,1,80,79,1,1574,2,3,120,120,0,1534,0,0,769,742,27,885,2,29,772,743,29,882,3,32,801,772,29,853,3,32,1453,1423,30,201,0,30,0.038130193726506556
signed_targeting,hmda_oh,mlp,1006,full,debt_to_income_ratio,1666,True,1402,1399,3,264,1,4,105,105,0,1561,0,0,104,104,0,1562,0,0,437,425,12,1229,1,13,438,426,12,1228,1,13,498,486,12,1168,1,13,1457,1442,15,209,2,17,0.048463108562374325
signed_targeting,hmda_oh,mlp,1006,full,loan_to_value_ratio,1669,True,1431,1429,2,238,1,3,239,239,0,1430,3,3,45,45,0,1624,0,0,339,339,0,1330,0,0,350,349,1,1319,2,3,568,567,1,1101,2,3,1490,1487,3,179,0,3,0.11039875493046068
signed_targeting,hmda_oh,mlp,1006,full,linked_income_plus10k,675,True,411,411,0,264,0,0,18,18,0,657,0,0,17,17,0,658,0,0,109,106,3,566,0,3,110,107,3,565,0,3,124,121,3,551,0,3,447,444,3,228,0,3,0.017284587237127568
targeting,hmda_oh,mlp,1006,features,debt_to_income_ratio,1666,True,1402,1400,2,264,1,3,105,105,0,1561,0,0,104,104,0,1562,0,0,437,429,8,1229,2,10,438,430,8,1228,2,10,498,490,8,1168,2,10,1457,1445,12,209,1,13,0.04882745907736008
targeting,hmda_oh,mlp,1006,features,ffiec_msa_md_median_family_income,1628,False,1311,1309,2,317,0,2,69,69,0,1559,1,1,140,140,0,1488,0,0,0,0,0,1628,0,0,142,142,0,1486,1,1,199,199,0,1429,1,1,1311,1309,2,317,0,2,0.033422059782294775
targeting,hmda_oh,mlp,1006,features,income,1654,True,1306,1306,0,348,0,0,80,80,0,1574,3,3,120,120,0,1534,0,0,769,736,33,885,3,36,772,738,34,882,5,39,801,767,34,853,5,39,1453,1417,36,201,0,36,0.03827559644471056
targeting,hmda_oh,mlp,1006,features,lien_status,1486,False,1156,1154,2,330,0,2,65,64,1,1421,1,2,65,65,0,1421,0,0,0,0,0,1486,0,0,69,67,2,1417,0,2,127,125,2,1359,0,2,1156,1154,2,330,0,2,0.03178579111508897
targeting,hmda_oh,mlp,1006,features,loan_amount,1585,False,1318,1318,0,267,0,0,91,91,0,1494,2,2,159,159,0,1426,0,0,0,0,0,1585,0,0,166,166,0,1419,2,2,236,236,0,1349,2,2,1318,1318,0,267,0,0,0.045262692689254265
targeting,hmda_oh,mlp,1006,features,loan_purpose,1725,False,1454,1452,2,271,1,3,135,135,0,1590,0,0,29,29,0,1696,0,0,0,0,0,1725,0,0,36,36,0,1689,0,0,162,162,0,1563,0,0,1454,1452,2,271,1,3,0.06664868272711194
targeting,hmda_oh,mlp,1006,features,loan_to_value_ratio,1669,True,1431,1430,1,238,1,2,239,238,1,1430,3,4,45,45,0,1624,0,0,339,339,0,1330,0,0,350,350,0,1319,4,4,568,567,1,1101,3,4,1490,1489,1,179,1,2,0.11031678114688866
targeting,hmda_oh,mlp,1006,features,loan_type,1483,False,1330,1326,4,153,0,4,132,131,1,1351,0,1,91,91,0,1392,0,0,0,0,0,1483,0,0,98,97,1,1385,0,1,214,213,1,1269,0,1,1330,1326,4,153,0,4,0.09639479555151172
targeting,hmda_oh,mlp,1006,features,occupancy_type,1249,False,1095,1094,1,154,0,1,211,209,2,1038,1,3,34,34,0,1215,0,0,0,0,0,1249,0,0,46,45,1,1203,2,3,242,240,2,1007,1,3,1095,1094,1,154,0,1,0.13303475953532146
targeting,hmda_oh,mlp,1006,features,preapproval,1193,False,1065,1063,2,128,0,2,41,40,1,1152,0,1,0,0,0,1193,0,0,0,0,0,1193,0,0,1,1,0,1192,1,1,41,40,1,1152,0,1,1065,1063,2,128,0,2,0.06567727195890093
targeting,hmda_oh,mlp,1006,features,property_value,1583,False,1345,1344,1,238,0,1,56,56,0,1527,1,1,150,150,0,1433,0,0,0,0,0,1583,0,0,157,157,0,1426,1,1,198,198,0,1385,1,1,1345,1344,1,238,0,1,0.028927156355014978
targeting,hmda_oh,mlp,1006,features,tract_minority_population_percent,1766,False,1292,1292,0,474,0,0,62,62,0,1704,4,4,93,93,0,1673,0,0,0,0,0,1766,0,0,94,94,0,1672,4,4,150,150,0,1616,4,4,1292,1292,0,474,0,0,0.022622968324379072
targeting,hmda_oh,mlp,1006,features,tract_to_msa_income_percentage,1672,False,1313,1313,0,359,0,0,86,86,0,1586,3,3,118,118,0,1554,0,0,0,0,0,1672,0,0,127,127,0,1545,3,3,197,197,0,1475,3,3,1313,1313,0,359,0,0,0.02924212327718003
signed_targeting,hmda_oh,mlp,1006,features,income,1654,True,1306,1306,0,348,0,0,80,80,0,1574,3,3,120,120,0,1534,0,0,769,736,33,885,3,36,772,738,34,882,5,39,801,767,34,853,5,39,1453,1417,36,201,0,36,0.03827559644471056
signed_targeting,hmda_oh,mlp,1006,features,debt_to_income_ratio,1666,True,1402,1400,2,264,1,3,105,105,0,1561,0,0,104,104,0,1562,0,0,437,429,8,1229,2,10,438,430,8,1228,2,10,498,490,8,1168,2,10,1457,1445,12,209,1,13,0.04882745907736008
signed_targeting,hmda_oh,mlp,1006,features,loan_to_value_ratio,1669,True,1431,1430,1,238,1,2,239,238,1,1430,3,4,45,45,0,1624,0,0,339,339,0,1330,0,0,350,350,0,1319,4,4,568,567,1,1101,3,4,1490,1489,1,179,1,2,0.11031678114688866
signed_targeting,hmda_oh,mlp,1006,features,linked_income_plus10k,675,True,411,411,0,264,0,0,18,17,1,657,0,1,17,17,0,658,0,0,109,107,2,566,0,2,110,108,2,565,1,3,124,121,3,551,0,3,447,445,2,228,0,2,0.017666171586759125
targeting,hmda_oh,mlp,1006,contexts,debt_to_income_ratio,1666,True,1402,1394,8,264,1,9,105,105,0,1561,1,1,104,104,0,1562,0,0,437,432,5,1229,1,6,438,433,5,1228,2,7,498,493,5,1168,2,7,1457,1444,13,209,2,15,0.04514882676989874
targeting,hmda_oh,mlp,1006,contexts,ffiec_msa_md_median_family_income,1628,False,1311,1310,1,317,0,1,69,68,1,1559,3,4,140,140,0,1488,0,0,0,0,0,1628,0,0,142,142,0,1486,4,4,199,198,1,1429,3,4,1311,1310,1,317,0,1,0.03365331481968601
targeting,hmda_oh,mlp,1006,contexts,income,1654,True,1306,1305,1,348,0,1,80,80,0,1574,0,0,120,120,0,1534,0,0,769,762,7,885,1,8,772,765,7,882,1,8,801,794,7,853,1,8,1453,1444,9,201,0,9,0.03881710879029398
targeting,hmda_oh,mlp,1006,contexts,lien_status,1486,False,1156,1156,0,330,0,0,65,65,0,1421,3,3,65,65,0,1421,0,0,0,0,0,1486,0,0,69,68,1,1417,2,3,127,126,1,1359,2,3,1156,1156,0,330,0,0,0.029614897223348976
targeting,hmda_oh,mlp,1006,contexts,loan_amount,1585,False,1318,1318,0,267,0,0,91,91,0,1494,1,1,159,159,0,1426,0,0,0,0,0,1585,0,0,166,166,0,1419,1,1,236,236,0,1349,1,1,1318,1318,0,267,0,0,0.03994546746757252
targeting,hmda_oh,mlp,1006,contexts,loan_purpose,1725,False,1454,1453,1,271,0,1,135,134,1,1590,0,1,29,29,0,1696,0,0,0,0,0,1725,0,0,36,36,0,1689,1,1,162,161,1,1563,0,1,1454,1453,1,271,0,1,0.0632541877010606
targeting,hmda_oh,mlp,1006,contexts,loan_to_value_ratio,1669,True,1431,1431,0,238,0,0,239,239,0,1430,2,2,45,45,0,1624,0,0,339,339,0,1330,0,0,350,350,0,1319,2,2,568,568,0,1101,2,2,1490,1490,0,179,0,0,0.10973770093379324
targeting,hmda_oh,mlp,1006,contexts,loan_type,1483,False,1330,1329,1,153,0,1,132,130,2,1351,1,3,91,91,0,1392,0,0,0,0,0,1483,0,0,98,98,0,1385,3,3,214,212,2,1269,1,3,1330,1329,1,153,0,1,0.08797622357851208
targeting,hmda_oh,mlp,1006,contexts,occupancy_type,1249,False,1095,1093,2,154,0,2,211,210,1,1038,2,3,34,34,0,1215,0,0,0,0,0,1249,0,0,46,46,0,1203,3,3,242,241,1,1007,2,3,1095,1093,2,154,0,2,0.12223551732612316
targeting,hmda_oh,mlp,1006,contexts,preapproval,1193,False,1065,1064,1,128,0,1,41,41,0,1152,1,1,0,0,0,1193,0,0,0,0,0,1193,0,0,1,1,0,1192,1,1,41,41,0,1152,1,1,1065,1064,1,128,0,1,0.0678300592215642
targeting,hmda_oh,mlp,1006,contexts,property_value,1583,False,1345,1345,0,238,0,0,56,56,0,1527,0,0,150,150,0,1433,0,0,0,0,0,1583,0,0,157,157,0,1426,0,0,198,198,0,1385,0,0,1345,1345,0,238,0,0,0.027538804583968828
targeting,hmda_oh,mlp,1006,contexts,tract_minority_population_percent,1766,False,1292,1292,0,474,0,0,62,62,0,1704,1,1,93,93,0,1673,0,0,0,0,0,1766,0,0,94,94,0,1672,1,1,150,150,0,1616,1,1,1292,1292,0,474,0,0,0.02273529377916704
targeting,hmda_oh,mlp,1006,contexts,tract_to_msa_income_percentage,1672,False,1313,1313,0,359,0,0,86,86,0,1586,1,1,118,118,0,1554,0,0,0,0,0,1672,0,0,127,127,0,1545,1,1,197,197,0,1475,1,1,1313,1313,0,359,0,0,0.027421376462423236
signed_targeting,hmda_oh,mlp,1006,contexts,income,1654,True,1306,1305,1,348,0,1,80,80,0,1574,0,0,120,120,0,1534,0,0,769,762,7,885,1,8,772,765,7,882,1,8,801,794,7,853,1,8,1453,1444,9,201,0,9,0.03881710879029398
signed_targeting,hmda_oh,mlp,1006,contexts,debt_to_income_ratio,1666,True,1402,1394,8,264,1,9,105,105,0,1561,1,1,104,104,0,1562,0,0,437,432,5,1229,1,6,438,433,5,1228,2,7,498,493,5,1168,2,7,1457,1444,13,209,2,15,0.04514882676989874
signed_targeting,hmda_oh,mlp,1006,contexts,loan_to_value_ratio,1669,True,1431,1431,0,238,0,0,239,239,0,1430,2,2,45,45,0,1624,0,0,339,339,0,1330,0,0,350,350,0,1319,2,2,568,568,0,1101,2,2,1490,1490,0,179,0,0,0.10973770093379324
signed_targeting,hmda_oh,mlp,1006,contexts,linked_income_plus10k,675,True,411,411,0,264,0,0,18,18,0,657,2,2,17,17,0,658,0,0,109,107,2,566,0,2,110,107,3,565,1,4,124,121,3,551,1,4,447,445,2,228,0,2,0.016147009462792843
targeting,hmda_oh,mlp,1006,population,debt_to_income_ratio,1666,True,1402,479,923,264,153,1076,105,105,0,1561,8,8,104,104,0,1562,18,18,437,153,284,1229,73,357,438,153,285,1228,80,365,498,211,287,1168,78,365,1457,373,1084,209,125,1209,0.04039038908959157
targeting,hmda_oh,mlp,1006,population,ffiec_msa_md_median_family_income,1628,False,1311,777,534,317,112,646,69,69,0,1559,8,8,140,137,3,1488,19,22,0,0,0,1628,0,0,142,139,3,1486,26,29,199,194,5,1429,24,29,1311,777,534,317,112,646,0.029622716411389468
targeting,hmda_oh,mlp,1006,population,income,1654,True,1306,775,531,348,139,670,80,80,0,1574,15,15,120,116,4,1534,15,19,769,236,533,885,182,715,772,235,537,882,190,727,801,258,543,853,184,727,1453,489,964,201,110,1074,0.030969313710481644
targeting,hmda_oh,mlp,1006,population,lien_status,1486,False,1156,550,606,330,166,772,65,65,0,1421,9,9,65,65,0,1421,13,13,0,0,0,1486,0,0,69,67,2,1417,20,22,127,125,2,1359,20,22,1156,550,606,330,166,772,0.030594150266175128
targeting,hmda_oh,mlp,1006,population,loan_amount,1585,False,1318,771,547,267,98,645,91,91,0,1494,7,7,159,159,0,1426,4,4,0,0,0,1585,0,0,166,166,0,1419,11,11,236,236,0,1349,11,11,1318,771,547,267,98,645,0.04407517436438146
targeting,hmda_oh,mlp,1006,population,loan_purpose,1725,False,1454,537,917,271,149,1066,135,134,1,1590,15,16,29,29,0,1696,0,0,0,0,0,1725,0,0,36,35,1,1689,15,16,162,160,2,1563,14,16,1454,537,917,271,149,1066,0.06894290833689193
targeting,hmda_oh,mlp,1006,population,loan_to_value_ratio,1669,True,1431,491,940,238,157,1097,239,235,4,1430,7,11,45,45,0,1624,9,9,339,270,69,1330,5,74,350,281,69,1319,16,85,568,495,73,1101,12,85,1490,497,993,179,116,1109,0.12227932183770703
targeting,hmda_oh,mlp,1006,population,loan_type,1483,False,1330,176,1154,153,142,1296,132,130,2,1351,15,17,91,84,7,1392,48,55,0,0,0,1483,0,0,98,89,9,1385,62,71,214,191,23,1269,48,71,1330,176,1154,153,142,1296,0.08493998071682428
targeting,hmda_oh,mlp,1006,population,occupancy_type,1249,False,1095,462,633,154,89,722,211,210,1,1038,7,8,34,34,0,1215,2,2,0,0,0,1249,0,0,46,46,0,1203,10,10,242,241,1,1007,9,10,1095,462,633,154,89,722,0.1287746979465519
targeting,hmda_oh,mlp,1006,population,preapproval,1193,False,1065,465,600,128,63,663,41,41,0,1152,5,5,0,0,0,1193,0,0,0,0,0,1193,0,0,1,1,0,1192,5,5,41,41,0,1152,5,5,1065,465,600,128,63,663,0.06892806605881786
targeting,hmda_oh,mlp,1006,population,property_value,1583,False,1345,802,543,238,106,649,56,56,0,1527,8,8,150,149,1,1433,4,5,0,0,0,1583,0,0,157,156,1,1426,12,13,198,197,1,1385,12,13,1345,802,543,238,106,649,0.0281343380419386
targeting,hmda_oh,mlp,1006,population,tract_minority_population_percent,1766,False,1292,918,374,474,135,509,62,62,0,1704,6,6,93,93,0,1673,16,16,0,0,0,1766,0,0,94,94,0,1672,22,22,150,149,1,1616,21,22,1292,918,374,474,135,509,0.022503588832101868
targeting,hmda_oh,mlp,1006,population,tract_to_msa_income_percentage,1672,False,1313,871,442,359,115,557,86,85,1,1586,9,10,118,117,1,1554,5,6,0,0,0,1672,0,0,127,124,3,1545,13,16,197,193,4,1475,12,16,1313,871,442,359,115,557,0.027305388877824927
signed_targeting,hmda_oh,mlp,1006,population,income,1654,True,1306,775,531,348,139,670,80,80,0,1574,15,15,120,116,4,1534,15,19,769,236,533,885,182,715,772,235,537,882,190,727,801,258,543,853,184,727,1453,489,964,201,110,1074,0.030969313710481644
signed_targeting,hmda_oh,mlp,1006,population,debt_to_income_ratio,1666,True,1402,479,923,264,153,1076,105,105,0,1561,8,8,104,104,0,1562,18,18,437,153,284,1229,73,357,438,153,285,1228,80,365,498,211,287,1168,78,365,1457,373,1084,209,125,1209,0.04039038908959157
signed_targeting,hmda_oh,mlp,1006,population,loan_to_value_ratio,1669,True,1431,491,940,238,157,1097,239,235,4,1430,7,11,45,45,0,1624,9,9,339,270,69,1330,5,74,350,281,69,1319,16,85,568,495,73,1101,12,85,1490,497,993,179,116,1109,0.12227932183770703
signed_targeting,hmda_oh,mlp,1006,population,linked_income_plus10k,675,True,411,287,124,264,49,173,18,18,0,657,1,1,17,17,0,658,3,3,109,54,55,566,16,71,110,55,55,565,17,72,124,67,57,551,15,72,447,271,176,228,45,221,0.016915843751321713
targeting,hmda_oh,mlp,1006,task,debt_to_income_ratio,1666,True,1402,297,1105,264,191,1296,105,71,34,1561,46,80,104,96,8,1562,32,40,437,164,273,1229,48,321,438,151,287,1228,90,377,498,188,310,1168,67,377,1457,239,1218,209,155,1373,0.03971844404495512
targeting,hmda_oh,mlp,1006,task,ffiec_msa_md_median_family_income,1628,False,1311,406,905,317,187,1092,69,51,18,1559,41,59,140,121,19,1488,64,83,0,0,0,1628,0,0,142,117,25,1486,109,134,199,155,44,1429,90,134,1311,406,905,317,187,1092,0.03972203366120824
targeting,hmda_oh,mlp,1006,task,income,1654,True,1306,468,838,348,188,1026,80,60,20,1574,39,59,120,106,14,1534,49,63,769,217,552,885,187,739,772,216,556,882,212,768,801,233,568,853,200,768,1453,302,1151,201,121,1272,0.028450330292786055
targeting,hmda_oh,mlp,1006,task,lien_status,1486,False,1156,357,799,330,213,1012,65,41,24,1421,38,62,65,59,6,1421,40,46,0,0,0,1486,0,0,69,57,12,1417,95,107,127,92,35,1359,72,107,1156,357,799,330,213,1012,0.027676339294087117
targeting,hmda_oh,mlp,1006,task,loan_amount,1585,False,1318,384,934,267,155,1089,91,66,25,1494,42,67,159,142,17,1426,50,67,0,0,0,1585,0,0,166,141,25,1419,105,130,236,185,51,1349,79,130,1318,384,934,267,155,1089,0.036115001330239094
targeting,hmda_oh,mlp,1006,task,loan_purpose,1725,False,1454,388,1066,271,171,1237,135,96,39,1590,79,118,29,28,1,1696,8,9,0,0,0,1725,0,0,36,28,8,1689,119,127,162,115,47,1563,80,127,1454,388,1066,271,171,1237,0.04590306070998568
targeting,hmda_oh,mlp,1006,task,loan_to_value_ratio,1669,True,1431,318,1113,238,163,1276,239,173,66,1430,102,168,45,43,2,1624,18,20,339,164,175,1330,12,187,350,165,185,1319,168,353,568,321,247,1101,106,353,1490,284,1206,179,122,1328,0.07470356691470442
targeting,hmda_oh,mlp,1006,task,loan_type,1483,False,1330,357,973,153,114,1087,132,91,41,1351,72,113,91,75,16,1392,26,42,0,0,0,1483,0,0,98,66,32,1385,122,154,214,144,70,1269,84,154,1330,357,973,153,114,1087,0.06290220831284017
targeting,hmda_oh,mlp,1006,task,occupancy_type,1249,False,1095,175,920,154,125,1045,211,155,56,1038,60,116,34,28,6,1215,29,35,0,0,0,1249,0,0,46,32,14,1203,136,150,242,174,68,1007,82,150,1095,175,920,154,125,1045,0.10568742155231341
targeting,hmda_oh,mlp,1006,task,preapproval,1193,False,1065,231,834,128,85,919,41,26,15,1152,22,37,0,0,0,1193,0,0,0,0,0,1193,0,0,1,1,0,1192,37,37,41,26,15,1152,22,37,1065,231,834,128,85,919,0.036567824759761565
targeting,hmda_oh,mlp,1006,task,property_value,1583,False,1345,420,925,238,149,1074,56,37,19,1527,62,81,150,144,6,1433,11,17,0,0,0,1583,0,0,157,135,22,1426,74,96,198,161,37,1385,59,96,1345,420,925,238,149,1074,0.03558164414869509
targeting,hmda_oh,mlp,1006,task,tract_minority_population_percent,1766,False,1292,521,771,474,249,1020,62,44,18,1704,46,64,93,91,2,1673,36,38,0,0,0,1766,0,0,94,88,6,1672,96,102,150,125,25,1616,77,102,1292,521,771,474,249,1020,0.021447652486008724
targeting,hmda_oh,mlp,1006,task,tract_to_msa_income_percentage,1672,False,1313,484,829,359,220,1049,86,57,29,1586,42,71,118,111,7,1554,18,25,0,0,0,1672,0,0,127,117,10,1545,84,94,197,158,39,1475,55,94,1313,484,829,359,220,1049,0.025828883585064414
signed_targeting,hmda_oh,mlp,1006,task,income,1654,True,1306,468,838,348,188,1026,80,60,20,1574,39,59,120,106,14,1534,49,63,769,217,552,885,187,739,772,216,556,882,212,768,801,233,568,853,200,768,1453,302,1151,201,121,1272,0.028450330292786055
signed_targeting,hmda_oh,mlp,1006,task,debt_to_income_ratio,1666,True,1402,297,1105,264,191,1296,105,71,34,1561,46,80,104,96,8,1562,32,40,437,164,273,1229,48,321,438,151,287,1228,90,377,498,188,310,1168,67,377,1457,239,1218,209,155,1373,0.03971844404495512
signed_targeting,hmda_oh,mlp,1006,task,loan_to_value_ratio,1669,True,1431,318,1113,238,163,1276,239,173,66,1430,102,168,45,43,2,1624,18,20,339,164,175,1330,12,187,350,165,185,1319,168,353,568,321,247,1101,106,353,1490,284,1206,179,122,1328,0.07470356691470442
signed_targeting,hmda_oh,mlp,1006,task,linked_income_plus10k,675,True,411,180,231,264,98,329,18,15,3,657,11,14,17,14,3,658,8,11,109,44,65,566,31,96,110,45,65,565,44,109,124,55,69,551,40,109,447,166,281,228,86,367,0.0154378515973194
targeting,hmda_oh,mlp,1006,augmentation,debt_to_income_ratio,1666,True,1402,458,944,264,174,1118,105,102,3,1561,10,13,104,99,5,1562,14,19,437,233,204,1229,28,232,438,228,210,1228,33,243,498,286,212,1168,31,243,1457,410,1047,209,143,1190,0.04212687749987676
targeting,hmda_oh,mlp,1006,augmentation,ffiec_msa_md_median_family_income,1628,False,1311,611,700,317,166,866,69,61,8,1559,15,23,140,137,3,1488,34,37,0,0,0,1628,0,0,142,139,3,1486,53,56,199,185,14,1429,42,56,1311,611,700,317,166,866,0.03624119198649204
targeting,hmda_oh,mlp,1006,augmentation,income,1654,True,1306,613,693,348,178,871,80,71,9,1574,11,20,120,115,5,1534,15,20,769,187,582,885,242,824,772,187,585,882,247,832,801,207,594,853,238,832,1453,354,1099,201,132,1231,0.0312722050988299
targeting,hmda_oh,mlp,1006,augmentation,lien_status,1486,False,1156,544,612,330,168,780,65,58,7,1421,16,23,65,64,1,1421,16,17,0,0,0,1486,0,0,69,65,4,1417,36,40,127,116,11,1359,29,40,1156,544,612,330,168,780,0.03169764821755159
targeting,hmda_oh,mlp,1006,augmentation,loan_amount,1585,False,1318,634,684,267,121,805,91,86,5,1494,9,14,159,156,3,1426,10,13,0,0,0,1585,0,0,166,161,5,1419,21,26,236,225,11,1349,15,26,1318,634,684,267,121,805,0.041369513054867545
targeting,hmda_oh,mlp,1006,augmentation,loan_purpose,1725,False,1454,661,793,271,156,949,135,121,14,1590,11,25,29,29,0,1696,1,1,0,0,0,1725,0,0,36,35,1,1689,25,26,162,148,14,1563,12,26,1454,661,793,271,156,949,0.05596015238893548
targeting,hmda_oh,mlp,1006,augmentation,loan_to_value_ratio,1669,True,1431,503,928,238,145,1073,239,230,9,1430,19,28,45,45,0,1624,7,7,339,205,134,1330,7,141,350,214,136,1319,31,167,568,423,145,1101,22,167,1490,488,1002,179,113,1115,0.10330055622743188
targeting,hmda_oh,mlp,1006,augmentation,loan_type,1483,False,1330,481,849,153,103,952,132,116,16,1351,17,33,91,87,4,1392,19,23,0,0,0,1483,0,0,98,90,8,1385,48,56,214,186,28,1269,28,56,1330,481,849,153,103,952,0.07240179763871814
targeting,hmda_oh,mlp,1006,augmentation,occupancy_type,1249,False,1095,391,704,154,91,795,211,204,7,1038,15,22,34,33,1,1215,7,8,0,0,0,1249,0,0,46,43,3,1203,26,29,242,230,12,1007,17,29,1095,391,704,154,91,795,0.1245449448718495
targeting,hmda_oh,mlp,1006,augmentation,preapproval,1193,False,1065,364,701,128,83,784,41,36,5,1152,5,10,0,0,0,1193,0,0,0,0,0,1193,0,0,1,1,0,1192,10,10,41,36,5,1152,5,10,1065,364,701,128,83,784,0.04780974415131785
targeting,hmda_oh,mlp,1006,augmentation,property_value,1583,False,1345,563,782,238,119,901,56,52,4,1527,8,12,150,148,2,1433,6,8,0,0,0,1583,0,0,157,152,5,1426,12,17,198,189,9,1385,8,17,1345,563,782,238,119,901,0.034256818016801464
targeting,hmda_oh,mlp,1006,augmentation,tract_minority_population_percent,1766,False,1292,661,631,474,225,856,62,57,5,1704,13,18,93,92,1,1673,15,16,0,0,0,1766,0,0,94,91,3,1672,31,34,150,138,12,1616,22,34,1292,661,631,474,225,856,0.02564794264506821
targeting,hmda_oh,mlp,1006,augmentation,tract_to_msa_income_percentage,1672,False,1313,574,739,359,178,917,86,79,7,1586,17,24,118,113,5,1554,20,25,0,0,0,1672,0,0,127,119,8,1545,40,48,197,180,17,1475,31,48,1313,574,739,359,178,917,0.028955068626187564
signed_targeting,hmda_oh,mlp,1006,augmentation,income,1654,True,1306,613,693,348,178,871,80,71,9,1574,11,20,120,115,5,1534,15,20,769,187,582,885,242,824,772,187,585,882,247,832,801,207,594,853,238,832,1453,354,1099,201,132,1231,0.0312722050988299
signed_targeting,hmda_oh,mlp,1006,augmentation,debt_to_income_ratio,1666,True,1402,458,944,264,174,1118,105,102,3,1561,10,13,104,99,5,1562,14,19,437,233,204,1229,28,232,438,228,210,1228,33,243,498,286,212,1168,31,243,1457,410,1047,209,143,1190,0.04212687749987676
signed_targeting,hmda_oh,mlp,1006,augmentation,loan_to_value_ratio,1669,True,1431,503,928,238,145,1073,239,230,9,1430,19,28,45,45,0,1624,7,7,339,205,134,1330,7,141,350,214,136,1319,31,167,568,423,145,1101,22,167,1490,488,1002,179,113,1115,0.10330055622743188
signed_targeting,hmda_oh,mlp,1006,augmentation,linked_income_plus10k,675,True,411,239,172,264,92,264,18,17,1,657,1,2,17,16,1,658,5,6,109,66,43,566,16,59,110,67,43,565,18,61,124,78,46,551,15,61,447,231,216,228,78,294,0.016556529900520943
targeting,hmda_oh,mlp,1007,full,debt_to_income_ratio,1666,True,1195,1195,0,471,0,0,72,72,0,1594,2,2,52,52,0,1614,0,0,305,302,3,1361,1,4,309,306,3,1357,3,6,344,341,3,1322,3,6,1274,1270,4,392,0,4,0.034706357187355076
targeting,hmda_oh,mlp,1007,full,ffiec_msa_md_median_family_income,1628,False,1187,1187,0,441,0,0,56,55,1,1572,1,2,95,95,0,1533,0,0,0,0,0,1628,0,0,98,97,1,1530,1,2,150,148,2,1478,0,2,1187,1187,0,441,0,0,0.02380982500282364
targeting,hmda_oh,mlp,1007,full,income,1654,True,1134,1134,0,520,0,0,56,55,1,1598,1,2,55,55,0,1599,0,0,773,753,20,881,0,20,773,752,21,881,1,22,801,780,21,853,1,22,1355,1335,20,299,0,20,0.037418125014188834
targeting,hmda_oh,mlp,1007,full,lien_status,1486,False,1058,1058,0,428,0,0,35,34,1,1451,0,1,35,35,0,1451,0,0,0,0,0,1486,0,0,35,35,0,1451,1,1,69,68,1,1417,0,1,1058,1058,0,428,0,0,0.023757611636271426
targeting,hmda_oh,mlp,1007,full,loan_amount,1585,False,1322,1322,0,263,0,0,45,44,1,1540,0,1,87,87,0,1498,0,0,0,0,0,1585,0,0,89,89,0,1496,1,1,132,131,1,1453,0,1,1322,1322,0,263,0,0,0.028112818372632773
targeting,hmda_oh,mlp,1007,full,loan_purpose,1725,False,1285,1285,0,440,0,0,66,66,0,1659,1,1,6,6,0,1719,0,0,0,0,0,1725,0,0,7,7,0,1718,1,1,72,72,0,1653,1,1,1285,1285,0,440,0,0,0.045000330701966795
targeting,hmda_oh,mlp,1007,full,loan_to_value_ratio,1669,True,1359,1359,0,310,0,0,175,174,1,1494,2,3,29,29,0,1640,0,0,294,288,6,1375,0,6,305,299,6,1364,3,9,468,461,7,1201,2,9,1436,1430,6,233,0,6,0.08776345225380013
targeting,hmda_oh,mlp,1007,full,loan_type,1483,False,1301,1301,0,182,0,0,76,76,0,1407,2,2,54,54,0,1429,0,0,0,0,0,1483,0,0,60,60,0,1423,2,2,130,130,0,1353,2,2,1301,1301,0,182,0,0,0.04801629343828188
targeting,hmda_oh,mlp,1007,full,occupancy_type,1249,False,944,944,0,305,0,0,146,146,0,1103,2,2,5,5,0,1244,0,0,0,0,0,1249,0,0,13,13,0,1236,2,2,151,151,0,1098,2,2,944,944,0,305,0,0,0.11472304252542452
targeting,hmda_oh,mlp,1007,full,preapproval,1193,False,1002,1002,0,191,0,0,28,28,0,1165,1,1,0,0,0,1193,0,0,0,0,0,1193,0,0,0,0,0,1193,1,1,28,28,0,1165,1,1,1002,1002,0,191,0,0,0.04457754238744194
targeting,hmda_oh,mlp,1007,full,property_value,1583,False,1238,1238,0,345,0,0,65,65,0,1518,0,0,40,40,0,1543,0,0,0,0,0,1583,0,0,41,41,0,1542,0,0,104,104,0,1479,0,0,1238,1238,0,345,0,0,0.026844515858610637
targeting,hmda_oh,mlp,1007,full,tract_minority_population_percent,1766,False,1057,1057,0,709,0,0,33,32,1,1733,1,2,56,56,0,1710,0,0,0,0,0,1766,0,0,56,56,0,1710,2,2,86,85,1,1680,1,2,1057,1057,0,709,0,0,0.01409026891921889
targeting,hmda_oh,mlp,1007,full,tract_to_msa_income_percentage,1672,False,1001,1001,0,671,0,0,34,34,0,1638,0,0,60,60,0,1612,0,0,0,0,0,1672,0,0,62,62,0,1610,0,0,92,92,0,1580,0,0,1001,1001,0,671,0,0,0.01574209277968156
signed_targeting,hmda_oh,mlp,1007,full,income,1654,True,1134,1134,0,520,0,0,56,55,1,1598,1,2,55,55,0,1599,0,0,773,753,20,881,0,20,773,752,21,881,1,22,801,780,21,853,1,22,1355,1335,20,299,0,20,0.037418125014188834
signed_targeting,hmda_oh,mlp,1007,full,debt_to_income_ratio,1666,True,1195,1195,0,471,0,0,72,72,0,1594,2,2,52,52,0,1614,0,0,305,302,3,1361,1,4,309,306,3,1357,3,6,344,341,3,1322,3,6,1274,1270,4,392,0,4,0.034706357187355076
signed_targeting,hmda_oh,mlp,1007,full,loan_to_value_ratio,1669,True,1359,1359,0,310,0,0,175,174,1,1494,2,3,29,29,0,1640,0,0,294,288,6,1375,0,6,305,299,6,1364,3,9,468,461,7,1201,2,9,1436,1430,6,233,0,6,0.08776345225380013
signed_targeting,hmda_oh,mlp,1007,full,linked_income_plus10k,675,True,267,267,0,408,0,0,9,9,0,666,0,0,5,5,0,670,0,0,70,68,2,605,0,2,70,68,2,605,0,2,75,73,2,600,0,2,302,300,2,373,0,2,0.013660221472620401
targeting,hmda_oh,mlp,1007,features,debt_to_income_ratio,1666,True,1195,1195,0,471,0,0,72,71,1,1594,2,3,52,52,0,1614,0,0,305,303,2,1361,1,3,309,305,4,1357,2,6,344,340,4,1322,2,6,1274,1271,3,392,0,3,0.03527771945111069
targeting,hmda_oh,mlp,1007,features,ffiec_msa_md_median_family_income,1628,False,1187,1187,0,441,0,0,56,55,1,1572,2,3,95,95,0,1533,0,0,0,0,0,1628,0,0,98,97,1,1530,2,3,150,149,1,1478,2,3,1187,1187,0,441,0,0,0.022305838193589278
targeting,hmda_oh,mlp,1007,features,income,1654,True,1134,1134,0,520,0,0,56,56,0,1598,0,0,55,55,0,1599,0,0,773,754,19,881,1,20,773,754,19,881,1,20,801,782,19,853,1,20,1355,1335,20,299,0,20,0.036380785266901326
targeting,hmda_oh,mlp,1007,features,lien_status,1486,False,1058,1058,0,428,0,0,35,35,0,1451,3,3,35,35,0,1451,0,0,0,0,0,1486,0,0,35,35,0,1451,3,3,69,69,0,1417,3,3,1058,1058,0,428,0,0,0.02506202336412163
targeting,hmda_oh,mlp,1007,features,loan_amount,1585,False,1322,1322,0,263,0,0,45,45,0,1540,1,1,87,87,0,1498,0,0,0,0,0,1585,0,0,89,89,0,1496,1,1,132,132,0,1453,1,1,1322,1322,0,263,0,0,0.02762781304729594
targeting,hmda_oh,mlp,1007,features,loan_purpose,1725,False,1285,1285,0,440,0,0,66,66,0,1659,0,0,6,6,0,1719,0,0,0,0,0,1725,0,0,7,7,0,1718,0,0,72,72,0,1653,0,0,1285,1285,0,440,0,0,0.042934703579759606
targeting,hmda_oh,mlp,1007,features,loan_to_value_ratio,1669,True,1359,1359,0,310,0,0,175,174,1,1494,2,3,29,29,0,1640,0,0,294,289,5,1375,0,5,305,300,5,1364,3,8,468,462,6,1201,2,8,1436,1431,5,233,0,5,0.09034140943979652
targeting,hmda_oh,mlp,1007,features,loan_type,1483,False,1301,1301,0,182,0,0,76,76,0,1407,1,1,54,54,0,1429,0,0,0,0,0,1483,0,0,60,60,0,1423,1,1,130,130,0,1353,1,1,1301,1301,0,182,0,0,0.04999532870918915
targeting,hmda_oh,mlp,1007,features,occupancy_type,1249,False,944,944,0,305,0,0,146,143,3,1103,0,3,5,5,0,1244,0,0,0,0,0,1249,0,0,13,13,0,1236,3,3,151,148,3,1098,0,3,944,944,0,305,0,0,0.12148859081529056
targeting,hmda_oh,mlp,1007,features,preapproval,1193,False,1002,1002,0,191,0,0,28,28,0,1165,0,0,0,0,0,1193,0,0,0,0,0,1193,0,0,0,0,0,1193,0,0,28,28,0,1165,0,0,1002,1002,0,191,0,0,0.04516129206302078
targeting,hmda_oh,mlp,1007,features,property_value,1583,False,1238,1238,0,345,0,0,65,64,1,1518,0,1,40,40,0,1543,0,0,0,0,0,1583,0,0,41,41,0,1542,1,1,104,103,1,1479,0,1,1238,1238,0,345,0,0,0.02628529358556217
targeting,hmda_oh,mlp,1007,features,tract_minority_population_percent,1766,False,1057,1057,0,709,0,0,33,33,0,1733,0,0,56,56,0,1710,0,0,0,0,0,1766,0,0,56,56,0,1710,0,0,86,86,0,1680,0,0,1057,1057,0,709,0,0,0.013923369262123586
targeting,hmda_oh,mlp,1007,features,tract_to_msa_income_percentage,1672,False,1001,1001,0,671,0,0,34,33,1,1638,1,2,60,60,0,1612,0,0,0,0,0,1672,0,0,62,62,0,1610,2,2,92,91,1,1580,1,2,1001,1001,0,671,0,0,0.01567444015937351
signed_targeting,hmda_oh,mlp,1007,features,income,1654,True,1134,1134,0,520,0,0,56,56,0,1598,0,0,55,55,0,1599,0,0,773,754,19,881,1,20,773,754,19,881,1,20,801,782,19,853,1,20,1355,1335,20,299,0,20,0.036380785266901326
signed_targeting,hmda_oh,mlp,1007,features,debt_to_income_ratio,1666,True,1195,1195,0,471,0,0,72,71,1,1594,2,3,52,52,0,1614,0,0,305,303,2,1361,1,3,309,305,4,1357,2,6,344,340,4,1322,2,6,1274,1271,3,392,0,3,0.03527771945111069
signed_targeting,hmda_oh,mlp,1007,features,loan_to_value_ratio,1669,True,1359,1359,0,310,0,0,175,174,1,1494,2,3,29,29,0,1640,0,0,294,289,5,1375,0,5,305,300,5,1364,3,8,468,462,6,1201,2,8,1436,1431,5,233,0,5,0.09034140943979652
signed_targeting,hmda_oh,mlp,1007,features,linked_income_plus10k,675,True,267,267,0,408,0,0,9,9,0,666,1,1,5,5,0,670,0,0,70,69,1,605,1,2,70,69,1,605,2,3,75,74,1,600,2,3,302,301,1,373,1,2,0.014554527714898584
targeting,hmda_oh,mlp,1007,contexts,debt_to_income_ratio,1666,True,1195,1192,3,471,2,5,72,71,1,1594,1,2,52,52,0,1614,0,0,305,305,0,1361,0,0,309,309,0,1357,2,2,344,343,1,1322,1,2,1274,1271,3,392,2,5,0.036735676505433704
targeting,hmda_oh,mlp,1007,contexts,ffiec_msa_md_median_family_income,1628,False,1187,1185,2,441,0,2,56,55,1,1572,1,2,95,95,0,1533,0,0,0,0,0,1628,0,0,98,98,0,1530,2,2,150,149,1,1478,1,2,1187,1185,2,441,0,2,0.023994467655945952
targeting,hmda_oh,mlp,1007,contexts,income,1654,True,1134,1134,0,520,0,0,56,55,1,1598,1,2,55,55,0,1599,0,0,773,757,16,881,3,19,773,756,17,881,4,21,801,783,18,853,3,21,1355,1338,17,299,2,19,0.03822149425605386
targeting,hmda_oh,mlp,1007,contexts,lien_status,1486,False,1058,1057,1,428,0,1,35,35,0,1451,1,1,35,35,0,1451,0,0,0,0,0,1486,0,0,35,34,1,1451,0,1,69,68,1,1417,0,1,1058,1057,1,428,0,1,0.02426282430895883
targeting,hmda_oh,mlp,1007,contexts,loan_amount,1585,False,1322,1322,0,263,0,0,45,45,0,1540,2,2,87,87,0,1498,0,0,0,0,0,1585,0,0,89,89,0,1496,2,2,132,132,0,1453,2,2,1322,1322,0,263,0,0,0.02815192133937812
targeting,hmda_oh,mlp,1007,contexts,loan_purpose,1725,False,1285,1275,10,440,0,10,66,66,0,1659,0,0,6,6,0,1719,0,0,0,0,0,1725,0,0,7,7,0,1718,0,0,72,72,0,1653,0,0,1285,1275,10,440,0,10,0.04534991353571391
targeting,hmda_oh,mlp,1007,contexts,loan_to_value_ratio,1669,True,1359,1358,1,310,1,2,175,175,0,1494,2,2,29,29,0,1640,0,0,294,294,0,1375,6,6,305,305,0,1364,8,8,468,468,0,1201,8,8,1436,1429,7,233,1,8,0.08628222653513444
targeting,hmda_oh,mlp,1007,contexts,loan_type,1483,False,1301,1300,1,182,0,1,76,75,1,1407,1,2,54,54,0,1429,0,0,0,0,0,1483,0,0,60,60,0,1423,2,2,130,129,1,1353,1,2,1301,1300,1,182,0,1,0.04971722750638685
targeting,hmda_oh,mlp,1007,contexts,occupancy_type,1249,False,944,942,2,305,0,2,146,146,0,1103,1,1,5,5,0,1244,0,0,0,0,0,1249,0,0,13,13,0,1236,1,1,151,151,0,1098,1,1,944,942,2,305,0,2,0.11488178243506117
targeting,hmda_oh,mlp,1007,contexts,preapproval,1193,False,1002,1002,0,191,0,0,28,28,0,1165,1,1,0,0,0,1193,0,0,0,0,0,1193,0,0,0,0,0,1193,1,1,28,28,0,1165,1,1,1002,1002,0,191,0,0,0.04694748362574446
targeting,hmda_oh,mlp,1007,contexts,property_value,1583,False,1238,1238,0,345,0,0,65,65,0,1518,0,0,40,40,0,1543,0,0,0,0,0,1583,0,0,41,41,0,1542,0,0,104,104,0,1479,0,0,1238,1238,0,345,0,0,0.025625537433047494
targeting,hmda_oh,mlp,1007,contexts,tract_minority_population_percent,1766,False,1057,1056,1,709,0,1,33,33,0,1733,3,3,56,56,0,1710,1,1,0,0,0,1766,0,0,56,56,0,1710,4,4,86,86,0,1680,4,4,1057,1056,1,709,0,1,0.013316632763764907
targeting,hmda_oh,mlp,1007,contexts,tract_to_msa_income_percentage,1672,False,1001,1001,0,671,0,0,34,34,0,1638,2,2,60,60,0,1612,0,0,0,0,0,1672,0,0,62,62,0,1610,2,2,92,92,0,1580,2,2,1001,1001,0,671,0,0,0.015952701254151984
signed_targeting,hmda_oh,mlp,1007,contexts,income,1654,True,1134,1134,0,520,0,0,56,55,1,1598,1,2,55,55,0,1599,0,0,773,757,16,881,3,19,773,756,17,881,4,21,801,783,18,853,3,21,1355,1338,17,299,2,19,0.03822149425605386
signed_targeting,hmda_oh,mlp,1007,contexts,debt_to_income_ratio,1666,True,1195,1192,3,471,2,5,72,71,1,1594,1,2,52,52,0,1614,0,0,305,305,0,1361,0,0,309,309,0,1357,2,2,344,343,1,1322,1,2,1274,1271,3,392,2,5,0.036735676505433704
signed_targeting,hmda_oh,mlp,1007,contexts,loan_to_value_ratio,1669,True,1359,1358,1,310,1,2,175,175,0,1494,2,2,29,29,0,1640,0,0,294,294,0,1375,6,6,305,305,0,1364,8,8,468,468,0,1201,8,8,1436,1429,7,233,1,8,0.08628222653513444
signed_targeting,hmda_oh,mlp,1007,contexts,linked_income_plus10k,675,True,267,267,0,408,0,0,9,9,0,666,0,0,5,5,0,670,0,0,70,69,1,605,0,1,70,69,1,605,0,1,75,74,1,600,0,1,302,301,1,373,0,1,0.014303175212301232
targeting,hmda_oh,mlp,1007,population,debt_to_income_ratio,1666,True,1195,701,494,471,175,669,72,72,0,1594,4,4,52,49,3,1614,5,8,305,164,141,1361,43,184,309,165,144,1357,44,188,344,199,145,1322,43,188,1274,678,596,392,136,732,0.03654531656655276
targeting,hmda_oh,mlp,1007,population,ffiec_msa_md_median_family_income,1628,False,1187,755,432,441,128,560,56,55,1,1572,7,8,95,93,2,1533,28,30,0,0,0,1628,0,0,98,95,3,1530,35,38,150,145,5,1478,33,38,1187,755,432,441,128,560,0.023564387157448723
targeting,hmda_oh,mlp,1007,population,income,1654,True,1134,881,253,520,110,363,56,55,1,1598,19,20,55,55,0,1599,3,3,773,488,285,881,71,356,773,485,288,881,88,376,801,509,292,853,84,376,1355,807,548,299,75,623,0.0322597899507172
targeting,hmda_oh,mlp,1007,population,lien_status,1486,False,1058,818,240,428,61,301,35,34,1,1451,5,6,35,33,2,1451,6,8,0,0,0,1486,0,0,35,33,2,1451,11,13,69,66,3,1417,10,13,1058,818,240,428,61,301,0.030744509226776448
targeting,hmda_oh,mlp,1007,population,loan_amount,1585,False,1322,1086,236,263,53,289,45,45,0,1540,7,7,87,87,0,1498,1,1,0,0,0,1585,0,0,89,89,0,1496,8,8,132,132,0,1453,8,8,1322,1086,236,263,53,289,0.02905427348208531
targeting,hmda_oh,mlp,1007,population,loan_purpose,1725,False,1285,635,650,440,189,839,66,66,0,1659,10,10,6,6,0,1719,0,0,0,0,0,1725,0,0,7,6,1,1718,9,10,72,71,1,1653,9,10,1285,635,650,440,189,839,0.05254583309824954
targeting,hmda_oh,mlp,1007,population,loan_to_value_ratio,1669,True,1359,731,628,310,161,789,175,173,2,1494,13,15,29,28,1,1640,0,1,294,275,19,1375,1,20,305,286,19,1364,16,35,468,447,21,1201,14,35,1436,758,678,233,117,795,0.1032572028439092
targeting,hmda_oh,mlp,1007,population,loan_type,1483,False,1301,909,392,182,48,440,76,73,3,1407,13,16,54,52,2,1429,7,9,0,0,0,1483,0,0,60,58,2,1423,23,25,130,124,6,1353,19,25,1301,909,392,182,48,440,0.06575767879313661
targeting,hmda_oh,mlp,1007,population,occupancy_type,1249,False,944,658,286,305,73,359,146,143,3,1103,10,13,5,5,0,1244,0,0,0,0,0,1249,0,0,13,13,0,1236,13,13,151,148,3,1098,10,13,944,658,286,305,73,359,0.12268514953686478
targeting,hmda_oh,mlp,1007,population,preapproval,1193,False,1002,628,374,191,58,432,28,28,0,1165,7,7,0,0,0,1193,0,0,0,0,0,1193,0,0,0,0,0,1193,7,7,28,28,0,1165,7,7,1002,628,374,191,58,432,0.06137171992347868
targeting,hmda_oh,mlp,1007,population,property_value,1583,False,1238,921,317,345,65,382,65,64,1,1518,7,8,40,40,0,1543,3,3,0,0,0,1583,0,0,41,40,1,1542,10,11,104,102,2,1479,9,11,1238,921,317,345,65,382,0.03206128378681234
targeting,hmda_oh,mlp,1007,population,tract_minority_population_percent,1766,False,1057,911,146,709,88,234,33,31,2,1733,10,12,56,56,0,1710,4,4,0,0,0,1766,0,0,56,55,1,1710,15,16,86,84,2,1680,14,16,1057,911,146,709,88,234,0.01788396921652733
targeting,hmda_oh,mlp,1007,population,tract_to_msa_income_percentage,1672,False,1001,685,316,671,144,460,34,33,1,1638,9,10,60,59,1,1612,10,11,0,0,0,1672,0,0,62,60,2,1610,19,21,92,89,3,1580,18,21,1001,685,316,671,144,460,0.01617499259882414
signed_targeting,hmda_oh,mlp,1007,population,income,1654,True,1134,881,253,520,110,363,56,55,1,1598,19,20,55,55,0,1599,3,3,773,488,285,881,71,356,773,485,288,881,88,376,801,509,292,853,84,376,1355,807,548,299,75,623,0.0322597899507172
signed_targeting,hmda_oh,mlp,1007,population,debt_to_income_ratio,1666,True,1195,701,494,471,175,669,72,72,0,1594,4,4,52,49,3,1614,5,8,305,164,141,1361,43,184,309,165,144,1357,44,188,344,199,145,1322,43,188,1274,678,596,392,136,732,0.03654531656655276
signed_targeting,hmda_oh,mlp,1007,population,loan_to_value_ratio,1669,True,1359,731,628,310,161,789,175,173,2,1494,13,15,29,28,1,1640,0,1,294,275,19,1375,1,20,305,286,19,1364,16,35,468,447,21,1201,14,35,1436,758,678,233,117,795,0.1032572028439092
signed_targeting,hmda_oh,mlp,1007,population,linked_income_plus10k,675,True,267,206,61,408,51,112,9,9,0,666,1,1,5,5,0,670,0,0,70,40,30,605,15,45,70,40,30,605,16,46,75,45,30,600,16,46,302,209,93,373,48,141,0.013181197302451169
targeting,hmda_oh,mlp,1007,task,debt_to_income_ratio,1666,True,1195,0,1195,471,0,1195,72,0,72,1594,0,72,52,0,52,1614,0,52,305,0,305,1361,0,305,309,0,309,1357,35,344,344,0,344,1322,0,344,1274,0,1274,392,0,1274,9.931578243878321e-18
targeting,hmda_oh,mlp,1007,task,ffiec_msa_md_median_family_income,1628,False,1187,0,1187,441,0,1187,56,0,56,1572,0,56,95,0,95,1533,0,95,0,0,0,1628,0,0,98,0,98,1530,52,150,150,0,150,1478,0,150,1187,0,1187,441,0,1187,9.006603305094572e-19
targeting,hmda_oh,mlp,1007,task,income,1654,True,1134,0,1134,520,0,1134,56,0,56,1598,0,56,55,0,55,1599,0,55,773,0,773,881,0,773,773,0,773,881,28,801,801,0,801,853,0,801,1355,0,1355,299,0,1355,1.2561406427654003e-18
targeting,hmda_oh,mlp,1007,task,lien_status,1486,False,1058,0,1058,428,0,1058,35,0,35,1451,0,35,35,0,35,1451,0,35,0,0,0,1486,0,0,35,0,35,1451,34,69,69,0,69,1417,0,69,1058,0,1058,428,0,1058,1.1621246435631976e-18
targeting,hmda_oh,mlp,1007,task,loan_amount,1585,False,1322,0,1322,263,0,1322,45,0,45,1540,0,45,87,0,87,1498,0,87,0,0,0,1585,0,0,89,0,89,1496,43,132,132,0,132,1453,0,132,1322,0,1322,263,0,1322,1.759212080251243e-18
targeting,hmda_oh,mlp,1007,task,loan_purpose,1725,False,1285,0,1285,440,0,1285,66,0,66,1659,0,66,6,0,6,1719,0,6,0,0,0,1725,0,0,7,0,7,1718,65,72,72,0,72,1653,0,72,1285,0,1285,440,0,1285,2.3459228093718057e-17
targeting,hmda_oh,mlp,1007,task,loan_to_value_ratio,1669,True,1359,0,1359,310,0,1359,175,0,175,1494,0,175,29,0,29,1640,0,29,294,0,294,1375,0,294,305,0,305,1364,163,468,468,0,468,1201,0,468,1436,0,1436,233,0,1436,1.763981993561437e-17
targeting,hmda_oh,mlp,1007,task,loan_type,1483,False,1301,0,1301,182,0,1301,76,0,76,1407,0,76,54,0,54,1429,0,54,0,0,0,1483,0,0,60,0,60,1423,70,130,130,0,130,1353,0,130,1301,0,1301,182,0,1301,1.104051187308823e-17
targeting,hmda_oh,mlp,1007,task,occupancy_type,1249,False,944,0,944,305,0,944,146,0,146,1103,0,146,5,0,5,1244,0,5,0,0,0,1249,0,0,13,0,13,1236,138,151,151,0,151,1098,0,151,944,0,944,305,0,944,2.2828922749382733e-17
targeting,hmda_oh,mlp,1007,task,preapproval,1193,False,1002,0,1002,191,0,1002,28,0,28,1165,0,28,0,0,0,1193,0,0,0,0,0,1193,0,0,0,0,0,1193,28,28,28,0,28,1165,0,28,1002,0,1002,191,0,1002,2.7229560345356818e-17
targeting,hmda_oh,mlp,1007,task,property_value,1583,False,1238,0,1238,345,0,1238,65,0,65,1518,0,65,40,0,40,1543,0,40,0,0,0,1583,0,0,41,0,41,1542,63,104,104,0,104,1479,0,104,1238,0,1238,345,0,1238,1.1572813713510783e-18
targeting,hmda_oh,mlp,1007,task,tract_minority_population_percent,1766,False,1057,0,1057,709,0,1057,33,0,33,1733,0,33,56,0,56,1710,0,56,0,0,0,1766,0,0,56,0,56,1710,30,86,86,0,86,1680,0,86,1057,0,1057,709,0,1057,6.50214337983804e-19
targeting,hmda_oh,mlp,1007,task,tract_to_msa_income_percentage,1672,False,1001,0,1001,671,0,1001,34,0,34,1638,0,34,60,0,60,1612,0,60,0,0,0,1672,0,0,62,0,62,1610,30,92,92,0,92,1580,0,92,1001,0,1001,671,0,1001,6.3003040118834695e-19
signed_targeting,hmda_oh,mlp,1007,task,income,1654,True,1134,0,1134,520,0,1134,56,0,56,1598,0,56,55,0,55,1599,0,55,773,0,773,881,0,773,773,0,773,881,28,801,801,0,801,853,0,801,1355,0,1355,299,0,1355,1.2561406427654003e-18
signed_targeting,hmda_oh,mlp,1007,task,debt_to_income_ratio,1666,True,1195,0,1195,471,0,1195,72,0,72,1594,0,72,52,0,52,1614,0,52,305,0,305,1361,0,305,309,0,309,1357,35,344,344,0,344,1322,0,344,1274,0,1274,392,0,1274,9.931578243878321e-18
signed_targeting,hmda_oh,mlp,1007,task,loan_to_value_ratio,1669,True,1359,0,1359,310,0,1359,175,0,175,1494,0,175,29,0,29,1640,0,29,294,0,294,1375,0,294,305,0,305,1364,163,468,468,0,468,1201,0,468,1436,0,1436,233,0,1436,1.763981993561437e-17
signed_targeting,hmda_oh,mlp,1007,task,linked_income_plus10k,675,True,267,0,267,408,0,267,9,0,9,666,0,9,5,0,5,670,0,5,70,0,70,605,0,70,70,0,70,605,5,75,75,0,75,600,0,75,302,0,302,373,0,302,6.6947476369179e-19
targeting,hmda_oh,mlp,1007,augmentation,debt_to_income_ratio,1666,True,1195,453,742,471,252,994,72,67,5,1594,12,17,52,51,1,1614,17,18,305,126,179,1361,94,273,309,127,182,1357,102,284,344,152,192,1322,92,284,1274,419,855,392,206,1061,0.045050245962074846
targeting,hmda_oh,mlp,1007,augmentation,ffiec_msa_md_median_family_income,1628,False,1187,439,748,441,254,1002,56,52,4,1572,12,16,95,89,6,1533,23,29,0,0,0,1628,0,0,98,91,7,1530,37,44,150,138,12,1478,32,44,1187,439,748,441,254,1002,0.03224405005125281
targeting,hmda_oh,mlp,1007,augmentation,income,1654,True,1134,437,697,520,258,955,56,48,8,1598,35,43,55,53,2,1599,19,21,773,246,527,881,159,686,773,243,530,881,177,707,801,264,537,853,170,707,1355,284,1071,299,177,1248,0.03478572047447289
targeting,hmda_oh,mlp,1007,augmentation,lien_status,1486,False,1058,473,585,428,220,805,35,33,2,1451,16,18,35,35,0,1451,5,5,0,0,0,1486,0,0,35,32,3,1451,20,23,69,64,5,1417,18,23,1058,473,585,428,220,805,0.032505718465456294
targeting,hmda_oh,mlp,1007,augmentation,loan_amount,1585,False,1322,503,819,263,133,952,45,42,3,1540,17,20,87,82,5,1498,15,20,0,0,0,1585,0,0,89,83,6,1496,34,40,132,123,9,1453,31,40,1322,503,819,263,133,952,0.04304081432680473
targeting,hmda_oh,mlp,1007,augmentation,loan_purpose,1725,False,1285,578,707,440,232,939,66,59,7,1659,32,39,6,5,1,1719,2,3,0,0,0,1725,0,0,7,6,1,1718,41,42,72,64,8,1653,34,42,1285,578,707,440,232,939,0.04874889769993106
targeting,hmda_oh,mlp,1007,augmentation,loan_to_value_ratio,1669,True,1359,421,938,310,185,1123,175,157,18,1494,27,45,29,28,1,1640,4,5,294,44,250,1375,78,328,305,53,252,1364,119,371,468,199,269,1201,102,371,1436,336,1100,233,157,1257,0.06693351434591074
targeting,hmda_oh,mlp,1007,augmentation,loan_type,1483,False,1301,535,766,182,97,863,76,69,7,1407,24,31,54,51,3,1429,15,18,0,0,0,1483,0,0,60,54,6,1423,41,47,130,118,12,1353,35,47,1301,535,766,182,97,863,0.052507207406535895
targeting,hmda_oh,mlp,1007,augmentation,occupancy_type,1249,False,944,296,648,305,202,850,146,135,11,1103,24,35,5,5,0,1244,6,6,0,0,0,1249,0,0,13,13,0,1236,41,41,151,140,11,1098,30,41,944,296,648,305,202,850,0.06909113917013686
targeting,hmda_oh,mlp,1007,augmentation,preapproval,1193,False,1002,380,622,191,106,728,28,25,3,1165,6,9,0,0,0,1193,0,0,0,0,0,1193,0,0,0,0,0,1193,9,9,28,25,3,1165,6,9,1002,380,622,191,106,728,0.03716741810572683
targeting,hmda_oh,mlp,1007,augmentation,property_value,1583,False,1238,489,749,345,189,938,65,59,6,1518,26,32,40,40,0,1543,7,7,0,0,0,1583,0,0,41,39,2,1542,37,39,104,96,8,1479,31,39,1238,489,749,345,189,938,0.037346683613818536
targeting,hmda_oh,mlp,1007,augmentation,tract_minority_population_percent,1766,False,1057,553,504,709,306,810,33,31,2,1733,23,25,56,54,2,1710,27,29,0,0,0,1766,0,0,56,51,5,1710,48,53,86,78,8,1680,45,53,1057,553,504,709,306,810,0.026093878375286022
targeting,hmda_oh,mlp,1007,augmentation,tract_to_msa_income_percentage,1672,False,1001,481,520,671,295,815,34,30,4,1638,20,24,60,57,3,1612,18,21,0,0,0,1672,0,0,62,58,4,1610,40,44,92,84,8,1580,36,44,1001,481,520,671,295,815,0.02726695945942384
signed_targeting,hmda_oh,mlp,1007,augmentation,income,1654,True,1134,437,697,520,258,955,56,48,8,1598,35,43,55,53,2,1599,19,21,773,246,527,881,159,686,773,243,530,881,177,707,801,264,537,853,170,707,1355,284,1071,299,177,1248,0.03478572047447289
signed_targeting,hmda_oh,mlp,1007,augmentation,debt_to_income_ratio,1666,True,1195,453,742,471,252,994,72,67,5,1594,12,17,52,51,1,1614,17,18,305,126,179,1361,94,273,309,127,182,1357,102,284,344,152,192,1322,92,284,1274,419,855,392,206,1061,0.045050245962074846
signed_targeting,hmda_oh,mlp,1007,augmentation,loan_to_value_ratio,1669,True,1359,421,938,310,185,1123,175,157,18,1494,27,45,29,28,1,1640,4,5,294,44,250,1375,78,328,305,53,252,1364,119,371,468,199,269,1201,102,371,1436,336,1100,233,157,1257,0.06693351434591074
signed_targeting,hmda_oh,mlp,1007,augmentation,linked_income_plus10k,675,True,267,154,113,408,94,207,9,8,1,666,7,8,5,5,0,670,2,2,70,26,44,605,19,63,70,26,44,605,25,69,75,30,45,600,24,69,302,151,151,373,88,239,0.020442535373630503
targeting,hmda_oh,mlp,1008,full,debt_to_income_ratio,1666,True,1315,1315,0,351,0,0,53,53,0,1613,0,0,116,116,0,1550,0,0,395,394,1,1271,0,1,397,396,1,1269,0,1,435,434,1,1231,0,1,1352,1351,1,314,0,1,0.03637864702667057
targeting,hmda_oh,mlp,1008,full,ffiec_msa_md_median_family_income,1628,False,1252,1252,0,376,0,0,46,46,0,1582,0,0,102,102,0,1526,0,0,0,0,0,1628,0,0,105,105,0,1523,0,0,147,147,0,1481,0,0,1252,1252,0,376,0,0,0.023058855343722602
targeting,hmda_oh,mlp,1008,full,income,1654,True,1431,1431,0,223,0,0,56,56,0,1598,0,0,191,191,0,1463,0,0,941,918,23,713,2,25,944,921,23,710,2,25,959,936,23,695,2,25,1549,1525,24,105,1,25,0.04074920391729437
targeting,hmda_oh,mlp,1008,full,lien_status,1486,False,1075,1075,0,411,0,0,39,39,0,1447,0,0,56,56,0,1430,0,0,0,0,0,1486,0,0,59,59,0,1427,0,0,95,95,0,1391,0,0,1075,1075,0,411,0,0,0.02411236958058132
targeting,hmda_oh,mlp,1008,full,loan_amount,1585,False,1269,1269,0,316,0,0,51,51,0,1534,0,0,87,87,0,1498,0,0,0,0,0,1585,0,0,91,91,0,1494,0,0,135,135,0,1450,0,0,1269,1269,0,316,0,0,0.03065919194601621
targeting,hmda_oh,mlp,1008,full,loan_purpose,1725,False,1388,1388,0,337,0,0,83,83,0,1642,0,0,15,15,0,1710,0,0,0,0,0,1725,0,0,16,16,0,1709,0,0,98,98,0,1627,0,0,1388,1388,0,337,0,0,0.045350432562507995
targeting,hmda_oh,mlp,1008,full,loan_to_value_ratio,1669,True,1390,1390,0,279,0,0,222,222,0,1447,1,1,27,27,0,1642,0,0,346,339,7,1323,0,7,357,350,7,1312,1,8,560,553,7,1109,1,8,1444,1437,7,225,0,7,0.0775360941024661
targeting,hmda_oh,mlp,1008,full,loan_type,1483,False,1356,1355,1,127,0,1,101,101,0,1382,1,1,91,91,0,1392,0,0,0,0,0,1483,0,0,95,95,0,1388,1,1,181,181,0,1302,1,1,1356,1355,1,127,0,1,0.07622550931455102
targeting,hmda_oh,mlp,1008,full,occupancy_type,1249,False,1132,1132,0,117,0,0,199,198,1,1050,0,1,29,29,0,1220,0,0,0,0,0,1249,0,0,57,57,0,1192,1,1,228,227,1,1021,0,1,1132,1132,0,117,0,0,0.1270682018557829
targeting,hmda_oh,mlp,1008,full,preapproval,1193,False,1145,1145,0,48,0,0,22,22,0,1171,0,0,0,0,0,1193,0,0,0,0,0,1193,0,0,2,2,0,1191,0,0,22,22,0,1171,0,0,1145,1145,0,48,0,0,0.043452475941904455
targeting,hmda_oh,mlp,1008,full,property_value,1583,False,1338,1338,0,245,0,0,39,39,0,1544,1,1,109,109,0,1474,0,0,0,0,0,1583,0,0,110,110,0,1473,1,1,146,146,0,1437,1,1,1338,1338,0,245,0,0,0.022378855849402003
targeting,hmda_oh,mlp,1008,full,tract_minority_population_percent,1766,False,1275,1275,0,491,0,0,46,45,1,1720,0,1,90,90,0,1676,0,0,0,0,0,1766,0,0,90,90,0,1676,1,1,134,133,1,1632,0,1,1275,1275,0,491,0,0,0.01825580860426159
targeting,hmda_oh,mlp,1008,full,tract_to_msa_income_percentage,1672,False,1257,1257,0,415,0,0,59,59,0,1613,0,0,94,94,0,1578,0,0,0,0,0,1672,0,0,100,100,0,1572,0,0,150,150,0,1522,0,0,1257,1257,0,415,0,0,0.021831086502639187
signed_targeting,hmda_oh,mlp,1008,full,income,1654,True,1431,1431,0,223,0,0,56,56,0,1598,0,0,191,191,0,1463,0,0,941,918,23,713,2,25,944,921,23,710,2,25,959,936,23,695,2,25,1549,1525,24,105,1,25,0.04074920391729437
signed_targeting,hmda_oh,mlp,1008,full,debt_to_income_ratio,1666,True,1315,1315,0,351,0,0,53,53,0,1613,0,0,116,116,0,1550,0,0,395,394,1,1271,0,1,397,396,1,1269,0,1,435,434,1,1231,0,1,1352,1351,1,314,0,1,0.03637864702667057
signed_targeting,hmda_oh,mlp,1008,full,loan_to_value_ratio,1669,True,1390,1390,0,279,0,0,222,222,0,1447,1,1,27,27,0,1642,0,0,346,339,7,1323,0,7,357,350,7,1312,1,8,560,553,7,1109,1,8,1444,1437,7,225,0,7,0.0775360941024661
signed_targeting,hmda_oh,mlp,1008,full,linked_income_plus10k,675,True,328,328,0,347,0,0,7,7,0,668,0,0,16,16,0,659,0,0,104,103,1,571,0,1,104,103,1,571,0,1,109,108,1,566,0,1,362,361,1,313,0,1,0.01688388856058756
targeting,hmda_oh,mlp,1008,features,debt_to_income_ratio,1666,True,1315,1315,0,351,0,0,53,51,2,1613,2,4,116,116,0,1550,0,0,395,372,23,1271,1,24,397,373,24,1269,3,27,435,409,26,1231,1,27,1352,1328,24,314,0,24,0.027442264886130375
targeting,hmda_oh,mlp,1008,features,ffiec_msa_md_median_family_income,1628,False,1252,1252,0,376,0,0,46,46,0,1582,3,3,102,102,0,1526,0,0,0,0,0,1628,0,0,105,105,0,1523,3,3,147,147,0,1481,3,3,1252,1252,0,376,0,0,0.02254814338263309
targeting,hmda_oh,mlp,1008,features,income,1654,True,1431,1431,0,223,0,0,56,54,2,1598,1,3,191,191,0,1463,0,0,941,928,13,713,1,14,944,929,15,710,2,17,959,943,16,695,1,17,1549,1535,14,105,0,14,0.03648028080609417
targeting,hmda_oh,mlp,1008,features,lien_status,1486,False,1075,1075,0,411,0,0,39,37,2,1447,1,3,56,56,0,1430,0,0,0,0,0,1486,0,0,59,59,0,1427,3,3,95,93,2,1391,1,3,1075,1075,0,411,0,0,0.02246435743027836
targeting,hmda_oh,mlp,1008,features,loan_amount,1585,False,1269,1269,0,316,0,0,51,51,0,1534,1,1,87,87,0,1498,0,0,0,0,0,1585,0,0,91,91,0,1494,1,1,135,135,0,1450,1,1,1269,1269,0,316,0,0,0.0323879827204681
targeting,hmda_oh,mlp,1008,features,loan_purpose,1725,False,1388,1387,1,337,1,2,83,82,1,1642,2,3,15,15,0,1710,0,0,0,0,0,1725,0,0,16,16,0,1709,3,3,98,97,1,1627,2,3,1388,1387,1,337,1,2,0.05301690278912731
targeting,hmda_oh,mlp,1008,features,loan_to_value_ratio,1669,True,1390,1389,1,279,0,1,222,221,1,1447,2,3,27,27,0,1642,0,0,346,345,1,1323,0,1,357,356,1,1312,3,4,560,558,2,1109,2,4,1444,1442,2,225,0,2,0.08918367134987559
targeting,hmda_oh,mlp,1008,features,loan_type,1483,False,1356,1356,0,127,0,0,101,101,0,1382,0,0,91,91,0,1392,0,0,0,0,0,1483,0,0,95,95,0,1388,0,0,181,181,0,1302,0,0,1356,1356,0,127,0,0,0.07629133051201165
targeting,hmda_oh,mlp,1008,features,occupancy_type,1249,False,1132,1130,2,117,0,2,199,199,0,1050,1,1,29,29,0,1220,0,0,0,0,0,1249,0,0,57,57,0,1192,1,1,228,228,0,1021,1,1,1132,1130,2,117,0,2,0.1382387816097584
targeting,hmda_oh,mlp,1008,features,preapproval,1193,False,1145,1145,0,48,0,0,22,22,0,1171,1,1,0,0,0,1193,0,0,0,0,0,1193,0,0,2,2,0,1191,1,1,22,22,0,1171,1,1,1145,1145,0,48,0,0,0.03851480863152295
targeting,hmda_oh,mlp,1008,features,property_value,1583,False,1338,1338,0,245,0,0,39,39,0,1544,1,1,109,109,0,1474,0,0,0,0,0,1583,0,0,110,110,0,1473,1,1,146,146,0,1437,1,1,1338,1338,0,245,0,0,0.021171417118630083
targeting,hmda_oh,mlp,1008,features,tract_minority_population_percent,1766,False,1275,1275,0,491,0,0,46,45,1,1720,1,2,90,90,0,1676,0,0,0,0,0,1766,0,0,90,89,1,1676,1,2,134,133,1,1632,1,2,1275,1275,0,491,0,0,0.01788883962149951
targeting,hmda_oh,mlp,1008,features,tract_to_msa_income_percentage,1672,False,1257,1257,0,415,0,0,59,56,3,1613,3,6,94,94,0,1578,0,0,0,0,0,1672,0,0,100,99,1,1572,5,6,150,146,4,1522,2,6,1257,1257,0,415,0,0,0.02096040125595677
signed_targeting,hmda_oh,mlp,1008,features,income,1654,True,1431,1431,0,223,0,0,56,54,2,1598,1,3,191,191,0,1463,0,0,941,928,13,713,1,14,944,929,15,710,2,17,959,943,16,695,1,17,1549,1535,14,105,0,14,0.03648028080609417
signed_targeting,hmda_oh,mlp,1008,features,debt_to_income_ratio,1666,True,1315,1315,0,351,0,0,53,51,2,1613,2,4,116,116,0,1550,0,0,395,372,23,1271,1,24,397,373,24,1269,3,27,435,409,26,1231,1,27,1352,1328,24,314,0,24,0.027442264886130375
signed_targeting,hmda_oh,mlp,1008,features,loan_to_value_ratio,1669,True,1390,1389,1,279,0,1,222,221,1,1447,2,3,27,27,0,1642,0,0,346,345,1,1323,0,1,357,356,1,1312,3,4,560,558,2,1109,2,4,1444,1442,2,225,0,2,0.08918367134987559
signed_targeting,hmda_oh,mlp,1008,features,linked_income_plus10k,675,True,328,328,0,347,0,0,7,7,0,668,0,0,16,16,0,659,0,0,104,96,8,571,0,8,104,96,8,571,0,8,109,101,8,566,0,8,362,354,8,313,0,8,0.010706274493611332
targeting,hmda_oh,mlp,1008,contexts,debt_to_income_ratio,1666,True,1315,1315,0,351,0,0,53,53,0,1613,0,0,116,116,0,1550,0,0,395,395,0,1271,0,0,397,397,0,1269,0,0,435,435,0,1231,0,0,1352,1352,0,314,0,0,0.03457998122755074
targeting,hmda_oh,mlp,1008,contexts,ffiec_msa_md_median_family_income,1628,False,1252,1252,0,376,0,0,46,45,1,1582,5,6,102,102,0,1526,0,0,0,0,0,1628,0,0,105,105,0,1523,6,6,147,146,1,1481,5,6,1252,1252,0,376,0,0,0.02301635839154836
targeting,hmda_oh,mlp,1008,contexts,income,1654,True,1431,1431,0,223,0,0,56,55,1,1598,0,1,191,191,0,1463,0,0,941,931,10,713,2,12,944,934,10,710,3,13,959,948,11,695,2,13,1549,1539,10,105,2,12,0.041891526295303405
targeting,hmda_oh,mlp,1008,contexts,lien_status,1486,False,1075,1075,0,411,0,0,39,39,0,1447,2,2,56,56,0,1430,0,0,0,0,0,1486,0,0,59,59,0,1427,2,2,95,95,0,1391,2,2,1075,1075,0,411,0,0,0.024423532518540254
targeting,hmda_oh,mlp,1008,contexts,loan_amount,1585,False,1269,1269,0,316,0,0,51,51,0,1534,0,0,87,87,0,1498,0,0,0,0,0,1585,0,0,91,91,0,1494,0,0,135,135,0,1450,0,0,1269,1269,0,316,0,0,0.029128736765874002
targeting,hmda_oh,mlp,1008,contexts,loan_purpose,1725,False,1388,1386,2,337,0,2,83,82,1,1642,3,4,15,15,0,1710,0,0,0,0,0,1725,0,0,16,16,0,1709,4,4,98,97,1,1627,3,4,1388,1386,2,337,0,2,0.04571257996620996
targeting,hmda_oh,mlp,1008,contexts,loan_to_value_ratio,1669,True,1390,1390,0,279,0,0,222,220,2,1447,2,4,27,27,0,1642,0,0,346,340,6,1323,0,6,357,349,8,1312,2,10,560,551,9,1109,1,10,1444,1438,6,225,0,6,0.07623916026670245
targeting,hmda_oh,mlp,1008,contexts,loan_type,1483,False,1356,1355,1,127,0,1,101,101,0,1382,2,2,91,91,0,1392,0,0,0,0,0,1483,0,0,95,95,0,1388,2,2,181,181,0,1302,2,2,1356,1355,1,127,0,1,0.07314515584921748
targeting,hmda_oh,mlp,1008,contexts,occupancy_type,1249,False,1132,1132,0,117,1,1,199,199,0,1050,3,3,29,29,0,1220,0,0,0,0,0,1249,0,0,57,57,0,1192,3,3,228,228,0,1021,3,3,1132,1132,0,117,1,1,0.1336696140140003
targeting,hmda_oh,mlp,1008,contexts,preapproval,1193,False,1145,1144,1,48,0,1,22,22,0,1171,1,1,0,0,0,1193,0,0,0,0,0,1193,0,0,2,2,0,1191,1,1,22,22,0,1171,1,1,1145,1144,1,48,0,1,0.04334421453182351
targeting,hmda_oh,mlp,1008,contexts,property_value,1583,False,1338,1338,0,245,0,0,39,38,1,1544,2,3,109,109,0,1474,0,0,0,0,0,1583,0,0,110,109,1,1473,2,3,146,145,1,1437,2,3,1338,1338,0,245,0,0,0.02164420427246831
targeting,hmda_oh,mlp,1008,contexts,tract_minority_population_percent,1766,False,1275,1275,0,491,0,0,46,46,0,1720,3,3,90,90,0,1676,0,0,0,0,0,1766,0,0,90,89,1,1676,2,3,134,133,1,1632,2,3,1275,1275,0,491,0,0,0.018092390373304155
targeting,hmda_oh,mlp,1008,contexts,tract_to_msa_income_percentage,1672,False,1257,1257,0,415,0,0,59,57,2,1613,2,4,94,94,0,1578,0,0,0,0,0,1672,0,0,100,99,1,1572,3,4,150,147,3,1522,1,4,1257,1257,0,415,0,0,0.02227601001088387
signed_targeting,hmda_oh,mlp,1008,contexts,income,1654,True,1431,1431,0,223,0,0,56,55,1,1598,0,1,191,191,0,1463,0,0,941,931,10,713,2,12,944,934,10,710,3,13,959,948,11,695,2,13,1549,1539,10,105,2,12,0.041891526295303405
signed_targeting,hmda_oh,mlp,1008,contexts,debt_to_income_ratio,1666,True,1315,1315,0,351,0,0,53,53,0,1613,0,0,116,116,0,1550,0,0,395,395,0,1271,0,0,397,397,0,1269,0,0,435,435,0,1231,0,0,1352,1352,0,314,0,0,0.03457998122755074
signed_targeting,hmda_oh,mlp,1008,contexts,loan_to_value_ratio,1669,True,1390,1390,0,279,0,0,222,220,2,1447,2,4,27,27,0,1642,0,0,346,340,6,1323,0,6,357,349,8,1312,2,10,560,551,9,1109,1,10,1444,1438,6,225,0,6,0.07623916026670245
signed_targeting,hmda_oh,mlp,1008,contexts,linked_income_plus10k,675,True,328,328,0,347,0,0,7,7,0,668,2,2,16,16,0,659,0,0,104,103,1,571,0,1,104,102,2,571,1,3,109,107,2,566,1,3,362,361,1,313,0,1,0.016753708766911263
targeting,hmda_oh,mlp,1008,population,debt_to_income_ratio,1666,True,1315,428,887,351,238,1125,53,53,0,1613,7,7,116,112,4,1550,24,28,395,265,130,1271,109,239,397,262,135,1269,110,245,435,293,142,1231,103,245,1352,351,1001,314,230,1231,0.03725906576272437
targeting,hmda_oh,mlp,1008,population,ffiec_msa_md_median_family_income,1628,False,1252,727,525,376,142,667,46,45,1,1582,13,14,102,96,6,1526,27,33,0,0,0,1628,0,0,105,96,9,1523,38,47,147,136,11,1481,36,47,1252,727,525,376,142,667,0.02555616338391512
targeting,hmda_oh,mlp,1008,population,income,1654,True,1431,967,464,223,92,556,56,50,6,1598,18,24,191,188,3,1463,23,26,941,624,317,713,79,396,944,615,329,710,91,420,959,628,331,695,89,420,1549,796,753,105,40,793,0.0314845064044056
targeting,hmda_oh,mlp,1008,population,lien_status,1486,False,1075,824,251,411,80,331,39,35,4,1447,12,16,56,55,1,1430,12,13,0,0,0,1486,0,0,59,57,2,1427,27,29,95,86,9,1391,20,29,1075,824,251,411,80,331,0.021194469991279198
targeting,hmda_oh,mlp,1008,population,loan_amount,1585,False,1269,781,488,316,121,609,51,49,2,1534,14,16,87,84,3,1498,20,23,0,0,0,1585,0,0,91,85,6,1494,32,38,135,127,8,1450,30,38,1269,781,488,316,121,609,0.02941760003619235
targeting,hmda_oh,mlp,1008,population,loan_purpose,1725,False,1388,568,820,337,186,1006,83,77,6,1642,19,25,15,15,0,1710,0,0,0,0,0,1725,0,0,16,15,1,1709,24,25,98,92,6,1627,19,25,1388,568,820,337,186,1006,0.0552961003575331
targeting,hmda_oh,mlp,1008,population,loan_to_value_ratio,1669,True,1390,784,606,279,118,724,222,213,9,1447,19,28,27,27,0,1642,0,0,346,327,19,1323,0,19,357,335,22,1312,25,47,560,529,31,1109,16,47,1444,804,640,225,92,732,0.09126883750124272
targeting,hmda_oh,mlp,1008,population,loan_type,1483,False,1356,813,543,127,49,592,101,97,4,1382,20,24,91,89,2,1392,14,16,0,0,0,1483,0,0,95,91,4,1388,36,40,181,171,10,1302,30,40,1356,813,543,127,49,592,0.07911144312937969
targeting,hmda_oh,mlp,1008,population,occupancy_type,1249,False,1132,778,354,117,22,376,199,193,6,1050,10,16,29,29,0,1220,0,0,0,0,0,1249,0,0,57,57,0,1192,16,16,228,222,6,1021,10,16,1132,778,354,117,22,376,0.13879608153417963
targeting,hmda_oh,mlp,1008,population,preapproval,1193,False,1145,664,481,48,18,499,22,19,3,1171,6,9,0,0,0,1193,0,0,0,0,0,1193,0,0,2,2,0,1191,9,9,22,19,3,1171,6,9,1145,664,481,48,18,499,0.04871652088269799
targeting,hmda_oh,mlp,1008,population,property_value,1583,False,1338,821,517,245,118,635,39,37,2,1544,12,14,109,107,2,1474,9,11,0,0,0,1583,0,0,110,107,3,1473,21,24,146,141,5,1437,19,24,1338,821,517,245,118,635,0.02379083734441088
targeting,hmda_oh,mlp,1008,population,tract_minority_population_percent,1766,False,1275,955,320,491,112,432,46,45,1,1720,12,13,90,84,6,1676,9,15,0,0,0,1766,0,0,90,84,6,1676,22,28,134,125,9,1632,19,28,1275,955,320,491,112,432,0.018242919276012536
targeting,hmda_oh,mlp,1008,population,tract_to_msa_income_percentage,1672,False,1257,895,362,415,112,474,59,54,5,1613,9,14,94,93,1,1578,9,10,0,0,0,1672,0,0,100,97,3,1572,20,23,150,140,10,1522,13,23,1257,895,362,415,112,474,0.023641424071414088
signed_targeting,hmda_oh,mlp,1008,population,income,1654,True,1431,967,464,223,92,556,56,50,6,1598,18,24,191,188,3,1463,23,26,941,624,317,713,79,396,944,615,329,710,91,420,959,628,331,695,89,420,1549,796,753,105,40,793,0.0314845064044056
signed_targeting,hmda_oh,mlp,1008,population,debt_to_income_ratio,1666,True,1315,428,887,351,238,1125,53,53,0,1613,7,7,116,112,4,1550,24,28,395,265,130,1271,109,239,397,262,135,1269,110,245,435,293,142,1231,103,245,1352,351,1001,314,230,1231,0.03725906576272437
signed_targeting,hmda_oh,mlp,1008,population,loan_to_value_ratio,1669,True,1390,784,606,279,118,724,222,213,9,1447,19,28,27,27,0,1642,0,0,346,327,19,1323,0,19,357,335,22,1312,25,47,560,529,31,1109,16,47,1444,804,640,225,92,732,0.09126883750124272
signed_targeting,hmda_oh,mlp,1008,population,linked_income_plus10k,675,True,328,204,124,347,87,211,7,7,0,668,0,0,16,16,0,659,0,0,104,70,34,571,23,57,104,70,34,571,23,57,109,74,35,566,22,57,362,207,155,313,97,252,0.012775419891121074
targeting,hmda_oh,mlp,1008,task,debt_to_income_ratio,1666,True,1315,0,1315,351,0,1315,53,0,53,1613,0,53,116,0,116,1550,0,116,395,0,395,1271,0,395,397,0,397,1269,38,435,435,0,435,1231,0,435,1352,0,1352,314,0,1352,1.0439773607920297e-17
targeting,hmda_oh,mlp,1008,task,ffiec_msa_md_median_family_income,1628,False,1252,0,1252,376,0,1252,46,0,46,1582,0,46,102,0,102,1526,0,102,0,0,0,1628,0,0,105,0,105,1523,42,147,147,0,147,1481,0,147,1252,0,1252,376,0,1252,8.938341190426412e-19
targeting,hmda_oh,mlp,1008,task,income,1654,True,1431,0,1431,223,0,1431,56,0,56,1598,0,56,191,0,191,1463,0,191,941,0,941,713,0,941,944,0,944,710,15,959,959,0,959,695,0,959,1549,0,1549,105,0,1549,2.5151982744471007e-18
targeting,hmda_oh,mlp,1008,task,lien_status,1486,False,1075,0,1075,411,0,1075,39,0,39,1447,0,39,56,0,56,1430,0,56,0,0,0,1486,0,0,59,0,59,1427,36,95,95,0,95,1391,0,95,1075,0,1075,411,0,1075,2.3259273927769447e-18
targeting,hmda_oh,mlp,1008,task,loan_amount,1585,False,1269,0,1269,316,0,1269,51,0,51,1534,0,51,87,0,87,1498,0,87,0,0,0,1585,0,0,91,0,91,1494,44,135,135,0,135,1450,0,135,1269,0,1269,316,0,1269,1.4567641366774477e-18
targeting,hmda_oh,mlp,1008,task,loan_purpose,1725,False,1388,0,1388,337,0,1388,83,0,83,1642,0,83,15,0,15,1710,0,15,0,0,0,1725,0,0,16,0,16,1709,82,98,98,0,98,1627,0,98,1388,0,1388,337,0,1388,2.4535228041072586e-17
targeting,hmda_oh,mlp,1008,task,loan_to_value_ratio,1669,True,1390,0,1390,279,0,1390,222,0,222,1447,0,222,27,0,27,1642,0,27,346,0,346,1323,0,346,357,0,357,1312,203,560,560,0,560,1109,0,560,1444,0,1444,225,0,1444,1.733320314387491e-17
targeting,hmda_oh,mlp,1008,task,loan_type,1483,False,1356,0,1356,127,0,1356,101,0,101,1382,0,101,91,0,91,1392,0,91,0,0,0,1483,0,0,95,0,95,1388,86,181,181,0,181,1302,0,181,1356,0,1356,127,0,1356,1.4519060859463586e-17
targeting,hmda_oh,mlp,1008,task,occupancy_type,1249,False,1132,0,1132,117,0,1132,199,0,199,1050,0,199,29,0,29,1220,0,29,0,0,0,1249,0,0,57,0,57,1192,171,228,228,0,228,1021,0,228,1132,0,1132,117,0,1132,2.236477310836752e-17
targeting,hmda_oh,mlp,1008,task,preapproval,1193,False,1145,0,1145,48,0,1145,22,0,22,1171,0,22,0,0,0,1193,0,0,0,0,0,1193,0,0,2,0,2,1191,20,22,22,0,22,1171,0,22,1145,0,1145,48,0,1145,2.9669333314555966e-17
targeting,hmda_oh,mlp,1008,task,property_value,1583,False,1338,0,1338,245,0,1338,39,0,39,1544,0,39,109,0,109,1474,0,109,0,0,0,1583,0,0,110,0,110,1473,36,146,146,0,146,1437,0,146,1338,0,1338,245,0,1338,9.418792341137497e-19
targeting,hmda_oh,mlp,1008,task,tract_minority_population_percent,1766,False,1275,0,1275,491,0,1275,46,0,46,1720,0,46,90,0,90,1676,0,90,0,0,0,1766,0,0,90,0,90,1676,44,134,134,0,134,1632,0,134,1275,0,1275,491,0,1275,9.734490173799636e-19
targeting,hmda_oh,mlp,1008,task,tract_to_msa_income_percentage,1672,False,1257,0,1257,415,0,1257,59,0,59,1613,0,59,94,0,94,1578,0,94,0,0,0,1672,0,0,100,0,100,1572,50,150,150,0,150,1522,0,150,1257,0,1257,415,0,1257,6.5629247534245155e-19
signed_targeting,hmda_oh,mlp,1008,task,income,1654,True,1431,0,1431,223,0,1431,56,0,56,1598,0,56,191,0,191,1463,0,191,941,0,941,713,0,941,944,0,944,710,15,959,959,0,959,695,0,959,1549,0,1549,105,0,1549,2.5151982744471007e-18
signed_targeting,hmda_oh,mlp,1008,task,debt_to_income_ratio,1666,True,1315,0,1315,351,0,1315,53,0,53,1613,0,53,116,0,116,1550,0,116,395,0,395,1271,0,395,397,0,397,1269,38,435,435,0,435,1231,0,435,1352,0,1352,314,0,1352,1.0439773607920297e-17
signed_targeting,hmda_oh,mlp,1008,task,loan_to_value_ratio,1669,True,1390,0,1390,279,0,1390,222,0,222,1447,0,222,27,0,27,1642,0,27,346,0,346,1323,0,346,357,0,357,1312,203,560,560,0,560,1109,0,560,1444,0,1444,225,0,1444,1.733320314387491e-17
signed_targeting,hmda_oh,mlp,1008,task,linked_income_plus10k,675,True,328,0,328,347,0,328,7,0,7,668,0,7,16,0,16,659,0,16,104,0,104,571,0,104,104,0,104,571,5,109,109,0,109,566,0,109,362,0,362,313,0,362,3.7007434154171887e-19
targeting,hmda_oh,mlp,1008,augmentation,debt_to_income_ratio,1666,True,1315,635,680,351,171,851,53,48,5,1613,6,11,116,115,1,1550,6,7,395,190,205,1271,59,264,397,190,207,1269,64,271,435,219,216,1231,55,271,1352,560,792,314,150,942,0.02652477958473743
targeting,hmda_oh,mlp,1008,augmentation,ffiec_msa_md_median_family_income,1628,False,1252,605,647,376,200,847,46,41,5,1582,6,11,102,101,1,1526,14,15,0,0,0,1628,0,0,105,101,4,1523,22,26,147,139,8,1481,18,26,1252,605,647,376,200,847,0.029454945770394036
targeting,hmda_oh,mlp,1008,augmentation,income,1654,True,1431,735,696,223,99,795,56,50,6,1598,13,19,191,187,4,1463,14,18,941,429,512,713,57,569,944,422,522,710,61,583,959,435,524,695,59,583,1549,526,1023,105,55,1078,0.024339581227522313
targeting,hmda_oh,mlp,1008,augmentation,lien_status,1486,False,1075,538,537,411,162,699,39,32,7,1447,10,17,56,56,0,1430,10,10,0,0,0,1486,0,0,59,55,4,1427,23,27,95,84,11,1391,16,27,1075,538,537,411,162,699,0.02196529143949666
targeting,hmda_oh,mlp,1008,augmentation,loan_amount,1585,False,1269,599,670,316,136,806,51,45,6,1534,9,15,87,84,3,1498,9,12,0,0,0,1585,0,0,91,86,5,1494,22,27,135,124,11,1450,16,27,1269,599,670,316,136,806,0.023785696811944822
targeting,hmda_oh,mlp,1008,augmentation,loan_purpose,1725,False,1388,628,760,337,189,949,83,76,7,1642,11,18,15,15,0,1710,4,4,0,0,0,1725,0,0,16,15,1,1709,21,22,98,90,8,1627,14,22,1388,628,760,337,189,949,0.037958253633829174
targeting,hmda_oh,mlp,1008,augmentation,loan_to_value_ratio,1669,True,1390,482,908,279,167,1075,222,202,20,1447,23,43,27,27,0,1642,0,0,346,140,206,1323,10,216,357,150,207,1312,52,259,560,333,227,1109,32,259,1444,402,1042,225,135,1177,0.06483179191938407
targeting,hmda_oh,mlp,1008,augmentation,loan_type,1483,False,1356,593,763,127,77,840,101,88,13,1382,6,19,91,89,2,1392,7,9,0,0,0,1483,0,0,95,87,8,1388,19,27,181,163,18,1302,9,27,1356,593,763,127,77,840,0.045767536650579206
targeting,hmda_oh,mlp,1008,augmentation,occupancy_type,1249,False,1132,153,979,117,92,1071,199,190,9,1050,32,41,29,27,2,1220,7,9,0,0,0,1249,0,0,57,55,2,1192,48,50,228,217,11,1021,39,50,1132,153,979,117,92,1071,0.09031620603525031
targeting,hmda_oh,mlp,1008,augmentation,preapproval,1193,False,1145,499,646,48,31,677,22,20,2,1171,2,4,0,0,0,1193,0,0,0,0,0,1193,0,0,2,1,1,1191,3,4,22,20,2,1171,2,4,1145,499,646,48,31,677,0.04035603100222007
targeting,hmda_oh,mlp,1008,augmentation,property_value,1583,False,1338,609,729,245,125,854,39,37,2,1544,6,8,109,106,3,1474,12,15,0,0,0,1583,0,0,110,106,4,1473,19,23,146,139,7,1437,16,23,1338,609,729,245,125,854,0.032309426871279676
targeting,hmda_oh,mlp,1008,augmentation,tract_minority_population_percent,1766,False,1275,705,570,491,195,765,46,45,1,1720,7,8,90,88,2,1676,16,18,0,0,0,1766,0,0,90,87,3,1676,23,26,134,129,5,1632,21,26,1275,705,570,491,195,765,0.019050748540226124
targeting,hmda_oh,mlp,1008,augmentation,tract_to_msa_income_percentage,1672,False,1257,664,593,415,155,748,59,53,6,1613,10,16,94,92,2,1578,12,14,0,0,0,1672,0,0,100,94,6,1572,24,30,150,139,11,1522,19,30,1257,664,593,415,155,748,0.02378768248551101
signed_targeting,hmda_oh,mlp,1008,augmentation,income,1654,True,1431,735,696,223,99,795,56,50,6,1598,13,19,191,187,4,1463,14,18,941,429,512,713,57,569,944,422,522,710,61,583,959,435,524,695,59,583,1549,526,1023,105,55,1078,0.024339581227522313
signed_targeting,hmda_oh,mlp,1008,augmentation,debt_to_income_ratio,1666,True,1315,635,680,351,171,851,53,48,5,1613,6,11,116,115,1,1550,6,7,395,190,205,1271,59,264,397,190,207,1269,64,271,435,219,216,1231,55,271,1352,560,792,314,150,942,0.02652477958473743
signed_targeting,hmda_oh,mlp,1008,augmentation,loan_to_value_ratio,1669,True,1390,482,908,279,167,1075,222,202,20,1447,23,43,27,27,0,1642,0,0,346,140,206,1323,10,216,357,150,207,1312,52,259,560,333,227,1109,32,259,1444,402,1042,225,135,1177,0.06483179191938407
signed_targeting,hmda_oh,mlp,1008,augmentation,linked_income_plus10k,675,True,328,238,90,347,67,157,7,4,3,668,2,5,16,16,0,659,3,3,104,59,45,571,19,64,104,58,46,571,21,67,109,60,49,566,18,67,362,231,131,313,60,191,0.011035494824788532
targeting,hmda_oh,mlp,1009,full,debt_to_income_ratio,1666,True,1372,1372,0,294,0,0,127,127,0,1539,1,1,70,70,0,1596,0,0,297,290,7,1369,1,8,301,293,8,1365,1,9,389,381,8,1277,1,9,1414,1406,8,252,0,8,0.045840920472949444
targeting,hmda_oh,mlp,1009,full,ffiec_msa_md_median_family_income,1628,False,1100,1100,0,528,0,0,58,58,0,1570,1,1,74,74,0,1554,0,0,0,0,0,1628,0,0,77,77,0,1551,1,1,129,129,0,1499,1,1,1100,1100,0,528,0,0,0.02259162277680254
targeting,hmda_oh,mlp,1009,full,income,1654,True,1500,1500,0,154,0,0,88,88,0,1566,1,1,244,244,0,1410,0,0,874,845,29,780,0,29,874,844,30,780,0,30,888,858,30,766,0,30,1549,1520,29,105,0,29,0.03614415165825523
targeting,hmda_oh,mlp,1009,full,lien_status,1486,False,1040,1039,1,446,1,2,78,78,0,1408,2,2,74,74,0,1412,0,0,0,0,0,1486,0,0,76,76,0,1410,2,2,146,146,0,1340,2,2,1040,1039,1,446,1,2,0.034462238133647155
targeting,hmda_oh,mlp,1009,full,loan_amount,1585,False,1409,1408,1,176,0,1,84,84,0,1501,0,0,178,178,0,1407,0,0,0,0,0,1585,0,0,182,182,0,1403,0,0,256,256,0,1329,0,0,1409,1408,1,176,0,1,0.0349488809069105
targeting,hmda_oh,mlp,1009,full,loan_purpose,1725,False,1291,1291,0,434,0,0,122,122,0,1603,0,0,13,13,0,1712,0,0,0,0,0,1725,0,0,20,20,0,1705,0,0,134,134,0,1591,0,0,1291,1291,0,434,0,0,0.06202640228418531
targeting,hmda_oh,mlp,1009,full,loan_to_value_ratio,1669,True,1431,1431,0,238,0,0,220,220,0,1449,2,2,41,41,0,1628,0,0,276,273,3,1393,2,5,291,287,4,1378,3,7,483,479,4,1186,3,7,1466,1462,4,203,1,5,0.1309576397978591
targeting,hmda_oh,mlp,1009,full,loan_type,1483,False,1259,1259,0,224,0,0,157,157,0,1326,1,1,69,69,0,1414,0,0,0,0,0,1483,0,0,76,76,0,1407,1,1,218,218,0,1265,1,1,1259,1259,0,224,0,0,0.08711146445218662
targeting,hmda_oh,mlp,1009,full,occupancy_type,1249,False,1028,1028,0,221,0,0,150,150,0,1099,0,0,13,13,0,1236,0,0,0,0,0,1249,0,0,23,23,0,1226,0,0,162,162,0,1087,0,0,1028,1028,0,221,0,0,0.12840035371306505
targeting,hmda_oh,mlp,1009,full,preapproval,1193,False,953,953,0,240,0,0,45,45,0,1148,0,0,0,0,0,1193,0,0,0,0,0,1193,0,0,5,5,0,1188,0,0,45,45,0,1148,0,0,953,953,0,240,0,0,0.08812086383833964
targeting,hmda_oh,mlp,1009,full,property_value,1583,False,1222,1222,0,361,0,0,124,123,1,1459,1,2,22,22,0,1561,0,0,0,0,0,1583,0,0,31,31,0,1552,2,2,145,144,1,1438,1,2,1222,1222,0,361,0,0,0.04714084767087805
targeting,hmda_oh,mlp,1009,full,tract_minority_population_percent,1766,False,1232,1232,0,534,0,0,60,60,0,1706,3,3,79,79,0,1687,0,0,0,0,0,1766,0,0,79,79,0,1687,3,3,134,134,0,1632,3,3,1232,1232,0,534,0,0,0.018073954825613102
targeting,hmda_oh,mlp,1009,full,tract_to_msa_income_percentage,1672,False,1183,1183,0,489,0,0,64,64,0,1608,2,2,62,62,0,1610,0,0,0,0,0,1672,0,0,63,63,0,1609,2,2,121,121,0,1551,2,2,1183,1183,0,489,0,0,0.02311211986401804
signed_targeting,hmda_oh,mlp,1009,full,income,1654,True,1500,1500,0,154,0,0,88,88,0,1566,1,1,244,244,0,1410,0,0,874,845,29,780,0,29,874,844,30,780,0,30,888,858,30,766,0,30,1549,1520,29,105,0,29,0.03614415165825523
signed_targeting,hmda_oh,mlp,1009,full,debt_to_income_ratio,1666,True,1372,1372,0,294,0,0,127,127,0,1539,1,1,70,70,0,1596,0,0,297,290,7,1369,1,8,301,293,8,1365,1,9,389,381,8,1277,1,9,1414,1406,8,252,0,8,0.045840920472949444
signed_targeting,hmda_oh,mlp,1009,full,loan_to_value_ratio,1669,True,1431,1431,0,238,0,0,220,220,0,1449,2,2,41,41,0,1628,0,0,276,273,3,1393,2,5,291,287,4,1378,3,7,483,479,4,1186,3,7,1466,1462,4,203,1,5,0.1309576397978591
signed_targeting,hmda_oh,mlp,1009,full,linked_income_plus10k,675,True,312,312,0,363,0,0,17,17,0,658,0,0,8,8,0,667,0,0,77,73,4,598,0,4,77,73,4,598,0,4,92,88,4,583,0,4,341,337,4,334,0,4,0.01841387683819822
targeting,hmda_oh,mlp,1009,features,debt_to_income_ratio,1666,True,1372,1371,1,294,0,1,127,127,0,1539,1,1,70,70,0,1596,0,0,297,278,19,1369,7,26,301,282,19,1365,8,27,389,368,21,1277,6,27,1414,1389,25,252,2,27,0.04579489428256385
targeting,hmda_oh,mlp,1009,features,ffiec_msa_md_median_family_income,1628,False,1100,1100,0,528,0,0,58,58,0,1570,0,0,74,74,0,1554,0,0,0,0,0,1628,0,0,77,77,0,1551,0,0,129,129,0,1499,0,0,1100,1100,0,528,0,0,0.024201613726206377
targeting,hmda_oh,mlp,1009,features,income,1654,True,1500,1500,0,154,0,0,88,87,1,1566,0,1,244,244,0,1410,0,0,874,850,24,780,1,25,874,850,24,780,2,26,888,863,25,766,1,26,1549,1524,25,105,0,25,0.036695428704304686
targeting,hmda_oh,mlp,1009,features,lien_status,1486,False,1040,1040,0,446,0,0,78,78,0,1408,1,1,74,74,0,1412,0,0,0,0,0,1486,0,0,76,76,0,1410,1,1,146,146,0,1340,1,1,1040,1040,0,446,0,0,0.03351235412498526
targeting,hmda_oh,mlp,1009,features,loan_amount,1585,False,1409,1409,0,176,0,0,84,84,0,1501,0,0,178,178,0,1407,0,0,0,0,0,1585,0,0,182,182,0,1403,0,0,256,256,0,1329,0,0,1409,1409,0,176,0,0,0.035224083040684626
targeting,hmda_oh,mlp,1009,features,loan_purpose,1725,False,1291,1291,0,434,0,0,122,122,0,1603,2,2,13,13,0,1712,0,0,0,0,0,1725,0,0,20,20,0,1705,2,2,134,134,0,1591,2,2,1291,1291,0,434,0,0,0.058369718290853995
targeting,hmda_oh,mlp,1009,features,loan_to_value_ratio,1669,True,1431,1431,0,238,0,0,220,220,0,1449,1,1,41,41,0,1628,0,0,276,273,3,1393,3,6,291,288,3,1378,4,7,483,480,3,1186,4,7,1466,1461,5,203,1,6,0.1299357220343788
targeting,hmda_oh,mlp,1009,features,loan_type,1483,False,1259,1259,0,224,0,0,157,157,0,1326,0,0,69,69,0,1414,0,0,0,0,0,1483,0,0,76,76,0,1407,0,0,218,218,0,1265,0,0,1259,1259,0,224,0,0,0.0849631541009373
targeting,hmda_oh,mlp,1009,features,occupancy_type,1249,False,1028,1028,0,221,0,0,150,150,0,1099,1,1,13,13,0,1236,0,0,0,0,0,1249,0,0,23,23,0,1226,1,1,162,162,0,1087,1,1,1028,1028,0,221,0,0,0.11650175744956642
targeting,hmda_oh,mlp,1009,features,preapproval,1193,False,953,953,0,240,0,0,45,45,0,1148,0,0,0,0,0,1193,0,0,0,0,0,1193,0,0,5,5,0,1188,0,0,45,45,0,1148,0,0,953,953,0,240,0,0,0.0801703243174753
targeting,hmda_oh,mlp,1009,features,property_value,1583,False,1222,1222,0,361,0,0,124,124,0,1459,0,0,22,22,0,1561,0,0,0,0,0,1583,0,0,31,31,0,1552,0,0,145,145,0,1438,0,0,1222,1222,0,361,0,0,0.04340826595149784
targeting,hmda_oh,mlp,1009,features,tract_minority_population_percent,1766,False,1232,1232,0,534,0,0,60,60,0,1706,0,0,79,79,0,1687,0,0,0,0,0,1766,0,0,79,79,0,1687,0,0,134,134,0,1632,0,0,1232,1232,0,534,0,0,0.018169418391187308
targeting,hmda_oh,mlp,1009,features,tract_to_msa_income_percentage,1672,False,1183,1183,0,489,0,0,64,63,1,1608,3,4,62,62,0,1610,0,0,0,0,0,1672,0,0,63,62,1,1609,3,4,121,119,2,1551,2,4,1183,1183,0,489,0,0,0.022270844769062135
signed_targeting,hmda_oh,mlp,1009,features,income,1654,True,1500,1500,0,154,0,0,88,87,1,1566,0,1,244,244,0,1410,0,0,874,850,24,780,1,25,874,850,24,780,2,26,888,863,25,766,1,26,1549,1524,25,105,0,25,0.036695428704304686
signed_targeting,hmda_oh,mlp,1009,features,debt_to_income_ratio,1666,True,1372,1371,1,294,0,1,127,127,0,1539,1,1,70,70,0,1596,0,0,297,278,19,1369,7,26,301,282,19,1365,8,27,389,368,21,1277,6,27,1414,1389,25,252,2,27,0.04579489428256385
signed_targeting,hmda_oh,mlp,1009,features,loan_to_value_ratio,1669,True,1431,1431,0,238,0,0,220,220,0,1449,1,1,41,41,0,1628,0,0,276,273,3,1393,3,6,291,288,3,1378,4,7,483,480,3,1186,4,7,1466,1461,5,203,1,6,0.1299357220343788
signed_targeting,hmda_oh,mlp,1009,features,linked_income_plus10k,675,True,312,312,0,363,0,0,17,17,0,658,1,1,8,8,0,667,0,0,77,75,2,598,2,4,77,75,2,598,3,5,92,90,2,583,3,5,341,338,3,334,1,4,0.017338421455688705
targeting,hmda_oh,mlp,1009,contexts,debt_to_income_ratio,1666,True,1372,1370,2,294,0,2,127,127,0,1539,2,2,70,70,0,1596,0,0,297,294,3,1369,3,6,301,296,5,1365,3,8,389,383,6,1277,2,8,1414,1406,8,252,0,8,0.047962258392916464
targeting,hmda_oh,mlp,1009,contexts,ffiec_msa_md_median_family_income,1628,False,1100,1099,1,528,2,3,58,58,0,1570,2,2,74,74,0,1554,0,0,0,0,0,1628,0,0,77,77,0,1551,2,2,129,129,0,1499,2,2,1100,1099,1,528,2,3,0.022257459926661925
targeting,hmda_oh,mlp,1009,contexts,income,1654,True,1500,1499,1,154,0,1,88,88,0,1566,4,4,244,244,0,1410,0,0,874,854,20,780,1,21,874,851,23,780,2,25,888,865,23,766,2,25,1549,1527,22,105,0,22,0.03574935173498128
targeting,hmda_oh,mlp,1009,contexts,lien_status,1486,False,1040,1037,3,446,2,5,78,76,2,1408,1,3,74,74,0,1412,0,0,0,0,0,1486,0,0,76,76,0,1410,3,3,146,144,2,1340,1,3,1040,1037,3,446,2,5,0.03450009016097814
targeting,hmda_oh,mlp,1009,contexts,loan_amount,1585,False,1409,1401,8,176,0,8,84,84,0,1501,2,2,178,178,0,1407,0,0,0,0,0,1585,0,0,182,182,0,1403,2,2,256,256,0,1329,2,2,1409,1401,8,176,0,8,0.03594919979929598
targeting,hmda_oh,mlp,1009,contexts,loan_purpose,1725,False,1291,1286,5,434,0,5,122,122,0,1603,0,0,13,13,0,1712,0,0,0,0,0,1725,0,0,20,20,0,1705,0,0,134,134,0,1591,0,0,1291,1286,5,434,0,5,0.06424170486291615
targeting,hmda_oh,mlp,1009,contexts,loan_to_value_ratio,1669,True,1431,1418,13,238,1,14,220,219,1,1449,2,3,41,41,0,1628,0,0,276,275,1,1393,4,5,291,289,2,1378,6,8,483,480,3,1186,5,8,1466,1449,17,203,2,19,0.1355019691403922
targeting,hmda_oh,mlp,1009,contexts,loan_type,1483,False,1259,1258,1,224,0,1,157,157,0,1326,3,3,69,69,0,1414,0,0,0,0,0,1483,0,0,76,76,0,1407,3,3,218,218,0,1265,3,3,1259,1258,1,224,0,1,0.087465805026741
targeting,hmda_oh,mlp,1009,contexts,occupancy_type,1249,False,1028,1028,0,221,0,0,150,150,0,1099,1,1,13,13,0,1236,0,0,0,0,0,1249,0,0,23,23,0,1226,1,1,162,162,0,1087,1,1,1028,1028,0,221,0,0,0.12718130996686605
targeting,hmda_oh,mlp,1009,contexts,preapproval,1193,False,953,946,7,240,0,7,45,45,0,1148,2,2,0,0,0,1193,0,0,0,0,0,1193,0,0,5,5,0,1188,2,2,45,45,0,1148,2,2,953,946,7,240,0,7,0.0893950639659587
targeting,hmda_oh,mlp,1009,contexts,property_value,1583,False,1222,1216,6,361,1,7,124,124,0,1459,0,0,22,22,0,1561,0,0,0,0,0,1583,0,0,31,31,0,1552,0,0,145,145,0,1438,0,0,1222,1216,6,361,1,7,0.04898398749628408
targeting,hmda_oh,mlp,1009,contexts,tract_minority_population_percent,1766,False,1232,1232,0,534,1,1,60,60,0,1706,0,0,79,79,0,1687,0,0,0,0,0,1766,0,0,79,79,0,1687,0,0,134,134,0,1632,0,0,1232,1232,0,534,1,1,0.018476000057265612
targeting,hmda_oh,mlp,1009,contexts,tract_to_msa_income_percentage,1672,False,1183,1181,2,489,1,3,64,64,0,1608,0,0,62,62,0,1610,0,0,0,0,0,1672,0,0,63,63,0,1609,0,0,121,121,0,1551,0,0,1183,1181,2,489,1,3,0.023067617211839146
signed_targeting,hmda_oh,mlp,1009,contexts,income,1654,True,1500,1499,1,154,0,1,88,88,0,1566,4,4,244,244,0,1410,0,0,874,854,20,780,1,21,874,851,23,780,2,25,888,865,23,766,2,25,1549,1527,22,105,0,22,0.03574935173498128
signed_targeting,hmda_oh,mlp,1009,contexts,debt_to_income_ratio,1666,True,1372,1370,2,294,0,2,127,127,0,1539,2,2,70,70,0,1596,0,0,297,294,3,1369,3,6,301,296,5,1365,3,8,389,383,6,1277,2,8,1414,1406,8,252,0,8,0.047962258392916464
signed_targeting,hmda_oh,mlp,1009,contexts,loan_to_value_ratio,1669,True,1431,1418,13,238,1,14,220,219,1,1449,2,3,41,41,0,1628,0,0,276,275,1,1393,4,5,291,289,2,1378,6,8,483,480,3,1186,5,8,1466,1449,17,203,2,19,0.1355019691403922
signed_targeting,hmda_oh,mlp,1009,contexts,linked_income_plus10k,675,True,312,312,0,363,0,0,17,17,0,658,0,0,8,8,0,667,0,0,77,76,1,598,1,2,77,76,1,598,1,2,92,91,1,583,1,2,341,339,2,334,0,2,0.019278824356071547
targeting,hmda_oh,mlp,1009,population,debt_to_income_ratio,1666,True,1372,653,719,294,129,848,127,127,0,1539,3,3,70,68,2,1596,17,19,297,234,63,1369,23,86,301,238,63,1365,26,89,389,324,65,1277,24,89,1414,648,766,252,110,876,0.04425337744068325
targeting,hmda_oh,mlp,1009,population,ffiec_msa_md_median_family_income,1628,False,1100,672,428,528,176,604,58,56,2,1570,10,12,74,73,1,1554,4,5,0,0,0,1628,0,0,77,76,1,1551,15,16,129,126,3,1499,13,16,1100,672,428,528,176,604,0.034005346272080086
targeting,hmda_oh,mlp,1009,population,income,1654,True,1500,683,817,154,54,871,88,88,0,1566,10,10,244,235,9,1410,44,53,874,488,386,780,150,536,874,481,393,780,151,544,888,494,394,766,150,544,1549,483,1066,105,40,1106,0.03016277752652897
targeting,hmda_oh,mlp,1009,population,lien_status,1486,False,1040,621,419,446,141,560,78,73,5,1408,13,18,74,70,4,1412,21,25,0,0,0,1486,0,0,76,68,8,1410,34,42,146,132,14,1340,28,42,1040,621,419,446,141,560,0.033816647554006034
targeting,hmda_oh,mlp,1009,population,loan_amount,1585,False,1409,919,490,176,45,535,84,82,2,1501,9,11,178,177,1,1407,3,4,0,0,0,1585,0,0,182,177,5,1403,10,15,256,249,7,1329,8,15,1409,919,490,176,45,535,0.04241596102396072
targeting,hmda_oh,mlp,1009,population,loan_purpose,1725,False,1291,811,480,434,113,593,122,118,4,1603,17,21,13,13,0,1712,0,0,0,0,0,1725,0,0,20,20,0,1705,21,21,134,130,4,1591,17,21,1291,811,480,434,113,593,0.07014855755565315
targeting,hmda_oh,mlp,1009,population,loan_to_value_ratio,1669,True,1431,718,713,238,117,830,220,216,4,1449,15,19,41,41,0,1628,1,1,276,263,13,1393,0,13,291,276,15,1378,17,32,483,465,18,1186,14,32,1466,726,740,203,96,836,0.13768557807983342
targeting,hmda_oh,mlp,1009,population,loan_type,1483,False,1259,850,409,224,72,481,157,154,3,1326,11,14,69,69,0,1414,5,5,0,0,0,1483,0,0,76,73,3,1407,16,19,218,213,5,1265,14,19,1259,850,409,224,72,481,0.09782753057248426
targeting,hmda_oh,mlp,1009,population,occupancy_type,1249,False,1028,651,377,221,69,446,150,147,3,1099,10,13,13,13,0,1236,0,0,0,0,0,1249,0,0,23,23,0,1226,13,13,162,159,3,1087,10,13,1028,651,377,221,69,446,0.13726706369165453
targeting,hmda_oh,mlp,1009,population,preapproval,1193,False,953,632,321,240,61,382,45,45,0,1148,6,6,0,0,0,1193,0,0,0,0,0,1193,0,0,5,5,0,1188,6,6,45,45,0,1148,6,6,953,632,321,240,61,382,0.0846098918489935
targeting,hmda_oh,mlp,1009,population,property_value,1583,False,1222,277,945,361,235,1180,124,122,2,1459,5,7,22,21,1,1561,14,15,0,0,0,1583,0,0,31,30,1,1552,20,21,145,141,4,1438,17,21,1222,277,945,361,235,1180,0.04280996290181449
targeting,hmda_oh,mlp,1009,population,tract_minority_population_percent,1766,False,1232,792,440,534,137,577,60,58,2,1706,13,15,79,78,1,1687,2,3,0,0,0,1766,0,0,79,77,2,1687,16,18,134,130,4,1632,14,18,1232,792,440,534,137,577,0.019012171303163503
targeting,hmda_oh,mlp,1009,population,tract_to_msa_income_percentage,1672,False,1183,747,436,489,150,586,64,62,2,1608,14,16,62,61,1,1610,5,6,0,0,0,1672,0,0,63,59,4,1609,18,22,121,115,6,1551,16,22,1183,747,436,489,150,586,0.027882712009932663
signed_targeting,hmda_oh,mlp,1009,population,income,1654,True,1500,683,817,154,54,871,88,88,0,1566,10,10,244,235,9,1410,44,53,874,488,386,780,150,536,874,481,393,780,151,544,888,494,394,766,150,544,1549,483,1066,105,40,1106,0.03016277752652897
signed_targeting,hmda_oh,mlp,1009,population,debt_to_income_ratio,1666,True,1372,653,719,294,129,848,127,127,0,1539,3,3,70,68,2,1596,17,19,297,234,63,1369,23,86,301,238,63,1365,26,89,389,324,65,1277,24,89,1414,648,766,252,110,876,0.04425337744068325
signed_targeting,hmda_oh,mlp,1009,population,loan_to_value_ratio,1669,True,1431,718,713,238,117,830,220,216,4,1449,15,19,41,41,0,1628,1,1,276,263,13,1393,0,13,291,276,15,1378,17,32,483,465,18,1186,14,32,1466,726,740,203,96,836,0.13768557807983342
signed_targeting,hmda_oh,mlp,1009,population,linked_income_plus10k,675,True,312,253,59,363,56,115,17,17,0,658,3,3,8,8,0,667,0,0,77,55,22,598,6,28,77,54,23,598,8,31,92,69,23,583,8,31,341,260,81,334,55,136,0.01753376806573936
targeting,hmda_oh,mlp,1009,task,debt_to_income_ratio,1666,True,1372,0,1372,294,0,1372,127,0,127,1539,0,127,70,0,70,1596,0,70,297,0,297,1369,0,297,301,0,301,1365,88,389,389,0,389,1277,0,389,1414,0,1414,252,0,1414,1.2129007448929073e-17
targeting,hmda_oh,mlp,1009,task,ffiec_msa_md_median_family_income,1628,False,1100,0,1100,528,0,1100,58,0,58,1570,0,58,74,0,74,1554,0,74,0,0,0,1628,0,0,77,0,77,1551,52,129,129,0,129,1499,0,129,1100,0,1100,528,0,1100,1.2235234835935927e-18
targeting,hmda_oh,mlp,1009,task,income,1654,True,1500,0,1500,154,0,1500,88,0,88,1566,0,88,244,0,244,1410,0,244,874,0,874,780,0,874,874,0,874,780,14,888,888,0,888,766,0,888,1549,0,1549,105,0,1549,1.6126360185249176e-18
targeting,hmda_oh,mlp,1009,task,lien_status,1486,False,1040,0,1040,446,0,1040,78,0,78,1408,0,78,74,0,74,1412,0,74,0,0,0,1486,0,0,76,0,76,1410,70,146,146,0,146,1340,0,146,1040,0,1040,446,0,1040,1.4236172805879652e-18
targeting,hmda_oh,mlp,1009,task,loan_amount,1585,False,1409,0,1409,176,0,1409,84,0,84,1501,0,84,178,0,178,1407,0,178,0,0,0,1585,0,0,182,0,182,1403,74,256,256,0,256,1329,0,256,1409,0,1409,176,0,1409,3.2620462587690054e-18
targeting,hmda_oh,mlp,1009,task,loan_purpose,1725,False,1291,0,1291,434,0,1291,122,0,122,1603,0,122,13,0,13,1712,0,13,0,0,0,1725,0,0,20,0,20,1705,114,134,134,0,134,1591,0,134,1291,0,1291,434,0,1291,2.3244941033902535e-17
targeting,hmda_oh,mlp,1009,task,loan_to_value_ratio,1669,True,1431,0,1431,238,0,1431,220,0,220,1449,0,220,41,0,41,1628,0,41,276,0,276,1393,0,276,291,0,291,1378,192,483,483,0,483,1186,0,483,1466,0,1466,203,0,1466,1.98383662702818e-17
targeting,hmda_oh,mlp,1009,task,loan_type,1483,False,1259,0,1259,224,0,1259,157,0,157,1326,0,157,69,0,69,1414,0,69,0,0,0,1483,0,0,76,0,76,1407,142,218,218,0,218,1265,0,218,1259,0,1259,224,0,1259,1.419787601831241e-17
targeting,hmda_oh,mlp,1009,task,occupancy_type,1249,False,1028,0,1028,221,0,1028,150,0,150,1099,0,150,13,0,13,1236,0,13,0,0,0,1249,0,0,23,0,23,1226,139,162,162,0,162,1087,0,162,1028,0,1028,221,0,1028,1.9278225738706424e-17
targeting,hmda_oh,mlp,1009,task,preapproval,1193,False,953,0,953,240,0,953,45,0,45,1148,0,45,0,0,0,1193,0,0,0,0,0,1193,0,0,5,0,5,1188,40,45,45,0,45,1148,0,45,953,0,953,240,0,953,2.823787745379996e-17
targeting,hmda_oh,mlp,1009,task,property_value,1583,False,1222,0,1222,361,0,1222,124,0,124,1459,0,124,22,0,22,1561,0,22,0,0,0,1583,0,0,31,0,31,1552,114,145,145,0,145,1438,0,145,1222,0,1222,361,0,1222,1.9222500425128342e-18
targeting,hmda_oh,mlp,1009,task,tract_minority_population_percent,1766,False,1232,0,1232,534,0,1232,60,0,60,1706,0,60,79,0,79,1687,0,79,0,0,0,1766,0,0,79,0,79,1687,55,134,134,0,134,1632,0,134,1232,0,1232,534,0,1232,1.0485174322387774e-18
targeting,hmda_oh,mlp,1009,task,tract_to_msa_income_percentage,1672,False,1183,0,1183,489,0,1183,64,0,64,1608,0,64,62,0,62,1610,0,62,0,0,0,1672,0,0,63,0,63,1609,58,121,121,0,121,1551,0,121,1183,0,1183,489,0,1183,9.019401356246412e-19
signed_targeting,hmda_oh,mlp,1009,task,income,1654,True,1500,0,1500,154,0,1500,88,0,88,1566,0,88,244,0,244,1410,0,244,874,0,874,780,0,874,874,0,874,780,14,888,888,0,888,766,0,888,1549,0,1549,105,0,1549,1.6126360185249176e-18
signed_targeting,hmda_oh,mlp,1009,task,debt_to_income_ratio,1666,True,1372,0,1372,294,0,1372,127,0,127,1539,0,127,70,0,70,1596,0,70,297,0,297,1369,0,297,301,0,301,1365,88,389,389,0,389,1277,0,389,1414,0,1414,252,0,1414,1.2129007448929073e-17
signed_targeting,hmda_oh,mlp,1009,task,loan_to_value_ratio,1669,True,1431,0,1431,238,0,1431,220,0,220,1449,0,220,41,0,41,1628,0,41,276,0,276,1393,0,276,291,0,291,1378,192,483,483,0,483,1186,0,483,1466,0,1466,203,0,1466,1.98383662702818e-17
signed_targeting,hmda_oh,mlp,1009,task,linked_income_plus10k,675,True,312,0,312,363,0,312,17,0,17,658,0,17,8,0,8,667,0,8,77,0,77,598,0,77,77,0,77,598,15,92,92,0,92,583,0,92,341,0,341,334,0,341,6.013708050052931e-19
targeting,hmda_oh,mlp,1009,augmentation,debt_to_income_ratio,1666,True,1372,510,862,294,160,1022,127,119,8,1539,13,21,70,67,3,1596,11,14,297,103,194,1369,51,245,301,106,195,1365,65,260,389,187,202,1277,58,260,1414,408,1006,252,138,1144,0.037958761844697556
targeting,hmda_oh,mlp,1009,augmentation,ffiec_msa_md_median_family_income,1628,False,1100,579,521,528,198,719,58,52,6,1570,10,16,74,71,3,1554,15,18,0,0,0,1628,0,0,77,72,5,1551,27,32,129,117,12,1499,20,32,1100,579,521,528,198,719,0.02497081019042688
targeting,hmda_oh,mlp,1009,augmentation,income,1654,True,1500,389,1111,154,70,1181,88,79,9,1566,13,22,244,211,33,1410,35,68,874,257,617,780,164,781,874,255,619,780,166,785,888,265,623,766,162,785,1549,294,1255,105,52,1307,0.022610149796420963
targeting,hmda_oh,mlp,1009,augmentation,lien_status,1486,False,1040,525,515,446,196,711,78,69,9,1408,12,21,74,71,3,1412,12,15,0,0,0,1486,0,0,76,71,5,1410,30,35,146,132,14,1340,21,35,1040,525,515,446,196,711,0.03211427916103583
targeting,hmda_oh,mlp,1009,augmentation,loan_amount,1585,False,1409,764,645,176,60,705,84,79,5,1501,14,19,178,177,1,1407,10,11,0,0,0,1585,0,0,182,177,5,1403,25,30,256,246,10,1329,20,30,1409,764,645,176,60,705,0.03726804017200822
targeting,hmda_oh,mlp,1009,augmentation,loan_purpose,1725,False,1291,680,611,434,179,790,122,115,7,1603,17,24,13,13,0,1712,0,0,0,0,0,1725,0,0,20,20,0,1705,24,24,134,127,7,1591,17,24,1291,680,611,434,179,790,0.05444306383097532
targeting,hmda_oh,mlp,1009,augmentation,loan_to_value_ratio,1669,True,1431,660,771,238,114,885,220,208,12,1449,32,44,41,41,0,1628,0,0,276,206,70,1393,0,70,291,218,73,1378,40,113,483,400,83,1186,30,113,1466,650,816,203,101,917,0.08628114838616477
targeting,hmda_oh,mlp,1009,augmentation,loan_type,1483,False,1259,505,754,224,98,852,157,153,4,1326,16,20,69,64,5,1414,18,23,0,0,0,1483,0,0,76,69,7,1407,36,43,218,205,13,1265,30,43,1259,505,754,224,98,852,0.06394363857033106
targeting,hmda_oh,mlp,1009,augmentation,occupancy_type,1249,False,1028,305,723,221,137,860,150,135,15,1099,25,40,13,13,0,1236,1,1,0,0,0,1249,0,0,23,23,0,1226,41,41,162,147,15,1087,26,41,1028,305,723,221,137,860,0.07741034680217972
targeting,hmda_oh,mlp,1009,augmentation,preapproval,1193,False,953,364,589,240,150,739,45,43,2,1148,7,9,0,0,0,1193,0,0,0,0,0,1193,0,0,5,5,0,1188,9,9,45,43,2,1148,7,9,953,364,589,240,150,739,0.058247346827192216
targeting,hmda_oh,mlp,1009,augmentation,property_value,1583,False,1222,383,839,361,205,1044,124,114,10,1459,9,19,22,22,0,1561,6,6,0,0,0,1583,0,0,31,30,1,1552,24,25,145,133,12,1438,13,25,1222,383,839,361,205,1044,0.03502729872933419
targeting,hmda_oh,mlp,1009,augmentation,tract_minority_population_percent,1766,False,1232,698,534,534,187,721,60,55,5,1706,16,21,79,75,4,1687,19,23,0,0,0,1766,0,0,79,72,7,1687,35,42,134,123,11,1632,31,42,1232,698,534,534,187,721,0.019030009209775926
targeting,hmda_oh,mlp,1009,augmentation,tract_to_msa_income_percentage,1672,False,1183,717,466,489,194,660,64,58,6,1608,15,21,62,62,0,1610,8,8,0,0,0,1672,0,0,63,60,3,1609,25,28,121,112,9,1551,19,28,1183,717,466,489,194,660,0.02248808740333111
signed_targeting,hmda_oh,mlp,1009,augmentation,income,1654,True,1500,389,1111,154,70,1181,88,79,9,1566,13,22,244,211,33,1410,35,68,874,257,617,780,164,781,874,255,619,780,166,785,888,265,623,766,162,785,1549,294,1255,105,52,1307,0.022610149796420963
signed_targeting,hmda_oh,mlp,1009,augmentation,debt_to_income_ratio,1666,True,1372,510,862,294,160,1022,127,119,8,1539,13,21,70,67,3,1596,11,14,297,103,194,1369,51,245,301,106,195,1365,65,260,389,187,202,1277,58,260,1414,408,1006,252,138,1144,0.037958761844697556
signed_targeting,hmda_oh,mlp,1009,augmentation,loan_to_value_ratio,1669,True,1431,660,771,238,114,885,220,208,12,1449,32,44,41,41,0,1628,0,0,276,206,70,1393,0,70,291,218,73,1378,40,113,483,400,83,1186,30,113,1466,650,816,203,101,917,0.08628114838616477
signed_targeting,hmda_oh,mlp,1009,augmentation,linked_income_plus10k,675,True,312,189,123,363,101,224,17,17,0,658,4,4,8,8,0,667,1,1,77,32,45,598,10,55,77,32,45,598,14,59,92,47,45,583,14,59,341,176,165,334,96,261,0.014840879836372467
targeting,acs_income,mlp,1000,full,work_class,1789,False,837,837,0,952,0,0,64,60,4,1725,6,10,50,50,0,1739,0,0,0,0,0,1789,0,0,50,50,0,1739,10,10,113,109,4,1676,6,10,837,837,0,952,0,0,0.02619443188743978
targeting,acs_income,mlp,1000,full,household,1850,False,1029,1028,1,821,0,1,170,167,3,1680,8,11,33,33,0,1817,0,0,0,0,0,1850,0,0,34,34,0,1816,11,11,202,199,3,1648,8,11,1029,1028,1,821,0,1,0.016851556156231417
targeting,acs_income,mlp,1000,full,occupation,1887,False,1032,1032,0,855,0,0,419,407,12,1468,10,22,0,0,0,1887,0,0,0,0,0,1887,0,0,1,0,1,1886,21,22,419,407,12,1468,10,22,1032,1032,0,855,0,0,0.02941551830925165
targeting,acs_income,mlp,1000,full,education,1847,True,1667,1663,4,180,0,4,320,313,7,1527,7,14,0,0,0,1847,0,0,0,0,0,1847,0,0,14,14,0,1833,14,14,320,313,7,1527,7,14,1667,1663,4,180,0,4,0.04541279651944287
targeting,acs_income,mlp,1000,full,hours,1800,True,1292,1282,10,508,2,12,332,327,5,1468,6,11,4,4,0,1796,0,0,6,5,1,1794,1,2,14,13,1,1786,12,13,338,332,6,1462,7,13,1293,1281,12,507,2,14,0.042144508390592236
signed_targeting,acs_income,mlp,1000,full,education,1847,True,1667,1663,4,180,0,4,320,313,7,1527,7,14,0,0,0,1847,0,0,0,0,0,1847,0,0,14,14,0,1833,14,14,320,313,7,1527,7,14,1667,1663,4,180,0,4,0.04541279651944287
signed_targeting,acs_income,mlp,1000,full,hours,1800,True,1292,1282,10,508,2,12,332,327,5,1468,6,11,4,4,0,1796,0,0,6,5,1,1794,1,2,14,13,1,1786,12,13,338,332,6,1462,7,13,1293,1281,12,507,2,14,0.042144508390592236
targeting,acs_income,mlp,1000,features,work_class,1789,False,837,837,0,952,0,0,64,63,1,1725,16,17,50,50,0,1739,0,0,0,0,0,1789,0,0,50,50,0,1739,17,17,113,112,1,1676,16,17,837,837,0,952,0,0,0.027266594201883786
targeting,acs_income,mlp,1000,features,household,1850,False,1029,1028,1,821,0,1,170,162,8,1680,9,17,33,33,0,1817,0,0,0,0,0,1850,0,0,34,34,0,1816,17,17,202,194,8,1648,9,17,1029,1028,1,821,0,1,0.017109018080555753
targeting,acs_income,mlp,1000,features,occupation,1887,False,1032,1025,7,855,2,9,419,414,5,1468,9,14,0,0,0,1887,0,0,0,0,0,1887,0,0,1,1,0,1886,14,14,419,414,5,1468,9,14,1032,1025,7,855,2,9,0.03648562804773475
targeting,acs_income,mlp,1000,features,education,1847,True,1667,1666,1,180,0,1,320,314,6,1527,5,11,0,0,0,1847,0,0,0,0,0,1847,0,0,14,14,0,1833,11,11,320,314,6,1527,5,11,1667,1666,1,180,0,1,0.04642762947505495
targeting,acs_income,mlp,1000,features,hours,1800,True,1292,1279,13,508,3,16,332,326,6,1468,5,11,4,4,0,1796,0,0,6,5,1,1794,2,3,14,13,1,1786,13,14,338,331,7,1462,7,14,1293,1277,16,507,3,19,0.04375522233972757
signed_targeting,acs_income,mlp,1000,features,education,1847,True,1667,1666,1,180,0,1,320,314,6,1527,5,11,0,0,0,1847,0,0,0,0,0,1847,0,0,14,14,0,1833,11,11,320,314,6,1527,5,11,1667,1666,1,180,0,1,0.04642762947505495
signed_targeting,acs_income,mlp,1000,features,hours,1800,True,1292,1279,13,508,3,16,332,326,6,1468,5,11,4,4,0,1796,0,0,6,5,1,1794,2,3,14,13,1,1786,13,14,338,331,7,1462,7,14,1293,1277,16,507,3,19,0.04375522233972757
targeting,acs_income,mlp,1000,contexts,work_class,1789,False,837,826,11,952,12,23,64,58,6,1725,8,14,50,50,0,1739,0,0,0,0,0,1789,0,0,50,50,0,1739,14,14,113,107,6,1676,8,14,837,826,11,952,12,23,0.02180800705257168
targeting,acs_income,mlp,1000,contexts,household,1850,False,1029,993,36,821,25,61,170,164,6,1680,17,23,33,33,0,1817,0,0,0,0,0,1850,0,0,34,33,1,1816,22,23,202,195,7,1648,16,23,1029,993,36,821,25,61,0.01722983239495189
targeting,acs_income,mlp,1000,contexts,occupation,1887,False,1032,967,65,855,34,99,419,405,14,1468,12,26,0,0,0,1887,0,0,0,0,0,1887,0,0,1,1,0,1886,26,26,419,405,14,1468,12,26,1032,967,65,855,34,99,0.039263783257291
targeting,acs_income,mlp,1000,contexts,education,1847,True,1667,1615,52,180,1,53,320,316,4,1527,6,10,0,0,0,1847,0,0,0,0,0,1847,0,0,14,14,0,1833,10,10,320,316,4,1527,6,10,1667,1615,52,180,1,53,0.047138264436834526
targeting,acs_income,mlp,1000,contexts,hours,1800,True,1292,1207,85,508,39,124,332,327,5,1468,5,10,4,4,0,1796,0,0,6,6,0,1794,3,3,14,14,0,1786,13,13,338,333,5,1462,8,13,1293,1205,88,507,39,127,0.04238515998456762
signed_targeting,acs_income,mlp,1000,contexts,education,1847,True,1667,1615,52,180,1,53,320,316,4,1527,6,10,0,0,0,1847,0,0,0,0,0,1847,0,0,14,14,0,1833,10,10,320,316,4,1527,6,10,1667,1615,52,180,1,53,0.047138264436834526
signed_targeting,acs_income,mlp,1000,contexts,hours,1800,True,1292,1207,85,508,39,124,332,327,5,1468,5,10,4,4,0,1796,0,0,6,6,0,1794,3,3,14,14,0,1786,13,13,338,333,5,1462,8,13,1293,1205,88,507,39,127,0.04238515998456762
targeting,acs_income,mlp,1000,population,work_class,1789,False,837,734,103,952,88,191,64,57,7,1725,20,27,50,50,0,1739,9,9,0,0,0,1789,0,0,50,49,1,1739,35,36,113,104,9,1676,27,36,837,734,103,952,88,191,0.011975344573598593
targeting,acs_income,mlp,1000,population,household,1850,False,1029,899,130,821,93,223,170,158,12,1680,20,32,33,33,0,1817,0,0,0,0,0,1850,0,0,34,33,1,1816,31,32,202,189,13,1648,19,32,1029,899,130,821,93,223,0.015369043549842172
targeting,acs_income,mlp,1000,population,occupation,1887,False,1032,654,378,855,218,596,419,407,12,1468,26,38,0,0,0,1887,0,0,0,0,0,1887,0,0,1,1,0,1886,38,38,419,407,12,1468,26,38,1032,654,378,855,218,596,0.030784005090333827
targeting,acs_income,mlp,1000,population,education,1847,True,1667,1391,276,180,10,286,320,310,10,1527,16,26,0,0,0,1847,0,0,0,0,0,1847,0,0,14,13,1,1833,25,26,320,310,10,1527,16,26,1667,1391,276,180,10,286,0.03945501331107411
targeting,acs_income,mlp,1000,population,hours,1800,True,1292,942,350,508,54,404,332,323,9,1468,14,23,4,4,0,1796,0,0,6,6,0,1794,0,0,14,13,1,1786,22,23,338,328,10,1462,13,23,1293,943,350,507,54,404,0.049320165740413716
signed_targeting,acs_income,mlp,1000,population,education,1847,True,1667,1391,276,180,10,286,320,310,10,1527,16,26,0,0,0,1847,0,0,0,0,0,1847,0,0,14,13,1,1833,25,26,320,310,10,1527,16,26,1667,1391,276,180,10,286,0.03945501331107411
signed_targeting,acs_income,mlp,1000,population,hours,1800,True,1292,942,350,508,54,404,332,323,9,1468,14,23,4,4,0,1796,0,0,6,6,0,1794,0,0,14,13,1,1786,22,23,338,328,10,1462,13,23,1293,943,350,507,54,404,0.049320165740413716
targeting,acs_income,mlp,1000,task,work_class,1789,False,837,0,837,952,0,837,64,0,64,1725,0,64,50,0,50,1739,0,50,0,0,0,1789,0,0,50,0,50,1739,63,113,113,0,113,1676,0,113,837,0,837,952,0,837,2.2853772749972015e-18
targeting,acs_income,mlp,1000,task,household,1850,False,1029,0,1029,821,0,1029,170,0,170,1680,0,170,33,0,33,1817,0,33,0,0,0,1850,0,0,34,0,34,1816,168,202,202,0,202,1648,0,202,1029,0,1029,821,0,1029,3.662024699996174e-18
targeting,acs_income,mlp,1000,task,occupation,1887,False,1032,0,1032,855,0,1032,419,0,419,1468,0,419,0,0,0,1887,0,0,0,0,0,1887,0,0,1,0,1,1886,418,419,419,0,419,1468,0,419,1032,0,1032,855,0,1032,2.1387166257063953e-17
targeting,acs_income,mlp,1000,task,education,1847,True,1667,0,1667,180,0,1667,320,0,320,1527,0,320,0,0,0,1847,0,0,0,0,0,1847,0,0,14,0,14,1833,306,320,320,0,320,1527,0,320,1667,0,1667,180,0,1667,2.2110599519641733e-17
targeting,acs_income,mlp,1000,task,hours,1800,True,1292,0,1292,508,0,1292,332,0,332,1468,0,332,4,0,4,1796,0,4,6,0,6,1794,0,6,14,0,14,1786,324,338,338,0,338,1462,0,338,1293,0,1293,507,0,1293,1.7321515074898554e-17
signed_targeting,acs_income,mlp,1000,task,education,1847,True,1667,0,1667,180,0,1667,320,0,320,1527,0,320,0,0,0,1847,0,0,0,0,0,1847,0,0,14,0,14,1833,306,320,320,0,320,1527,0,320,1667,0,1667,180,0,1667,2.2110599519641733e-17
signed_targeting,acs_income,mlp,1000,task,hours,1800,True,1292,0,1292,508,0,1292,332,0,332,1468,0,332,4,0,4,1796,0,4,6,0,6,1794,0,6,14,0,14,1786,324,338,338,0,338,1462,0,338,1293,0,1293,507,0,1293,1.7321515074898554e-17
targeting,acs_income,mlp,1000,augmentation,work_class,1789,False,837,331,506,952,482,988,64,49,15,1725,108,123,50,49,1,1739,24,25,0,0,0,1789,0,0,50,46,4,1739,143,147,113,91,22,1676,125,147,837,331,506,952,482,988,0.04829429147030938
targeting,acs_income,mlp,1000,augmentation,household,1850,False,1029,394,635,821,468,1103,170,135,35,1680,99,134,33,33,0,1817,15,15,0,0,0,1850,0,0,34,33,1,1816,146,147,202,164,38,1648,109,147,1029,394,635,821,468,1103,0.06463112734018764
targeting,acs_income,mlp,1000,augmentation,occupation,1887,False,1032,314,718,855,508,1226,419,326,93,1468,114,207,0,0,0,1887,1,1,0,0,0,1887,0,0,1,1,0,1886,208,208,419,326,93,1468,115,208,1032,314,718,855,508,1226,0.10631204649514173
targeting,acs_income,mlp,1000,augmentation,education,1847,True,1667,321,1346,180,97,1443,320,258,62,1527,116,178,0,0,0,1847,0,0,0,0,0,1847,0,0,14,12,2,1833,176,178,320,258,62,1527,116,178,1667,321,1346,180,97,1443,0.09821607373136307
targeting,acs_income,mlp,1000,augmentation,hours,1800,True,1292,262,1030,508,300,1330,332,266,66,1468,111,177,4,4,0,1796,4,4,6,2,4,1794,55,59,14,10,4,1786,226,230,338,256,82,1462,148,230,1293,248,1045,507,302,1347,0.12563615507451076
signed_targeting,acs_income,mlp,1000,augmentation,education,1847,True,1667,321,1346,180,97,1443,320,258,62,1527,116,178,0,0,0,1847,0,0,0,0,0,1847,0,0,14,12,2,1833,176,178,320,258,62,1527,116,178,1667,321,1346,180,97,1443,0.09821607373136307
signed_targeting,acs_income,mlp,1000,augmentation,hours,1800,True,1292,262,1030,508,300,1330,332,266,66,1468,111,177,4,4,0,1796,4,4,6,2,4,1794,55,59,14,10,4,1786,226,230,338,256,82,1462,148,230,1293,248,1045,507,302,1347,0.12563615507451076
targeting,acs_income,mlp,1001,full,work_class,1789,False,896,896,0,893,0,0,38,38,0,1751,1,1,105,105,0,1684,0,0,0,0,0,1789,0,0,105,105,0,1684,1,1,140,140,0,1649,1,1,896,896,0,893,0,0,0.026533691095887508
targeting,acs_income,mlp,1001,full,household,1850,False,1375,1375,0,475,0,0,160,159,1,1690,1,2,78,78,0,1772,0,0,0,0,0,1850,0,0,78,78,0,1772,2,2,233,232,1,1617,1,2,1375,1375,0,475,0,0,0.03160348090391829
targeting,acs_income,mlp,1001,full,occupation,1887,False,1062,1062,0,825,0,0,436,432,4,1451,5,9,0,0,0,1887,0,0,0,0,0,1887,0,0,1,1,0,1886,9,9,436,432,4,1451,5,9,1062,1062,0,825,0,0,0.07509225809570635
targeting,acs_income,mlp,1001,full,education,1847,True,1343,1343,0,504,0,0,284,283,1,1563,2,3,0,0,0,1847,0,0,0,0,0,1847,0,0,3,3,0,1844,3,3,284,283,1,1563,2,3,1343,1343,0,504,0,0,0.061785345456123554
targeting,acs_income,mlp,1001,full,hours,1800,True,1183,1183,0,617,0,0,316,315,1,1484,9,10,3,3,0,1797,0,0,5,4,1,1795,3,4,8,7,1,1792,13,14,321,318,3,1479,11,14,1183,1180,3,617,1,4,0.0741371202527054
signed_targeting,acs_income,mlp,1001,full,education,1847,True,1343,1343,0,504,0,0,284,283,1,1563,2,3,0,0,0,1847,0,0,0,0,0,1847,0,0,3,3,0,1844,3,3,284,283,1,1563,2,3,1343,1343,0,504,0,0,0.061785345456123554
signed_targeting,acs_income,mlp,1001,full,hours,1800,True,1183,1183,0,617,0,0,316,315,1,1484,9,10,3,3,0,1797,0,0,5,4,1,1795,3,4,8,7,1,1792,13,14,321,318,3,1479,11,14,1183,1180,3,617,1,4,0.0741371202527054
targeting,acs_income,mlp,1001,features,work_class,1789,False,896,896,0,893,0,0,38,37,1,1751,12,13,105,105,0,1684,0,0,0,0,0,1789,0,0,105,102,3,1684,10,13,140,137,3,1649,10,13,896,896,0,893,0,0,0.030387758681099556
targeting,acs_income,mlp,1001,features,household,1850,False,1375,1373,2,475,0,2,160,158,2,1690,5,7,78,78,0,1772,0,0,0,0,0,1850,0,0,78,77,1,1772,6,7,233,230,3,1617,4,7,1375,1373,2,475,0,2,0.04572499301860715
targeting,acs_income,mlp,1001,features,occupation,1887,False,1062,1062,0,825,1,1,436,435,1,1451,3,4,0,0,0,1887,0,0,0,0,0,1887,0,0,1,1,0,1886,4,4,436,435,1,1451,3,4,1062,1062,0,825,1,1,0.07637040590739563
targeting,acs_income,mlp,1001,features,education,1847,True,1343,1343,0,504,0,0,284,283,1,1563,4,5,0,0,0,1847,0,0,0,0,0,1847,0,0,3,3,0,1844,5,5,284,283,1,1563,4,5,1343,1343,0,504,0,0,0.08297636013964052
targeting,acs_income,mlp,1001,features,hours,1800,True,1183,1134,49,617,31,80,316,315,1,1484,2,3,3,3,0,1797,0,0,5,3,2,1795,22,24,8,5,3,1792,24,27,321,314,7,1479,20,27,1183,1117,66,617,38,104,0.1098567201885849
signed_targeting,acs_income,mlp,1001,features,education,1847,True,1343,1343,0,504,0,0,284,283,1,1563,4,5,0,0,0,1847,0,0,0,0,0,1847,0,0,3,3,0,1844,5,5,284,283,1,1563,4,5,1343,1343,0,504,0,0,0.08297636013964052
signed_targeting,acs_income,mlp,1001,features,hours,1800,True,1183,1134,49,617,31,80,316,315,1,1484,2,3,3,3,0,1797,0,0,5,3,2,1795,22,24,8,5,3,1792,24,27,321,314,7,1479,20,27,1183,1117,66,617,38,104,0.1098567201885849
targeting,acs_income,mlp,1001,contexts,work_class,1789,False,896,893,3,893,3,6,38,36,2,1751,16,18,105,105,0,1684,0,0,0,0,0,1789,0,0,105,104,1,1684,17,18,140,137,3,1649,15,18,896,893,3,893,3,6,0.008619450613505558
targeting,acs_income,mlp,1001,contexts,household,1850,False,1375,1365,10,475,1,11,160,148,12,1690,19,31,78,78,0,1772,1,1,0,0,0,1850,0,0,78,77,1,1772,31,32,233,220,13,1617,19,32,1375,1365,10,475,1,11,0.013882136223075379
targeting,acs_income,mlp,1001,contexts,occupation,1887,False,1062,999,63,825,28,91,436,405,31,1451,19,50,0,0,0,1887,0,0,0,0,0,1887,0,0,1,1,0,1886,50,50,436,405,31,1451,19,50,1062,999,63,825,28,91,0.047308310381178185
targeting,acs_income,mlp,1001,contexts,education,1847,True,1343,1245,98,504,13,111,284,278,6,1563,16,22,0,0,0,1847,0,0,0,0,0,1847,0,0,3,3,0,1844,22,22,284,278,6,1563,16,22,1343,1245,98,504,13,111,0.03556462809104081
targeting,acs_income,mlp,1001,contexts,hours,1800,True,1183,947,236,617,53,289,316,307,9,1484,15,24,3,3,0,1797,0,0,5,5,0,1795,0,0,8,8,0,1792,24,24,321,312,9,1479,15,24,1183,947,236,617,53,289,0.048221237587310097
signed_targeting,acs_income,mlp,1001,contexts,education,1847,True,1343,1245,98,504,13,111,284,278,6,1563,16,22,0,0,0,1847,0,0,0,0,0,1847,0,0,3,3,0,1844,22,22,284,278,6,1563,16,22,1343,1245,98,504,13,111,0.03556462809104081
signed_targeting,acs_income,mlp,1001,contexts,hours,1800,True,1183,947,236,617,53,289,316,307,9,1484,15,24,3,3,0,1797,0,0,5,5,0,1795,0,0,8,8,0,1792,24,24,321,312,9,1479,15,24,1183,947,236,617,53,289,0.048221237587310097
targeting,acs_income,mlp,1001,population,work_class,1789,False,896,873,23,893,10,33,38,30,8,1751,78,86,105,105,0,1684,0,0,0,0,0,1789,0,0,105,84,21,1684,65,86,140,112,28,1649,58,86,896,873,23,893,10,33,0.020935223253436466
targeting,acs_income,mlp,1001,population,household,1850,False,1375,1358,17,475,1,18,160,132,28,1690,70,98,78,78,0,1772,0,0,0,0,0,1850,0,0,78,73,5,1772,93,98,233,201,32,1617,66,98,1375,1358,17,475,1,18,0.012791881735827399
targeting,acs_income,mlp,1001,population,occupation,1887,False,1062,734,328,825,163,491,436,395,41,1451,48,89,0,0,0,1887,0,0,0,0,0,1887,0,0,1,1,0,1886,89,89,436,395,41,1451,48,89,1062,734,328,825,163,491,0.030082337185188976
targeting,acs_income,mlp,1001,population,education,1847,True,1343,932,411,504,35,446,284,262,22,1563,62,84,0,0,0,1847,0,0,0,0,0,1847,0,0,3,3,0,1844,84,84,284,262,22,1563,62,84,1343,932,411,504,35,446,0.044671834116315874
targeting,acs_income,mlp,1001,population,hours,1800,True,1183,658,525,617,108,633,316,286,30,1484,50,80,3,3,0,1797,0,0,5,5,0,1795,0,0,8,7,1,1792,79,80,321,291,30,1479,50,80,1183,658,525,617,108,633,0.042044696649305484
signed_targeting,acs_income,mlp,1001,population,education,1847,True,1343,932,411,504,35,446,284,262,22,1563,62,84,0,0,0,1847,0,0,0,0,0,1847,0,0,3,3,0,1844,84,84,284,262,22,1563,62,84,1343,932,411,504,35,446,0.044671834116315874
signed_targeting,acs_income,mlp,1001,population,hours,1800,True,1183,658,525,617,108,633,316,286,30,1484,50,80,3,3,0,1797,0,0,5,5,0,1795,0,0,8,7,1,1792,79,80,321,291,30,1479,50,80,1183,658,525,617,108,633,0.042044696649305484
targeting,acs_income,mlp,1001,task,work_class,1789,False,896,0,896,893,0,896,38,0,38,1751,0,38,105,0,105,1684,0,105,0,0,0,1789,0,0,105,0,105,1684,35,140,140,0,140,1649,0,140,896,0,896,893,0,896,1.840492276509525e-18
targeting,acs_income,mlp,1001,task,household,1850,False,1375,0,1375,475,0,1375,160,0,160,1690,0,160,78,0,78,1772,0,78,0,0,0,1850,0,0,78,0,78,1772,155,233,233,0,233,1617,0,233,1375,0,1375,475,0,1375,3.571361956167251e-18
targeting,acs_income,mlp,1001,task,occupation,1887,False,1062,0,1062,825,0,1062,436,0,436,1451,0,436,0,0,0,1887,0,0,0,0,0,1887,0,0,1,0,1,1886,435,436,436,0,436,1451,0,436,1062,0,1062,825,0,1062,1.9175640887691757e-17
targeting,acs_income,mlp,1001,task,education,1847,True,1343,0,1343,504,0,1343,284,0,284,1563,0,284,0,0,0,1847,0,0,0,0,0,1847,0,0,3,0,3,1844,281,284,284,0,284,1563,0,284,1343,0,1343,504,0,1343,2.02222636148548e-17
targeting,acs_income,mlp,1001,task,hours,1800,True,1183,0,1183,617,0,1183,316,0,316,1484,0,316,3,0,3,1797,0,3,5,0,5,1795,0,5,8,0,8,1792,313,321,321,0,321,1479,0,321,1183,0,1183,617,0,1183,1.6983379522354637e-17
signed_targeting,acs_income,mlp,1001,task,education,1847,True,1343,0,1343,504,0,1343,284,0,284,1563,0,284,0,0,0,1847,0,0,0,0,0,1847,0,0,3,0,3,1844,281,284,284,0,284,1563,0,284,1343,0,1343,504,0,1343,2.02222636148548e-17
signed_targeting,acs_income,mlp,1001,task,hours,1800,True,1183,0,1183,617,0,1183,316,0,316,1484,0,316,3,0,3,1797,0,3,5,0,5,1795,0,5,8,0,8,1792,313,321,321,0,321,1479,0,321,1183,0,1183,617,0,1183,1.6983379522354637e-17
targeting,acs_income,mlp,1001,augmentation,work_class,1789,False,896,467,429,893,226,655,38,32,6,1751,55,61,105,105,0,1684,4,4,0,0,0,1789,0,0,105,98,7,1684,58,65,140,127,13,1649,52,65,896,467,429,893,226,655,0.05801703078440534
targeting,acs_income,mlp,1001,augmentation,household,1850,False,1375,657,718,475,111,829,160,137,23,1690,65,88,78,78,0,1772,11,11,0,0,0,1850,0,0,78,75,3,1772,96,99,233,204,29,1617,70,99,1375,657,718,475,111,829,0.055431689118001407
targeting,acs_income,mlp,1001,augmentation,occupation,1887,False,1062,240,822,825,517,1339,436,393,43,1451,62,105,0,0,0,1887,3,3,0,0,0,1887,0,0,1,1,0,1886,108,108,436,392,44,1451,64,108,1062,240,822,825,517,1339,0.1128014050172187
targeting,acs_income,mlp,1001,augmentation,education,1847,True,1343,502,841,504,165,1006,284,263,21,1563,51,72,0,0,0,1847,1,1,0,0,0,1847,4,4,3,2,1,1844,75,76,284,261,23,1563,53,76,1343,501,842,504,166,1008,0.10777220109483042
targeting,acs_income,mlp,1001,augmentation,hours,1800,True,1183,249,934,617,280,1214,316,283,33,1484,58,91,3,3,0,1797,5,5,5,1,4,1795,47,51,8,2,6,1792,135,141,321,276,45,1479,96,141,1183,230,953,617,283,1236,0.11832603355928717
signed_targeting,acs_income,mlp,1001,augmentation,education,1847,True,1343,502,841,504,165,1006,284,263,21,1563,51,72,0,0,0,1847,1,1,0,0,0,1847,4,4,3,2,1,1844,75,76,284,261,23,1563,53,76,1343,501,842,504,166,1008,0.10777220109483042
signed_targeting,acs_income,mlp,1001,augmentation,hours,1800,True,1183,249,934,617,280,1214,316,283,33,1484,58,91,3,3,0,1797,5,5,5,1,4,1795,47,51,8,2,6,1792,135,141,321,276,45,1479,96,141,1183,230,953,617,283,1236,0.11832603355928717
targeting,acs_income,mlp,1002,full,work_class,1789,False,761,761,0,1028,0,0,66,66,0,1723,11,11,34,34,0,1755,0,0,0,0,0,1789,0,0,32,31,1,1757,10,11,99,98,1,1690,10,11,761,761,0,1028,0,0,0.02908494210834056
targeting,acs_income,mlp,1002,full,household,1850,False,992,992,0,858,0,0,174,169,5,1676,4,9,28,28,0,1822,0,0,0,0,0,1850,0,0,28,28,0,1822,9,9,201,196,5,1649,4,9,992,992,0,858,0,0,0.013158236682266377
targeting,acs_income,mlp,1002,full,occupation,1887,False,1080,1080,0,807,0,0,504,491,13,1383,14,27,0,0,0,1887,0,0,0,0,0,1887,0,0,1,1,0,1886,27,27,504,491,13,1383,14,27,1080,1080,0,807,0,0,0.042155788280791806
targeting,acs_income,mlp,1002,full,education,1847,True,1443,1443,0,404,0,0,314,310,4,1533,11,15,0,0,0,1847,0,0,0,0,0,1847,0,0,1,1,0,1846,15,15,314,310,4,1533,11,15,1443,1443,0,404,0,0,0.04470125497157609
targeting,acs_income,mlp,1002,full,hours,1800,True,1197,1195,2,603,0,2,318,309,9,1482,6,15,0,0,0,1800,0,0,3,3,0,1797,0,0,4,4,0,1796,15,15,321,312,9,1479,6,15,1199,1197,2,601,0,2,0.04053472030844056
signed_targeting,acs_income,mlp,1002,full,education,1847,True,1443,1443,0,404,0,0,314,310,4,1533,11,15,0,0,0,1847,0,0,0,0,0,1847,0,0,1,1,0,1846,15,15,314,310,4,1533,11,15,1443,1443,0,404,0,0,0.04470125497157609
signed_targeting,acs_income,mlp,1002,full,hours,1800,True,1197,1195,2,603,0,2,318,309,9,1482,6,15,0,0,0,1800,0,0,3,3,0,1797,0,0,4,4,0,1796,15,15,321,312,9,1479,6,15,1199,1197,2,601,0,2,0.04053472030844056
targeting,acs_income,mlp,1002,features,work_class,1789,False,761,761,0,1028,0,0,66,66,0,1723,10,10,34,34,0,1755,0,0,0,0,0,1789,0,0,32,32,0,1757,10,10,99,98,1,1690,9,10,761,761,0,1028,0,0,0.03193198237450813
targeting,acs_income,mlp,1002,features,household,1850,False,992,992,0,858,0,0,174,171,3,1676,6,9,28,28,0,1822,0,0,0,0,0,1850,0,0,28,27,1,1822,8,9,201,197,4,1649,5,9,992,992,0,858,0,0,0.014538873111047094
targeting,acs_income,mlp,1002,features,occupation,1887,False,1080,1078,2,807,0,2,504,500,4,1383,12,16,0,0,0,1887,0,0,0,0,0,1887,0,0,1,1,0,1886,16,16,504,500,4,1383,12,16,1080,1078,2,807,0,2,0.037531381298678744
targeting,acs_income,mlp,1002,features,education,1847,True,1443,1443,0,404,0,0,314,308,6,1533,5,11,0,0,0,1847,0,0,0,0,0,1847,0,0,1,1,0,1846,11,11,314,308,6,1533,5,11,1443,1443,0,404,0,0,0.045172068390463276
targeting,acs_income,mlp,1002,features,hours,1800,True,1197,1164,33,603,22,55,318,313,5,1482,10,15,0,0,0,1800,0,0,3,3,0,1797,0,0,4,4,0,1796,15,15,321,316,5,1479,10,15,1199,1166,33,601,22,55,0.04184077761017536
signed_targeting,acs_income,mlp,1002,features,education,1847,True,1443,1443,0,404,0,0,314,308,6,1533,5,11,0,0,0,1847,0,0,0,0,0,1847,0,0,1,1,0,1846,11,11,314,308,6,1533,5,11,1443,1443,0,404,0,0,0.045172068390463276
signed_targeting,acs_income,mlp,1002,features,hours,1800,True,1197,1164,33,603,22,55,318,313,5,1482,10,15,0,0,0,1800,0,0,3,3,0,1797,0,0,4,4,0,1796,15,15,321,316,5,1479,10,15,1199,1166,33,601,22,55,0.04184077761017536
targeting,acs_income,mlp,1002,contexts,work_class,1789,False,761,761,0,1028,2,2,66,64,2,1723,13,15,34,34,0,1755,0,0,0,0,0,1789,0,0,32,32,0,1757,15,15,99,96,3,1690,12,15,761,761,0,1028,2,2,0.028023623050314025
targeting,acs_income,mlp,1002,contexts,household,1850,False,992,991,1,858,1,2,174,166,8,1676,12,20,28,28,0,1822,0,0,0,0,0,1850,0,0,28,28,0,1822,20,20,201,193,8,1649,12,20,992,991,1,858,1,2,0.013566140671750472
targeting,acs_income,mlp,1002,contexts,occupation,1887,False,1080,1040,40,807,10,50,504,489,15,1383,15,30,0,0,0,1887,0,0,0,0,0,1887,0,0,1,1,0,1886,30,30,504,489,15,1383,15,30,1080,1040,40,807,10,50,0.03697109585703871
targeting,acs_income,mlp,1002,contexts,education,1847,True,1443,1391,52,404,9,61,314,311,3,1533,6,9,0,0,0,1847,0,0,0,0,0,1847,0,0,1,1,0,1846,9,9,314,311,3,1533,6,9,1443,1391,52,404,9,61,0.044513189243963254
targeting,acs_income,mlp,1002,contexts,hours,1800,True,1197,1061,136,603,40,176,318,309,9,1482,16,25,0,0,0,1800,0,0,3,3,0,1797,0,0,4,4,0,1796,25,25,321,312,9,1479,16,25,1199,1063,136,601,40,176,0.03832559832114102
signed_targeting,acs_income,mlp,1002,contexts,education,1847,True,1443,1391,52,404,9,61,314,311,3,1533,6,9,0,0,0,1847,0,0,0,0,0,1847,0,0,1,1,0,1846,9,9,314,311,3,1533,6,9,1443,1391,52,404,9,61,0.044513189243963254
signed_targeting,acs_income,mlp,1002,contexts,hours,1800,True,1197,1061,136,603,40,176,318,309,9,1482,16,25,0,0,0,1800,0,0,3,3,0,1797,0,0,4,4,0,1796,25,25,321,312,9,1479,16,25,1199,1063,136,601,40,176,0.03832559832114102
targeting,acs_income,mlp,1002,population,work_class,1789,False,761,662,99,1028,9,108,66,62,4,1723,33,37,34,34,0,1755,0,0,0,0,0,1789,0,0,32,31,1,1757,36,37,99,94,5,1690,32,37,761,662,99,1028,9,108,0.012838647889599831
targeting,acs_income,mlp,1002,population,household,1850,False,992,931,61,858,0,61,174,138,36,1676,51,87,28,28,0,1822,0,0,0,0,0,1850,0,0,28,26,2,1822,85,87,201,164,37,1649,50,87,992,931,61,858,0,61,0.012975148612185112
targeting,acs_income,mlp,1002,population,occupation,1887,False,1080,1040,40,807,14,54,504,436,68,1383,41,109,0,0,0,1887,0,0,0,0,0,1887,0,0,1,1,0,1886,109,109,504,436,68,1383,41,109,1080,1040,40,807,14,54,0.03238556119530092
targeting,acs_income,mlp,1002,population,education,1847,True,1443,1022,421,404,14,435,314,275,39,1533,45,84,0,0,0,1847,0,0,0,0,0,1847,0,0,1,0,1,1846,83,84,314,275,39,1533,45,84,1443,1022,421,404,14,435,0.034102120224665945
targeting,acs_income,mlp,1002,population,hours,1800,True,1197,821,376,603,39,415,318,275,43,1482,51,94,0,0,0,1800,0,0,3,3,0,1797,0,0,4,4,0,1796,94,94,321,278,43,1479,51,94,1199,823,376,601,39,415,0.038878656461113
signed_targeting,acs_income,mlp,1002,population,education,1847,True,1443,1022,421,404,14,435,314,275,39,1533,45,84,0,0,0,1847,0,0,0,0,0,1847,0,0,1,0,1,1846,83,84,314,275,39,1533,45,84,1443,1022,421,404,14,435,0.034102120224665945
signed_targeting,acs_income,mlp,1002,population,hours,1800,True,1197,821,376,603,39,415,318,275,43,1482,51,94,0,0,0,1800,0,0,3,3,0,1797,0,0,4,4,0,1796,94,94,321,278,43,1479,51,94,1199,823,376,601,39,415,0.038878656461113
targeting,acs_income,mlp,1002,task,work_class,1789,False,761,0,761,1028,0,761,66,0,66,1723,0,66,34,0,34,1755,0,34,0,0,0,1789,0,0,32,0,32,1757,67,99,99,0,99,1690,0,99,761,0,761,1028,0,761,2.6020927894415418e-18
targeting,acs_income,mlp,1002,task,household,1850,False,992,0,992,858,0,992,174,0,174,1676,0,174,28,0,28,1822,0,28,0,0,0,1850,0,0,28,0,28,1822,173,201,201,0,201,1649,0,201,992,0,992,858,0,992,4.04630111323874e-18
targeting,acs_income,mlp,1002,task,occupation,1887,False,1080,0,1080,807,0,1080,504,0,504,1383,0,504,0,0,0,1887,0,0,0,0,0,1887,0,0,1,0,1,1886,503,504,504,0,504,1383,0,504,1080,0,1080,807,0,1080,1.927828673724901e-17
targeting,acs_income,mlp,1002,task,education,1847,True,1443,0,1443,404,0,1443,314,0,314,1533,0,314,0,0,0,1847,0,0,0,0,0,1847,0,0,1,0,1,1846,313,314,314,0,314,1533,0,314,1443,0,1443,404,0,1443,2.0027604712351635e-17
targeting,acs_income,mlp,1002,task,hours,1800,True,1197,0,1197,603,0,1197,318,0,318,1482,0,318,0,0,0,1800,0,0,3,0,3,1797,0,3,4,0,4,1796,317,321,321,0,321,1479,0,321,1199,0,1199,601,0,1199,1.517810761334874e-17
signed_targeting,acs_income,mlp,1002,task,education,1847,True,1443,0,1443,404,0,1443,314,0,314,1533,0,314,0,0,0,1847,0,0,0,0,0,1847,0,0,1,0,1,1846,313,314,314,0,314,1533,0,314,1443,0,1443,404,0,1443,2.0027604712351635e-17
signed_targeting,acs_income,mlp,1002,task,hours,1800,True,1197,0,1197,603,0,1197,318,0,318,1482,0,318,0,0,0,1800,0,0,3,0,3,1797,0,3,4,0,4,1796,317,321,321,0,321,1479,0,321,1199,0,1199,601,0,1199,1.517810761334874e-17
targeting,acs_income,mlp,1002,augmentation,work_class,1789,False,761,310,451,1028,406,857,66,53,13,1723,91,104,34,34,0,1755,11,11,0,0,0,1789,0,0,32,31,1,1757,114,115,99,85,14,1690,101,115,761,310,451,1028,406,857,0.06362075729431016
targeting,acs_income,mlp,1002,augmentation,household,1850,False,992,343,649,858,424,1073,174,133,41,1676,92,133,28,28,0,1822,15,15,0,0,0,1850,0,0,28,28,0,1822,147,147,201,157,44,1649,103,147,992,343,649,858,424,1073,0.0647318077664554
targeting,acs_income,mlp,1002,augmentation,occupation,1887,False,1080,85,995,807,619,1614,504,419,85,1383,107,192,0,0,0,1887,41,41,0,0,0,1887,0,0,1,1,0,1886,230,230,504,404,100,1383,130,230,1080,85,995,807,619,1614,0.12653123016984116
targeting,acs_income,mlp,1002,augmentation,education,1847,True,1443,350,1093,404,162,1255,314,251,63,1533,83,146,0,0,0,1847,4,4,0,0,0,1847,15,15,1,1,0,1846,161,161,314,250,64,1533,97,161,1443,346,1097,404,162,1259,0.09713659939729377
targeting,acs_income,mlp,1002,augmentation,hours,1800,True,1197,281,916,603,309,1225,318,271,47,1482,96,143,0,0,0,1800,1,1,3,3,0,1797,7,7,4,4,0,1796,150,150,321,274,47,1479,103,150,1199,280,919,601,307,1226,0.11428946023833277
signed_targeting,acs_income,mlp,1002,augmentation,education,1847,True,1443,350,1093,404,162,1255,314,251,63,1533,83,146,0,0,0,1847,4,4,0,0,0,1847,15,15,1,1,0,1846,161,161,314,250,64,1533,97,161,1443,346,1097,404,162,1259,0.09713659939729377
signed_targeting,acs_income,mlp,1002,augmentation,hours,1800,True,1197,281,916,603,309,1225,318,271,47,1482,96,143,0,0,0,1800,1,1,3,3,0,1797,7,7,4,4,0,1796,150,150,321,274,47,1479,103,150,1199,280,919,601,307,1226,0.11428946023833277
targeting,acs_income,mlp,1003,full,work_class,1789,False,1240,1240,0,549,0,0,83,80,3,1706,6,9,156,156,0,1633,0,0,0,0,0,1789,0,0,156,154,2,1633,7,9,232,227,5,1557,4,9,1240,1240,0,549,0,0,0.02078274173655686
targeting,acs_income,mlp,1003,full,household,1850,False,1422,1422,0,428,0,0,242,237,5,1608,11,16,42,42,0,1808,0,0,0,0,0,1850,0,0,46,43,3,1804,13,16,281,275,6,1569,10,16,1422,1422,0,428,0,0,0.03794809211155724
targeting,acs_income,mlp,1003,full,occupation,1887,False,1111,1111,0,776,0,0,449,439,10,1438,5,15,0,0,0,1887,0,0,0,0,0,1887,0,0,0,0,0,1887,15,15,449,439,10,1438,5,15,1111,1111,0,776,0,0,0.06612002783999128
targeting,acs_income,mlp,1003,full,education,1847,True,1479,1479,0,368,0,0,287,286,1,1560,5,6,0,0,0,1847,0,0,0,0,0,1847,0,0,2,2,0,1845,6,6,287,286,1,1560,5,6,1479,1479,0,368,0,0,0.059026619549933566
targeting,acs_income,mlp,1003,full,hours,1800,True,1396,1389,7,404,1,8,331,324,7,1469,1,8,1,1,0,1799,0,0,3,2,1,1797,5,6,10,9,1,1790,13,14,334,324,10,1466,4,14,1396,1384,12,404,2,14,0.05085414946810485
signed_targeting,acs_income,mlp,1003,full,education,1847,True,1479,1479,0,368,0,0,287,286,1,1560,5,6,0,0,0,1847,0,0,0,0,0,1847,0,0,2,2,0,1845,6,6,287,286,1,1560,5,6,1479,1479,0,368,0,0,0.059026619549933566
signed_targeting,acs_income,mlp,1003,full,hours,1800,True,1396,1389,7,404,1,8,331,324,7,1469,1,8,1,1,0,1799,0,0,3,2,1,1797,5,6,10,9,1,1790,13,14,334,324,10,1466,4,14,1396,1384,12,404,2,14,0.05085414946810485
targeting,acs_income,mlp,1003,features,work_class,1789,False,1240,1239,1,549,2,3,83,81,2,1706,9,11,156,156,0,1633,0,0,0,0,0,1789,0,0,156,154,2,1633,9,11,232,228,4,1557,7,11,1240,1239,1,549,2,3,0.021142274360785338
targeting,acs_income,mlp,1003,features,household,1850,False,1422,1419,3,428,2,5,242,234,8,1608,6,14,42,42,0,1808,0,0,0,0,0,1850,0,0,46,45,1,1804,13,14,281,273,8,1569,6,14,1422,1419,3,428,2,5,0.0427045678672735
targeting,acs_income,mlp,1003,features,occupation,1887,False,1111,1037,74,776,37,111,449,436,13,1438,4,17,0,0,0,1887,0,0,0,0,0,1887,0,0,0,0,0,1887,17,17,449,436,13,1438,4,17,1111,1037,74,776,37,111,0.0661915343487191
targeting,acs_income,mlp,1003,features,education,1847,True,1479,1478,1,368,0,1,287,282,5,1560,11,16,0,0,0,1847,0,0,0,0,0,1847,0,0,2,2,0,1845,16,16,287,282,5,1560,11,16,1479,1478,1,368,0,1,0.06457980948481726
targeting,acs_income,mlp,1003,features,hours,1800,True,1396,1301,95,404,24,119,331,320,11,1469,6,17,1,1,0,1799,0,0,3,1,2,1797,10,12,10,8,2,1790,27,29,334,319,15,1466,14,29,1396,1292,104,404,25,129,0.05144801637779961
signed_targeting,acs_income,mlp,1003,features,education,1847,True,1479,1478,1,368,0,1,287,282,5,1560,11,16,0,0,0,1847,0,0,0,0,0,1847,0,0,2,2,0,1845,16,16,287,282,5,1560,11,16,1479,1478,1,368,0,1,0.06457980948481726
signed_targeting,acs_income,mlp,1003,features,hours,1800,True,1396,1301,95,404,24,119,331,320,11,1469,6,17,1,1,0,1799,0,0,3,1,2,1797,10,12,10,8,2,1790,27,29,334,319,15,1466,14,29,1396,1292,104,404,25,129,0.05144801637779961
targeting,acs_income,mlp,1003,contexts,work_class,1789,False,1240,1240,0,549,0,0,83,76,7,1706,11,18,156,156,0,1633,0,0,0,0,0,1789,0,0,156,155,1,1633,17,18,232,224,8,1557,10,18,1240,1240,0,549,0,0,0.012664978249245487
targeting,acs_income,mlp,1003,contexts,household,1850,False,1422,1403,19,428,6,25,242,224,18,1608,32,50,42,42,0,1808,0,0,0,0,0,1850,0,0,46,44,2,1804,48,50,281,262,19,1569,31,50,1422,1403,19,428,6,25,0.017643018238569008
targeting,acs_income,mlp,1003,contexts,occupation,1887,False,1111,1006,105,776,61,166,449,421,28,1438,35,63,0,0,0,1887,0,0,0,0,0,1887,0,0,0,0,0,1887,63,63,449,421,28,1438,35,63,1111,1006,105,776,61,166,0.041261426423992484
targeting,acs_income,mlp,1003,contexts,education,1847,True,1479,1315,164,368,20,184,287,268,19,1560,22,41,0,0,0,1847,0,0,0,0,0,1847,0,0,2,2,0,1845,41,41,287,268,19,1560,22,41,1479,1315,164,368,20,184,0.044180073329330244
targeting,acs_income,mlp,1003,contexts,hours,1800,True,1396,1042,354,404,33,387,331,308,23,1469,17,40,1,1,0,1799,0,0,3,3,0,1797,0,0,10,10,0,1790,40,40,334,311,23,1466,17,40,1396,1042,354,404,33,387,0.04270133758951794
signed_targeting,acs_income,mlp,1003,contexts,education,1847,True,1479,1315,164,368,20,184,287,268,19,1560,22,41,0,0,0,1847,0,0,0,0,0,1847,0,0,2,2,0,1845,41,41,287,268,19,1560,22,41,1479,1315,164,368,20,184,0.044180073329330244
signed_targeting,acs_income,mlp,1003,contexts,hours,1800,True,1396,1042,354,404,33,387,331,308,23,1469,17,40,1,1,0,1799,0,0,3,3,0,1797,0,0,10,10,0,1790,40,40,334,311,23,1466,17,40,1396,1042,354,404,33,387,0.04270133758951794
targeting,acs_income,mlp,1003,population,work_class,1789,False,1240,1211,29,549,6,35,83,74,9,1706,19,28,156,155,1,1633,0,1,0,0,0,1789,0,0,156,153,3,1633,26,29,232,220,12,1557,17,29,1240,1211,29,549,6,35,0.013061391272682627
targeting,acs_income,mlp,1003,population,household,1850,False,1422,1286,136,428,47,183,242,202,40,1608,56,96,42,42,0,1808,0,0,0,0,0,1850,0,0,46,44,2,1804,94,96,281,240,41,1569,55,96,1422,1286,136,428,47,183,0.016143592162740993
targeting,acs_income,mlp,1003,population,occupation,1887,False,1111,816,295,776,192,487,449,395,54,1438,52,106,0,0,0,1887,0,0,0,0,0,1887,0,0,0,0,0,1887,106,106,449,395,54,1438,52,106,1111,816,295,776,192,487,0.041379794744568536
targeting,acs_income,mlp,1003,population,education,1847,True,1479,1122,357,368,48,405,287,250,37,1560,39,76,0,0,0,1847,0,0,0,0,0,1847,0,0,2,2,0,1845,76,76,287,250,37,1560,39,76,1479,1122,357,368,48,405,0.04394501966395799
targeting,acs_income,mlp,1003,population,hours,1800,True,1396,772,624,404,144,768,331,287,44,1469,31,75,1,1,0,1799,0,0,3,3,0,1797,0,0,10,10,0,1790,75,75,334,290,44,1466,31,75,1396,772,624,404,144,768,0.04107562015118864
signed_targeting,acs_income,mlp,1003,population,education,1847,True,1479,1122,357,368,48,405,287,250,37,1560,39,76,0,0,0,1847,0,0,0,0,0,1847,0,0,2,2,0,1845,76,76,287,250,37,1560,39,76,1479,1122,357,368,48,405,0.04394501966395799
signed_targeting,acs_income,mlp,1003,population,hours,1800,True,1396,772,624,404,144,768,331,287,44,1469,31,75,1,1,0,1799,0,0,3,3,0,1797,0,0,10,10,0,1790,75,75,334,290,44,1466,31,75,1396,772,624,404,144,768,0.04107562015118864
targeting,acs_income,mlp,1003,task,work_class,1789,False,1240,0,1240,549,0,1240,83,0,83,1706,0,83,156,0,156,1633,0,156,0,0,0,1789,0,0,156,0,156,1633,76,232,232,0,232,1557,0,232,1240,0,1240,549,0,1240,2.2913315993933278e-18
targeting,acs_income,mlp,1003,task,household,1850,False,1422,0,1422,428,0,1422,242,0,242,1608,0,242,42,0,42,1808,0,42,0,0,0,1850,0,0,46,0,46,1804,235,281,281,0,281,1569,0,281,1422,0,1422,428,0,1422,5.143308592464141e-18
targeting,acs_income,mlp,1003,task,occupation,1887,False,1111,0,1111,776,0,1111,449,0,449,1438,0,449,0,0,0,1887,0,0,0,0,0,1887,0,0,0,0,0,1887,449,449,449,0,449,1438,0,449,1111,0,1111,776,0,1111,1.9507825035027472e-17
targeting,acs_income,mlp,1003,task,education,1847,True,1479,0,1479,368,0,1479,287,0,287,1560,0,287,0,0,0,1847,0,0,0,0,0,1847,0,0,2,0,2,1845,285,287,287,0,287,1560,0,287,1479,0,1479,368,0,1479,2.0562500286051202e-17
targeting,acs_income,mlp,1003,task,hours,1800,True,1396,0,1396,404,0,1396,331,0,331,1469,0,331,1,0,1,1799,0,1,3,0,3,1797,0,3,10,0,10,1790,324,334,334,0,334,1466,0,334,1396,0,1396,404,0,1396,1.576523320647665e-17
signed_targeting,acs_income,mlp,1003,task,education,1847,True,1479,0,1479,368,0,1479,287,0,287,1560,0,287,0,0,0,1847,0,0,0,0,0,1847,0,0,2,0,2,1845,285,287,287,0,287,1560,0,287,1479,0,1479,368,0,1479,2.0562500286051202e-17
signed_targeting,acs_income,mlp,1003,task,hours,1800,True,1396,0,1396,404,0,1396,331,0,331,1469,0,331,1,0,1,1799,0,1,3,0,3,1797,0,3,10,0,10,1790,324,334,334,0,334,1466,0,334,1396,0,1396,404,0,1396,1.576523320647665e-17
targeting,acs_income,mlp,1003,augmentation,work_class,1789,False,1240,453,787,549,250,1037,83,72,11,1706,78,89,156,152,4,1633,16,20,0,0,0,1789,0,0,156,140,16,1633,93,109,232,204,28,1557,81,109,1240,453,787,549,250,1037,0.058868505499339877
targeting,acs_income,mlp,1003,augmentation,household,1850,False,1422,707,715,428,184,899,242,201,41,1608,74,115,42,42,0,1808,5,5,0,0,0,1850,0,0,46,43,3,1804,117,120,281,235,46,1569,74,120,1422,707,715,428,184,899,0.07048896179497732
targeting,acs_income,mlp,1003,augmentation,occupation,1887,False,1111,362,749,776,479,1228,449,394,55,1438,85,140,0,0,0,1887,0,0,0,0,0,1887,0,0,0,0,0,1887,140,140,449,394,55,1438,85,140,1111,362,749,776,479,1228,0.1697336631480974
targeting,acs_income,mlp,1003,augmentation,education,1847,True,1479,508,971,368,158,1129,287,258,29,1560,67,96,0,0,0,1847,0,0,0,0,0,1847,2,2,2,2,0,1845,98,98,287,258,29,1560,69,98,1479,507,972,368,158,1130,0.09684084295580342
targeting,acs_income,mlp,1003,augmentation,hours,1800,True,1396,390,1006,404,200,1206,331,294,37,1469,55,92,1,1,0,1799,1,1,3,3,0,1797,30,30,10,10,0,1790,121,121,334,290,44,1466,77,121,1396,386,1010,404,201,1211,0.14035113262713092
signed_targeting,acs_income,mlp,1003,augmentation,education,1847,True,1479,508,971,368,158,1129,287,258,29,1560,67,96,0,0,0,1847,0,0,0,0,0,1847,2,2,2,2,0,1845,98,98,287,258,29,1560,69,98,1479,507,972,368,158,1130,0.09684084295580342
signed_targeting,acs_income,mlp,1003,augmentation,hours,1800,True,1396,390,1006,404,200,1206,331,294,37,1469,55,92,1,1,0,1799,1,1,3,3,0,1797,30,30,10,10,0,1790,121,121,334,290,44,1466,77,121,1396,386,1010,404,201,1211,0.14035113262713092
targeting,acs_income,mlp,1004,full,work_class,1789,False,983,983,0,806,0,0,38,36,2,1751,11,13,117,117,0,1672,0,0,0,0,0,1789,0,0,117,115,2,1672,11,13,155,151,4,1634,9,13,983,983,0,806,0,0,0.026294117032771396
targeting,acs_income,mlp,1004,full,household,1850,False,1095,1095,0,755,2,2,145,139,6,1705,12,18,35,35,0,1815,0,0,0,0,0,1850,0,0,35,35,0,1815,18,18,180,174,6,1670,12,18,1095,1095,0,755,2,2,0.03169015659183171
targeting,acs_income,mlp,1004,full,occupation,1887,False,1365,1363,2,522,1,3,374,369,5,1513,9,14,0,0,0,1887,0,0,0,0,0,1887,0,0,4,3,1,1883,13,14,374,369,5,1513,9,14,1365,1363,2,522,1,3,0.039315879381225244
targeting,acs_income,mlp,1004,full,education,1847,True,1207,1204,3,640,1,4,256,253,3,1591,9,12,0,0,0,1847,0,0,0,0,0,1847,0,0,0,0,0,1847,12,12,256,253,3,1591,9,12,1207,1204,3,640,1,4,0.06618322467236051
targeting,acs_income,mlp,1004,full,hours,1800,True,1268,1258,10,532,8,18,311,307,4,1489,12,16,1,1,0,1799,0,0,3,3,0,1797,0,0,7,7,0,1793,16,16,314,310,4,1486,12,16,1268,1258,10,532,8,18,0.08034016951769477
signed_targeting,acs_income,mlp,1004,full,education,1847,True,1207,1204,3,640,1,4,256,253,3,1591,9,12,0,0,0,1847,0,0,0,0,0,1847,0,0,0,0,0,1847,12,12,256,253,3,1591,9,12,1207,1204,3,640,1,4,0.06618322467236051
signed_targeting,acs_income,mlp,1004,full,hours,1800,True,1268,1258,10,532,8,18,311,307,4,1489,12,16,1,1,0,1799,0,0,3,3,0,1797,0,0,7,7,0,1793,16,16,314,310,4,1486,12,16,1268,1258,10,532,8,18,0.08034016951769477
targeting,acs_income,mlp,1004,features,work_class,1789,False,983,983,0,806,0,0,38,36,2,1751,11,13,117,117,0,1672,0,0,0,0,0,1789,0,0,117,115,2,1672,11,13,155,151,4,1634,9,13,983,983,0,806,0,0,0.026294117032771396
targeting,acs_income,mlp,1004,features,household,1850,False,1095,1095,0,755,2,2,145,139,6,1705,12,18,35,35,0,1815,0,0,0,0,0,1850,0,0,35,35,0,1815,18,18,180,174,6,1670,12,18,1095,1095,0,755,2,2,0.03169015659183171
targeting,acs_income,mlp,1004,features,occupation,1887,False,1365,1363,2,522,1,3,374,369,5,1513,9,14,0,0,0,1887,0,0,0,0,0,1887,0,0,4,3,1,1883,13,14,374,369,5,1513,9,14,1365,1363,2,522,1,3,0.039315879381225244
targeting,acs_income,mlp,1004,features,education,1847,True,1207,1204,3,640,1,4,256,253,3,1591,9,12,0,0,0,1847,0,0,0,0,0,1847,0,0,0,0,0,1847,12,12,256,253,3,1591,9,12,1207,1204,3,640,1,4,0.06618322467236051
targeting,acs_income,mlp,1004,features,hours,1800,True,1268,1258,10,532,8,18,311,307,4,1489,12,16,1,1,0,1799,0,0,3,3,0,1797,0,0,7,7,0,1793,16,16,314,310,4,1486,12,16,1268,1258,10,532,8,18,0.08034016951769477
signed_targeting,acs_income,mlp,1004,features,education,1847,True,1207,1204,3,640,1,4,256,253,3,1591,9,12,0,0,0,1847,0,0,0,0,0,1847,0,0,0,0,0,1847,12,12,256,253,3,1591,9,12,1207,1204,3,640,1,4,0.06618322467236051
signed_targeting,acs_income,mlp,1004,features,hours,1800,True,1268,1258,10,532,8,18,311,307,4,1489,12,16,1,1,0,1799,0,0,3,3,0,1797,0,0,7,7,0,1793,16,16,314,310,4,1486,12,16,1268,1258,10,532,8,18,0.08034016951769477
targeting,acs_income,mlp,1004,contexts,work_class,1789,False,983,982,1,806,0,1,38,36,2,1751,22,24,117,117,0,1672,0,0,0,0,0,1789,0,0,117,111,6,1672,18,24,155,147,8,1634,16,24,983,982,1,806,0,1,0.009401554422299752
targeting,acs_income,mlp,1004,contexts,household,1850,False,1095,1095,0,755,2,2,145,138,7,1705,13,20,35,35,0,1815,1,1,0,0,0,1850,0,0,35,35,0,1815,21,21,180,173,7,1670,14,21,1095,1095,0,755,2,2,0.0324249286393949
targeting,acs_income,mlp,1004,contexts,occupation,1887,False,1365,1328,37,522,29,66,374,345,29,1513,25,54,0,0,0,1887,0,0,0,0,0,1887,0,0,4,4,0,1883,54,54,374,345,29,1513,25,54,1365,1328,37,522,29,66,0.03889628741061899
targeting,acs_income,mlp,1004,contexts,education,1847,True,1207,1110,97,640,50,147,256,245,11,1591,26,37,0,0,0,1847,0,0,0,0,0,1847,0,0,0,0,0,1847,37,37,256,245,11,1591,26,37,1207,1110,97,640,50,147,0.03535073485134198
targeting,acs_income,mlp,1004,contexts,hours,1800,True,1268,1235,33,532,16,49,311,293,18,1489,16,34,1,1,0,1799,0,0,3,3,0,1797,0,0,7,7,0,1793,34,34,314,296,18,1486,16,34,1268,1235,33,532,16,49,0.04225845633266284
signed_targeting,acs_income,mlp,1004,contexts,education,1847,True,1207,1110,97,640,50,147,256,245,11,1591,26,37,0,0,0,1847,0,0,0,0,0,1847,0,0,0,0,0,1847,37,37,256,245,11,1591,26,37,1207,1110,97,640,50,147,0.03535073485134198
signed_targeting,acs_income,mlp,1004,contexts,hours,1800,True,1268,1235,33,532,16,49,311,293,18,1489,16,34,1,1,0,1799,0,0,3,3,0,1797,0,0,7,7,0,1793,34,34,314,296,18,1486,16,34,1268,1235,33,532,16,49,0.04225845633266284
targeting,acs_income,mlp,1004,population,work_class,1789,False,983,929,54,806,38,92,38,35,3,1751,16,19,117,117,0,1672,3,3,0,0,0,1789,0,0,117,115,2,1672,20,22,155,150,5,1634,17,22,983,929,54,806,38,92,0.015143993238004605
targeting,acs_income,mlp,1004,population,household,1850,False,1095,1038,57,755,15,72,145,137,8,1705,11,19,35,34,1,1815,6,7,0,0,0,1850,0,0,35,34,1,1815,25,26,180,169,11,1670,15,26,1095,1038,57,755,15,72,0.027600669769923855
targeting,acs_income,mlp,1004,population,occupation,1887,False,1365,1251,114,522,39,153,374,352,22,1513,21,43,0,0,0,1887,0,0,0,0,0,1887,0,0,4,4,0,1883,43,43,374,352,22,1513,21,43,1365,1251,114,522,39,153,0.045314291375998024
targeting,acs_income,mlp,1004,population,education,1847,True,1207,1012,195,640,81,276,256,250,6,1591,15,21,0,0,0,1847,0,0,0,0,0,1847,0,0,0,0,0,1847,21,21,256,250,6,1591,15,21,1207,1012,195,640,81,276,0.03608149460427958
targeting,acs_income,mlp,1004,population,hours,1800,True,1268,905,363,532,68,431,311,295,16,1489,20,36,1,1,0,1799,0,0,3,3,0,1797,0,0,7,7,0,1793,36,36,314,298,16,1486,20,36,1268,905,363,532,68,431,0.04141754544056997
signed_targeting,acs_income,mlp,1004,population,education,1847,True,1207,1012,195,640,81,276,256,250,6,1591,15,21,0,0,0,1847,0,0,0,0,0,1847,0,0,0,0,0,1847,21,21,256,250,6,1591,15,21,1207,1012,195,640,81,276,0.03608149460427958
signed_targeting,acs_income,mlp,1004,population,hours,1800,True,1268,905,363,532,68,431,311,295,16,1489,20,36,1,1,0,1799,0,0,3,3,0,1797,0,0,7,7,0,1793,36,36,314,298,16,1486,20,36,1268,905,363,532,68,431,0.04141754544056997
targeting,acs_income,mlp,1004,task,work_class,1789,False,983,0,983,806,0,983,38,0,38,1751,0,38,117,0,117,1672,0,117,0,0,0,1789,0,0,117,0,117,1672,38,155,155,0,155,1634,0,155,983,0,983,806,0,983,1.9988045808737098e-18
targeting,acs_income,mlp,1004,task,household,1850,False,1095,0,1095,755,0,1095,145,0,145,1705,0,145,35,0,35,1815,0,35,0,0,0,1850,0,0,35,0,35,1815,145,180,180,0,180,1670,0,180,1095,0,1095,755,0,1095,3.118458475682496e-18
targeting,acs_income,mlp,1004,task,occupation,1887,False,1365,0,1365,522,0,1365,374,0,374,1513,0,374,0,0,0,1887,0,0,0,0,0,1887,0,0,4,0,4,1883,370,374,374,0,374,1513,0,374,1365,0,1365,522,0,1365,1.931548975297155e-17
targeting,acs_income,mlp,1004,task,education,1847,True,1207,0,1207,640,0,1207,256,0,256,1591,0,256,0,0,0,1847,0,0,0,0,0,1847,0,0,0,0,0,1847,256,256,256,0,256,1591,0,256,1207,0,1207,640,0,1207,2.1061859915507763e-17
targeting,acs_income,mlp,1004,task,hours,1800,True,1268,0,1268,532,0,1268,311,0,311,1489,0,311,1,0,1,1799,0,1,3,0,3,1797,0,3,7,0,7,1793,307,314,314,0,314,1486,0,314,1268,0,1268,532,0,1268,1.496893188587657e-17
signed_targeting,acs_income,mlp,1004,task,education,1847,True,1207,0,1207,640,0,1207,256,0,256,1591,0,256,0,0,0,1847,0,0,0,0,0,1847,0,0,0,0,0,1847,256,256,256,0,256,1591,0,256,1207,0,1207,640,0,1207,2.1061859915507763e-17
signed_targeting,acs_income,mlp,1004,task,hours,1800,True,1268,0,1268,532,0,1268,311,0,311,1489,0,311,1,0,1,1799,0,1,3,0,3,1797,0,3,7,0,7,1793,307,314,314,0,314,1486,0,314,1268,0,1268,532,0,1268,1.496893188587657e-17
targeting,acs_income,mlp,1004,augmentation,work_class,1789,False,983,275,708,806,460,1168,38,31,7,1751,96,103,117,114,3,1672,18,21,0,0,0,1789,0,0,117,100,17,1672,103,120,155,128,27,1634,93,120,983,275,708,806,460,1168,0.07607386054733942
targeting,acs_income,mlp,1004,augmentation,household,1850,False,1095,337,758,755,509,1267,145,105,40,1705,110,150,35,34,1,1815,16,17,0,0,0,1850,0,0,35,33,2,1815,162,164,180,136,44,1670,120,164,1095,337,758,755,509,1267,0.06320478145531831
targeting,acs_income,mlp,1004,augmentation,occupation,1887,False,1365,473,892,522,345,1237,374,297,77,1513,60,137,0,0,0,1887,8,8,0,0,0,1887,0,0,4,3,1,1883,142,143,374,294,80,1513,63,143,1365,473,892,522,345,1237,0.099507113574058
targeting,acs_income,mlp,1004,augmentation,education,1847,True,1207,306,901,640,333,1234,256,215,41,1591,87,128,0,0,0,1847,0,0,0,0,0,1847,1,1,0,0,0,1847,129,129,256,215,41,1591,88,129,1207,306,901,640,333,1234,0.10718559137098294
targeting,acs_income,mlp,1004,augmentation,hours,1800,True,1268,305,963,532,311,1274,311,261,50,1489,80,130,1,1,0,1799,5,5,3,0,3,1797,73,76,7,4,3,1793,197,200,314,249,65,1486,135,200,1268,282,986,532,314,1300,0.11014605223413794
signed_targeting,acs_income,mlp,1004,augmentation,education,1847,True,1207,306,901,640,333,1234,256,215,41,1591,87,128,0,0,0,1847,0,0,0,0,0,1847,1,1,0,0,0,1847,129,129,256,215,41,1591,88,129,1207,306,901,640,333,1234,0.10718559137098294
signed_targeting,acs_income,mlp,1004,augmentation,hours,1800,True,1268,305,963,532,311,1274,311,261,50,1489,80,130,1,1,0,1799,5,5,3,0,3,1797,73,76,7,4,3,1793,197,200,314,249,65,1486,135,200,1268,282,986,532,314,1300,0.11014605223413794
targeting,acs_income,mlp,1005,full,work_class,1789,False,998,998,0,791,0,0,60,59,1,1729,5,6,39,39,0,1750,0,0,0,0,0,1789,0,0,38,38,0,1751,6,6,96,95,1,1693,5,6,998,998,0,791,0,0,0.010175872905067865
targeting,acs_income,mlp,1005,full,household,1850,False,1302,1302,0,548,0,0,150,147,3,1700,7,10,46,46,0,1804,0,0,0,0,0,1850,0,0,47,45,2,1803,8,10,194,190,4,1656,6,10,1302,1302,0,548,0,0,0.015474822087163683
targeting,acs_income,mlp,1005,full,occupation,1887,False,1013,1013,0,874,0,0,388,380,8,1499,7,15,0,0,0,1887,0,0,0,0,0,1887,0,0,0,0,0,1887,15,15,388,380,8,1499,7,15,1013,1013,0,874,0,0,0.038611885556808584
targeting,acs_income,mlp,1005,full,education,1847,True,1496,1495,1,351,0,1,279,277,2,1568,5,7,0,0,0,1847,0,0,0,0,0,1847,0,0,5,5,0,1842,7,7,279,277,2,1568,5,7,1496,1495,1,351,0,1,0.04579835082536293
targeting,acs_income,mlp,1005,full,hours,1800,True,1391,1384,7,409,1,8,324,321,3,1476,6,9,6,6,0,1794,0,0,8,7,1,1792,0,1,14,13,1,1786,9,10,332,328,4,1468,6,10,1391,1383,8,409,1,9,0.040514009647540636
signed_targeting,acs_income,mlp,1005,full,education,1847,True,1496,1495,1,351,0,1,279,277,2,1568,5,7,0,0,0,1847,0,0,0,0,0,1847,0,0,5,5,0,1842,7,7,279,277,2,1568,5,7,1496,1495,1,351,0,1,0.04579835082536293
signed_targeting,acs_income,mlp,1005,full,hours,1800,True,1391,1384,7,409,1,8,324,321,3,1476,6,9,6,6,0,1794,0,0,8,7,1,1792,0,1,14,13,1,1786,9,10,332,328,4,1468,6,10,1391,1383,8,409,1,9,0.040514009647540636
targeting,acs_income,mlp,1005,features,work_class,1789,False,998,998,0,791,0,0,60,59,1,1729,8,9,39,39,0,1750,0,0,0,0,0,1789,0,0,38,38,0,1751,9,9,96,95,1,1693,8,9,998,998,0,791,0,0,0.008102234586791705
targeting,acs_income,mlp,1005,features,household,1850,False,1302,1302,0,548,0,0,150,146,4,1700,2,6,46,46,0,1804,0,0,0,0,0,1850,0,0,47,47,0,1803,6,6,194,190,4,1656,2,6,1302,1302,0,548,0,0,0.015161377259904246
targeting,acs_income,mlp,1005,features,occupation,1887,False,1013,1008,5,874,2,7,388,379,9,1499,7,16,0,0,0,1887,0,0,0,0,0,1887,0,0,0,0,0,1887,16,16,388,379,9,1499,7,16,1013,1008,5,874,2,7,0.03557640373945733
targeting,acs_income,mlp,1005,features,education,1847,True,1496,1459,37,351,4,41,279,276,3,1568,6,9,0,0,0,1847,0,0,0,0,0,1847,0,0,5,5,0,1842,9,9,279,276,3,1568,6,9,1496,1459,37,351,4,41,0.04470861346357947
targeting,acs_income,mlp,1005,features,hours,1800,True,1391,1385,6,409,1,7,324,315,9,1476,9,18,6,6,0,1794,0,0,8,7,1,1792,0,1,14,13,1,1786,18,19,332,322,10,1468,9,19,1391,1384,7,409,1,8,0.0405702482009808
signed_targeting,acs_income,mlp,1005,features,education,1847,True,1496,1459,37,351,4,41,279,276,3,1568,6,9,0,0,0,1847,0,0,0,0,0,1847,0,0,5,5,0,1842,9,9,279,276,3,1568,6,9,1496,1459,37,351,4,41,0.04470861346357947
signed_targeting,acs_income,mlp,1005,features,hours,1800,True,1391,1385,6,409,1,7,324,315,9,1476,9,18,6,6,0,1794,0,0,8,7,1,1792,0,1,14,13,1,1786,18,19,332,322,10,1468,9,19,1391,1384,7,409,1,8,0.0405702482009808
targeting,acs_income,mlp,1005,contexts,work_class,1789,False,998,998,0,791,0,0,60,58,2,1729,9,11,39,39,0,1750,0,0,0,0,0,1789,0,0,38,37,1,1751,10,11,96,93,3,1693,8,11,998,998,0,791,0,0,0.01367850998853001
targeting,acs_income,mlp,1005,contexts,household,1850,False,1302,1301,1,548,1,2,150,142,8,1700,13,21,46,46,0,1804,0,0,0,0,0,1850,0,0,47,47,0,1803,21,21,194,186,8,1656,13,21,1302,1301,1,548,1,2,0.01817856448622242
targeting,acs_income,mlp,1005,contexts,occupation,1887,False,1013,962,51,874,18,69,388,373,15,1499,8,23,0,0,0,1887,0,0,0,0,0,1887,0,0,0,0,0,1887,23,23,388,373,15,1499,8,23,1013,962,51,874,18,69,0.028822026333272313
targeting,acs_income,mlp,1005,contexts,education,1847,True,1496,1418,78,351,13,91,279,275,4,1568,7,11,0,0,0,1847,0,0,0,0,0,1847,0,0,5,5,0,1842,11,11,279,275,4,1568,7,11,1496,1418,78,351,13,91,0.04203686222792122
targeting,acs_income,mlp,1005,contexts,hours,1800,True,1391,1322,69,409,6,75,324,319,5,1476,4,9,6,6,0,1794,0,0,8,8,0,1792,0,0,14,14,0,1786,9,9,332,327,5,1468,4,9,1391,1322,69,409,6,75,0.04012993683616156
signed_targeting,acs_income,mlp,1005,contexts,education,1847,True,1496,1418,78,351,13,91,279,275,4,1568,7,11,0,0,0,1847,0,0,0,0,0,1847,0,0,5,5,0,1842,11,11,279,275,4,1568,7,11,1496,1418,78,351,13,91,0.04203686222792122
signed_targeting,acs_income,mlp,1005,contexts,hours,1800,True,1391,1322,69,409,6,75,324,319,5,1476,4,9,6,6,0,1794,0,0,8,8,0,1792,0,0,14,14,0,1786,9,9,332,327,5,1468,4,9,1391,1322,69,409,6,75,0.04012993683616156
targeting,acs_income,mlp,1005,population,work_class,1789,False,998,985,13,791,1,14,60,54,6,1729,20,26,39,39,0,1750,0,0,0,0,0,1789,0,0,38,38,0,1751,26,26,96,90,6,1693,20,26,998,985,13,791,1,14,0.007855577523144495
targeting,acs_income,mlp,1005,population,household,1850,False,1302,1296,6,548,1,7,150,142,8,1700,22,30,46,46,0,1804,0,0,0,0,0,1850,0,0,47,47,0,1803,30,30,194,186,8,1656,22,30,1302,1296,6,548,1,7,0.018257345453233566
targeting,acs_income,mlp,1005,population,occupation,1887,False,1013,843,170,874,71,241,388,368,20,1499,10,30,0,0,0,1887,0,0,0,0,0,1887,0,0,0,0,0,1887,30,30,388,368,20,1499,10,30,1013,843,170,874,71,241,0.02835806833138801
targeting,acs_income,mlp,1005,population,education,1847,True,1496,1189,307,351,65,372,279,267,12,1568,10,22,0,0,0,1847,0,0,0,0,0,1847,0,0,5,5,0,1842,22,22,279,267,12,1568,10,22,1496,1189,307,351,65,372,0.04551410377382273
targeting,acs_income,mlp,1005,population,hours,1800,True,1391,988,403,409,40,443,324,306,18,1476,8,26,6,6,0,1794,0,0,8,8,0,1792,0,0,14,14,0,1786,26,26,332,314,18,1468,8,26,1391,988,403,409,40,443,0.04419008523195883
signed_targeting,acs_income,mlp,1005,population,education,1847,True,1496,1189,307,351,65,372,279,267,12,1568,10,22,0,0,0,1847,0,0,0,0,0,1847,0,0,5,5,0,1842,22,22,279,267,12,1568,10,22,1496,1189,307,351,65,372,0.04551410377382273
signed_targeting,acs_income,mlp,1005,population,hours,1800,True,1391,988,403,409,40,443,324,306,18,1476,8,26,6,6,0,1794,0,0,8,8,0,1792,0,0,14,14,0,1786,26,26,332,314,18,1468,8,26,1391,988,403,409,40,443,0.04419008523195883
targeting,acs_income,mlp,1005,task,work_class,1789,False,998,0,998,791,0,998,60,0,60,1729,0,60,39,0,39,1750,0,39,0,0,0,1789,0,0,38,0,38,1751,58,96,96,0,96,1693,0,96,998,0,998,791,0,998,2.494316487681122e-18
targeting,acs_income,mlp,1005,task,household,1850,False,1302,0,1302,548,0,1302,150,0,150,1700,0,150,46,0,46,1804,0,46,0,0,0,1850,0,0,47,0,47,1803,147,194,194,0,194,1656,0,194,1302,0,1302,548,0,1302,4.0050135224000346e-18
targeting,acs_income,mlp,1005,task,occupation,1887,False,1013,0,1013,874,0,1013,388,0,388,1499,0,388,0,0,0,1887,0,0,0,0,0,1887,0,0,0,0,0,1887,388,388,388,0,388,1499,0,388,1013,0,1013,874,0,1013,1.9843571478849362e-17
targeting,acs_income,mlp,1005,task,education,1847,True,1496,0,1496,351,0,1496,279,0,279,1568,0,279,0,0,0,1847,0,0,0,0,0,1847,0,0,5,0,5,1842,274,279,279,0,279,1568,0,279,1496,0,1496,351,0,1496,2.2036952137364817e-17
targeting,acs_income,mlp,1005,task,hours,1800,True,1391,0,1391,409,0,1391,324,0,324,1476,0,324,6,0,6,1794,0,6,8,0,8,1792,0,8,14,0,14,1786,318,332,332,0,332,1468,0,332,1391,0,1391,409,0,1391,1.522882418163945e-17
signed_targeting,acs_income,mlp,1005,task,education,1847,True,1496,0,1496,351,0,1496,279,0,279,1568,0,279,0,0,0,1847,0,0,0,0,0,1847,0,0,5,0,5,1842,274,279,279,0,279,1568,0,279,1496,0,1496,351,0,1496,2.2036952137364817e-17
signed_targeting,acs_income,mlp,1005,task,hours,1800,True,1391,0,1391,409,0,1391,324,0,324,1476,0,324,6,0,6,1794,0,6,8,0,8,1792,0,8,14,0,14,1786,318,332,332,0,332,1468,0,332,1391,0,1391,409,0,1391,1.522882418163945e-17
targeting,acs_income,mlp,1005,augmentation,work_class,1789,False,998,185,813,791,577,1390,60,55,5,1729,86,91,39,39,0,1750,36,36,0,0,0,1789,0,0,38,35,3,1751,122,125,96,85,11,1693,114,125,998,185,813,791,577,1390,0.06903400167674148
targeting,acs_income,mlp,1005,augmentation,household,1850,False,1302,245,1057,548,399,1456,150,115,35,1700,114,149,46,45,1,1804,59,60,0,0,0,1850,0,0,47,42,5,1803,200,205,194,148,46,1656,159,205,1302,245,1057,548,399,1456,0.09325966939199656
targeting,acs_income,mlp,1005,augmentation,occupation,1887,False,1013,168,845,874,684,1529,388,313,75,1499,124,199,0,0,0,1887,9,9,0,0,0,1887,0,0,0,0,0,1887,208,208,388,312,76,1499,132,208,1013,168,845,874,684,1529,0.13209808740335374
targeting,acs_income,mlp,1005,augmentation,education,1847,True,1496,301,1195,351,274,1469,279,253,26,1568,107,133,0,0,0,1847,11,11,0,0,0,1847,87,87,5,4,1,1842,216,217,279,233,46,1568,171,217,1496,287,1209,351,274,1483,0.14074266406746014
targeting,acs_income,mlp,1005,augmentation,hours,1800,True,1391,239,1152,409,299,1451,324,283,41,1476,100,141,6,6,0,1794,7,7,8,6,2,1792,46,48,14,9,5,1786,180,185,332,281,51,1468,134,185,1391,235,1156,409,300,1456,0.15391320967934607
signed_targeting,acs_income,mlp,1005,augmentation,education,1847,True,1496,301,1195,351,274,1469,279,253,26,1568,107,133,0,0,0,1847,11,11,0,0,0,1847,87,87,5,4,1,1842,216,217,279,233,46,1568,171,217,1496,287,1209,351,274,1483,0.14074266406746014
signed_targeting,acs_income,mlp,1005,augmentation,hours,1800,True,1391,239,1152,409,299,1451,324,283,41,1476,100,141,6,6,0,1794,7,7,8,6,2,1792,46,48,14,9,5,1786,180,185,332,281,51,1468,134,185,1391,235,1156,409,300,1456,0.15391320967934607
targeting,acs_income,mlp,1006,full,work_class,1789,False,830,830,0,959,0,0,77,77,0,1712,10,10,15,15,0,1774,0,0,0,0,0,1789,0,0,15,15,0,1774,10,10,91,91,0,1698,10,10,830,830,0,959,0,0,0.028987720239907082
targeting,acs_income,mlp,1006,full,household,1850,False,859,859,0,991,0,0,126,126,0,1724,7,7,32,32,0,1818,0,0,0,0,0,1850,0,0,32,32,0,1818,7,7,158,158,0,1692,7,7,859,859,0,991,0,0,0.02954926019637489
targeting,acs_income,mlp,1006,full,occupation,1887,False,908,908,0,979,0,0,460,455,5,1427,9,14,0,0,0,1887,0,0,0,0,0,1887,0,0,0,0,0,1887,14,14,460,455,5,1427,9,14,908,908,0,979,0,0,0.06050225412695404
targeting,acs_income,mlp,1006,full,education,1847,True,1074,1073,1,773,2,3,330,327,3,1517,9,12,0,0,0,1847,0,0,0,0,0,1847,1,1,1,1,0,1846,13,13,330,326,4,1517,9,13,1074,1072,2,773,2,4,0.0625231558214258
targeting,acs_income,mlp,1006,full,hours,1800,True,1027,1027,0,773,0,0,352,349,3,1448,4,7,3,3,0,1797,0,0,11,10,1,1789,4,5,11,10,1,1789,11,12,363,359,4,1437,8,12,1028,1023,5,772,0,5,0.0656196954673162
signed_targeting,acs_income,mlp,1006,full,education,1847,True,1074,1073,1,773,2,3,330,327,3,1517,9,12,0,0,0,1847,0,0,0,0,0,1847,1,1,1,1,0,1846,13,13,330,326,4,1517,9,13,1074,1072,2,773,2,4,0.0625231558214258
signed_targeting,acs_income,mlp,1006,full,hours,1800,True,1027,1027,0,773,0,0,352,349,3,1448,4,7,3,3,0,1797,0,0,11,10,1,1789,4,5,11,10,1,1789,11,12,363,359,4,1437,8,12,1028,1023,5,772,0,5,0.0656196954673162
targeting,acs_income,mlp,1006,features,work_class,1789,False,830,830,0,959,0,0,77,75,2,1712,11,13,15,15,0,1774,0,0,0,0,0,1789,0,0,15,15,0,1774,13,13,91,89,2,1698,11,13,830,830,0,959,0,0,0.011450720017615133
targeting,acs_income,mlp,1006,features,household,1850,False,859,859,0,991,0,0,126,123,3,1724,8,11,32,32,0,1818,0,0,0,0,0,1850,0,0,32,32,0,1818,11,11,158,155,3,1692,8,11,859,859,0,991,0,0,0.013672159489836473
targeting,acs_income,mlp,1006,features,occupation,1887,False,908,907,1,979,2,3,460,458,2,1427,14,16,0,0,0,1887,0,0,0,0,0,1887,0,0,0,0,0,1887,16,16,460,458,2,1427,14,16,908,907,1,979,2,3,0.032478360513420616
targeting,acs_income,mlp,1006,features,education,1847,True,1074,1064,10,773,1,11,330,327,3,1517,8,11,0,0,0,1847,0,0,0,0,0,1847,0,0,1,1,0,1846,11,11,330,327,3,1517,8,11,1074,1064,10,773,1,11,0.03300305868183859
targeting,acs_income,mlp,1006,features,hours,1800,True,1027,1027,0,773,0,0,352,348,4,1448,8,12,3,3,0,1797,0,0,11,11,0,1789,0,0,11,11,0,1789,12,12,363,359,4,1437,8,12,1028,1028,0,772,0,0,0.0395816709923564
signed_targeting,acs_income,mlp,1006,features,education,1847,True,1074,1064,10,773,1,11,330,327,3,1517,8,11,0,0,0,1847,0,0,0,0,0,1847,0,0,1,1,0,1846,11,11,330,327,3,1517,8,11,1074,1064,10,773,1,11,0.03300305868183859
signed_targeting,acs_income,mlp,1006,features,hours,1800,True,1027,1027,0,773,0,0,352,348,4,1448,8,12,3,3,0,1797,0,0,11,11,0,1789,0,0,11,11,0,1789,12,12,363,359,4,1437,8,12,1028,1028,0,772,0,0,0.0395816709923564
targeting,acs_income,mlp,1006,contexts,work_class,1789,False,830,828,2,959,0,2,77,74,3,1712,11,14,15,15,0,1774,0,0,0,0,0,1789,0,0,15,15,0,1774,14,14,91,88,3,1698,11,14,830,828,2,959,0,2,0.007408203974126235
targeting,acs_income,mlp,1006,contexts,household,1850,False,859,858,1,991,0,1,126,123,3,1724,18,21,32,32,0,1818,1,1,0,0,0,1850,0,0,32,32,0,1818,22,22,158,155,3,1692,19,22,859,858,1,991,0,1,0.00818556948471582
targeting,acs_income,mlp,1006,contexts,occupation,1887,False,908,905,3,979,7,10,460,453,7,1427,9,16,0,0,0,1887,0,0,0,0,0,1887,0,0,0,0,0,1887,16,16,460,453,7,1427,9,16,908,905,3,979,7,10,0.03517835063498875
targeting,acs_income,mlp,1006,contexts,education,1847,True,1074,1028,46,773,16,62,330,322,8,1517,10,18,0,0,0,1847,0,0,0,0,0,1847,0,0,1,1,0,1846,18,18,330,322,8,1517,10,18,1074,1028,46,773,16,62,0.05719468623171591
targeting,acs_income,mlp,1006,contexts,hours,1800,True,1027,1011,16,773,9,25,352,345,7,1448,7,14,3,3,0,1797,0,0,11,11,0,1789,0,0,11,11,0,1789,14,14,363,356,7,1437,7,14,1028,1012,16,772,9,25,0.03313639768282412
signed_targeting,acs_income,mlp,1006,contexts,education,1847,True,1074,1028,46,773,16,62,330,322,8,1517,10,18,0,0,0,1847,0,0,0,0,0,1847,0,0,1,1,0,1846,18,18,330,322,8,1517,10,18,1074,1028,46,773,16,62,0.05719468623171591
signed_targeting,acs_income,mlp,1006,contexts,hours,1800,True,1027,1011,16,773,9,25,352,345,7,1448,7,14,3,3,0,1797,0,0,11,11,0,1789,0,0,11,11,0,1789,14,14,363,356,7,1437,7,14,1028,1012,16,772,9,25,0.03313639768282412
targeting,acs_income,mlp,1006,population,work_class,1789,False,830,795,35,959,1,36,77,73,4,1712,16,20,15,15,0,1774,1,1,0,0,0,1789,0,0,15,14,1,1774,20,21,91,87,4,1698,17,21,830,795,35,959,1,36,0.01963230242114793
targeting,acs_income,mlp,1006,population,household,1850,False,859,850,9,991,0,9,126,119,7,1724,25,32,32,32,0,1818,0,0,0,0,0,1850,0,0,32,32,0,1818,32,32,158,151,7,1692,25,32,859,850,9,991,0,9,0.008058281083168637
targeting,acs_income,mlp,1006,population,occupation,1887,False,908,901,7,979,20,27,460,442,18,1427,25,43,0,0,0,1887,0,0,0,0,0,1887,0,0,0,0,0,1887,43,43,460,442,18,1427,25,43,908,901,7,979,20,27,0.04125617158049204
targeting,acs_income,mlp,1006,population,education,1847,True,1074,870,204,773,9,213,330,314,16,1517,22,38,0,0,0,1847,0,0,0,0,0,1847,0,0,1,1,0,1846,38,38,330,314,16,1517,22,38,1074,870,204,773,9,213,0.056910091182545745
targeting,acs_income,mlp,1006,population,hours,1800,True,1027,849,178,773,19,197,352,338,14,1448,16,30,3,3,0,1797,0,0,11,11,0,1789,0,0,11,11,0,1789,30,30,363,349,14,1437,16,30,1028,850,178,772,19,197,0.03527864393382049
signed_targeting,acs_income,mlp,1006,population,education,1847,True,1074,870,204,773,9,213,330,314,16,1517,22,38,0,0,0,1847,0,0,0,0,0,1847,0,0,1,1,0,1846,38,38,330,314,16,1517,22,38,1074,870,204,773,9,213,0.056910091182545745
signed_targeting,acs_income,mlp,1006,population,hours,1800,True,1027,849,178,773,19,197,352,338,14,1448,16,30,3,3,0,1797,0,0,11,11,0,1789,0,0,11,11,0,1789,30,30,363,349,14,1437,16,30,1028,850,178,772,19,197,0.03527864393382049
targeting,acs_income,mlp,1006,task,work_class,1789,False,830,0,830,959,0,830,77,0,77,1712,0,77,15,0,15,1774,0,15,0,0,0,1789,0,0,15,0,15,1774,76,91,91,0,91,1698,0,91,830,0,830,959,0,830,2.74495869756692e-18
targeting,acs_income,mlp,1006,task,household,1850,False,859,0,859,991,0,859,126,0,126,1724,0,126,32,0,32,1818,0,32,0,0,0,1850,0,0,32,0,32,1818,126,158,158,0,158,1692,0,158,859,0,859,991,0,859,3.810296672773922e-18
targeting,acs_income,mlp,1006,task,occupation,1887,False,908,0,908,979,0,908,460,0,460,1427,0,460,0,0,0,1887,0,0,0,0,0,1887,0,0,0,0,0,1887,460,460,460,0,460,1427,0,460,908,0,908,979,0,908,2.100347245166606e-17
targeting,acs_income,mlp,1006,task,education,1847,True,1074,0,1074,773,0,1074,330,0,330,1517,0,330,0,0,0,1847,0,0,0,0,0,1847,0,0,1,0,1,1846,329,330,330,0,330,1517,0,330,1074,0,1074,773,0,1074,1.6513625931859752e-17
targeting,acs_income,mlp,1006,task,hours,1800,True,1027,0,1027,773,0,1027,352,0,352,1448,0,352,3,0,3,1797,0,3,11,0,11,1789,0,11,11,0,11,1789,352,363,363,0,363,1437,0,363,1028,0,1028,772,0,1028,1.468509679213797e-17
signed_targeting,acs_income,mlp,1006,task,education,1847,True,1074,0,1074,773,0,1074,330,0,330,1517,0,330,0,0,0,1847,0,0,0,0,0,1847,0,0,1,0,1,1846,329,330,330,0,330,1517,0,330,1074,0,1074,773,0,1074,1.6513625931859752e-17
signed_targeting,acs_income,mlp,1006,task,hours,1800,True,1027,0,1027,773,0,1027,352,0,352,1448,0,352,3,0,3,1797,0,3,11,0,11,1789,0,11,11,0,11,1789,352,363,363,0,363,1437,0,363,1028,0,1028,772,0,1028,1.468509679213797e-17
targeting,acs_income,mlp,1006,augmentation,work_class,1789,False,830,315,515,959,409,924,77,59,18,1712,140,158,15,15,0,1774,8,8,0,0,0,1789,0,0,15,13,2,1774,164,166,91,71,20,1698,146,166,830,315,515,959,409,924,0.06200484082207889
targeting,acs_income,mlp,1006,augmentation,household,1850,False,859,263,596,991,553,1149,126,96,30,1724,117,147,32,32,0,1818,15,15,0,0,0,1850,0,0,32,29,3,1818,158,161,158,124,34,1692,127,161,859,263,596,991,553,1149,0.04419159434284178
targeting,acs_income,mlp,1006,augmentation,occupation,1887,False,908,303,605,979,593,1198,460,356,104,1427,133,237,0,0,0,1887,2,2,0,0,0,1887,0,0,0,0,0,1887,239,239,460,356,104,1427,135,239,908,303,605,979,593,1198,0.1225318691093773
targeting,acs_income,mlp,1006,augmentation,education,1847,True,1074,91,983,773,616,1599,330,252,78,1517,97,175,0,0,0,1847,20,20,0,0,0,1847,92,92,1,1,0,1846,260,260,330,230,100,1517,160,260,1074,83,991,773,618,1609,0.08959195149684594
targeting,acs_income,mlp,1006,augmentation,hours,1800,True,1027,292,735,773,396,1131,352,283,69,1448,96,165,3,3,0,1797,2,2,11,7,4,1789,37,41,11,7,4,1789,199,203,363,287,76,1437,127,203,1028,280,748,772,396,1144,0.11913451212943872
signed_targeting,acs_income,mlp,1006,augmentation,education,1847,True,1074,91,983,773,616,1599,330,252,78,1517,97,175,0,0,0,1847,20,20,0,0,0,1847,92,92,1,1,0,1846,260,260,330,230,100,1517,160,260,1074,83,991,773,618,1609,0.08959195149684594
signed_targeting,acs_income,mlp,1006,augmentation,hours,1800,True,1027,292,735,773,396,1131,352,283,69,1448,96,165,3,3,0,1797,2,2,11,7,4,1789,37,41,11,7,4,1789,199,203,363,287,76,1437,127,203,1028,280,748,772,396,1144,0.11913451212943872
targeting,acs_income,mlp,1007,full,work_class,1789,False,1104,1104,0,685,0,0,70,69,1,1719,5,6,73,73,0,1716,0,0,0,0,0,1789,0,0,75,75,0,1714,6,6,136,135,1,1653,5,6,1104,1104,0,685,0,0,0.014931463545069605
targeting,acs_income,mlp,1007,full,household,1850,False,1650,1650,0,200,0,0,206,203,3,1644,5,8,52,52,0,1798,0,0,0,0,0,1850,0,0,53,53,0,1797,8,8,255,252,3,1595,5,8,1650,1650,0,200,0,0,0.023716563056408697
targeting,acs_income,mlp,1007,full,occupation,1887,False,1291,1291,0,596,0,0,440,437,3,1447,6,9,0,0,0,1887,0,0,0,0,0,1887,0,0,2,2,0,1885,9,9,440,437,3,1447,6,9,1291,1291,0,596,0,0,0.04724955648916306
targeting,acs_income,mlp,1007,full,education,1847,True,1559,1552,7,288,1,8,263,260,3,1584,3,6,0,0,0,1847,0,0,0,0,0,1847,0,0,16,16,0,1831,6,6,263,260,3,1584,3,6,1559,1552,7,288,1,8,0.04235858923649759
targeting,acs_income,mlp,1007,full,hours,1800,True,1247,1237,10,553,1,11,321,318,3,1479,8,11,1,1,0,1799,0,0,2,2,0,1798,1,1,3,3,0,1797,12,12,323,320,3,1477,9,12,1247,1236,11,553,1,12,0.044206737713560616
signed_targeting,acs_income,mlp,1007,full,education,1847,True,1559,1552,7,288,1,8,263,260,3,1584,3,6,0,0,0,1847,0,0,0,0,0,1847,0,0,16,16,0,1831,6,6,263,260,3,1584,3,6,1559,1552,7,288,1,8,0.04235858923649759
signed_targeting,acs_income,mlp,1007,full,hours,1800,True,1247,1237,10,553,1,11,321,318,3,1479,8,11,1,1,0,1799,0,0,2,2,0,1798,1,1,3,3,0,1797,12,12,323,320,3,1477,9,12,1247,1236,11,553,1,12,0.044206737713560616
targeting,acs_income,mlp,1007,features,work_class,1789,False,1104,1104,0,685,0,0,70,67,3,1719,12,15,73,73,0,1716,0,0,0,0,0,1789,0,0,75,74,1,1714,14,15,136,132,4,1653,11,15,1104,1104,0,685,0,0,0.009476350726014658
targeting,acs_income,mlp,1007,features,household,1850,False,1650,1649,1,200,0,1,206,199,7,1644,8,15,52,52,0,1798,0,0,0,0,0,1850,0,0,53,53,0,1797,15,15,255,248,7,1595,8,15,1650,1649,1,200,0,1,0.013887305217287755
targeting,acs_income,mlp,1007,features,occupation,1887,False,1291,1288,3,596,0,3,440,435,5,1447,4,9,0,0,0,1887,0,0,0,0,0,1887,0,0,2,2,0,1885,9,9,440,435,5,1447,4,9,1291,1288,3,596,0,3,0.06172989783615366
targeting,acs_income,mlp,1007,features,education,1847,True,1559,1552,7,288,0,7,263,256,7,1584,1,8,0,0,0,1847,0,0,0,0,0,1847,0,0,16,16,0,1831,8,8,263,256,7,1584,1,8,1559,1552,7,288,0,7,0.04364931696599761
targeting,acs_income,mlp,1007,features,hours,1800,True,1247,1214,33,553,11,44,321,317,4,1479,2,6,1,1,0,1799,0,0,2,2,0,1798,0,0,3,3,0,1797,6,6,323,319,4,1477,2,6,1247,1214,33,553,11,44,0.047326668341136566
signed_targeting,acs_income,mlp,1007,features,education,1847,True,1559,1552,7,288,0,7,263,256,7,1584,1,8,0,0,0,1847,0,0,0,0,0,1847,0,0,16,16,0,1831,8,8,263,256,7,1584,1,8,1559,1552,7,288,0,7,0.04364931696599761
signed_targeting,acs_income,mlp,1007,features,hours,1800,True,1247,1214,33,553,11,44,321,317,4,1479,2,6,1,1,0,1799,0,0,2,2,0,1798,0,0,3,3,0,1797,6,6,323,319,4,1477,2,6,1247,1214,33,553,11,44,0.047326668341136566
targeting,acs_income,mlp,1007,contexts,work_class,1789,False,1104,1103,1,685,0,1,70,69,1,1719,12,13,73,73,0,1716,0,0,0,0,0,1789,0,0,75,74,1,1714,12,13,136,134,2,1653,11,13,1104,1103,1,685,0,1,0.024788640353540416
targeting,acs_income,mlp,1007,contexts,household,1850,False,1650,1646,4,200,0,4,206,200,6,1644,10,16,52,52,0,1798,0,0,0,0,0,1850,0,0,53,53,0,1797,16,16,255,249,6,1595,10,16,1650,1646,4,200,0,4,0.0549941409036753
targeting,acs_income,mlp,1007,contexts,occupation,1887,False,1291,1235,56,596,20,76,440,430,10,1447,13,23,0,0,0,1887,0,0,0,0,0,1887,0,0,2,2,0,1885,23,23,440,430,10,1447,13,23,1291,1235,56,596,20,76,0.0663128194542414
targeting,acs_income,mlp,1007,contexts,education,1847,True,1559,1478,81,288,7,88,263,261,2,1584,10,12,0,0,0,1847,0,0,0,0,0,1847,6,6,16,16,0,1831,18,18,263,259,4,1584,14,18,1559,1473,86,288,8,94,0.06881603881967083
targeting,acs_income,mlp,1007,contexts,hours,1800,True,1247,1160,87,553,25,112,321,315,6,1479,12,18,1,1,0,1799,0,0,2,2,0,1798,4,4,3,3,0,1797,22,22,323,316,7,1477,15,22,1247,1156,91,553,25,116,0.07678193078687094
signed_targeting,acs_income,mlp,1007,contexts,education,1847,True,1559,1478,81,288,7,88,263,261,2,1584,10,12,0,0,0,1847,0,0,0,0,0,1847,6,6,16,16,0,1831,18,18,263,259,4,1584,14,18,1559,1473,86,288,8,94,0.06881603881967083
signed_targeting,acs_income,mlp,1007,contexts,hours,1800,True,1247,1160,87,553,25,112,321,315,6,1479,12,18,1,1,0,1799,0,0,2,2,0,1798,4,4,3,3,0,1797,22,22,323,316,7,1477,15,22,1247,1156,91,553,25,116,0.07678193078687094
targeting,acs_income,mlp,1007,population,work_class,1789,False,1104,1086,18,685,5,23,70,61,9,1719,30,39,73,73,0,1716,0,0,0,0,0,1789,0,0,75,72,3,1714,36,39,136,125,11,1653,28,39,1104,1086,18,685,5,23,0.008775778653061863
targeting,acs_income,mlp,1007,population,household,1850,False,1650,1489,161,200,6,167,206,190,16,1644,21,37,52,52,0,1798,0,0,0,0,0,1850,0,0,53,52,1,1797,36,37,255,238,17,1595,20,37,1650,1489,161,200,6,167,0.01454461377821351
targeting,acs_income,mlp,1007,population,occupation,1887,False,1291,1004,287,596,99,386,440,412,28,1447,22,50,0,0,0,1887,0,0,0,0,0,1887,0,0,2,1,1,1885,49,50,440,412,28,1447,22,50,1291,1004,287,596,99,386,0.06443992519862363
targeting,acs_income,mlp,1007,population,education,1847,True,1559,929,630,288,103,733,263,243,20,1584,18,38,0,0,0,1847,0,0,0,0,0,1847,0,0,16,15,1,1831,37,38,263,243,20,1584,18,38,1559,929,630,288,103,733,0.04590149589125107
targeting,acs_income,mlp,1007,population,hours,1800,True,1247,801,446,553,149,595,321,297,24,1479,22,46,1,1,0,1799,0,0,2,2,0,1798,0,0,3,3,0,1797,46,46,323,299,24,1477,22,46,1247,801,446,553,149,595,0.050072539671784135
signed_targeting,acs_income,mlp,1007,population,education,1847,True,1559,929,630,288,103,733,263,243,20,1584,18,38,0,0,0,1847,0,0,0,0,0,1847,0,0,16,15,1,1831,37,38,263,243,20,1584,18,38,1559,929,630,288,103,733,0.04590149589125107
signed_targeting,acs_income,mlp,1007,population,hours,1800,True,1247,801,446,553,149,595,321,297,24,1479,22,46,1,1,0,1799,0,0,2,2,0,1798,0,0,3,3,0,1797,46,46,323,299,24,1477,22,46,1247,801,446,553,149,595,0.050072539671784135
targeting,acs_income,mlp,1007,task,work_class,1789,False,1104,0,1104,685,0,1104,70,0,70,1719,0,70,73,0,73,1716,0,73,0,0,0,1789,0,0,75,0,75,1714,61,136,136,0,136,1653,0,136,1104,0,1104,685,0,1104,2.419226472419667e-18
targeting,acs_income,mlp,1007,task,household,1850,False,1650,0,1650,200,0,1650,206,0,206,1644,0,206,52,0,52,1798,0,52,0,0,0,1850,0,0,53,0,53,1797,202,255,255,0,255,1595,0,255,1650,0,1650,200,0,1650,4.793199199035578e-18
targeting,acs_income,mlp,1007,task,occupation,1887,False,1291,0,1291,596,0,1291,440,0,440,1447,0,440,0,0,0,1887,0,0,0,0,0,1887,0,0,2,0,2,1885,438,440,440,0,440,1447,0,440,1291,0,1291,596,0,1291,2.1071084264409693e-17
targeting,acs_income,mlp,1007,task,education,1847,True,1559,0,1559,288,0,1559,263,0,263,1584,0,263,0,0,0,1847,0,0,0,0,0,1847,0,0,16,0,16,1831,247,263,263,0,263,1584,0,263,1559,0,1559,288,0,1559,1.8411772193337353e-17
targeting,acs_income,mlp,1007,task,hours,1800,True,1247,0,1247,553,0,1247,321,0,321,1479,0,321,1,0,1,1799,0,1,2,0,2,1798,0,2,3,0,3,1797,320,323,323,0,323,1477,0,323,1247,0,1247,553,0,1247,1.716136937900434e-17
signed_targeting,acs_income,mlp,1007,task,education,1847,True,1559,0,1559,288,0,1559,263,0,263,1584,0,263,0,0,0,1847,0,0,0,0,0,1847,0,0,16,0,16,1831,247,263,263,0,263,1584,0,263,1559,0,1559,288,0,1559,1.8411772193337353e-17
signed_targeting,acs_income,mlp,1007,task,hours,1800,True,1247,0,1247,553,0,1247,321,0,321,1479,0,321,1,0,1,1799,0,1,2,0,2,1798,0,2,3,0,3,1797,320,323,323,0,323,1477,0,323,1247,0,1247,553,0,1247,1.716136937900434e-17
targeting,acs_income,mlp,1007,augmentation,work_class,1789,False,1104,473,631,685,218,849,70,54,16,1719,80,96,73,73,0,1716,19,19,0,0,0,1789,0,0,75,67,8,1714,106,114,136,114,22,1653,92,114,1104,473,631,685,218,849,0.04833183688861306
targeting,acs_income,mlp,1007,augmentation,household,1850,False,1650,608,1042,200,90,1132,206,158,48,1644,101,149,52,51,1,1798,27,28,0,0,0,1850,0,0,53,45,8,1797,165,173,255,192,63,1595,110,173,1650,608,1042,200,90,1132,0.05348726084629484
targeting,acs_income,mlp,1007,augmentation,occupation,1887,False,1291,387,904,596,356,1260,440,359,81,1447,124,205,0,0,0,1887,3,3,0,0,0,1887,0,0,2,1,1,1885,207,208,440,358,82,1447,126,208,1291,387,904,596,356,1260,0.11314697701455156
targeting,acs_income,mlp,1007,augmentation,education,1847,True,1559,298,1261,288,175,1436,263,218,45,1584,89,134,0,0,0,1847,2,2,0,0,0,1847,8,8,16,15,1,1831,141,142,263,217,46,1584,96,142,1559,297,1262,288,175,1437,0.10307224780848977
targeting,acs_income,mlp,1007,augmentation,hours,1800,True,1247,285,962,553,368,1330,321,254,67,1479,78,145,1,1,0,1799,1,1,2,2,0,1798,20,20,3,2,1,1797,162,163,323,253,70,1477,93,163,1247,276,971,553,368,1339,0.1345174714482809
signed_targeting,acs_income,mlp,1007,augmentation,education,1847,True,1559,298,1261,288,175,1436,263,218,45,1584,89,134,0,0,0,1847,2,2,0,0,0,1847,8,8,16,15,1,1831,141,142,263,217,46,1584,96,142,1559,297,1262,288,175,1437,0.10307224780848977
signed_targeting,acs_income,mlp,1007,augmentation,hours,1800,True,1247,285,962,553,368,1330,321,254,67,1479,78,145,1,1,0,1799,1,1,2,2,0,1798,20,20,3,2,1,1797,162,163,323,253,70,1477,93,163,1247,276,971,553,368,1339,0.1345174714482809
targeting,acs_income,mlp,1008,full,work_class,1789,False,1077,1077,0,712,0,0,44,44,0,1745,6,6,133,133,0,1656,0,0,0,0,0,1789,0,0,133,131,2,1656,4,6,166,164,2,1623,4,6,1077,1077,0,712,0,0,0.009893354157952113
targeting,acs_income,mlp,1008,full,household,1850,False,1128,1126,2,722,0,2,112,106,6,1738,6,12,53,53,0,1797,0,0,0,0,0,1850,0,0,53,52,1,1797,11,12,163,157,6,1687,6,12,1128,1126,2,722,0,2,0.010069381642672725
targeting,acs_income,mlp,1008,full,occupation,1887,False,1134,1134,0,753,0,0,422,418,4,1465,7,11,0,0,0,1887,0,0,0,0,0,1887,0,0,1,1,0,1886,11,11,422,418,4,1465,7,11,1134,1134,0,753,0,0,0.0400381741981143
targeting,acs_income,mlp,1008,full,education,1847,True,1372,1365,7,475,0,7,310,308,2,1537,4,6,0,0,0,1847,0,0,0,0,0,1847,0,0,3,3,0,1844,6,6,310,308,2,1537,4,6,1372,1365,7,475,0,7,0.03394338453635244
targeting,acs_income,mlp,1008,full,hours,1800,True,1197,1189,8,603,2,10,307,300,7,1493,7,14,0,0,0,1800,0,0,4,4,0,1796,0,0,5,5,0,1795,14,14,311,304,7,1489,7,14,1197,1189,8,603,2,10,0.036382070183144766
signed_targeting,acs_income,mlp,1008,full,education,1847,True,1372,1365,7,475,0,7,310,308,2,1537,4,6,0,0,0,1847,0,0,0,0,0,1847,0,0,3,3,0,1844,6,6,310,308,2,1537,4,6,1372,1365,7,475,0,7,0.03394338453635244
signed_targeting,acs_income,mlp,1008,full,hours,1800,True,1197,1189,8,603,2,10,307,300,7,1493,7,14,0,0,0,1800,0,0,4,4,0,1796,0,0,5,5,0,1795,14,14,311,304,7,1489,7,14,1197,1189,8,603,2,10,0.036382070183144766
targeting,acs_income,mlp,1008,features,work_class,1789,False,1077,1076,1,712,0,1,44,44,0,1745,10,10,133,133,0,1656,0,0,0,0,0,1789,0,0,133,131,2,1656,8,10,166,164,2,1623,8,10,1077,1076,1,712,0,1,0.009544185122807785
targeting,acs_income,mlp,1008,features,household,1850,False,1128,1126,2,722,0,2,112,109,3,1738,6,9,53,53,0,1797,0,0,0,0,0,1850,0,0,53,52,1,1797,8,9,163,160,3,1687,6,9,1128,1126,2,722,0,2,0.010303791284041599
targeting,acs_income,mlp,1008,features,occupation,1887,False,1134,1133,1,753,0,1,422,416,6,1465,9,15,0,0,0,1887,0,0,0,0,0,1887,0,0,1,1,0,1886,15,15,422,416,6,1465,9,15,1134,1133,1,753,0,1,0.04809142669057078
targeting,acs_income,mlp,1008,features,education,1847,True,1372,1295,77,475,37,114,310,303,7,1537,4,11,0,0,0,1847,0,0,0,0,0,1847,0,0,3,3,0,1844,11,11,310,303,7,1537,4,11,1372,1295,77,475,37,114,0.03438132403612595
targeting,acs_income,mlp,1008,features,hours,1800,True,1197,1158,39,603,6,45,307,300,7,1493,6,13,0,0,0,1800,0,0,4,4,0,1796,0,0,5,5,0,1795,13,13,311,304,7,1489,6,13,1197,1158,39,603,6,45,0.037863825618872374
signed_targeting,acs_income,mlp,1008,features,education,1847,True,1372,1295,77,475,37,114,310,303,7,1537,4,11,0,0,0,1847,0,0,0,0,0,1847,0,0,3,3,0,1844,11,11,310,303,7,1537,4,11,1372,1295,77,475,37,114,0.03438132403612595
signed_targeting,acs_income,mlp,1008,features,hours,1800,True,1197,1158,39,603,6,45,307,300,7,1493,6,13,0,0,0,1800,0,0,4,4,0,1796,0,0,5,5,0,1795,13,13,311,304,7,1489,6,13,1197,1158,39,603,6,45,0.037863825618872374
targeting,acs_income,mlp,1008,contexts,work_class,1789,False,1077,1077,0,712,0,0,44,43,1,1745,15,16,133,133,0,1656,0,0,0,0,0,1789,0,0,133,131,2,1656,14,16,166,163,3,1623,13,16,1077,1077,0,712,0,0,0.009623489392665153
targeting,acs_income,mlp,1008,contexts,household,1850,False,1128,1128,0,722,0,0,112,108,4,1738,12,16,53,53,0,1797,0,0,0,0,0,1850,0,0,53,53,0,1797,16,16,163,159,4,1687,12,16,1128,1128,0,722,0,0,0.00922458766965201
targeting,acs_income,mlp,1008,contexts,occupation,1887,False,1134,1110,24,753,25,49,422,407,15,1465,8,23,0,0,0,1887,0,0,0,0,0,1887,0,0,1,1,0,1886,23,23,422,407,15,1465,8,23,1134,1110,24,753,25,49,0.03883385751571352
targeting,acs_income,mlp,1008,contexts,education,1847,True,1372,1247,125,475,72,197,310,306,4,1537,6,10,0,0,0,1847,0,0,0,0,0,1847,0,0,3,3,0,1844,10,10,310,306,4,1537,6,10,1372,1247,125,475,72,197,0.0324336742456516
targeting,acs_income,mlp,1008,contexts,hours,1800,True,1197,1144,53,603,9,62,307,296,11,1493,7,18,0,0,0,1800,0,0,4,4,0,1796,0,0,5,5,0,1795,18,18,311,300,11,1489,7,18,1197,1144,53,603,9,62,0.03701456828914956
signed_targeting,acs_income,mlp,1008,contexts,education,1847,True,1372,1247,125,475,72,197,310,306,4,1537,6,10,0,0,0,1847,0,0,0,0,0,1847,0,0,3,3,0,1844,10,10,310,306,4,1537,6,10,1372,1247,125,475,72,197,0.0324336742456516
signed_targeting,acs_income,mlp,1008,contexts,hours,1800,True,1197,1144,53,603,9,62,307,296,11,1493,7,18,0,0,0,1800,0,0,4,4,0,1796,0,0,5,5,0,1795,18,18,311,300,11,1489,7,18,1197,1144,53,603,9,62,0.03701456828914956
targeting,acs_income,mlp,1008,population,work_class,1789,False,1077,1059,18,712,1,19,44,41,3,1745,16,19,133,133,0,1656,0,0,0,0,0,1789,0,0,133,130,3,1656,16,19,166,160,6,1623,13,19,1077,1059,18,712,1,19,0.0131416386229583
targeting,acs_income,mlp,1008,population,household,1850,False,1128,1099,29,722,7,36,112,107,5,1738,20,25,53,53,0,1797,0,0,0,0,0,1850,0,0,53,53,0,1797,25,25,163,158,5,1687,20,25,1128,1099,29,722,7,36,0.009696393386852601
targeting,acs_income,mlp,1008,population,occupation,1887,False,1134,1088,46,753,51,97,422,408,14,1465,9,23,0,0,0,1887,0,0,0,0,0,1887,0,0,1,1,0,1886,23,23,422,408,14,1465,9,23,1134,1088,46,753,51,97,0.03739679487432383
targeting,acs_income,mlp,1008,population,education,1847,True,1372,1220,152,475,62,214,310,301,9,1537,9,18,0,0,0,1847,0,0,0,0,0,1847,0,0,3,3,0,1844,18,18,310,301,9,1537,9,18,1372,1220,152,475,62,214,0.033126317449141664
targeting,acs_income,mlp,1008,population,hours,1800,True,1197,1008,189,603,53,242,307,293,14,1493,12,26,0,0,0,1800,0,0,4,4,0,1796,0,0,5,5,0,1795,26,26,311,297,14,1489,12,26,1197,1008,189,603,53,242,0.039258396655424625
signed_targeting,acs_income,mlp,1008,population,education,1847,True,1372,1220,152,475,62,214,310,301,9,1537,9,18,0,0,0,1847,0,0,0,0,0,1847,0,0,3,3,0,1844,18,18,310,301,9,1537,9,18,1372,1220,152,475,62,214,0.033126317449141664
signed_targeting,acs_income,mlp,1008,population,hours,1800,True,1197,1008,189,603,53,242,307,293,14,1493,12,26,0,0,0,1800,0,0,4,4,0,1796,0,0,5,5,0,1795,26,26,311,297,14,1489,12,26,1197,1008,189,603,53,242,0.039258396655424625
targeting,acs_income,mlp,1008,task,work_class,1789,False,1077,0,1077,712,0,1077,44,0,44,1745,0,44,133,0,133,1656,0,133,0,0,0,1789,0,0,133,0,133,1656,33,166,166,0,166,1623,0,166,1077,0,1077,712,0,1077,2.096558527448283e-18
targeting,acs_income,mlp,1008,task,household,1850,False,1128,0,1128,722,0,1128,112,0,112,1738,0,112,53,0,53,1797,0,53,0,0,0,1850,0,0,53,0,53,1797,110,163,163,0,163,1687,0,163,1128,0,1128,722,0,1128,3.0900054943451062e-18
targeting,acs_income,mlp,1008,task,occupation,1887,False,1134,0,1134,753,0,1134,422,0,422,1465,0,422,0,0,0,1887,0,0,0,0,0,1887,0,0,1,0,1,1886,421,422,422,0,422,1465,0,422,1134,0,1134,753,0,1134,2.0798180752551556e-17
targeting,acs_income,mlp,1008,task,education,1847,True,1372,0,1372,475,0,1372,310,0,310,1537,0,310,0,0,0,1847,0,0,0,0,0,1847,0,0,3,0,3,1844,307,310,310,0,310,1537,0,310,1372,0,1372,475,0,1372,2.080093524541041e-17
targeting,acs_income,mlp,1008,task,hours,1800,True,1197,0,1197,603,0,1197,307,0,307,1493,0,307,0,0,0,1800,0,0,4,0,4,1796,0,4,5,0,5,1795,306,311,311,0,311,1489,0,311,1197,0,1197,603,0,1197,1.4788577866156306e-17
signed_targeting,acs_income,mlp,1008,task,education,1847,True,1372,0,1372,475,0,1372,310,0,310,1537,0,310,0,0,0,1847,0,0,0,0,0,1847,0,0,3,0,3,1844,307,310,310,0,310,1537,0,310,1372,0,1372,475,0,1372,2.080093524541041e-17
signed_targeting,acs_income,mlp,1008,task,hours,1800,True,1197,0,1197,603,0,1197,307,0,307,1493,0,307,0,0,0,1800,0,0,4,0,4,1796,0,4,5,0,5,1795,306,311,311,0,311,1489,0,311,1197,0,1197,603,0,1197,1.4788577866156306e-17
targeting,acs_income,mlp,1008,augmentation,work_class,1789,False,1077,633,444,712,167,611,44,41,3,1745,56,59,133,132,1,1656,3,4,0,0,0,1789,0,0,133,129,4,1656,59,63,166,159,7,1623,56,63,1077,633,444,712,167,611,0.05023400474625375
targeting,acs_income,mlp,1008,augmentation,household,1850,False,1128,369,759,722,370,1129,112,92,20,1738,73,93,53,52,1,1797,15,16,0,0,0,1850,0,0,53,48,5,1797,103,108,163,135,28,1687,80,108,1128,369,759,722,370,1129,0.059084504723229056
targeting,acs_income,mlp,1008,augmentation,occupation,1887,False,1134,440,694,753,396,1090,422,372,50,1465,57,107,0,0,0,1887,0,0,0,0,0,1887,0,0,1,1,0,1886,107,107,422,372,50,1465,57,107,1134,440,694,753,396,1090,0.13852303938593732
targeting,acs_income,mlp,1008,augmentation,education,1847,True,1372,375,997,475,204,1201,310,276,34,1537,41,75,0,0,0,1847,0,0,0,0,0,1847,0,0,3,3,0,1844,75,75,310,276,34,1537,41,75,1372,375,997,475,204,1201,0.1046316233875659
targeting,acs_income,mlp,1008,augmentation,hours,1800,True,1197,364,833,603,299,1132,307,270,37,1493,42,79,0,0,0,1800,2,2,4,3,1,1796,31,32,5,3,2,1795,108,110,311,272,39,1489,71,110,1197,349,848,603,299,1147,0.14510606733750536
signed_targeting,acs_income,mlp,1008,augmentation,education,1847,True,1372,375,997,475,204,1201,310,276,34,1537,41,75,0,0,0,1847,0,0,0,0,0,1847,0,0,3,3,0,1844,75,75,310,276,34,1537,41,75,1372,375,997,475,204,1201,0.1046316233875659
signed_targeting,acs_income,mlp,1008,augmentation,hours,1800,True,1197,364,833,603,299,1132,307,270,37,1493,42,79,0,0,0,1800,2,2,4,3,1,1796,31,32,5,3,2,1795,108,110,311,272,39,1489,71,110,1197,349,848,603,299,1147,0.14510606733750536
targeting,acs_income,mlp,1009,full,work_class,1789,False,790,790,0,999,0,0,73,72,1,1716,8,9,21,21,0,1768,0,0,0,0,0,1789,0,0,20,19,1,1769,8,9,93,91,2,1696,7,9,790,790,0,999,0,0,0.010073811819867618
targeting,acs_income,mlp,1009,full,household,1850,False,979,979,0,871,0,0,137,133,4,1713,12,16,28,28,0,1822,0,0,0,0,0,1850,0,0,28,26,2,1822,14,16,165,159,6,1685,10,16,979,979,0,871,0,0,0.03806573805555826
targeting,acs_income,mlp,1009,full,occupation,1887,False,1056,1056,0,831,0,0,444,437,7,1443,9,16,0,0,0,1887,0,0,0,0,0,1887,0,0,0,0,0,1887,16,16,444,437,7,1443,9,16,1056,1056,0,831,0,0,0.040156740648695496
targeting,acs_income,mlp,1009,full,education,1847,True,1242,1241,1,605,0,1,323,316,7,1524,7,14,0,0,0,1847,0,0,0,0,0,1847,0,0,4,4,0,1843,14,14,323,316,7,1524,7,14,1242,1241,1,605,0,1,0.03142884329744936
targeting,acs_income,mlp,1009,full,hours,1800,True,1153,1148,5,647,1,6,307,300,7,1493,8,15,0,0,0,1800,0,0,3,3,0,1797,0,0,8,8,0,1792,15,15,310,303,7,1490,8,15,1154,1149,5,646,1,6,0.043426379111224794
signed_targeting,acs_income,mlp,1009,full,education,1847,True,1242,1241,1,605,0,1,323,316,7,1524,7,14,0,0,0,1847,0,0,0,0,0,1847,0,0,4,4,0,1843,14,14,323,316,7,1524,7,14,1242,1241,1,605,0,1,0.03142884329744936
signed_targeting,acs_income,mlp,1009,full,hours,1800,True,1153,1148,5,647,1,6,307,300,7,1493,8,15,0,0,0,1800,0,0,3,3,0,1797,0,0,8,8,0,1792,15,15,310,303,7,1490,8,15,1154,1149,5,646,1,6,0.043426379111224794
targeting,acs_income,mlp,1009,features,work_class,1789,False,790,790,0,999,0,0,73,73,0,1716,5,5,21,21,0,1768,0,0,0,0,0,1789,0,0,20,19,1,1769,4,5,93,92,1,1696,4,5,790,790,0,999,0,0,0.01019108042482807
targeting,acs_income,mlp,1009,features,household,1850,False,979,979,0,871,0,0,137,129,8,1713,8,16,28,28,0,1822,0,0,0,0,0,1850,0,0,28,27,1,1822,15,16,165,156,9,1685,7,16,979,979,0,871,0,0,0.0380758499449077
targeting,acs_income,mlp,1009,features,occupation,1887,False,1056,1055,1,831,0,1,444,436,8,1443,6,14,0,0,0,1887,0,0,0,0,0,1887,0,0,0,0,0,1887,14,14,444,436,8,1443,6,14,1056,1055,1,831,0,1,0.036307377868422676
targeting,acs_income,mlp,1009,features,education,1847,True,1242,1242,0,605,0,0,323,316,7,1524,7,14,0,0,0,1847,0,0,0,0,0,1847,0,0,4,4,0,1843,14,14,323,316,7,1524,7,14,1242,1242,0,605,0,0,0.03169343357265376
targeting,acs_income,mlp,1009,features,hours,1800,True,1153,1147,6,647,1,7,307,300,7,1493,10,17,0,0,0,1800,0,0,3,3,0,1797,1,1,8,8,0,1792,18,18,310,303,7,1490,11,18,1154,1147,7,646,1,8,0.04325376702597661
signed_targeting,acs_income,mlp,1009,features,education,1847,True,1242,1242,0,605,0,0,323,316,7,1524,7,14,0,0,0,1847,0,0,0,0,0,1847,0,0,4,4,0,1843,14,14,323,316,7,1524,7,14,1242,1242,0,605,0,0,0.03169343357265376
signed_targeting,acs_income,mlp,1009,features,hours,1800,True,1153,1147,6,647,1,7,307,300,7,1493,10,17,0,0,0,1800,0,0,3,3,0,1797,1,1,8,8,0,1792,18,18,310,303,7,1490,11,18,1154,1147,7,646,1,8,0.04325376702597661
targeting,acs_income,mlp,1009,contexts,work_class,1789,False,790,786,4,999,1,5,73,70,3,1716,9,12,21,21,0,1768,0,0,0,0,0,1789,0,0,20,20,0,1769,12,12,93,89,4,1696,8,12,790,786,4,999,1,5,0.010249426314675228
targeting,acs_income,mlp,1009,contexts,household,1850,False,979,973,6,871,0,6,137,135,2,1713,10,12,28,28,0,1822,0,0,0,0,0,1850,0,0,28,26,2,1822,10,12,165,161,4,1685,8,12,979,973,6,871,0,6,0.03369240560795376
targeting,acs_income,mlp,1009,contexts,occupation,1887,False,1056,1034,22,831,17,39,444,434,10,1443,9,19,0,0,0,1887,0,0,0,0,0,1887,0,0,0,0,0,1887,19,19,444,434,10,1443,9,19,1056,1034,22,831,17,39,0.037127492547241736
targeting,acs_income,mlp,1009,contexts,education,1847,True,1242,1197,45,605,6,51,323,321,2,1524,9,11,0,0,0,1847,0,0,0,0,0,1847,0,0,4,4,0,1843,11,11,323,321,2,1524,9,11,1242,1197,45,605,6,51,0.0319437562407276
targeting,acs_income,mlp,1009,contexts,hours,1800,True,1153,941,212,647,49,261,307,300,7,1493,11,18,0,0,0,1800,0,0,3,3,0,1797,0,0,8,8,0,1792,18,18,310,303,7,1490,11,18,1154,942,212,646,49,261,0.04373166431289765
signed_targeting,acs_income,mlp,1009,contexts,education,1847,True,1242,1197,45,605,6,51,323,321,2,1524,9,11,0,0,0,1847,0,0,0,0,0,1847,0,0,4,4,0,1843,11,11,323,321,2,1524,9,11,1242,1197,45,605,6,51,0.0319437562407276
signed_targeting,acs_income,mlp,1009,contexts,hours,1800,True,1153,941,212,647,49,261,307,300,7,1493,11,18,0,0,0,1800,0,0,3,3,0,1797,0,0,8,8,0,1792,18,18,310,303,7,1490,11,18,1154,942,212,646,49,261,0.04373166431289765
targeting,acs_income,mlp,1009,population,work_class,1789,False,790,771,19,999,10,29,73,54,19,1716,32,51,21,21,0,1768,0,0,0,0,0,1789,0,0,20,19,1,1769,50,51,93,73,20,1696,31,51,790,771,19,999,10,29,0.007021097917753463
targeting,acs_income,mlp,1009,population,household,1850,False,979,835,144,871,1,145,137,110,27,1713,72,99,28,28,0,1822,0,0,0,0,0,1850,0,0,28,28,0,1822,99,99,165,138,27,1685,72,99,979,835,144,871,1,145,0.023794202133625868
targeting,acs_income,mlp,1009,population,occupation,1887,False,1056,995,61,831,29,90,444,386,58,1443,46,104,0,0,0,1887,0,0,0,0,0,1887,0,0,0,0,0,1887,104,104,444,386,58,1443,46,104,1056,995,61,831,29,90,0.0415814048432031
targeting,acs_income,mlp,1009,population,education,1847,True,1242,881,361,605,34,395,323,285,38,1524,32,70,0,0,0,1847,0,0,0,0,0,1847,0,0,4,3,1,1843,69,70,323,285,38,1524,32,70,1242,881,361,605,34,395,0.029148074830286044
targeting,acs_income,mlp,1009,population,hours,1800,True,1153,679,474,647,62,536,307,270,37,1493,37,74,0,0,0,1800,0,0,3,3,0,1797,0,0,8,8,0,1792,74,74,310,273,37,1490,37,74,1154,680,474,646,62,536,0.04028627884054408
signed_targeting,acs_income,mlp,1009,population,education,1847,True,1242,881,361,605,34,395,323,285,38,1524,32,70,0,0,0,1847,0,0,0,0,0,1847,0,0,4,3,1,1843,69,70,323,285,38,1524,32,70,1242,881,361,605,34,395,0.029148074830286044
signed_targeting,acs_income,mlp,1009,population,hours,1800,True,1153,679,474,647,62,536,307,270,37,1493,37,74,0,0,0,1800,0,0,3,3,0,1797,0,0,8,8,0,1792,74,74,310,273,37,1490,37,74,1154,680,474,646,62,536,0.04028627884054408
targeting,acs_income,mlp,1009,task,work_class,1789,False,790,0,790,999,0,790,73,0,73,1716,0,73,21,0,21,1768,0,21,0,0,0,1789,0,0,20,0,20,1769,73,93,93,0,93,1696,0,93,790,0,790,999,0,790,2.655651407101355e-18
targeting,acs_income,mlp,1009,task,household,1850,False,979,0,979,871,0,979,137,0,137,1713,0,137,28,0,28,1822,0,28,0,0,0,1850,0,0,28,0,28,1822,137,165,165,0,165,1685,0,165,979,0,979,871,0,979,3.3982412417065933e-18
targeting,acs_income,mlp,1009,task,occupation,1887,False,1056,0,1056,831,0,1056,444,0,444,1443,0,444,0,0,0,1887,0,0,0,0,0,1887,0,0,0,0,0,1887,444,444,444,0,444,1443,0,444,1056,0,1056,831,0,1056,2.149030048597818e-17
targeting,acs_income,mlp,1009,task,education,1847,True,1242,0,1242,605,0,1242,323,0,323,1524,0,323,0,0,0,1847,0,0,0,0,0,1847,0,0,4,0,4,1843,319,323,323,0,323,1524,0,323,1242,0,1242,605,0,1242,1.8544993461905618e-17
targeting,acs_income,mlp,1009,task,hours,1800,True,1153,0,1153,647,0,1153,307,0,307,1493,0,307,0,0,0,1800,0,0,3,0,3,1797,0,3,8,0,8,1792,302,310,310,0,310,1490,0,310,1154,0,1154,646,0,1154,1.7426833269264714e-17
signed_targeting,acs_income,mlp,1009,task,education,1847,True,1242,0,1242,605,0,1242,323,0,323,1524,0,323,0,0,0,1847,0,0,0,0,0,1847,0,0,4,0,4,1843,319,323,323,0,323,1524,0,323,1242,0,1242,605,0,1242,1.8544993461905618e-17
signed_targeting,acs_income,mlp,1009,task,hours,1800,True,1153,0,1153,647,0,1153,307,0,307,1493,0,307,0,0,0,1800,0,0,3,0,3,1797,0,3,8,0,8,1792,302,310,310,0,310,1490,0,310,1154,0,1154,646,0,1154,1.7426833269264714e-17
targeting,acs_income,mlp,1009,augmentation,work_class,1789,False,790,234,556,999,505,1061,73,56,17,1716,108,125,21,21,0,1768,21,21,0,0,0,1789,0,0,20,18,2,1769,143,145,93,71,22,1696,123,145,790,234,556,999,505,1061,0.05545674677377656
targeting,acs_income,mlp,1009,augmentation,household,1850,False,979,396,583,871,432,1015,137,102,35,1713,111,146,28,28,0,1822,12,12,0,0,0,1850,0,0,28,28,0,1822,158,158,165,128,37,1685,121,158,979,396,583,871,432,1015,0.05719555047842336
targeting,acs_income,mlp,1009,augmentation,occupation,1887,False,1056,328,728,831,504,1232,444,335,109,1443,152,261,0,0,0,1887,1,1,0,0,0,1887,0,0,0,0,0,1887,262,262,444,335,109,1443,153,262,1056,328,728,831,504,1232,0.11149342618166057
targeting,acs_income,mlp,1009,augmentation,education,1847,True,1242,186,1056,605,289,1345,323,239,84,1524,101,185,0,0,0,1847,4,4,0,0,0,1847,19,19,4,3,1,1843,201,202,323,237,86,1524,116,202,1242,182,1060,605,295,1355,0.07769544357512656
targeting,acs_income,mlp,1009,augmentation,hours,1800,True,1153,188,965,647,345,1310,307,240,67,1493,134,201,0,0,0,1800,4,4,3,2,1,1797,28,29,8,6,2,1792,223,225,310,239,71,1490,154,225,1154,187,967,646,348,1315,0.11079212137961532
signed_targeting,acs_income,mlp,1009,augmentation,education,1847,True,1242,186,1056,605,289,1345,323,239,84,1524,101,185,0,0,0,1847,4,4,0,0,0,1847,19,19,4,3,1,1843,201,202,323,237,86,1524,116,202,1242,182,1060,605,295,1355,0.07769544357512656
signed_targeting,acs_income,mlp,1009,augmentation,hours,1800,True,1153,188,965,647,345,1310,307,240,67,1493,134,201,0,0,0,1800,4,4,3,2,1,1797,28,29,8,6,2,1792,223,225,310,239,71,1490,154,225,1154,187,967,646,348,1315,0.11079212137961532
targeting,credit_broad,mlp,1000,full,LIMIT_BAL,1926,False,110,110,0,1816,10,10,22,22,0,1904,12,12,0,0,0,1926,0,0,0,0,0,1926,0,0,0,0,0,1926,12,12,22,22,0,1904,12,12,110,110,0,1816,10,10,0.019790504715344215
targeting,credit_broad,mlp,1000,full,BILL_AMT1,1909,False,74,74,0,1835,1,1,17,17,0,1892,9,9,0,0,0,1909,0,0,0,0,0,1909,0,0,0,0,0,1909,9,9,17,17,0,1892,9,9,74,74,0,1835,1,1,0.01188776577176354
targeting,credit_broad,mlp,1000,full,BILL_AMT2,1909,False,22,22,0,1887,0,0,7,7,0,1902,4,4,0,0,0,1909,0,0,0,0,0,1909,0,0,0,0,0,1909,4,4,7,7,0,1902,4,4,22,22,0,1887,0,0,0.0045275521653583405
targeting,credit_broad,mlp,1000,full,BILL_AMT3,1902,False,2,2,0,1900,0,0,19,19,0,1883,8,8,0,0,0,1902,0,0,0,0,0,1902,0,0,0,0,0,1902,8,8,19,19,0,1883,8,8,2,2,0,1900,0,0,0.006088865790895768
targeting,credit_broad,mlp,1000,full,BILL_AMT4,1904,False,22,22,0,1882,1,1,21,21,0,1883,10,10,0,0,0,1904,0,0,0,0,0,1904,0,0,0,0,0,1904,10,10,21,21,0,1883,10,10,22,22,0,1882,1,1,0.007956411304893562
targeting,credit_broad,mlp,1000,full,BILL_AMT5,1902,False,5,5,0,1897,0,0,7,7,0,1895,11,11,0,0,0,1902,0,0,0,0,0,1902,0,0,0,0,0,1902,11,11,7,7,0,1895,11,11,5,5,0,1897,0,0,0.005873776497800274
targeting,credit_broad,mlp,1000,full,BILL_AMT6,1901,False,5,5,0,1896,0,0,7,7,0,1894,4,4,0,0,0,1901,0,0,0,0,0,1901,0,0,0,0,0,1901,4,4,7,7,0,1894,4,4,5,5,0,1896,0,0,0.006902958698596596
targeting,credit_broad,mlp,1000,full,PAY_AMT1,1941,True,12,12,0,1929,0,0,16,16,0,1925,8,8,0,0,0,1941,0,0,0,0,0,1941,0,0,0,0,0,1941,8,8,16,16,0,1925,8,8,12,12,0,1929,0,0,0.008243860494165365
targeting,credit_broad,mlp,1000,full,PAY_AMT2,1946,True,180,179,1,1766,5,6,13,12,1,1933,12,13,0,0,0,1946,0,0,0,0,0,1946,0,0,0,0,0,1946,13,13,13,12,1,1933,12,13,180,179,1,1766,5,6,0.009537218678290018
targeting,credit_broad,mlp,1000,full,PAY_AMT3,1936,True,9,9,0,1927,1,1,17,17,0,1919,11,11,0,0,0,1936,0,0,4,4,0,1932,1,1,4,4,0,1932,12,12,21,21,0,1915,12,12,13,13,0,1923,2,2,0.008065477317216145
targeting,credit_broad,mlp,1000,full,PAY_AMT4,1939,True,146,143,3,1793,6,9,13,13,0,1926,9,9,2,2,0,1937,0,0,28,25,3,1911,15,18,28,25,3,1911,24,27,40,37,3,1899,24,27,169,163,6,1770,21,27,0.006030831510314021
targeting,credit_broad,mlp,1000,full,PAY_AMT5,1942,True,4,4,0,1938,0,0,15,15,0,1927,12,12,0,0,0,1942,0,0,9,6,3,1933,4,7,9,6,3,1933,15,18,24,21,3,1918,15,18,12,9,3,1930,4,7,0.006378285518724318
targeting,credit_broad,mlp,1000,full,PAY_AMT6,1948,True,9,9,0,1939,1,1,17,17,0,1931,10,10,0,0,0,1948,0,0,9,8,1,1939,1,2,9,8,1,1939,11,12,26,25,1,1922,11,12,18,17,1,1930,2,3,0.00642193375300002
targeting,credit_broad,mlp,1000,full,EDUCATION,1928,False,6,6,0,1922,0,0,12,12,0,1916,9,9,2,2,0,1926,0,0,0,0,0,1928,0,0,2,2,0,1926,9,9,14,14,0,1914,9,9,6,6,0,1922,0,0,0.008301051646445222
targeting,credit_broad,mlp,1000,full,MARRIAGE,1930,False,56,55,1,1874,4,5,22,22,0,1908,11,11,0,0,0,1930,0,0,0,0,0,1930,0,0,0,0,0,1930,11,11,22,22,0,1908,11,11,56,55,1,1874,4,5,0.009013591224187748
targeting,credit_broad,mlp,1000,full,PAY_0,1927,False,454,432,22,1473,7,29,26,26,0,1901,6,6,0,0,0,1927,0,0,0,0,0,1927,0,0,0,0,0,1927,6,6,26,26,0,1901,6,6,454,432,22,1473,7,29,0.027822100151001308
targeting,credit_broad,mlp,1000,full,PAY_2,1929,False,46,46,0,1883,0,0,15,15,0,1914,11,11,1,1,0,1928,0,0,0,0,0,1929,0,0,1,1,0,1928,11,11,16,16,0,1913,11,11,46,46,0,1883,0,0,0.01197373743923895
targeting,credit_broad,mlp,1000,full,PAY_3,1930,False,8,8,0,1922,0,0,15,15,0,1915,22,22,0,0,0,1930,0,0,0,0,0,1930,0,0,0,0,0,1930,22,22,15,15,0,1915,22,22,8,8,0,1922,0,0,0.00821041430436084
targeting,credit_broad,mlp,1000,full,PAY_4,1928,False,3,3,0,1925,1,1,10,10,0,1918,10,10,0,0,0,1928,0,0,0,0,0,1928,0,0,0,0,0,1928,10,10,10,10,0,1918,10,10,3,3,0,1925,1,1,0.00802718214631693
targeting,credit_broad,mlp,1000,full,PAY_5,1929,False,40,40,0,1889,0,0,21,21,0,1908,13,13,0,0,0,1929,0,0,0,0,0,1929,0,0,0,0,0,1929,13,13,21,21,0,1908,13,13,40,40,0,1889,0,0,0.01218601023997261
targeting,credit_broad,mlp,1000,full,PAY_6,1926,False,49,49,0,1877,0,0,20,20,0,1906,9,9,0,0,0,1926,0,0,0,0,0,1926,0,0,0,0,0,1926,9,9,20,20,0,1906,9,9,49,49,0,1877,0,0,0.009863038644078477
signed_targeting,credit_broad,mlp,1000,full,PAY_AMT1,1941,True,12,12,0,1929,0,0,16,16,0,1925,8,8,0,0,0,1941,0,0,0,0,0,1941,0,0,0,0,0,1941,8,8,16,16,0,1925,8,8,12,12,0,1929,0,0,0.008243860494165365
signed_targeting,credit_broad,mlp,1000,full,PAY_AMT2,1946,True,180,179,1,1766,5,6,13,12,1,1933,12,13,0,0,0,1946,0,0,0,0,0,1946,0,0,0,0,0,1946,13,13,13,12,1,1933,12,13,180,179,1,1766,5,6,0.009537218678290018
signed_targeting,credit_broad,mlp,1000,full,PAY_AMT3,1936,True,9,9,0,1927,1,1,17,17,0,1919,11,11,0,0,0,1936,0,0,4,4,0,1932,1,1,4,4,0,1932,12,12,21,21,0,1915,12,12,13,13,0,1923,2,2,0.008065477317216145
signed_targeting,credit_broad,mlp,1000,full,PAY_AMT4,1939,True,146,143,3,1793,6,9,13,13,0,1926,9,9,2,2,0,1937,0,0,28,25,3,1911,15,18,28,25,3,1911,24,27,40,37,3,1899,24,27,169,163,6,1770,21,27,0.006030831510314021
signed_targeting,credit_broad,mlp,1000,full,PAY_AMT5,1942,True,4,4,0,1938,0,0,15,15,0,1927,12,12,0,0,0,1942,0,0,9,6,3,1933,4,7,9,6,3,1933,15,18,24,21,3,1918,15,18,12,9,3,1930,4,7,0.006378285518724318
signed_targeting,credit_broad,mlp,1000,full,PAY_AMT6,1948,True,9,9,0,1939,1,1,17,17,0,1931,10,10,0,0,0,1948,0,0,9,8,1,1939,1,2,9,8,1,1939,11,12,26,25,1,1922,11,12,18,17,1,1930,2,3,0.00642193375300002
targeting,credit_broad,mlp,1000,features,LIMIT_BAL,1926,False,110,100,10,1816,81,91,22,22,0,1904,15,15,0,0,0,1926,0,0,0,0,0,1926,0,0,0,0,0,1926,15,15,22,22,0,1904,15,15,110,100,10,1816,81,91,0.01957061278388507
targeting,credit_broad,mlp,1000,features,BILL_AMT1,1909,False,74,72,2,1835,14,16,17,16,1,1892,13,14,0,0,0,1909,0,0,0,0,0,1909,0,0,0,0,0,1909,14,14,17,16,1,1892,13,14,74,72,2,1835,14,16,0.012358123421627447
targeting,credit_broad,mlp,1000,features,BILL_AMT2,1909,False,22,22,0,1887,6,6,7,7,0,1902,4,4,0,0,0,1909,0,0,0,0,0,1909,0,0,0,0,0,1909,4,4,7,7,0,1902,4,4,22,22,0,1887,6,6,0.004262362353927077
targeting,credit_broad,mlp,1000,features,BILL_AMT3,1902,False,2,2,0,1900,0,0,19,18,1,1883,8,9,0,0,0,1902,0,0,0,0,0,1902,0,0,0,0,0,1902,9,9,19,18,1,1883,8,9,2,2,0,1900,0,0,0.008526867730996784
targeting,credit_broad,mlp,1000,features,BILL_AMT4,1904,False,22,22,0,1882,6,6,21,21,0,1883,11,11,0,0,0,1904,0,0,0,0,0,1904,0,0,0,0,0,1904,11,11,21,21,0,1883,11,11,22,22,0,1882,6,6,0.006731841040695957
targeting,credit_broad,mlp,1000,features,BILL_AMT5,1902,False,5,4,1,1897,11,12,7,7,0,1895,12,12,0,0,0,1902,0,0,0,0,0,1902,0,0,0,0,0,1902,12,12,7,7,0,1895,12,12,5,4,1,1897,11,12,0.006569503244923008
targeting,credit_broad,mlp,1000,features,BILL_AMT6,1901,False,5,5,0,1896,0,0,7,7,0,1894,8,8,0,0,0,1901,0,0,0,0,0,1901,0,0,0,0,0,1901,8,8,7,7,0,1894,8,8,5,5,0,1896,0,0,0.007511985733611889
targeting,credit_broad,mlp,1000,features,PAY_AMT1,1941,True,12,11,1,1929,10,11,16,16,0,1925,14,14,0,0,0,1941,0,0,0,0,0,1941,0,0,0,0,0,1941,14,14,16,16,0,1925,14,14,12,11,1,1929,10,11,0.009754994866565257
targeting,credit_broad,mlp,1000,features,PAY_AMT2,1946,True,180,179,1,1766,15,16,13,13,0,1933,16,16,0,0,0,1946,0,0,0,0,0,1946,0,0,0,0,0,1946,16,16,13,13,0,1933,16,16,180,179,1,1766,15,16,0.010225363145130922
targeting,credit_broad,mlp,1000,features,PAY_AMT3,1936,True,9,8,1,1927,24,25,17,17,0,1919,22,22,0,0,0,1936,0,0,4,3,1,1932,2,3,4,3,1,1932,24,25,21,20,1,1915,24,25,13,11,2,1923,26,28,0.00744971291378088
targeting,credit_broad,mlp,1000,features,PAY_AMT4,1939,True,146,146,0,1793,0,0,13,13,0,1926,8,8,2,2,0,1937,0,0,28,28,0,1911,6,6,28,28,0,1911,14,14,40,40,0,1899,14,14,169,169,0,1770,6,6,0.005374181038974138
targeting,credit_broad,mlp,1000,features,PAY_AMT5,1942,True,4,4,0,1938,0,0,15,14,1,1927,12,13,0,0,0,1942,0,0,9,9,0,1933,0,0,9,9,0,1933,13,13,24,23,1,1918,12,13,12,12,0,1930,0,0,0.005737739546724215
targeting,credit_broad,mlp,1000,features,PAY_AMT6,1948,True,9,9,0,1939,23,23,17,15,2,1931,11,13,0,0,0,1948,0,0,9,0,9,1939,12,21,9,0,9,1939,25,34,26,15,11,1922,23,34,18,9,9,1930,35,44,0.006557733866945713
targeting,credit_broad,mlp,1000,features,EDUCATION,1928,False,6,6,0,1922,3,3,12,12,0,1916,12,12,2,2,0,1926,0,0,0,0,0,1928,0,0,2,2,0,1926,12,12,14,14,0,1914,12,12,6,6,0,1922,3,3,0.008238718671531146
targeting,credit_broad,mlp,1000,features,MARRIAGE,1930,False,56,51,5,1874,19,24,22,21,1,1908,10,11,0,0,0,1930,0,0,0,0,0,1930,0,0,0,0,0,1930,11,11,22,21,1,1908,10,11,56,51,5,1874,19,24,0.009080069228936255
targeting,credit_broad,mlp,1000,features,PAY_0,1927,False,454,404,50,1473,18,68,26,26,0,1901,21,21,0,0,0,1927,0,0,0,0,0,1927,0,0,0,0,0,1927,21,21,26,26,0,1901,21,21,454,404,50,1473,18,68,0.023834498710810347
targeting,credit_broad,mlp,1000,features,PAY_2,1929,False,46,42,4,1883,9,13,15,14,1,1914,16,17,1,1,0,1928,0,0,0,0,0,1929,0,0,1,1,0,1928,17,17,16,15,1,1913,16,17,46,42,4,1883,9,13,0.01198537203414114
targeting,credit_broad,mlp,1000,features,PAY_3,1930,False,8,8,0,1922,6,6,15,13,2,1915,26,28,0,0,0,1930,0,0,0,0,0,1930,0,0,0,0,0,1930,28,28,15,13,2,1915,26,28,8,8,0,1922,6,6,0.007531997337820653
targeting,credit_broad,mlp,1000,features,PAY_4,1928,False,3,3,0,1925,3,3,10,9,1,1918,7,8,0,0,0,1928,0,0,0,0,0,1928,0,0,0,0,0,1928,8,8,10,9,1,1918,7,8,3,3,0,1925,3,3,0.008795134790650149
targeting,credit_broad,mlp,1000,features,PAY_5,1929,False,40,40,0,1889,5,5,21,19,2,1908,14,16,0,0,0,1929,0,0,0,0,0,1929,0,0,0,0,0,1929,16,16,21,19,2,1908,14,16,40,40,0,1889,5,5,0.01107071353906692
targeting,credit_broad,mlp,1000,features,PAY_6,1926,False,49,49,0,1877,1,1,20,20,0,1906,16,16,0,0,0,1926,0,0,0,0,0,1926,0,0,0,0,0,1926,16,16,20,20,0,1906,16,16,49,49,0,1877,1,1,0.009704172268082954
signed_targeting,credit_broad,mlp,1000,features,PAY_AMT1,1941,True,12,11,1,1929,10,11,16,16,0,1925,14,14,0,0,0,1941,0,0,0,0,0,1941,0,0,0,0,0,1941,14,14,16,16,0,1925,14,14,12,11,1,1929,10,11,0.009754994866565257
signed_targeting,credit_broad,mlp,1000,features,PAY_AMT2,1946,True,180,179,1,1766,15,16,13,13,0,1933,16,16,0,0,0,1946,0,0,0,0,0,1946,0,0,0,0,0,1946,16,16,13,13,0,1933,16,16,180,179,1,1766,15,16,0.010225363145130922
signed_targeting,credit_broad,mlp,1000,features,PAY_AMT3,1936,True,9,8,1,1927,24,25,17,17,0,1919,22,22,0,0,0,1936,0,0,4,3,1,1932,2,3,4,3,1,1932,24,25,21,20,1,1915,24,25,13,11,2,1923,26,28,0.00744971291378088
signed_targeting,credit_broad,mlp,1000,features,PAY_AMT4,1939,True,146,146,0,1793,0,0,13,13,0,1926,8,8,2,2,0,1937,0,0,28,28,0,1911,6,6,28,28,0,1911,14,14,40,40,0,1899,14,14,169,169,0,1770,6,6,0.005374181038974138
signed_targeting,credit_broad,mlp,1000,features,PAY_AMT5,1942,True,4,4,0,1938,0,0,15,14,1,1927,12,13,0,0,0,1942,0,0,9,9,0,1933,0,0,9,9,0,1933,13,13,24,23,1,1918,12,13,12,12,0,1930,0,0,0.005737739546724215
signed_targeting,credit_broad,mlp,1000,features,PAY_AMT6,1948,True,9,9,0,1939,23,23,17,15,2,1931,11,13,0,0,0,1948,0,0,9,0,9,1939,12,21,9,0,9,1939,25,34,26,15,11,1922,23,34,18,9,9,1930,35,44,0.006557733866945713
targeting,credit_broad,mlp,1000,contexts,LIMIT_BAL,1926,False,110,104,6,1816,53,59,22,21,1,1904,20,21,0,0,0,1926,0,0,0,0,0,1926,0,0,0,0,0,1926,21,21,22,21,1,1904,20,21,110,104,6,1816,53,59,0.012257468699167077
targeting,credit_broad,mlp,1000,contexts,BILL_AMT1,1909,False,74,56,18,1835,84,102,17,17,0,1892,16,16,0,0,0,1909,1,1,0,0,0,1909,0,0,0,0,0,1909,17,17,17,17,0,1892,17,17,74,56,18,1835,84,102,0.008447868622222144
targeting,credit_broad,mlp,1000,contexts,BILL_AMT2,1909,False,22,20,2,1887,9,11,7,7,0,1902,6,6,0,0,0,1909,0,0,0,0,0,1909,0,0,0,0,0,1909,6,6,7,7,0,1902,6,6,22,20,2,1887,9,11,0.00278597500004918
targeting,credit_broad,mlp,1000,contexts,BILL_AMT3,1902,False,2,2,0,1900,1,1,19,18,1,1883,14,15,0,0,0,1902,0,0,0,0,0,1902,0,0,0,0,0,1902,15,15,19,18,1,1883,14,15,2,2,0,1900,1,1,0.00509896333885501
targeting,credit_broad,mlp,1000,contexts,BILL_AMT4,1904,False,22,22,0,1882,8,8,21,21,0,1883,20,20,0,0,0,1904,0,0,0,0,0,1904,0,0,0,0,0,1904,20,20,21,21,0,1883,20,20,22,22,0,1882,8,8,0.004910510856404642
targeting,credit_broad,mlp,1000,contexts,BILL_AMT5,1902,False,5,5,0,1897,8,8,7,7,0,1895,15,15,0,0,0,1902,0,0,0,0,0,1902,0,0,0,0,0,1902,15,15,7,7,0,1895,15,15,5,5,0,1897,8,8,0.0066590691523730075
targeting,credit_broad,mlp,1000,contexts,BILL_AMT6,1901,False,5,5,0,1896,8,8,7,6,1,1894,13,14,0,0,0,1901,0,0,0,0,0,1901,0,0,0,0,0,1901,14,14,7,6,1,1894,13,14,5,5,0,1896,8,8,0.005572043704141473
targeting,credit_broad,mlp,1000,contexts,PAY_AMT1,1941,True,12,12,0,1929,9,9,16,16,0,1925,10,10,0,0,0,1941,0,0,0,0,0,1941,1,1,0,0,0,1941,10,10,16,16,0,1925,10,10,12,12,0,1929,10,10,0.0051933386909856286
targeting,credit_broad,mlp,1000,contexts,PAY_AMT2,1946,True,180,169,11,1766,39,50,13,13,0,1933,11,11,0,0,0,1946,0,0,0,0,0,1946,0,0,0,0,0,1946,11,11,13,13,0,1933,11,11,180,169,11,1766,39,50,0.006903500541626761
targeting,credit_broad,mlp,1000,contexts,PAY_AMT3,1936,True,9,7,2,1927,39,41,17,14,3,1919,17,20,0,0,0,1936,0,0,4,4,0,1932,1,1,4,4,0,1932,21,21,21,18,3,1915,18,21,13,11,2,1923,40,42,0.004764934870919528
targeting,credit_broad,mlp,1000,contexts,PAY_AMT4,1939,True,146,114,32,1793,82,114,13,12,1,1926,13,14,2,2,0,1937,0,0,28,25,3,1911,7,10,28,25,3,1911,21,24,40,36,4,1899,20,24,169,132,37,1770,87,124,0.004249663910945633
targeting,credit_broad,mlp,1000,contexts,PAY_AMT5,1942,True,4,4,0,1938,5,5,15,14,1,1927,17,18,0,0,0,1942,0,0,9,9,0,1933,0,0,9,9,0,1933,18,18,24,23,1,1918,17,18,12,12,0,1930,5,5,0.004150668904452794
targeting,credit_broad,mlp,1000,contexts,PAY_AMT6,1948,True,9,9,0,1939,18,18,17,16,1,1931,11,12,0,0,0,1948,0,0,9,6,3,1939,0,3,9,6,3,1939,12,15,26,22,4,1922,11,15,18,15,3,1930,18,21,0.0053608661589160615
targeting,credit_broad,mlp,1000,contexts,EDUCATION,1928,False,6,6,0,1922,3,3,12,12,0,1916,12,12,2,2,0,1926,0,0,0,0,0,1928,0,0,2,2,0,1926,12,12,14,14,0,1914,12,12,6,6,0,1922,3,3,0.009328065769555688
targeting,credit_broad,mlp,1000,contexts,MARRIAGE,1930,False,56,43,13,1874,55,68,22,21,1,1908,22,23,0,0,0,1930,0,0,0,0,0,1930,0,0,0,0,0,1930,23,23,22,21,1,1908,22,23,56,43,13,1874,55,68,0.005667827546674161
targeting,credit_broad,mlp,1000,contexts,PAY_0,1927,False,454,338,116,1473,111,227,26,25,1,1901,18,19,0,0,0,1927,0,0,0,0,0,1927,0,0,0,0,0,1927,19,19,26,25,1,1901,18,19,454,338,116,1473,111,227,0.021724800372707125
targeting,credit_broad,mlp,1000,contexts,PAY_2,1929,False,46,42,4,1883,8,12,15,14,1,1914,8,9,1,1,0,1928,0,0,0,0,0,1929,0,0,1,1,0,1928,9,9,16,15,1,1913,8,9,46,42,4,1883,8,12,0.005857558106465523
targeting,credit_broad,mlp,1000,contexts,PAY_3,1930,False,8,8,0,1922,20,20,15,15,0,1915,16,16,0,0,0,1930,0,0,0,0,0,1930,0,0,0,0,0,1930,16,16,15,15,0,1915,16,16,8,8,0,1922,20,20,0.005710936972974838
targeting,credit_broad,mlp,1000,contexts,PAY_4,1928,False,3,3,0,1925,0,0,10,10,0,1918,11,11,0,0,0,1928,0,0,0,0,0,1928,0,0,0,0,0,1928,11,11,10,10,0,1918,11,11,3,3,0,1925,0,0,0.0043993122415986975
targeting,credit_broad,mlp,1000,contexts,PAY_5,1929,False,40,39,1,1889,8,9,21,21,0,1908,9,9,0,0,0,1929,0,0,0,0,0,1929,0,0,0,0,0,1929,9,9,21,21,0,1908,9,9,40,39,1,1889,8,9,0.004686466875521835
targeting,credit_broad,mlp,1000,contexts,PAY_6,1926,False,49,49,0,1877,1,1,20,20,0,1906,10,10,0,0,0,1926,0,0,0,0,0,1926,0,0,0,0,0,1926,10,10,20,20,0,1906,10,10,49,49,0,1877,1,1,0.007168363371904852
signed_targeting,credit_broad,mlp,1000,contexts,PAY_AMT1,1941,True,12,12,0,1929,9,9,16,16,0,1925,10,10,0,0,0,1941,0,0,0,0,0,1941,1,1,0,0,0,1941,10,10,16,16,0,1925,10,10,12,12,0,1929,10,10,0.0051933386909856286
signed_targeting,credit_broad,mlp,1000,contexts,PAY_AMT2,1946,True,180,169,11,1766,39,50,13,13,0,1933,11,11,0,0,0,1946,0,0,0,0,0,1946,0,0,0,0,0,1946,11,11,13,13,0,1933,11,11,180,169,11,1766,39,50,0.006903500541626761
signed_targeting,credit_broad,mlp,1000,contexts,PAY_AMT3,1936,True,9,7,2,1927,39,41,17,14,3,1919,17,20,0,0,0,1936,0,0,4,4,0,1932,1,1,4,4,0,1932,21,21,21,18,3,1915,18,21,13,11,2,1923,40,42,0.004764934870919528
signed_targeting,credit_broad,mlp,1000,contexts,PAY_AMT4,1939,True,146,114,32,1793,82,114,13,12,1,1926,13,14,2,2,0,1937,0,0,28,25,3,1911,7,10,28,25,3,1911,21,24,40,36,4,1899,20,24,169,132,37,1770,87,124,0.004249663910945633
signed_targeting,credit_broad,mlp,1000,contexts,PAY_AMT5,1942,True,4,4,0,1938,5,5,15,14,1,1927,17,18,0,0,0,1942,0,0,9,9,0,1933,0,0,9,9,0,1933,18,18,24,23,1,1918,17,18,12,12,0,1930,5,5,0.004150668904452794
signed_targeting,credit_broad,mlp,1000,contexts,PAY_AMT6,1948,True,9,9,0,1939,18,18,17,16,1,1931,11,12,0,0,0,1948,0,0,9,6,3,1939,0,3,9,6,3,1939,12,15,26,22,4,1922,11,15,18,15,3,1930,18,21,0.0053608661589160615
targeting,credit_broad,mlp,1000,population,LIMIT_BAL,1926,False,110,106,4,1816,50,54,22,20,2,1904,16,18,0,0,0,1926,0,0,0,0,0,1926,0,0,0,0,0,1926,18,18,22,20,2,1904,16,18,110,106,4,1816,50,54,0.012065940706822929
targeting,credit_broad,mlp,1000,population,BILL_AMT1,1909,False,74,54,20,1835,66,86,17,17,0,1892,18,18,0,0,0,1909,0,0,0,0,0,1909,0,0,0,0,0,1909,18,18,17,17,0,1892,18,18,74,54,20,1835,66,86,0.00782506862589584
targeting,credit_broad,mlp,1000,population,BILL_AMT2,1909,False,22,20,2,1887,7,9,7,6,1,1902,9,10,0,0,0,1909,0,0,0,0,0,1909,0,0,0,0,0,1909,10,10,7,6,1,1902,9,10,22,20,2,1887,7,9,0.002914802144876198
targeting,credit_broad,mlp,1000,population,BILL_AMT3,1902,False,2,2,0,1900,2,2,19,18,1,1883,18,19,0,0,0,1902,0,0,0,0,0,1902,0,0,0,0,0,1902,19,19,19,18,1,1883,18,19,2,2,0,1900,2,2,0.005301359101026384
targeting,credit_broad,mlp,1000,population,BILL_AMT4,1904,False,22,21,1,1882,12,13,21,21,0,1883,15,15,0,0,0,1904,0,0,0,0,0,1904,0,0,0,0,0,1904,15,15,21,21,0,1883,15,15,22,21,1,1882,12,13,0.004747316581725746
targeting,credit_broad,mlp,1000,population,BILL_AMT5,1902,False,5,5,0,1897,7,7,7,7,0,1895,11,11,0,0,0,1902,0,0,0,0,0,1902,0,0,0,0,0,1902,11,11,7,7,0,1895,11,11,5,5,0,1897,7,7,0.005541061408818165
targeting,credit_broad,mlp,1000,population,BILL_AMT6,1901,False,5,5,0,1896,2,2,7,6,1,1894,9,10,0,0,0,1901,0,0,0,0,0,1901,0,0,0,0,0,1901,10,10,7,6,1,1894,9,10,5,5,0,1896,2,2,0.0035419843717903825
targeting,credit_broad,mlp,1000,population,PAY_AMT1,1941,True,12,11,1,1929,6,7,16,16,0,1925,18,18,0,0,0,1941,0,0,0,0,0,1941,1,1,0,0,0,1941,19,19,16,16,0,1925,19,19,12,11,1,1929,7,8,0.004963003813620625
targeting,credit_broad,mlp,1000,population,PAY_AMT2,1946,True,180,141,39,1766,58,97,13,13,0,1933,16,16,0,0,0,1946,0,0,0,0,0,1946,0,0,0,0,0,1946,16,16,13,13,0,1933,16,16,180,141,39,1766,58,97,0.007185957854505878
targeting,credit_broad,mlp,1000,population,PAY_AMT3,1936,True,9,7,2,1927,31,33,17,15,2,1919,19,21,0,0,0,1936,0,0,4,4,0,1932,0,0,4,4,0,1932,21,21,21,19,2,1915,19,21,13,11,2,1923,31,33,0.00402012643559422
targeting,credit_broad,mlp,1000,population,PAY_AMT4,1939,True,146,70,76,1793,196,272,13,13,0,1926,11,11,2,2,0,1937,4,4,28,7,21,1911,85,106,28,7,21,1911,95,116,40,19,21,1899,95,116,169,68,101,1770,245,346,0.004478490227254007
targeting,credit_broad,mlp,1000,population,PAY_AMT5,1942,True,4,4,0,1938,8,8,15,15,0,1927,22,22,0,0,0,1942,0,0,9,5,4,1933,2,6,9,5,4,1933,24,28,24,20,4,1918,24,28,12,8,4,1930,10,14,0.0033242756107438264
targeting,credit_broad,mlp,1000,population,PAY_AMT6,1948,True,9,9,0,1939,15,15,17,16,1,1931,17,18,0,0,0,1948,0,0,9,8,1,1939,0,1,9,8,1,1939,18,19,26,24,2,1922,17,19,18,17,1,1930,15,16,0.00478696322696229
targeting,credit_broad,mlp,1000,population,EDUCATION,1928,False,6,6,0,1922,3,3,12,12,0,1916,16,16,2,2,0,1926,0,0,0,0,0,1928,0,0,2,2,0,1926,16,16,14,14,0,1914,16,16,6,6,0,1922,3,3,0.009465377917839706
targeting,credit_broad,mlp,1000,population,MARRIAGE,1930,False,56,42,14,1874,27,41,22,22,0,1908,20,20,0,0,0,1930,0,0,0,0,0,1930,0,0,0,0,0,1930,20,20,22,22,0,1908,20,20,56,42,14,1874,27,41,0.005311623947357398
targeting,credit_broad,mlp,1000,population,PAY_0,1927,False,454,271,183,1473,68,251,26,24,2,1901,15,17,0,0,0,1927,0,0,0,0,0,1927,0,0,0,0,0,1927,17,17,26,24,2,1901,15,17,454,271,183,1473,68,251,0.021720597103448796
targeting,credit_broad,mlp,1000,population,PAY_2,1929,False,46,43,3,1883,5,8,15,15,0,1914,12,12,1,1,0,1928,0,0,0,0,0,1929,0,0,1,1,0,1928,12,12,16,16,0,1913,12,12,46,43,3,1883,5,8,0.0060281909434082735
targeting,credit_broad,mlp,1000,population,PAY_3,1930,False,8,8,0,1922,5,5,15,15,0,1915,20,20,0,0,0,1930,0,0,0,0,0,1930,0,0,0,0,0,1930,20,20,15,15,0,1915,20,20,8,8,0,1922,5,5,0.0055024188368629386
targeting,credit_broad,mlp,1000,population,PAY_4,1928,False,3,3,0,1925,1,1,10,10,0,1918,10,10,0,0,0,1928,0,0,0,0,0,1928,0,0,0,0,0,1928,10,10,10,10,0,1918,10,10,3,3,0,1925,1,1,0.004301891698160114
targeting,credit_broad,mlp,1000,population,PAY_5,1929,False,40,31,9,1889,22,31,21,21,0,1908,14,14,0,0,0,1929,0,0,0,0,0,1929,0,0,0,0,0,1929,14,14,21,21,0,1908,14,14,40,31,9,1889,22,31,0.0051766323891036395
targeting,credit_broad,mlp,1000,population,PAY_6,1926,False,49,49,0,1877,3,3,20,20,0,1906,12,12,0,0,0,1926,0,0,0,0,0,1926,0,0,0,0,0,1926,12,12,20,20,0,1906,12,12,49,49,0,1877,3,3,0.00761655513876521
signed_targeting,credit_broad,mlp,1000,population,PAY_AMT1,1941,True,12,11,1,1929,6,7,16,16,0,1925,18,18,0,0,0,1941,0,0,0,0,0,1941,1,1,0,0,0,1941,19,19,16,16,0,1925,19,19,12,11,1,1929,7,8,0.004963003813620625
signed_targeting,credit_broad,mlp,1000,population,PAY_AMT2,1946,True,180,141,39,1766,58,97,13,13,0,1933,16,16,0,0,0,1946,0,0,0,0,0,1946,0,0,0,0,0,1946,16,16,13,13,0,1933,16,16,180,141,39,1766,58,97,0.007185957854505878
signed_targeting,credit_broad,mlp,1000,population,PAY_AMT3,1936,True,9,7,2,1927,31,33,17,15,2,1919,19,21,0,0,0,1936,0,0,4,4,0,1932,0,0,4,4,0,1932,21,21,21,19,2,1915,19,21,13,11,2,1923,31,33,0.00402012643559422
signed_targeting,credit_broad,mlp,1000,population,PAY_AMT4,1939,True,146,70,76,1793,196,272,13,13,0,1926,11,11,2,2,0,1937,4,4,28,7,21,1911,85,106,28,7,21,1911,95,116,40,19,21,1899,95,116,169,68,101,1770,245,346,0.004478490227254007
signed_targeting,credit_broad,mlp,1000,population,PAY_AMT5,1942,True,4,4,0,1938,8,8,15,15,0,1927,22,22,0,0,0,1942,0,0,9,5,4,1933,2,6,9,5,4,1933,24,28,24,20,4,1918,24,28,12,8,4,1930,10,14,0.0033242756107438264
signed_targeting,credit_broad,mlp,1000,population,PAY_AMT6,1948,True,9,9,0,1939,15,15,17,16,1,1931,17,18,0,0,0,1948,0,0,9,8,1,1939,0,1,9,8,1,1939,18,19,26,24,2,1922,17,19,18,17,1,1930,15,16,0.00478696322696229
targeting,credit_broad,mlp,1000,task,LIMIT_BAL,1926,False,110,0,110,1816,0,110,22,0,22,1904,0,22,0,0,0,1926,0,0,0,0,0,1926,0,0,0,0,0,1926,22,22,22,0,22,1904,0,22,110,0,110,1816,0,110,4.6691622530964525e-18
targeting,credit_broad,mlp,1000,task,BILL_AMT1,1909,False,74,0,74,1835,0,74,17,0,17,1892,0,17,0,0,0,1909,0,0,0,0,0,1909,0,0,0,0,0,1909,17,17,17,0,17,1892,0,17,74,0,74,1835,0,74,2.689775531111236e-19
targeting,credit_broad,mlp,1000,task,BILL_AMT2,1909,False,22,0,22,1887,0,22,7,0,7,1902,0,7,0,0,0,1909,0,0,0,0,0,1909,0,0,0,0,0,1909,7,7,7,0,7,1902,0,7,22,0,22,1887,0,22,1.3812360835436076e-19
targeting,credit_broad,mlp,1000,task,BILL_AMT3,1902,False,2,0,2,1900,0,2,19,0,19,1883,0,19,0,0,0,1902,0,0,0,0,0,1902,0,0,0,0,0,1902,19,19,19,0,19,1883,0,19,2,0,2,1900,0,2,2.918567362316395e-19
targeting,credit_broad,mlp,1000,task,BILL_AMT4,1904,False,22,0,22,1882,0,22,21,0,21,1883,0,21,0,0,0,1904,0,0,0,0,0,1904,0,0,0,0,0,1904,21,21,21,0,21,1883,0,21,22,0,22,1882,0,22,3.352826886341728e-19
targeting,credit_broad,mlp,1000,task,BILL_AMT5,1902,False,5,0,5,1897,0,5,7,0,7,1895,0,7,0,0,0,1902,0,0,0,0,0,1902,0,0,0,0,0,1902,7,7,7,0,7,1895,0,7,5,0,5,1897,0,5,1.7511404173898368e-19
targeting,credit_broad,mlp,1000,task,BILL_AMT6,1901,False,5,0,5,1896,0,5,7,0,7,1894,0,7,0,0,0,1901,0,0,0,0,0,1901,0,0,0,0,0,1901,7,7,7,0,7,1894,0,7,5,0,5,1896,0,5,1.8250641514748101e-19
targeting,credit_broad,mlp,1000,task,PAY_AMT1,1941,True,12,0,12,1929,0,12,16,0,16,1925,0,16,0,0,0,1941,0,0,0,0,0,1941,0,0,0,0,0,1941,16,16,16,0,16,1925,0,16,12,0,12,1929,0,12,4.36138617350171e-19
targeting,credit_broad,mlp,1000,task,PAY_AMT2,1946,True,180,0,180,1766,0,180,13,0,13,1933,0,13,0,0,0,1946,0,0,0,0,0,1946,0,0,0,0,0,1946,13,13,13,0,13,1933,0,13,180,0,180,1766,0,180,4.20755128808352e-19
targeting,credit_broad,mlp,1000,task,PAY_AMT3,1936,True,9,0,9,1927,0,9,17,0,17,1919,0,17,0,0,0,1936,0,0,4,0,4,1932,0,4,4,0,4,1932,17,21,21,0,21,1915,0,21,13,0,13,1923,0,13,2.6522631657496636e-19
targeting,credit_broad,mlp,1000,task,PAY_AMT4,1939,True,146,0,146,1793,0,146,13,0,13,1926,0,13,2,0,2,1937,0,2,28,0,28,1911,0,28,28,0,28,1911,12,40,40,0,40,1899,0,40,169,0,169,1770,0,169,1.9324407984063451e-19
targeting,credit_broad,mlp,1000,task,PAY_AMT5,1942,True,4,0,4,1938,0,4,15,0,15,1927,0,15,0,0,0,1942,0,0,9,0,9,1933,0,9,9,0,9,1933,15,24,24,0,24,1918,0,24,12,0,12,1930,0,12,2.8584526895601354e-19
targeting,credit_broad,mlp,1000,task,PAY_AMT6,1948,True,9,0,9,1939,0,9,17,0,17,1931,0,17,0,0,0,1948,0,0,9,0,9,1939,0,9,9,0,9,1939,17,26,26,0,26,1922,0,26,18,0,18,1930,0,18,2.920889631008176e-19
targeting,credit_broad,mlp,1000,task,EDUCATION,1928,False,6,0,6,1922,0,6,12,0,12,1916,0,12,2,0,2,1926,0,2,0,0,0,1928,0,0,2,0,2,1926,12,14,14,0,14,1914,0,14,6,0,6,1922,0,6,1.6555452260359569e-19
targeting,credit_broad,mlp,1000,task,MARRIAGE,1930,False,56,0,56,1874,0,56,22,0,22,1908,0,22,0,0,0,1930,0,0,0,0,0,1930,0,0,0,0,0,1930,22,22,22,0,22,1908,0,22,56,0,56,1874,0,56,2.73241417977694e-19
targeting,credit_broad,mlp,1000,task,PAY_0,1927,False,454,0,454,1473,0,454,26,0,26,1901,0,26,0,0,0,1927,0,0,0,0,0,1927,0,0,0,0,0,1927,26,26,26,0,26,1901,0,26,454,0,454,1473,0,454,8.786144849783933e-19
targeting,credit_broad,mlp,1000,task,PAY_2,1929,False,46,0,46,1883,0,46,15,0,15,1914,0,15,1,0,1,1928,0,1,0,0,0,1929,0,0,1,0,1,1928,15,16,16,0,16,1913,0,16,46,0,46,1883,0,46,1.654686985898043e-19
targeting,credit_broad,mlp,1000,task,PAY_3,1930,False,8,0,8,1922,0,8,15,0,15,1915,0,15,0,0,0,1930,0,0,0,0,0,1930,0,0,0,0,0,1930,15,15,15,0,15,1915,0,15,8,0,8,1922,0,8,4.458149451215007e-19
targeting,credit_broad,mlp,1000,task,PAY_4,1928,False,3,0,3,1925,0,3,10,0,10,1918,0,10,0,0,0,1928,0,0,0,0,0,1928,0,0,0,0,0,1928,10,10,10,0,10,1918,0,10,3,0,3,1925,0,3,2.303367271006549e-19
targeting,credit_broad,mlp,1000,task,PAY_5,1929,False,40,0,40,1889,0,40,21,0,21,1908,0,21,0,0,0,1929,0,0,0,0,0,1929,0,0,0,0,0,1929,21,21,21,0,21,1908,0,21,40,0,40,1889,0,40,4.244631833390632e-19
targeting,credit_broad,mlp,1000,task,PAY_6,1926,False,49,0,49,1877,0,49,20,0,20,1906,0,20,0,0,0,1926,0,0,0,0,0,1926,0,0,0,0,0,1926,20,20,20,0,20,1906,0,20,49,0,49,1877,0,49,2.5219240564564173e-19
signed_targeting,credit_broad,mlp,1000,task,PAY_AMT1,1941,True,12,0,12,1929,0,12,16,0,16,1925,0,16,0,0,0,1941,0,0,0,0,0,1941,0,0,0,0,0,1941,16,16,16,0,16,1925,0,16,12,0,12,1929,0,12,4.36138617350171e-19
signed_targeting,credit_broad,mlp,1000,task,PAY_AMT2,1946,True,180,0,180,1766,0,180,13,0,13,1933,0,13,0,0,0,1946,0,0,0,0,0,1946,0,0,0,0,0,1946,13,13,13,0,13,1933,0,13,180,0,180,1766,0,180,4.20755128808352e-19
signed_targeting,credit_broad,mlp,1000,task,PAY_AMT3,1936,True,9,0,9,1927,0,9,17,0,17,1919,0,17,0,0,0,1936,0,0,4,0,4,1932,0,4,4,0,4,1932,17,21,21,0,21,1915,0,21,13,0,13,1923,0,13,2.6522631657496636e-19
signed_targeting,credit_broad,mlp,1000,task,PAY_AMT4,1939,True,146,0,146,1793,0,146,13,0,13,1926,0,13,2,0,2,1937,0,2,28,0,28,1911,0,28,28,0,28,1911,12,40,40,0,40,1899,0,40,169,0,169,1770,0,169,1.9324407984063451e-19
signed_targeting,credit_broad,mlp,1000,task,PAY_AMT5,1942,True,4,0,4,1938,0,4,15,0,15,1927,0,15,0,0,0,1942,0,0,9,0,9,1933,0,9,9,0,9,1933,15,24,24,0,24,1918,0,24,12,0,12,1930,0,12,2.8584526895601354e-19
signed_targeting,credit_broad,mlp,1000,task,PAY_AMT6,1948,True,9,0,9,1939,0,9,17,0,17,1931,0,17,0,0,0,1948,0,0,9,0,9,1939,0,9,9,0,9,1939,17,26,26,0,26,1922,0,26,18,0,18,1930,0,18,2.920889631008176e-19
targeting,credit_broad,mlp,1000,augmentation,LIMIT_BAL,1926,False,110,64,46,1816,543,589,22,17,5,1904,22,27,0,0,0,1926,9,9,0,0,0,1926,0,0,0,0,0,1926,36,36,22,17,5,1904,31,36,110,64,46,1816,543,589,0.029098047381293846
targeting,credit_broad,mlp,1000,augmentation,BILL_AMT1,1909,False,74,52,22,1835,478,500,17,15,2,1892,13,15,0,0,0,1909,19,19,0,0,0,1909,0,0,0,0,0,1909,34,34,17,15,2,1892,32,34,74,52,22,1835,478,500,0.013950413169529467
targeting,credit_broad,mlp,1000,augmentation,BILL_AMT2,1909,False,22,19,3,1887,365,368,7,6,1,1902,18,19,0,0,0,1909,6,6,0,0,0,1909,0,0,0,0,0,1909,24,24,7,6,1,1902,23,24,22,19,3,1887,365,368,0.015636961145535817
targeting,credit_broad,mlp,1000,augmentation,BILL_AMT3,1902,False,2,1,1,1900,472,473,19,14,5,1883,60,65,0,0,0,1902,1,1,0,0,0,1902,0,0,0,0,0,1902,66,66,19,14,5,1883,61,66,2,1,1,1900,472,473,0.05643504467675766
targeting,credit_broad,mlp,1000,augmentation,BILL_AMT4,1904,False,22,15,7,1882,445,452,21,17,4,1883,11,15,0,0,0,1904,19,19,0,0,0,1904,0,0,0,0,0,1904,34,34,21,17,4,1883,30,34,22,15,7,1882,445,452,0.013016881469119114
targeting,credit_broad,mlp,1000,augmentation,BILL_AMT5,1902,False,5,4,1,1897,518,519,7,7,0,1895,39,39,0,0,0,1902,6,6,0,0,0,1902,0,0,0,0,0,1902,45,45,7,7,0,1895,45,45,5,4,1,1897,518,519,0.0355971130830261
targeting,credit_broad,mlp,1000,augmentation,BILL_AMT6,1901,False,5,1,4,1896,398,402,7,5,2,1894,35,37,0,0,0,1901,3,3,0,0,0,1901,0,0,0,0,0,1901,40,40,7,5,2,1894,38,40,5,1,4,1896,398,402,0.0339591667296
targeting,credit_broad,mlp,1000,augmentation,PAY_AMT1,1941,True,12,5,7,1929,598,605,16,14,2,1925,25,27,0,0,0,1941,0,0,0,0,0,1941,36,36,0,0,0,1941,63,63,16,13,3,1925,60,63,12,5,7,1929,615,622,0.030867839703830204
targeting,credit_broad,mlp,1000,augmentation,PAY_AMT2,1946,True,180,75,105,1766,812,917,13,12,1,1933,48,49,0,0,0,1946,0,0,0,0,0,1946,3,3,0,0,0,1946,52,52,13,12,1,1933,51,52,180,74,106,1766,814,920,0.08533946208668924
targeting,credit_broad,mlp,1000,augmentation,PAY_AMT3,1936,True,9,8,1,1927,709,710,17,12,5,1919,18,23,0,0,0,1936,13,13,4,0,4,1932,978,982,4,0,4,1932,997,1001,21,10,11,1915,990,1001,13,6,7,1923,1203,1210,0.03485083236062627
targeting,credit_broad,mlp,1000,augmentation,PAY_AMT4,1939,True,146,84,62,1793,557,619,13,12,1,1926,24,25,2,2,0,1937,3,3,28,25,3,1911,28,31,28,22,6,1911,50,56,40,34,6,1899,50,56,169,89,80,1770,548,628,0.03730478256733566
targeting,credit_broad,mlp,1000,augmentation,PAY_AMT5,1942,True,4,3,1,1938,443,444,15,13,2,1927,20,22,0,0,0,1942,1,1,9,8,1,1933,117,118,9,8,1,1933,139,140,24,21,3,1918,137,140,12,9,3,1930,519,522,0.024410326980825483
targeting,credit_broad,mlp,1000,augmentation,PAY_AMT6,1948,True,9,7,2,1939,538,540,17,14,3,1931,15,18,0,0,0,1948,5,5,9,5,4,1939,1213,1217,9,5,4,1939,1223,1227,26,15,11,1922,1216,1227,18,9,9,1930,1304,1313,0.03285752039248172
targeting,credit_broad,mlp,1000,augmentation,EDUCATION,1928,False,6,3,3,1922,668,671,12,9,3,1916,31,34,2,2,0,1926,15,15,0,0,0,1928,0,0,2,2,0,1926,48,48,14,11,3,1914,45,48,6,3,3,1922,668,671,0.029907385017389446
targeting,credit_broad,mlp,1000,augmentation,MARRIAGE,1930,False,56,36,20,1874,470,490,22,15,7,1908,20,27,0,0,0,1930,7,7,0,0,0,1930,0,0,0,0,0,1930,34,34,22,15,7,1908,27,34,56,36,20,1874,470,490,0.02576566785146941
targeting,credit_broad,mlp,1000,augmentation,PAY_0,1927,False,454,237,217,1473,418,635,26,23,3,1901,32,35,0,0,0,1927,7,7,0,0,0,1927,0,0,0,0,0,1927,42,42,26,23,3,1901,39,42,454,237,217,1473,418,635,0.038010034899592836
targeting,credit_broad,mlp,1000,augmentation,PAY_2,1929,False,46,38,8,1883,478,486,15,14,1,1914,22,23,1,1,0,1928,4,4,0,0,0,1929,0,0,1,1,0,1928,27,27,16,15,1,1913,26,27,46,38,8,1883,478,486,0.025552243336254884
targeting,credit_broad,mlp,1000,augmentation,PAY_3,1930,False,8,5,3,1922,543,546,15,11,4,1915,32,36,0,0,0,1930,14,14,0,0,0,1930,0,0,0,0,0,1930,50,50,15,11,4,1915,46,50,8,5,3,1922,543,546,0.023372110610279648
targeting,credit_broad,mlp,1000,augmentation,PAY_4,1928,False,3,3,0,1925,439,439,10,10,0,1918,34,34,0,0,0,1928,7,7,0,0,0,1928,0,0,0,0,0,1928,40,40,10,10,0,1918,40,40,3,3,0,1925,439,439,0.02224655676415727
targeting,credit_broad,mlp,1000,augmentation,PAY_5,1929,False,40,21,19,1889,442,461,21,17,4,1908,17,21,0,0,0,1929,17,17,0,0,0,1929,0,0,0,0,0,1929,38,38,21,17,4,1908,34,38,40,21,19,1889,442,461,0.02527946801995185
targeting,credit_broad,mlp,1000,augmentation,PAY_6,1926,False,49,38,11,1877,528,539,20,14,6,1906,23,29,0,0,0,1926,1,1,0,0,0,1926,0,0,0,0,0,1926,30,30,20,14,6,1906,24,30,49,38,11,1877,528,539,0.022027175039513038
signed_targeting,credit_broad,mlp,1000,augmentation,PAY_AMT1,1941,True,12,5,7,1929,598,605,16,14,2,1925,25,27,0,0,0,1941,0,0,0,0,0,1941,36,36,0,0,0,1941,63,63,16,13,3,1925,60,63,12,5,7,1929,615,622,0.030867839703830204
signed_targeting,credit_broad,mlp,1000,augmentation,PAY_AMT2,1946,True,180,75,105,1766,812,917,13,12,1,1933,48,49,0,0,0,1946,0,0,0,0,0,1946,3,3,0,0,0,1946,52,52,13,12,1,1933,51,52,180,74,106,1766,814,920,0.08533946208668924
signed_targeting,credit_broad,mlp,1000,augmentation,PAY_AMT3,1936,True,9,8,1,1927,709,710,17,12,5,1919,18,23,0,0,0,1936,13,13,4,0,4,1932,978,982,4,0,4,1932,997,1001,21,10,11,1915,990,1001,13,6,7,1923,1203,1210,0.03485083236062627
signed_targeting,credit_broad,mlp,1000,augmentation,PAY_AMT4,1939,True,146,84,62,1793,557,619,13,12,1,1926,24,25,2,2,0,1937,3,3,28,25,3,1911,28,31,28,22,6,1911,50,56,40,34,6,1899,50,56,169,89,80,1770,548,628,0.03730478256733566
signed_targeting,credit_broad,mlp,1000,augmentation,PAY_AMT5,1942,True,4,3,1,1938,443,444,15,13,2,1927,20,22,0,0,0,1942,1,1,9,8,1,1933,117,118,9,8,1,1933,139,140,24,21,3,1918,137,140,12,9,3,1930,519,522,0.024410326980825483
signed_targeting,credit_broad,mlp,1000,augmentation,PAY_AMT6,1948,True,9,7,2,1939,538,540,17,14,3,1931,15,18,0,0,0,1948,5,5,9,5,4,1939,1213,1217,9,5,4,1939,1223,1227,26,15,11,1922,1216,1227,18,9,9,1930,1304,1313,0.03285752039248172
targeting,credit_broad,mlp,1001,full,LIMIT_BAL,1926,False,1008,998,10,918,5,15,65,65,0,1861,11,11,14,14,0,1912,0,0,0,0,0,1926,0,0,14,12,2,1912,9,11,79,77,2,1847,9,11,1008,998,10,918,5,15,0.026731912902921172
targeting,credit_broad,mlp,1001,full,BILL_AMT1,1909,False,547,547,0,1362,1,1,47,47,0,1862,10,10,6,6,0,1903,0,0,0,0,0,1909,0,0,6,6,0,1903,10,10,53,53,0,1856,10,10,547,547,0,1362,1,1,0.014675213613482114
targeting,credit_broad,mlp,1001,full,BILL_AMT2,1909,False,637,636,1,1272,0,1,41,40,1,1868,9,10,55,55,0,1854,0,0,0,0,0,1909,0,0,54,54,0,1855,10,10,95,94,1,1814,9,10,637,636,1,1272,0,1,0.011804622267834172
targeting,credit_broad,mlp,1001,full,BILL_AMT3,1902,False,589,589,0,1313,0,0,45,45,0,1857,15,15,11,11,0,1891,0,0,0,0,0,1902,0,0,11,10,1,1891,14,15,56,55,1,1846,14,15,589,589,0,1313,0,0,0.015244620978443943
targeting,credit_broad,mlp,1001,full,BILL_AMT4,1904,False,675,675,0,1229,0,0,34,34,0,1870,13,13,50,50,0,1854,0,0,0,0,0,1904,0,0,49,49,0,1855,13,13,84,84,0,1820,13,13,675,675,0,1229,0,0,0.008602847690983568
targeting,credit_broad,mlp,1001,full,BILL_AMT5,1902,False,610,610,0,1292,0,0,36,36,0,1866,11,11,44,44,0,1858,0,0,0,0,0,1902,0,0,43,41,2,1859,9,11,80,78,2,1822,9,11,610,610,0,1292,0,0,0.008010314638107785
targeting,credit_broad,mlp,1001,full,BILL_AMT6,1901,False,461,461,0,1440,0,0,33,33,0,1868,9,9,34,34,0,1867,0,0,0,0,0,1901,0,0,35,35,0,1866,9,9,67,67,0,1834,9,9,461,461,0,1440,0,0,0.007638860358447485
targeting,credit_broad,mlp,1001,full,PAY_AMT1,1941,True,689,689,0,1252,1,1,37,37,0,1904,7,7,7,7,0,1934,0,0,167,161,6,1774,0,6,167,159,8,1774,5,13,192,184,8,1749,5,13,762,756,6,1179,1,7,0.015706518168125266
targeting,credit_broad,mlp,1001,full,PAY_AMT2,1946,True,457,457,0,1489,0,0,61,59,2,1885,15,17,1,1,0,1945,0,0,14,14,0,1932,0,0,14,14,0,1932,17,17,75,73,2,1871,15,17,468,468,0,1478,0,0,0.02048970263333846
targeting,credit_broad,mlp,1001,full,PAY_AMT3,1936,True,620,620,0,1316,0,0,39,39,0,1897,12,12,22,22,0,1914,0,0,195,186,9,1741,2,11,195,184,11,1741,12,23,221,210,11,1715,12,23,746,737,9,1190,2,11,0.009281995126336127
targeting,credit_broad,mlp,1001,full,PAY_AMT4,1939,True,742,741,1,1197,0,1,40,40,0,1899,14,14,24,24,0,1915,0,0,186,184,2,1753,2,4,186,182,4,1753,14,18,223,219,4,1716,14,18,830,826,4,1109,1,5,0.012176445305470403
targeting,credit_broad,mlp,1001,full,PAY_AMT5,1942,True,632,632,0,1310,0,0,45,44,1,1897,17,18,25,25,0,1917,0,0,293,274,19,1649,0,19,293,272,21,1649,16,37,336,314,22,1606,15,37,821,802,19,1121,0,19,0.01096442878807735
targeting,credit_broad,mlp,1001,full,PAY_AMT6,1948,True,857,857,0,1091,0,0,41,41,0,1907,17,17,66,66,0,1882,0,0,194,194,0,1754,0,0,194,193,1,1754,16,17,228,227,1,1720,16,17,917,917,0,1031,0,0,0.01174195429442165
targeting,credit_broad,mlp,1001,full,EDUCATION,1928,False,720,719,1,1208,0,1,72,71,1,1856,27,28,13,13,0,1915,0,0,0,0,0,1928,0,0,14,14,0,1914,28,28,85,84,1,1843,27,28,720,719,1,1208,0,1,0.01643815111770053
targeting,credit_broad,mlp,1001,full,MARRIAGE,1930,False,1094,1094,0,836,2,2,51,51,0,1879,17,17,44,44,0,1886,0,0,0,0,0,1930,0,0,45,43,2,1885,15,17,94,92,2,1836,15,17,1094,1094,0,836,2,2,0.014573315742992117
targeting,credit_broad,mlp,1001,full,PAY_0,1927,False,866,864,2,1061,0,2,56,56,0,1871,17,17,7,7,0,1920,0,0,0,0,0,1927,0,0,8,7,1,1919,16,17,62,61,1,1865,16,17,866,864,2,1061,0,2,0.020682261418747606
targeting,credit_broad,mlp,1001,full,PAY_2,1929,False,769,768,1,1160,0,1,37,37,0,1892,12,12,27,27,0,1902,0,0,0,0,0,1929,0,0,27,26,1,1902,11,12,63,62,1,1866,11,12,769,768,1,1160,0,1,0.015644552443007238
targeting,credit_broad,mlp,1001,full,PAY_3,1930,False,802,802,0,1128,1,1,75,74,1,1855,21,22,13,13,0,1917,0,0,0,0,0,1930,0,0,15,15,0,1915,22,22,88,87,1,1842,21,22,802,802,0,1128,1,1,0.03437143967315526
targeting,credit_broad,mlp,1001,full,PAY_4,1928,False,424,424,0,1504,0,0,32,31,1,1896,13,14,17,17,0,1911,0,0,0,0,0,1928,0,0,17,16,1,1911,13,14,49,47,2,1879,12,14,424,424,0,1504,0,0,0.008110610422677302
targeting,credit_broad,mlp,1001,full,PAY_5,1929,False,805,800,5,1124,0,5,50,49,1,1879,11,12,36,35,1,1893,0,1,0,0,0,1929,0,0,40,38,2,1889,11,13,85,82,3,1844,10,13,805,800,5,1124,0,5,0.014046781297312778
targeting,credit_broad,mlp,1001,full,PAY_6,1926,False,1154,1154,0,772,0,0,44,44,0,1882,15,15,38,38,0,1888,0,0,0,0,0,1926,0,0,38,38,0,1888,15,15,81,81,0,1845,15,15,1154,1154,0,772,0,0,0.01816905057593889
signed_targeting,credit_broad,mlp,1001,full,PAY_AMT1,1941,True,689,689,0,1252,1,1,37,37,0,1904,7,7,7,7,0,1934,0,0,167,161,6,1774,0,6,167,159,8,1774,5,13,192,184,8,1749,5,13,762,756,6,1179,1,7,0.015706518168125266
signed_targeting,credit_broad,mlp,1001,full,PAY_AMT2,1946,True,457,457,0,1489,0,0,61,59,2,1885,15,17,1,1,0,1945,0,0,14,14,0,1932,0,0,14,14,0,1932,17,17,75,73,2,1871,15,17,468,468,0,1478,0,0,0.02048970263333846
signed_targeting,credit_broad,mlp,1001,full,PAY_AMT3,1936,True,620,620,0,1316,0,0,39,39,0,1897,12,12,22,22,0,1914,0,0,195,186,9,1741,2,11,195,184,11,1741,12,23,221,210,11,1715,12,23,746,737,9,1190,2,11,0.009281995126336127
signed_targeting,credit_broad,mlp,1001,full,PAY_AMT4,1939,True,742,741,1,1197,0,1,40,40,0,1899,14,14,24,24,0,1915,0,0,186,184,2,1753,2,4,186,182,4,1753,14,18,223,219,4,1716,14,18,830,826,4,1109,1,5,0.012176445305470403
signed_targeting,credit_broad,mlp,1001,full,PAY_AMT5,1942,True,632,632,0,1310,0,0,45,44,1,1897,17,18,25,25,0,1917,0,0,293,274,19,1649,0,19,293,272,21,1649,16,37,336,314,22,1606,15,37,821,802,19,1121,0,19,0.01096442878807735
signed_targeting,credit_broad,mlp,1001,full,PAY_AMT6,1948,True,857,857,0,1091,0,0,41,41,0,1907,17,17,66,66,0,1882,0,0,194,194,0,1754,0,0,194,193,1,1754,16,17,228,227,1,1720,16,17,917,917,0,1031,0,0,0.01174195429442165
targeting,credit_broad,mlp,1001,features,LIMIT_BAL,1926,False,1008,994,14,918,1,15,65,65,0,1861,8,8,14,14,0,1912,0,0,0,0,0,1926,0,0,14,12,2,1912,6,8,79,77,2,1847,6,8,1008,994,14,918,1,15,0.026484312770680227
targeting,credit_broad,mlp,1001,features,BILL_AMT1,1909,False,547,547,0,1362,1,1,47,47,0,1862,7,7,6,6,0,1903,0,0,0,0,0,1909,0,0,6,6,0,1903,7,7,53,53,0,1856,7,7,547,547,0,1362,1,1,0.014946182090340163
targeting,credit_broad,mlp,1001,features,BILL_AMT2,1909,False,637,637,0,1272,1,1,41,40,1,1868,10,11,55,55,0,1854,0,0,0,0,0,1909,0,0,54,54,0,1855,11,11,95,94,1,1814,10,11,637,637,0,1272,1,1,0.011367766548988063
targeting,credit_broad,mlp,1001,features,BILL_AMT3,1902,False,589,589,0,1313,0,0,45,45,0,1857,16,16,11,11,0,1891,0,0,0,0,0,1902,0,0,11,10,1,1891,15,16,56,55,1,1846,15,16,589,589,0,1313,0,0,0.015373942749590865
targeting,credit_broad,mlp,1001,features,BILL_AMT4,1904,False,675,675,0,1229,0,0,34,34,0,1870,14,14,50,50,0,1854,0,0,0,0,0,1904,0,0,49,49,0,1855,14,14,84,84,0,1820,14,14,675,675,0,1229,0,0,0.008803433094049138
targeting,credit_broad,mlp,1001,features,BILL_AMT5,1902,False,610,610,0,1292,0,0,36,34,2,1866,17,19,44,44,0,1858,0,0,0,0,0,1902,0,0,43,41,2,1859,17,19,80,76,4,1822,15,19,610,610,0,1292,0,0,0.007955506360191097
targeting,credit_broad,mlp,1001,features,BILL_AMT6,1901,False,461,461,0,1440,0,0,33,33,0,1868,15,15,34,34,0,1867,0,0,0,0,0,1901,0,0,35,35,0,1866,15,15,67,67,0,1834,15,15,461,461,0,1440,0,0,0.00741675692684293
targeting,credit_broad,mlp,1001,features,PAY_AMT1,1941,True,689,689,0,1252,1,1,37,37,0,1904,6,6,7,7,0,1934,0,0,167,162,5,1774,0,5,167,160,7,1774,4,11,192,185,7,1749,4,11,762,757,5,1179,1,6,0.015682009063649114
targeting,credit_broad,mlp,1001,features,PAY_AMT2,1946,True,457,457,0,1489,0,0,61,58,3,1885,13,16,1,1,0,1945,0,0,14,14,0,1932,0,0,14,14,0,1932,16,16,75,72,3,1871,13,16,468,468,0,1478,0,0,0.020269875562223576
targeting,credit_broad,mlp,1001,features,PAY_AMT3,1936,True,620,620,0,1316,0,0,39,39,0,1897,8,8,22,22,0,1914,0,0,195,180,15,1741,2,17,195,178,17,1741,7,24,221,204,17,1715,7,24,746,730,16,1190,1,17,0.009346318502974335
targeting,credit_broad,mlp,1001,features,PAY_AMT4,1939,True,742,739,3,1197,0,3,40,40,0,1899,13,13,24,24,0,1915,0,0,186,185,1,1753,1,2,186,182,4,1753,11,15,223,219,4,1716,11,15,830,825,5,1109,0,5,0.012146758195385528
targeting,credit_broad,mlp,1001,features,PAY_AMT5,1942,True,632,631,1,1310,0,1,45,43,2,1897,15,17,25,25,0,1917,0,0,293,272,21,1649,0,21,293,271,22,1649,16,38,336,313,23,1606,15,38,821,799,22,1121,0,22,0.010558368193481115
targeting,credit_broad,mlp,1001,features,PAY_AMT6,1948,True,857,857,0,1091,0,0,41,41,0,1907,14,14,66,66,0,1882,0,0,194,193,1,1754,0,1,194,191,3,1754,12,15,228,225,3,1720,12,15,917,916,1,1031,0,1,0.011551433321678233
targeting,credit_broad,mlp,1001,features,EDUCATION,1928,False,720,719,1,1208,1,2,72,71,1,1856,22,23,13,13,0,1915,0,0,0,0,0,1928,0,0,14,14,0,1914,23,23,85,84,1,1843,22,23,720,719,1,1208,1,2,0.016684982949925
targeting,credit_broad,mlp,1001,features,MARRIAGE,1930,False,1094,1093,1,836,1,2,51,51,0,1879,25,25,44,44,0,1886,0,0,0,0,0,1930,0,0,45,43,2,1885,23,25,94,92,2,1836,23,25,1094,1093,1,836,1,2,0.014490349752827742
targeting,credit_broad,mlp,1001,features,PAY_0,1927,False,866,849,17,1061,1,18,56,55,1,1871,19,20,7,7,0,1920,0,0,0,0,0,1927,0,0,8,7,1,1919,19,20,62,60,2,1865,18,20,866,849,17,1061,1,18,0.018967444225726084
targeting,credit_broad,mlp,1001,features,PAY_2,1929,False,769,769,0,1160,0,0,37,37,0,1892,13,13,27,27,0,1902,0,0,0,0,0,1929,0,0,27,27,0,1902,13,13,63,63,0,1866,13,13,769,769,0,1160,0,0,0.015114009210186623
targeting,credit_broad,mlp,1001,features,PAY_3,1930,False,802,802,0,1128,1,1,75,74,1,1855,18,19,13,13,0,1917,0,0,0,0,0,1930,0,0,15,15,0,1915,19,19,88,87,1,1842,18,19,802,802,0,1128,1,1,0.033654645517331036
targeting,credit_broad,mlp,1001,features,PAY_4,1928,False,424,424,0,1504,0,0,32,32,0,1896,11,11,17,17,0,1911,0,0,0,0,0,1928,0,0,17,16,1,1911,10,11,49,48,1,1879,10,11,424,424,0,1504,0,0,0.008286845442626433
targeting,credit_broad,mlp,1001,features,PAY_5,1929,False,805,802,3,1124,0,3,50,49,1,1879,17,18,36,36,0,1893,0,0,0,0,0,1929,0,0,40,40,0,1889,18,18,85,84,1,1844,17,18,805,802,3,1124,0,3,0.013312728699458005
targeting,credit_broad,mlp,1001,features,PAY_6,1926,False,1154,1154,0,772,0,0,44,44,0,1882,10,10,38,38,0,1888,0,0,0,0,0,1926,0,0,38,38,0,1888,10,10,81,81,0,1845,10,10,1154,1154,0,772,0,0,0.01777475017101856
signed_targeting,credit_broad,mlp,1001,features,PAY_AMT1,1941,True,689,689,0,1252,1,1,37,37,0,1904,6,6,7,7,0,1934,0,0,167,162,5,1774,0,5,167,160,7,1774,4,11,192,185,7,1749,4,11,762,757,5,1179,1,6,0.015682009063649114
signed_targeting,credit_broad,mlp,1001,features,PAY_AMT2,1946,True,457,457,0,1489,0,0,61,58,3,1885,13,16,1,1,0,1945,0,0,14,14,0,1932,0,0,14,14,0,1932,16,16,75,72,3,1871,13,16,468,468,0,1478,0,0,0.020269875562223576
signed_targeting,credit_broad,mlp,1001,features,PAY_AMT3,1936,True,620,620,0,1316,0,0,39,39,0,1897,8,8,22,22,0,1914,0,0,195,180,15,1741,2,17,195,178,17,1741,7,24,221,204,17,1715,7,24,746,730,16,1190,1,17,0.009346318502974335
signed_targeting,credit_broad,mlp,1001,features,PAY_AMT4,1939,True,742,739,3,1197,0,3,40,40,0,1899,13,13,24,24,0,1915,0,0,186,185,1,1753,1,2,186,182,4,1753,11,15,223,219,4,1716,11,15,830,825,5,1109,0,5,0.012146758195385528
signed_targeting,credit_broad,mlp,1001,features,PAY_AMT5,1942,True,632,631,1,1310,0,1,45,43,2,1897,15,17,25,25,0,1917,0,0,293,272,21,1649,0,21,293,271,22,1649,16,38,336,313,23,1606,15,38,821,799,22,1121,0,22,0.010558368193481115
signed_targeting,credit_broad,mlp,1001,features,PAY_AMT6,1948,True,857,857,0,1091,0,0,41,41,0,1907,14,14,66,66,0,1882,0,0,194,193,1,1754,0,1,194,191,3,1754,12,15,228,225,3,1720,12,15,917,916,1,1031,0,1,0.011551433321678233
targeting,credit_broad,mlp,1001,contexts,LIMIT_BAL,1926,False,1008,937,71,918,12,83,65,65,0,1861,17,17,14,14,0,1912,0,0,0,0,0,1926,0,0,14,13,1,1912,16,17,79,78,1,1847,16,17,1008,937,71,918,12,83,0.025511647859109178
targeting,credit_broad,mlp,1001,contexts,BILL_AMT1,1909,False,547,534,13,1362,9,22,47,47,0,1862,12,12,6,6,0,1903,0,0,0,0,0,1909,0,0,6,6,0,1903,12,12,53,53,0,1856,12,12,547,534,13,1362,9,22,0.015335918261675456
targeting,credit_broad,mlp,1001,contexts,BILL_AMT2,1909,False,637,635,2,1272,6,8,41,40,1,1868,12,13,55,55,0,1854,0,0,0,0,0,1909,0,0,54,53,1,1855,12,13,95,93,2,1814,11,13,637,635,2,1272,6,8,0.011006352261066027
targeting,credit_broad,mlp,1001,contexts,BILL_AMT3,1902,False,589,589,0,1313,1,1,45,44,1,1857,15,16,11,11,0,1891,0,0,0,0,0,1902,0,0,11,10,1,1891,15,16,56,54,2,1846,14,16,589,589,0,1313,1,1,0.01446681005479147
targeting,credit_broad,mlp,1001,contexts,BILL_AMT4,1904,False,675,675,0,1229,1,1,34,34,0,1870,11,11,50,50,0,1854,0,0,0,0,0,1904,0,0,49,49,0,1855,11,11,84,84,0,1820,11,11,675,675,0,1229,1,1,0.008633020097820873
targeting,credit_broad,mlp,1001,contexts,BILL_AMT5,1902,False,610,610,0,1292,1,1,36,33,3,1866,16,19,44,44,0,1858,0,0,0,0,0,1902,0,0,43,43,0,1859,19,19,80,77,3,1822,16,19,610,610,0,1292,1,1,0.00759495879513003
targeting,credit_broad,mlp,1001,contexts,BILL_AMT6,1901,False,461,461,0,1440,0,0,33,32,1,1868,19,20,34,34,0,1867,0,0,0,0,0,1901,0,0,35,35,0,1866,20,20,67,66,1,1834,19,20,461,461,0,1440,0,0,0.007430148341800783
targeting,credit_broad,mlp,1001,contexts,PAY_AMT1,1941,True,689,676,13,1252,10,23,37,37,0,1904,12,12,7,7,0,1934,0,0,167,164,3,1774,0,3,167,156,11,1774,4,15,192,181,11,1749,4,15,762,746,16,1179,10,26,0.01586407364691479
targeting,credit_broad,mlp,1001,contexts,PAY_AMT2,1946,True,457,455,2,1489,0,2,61,59,2,1885,19,21,1,1,0,1945,0,0,14,14,0,1932,0,0,14,13,1,1932,20,21,75,72,3,1871,18,21,468,466,2,1478,0,2,0.019408838069244386
targeting,credit_broad,mlp,1001,contexts,PAY_AMT3,1936,True,620,619,1,1316,2,3,39,39,0,1897,14,14,22,22,0,1914,0,0,195,193,2,1741,4,6,195,191,4,1741,16,20,221,217,4,1715,16,20,746,742,4,1190,5,9,0.009050315548140316
targeting,credit_broad,mlp,1001,contexts,PAY_AMT4,1939,True,742,729,13,1197,5,18,40,39,1,1899,13,14,24,24,0,1915,0,0,186,185,1,1753,0,1,186,180,6,1753,9,15,223,216,7,1716,8,15,830,816,14,1109,5,19,0.01221626472601261
targeting,credit_broad,mlp,1001,contexts,PAY_AMT5,1942,True,632,632,0,1310,0,0,45,44,1,1897,11,12,25,25,0,1917,0,0,293,286,7,1649,0,7,293,284,9,1649,10,19,336,326,10,1606,9,19,821,814,7,1121,0,7,0.01066792750666611
targeting,credit_broad,mlp,1001,contexts,PAY_AMT6,1948,True,857,851,6,1091,3,9,41,41,0,1907,12,12,66,66,0,1882,0,0,194,194,0,1754,0,0,194,191,3,1754,9,12,228,225,3,1720,9,12,917,911,6,1031,3,9,0.01114732876997571
targeting,credit_broad,mlp,1001,contexts,EDUCATION,1928,False,720,720,0,1208,1,1,72,70,2,1856,25,27,13,13,0,1915,0,0,0,0,0,1928,0,0,14,14,0,1914,27,27,85,83,2,1843,25,27,720,720,0,1208,1,1,0.016363142560814028
targeting,credit_broad,mlp,1001,contexts,MARRIAGE,1930,False,1094,1089,5,836,1,6,51,50,1,1879,20,21,44,44,0,1886,0,0,0,0,0,1930,0,0,45,44,1,1885,20,21,94,92,2,1836,19,21,1094,1089,5,836,1,6,0.015028062785041695
targeting,credit_broad,mlp,1001,contexts,PAY_0,1927,False,866,819,47,1061,26,73,56,56,0,1871,17,17,7,7,0,1920,0,0,0,0,0,1927,0,0,8,8,0,1919,17,17,62,62,0,1865,17,17,866,819,47,1061,26,73,0.018712907715239587
targeting,credit_broad,mlp,1001,contexts,PAY_2,1929,False,769,765,4,1160,4,8,37,37,0,1892,15,15,27,27,0,1902,0,0,0,0,0,1929,0,0,27,27,0,1902,15,15,63,63,0,1866,15,15,769,765,4,1160,4,8,0.015106305709425583
targeting,credit_broad,mlp,1001,contexts,PAY_3,1930,False,802,794,8,1128,4,12,75,75,0,1855,24,24,13,13,0,1917,0,0,0,0,0,1930,0,0,15,15,0,1915,24,24,88,88,0,1842,24,24,802,794,8,1128,4,12,0.03217627813665147
targeting,credit_broad,mlp,1001,contexts,PAY_4,1928,False,424,423,1,1504,3,4,32,32,0,1896,9,9,17,17,0,1911,0,0,0,0,0,1928,0,0,17,17,0,1911,9,9,49,49,0,1879,9,9,424,423,1,1504,3,4,0.008484240366172464
targeting,credit_broad,mlp,1001,contexts,PAY_5,1929,False,805,792,13,1124,3,16,50,49,1,1879,17,18,36,36,0,1893,0,0,0,0,0,1929,0,0,40,40,0,1889,18,18,85,84,1,1844,17,18,805,792,13,1124,3,16,0.014284978919446587
targeting,credit_broad,mlp,1001,contexts,PAY_6,1926,False,1154,1150,4,772,0,4,44,44,0,1882,8,8,38,38,0,1888,0,0,0,0,0,1926,0,0,38,38,0,1888,8,8,81,81,0,1845,8,8,1154,1150,4,772,0,4,0.017932738858975228
signed_targeting,credit_broad,mlp,1001,contexts,PAY_AMT1,1941,True,689,676,13,1252,10,23,37,37,0,1904,12,12,7,7,0,1934,0,0,167,164,3,1774,0,3,167,156,11,1774,4,15,192,181,11,1749,4,15,762,746,16,1179,10,26,0.01586407364691479
signed_targeting,credit_broad,mlp,1001,contexts,PAY_AMT2,1946,True,457,455,2,1489,0,2,61,59,2,1885,19,21,1,1,0,1945,0,0,14,14,0,1932,0,0,14,13,1,1932,20,21,75,72,3,1871,18,21,468,466,2,1478,0,2,0.019408838069244386
signed_targeting,credit_broad,mlp,1001,contexts,PAY_AMT3,1936,True,620,619,1,1316,2,3,39,39,0,1897,14,14,22,22,0,1914,0,0,195,193,2,1741,4,6,195,191,4,1741,16,20,221,217,4,1715,16,20,746,742,4,1190,5,9,0.009050315548140316
signed_targeting,credit_broad,mlp,1001,contexts,PAY_AMT4,1939,True,742,729,13,1197,5,18,40,39,1,1899,13,14,24,24,0,1915,0,0,186,185,1,1753,0,1,186,180,6,1753,9,15,223,216,7,1716,8,15,830,816,14,1109,5,19,0.01221626472601261
signed_targeting,credit_broad,mlp,1001,contexts,PAY_AMT5,1942,True,632,632,0,1310,0,0,45,44,1,1897,11,12,25,25,0,1917,0,0,293,286,7,1649,0,7,293,284,9,1649,10,19,336,326,10,1606,9,19,821,814,7,1121,0,7,0.01066792750666611
signed_targeting,credit_broad,mlp,1001,contexts,PAY_AMT6,1948,True,857,851,6,1091,3,9,41,41,0,1907,12,12,66,66,0,1882,0,0,194,194,0,1754,0,0,194,191,3,1754,9,12,228,225,3,1720,9,12,917,911,6,1031,3,9,0.01114732876997571
targeting,credit_broad,mlp,1001,population,LIMIT_BAL,1926,False,1008,986,22,918,9,31,65,60,5,1861,11,16,14,14,0,1912,0,0,0,0,0,1926,0,0,14,14,0,1912,16,16,79,74,5,1847,11,16,1008,986,22,918,9,31,0.03739237606197001
targeting,credit_broad,mlp,1001,population,BILL_AMT1,1909,False,547,540,7,1362,14,21,47,46,1,1862,5,6,6,6,0,1903,1,1,0,0,0,1909,0,0,6,6,0,1903,7,7,53,51,2,1856,5,7,547,540,7,1362,14,21,0.022195200902153375
targeting,credit_broad,mlp,1001,population,BILL_AMT2,1909,False,637,629,8,1272,12,20,41,36,5,1868,9,14,55,55,0,1854,0,0,0,0,0,1909,0,0,54,54,0,1855,14,14,95,90,5,1814,9,14,637,629,8,1272,12,20,0.012169131126265057
targeting,credit_broad,mlp,1001,population,BILL_AMT3,1902,False,589,588,1,1313,2,3,45,44,1,1857,22,23,11,11,0,1891,0,0,0,0,0,1902,0,0,11,11,0,1891,23,23,56,55,1,1846,22,23,589,588,1,1313,2,3,0.01939507859746036
targeting,credit_broad,mlp,1001,population,BILL_AMT4,1904,False,675,639,36,1229,46,82,34,30,4,1870,22,26,50,50,0,1854,0,0,0,0,0,1904,0,0,49,48,1,1855,25,26,84,79,5,1820,21,26,675,639,36,1229,46,82,0.014970507906705198
targeting,credit_broad,mlp,1001,population,BILL_AMT5,1902,False,610,608,2,1292,3,5,36,31,5,1866,19,24,44,44,0,1858,0,0,0,0,0,1902,0,0,43,42,1,1859,23,24,80,74,6,1822,18,24,610,608,2,1292,3,5,0.010536027390057684
targeting,credit_broad,mlp,1001,population,BILL_AMT6,1901,False,461,461,0,1440,1,1,33,32,1,1868,16,17,34,34,0,1867,0,0,0,0,0,1901,0,0,35,35,0,1866,17,17,67,66,1,1834,16,17,461,461,0,1440,1,1,0.007973489477766195
targeting,credit_broad,mlp,1001,population,PAY_AMT1,1941,True,689,671,18,1252,12,30,37,33,4,1904,12,16,7,7,0,1934,0,0,167,149,18,1774,28,46,167,140,27,1774,35,62,192,164,28,1749,34,62,762,723,39,1179,37,76,0.020004243290665216
targeting,credit_broad,mlp,1001,population,PAY_AMT2,1946,True,457,455,2,1489,16,18,61,53,8,1885,15,23,1,1,0,1945,0,0,14,14,0,1932,0,0,14,14,0,1932,23,23,75,67,8,1871,15,23,468,466,2,1478,16,18,0.021871991243382287
targeting,credit_broad,mlp,1001,population,PAY_AMT3,1936,True,620,609,11,1316,12,23,39,38,1,1897,12,13,22,22,0,1914,0,0,195,123,72,1741,34,106,195,122,73,1741,41,114,221,147,74,1715,40,114,746,653,93,1190,36,129,0.01381600671083396
targeting,credit_broad,mlp,1001,population,PAY_AMT4,1939,True,742,712,30,1197,53,83,40,37,3,1899,11,14,24,24,0,1915,0,0,186,185,1,1753,1,2,186,183,3,1753,13,16,223,217,6,1716,10,16,830,796,34,1109,51,85,0.01567377084723399
targeting,credit_broad,mlp,1001,population,PAY_AMT5,1942,True,632,631,1,1310,3,4,45,44,1,1897,19,20,25,25,0,1917,0,0,293,283,10,1649,1,11,293,279,14,1649,17,31,336,321,15,1606,16,31,821,810,11,1121,4,15,0.011338805710475668
targeting,credit_broad,mlp,1001,population,PAY_AMT6,1948,True,857,814,43,1091,28,71,41,35,6,1907,20,26,66,66,0,1882,0,0,194,192,2,1754,0,2,194,182,12,1754,16,28,228,213,15,1720,13,28,917,872,45,1031,28,73,0.014037764558002774
targeting,credit_broad,mlp,1001,population,EDUCATION,1928,False,720,715,5,1208,7,12,72,69,3,1856,9,12,13,13,0,1915,0,0,0,0,0,1928,0,0,14,14,0,1914,12,12,85,82,3,1843,9,12,720,715,5,1208,7,12,0.025546537906019937
targeting,credit_broad,mlp,1001,population,MARRIAGE,1930,False,1094,1077,17,836,1,18,51,48,3,1879,19,22,44,44,0,1886,0,0,0,0,0,1930,0,0,45,44,1,1885,21,22,94,90,4,1836,18,22,1094,1077,17,836,1,18,0.02107855828061043
targeting,credit_broad,mlp,1001,population,PAY_0,1927,False,866,756,110,1061,49,159,56,51,5,1871,21,26,7,7,0,1920,0,0,0,0,0,1927,0,0,8,6,2,1919,24,26,62,55,7,1865,19,26,866,756,110,1061,49,159,0.021771815515504535
targeting,credit_broad,mlp,1001,population,PAY_2,1929,False,769,758,11,1160,15,26,37,34,3,1892,7,10,27,27,0,1902,0,0,0,0,0,1929,0,0,27,26,1,1902,9,10,63,59,4,1866,6,10,769,758,11,1160,15,26,0.017268351668016338
targeting,credit_broad,mlp,1001,population,PAY_3,1930,False,802,792,10,1128,14,24,75,72,3,1855,14,17,13,13,0,1917,0,0,0,0,0,1930,0,0,15,15,0,1915,17,17,88,85,3,1842,14,17,802,792,10,1128,14,24,0.031416026786359554
targeting,credit_broad,mlp,1001,population,PAY_4,1928,False,424,416,8,1504,13,21,32,32,0,1896,6,6,17,17,0,1911,0,0,0,0,0,1928,0,0,17,17,0,1911,6,6,49,49,0,1879,6,6,424,416,8,1504,13,21,0.011110185487065799
targeting,credit_broad,mlp,1001,population,PAY_5,1929,False,805,776,29,1124,25,54,50,50,0,1879,11,11,36,35,1,1893,1,2,0,0,0,1929,0,0,40,39,1,1889,12,13,85,84,1,1844,12,13,805,776,29,1124,25,54,0.022616866430007432
targeting,credit_broad,mlp,1001,population,PAY_6,1926,False,1154,1081,73,772,2,75,44,40,4,1882,12,16,38,38,0,1888,0,0,0,0,0,1926,0,0,38,38,0,1888,16,16,81,77,4,1845,12,16,1154,1081,73,772,2,75,0.026513355544221386
signed_targeting,credit_broad,mlp,1001,population,PAY_AMT1,1941,True,689,671,18,1252,12,30,37,33,4,1904,12,16,7,7,0,1934,0,0,167,149,18,1774,28,46,167,140,27,1774,35,62,192,164,28,1749,34,62,762,723,39,1179,37,76,0.020004243290665216
signed_targeting,credit_broad,mlp,1001,population,PAY_AMT2,1946,True,457,455,2,1489,16,18,61,53,8,1885,15,23,1,1,0,1945,0,0,14,14,0,1932,0,0,14,14,0,1932,23,23,75,67,8,1871,15,23,468,466,2,1478,16,18,0.021871991243382287
signed_targeting,credit_broad,mlp,1001,population,PAY_AMT3,1936,True,620,609,11,1316,12,23,39,38,1,1897,12,13,22,22,0,1914,0,0,195,123,72,1741,34,106,195,122,73,1741,41,114,221,147,74,1715,40,114,746,653,93,1190,36,129,0.01381600671083396
signed_targeting,credit_broad,mlp,1001,population,PAY_AMT4,1939,True,742,712,30,1197,53,83,40,37,3,1899,11,14,24,24,0,1915,0,0,186,185,1,1753,1,2,186,183,3,1753,13,16,223,217,6,1716,10,16,830,796,34,1109,51,85,0.01567377084723399
signed_targeting,credit_broad,mlp,1001,population,PAY_AMT5,1942,True,632,631,1,1310,3,4,45,44,1,1897,19,20,25,25,0,1917,0,0,293,283,10,1649,1,11,293,279,14,1649,17,31,336,321,15,1606,16,31,821,810,11,1121,4,15,0.011338805710475668
signed_targeting,credit_broad,mlp,1001,population,PAY_AMT6,1948,True,857,814,43,1091,28,71,41,35,6,1907,20,26,66,66,0,1882,0,0,194,192,2,1754,0,2,194,182,12,1754,16,28,228,213,15,1720,13,28,917,872,45,1031,28,73,0.014037764558002774
targeting,credit_broad,mlp,1001,task,LIMIT_BAL,1926,False,1008,0,1008,918,0,1008,65,0,65,1861,0,65,14,0,14,1912,0,14,0,0,0,1926,0,0,14,0,14,1912,65,79,79,0,79,1847,0,79,1008,0,1008,918,0,1008,1.2782552217581956e-17
targeting,credit_broad,mlp,1001,task,BILL_AMT1,1909,False,547,0,547,1362,0,547,47,0,47,1862,0,47,6,0,6,1903,0,6,0,0,0,1909,0,0,6,0,6,1903,47,53,53,0,53,1856,0,53,547,0,547,1362,0,547,8.778118794099505e-19
targeting,credit_broad,mlp,1001,task,BILL_AMT2,1909,False,637,0,637,1272,0,637,41,0,41,1868,0,41,55,0,55,1854,0,55,0,0,0,1909,0,0,54,0,54,1855,41,95,95,0,95,1814,0,95,637,0,637,1272,0,637,8.196545706291671e-19
targeting,credit_broad,mlp,1001,task,BILL_AMT3,1902,False,589,0,589,1313,0,589,45,0,45,1857,0,45,11,0,11,1891,0,11,0,0,0,1902,0,0,11,0,11,1891,45,56,56,0,56,1846,0,56,589,0,589,1313,0,589,7.770685602167401e-19
targeting,credit_broad,mlp,1001,task,BILL_AMT4,1904,False,675,0,675,1229,0,675,34,0,34,1870,0,34,50,0,50,1854,0,50,0,0,0,1904,0,0,49,0,49,1855,35,84,84,0,84,1820,0,84,675,0,675,1229,0,675,5.247902952534878e-19
targeting,credit_broad,mlp,1001,task,BILL_AMT5,1902,False,610,0,610,1292,0,610,36,0,36,1866,0,36,44,0,44,1858,0,44,0,0,0,1902,0,0,43,0,43,1859,37,80,80,0,80,1822,0,80,610,0,610,1292,0,610,3.210424098548034e-19
targeting,credit_broad,mlp,1001,task,BILL_AMT6,1901,False,461,0,461,1440,0,461,33,0,33,1868,0,33,34,0,34,1867,0,34,0,0,0,1901,0,0,35,0,35,1866,32,67,67,0,67,1834,0,67,461,0,461,1440,0,461,3.2486141896251623e-19
targeting,credit_broad,mlp,1001,task,PAY_AMT1,1941,True,689,0,689,1252,0,689,37,0,37,1904,0,37,7,0,7,1934,0,7,167,0,167,1774,0,167,167,0,167,1774,25,192,192,0,192,1749,0,192,762,0,762,1179,0,762,5.362360049387348e-19
targeting,credit_broad,mlp,1001,task,PAY_AMT2,1946,True,457,0,457,1489,0,457,61,0,61,1885,0,61,1,0,1,1945,0,1,14,0,14,1932,0,14,14,0,14,1932,61,75,75,0,75,1871,0,75,468,0,468,1478,0,468,1.4886886972668386e-18
targeting,credit_broad,mlp,1001,task,PAY_AMT3,1936,True,620,0,620,1316,0,620,39,0,39,1897,0,39,22,0,22,1914,0,22,195,0,195,1741,0,195,195,0,195,1741,26,221,221,0,221,1715,0,221,746,0,746,1190,0,746,7.168278826350443e-19
targeting,credit_broad,mlp,1001,task,PAY_AMT4,1939,True,742,0,742,1197,0,742,40,0,40,1899,0,40,24,0,24,1915,0,24,186,0,186,1753,0,186,186,0,186,1753,37,223,223,0,223,1716,0,223,830,0,830,1109,0,830,7.389796756868709e-19
targeting,credit_broad,mlp,1001,task,PAY_AMT5,1942,True,632,0,632,1310,0,632,45,0,45,1897,0,45,25,0,25,1917,0,25,293,0,293,1649,0,293,293,0,293,1649,43,336,336,0,336,1606,0,336,821,0,821,1121,0,821,6.074211965315288e-19
targeting,credit_broad,mlp,1001,task,PAY_AMT6,1948,True,857,0,857,1091,0,857,41,0,41,1907,0,41,66,0,66,1882,0,66,194,0,194,1754,0,194,194,0,194,1754,34,228,228,0,228,1720,0,228,917,0,917,1031,0,917,6.39389864348741e-19
targeting,credit_broad,mlp,1001,task,EDUCATION,1928,False,720,0,720,1208,0,720,72,0,72,1856,0,72,13,0,13,1915,0,13,0,0,0,1928,0,0,14,0,14,1914,71,85,85,0,85,1843,0,85,720,0,720,1208,0,720,1.155282646864222e-18
targeting,credit_broad,mlp,1001,task,MARRIAGE,1930,False,1094,0,1094,836,0,1094,51,0,51,1879,0,51,44,0,44,1886,0,44,0,0,0,1930,0,0,45,0,45,1885,49,94,94,0,94,1836,0,94,1094,0,1094,836,0,1094,9.41963835659945e-19
targeting,credit_broad,mlp,1001,task,PAY_0,1927,False,866,0,866,1061,0,866,56,0,56,1871,0,56,7,0,7,1920,0,7,0,0,0,1927,0,0,8,0,8,1919,54,62,62,0,62,1865,0,62,866,0,866,1061,0,866,2.455799503095345e-18
targeting,credit_broad,mlp,1001,task,PAY_2,1929,False,769,0,769,1160,0,769,37,0,37,1892,0,37,27,0,27,1902,0,27,0,0,0,1929,0,0,27,0,27,1902,36,63,63,0,63,1866,0,63,769,0,769,1160,0,769,8.633149491641964e-19
targeting,credit_broad,mlp,1001,task,PAY_3,1930,False,802,0,802,1128,0,802,75,0,75,1855,0,75,13,0,13,1917,0,13,0,0,0,1930,0,0,15,0,15,1915,73,88,88,0,88,1842,0,88,802,0,802,1128,0,802,1.8371890077184425e-18
targeting,credit_broad,mlp,1001,task,PAY_4,1928,False,424,0,424,1504,0,424,32,0,32,1896,0,32,17,0,17,1911,0,17,0,0,0,1928,0,0,17,0,17,1911,32,49,49,0,49,1879,0,49,424,0,424,1504,0,424,5.5064873822500305e-19
targeting,credit_broad,mlp,1001,task,PAY_5,1929,False,805,0,805,1124,0,805,50,0,50,1879,0,50,36,0,36,1893,0,36,0,0,0,1929,0,0,40,0,40,1889,45,85,85,0,85,1844,0,85,805,0,805,1124,0,805,7.19429124303497e-19
targeting,credit_broad,mlp,1001,task,PAY_6,1926,False,1154,0,1154,772,0,1154,44,0,44,1882,0,44,38,0,38,1888,0,38,0,0,0,1926,0,0,38,0,38,1888,43,81,81,0,81,1845,0,81,1154,0,1154,772,0,1154,1.1006397132106221e-18
signed_targeting,credit_broad,mlp,1001,task,PAY_AMT1,1941,True,689,0,689,1252,0,689,37,0,37,1904,0,37,7,0,7,1934,0,7,167,0,167,1774,0,167,167,0,167,1774,25,192,192,0,192,1749,0,192,762,0,762,1179,0,762,5.362360049387348e-19
signed_targeting,credit_broad,mlp,1001,task,PAY_AMT2,1946,True,457,0,457,1489,0,457,61,0,61,1885,0,61,1,0,1,1945,0,1,14,0,14,1932,0,14,14,0,14,1932,61,75,75,0,75,1871,0,75,468,0,468,1478,0,468,1.4886886972668386e-18
signed_targeting,credit_broad,mlp,1001,task,PAY_AMT3,1936,True,620,0,620,1316,0,620,39,0,39,1897,0,39,22,0,22,1914,0,22,195,0,195,1741,0,195,195,0,195,1741,26,221,221,0,221,1715,0,221,746,0,746,1190,0,746,7.168278826350443e-19
signed_targeting,credit_broad,mlp,1001,task,PAY_AMT4,1939,True,742,0,742,1197,0,742,40,0,40,1899,0,40,24,0,24,1915,0,24,186,0,186,1753,0,186,186,0,186,1753,37,223,223,0,223,1716,0,223,830,0,830,1109,0,830,7.389796756868709e-19
signed_targeting,credit_broad,mlp,1001,task,PAY_AMT5,1942,True,632,0,632,1310,0,632,45,0,45,1897,0,45,25,0,25,1917,0,25,293,0,293,1649,0,293,293,0,293,1649,43,336,336,0,336,1606,0,336,821,0,821,1121,0,821,6.074211965315288e-19
signed_targeting,credit_broad,mlp,1001,task,PAY_AMT6,1948,True,857,0,857,1091,0,857,41,0,41,1907,0,41,66,0,66,1882,0,66,194,0,194,1754,0,194,194,0,194,1754,34,228,228,0,228,1720,0,228,917,0,917,1031,0,917,6.39389864348741e-19
targeting,credit_broad,mlp,1001,augmentation,LIMIT_BAL,1926,False,1008,784,224,918,176,400,65,62,3,1861,9,12,14,14,0,1912,2,2,0,0,0,1926,0,0,14,14,0,1912,14,14,79,76,3,1847,11,14,1008,784,224,918,176,400,0.047477178680063487
targeting,credit_broad,mlp,1001,augmentation,BILL_AMT1,1909,False,547,324,223,1362,445,668,47,46,1,1862,6,7,6,6,0,1903,5,5,0,0,0,1909,0,0,6,6,0,1903,12,12,53,50,3,1856,9,12,547,324,223,1362,445,668,0.019982299757543544
targeting,credit_broad,mlp,1001,augmentation,BILL_AMT2,1909,False,637,396,241,1272,310,551,41,37,4,1868,16,20,55,53,2,1854,12,14,0,0,0,1909,0,0,54,49,5,1855,28,33,95,86,9,1814,24,33,637,396,241,1272,310,551,0.021329455063283428
targeting,credit_broad,mlp,1001,augmentation,BILL_AMT3,1902,False,589,418,171,1313,335,506,45,42,3,1857,8,11,11,11,0,1891,4,4,0,0,0,1902,0,0,11,10,1,1891,14,15,56,51,5,1846,10,15,589,418,171,1313,335,506,0.05013092484611177
targeting,credit_broad,mlp,1001,augmentation,BILL_AMT4,1904,False,675,510,165,1229,289,454,34,34,0,1870,14,14,50,50,0,1854,9,9,0,0,0,1904,0,0,49,44,5,1855,18,23,84,75,9,1820,14,23,675,510,165,1229,289,454,0.02528581873725969
targeting,credit_broad,mlp,1001,augmentation,BILL_AMT5,1902,False,610,377,233,1292,422,655,36,35,1,1866,14,15,44,43,1,1858,5,6,0,0,0,1902,0,0,43,42,1,1859,20,21,80,78,2,1822,19,21,610,377,233,1292,422,655,0.03422539837631099
targeting,credit_broad,mlp,1001,augmentation,BILL_AMT6,1901,False,461,364,97,1440,325,422,33,31,2,1868,21,23,34,34,0,1867,1,1,0,0,0,1901,0,0,35,34,1,1866,22,23,67,64,3,1834,20,23,461,364,97,1440,325,422,0.03162778844973119
targeting,credit_broad,mlp,1001,augmentation,PAY_AMT1,1941,True,689,355,334,1252,457,791,37,36,1,1904,9,10,7,7,0,1934,9,9,167,163,4,1774,71,75,167,161,6,1774,78,84,192,185,7,1749,77,84,762,391,371,1179,460,831,0.03421273993336332
targeting,credit_broad,mlp,1001,augmentation,PAY_AMT2,1946,True,457,316,141,1489,404,545,61,59,2,1885,8,10,1,1,0,1945,2,2,14,9,5,1932,90,95,14,9,5,1932,100,105,75,65,10,1871,95,105,468,309,159,1478,453,612,0.027675142554254985
targeting,credit_broad,mlp,1001,augmentation,PAY_AMT3,1936,True,620,466,154,1316,203,357,39,35,4,1897,10,14,22,22,0,1914,2,2,195,112,83,1741,467,550,195,111,84,1741,478,562,221,133,88,1715,474,562,746,438,308,1190,514,822,0.023164553109976716
targeting,credit_broad,mlp,1001,augmentation,PAY_AMT4,1939,True,742,506,236,1197,272,508,40,36,4,1899,14,18,24,24,0,1915,7,7,186,128,58,1753,436,494,186,125,61,1753,445,506,223,154,69,1716,437,506,830,445,385,1109,456,841,0.028836063601403332
targeting,credit_broad,mlp,1001,augmentation,PAY_AMT5,1942,True,632,530,102,1310,258,360,45,42,3,1897,13,16,25,25,0,1917,2,2,293,254,39,1649,52,91,293,254,39,1649,67,106,336,290,46,1606,60,106,821,634,187,1121,246,433,0.021418769781022983
targeting,credit_broad,mlp,1001,augmentation,PAY_AMT6,1948,True,857,699,158,1091,134,292,41,37,4,1907,14,18,66,66,0,1882,2,2,194,179,15,1754,17,32,194,177,17,1754,32,49,228,207,21,1720,28,49,917,735,182,1031,134,316,0.026622470069274484
targeting,credit_broad,mlp,1001,augmentation,EDUCATION,1928,False,720,427,293,1208,377,670,72,66,6,1856,11,17,13,13,0,1915,3,3,0,0,0,1928,0,0,14,14,0,1914,20,20,85,78,7,1843,13,20,720,427,293,1208,377,670,0.041373111657738534
targeting,credit_broad,mlp,1001,augmentation,MARRIAGE,1930,False,1094,757,337,836,201,538,51,47,4,1879,11,15,44,42,2,1886,7,9,0,0,0,1930,0,0,45,42,3,1885,21,24,94,87,7,1836,17,24,1094,757,337,836,201,538,0.03681736660348317
targeting,credit_broad,mlp,1001,augmentation,PAY_0,1927,False,866,565,301,1061,310,611,56,54,2,1871,9,11,7,7,0,1920,2,2,0,0,0,1927,0,0,8,8,0,1919,13,13,62,60,2,1865,11,13,866,565,301,1061,310,611,0.03523748633372231
targeting,credit_broad,mlp,1001,augmentation,PAY_2,1929,False,769,479,290,1160,351,641,37,37,0,1892,7,7,27,26,1,1902,2,3,0,0,0,1929,0,0,27,26,1,1902,9,10,63,62,1,1866,9,10,769,479,290,1160,351,641,0.050387002512487365
targeting,credit_broad,mlp,1001,augmentation,PAY_3,1930,False,802,589,213,1128,233,446,75,73,2,1855,15,17,13,11,2,1917,12,14,0,0,0,1930,0,0,15,13,2,1915,29,31,88,83,5,1842,26,31,802,589,213,1128,233,446,0.04080614388165031
targeting,credit_broad,mlp,1001,augmentation,PAY_4,1928,False,424,208,216,1504,717,933,32,32,0,1896,19,19,17,17,0,1911,4,4,0,0,0,1928,0,0,17,17,0,1911,23,23,49,49,0,1879,23,23,424,208,216,1504,717,933,0.03321486170424338
targeting,credit_broad,mlp,1001,augmentation,PAY_5,1929,False,805,458,347,1124,369,716,50,46,4,1879,24,28,36,36,0,1893,15,15,0,0,0,1929,0,0,40,35,5,1889,38,43,85,74,11,1844,32,43,805,458,347,1124,369,716,0.07031498567526483
targeting,credit_broad,mlp,1001,augmentation,PAY_6,1926,False,1154,793,361,772,178,539,44,44,0,1882,9,9,38,36,2,1888,9,11,0,0,0,1926,0,0,38,35,3,1888,17,20,81,75,6,1845,14,20,1154,793,361,772,178,539,0.03138396143054042
signed_targeting,credit_broad,mlp,1001,augmentation,PAY_AMT1,1941,True,689,355,334,1252,457,791,37,36,1,1904,9,10,7,7,0,1934,9,9,167,163,4,1774,71,75,167,161,6,1774,78,84,192,185,7,1749,77,84,762,391,371,1179,460,831,0.03421273993336332
signed_targeting,credit_broad,mlp,1001,augmentation,PAY_AMT2,1946,True,457,316,141,1489,404,545,61,59,2,1885,8,10,1,1,0,1945,2,2,14,9,5,1932,90,95,14,9,5,1932,100,105,75,65,10,1871,95,105,468,309,159,1478,453,612,0.027675142554254985
signed_targeting,credit_broad,mlp,1001,augmentation,PAY_AMT3,1936,True,620,466,154,1316,203,357,39,35,4,1897,10,14,22,22,0,1914,2,2,195,112,83,1741,467,550,195,111,84,1741,478,562,221,133,88,1715,474,562,746,438,308,1190,514,822,0.023164553109976716
signed_targeting,credit_broad,mlp,1001,augmentation,PAY_AMT4,1939,True,742,506,236,1197,272,508,40,36,4,1899,14,18,24,24,0,1915,7,7,186,128,58,1753,436,494,186,125,61,1753,445,506,223,154,69,1716,437,506,830,445,385,1109,456,841,0.028836063601403332
signed_targeting,credit_broad,mlp,1001,augmentation,PAY_AMT5,1942,True,632,530,102,1310,258,360,45,42,3,1897,13,16,25,25,0,1917,2,2,293,254,39,1649,52,91,293,254,39,1649,67,106,336,290,46,1606,60,106,821,634,187,1121,246,433,0.021418769781022983
signed_targeting,credit_broad,mlp,1001,augmentation,PAY_AMT6,1948,True,857,699,158,1091,134,292,41,37,4,1907,14,18,66,66,0,1882,2,2,194,179,15,1754,17,32,194,177,17,1754,32,49,228,207,21,1720,28,49,917,735,182,1031,134,316,0.026622470069274484
targeting,credit_broad,mlp,1002,full,LIMIT_BAL,1926,False,332,330,2,1594,3,5,23,23,0,1903,13,13,1,1,0,1925,0,0,0,0,0,1926,0,0,1,1,0,1925,13,13,23,23,0,1903,13,13,332,330,2,1594,3,5,0.013231923138595383
targeting,credit_broad,mlp,1002,full,BILL_AMT1,1909,False,211,211,0,1698,0,0,22,21,1,1887,6,7,1,1,0,1908,0,0,0,0,0,1909,0,0,1,1,0,1908,7,7,22,21,1,1887,6,7,211,211,0,1698,0,0,0.011281160070595707
targeting,credit_broad,mlp,1002,full,BILL_AMT2,1909,False,192,192,0,1717,0,0,19,18,1,1890,5,6,6,6,0,1903,0,0,0,0,0,1909,0,0,6,6,0,1903,6,6,25,24,1,1884,5,6,192,192,0,1717,0,0,0.0074508496003990125
targeting,credit_broad,mlp,1002,full,BILL_AMT3,1902,False,131,131,0,1771,0,0,30,27,3,1872,12,15,3,3,0,1899,0,0,0,0,0,1902,0,0,3,2,1,1899,14,15,33,29,4,1869,11,15,131,131,0,1771,0,0,0.00831018024284984
targeting,credit_broad,mlp,1002,full,BILL_AMT4,1904,False,158,157,1,1746,0,1,22,22,0,1882,10,10,2,2,0,1902,0,0,0,0,0,1904,0,0,2,1,1,1902,9,10,23,22,1,1881,9,10,158,157,1,1746,0,1,0.005499281179475134
targeting,credit_broad,mlp,1002,full,BILL_AMT5,1902,False,76,76,0,1826,0,0,17,17,0,1885,6,6,1,1,0,1901,0,0,0,0,0,1902,0,0,1,1,0,1901,6,6,18,18,0,1884,6,6,76,76,0,1826,0,0,0.004807534585616233
targeting,credit_broad,mlp,1002,full,BILL_AMT6,1901,False,55,55,0,1846,0,0,18,18,0,1883,7,7,1,1,0,1900,0,0,0,0,0,1901,0,0,1,1,0,1900,7,7,19,19,0,1882,7,7,55,55,0,1846,0,0,0.005643808754884508
targeting,credit_broad,mlp,1002,full,PAY_AMT1,1941,True,162,162,0,1779,0,0,33,32,1,1908,9,10,1,1,0,1940,0,0,55,52,3,1886,1,4,55,52,3,1886,11,14,87,83,4,1854,10,14,210,207,3,1731,1,4,0.006843405315763631
targeting,credit_broad,mlp,1002,full,PAY_AMT2,1946,True,318,318,0,1628,0,0,29,25,4,1917,11,15,0,0,0,1946,0,0,0,0,0,1946,0,0,0,0,0,1946,15,15,29,25,4,1917,11,15,318,318,0,1628,0,0,0.012296527027881412
targeting,credit_broad,mlp,1002,full,PAY_AMT3,1936,True,101,101,0,1835,0,0,34,33,1,1902,11,12,0,0,0,1936,0,0,2,1,1,1934,7,8,2,1,1,1934,19,20,36,34,2,1900,18,20,103,102,1,1833,7,8,0.005947315451606278
targeting,credit_broad,mlp,1002,full,PAY_AMT4,1939,True,278,278,0,1661,4,4,39,37,2,1900,8,10,1,1,0,1938,0,0,21,17,4,1918,2,6,21,17,4,1918,12,16,60,54,6,1879,10,16,294,290,4,1645,6,10,0.008316932840661586
targeting,credit_broad,mlp,1002,full,PAY_AMT5,1942,True,93,93,0,1849,0,0,28,28,0,1914,8,8,0,0,0,1942,0,0,25,13,12,1917,6,18,25,13,12,1917,14,26,53,41,12,1889,14,26,117,105,12,1825,6,18,0.004945386758586766
targeting,credit_broad,mlp,1002,full,PAY_AMT6,1948,True,257,257,0,1691,1,1,30,30,0,1918,8,8,2,2,0,1946,0,0,31,22,9,1917,10,19,31,22,9,1917,18,27,61,52,9,1887,18,27,284,274,10,1664,10,20,0.0063768003857618
targeting,credit_broad,mlp,1002,full,EDUCATION,1928,False,167,167,0,1761,0,0,34,33,1,1894,8,9,1,1,0,1927,0,0,0,0,0,1928,0,0,1,1,0,1927,9,9,35,34,1,1893,8,9,167,167,0,1761,0,0,0.008122065469429842
targeting,credit_broad,mlp,1002,full,MARRIAGE,1930,False,195,195,0,1735,6,6,38,37,1,1892,9,10,1,1,0,1929,0,0,0,0,0,1930,0,0,1,1,0,1929,10,10,39,38,1,1891,9,10,195,195,0,1735,6,6,0.00784282740097209
targeting,credit_broad,mlp,1002,full,PAY_0,1927,False,272,271,1,1655,0,1,37,36,1,1890,19,20,0,0,0,1927,0,0,0,0,0,1927,0,0,0,0,0,1927,20,20,37,36,1,1890,19,20,272,271,1,1655,0,1,0.02561987413531742
targeting,credit_broad,mlp,1002,full,PAY_2,1929,False,317,315,2,1612,0,2,15,15,0,1914,8,8,13,13,0,1916,0,0,0,0,0,1929,0,0,12,12,0,1917,8,8,28,28,0,1901,8,8,317,315,2,1612,0,2,0.008382370603575518
targeting,credit_broad,mlp,1002,full,PAY_3,1930,False,157,155,2,1773,3,5,31,24,7,1899,7,14,3,3,0,1927,0,0,0,0,0,1930,0,0,3,3,0,1927,14,14,34,27,7,1896,7,14,157,155,2,1773,3,5,0.011879187770322598
targeting,credit_broad,mlp,1002,full,PAY_4,1928,False,202,201,1,1726,0,1,25,24,1,1903,3,4,5,5,0,1923,0,0,0,0,0,1928,0,0,5,5,0,1923,4,4,30,29,1,1898,3,4,202,201,1,1726,0,1,0.006508857996338729
targeting,credit_broad,mlp,1002,full,PAY_5,1929,False,169,166,3,1760,0,3,20,19,1,1909,3,4,0,0,0,1929,0,0,0,0,0,1929,0,0,0,0,0,1929,4,4,20,19,1,1909,3,4,169,166,3,1760,0,3,0.01561288492489827
targeting,credit_broad,mlp,1002,full,PAY_6,1926,False,161,161,0,1765,0,0,20,20,0,1906,4,4,1,1,0,1925,0,0,0,0,0,1926,0,0,1,1,0,1925,4,4,21,21,0,1905,4,4,161,161,0,1765,0,0,0.019851046583574235
signed_targeting,credit_broad,mlp,1002,full,PAY_AMT1,1941,True,162,162,0,1779,0,0,33,32,1,1908,9,10,1,1,0,1940,0,0,55,52,3,1886,1,4,55,52,3,1886,11,14,87,83,4,1854,10,14,210,207,3,1731,1,4,0.006843405315763631
signed_targeting,credit_broad,mlp,1002,full,PAY_AMT2,1946,True,318,318,0,1628,0,0,29,25,4,1917,11,15,0,0,0,1946,0,0,0,0,0,1946,0,0,0,0,0,1946,15,15,29,25,4,1917,11,15,318,318,0,1628,0,0,0.012296527027881412
signed_targeting,credit_broad,mlp,1002,full,PAY_AMT3,1936,True,101,101,0,1835,0,0,34,33,1,1902,11,12,0,0,0,1936,0,0,2,1,1,1934,7,8,2,1,1,1934,19,20,36,34,2,1900,18,20,103,102,1,1833,7,8,0.005947315451606278
signed_targeting,credit_broad,mlp,1002,full,PAY_AMT4,1939,True,278,278,0,1661,4,4,39,37,2,1900,8,10,1,1,0,1938,0,0,21,17,4,1918,2,6,21,17,4,1918,12,16,60,54,6,1879,10,16,294,290,4,1645,6,10,0.008316932840661586
signed_targeting,credit_broad,mlp,1002,full,PAY_AMT5,1942,True,93,93,0,1849,0,0,28,28,0,1914,8,8,0,0,0,1942,0,0,25,13,12,1917,6,18,25,13,12,1917,14,26,53,41,12,1889,14,26,117,105,12,1825,6,18,0.004945386758586766
signed_targeting,credit_broad,mlp,1002,full,PAY_AMT6,1948,True,257,257,0,1691,1,1,30,30,0,1918,8,8,2,2,0,1946,0,0,31,22,9,1917,10,19,31,22,9,1917,18,27,61,52,9,1887,18,27,284,274,10,1664,10,20,0.0063768003857618
targeting,credit_broad,mlp,1002,features,LIMIT_BAL,1926,False,332,327,5,1594,21,26,23,21,2,1903,10,12,1,1,0,1925,0,0,0,0,0,1926,0,0,1,1,0,1925,12,12,23,21,2,1903,10,12,332,327,5,1594,21,26,0.014870041979081828
targeting,credit_broad,mlp,1002,features,BILL_AMT1,1909,False,211,209,2,1698,3,5,22,22,0,1887,5,5,1,1,0,1908,0,0,0,0,0,1909,0,0,1,1,0,1908,5,5,22,22,0,1887,5,5,211,209,2,1698,3,5,0.010731490238356059
targeting,credit_broad,mlp,1002,features,BILL_AMT2,1909,False,192,188,4,1717,5,9,19,17,2,1890,8,10,6,6,0,1903,0,0,0,0,0,1909,0,0,6,5,1,1903,9,10,25,22,3,1884,7,10,192,188,4,1717,5,9,0.007825144523765997
targeting,credit_broad,mlp,1002,features,BILL_AMT3,1902,False,131,129,2,1771,3,5,30,28,2,1872,9,11,3,3,0,1899,0,0,0,0,0,1902,0,0,3,3,0,1899,11,11,33,31,2,1869,9,11,131,129,2,1771,3,5,0.009228316492613709
targeting,credit_broad,mlp,1002,features,BILL_AMT4,1904,False,158,151,7,1746,10,17,22,21,1,1882,13,14,2,2,0,1902,0,0,0,0,0,1904,0,0,2,1,1,1902,13,14,23,21,2,1881,12,14,158,151,7,1746,10,17,0.005369315080463927
targeting,credit_broad,mlp,1002,features,BILL_AMT5,1902,False,76,76,0,1826,0,0,17,17,0,1885,12,12,1,1,0,1901,0,0,0,0,0,1902,0,0,1,1,0,1901,12,12,18,18,0,1884,12,12,76,76,0,1826,0,0,0.005034358795029035
targeting,credit_broad,mlp,1002,features,BILL_AMT6,1901,False,55,55,0,1846,9,9,18,18,0,1883,5,5,1,1,0,1900,0,0,0,0,0,1901,0,0,1,1,0,1900,5,5,19,19,0,1882,5,5,55,55,0,1846,9,9,0.006278308471588337
targeting,credit_broad,mlp,1002,features,PAY_AMT1,1941,True,162,162,0,1779,1,1,33,31,2,1908,7,9,1,1,0,1940,0,0,55,51,4,1886,0,4,55,50,5,1886,8,13,87,80,7,1854,6,13,210,206,4,1731,1,5,0.007415473692103453
targeting,credit_broad,mlp,1002,features,PAY_AMT2,1946,True,318,302,16,1628,11,27,29,25,4,1917,12,16,0,0,0,1946,0,0,0,0,0,1946,0,0,0,0,0,1946,16,16,29,25,4,1917,12,16,318,302,16,1628,11,27,0.0110709083977789
targeting,credit_broad,mlp,1002,features,PAY_AMT3,1936,True,101,101,0,1835,1,1,34,33,1,1902,8,9,0,0,0,1936,0,0,2,0,2,1934,11,13,2,0,2,1934,20,22,36,33,3,1900,19,22,103,101,2,1833,12,14,0.006197869442408192
targeting,credit_broad,mlp,1002,features,PAY_AMT4,1939,True,278,266,12,1661,20,32,39,38,1,1900,8,9,1,1,0,1938,0,0,21,15,6,1918,49,55,21,15,6,1918,58,64,60,53,7,1879,57,64,294,271,23,1645,64,87,0.007751803961221198
targeting,credit_broad,mlp,1002,features,PAY_AMT5,1942,True,93,93,0,1849,1,1,28,27,1,1914,7,8,0,0,0,1942,0,0,25,19,6,1917,6,12,25,19,6,1917,14,20,53,46,7,1889,13,20,117,111,6,1825,7,13,0.005397070186887331
targeting,credit_broad,mlp,1002,features,PAY_AMT6,1948,True,257,256,1,1691,0,1,30,30,0,1918,5,5,2,2,0,1946,0,0,31,26,5,1917,5,10,31,26,5,1917,10,15,61,56,5,1887,10,15,284,277,7,1664,4,11,0.007933545687335435
targeting,credit_broad,mlp,1002,features,EDUCATION,1928,False,167,156,11,1761,16,27,34,26,8,1894,11,19,1,1,0,1927,0,0,0,0,0,1928,0,0,1,1,0,1927,19,19,35,27,8,1893,11,19,167,156,11,1761,16,27,0.007324412235642287
targeting,credit_broad,mlp,1002,features,MARRIAGE,1930,False,195,195,0,1735,17,17,38,37,1,1892,12,13,1,1,0,1929,0,0,0,0,0,1930,0,0,1,1,0,1929,13,13,39,38,1,1891,12,13,195,195,0,1735,17,17,0.008194060644060983
targeting,credit_broad,mlp,1002,features,PAY_0,1927,False,272,261,11,1655,13,24,37,35,2,1890,25,27,0,0,0,1927,0,0,0,0,0,1927,0,0,0,0,0,1927,27,27,37,35,2,1890,25,27,272,261,11,1655,13,24,0.025241655915468317
targeting,credit_broad,mlp,1002,features,PAY_2,1929,False,317,297,20,1612,7,27,15,12,3,1914,7,10,13,13,0,1916,0,0,0,0,0,1929,0,0,12,12,0,1917,10,10,28,25,3,1901,7,10,317,297,20,1612,7,27,0.008692397944458136
targeting,credit_broad,mlp,1002,features,PAY_3,1930,False,157,146,11,1773,23,34,31,25,6,1899,13,19,3,3,0,1927,0,0,0,0,0,1930,0,0,3,3,0,1927,19,19,34,28,6,1896,13,19,157,146,11,1773,23,34,0.011903714049394708
targeting,credit_broad,mlp,1002,features,PAY_4,1928,False,202,194,8,1726,21,29,25,23,2,1903,9,11,5,5,0,1923,0,0,0,0,0,1928,0,0,5,5,0,1923,11,11,30,28,2,1898,9,11,202,194,8,1726,21,29,0.00731031301087035
targeting,credit_broad,mlp,1002,features,PAY_5,1929,False,169,151,18,1760,21,39,20,19,1,1909,5,6,0,0,0,1929,2,2,0,0,0,1929,0,0,0,0,0,1929,8,8,20,19,1,1909,7,8,169,151,18,1760,21,39,0.013983744383592381
targeting,credit_broad,mlp,1002,features,PAY_6,1926,False,161,160,1,1765,0,1,20,20,0,1906,5,5,1,1,0,1925,0,0,0,0,0,1926,0,0,1,1,0,1925,5,5,21,21,0,1905,5,5,161,160,1,1765,0,1,0.020740491713879206
signed_targeting,credit_broad,mlp,1002,features,PAY_AMT1,1941,True,162,162,0,1779,1,1,33,31,2,1908,7,9,1,1,0,1940,0,0,55,51,4,1886,0,4,55,50,5,1886,8,13,87,80,7,1854,6,13,210,206,4,1731,1,5,0.007415473692103453
signed_targeting,credit_broad,mlp,1002,features,PAY_AMT2,1946,True,318,302,16,1628,11,27,29,25,4,1917,12,16,0,0,0,1946,0,0,0,0,0,1946,0,0,0,0,0,1946,16,16,29,25,4,1917,12,16,318,302,16,1628,11,27,0.0110709083977789
signed_targeting,credit_broad,mlp,1002,features,PAY_AMT3,1936,True,101,101,0,1835,1,1,34,33,1,1902,8,9,0,0,0,1936,0,0,2,0,2,1934,11,13,2,0,2,1934,20,22,36,33,3,1900,19,22,103,101,2,1833,12,14,0.006197869442408192
signed_targeting,credit_broad,mlp,1002,features,PAY_AMT4,1939,True,278,266,12,1661,20,32,39,38,1,1900,8,9,1,1,0,1938,0,0,21,15,6,1918,49,55,21,15,6,1918,58,64,60,53,7,1879,57,64,294,271,23,1645,64,87,0.007751803961221198
signed_targeting,credit_broad,mlp,1002,features,PAY_AMT5,1942,True,93,93,0,1849,1,1,28,27,1,1914,7,8,0,0,0,1942,0,0,25,19,6,1917,6,12,25,19,6,1917,14,20,53,46,7,1889,13,20,117,111,6,1825,7,13,0.005397070186887331
signed_targeting,credit_broad,mlp,1002,features,PAY_AMT6,1948,True,257,256,1,1691,0,1,30,30,0,1918,5,5,2,2,0,1946,0,0,31,26,5,1917,5,10,31,26,5,1917,10,15,61,56,5,1887,10,15,284,277,7,1664,4,11,0.007933545687335435
targeting,credit_broad,mlp,1002,contexts,LIMIT_BAL,1926,False,332,320,12,1594,25,37,23,19,4,1903,22,26,1,1,0,1925,0,0,0,0,0,1926,0,0,1,1,0,1925,26,26,23,19,4,1903,22,26,332,320,12,1594,25,37,0.011672362439743298
targeting,credit_broad,mlp,1002,contexts,BILL_AMT1,1909,False,211,206,5,1698,8,13,22,21,1,1887,9,10,1,1,0,1908,0,0,0,0,0,1909,0,0,1,1,0,1908,10,10,22,21,1,1887,9,10,211,206,5,1698,8,13,0.008122523371090536
targeting,credit_broad,mlp,1002,contexts,BILL_AMT2,1909,False,192,151,41,1717,68,109,19,15,4,1890,21,25,6,6,0,1903,2,2,0,0,0,1909,0,0,6,5,1,1903,26,27,25,20,5,1884,22,27,192,151,41,1717,68,109,0.005035478516188018
targeting,credit_broad,mlp,1002,contexts,BILL_AMT3,1902,False,131,128,3,1771,9,12,30,25,5,1872,18,23,3,3,0,1899,0,0,0,0,0,1902,0,0,3,2,1,1899,22,23,33,27,6,1869,17,23,131,128,3,1771,9,12,0.006584419545482344
targeting,credit_broad,mlp,1002,contexts,BILL_AMT4,1904,False,158,149,9,1746,3,12,22,18,4,1882,27,31,2,2,0,1902,0,0,0,0,0,1904,0,0,2,1,1,1902,30,31,23,18,5,1881,26,31,158,149,9,1746,3,12,0.004371884409863619
targeting,credit_broad,mlp,1002,contexts,BILL_AMT5,1902,False,76,75,1,1826,3,4,17,16,1,1885,4,5,1,1,0,1901,0,0,0,0,0,1902,0,0,1,1,0,1901,5,5,18,17,1,1884,4,5,76,75,1,1826,3,4,0.0048906532949127
targeting,credit_broad,mlp,1002,contexts,BILL_AMT6,1901,False,55,55,0,1846,7,7,18,16,2,1883,12,14,1,1,0,1900,1,1,0,0,0,1901,0,0,1,1,0,1900,15,15,19,17,2,1882,13,15,55,55,0,1846,7,7,0.003681524756538711
targeting,credit_broad,mlp,1002,contexts,PAY_AMT1,1941,True,162,160,2,1779,0,2,33,26,7,1908,9,16,1,1,0,1940,0,0,55,53,2,1886,0,2,55,53,2,1886,16,18,87,78,9,1854,9,18,210,206,4,1731,0,4,0.007166085063348259
targeting,credit_broad,mlp,1002,contexts,PAY_AMT2,1946,True,318,297,21,1628,19,40,29,22,7,1917,23,30,0,0,0,1946,0,0,0,0,0,1946,0,0,0,0,0,1946,30,30,29,22,7,1917,23,30,318,297,21,1628,19,40,0.019017684754236947
targeting,credit_broad,mlp,1002,contexts,PAY_AMT3,1936,True,101,100,1,1835,2,3,34,28,6,1902,19,25,0,0,0,1936,0,0,2,2,0,1934,0,0,2,2,0,1934,25,25,36,30,6,1900,19,25,103,102,1,1833,2,3,0.005611548734277388
targeting,credit_broad,mlp,1002,contexts,PAY_AMT4,1939,True,278,235,43,1661,42,85,39,34,5,1900,17,22,1,1,0,1938,0,0,21,8,13,1918,47,60,21,8,13,1918,68,81,60,40,20,1879,61,81,294,237,57,1645,86,143,0.008537519938795169
targeting,credit_broad,mlp,1002,contexts,PAY_AMT5,1942,True,93,92,1,1849,5,6,28,22,6,1914,17,23,0,0,0,1942,0,0,25,25,0,1917,0,0,25,24,1,1917,22,23,53,46,7,1889,16,23,117,116,1,1825,5,6,0.004976844945281234
targeting,credit_broad,mlp,1002,contexts,PAY_AMT6,1948,True,257,253,4,1691,3,7,30,26,4,1918,15,19,2,2,0,1946,0,0,31,31,0,1917,0,0,31,31,0,1917,19,19,61,57,4,1887,15,19,284,280,4,1664,3,7,0.005749920604973894
targeting,credit_broad,mlp,1002,contexts,EDUCATION,1928,False,167,160,7,1761,11,18,34,28,6,1894,16,22,1,1,0,1927,0,0,0,0,0,1928,0,0,1,1,0,1927,22,22,35,29,6,1893,16,22,167,160,7,1761,11,18,0.007194823825000062
targeting,credit_broad,mlp,1002,contexts,MARRIAGE,1930,False,195,193,2,1735,2,4,38,32,6,1892,14,20,1,1,0,1929,0,0,0,0,0,1930,0,0,1,1,0,1929,20,20,39,33,6,1891,14,20,195,193,2,1735,2,4,0.006932837788548076
targeting,credit_broad,mlp,1002,contexts,PAY_0,1927,False,272,252,20,1655,37,57,37,31,6,1890,47,53,0,0,0,1927,0,0,0,0,0,1927,0,0,0,0,0,1927,53,53,37,31,6,1890,47,53,272,252,20,1655,37,57,0.016564114660430236
targeting,credit_broad,mlp,1002,contexts,PAY_2,1929,False,317,306,11,1612,9,20,15,14,1,1914,18,19,13,13,0,1916,0,0,0,0,0,1929,0,0,12,12,0,1917,19,19,28,27,1,1901,18,19,317,306,11,1612,9,20,0.005981724578423611
targeting,credit_broad,mlp,1002,contexts,PAY_3,1930,False,157,148,9,1773,39,48,31,21,10,1899,23,33,3,3,0,1927,0,0,0,0,0,1930,0,0,3,3,0,1927,33,33,34,24,10,1896,23,33,157,148,9,1773,39,48,0.009064297985006511
targeting,credit_broad,mlp,1002,contexts,PAY_4,1928,False,202,202,0,1726,3,3,25,21,4,1903,17,21,5,5,0,1923,0,0,0,0,0,1928,0,0,5,5,0,1923,21,21,30,26,4,1898,17,21,202,202,0,1726,3,3,0.008341322545019028
targeting,credit_broad,mlp,1002,contexts,PAY_5,1929,False,169,167,2,1760,10,12,20,18,2,1909,14,16,0,0,0,1929,0,0,0,0,0,1929,0,0,0,0,0,1929,16,16,20,18,2,1909,14,16,169,167,2,1760,10,12,0.00804963125680079
targeting,credit_broad,mlp,1002,contexts,PAY_6,1926,False,161,161,0,1765,23,23,20,17,3,1906,9,12,1,1,0,1925,0,0,0,0,0,1926,0,0,1,1,0,1925,12,12,21,18,3,1905,9,12,161,161,0,1765,23,23,0.008876235308879933
signed_targeting,credit_broad,mlp,1002,contexts,PAY_AMT1,1941,True,162,160,2,1779,0,2,33,26,7,1908,9,16,1,1,0,1940,0,0,55,53,2,1886,0,2,55,53,2,1886,16,18,87,78,9,1854,9,18,210,206,4,1731,0,4,0.007166085063348259
signed_targeting,credit_broad,mlp,1002,contexts,PAY_AMT2,1946,True,318,297,21,1628,19,40,29,22,7,1917,23,30,0,0,0,1946,0,0,0,0,0,1946,0,0,0,0,0,1946,30,30,29,22,7,1917,23,30,318,297,21,1628,19,40,0.019017684754236947
signed_targeting,credit_broad,mlp,1002,contexts,PAY_AMT3,1936,True,101,100,1,1835,2,3,34,28,6,1902,19,25,0,0,0,1936,0,0,2,2,0,1934,0,0,2,2,0,1934,25,25,36,30,6,1900,19,25,103,102,1,1833,2,3,0.005611548734277388
signed_targeting,credit_broad,mlp,1002,contexts,PAY_AMT4,1939,True,278,235,43,1661,42,85,39,34,5,1900,17,22,1,1,0,1938,0,0,21,8,13,1918,47,60,21,8,13,1918,68,81,60,40,20,1879,61,81,294,237,57,1645,86,143,0.008537519938795169
signed_targeting,credit_broad,mlp,1002,contexts,PAY_AMT5,1942,True,93,92,1,1849,5,6,28,22,6,1914,17,23,0,0,0,1942,0,0,25,25,0,1917,0,0,25,24,1,1917,22,23,53,46,7,1889,16,23,117,116,1,1825,5,6,0.004976844945281234
signed_targeting,credit_broad,mlp,1002,contexts,PAY_AMT6,1948,True,257,253,4,1691,3,7,30,26,4,1918,15,19,2,2,0,1946,0,0,31,31,0,1917,0,0,31,31,0,1917,19,19,61,57,4,1887,15,19,284,280,4,1664,3,7,0.005749920604973894
targeting,credit_broad,mlp,1002,population,LIMIT_BAL,1926,False,332,312,20,1594,22,42,23,20,3,1903,30,33,1,1,0,1925,0,0,0,0,0,1926,0,0,1,1,0,1925,33,33,23,20,3,1903,30,33,332,312,20,1594,22,42,0.01135894149047784
targeting,credit_broad,mlp,1002,population,BILL_AMT1,1909,False,211,202,9,1698,15,24,22,21,1,1887,17,18,1,1,0,1908,1,1,0,0,0,1909,0,0,1,1,0,1908,19,19,22,21,1,1887,18,19,211,202,9,1698,15,24,0.00878201678546341
targeting,credit_broad,mlp,1002,population,BILL_AMT2,1909,False,192,153,39,1717,80,119,19,14,5,1890,19,24,6,6,0,1903,1,1,0,0,0,1909,0,0,6,6,0,1903,25,25,25,20,5,1884,20,25,192,153,39,1717,80,119,0.004680478685079148
targeting,credit_broad,mlp,1002,population,BILL_AMT3,1902,False,131,127,4,1771,13,17,30,23,7,1872,18,25,3,3,0,1899,0,0,0,0,0,1902,0,0,3,2,1,1899,24,25,33,25,8,1869,17,25,131,127,4,1771,13,17,0.006689755171041705
targeting,credit_broad,mlp,1002,population,BILL_AMT4,1904,False,158,143,15,1746,8,23,22,21,1,1882,28,29,2,2,0,1902,0,0,0,0,0,1904,0,0,2,2,0,1902,29,29,23,22,1,1881,28,29,158,143,15,1746,8,23,0.004306749776218222
targeting,credit_broad,mlp,1002,population,BILL_AMT5,1902,False,76,75,1,1826,5,6,17,15,2,1885,12,14,1,1,0,1901,0,0,0,0,0,1902,0,0,1,1,0,1901,14,14,18,16,2,1884,12,14,76,75,1,1826,5,6,0.005322557762177321
targeting,credit_broad,mlp,1002,population,BILL_AMT6,1901,False,55,52,3,1846,8,11,18,14,4,1883,9,13,1,1,0,1900,0,0,0,0,0,1901,0,0,1,1,0,1900,13,13,19,15,4,1882,9,13,55,52,3,1846,8,11,0.003889675362238609
targeting,credit_broad,mlp,1002,population,PAY_AMT1,1941,True,162,152,10,1779,7,17,33,25,8,1908,12,20,1,1,0,1940,1,1,55,49,6,1886,1,7,55,49,6,1886,21,27,87,73,14,1854,13,27,210,194,16,1731,7,23,0.007570826734155801
targeting,credit_broad,mlp,1002,population,PAY_AMT2,1946,True,318,302,16,1628,7,23,29,21,8,1917,23,31,0,0,0,1946,0,0,0,0,0,1946,0,0,0,0,0,1946,31,31,29,21,8,1917,23,31,318,302,16,1628,7,23,0.018557779883693736
targeting,credit_broad,mlp,1002,population,PAY_AMT3,1936,True,101,100,1,1835,0,1,34,31,3,1902,13,16,0,0,0,1936,0,0,2,2,0,1934,0,0,2,2,0,1934,16,16,36,33,3,1900,13,16,103,102,1,1833,0,1,0.005183631575663903
targeting,credit_broad,mlp,1002,population,PAY_AMT4,1939,True,278,228,50,1661,62,112,39,37,2,1900,19,21,1,1,0,1938,0,0,21,5,16,1918,33,49,21,5,16,1918,54,70,60,40,20,1879,50,70,294,225,69,1645,92,161,0.008292122976310093
targeting,credit_broad,mlp,1002,population,PAY_AMT5,1942,True,93,90,3,1849,8,11,28,22,6,1914,12,18,0,0,0,1942,1,1,25,14,11,1917,3,14,25,14,11,1917,21,32,53,36,17,1889,15,32,117,102,15,1825,9,24,0.003990014124907376
targeting,credit_broad,mlp,1002,population,PAY_AMT6,1948,True,257,221,36,1691,34,70,30,26,4,1918,16,20,2,2,0,1946,0,0,31,25,6,1917,1,7,31,25,6,1917,21,27,61,51,10,1887,17,27,284,242,42,1664,35,77,0.005009967118517686
targeting,credit_broad,mlp,1002,population,EDUCATION,1928,False,167,156,11,1761,50,61,34,25,9,1894,20,29,1,1,0,1927,0,0,0,0,0,1928,0,0,1,1,0,1927,29,29,35,26,9,1893,20,29,167,156,11,1761,50,61,0.0062556385417489434
targeting,credit_broad,mlp,1002,population,MARRIAGE,1930,False,195,195,0,1735,3,3,38,29,9,1892,21,30,1,1,0,1929,0,0,0,0,0,1930,0,0,1,1,0,1929,30,30,39,30,9,1891,21,30,195,195,0,1735,3,3,0.006664307350222877
targeting,credit_broad,mlp,1002,population,PAY_0,1927,False,272,239,33,1655,30,63,37,36,1,1890,48,49,0,0,0,1927,0,0,0,0,0,1927,0,0,0,0,0,1927,49,49,37,36,1,1890,48,49,272,239,33,1655,30,63,0.018641929923156112
targeting,credit_broad,mlp,1002,population,PAY_2,1929,False,317,307,10,1612,19,29,15,14,1,1914,20,21,13,13,0,1916,0,0,0,0,0,1929,0,0,12,12,0,1917,21,21,28,27,1,1901,20,21,317,307,10,1612,19,29,0.005588141308218692
targeting,credit_broad,mlp,1002,population,PAY_3,1930,False,157,143,14,1773,43,57,31,23,8,1899,22,30,3,3,0,1927,1,1,0,0,0,1930,0,0,3,3,0,1927,31,31,34,26,8,1896,23,31,157,143,14,1773,43,57,0.008270313150303014
targeting,credit_broad,mlp,1002,population,PAY_4,1928,False,202,200,2,1726,4,6,25,21,4,1903,19,23,5,5,0,1923,0,0,0,0,0,1928,0,0,5,5,0,1923,23,23,30,26,4,1898,19,23,202,200,2,1726,4,6,0.008156678414382805
targeting,credit_broad,mlp,1002,population,PAY_5,1929,False,169,163,6,1760,10,16,20,18,2,1909,21,23,0,0,0,1929,0,0,0,0,0,1929,0,0,0,0,0,1929,23,23,20,18,2,1909,21,23,169,163,6,1760,10,16,0.007299853331536711
targeting,credit_broad,mlp,1002,population,PAY_6,1926,False,161,155,6,1765,11,17,20,16,4,1906,11,15,1,1,0,1925,0,0,0,0,0,1926,0,0,1,1,0,1925,15,15,21,17,4,1905,11,15,161,155,6,1765,11,17,0.008511661445975921
signed_targeting,credit_broad,mlp,1002,population,PAY_AMT1,1941,True,162,152,10,1779,7,17,33,25,8,1908,12,20,1,1,0,1940,1,1,55,49,6,1886,1,7,55,49,6,1886,21,27,87,73,14,1854,13,27,210,194,16,1731,7,23,0.007570826734155801
signed_targeting,credit_broad,mlp,1002,population,PAY_AMT2,1946,True,318,302,16,1628,7,23,29,21,8,1917,23,31,0,0,0,1946,0,0,0,0,0,1946,0,0,0,0,0,1946,31,31,29,21,8,1917,23,31,318,302,16,1628,7,23,0.018557779883693736
signed_targeting,credit_broad,mlp,1002,population,PAY_AMT3,1936,True,101,100,1,1835,0,1,34,31,3,1902,13,16,0,0,0,1936,0,0,2,2,0,1934,0,0,2,2,0,1934,16,16,36,33,3,1900,13,16,103,102,1,1833,0,1,0.005183631575663903
signed_targeting,credit_broad,mlp,1002,population,PAY_AMT4,1939,True,278,228,50,1661,62,112,39,37,2,1900,19,21,1,1,0,1938,0,0,21,5,16,1918,33,49,21,5,16,1918,54,70,60,40,20,1879,50,70,294,225,69,1645,92,161,0.008292122976310093
signed_targeting,credit_broad,mlp,1002,population,PAY_AMT5,1942,True,93,90,3,1849,8,11,28,22,6,1914,12,18,0,0,0,1942,1,1,25,14,11,1917,3,14,25,14,11,1917,21,32,53,36,17,1889,15,32,117,102,15,1825,9,24,0.003990014124907376
signed_targeting,credit_broad,mlp,1002,population,PAY_AMT6,1948,True,257,221,36,1691,34,70,30,26,4,1918,16,20,2,2,0,1946,0,0,31,25,6,1917,1,7,31,25,6,1917,21,27,61,51,10,1887,17,27,284,242,42,1664,35,77,0.005009967118517686
targeting,credit_broad,mlp,1002,task,LIMIT_BAL,1926,False,332,263,69,1594,54,123,23,19,4,1903,24,28,1,1,0,1925,0,0,0,0,0,1926,0,0,1,1,0,1925,28,28,23,19,4,1903,24,28,332,263,69,1594,54,123,0.017922080557277852
targeting,credit_broad,mlp,1002,task,BILL_AMT1,1909,False,211,160,51,1698,48,99,22,14,8,1887,8,16,1,1,0,1908,1,1,0,0,0,1909,0,0,1,1,0,1908,17,17,22,14,8,1887,9,17,211,160,51,1698,48,99,0.009456262423387882
targeting,credit_broad,mlp,1002,task,BILL_AMT2,1909,False,192,137,55,1717,46,101,19,15,4,1890,12,16,6,6,0,1903,3,3,0,0,0,1909,0,0,6,6,0,1903,19,19,25,21,4,1884,15,19,192,137,55,1717,46,101,0.005289304939579642
targeting,credit_broad,mlp,1002,task,BILL_AMT3,1902,False,131,100,31,1771,16,47,30,24,6,1872,18,24,3,3,0,1899,0,0,0,0,0,1902,0,0,3,3,0,1899,24,24,33,27,6,1869,18,24,131,100,31,1771,16,47,0.008360291431293137
targeting,credit_broad,mlp,1002,task,BILL_AMT4,1904,False,158,113,45,1746,48,93,22,16,6,1882,15,21,2,2,0,1902,0,0,0,0,0,1904,0,0,2,2,0,1902,21,21,23,17,6,1881,15,21,158,113,45,1746,48,93,0.008724453254417605
targeting,credit_broad,mlp,1002,task,BILL_AMT5,1902,False,76,76,0,1826,7,7,17,17,0,1885,6,6,1,1,0,1901,0,0,0,0,0,1902,0,0,1,1,0,1901,6,6,18,18,0,1884,6,6,76,76,0,1826,7,7,0.0059008507111931565
targeting,credit_broad,mlp,1002,task,BILL_AMT6,1901,False,55,45,10,1846,17,27,18,17,1,1883,4,5,1,1,0,1900,0,0,0,0,0,1901,0,0,1,1,0,1900,5,5,19,18,1,1882,4,5,55,45,10,1846,17,27,0.0043532065251436726
targeting,credit_broad,mlp,1002,task,PAY_AMT1,1941,True,162,115,47,1779,38,85,33,26,7,1908,14,21,1,1,0,1940,0,0,55,52,3,1886,4,7,55,52,3,1886,25,28,87,77,10,1854,18,28,210,159,51,1731,41,92,0.005367286660129614
targeting,credit_broad,mlp,1002,task,PAY_AMT2,1946,True,318,248,70,1628,45,115,29,24,5,1917,26,31,0,0,0,1946,0,0,0,0,0,1946,0,0,0,0,0,1946,31,31,29,24,5,1917,26,31,318,248,70,1628,45,115,0.016627865688360888
targeting,credit_broad,mlp,1002,task,PAY_AMT3,1936,True,101,98,3,1835,3,6,34,28,6,1902,15,21,0,0,0,1936,0,0,2,2,0,1934,0,0,2,2,0,1934,21,21,36,30,6,1900,15,21,103,100,3,1833,3,6,0.00556369660722138
targeting,credit_broad,mlp,1002,task,PAY_AMT4,1939,True,278,178,100,1661,56,156,39,36,3,1900,21,24,1,1,0,1938,0,0,21,21,0,1918,1,1,21,21,0,1918,25,25,60,57,3,1879,22,25,294,194,100,1645,57,157,0.008221228171647749
targeting,credit_broad,mlp,1002,task,PAY_AMT5,1942,True,93,86,7,1849,19,26,28,21,7,1914,8,15,0,0,0,1942,0,0,25,17,8,1917,4,12,25,17,8,1917,19,27,53,38,15,1889,12,27,117,101,16,1825,19,35,0.007649286419701628
targeting,credit_broad,mlp,1002,task,PAY_AMT6,1948,True,257,207,50,1691,31,81,30,21,9,1918,16,25,2,2,0,1946,0,0,31,30,1,1917,0,1,31,30,1,1917,25,26,61,51,10,1887,16,26,284,233,51,1664,31,82,0.006504593796726762
targeting,credit_broad,mlp,1002,task,EDUCATION,1928,False,167,140,27,1761,40,67,34,28,6,1894,9,15,1,1,0,1927,2,2,0,0,0,1928,0,0,1,1,0,1927,17,17,35,29,6,1893,11,17,167,140,27,1761,40,67,0.009549630555930803
targeting,credit_broad,mlp,1002,task,MARRIAGE,1930,False,195,186,9,1735,22,31,38,28,10,1892,19,29,1,1,0,1929,0,0,0,0,0,1930,0,0,1,1,0,1929,29,29,39,29,10,1891,19,29,195,186,9,1735,22,31,0.010600038104546756
targeting,credit_broad,mlp,1002,task,PAY_0,1927,False,272,224,48,1655,59,107,37,27,10,1890,31,41,0,0,0,1927,0,0,0,0,0,1927,0,0,0,0,0,1927,41,41,37,27,10,1890,31,41,272,224,48,1655,59,107,0.015348614836553996
targeting,credit_broad,mlp,1002,task,PAY_2,1929,False,317,272,45,1612,18,63,15,12,3,1914,13,16,13,13,0,1916,0,0,0,0,0,1929,0,0,12,12,0,1917,16,16,28,25,3,1901,13,16,317,272,45,1612,18,63,0.006977177171700228
targeting,credit_broad,mlp,1002,task,PAY_3,1930,False,157,140,17,1773,30,47,31,22,9,1899,13,22,3,3,0,1927,0,0,0,0,0,1930,0,0,3,3,0,1927,22,22,34,25,9,1896,13,22,157,140,17,1773,30,47,0.008932142794432631
targeting,credit_broad,mlp,1002,task,PAY_4,1928,False,202,187,15,1726,22,37,25,19,6,1903,18,24,5,5,0,1923,0,0,0,0,0,1928,0,0,5,5,0,1923,24,24,30,24,6,1898,18,24,202,187,15,1726,22,37,0.006637425811358043
targeting,credit_broad,mlp,1002,task,PAY_5,1929,False,169,160,9,1760,12,21,20,15,5,1909,9,14,0,0,0,1929,0,0,0,0,0,1929,0,0,0,0,0,1929,14,14,20,15,5,1909,9,14,169,160,9,1760,12,21,0.008431010231632015
targeting,credit_broad,mlp,1002,task,PAY_6,1926,False,161,131,30,1765,39,69,20,17,3,1906,18,21,1,1,0,1925,0,0,0,0,0,1926,0,0,1,1,0,1925,21,21,21,18,3,1905,18,21,161,131,30,1765,39,69,0.012737366486440358
signed_targeting,credit_broad,mlp,1002,task,PAY_AMT1,1941,True,162,115,47,1779,38,85,33,26,7,1908,14,21,1,1,0,1940,0,0,55,52,3,1886,4,7,55,52,3,1886,25,28,87,77,10,1854,18,28,210,159,51,1731,41,92,0.005367286660129614
signed_targeting,credit_broad,mlp,1002,task,PAY_AMT2,1946,True,318,248,70,1628,45,115,29,24,5,1917,26,31,0,0,0,1946,0,0,0,0,0,1946,0,0,0,0,0,1946,31,31,29,24,5,1917,26,31,318,248,70,1628,45,115,0.016627865688360888
signed_targeting,credit_broad,mlp,1002,task,PAY_AMT3,1936,True,101,98,3,1835,3,6,34,28,6,1902,15,21,0,0,0,1936,0,0,2,2,0,1934,0,0,2,2,0,1934,21,21,36,30,6,1900,15,21,103,100,3,1833,3,6,0.00556369660722138
signed_targeting,credit_broad,mlp,1002,task,PAY_AMT4,1939,True,278,178,100,1661,56,156,39,36,3,1900,21,24,1,1,0,1938,0,0,21,21,0,1918,1,1,21,21,0,1918,25,25,60,57,3,1879,22,25,294,194,100,1645,57,157,0.008221228171647749
signed_targeting,credit_broad,mlp,1002,task,PAY_AMT5,1942,True,93,86,7,1849,19,26,28,21,7,1914,8,15,0,0,0,1942,0,0,25,17,8,1917,4,12,25,17,8,1917,19,27,53,38,15,1889,12,27,117,101,16,1825,19,35,0.007649286419701628
signed_targeting,credit_broad,mlp,1002,task,PAY_AMT6,1948,True,257,207,50,1691,31,81,30,21,9,1918,16,25,2,2,0,1946,0,0,31,30,1,1917,0,1,31,30,1,1917,25,26,61,51,10,1887,16,26,284,233,51,1664,31,82,0.006504593796726762
targeting,credit_broad,mlp,1002,augmentation,LIMIT_BAL,1926,False,332,227,105,1594,437,542,23,22,1,1903,17,18,1,1,0,1925,7,7,0,0,0,1926,0,0,1,1,0,1925,25,25,23,22,1,1903,24,25,332,227,105,1594,437,542,0.04558272250870791
targeting,credit_broad,mlp,1002,augmentation,BILL_AMT1,1909,False,211,118,93,1698,603,696,22,19,3,1887,25,28,1,1,0,1908,2,2,0,0,0,1909,0,0,1,1,0,1908,30,30,22,19,3,1887,27,30,211,118,93,1698,603,696,0.04196484002183605
targeting,credit_broad,mlp,1002,augmentation,BILL_AMT2,1909,False,192,88,104,1717,586,690,19,19,0,1890,18,18,6,6,0,1903,17,17,0,0,0,1909,0,0,6,6,0,1903,34,34,25,25,0,1884,34,34,192,88,104,1717,586,690,0.023495187685362386
targeting,credit_broad,mlp,1002,augmentation,BILL_AMT3,1902,False,131,79,52,1771,497,549,30,26,4,1872,23,27,3,3,0,1899,7,7,0,0,0,1902,0,0,3,3,0,1899,34,34,33,29,4,1869,30,34,131,79,52,1771,497,549,0.034907889327721445
targeting,credit_broad,mlp,1002,augmentation,BILL_AMT4,1904,False,158,91,67,1746,558,625,22,22,0,1882,22,22,2,2,0,1902,11,11,0,0,0,1904,0,0,2,2,0,1902,32,32,23,23,0,1881,32,32,158,91,67,1746,558,625,0.035652443066763656
targeting,credit_broad,mlp,1002,augmentation,BILL_AMT5,1902,False,76,53,23,1826,591,614,17,16,1,1885,31,32,1,1,0,1901,2,2,0,0,0,1902,0,0,1,1,0,1901,34,34,18,17,1,1884,33,34,76,53,23,1826,591,614,0.06232204909578673
targeting,credit_broad,mlp,1002,augmentation,BILL_AMT6,1901,False,55,41,14,1846,479,493,18,17,1,1883,28,29,1,1,0,1900,5,5,0,0,0,1901,0,0,1,1,0,1900,34,34,19,18,1,1882,33,34,55,41,14,1846,479,493,0.03394268762594383
targeting,credit_broad,mlp,1002,augmentation,PAY_AMT1,1941,True,162,109,53,1779,470,523,33,28,5,1908,23,28,1,1,0,1940,6,6,55,28,27,1886,364,391,55,28,27,1886,390,417,87,50,37,1854,380,417,210,91,119,1731,658,777,0.02776274914929968
targeting,credit_broad,mlp,1002,augmentation,PAY_AMT2,1946,True,318,126,192,1628,636,828,29,28,1,1917,25,26,0,0,0,1946,1,1,0,0,0,1946,19,19,0,0,0,1946,45,45,29,28,1,1917,44,45,318,126,192,1628,646,838,0.04781758094824756
targeting,credit_broad,mlp,1002,augmentation,PAY_AMT3,1936,True,101,76,25,1835,547,572,34,33,1,1902,24,25,0,0,0,1936,4,4,2,1,1,1934,708,709,2,1,1,1934,725,726,36,24,12,1900,714,726,103,61,42,1833,1064,1106,0.04492721666436053
targeting,credit_broad,mlp,1002,augmentation,PAY_AMT4,1939,True,278,195,83,1661,424,507,39,35,4,1900,28,32,1,1,0,1938,6,6,21,16,5,1918,629,634,21,16,5,1918,658,663,60,48,12,1879,651,663,294,138,156,1645,861,1017,0.0428793674354383
targeting,credit_broad,mlp,1002,augmentation,PAY_AMT5,1942,True,93,58,35,1849,642,677,28,26,2,1914,20,22,0,0,0,1942,19,19,25,5,20,1917,832,852,25,5,20,1917,841,861,53,21,32,1889,829,861,117,34,83,1825,1103,1186,0.027672619810868767
targeting,credit_broad,mlp,1002,augmentation,PAY_AMT6,1948,True,257,147,110,1691,561,671,30,29,1,1918,28,29,2,2,0,1946,12,12,31,21,10,1917,999,1009,31,20,11,1917,1008,1019,61,29,32,1887,987,1019,284,83,201,1664,1094,1295,0.040595177715289366
targeting,credit_broad,mlp,1002,augmentation,EDUCATION,1928,False,167,102,65,1761,683,748,34,33,1,1894,21,22,1,1,0,1927,9,9,0,0,0,1928,0,0,1,1,0,1927,30,30,35,34,1,1893,29,30,167,102,65,1761,683,748,0.04498713446773783
targeting,credit_broad,mlp,1002,augmentation,MARRIAGE,1930,False,195,124,71,1735,463,534,38,34,4,1892,21,25,1,1,0,1929,3,3,0,0,0,1930,0,0,1,1,0,1929,28,28,39,35,4,1891,24,28,195,124,71,1735,463,534,0.04574067681583349
targeting,credit_broad,mlp,1002,augmentation,PAY_0,1927,False,272,175,97,1655,378,475,37,36,1,1890,30,31,0,0,0,1927,2,2,0,0,0,1927,0,0,0,0,0,1927,33,33,37,35,2,1890,31,33,272,175,97,1655,378,475,0.03606397511186604
targeting,credit_broad,mlp,1002,augmentation,PAY_2,1929,False,317,147,170,1612,711,881,15,13,2,1914,20,22,13,13,0,1916,6,6,0,0,0,1929,0,0,12,11,1,1917,27,28,28,25,3,1901,25,28,317,147,170,1612,711,881,0.08106289621971956
targeting,credit_broad,mlp,1002,augmentation,PAY_3,1930,False,157,101,56,1773,623,679,31,27,4,1899,20,24,3,3,0,1927,7,7,0,0,0,1930,0,0,3,3,0,1927,31,31,34,30,4,1896,27,31,157,101,56,1773,623,679,0.03314618843133257
targeting,credit_broad,mlp,1002,augmentation,PAY_4,1928,False,202,152,50,1726,351,401,25,24,1,1903,15,16,5,5,0,1923,6,6,0,0,0,1928,0,0,5,5,0,1923,22,22,30,29,1,1898,21,22,202,152,50,1726,351,401,0.02926460927038546
targeting,credit_broad,mlp,1002,augmentation,PAY_5,1929,False,169,115,54,1760,584,638,20,18,2,1909,28,30,0,0,0,1929,12,12,0,0,0,1929,0,0,0,0,0,1929,41,41,20,18,2,1909,39,41,169,115,54,1760,584,638,0.03241098135598648
targeting,credit_broad,mlp,1002,augmentation,PAY_6,1926,False,161,85,76,1765,515,591,20,20,0,1906,28,28,1,1,0,1925,5,5,0,0,0,1926,0,0,1,1,0,1925,33,33,21,21,0,1905,33,33,161,85,76,1765,515,591,0.03869169798428094
signed_targeting,credit_broad,mlp,1002,augmentation,PAY_AMT1,1941,True,162,109,53,1779,470,523,33,28,5,1908,23,28,1,1,0,1940,6,6,55,28,27,1886,364,391,55,28,27,1886,390,417,87,50,37,1854,380,417,210,91,119,1731,658,777,0.02776274914929968
signed_targeting,credit_broad,mlp,1002,augmentation,PAY_AMT2,1946,True,318,126,192,1628,636,828,29,28,1,1917,25,26,0,0,0,1946,1,1,0,0,0,1946,19,19,0,0,0,1946,45,45,29,28,1,1917,44,45,318,126,192,1628,646,838,0.04781758094824756
signed_targeting,credit_broad,mlp,1002,augmentation,PAY_AMT3,1936,True,101,76,25,1835,547,572,34,33,1,1902,24,25,0,0,0,1936,4,4,2,1,1,1934,708,709,2,1,1,1934,725,726,36,24,12,1900,714,726,103,61,42,1833,1064,1106,0.04492721666436053
signed_targeting,credit_broad,mlp,1002,augmentation,PAY_AMT4,1939,True,278,195,83,1661,424,507,39,35,4,1900,28,32,1,1,0,1938,6,6,21,16,5,1918,629,634,21,16,5,1918,658,663,60,48,12,1879,651,663,294,138,156,1645,861,1017,0.0428793674354383
signed_targeting,credit_broad,mlp,1002,augmentation,PAY_AMT5,1942,True,93,58,35,1849,642,677,28,26,2,1914,20,22,0,0,0,1942,19,19,25,5,20,1917,832,852,25,5,20,1917,841,861,53,21,32,1889,829,861,117,34,83,1825,1103,1186,0.027672619810868767
signed_targeting,credit_broad,mlp,1002,augmentation,PAY_AMT6,1948,True,257,147,110,1691,561,671,30,29,1,1918,28,29,2,2,0,1946,12,12,31,21,10,1917,999,1009,31,20,11,1917,1008,1019,61,29,32,1887,987,1019,284,83,201,1664,1094,1295,0.040595177715289366
targeting,credit_broad,mlp,1003,full,LIMIT_BAL,1926,False,668,661,7,1258,24,31,31,28,3,1895,24,27,9,9,0,1917,0,0,0,0,0,1926,0,0,9,9,0,1917,27,27,40,37,3,1886,24,27,668,661,7,1258,24,31,0.029400289095129938
targeting,credit_broad,mlp,1003,full,BILL_AMT1,1909,False,575,575,0,1334,6,6,30,29,1,1879,5,6,15,15,0,1894,0,0,0,0,0,1909,0,0,15,15,0,1894,6,6,45,44,1,1864,5,6,575,575,0,1334,6,6,0.013090171172079522
targeting,credit_broad,mlp,1003,full,BILL_AMT2,1909,False,639,608,31,1270,14,45,18,17,1,1891,25,26,28,28,0,1881,0,0,0,0,0,1909,0,0,28,26,2,1881,24,26,45,42,3,1864,23,26,639,608,31,1270,14,45,0.013586281786863247
targeting,credit_broad,mlp,1003,full,BILL_AMT3,1902,False,570,570,0,1332,0,0,28,28,0,1874,18,18,8,8,0,1894,0,0,0,0,0,1902,0,0,8,6,2,1894,16,18,36,34,2,1866,16,18,570,570,0,1332,0,0,0.019607367500271523
targeting,credit_broad,mlp,1003,full,BILL_AMT4,1904,False,435,435,0,1469,0,0,27,25,2,1877,17,19,5,5,0,1899,0,0,0,0,0,1904,0,0,5,5,0,1899,19,19,32,30,2,1872,17,19,435,435,0,1469,0,0,0.011500529103390429
targeting,credit_broad,mlp,1003,full,BILL_AMT5,1902,False,431,431,0,1471,0,0,14,14,0,1888,4,4,29,29,0,1873,0,0,0,0,0,1902,0,0,29,29,0,1873,4,4,42,42,0,1860,4,4,431,431,0,1471,0,0,0.010722532447650495
targeting,credit_broad,mlp,1003,full,BILL_AMT6,1901,False,634,631,3,1267,4,7,40,37,3,1861,14,17,31,31,0,1870,0,0,0,0,0,1901,0,0,30,29,1,1871,16,17,71,67,4,1830,13,17,634,631,3,1267,4,7,0.008514810842057777
targeting,credit_broad,mlp,1003,full,PAY_AMT1,1941,True,846,798,48,1095,12,60,28,26,2,1913,16,18,7,7,0,1934,0,0,110,110,0,1831,0,0,110,106,4,1831,14,18,137,131,6,1804,12,18,918,870,48,1023,12,60,0.016106177389338647
targeting,credit_broad,mlp,1003,full,PAY_AMT2,1946,True,541,533,8,1405,6,14,40,34,6,1906,16,22,2,2,0,1944,0,0,26,26,0,1920,0,0,26,25,1,1920,21,22,65,58,7,1881,15,22,560,552,8,1386,6,14,0.0207825316552074
targeting,credit_broad,mlp,1003,full,PAY_AMT3,1936,True,621,614,7,1315,9,16,31,31,0,1905,10,10,21,21,0,1915,0,0,75,75,0,1861,8,8,75,72,3,1861,15,18,104,101,3,1832,15,18,653,645,8,1283,16,24,0.022339573757850676
targeting,credit_broad,mlp,1003,full,PAY_AMT4,1939,True,483,479,4,1456,4,8,33,29,4,1906,13,17,7,7,0,1932,0,0,211,211,0,1728,0,0,211,211,0,1728,17,17,244,240,4,1695,13,17,643,639,4,1296,4,8,0.014261211859261356
targeting,credit_broad,mlp,1003,full,PAY_AMT5,1942,True,527,526,1,1415,2,3,19,19,0,1923,5,5,23,23,0,1919,0,0,253,252,1,1689,6,7,253,249,4,1689,8,12,268,264,4,1674,8,12,674,671,3,1268,7,10,0.010509129253936779
targeting,credit_broad,mlp,1003,full,PAY_AMT6,1948,True,594,591,3,1354,0,3,23,23,0,1925,16,16,22,22,0,1926,0,0,273,273,0,1675,0,0,273,270,3,1675,13,16,290,287,3,1658,13,16,780,777,3,1168,0,3,0.01389938198950135
targeting,credit_broad,mlp,1003,full,EDUCATION,1928,False,792,789,3,1136,3,6,43,43,0,1885,9,9,18,18,0,1910,0,0,0,0,0,1928,0,0,17,17,0,1911,9,9,61,61,0,1867,9,9,792,789,3,1136,3,6,0.022109489675299757
targeting,credit_broad,mlp,1003,full,MARRIAGE,1930,False,1234,1228,6,696,1,7,30,29,1,1900,13,14,29,29,0,1901,0,0,0,0,0,1930,0,0,29,28,1,1901,13,14,59,57,2,1871,12,14,1234,1228,6,696,1,7,0.018178315515605434
targeting,credit_broad,mlp,1003,full,PAY_0,1927,False,581,573,8,1346,4,12,40,39,1,1887,8,9,4,4,0,1923,0,0,0,0,0,1927,0,0,4,3,1,1923,8,9,43,41,2,1884,7,9,581,573,8,1346,4,12,0.01573406284915084
targeting,credit_broad,mlp,1003,full,PAY_2,1929,False,563,562,1,1366,1,2,28,27,1,1901,10,11,20,20,0,1909,0,0,0,0,0,1929,0,0,20,20,0,1909,11,11,48,47,1,1881,10,11,563,562,1,1366,1,2,0.01807150450723809
targeting,credit_broad,mlp,1003,full,PAY_3,1930,False,775,775,0,1155,0,0,45,41,4,1885,26,30,26,26,0,1904,0,0,0,0,0,1930,0,0,26,26,0,1904,30,30,71,67,4,1859,26,30,775,775,0,1155,0,0,0.025038972937618274
targeting,credit_broad,mlp,1003,full,PAY_4,1928,False,755,755,0,1173,2,2,21,21,0,1907,19,19,9,9,0,1919,0,0,0,0,0,1928,0,0,9,8,1,1919,18,19,30,29,1,1898,18,19,755,755,0,1173,2,2,0.014641586086624313
targeting,credit_broad,mlp,1003,full,PAY_5,1929,False,674,674,0,1255,2,2,46,44,2,1883,16,18,12,12,0,1917,0,0,0,0,0,1929,0,0,12,12,0,1917,18,18,58,56,2,1871,16,18,674,674,0,1255,2,2,0.01701415846293321
targeting,credit_broad,mlp,1003,full,PAY_6,1926,False,737,736,1,1189,1,2,21,20,1,1905,12,13,14,14,0,1912,0,0,0,0,0,1926,0,0,13,13,0,1913,13,13,34,33,1,1892,12,13,737,736,1,1189,1,2,0.014191266799817847
signed_targeting,credit_broad,mlp,1003,full,PAY_AMT1,1941,True,846,798,48,1095,12,60,28,26,2,1913,16,18,7,7,0,1934,0,0,110,110,0,1831,0,0,110,106,4,1831,14,18,137,131,6,1804,12,18,918,870,48,1023,12,60,0.016106177389338647
signed_targeting,credit_broad,mlp,1003,full,PAY_AMT2,1946,True,541,533,8,1405,6,14,40,34,6,1906,16,22,2,2,0,1944,0,0,26,26,0,1920,0,0,26,25,1,1920,21,22,65,58,7,1881,15,22,560,552,8,1386,6,14,0.0207825316552074
signed_targeting,credit_broad,mlp,1003,full,PAY_AMT3,1936,True,621,614,7,1315,9,16,31,31,0,1905,10,10,21,21,0,1915,0,0,75,75,0,1861,8,8,75,72,3,1861,15,18,104,101,3,1832,15,18,653,645,8,1283,16,24,0.022339573757850676
signed_targeting,credit_broad,mlp,1003,full,PAY_AMT4,1939,True,483,479,4,1456,4,8,33,29,4,1906,13,17,7,7,0,1932,0,0,211,211,0,1728,0,0,211,211,0,1728,17,17,244,240,4,1695,13,17,643,639,4,1296,4,8,0.014261211859261356
signed_targeting,credit_broad,mlp,1003,full,PAY_AMT5,1942,True,527,526,1,1415,2,3,19,19,0,1923,5,5,23,23,0,1919,0,0,253,252,1,1689,6,7,253,249,4,1689,8,12,268,264,4,1674,8,12,674,671,3,1268,7,10,0.010509129253936779
signed_targeting,credit_broad,mlp,1003,full,PAY_AMT6,1948,True,594,591,3,1354,0,3,23,23,0,1925,16,16,22,22,0,1926,0,0,273,273,0,1675,0,0,273,270,3,1675,13,16,290,287,3,1658,13,16,780,777,3,1168,0,3,0.01389938198950135
targeting,credit_broad,mlp,1003,features,LIMIT_BAL,1926,False,668,659,9,1258,17,26,31,28,3,1895,25,28,9,9,0,1917,0,0,0,0,0,1926,0,0,9,9,0,1917,28,28,40,37,3,1886,25,28,668,659,9,1258,17,26,0.029319490699698855
targeting,credit_broad,mlp,1003,features,BILL_AMT1,1909,False,575,573,2,1334,5,7,30,30,0,1879,4,4,15,15,0,1894,0,0,0,0,0,1909,0,0,15,15,0,1894,4,4,45,45,0,1864,4,4,575,573,2,1334,5,7,0.013066411168558542
targeting,credit_broad,mlp,1003,features,BILL_AMT2,1909,False,639,615,24,1270,20,44,18,17,1,1891,23,24,28,28,0,1881,0,0,0,0,0,1909,0,0,28,27,1,1881,23,24,45,43,2,1864,22,24,639,615,24,1270,20,44,0.014089215672534083
targeting,credit_broad,mlp,1003,features,BILL_AMT3,1902,False,570,570,0,1332,0,0,28,27,1,1874,22,23,8,8,0,1894,0,0,0,0,0,1902,0,0,8,6,2,1894,21,23,36,33,3,1866,20,23,570,570,0,1332,0,0,0.019317564506574954
targeting,credit_broad,mlp,1003,features,BILL_AMT4,1904,False,435,435,0,1469,1,1,27,25,2,1877,16,18,5,5,0,1899,0,0,0,0,0,1904,0,0,5,5,0,1899,18,18,32,30,2,1872,16,18,435,435,0,1469,1,1,0.011410642694181324
targeting,credit_broad,mlp,1003,features,BILL_AMT5,1902,False,431,431,0,1471,0,0,14,14,0,1888,3,3,29,29,0,1873,0,0,0,0,0,1902,0,0,29,29,0,1873,3,3,42,42,0,1860,3,3,431,431,0,1471,0,0,0.010967408792317484
targeting,credit_broad,mlp,1003,features,BILL_AMT6,1901,False,634,631,3,1267,1,4,40,37,3,1861,13,16,31,31,0,1870,1,1,0,0,0,1901,0,0,30,29,1,1871,16,17,71,66,5,1830,12,17,634,631,3,1267,1,4,0.008698752714465983
targeting,credit_broad,mlp,1003,features,PAY_AMT1,1941,True,846,820,26,1095,9,35,28,26,2,1913,11,13,7,7,0,1934,0,0,110,110,0,1831,0,0,110,107,3,1831,10,13,137,132,5,1804,8,13,918,892,26,1023,9,35,0.01626662160380123
targeting,credit_broad,mlp,1003,features,PAY_AMT2,1946,True,541,535,6,1405,10,16,40,34,6,1906,15,21,2,2,0,1944,0,0,26,26,0,1920,0,0,26,25,1,1920,20,21,65,58,7,1881,14,21,560,554,6,1386,10,16,0.02052977649079517
targeting,credit_broad,mlp,1003,features,PAY_AMT3,1936,True,621,612,9,1315,16,25,31,31,0,1905,5,5,21,21,0,1915,0,0,75,75,0,1861,11,11,75,74,1,1861,15,16,104,103,1,1832,15,16,653,642,11,1283,25,36,0.022650007267470223
targeting,credit_broad,mlp,1003,features,PAY_AMT4,1939,True,483,479,4,1456,4,8,33,30,3,1906,9,12,7,7,0,1932,0,0,211,211,0,1728,0,0,211,211,0,1728,12,12,244,241,3,1695,9,12,643,639,4,1296,4,8,0.014070037312808347
targeting,credit_broad,mlp,1003,features,PAY_AMT5,1942,True,527,526,1,1415,0,1,19,19,0,1923,6,6,23,23,0,1919,0,0,253,253,0,1689,4,4,253,249,4,1689,6,10,268,264,4,1674,6,10,674,672,2,1268,3,5,0.010480740497287743
targeting,credit_broad,mlp,1003,features,PAY_AMT6,1948,True,594,591,3,1354,1,4,23,22,1,1925,15,16,22,22,0,1926,0,0,273,273,0,1675,0,0,273,271,2,1675,14,16,290,287,3,1658,13,16,780,777,3,1168,1,4,0.01394411342366304
targeting,credit_broad,mlp,1003,features,EDUCATION,1928,False,792,785,7,1136,3,10,43,43,0,1885,8,8,18,18,0,1910,0,0,0,0,0,1928,0,0,17,17,0,1911,8,8,61,61,0,1867,8,8,792,785,7,1136,3,10,0.022225542425862516
targeting,credit_broad,mlp,1003,features,MARRIAGE,1930,False,1234,1229,5,696,1,6,30,28,2,1900,13,15,29,29,0,1901,0,0,0,0,0,1930,0,0,29,28,1,1901,14,15,59,56,3,1871,12,15,1234,1229,5,696,1,6,0.018116989137726778
targeting,credit_broad,mlp,1003,features,PAY_0,1927,False,581,574,7,1346,15,22,40,39,1,1887,9,10,4,4,0,1923,0,0,0,0,0,1927,0,0,4,3,1,1923,9,10,43,41,2,1884,8,10,581,574,7,1346,15,22,0.016178185434808878
targeting,credit_broad,mlp,1003,features,PAY_2,1929,False,563,563,0,1366,2,2,28,28,0,1901,14,14,20,20,0,1909,0,0,0,0,0,1929,0,0,20,20,0,1909,14,14,48,48,0,1881,14,14,563,563,0,1366,2,2,0.017732913528590792
targeting,credit_broad,mlp,1003,features,PAY_3,1930,False,775,775,0,1155,0,0,45,43,2,1885,24,26,26,26,0,1904,0,0,0,0,0,1930,0,0,26,26,0,1904,26,26,71,69,2,1859,24,26,775,775,0,1155,0,0,0.0255507011543078
targeting,credit_broad,mlp,1003,features,PAY_4,1928,False,755,752,3,1173,5,8,21,21,0,1907,19,19,9,9,0,1919,0,0,0,0,0,1928,0,0,9,8,1,1919,18,19,30,29,1,1898,18,19,755,752,3,1173,5,8,0.014098059452164155
targeting,credit_broad,mlp,1003,features,PAY_5,1929,False,674,674,0,1255,3,3,46,44,2,1883,16,18,12,12,0,1917,0,0,0,0,0,1929,0,0,12,12,0,1917,18,18,58,56,2,1871,16,18,674,674,0,1255,3,3,0.01695810153047955
targeting,credit_broad,mlp,1003,features,PAY_6,1926,False,737,736,1,1189,1,2,21,21,0,1905,9,9,14,14,0,1912,0,0,0,0,0,1926,0,0,13,13,0,1913,9,9,34,34,0,1892,9,9,737,736,1,1189,1,2,0.014281023848672688
signed_targeting,credit_broad,mlp,1003,features,PAY_AMT1,1941,True,846,820,26,1095,9,35,28,26,2,1913,11,13,7,7,0,1934,0,0,110,110,0,1831,0,0,110,107,3,1831,10,13,137,132,5,1804,8,13,918,892,26,1023,9,35,0.01626662160380123
signed_targeting,credit_broad,mlp,1003,features,PAY_AMT2,1946,True,541,535,6,1405,10,16,40,34,6,1906,15,21,2,2,0,1944,0,0,26,26,0,1920,0,0,26,25,1,1920,20,21,65,58,7,1881,14,21,560,554,6,1386,10,16,0.02052977649079517
signed_targeting,credit_broad,mlp,1003,features,PAY_AMT3,1936,True,621,612,9,1315,16,25,31,31,0,1905,5,5,21,21,0,1915,0,0,75,75,0,1861,11,11,75,74,1,1861,15,16,104,103,1,1832,15,16,653,642,11,1283,25,36,0.022650007267470223
signed_targeting,credit_broad,mlp,1003,features,PAY_AMT4,1939,True,483,479,4,1456,4,8,33,30,3,1906,9,12,7,7,0,1932,0,0,211,211,0,1728,0,0,211,211,0,1728,12,12,244,241,3,1695,9,12,643,639,4,1296,4,8,0.014070037312808347
signed_targeting,credit_broad,mlp,1003,features,PAY_AMT5,1942,True,527,526,1,1415,0,1,19,19,0,1923,6,6,23,23,0,1919,0,0,253,253,0,1689,4,4,253,249,4,1689,6,10,268,264,4,1674,6,10,674,672,2,1268,3,5,0.010480740497287743
signed_targeting,credit_broad,mlp,1003,features,PAY_AMT6,1948,True,594,591,3,1354,1,4,23,22,1,1925,15,16,22,22,0,1926,0,0,273,273,0,1675,0,0,273,271,2,1675,14,16,290,287,3,1658,13,16,780,777,3,1168,1,4,0.01394411342366304
targeting,credit_broad,mlp,1003,contexts,LIMIT_BAL,1926,False,668,649,19,1258,32,51,31,28,3,1895,24,27,9,9,0,1917,0,0,0,0,0,1926,0,0,9,9,0,1917,27,27,40,37,3,1886,24,27,668,649,19,1258,32,51,0.02921432524002618
targeting,credit_broad,mlp,1003,contexts,BILL_AMT1,1909,False,575,571,4,1334,8,12,30,29,1,1879,5,6,15,15,0,1894,1,1,0,0,0,1909,0,0,15,15,0,1894,7,7,45,44,1,1864,6,7,575,571,4,1334,8,12,0.013776127115508418
targeting,credit_broad,mlp,1003,contexts,BILL_AMT2,1909,False,639,581,58,1270,40,98,18,16,2,1891,18,20,28,28,0,1881,0,0,0,0,0,1909,0,0,28,27,1,1881,19,20,45,42,3,1864,17,20,639,581,58,1270,40,98,0.013626566496958533
targeting,credit_broad,mlp,1003,contexts,BILL_AMT3,1902,False,570,570,0,1332,2,2,28,27,1,1874,22,23,8,8,0,1894,0,0,0,0,0,1902,0,0,8,6,2,1894,21,23,36,33,3,1866,20,23,570,570,0,1332,2,2,0.018966493682221454
targeting,credit_broad,mlp,1003,contexts,BILL_AMT4,1904,False,435,434,1,1469,0,1,27,25,2,1877,18,20,5,5,0,1899,0,0,0,0,0,1904,0,0,5,5,0,1899,20,20,32,30,2,1872,18,20,435,434,1,1469,0,1,0.011456398460378056
targeting,credit_broad,mlp,1003,contexts,BILL_AMT5,1902,False,431,431,0,1471,0,0,14,14,0,1888,5,5,29,29,0,1873,0,0,0,0,0,1902,0,0,29,29,0,1873,5,5,42,42,0,1860,5,5,431,431,0,1471,0,0,0.01130405505010897
targeting,credit_broad,mlp,1003,contexts,BILL_AMT6,1901,False,634,633,1,1267,1,2,40,37,3,1861,15,18,31,31,0,1870,0,0,0,0,0,1901,0,0,30,29,1,1871,17,18,71,67,4,1830,14,18,634,633,1,1267,1,2,0.008555654525490423
targeting,credit_broad,mlp,1003,contexts,PAY_AMT1,1941,True,846,716,130,1095,63,193,28,27,1,1913,15,16,7,7,0,1934,0,0,110,110,0,1831,0,0,110,103,7,1831,9,16,137,129,8,1804,8,16,918,788,130,1023,63,193,0.015400904205305032
targeting,credit_broad,mlp,1003,contexts,PAY_AMT2,1946,True,541,523,18,1405,25,43,40,33,7,1906,15,22,2,2,0,1944,0,0,26,26,0,1920,0,0,26,24,2,1920,20,22,65,56,9,1881,13,22,560,542,18,1386,25,43,0.019981478310305924
targeting,credit_broad,mlp,1003,contexts,PAY_AMT3,1936,True,621,600,21,1315,41,62,31,30,1,1905,13,14,21,21,0,1915,0,0,75,75,0,1861,15,15,75,71,4,1861,24,28,104,100,4,1832,24,28,653,631,22,1283,53,75,0.02260692783430368
targeting,credit_broad,mlp,1003,contexts,PAY_AMT4,1939,True,483,477,6,1456,6,12,33,28,5,1906,16,21,7,7,0,1932,0,0,211,211,0,1728,0,0,211,211,0,1728,21,21,244,239,5,1695,16,21,643,637,6,1296,6,12,0.014909886559071887
targeting,credit_broad,mlp,1003,contexts,PAY_AMT5,1942,True,527,524,3,1415,4,7,19,19,0,1923,8,8,23,23,0,1919,0,0,253,251,2,1689,6,8,253,244,9,1689,7,16,268,259,9,1674,7,16,674,667,7,1268,8,15,0.010434843348040805
targeting,credit_broad,mlp,1003,contexts,PAY_AMT6,1948,True,594,585,9,1354,13,22,23,22,1,1925,14,15,22,22,0,1926,0,0,273,273,0,1675,0,0,273,270,3,1675,12,15,290,286,4,1658,11,15,780,769,11,1168,11,22,0.014031476997449699
targeting,credit_broad,mlp,1003,contexts,EDUCATION,1928,False,792,765,27,1136,20,47,43,42,1,1885,12,13,18,18,0,1910,1,1,0,0,0,1928,0,0,17,17,0,1911,14,14,61,60,1,1867,13,14,792,765,27,1136,20,47,0.022037794628820495
targeting,credit_broad,mlp,1003,contexts,MARRIAGE,1930,False,1234,1220,14,696,1,15,30,29,1,1900,12,13,29,29,0,1901,0,0,0,0,0,1930,0,0,29,28,1,1901,12,13,59,57,2,1871,11,13,1234,1220,14,696,1,15,0.017694861425573357
targeting,credit_broad,mlp,1003,contexts,PAY_0,1927,False,581,567,14,1346,24,38,40,39,1,1887,8,9,4,4,0,1923,0,0,0,0,0,1927,0,0,4,3,1,1923,8,9,43,41,2,1884,7,9,581,567,14,1346,24,38,0.016553351483653205
targeting,credit_broad,mlp,1003,contexts,PAY_2,1929,False,563,562,1,1366,4,5,28,26,2,1901,17,19,20,20,0,1909,0,0,0,0,0,1929,0,0,20,20,0,1909,19,19,48,46,2,1881,17,19,563,562,1,1366,4,5,0.017625158397003942
targeting,credit_broad,mlp,1003,contexts,PAY_3,1930,False,775,771,4,1155,1,5,45,40,5,1885,24,29,26,26,0,1904,0,0,0,0,0,1930,0,0,26,26,0,1904,29,29,71,66,5,1859,24,29,775,771,4,1155,1,5,0.025823636121905823
targeting,credit_broad,mlp,1003,contexts,PAY_4,1928,False,755,746,9,1173,11,20,21,21,0,1907,19,19,9,9,0,1919,0,0,0,0,0,1928,0,0,9,9,0,1919,19,19,30,30,0,1898,19,19,755,746,9,1173,11,20,0.014157946530933102
targeting,credit_broad,mlp,1003,contexts,PAY_5,1929,False,674,672,2,1255,5,7,46,43,3,1883,16,19,12,12,0,1917,0,0,0,0,0,1929,0,0,12,12,0,1917,19,19,58,55,3,1871,16,19,674,672,2,1255,5,7,0.016959278838992793
targeting,credit_broad,mlp,1003,contexts,PAY_6,1926,False,737,734,3,1189,0,3,21,19,2,1905,8,10,14,14,0,1912,0,0,0,0,0,1926,0,0,13,13,0,1913,10,10,34,32,2,1892,8,10,737,734,3,1189,0,3,0.014290629802145422
signed_targeting,credit_broad,mlp,1003,contexts,PAY_AMT1,1941,True,846,716,130,1095,63,193,28,27,1,1913,15,16,7,7,0,1934,0,0,110,110,0,1831,0,0,110,103,7,1831,9,16,137,129,8,1804,8,16,918,788,130,1023,63,193,0.015400904205305032
signed_targeting,credit_broad,mlp,1003,contexts,PAY_AMT2,1946,True,541,523,18,1405,25,43,40,33,7,1906,15,22,2,2,0,1944,0,0,26,26,0,1920,0,0,26,24,2,1920,20,22,65,56,9,1881,13,22,560,542,18,1386,25,43,0.019981478310305924
signed_targeting,credit_broad,mlp,1003,contexts,PAY_AMT3,1936,True,621,600,21,1315,41,62,31,30,1,1905,13,14,21,21,0,1915,0,0,75,75,0,1861,15,15,75,71,4,1861,24,28,104,100,4,1832,24,28,653,631,22,1283,53,75,0.02260692783430368
signed_targeting,credit_broad,mlp,1003,contexts,PAY_AMT4,1939,True,483,477,6,1456,6,12,33,28,5,1906,16,21,7,7,0,1932,0,0,211,211,0,1728,0,0,211,211,0,1728,21,21,244,239,5,1695,16,21,643,637,6,1296,6,12,0.014909886559071887
signed_targeting,credit_broad,mlp,1003,contexts,PAY_AMT5,1942,True,527,524,3,1415,4,7,19,19,0,1923,8,8,23,23,0,1919,0,0,253,251,2,1689,6,8,253,244,9,1689,7,16,268,259,9,1674,7,16,674,667,7,1268,8,15,0.010434843348040805
signed_targeting,credit_broad,mlp,1003,contexts,PAY_AMT6,1948,True,594,585,9,1354,13,22,23,22,1,1925,14,15,22,22,0,1926,0,0,273,273,0,1675,0,0,273,270,3,1675,12,15,290,286,4,1658,11,15,780,769,11,1168,11,22,0.014031476997449699
targeting,credit_broad,mlp,1003,population,LIMIT_BAL,1926,False,668,623,45,1258,96,141,31,25,6,1895,29,35,9,9,0,1917,0,0,0,0,0,1926,0,0,9,9,0,1917,35,35,40,34,6,1886,29,35,668,623,45,1258,96,141,0.02892969449315287
targeting,credit_broad,mlp,1003,population,BILL_AMT1,1909,False,575,573,2,1334,9,11,30,29,1,1879,9,10,15,15,0,1894,1,1,0,0,0,1909,0,0,15,15,0,1894,11,11,45,44,1,1864,10,11,575,573,2,1334,9,11,0.012976041518504962
targeting,credit_broad,mlp,1003,population,BILL_AMT2,1909,False,639,579,60,1270,59,119,18,14,4,1891,35,39,28,28,0,1881,1,1,0,0,0,1909,0,0,28,26,2,1881,38,40,45,39,6,1864,34,40,639,579,60,1270,59,119,0.01461197262451135
targeting,credit_broad,mlp,1003,population,BILL_AMT3,1902,False,570,569,1,1332,2,3,28,27,1,1874,26,27,8,8,0,1894,0,0,0,0,0,1902,0,0,8,7,1,1894,26,27,36,34,2,1866,25,27,570,569,1,1332,2,3,0.020186303710682557
targeting,credit_broad,mlp,1003,population,BILL_AMT4,1904,False,435,433,2,1469,6,8,27,24,3,1877,16,19,5,5,0,1899,0,0,0,0,0,1904,0,0,5,5,0,1899,19,19,32,29,3,1872,16,19,435,433,2,1469,6,8,0.011702274677066339
targeting,credit_broad,mlp,1003,population,BILL_AMT5,1902,False,431,431,0,1471,1,1,14,12,2,1888,9,11,29,29,0,1873,0,0,0,0,0,1902,0,0,29,28,1,1873,10,11,42,39,3,1860,8,11,431,431,0,1471,1,1,0.010425114637161175
targeting,credit_broad,mlp,1003,population,BILL_AMT6,1901,False,634,613,21,1267,10,31,40,35,5,1861,13,18,31,31,0,1870,1,1,0,0,0,1901,0,0,30,28,2,1871,17,19,71,64,7,1830,12,19,634,613,21,1267,10,31,0.008954863368803752
targeting,credit_broad,mlp,1003,population,PAY_AMT1,1941,True,846,591,255,1095,97,352,28,24,4,1913,23,27,7,7,0,1934,0,0,110,110,0,1831,0,0,110,100,10,1831,17,27,137,123,14,1804,13,27,918,663,255,1023,97,352,0.014975966694443461
targeting,credit_broad,mlp,1003,population,PAY_AMT2,1946,True,541,509,32,1405,82,114,40,36,4,1906,24,28,2,2,0,1944,0,0,26,26,0,1920,0,0,26,26,0,1920,28,28,65,61,4,1881,24,28,560,528,32,1386,82,114,0.018503857142594383
targeting,credit_broad,mlp,1003,population,PAY_AMT3,1936,True,621,557,64,1315,108,172,31,28,3,1905,13,16,21,21,0,1915,0,0,75,74,1,1861,41,42,75,68,7,1861,49,56,104,93,11,1832,45,56,653,583,70,1283,142,212,0.02261841168291433
targeting,credit_broad,mlp,1003,population,PAY_AMT4,1939,True,483,439,44,1456,33,77,33,28,5,1906,13,18,7,7,0,1932,1,1,211,211,0,1728,3,3,211,211,0,1728,21,21,244,239,5,1695,16,21,643,597,46,1296,32,78,0.013937818066356711
targeting,credit_broad,mlp,1003,population,PAY_AMT5,1942,True,527,521,6,1415,3,9,19,18,1,1923,8,9,23,23,0,1919,0,0,253,246,7,1689,86,93,253,246,7,1689,93,100,268,260,8,1674,92,100,674,657,17,1268,85,102,0.010583129659353424
targeting,credit_broad,mlp,1003,population,PAY_AMT6,1948,True,594,569,25,1354,31,56,23,22,1,1925,14,15,22,22,0,1926,0,0,273,267,6,1675,0,6,273,266,7,1675,14,21,290,282,8,1658,13,21,780,747,33,1168,28,61,0.014221393470267282
targeting,credit_broad,mlp,1003,population,EDUCATION,1928,False,792,764,28,1136,17,45,43,39,4,1885,21,25,18,18,0,1910,0,0,0,0,0,1928,0,0,17,17,0,1911,25,25,61,57,4,1867,21,25,792,764,28,1136,17,45,0.02126945711726048
targeting,credit_broad,mlp,1003,population,MARRIAGE,1930,False,1234,1224,10,696,4,14,30,29,1,1900,14,15,29,29,0,1901,0,0,0,0,0,1930,0,0,29,28,1,1901,14,15,59,57,2,1871,13,15,1234,1224,10,696,4,14,0.018420423069713376
targeting,credit_broad,mlp,1003,population,PAY_0,1927,False,581,551,30,1346,29,59,40,38,2,1887,15,17,4,4,0,1923,0,0,0,0,0,1927,0,0,4,3,1,1923,16,17,43,40,3,1884,14,17,581,551,30,1346,29,59,0.015490812163089214
targeting,credit_broad,mlp,1003,population,PAY_2,1929,False,563,559,4,1366,3,7,28,27,1,1901,12,13,20,20,0,1909,0,0,0,0,0,1929,0,0,20,20,0,1909,13,13,48,47,1,1881,12,13,563,559,4,1366,3,7,0.017610612419326994
targeting,credit_broad,mlp,1003,population,PAY_3,1930,False,775,765,10,1155,8,18,45,40,5,1885,29,34,26,26,0,1904,0,0,0,0,0,1930,0,0,26,26,0,1904,34,34,71,66,5,1859,29,34,775,765,10,1155,8,18,0.024717828996387317
targeting,credit_broad,mlp,1003,population,PAY_4,1928,False,755,745,10,1173,28,38,21,21,0,1907,31,31,9,9,0,1919,0,0,0,0,0,1928,0,0,9,9,0,1919,31,31,30,30,0,1898,31,31,755,745,10,1173,28,38,0.013745917336170484
targeting,credit_broad,mlp,1003,population,PAY_5,1929,False,674,668,6,1255,7,13,46,43,3,1883,18,21,12,12,0,1917,0,0,0,0,0,1929,0,0,12,12,0,1917,21,21,58,55,3,1871,18,21,674,668,6,1255,7,13,0.016978499155416577
targeting,credit_broad,mlp,1003,population,PAY_6,1926,False,737,735,2,1189,8,10,21,21,0,1905,15,15,14,14,0,1912,1,1,0,0,0,1926,0,0,13,12,1,1913,15,16,34,33,1,1892,15,16,737,735,2,1189,8,10,0.014115829101569815
signed_targeting,credit_broad,mlp,1003,population,PAY_AMT1,1941,True,846,591,255,1095,97,352,28,24,4,1913,23,27,7,7,0,1934,0,0,110,110,0,1831,0,0,110,100,10,1831,17,27,137,123,14,1804,13,27,918,663,255,1023,97,352,0.014975966694443461
signed_targeting,credit_broad,mlp,1003,population,PAY_AMT2,1946,True,541,509,32,1405,82,114,40,36,4,1906,24,28,2,2,0,1944,0,0,26,26,0,1920,0,0,26,26,0,1920,28,28,65,61,4,1881,24,28,560,528,32,1386,82,114,0.018503857142594383
signed_targeting,credit_broad,mlp,1003,population,PAY_AMT3,1936,True,621,557,64,1315,108,172,31,28,3,1905,13,16,21,21,0,1915,0,0,75,74,1,1861,41,42,75,68,7,1861,49,56,104,93,11,1832,45,56,653,583,70,1283,142,212,0.02261841168291433
signed_targeting,credit_broad,mlp,1003,population,PAY_AMT4,1939,True,483,439,44,1456,33,77,33,28,5,1906,13,18,7,7,0,1932,1,1,211,211,0,1728,3,3,211,211,0,1728,21,21,244,239,5,1695,16,21,643,597,46,1296,32,78,0.013937818066356711
signed_targeting,credit_broad,mlp,1003,population,PAY_AMT5,1942,True,527,521,6,1415,3,9,19,18,1,1923,8,9,23,23,0,1919,0,0,253,246,7,1689,86,93,253,246,7,1689,93,100,268,260,8,1674,92,100,674,657,17,1268,85,102,0.010583129659353424
signed_targeting,credit_broad,mlp,1003,population,PAY_AMT6,1948,True,594,569,25,1354,31,56,23,22,1,1925,14,15,22,22,0,1926,0,0,273,267,6,1675,0,6,273,266,7,1675,14,21,290,282,8,1658,13,21,780,747,33,1168,28,61,0.014221393470267282
targeting,credit_broad,mlp,1003,task,LIMIT_BAL,1926,False,668,0,668,1258,0,668,31,0,31,1895,0,31,9,0,9,1917,0,9,0,0,0,1926,0,0,9,0,9,1917,31,40,40,0,40,1886,0,40,668,0,668,1258,0,668,1.1103671345712398e-17
targeting,credit_broad,mlp,1003,task,BILL_AMT1,1909,False,575,0,575,1334,0,575,30,0,30,1879,0,30,15,0,15,1894,0,15,0,0,0,1909,0,0,15,0,15,1894,30,45,45,0,45,1864,0,45,575,0,575,1334,0,575,4.652584702462678e-19
targeting,credit_broad,mlp,1003,task,BILL_AMT2,1909,False,639,0,639,1270,0,639,18,0,18,1891,0,18,28,0,28,1881,0,28,0,0,0,1909,0,0,28,0,28,1881,17,45,45,0,45,1864,0,45,639,0,639,1270,0,639,4.979719564354585e-19
targeting,credit_broad,mlp,1003,task,BILL_AMT3,1902,False,570,0,570,1332,0,570,28,0,28,1874,0,28,8,0,8,1894,0,8,0,0,0,1902,0,0,8,0,8,1894,28,36,36,0,36,1866,0,36,570,0,570,1332,0,570,5.654724264488015e-19
targeting,credit_broad,mlp,1003,task,BILL_AMT4,1904,False,435,0,435,1469,0,435,27,0,27,1877,0,27,5,0,5,1899,0,5,0,0,0,1904,0,0,5,0,5,1899,27,32,32,0,32,1872,0,32,435,0,435,1469,0,435,4.591915083468019e-19
targeting,credit_broad,mlp,1003,task,BILL_AMT5,1902,False,431,0,431,1471,0,431,14,0,14,1888,0,14,29,0,29,1873,0,29,0,0,0,1902,0,0,29,0,29,1873,13,42,42,0,42,1860,0,42,431,0,431,1471,0,431,4.013030123185043e-19
targeting,credit_broad,mlp,1003,task,BILL_AMT6,1901,False,634,0,634,1267,0,634,40,0,40,1861,0,40,31,0,31,1870,0,31,0,0,0,1901,0,0,30,0,30,1871,41,71,71,0,71,1830,0,71,634,0,634,1267,0,634,4.781668076864002e-19
targeting,credit_broad,mlp,1003,task,PAY_AMT1,1941,True,846,0,846,1095,0,846,28,0,28,1913,0,28,7,0,7,1934,0,7,110,0,110,1831,0,110,110,0,110,1831,27,137,137,0,137,1804,0,137,918,0,918,1023,0,918,5.129991113913896e-19
targeting,credit_broad,mlp,1003,task,PAY_AMT2,1946,True,541,0,541,1405,0,541,40,0,40,1906,0,40,2,0,2,1944,0,2,26,0,26,1920,0,26,26,0,26,1920,39,65,65,0,65,1881,0,65,560,0,560,1386,0,560,6.846185146712167e-19
targeting,credit_broad,mlp,1003,task,PAY_AMT3,1936,True,621,0,621,1315,0,621,31,0,31,1905,0,31,21,0,21,1915,0,21,75,0,75,1861,0,75,75,0,75,1861,29,104,104,0,104,1832,0,104,653,0,653,1283,0,653,6.30808536718839e-19
targeting,credit_broad,mlp,1003,task,PAY_AMT4,1939,True,483,0,483,1456,0,483,33,0,33,1906,0,33,7,0,7,1932,0,7,211,0,211,1728,0,211,211,0,211,1728,33,244,244,0,244,1695,0,244,643,0,643,1296,0,643,6.584613090866065e-19
targeting,credit_broad,mlp,1003,task,PAY_AMT5,1942,True,527,0,527,1415,0,527,19,0,19,1923,0,19,23,0,23,1919,0,23,253,0,253,1689,0,253,253,0,253,1689,15,268,268,0,268,1674,0,268,674,0,674,1268,0,674,2.53687676198462e-19
targeting,credit_broad,mlp,1003,task,PAY_AMT6,1948,True,594,0,594,1354,0,594,23,0,23,1925,0,23,22,0,22,1926,0,22,273,0,273,1675,0,273,273,0,273,1675,17,290,290,0,290,1658,0,290,780,0,780,1168,0,780,5.0225053411238155e-19
targeting,credit_broad,mlp,1003,task,EDUCATION,1928,False,792,0,792,1136,0,792,43,0,43,1885,0,43,18,0,18,1910,0,18,0,0,0,1928,0,0,17,0,17,1911,44,61,61,0,61,1867,0,61,792,0,792,1136,0,792,8.421686584617694e-19
targeting,credit_broad,mlp,1003,task,MARRIAGE,1930,False,1234,0,1234,696,0,1234,30,0,30,1900,0,30,29,0,29,1901,0,29,0,0,0,1930,0,0,29,0,29,1901,30,59,59,0,59,1871,0,59,1234,0,1234,696,0,1234,5.932214995568356e-19
targeting,credit_broad,mlp,1003,task,PAY_0,1927,False,581,0,581,1346,0,581,40,0,40,1887,0,40,4,0,4,1923,0,4,0,0,0,1927,0,0,4,0,4,1923,39,43,43,0,43,1884,0,43,581,0,581,1346,0,581,7.057722912121519e-19
targeting,credit_broad,mlp,1003,task,PAY_2,1929,False,563,0,563,1366,0,563,28,0,28,1901,0,28,20,0,20,1909,0,20,0,0,0,1929,0,0,20,0,20,1909,28,48,48,0,48,1881,0,48,563,0,563,1366,0,563,9.64035026566686e-19
targeting,credit_broad,mlp,1003,task,PAY_3,1930,False,775,0,775,1155,0,775,45,0,45,1885,0,45,26,0,26,1904,0,26,0,0,0,1930,0,0,26,0,26,1904,45,71,71,0,71,1859,0,71,775,0,775,1155,0,775,1.3985646262279336e-18
targeting,credit_broad,mlp,1003,task,PAY_4,1928,False,755,0,755,1173,0,755,21,0,21,1907,0,21,9,0,9,1919,0,9,0,0,0,1928,0,0,9,0,9,1919,21,30,30,0,30,1898,0,30,755,0,755,1173,0,755,6.748146301776999e-19
targeting,credit_broad,mlp,1003,task,PAY_5,1929,False,674,0,674,1255,0,674,46,0,46,1883,0,46,12,0,12,1917,0,12,0,0,0,1929,0,0,12,0,12,1917,46,58,58,0,58,1871,0,58,674,0,674,1255,0,674,7.661920173832243e-19
targeting,credit_broad,mlp,1003,task,PAY_6,1926,False,737,0,737,1189,0,737,21,0,21,1905,0,21,14,0,14,1912,0,14,0,0,0,1926,0,0,13,0,13,1913,21,34,34,0,34,1892,0,34,737,0,737,1189,0,737,4.143160949892686e-19
signed_targeting,credit_broad,mlp,1003,task,PAY_AMT1,1941,True,846,0,846,1095,0,846,28,0,28,1913,0,28,7,0,7,1934,0,7,110,0,110,1831,0,110,110,0,110,1831,27,137,137,0,137,1804,0,137,918,0,918,1023,0,918,5.129991113913896e-19
signed_targeting,credit_broad,mlp,1003,task,PAY_AMT2,1946,True,541,0,541,1405,0,541,40,0,40,1906,0,40,2,0,2,1944,0,2,26,0,26,1920,0,26,26,0,26,1920,39,65,65,0,65,1881,0,65,560,0,560,1386,0,560,6.846185146712167e-19
signed_targeting,credit_broad,mlp,1003,task,PAY_AMT3,1936,True,621,0,621,1315,0,621,31,0,31,1905,0,31,21,0,21,1915,0,21,75,0,75,1861,0,75,75,0,75,1861,29,104,104,0,104,1832,0,104,653,0,653,1283,0,653,6.30808536718839e-19
signed_targeting,credit_broad,mlp,1003,task,PAY_AMT4,1939,True,483,0,483,1456,0,483,33,0,33,1906,0,33,7,0,7,1932,0,7,211,0,211,1728,0,211,211,0,211,1728,33,244,244,0,244,1695,0,244,643,0,643,1296,0,643,6.584613090866065e-19
signed_targeting,credit_broad,mlp,1003,task,PAY_AMT5,1942,True,527,0,527,1415,0,527,19,0,19,1923,0,19,23,0,23,1919,0,23,253,0,253,1689,0,253,253,0,253,1689,15,268,268,0,268,1674,0,268,674,0,674,1268,0,674,2.53687676198462e-19
signed_targeting,credit_broad,mlp,1003,task,PAY_AMT6,1948,True,594,0,594,1354,0,594,23,0,23,1925,0,23,22,0,22,1926,0,22,273,0,273,1675,0,273,273,0,273,1675,17,290,290,0,290,1658,0,290,780,0,780,1168,0,780,5.0225053411238155e-19
targeting,credit_broad,mlp,1003,augmentation,LIMIT_BAL,1926,False,668,439,229,1258,408,637,31,28,3,1895,40,43,9,8,1,1917,3,4,0,0,0,1926,0,0,9,8,1,1917,46,47,40,36,4,1886,43,47,668,439,229,1258,408,637,0.041525079769343935
targeting,credit_broad,mlp,1003,augmentation,BILL_AMT1,1909,False,575,338,237,1334,503,740,30,27,3,1879,39,42,15,15,0,1894,29,29,0,0,0,1909,0,0,15,15,0,1894,71,71,45,41,4,1864,67,71,575,338,237,1334,503,740,0.02503324882328038
targeting,credit_broad,mlp,1003,augmentation,BILL_AMT2,1909,False,639,298,341,1270,651,992,18,15,3,1891,31,34,28,26,2,1881,65,67,0,0,0,1909,0,0,28,24,4,1881,94,98,45,38,7,1864,91,98,639,298,341,1270,651,992,0.019510338432010332
targeting,credit_broad,mlp,1003,augmentation,BILL_AMT3,1902,False,570,347,223,1332,534,757,28,25,3,1874,43,46,8,8,0,1894,13,13,0,0,0,1902,0,0,8,8,0,1894,58,58,36,33,3,1866,55,58,570,347,223,1332,534,757,0.030827090687717818
targeting,credit_broad,mlp,1003,augmentation,BILL_AMT4,1904,False,435,314,121,1469,397,518,27,25,2,1877,34,36,5,5,0,1899,25,25,0,0,0,1904,0,0,5,5,0,1899,59,59,32,29,3,1872,56,59,435,314,121,1469,397,518,0.01925729047431886
targeting,credit_broad,mlp,1003,augmentation,BILL_AMT5,1902,False,431,285,146,1471,470,616,14,11,3,1888,39,42,29,25,4,1873,35,39,0,0,0,1902,0,0,29,24,5,1873,76,81,42,34,8,1860,73,81,431,285,146,1471,470,616,0.02344997575897982
targeting,credit_broad,mlp,1003,augmentation,BILL_AMT6,1901,False,634,378,256,1267,357,613,40,39,1,1861,35,36,31,28,3,1870,31,34,0,0,0,1901,0,0,30,26,4,1871,65,69,71,65,6,1830,63,69,634,378,256,1267,357,613,0.01348487941939704
targeting,credit_broad,mlp,1003,augmentation,PAY_AMT1,1941,True,846,431,415,1095,403,818,28,27,1,1913,32,33,7,6,1,1934,26,27,110,86,24,1831,405,429,110,85,25,1831,426,451,137,102,35,1804,416,451,918,418,500,1023,523,1023,0.033512034943810845
targeting,credit_broad,mlp,1003,augmentation,PAY_AMT2,1946,True,541,251,290,1405,711,1001,40,37,3,1906,36,39,2,2,0,1944,15,15,26,15,11,1920,148,159,26,15,11,1920,181,192,65,43,22,1881,170,192,560,231,329,1386,755,1084,0.03049034699142383
targeting,credit_broad,mlp,1003,augmentation,PAY_AMT3,1936,True,621,372,249,1315,495,744,31,31,0,1905,34,34,21,21,0,1915,25,25,75,32,43,1861,852,895,75,31,44,1861,877,921,104,52,52,1832,869,921,653,248,405,1283,832,1237,0.036366906198635286
targeting,credit_broad,mlp,1003,augmentation,PAY_AMT4,1939,True,483,243,240,1456,551,791,33,31,2,1906,43,45,7,7,0,1932,7,7,211,194,17,1728,46,63,211,191,20,1728,88,108,244,222,22,1695,86,108,643,315,328,1296,494,822,0.02991943678798195
targeting,credit_broad,mlp,1003,augmentation,PAY_AMT5,1942,True,527,369,158,1415,431,589,19,18,1,1923,29,30,23,22,1,1919,26,27,253,94,159,1689,733,892,253,93,160,1689,747,907,268,100,168,1674,739,907,674,204,470,1268,712,1182,0.019730724713687246
targeting,credit_broad,mlp,1003,augmentation,PAY_AMT6,1948,True,594,329,265,1354,519,784,23,22,1,1925,36,37,22,21,1,1926,12,13,273,155,118,1675,188,306,273,155,118,1675,216,334,290,169,121,1658,213,334,780,368,412,1168,525,937,0.027756765192878622
targeting,credit_broad,mlp,1003,augmentation,EDUCATION,1928,False,792,526,266,1136,380,646,43,36,7,1885,43,50,18,18,0,1910,30,30,0,0,0,1928,0,0,17,17,0,1911,80,80,61,54,7,1867,73,80,792,526,266,1136,380,646,0.0404084782179532
targeting,credit_broad,mlp,1003,augmentation,MARRIAGE,1930,False,1234,755,479,696,223,702,30,27,3,1900,32,35,29,29,0,1901,9,9,0,0,0,1930,0,0,29,28,1,1901,43,44,59,52,7,1871,37,44,1234,755,479,696,223,702,0.046199731470424964
targeting,credit_broad,mlp,1003,augmentation,PAY_0,1927,False,581,273,308,1346,619,927,40,39,1,1887,72,73,4,4,0,1923,2,2,0,0,0,1927,0,0,4,4,0,1923,75,75,43,42,1,1884,74,75,581,273,308,1346,619,927,0.08724719492768647
targeting,credit_broad,mlp,1003,augmentation,PAY_2,1929,False,563,308,255,1366,508,763,28,27,1,1901,41,42,20,18,2,1909,18,20,0,0,0,1929,0,0,20,18,2,1909,60,62,48,45,3,1881,59,62,563,308,255,1366,508,763,0.02486873138095052
targeting,credit_broad,mlp,1003,augmentation,PAY_3,1930,False,775,377,398,1155,447,845,45,41,4,1885,41,45,26,24,2,1904,13,15,0,0,0,1930,0,0,26,23,3,1904,57,60,71,64,7,1859,53,60,775,377,398,1155,447,845,0.04226526268141828
targeting,credit_broad,mlp,1003,augmentation,PAY_4,1928,False,755,485,270,1173,345,615,21,19,2,1907,38,40,9,9,0,1919,6,6,0,0,0,1928,0,0,9,9,0,1919,46,46,30,27,3,1898,43,46,755,485,270,1173,345,615,0.030956838123419633
targeting,credit_broad,mlp,1003,augmentation,PAY_5,1929,False,674,381,293,1255,387,680,46,39,7,1883,48,55,12,12,0,1917,24,24,0,0,0,1929,0,0,12,10,2,1917,76,78,58,48,10,1871,68,78,674,381,293,1255,387,680,0.07526801379628878
targeting,credit_broad,mlp,1003,augmentation,PAY_6,1926,False,737,483,254,1189,373,627,21,20,1,1905,49,50,14,14,0,1912,21,21,0,0,0,1926,0,0,13,12,1,1913,69,70,34,32,2,1892,68,70,737,483,254,1189,373,627,0.03719597068958416
signed_targeting,credit_broad,mlp,1003,augmentation,PAY_AMT1,1941,True,846,431,415,1095,403,818,28,27,1,1913,32,33,7,6,1,1934,26,27,110,86,24,1831,405,429,110,85,25,1831,426,451,137,102,35,1804,416,451,918,418,500,1023,523,1023,0.033512034943810845
signed_targeting,credit_broad,mlp,1003,augmentation,PAY_AMT2,1946,True,541,251,290,1405,711,1001,40,37,3,1906,36,39,2,2,0,1944,15,15,26,15,11,1920,148,159,26,15,11,1920,181,192,65,43,22,1881,170,192,560,231,329,1386,755,1084,0.03049034699142383
signed_targeting,credit_broad,mlp,1003,augmentation,PAY_AMT3,1936,True,621,372,249,1315,495,744,31,31,0,1905,34,34,21,21,0,1915,25,25,75,32,43,1861,852,895,75,31,44,1861,877,921,104,52,52,1832,869,921,653,248,405,1283,832,1237,0.036366906198635286
signed_targeting,credit_broad,mlp,1003,augmentation,PAY_AMT4,1939,True,483,243,240,1456,551,791,33,31,2,1906,43,45,7,7,0,1932,7,7,211,194,17,1728,46,63,211,191,20,1728,88,108,244,222,22,1695,86,108,643,315,328,1296,494,822,0.02991943678798195
signed_targeting,credit_broad,mlp,1003,augmentation,PAY_AMT5,1942,True,527,369,158,1415,431,589,19,18,1,1923,29,30,23,22,1,1919,26,27,253,94,159,1689,733,892,253,93,160,1689,747,907,268,100,168,1674,739,907,674,204,470,1268,712,1182,0.019730724713687246
signed_targeting,credit_broad,mlp,1003,augmentation,PAY_AMT6,1948,True,594,329,265,1354,519,784,23,22,1,1925,36,37,22,21,1,1926,12,13,273,155,118,1675,188,306,273,155,118,1675,216,334,290,169,121,1658,213,334,780,368,412,1168,525,937,0.027756765192878622
targeting,credit_broad,mlp,1004,full,LIMIT_BAL,1926,False,330,330,0,1596,1,1,30,30,0,1896,6,6,7,7,0,1919,0,0,0,0,0,1926,0,0,7,6,1,1919,5,6,37,36,1,1889,5,6,330,330,0,1596,1,1,0.010513743319289469
targeting,credit_broad,mlp,1004,full,BILL_AMT1,1909,False,141,141,0,1768,0,0,16,16,0,1893,3,3,1,1,0,1908,0,0,0,0,0,1909,0,0,0,0,0,1909,3,3,17,17,0,1892,3,3,141,141,0,1768,0,0,0.005938323913803253
targeting,credit_broad,mlp,1004,full,BILL_AMT2,1909,False,119,119,0,1790,0,0,14,13,1,1895,1,2,3,3,0,1906,0,0,0,0,0,1909,0,0,3,3,0,1906,2,2,17,16,1,1892,1,2,119,119,0,1790,0,0,0.0046842342504818035
targeting,credit_broad,mlp,1004,full,BILL_AMT3,1902,False,112,112,0,1790,0,0,13,13,0,1889,2,2,3,3,0,1899,0,0,0,0,0,1902,0,0,2,2,0,1900,2,2,16,16,0,1886,2,2,112,112,0,1790,0,0,0.007717083286025197
targeting,credit_broad,mlp,1004,full,BILL_AMT4,1904,False,93,93,0,1811,0,0,10,10,0,1894,4,4,1,1,0,1903,0,0,0,0,0,1904,0,0,1,1,0,1903,4,4,11,11,0,1893,4,4,93,93,0,1811,0,0,0.006689793278613962
targeting,credit_broad,mlp,1004,full,BILL_AMT5,1902,False,118,118,0,1784,0,0,14,14,0,1888,1,1,6,6,0,1896,0,0,0,0,0,1902,0,0,5,5,0,1897,1,1,20,20,0,1882,1,1,118,118,0,1784,0,0,0.006582779841828981
targeting,credit_broad,mlp,1004,full,BILL_AMT6,1901,False,47,47,0,1854,0,0,19,19,0,1882,2,2,1,1,0,1900,0,0,0,0,0,1901,0,0,1,1,0,1900,2,2,20,20,0,1881,2,2,47,47,0,1854,0,0,0.0062794337284329494
targeting,credit_broad,mlp,1004,full,PAY_AMT1,1941,True,192,192,0,1749,1,1,26,26,0,1915,3,3,2,2,0,1939,0,0,91,90,1,1850,0,1,91,87,4,1850,0,4,115,111,4,1826,0,4,275,274,1,1666,1,2,0.006706433769175899
targeting,credit_broad,mlp,1004,full,PAY_AMT2,1946,True,205,205,0,1741,2,2,38,38,0,1908,6,6,0,0,0,1946,0,0,0,0,0,1946,0,0,0,0,0,1946,6,6,38,38,0,1908,6,6,205,205,0,1741,2,2,0.010017674187582126
targeting,credit_broad,mlp,1004,full,PAY_AMT3,1936,True,140,140,0,1796,0,0,14,14,0,1922,4,4,0,0,0,1936,0,0,88,79,9,1848,1,10,88,78,10,1848,4,14,98,88,10,1838,4,14,224,215,9,1712,1,10,0.005535269876905385
targeting,credit_broad,mlp,1004,full,PAY_AMT4,1939,True,99,99,0,1840,1,1,24,24,0,1915,2,2,2,2,0,1937,0,0,221,211,10,1718,4,14,221,210,11,1718,5,16,245,234,11,1694,5,16,314,304,10,1625,5,15,0.009672193739321875
targeting,credit_broad,mlp,1004,full,PAY_AMT5,1942,True,97,97,0,1845,0,0,26,26,0,1916,2,2,1,1,0,1941,0,0,83,78,5,1859,0,5,83,78,5,1859,2,7,108,103,5,1834,2,7,176,171,5,1766,0,5,0.007034702634221547
targeting,credit_broad,mlp,1004,full,PAY_AMT6,1948,True,157,157,0,1791,0,0,16,16,0,1932,3,3,0,0,0,1948,0,0,37,24,13,1911,13,26,37,24,13,1911,16,29,53,40,13,1895,16,29,192,179,13,1756,13,26,0.006047917535742643
targeting,credit_broad,mlp,1004,full,EDUCATION,1928,False,301,300,1,1627,2,3,42,42,0,1886,2,2,1,1,0,1927,0,0,0,0,0,1928,0,0,1,1,0,1927,2,2,43,43,0,1885,2,2,301,300,1,1627,2,3,0.012310249845316664
targeting,credit_broad,mlp,1004,full,MARRIAGE,1930,False,239,239,0,1691,0,0,29,29,0,1901,2,2,0,0,0,1930,0,0,0,0,0,1930,0,0,0,0,0,1930,2,2,29,29,0,1901,2,2,239,239,0,1691,0,0,0.007936190754355173
targeting,credit_broad,mlp,1004,full,PAY_0,1927,False,373,369,4,1554,2,6,59,58,1,1868,2,3,0,0,0,1927,0,0,0,0,0,1927,0,0,0,0,0,1927,3,3,59,58,1,1868,2,3,373,369,4,1554,2,6,0.020684369451367743
targeting,credit_broad,mlp,1004,full,PAY_2,1929,False,123,123,0,1806,1,1,29,29,0,1900,6,6,3,3,0,1926,0,0,0,0,0,1929,0,0,3,3,0,1926,6,6,32,32,0,1897,6,6,123,123,0,1806,1,1,0.018937270260037237
targeting,credit_broad,mlp,1004,full,PAY_3,1930,False,266,266,0,1664,0,0,30,30,0,1900,3,3,2,2,0,1928,0,0,0,0,0,1930,0,0,2,2,0,1928,3,3,32,32,0,1898,3,3,266,266,0,1664,0,0,0.014962177146216515
targeting,credit_broad,mlp,1004,full,PAY_4,1928,False,167,167,0,1761,0,0,26,25,1,1902,6,7,0,0,0,1928,0,0,0,0,0,1928,0,0,0,0,0,1928,7,7,26,25,1,1902,6,7,167,167,0,1761,0,0,0.008982240328098828
targeting,credit_broad,mlp,1004,full,PAY_5,1929,False,273,273,0,1656,0,0,16,16,0,1913,5,5,9,9,0,1920,0,0,0,0,0,1929,0,0,8,8,0,1921,5,5,25,25,0,1904,5,5,273,273,0,1656,0,0,0.005445667390275492
targeting,credit_broad,mlp,1004,full,PAY_6,1926,False,407,406,1,1519,0,1,14,14,0,1912,3,3,6,6,0,1920,0,0,0,0,0,1926,0,0,6,6,0,1920,3,3,20,20,0,1906,3,3,407,406,1,1519,0,1,0.008007534052716507
signed_targeting,credit_broad,mlp,1004,full,PAY_AMT1,1941,True,192,192,0,1749,1,1,26,26,0,1915,3,3,2,2,0,1939,0,0,91,90,1,1850,0,1,91,87,4,1850,0,4,115,111,4,1826,0,4,275,274,1,1666,1,2,0.006706433769175899
signed_targeting,credit_broad,mlp,1004,full,PAY_AMT2,1946,True,205,205,0,1741,2,2,38,38,0,1908,6,6,0,0,0,1946,0,0,0,0,0,1946,0,0,0,0,0,1946,6,6,38,38,0,1908,6,6,205,205,0,1741,2,2,0.010017674187582126
signed_targeting,credit_broad,mlp,1004,full,PAY_AMT3,1936,True,140,140,0,1796,0,0,14,14,0,1922,4,4,0,0,0,1936,0,0,88,79,9,1848,1,10,88,78,10,1848,4,14,98,88,10,1838,4,14,224,215,9,1712,1,10,0.005535269876905385
signed_targeting,credit_broad,mlp,1004,full,PAY_AMT4,1939,True,99,99,0,1840,1,1,24,24,0,1915,2,2,2,2,0,1937,0,0,221,211,10,1718,4,14,221,210,11,1718,5,16,245,234,11,1694,5,16,314,304,10,1625,5,15,0.009672193739321875
signed_targeting,credit_broad,mlp,1004,full,PAY_AMT5,1942,True,97,97,0,1845,0,0,26,26,0,1916,2,2,1,1,0,1941,0,0,83,78,5,1859,0,5,83,78,5,1859,2,7,108,103,5,1834,2,7,176,171,5,1766,0,5,0.007034702634221547
signed_targeting,credit_broad,mlp,1004,full,PAY_AMT6,1948,True,157,157,0,1791,0,0,16,16,0,1932,3,3,0,0,0,1948,0,0,37,24,13,1911,13,26,37,24,13,1911,16,29,53,40,13,1895,16,29,192,179,13,1756,13,26,0.006047917535742643
targeting,credit_broad,mlp,1004,features,LIMIT_BAL,1926,False,330,328,2,1596,1,3,30,30,0,1896,2,2,7,7,0,1919,0,0,0,0,0,1926,0,0,7,7,0,1919,2,2,37,37,0,1889,2,2,330,328,2,1596,1,3,0.01086789333241623
targeting,credit_broad,mlp,1004,features,BILL_AMT1,1909,False,141,140,1,1768,3,4,16,16,0,1893,5,5,1,1,0,1908,0,0,0,0,0,1909,0,0,0,0,0,1909,5,5,17,17,0,1892,5,5,141,140,1,1768,3,4,0.0063414600101100605
targeting,credit_broad,mlp,1004,features,BILL_AMT2,1909,False,119,118,1,1790,0,1,14,14,0,1895,6,6,3,3,0,1906,0,0,0,0,0,1909,0,0,3,3,0,1906,6,6,17,17,0,1892,6,6,119,118,1,1790,0,1,0.005221799726177028
targeting,credit_broad,mlp,1004,features,BILL_AMT3,1902,False,112,111,1,1790,0,1,13,13,0,1889,4,4,3,3,0,1899,0,0,0,0,0,1902,0,0,2,2,0,1900,4,4,16,16,0,1886,4,4,112,111,1,1790,0,1,0.006273908831090707
targeting,credit_broad,mlp,1004,features,BILL_AMT4,1904,False,93,93,0,1811,2,2,10,10,0,1894,3,3,1,1,0,1903,0,0,0,0,0,1904,0,0,1,1,0,1903,3,3,11,11,0,1893,3,3,93,93,0,1811,2,2,0.006589147262645899
targeting,credit_broad,mlp,1004,features,BILL_AMT5,1902,False,118,118,0,1784,0,0,14,14,0,1888,1,1,6,6,0,1896,0,0,0,0,0,1902,0,0,5,5,0,1897,1,1,20,20,0,1882,1,1,118,118,0,1784,0,0,0.007051197369928959
targeting,credit_broad,mlp,1004,features,BILL_AMT6,1901,False,47,47,0,1854,1,1,19,19,0,1882,3,3,1,1,0,1900,0,0,0,0,0,1901,0,0,1,1,0,1900,3,3,20,20,0,1881,3,3,47,47,0,1854,1,1,0.006167794888141208
targeting,credit_broad,mlp,1004,features,PAY_AMT1,1941,True,192,192,0,1749,2,2,26,25,1,1915,7,8,2,2,0,1939,0,0,91,89,2,1850,0,2,91,83,8,1850,1,9,115,106,9,1826,0,9,275,273,2,1666,2,4,0.006824225955682669
targeting,credit_broad,mlp,1004,features,PAY_AMT2,1946,True,205,202,3,1741,5,8,38,38,0,1908,4,4,0,0,0,1946,0,0,0,0,0,1946,0,0,0,0,0,1946,4,4,38,38,0,1908,4,4,205,202,3,1741,5,8,0.010140725305292345
targeting,credit_broad,mlp,1004,features,PAY_AMT3,1936,True,140,139,1,1796,1,2,14,14,0,1922,3,3,0,0,0,1936,0,0,88,82,6,1848,1,7,88,82,6,1848,4,10,98,92,6,1838,4,10,224,217,7,1712,2,9,0.005573113595806127
targeting,credit_broad,mlp,1004,features,PAY_AMT4,1939,True,99,99,0,1840,3,3,24,23,1,1915,3,4,2,2,0,1937,0,0,221,212,9,1718,4,13,221,211,10,1718,7,17,245,234,11,1694,6,17,314,305,9,1625,7,16,0.009590085682810081
targeting,credit_broad,mlp,1004,features,PAY_AMT5,1942,True,97,97,0,1845,0,0,26,26,0,1916,3,3,1,1,0,1941,0,0,83,80,3,1859,0,3,83,80,3,1859,3,6,108,105,3,1834,3,6,176,173,3,1766,0,3,0.007069435889740532
targeting,credit_broad,mlp,1004,features,PAY_AMT6,1948,True,157,157,0,1791,0,0,16,16,0,1932,1,1,0,0,0,1948,0,0,37,26,11,1911,15,26,37,26,11,1911,16,27,53,41,12,1895,15,27,192,181,11,1756,15,26,0.006194155405483658
targeting,credit_broad,mlp,1004,features,EDUCATION,1928,False,301,300,1,1627,5,6,42,42,0,1886,0,0,1,1,0,1927,0,0,0,0,0,1928,0,0,1,1,0,1927,0,0,43,43,0,1885,0,0,301,300,1,1627,5,6,0.012409426201885508
targeting,credit_broad,mlp,1004,features,MARRIAGE,1930,False,239,239,0,1691,0,0,29,29,0,1901,1,1,0,0,0,1930,0,0,0,0,0,1930,0,0,0,0,0,1930,1,1,29,29,0,1901,1,1,239,239,0,1691,0,0,0.008370770488496831
targeting,credit_broad,mlp,1004,features,PAY_0,1927,False,373,360,13,1554,7,20,59,58,1,1868,2,3,0,0,0,1927,0,0,0,0,0,1927,0,0,0,0,0,1927,3,3,59,58,1,1868,2,3,373,360,13,1554,7,20,0.02095238302544588
targeting,credit_broad,mlp,1004,features,PAY_2,1929,False,123,122,1,1806,3,4,29,29,0,1900,3,3,3,3,0,1926,0,0,0,0,0,1929,0,0,3,3,0,1926,3,3,32,32,0,1897,3,3,123,122,1,1806,3,4,0.01923891121032703
targeting,credit_broad,mlp,1004,features,PAY_3,1930,False,266,266,0,1664,0,0,30,30,0,1900,4,4,2,2,0,1928,0,0,0,0,0,1930,0,0,2,2,0,1928,4,4,32,32,0,1898,4,4,266,266,0,1664,0,0,0.013945149123600665
targeting,credit_broad,mlp,1004,features,PAY_4,1928,False,167,167,0,1761,1,1,26,26,0,1902,0,0,0,0,0,1928,0,0,0,0,0,1928,0,0,0,0,0,1928,0,0,26,26,0,1902,0,0,167,167,0,1761,1,1,0.009147718753526173
targeting,credit_broad,mlp,1004,features,PAY_5,1929,False,273,273,0,1656,0,0,16,16,0,1913,0,0,9,9,0,1920,0,0,0,0,0,1929,0,0,8,8,0,1921,0,0,25,25,0,1904,0,0,273,273,0,1656,0,0,0.006397158565295052
targeting,credit_broad,mlp,1004,features,PAY_6,1926,False,407,407,0,1519,1,1,14,14,0,1912,2,2,6,6,0,1920,0,0,0,0,0,1926,0,0,6,6,0,1920,2,2,20,20,0,1906,2,2,407,407,0,1519,1,1,0.008487773442717759
signed_targeting,credit_broad,mlp,1004,features,PAY_AMT1,1941,True,192,192,0,1749,2,2,26,25,1,1915,7,8,2,2,0,1939,0,0,91,89,2,1850,0,2,91,83,8,1850,1,9,115,106,9,1826,0,9,275,273,2,1666,2,4,0.006824225955682669
signed_targeting,credit_broad,mlp,1004,features,PAY_AMT2,1946,True,205,202,3,1741,5,8,38,38,0,1908,4,4,0,0,0,1946,0,0,0,0,0,1946,0,0,0,0,0,1946,4,4,38,38,0,1908,4,4,205,202,3,1741,5,8,0.010140725305292345
signed_targeting,credit_broad,mlp,1004,features,PAY_AMT3,1936,True,140,139,1,1796,1,2,14,14,0,1922,3,3,0,0,0,1936,0,0,88,82,6,1848,1,7,88,82,6,1848,4,10,98,92,6,1838,4,10,224,217,7,1712,2,9,0.005573113595806127
signed_targeting,credit_broad,mlp,1004,features,PAY_AMT4,1939,True,99,99,0,1840,3,3,24,23,1,1915,3,4,2,2,0,1937,0,0,221,212,9,1718,4,13,221,211,10,1718,7,17,245,234,11,1694,6,17,314,305,9,1625,7,16,0.009590085682810081
signed_targeting,credit_broad,mlp,1004,features,PAY_AMT5,1942,True,97,97,0,1845,0,0,26,26,0,1916,3,3,1,1,0,1941,0,0,83,80,3,1859,0,3,83,80,3,1859,3,6,108,105,3,1834,3,6,176,173,3,1766,0,3,0.007069435889740532
signed_targeting,credit_broad,mlp,1004,features,PAY_AMT6,1948,True,157,157,0,1791,0,0,16,16,0,1932,1,1,0,0,0,1948,0,0,37,26,11,1911,15,26,37,26,11,1911,16,27,53,41,12,1895,15,27,192,181,11,1756,15,26,0.006194155405483658
targeting,credit_broad,mlp,1004,contexts,LIMIT_BAL,1926,False,330,320,10,1596,31,41,30,30,0,1896,6,6,7,7,0,1919,0,0,0,0,0,1926,0,0,7,7,0,1919,6,6,37,37,0,1889,6,6,330,320,10,1596,31,41,0.010709119194078808
targeting,credit_broad,mlp,1004,contexts,BILL_AMT1,1909,False,141,137,4,1768,14,18,16,16,0,1893,4,4,1,1,0,1908,0,0,0,0,0,1909,0,0,0,0,0,1909,4,4,17,17,0,1892,4,4,141,137,4,1768,14,18,0.005815915282226474
targeting,credit_broad,mlp,1004,contexts,BILL_AMT2,1909,False,119,116,3,1790,3,6,14,14,0,1895,3,3,3,3,0,1906,0,0,0,0,0,1909,0,0,3,3,0,1906,3,3,17,17,0,1892,3,3,119,116,3,1790,3,6,0.005036628587241866
targeting,credit_broad,mlp,1004,contexts,BILL_AMT3,1902,False,112,110,2,1790,5,7,13,13,0,1889,4,4,3,3,0,1899,0,0,0,0,0,1902,0,0,2,2,0,1900,4,4,16,16,0,1886,4,4,112,110,2,1790,5,7,0.0071039766413059525
targeting,credit_broad,mlp,1004,contexts,BILL_AMT4,1904,False,93,87,6,1811,4,10,10,10,0,1894,3,3,1,1,0,1903,0,0,0,0,0,1904,0,0,1,1,0,1903,3,3,11,11,0,1893,3,3,93,87,6,1811,4,10,0.006722135903244452
targeting,credit_broad,mlp,1004,contexts,BILL_AMT5,1902,False,118,116,2,1784,4,6,14,14,0,1888,4,4,6,6,0,1896,0,0,0,0,0,1902,0,0,5,5,0,1897,4,4,20,20,0,1882,4,4,118,116,2,1784,4,6,0.00656782504425165
targeting,credit_broad,mlp,1004,contexts,BILL_AMT6,1901,False,47,46,1,1854,2,3,19,19,0,1882,4,4,1,1,0,1900,0,0,0,0,0,1901,0,0,1,1,0,1900,4,4,20,20,0,1881,4,4,47,46,1,1854,2,3,0.007358569507440586
targeting,credit_broad,mlp,1004,contexts,PAY_AMT1,1941,True,192,171,21,1749,17,38,26,25,1,1915,2,3,2,2,0,1939,0,0,91,89,2,1850,0,2,91,87,4,1850,1,5,115,110,5,1826,0,5,275,252,23,1666,17,40,0.006440460226728668
targeting,credit_broad,mlp,1004,contexts,PAY_AMT2,1946,True,205,197,8,1741,21,29,38,38,0,1908,3,3,0,0,0,1946,0,0,0,0,0,1946,0,0,0,0,0,1946,3,3,38,38,0,1908,3,3,205,197,8,1741,21,29,0.010140416225805247
targeting,credit_broad,mlp,1004,contexts,PAY_AMT3,1936,True,140,134,6,1796,12,18,14,14,0,1922,4,4,0,0,0,1936,0,0,88,86,2,1848,0,2,88,86,2,1848,4,6,98,96,2,1838,4,6,224,216,8,1712,12,20,0.0060972337367199095
targeting,credit_broad,mlp,1004,contexts,PAY_AMT4,1939,True,99,99,0,1840,4,4,24,24,0,1915,2,2,2,2,0,1937,0,0,221,217,4,1718,1,5,221,216,5,1718,2,7,245,240,5,1694,2,7,314,310,4,1625,5,9,0.009883372476124684
targeting,credit_broad,mlp,1004,contexts,PAY_AMT5,1942,True,97,95,2,1845,8,10,26,25,1,1916,4,5,1,1,0,1941,0,0,83,81,2,1859,0,2,83,80,3,1859,4,7,108,104,4,1834,3,7,176,172,4,1766,8,12,0.008136565292948138
targeting,credit_broad,mlp,1004,contexts,PAY_AMT6,1948,True,157,153,4,1791,6,10,16,16,0,1932,3,3,0,0,0,1948,0,0,37,29,8,1911,11,19,37,29,8,1911,14,22,53,45,8,1895,14,22,192,180,12,1756,17,29,0.006073189996442065
targeting,credit_broad,mlp,1004,contexts,EDUCATION,1928,False,301,284,17,1627,14,31,42,41,1,1886,1,2,1,1,0,1927,0,0,0,0,0,1928,0,0,1,1,0,1927,2,2,43,42,1,1885,1,2,301,284,17,1627,14,31,0.01298729787131731
targeting,credit_broad,mlp,1004,contexts,MARRIAGE,1930,False,239,230,9,1691,8,17,29,29,0,1901,2,2,0,0,0,1930,0,0,0,0,0,1930,0,0,0,0,0,1930,2,2,29,29,0,1901,2,2,239,230,9,1691,8,17,0.007655829123958304
targeting,credit_broad,mlp,1004,contexts,PAY_0,1927,False,373,356,17,1554,20,37,59,56,3,1868,7,10,0,0,0,1927,0,0,0,0,0,1927,0,0,0,0,0,1927,10,10,59,56,3,1868,7,10,373,356,17,1554,20,37,0.0202699276412857
targeting,credit_broad,mlp,1004,contexts,PAY_2,1929,False,123,121,2,1806,9,11,29,28,1,1900,3,4,3,3,0,1926,0,0,0,0,0,1929,0,0,3,3,0,1926,4,4,32,31,1,1897,3,4,123,121,2,1806,9,11,0.01647232304828111
targeting,credit_broad,mlp,1004,contexts,PAY_3,1930,False,266,264,2,1664,2,4,30,30,0,1900,9,9,2,2,0,1928,0,0,0,0,0,1930,0,0,2,2,0,1928,9,9,32,32,0,1898,9,9,266,264,2,1664,2,4,0.014307811093716913
targeting,credit_broad,mlp,1004,contexts,PAY_4,1928,False,167,165,2,1761,2,4,26,25,1,1902,6,7,0,0,0,1928,0,0,0,0,0,1928,0,0,0,0,0,1928,7,7,26,25,1,1902,6,7,167,165,2,1761,2,4,0.010283105592663152
targeting,credit_broad,mlp,1004,contexts,PAY_5,1929,False,273,271,2,1656,2,4,16,16,0,1913,6,6,9,9,0,1920,0,0,0,0,0,1929,0,0,8,8,0,1921,6,6,25,25,0,1904,6,6,273,271,2,1656,2,4,0.005830059798449473
targeting,credit_broad,mlp,1004,contexts,PAY_6,1926,False,407,383,24,1519,13,37,14,14,0,1912,3,3,6,6,0,1920,0,0,0,0,0,1926,0,0,6,6,0,1920,3,3,20,20,0,1906,3,3,407,383,24,1519,13,37,0.008027318965314428
signed_targeting,credit_broad,mlp,1004,contexts,PAY_AMT1,1941,True,192,171,21,1749,17,38,26,25,1,1915,2,3,2,2,0,1939,0,0,91,89,2,1850,0,2,91,87,4,1850,1,5,115,110,5,1826,0,5,275,252,23,1666,17,40,0.006440460226728668
signed_targeting,credit_broad,mlp,1004,contexts,PAY_AMT2,1946,True,205,197,8,1741,21,29,38,38,0,1908,3,3,0,0,0,1946,0,0,0,0,0,1946,0,0,0,0,0,1946,3,3,38,38,0,1908,3,3,205,197,8,1741,21,29,0.010140416225805247
signed_targeting,credit_broad,mlp,1004,contexts,PAY_AMT3,1936,True,140,134,6,1796,12,18,14,14,0,1922,4,4,0,0,0,1936,0,0,88,86,2,1848,0,2,88,86,2,1848,4,6,98,96,2,1838,4,6,224,216,8,1712,12,20,0.0060972337367199095
signed_targeting,credit_broad,mlp,1004,contexts,PAY_AMT4,1939,True,99,99,0,1840,4,4,24,24,0,1915,2,2,2,2,0,1937,0,0,221,217,4,1718,1,5,221,216,5,1718,2,7,245,240,5,1694,2,7,314,310,4,1625,5,9,0.009883372476124684
signed_targeting,credit_broad,mlp,1004,contexts,PAY_AMT5,1942,True,97,95,2,1845,8,10,26,25,1,1916,4,5,1,1,0,1941,0,0,83,81,2,1859,0,2,83,80,3,1859,4,7,108,104,4,1834,3,7,176,172,4,1766,8,12,0.008136565292948138
signed_targeting,credit_broad,mlp,1004,contexts,PAY_AMT6,1948,True,157,153,4,1791,6,10,16,16,0,1932,3,3,0,0,0,1948,0,0,37,29,8,1911,11,19,37,29,8,1911,14,22,53,45,8,1895,14,22,192,180,12,1756,17,29,0.006073189996442065
targeting,credit_broad,mlp,1004,population,LIMIT_BAL,1926,False,330,312,18,1596,23,41,30,30,0,1896,21,21,7,7,0,1919,0,0,0,0,0,1926,0,0,7,5,2,1919,19,21,37,35,2,1889,19,21,330,312,18,1596,23,41,0.012919712154747121
targeting,credit_broad,mlp,1004,population,BILL_AMT1,1909,False,141,137,4,1768,16,20,16,16,0,1893,12,12,1,1,0,1908,0,0,0,0,0,1909,0,0,0,0,0,1909,12,12,17,17,0,1892,12,12,141,137,4,1768,16,20,0.005908122925542796
targeting,credit_broad,mlp,1004,population,BILL_AMT2,1909,False,119,112,7,1790,5,12,14,14,0,1895,12,12,3,3,0,1906,0,0,0,0,0,1909,0,0,3,3,0,1906,12,12,17,17,0,1892,12,12,119,112,7,1790,5,12,0.0045149996655929996
targeting,credit_broad,mlp,1004,population,BILL_AMT3,1902,False,112,109,3,1790,9,12,13,13,0,1889,10,10,3,3,0,1899,0,0,0,0,0,1902,0,0,2,2,0,1900,10,10,16,16,0,1886,10,10,112,109,3,1790,9,12,0.009716311057222279
targeting,credit_broad,mlp,1004,population,BILL_AMT4,1904,False,93,78,15,1811,18,33,10,10,0,1894,8,8,1,1,0,1903,0,0,0,0,0,1904,0,0,1,1,0,1903,8,8,11,11,0,1893,8,8,93,78,15,1811,18,33,0.004227483023317554
targeting,credit_broad,mlp,1004,population,BILL_AMT5,1902,False,118,112,6,1784,10,16,14,14,0,1888,9,9,6,6,0,1896,0,0,0,0,0,1902,0,0,5,5,0,1897,9,9,20,20,0,1882,9,9,118,112,6,1784,10,16,0.004343526969613257
targeting,credit_broad,mlp,1004,population,BILL_AMT6,1901,False,47,46,1,1854,5,6,19,19,0,1882,7,7,1,1,0,1900,0,0,0,0,0,1901,0,0,1,1,0,1900,7,7,20,20,0,1881,7,7,47,46,1,1854,5,6,0.005193385493368565
targeting,credit_broad,mlp,1004,population,PAY_AMT1,1941,True,192,140,52,1749,42,94,26,26,0,1915,12,12,2,2,0,1939,0,0,91,91,0,1850,1,1,91,85,6,1850,7,13,115,109,6,1826,7,13,275,223,52,1666,43,95,0.0066169196465227864
targeting,credit_broad,mlp,1004,population,PAY_AMT2,1946,True,205,173,32,1741,57,89,38,38,0,1908,12,12,0,0,0,1946,0,0,0,0,0,1946,0,0,0,0,0,1946,12,12,38,38,0,1908,12,12,205,173,32,1741,57,89,0.010403544969128174
targeting,credit_broad,mlp,1004,population,PAY_AMT3,1936,True,140,117,23,1796,23,46,14,14,0,1922,9,9,0,0,0,1936,0,0,88,88,0,1848,0,0,88,87,1,1848,8,9,98,97,1,1838,8,9,224,201,23,1712,23,46,0.005141975946694879
targeting,credit_broad,mlp,1004,population,PAY_AMT4,1939,True,99,94,5,1840,10,15,24,24,0,1915,7,7,2,2,0,1937,0,0,221,175,46,1718,26,72,221,175,46,1718,33,79,245,197,48,1694,31,79,314,262,52,1625,35,87,0.007965962762470741
targeting,credit_broad,mlp,1004,population,PAY_AMT5,1942,True,97,95,2,1845,6,8,26,26,0,1916,9,9,1,1,0,1941,0,0,83,42,41,1859,46,87,83,41,42,1859,52,94,108,66,42,1834,52,94,176,132,44,1766,51,95,0.008172994075254653
targeting,credit_broad,mlp,1004,population,PAY_AMT6,1948,True,157,131,26,1791,9,35,16,16,0,1932,8,8,0,0,0,1948,0,0,37,28,9,1911,4,13,37,28,9,1911,12,21,53,44,9,1895,12,21,192,156,36,1756,12,48,0.00641539789683496
targeting,credit_broad,mlp,1004,population,EDUCATION,1928,False,301,279,22,1627,18,40,42,42,0,1886,4,4,1,1,0,1927,0,0,0,0,0,1928,0,0,1,1,0,1927,4,4,43,43,0,1885,4,4,301,279,22,1627,18,40,0.01392167929446089
targeting,credit_broad,mlp,1004,population,MARRIAGE,1930,False,239,234,5,1691,8,13,29,29,0,1901,5,5,0,0,0,1930,0,0,0,0,0,1930,0,0,0,0,0,1930,5,5,29,29,0,1901,5,5,239,234,5,1691,8,13,0.00843776468691922
targeting,credit_broad,mlp,1004,population,PAY_0,1927,False,373,332,41,1554,36,77,59,57,2,1868,5,7,0,0,0,1927,0,0,0,0,0,1927,0,0,0,0,0,1927,7,7,59,57,2,1868,5,7,373,332,41,1554,36,77,0.014609171446379812
targeting,credit_broad,mlp,1004,population,PAY_2,1929,False,123,113,10,1806,36,46,29,29,0,1900,6,6,3,3,0,1926,0,0,0,0,0,1929,0,0,3,3,0,1926,6,6,32,32,0,1897,6,6,123,113,10,1806,36,46,0.01810846771745302
targeting,credit_broad,mlp,1004,population,PAY_3,1930,False,266,263,3,1664,5,8,30,30,0,1900,15,15,2,2,0,1928,0,0,0,0,0,1930,0,0,2,2,0,1928,15,15,32,32,0,1898,15,15,266,263,3,1664,5,8,0.01865937716036494
targeting,credit_broad,mlp,1004,population,PAY_4,1928,False,167,165,2,1761,4,6,26,26,0,1902,10,10,0,0,0,1928,0,0,0,0,0,1928,0,0,0,0,0,1928,10,10,26,26,0,1902,10,10,167,165,2,1761,4,6,0.006693148578843547
targeting,credit_broad,mlp,1004,population,PAY_5,1929,False,273,269,4,1656,1,5,16,15,1,1913,6,7,9,9,0,1920,0,0,0,0,0,1929,0,0,8,8,0,1921,7,7,25,24,1,1904,6,7,273,269,4,1656,1,5,0.005455476024107086
targeting,credit_broad,mlp,1004,population,PAY_6,1926,False,407,377,30,1519,8,38,14,14,0,1912,9,9,6,6,0,1920,0,0,0,0,0,1926,0,0,6,6,0,1920,9,9,20,20,0,1906,9,9,407,377,30,1519,8,38,0.005405618857190755
signed_targeting,credit_broad,mlp,1004,population,PAY_AMT1,1941,True,192,140,52,1749,42,94,26,26,0,1915,12,12,2,2,0,1939,0,0,91,91,0,1850,1,1,91,85,6,1850,7,13,115,109,6,1826,7,13,275,223,52,1666,43,95,0.0066169196465227864
signed_targeting,credit_broad,mlp,1004,population,PAY_AMT2,1946,True,205,173,32,1741,57,89,38,38,0,1908,12,12,0,0,0,1946,0,0,0,0,0,1946,0,0,0,0,0,1946,12,12,38,38,0,1908,12,12,205,173,32,1741,57,89,0.010403544969128174
signed_targeting,credit_broad,mlp,1004,population,PAY_AMT3,1936,True,140,117,23,1796,23,46,14,14,0,1922,9,9,0,0,0,1936,0,0,88,88,0,1848,0,0,88,87,1,1848,8,9,98,97,1,1838,8,9,224,201,23,1712,23,46,0.005141975946694879
signed_targeting,credit_broad,mlp,1004,population,PAY_AMT4,1939,True,99,94,5,1840,10,15,24,24,0,1915,7,7,2,2,0,1937,0,0,221,175,46,1718,26,72,221,175,46,1718,33,79,245,197,48,1694,31,79,314,262,52,1625,35,87,0.007965962762470741
signed_targeting,credit_broad,mlp,1004,population,PAY_AMT5,1942,True,97,95,2,1845,6,8,26,26,0,1916,9,9,1,1,0,1941,0,0,83,42,41,1859,46,87,83,41,42,1859,52,94,108,66,42,1834,52,94,176,132,44,1766,51,95,0.008172994075254653
signed_targeting,credit_broad,mlp,1004,population,PAY_AMT6,1948,True,157,131,26,1791,9,35,16,16,0,1932,8,8,0,0,0,1948,0,0,37,28,9,1911,4,13,37,28,9,1911,12,21,53,44,9,1895,12,21,192,156,36,1756,12,48,0.00641539789683496
targeting,credit_broad,mlp,1004,task,LIMIT_BAL,1926,False,330,236,94,1596,86,180,30,26,4,1896,34,38,7,7,0,1919,0,0,0,0,0,1926,0,0,7,7,0,1919,38,38,37,33,4,1889,34,38,330,236,94,1596,86,180,0.02667535092973585
targeting,credit_broad,mlp,1004,task,BILL_AMT1,1909,False,141,125,16,1768,27,43,16,16,0,1893,4,4,1,1,0,1908,2,2,0,0,0,1909,0,0,0,0,0,1909,6,6,17,17,0,1892,6,6,141,125,16,1768,27,43,0.01018597133472219
targeting,credit_broad,mlp,1004,task,BILL_AMT2,1909,False,119,115,4,1790,13,17,14,13,1,1895,5,6,3,3,0,1906,0,0,0,0,0,1909,0,0,3,3,0,1906,6,6,17,16,1,1892,5,6,119,115,4,1790,13,17,0.004984682259186732
targeting,credit_broad,mlp,1004,task,BILL_AMT3,1902,False,112,102,10,1790,22,32,13,13,0,1889,17,17,3,3,0,1899,0,0,0,0,0,1902,0,0,2,2,0,1900,17,17,16,16,0,1886,17,17,112,102,10,1790,22,32,0.01220684706903183
targeting,credit_broad,mlp,1004,task,BILL_AMT4,1904,False,93,74,19,1811,47,66,10,10,0,1894,27,27,1,1,0,1903,0,0,0,0,0,1904,0,0,1,1,0,1903,27,27,11,11,0,1893,27,27,93,74,19,1811,47,66,0.006876978336993248
targeting,credit_broad,mlp,1004,task,BILL_AMT5,1902,False,118,113,5,1784,24,29,14,13,1,1888,9,10,6,6,0,1896,0,0,0,0,0,1902,0,0,5,5,0,1897,10,10,20,19,1,1882,9,10,118,113,5,1784,24,29,0.006225507136392323
targeting,credit_broad,mlp,1004,task,BILL_AMT6,1901,False,47,47,0,1854,2,2,19,19,0,1882,6,6,1,1,0,1900,0,0,0,0,0,1901,0,0,1,1,0,1900,6,6,20,20,0,1881,6,6,47,47,0,1854,2,2,0.005482187793340301
targeting,credit_broad,mlp,1004,task,PAY_AMT1,1941,True,192,146,46,1749,31,77,26,20,6,1915,13,19,2,2,0,1939,0,0,91,88,3,1850,0,3,91,84,7,1850,15,22,115,102,13,1826,9,22,275,220,55,1666,25,80,0.00793987771974371
targeting,credit_broad,mlp,1004,task,PAY_AMT2,1946,True,205,160,45,1741,51,96,38,31,7,1908,18,25,0,0,0,1946,0,0,0,0,0,1946,0,0,0,0,0,1946,25,25,38,31,7,1908,18,25,205,160,45,1741,51,96,0.019013360882603282
targeting,credit_broad,mlp,1004,task,PAY_AMT3,1936,True,140,134,6,1796,15,21,14,13,1,1922,10,11,0,0,0,1936,0,0,88,66,22,1848,6,28,88,66,22,1848,17,39,98,75,23,1838,16,39,224,195,29,1712,20,49,0.006365021251622793
targeting,credit_broad,mlp,1004,task,PAY_AMT4,1939,True,99,94,5,1840,17,22,24,24,0,1915,12,12,2,2,0,1937,0,0,221,100,121,1718,164,285,221,100,121,1718,175,296,245,121,124,1694,172,296,314,182,132,1625,173,305,0.009308363506571164
targeting,credit_broad,mlp,1004,task,PAY_AMT5,1942,True,97,89,8,1845,13,21,26,25,1,1916,10,11,1,1,0,1941,0,0,83,60,23,1859,9,32,83,60,23,1859,20,43,108,84,24,1834,19,43,176,143,33,1766,19,52,0.00781426100184877
targeting,credit_broad,mlp,1004,task,PAY_AMT6,1948,True,157,129,28,1791,14,42,16,14,2,1932,5,7,0,0,0,1948,1,1,37,31,6,1911,4,10,37,31,6,1911,11,17,53,45,8,1895,9,17,192,158,34,1756,15,49,0.00809215930793309
targeting,credit_broad,mlp,1004,task,EDUCATION,1928,False,301,279,22,1627,25,47,42,36,6,1886,16,22,1,1,0,1927,0,0,0,0,0,1928,0,0,1,1,0,1927,22,22,43,37,6,1885,16,22,301,279,22,1627,25,47,0.015972635836015117
targeting,credit_broad,mlp,1004,task,MARRIAGE,1930,False,239,237,2,1691,18,20,29,27,2,1901,12,14,0,0,0,1930,0,0,0,0,0,1930,0,0,0,0,0,1930,14,14,29,27,2,1901,12,14,239,237,2,1691,18,20,0.012376924390099726
targeting,credit_broad,mlp,1004,task,PAY_0,1927,False,373,258,115,1554,98,213,59,43,16,1868,43,59,0,0,0,1927,0,0,0,0,0,1927,0,0,0,0,0,1927,59,59,59,43,16,1868,43,59,373,258,115,1554,98,213,0.015300218670658913
targeting,credit_broad,mlp,1004,task,PAY_2,1929,False,123,111,12,1806,14,26,29,23,6,1900,21,27,3,3,0,1926,1,1,0,0,0,1929,0,0,3,3,0,1926,28,28,32,26,6,1897,22,28,123,111,12,1806,14,26,0.009562789933914224
targeting,credit_broad,mlp,1004,task,PAY_3,1930,False,266,224,42,1664,36,78,30,19,11,1900,25,36,2,2,0,1928,0,0,0,0,0,1930,0,0,2,2,0,1928,36,36,32,21,11,1898,25,36,266,224,42,1664,36,78,0.01639752025942952
targeting,credit_broad,mlp,1004,task,PAY_4,1928,False,167,158,9,1761,12,21,26,23,3,1902,19,22,0,0,0,1928,0,0,0,0,0,1928,0,0,0,0,0,1928,22,22,26,23,3,1902,19,22,167,158,9,1761,12,21,0.009768827344934717
targeting,credit_broad,mlp,1004,task,PAY_5,1929,False,273,271,2,1656,5,7,16,13,3,1913,18,21,9,9,0,1920,0,0,0,0,0,1929,0,0,8,8,0,1921,21,21,25,22,3,1904,18,21,273,271,2,1656,5,7,0.010861143154676966
targeting,credit_broad,mlp,1004,task,PAY_6,1926,False,407,314,93,1519,102,195,14,13,1,1912,22,23,6,6,0,1920,3,3,0,0,0,1926,0,0,6,6,0,1920,26,26,20,19,1,1906,25,26,407,314,93,1519,102,195,0.0099681479762289
signed_targeting,credit_broad,mlp,1004,task,PAY_AMT1,1941,True,192,146,46,1749,31,77,26,20,6,1915,13,19,2,2,0,1939,0,0,91,88,3,1850,0,3,91,84,7,1850,15,22,115,102,13,1826,9,22,275,220,55,1666,25,80,0.00793987771974371
signed_targeting,credit_broad,mlp,1004,task,PAY_AMT2,1946,True,205,160,45,1741,51,96,38,31,7,1908,18,25,0,0,0,1946,0,0,0,0,0,1946,0,0,0,0,0,1946,25,25,38,31,7,1908,18,25,205,160,45,1741,51,96,0.019013360882603282
signed_targeting,credit_broad,mlp,1004,task,PAY_AMT3,1936,True,140,134,6,1796,15,21,14,13,1,1922,10,11,0,0,0,1936,0,0,88,66,22,1848,6,28,88,66,22,1848,17,39,98,75,23,1838,16,39,224,195,29,1712,20,49,0.006365021251622793
signed_targeting,credit_broad,mlp,1004,task,PAY_AMT4,1939,True,99,94,5,1840,17,22,24,24,0,1915,12,12,2,2,0,1937,0,0,221,100,121,1718,164,285,221,100,121,1718,175,296,245,121,124,1694,172,296,314,182,132,1625,173,305,0.009308363506571164
signed_targeting,credit_broad,mlp,1004,task,PAY_AMT5,1942,True,97,89,8,1845,13,21,26,25,1,1916,10,11,1,1,0,1941,0,0,83,60,23,1859,9,32,83,60,23,1859,20,43,108,84,24,1834,19,43,176,143,33,1766,19,52,0.00781426100184877
signed_targeting,credit_broad,mlp,1004,task,PAY_AMT6,1948,True,157,129,28,1791,14,42,16,14,2,1932,5,7,0,0,0,1948,1,1,37,31,6,1911,4,10,37,31,6,1911,11,17,53,45,8,1895,9,17,192,158,34,1756,15,49,0.00809215930793309
targeting,credit_broad,mlp,1004,augmentation,LIMIT_BAL,1926,False,330,204,126,1596,492,618,30,27,3,1896,29,32,7,6,1,1919,11,12,0,0,0,1926,0,0,7,6,1,1919,43,44,37,33,4,1889,40,44,330,204,126,1596,492,618,0.03965804591325824
targeting,credit_broad,mlp,1004,augmentation,BILL_AMT1,1909,False,141,88,53,1768,504,557,16,13,3,1893,26,29,1,1,0,1908,5,5,0,0,0,1909,0,0,0,0,0,1909,34,34,17,14,3,1892,31,34,141,88,53,1768,504,557,0.02505756550880271
targeting,credit_broad,mlp,1004,augmentation,BILL_AMT2,1909,False,119,57,62,1790,654,716,14,11,3,1895,23,26,3,3,0,1906,41,41,0,0,0,1909,0,0,3,3,0,1906,62,62,17,12,5,1892,57,62,119,57,62,1790,654,716,0.015571764754108331
targeting,credit_broad,mlp,1004,augmentation,BILL_AMT3,1902,False,112,68,44,1790,587,631,13,13,0,1889,29,29,3,3,0,1899,6,6,0,0,0,1902,0,0,2,2,0,1900,35,35,16,16,0,1886,35,35,112,68,44,1790,587,631,0.03760895541864358
targeting,credit_broad,mlp,1004,augmentation,BILL_AMT4,1904,False,93,62,31,1811,631,662,10,9,1,1894,23,24,1,1,0,1903,20,20,0,0,0,1904,0,0,1,1,0,1903,42,42,11,9,2,1893,40,42,93,62,31,1811,631,662,0.0302390766403486
targeting,credit_broad,mlp,1004,augmentation,BILL_AMT5,1902,False,118,92,26,1784,404,430,14,10,4,1888,29,33,6,6,0,1896,14,14,0,0,0,1902,0,0,5,5,0,1897,46,46,20,15,5,1882,41,46,118,92,26,1784,404,430,0.03577079048044103
targeting,credit_broad,mlp,1004,augmentation,BILL_AMT6,1901,False,47,27,20,1854,430,450,19,17,2,1882,39,41,1,1,0,1900,9,9,0,0,0,1901,0,0,1,1,0,1900,50,50,20,15,5,1881,45,50,47,27,20,1854,430,450,0.045669120505209715
targeting,credit_broad,mlp,1004,augmentation,PAY_AMT1,1941,True,192,99,93,1749,729,822,26,24,2,1915,31,33,2,2,0,1939,5,5,91,74,17,1850,33,50,91,71,20,1850,61,81,115,93,22,1826,59,81,275,137,138,1666,704,842,0.05692078196490925
targeting,credit_broad,mlp,1004,augmentation,PAY_AMT2,1946,True,205,134,71,1741,527,598,38,34,4,1908,26,30,0,0,0,1946,4,4,0,0,0,1946,123,123,0,0,0,1946,149,149,38,31,7,1908,142,149,205,129,76,1741,598,674,0.03256024872703987
targeting,credit_broad,mlp,1004,augmentation,PAY_AMT3,1936,True,140,97,43,1796,428,471,14,11,3,1922,25,28,0,0,0,1936,4,4,88,7,81,1848,665,746,88,7,81,1848,679,760,98,14,84,1838,676,760,224,80,144,1712,874,1018,0.024779838800107007
targeting,credit_broad,mlp,1004,augmentation,PAY_AMT4,1939,True,99,65,34,1840,529,563,24,19,5,1915,27,32,2,2,0,1937,7,7,221,24,197,1718,715,912,221,24,197,1718,733,930,245,40,205,1694,725,930,314,59,255,1625,971,1226,0.032088048293134795
targeting,credit_broad,mlp,1004,augmentation,PAY_AMT5,1942,True,97,54,43,1845,535,578,26,22,4,1916,24,28,1,1,0,1941,8,8,83,47,36,1859,824,860,83,47,36,1859,843,879,108,67,41,1834,838,879,176,65,111,1766,1071,1182,0.03559348336474134
targeting,credit_broad,mlp,1004,augmentation,PAY_AMT6,1948,True,157,104,53,1791,437,490,16,13,3,1932,28,31,0,0,0,1948,9,9,37,4,33,1911,1099,1132,37,4,33,1911,1120,1153,53,12,41,1895,1112,1153,192,44,148,1756,1157,1305,0.03378134670538946
targeting,credit_broad,mlp,1004,augmentation,EDUCATION,1928,False,301,217,84,1627,420,504,42,36,6,1886,25,31,1,1,0,1927,11,11,0,0,0,1928,0,0,1,1,0,1927,42,42,43,36,7,1885,35,42,301,217,84,1627,420,504,0.03166603499925417
targeting,credit_broad,mlp,1004,augmentation,MARRIAGE,1930,False,239,96,143,1691,763,906,29,26,3,1901,32,35,0,0,0,1930,24,24,0,0,0,1930,0,0,0,0,0,1930,58,58,29,24,5,1901,53,58,239,96,143,1691,763,906,0.03841341037173133
targeting,credit_broad,mlp,1004,augmentation,PAY_0,1927,False,373,233,140,1554,432,572,59,55,4,1868,20,24,0,0,0,1927,4,4,0,0,0,1927,0,0,0,0,0,1927,28,28,59,54,5,1868,23,28,373,233,140,1554,432,572,0.052439464979562395
targeting,credit_broad,mlp,1004,augmentation,PAY_2,1929,False,123,63,60,1806,555,615,29,27,2,1900,23,25,3,3,0,1926,6,6,0,0,0,1929,0,0,3,3,0,1926,31,31,32,30,2,1897,29,31,123,63,60,1806,555,615,0.0300000286370623
targeting,credit_broad,mlp,1004,augmentation,PAY_3,1930,False,266,146,120,1664,569,689,30,24,6,1900,29,35,2,2,0,1928,11,11,0,0,0,1930,0,0,2,2,0,1928,45,45,32,25,7,1898,38,45,266,146,120,1664,569,689,0.038530327498069575
targeting,credit_broad,mlp,1004,augmentation,PAY_4,1928,False,167,88,79,1761,668,747,26,19,7,1902,32,39,0,0,0,1928,19,19,0,0,0,1928,0,0,0,0,0,1928,57,57,26,19,7,1902,50,57,167,88,79,1761,668,747,0.05236860823010642
targeting,credit_broad,mlp,1004,augmentation,PAY_5,1929,False,273,165,108,1656,465,573,16,15,1,1913,29,30,9,9,0,1920,15,15,0,0,0,1929,0,0,8,8,0,1921,44,44,25,24,1,1904,43,44,273,165,108,1656,465,573,0.03305134474294282
targeting,credit_broad,mlp,1004,augmentation,PAY_6,1926,False,407,234,173,1519,576,749,14,10,4,1912,20,24,6,6,0,1920,21,21,0,0,0,1926,0,0,6,6,0,1920,44,44,20,16,4,1906,40,44,407,234,173,1519,576,749,0.019594867958277053
signed_targeting,credit_broad,mlp,1004,augmentation,PAY_AMT1,1941,True,192,99,93,1749,729,822,26,24,2,1915,31,33,2,2,0,1939,5,5,91,74,17,1850,33,50,91,71,20,1850,61,81,115,93,22,1826,59,81,275,137,138,1666,704,842,0.05692078196490925
signed_targeting,credit_broad,mlp,1004,augmentation,PAY_AMT2,1946,True,205,134,71,1741,527,598,38,34,4,1908,26,30,0,0,0,1946,4,4,0,0,0,1946,123,123,0,0,0,1946,149,149,38,31,7,1908,142,149,205,129,76,1741,598,674,0.03256024872703987
signed_targeting,credit_broad,mlp,1004,augmentation,PAY_AMT3,1936,True,140,97,43,1796,428,471,14,11,3,1922,25,28,0,0,0,1936,4,4,88,7,81,1848,665,746,88,7,81,1848,679,760,98,14,84,1838,676,760,224,80,144,1712,874,1018,0.024779838800107007
signed_targeting,credit_broad,mlp,1004,augmentation,PAY_AMT4,1939,True,99,65,34,1840,529,563,24,19,5,1915,27,32,2,2,0,1937,7,7,221,24,197,1718,715,912,221,24,197,1718,733,930,245,40,205,1694,725,930,314,59,255,1625,971,1226,0.032088048293134795
signed_targeting,credit_broad,mlp,1004,augmentation,PAY_AMT5,1942,True,97,54,43,1845,535,578,26,22,4,1916,24,28,1,1,0,1941,8,8,83,47,36,1859,824,860,83,47,36,1859,843,879,108,67,41,1834,838,879,176,65,111,1766,1071,1182,0.03559348336474134
signed_targeting,credit_broad,mlp,1004,augmentation,PAY_AMT6,1948,True,157,104,53,1791,437,490,16,13,3,1932,28,31,0,0,0,1948,9,9,37,4,33,1911,1099,1132,37,4,33,1911,1120,1153,53,12,41,1895,1112,1153,192,44,148,1756,1157,1305,0.03378134670538946
targeting,credit_broad,mlp,1005,full,LIMIT_BAL,1926,False,732,730,2,1194,1,3,36,35,1,1890,6,7,18,18,0,1908,0,0,0,0,0,1926,0,0,18,17,1,1908,6,7,54,52,2,1872,5,7,732,730,2,1194,1,3,0.02553817197060329
targeting,credit_broad,mlp,1005,full,BILL_AMT1,1909,False,423,422,1,1486,0,1,45,43,2,1864,6,8,6,6,0,1903,0,0,0,0,0,1909,0,0,6,6,0,1903,8,8,50,48,2,1859,6,8,423,422,1,1486,0,1,0.019808341568611946
targeting,credit_broad,mlp,1005,full,BILL_AMT2,1909,False,388,388,0,1521,0,0,43,41,2,1866,6,8,9,9,0,1900,0,0,0,0,0,1909,0,0,9,9,0,1900,8,8,51,49,2,1858,6,8,388,388,0,1521,0,0,0.015663743258314752
targeting,credit_broad,mlp,1005,full,BILL_AMT3,1902,False,517,517,0,1385,1,1,40,39,1,1862,5,6,20,20,0,1882,0,0,0,0,0,1902,0,0,20,20,0,1882,6,6,60,59,1,1842,5,6,517,517,0,1385,1,1,0.011613838828305136
targeting,credit_broad,mlp,1005,full,BILL_AMT4,1904,False,398,398,0,1506,0,0,29,29,0,1875,6,6,21,21,0,1883,0,0,0,0,0,1904,0,0,21,21,0,1883,6,6,49,49,0,1855,6,6,398,398,0,1506,0,0,0.008124868246732761
targeting,credit_broad,mlp,1005,full,BILL_AMT5,1902,False,465,465,0,1437,0,0,38,36,2,1864,6,8,18,18,0,1884,0,0,0,0,0,1902,0,0,18,18,0,1884,8,8,53,51,2,1849,6,8,465,465,0,1437,0,0,0.01008967317510697
targeting,credit_broad,mlp,1005,full,BILL_AMT6,1901,False,381,381,0,1520,0,0,41,41,0,1860,8,8,15,15,0,1886,0,0,0,0,0,1901,0,0,15,15,0,1886,8,8,54,54,0,1847,8,8,381,381,0,1520,0,0,0.011673975662711278
targeting,credit_broad,mlp,1005,full,PAY_AMT1,1941,True,538,538,0,1403,0,0,44,43,1,1897,4,5,7,7,0,1934,0,0,168,165,3,1773,1,4,168,163,5,1773,4,9,198,192,6,1743,3,9,622,619,3,1319,1,4,0.015139454725236224
targeting,credit_broad,mlp,1005,full,PAY_AMT2,1946,True,452,452,0,1494,0,0,45,44,1,1901,4,5,1,1,0,1945,0,0,5,5,0,1941,0,0,5,5,0,1941,5,5,50,49,1,1896,4,5,454,454,0,1492,0,0,0.013128257503448421
targeting,credit_broad,mlp,1005,full,PAY_AMT3,1936,True,399,398,1,1537,0,1,39,37,2,1897,2,4,3,3,0,1933,0,0,151,144,7,1785,2,9,151,144,7,1785,6,13,184,175,9,1752,4,13,515,507,8,1421,2,10,0.011163495019197563
targeting,credit_broad,mlp,1005,full,PAY_AMT4,1939,True,606,606,0,1333,0,0,35,35,0,1904,3,3,15,15,0,1924,0,0,223,222,1,1716,0,1,223,221,2,1716,2,4,253,251,2,1686,2,4,741,740,1,1198,0,1,0.013572532963585557
targeting,credit_broad,mlp,1005,full,PAY_AMT5,1942,True,807,805,2,1135,0,2,25,25,0,1917,3,3,21,21,0,1921,0,0,157,155,2,1785,0,2,157,154,3,1785,2,5,174,171,3,1768,2,5,894,890,4,1048,0,4,0.009797140261995674
targeting,credit_broad,mlp,1005,full,PAY_AMT6,1948,True,427,427,0,1521,0,0,39,38,1,1909,5,6,10,10,0,1938,0,0,210,208,2,1738,1,3,210,205,5,1738,4,9,229,224,5,1719,4,9,556,554,2,1392,1,3,0.009125732453408994
targeting,credit_broad,mlp,1005,full,EDUCATION,1928,False,494,494,0,1434,0,0,53,53,0,1875,2,2,11,11,0,1917,0,0,0,0,0,1928,0,0,11,11,0,1917,2,2,61,61,0,1867,2,2,494,494,0,1434,0,0,0.013019328089471604
targeting,credit_broad,mlp,1005,full,MARRIAGE,1930,False,947,943,4,983,0,4,45,42,3,1885,8,11,20,20,0,1910,0,0,0,0,0,1930,0,0,20,20,0,1910,11,11,64,61,3,1866,8,11,947,943,4,983,0,4,0.0175641623906002
targeting,credit_broad,mlp,1005,full,PAY_0,1927,False,662,660,2,1265,5,7,57,56,1,1870,2,3,6,6,0,1921,0,0,0,0,0,1927,0,0,6,6,0,1921,3,3,63,62,1,1864,2,3,662,660,2,1265,5,7,0.01933652692641276
targeting,credit_broad,mlp,1005,full,PAY_2,1929,False,574,571,3,1355,2,5,36,36,0,1893,3,3,13,13,0,1916,0,0,0,0,0,1929,0,0,13,13,0,1916,3,3,47,47,0,1882,3,3,574,571,3,1355,2,5,0.019077299289723116
targeting,credit_broad,mlp,1005,full,PAY_3,1930,False,756,747,9,1174,1,10,48,46,2,1882,5,7,21,21,0,1909,0,0,0,0,0,1930,0,0,21,21,0,1909,7,7,69,67,2,1861,5,7,756,747,9,1174,1,10,0.025498688404018904
targeting,credit_broad,mlp,1005,full,PAY_4,1928,False,669,667,2,1259,0,2,27,27,0,1901,3,3,27,27,0,1901,0,0,0,0,0,1928,0,0,28,28,0,1900,3,3,53,53,0,1875,3,3,669,667,2,1259,0,2,0.013693232406397303
targeting,credit_broad,mlp,1005,full,PAY_5,1929,False,772,760,12,1157,2,14,31,31,0,1898,5,5,13,13,0,1916,0,0,0,0,0,1929,0,0,13,13,0,1916,5,5,43,43,0,1886,5,5,772,760,12,1157,2,14,0.016271982158234468
targeting,credit_broad,mlp,1005,full,PAY_6,1926,False,751,749,2,1175,2,4,39,39,0,1887,5,5,15,15,0,1911,0,0,0,0,0,1926,0,0,15,15,0,1911,5,5,54,54,0,1872,5,5,751,749,2,1175,2,4,0.015825146534334717
signed_targeting,credit_broad,mlp,1005,full,PAY_AMT1,1941,True,538,538,0,1403,0,0,44,43,1,1897,4,5,7,7,0,1934,0,0,168,165,3,1773,1,4,168,163,5,1773,4,9,198,192,6,1743,3,9,622,619,3,1319,1,4,0.015139454725236224
signed_targeting,credit_broad,mlp,1005,full,PAY_AMT2,1946,True,452,452,0,1494,0,0,45,44,1,1901,4,5,1,1,0,1945,0,0,5,5,0,1941,0,0,5,5,0,1941,5,5,50,49,1,1896,4,5,454,454,0,1492,0,0,0.013128257503448421
signed_targeting,credit_broad,mlp,1005,full,PAY_AMT3,1936,True,399,398,1,1537,0,1,39,37,2,1897,2,4,3,3,0,1933,0,0,151,144,7,1785,2,9,151,144,7,1785,6,13,184,175,9,1752,4,13,515,507,8,1421,2,10,0.011163495019197563
signed_targeting,credit_broad,mlp,1005,full,PAY_AMT4,1939,True,606,606,0,1333,0,0,35,35,0,1904,3,3,15,15,0,1924,0,0,223,222,1,1716,0,1,223,221,2,1716,2,4,253,251,2,1686,2,4,741,740,1,1198,0,1,0.013572532963585557
signed_targeting,credit_broad,mlp,1005,full,PAY_AMT5,1942,True,807,805,2,1135,0,2,25,25,0,1917,3,3,21,21,0,1921,0,0,157,155,2,1785,0,2,157,154,3,1785,2,5,174,171,3,1768,2,5,894,890,4,1048,0,4,0.009797140261995674
signed_targeting,credit_broad,mlp,1005,full,PAY_AMT6,1948,True,427,427,0,1521,0,0,39,38,1,1909,5,6,10,10,0,1938,0,0,210,208,2,1738,1,3,210,205,5,1738,4,9,229,224,5,1719,4,9,556,554,2,1392,1,3,0.009125732453408994
targeting,credit_broad,mlp,1005,features,LIMIT_BAL,1926,False,732,727,5,1194,5,10,36,35,1,1890,9,10,18,18,0,1908,0,0,0,0,0,1926,0,0,18,16,2,1908,8,10,54,51,3,1872,7,10,732,727,5,1194,5,10,0.02499217201790141
targeting,credit_broad,mlp,1005,features,BILL_AMT1,1909,False,423,422,1,1486,1,2,45,45,0,1864,3,3,6,6,0,1903,0,0,0,0,0,1909,0,0,6,6,0,1903,3,3,50,50,0,1859,3,3,423,422,1,1486,1,2,0.019423293644002974
targeting,credit_broad,mlp,1005,features,BILL_AMT2,1909,False,388,388,0,1521,0,0,43,42,1,1866,6,7,9,9,0,1900,0,0,0,0,0,1909,0,0,9,9,0,1900,7,7,51,50,1,1858,6,7,388,388,0,1521,0,0,0.015353192558244069
targeting,credit_broad,mlp,1005,features,BILL_AMT3,1902,False,517,517,0,1385,1,1,40,40,0,1862,7,7,20,20,0,1882,0,0,0,0,0,1902,0,0,20,20,0,1882,7,7,60,60,0,1842,7,7,517,517,0,1385,1,1,0.012861936403082043
targeting,credit_broad,mlp,1005,features,BILL_AMT4,1904,False,398,398,0,1506,1,1,29,28,1,1875,8,9,21,21,0,1883,0,0,0,0,0,1904,0,0,21,20,1,1883,8,9,49,47,2,1855,7,9,398,398,0,1506,1,1,0.007986629636395197
targeting,credit_broad,mlp,1005,features,BILL_AMT5,1902,False,465,465,0,1437,1,1,38,35,3,1864,7,10,18,18,0,1884,0,0,0,0,0,1902,0,0,18,18,0,1884,10,10,53,50,3,1849,7,10,465,465,0,1437,1,1,0.00963318039514053
targeting,credit_broad,mlp,1005,features,BILL_AMT6,1901,False,381,380,1,1520,0,1,41,40,1,1860,7,8,15,15,0,1886,0,0,0,0,0,1901,0,0,15,15,0,1886,8,8,54,53,1,1847,7,8,381,380,1,1520,0,1,0.011647525123881107
targeting,credit_broad,mlp,1005,features,PAY_AMT1,1941,True,538,538,0,1403,0,0,44,43,1,1897,4,5,7,7,0,1934,0,0,168,164,4,1773,0,4,168,161,7,1773,2,9,198,190,8,1743,1,9,622,618,4,1319,0,4,0.015506157120907832
targeting,credit_broad,mlp,1005,features,PAY_AMT2,1946,True,452,452,0,1494,1,1,45,44,1,1901,3,4,1,1,0,1945,0,0,5,5,0,1941,0,0,5,5,0,1941,4,4,50,49,1,1896,3,4,454,454,0,1492,1,1,0.013190444400415573
targeting,credit_broad,mlp,1005,features,PAY_AMT3,1936,True,399,398,1,1537,0,1,39,39,0,1897,6,6,3,3,0,1933,0,0,151,146,5,1785,1,6,151,144,7,1785,5,12,184,177,7,1752,5,12,515,509,6,1421,1,7,0.010796009734003046
targeting,credit_broad,mlp,1005,features,PAY_AMT4,1939,True,606,603,3,1333,0,3,35,35,0,1904,5,5,15,15,0,1924,0,0,223,221,2,1716,0,2,223,221,2,1716,5,7,253,251,2,1686,5,7,741,736,5,1198,0,5,0.013552479910549583
targeting,credit_broad,mlp,1005,features,PAY_AMT5,1942,True,807,807,0,1135,0,0,25,24,1,1917,4,5,21,21,0,1921,0,0,157,157,0,1785,0,0,157,155,2,1785,3,5,174,171,3,1768,2,5,894,894,0,1048,0,0,0.009722257809440797
targeting,credit_broad,mlp,1005,features,PAY_AMT6,1948,True,427,427,0,1521,0,0,39,38,1,1909,6,7,10,10,0,1938,0,0,210,206,4,1738,0,4,210,203,7,1738,4,11,229,221,8,1719,3,11,556,552,4,1392,0,4,0.00966374748560104
targeting,credit_broad,mlp,1005,features,EDUCATION,1928,False,494,492,2,1434,1,3,53,52,1,1875,3,4,11,11,0,1917,0,0,0,0,0,1928,0,0,11,11,0,1917,4,4,61,60,1,1867,3,4,494,492,2,1434,1,3,0.013374163210040615
targeting,credit_broad,mlp,1005,features,MARRIAGE,1930,False,947,944,3,983,0,3,45,44,1,1885,6,7,20,20,0,1910,0,0,0,0,0,1930,0,0,20,20,0,1910,7,7,64,63,1,1866,6,7,947,944,3,983,0,3,0.017645796802475976
targeting,credit_broad,mlp,1005,features,PAY_0,1927,False,662,658,4,1265,7,11,57,56,1,1870,2,3,6,6,0,1921,0,0,0,0,0,1927,0,0,6,6,0,1921,3,3,63,62,1,1864,2,3,662,658,4,1265,7,11,0.019609589337136746
targeting,credit_broad,mlp,1005,features,PAY_2,1929,False,574,572,2,1355,4,6,36,36,0,1893,4,4,13,13,0,1916,0,0,0,0,0,1929,0,0,13,11,2,1916,2,4,47,45,2,1882,2,4,574,572,2,1355,4,6,0.018728555557486554
targeting,credit_broad,mlp,1005,features,PAY_3,1930,False,756,752,4,1174,0,4,48,47,1,1882,9,10,21,21,0,1909,0,0,0,0,0,1930,0,0,21,21,0,1909,10,10,69,68,1,1861,9,10,756,752,4,1174,0,4,0.02664478987188879
targeting,credit_broad,mlp,1005,features,PAY_4,1928,False,669,666,3,1259,1,4,27,27,0,1901,6,6,27,27,0,1901,0,0,0,0,0,1928,0,0,28,27,1,1900,5,6,53,52,1,1875,5,6,669,666,3,1259,1,4,0.014187225053107806
targeting,credit_broad,mlp,1005,features,PAY_5,1929,False,772,755,17,1157,1,18,31,28,3,1898,5,8,13,13,0,1916,0,0,0,0,0,1929,0,0,13,12,1,1916,7,8,43,39,4,1886,4,8,772,755,17,1157,1,18,0.016326572623375002
targeting,credit_broad,mlp,1005,features,PAY_6,1926,False,751,747,4,1175,0,4,39,39,0,1887,4,4,15,15,0,1911,0,0,0,0,0,1926,0,0,15,15,0,1911,4,4,54,54,0,1872,4,4,751,747,4,1175,0,4,0.01584284094577445
signed_targeting,credit_broad,mlp,1005,features,PAY_AMT1,1941,True,538,538,0,1403,0,0,44,43,1,1897,4,5,7,7,0,1934,0,0,168,164,4,1773,0,4,168,161,7,1773,2,9,198,190,8,1743,1,9,622,618,4,1319,0,4,0.015506157120907832
signed_targeting,credit_broad,mlp,1005,features,PAY_AMT2,1946,True,452,452,0,1494,1,1,45,44,1,1901,3,4,1,1,0,1945,0,0,5,5,0,1941,0,0,5,5,0,1941,4,4,50,49,1,1896,3,4,454,454,0,1492,1,1,0.013190444400415573
signed_targeting,credit_broad,mlp,1005,features,PAY_AMT3,1936,True,399,398,1,1537,0,1,39,39,0,1897,6,6,3,3,0,1933,0,0,151,146,5,1785,1,6,151,144,7,1785,5,12,184,177,7,1752,5,12,515,509,6,1421,1,7,0.010796009734003046
signed_targeting,credit_broad,mlp,1005,features,PAY_AMT4,1939,True,606,603,3,1333,0,3,35,35,0,1904,5,5,15,15,0,1924,0,0,223,221,2,1716,0,2,223,221,2,1716,5,7,253,251,2,1686,5,7,741,736,5,1198,0,5,0.013552479910549583
signed_targeting,credit_broad,mlp,1005,features,PAY_AMT5,1942,True,807,807,0,1135,0,0,25,24,1,1917,4,5,21,21,0,1921,0,0,157,157,0,1785,0,0,157,155,2,1785,3,5,174,171,3,1768,2,5,894,894,0,1048,0,0,0.009722257809440797
signed_targeting,credit_broad,mlp,1005,features,PAY_AMT6,1948,True,427,427,0,1521,0,0,39,38,1,1909,6,7,10,10,0,1938,0,0,210,206,4,1738,0,4,210,203,7,1738,4,11,229,221,8,1719,3,11,556,552,4,1392,0,4,0.00966374748560104
targeting,credit_broad,mlp,1005,contexts,LIMIT_BAL,1926,False,732,725,7,1194,6,13,36,36,0,1890,9,9,18,18,0,1908,0,0,0,0,0,1926,0,0,18,17,1,1908,8,9,54,53,1,1872,8,9,732,725,7,1194,6,13,0.03486357450969322
targeting,credit_broad,mlp,1005,contexts,BILL_AMT1,1909,False,423,422,1,1486,0,1,45,42,3,1864,6,9,6,6,0,1903,0,0,0,0,0,1909,0,0,6,6,0,1903,9,9,50,47,3,1859,6,9,423,422,1,1486,0,1,0.026111671870787043
targeting,credit_broad,mlp,1005,contexts,BILL_AMT2,1909,False,388,388,0,1521,0,0,43,43,0,1866,8,8,9,9,0,1900,0,0,0,0,0,1909,0,0,9,9,0,1900,8,8,51,51,0,1858,8,8,388,388,0,1521,0,0,0.016057833320521433
targeting,credit_broad,mlp,1005,contexts,BILL_AMT3,1902,False,517,515,2,1385,2,4,40,40,0,1862,10,10,20,20,0,1882,0,0,0,0,0,1902,0,0,20,20,0,1882,10,10,60,60,0,1842,10,10,517,515,2,1385,2,4,0.016811660850619612
targeting,credit_broad,mlp,1005,contexts,BILL_AMT4,1904,False,398,397,1,1506,1,2,29,29,0,1875,8,8,21,21,0,1883,0,0,0,0,0,1904,0,0,21,20,1,1883,7,8,49,48,1,1855,7,8,398,397,1,1506,1,2,0.009812317864329064
targeting,credit_broad,mlp,1005,contexts,BILL_AMT5,1902,False,465,464,1,1437,1,2,38,37,1,1864,11,12,18,18,0,1884,0,0,0,0,0,1902,0,0,18,18,0,1884,12,12,53,52,1,1849,11,12,465,464,1,1437,1,2,0.011404648648685189
targeting,credit_broad,mlp,1005,contexts,BILL_AMT6,1901,False,381,381,0,1520,0,0,41,40,1,1860,5,6,15,15,0,1886,0,0,0,0,0,1901,0,0,15,14,1,1886,5,6,54,53,1,1847,5,6,381,381,0,1520,0,0,0.013049990065876994
targeting,credit_broad,mlp,1005,contexts,PAY_AMT1,1941,True,538,534,4,1403,2,6,44,43,1,1897,6,7,7,7,0,1934,0,0,168,167,1,1773,11,12,168,163,5,1773,14,19,198,191,7,1743,12,19,622,615,7,1319,11,18,0.017798476502609118
targeting,credit_broad,mlp,1005,contexts,PAY_AMT2,1946,True,452,452,0,1494,2,2,45,44,1,1901,9,10,1,1,0,1945,0,0,5,5,0,1941,0,0,5,5,0,1941,10,10,50,49,1,1896,9,10,454,454,0,1492,2,2,0.017623356272014844
targeting,credit_broad,mlp,1005,contexts,PAY_AMT3,1936,True,399,398,1,1537,3,4,39,37,2,1897,6,8,3,3,0,1933,0,0,151,146,5,1785,6,11,151,143,8,1785,11,19,184,175,9,1752,10,19,515,508,7,1421,8,15,0.012374929967551657
targeting,credit_broad,mlp,1005,contexts,PAY_AMT4,1939,True,606,598,8,1333,4,12,35,35,0,1904,11,11,15,15,0,1924,0,0,223,219,4,1716,1,5,223,217,6,1716,10,16,253,247,6,1686,10,16,741,729,12,1198,5,17,0.014580619704562432
targeting,credit_broad,mlp,1005,contexts,PAY_AMT5,1942,True,807,804,3,1135,0,3,25,24,1,1917,8,9,21,21,0,1921,0,0,157,157,0,1785,0,0,157,154,3,1785,6,9,174,171,3,1768,6,9,894,891,3,1048,0,3,0.012147509870726846
targeting,credit_broad,mlp,1005,contexts,PAY_AMT6,1948,True,427,427,0,1521,0,0,39,38,1,1909,6,7,10,10,0,1938,0,0,210,209,1,1738,0,1,210,204,6,1738,2,8,229,223,6,1719,2,8,556,555,1,1392,0,1,0.012733896738413035
targeting,credit_broad,mlp,1005,contexts,EDUCATION,1928,False,494,494,0,1434,1,1,53,52,1,1875,7,8,11,11,0,1917,0,0,0,0,0,1928,0,0,11,10,1,1917,7,8,61,60,1,1867,7,8,494,494,0,1434,1,1,0.0178266345052178
targeting,credit_broad,mlp,1005,contexts,MARRIAGE,1930,False,947,940,7,983,0,7,45,42,3,1885,8,11,20,20,0,1910,0,0,0,0,0,1930,0,0,20,20,0,1910,11,11,64,61,3,1866,8,11,947,940,7,983,0,7,0.020290189597508067
targeting,credit_broad,mlp,1005,contexts,PAY_0,1927,False,662,657,5,1265,4,9,57,56,1,1870,6,7,6,6,0,1921,0,0,0,0,0,1927,0,0,6,6,0,1921,7,7,63,62,1,1864,6,7,662,657,5,1265,4,9,0.03040294936486456
targeting,credit_broad,mlp,1005,contexts,PAY_2,1929,False,574,572,2,1355,3,5,36,36,0,1893,5,5,13,13,0,1916,0,0,0,0,0,1929,0,0,13,13,0,1916,5,5,47,47,0,1882,5,5,574,572,2,1355,3,5,0.020906476943882372
targeting,credit_broad,mlp,1005,contexts,PAY_3,1930,False,756,755,1,1174,0,1,48,47,1,1882,7,8,21,21,0,1909,0,0,0,0,0,1930,0,0,21,21,0,1909,8,8,69,68,1,1861,7,8,756,755,1,1174,0,1,0.028935667256338244
targeting,credit_broad,mlp,1005,contexts,PAY_4,1928,False,669,669,0,1259,2,2,27,26,1,1901,9,10,27,27,0,1901,0,0,0,0,0,1928,0,0,28,27,1,1900,9,10,53,51,2,1875,8,10,669,669,0,1259,2,2,0.015717513460751262
targeting,credit_broad,mlp,1005,contexts,PAY_5,1929,False,772,759,13,1157,3,16,31,31,0,1898,12,12,13,13,0,1916,0,0,0,0,0,1929,0,0,13,12,1,1916,11,12,43,42,1,1886,11,12,772,759,13,1157,3,16,0.01779404273993908
targeting,credit_broad,mlp,1005,contexts,PAY_6,1926,False,751,749,2,1175,1,3,39,39,0,1887,9,9,15,15,0,1911,0,0,0,0,0,1926,0,0,15,15,0,1911,9,9,54,54,0,1872,9,9,751,749,2,1175,1,3,0.021855137197157717
signed_targeting,credit_broad,mlp,1005,contexts,PAY_AMT1,1941,True,538,534,4,1403,2,6,44,43,1,1897,6,7,7,7,0,1934,0,0,168,167,1,1773,11,12,168,163,5,1773,14,19,198,191,7,1743,12,19,622,615,7,1319,11,18,0.017798476502609118
signed_targeting,credit_broad,mlp,1005,contexts,PAY_AMT2,1946,True,452,452,0,1494,2,2,45,44,1,1901,9,10,1,1,0,1945,0,0,5,5,0,1941,0,0,5,5,0,1941,10,10,50,49,1,1896,9,10,454,454,0,1492,2,2,0.017623356272014844
signed_targeting,credit_broad,mlp,1005,contexts,PAY_AMT3,1936,True,399,398,1,1537,3,4,39,37,2,1897,6,8,3,3,0,1933,0,0,151,146,5,1785,6,11,151,143,8,1785,11,19,184,175,9,1752,10,19,515,508,7,1421,8,15,0.012374929967551657
signed_targeting,credit_broad,mlp,1005,contexts,PAY_AMT4,1939,True,606,598,8,1333,4,12,35,35,0,1904,11,11,15,15,0,1924,0,0,223,219,4,1716,1,5,223,217,6,1716,10,16,253,247,6,1686,10,16,741,729,12,1198,5,17,0.014580619704562432
signed_targeting,credit_broad,mlp,1005,contexts,PAY_AMT5,1942,True,807,804,3,1135,0,3,25,24,1,1917,8,9,21,21,0,1921,0,0,157,157,0,1785,0,0,157,154,3,1785,6,9,174,171,3,1768,6,9,894,891,3,1048,0,3,0.012147509870726846
signed_targeting,credit_broad,mlp,1005,contexts,PAY_AMT6,1948,True,427,427,0,1521,0,0,39,38,1,1909,6,7,10,10,0,1938,0,0,210,209,1,1738,0,1,210,204,6,1738,2,8,229,223,6,1719,2,8,556,555,1,1392,0,1,0.012733896738413035
targeting,credit_broad,mlp,1005,population,LIMIT_BAL,1926,False,732,709,23,1194,13,36,36,33,3,1890,14,17,18,18,0,1908,0,0,0,0,0,1926,0,0,18,17,1,1908,16,17,54,50,4,1872,13,17,732,709,23,1194,13,36,0.03477403737817316
targeting,credit_broad,mlp,1005,population,BILL_AMT1,1909,False,423,421,2,1486,3,5,45,42,3,1864,7,10,6,6,0,1903,0,0,0,0,0,1909,0,0,6,6,0,1903,10,10,50,47,3,1859,7,10,423,421,2,1486,3,5,0.02572391923915236
targeting,credit_broad,mlp,1005,population,BILL_AMT2,1909,False,388,387,1,1521,5,6,43,42,1,1866,7,8,9,9,0,1900,0,0,0,0,0,1909,0,0,9,9,0,1900,8,8,51,50,1,1858,7,8,388,387,1,1521,5,6,0.015813738721043677
targeting,credit_broad,mlp,1005,population,BILL_AMT3,1902,False,517,512,5,1385,2,7,40,39,1,1862,10,11,20,20,0,1882,0,0,0,0,0,1902,0,0,20,20,0,1882,11,11,60,59,1,1842,10,11,517,512,5,1385,2,7,0.015822880526989977
targeting,credit_broad,mlp,1005,population,BILL_AMT4,1904,False,398,396,2,1506,0,2,29,29,0,1875,6,6,21,21,0,1883,0,0,0,0,0,1904,0,0,21,20,1,1883,5,6,49,48,1,1855,5,6,398,396,2,1506,0,2,0.011034875142046931
targeting,credit_broad,mlp,1005,population,BILL_AMT5,1902,False,465,463,2,1437,5,7,38,37,1,1864,7,8,18,18,0,1884,0,0,0,0,0,1902,0,0,18,18,0,1884,8,8,53,52,1,1849,7,8,465,463,2,1437,5,7,0.0114778130182624
targeting,credit_broad,mlp,1005,population,BILL_AMT6,1901,False,381,381,0,1520,3,3,41,41,0,1860,7,7,15,15,0,1886,0,0,0,0,0,1901,0,0,15,15,0,1886,7,7,54,54,0,1847,7,7,381,381,0,1520,3,3,0.013256449440941074
targeting,credit_broad,mlp,1005,population,PAY_AMT1,1941,True,538,524,14,1403,11,25,44,42,2,1897,7,9,7,7,0,1934,0,0,168,166,2,1773,48,50,168,160,8,1773,51,59,198,188,10,1743,49,59,622,603,19,1319,56,75,0.018662960469788964
targeting,credit_broad,mlp,1005,population,PAY_AMT2,1946,True,452,452,0,1494,3,3,45,44,1,1901,10,11,1,1,0,1945,0,0,5,5,0,1941,0,0,5,5,0,1941,11,11,50,49,1,1896,10,11,454,454,0,1492,3,3,0.017708753406630594
targeting,credit_broad,mlp,1005,population,PAY_AMT3,1936,True,399,398,1,1537,5,6,39,39,0,1897,8,8,3,3,0,1933,0,0,151,139,12,1785,69,81,151,139,12,1785,77,89,184,172,12,1752,77,89,515,492,23,1421,64,87,0.012630406486020127
targeting,credit_broad,mlp,1005,population,PAY_AMT4,1939,True,606,532,74,1333,68,142,35,35,0,1904,8,8,15,15,0,1924,0,0,223,218,5,1716,2,7,223,214,9,1716,6,15,253,244,9,1686,6,15,741,655,86,1198,63,149,0.013926471956925382
targeting,credit_broad,mlp,1005,population,PAY_AMT5,1942,True,807,772,35,1135,12,47,25,21,4,1917,2,6,21,21,0,1921,0,0,157,152,5,1785,4,9,157,149,8,1785,7,15,174,164,10,1768,5,15,894,853,41,1048,15,56,0.012100360151322908
targeting,credit_broad,mlp,1005,population,PAY_AMT6,1948,True,427,423,4,1521,8,12,39,39,0,1909,11,11,10,10,0,1938,0,0,210,208,2,1738,0,2,210,202,8,1738,5,13,229,221,8,1719,5,13,556,550,6,1392,8,14,0.011726295711534654
targeting,credit_broad,mlp,1005,population,EDUCATION,1928,False,494,487,7,1434,9,16,53,52,1,1875,7,8,11,11,0,1917,0,0,0,0,0,1928,0,0,11,11,0,1917,8,8,61,60,1,1867,7,8,494,487,7,1434,9,16,0.01802412823727423
targeting,credit_broad,mlp,1005,population,MARRIAGE,1930,False,947,931,16,983,4,20,45,41,4,1885,7,11,20,20,0,1910,0,0,0,0,0,1930,0,0,20,20,0,1910,11,11,64,60,4,1866,7,11,947,931,16,983,4,20,0.020280209985191217
targeting,credit_broad,mlp,1005,population,PAY_0,1927,False,662,652,10,1265,9,19,57,55,2,1870,7,9,6,6,0,1921,0,0,0,0,0,1927,0,0,6,5,1,1921,8,9,63,60,3,1864,6,9,662,652,10,1265,9,19,0.02912683252250725
targeting,credit_broad,mlp,1005,population,PAY_2,1929,False,574,567,7,1355,5,12,36,36,0,1893,10,10,13,13,0,1916,0,0,0,0,0,1929,0,0,13,13,0,1916,10,10,47,47,0,1882,10,10,574,567,7,1355,5,12,0.020543985454158625
targeting,credit_broad,mlp,1005,population,PAY_3,1930,False,756,719,37,1174,9,46,48,46,2,1882,10,12,21,21,0,1909,1,1,0,0,0,1930,0,0,21,21,0,1909,13,13,69,67,2,1861,11,13,756,719,37,1174,9,46,0.02862477883077728
targeting,credit_broad,mlp,1005,population,PAY_4,1928,False,669,665,4,1259,2,6,27,26,1,1901,11,12,27,27,0,1901,0,0,0,0,0,1928,0,0,28,27,1,1900,11,12,53,51,2,1875,10,12,669,665,4,1259,2,6,0.01560474893018394
targeting,credit_broad,mlp,1005,population,PAY_5,1929,False,772,756,16,1157,8,24,31,29,2,1898,16,18,13,13,0,1916,0,0,0,0,0,1929,0,0,13,13,0,1916,18,18,43,41,2,1886,16,18,772,756,16,1157,8,24,0.01800357071153818
targeting,credit_broad,mlp,1005,population,PAY_6,1926,False,751,744,7,1175,1,8,39,39,0,1887,7,7,15,15,0,1911,0,0,0,0,0,1926,0,0,15,15,0,1911,7,7,54,54,0,1872,7,7,751,744,7,1175,1,8,0.02013690243669924
signed_targeting,credit_broad,mlp,1005,population,PAY_AMT1,1941,True,538,524,14,1403,11,25,44,42,2,1897,7,9,7,7,0,1934,0,0,168,166,2,1773,48,50,168,160,8,1773,51,59,198,188,10,1743,49,59,622,603,19,1319,56,75,0.018662960469788964
signed_targeting,credit_broad,mlp,1005,population,PAY_AMT2,1946,True,452,452,0,1494,3,3,45,44,1,1901,10,11,1,1,0,1945,0,0,5,5,0,1941,0,0,5,5,0,1941,11,11,50,49,1,1896,10,11,454,454,0,1492,3,3,0.017708753406630594
signed_targeting,credit_broad,mlp,1005,population,PAY_AMT3,1936,True,399,398,1,1537,5,6,39,39,0,1897,8,8,3,3,0,1933,0,0,151,139,12,1785,69,81,151,139,12,1785,77,89,184,172,12,1752,77,89,515,492,23,1421,64,87,0.012630406486020127
signed_targeting,credit_broad,mlp,1005,population,PAY_AMT4,1939,True,606,532,74,1333,68,142,35,35,0,1904,8,8,15,15,0,1924,0,0,223,218,5,1716,2,7,223,214,9,1716,6,15,253,244,9,1686,6,15,741,655,86,1198,63,149,0.013926471956925382
signed_targeting,credit_broad,mlp,1005,population,PAY_AMT5,1942,True,807,772,35,1135,12,47,25,21,4,1917,2,6,21,21,0,1921,0,0,157,152,5,1785,4,9,157,149,8,1785,7,15,174,164,10,1768,5,15,894,853,41,1048,15,56,0.012100360151322908
signed_targeting,credit_broad,mlp,1005,population,PAY_AMT6,1948,True,427,423,4,1521,8,12,39,39,0,1909,11,11,10,10,0,1938,0,0,210,208,2,1738,0,2,210,202,8,1738,5,13,229,221,8,1719,5,13,556,550,6,1392,8,14,0.011726295711534654
targeting,credit_broad,mlp,1005,task,LIMIT_BAL,1926,False,732,477,255,1194,93,348,36,24,12,1890,20,32,18,18,0,1908,3,3,0,0,0,1926,0,0,18,17,1,1908,34,35,54,39,15,1872,20,35,732,477,255,1194,93,348,0.014678527265387827
targeting,credit_broad,mlp,1005,task,BILL_AMT1,1909,False,423,341,82,1486,57,139,45,26,19,1864,18,37,6,6,0,1903,0,0,0,0,0,1909,0,0,6,6,0,1903,37,37,50,31,19,1859,18,37,423,341,82,1486,57,139,0.011725445308928861
targeting,credit_broad,mlp,1005,task,BILL_AMT2,1909,False,388,311,77,1521,60,137,43,32,11,1866,8,19,9,9,0,1900,5,5,0,0,0,1909,0,0,9,9,0,1900,24,24,51,40,11,1858,13,24,388,311,77,1521,60,137,0.008452108124984637
targeting,credit_broad,mlp,1005,task,BILL_AMT3,1902,False,517,401,116,1385,65,181,40,27,13,1862,21,34,20,20,0,1882,0,0,0,0,0,1902,0,0,20,19,1,1882,33,34,60,46,14,1842,20,34,517,401,116,1385,65,181,0.006928422143728589
targeting,credit_broad,mlp,1005,task,BILL_AMT4,1904,False,398,331,67,1506,59,126,29,18,11,1875,11,22,21,21,0,1883,5,5,0,0,0,1904,0,0,21,20,1,1883,26,27,49,36,13,1855,14,27,398,331,67,1506,59,126,0.006581685304015121
targeting,credit_broad,mlp,1005,task,BILL_AMT5,1902,False,465,368,97,1437,47,144,38,29,9,1864,15,24,18,18,0,1884,0,0,0,0,0,1902,0,0,18,15,3,1884,21,24,53,42,11,1849,13,24,465,368,97,1437,47,144,0.005898899982084093
targeting,credit_broad,mlp,1005,task,BILL_AMT6,1901,False,381,331,50,1520,41,91,41,34,7,1860,15,22,15,15,0,1886,2,2,0,0,0,1901,0,0,15,14,1,1886,23,24,54,46,8,1847,16,24,381,331,50,1520,41,91,0.006979126074894518
targeting,credit_broad,mlp,1005,task,PAY_AMT1,1941,True,538,399,139,1403,53,192,44,29,15,1897,12,27,7,7,0,1934,1,1,168,106,62,1773,0,62,168,105,63,1773,24,87,198,121,77,1743,10,87,622,425,197,1319,47,244,0.010178370838142405
targeting,credit_broad,mlp,1005,task,PAY_AMT2,1946,True,452,340,112,1494,77,189,45,34,11,1901,23,34,1,1,0,1945,0,0,5,5,0,1941,0,0,5,5,0,1941,34,34,50,39,11,1896,23,34,454,342,112,1492,77,189,0.007019742166024699
targeting,credit_broad,mlp,1005,task,PAY_AMT3,1936,True,399,320,79,1537,68,147,39,30,9,1897,14,23,3,3,0,1933,2,2,151,107,44,1785,12,56,151,106,45,1785,33,78,184,130,54,1752,24,78,515,393,122,1421,76,198,0.007062980890690637
targeting,credit_broad,mlp,1005,task,PAY_AMT4,1939,True,606,310,296,1333,139,435,35,23,12,1904,28,40,15,15,0,1924,4,4,223,206,17,1716,0,17,223,200,23,1716,34,57,253,219,34,1686,23,57,741,413,328,1198,118,446,0.010036811410697325
targeting,credit_broad,mlp,1005,task,PAY_AMT5,1942,True,807,473,334,1135,92,426,25,20,5,1917,24,29,21,21,0,1921,1,1,157,140,17,1785,0,17,157,137,20,1785,26,46,174,149,25,1768,21,46,894,542,352,1048,90,442,0.007529149230080409
targeting,credit_broad,mlp,1005,task,PAY_AMT6,1948,True,427,333,94,1521,48,142,39,31,8,1909,12,20,10,10,0,1938,2,2,210,122,88,1738,29,117,210,121,89,1738,45,134,229,134,95,1719,39,134,556,375,181,1392,71,252,0.008057990154988823
targeting,credit_broad,mlp,1005,task,EDUCATION,1928,False,494,309,185,1434,105,290,53,31,22,1875,19,41,11,10,1,1917,4,5,0,0,0,1928,0,0,11,8,3,1917,43,46,61,37,24,1867,22,46,494,309,185,1434,105,290,0.007023639536010731
targeting,credit_broad,mlp,1005,task,MARRIAGE,1930,False,947,596,351,983,48,399,45,38,7,1885,12,19,20,20,0,1910,1,1,0,0,0,1930,0,0,20,19,1,1910,19,20,64,56,8,1866,12,20,947,596,351,983,48,399,0.012858492395396779
targeting,credit_broad,mlp,1005,task,PAY_0,1927,False,662,487,175,1265,87,262,57,41,16,1870,41,57,6,6,0,1921,0,0,0,0,0,1927,0,0,6,3,3,1921,54,57,63,44,19,1864,38,57,662,487,175,1265,87,262,0.020851575555181738
targeting,credit_broad,mlp,1005,task,PAY_2,1929,False,574,443,131,1355,83,214,36,23,13,1893,10,23,13,13,0,1916,0,0,0,0,0,1929,0,0,13,12,1,1916,22,23,47,34,13,1882,10,23,574,443,131,1355,83,214,0.012634432831116206
targeting,credit_broad,mlp,1005,task,PAY_3,1930,False,756,375,381,1174,87,468,48,29,19,1882,23,42,21,14,7,1909,16,23,0,0,0,1930,0,0,21,14,7,1909,58,65,69,42,27,1861,38,65,756,375,381,1174,87,468,0.015137649761302325
targeting,credit_broad,mlp,1005,task,PAY_4,1928,False,669,468,201,1259,37,238,27,19,8,1901,14,22,27,27,0,1901,2,2,0,0,0,1928,0,0,28,27,1,1900,23,24,53,44,9,1875,15,24,669,468,201,1259,37,238,0.010793764448794506
targeting,credit_broad,mlp,1005,task,PAY_5,1929,False,772,466,306,1157,59,365,31,21,10,1898,12,22,13,13,0,1916,4,4,0,0,0,1929,0,0,13,12,1,1916,25,26,43,33,10,1886,16,26,772,466,306,1157,59,365,0.012227262688232791
targeting,credit_broad,mlp,1005,task,PAY_6,1926,False,751,516,235,1175,118,353,39,33,6,1887,11,17,15,15,0,1911,3,3,0,0,0,1926,0,0,15,15,0,1911,20,20,54,47,7,1872,13,20,751,516,235,1175,118,353,0.00946835663812962
signed_targeting,credit_broad,mlp,1005,task,PAY_AMT1,1941,True,538,399,139,1403,53,192,44,29,15,1897,12,27,7,7,0,1934,1,1,168,106,62,1773,0,62,168,105,63,1773,24,87,198,121,77,1743,10,87,622,425,197,1319,47,244,0.010178370838142405
signed_targeting,credit_broad,mlp,1005,task,PAY_AMT2,1946,True,452,340,112,1494,77,189,45,34,11,1901,23,34,1,1,0,1945,0,0,5,5,0,1941,0,0,5,5,0,1941,34,34,50,39,11,1896,23,34,454,342,112,1492,77,189,0.007019742166024699
signed_targeting,credit_broad,mlp,1005,task,PAY_AMT3,1936,True,399,320,79,1537,68,147,39,30,9,1897,14,23,3,3,0,1933,2,2,151,107,44,1785,12,56,151,106,45,1785,33,78,184,130,54,1752,24,78,515,393,122,1421,76,198,0.007062980890690637
signed_targeting,credit_broad,mlp,1005,task,PAY_AMT4,1939,True,606,310,296,1333,139,435,35,23,12,1904,28,40,15,15,0,1924,4,4,223,206,17,1716,0,17,223,200,23,1716,34,57,253,219,34,1686,23,57,741,413,328,1198,118,446,0.010036811410697325
signed_targeting,credit_broad,mlp,1005,task,PAY_AMT5,1942,True,807,473,334,1135,92,426,25,20,5,1917,24,29,21,21,0,1921,1,1,157,140,17,1785,0,17,157,137,20,1785,26,46,174,149,25,1768,21,46,894,542,352,1048,90,442,0.007529149230080409
signed_targeting,credit_broad,mlp,1005,task,PAY_AMT6,1948,True,427,333,94,1521,48,142,39,31,8,1909,12,20,10,10,0,1938,2,2,210,122,88,1738,29,117,210,121,89,1738,45,134,229,134,95,1719,39,134,556,375,181,1392,71,252,0.008057990154988823
targeting,credit_broad,mlp,1005,augmentation,LIMIT_BAL,1926,False,732,421,311,1194,429,740,36,32,4,1890,38,42,18,18,0,1908,12,12,0,0,0,1926,0,0,18,18,0,1908,54,54,54,49,5,1872,49,54,732,421,311,1194,429,740,0.05264305106805101
targeting,credit_broad,mlp,1005,augmentation,BILL_AMT1,1909,False,423,284,139,1486,438,577,45,42,3,1864,34,37,6,6,0,1903,9,9,0,0,0,1909,0,0,6,5,1,1903,44,45,50,47,3,1859,42,45,423,284,139,1486,438,577,0.0397130232297706
targeting,credit_broad,mlp,1005,augmentation,BILL_AMT2,1909,False,388,276,112,1521,453,565,43,39,4,1866,38,42,9,9,0,1900,12,12,0,0,0,1909,0,0,9,7,2,1900,52,54,51,44,7,1858,47,54,388,276,112,1521,453,565,0.03740275464058039
targeting,credit_broad,mlp,1005,augmentation,BILL_AMT3,1902,False,517,378,139,1385,391,530,40,40,0,1862,43,43,20,20,0,1882,5,5,0,0,0,1902,0,0,20,20,0,1882,48,48,60,60,0,1842,48,48,517,378,139,1385,391,530,0.044509472098233444
targeting,credit_broad,mlp,1005,augmentation,BILL_AMT4,1904,False,398,292,106,1506,505,611,29,27,2,1875,31,33,21,20,1,1883,6,7,0,0,0,1904,0,0,21,20,1,1883,38,39,49,45,4,1855,35,39,398,292,106,1506,505,611,0.0519260073804505
targeting,credit_broad,mlp,1005,augmentation,BILL_AMT5,1902,False,465,278,187,1437,493,680,38,36,2,1864,48,50,18,18,0,1884,2,2,0,0,0,1902,0,0,18,18,0,1884,52,52,53,51,2,1849,50,52,465,278,187,1437,493,680,0.07135932054496373
targeting,credit_broad,mlp,1005,augmentation,BILL_AMT6,1901,False,381,237,144,1520,513,657,41,40,1,1860,44,45,15,15,0,1886,4,4,0,0,0,1901,0,0,15,14,1,1886,48,49,54,52,2,1847,47,49,381,237,144,1520,513,657,0.05239267218871189
targeting,credit_broad,mlp,1005,augmentation,PAY_AMT1,1941,True,538,307,231,1403,559,790,44,41,3,1897,32,35,7,7,0,1934,17,17,168,86,82,1773,232,314,168,84,84,1773,252,336,198,110,88,1743,248,336,622,281,341,1319,626,967,0.05702231134336147
targeting,credit_broad,mlp,1005,augmentation,PAY_AMT2,1946,True,452,271,181,1494,497,678,45,40,5,1901,36,41,1,1,0,1945,2,2,5,4,1,1941,17,18,5,4,1,1941,57,58,50,44,6,1896,52,58,454,270,184,1492,508,692,0.05698497669934093
targeting,credit_broad,mlp,1005,augmentation,PAY_AMT3,1936,True,399,275,124,1537,435,559,39,38,1,1897,26,27,3,3,0,1933,4,4,151,103,48,1785,81,129,151,101,50,1785,104,154,184,132,52,1752,102,154,515,313,202,1421,463,665,0.02513790863123189
targeting,credit_broad,mlp,1005,augmentation,PAY_AMT4,1939,True,606,269,337,1333,568,905,35,32,3,1904,33,36,15,14,1,1924,44,45,223,155,68,1716,375,443,223,149,74,1716,396,470,253,173,80,1686,390,470,741,258,483,1198,637,1120,0.026021791899328846
targeting,credit_broad,mlp,1005,augmentation,PAY_AMT5,1942,True,807,452,355,1135,399,754,25,23,2,1917,45,47,21,21,0,1921,15,15,157,12,145,1785,1377,1522,157,12,145,1785,1383,1528,174,15,159,1768,1369,1528,894,118,776,1048,829,1605,0.06899326471668246
targeting,credit_broad,mlp,1005,augmentation,PAY_AMT6,1948,True,427,294,133,1521,387,520,39,36,3,1909,30,33,10,10,0,1938,13,13,210,122,88,1738,345,433,210,121,89,1738,368,457,229,135,94,1719,363,457,556,296,260,1392,554,814,0.02958806422196752
targeting,credit_broad,mlp,1005,augmentation,EDUCATION,1928,False,494,258,236,1434,675,911,53,49,4,1875,41,45,11,11,0,1917,12,12,0,0,0,1928,0,0,11,9,2,1917,55,57,61,56,5,1867,52,57,494,258,236,1434,675,911,0.06651461947808841
targeting,credit_broad,mlp,1005,augmentation,MARRIAGE,1930,False,947,311,636,983,471,1107,45,41,4,1885,33,37,20,20,0,1910,28,28,0,0,0,1930,0,0,20,18,2,1910,62,64,64,57,7,1866,57,64,947,311,636,983,471,1107,0.06362082112702248
targeting,credit_broad,mlp,1005,augmentation,PAY_0,1927,False,662,378,284,1265,415,699,57,50,7,1870,37,44,6,6,0,1921,20,20,0,0,0,1927,0,0,6,5,1,1921,63,64,63,53,10,1864,54,64,662,378,284,1265,415,699,0.03975342487097224
targeting,credit_broad,mlp,1005,augmentation,PAY_2,1929,False,574,354,220,1355,434,654,36,34,2,1893,34,36,13,13,0,1916,22,22,0,0,0,1929,0,0,13,13,0,1916,57,57,47,45,2,1882,55,57,574,354,220,1355,434,654,0.03906239210731959
targeting,credit_broad,mlp,1005,augmentation,PAY_3,1930,False,756,355,401,1174,448,849,48,46,2,1882,42,44,21,21,0,1909,26,26,0,0,0,1930,0,0,21,21,0,1909,70,70,69,64,5,1861,65,70,756,355,401,1174,448,849,0.041523297143989654
targeting,credit_broad,mlp,1005,augmentation,PAY_4,1928,False,669,393,276,1259,337,613,27,23,4,1901,34,38,27,27,0,1901,16,16,0,0,0,1928,0,0,28,28,0,1900,54,54,53,49,4,1875,50,54,669,393,276,1259,337,613,0.04230500001093744
targeting,credit_broad,mlp,1005,augmentation,PAY_5,1929,False,772,453,319,1157,345,664,31,29,2,1898,47,49,13,13,0,1916,9,9,0,0,0,1929,0,0,13,13,0,1916,58,58,43,40,3,1886,55,58,772,453,319,1157,345,664,0.06299612277820935
targeting,credit_broad,mlp,1005,augmentation,PAY_6,1926,False,751,414,337,1175,468,805,39,36,3,1887,32,35,15,15,0,1911,22,22,0,0,0,1926,0,0,15,15,0,1911,56,56,54,49,5,1872,51,56,751,414,337,1175,468,805,0.03634177718335492
signed_targeting,credit_broad,mlp,1005,augmentation,PAY_AMT1,1941,True,538,307,231,1403,559,790,44,41,3,1897,32,35,7,7,0,1934,17,17,168,86,82,1773,232,314,168,84,84,1773,252,336,198,110,88,1743,248,336,622,281,341,1319,626,967,0.05702231134336147
signed_targeting,credit_broad,mlp,1005,augmentation,PAY_AMT2,1946,True,452,271,181,1494,497,678,45,40,5,1901,36,41,1,1,0,1945,2,2,5,4,1,1941,17,18,5,4,1,1941,57,58,50,44,6,1896,52,58,454,270,184,1492,508,692,0.05698497669934093
signed_targeting,credit_broad,mlp,1005,augmentation,PAY_AMT3,1936,True,399,275,124,1537,435,559,39,38,1,1897,26,27,3,3,0,1933,4,4,151,103,48,1785,81,129,151,101,50,1785,104,154,184,132,52,1752,102,154,515,313,202,1421,463,665,0.02513790863123189
signed_targeting,credit_broad,mlp,1005,augmentation,PAY_AMT4,1939,True,606,269,337,1333,568,905,35,32,3,1904,33,36,15,14,1,1924,44,45,223,155,68,1716,375,443,223,149,74,1716,396,470,253,173,80,1686,390,470,741,258,483,1198,637,1120,0.026021791899328846
signed_targeting,credit_broad,mlp,1005,augmentation,PAY_AMT5,1942,True,807,452,355,1135,399,754,25,23,2,1917,45,47,21,21,0,1921,15,15,157,12,145,1785,1377,1522,157,12,145,1785,1383,1528,174,15,159,1768,1369,1528,894,118,776,1048,829,1605,0.06899326471668246
signed_targeting,credit_broad,mlp,1005,augmentation,PAY_AMT6,1948,True,427,294,133,1521,387,520,39,36,3,1909,30,33,10,10,0,1938,13,13,210,122,88,1738,345,433,210,121,89,1738,368,457,229,135,94,1719,363,457,556,296,260,1392,554,814,0.02958806422196752
targeting,credit_broad,mlp,1006,full,LIMIT_BAL,1926,False,1093,1091,2,833,2,4,61,61,0,1865,11,11,57,57,0,1869,0,0,0,0,0,1926,0,0,60,56,4,1866,7,11,115,111,4,1811,7,11,1093,1091,2,833,2,4,0.03250057408083193
targeting,credit_broad,mlp,1006,full,BILL_AMT1,1909,False,1212,1212,0,697,0,0,64,60,4,1845,3,7,18,18,0,1891,0,0,0,0,0,1909,0,0,23,23,0,1886,7,7,82,78,4,1827,3,7,1212,1212,0,697,0,0,0.029155620231320394
targeting,credit_broad,mlp,1006,full,BILL_AMT2,1909,False,724,724,0,1185,0,0,40,39,1,1869,9,10,33,33,0,1876,0,0,0,0,0,1909,0,0,32,30,2,1877,8,10,68,66,2,1841,8,10,724,724,0,1185,0,0,0.013187360715009838
targeting,credit_broad,mlp,1006,full,BILL_AMT3,1902,False,623,623,0,1279,0,0,53,51,2,1849,15,17,25,25,0,1877,0,0,0,0,0,1902,0,0,27,26,1,1875,16,17,77,74,3,1825,14,17,623,623,0,1279,0,0,0.01503438522174794
targeting,credit_broad,mlp,1006,full,BILL_AMT4,1904,False,700,700,0,1204,0,0,46,45,1,1858,4,5,32,32,0,1872,0,0,0,0,0,1904,0,0,32,32,0,1872,5,5,77,76,1,1827,4,5,700,700,0,1204,0,0,0.01906938809928978
targeting,credit_broad,mlp,1006,full,BILL_AMT5,1902,False,633,633,0,1269,0,0,50,50,0,1852,8,8,20,20,0,1882,0,0,0,0,0,1902,0,0,20,20,0,1882,8,8,70,70,0,1832,8,8,633,633,0,1269,0,0,0.019885920318208718
targeting,credit_broad,mlp,1006,full,BILL_AMT6,1901,False,842,842,0,1059,0,0,56,56,0,1845,3,3,94,94,0,1807,0,0,0,0,0,1901,0,0,94,93,1,1807,2,3,142,141,1,1759,2,3,842,842,0,1059,0,0,0.01130963368602206
targeting,credit_broad,mlp,1006,full,PAY_AMT1,1941,True,1070,1070,0,871,0,0,60,59,1,1881,3,4,18,18,0,1923,0,0,142,131,11,1799,1,12,143,131,12,1798,4,16,196,183,13,1745,3,16,1127,1116,11,814,1,12,0.02362072151013935
targeting,credit_broad,mlp,1006,full,PAY_AMT2,1946,True,1004,1004,0,942,0,0,59,56,3,1887,7,10,18,18,0,1928,0,0,98,98,0,1848,0,0,100,98,2,1846,8,10,152,148,4,1794,6,10,1035,1035,0,911,0,0,0.025161947932074467
targeting,credit_broad,mlp,1006,full,PAY_AMT3,1936,True,938,936,2,998,0,2,46,44,2,1890,7,9,41,41,0,1895,0,0,279,271,8,1657,2,10,281,270,11,1655,8,19,303,290,13,1633,6,19,1036,1026,10,900,2,12,0.019496353494645503
targeting,credit_broad,mlp,1006,full,PAY_AMT4,1939,True,900,900,0,1039,1,1,47,47,0,1892,7,7,23,23,0,1916,0,0,181,180,1,1758,0,1,184,182,2,1755,6,8,216,214,2,1723,6,8,970,969,1,969,1,2,0.015844340235498137
targeting,credit_broad,mlp,1006,full,PAY_AMT5,1942,True,858,858,0,1084,0,0,49,48,1,1893,9,10,41,41,0,1901,0,0,267,255,12,1675,5,17,269,253,16,1673,10,26,291,275,16,1651,10,26,943,931,12,999,5,17,0.01910316218872771
targeting,credit_broad,mlp,1006,full,PAY_AMT6,1948,True,780,780,0,1168,0,0,51,49,2,1897,4,6,23,23,0,1925,0,0,426,418,8,1522,2,10,428,418,10,1520,6,16,453,442,11,1495,5,16,1016,1006,10,932,0,10,0.020116838369751863
targeting,credit_broad,mlp,1006,full,EDUCATION,1928,False,812,812,0,1116,1,1,41,39,2,1887,7,9,33,33,0,1895,0,0,0,0,0,1928,0,0,34,34,0,1894,9,9,70,68,2,1858,7,9,812,812,0,1116,1,1,0.019624555475829274
targeting,credit_broad,mlp,1006,full,MARRIAGE,1930,False,985,985,0,945,0,0,62,59,3,1868,4,7,44,44,0,1886,0,0,0,0,0,1930,0,0,46,46,0,1884,7,7,102,99,3,1828,4,7,985,985,0,945,0,0,0.018429384853557662
targeting,credit_broad,mlp,1006,full,PAY_0,1927,False,1158,1154,4,769,0,4,81,80,1,1846,24,25,23,23,0,1904,0,0,0,0,0,1927,0,0,27,25,2,1900,23,25,103,100,3,1824,22,25,1158,1154,4,769,0,4,0.026715758114645896
targeting,credit_broad,mlp,1006,full,PAY_2,1929,False,943,942,1,986,0,1,52,50,2,1877,6,8,29,29,0,1900,0,0,0,0,0,1929,0,0,29,29,0,1900,8,8,81,79,2,1848,6,8,943,942,1,986,0,1,0.024359611974877248
targeting,credit_broad,mlp,1006,full,PAY_3,1930,False,1098,1096,2,832,2,4,60,59,1,1870,7,8,49,49,0,1881,1,1,0,0,0,1930,0,0,50,50,0,1880,9,9,109,107,2,1821,7,9,1098,1096,2,832,2,4,0.032188865073862295
targeting,credit_broad,mlp,1006,full,PAY_4,1928,False,782,782,0,1146,2,2,57,57,0,1871,1,1,39,39,0,1889,0,0,0,0,0,1928,0,0,39,39,0,1889,1,1,93,93,0,1835,1,1,782,782,0,1146,2,2,0.015922513445378088
targeting,credit_broad,mlp,1006,full,PAY_5,1929,False,1033,1033,0,896,0,0,66,66,0,1863,2,2,31,31,0,1898,0,0,0,0,0,1929,0,0,35,35,0,1894,2,2,95,95,0,1834,2,2,1033,1033,0,896,0,0,0.0180695904869873
targeting,credit_broad,mlp,1006,full,PAY_6,1926,False,917,914,3,1009,1,4,43,42,1,1883,3,4,29,29,0,1897,0,0,0,0,0,1926,0,0,31,31,0,1895,4,4,70,69,1,1856,3,4,917,914,3,1009,1,4,0.015710224754423817
signed_targeting,credit_broad,mlp,1006,full,PAY_AMT1,1941,True,1070,1070,0,871,0,0,60,59,1,1881,3,4,18,18,0,1923,0,0,142,131,11,1799,1,12,143,131,12,1798,4,16,196,183,13,1745,3,16,1127,1116,11,814,1,12,0.02362072151013935
signed_targeting,credit_broad,mlp,1006,full,PAY_AMT2,1946,True,1004,1004,0,942,0,0,59,56,3,1887,7,10,18,18,0,1928,0,0,98,98,0,1848,0,0,100,98,2,1846,8,10,152,148,4,1794,6,10,1035,1035,0,911,0,0,0.025161947932074467
signed_targeting,credit_broad,mlp,1006,full,PAY_AMT3,1936,True,938,936,2,998,0,2,46,44,2,1890,7,9,41,41,0,1895,0,0,279,271,8,1657,2,10,281,270,11,1655,8,19,303,290,13,1633,6,19,1036,1026,10,900,2,12,0.019496353494645503
signed_targeting,credit_broad,mlp,1006,full,PAY_AMT4,1939,True,900,900,0,1039,1,1,47,47,0,1892,7,7,23,23,0,1916,0,0,181,180,1,1758,0,1,184,182,2,1755,6,8,216,214,2,1723,6,8,970,969,1,969,1,2,0.015844340235498137
signed_targeting,credit_broad,mlp,1006,full,PAY_AMT5,1942,True,858,858,0,1084,0,0,49,48,1,1893,9,10,41,41,0,1901,0,0,267,255,12,1675,5,17,269,253,16,1673,10,26,291,275,16,1651,10,26,943,931,12,999,5,17,0.01910316218872771
signed_targeting,credit_broad,mlp,1006,full,PAY_AMT6,1948,True,780,780,0,1168,0,0,51,49,2,1897,4,6,23,23,0,1925,0,0,426,418,8,1522,2,10,428,418,10,1520,6,16,453,442,11,1495,5,16,1016,1006,10,932,0,10,0.020116838369751863
targeting,credit_broad,mlp,1006,features,LIMIT_BAL,1926,False,1093,1087,6,833,2,8,61,61,0,1865,5,5,57,57,0,1869,0,0,0,0,0,1926,0,0,60,60,0,1866,5,5,115,115,0,1811,5,5,1093,1087,6,833,2,8,0.03310539698365785
targeting,credit_broad,mlp,1006,features,BILL_AMT1,1909,False,1212,1211,1,697,0,1,64,62,2,1845,3,5,18,18,0,1891,0,0,0,0,0,1909,0,0,23,23,0,1886,5,5,82,80,2,1827,3,5,1212,1211,1,697,0,1,0.02765059923509128
targeting,credit_broad,mlp,1006,features,BILL_AMT2,1909,False,724,724,0,1185,0,0,40,37,3,1869,9,12,33,33,0,1876,0,0,0,0,0,1909,0,0,32,29,3,1877,9,12,68,63,5,1841,7,12,724,724,0,1185,0,0,0.013114526081068379
targeting,credit_broad,mlp,1006,features,BILL_AMT3,1902,False,623,623,0,1279,1,1,53,50,3,1849,5,8,25,25,0,1877,0,0,0,0,0,1902,0,0,27,26,1,1875,7,8,77,73,4,1825,4,8,623,623,0,1279,1,1,0.015180678384576578
targeting,credit_broad,mlp,1006,features,BILL_AMT4,1904,False,700,700,0,1204,0,0,46,45,1,1858,4,5,32,32,0,1872,0,0,0,0,0,1904,0,0,32,32,0,1872,5,5,77,76,1,1827,4,5,700,700,0,1204,0,0,0.019773433241951667
targeting,credit_broad,mlp,1006,features,BILL_AMT5,1902,False,633,633,0,1269,0,0,50,49,1,1852,2,3,20,20,0,1882,0,0,0,0,0,1902,0,0,20,20,0,1882,3,3,70,69,1,1832,2,3,633,633,0,1269,0,0,0.020794858756450443
targeting,credit_broad,mlp,1006,features,BILL_AMT6,1901,False,842,842,0,1059,0,0,56,55,1,1845,1,2,94,94,0,1807,0,0,0,0,0,1901,0,0,94,94,0,1807,2,2,142,141,1,1759,1,2,842,842,0,1059,0,0,0.011815208180626577
targeting,credit_broad,mlp,1006,features,PAY_AMT1,1941,True,1070,1070,0,871,0,0,60,59,1,1881,3,4,18,18,0,1923,0,0,142,129,13,1799,2,15,143,129,14,1798,5,19,196,181,15,1745,4,19,1127,1114,13,814,2,15,0.023568040097083964
targeting,credit_broad,mlp,1006,features,PAY_AMT2,1946,True,1004,1003,1,942,0,1,59,58,1,1887,7,8,18,18,0,1928,0,0,98,98,0,1848,0,0,100,99,1,1846,7,8,152,151,1,1794,7,8,1035,1034,1,911,0,1,0.023617595826020767
targeting,credit_broad,mlp,1006,features,PAY_AMT3,1936,True,938,938,0,998,0,0,46,46,0,1890,5,5,41,41,0,1895,0,0,279,271,8,1657,2,10,281,271,10,1655,5,15,303,293,10,1633,5,15,1036,1027,9,900,1,10,0.020000000496650103
targeting,credit_broad,mlp,1006,features,PAY_AMT4,1939,True,900,900,0,1039,0,0,47,45,2,1892,7,9,23,23,0,1916,0,0,181,179,2,1758,0,2,184,179,5,1755,6,11,216,209,7,1723,4,11,970,968,2,969,0,2,0.015886125712550228
targeting,credit_broad,mlp,1006,features,PAY_AMT5,1942,True,858,858,0,1084,0,0,49,48,1,1893,5,6,41,41,0,1901,0,0,267,262,5,1675,8,13,269,263,6,1673,13,19,291,284,7,1651,12,19,943,937,6,999,7,13,0.01970179914231521
targeting,credit_broad,mlp,1006,features,PAY_AMT6,1948,True,780,780,0,1168,0,0,51,51,0,1897,2,2,23,23,0,1925,0,0,426,411,15,1522,2,17,428,413,15,1520,3,18,453,438,15,1495,3,18,1016,999,17,932,0,17,0.0201369983379194
targeting,credit_broad,mlp,1006,features,EDUCATION,1928,False,812,812,0,1116,0,0,41,38,3,1887,2,5,33,33,0,1895,0,0,0,0,0,1928,0,0,34,34,0,1894,5,5,70,67,3,1858,2,5,812,812,0,1116,0,0,0.02002043691843939
targeting,credit_broad,mlp,1006,features,MARRIAGE,1930,False,985,985,0,945,0,0,62,59,3,1868,4,7,44,44,0,1886,0,0,0,0,0,1930,0,0,46,46,0,1884,7,7,102,99,3,1828,4,7,985,985,0,945,0,0,0.01809683940913633
targeting,credit_broad,mlp,1006,features,PAY_0,1927,False,1158,1156,2,769,3,5,81,79,2,1846,13,15,23,23,0,1904,0,0,0,0,0,1927,0,0,27,26,1,1900,14,15,103,100,3,1824,12,15,1158,1156,2,769,3,5,0.027087544615529147
targeting,credit_broad,mlp,1006,features,PAY_2,1929,False,943,943,0,986,0,0,52,52,0,1877,7,7,29,29,0,1900,0,0,0,0,0,1929,0,0,29,29,0,1900,7,7,81,81,0,1848,7,7,943,943,0,986,0,0,0.02316577755384341
targeting,credit_broad,mlp,1006,features,PAY_3,1930,False,1098,1097,1,832,0,1,60,59,1,1870,4,5,49,49,0,1881,0,0,0,0,0,1930,0,0,50,50,0,1880,5,5,109,108,1,1821,4,5,1098,1097,1,832,0,1,0.03215278622106053
targeting,credit_broad,mlp,1006,features,PAY_4,1928,False,782,781,1,1146,4,5,57,57,0,1871,3,3,39,39,0,1889,0,0,0,0,0,1928,0,0,39,38,1,1889,2,3,93,92,1,1835,2,3,782,781,1,1146,4,5,0.01606212032937159
targeting,credit_broad,mlp,1006,features,PAY_5,1929,False,1033,1033,0,896,0,0,66,66,0,1863,2,2,31,31,0,1898,0,0,0,0,0,1929,0,0,35,35,0,1894,2,2,95,95,0,1834,2,2,1033,1033,0,896,0,0,0.018723221781281555
targeting,credit_broad,mlp,1006,features,PAY_6,1926,False,917,916,1,1009,1,2,43,43,0,1883,0,0,29,29,0,1897,0,0,0,0,0,1926,0,0,31,31,0,1895,0,0,70,70,0,1856,0,0,917,916,1,1009,1,2,0.015456109415338964
signed_targeting,credit_broad,mlp,1006,features,PAY_AMT1,1941,True,1070,1070,0,871,0,0,60,59,1,1881,3,4,18,18,0,1923,0,0,142,129,13,1799,2,15,143,129,14,1798,5,19,196,181,15,1745,4,19,1127,1114,13,814,2,15,0.023568040097083964
signed_targeting,credit_broad,mlp,1006,features,PAY_AMT2,1946,True,1004,1003,1,942,0,1,59,58,1,1887,7,8,18,18,0,1928,0,0,98,98,0,1848,0,0,100,99,1,1846,7,8,152,151,1,1794,7,8,1035,1034,1,911,0,1,0.023617595826020767
signed_targeting,credit_broad,mlp,1006,features,PAY_AMT3,1936,True,938,938,0,998,0,0,46,46,0,1890,5,5,41,41,0,1895,0,0,279,271,8,1657,2,10,281,271,10,1655,5,15,303,293,10,1633,5,15,1036,1027,9,900,1,10,0.020000000496650103
signed_targeting,credit_broad,mlp,1006,features,PAY_AMT4,1939,True,900,900,0,1039,0,0,47,45,2,1892,7,9,23,23,0,1916,0,0,181,179,2,1758,0,2,184,179,5,1755,6,11,216,209,7,1723,4,11,970,968,2,969,0,2,0.015886125712550228
signed_targeting,credit_broad,mlp,1006,features,PAY_AMT5,1942,True,858,858,0,1084,0,0,49,48,1,1893,5,6,41,41,0,1901,0,0,267,262,5,1675,8,13,269,263,6,1673,13,19,291,284,7,1651,12,19,943,937,6,999,7,13,0.01970179914231521
signed_targeting,credit_broad,mlp,1006,features,PAY_AMT6,1948,True,780,780,0,1168,0,0,51,51,0,1897,2,2,23,23,0,1925,0,0,426,411,15,1522,2,17,428,413,15,1520,3,18,453,438,15,1495,3,18,1016,999,17,932,0,17,0.0201369983379194
targeting,credit_broad,mlp,1006,contexts,LIMIT_BAL,1926,False,1093,1087,6,833,0,6,61,58,3,1865,26,29,57,57,0,1869,0,0,0,0,0,1926,0,0,60,58,2,1866,27,29,115,110,5,1811,24,29,1093,1087,6,833,0,6,0.04127482930424297
targeting,credit_broad,mlp,1006,contexts,BILL_AMT1,1909,False,1212,1212,0,697,0,0,64,62,2,1845,16,18,18,18,0,1891,0,0,0,0,0,1909,0,0,23,21,2,1886,16,18,82,79,3,1827,15,18,1212,1212,0,697,0,0,0.0436205037605513
targeting,credit_broad,mlp,1006,contexts,BILL_AMT2,1909,False,724,724,0,1185,0,0,40,38,2,1869,33,35,33,33,0,1876,0,0,0,0,0,1909,0,0,32,27,5,1877,30,35,68,62,6,1841,29,35,724,724,0,1185,0,0,0.013785937476325233
targeting,credit_broad,mlp,1006,contexts,BILL_AMT3,1902,False,623,623,0,1279,0,0,53,53,0,1849,30,30,25,25,0,1877,0,0,0,0,0,1902,0,0,27,25,2,1875,28,30,77,75,2,1825,28,30,623,623,0,1279,0,0,0.02291324591283982
targeting,credit_broad,mlp,1006,contexts,BILL_AMT4,1904,False,700,700,0,1204,2,2,46,45,1,1858,33,34,32,32,0,1872,0,0,0,0,0,1904,0,0,32,30,2,1872,32,34,77,74,3,1827,31,34,700,700,0,1204,2,2,0.021828408934977304
targeting,credit_broad,mlp,1006,contexts,BILL_AMT5,1902,False,633,631,2,1269,0,2,50,50,0,1852,19,19,20,20,0,1882,0,0,0,0,0,1902,0,0,20,17,3,1882,16,19,70,67,3,1832,16,19,633,631,2,1269,0,2,0.02536619221672874
targeting,credit_broad,mlp,1006,contexts,BILL_AMT6,1901,False,842,842,0,1059,0,0,56,55,1,1845,12,13,94,94,0,1807,0,0,0,0,0,1901,0,0,94,93,1,1807,12,13,142,140,2,1759,11,13,842,842,0,1059,0,0,0.016105534844141952
targeting,credit_broad,mlp,1006,contexts,PAY_AMT1,1941,True,1070,1067,3,871,0,3,60,53,7,1881,24,31,18,18,0,1923,0,0,142,142,0,1799,0,0,143,130,13,1798,18,31,196,176,20,1745,11,31,1127,1124,3,814,0,3,0.02701713375203102
targeting,credit_broad,mlp,1006,contexts,PAY_AMT2,1946,True,1004,1004,0,942,0,0,59,56,3,1887,23,26,18,18,0,1928,0,0,98,98,0,1848,0,0,100,96,4,1846,22,26,152,145,7,1794,19,26,1035,1035,0,911,0,0,0.03499344554269516
targeting,credit_broad,mlp,1006,contexts,PAY_AMT3,1936,True,938,938,0,998,0,0,46,46,0,1890,21,21,41,41,0,1895,0,0,279,278,1,1657,6,7,281,269,12,1655,16,28,303,291,12,1633,16,28,1036,1034,2,900,5,7,0.025812998704861687
targeting,credit_broad,mlp,1006,contexts,PAY_AMT4,1939,True,900,898,2,1039,0,2,47,45,2,1892,24,26,23,23,0,1916,0,0,181,181,0,1758,1,1,184,177,7,1755,20,27,216,208,8,1723,19,27,970,967,3,969,0,3,0.02332355498207323
targeting,credit_broad,mlp,1006,contexts,PAY_AMT5,1942,True,858,858,0,1084,2,2,49,45,4,1893,25,29,41,41,0,1901,0,0,267,267,0,1675,0,0,269,257,12,1673,17,29,291,276,15,1651,14,29,943,943,0,999,2,2,0.021908316460730822
targeting,credit_broad,mlp,1006,contexts,PAY_AMT6,1948,True,780,780,0,1168,0,0,51,49,2,1897,22,24,23,23,0,1925,0,0,426,426,0,1522,1,1,428,423,5,1520,19,24,453,448,5,1495,19,24,1016,1015,1,932,0,1,0.025011801686652783
targeting,credit_broad,mlp,1006,contexts,EDUCATION,1928,False,812,810,2,1116,2,4,41,40,1,1887,22,23,33,33,0,1895,1,1,0,0,0,1928,0,0,34,34,0,1894,24,24,70,69,1,1858,23,24,812,810,2,1116,2,4,0.023611919646243137
targeting,credit_broad,mlp,1006,contexts,MARRIAGE,1930,False,985,985,0,945,0,0,62,57,5,1868,24,29,44,44,0,1886,0,0,0,0,0,1930,0,0,46,45,1,1884,28,29,102,96,6,1828,23,29,985,985,0,945,0,0,0.024791092840065854
targeting,credit_broad,mlp,1006,contexts,PAY_0,1927,False,1158,1157,1,769,2,3,81,77,4,1846,32,36,23,23,0,1904,0,0,0,0,0,1927,0,0,27,25,2,1900,34,36,103,98,5,1824,31,36,1158,1157,1,769,2,3,0.0320557481958988
targeting,credit_broad,mlp,1006,contexts,PAY_2,1929,False,943,942,1,986,1,2,52,51,1,1877,14,15,29,29,0,1900,0,0,0,0,0,1929,0,0,29,29,0,1900,15,15,81,80,1,1848,14,15,943,942,1,986,1,2,0.03194565948858775
targeting,credit_broad,mlp,1006,contexts,PAY_3,1930,False,1098,1095,3,832,0,3,60,55,5,1870,28,33,49,49,0,1881,0,0,0,0,0,1930,0,0,50,50,0,1880,33,33,109,104,5,1821,28,33,1098,1095,3,832,0,3,0.04469571580234391
targeting,credit_broad,mlp,1006,contexts,PAY_4,1928,False,782,781,1,1146,1,2,57,55,2,1871,14,16,39,39,0,1889,0,0,0,0,0,1928,0,0,39,37,2,1889,14,16,93,89,4,1835,12,16,782,781,1,1146,1,2,0.020126470696864598
targeting,credit_broad,mlp,1006,contexts,PAY_5,1929,False,1033,1031,2,896,0,2,66,66,0,1863,10,10,31,31,0,1898,0,0,0,0,0,1929,0,0,35,35,0,1894,10,10,95,95,0,1834,10,10,1033,1031,2,896,0,2,0.025586562579120738
targeting,credit_broad,mlp,1006,contexts,PAY_6,1926,False,917,915,2,1009,0,2,43,42,1,1883,18,19,29,29,0,1897,0,0,0,0,0,1926,0,0,31,28,3,1895,16,19,70,66,4,1856,15,19,917,915,2,1009,0,2,0.019139073185627926
signed_targeting,credit_broad,mlp,1006,contexts,PAY_AMT1,1941,True,1070,1067,3,871,0,3,60,53,7,1881,24,31,18,18,0,1923,0,0,142,142,0,1799,0,0,143,130,13,1798,18,31,196,176,20,1745,11,31,1127,1124,3,814,0,3,0.02701713375203102
signed_targeting,credit_broad,mlp,1006,contexts,PAY_AMT2,1946,True,1004,1004,0,942,0,0,59,56,3,1887,23,26,18,18,0,1928,0,0,98,98,0,1848,0,0,100,96,4,1846,22,26,152,145,7,1794,19,26,1035,1035,0,911,0,0,0.03499344554269516
signed_targeting,credit_broad,mlp,1006,contexts,PAY_AMT3,1936,True,938,938,0,998,0,0,46,46,0,1890,21,21,41,41,0,1895,0,0,279,278,1,1657,6,7,281,269,12,1655,16,28,303,291,12,1633,16,28,1036,1034,2,900,5,7,0.025812998704861687
signed_targeting,credit_broad,mlp,1006,contexts,PAY_AMT4,1939,True,900,898,2,1039,0,2,47,45,2,1892,24,26,23,23,0,1916,0,0,181,181,0,1758,1,1,184,177,7,1755,20,27,216,208,8,1723,19,27,970,967,3,969,0,3,0.02332355498207323
signed_targeting,credit_broad,mlp,1006,contexts,PAY_AMT5,1942,True,858,858,0,1084,2,2,49,45,4,1893,25,29,41,41,0,1901,0,0,267,267,0,1675,0,0,269,257,12,1673,17,29,291,276,15,1651,14,29,943,943,0,999,2,2,0.021908316460730822
signed_targeting,credit_broad,mlp,1006,contexts,PAY_AMT6,1948,True,780,780,0,1168,0,0,51,49,2,1897,22,24,23,23,0,1925,0,0,426,426,0,1522,1,1,428,423,5,1520,19,24,453,448,5,1495,19,24,1016,1015,1,932,0,1,0.025011801686652783
targeting,credit_broad,mlp,1006,population,LIMIT_BAL,1926,False,1093,1075,18,833,9,27,61,60,1,1865,23,24,57,57,0,1869,0,0,0,0,0,1926,0,0,60,53,7,1866,17,24,115,107,8,1811,16,24,1093,1075,18,833,9,27,0.041121936863749146
targeting,credit_broad,mlp,1006,population,BILL_AMT1,1909,False,1212,1212,0,697,0,0,64,63,1,1845,7,8,18,18,0,1891,0,0,0,0,0,1909,0,0,23,23,0,1886,8,8,82,81,1,1827,7,8,1212,1212,0,697,0,0,0.04376188368010086
targeting,credit_broad,mlp,1006,population,BILL_AMT2,1909,False,724,724,0,1185,0,0,40,39,1,1869,38,39,33,33,0,1876,0,0,0,0,0,1909,0,0,32,27,5,1877,34,39,68,63,5,1841,34,39,724,724,0,1185,0,0,0.014390478821011249
targeting,credit_broad,mlp,1006,population,BILL_AMT3,1902,False,623,623,0,1279,1,1,53,49,4,1849,25,29,25,25,0,1877,0,0,0,0,0,1902,0,0,27,27,0,1875,29,29,77,73,4,1825,25,29,623,623,0,1279,1,1,0.022865854256462072
targeting,credit_broad,mlp,1006,population,BILL_AMT4,1904,False,700,698,2,1204,3,5,46,45,1,1858,9,10,32,32,0,1872,0,0,0,0,0,1904,0,0,32,32,0,1872,10,10,77,76,1,1827,9,10,700,698,2,1204,3,5,0.02141897064225542
targeting,credit_broad,mlp,1006,population,BILL_AMT5,1902,False,633,625,8,1269,3,11,50,49,1,1852,10,11,20,20,0,1882,0,0,0,0,0,1902,0,0,20,20,0,1882,11,11,70,69,1,1832,10,11,633,625,8,1269,3,11,0.02539497541159802
targeting,credit_broad,mlp,1006,population,BILL_AMT6,1901,False,842,841,1,1059,0,1,56,56,0,1845,8,8,94,94,0,1807,0,0,0,0,0,1901,0,0,94,94,0,1807,8,8,142,142,0,1759,8,8,842,841,1,1059,0,1,0.016386538612612012
targeting,credit_broad,mlp,1006,population,PAY_AMT1,1941,True,1070,1000,70,871,10,80,60,50,10,1881,21,31,18,18,0,1923,0,0,142,142,0,1799,0,0,143,134,9,1798,22,31,196,178,18,1745,13,31,1127,1057,70,814,10,80,0.02696973159158323
targeting,credit_broad,mlp,1006,population,PAY_AMT2,1946,True,1004,1004,0,942,0,0,59,56,3,1887,21,24,18,18,0,1928,0,0,98,98,0,1848,0,0,100,98,2,1846,22,24,152,147,5,1794,19,24,1035,1035,0,911,0,0,0.0346089979830595
targeting,credit_broad,mlp,1006,population,PAY_AMT3,1936,True,938,936,2,998,0,2,46,46,0,1890,14,14,41,41,0,1895,0,0,279,276,3,1657,5,8,281,273,8,1655,14,22,303,295,8,1633,14,22,1036,1030,6,900,4,10,0.025715478467610214
targeting,credit_broad,mlp,1006,population,PAY_AMT4,1939,True,900,881,19,1039,16,35,47,44,3,1892,20,23,23,23,0,1916,0,0,181,181,0,1758,1,1,184,174,10,1755,14,24,216,204,12,1723,12,24,970,949,21,969,15,36,0.022750589487437464
targeting,credit_broad,mlp,1006,population,PAY_AMT5,1942,True,858,857,1,1084,0,1,49,48,1,1893,10,11,41,41,0,1901,0,0,267,267,0,1675,0,0,269,264,5,1673,6,11,291,285,6,1651,5,11,943,942,1,999,0,1,0.022234618178360182
targeting,credit_broad,mlp,1006,population,PAY_AMT6,1948,True,780,779,1,1168,2,3,51,51,0,1897,16,16,23,23,0,1925,0,0,426,425,1,1522,1,2,428,423,5,1520,13,18,453,448,5,1495,13,18,1016,1013,3,932,2,5,0.024639156005652186
targeting,credit_broad,mlp,1006,population,EDUCATION,1928,False,812,800,12,1116,9,21,41,40,1,1887,13,14,33,33,0,1895,2,2,0,0,0,1928,0,0,34,34,0,1894,16,16,70,69,1,1858,15,16,812,800,12,1116,9,21,0.023237446522798775
targeting,credit_broad,mlp,1006,population,MARRIAGE,1930,False,985,985,0,945,1,1,62,58,4,1868,27,31,44,44,0,1886,0,0,0,0,0,1930,0,0,46,44,2,1884,29,31,102,97,5,1828,26,31,985,985,0,945,1,1,0.024539865301444894
targeting,credit_broad,mlp,1006,population,PAY_0,1927,False,1158,1122,36,769,8,44,81,74,7,1846,43,50,23,23,0,1904,0,0,0,0,0,1927,0,0,27,22,5,1900,45,50,103,92,11,1824,39,50,1158,1122,36,769,8,44,0.031418049517574285
targeting,credit_broad,mlp,1006,population,PAY_2,1929,False,943,939,4,986,5,9,52,46,6,1877,26,32,29,29,0,1900,0,0,0,0,0,1929,0,0,29,29,0,1900,32,32,81,75,6,1848,26,32,943,939,4,986,5,9,0.03131490871256998
targeting,credit_broad,mlp,1006,population,PAY_3,1930,False,1098,1095,3,832,7,10,60,57,3,1870,29,32,49,49,0,1881,0,0,0,0,0,1930,0,0,50,50,0,1880,32,32,109,106,3,1821,29,32,1098,1095,3,832,7,10,0.045299175501508145
targeting,credit_broad,mlp,1006,population,PAY_4,1928,False,782,778,4,1146,11,15,57,56,1,1871,10,11,39,39,0,1889,0,0,0,0,0,1928,0,0,39,39,0,1889,11,11,93,92,1,1835,10,11,782,778,4,1146,11,15,0.01943720738134135
targeting,credit_broad,mlp,1006,population,PAY_5,1929,False,1033,1029,4,896,3,7,66,65,1,1863,14,15,31,31,0,1898,0,0,0,0,0,1929,0,0,35,34,1,1894,14,15,95,93,2,1834,13,15,1033,1029,4,896,3,7,0.02508185265584782
targeting,credit_broad,mlp,1006,population,PAY_6,1926,False,917,917,0,1009,1,1,43,41,2,1883,18,20,29,29,0,1897,0,0,0,0,0,1926,0,0,31,29,2,1895,18,20,70,66,4,1856,16,20,917,917,0,1009,1,1,0.018623279372164576
signed_targeting,credit_broad,mlp,1006,population,PAY_AMT1,1941,True,1070,1000,70,871,10,80,60,50,10,1881,21,31,18,18,0,1923,0,0,142,142,0,1799,0,0,143,134,9,1798,22,31,196,178,18,1745,13,31,1127,1057,70,814,10,80,0.02696973159158323
signed_targeting,credit_broad,mlp,1006,population,PAY_AMT2,1946,True,1004,1004,0,942,0,0,59,56,3,1887,21,24,18,18,0,1928,0,0,98,98,0,1848,0,0,100,98,2,1846,22,24,152,147,5,1794,19,24,1035,1035,0,911,0,0,0.0346089979830595
signed_targeting,credit_broad,mlp,1006,population,PAY_AMT3,1936,True,938,936,2,998,0,2,46,46,0,1890,14,14,41,41,0,1895,0,0,279,276,3,1657,5,8,281,273,8,1655,14,22,303,295,8,1633,14,22,1036,1030,6,900,4,10,0.025715478467610214
signed_targeting,credit_broad,mlp,1006,population,PAY_AMT4,1939,True,900,881,19,1039,16,35,47,44,3,1892,20,23,23,23,0,1916,0,0,181,181,0,1758,1,1,184,174,10,1755,14,24,216,204,12,1723,12,24,970,949,21,969,15,36,0.022750589487437464
signed_targeting,credit_broad,mlp,1006,population,PAY_AMT5,1942,True,858,857,1,1084,0,1,49,48,1,1893,10,11,41,41,0,1901,0,0,267,267,0,1675,0,0,269,264,5,1673,6,11,291,285,6,1651,5,11,943,942,1,999,0,1,0.022234618178360182
signed_targeting,credit_broad,mlp,1006,population,PAY_AMT6,1948,True,780,779,1,1168,2,3,51,51,0,1897,16,16,23,23,0,1925,0,0,426,425,1,1522,1,2,428,423,5,1520,13,18,453,448,5,1495,13,18,1016,1013,3,932,2,5,0.024639156005652186
targeting,credit_broad,mlp,1006,task,LIMIT_BAL,1926,False,1093,995,98,833,27,125,61,57,4,1865,20,24,57,57,0,1869,0,0,0,0,0,1926,0,0,60,56,4,1866,20,24,115,107,8,1811,16,24,1093,995,98,833,27,125,0.041669048974357366
targeting,credit_broad,mlp,1006,task,BILL_AMT1,1909,False,1212,1211,1,697,3,4,64,59,5,1845,13,18,18,18,0,1891,0,0,0,0,0,1909,0,0,23,21,2,1886,16,18,82,77,5,1827,13,18,1212,1211,1,697,3,4,0.038214878893371954
targeting,credit_broad,mlp,1006,task,BILL_AMT2,1909,False,724,709,15,1185,12,27,40,38,2,1869,22,24,33,33,0,1876,0,0,0,0,0,1909,0,0,32,31,1,1877,23,24,68,65,3,1841,21,24,724,709,15,1185,12,27,0.015715667290653833
targeting,credit_broad,mlp,1006,task,BILL_AMT3,1902,False,623,621,2,1279,5,7,53,48,5,1849,17,22,25,25,0,1877,0,0,0,0,0,1902,0,0,27,25,2,1875,20,22,77,70,7,1825,15,22,623,621,2,1279,5,7,0.023944722099460924
targeting,credit_broad,mlp,1006,task,BILL_AMT4,1904,False,700,681,19,1204,31,50,46,42,4,1858,9,13,32,32,0,1872,1,1,0,0,0,1904,0,0,32,29,3,1872,10,13,77,71,6,1827,7,13,700,681,19,1204,31,50,0.02155926300936143
targeting,credit_broad,mlp,1006,task,BILL_AMT5,1902,False,633,617,16,1269,4,20,50,49,1,1852,13,14,20,20,0,1882,1,1,0,0,0,1902,0,0,20,20,0,1882,15,15,70,69,1,1832,14,15,633,617,16,1269,4,20,0.024760923799190166
targeting,credit_broad,mlp,1006,task,BILL_AMT6,1901,False,842,838,4,1059,0,4,56,56,0,1845,6,6,94,94,0,1807,0,0,0,0,0,1901,0,0,94,94,0,1807,6,6,142,142,0,1759,6,6,842,838,4,1059,0,4,0.015471054416436227
targeting,credit_broad,mlp,1006,task,PAY_AMT1,1941,True,1070,993,77,871,15,92,60,54,6,1881,24,30,18,18,0,1923,0,0,142,142,0,1799,0,0,143,136,7,1798,23,30,196,185,11,1745,19,30,1127,1047,80,814,12,92,0.025577122554295454
targeting,credit_broad,mlp,1006,task,PAY_AMT2,1946,True,1004,992,12,942,7,19,59,54,5,1887,13,18,18,18,0,1928,0,0,98,98,0,1848,0,0,100,98,2,1846,16,18,152,146,6,1794,12,18,1035,1022,13,911,6,19,0.03049349555945601
targeting,credit_broad,mlp,1006,task,PAY_AMT3,1936,True,938,912,26,998,8,34,46,41,5,1890,10,15,41,41,0,1895,0,0,279,253,26,1657,20,46,281,250,31,1655,30,61,303,267,36,1633,25,61,1036,970,66,900,14,80,0.024419351776084168
targeting,credit_broad,mlp,1006,task,PAY_AMT4,1939,True,900,867,33,1039,18,51,47,42,5,1892,21,26,23,23,0,1916,0,0,181,180,1,1758,1,2,184,176,8,1755,20,28,216,205,11,1723,17,28,970,934,36,969,17,53,0.021335229636080717
targeting,credit_broad,mlp,1006,task,PAY_AMT5,1942,True,858,841,17,1084,8,25,49,42,7,1893,20,27,41,41,0,1901,0,0,267,266,1,1675,0,1,269,257,12,1673,16,28,291,276,15,1651,13,28,943,923,20,999,6,26,0.021811496283481367
targeting,credit_broad,mlp,1006,task,PAY_AMT6,1948,True,780,769,11,1168,12,23,51,44,7,1897,16,23,23,23,0,1925,0,0,426,426,0,1522,1,1,428,419,9,1520,15,24,453,441,12,1495,12,24,1016,1001,15,932,9,24,0.023211356773865436
targeting,credit_broad,mlp,1006,task,EDUCATION,1928,False,812,790,22,1116,21,43,41,38,3,1887,8,11,33,33,0,1895,0,0,0,0,0,1928,0,0,34,34,0,1894,11,11,70,67,3,1858,8,11,812,790,22,1116,21,43,0.022137387414481843
targeting,credit_broad,mlp,1006,task,MARRIAGE,1930,False,985,979,6,945,5,11,62,57,5,1868,13,18,44,44,0,1886,0,0,0,0,0,1930,0,0,46,46,0,1884,18,18,102,97,5,1828,13,18,985,979,6,945,5,11,0.024652285360585238
targeting,credit_broad,mlp,1006,task,PAY_0,1927,False,1158,981,177,769,60,237,81,76,5,1846,34,39,23,23,0,1904,0,0,0,0,0,1927,0,0,27,21,6,1900,33,39,103,92,11,1824,28,39,1158,981,177,769,60,237,0.03013415973083915
targeting,credit_broad,mlp,1006,task,PAY_2,1929,False,943,872,71,986,33,104,52,48,4,1877,27,31,29,29,0,1900,1,1,0,0,0,1929,0,0,29,29,0,1900,32,32,81,77,4,1848,28,32,943,872,71,986,33,104,0.028224115731720144
targeting,credit_broad,mlp,1006,task,PAY_3,1930,False,1098,1013,85,832,27,112,60,56,4,1870,24,28,49,49,0,1881,0,0,0,0,0,1930,0,0,50,50,0,1880,28,28,109,105,4,1821,24,28,1098,1013,85,832,27,112,0.038815523128723495
targeting,credit_broad,mlp,1006,task,PAY_4,1928,False,782,757,25,1146,24,49,57,53,4,1871,19,23,39,39,0,1889,0,0,0,0,0,1928,0,0,39,39,0,1889,23,23,93,89,4,1835,19,23,782,757,25,1146,24,49,0.021624537269996868
targeting,credit_broad,mlp,1006,task,PAY_5,1929,False,1033,1014,19,896,8,27,66,64,2,1863,22,24,31,31,0,1898,0,0,0,0,0,1929,0,0,35,35,0,1894,24,24,95,93,2,1834,22,24,1033,1014,19,896,8,27,0.0232406840262343
targeting,credit_broad,mlp,1006,task,PAY_6,1926,False,917,905,12,1009,7,19,43,43,0,1883,14,14,29,29,0,1897,1,1,0,0,0,1926,0,0,31,30,1,1895,14,15,70,69,1,1856,14,15,917,905,12,1009,7,19,0.01752587399011574
signed_targeting,credit_broad,mlp,1006,task,PAY_AMT1,1941,True,1070,993,77,871,15,92,60,54,6,1881,24,30,18,18,0,1923,0,0,142,142,0,1799,0,0,143,136,7,1798,23,30,196,185,11,1745,19,30,1127,1047,80,814,12,92,0.025577122554295454
signed_targeting,credit_broad,mlp,1006,task,PAY_AMT2,1946,True,1004,992,12,942,7,19,59,54,5,1887,13,18,18,18,0,1928,0,0,98,98,0,1848,0,0,100,98,2,1846,16,18,152,146,6,1794,12,18,1035,1022,13,911,6,19,0.03049349555945601
signed_targeting,credit_broad,mlp,1006,task,PAY_AMT3,1936,True,938,912,26,998,8,34,46,41,5,1890,10,15,41,41,0,1895,0,0,279,253,26,1657,20,46,281,250,31,1655,30,61,303,267,36,1633,25,61,1036,970,66,900,14,80,0.024419351776084168
signed_targeting,credit_broad,mlp,1006,task,PAY_AMT4,1939,True,900,867,33,1039,18,51,47,42,5,1892,21,26,23,23,0,1916,0,0,181,180,1,1758,1,2,184,176,8,1755,20,28,216,205,11,1723,17,28,970,934,36,969,17,53,0.021335229636080717
signed_targeting,credit_broad,mlp,1006,task,PAY_AMT5,1942,True,858,841,17,1084,8,25,49,42,7,1893,20,27,41,41,0,1901,0,0,267,266,1,1675,0,1,269,257,12,1673,16,28,291,276,15,1651,13,28,943,923,20,999,6,26,0.021811496283481367
signed_targeting,credit_broad,mlp,1006,task,PAY_AMT6,1948,True,780,769,11,1168,12,23,51,44,7,1897,16,23,23,23,0,1925,0,0,426,426,0,1522,1,1,428,419,9,1520,15,24,453,441,12,1495,12,24,1016,1001,15,932,9,24,0.023211356773865436
targeting,credit_broad,mlp,1006,augmentation,LIMIT_BAL,1926,False,1093,901,192,833,131,323,61,58,3,1865,21,24,57,56,1,1869,6,7,0,0,0,1926,0,0,60,56,4,1866,27,31,115,106,9,1811,22,31,1093,901,192,833,131,323,0.04277850525078637
targeting,credit_broad,mlp,1006,augmentation,BILL_AMT1,1909,False,1212,1090,122,697,62,184,64,57,7,1845,15,22,18,18,0,1891,1,1,0,0,0,1909,0,0,23,23,0,1886,23,23,82,74,8,1827,15,23,1212,1090,122,697,62,184,0.02532633376424701
targeting,credit_broad,mlp,1006,augmentation,BILL_AMT2,1909,False,724,647,77,1185,100,177,40,36,4,1869,24,28,33,33,0,1876,6,6,0,0,0,1909,0,0,32,32,0,1877,34,34,68,64,4,1841,30,34,724,647,77,1185,100,177,0.02517030260169382
targeting,credit_broad,mlp,1006,augmentation,BILL_AMT3,1902,False,623,556,67,1279,98,165,53,51,2,1849,19,21,25,25,0,1877,6,6,0,0,0,1902,0,0,27,27,0,1875,27,27,77,73,4,1825,23,27,623,556,67,1279,98,165,0.03515464115439777
targeting,credit_broad,mlp,1006,augmentation,BILL_AMT4,1904,False,700,616,84,1204,117,201,46,41,5,1858,18,23,32,32,0,1872,7,7,0,0,0,1904,0,0,32,32,0,1872,30,30,77,72,5,1827,25,30,700,616,84,1204,117,201,0.026337885396145358
targeting,credit_broad,mlp,1006,augmentation,BILL_AMT5,1902,False,633,571,62,1269,95,157,50,46,4,1852,13,17,20,20,0,1882,2,2,0,0,0,1902,0,0,20,19,1,1882,18,19,70,65,5,1832,14,19,633,571,62,1269,95,157,0.03137625747428194
targeting,credit_broad,mlp,1006,augmentation,BILL_AMT6,1901,False,842,630,212,1059,153,365,56,53,3,1845,31,34,94,93,1,1807,3,4,0,0,0,1901,0,0,94,93,1,1807,37,38,142,138,4,1759,34,38,842,630,212,1059,153,365,0.022985067326629364
targeting,credit_broad,mlp,1006,augmentation,PAY_AMT1,1941,True,1070,917,153,871,105,258,60,54,6,1881,19,25,18,18,0,1923,3,3,142,94,48,1799,46,94,143,92,51,1798,67,118,196,139,57,1745,61,118,1127,912,215,814,119,334,0.028334188494849765
targeting,credit_broad,mlp,1006,augmentation,PAY_AMT2,1946,True,1004,889,115,942,100,215,59,52,7,1887,20,27,18,18,0,1928,2,2,98,71,27,1848,46,73,100,71,29,1846,69,98,152,112,40,1794,58,98,1035,874,161,911,121,282,0.029150826321630276
targeting,credit_broad,mlp,1006,augmentation,PAY_AMT3,1936,True,938,807,131,998,113,244,46,43,3,1890,17,20,41,40,1,1895,6,7,279,74,205,1657,724,929,281,73,208,1655,726,934,303,80,223,1633,711,934,1036,411,625,900,412,1037,0.0379173656166276
targeting,credit_broad,mlp,1006,augmentation,PAY_AMT4,1939,True,900,772,128,1039,105,233,47,45,2,1892,13,15,23,23,0,1916,4,4,181,138,43,1758,150,193,184,139,45,1755,163,208,216,166,50,1723,158,208,970,747,223,969,173,396,0.02905274592253767
targeting,credit_broad,mlp,1006,augmentation,PAY_AMT5,1942,True,858,757,101,1084,73,174,49,45,4,1893,14,18,41,40,1,1901,5,6,267,118,149,1675,521,670,269,119,150,1673,532,682,291,131,160,1651,522,682,943,528,415,999,373,788,0.02828884757487927
targeting,credit_broad,mlp,1006,augmentation,PAY_AMT6,1948,True,780,686,94,1168,85,179,51,46,5,1897,22,27,23,22,1,1925,3,4,426,174,252,1522,462,714,428,173,255,1520,480,735,453,188,265,1495,470,735,1016,537,479,932,357,836,0.02671644849286802
targeting,credit_broad,mlp,1006,augmentation,EDUCATION,1928,False,812,648,164,1116,175,339,41,38,3,1887,20,23,33,33,0,1895,4,4,0,0,0,1928,0,0,34,31,3,1894,24,27,70,63,7,1858,20,27,812,648,164,1116,175,339,0.04753420659852154
targeting,credit_broad,mlp,1006,augmentation,MARRIAGE,1930,False,985,884,101,945,59,160,62,58,4,1868,19,23,44,44,0,1886,2,2,0,0,0,1930,0,0,46,46,0,1884,25,25,102,98,4,1828,21,25,985,884,101,945,59,160,0.041992179986339216
targeting,credit_broad,mlp,1006,augmentation,PAY_0,1927,False,1158,711,447,769,217,664,81,77,4,1846,22,26,23,22,1,1904,9,10,0,0,0,1927,0,0,27,26,1,1900,34,35,103,97,6,1824,29,35,1158,711,447,769,217,664,0.06845090355435343
targeting,credit_broad,mlp,1006,augmentation,PAY_2,1929,False,943,803,140,986,109,249,52,49,3,1877,23,26,29,29,0,1900,0,0,0,0,0,1929,0,0,29,29,0,1900,26,26,81,78,3,1848,23,26,943,803,140,986,109,249,0.07591904991066233
targeting,credit_broad,mlp,1006,augmentation,PAY_3,1930,False,1098,783,315,832,178,493,60,60,0,1870,25,25,49,49,0,1881,11,11,0,0,0,1930,0,0,50,47,3,1880,33,36,109,106,3,1821,33,36,1098,783,315,832,178,493,0.036974185558433105
targeting,credit_broad,mlp,1006,augmentation,PAY_4,1928,False,782,599,183,1146,210,393,57,54,3,1871,15,18,39,39,0,1889,1,1,0,0,0,1928,0,0,39,37,2,1889,17,19,93,89,4,1835,15,19,782,599,183,1146,210,393,0.03589088651058917
targeting,credit_broad,mlp,1006,augmentation,PAY_5,1929,False,1033,816,217,896,103,320,66,59,7,1863,16,23,31,31,0,1898,6,6,0,0,0,1929,0,0,35,35,0,1894,29,29,95,88,7,1834,22,29,1033,816,217,896,103,320,0.07121000884864902
targeting,credit_broad,mlp,1006,augmentation,PAY_6,1926,False,917,771,146,1009,120,266,43,43,0,1883,13,13,29,28,1,1897,6,7,0,0,0,1926,0,0,31,29,2,1895,18,20,70,68,2,1856,18,20,917,771,146,1009,120,266,0.02704677232945008
signed_targeting,credit_broad,mlp,1006,augmentation,PAY_AMT1,1941,True,1070,917,153,871,105,258,60,54,6,1881,19,25,18,18,0,1923,3,3,142,94,48,1799,46,94,143,92,51,1798,67,118,196,139,57,1745,61,118,1127,912,215,814,119,334,0.028334188494849765
signed_targeting,credit_broad,mlp,1006,augmentation,PAY_AMT2,1946,True,1004,889,115,942,100,215,59,52,7,1887,20,27,18,18,0,1928,2,2,98,71,27,1848,46,73,100,71,29,1846,69,98,152,112,40,1794,58,98,1035,874,161,911,121,282,0.029150826321630276
signed_targeting,credit_broad,mlp,1006,augmentation,PAY_AMT3,1936,True,938,807,131,998,113,244,46,43,3,1890,17,20,41,40,1,1895,6,7,279,74,205,1657,724,929,281,73,208,1655,726,934,303,80,223,1633,711,934,1036,411,625,900,412,1037,0.0379173656166276
signed_targeting,credit_broad,mlp,1006,augmentation,PAY_AMT4,1939,True,900,772,128,1039,105,233,47,45,2,1892,13,15,23,23,0,1916,4,4,181,138,43,1758,150,193,184,139,45,1755,163,208,216,166,50,1723,158,208,970,747,223,969,173,396,0.02905274592253767
signed_targeting,credit_broad,mlp,1006,augmentation,PAY_AMT5,1942,True,858,757,101,1084,73,174,49,45,4,1893,14,18,41,40,1,1901,5,6,267,118,149,1675,521,670,269,119,150,1673,532,682,291,131,160,1651,522,682,943,528,415,999,373,788,0.02828884757487927
signed_targeting,credit_broad,mlp,1006,augmentation,PAY_AMT6,1948,True,780,686,94,1168,85,179,51,46,5,1897,22,27,23,22,1,1925,3,4,426,174,252,1522,462,714,428,173,255,1520,480,735,453,188,265,1495,470,735,1016,537,479,932,357,836,0.02671644849286802
targeting,credit_broad,mlp,1007,full,LIMIT_BAL,1926,False,1342,1341,1,584,0,1,76,74,2,1850,7,9,33,33,0,1893,0,0,0,0,0,1926,0,0,47,46,1,1879,8,9,104,102,2,1822,7,9,1342,1341,1,584,0,1,0.03955838605380479
targeting,credit_broad,mlp,1007,full,BILL_AMT1,1909,False,1326,1326,0,583,0,0,62,62,0,1847,9,9,63,63,0,1846,0,0,0,0,0,1909,0,0,65,64,1,1844,8,9,121,120,1,1788,8,9,1326,1326,0,583,0,0,0.02605480853565356
targeting,credit_broad,mlp,1007,full,BILL_AMT2,1909,False,1006,1006,0,903,0,0,64,63,1,1845,6,7,49,49,0,1860,0,0,0,0,0,1909,0,0,50,50,0,1859,7,7,110,109,1,1799,6,7,1006,1006,0,903,0,0,0.023613080553649482
targeting,credit_broad,mlp,1007,full,BILL_AMT3,1902,False,1131,1131,0,771,0,0,77,77,0,1825,2,2,86,86,0,1816,0,0,0,0,0,1902,0,0,93,93,0,1809,2,2,149,149,0,1753,2,2,1131,1131,0,771,0,0,0.03425922706840293
targeting,credit_broad,mlp,1007,full,BILL_AMT4,1904,False,827,827,0,1077,0,0,69,69,0,1835,2,2,31,31,0,1873,0,0,0,0,0,1904,0,0,38,38,0,1866,2,2,97,97,0,1807,2,2,827,827,0,1077,0,0,0.022813089470744
targeting,credit_broad,mlp,1007,full,BILL_AMT5,1902,False,1087,1087,0,815,0,0,72,72,0,1830,1,1,77,77,0,1825,0,0,0,0,0,1902,0,0,81,81,0,1821,1,1,145,145,0,1757,1,1,1087,1087,0,815,0,0,0.029386972179245782
targeting,credit_broad,mlp,1007,full,BILL_AMT6,1901,False,1050,1050,0,851,0,0,67,66,1,1834,6,7,65,65,0,1836,0,0,0,0,0,1901,0,0,66,65,1,1835,6,7,123,122,1,1778,6,7,1050,1050,0,851,0,0,0.0227819438333216
targeting,credit_broad,mlp,1007,full,PAY_AMT1,1941,True,1180,1179,1,761,0,1,85,84,1,1856,5,6,33,33,0,1908,0,0,134,133,1,1807,0,1,137,134,3,1804,4,7,202,198,4,1739,3,7,1204,1202,2,737,0,2,0.0337468141326055
targeting,credit_broad,mlp,1007,full,PAY_AMT2,1946,True,1266,1266,0,680,0,0,75,75,0,1871,6,6,23,23,0,1923,0,0,114,113,1,1832,0,1,118,114,4,1828,3,7,177,173,4,1769,3,7,1282,1281,1,664,0,1,0.029646106416954858
targeting,credit_broad,mlp,1007,full,PAY_AMT3,1936,True,1145,1145,0,791,0,0,74,74,0,1862,5,5,59,59,0,1877,0,0,327,313,14,1609,1,15,329,315,14,1607,6,20,357,343,14,1579,6,20,1209,1194,15,727,0,15,0.024205305927768726
targeting,credit_broad,mlp,1007,full,PAY_AMT4,1939,True,961,961,0,978,0,0,60,60,0,1879,5,5,43,43,0,1896,0,0,454,434,20,1485,3,23,456,435,21,1483,7,28,492,471,21,1447,7,28,1150,1129,21,789,2,23,0.024092049539616158
targeting,credit_broad,mlp,1007,full,PAY_AMT5,1942,True,1028,1028,0,914,0,0,65,65,0,1877,5,5,70,70,0,1872,0,0,573,558,15,1369,4,19,574,557,17,1368,7,24,597,580,17,1345,7,24,1218,1202,16,724,3,19,0.024738599472810107
targeting,credit_broad,mlp,1007,full,PAY_AMT6,1948,True,951,951,0,997,0,0,79,78,1,1869,10,11,58,58,0,1890,0,0,527,504,23,1421,2,25,528,502,26,1420,10,36,544,517,27,1404,9,36,1120,1096,24,828,1,25,0.026688284183155213
targeting,credit_broad,mlp,1007,full,EDUCATION,1928,False,1288,1288,0,640,0,0,73,73,0,1855,2,2,100,100,0,1828,0,0,0,0,0,1928,0,0,108,108,0,1820,2,2,164,164,0,1764,2,2,1288,1288,0,640,0,0,0.025588093405535375
targeting,credit_broad,mlp,1007,full,MARRIAGE,1930,False,1489,1488,1,441,0,1,90,89,1,1840,10,11,93,93,0,1837,0,0,0,0,0,1930,0,0,106,106,0,1824,11,11,178,177,1,1752,10,11,1489,1488,1,441,0,1,0.02711299883492992
targeting,credit_broad,mlp,1007,full,PAY_0,1927,False,1188,1187,1,739,0,1,101,100,1,1826,2,3,15,15,0,1912,0,0,0,0,0,1927,0,0,20,20,0,1907,3,3,114,113,1,1813,2,3,1188,1187,1,739,0,1,0.027648639219233297
targeting,credit_broad,mlp,1007,full,PAY_2,1929,False,1303,1303,0,626,0,0,94,94,0,1835,9,9,97,97,0,1832,0,0,0,0,0,1929,0,0,113,111,2,1816,7,9,181,179,2,1748,7,9,1303,1303,0,626,0,0,0.034204393182329325
targeting,credit_broad,mlp,1007,full,PAY_3,1930,False,1192,1192,0,738,0,0,78,76,2,1852,7,9,69,69,0,1861,0,0,0,0,0,1930,0,0,77,77,0,1853,9,9,144,142,2,1786,7,9,1192,1192,0,738,0,0,0.04121713510660879
targeting,credit_broad,mlp,1007,full,PAY_4,1928,False,1117,1116,1,811,0,1,71,71,0,1857,2,2,53,53,0,1875,1,1,0,0,0,1928,0,0,57,57,0,1871,3,3,122,122,0,1806,3,3,1117,1116,1,811,0,1,0.0321503041683468
targeting,credit_broad,mlp,1007,full,PAY_5,1929,False,1545,1543,2,384,0,2,89,88,1,1840,3,4,84,84,0,1845,0,0,0,0,0,1929,0,0,101,101,0,1828,4,4,171,170,1,1758,3,4,1545,1543,2,384,0,2,0.04659643186117824
targeting,credit_broad,mlp,1007,full,PAY_6,1926,False,1218,1217,1,708,0,1,65,64,1,1861,4,5,81,81,0,1845,0,0,0,0,0,1926,0,0,85,85,0,1841,5,5,141,140,1,1785,4,5,1218,1217,1,708,0,1,0.03688948124076163
signed_targeting,credit_broad,mlp,1007,full,PAY_AMT1,1941,True,1180,1179,1,761,0,1,85,84,1,1856,5,6,33,33,0,1908,0,0,134,133,1,1807,0,1,137,134,3,1804,4,7,202,198,4,1739,3,7,1204,1202,2,737,0,2,0.0337468141326055
signed_targeting,credit_broad,mlp,1007,full,PAY_AMT2,1946,True,1266,1266,0,680,0,0,75,75,0,1871,6,6,23,23,0,1923,0,0,114,113,1,1832,0,1,118,114,4,1828,3,7,177,173,4,1769,3,7,1282,1281,1,664,0,1,0.029646106416954858
signed_targeting,credit_broad,mlp,1007,full,PAY_AMT3,1936,True,1145,1145,0,791,0,0,74,74,0,1862,5,5,59,59,0,1877,0,0,327,313,14,1609,1,15,329,315,14,1607,6,20,357,343,14,1579,6,20,1209,1194,15,727,0,15,0.024205305927768726
signed_targeting,credit_broad,mlp,1007,full,PAY_AMT4,1939,True,961,961,0,978,0,0,60,60,0,1879,5,5,43,43,0,1896,0,0,454,434,20,1485,3,23,456,435,21,1483,7,28,492,471,21,1447,7,28,1150,1129,21,789,2,23,0.024092049539616158
signed_targeting,credit_broad,mlp,1007,full,PAY_AMT5,1942,True,1028,1028,0,914,0,0,65,65,0,1877,5,5,70,70,0,1872,0,0,573,558,15,1369,4,19,574,557,17,1368,7,24,597,580,17,1345,7,24,1218,1202,16,724,3,19,0.024738599472810107
signed_targeting,credit_broad,mlp,1007,full,PAY_AMT6,1948,True,951,951,0,997,0,0,79,78,1,1869,10,11,58,58,0,1890,0,0,527,504,23,1421,2,25,528,502,26,1420,10,36,544,517,27,1404,9,36,1120,1096,24,828,1,25,0.026688284183155213
targeting,credit_broad,mlp,1007,features,LIMIT_BAL,1926,False,1342,1339,3,584,1,4,76,75,1,1850,11,12,33,33,0,1893,0,0,0,0,0,1926,0,0,47,46,1,1879,11,12,104,102,2,1822,10,12,1342,1339,3,584,1,4,0.040993682771879904
targeting,credit_broad,mlp,1007,features,BILL_AMT1,1909,False,1326,1326,0,583,0,0,62,61,1,1847,5,6,63,63,0,1846,0,0,0,0,0,1909,0,0,65,64,1,1844,5,6,121,119,2,1788,4,6,1326,1326,0,583,0,0,0.02638932694207899
targeting,credit_broad,mlp,1007,features,BILL_AMT2,1909,False,1006,1006,0,903,0,0,64,64,0,1845,5,5,49,49,0,1860,0,0,0,0,0,1909,0,0,50,50,0,1859,5,5,110,110,0,1799,5,5,1006,1006,0,903,0,0,0.02197063784774237
targeting,credit_broad,mlp,1007,features,BILL_AMT3,1902,False,1131,1131,0,771,0,0,77,75,2,1825,3,5,86,86,0,1816,0,0,0,0,0,1902,0,0,93,93,0,1809,5,5,149,147,2,1753,3,5,1131,1131,0,771,0,0,0.03329312284486224
targeting,credit_broad,mlp,1007,features,BILL_AMT4,1904,False,827,827,0,1077,0,0,69,68,1,1835,3,4,31,31,0,1873,0,0,0,0,0,1904,0,0,38,38,0,1866,4,4,97,96,1,1807,3,4,827,827,0,1077,0,0,0.022107007883751095
targeting,credit_broad,mlp,1007,features,BILL_AMT5,1902,False,1087,1086,1,815,0,1,72,72,0,1830,6,6,77,77,0,1825,0,0,0,0,0,1902,0,0,81,80,1,1821,5,6,145,144,1,1757,5,6,1087,1086,1,815,0,1,0.030919092128920824
targeting,credit_broad,mlp,1007,features,BILL_AMT6,1901,False,1050,1050,0,851,0,0,67,67,0,1834,5,5,65,65,0,1836,0,0,0,0,0,1901,0,0,66,65,1,1835,4,5,123,122,1,1778,4,5,1050,1050,0,851,0,0,0.022813960173330906
targeting,credit_broad,mlp,1007,features,PAY_AMT1,1941,True,1180,1180,0,761,0,0,85,83,2,1856,3,5,33,33,0,1908,0,0,134,122,12,1807,1,13,137,124,13,1804,5,18,202,187,15,1739,3,18,1204,1191,13,737,0,13,0.04180535507987955
targeting,credit_broad,mlp,1007,features,PAY_AMT2,1946,True,1266,1265,1,680,0,1,75,72,3,1871,1,4,23,23,0,1923,0,0,114,114,0,1832,0,0,118,117,1,1828,3,4,177,174,3,1769,1,4,1282,1281,1,664,0,1,0.031071618805542683
targeting,credit_broad,mlp,1007,features,PAY_AMT3,1936,True,1145,1145,0,791,0,0,74,74,0,1862,8,8,59,59,0,1877,0,0,327,315,12,1609,1,13,329,312,17,1607,4,21,357,340,17,1579,4,21,1209,1196,13,727,0,13,0.024904729152810716
targeting,credit_broad,mlp,1007,features,PAY_AMT4,1939,True,961,961,0,978,0,0,60,60,0,1879,4,4,43,43,0,1896,0,0,454,453,1,1485,1,2,456,452,4,1483,2,6,492,488,4,1447,2,6,1150,1149,1,789,1,2,0.025022351136981813
targeting,credit_broad,mlp,1007,features,PAY_AMT5,1942,True,1028,1028,0,914,0,0,65,63,2,1877,1,3,70,70,0,1872,0,0,573,535,38,1369,7,45,574,534,40,1368,8,48,597,556,41,1345,7,48,1218,1176,42,724,3,45,0.023932692051205552
targeting,credit_broad,mlp,1007,features,PAY_AMT6,1948,True,951,951,0,997,0,0,79,78,1,1869,2,3,58,58,0,1890,0,0,527,515,12,1421,2,14,528,513,15,1420,2,17,544,529,15,1404,2,17,1120,1108,12,828,2,14,0.02892427910644911
targeting,credit_broad,mlp,1007,features,EDUCATION,1928,False,1288,1288,0,640,1,1,73,71,2,1855,2,4,100,100,0,1828,0,0,0,0,0,1928,0,0,108,107,1,1820,3,4,164,161,3,1764,1,4,1288,1288,0,640,1,1,0.02591268598966502
targeting,credit_broad,mlp,1007,features,MARRIAGE,1930,False,1489,1487,2,441,2,4,90,87,3,1840,3,6,93,93,0,1837,0,0,0,0,0,1930,0,0,106,105,1,1824,5,6,178,175,3,1752,3,6,1489,1487,2,441,2,4,0.028291807760898315
targeting,credit_broad,mlp,1007,features,PAY_0,1927,False,1188,1187,1,739,0,1,101,98,3,1826,3,6,15,15,0,1912,0,0,0,0,0,1927,0,0,20,20,0,1907,6,6,114,111,3,1813,3,6,1188,1187,1,739,0,1,0.029347742094893686
targeting,credit_broad,mlp,1007,features,PAY_2,1929,False,1303,1303,0,626,0,0,94,94,0,1835,2,2,97,97,0,1832,0,0,0,0,0,1929,0,0,113,113,0,1816,2,2,181,181,0,1748,2,2,1303,1303,0,626,0,0,0.03375102137121405
targeting,credit_broad,mlp,1007,features,PAY_3,1930,False,1192,1192,0,738,0,0,78,77,1,1852,5,6,69,69,0,1861,0,0,0,0,0,1930,0,0,77,76,1,1853,5,6,144,142,2,1786,4,6,1192,1192,0,738,0,0,0.04267925708809507
targeting,credit_broad,mlp,1007,features,PAY_4,1928,False,1117,1116,1,811,0,1,71,71,0,1857,8,8,53,53,0,1875,0,0,0,0,0,1928,0,0,57,56,1,1871,7,8,122,121,1,1806,7,8,1117,1116,1,811,0,1,0.03159374878642274
targeting,credit_broad,mlp,1007,features,PAY_5,1929,False,1545,1543,2,384,0,2,89,89,0,1840,5,5,84,84,0,1845,0,0,0,0,0,1929,0,0,101,101,0,1828,5,5,171,171,0,1758,5,5,1545,1543,2,384,0,2,0.05262294457380785
targeting,credit_broad,mlp,1007,features,PAY_6,1926,False,1218,1217,1,708,0,1,65,63,2,1861,1,3,81,81,0,1845,0,0,0,0,0,1926,0,0,85,84,1,1841,2,3,141,139,2,1785,1,3,1218,1217,1,708,0,1,0.03652918038521477
signed_targeting,credit_broad,mlp,1007,features,PAY_AMT1,1941,True,1180,1180,0,761,0,0,85,83,2,1856,3,5,33,33,0,1908,0,0,134,122,12,1807,1,13,137,124,13,1804,5,18,202,187,15,1739,3,18,1204,1191,13,737,0,13,0.04180535507987955
signed_targeting,credit_broad,mlp,1007,features,PAY_AMT2,1946,True,1266,1265,1,680,0,1,75,72,3,1871,1,4,23,23,0,1923,0,0,114,114,0,1832,0,0,118,117,1,1828,3,4,177,174,3,1769,1,4,1282,1281,1,664,0,1,0.031071618805542683
signed_targeting,credit_broad,mlp,1007,features,PAY_AMT3,1936,True,1145,1145,0,791,0,0,74,74,0,1862,8,8,59,59,0,1877,0,0,327,315,12,1609,1,13,329,312,17,1607,4,21,357,340,17,1579,4,21,1209,1196,13,727,0,13,0.024904729152810716
signed_targeting,credit_broad,mlp,1007,features,PAY_AMT4,1939,True,961,961,0,978,0,0,60,60,0,1879,4,4,43,43,0,1896,0,0,454,453,1,1485,1,2,456,452,4,1483,2,6,492,488,4,1447,2,6,1150,1149,1,789,1,2,0.025022351136981813
signed_targeting,credit_broad,mlp,1007,features,PAY_AMT5,1942,True,1028,1028,0,914,0,0,65,63,2,1877,1,3,70,70,0,1872,0,0,573,535,38,1369,7,45,574,534,40,1368,8,48,597,556,41,1345,7,48,1218,1176,42,724,3,45,0.023932692051205552
signed_targeting,credit_broad,mlp,1007,features,PAY_AMT6,1948,True,951,951,0,997,0,0,79,78,1,1869,2,3,58,58,0,1890,0,0,527,515,12,1421,2,14,528,513,15,1420,2,17,544,529,15,1404,2,17,1120,1108,12,828,2,14,0.02892427910644911
targeting,credit_broad,mlp,1007,contexts,LIMIT_BAL,1926,False,1342,1310,32,584,6,38,76,76,0,1850,8,8,33,33,0,1893,0,0,0,0,0,1926,0,0,47,47,0,1879,8,8,104,104,0,1822,8,8,1342,1310,32,584,6,38,0.042046780288700104
targeting,credit_broad,mlp,1007,contexts,BILL_AMT1,1909,False,1326,1326,0,583,0,0,62,62,0,1847,4,4,63,63,0,1846,0,0,0,0,0,1909,0,0,65,65,0,1844,4,4,121,121,0,1788,4,4,1326,1326,0,583,0,0,0.027608711118403732
targeting,credit_broad,mlp,1007,contexts,BILL_AMT2,1909,False,1006,1006,0,903,0,0,64,64,0,1845,5,5,49,49,0,1860,0,0,0,0,0,1909,0,0,50,50,0,1859,5,5,110,110,0,1799,5,5,1006,1006,0,903,0,0,0.02293676899386043
targeting,credit_broad,mlp,1007,contexts,BILL_AMT3,1902,False,1131,1125,6,771,3,9,77,77,0,1825,4,4,86,86,0,1816,0,0,0,0,0,1902,0,0,93,93,0,1809,4,4,149,149,0,1753,4,4,1131,1125,6,771,3,9,0.033814283489409735
targeting,credit_broad,mlp,1007,contexts,BILL_AMT4,1904,False,827,827,0,1077,1,1,69,69,0,1835,5,5,31,31,0,1873,0,0,0,0,0,1904,0,0,38,37,1,1866,4,5,97,96,1,1807,4,5,827,827,0,1077,1,1,0.022254332281117215
targeting,credit_broad,mlp,1007,contexts,BILL_AMT5,1902,False,1087,1085,2,815,0,2,72,72,0,1830,5,5,77,77,0,1825,0,0,0,0,0,1902,0,0,81,81,0,1821,5,5,145,145,0,1757,5,5,1087,1085,2,815,0,2,0.03113542872192463
targeting,credit_broad,mlp,1007,contexts,BILL_AMT6,1901,False,1050,1050,0,851,0,0,67,67,0,1834,3,3,65,65,0,1836,0,0,0,0,0,1901,0,0,66,66,0,1835,3,3,123,123,0,1778,3,3,1050,1050,0,851,0,0,0.02319698120177567
targeting,credit_broad,mlp,1007,contexts,PAY_AMT1,1941,True,1180,1174,6,761,1,7,85,84,1,1856,3,4,33,33,0,1908,0,0,134,132,2,1807,0,2,137,135,2,1804,4,6,202,199,3,1739,3,6,1204,1196,8,737,1,9,0.04129483796074467
targeting,credit_broad,mlp,1007,contexts,PAY_AMT2,1946,True,1266,1244,22,680,3,25,75,74,1,1871,5,6,23,23,0,1923,0,0,114,114,0,1832,0,0,118,117,1,1828,5,6,177,176,1,1769,5,6,1282,1260,22,664,3,25,0.03152810385335054
targeting,credit_broad,mlp,1007,contexts,PAY_AMT3,1936,True,1145,1145,0,791,0,0,74,73,1,1862,7,8,59,59,0,1877,0,0,327,321,6,1609,1,7,329,319,10,1607,5,15,357,347,10,1579,5,15,1209,1202,7,727,0,7,0.025427953099839192
targeting,credit_broad,mlp,1007,contexts,PAY_AMT4,1939,True,961,961,0,978,0,0,60,60,0,1879,5,5,43,43,0,1896,0,0,454,454,0,1485,0,0,456,454,2,1483,3,5,492,490,2,1447,3,5,1150,1150,0,789,0,0,0.02580910549375162
targeting,credit_broad,mlp,1007,contexts,PAY_AMT5,1942,True,1028,1028,0,914,0,0,65,65,0,1877,2,2,70,70,0,1872,0,0,573,551,22,1369,7,29,574,550,24,1368,7,31,597,573,24,1345,7,31,1218,1193,25,724,4,29,0.024223136894442842
targeting,credit_broad,mlp,1007,contexts,PAY_AMT6,1948,True,951,949,2,997,0,2,79,78,1,1869,5,6,58,58,0,1890,0,0,527,522,5,1421,0,5,528,522,6,1420,5,11,544,537,7,1404,4,11,1120,1113,7,828,0,7,0.028071192541060903
targeting,credit_broad,mlp,1007,contexts,EDUCATION,1928,False,1288,1286,2,640,0,2,73,73,0,1855,3,3,100,100,0,1828,0,0,0,0,0,1928,0,0,108,108,0,1820,3,3,164,164,0,1764,3,3,1288,1286,2,640,0,2,0.026467552932048014
targeting,credit_broad,mlp,1007,contexts,MARRIAGE,1930,False,1489,1474,15,441,0,15,90,88,2,1840,5,7,93,93,0,1837,1,1,0,0,0,1930,0,0,106,104,2,1824,6,8,178,176,2,1752,6,8,1489,1474,15,441,0,15,0.029193043057865145
targeting,credit_broad,mlp,1007,contexts,PAY_0,1927,False,1188,1185,3,739,1,4,101,100,1,1826,2,3,15,15,0,1912,0,0,0,0,0,1927,0,0,20,20,0,1907,3,3,114,113,1,1813,2,3,1188,1185,3,739,1,4,0.02961850174775243
targeting,credit_broad,mlp,1007,contexts,PAY_2,1929,False,1303,1301,2,626,0,2,94,94,0,1835,6,6,97,97,0,1832,0,0,0,0,0,1929,0,0,113,112,1,1816,5,6,181,180,1,1748,5,6,1303,1301,2,626,0,2,0.03453509277735267
targeting,credit_broad,mlp,1007,contexts,PAY_3,1930,False,1192,1188,4,738,1,5,78,75,3,1852,5,8,69,69,0,1861,0,0,0,0,0,1930,0,0,77,76,1,1853,7,8,144,141,3,1786,5,8,1192,1188,4,738,1,5,0.04249650724769832
targeting,credit_broad,mlp,1007,contexts,PAY_4,1928,False,1117,1103,14,811,3,17,71,71,0,1857,6,6,53,53,0,1875,0,0,0,0,0,1928,0,0,57,57,0,1871,6,6,122,122,0,1806,6,6,1117,1103,14,811,3,17,0.03190688580488189
targeting,credit_broad,mlp,1007,contexts,PAY_5,1929,False,1545,1533,12,384,1,13,89,89,0,1840,5,5,84,84,0,1845,0,0,0,0,0,1929,0,0,101,101,0,1828,5,5,171,171,0,1758,5,5,1545,1533,12,384,1,13,0.053402197164092204
targeting,credit_broad,mlp,1007,contexts,PAY_6,1926,False,1218,1216,2,708,0,2,65,65,0,1861,2,2,81,81,0,1845,0,0,0,0,0,1926,0,0,85,84,1,1841,1,2,141,140,1,1785,1,2,1218,1216,2,708,0,2,0.0356255215644873
signed_targeting,credit_broad,mlp,1007,contexts,PAY_AMT1,1941,True,1180,1174,6,761,1,7,85,84,1,1856,3,4,33,33,0,1908,0,0,134,132,2,1807,0,2,137,135,2,1804,4,6,202,199,3,1739,3,6,1204,1196,8,737,1,9,0.04129483796074467
signed_targeting,credit_broad,mlp,1007,contexts,PAY_AMT2,1946,True,1266,1244,22,680,3,25,75,74,1,1871,5,6,23,23,0,1923,0,0,114,114,0,1832,0,0,118,117,1,1828,5,6,177,176,1,1769,5,6,1282,1260,22,664,3,25,0.03152810385335054
signed_targeting,credit_broad,mlp,1007,contexts,PAY_AMT3,1936,True,1145,1145,0,791,0,0,74,73,1,1862,7,8,59,59,0,1877,0,0,327,321,6,1609,1,7,329,319,10,1607,5,15,357,347,10,1579,5,15,1209,1202,7,727,0,7,0.025427953099839192
signed_targeting,credit_broad,mlp,1007,contexts,PAY_AMT4,1939,True,961,961,0,978,0,0,60,60,0,1879,5,5,43,43,0,1896,0,0,454,454,0,1485,0,0,456,454,2,1483,3,5,492,490,2,1447,3,5,1150,1150,0,789,0,0,0.02580910549375162
signed_targeting,credit_broad,mlp,1007,contexts,PAY_AMT5,1942,True,1028,1028,0,914,0,0,65,65,0,1877,2,2,70,70,0,1872,0,0,573,551,22,1369,7,29,574,550,24,1368,7,31,597,573,24,1345,7,31,1218,1193,25,724,4,29,0.024223136894442842
signed_targeting,credit_broad,mlp,1007,contexts,PAY_AMT6,1948,True,951,949,2,997,0,2,79,78,1,1869,5,6,58,58,0,1890,0,0,527,522,5,1421,0,5,528,522,6,1420,5,11,544,537,7,1404,4,11,1120,1113,7,828,0,7,0.028071192541060903
targeting,credit_broad,mlp,1007,population,LIMIT_BAL,1926,False,1342,1307,35,584,4,39,76,74,2,1850,13,15,33,33,0,1893,0,0,0,0,0,1926,0,0,47,46,1,1879,14,15,104,101,3,1822,12,15,1342,1307,35,584,4,39,0.05165263346405509
targeting,credit_broad,mlp,1007,population,BILL_AMT1,1909,False,1326,1326,0,583,0,0,62,62,0,1847,3,3,63,63,0,1846,0,0,0,0,0,1909,0,0,65,65,0,1844,3,3,121,121,0,1788,3,3,1326,1326,0,583,0,0,0.04042364181041937
targeting,credit_broad,mlp,1007,population,BILL_AMT2,1909,False,1006,1005,1,903,0,1,64,63,1,1845,17,18,49,49,0,1860,0,0,0,0,0,1909,0,0,50,49,1,1859,17,18,110,108,2,1799,16,18,1006,1005,1,903,0,1,0.024782602432605227
targeting,credit_broad,mlp,1007,population,BILL_AMT3,1902,False,1131,1127,4,771,0,4,77,76,1,1825,18,19,86,86,0,1816,0,0,0,0,0,1902,0,0,93,89,4,1809,15,19,149,145,4,1753,15,19,1131,1127,4,771,0,4,0.03585381739487761
targeting,credit_broad,mlp,1007,population,BILL_AMT4,1904,False,827,820,7,1077,10,17,69,66,3,1835,10,13,31,31,0,1873,0,0,0,0,0,1904,0,0,38,37,1,1866,12,13,97,93,4,1807,9,13,827,820,7,1077,10,17,0.024296957140190277
targeting,credit_broad,mlp,1007,population,BILL_AMT5,1902,False,1087,1068,19,815,13,32,72,72,0,1830,12,12,77,77,0,1825,1,1,0,0,0,1902,0,0,81,80,1,1821,12,13,145,144,1,1757,12,13,1087,1068,19,815,13,32,0.034140680177513066
targeting,credit_broad,mlp,1007,population,BILL_AMT6,1901,False,1050,1046,4,851,5,9,67,66,1,1834,7,8,65,65,0,1836,0,0,0,0,0,1901,0,0,66,65,1,1835,7,8,123,122,1,1778,7,8,1050,1046,4,851,5,9,0.02433516196637832
targeting,credit_broad,mlp,1007,population,PAY_AMT1,1941,True,1180,1163,17,761,9,26,85,76,9,1856,17,26,33,33,0,1908,0,0,134,134,0,1807,0,0,137,133,4,1804,22,26,202,191,11,1739,15,26,1204,1187,17,737,9,26,0.040208322097007164
targeting,credit_broad,mlp,1007,population,PAY_AMT2,1946,True,1266,1239,27,680,13,40,75,73,2,1871,19,21,23,23,0,1923,0,0,114,114,0,1832,0,0,118,112,6,1828,15,21,177,170,7,1769,14,21,1282,1255,27,664,13,40,0.036137464421656065
targeting,credit_broad,mlp,1007,population,PAY_AMT3,1936,True,1145,1142,3,791,2,5,74,72,2,1862,11,13,59,59,0,1877,0,0,327,298,29,1609,5,34,329,294,35,1607,9,44,357,322,35,1579,9,44,1209,1176,33,727,6,39,0.030979671767887823
targeting,credit_broad,mlp,1007,population,PAY_AMT4,1939,True,961,948,13,978,13,26,60,58,2,1879,16,18,43,43,0,1896,0,0,454,453,1,1485,0,1,456,446,10,1483,9,19,492,481,11,1447,8,19,1150,1127,23,789,4,27,0.027639738301380605
targeting,credit_broad,mlp,1007,population,PAY_AMT5,1942,True,1028,1028,0,914,0,0,65,64,1,1877,7,8,70,70,0,1872,0,0,573,556,17,1369,8,25,574,553,21,1368,11,32,597,574,23,1345,9,32,1218,1193,25,724,0,25,0.026709686511454014
targeting,credit_broad,mlp,1007,population,PAY_AMT6,1948,True,951,951,0,997,2,2,79,79,0,1869,14,14,58,58,0,1890,0,0,527,518,9,1421,13,22,528,513,15,1420,21,36,544,528,16,1404,20,36,1120,1104,16,828,8,24,0.03269711666489614
targeting,credit_broad,mlp,1007,population,EDUCATION,1928,False,1288,1280,8,640,0,8,73,73,0,1855,13,13,100,100,0,1828,0,0,0,0,0,1928,0,0,108,108,0,1820,13,13,164,164,0,1764,13,13,1288,1280,8,640,0,8,0.03316842333344129
targeting,credit_broad,mlp,1007,population,MARRIAGE,1930,False,1489,1487,2,441,1,3,90,87,3,1840,17,20,93,93,0,1837,0,0,0,0,0,1930,0,0,106,103,3,1824,17,20,178,172,6,1752,14,20,1489,1487,2,441,1,3,0.03558281488328071
targeting,credit_broad,mlp,1007,population,PAY_0,1927,False,1188,1180,8,739,2,10,101,95,6,1826,11,17,15,15,0,1912,0,0,0,0,0,1927,0,0,20,18,2,1907,15,17,114,108,6,1813,11,17,1188,1180,8,739,2,10,0.03379264755408579
targeting,credit_broad,mlp,1007,population,PAY_2,1929,False,1303,1281,22,626,9,31,94,90,4,1835,11,15,97,97,0,1832,2,2,0,0,0,1929,0,0,113,109,4,1816,13,17,181,174,7,1748,10,17,1303,1281,22,626,9,31,0.040839985119045824
targeting,credit_broad,mlp,1007,population,PAY_3,1930,False,1192,1192,0,738,1,1,78,75,3,1852,11,14,69,69,0,1861,0,0,0,0,0,1930,0,0,77,77,0,1853,14,14,144,141,3,1786,11,14,1192,1192,0,738,1,1,0.05127865092158456
targeting,credit_broad,mlp,1007,population,PAY_4,1928,False,1117,1117,0,811,1,1,71,70,1,1857,20,21,53,53,0,1875,0,0,0,0,0,1928,0,0,57,57,0,1871,21,21,122,121,1,1806,20,21,1117,1117,0,811,1,1,0.03463948663722023
targeting,credit_broad,mlp,1007,population,PAY_5,1929,False,1545,1483,62,384,4,66,89,85,4,1840,22,26,84,84,0,1845,0,0,0,0,0,1929,0,0,101,97,4,1828,22,26,171,164,7,1758,19,26,1545,1483,62,384,4,66,0.061845619776818975
targeting,credit_broad,mlp,1007,population,PAY_6,1926,False,1218,1215,3,708,1,4,65,61,4,1861,18,22,81,81,0,1845,0,0,0,0,0,1926,0,0,85,82,3,1841,19,22,141,134,7,1785,15,22,1218,1215,3,708,1,4,0.040045797133320016
signed_targeting,credit_broad,mlp,1007,population,PAY_AMT1,1941,True,1180,1163,17,761,9,26,85,76,9,1856,17,26,33,33,0,1908,0,0,134,134,0,1807,0,0,137,133,4,1804,22,26,202,191,11,1739,15,26,1204,1187,17,737,9,26,0.040208322097007164
signed_targeting,credit_broad,mlp,1007,population,PAY_AMT2,1946,True,1266,1239,27,680,13,40,75,73,2,1871,19,21,23,23,0,1923,0,0,114,114,0,1832,0,0,118,112,6,1828,15,21,177,170,7,1769,14,21,1282,1255,27,664,13,40,0.036137464421656065
signed_targeting,credit_broad,mlp,1007,population,PAY_AMT3,1936,True,1145,1142,3,791,2,5,74,72,2,1862,11,13,59,59,0,1877,0,0,327,298,29,1609,5,34,329,294,35,1607,9,44,357,322,35,1579,9,44,1209,1176,33,727,6,39,0.030979671767887823
signed_targeting,credit_broad,mlp,1007,population,PAY_AMT4,1939,True,961,948,13,978,13,26,60,58,2,1879,16,18,43,43,0,1896,0,0,454,453,1,1485,0,1,456,446,10,1483,9,19,492,481,11,1447,8,19,1150,1127,23,789,4,27,0.027639738301380605
signed_targeting,credit_broad,mlp,1007,population,PAY_AMT5,1942,True,1028,1028,0,914,0,0,65,64,1,1877,7,8,70,70,0,1872,0,0,573,556,17,1369,8,25,574,553,21,1368,11,32,597,574,23,1345,9,32,1218,1193,25,724,0,25,0.026709686511454014
signed_targeting,credit_broad,mlp,1007,population,PAY_AMT6,1948,True,951,951,0,997,2,2,79,79,0,1869,14,14,58,58,0,1890,0,0,527,518,9,1421,13,22,528,513,15,1420,21,36,544,528,16,1404,20,36,1120,1104,16,828,8,24,0.03269711666489614
targeting,credit_broad,mlp,1007,task,LIMIT_BAL,1926,False,1342,917,425,584,80,505,76,71,5,1850,31,36,33,33,0,1893,3,3,0,0,0,1926,0,0,47,45,2,1879,37,39,104,96,8,1822,31,39,1342,917,425,584,80,505,0.039651871717102966
targeting,credit_broad,mlp,1007,task,BILL_AMT1,1909,False,1326,1239,87,583,4,91,62,60,2,1847,7,9,63,62,1,1846,1,2,0,0,0,1909,0,0,65,63,2,1844,9,11,121,118,3,1788,8,11,1326,1239,87,583,4,91,0.035973091534027786
targeting,credit_broad,mlp,1007,task,BILL_AMT2,1909,False,1006,946,60,903,29,89,64,54,10,1845,16,26,49,49,0,1860,2,2,0,0,0,1909,0,0,50,49,1,1859,27,28,110,100,10,1799,18,28,1006,946,60,903,29,89,0.024585367221899034
targeting,credit_broad,mlp,1007,task,BILL_AMT3,1902,False,1131,946,185,771,56,241,77,67,10,1825,38,48,86,86,0,1816,5,5,0,0,0,1902,0,0,93,78,15,1809,38,53,149,126,23,1753,30,53,1131,946,185,771,56,241,0.032579393555566376
targeting,credit_broad,mlp,1007,task,BILL_AMT4,1904,False,827,739,88,1077,58,146,69,65,4,1835,7,11,31,31,0,1873,3,3,0,0,0,1904,0,0,38,36,2,1866,12,14,97,92,5,1807,9,14,827,739,88,1077,58,146,0.02129520208819674
targeting,credit_broad,mlp,1007,task,BILL_AMT5,1902,False,1087,969,118,815,35,153,72,69,3,1830,11,14,77,77,0,1825,9,9,0,0,0,1902,0,0,81,81,0,1821,23,23,145,142,3,1757,20,23,1087,969,118,815,35,153,0.03043490559391834
targeting,credit_broad,mlp,1007,task,BILL_AMT6,1901,False,1050,921,129,851,51,180,67,58,9,1834,19,28,65,65,0,1836,2,2,0,0,0,1901,0,0,66,62,4,1835,26,30,123,112,11,1778,19,30,1050,921,129,851,51,180,0.021306793027494494
targeting,credit_broad,mlp,1007,task,PAY_AMT1,1941,True,1180,1049,131,761,58,189,85,75,10,1856,20,30,33,33,0,1908,2,2,134,94,40,1807,6,46,137,91,46,1804,30,76,202,146,56,1739,20,76,1204,1031,173,737,59,232,0.03879666215241769
targeting,credit_broad,mlp,1007,task,PAY_AMT2,1946,True,1266,875,391,680,115,506,75,59,16,1871,40,56,23,23,0,1923,0,0,114,114,0,1832,0,0,118,114,4,1828,52,56,177,157,20,1769,36,56,1282,891,391,664,115,506,0.028957366107463127
targeting,credit_broad,mlp,1007,task,PAY_AMT3,1936,True,1145,1026,119,791,45,164,74,69,5,1862,13,18,59,59,0,1877,1,1,327,180,147,1609,56,203,329,180,149,1607,56,205,357,202,155,1579,50,205,1209,933,276,727,69,345,0.026588228673903314
targeting,credit_broad,mlp,1007,task,PAY_AMT4,1939,True,961,856,105,978,79,184,60,52,8,1879,22,30,43,43,0,1896,4,4,454,413,41,1485,0,41,456,409,47,1483,24,71,492,441,51,1447,20,71,1150,989,161,789,53,214,0.023204841312699346
targeting,credit_broad,mlp,1007,task,PAY_AMT5,1942,True,1028,995,33,914,16,49,65,61,4,1877,7,11,70,70,0,1872,0,0,573,505,68,1369,4,72,574,504,70,1368,11,81,597,525,72,1345,9,81,1218,1119,99,724,19,118,0.024782946351326444
targeting,credit_broad,mlp,1007,task,PAY_AMT6,1948,True,951,906,45,997,19,64,79,75,4,1869,10,14,58,58,0,1890,0,0,527,462,65,1421,0,65,528,462,66,1420,8,74,544,477,67,1404,7,74,1120,1004,116,828,13,129,0.02829897404476323
targeting,credit_broad,mlp,1007,task,EDUCATION,1928,False,1288,1055,233,640,24,257,73,58,15,1855,35,50,100,99,1,1828,1,2,0,0,0,1928,0,0,108,103,5,1820,47,52,164,146,18,1764,34,52,1288,1055,233,640,24,257,0.02807652139527276
targeting,credit_broad,mlp,1007,task,MARRIAGE,1930,False,1489,1115,374,441,60,434,90,79,11,1840,17,28,93,93,0,1837,3,3,0,0,0,1930,0,0,106,103,3,1824,28,31,178,165,13,1752,18,31,1489,1115,374,441,60,434,0.030389428552196097
targeting,credit_broad,mlp,1007,task,PAY_0,1927,False,1188,1002,186,739,58,244,101,78,23,1826,44,67,15,15,0,1912,0,0,0,0,0,1927,0,0,20,18,2,1907,65,67,114,89,25,1813,42,67,1188,1002,186,739,58,244,0.03335458064759806
targeting,credit_broad,mlp,1007,task,PAY_2,1929,False,1303,1107,196,626,57,253,94,80,14,1835,17,31,97,97,0,1832,1,1,0,0,0,1929,0,0,113,107,6,1816,26,32,181,164,17,1748,15,32,1303,1107,196,626,57,253,0.04016263049135831
targeting,credit_broad,mlp,1007,task,PAY_3,1930,False,1192,923,269,738,81,350,78,67,11,1852,35,46,69,68,1,1861,4,5,0,0,0,1930,0,0,77,71,6,1853,45,51,144,128,16,1786,35,51,1192,923,269,738,81,350,0.0411363304870967
targeting,credit_broad,mlp,1007,task,PAY_4,1928,False,1117,985,132,811,30,162,71,69,2,1857,11,13,53,53,0,1875,7,7,0,0,0,1928,0,0,57,55,2,1871,18,20,122,118,4,1806,16,20,1117,985,132,811,30,162,0.03103594422637487
targeting,credit_broad,mlp,1007,task,PAY_5,1929,False,1545,863,682,384,82,764,89,82,7,1840,26,33,84,84,0,1845,8,8,0,0,0,1929,0,0,101,97,4,1828,37,41,171,159,12,1758,29,41,1545,863,682,384,82,764,0.05594211712486413
targeting,credit_broad,mlp,1007,task,PAY_6,1926,False,1218,1046,172,708,41,213,65,60,5,1861,10,15,81,80,1,1845,1,2,0,0,0,1926,0,0,85,82,3,1841,14,17,141,132,9,1785,8,17,1218,1046,172,708,41,213,0.0360539960677188
signed_targeting,credit_broad,mlp,1007,task,PAY_AMT1,1941,True,1180,1049,131,761,58,189,85,75,10,1856,20,30,33,33,0,1908,2,2,134,94,40,1807,6,46,137,91,46,1804,30,76,202,146,56,1739,20,76,1204,1031,173,737,59,232,0.03879666215241769
signed_targeting,credit_broad,mlp,1007,task,PAY_AMT2,1946,True,1266,875,391,680,115,506,75,59,16,1871,40,56,23,23,0,1923,0,0,114,114,0,1832,0,0,118,114,4,1828,52,56,177,157,20,1769,36,56,1282,891,391,664,115,506,0.028957366107463127
signed_targeting,credit_broad,mlp,1007,task,PAY_AMT3,1936,True,1145,1026,119,791,45,164,74,69,5,1862,13,18,59,59,0,1877,1,1,327,180,147,1609,56,203,329,180,149,1607,56,205,357,202,155,1579,50,205,1209,933,276,727,69,345,0.026588228673903314
signed_targeting,credit_broad,mlp,1007,task,PAY_AMT4,1939,True,961,856,105,978,79,184,60,52,8,1879,22,30,43,43,0,1896,4,4,454,413,41,1485,0,41,456,409,47,1483,24,71,492,441,51,1447,20,71,1150,989,161,789,53,214,0.023204841312699346
signed_targeting,credit_broad,mlp,1007,task,PAY_AMT5,1942,True,1028,995,33,914,16,49,65,61,4,1877,7,11,70,70,0,1872,0,0,573,505,68,1369,4,72,574,504,70,1368,11,81,597,525,72,1345,9,81,1218,1119,99,724,19,118,0.024782946351326444
signed_targeting,credit_broad,mlp,1007,task,PAY_AMT6,1948,True,951,906,45,997,19,64,79,75,4,1869,10,14,58,58,0,1890,0,0,527,462,65,1421,0,65,528,462,66,1420,8,74,544,477,67,1404,7,74,1120,1004,116,828,13,129,0.02829897404476323
targeting,credit_broad,mlp,1007,augmentation,LIMIT_BAL,1926,False,1342,1278,64,584,27,91,76,76,0,1850,9,9,33,33,0,1893,1,1,0,0,0,1926,0,0,47,46,1,1879,9,10,104,103,1,1822,9,10,1342,1278,64,584,27,91,0.05316971296464235
targeting,credit_broad,mlp,1007,augmentation,BILL_AMT1,1909,False,1326,1194,132,583,32,164,62,61,1,1847,7,8,63,63,0,1846,2,2,0,0,0,1909,0,0,65,64,1,1844,9,10,121,118,3,1788,7,10,1326,1194,132,583,32,164,0.03936815017978666
targeting,credit_broad,mlp,1007,augmentation,BILL_AMT2,1909,False,1006,976,30,903,19,49,64,62,2,1845,6,8,49,49,0,1860,1,1,0,0,0,1909,0,0,50,50,0,1859,9,9,110,108,2,1799,7,9,1006,976,30,903,19,49,0.02688307187920293
targeting,credit_broad,mlp,1007,augmentation,BILL_AMT3,1902,False,1131,1011,120,771,100,220,77,77,0,1825,10,10,86,86,0,1816,1,1,0,0,0,1902,0,0,93,91,2,1809,9,11,149,147,2,1753,9,11,1131,1011,120,771,100,220,0.04086109960223278
targeting,credit_broad,mlp,1007,augmentation,BILL_AMT4,1904,False,827,789,38,1077,33,71,69,68,1,1835,8,9,31,31,0,1873,1,1,0,0,0,1904,0,0,38,38,0,1866,10,10,97,95,2,1807,8,10,827,789,38,1077,33,71,0.024902606169159305
targeting,credit_broad,mlp,1007,augmentation,BILL_AMT5,1902,False,1087,1021,66,815,60,126,72,72,0,1830,11,11,77,77,0,1825,0,0,0,0,0,1902,0,0,81,81,0,1821,11,11,145,145,0,1757,11,11,1087,1021,66,815,60,126,0.03831889099495588
targeting,credit_broad,mlp,1007,augmentation,BILL_AMT6,1901,False,1050,1018,32,851,19,51,67,66,1,1834,4,5,65,64,1,1836,2,3,0,0,0,1901,0,0,66,65,1,1835,7,8,123,121,2,1778,6,8,1050,1018,32,851,19,51,0.0256395946812845
targeting,credit_broad,mlp,1007,augmentation,PAY_AMT1,1941,True,1180,1063,117,761,56,173,85,83,2,1856,16,18,33,33,0,1908,1,1,134,112,22,1807,170,192,137,110,27,1804,182,209,202,165,37,1739,172,209,1204,976,228,737,116,344,0.045428179799871446
targeting,credit_broad,mlp,1007,augmentation,PAY_AMT2,1946,True,1266,1169,97,680,41,138,75,74,1,1871,15,16,23,23,0,1923,0,0,114,114,0,1832,0,0,118,116,2,1828,14,16,177,175,2,1769,14,16,1282,1184,98,664,40,138,0.038175213048747506
targeting,credit_broad,mlp,1007,augmentation,PAY_AMT3,1936,True,1145,1085,60,791,38,98,74,74,0,1862,11,11,59,59,0,1877,0,0,327,186,141,1609,70,211,329,187,142,1607,73,215,357,208,149,1579,66,215,1209,979,230,727,68,298,0.030138444483407485
targeting,credit_broad,mlp,1007,augmentation,PAY_AMT4,1939,True,961,895,66,978,67,133,60,60,0,1879,10,10,43,43,0,1896,0,0,454,429,25,1485,130,155,456,428,28,1483,137,165,492,460,32,1447,133,165,1150,990,160,789,106,266,0.03236690728838194
targeting,credit_broad,mlp,1007,augmentation,PAY_AMT5,1942,True,1028,987,41,914,29,70,65,65,0,1877,9,9,70,70,0,1872,0,0,573,283,290,1369,300,590,574,283,291,1368,303,594,597,302,295,1345,299,594,1218,766,452,724,173,625,0.026037167638853175
targeting,credit_broad,mlp,1007,augmentation,PAY_AMT6,1948,True,951,904,47,997,39,86,79,78,1,1869,8,9,58,58,0,1890,1,1,527,438,89,1421,107,196,528,436,92,1420,113,205,544,452,92,1404,113,205,1120,939,181,828,95,276,0.03454745647729905
targeting,credit_broad,mlp,1007,augmentation,EDUCATION,1928,False,1288,1155,133,640,52,185,73,68,5,1855,4,9,100,99,1,1828,1,2,0,0,0,1928,0,0,108,107,1,1820,10,11,164,158,6,1764,5,11,1288,1155,133,640,52,185,0.045927037840721045
targeting,credit_broad,mlp,1007,augmentation,MARRIAGE,1930,False,1489,1315,174,441,27,201,90,89,1,1840,10,11,93,93,0,1837,0,0,0,0,0,1930,0,0,106,104,2,1824,9,11,178,176,2,1752,9,11,1489,1315,174,441,27,201,0.03723641426040834
targeting,credit_broad,mlp,1007,augmentation,PAY_0,1927,False,1188,1120,68,739,27,95,101,96,5,1826,6,11,15,15,0,1912,2,2,0,0,0,1927,0,0,20,19,1,1907,12,13,114,107,7,1813,6,13,1188,1120,68,739,27,95,0.03735663589874654
targeting,credit_broad,mlp,1007,augmentation,PAY_2,1929,False,1303,1216,87,626,29,116,94,92,2,1835,14,16,97,97,0,1832,0,0,0,0,0,1929,0,0,113,112,1,1816,15,16,181,178,3,1748,13,16,1303,1216,87,626,29,116,0.05808395755348447
targeting,credit_broad,mlp,1007,augmentation,PAY_3,1930,False,1192,1047,145,738,58,203,78,73,5,1852,11,16,69,69,0,1861,1,1,0,0,0,1930,0,0,77,76,1,1853,16,17,144,138,6,1786,11,17,1192,1047,145,738,58,203,0.04769745496587189
targeting,credit_broad,mlp,1007,augmentation,PAY_4,1928,False,1117,1000,117,811,39,156,71,68,3,1857,9,12,53,53,0,1875,0,0,0,0,0,1928,0,0,57,56,1,1871,11,12,122,118,4,1806,8,12,1117,1000,117,811,39,156,0.03767802785813703
targeting,credit_broad,mlp,1007,augmentation,PAY_5,1929,False,1545,1365,180,384,33,213,89,86,3,1840,10,13,84,82,2,1845,0,2,0,0,0,1929,0,0,101,98,3,1828,12,15,171,165,6,1758,9,15,1545,1365,180,384,33,213,0.057416782251752924
targeting,credit_broad,mlp,1007,augmentation,PAY_6,1926,False,1218,1102,116,708,73,189,65,64,1,1861,9,10,81,81,0,1845,0,0,0,0,0,1926,0,0,85,82,3,1841,7,10,141,138,3,1785,7,10,1218,1102,116,708,73,189,0.046008445297819146
signed_targeting,credit_broad,mlp,1007,augmentation,PAY_AMT1,1941,True,1180,1063,117,761,56,173,85,83,2,1856,16,18,33,33,0,1908,1,1,134,112,22,1807,170,192,137,110,27,1804,182,209,202,165,37,1739,172,209,1204,976,228,737,116,344,0.045428179799871446
signed_targeting,credit_broad,mlp,1007,augmentation,PAY_AMT2,1946,True,1266,1169,97,680,41,138,75,74,1,1871,15,16,23,23,0,1923,0,0,114,114,0,1832,0,0,118,116,2,1828,14,16,177,175,2,1769,14,16,1282,1184,98,664,40,138,0.038175213048747506
signed_targeting,credit_broad,mlp,1007,augmentation,PAY_AMT3,1936,True,1145,1085,60,791,38,98,74,74,0,1862,11,11,59,59,0,1877,0,0,327,186,141,1609,70,211,329,187,142,1607,73,215,357,208,149,1579,66,215,1209,979,230,727,68,298,0.030138444483407485
signed_targeting,credit_broad,mlp,1007,augmentation,PAY_AMT4,1939,True,961,895,66,978,67,133,60,60,0,1879,10,10,43,43,0,1896,0,0,454,429,25,1485,130,155,456,428,28,1483,137,165,492,460,32,1447,133,165,1150,990,160,789,106,266,0.03236690728838194
signed_targeting,credit_broad,mlp,1007,augmentation,PAY_AMT5,1942,True,1028,987,41,914,29,70,65,65,0,1877,9,9,70,70,0,1872,0,0,573,283,290,1369,300,590,574,283,291,1368,303,594,597,302,295,1345,299,594,1218,766,452,724,173,625,0.026037167638853175
signed_targeting,credit_broad,mlp,1007,augmentation,PAY_AMT6,1948,True,951,904,47,997,39,86,79,78,1,1869,8,9,58,58,0,1890,1,1,527,438,89,1421,107,196,528,436,92,1420,113,205,544,452,92,1404,113,205,1120,939,181,828,95,276,0.03454745647729905
targeting,credit_broad,mlp,1008,full,LIMIT_BAL,1926,False,138,130,8,1788,1,9,42,42,0,1884,24,24,0,0,0,1926,0,0,0,0,0,1926,0,0,0,0,0,1926,24,24,42,42,0,1884,24,24,138,130,8,1788,1,9,0.008588379046595587
targeting,credit_broad,mlp,1008,full,BILL_AMT1,1909,False,65,64,1,1844,0,1,16,16,0,1893,21,21,3,3,0,1906,0,0,0,0,0,1909,0,0,3,3,0,1906,21,21,19,19,0,1890,21,21,65,64,1,1844,0,1,0.004668935090227788
targeting,credit_broad,mlp,1008,full,BILL_AMT2,1909,False,17,17,0,1892,3,3,31,31,0,1878,24,24,0,0,0,1909,0,0,0,0,0,1909,0,0,0,0,0,1909,24,24,31,31,0,1878,24,24,17,17,0,1892,3,3,0.0032710728290696565
targeting,credit_broad,mlp,1008,full,BILL_AMT3,1902,False,21,21,0,1881,4,4,21,21,0,1881,23,23,0,0,0,1902,0,0,0,0,0,1902,0,0,0,0,0,1902,23,23,21,21,0,1881,23,23,21,21,0,1881,4,4,0.003390037014319914
targeting,credit_broad,mlp,1008,full,BILL_AMT4,1904,False,18,17,1,1886,2,3,31,31,0,1873,30,30,0,0,0,1904,0,0,0,0,0,1904,0,0,0,0,0,1904,30,30,31,31,0,1873,30,30,18,17,1,1886,2,3,0.00491310380618385
targeting,credit_broad,mlp,1008,full,BILL_AMT5,1902,False,3,3,0,1899,0,0,20,20,0,1882,8,8,0,0,0,1902,0,0,0,0,0,1902,0,0,0,0,0,1902,8,8,20,20,0,1882,8,8,3,3,0,1899,0,0,0.003824083044419331
targeting,credit_broad,mlp,1008,full,BILL_AMT6,1901,False,4,4,0,1897,0,0,14,14,0,1887,13,13,0,0,0,1901,0,0,0,0,0,1901,0,0,0,0,0,1901,13,13,14,14,0,1887,13,13,4,4,0,1897,0,0,0.00320269071346887
targeting,credit_broad,mlp,1008,full,PAY_AMT1,1941,True,96,91,5,1845,4,9,45,45,0,1896,21,21,0,0,0,1941,0,0,0,0,0,1941,0,0,0,0,0,1941,21,21,45,45,0,1896,21,21,96,91,5,1845,4,9,0.007380266828374109
targeting,credit_broad,mlp,1008,full,PAY_AMT2,1946,True,28,28,0,1918,0,0,37,37,0,1909,24,24,0,0,0,1946,0,0,0,0,0,1946,0,0,0,0,0,1946,24,24,37,37,0,1909,24,24,28,28,0,1918,0,0,0.00903567520182193
targeting,credit_broad,mlp,1008,full,PAY_AMT3,1936,True,71,67,4,1865,4,8,22,22,0,1914,16,16,1,1,0,1935,0,0,15,15,0,1921,1,1,15,12,3,1921,14,17,37,34,3,1899,14,17,85,81,4,1851,5,9,0.0030764838583631224
targeting,credit_broad,mlp,1008,full,PAY_AMT4,1939,True,23,22,1,1916,5,6,31,31,0,1908,34,34,0,0,0,1939,0,0,1,1,0,1938,0,0,1,1,0,1938,34,34,32,32,0,1907,34,34,24,23,1,1915,5,6,0.007831706448175657
targeting,credit_broad,mlp,1008,full,PAY_AMT5,1942,True,9,9,0,1933,0,0,31,31,0,1911,18,18,0,0,0,1942,0,0,3,1,2,1939,3,5,3,1,2,1939,21,23,34,32,2,1908,21,23,12,10,2,1930,3,5,0.004898164693753264
targeting,credit_broad,mlp,1008,full,PAY_AMT6,1948,True,22,22,0,1926,2,2,26,26,0,1922,21,21,0,0,0,1948,0,0,1,1,0,1947,0,0,1,1,0,1947,21,21,27,27,0,1921,21,21,23,23,0,1925,2,2,0.005878753503468688
targeting,credit_broad,mlp,1008,full,EDUCATION,1928,False,20,20,0,1908,2,2,24,24,0,1904,14,14,0,0,0,1928,0,0,0,0,0,1928,0,0,0,0,0,1928,14,14,24,24,0,1904,14,14,20,20,0,1908,2,2,0.007957054030016397
targeting,credit_broad,mlp,1008,full,MARRIAGE,1930,False,9,9,0,1921,0,0,44,44,0,1886,39,39,0,0,0,1930,0,0,0,0,0,1930,0,0,0,0,0,1930,39,39,44,44,0,1886,39,39,9,9,0,1921,0,0,0.006615460517296265
targeting,credit_broad,mlp,1008,full,PAY_0,1927,False,152,146,6,1775,10,16,49,47,2,1878,5,7,0,0,0,1927,0,0,0,0,0,1927,0,0,0,0,0,1927,7,7,49,47,2,1878,5,7,152,146,6,1775,10,16,0.017109054179783024
targeting,credit_broad,mlp,1008,full,PAY_2,1929,False,18,18,0,1911,1,1,15,15,0,1914,11,11,1,1,0,1928,0,0,0,0,0,1929,0,0,1,1,0,1928,11,11,15,15,0,1914,11,11,18,18,0,1911,1,1,0.005795717013265557
targeting,credit_broad,mlp,1008,full,PAY_3,1930,False,61,54,7,1869,12,19,42,42,0,1888,22,22,0,0,0,1930,0,0,0,0,0,1930,0,0,0,0,0,1930,22,22,42,42,0,1888,22,22,61,54,7,1869,12,19,0.00976316283496693
targeting,credit_broad,mlp,1008,full,PAY_4,1928,False,48,47,1,1880,5,6,28,28,0,1900,30,30,0,0,0,1928,0,0,0,0,0,1928,0,0,0,0,0,1928,30,30,28,28,0,1900,30,30,48,47,1,1880,5,6,0.005487054244174173
targeting,credit_broad,mlp,1008,full,PAY_5,1929,False,68,66,2,1861,0,2,38,38,0,1891,30,30,0,0,0,1929,0,0,0,0,0,1929,0,0,0,0,0,1929,30,30,38,38,0,1891,30,30,68,66,2,1861,0,2,0.008048437655042543
targeting,credit_broad,mlp,1008,full,PAY_6,1926,False,65,65,0,1861,3,3,40,40,0,1886,40,40,0,0,0,1926,0,0,0,0,0,1926,0,0,0,0,0,1926,40,40,40,40,0,1886,40,40,65,65,0,1861,3,3,0.0057688128242904795
signed_targeting,credit_broad,mlp,1008,full,PAY_AMT1,1941,True,96,91,5,1845,4,9,45,45,0,1896,21,21,0,0,0,1941,0,0,0,0,0,1941,0,0,0,0,0,1941,21,21,45,45,0,1896,21,21,96,91,5,1845,4,9,0.007380266828374109
signed_targeting,credit_broad,mlp,1008,full,PAY_AMT2,1946,True,28,28,0,1918,0,0,37,37,0,1909,24,24,0,0,0,1946,0,0,0,0,0,1946,0,0,0,0,0,1946,24,24,37,37,0,1909,24,24,28,28,0,1918,0,0,0.00903567520182193
signed_targeting,credit_broad,mlp,1008,full,PAY_AMT3,1936,True,71,67,4,1865,4,8,22,22,0,1914,16,16,1,1,0,1935,0,0,15,15,0,1921,1,1,15,12,3,1921,14,17,37,34,3,1899,14,17,85,81,4,1851,5,9,0.0030764838583631224
signed_targeting,credit_broad,mlp,1008,full,PAY_AMT4,1939,True,23,22,1,1916,5,6,31,31,0,1908,34,34,0,0,0,1939,0,0,1,1,0,1938,0,0,1,1,0,1938,34,34,32,32,0,1907,34,34,24,23,1,1915,5,6,0.007831706448175657
signed_targeting,credit_broad,mlp,1008,full,PAY_AMT5,1942,True,9,9,0,1933,0,0,31,31,0,1911,18,18,0,0,0,1942,0,0,3,1,2,1939,3,5,3,1,2,1939,21,23,34,32,2,1908,21,23,12,10,2,1930,3,5,0.004898164693753264
signed_targeting,credit_broad,mlp,1008,full,PAY_AMT6,1948,True,22,22,0,1926,2,2,26,26,0,1922,21,21,0,0,0,1948,0,0,1,1,0,1947,0,0,1,1,0,1947,21,21,27,27,0,1921,21,21,23,23,0,1925,2,2,0.005878753503468688
targeting,credit_broad,mlp,1008,features,LIMIT_BAL,1926,False,138,136,2,1788,28,30,42,36,6,1884,25,31,0,0,0,1926,1,1,0,0,0,1926,0,0,0,0,0,1926,32,32,42,36,6,1884,26,32,138,136,2,1788,28,30,0.021421958125782577
targeting,credit_broad,mlp,1008,features,BILL_AMT1,1909,False,65,64,1,1844,3,4,16,16,0,1893,10,10,3,3,0,1906,0,0,0,0,0,1909,0,0,3,3,0,1906,10,10,19,19,0,1890,10,10,65,64,1,1844,3,4,0.00427729004157372
targeting,credit_broad,mlp,1008,features,BILL_AMT2,1909,False,17,15,2,1892,7,9,31,25,6,1878,12,18,0,0,0,1909,0,0,0,0,0,1909,0,0,0,0,0,1909,18,18,31,25,6,1878,12,18,17,15,2,1892,7,9,0.006159214536173716
targeting,credit_broad,mlp,1008,features,BILL_AMT3,1902,False,21,18,3,1881,11,14,21,16,5,1881,16,21,0,0,0,1902,0,0,0,0,0,1902,0,0,0,0,0,1902,21,21,21,16,5,1881,16,21,21,18,3,1881,11,14,0.011479055992833154
targeting,credit_broad,mlp,1008,features,BILL_AMT4,1904,False,18,18,0,1886,6,6,31,26,5,1873,12,17,0,0,0,1904,0,0,0,0,0,1904,0,0,0,0,0,1904,17,17,31,26,5,1873,12,17,18,18,0,1886,6,6,0.00474227586807663
targeting,credit_broad,mlp,1008,features,BILL_AMT5,1902,False,3,3,0,1899,7,7,20,18,2,1882,10,12,0,0,0,1902,0,0,0,0,0,1902,0,0,0,0,0,1902,12,12,20,18,2,1882,10,12,3,3,0,1899,7,7,0.0048857602637413945
targeting,credit_broad,mlp,1008,features,BILL_AMT6,1901,False,4,4,0,1897,0,0,14,12,2,1887,4,6,0,0,0,1901,0,0,0,0,0,1901,0,0,0,0,0,1901,6,6,14,12,2,1887,4,6,4,4,0,1897,0,0,0.009784002145163038
targeting,credit_broad,mlp,1008,features,PAY_AMT1,1941,True,96,89,7,1845,33,40,45,37,8,1896,9,17,0,0,0,1941,0,0,0,0,0,1941,45,45,0,0,0,1941,62,62,45,37,8,1896,54,62,96,87,9,1845,76,85,0.008462793449298922
targeting,credit_broad,mlp,1008,features,PAY_AMT2,1946,True,28,28,0,1918,11,11,37,35,2,1909,20,22,0,0,0,1946,0,0,0,0,0,1946,0,0,0,0,0,1946,22,22,37,35,2,1909,20,22,28,28,0,1918,11,11,0.011505945971638672
targeting,credit_broad,mlp,1008,features,PAY_AMT3,1936,True,71,69,2,1865,0,2,22,18,4,1914,6,10,1,1,0,1935,0,0,15,14,1,1921,3,4,15,14,1,1921,13,14,37,32,5,1899,9,14,85,82,3,1851,3,6,0.005102693289668567
targeting,credit_broad,mlp,1008,features,PAY_AMT4,1939,True,23,23,0,1916,34,34,31,25,6,1908,22,28,0,0,0,1939,0,0,1,0,1,1938,3,4,1,0,1,1938,31,32,32,25,7,1907,25,32,24,23,1,1915,37,38,0.006196261871931809
targeting,credit_broad,mlp,1008,features,PAY_AMT5,1942,True,9,9,0,1933,4,4,31,27,4,1911,10,14,0,0,0,1942,0,0,3,2,1,1939,2,3,3,2,1,1939,16,17,34,29,5,1908,12,17,12,11,1,1930,6,7,0.00518618678526573
targeting,credit_broad,mlp,1008,features,PAY_AMT6,1948,True,22,21,1,1926,6,7,26,19,7,1922,12,19,0,0,0,1948,0,0,1,0,1,1947,7,8,1,0,1,1947,26,27,27,19,8,1921,19,27,23,21,2,1925,13,15,0.006734823395909488
targeting,credit_broad,mlp,1008,features,EDUCATION,1928,False,20,16,4,1908,17,21,24,22,2,1904,17,19,0,0,0,1928,0,0,0,0,0,1928,0,0,0,0,0,1928,19,19,24,22,2,1904,17,19,20,16,4,1908,17,21,0.008742874989549511
targeting,credit_broad,mlp,1008,features,MARRIAGE,1930,False,9,9,0,1921,13,13,44,39,5,1886,12,17,0,0,0,1930,0,0,0,0,0,1930,0,0,0,0,0,1930,17,17,44,39,5,1886,12,17,9,9,0,1921,13,13,0.008044550453892216
targeting,credit_broad,mlp,1008,features,PAY_0,1927,False,152,137,15,1775,27,42,49,43,6,1878,7,13,0,0,0,1927,0,0,0,0,0,1927,0,0,0,0,0,1927,13,13,49,43,6,1878,7,13,152,137,15,1775,27,42,0.019549197504009942
targeting,credit_broad,mlp,1008,features,PAY_2,1929,False,18,17,1,1911,3,4,15,12,3,1914,10,13,1,1,0,1928,0,0,0,0,0,1929,0,0,1,1,0,1928,13,13,15,12,3,1914,10,13,18,17,1,1911,3,4,0.010100171928727858
targeting,credit_broad,mlp,1008,features,PAY_3,1930,False,61,53,8,1869,14,22,42,35,7,1888,19,26,0,0,0,1930,0,0,0,0,0,1930,0,0,0,0,0,1930,26,26,42,35,7,1888,19,26,61,53,8,1869,14,22,0.010106112527522118
targeting,credit_broad,mlp,1008,features,PAY_4,1928,False,48,37,11,1880,53,64,28,21,7,1900,20,27,0,0,0,1928,0,0,0,0,0,1928,0,0,0,0,0,1928,27,27,28,21,7,1900,20,27,48,37,11,1880,53,64,0.00990383837916915
targeting,credit_broad,mlp,1008,features,PAY_5,1929,False,68,49,19,1861,41,60,38,33,5,1891,13,18,0,0,0,1929,1,1,0,0,0,1929,0,0,0,0,0,1929,19,19,38,33,5,1891,14,19,68,49,19,1861,41,60,0.008572782808468474
targeting,credit_broad,mlp,1008,features,PAY_6,1926,False,65,59,6,1861,27,33,40,38,2,1886,9,11,0,0,0,1926,0,0,0,0,0,1926,0,0,0,0,0,1926,11,11,40,38,2,1886,9,11,65,59,6,1861,27,33,0.007960856067767901
signed_targeting,credit_broad,mlp,1008,features,PAY_AMT1,1941,True,96,89,7,1845,33,40,45,37,8,1896,9,17,0,0,0,1941,0,0,0,0,0,1941,45,45,0,0,0,1941,62,62,45,37,8,1896,54,62,96,87,9,1845,76,85,0.008462793449298922
signed_targeting,credit_broad,mlp,1008,features,PAY_AMT2,1946,True,28,28,0,1918,11,11,37,35,2,1909,20,22,0,0,0,1946,0,0,0,0,0,1946,0,0,0,0,0,1946,22,22,37,35,2,1909,20,22,28,28,0,1918,11,11,0.011505945971638672
signed_targeting,credit_broad,mlp,1008,features,PAY_AMT3,1936,True,71,69,2,1865,0,2,22,18,4,1914,6,10,1,1,0,1935,0,0,15,14,1,1921,3,4,15,14,1,1921,13,14,37,32,5,1899,9,14,85,82,3,1851,3,6,0.005102693289668567
signed_targeting,credit_broad,mlp,1008,features,PAY_AMT4,1939,True,23,23,0,1916,34,34,31,25,6,1908,22,28,0,0,0,1939,0,0,1,0,1,1938,3,4,1,0,1,1938,31,32,32,25,7,1907,25,32,24,23,1,1915,37,38,0.006196261871931809
signed_targeting,credit_broad,mlp,1008,features,PAY_AMT5,1942,True,9,9,0,1933,4,4,31,27,4,1911,10,14,0,0,0,1942,0,0,3,2,1,1939,2,3,3,2,1,1939,16,17,34,29,5,1908,12,17,12,11,1,1930,6,7,0.00518618678526573
signed_targeting,credit_broad,mlp,1008,features,PAY_AMT6,1948,True,22,21,1,1926,6,7,26,19,7,1922,12,19,0,0,0,1948,0,0,1,0,1,1947,7,8,1,0,1,1947,26,27,27,19,8,1921,19,27,23,21,2,1925,13,15,0.006734823395909488
targeting,credit_broad,mlp,1008,contexts,LIMIT_BAL,1926,False,138,124,14,1788,0,14,42,40,2,1884,41,43,0,0,0,1926,0,0,0,0,0,1926,0,0,0,0,0,1926,43,43,42,40,2,1884,41,43,138,124,14,1788,0,14,0.00850809249922179
targeting,credit_broad,mlp,1008,contexts,BILL_AMT1,1909,False,65,65,0,1844,0,0,16,16,0,1893,19,19,3,3,0,1906,0,0,0,0,0,1909,0,0,3,3,0,1906,19,19,19,19,0,1890,19,19,65,65,0,1844,0,0,0.004739527995812582
targeting,credit_broad,mlp,1008,contexts,BILL_AMT2,1909,False,17,16,1,1892,7,8,31,31,0,1878,20,20,0,0,0,1909,0,0,0,0,0,1909,0,0,0,0,0,1909,20,20,31,31,0,1878,20,20,17,16,1,1892,7,8,0.003190179532963424
targeting,credit_broad,mlp,1008,contexts,BILL_AMT3,1902,False,21,19,2,1881,15,17,21,21,0,1881,29,29,0,0,0,1902,0,0,0,0,0,1902,0,0,0,0,0,1902,29,29,21,21,0,1881,29,29,21,19,2,1881,15,17,0.003071336812390116
targeting,credit_broad,mlp,1008,contexts,BILL_AMT4,1904,False,18,17,1,1886,6,7,31,31,0,1873,42,42,0,0,0,1904,0,0,0,0,0,1904,0,0,0,0,0,1904,42,42,31,31,0,1873,42,42,18,17,1,1886,6,7,0.0048696863966884805
targeting,credit_broad,mlp,1008,contexts,BILL_AMT5,1902,False,3,3,0,1899,0,0,20,20,0,1882,13,13,0,0,0,1902,0,0,0,0,0,1902,0,0,0,0,0,1902,13,13,20,20,0,1882,13,13,3,3,0,1899,0,0,0.0036336245651647846
targeting,credit_broad,mlp,1008,contexts,BILL_AMT6,1901,False,4,4,0,1897,0,0,14,14,0,1887,16,16,0,0,0,1901,0,0,0,0,0,1901,0,0,0,0,0,1901,16,16,14,14,0,1887,16,16,4,4,0,1897,0,0,0.002523998008763654
targeting,credit_broad,mlp,1008,contexts,PAY_AMT1,1941,True,96,83,13,1845,36,49,45,45,0,1896,27,27,0,0,0,1941,0,0,0,0,0,1941,0,0,0,0,0,1941,27,27,45,45,0,1896,27,27,96,83,13,1845,36,49,0.007201928016142103
targeting,credit_broad,mlp,1008,contexts,PAY_AMT2,1946,True,28,28,0,1918,3,3,37,37,0,1909,31,31,0,0,0,1946,0,0,0,0,0,1946,0,0,0,0,0,1946,31,31,37,37,0,1909,31,31,28,28,0,1918,3,3,0.008654035051528185
targeting,credit_broad,mlp,1008,contexts,PAY_AMT3,1936,True,71,48,23,1865,17,40,22,22,0,1914,23,23,1,1,0,1935,0,0,15,15,0,1921,0,0,15,13,2,1921,21,23,37,35,2,1899,21,23,85,62,23,1851,17,40,0.002563765562741836
targeting,credit_broad,mlp,1008,contexts,PAY_AMT4,1939,True,23,21,2,1916,41,43,31,31,0,1908,39,39,0,0,0,1939,0,0,1,1,0,1938,0,0,1,1,0,1938,39,39,32,32,0,1907,39,39,24,22,2,1915,41,43,0.007547991635240401
targeting,credit_broad,mlp,1008,contexts,PAY_AMT5,1942,True,9,9,0,1933,3,3,31,31,0,1911,20,20,0,0,0,1942,0,0,3,1,2,1939,12,14,3,1,2,1939,32,34,34,31,3,1908,31,34,12,10,2,1930,15,17,0.004836923008897428
targeting,credit_broad,mlp,1008,contexts,PAY_AMT6,1948,True,22,22,0,1926,9,9,26,26,0,1922,26,26,0,0,0,1948,0,0,1,1,0,1947,0,0,1,1,0,1947,26,26,27,27,0,1921,26,26,23,23,0,1925,9,9,0.005533516546844595
targeting,credit_broad,mlp,1008,contexts,EDUCATION,1928,False,20,13,7,1908,6,13,24,24,0,1904,28,28,0,0,0,1928,0,0,0,0,0,1928,0,0,0,0,0,1928,28,28,24,24,0,1904,28,28,20,13,7,1908,6,13,0.007465407324386307
targeting,credit_broad,mlp,1008,contexts,MARRIAGE,1930,False,9,9,0,1921,4,4,44,44,0,1886,54,54,0,0,0,1930,0,0,0,0,0,1930,0,0,0,0,0,1930,54,54,44,44,0,1886,54,54,9,9,0,1921,4,4,0.006041701944591384
targeting,credit_broad,mlp,1008,contexts,PAY_0,1927,False,152,129,23,1775,36,59,49,47,2,1878,4,6,0,0,0,1927,0,0,0,0,0,1927,0,0,0,0,0,1927,6,6,49,47,2,1878,4,6,152,129,23,1775,36,59,0.016629534091637976
targeting,credit_broad,mlp,1008,contexts,PAY_2,1929,False,18,16,2,1911,8,10,15,15,0,1914,6,6,1,1,0,1928,0,0,0,0,0,1929,0,0,1,1,0,1928,6,6,15,15,0,1914,6,6,18,16,2,1911,8,10,0.005565324127360266
targeting,credit_broad,mlp,1008,contexts,PAY_3,1930,False,61,41,20,1869,32,52,42,42,0,1888,31,31,0,0,0,1930,0,0,0,0,0,1930,0,0,0,0,0,1930,31,31,42,42,0,1888,31,31,61,41,20,1869,32,52,0.009149934550585834
targeting,credit_broad,mlp,1008,contexts,PAY_4,1928,False,48,42,6,1880,12,18,28,28,0,1900,43,43,0,0,0,1928,0,0,0,0,0,1928,0,0,0,0,0,1928,43,43,28,28,0,1900,43,43,48,42,6,1880,12,18,0.005048425105504361
targeting,credit_broad,mlp,1008,contexts,PAY_5,1929,False,68,59,9,1861,5,14,38,38,0,1891,33,33,0,0,0,1929,0,0,0,0,0,1929,0,0,0,0,0,1929,33,33,38,38,0,1891,33,33,68,59,9,1861,5,14,0.007710760938123834
targeting,credit_broad,mlp,1008,contexts,PAY_6,1926,False,65,65,0,1861,3,3,40,40,0,1886,56,56,0,0,0,1926,0,0,0,0,0,1926,0,0,0,0,0,1926,56,56,40,40,0,1886,56,56,65,65,0,1861,3,3,0.005489749060301577
signed_targeting,credit_broad,mlp,1008,contexts,PAY_AMT1,1941,True,96,83,13,1845,36,49,45,45,0,1896,27,27,0,0,0,1941,0,0,0,0,0,1941,0,0,0,0,0,1941,27,27,45,45,0,1896,27,27,96,83,13,1845,36,49,0.007201928016142103
signed_targeting,credit_broad,mlp,1008,contexts,PAY_AMT2,1946,True,28,28,0,1918,3,3,37,37,0,1909,31,31,0,0,0,1946,0,0,0,0,0,1946,0,0,0,0,0,1946,31,31,37,37,0,1909,31,31,28,28,0,1918,3,3,0.008654035051528185
signed_targeting,credit_broad,mlp,1008,contexts,PAY_AMT3,1936,True,71,48,23,1865,17,40,22,22,0,1914,23,23,1,1,0,1935,0,0,15,15,0,1921,0,0,15,13,2,1921,21,23,37,35,2,1899,21,23,85,62,23,1851,17,40,0.002563765562741836
signed_targeting,credit_broad,mlp,1008,contexts,PAY_AMT4,1939,True,23,21,2,1916,41,43,31,31,0,1908,39,39,0,0,0,1939,0,0,1,1,0,1938,0,0,1,1,0,1938,39,39,32,32,0,1907,39,39,24,22,2,1915,41,43,0.007547991635240401
signed_targeting,credit_broad,mlp,1008,contexts,PAY_AMT5,1942,True,9,9,0,1933,3,3,31,31,0,1911,20,20,0,0,0,1942,0,0,3,1,2,1939,12,14,3,1,2,1939,32,34,34,31,3,1908,31,34,12,10,2,1930,15,17,0.004836923008897428
signed_targeting,credit_broad,mlp,1008,contexts,PAY_AMT6,1948,True,22,22,0,1926,9,9,26,26,0,1922,26,26,0,0,0,1948,0,0,1,1,0,1947,0,0,1,1,0,1947,26,26,27,27,0,1921,26,26,23,23,0,1925,9,9,0.005533516546844595
targeting,credit_broad,mlp,1008,population,LIMIT_BAL,1926,False,138,122,16,1788,3,19,42,42,0,1884,38,38,0,0,0,1926,0,0,0,0,0,1926,0,0,0,0,0,1926,38,38,42,42,0,1884,38,38,138,122,16,1788,3,19,0.008223238367144128
targeting,credit_broad,mlp,1008,population,BILL_AMT1,1909,False,65,64,1,1844,0,1,16,16,0,1893,20,20,3,3,0,1906,0,0,0,0,0,1909,0,0,3,3,0,1906,20,20,19,19,0,1890,20,20,65,64,1,1844,0,1,0.004572289526029569
targeting,credit_broad,mlp,1008,population,BILL_AMT2,1909,False,17,14,3,1892,19,22,31,31,0,1878,22,22,0,0,0,1909,0,0,0,0,0,1909,0,0,0,0,0,1909,22,22,31,31,0,1878,22,22,17,14,3,1892,19,22,0.003080476679633356
targeting,credit_broad,mlp,1008,population,BILL_AMT3,1902,False,21,18,3,1881,10,13,21,21,0,1881,25,25,0,0,0,1902,0,0,0,0,0,1902,0,0,0,0,0,1902,25,25,21,21,0,1881,25,25,21,18,3,1881,10,13,0.0030033502635464057
targeting,credit_broad,mlp,1008,population,BILL_AMT4,1904,False,18,18,0,1886,6,6,31,31,0,1873,40,40,0,0,0,1904,0,0,0,0,0,1904,0,0,0,0,0,1904,40,40,31,31,0,1873,40,40,18,18,0,1886,6,6,0.004165502897999827
targeting,credit_broad,mlp,1008,population,BILL_AMT5,1902,False,3,3,0,1899,0,0,20,20,0,1882,12,12,0,0,0,1902,0,0,0,0,0,1902,0,0,0,0,0,1902,12,12,20,20,0,1882,12,12,3,3,0,1899,0,0,0.003618485088135478
targeting,credit_broad,mlp,1008,population,BILL_AMT6,1901,False,4,4,0,1897,0,0,14,14,0,1887,18,18,0,0,0,1901,0,0,0,0,0,1901,0,0,0,0,0,1901,18,18,14,14,0,1887,18,18,4,4,0,1897,0,0,0.0023860703630695927
targeting,credit_broad,mlp,1008,population,PAY_AMT1,1941,True,96,79,17,1845,65,82,45,45,0,1896,29,29,0,0,0,1941,0,0,0,0,0,1941,0,0,0,0,0,1941,29,29,45,45,0,1896,29,29,96,79,17,1845,65,82,0.006720663197431825
targeting,credit_broad,mlp,1008,population,PAY_AMT2,1946,True,28,28,0,1918,5,5,37,37,0,1909,36,36,0,0,0,1946,0,0,0,0,0,1946,0,0,0,0,0,1946,36,36,37,37,0,1909,36,36,28,28,0,1918,5,5,0.008679979157540277
targeting,credit_broad,mlp,1008,population,PAY_AMT3,1936,True,71,38,33,1865,28,61,22,22,0,1914,19,19,1,1,0,1935,0,0,15,15,0,1921,1,1,15,13,2,1921,18,20,37,35,2,1899,18,20,85,52,33,1851,29,62,0.002506637552337567
targeting,credit_broad,mlp,1008,population,PAY_AMT4,1939,True,23,22,1,1916,28,29,31,31,0,1908,39,39,0,0,0,1939,0,0,1,1,0,1938,0,0,1,1,0,1938,39,39,32,32,0,1907,39,39,24,23,1,1915,28,29,0.006838651551576951
targeting,credit_broad,mlp,1008,population,PAY_AMT5,1942,True,9,8,1,1933,5,6,31,31,0,1911,14,14,0,0,0,1942,0,0,3,0,3,1939,18,21,3,0,3,1939,32,35,34,30,4,1908,31,35,12,8,4,1930,23,27,0.00562860066629022
targeting,credit_broad,mlp,1008,population,PAY_AMT6,1948,True,22,22,0,1926,6,6,26,26,0,1922,28,28,0,0,0,1948,0,0,1,1,0,1947,0,0,1,1,0,1947,28,28,27,27,0,1921,28,28,23,23,0,1925,6,6,0.005613637133019532
targeting,credit_broad,mlp,1008,population,EDUCATION,1928,False,20,13,7,1908,17,24,24,24,0,1904,29,29,0,0,0,1928,0,0,0,0,0,1928,0,0,0,0,0,1928,29,29,24,24,0,1904,29,29,20,13,7,1908,17,24,0.007377244690684646
targeting,credit_broad,mlp,1008,population,MARRIAGE,1930,False,9,9,0,1921,3,3,44,44,0,1886,51,51,0,0,0,1930,0,0,0,0,0,1930,0,0,0,0,0,1930,51,51,44,44,0,1886,51,51,9,9,0,1921,3,3,0.005545036396452547
targeting,credit_broad,mlp,1008,population,PAY_0,1927,False,152,134,18,1775,50,68,49,48,1,1878,5,6,0,0,0,1927,0,0,0,0,0,1927,0,0,0,0,0,1927,6,6,49,48,1,1878,5,6,152,134,18,1775,50,68,0.016953088096300886
targeting,credit_broad,mlp,1008,population,PAY_2,1929,False,18,17,1,1911,17,18,15,15,0,1914,8,8,1,1,0,1928,0,0,0,0,0,1929,0,0,1,1,0,1928,8,8,15,15,0,1914,8,8,18,17,1,1911,17,18,0.004981736350335973
targeting,credit_broad,mlp,1008,population,PAY_3,1930,False,61,35,26,1869,36,62,42,42,0,1888,27,27,0,0,0,1930,0,0,0,0,0,1930,0,0,0,0,0,1930,27,27,42,42,0,1888,27,27,61,35,26,1869,36,62,0.009558031630705469
targeting,credit_broad,mlp,1008,population,PAY_4,1928,False,48,43,5,1880,11,16,28,28,0,1900,39,39,0,0,0,1928,0,0,0,0,0,1928,0,0,0,0,0,1928,39,39,28,28,0,1900,39,39,48,43,5,1880,11,16,0.004620115661107748
targeting,credit_broad,mlp,1008,population,PAY_5,1929,False,68,64,4,1861,7,11,38,38,0,1891,35,35,0,0,0,1929,0,0,0,0,0,1929,0,0,0,0,0,1929,35,35,38,38,0,1891,35,35,68,64,4,1861,7,11,0.007360928267785025
targeting,credit_broad,mlp,1008,population,PAY_6,1926,False,65,63,2,1861,4,6,40,40,0,1886,56,56,0,0,0,1926,0,0,0,0,0,1926,0,0,0,0,0,1926,56,56,40,40,0,1886,56,56,65,63,2,1861,4,6,0.0053775292604156776
signed_targeting,credit_broad,mlp,1008,population,PAY_AMT1,1941,True,96,79,17,1845,65,82,45,45,0,1896,29,29,0,0,0,1941,0,0,0,0,0,1941,0,0,0,0,0,1941,29,29,45,45,0,1896,29,29,96,79,17,1845,65,82,0.006720663197431825
signed_targeting,credit_broad,mlp,1008,population,PAY_AMT2,1946,True,28,28,0,1918,5,5,37,37,0,1909,36,36,0,0,0,1946,0,0,0,0,0,1946,0,0,0,0,0,1946,36,36,37,37,0,1909,36,36,28,28,0,1918,5,5,0.008679979157540277
signed_targeting,credit_broad,mlp,1008,population,PAY_AMT3,1936,True,71,38,33,1865,28,61,22,22,0,1914,19,19,1,1,0,1935,0,0,15,15,0,1921,1,1,15,13,2,1921,18,20,37,35,2,1899,18,20,85,52,33,1851,29,62,0.002506637552337567
signed_targeting,credit_broad,mlp,1008,population,PAY_AMT4,1939,True,23,22,1,1916,28,29,31,31,0,1908,39,39,0,0,0,1939,0,0,1,1,0,1938,0,0,1,1,0,1938,39,39,32,32,0,1907,39,39,24,23,1,1915,28,29,0.006838651551576951
signed_targeting,credit_broad,mlp,1008,population,PAY_AMT5,1942,True,9,8,1,1933,5,6,31,31,0,1911,14,14,0,0,0,1942,0,0,3,0,3,1939,18,21,3,0,3,1939,32,35,34,30,4,1908,31,35,12,8,4,1930,23,27,0.00562860066629022
signed_targeting,credit_broad,mlp,1008,population,PAY_AMT6,1948,True,22,22,0,1926,6,6,26,26,0,1922,28,28,0,0,0,1948,0,0,1,1,0,1947,0,0,1,1,0,1947,28,28,27,27,0,1921,28,28,23,23,0,1925,6,6,0.005613637133019532
targeting,credit_broad,mlp,1008,task,LIMIT_BAL,1926,False,138,0,138,1788,0,138,42,0,42,1884,0,42,0,0,0,1926,0,0,0,0,0,1926,0,0,0,0,0,1926,42,42,42,0,42,1884,0,42,138,0,138,1788,0,138,7.25593578529032e-18
targeting,credit_broad,mlp,1008,task,BILL_AMT1,1909,False,65,0,65,1844,0,65,16,0,16,1893,0,16,3,0,3,1906,0,3,0,0,0,1909,0,0,3,0,3,1906,16,19,19,0,19,1890,0,19,65,0,65,1844,0,65,1.3085394475676283e-19
targeting,credit_broad,mlp,1008,task,BILL_AMT2,1909,False,17,0,17,1892,0,17,31,0,31,1878,0,31,0,0,0,1909,0,0,0,0,0,1909,0,0,0,0,0,1909,31,31,31,0,31,1878,0,31,17,0,17,1892,0,17,2.0355058073274217e-19
targeting,credit_broad,mlp,1008,task,BILL_AMT3,1902,False,21,0,21,1881,0,21,21,0,21,1881,0,21,0,0,0,1902,0,0,0,0,0,1902,0,0,0,0,0,1902,21,21,21,0,21,1881,0,21,21,0,21,1881,0,21,3.6482092028954933e-19
targeting,credit_broad,mlp,1008,task,BILL_AMT4,1904,False,18,0,18,1886,0,18,31,0,31,1873,0,31,0,0,0,1904,0,0,0,0,0,1904,0,0,0,0,0,1904,31,31,31,0,31,1873,0,31,18,0,18,1886,0,18,3.0612767223120127e-19
targeting,credit_broad,mlp,1008,task,BILL_AMT5,1902,False,3,0,3,1899,0,3,20,0,20,1882,0,20,0,0,0,1902,0,0,0,0,0,1902,0,0,0,0,0,1902,20,20,20,0,20,1882,0,20,3,0,3,1899,0,3,2.699674810142665e-19
targeting,credit_broad,mlp,1008,task,BILL_AMT6,1901,False,4,0,4,1897,0,4,14,0,14,1887,0,14,0,0,0,1901,0,0,0,0,0,1901,0,0,0,0,0,1901,14,14,14,0,14,1887,0,14,4,0,4,1897,0,4,2.0440718496517874e-19
targeting,credit_broad,mlp,1008,task,PAY_AMT1,1941,True,96,0,96,1845,0,96,45,0,45,1896,0,45,0,0,0,1941,0,0,0,0,0,1941,0,0,0,0,0,1941,45,45,45,0,45,1896,0,45,96,0,96,1845,0,96,6.649326461240311e-19
targeting,credit_broad,mlp,1008,task,PAY_AMT2,1946,True,28,0,28,1918,0,28,37,0,37,1909,0,37,0,0,0,1946,0,0,0,0,0,1946,0,0,0,0,0,1946,37,37,37,0,37,1909,0,37,28,0,28,1918,0,28,8.343788147555454e-19
targeting,credit_broad,mlp,1008,task,PAY_AMT3,1936,True,71,0,71,1865,0,71,22,0,22,1914,0,22,1,0,1,1935,0,1,15,0,15,1921,0,15,15,0,15,1921,22,37,37,0,37,1899,0,37,85,0,85,1851,0,85,3.225725471857699e-19
targeting,credit_broad,mlp,1008,task,PAY_AMT4,1939,True,23,0,23,1916,0,23,31,0,31,1908,0,31,0,0,0,1939,0,0,1,0,1,1938,0,1,1,0,1,1938,31,32,32,0,32,1907,0,32,24,0,24,1915,0,24,7.586619430780466e-19
targeting,credit_broad,mlp,1008,task,PAY_AMT5,1942,True,9,0,9,1933,0,9,31,0,31,1911,0,31,0,0,0,1942,0,0,3,0,3,1939,0,3,3,0,3,1939,31,34,34,0,34,1908,0,34,12,0,12,1930,0,12,4.573524303296216e-19
targeting,credit_broad,mlp,1008,task,PAY_AMT6,1948,True,22,0,22,1926,0,22,26,0,26,1922,0,26,0,0,0,1948,0,0,1,0,1,1947,0,1,1,0,1,1947,26,27,27,0,27,1921,0,27,23,0,23,1925,0,23,5.343090788429591e-19
targeting,credit_broad,mlp,1008,task,EDUCATION,1928,False,20,0,20,1908,0,20,24,0,24,1904,0,24,0,0,0,1928,0,0,0,0,0,1928,0,0,0,0,0,1928,24,24,24,0,24,1904,0,24,20,0,20,1908,0,20,4.894655450888916e-19
targeting,credit_broad,mlp,1008,task,MARRIAGE,1930,False,9,0,9,1921,0,9,44,0,44,1886,0,44,0,0,0,1930,0,0,0,0,0,1930,0,0,0,0,0,1930,44,44,44,0,44,1886,0,44,9,0,9,1921,0,9,2.157169089297584e-19
targeting,credit_broad,mlp,1008,task,PAY_0,1927,False,152,0,152,1775,0,152,49,0,49,1878,0,49,0,0,0,1927,0,0,0,0,0,1927,0,0,0,0,0,1927,49,49,49,0,49,1878,0,49,152,0,152,1775,0,152,9.50632065714327e-19
targeting,credit_broad,mlp,1008,task,PAY_2,1929,False,18,0,18,1911,0,18,15,0,15,1914,0,15,1,0,1,1928,0,1,0,0,0,1929,0,0,1,0,1,1928,14,15,15,0,15,1914,0,15,18,0,18,1911,0,18,3.0216023220746874e-19
targeting,credit_broad,mlp,1008,task,PAY_3,1930,False,61,0,61,1869,0,61,42,0,42,1888,0,42,0,0,0,1930,0,0,0,0,0,1930,0,0,0,0,0,1930,42,42,42,0,42,1888,0,42,61,0,61,1869,0,61,7.765808721471302e-19
targeting,credit_broad,mlp,1008,task,PAY_4,1928,False,48,0,48,1880,0,48,28,0,28,1900,0,28,0,0,0,1928,0,0,0,0,0,1928,0,0,0,0,0,1928,28,28,28,0,28,1900,0,28,48,0,48,1880,0,48,4.318813633137279e-19
targeting,credit_broad,mlp,1008,task,PAY_5,1929,False,68,0,68,1861,0,68,38,0,38,1891,0,38,0,0,0,1929,0,0,0,0,0,1929,0,0,0,0,0,1929,38,38,38,0,38,1891,0,38,68,0,68,1861,0,68,6.115147556579724e-19
targeting,credit_broad,mlp,1008,task,PAY_6,1926,False,65,0,65,1861,0,65,40,0,40,1886,0,40,0,0,0,1926,0,0,0,0,0,1926,0,0,0,0,0,1926,40,40,40,0,40,1886,0,40,65,0,65,1861,0,65,2.882198921664477e-19
signed_targeting,credit_broad,mlp,1008,task,PAY_AMT1,1941,True,96,0,96,1845,0,96,45,0,45,1896,0,45,0,0,0,1941,0,0,0,0,0,1941,0,0,0,0,0,1941,45,45,45,0,45,1896,0,45,96,0,96,1845,0,96,6.649326461240311e-19
signed_targeting,credit_broad,mlp,1008,task,PAY_AMT2,1946,True,28,0,28,1918,0,28,37,0,37,1909,0,37,0,0,0,1946,0,0,0,0,0,1946,0,0,0,0,0,1946,37,37,37,0,37,1909,0,37,28,0,28,1918,0,28,8.343788147555454e-19
signed_targeting,credit_broad,mlp,1008,task,PAY_AMT3,1936,True,71,0,71,1865,0,71,22,0,22,1914,0,22,1,0,1,1935,0,1,15,0,15,1921,0,15,15,0,15,1921,22,37,37,0,37,1899,0,37,85,0,85,1851,0,85,3.225725471857699e-19
signed_targeting,credit_broad,mlp,1008,task,PAY_AMT4,1939,True,23,0,23,1916,0,23,31,0,31,1908,0,31,0,0,0,1939,0,0,1,0,1,1938,0,1,1,0,1,1938,31,32,32,0,32,1907,0,32,24,0,24,1915,0,24,7.586619430780466e-19
signed_targeting,credit_broad,mlp,1008,task,PAY_AMT5,1942,True,9,0,9,1933,0,9,31,0,31,1911,0,31,0,0,0,1942,0,0,3,0,3,1939,0,3,3,0,3,1939,31,34,34,0,34,1908,0,34,12,0,12,1930,0,12,4.573524303296216e-19
signed_targeting,credit_broad,mlp,1008,task,PAY_AMT6,1948,True,22,0,22,1926,0,22,26,0,26,1922,0,26,0,0,0,1948,0,0,1,0,1,1947,0,1,1,0,1,1947,26,27,27,0,27,1921,0,27,23,0,23,1925,0,23,5.343090788429591e-19
targeting,credit_broad,mlp,1008,augmentation,LIMIT_BAL,1926,False,138,93,45,1788,297,342,42,36,6,1884,26,32,0,0,0,1926,4,4,0,0,0,1926,0,0,0,0,0,1926,35,35,42,36,6,1884,29,35,138,93,45,1788,297,342,0.018189163885256876
targeting,credit_broad,mlp,1008,augmentation,BILL_AMT1,1909,False,65,53,12,1844,397,409,16,12,4,1893,18,22,3,3,0,1906,3,3,0,0,0,1909,0,0,3,3,0,1906,25,25,19,15,4,1890,21,25,65,53,12,1844,397,409,0.01166819912416659
targeting,credit_broad,mlp,1008,augmentation,BILL_AMT2,1909,False,17,15,2,1892,284,286,31,26,5,1878,44,49,0,0,0,1909,3,3,0,0,0,1909,0,0,0,0,0,1909,52,52,31,26,5,1878,47,52,17,15,2,1892,284,286,0.01398236062241443
targeting,credit_broad,mlp,1008,augmentation,BILL_AMT3,1902,False,21,21,0,1881,196,196,21,15,6,1881,47,53,0,0,0,1902,0,0,0,0,0,1902,0,0,0,0,0,1902,53,53,21,15,6,1881,47,53,21,21,0,1881,196,196,0.01952806272802101
targeting,credit_broad,mlp,1008,augmentation,BILL_AMT4,1904,False,18,12,6,1886,272,278,31,24,7,1873,18,25,0,0,0,1904,1,1,0,0,0,1904,0,0,0,0,0,1904,26,26,31,24,7,1873,19,26,18,12,6,1886,272,278,0.03559338304792205
targeting,credit_broad,mlp,1008,augmentation,BILL_AMT5,1902,False,3,3,0,1899,181,181,20,17,3,1882,15,18,0,0,0,1902,7,7,0,0,0,1902,0,0,0,0,0,1902,25,25,20,17,3,1882,22,25,3,3,0,1899,181,181,0.01569348936409506
targeting,credit_broad,mlp,1008,augmentation,BILL_AMT6,1901,False,4,4,0,1897,272,272,14,10,4,1887,33,37,0,0,0,1901,6,6,0,0,0,1901,0,0,0,0,0,1901,43,43,14,10,4,1887,39,43,4,4,0,1897,272,272,0.0176509906572096
targeting,credit_broad,mlp,1008,augmentation,PAY_AMT1,1941,True,96,81,15,1845,358,373,45,40,5,1896,34,39,0,0,0,1941,0,0,0,0,0,1941,0,0,0,0,0,1941,39,39,45,40,5,1896,34,39,96,81,15,1845,358,373,0.028876425981401336
targeting,credit_broad,mlp,1008,augmentation,PAY_AMT2,1946,True,28,24,4,1918,298,302,37,29,8,1909,26,34,0,0,0,1946,2,2,0,0,0,1946,18,18,0,0,0,1946,52,52,37,27,10,1909,42,52,28,23,5,1918,312,317,0.015627458913419733
targeting,credit_broad,mlp,1008,augmentation,PAY_AMT3,1936,True,71,59,12,1865,350,362,22,16,6,1914,13,19,1,1,0,1935,10,10,15,8,7,1921,507,514,15,8,7,1921,518,525,37,18,19,1899,506,525,85,46,39,1851,701,740,0.013196106536599491
targeting,credit_broad,mlp,1008,augmentation,PAY_AMT4,1939,True,23,14,9,1916,421,430,31,24,7,1908,22,29,0,0,0,1939,6,6,1,1,0,1938,217,217,1,1,0,1938,246,246,32,24,8,1907,238,246,24,14,10,1915,582,592,0.01196920672213566
targeting,credit_broad,mlp,1008,augmentation,PAY_AMT5,1942,True,9,8,1,1933,267,268,31,24,7,1911,17,24,0,0,0,1942,2,2,3,2,1,1939,466,467,3,2,1,1939,487,488,34,24,10,1908,478,488,12,7,5,1930,671,676,0.015028233868760892
targeting,credit_broad,mlp,1008,augmentation,PAY_AMT6,1948,True,22,19,3,1926,284,287,26,24,2,1922,25,27,0,0,0,1948,5,5,1,1,0,1947,75,75,1,1,0,1947,101,101,27,22,5,1921,96,101,23,19,4,1925,334,338,0.013917780722856748
targeting,credit_broad,mlp,1008,augmentation,EDUCATION,1928,False,20,13,7,1908,366,373,24,18,6,1904,28,34,0,0,0,1928,9,9,0,0,0,1928,0,0,0,0,0,1928,43,43,24,18,6,1904,37,43,20,13,7,1908,366,373,0.013016885415079902
targeting,credit_broad,mlp,1008,augmentation,MARRIAGE,1930,False,9,7,2,1921,449,451,44,38,6,1886,22,28,0,0,0,1930,8,8,0,0,0,1930,0,0,0,0,0,1930,36,36,44,38,6,1886,30,36,9,7,2,1921,449,451,0.012916322715897623
targeting,credit_broad,mlp,1008,augmentation,PAY_0,1927,False,152,111,41,1775,312,353,49,40,9,1878,44,53,0,0,0,1927,0,0,0,0,0,1927,0,0,0,0,0,1927,53,53,49,40,9,1878,44,53,152,111,41,1775,312,353,0.01961274108170149
targeting,credit_broad,mlp,1008,augmentation,PAY_2,1929,False,18,12,6,1911,423,429,15,12,3,1914,19,22,1,1,0,1928,6,6,0,0,0,1929,0,0,1,1,0,1928,28,28,15,12,3,1914,25,28,18,12,6,1911,423,429,0.018021140826578526
targeting,credit_broad,mlp,1008,augmentation,PAY_3,1930,False,61,48,13,1869,293,306,42,32,10,1888,25,35,0,0,0,1930,3,3,0,0,0,1930,0,0,0,0,0,1930,38,38,42,32,10,1888,28,38,61,48,13,1869,293,306,0.015710994601170303
targeting,credit_broad,mlp,1008,augmentation,PAY_4,1928,False,48,25,23,1880,514,537,28,22,6,1900,24,30,0,0,0,1928,11,11,0,0,0,1928,0,0,0,0,0,1928,41,41,28,22,6,1900,35,41,48,25,23,1880,514,537,0.01881363588345045
targeting,credit_broad,mlp,1008,augmentation,PAY_5,1929,False,68,23,45,1861,755,800,38,29,9,1891,13,22,0,0,0,1929,13,13,0,0,0,1929,0,0,0,0,0,1929,35,35,38,29,9,1891,26,35,68,23,45,1861,755,800,0.02177126345460495
targeting,credit_broad,mlp,1008,augmentation,PAY_6,1926,False,65,43,22,1861,347,369,40,33,7,1886,16,23,0,0,0,1926,4,4,0,0,0,1926,0,0,0,0,0,1926,26,26,40,33,7,1886,19,26,65,43,22,1861,347,369,0.01579860591328391
signed_targeting,credit_broad,mlp,1008,augmentation,PAY_AMT1,1941,True,96,81,15,1845,358,373,45,40,5,1896,34,39,0,0,0,1941,0,0,0,0,0,1941,0,0,0,0,0,1941,39,39,45,40,5,1896,34,39,96,81,15,1845,358,373,0.028876425981401336
signed_targeting,credit_broad,mlp,1008,augmentation,PAY_AMT2,1946,True,28,24,4,1918,298,302,37,29,8,1909,26,34,0,0,0,1946,2,2,0,0,0,1946,18,18,0,0,0,1946,52,52,37,27,10,1909,42,52,28,23,5,1918,312,317,0.015627458913419733
signed_targeting,credit_broad,mlp,1008,augmentation,PAY_AMT3,1936,True,71,59,12,1865,350,362,22,16,6,1914,13,19,1,1,0,1935,10,10,15,8,7,1921,507,514,15,8,7,1921,518,525,37,18,19,1899,506,525,85,46,39,1851,701,740,0.013196106536599491
signed_targeting,credit_broad,mlp,1008,augmentation,PAY_AMT4,1939,True,23,14,9,1916,421,430,31,24,7,1908,22,29,0,0,0,1939,6,6,1,1,0,1938,217,217,1,1,0,1938,246,246,32,24,8,1907,238,246,24,14,10,1915,582,592,0.01196920672213566
signed_targeting,credit_broad,mlp,1008,augmentation,PAY_AMT5,1942,True,9,8,1,1933,267,268,31,24,7,1911,17,24,0,0,0,1942,2,2,3,2,1,1939,466,467,3,2,1,1939,487,488,34,24,10,1908,478,488,12,7,5,1930,671,676,0.015028233868760892
signed_targeting,credit_broad,mlp,1008,augmentation,PAY_AMT6,1948,True,22,19,3,1926,284,287,26,24,2,1922,25,27,0,0,0,1948,5,5,1,1,0,1947,75,75,1,1,0,1947,101,101,27,22,5,1921,96,101,23,19,4,1925,334,338,0.013917780722856748
targeting,credit_broad,mlp,1009,full,LIMIT_BAL,1926,False,386,378,8,1540,3,11,19,18,1,1907,7,8,3,3,0,1923,0,0,0,0,0,1926,0,0,3,1,2,1923,6,8,22,19,3,1904,5,8,386,378,8,1540,3,11,0.02097105003104293
targeting,credit_broad,mlp,1009,full,BILL_AMT1,1909,False,300,300,0,1609,1,1,15,13,2,1894,4,6,12,12,0,1897,0,0,0,0,0,1909,0,0,12,12,0,1897,6,6,27,25,2,1882,4,6,300,300,0,1609,1,1,0.007196600627074534
targeting,credit_broad,mlp,1009,full,BILL_AMT2,1909,False,153,153,0,1756,1,1,17,17,0,1892,9,9,8,8,0,1901,0,0,0,0,0,1909,0,0,7,6,1,1902,8,9,25,24,1,1884,8,9,153,153,0,1756,1,1,0.006164955228585849
targeting,credit_broad,mlp,1009,full,BILL_AMT3,1902,False,98,98,0,1804,0,0,21,20,1,1881,4,5,1,1,0,1901,0,0,0,0,0,1902,0,0,1,1,0,1901,5,5,22,21,1,1880,4,5,98,98,0,1804,0,0,0.01114356502215091
targeting,credit_broad,mlp,1009,full,BILL_AMT4,1904,False,61,61,0,1843,0,0,17,16,1,1887,10,11,2,2,0,1902,0,0,0,0,0,1904,0,0,2,2,0,1902,11,11,19,18,1,1885,10,11,61,61,0,1843,0,0,0.005038748502903757
targeting,credit_broad,mlp,1009,full,BILL_AMT5,1902,False,116,116,0,1786,2,2,18,18,0,1884,7,7,1,1,0,1901,0,0,0,0,0,1902,0,0,1,0,1,1901,6,7,19,18,1,1883,6,7,116,116,0,1786,2,2,0.009502205312544542
targeting,credit_broad,mlp,1009,full,BILL_AMT6,1901,False,105,105,0,1796,0,0,17,17,0,1884,10,10,1,1,0,1900,0,0,0,0,0,1901,0,0,1,1,0,1900,10,10,18,18,0,1883,10,10,105,105,0,1796,0,0,0.004607834922222659
targeting,credit_broad,mlp,1009,full,PAY_AMT1,1941,True,288,287,1,1653,1,2,20,17,3,1921,6,9,5,5,0,1936,0,0,122,89,33,1819,6,39,122,85,37,1819,11,48,135,95,40,1806,8,48,395,361,34,1546,7,41,0.008508628091009659
targeting,credit_broad,mlp,1009,full,PAY_AMT2,1946,True,267,267,0,1679,1,1,25,24,1,1921,4,5,2,2,0,1944,0,0,22,22,0,1924,0,0,22,22,0,1924,5,5,47,46,1,1899,4,5,281,281,0,1665,1,1,0.015597366218268863
targeting,credit_broad,mlp,1009,full,PAY_AMT3,1936,True,191,191,0,1745,2,2,18,16,2,1918,3,5,5,5,0,1931,0,0,118,118,0,1818,0,0,118,118,0,1818,5,5,129,127,2,1807,3,5,280,280,0,1656,2,2,0.008468822755456991
targeting,credit_broad,mlp,1009,full,PAY_AMT4,1939,True,94,94,0,1845,0,0,23,23,0,1916,3,3,0,0,0,1939,0,0,12,8,4,1927,11,15,12,8,4,1927,14,18,35,31,4,1904,14,18,106,102,4,1833,11,15,0.011950570839453264
targeting,credit_broad,mlp,1009,full,PAY_AMT5,1942,True,132,132,0,1810,1,1,22,21,1,1920,3,4,1,1,0,1941,0,0,221,220,1,1721,0,1,221,216,5,1721,0,5,224,219,5,1718,0,5,336,335,1,1606,1,2,0.007305104983927503
targeting,credit_broad,mlp,1009,full,PAY_AMT6,1948,True,182,179,3,1766,0,3,15,15,0,1933,6,6,3,3,0,1945,0,0,66,66,0,1882,0,0,66,63,3,1882,3,6,79,76,3,1869,3,6,239,236,3,1709,0,3,0.007133315413889115
targeting,credit_broad,mlp,1009,full,EDUCATION,1928,False,168,167,1,1760,1,2,30,29,1,1898,6,7,1,1,0,1927,0,0,0,0,0,1928,0,0,1,1,0,1927,7,7,31,30,1,1897,6,7,168,167,1,1760,1,2,0.016826540783417707
targeting,credit_broad,mlp,1009,full,MARRIAGE,1930,False,236,235,1,1694,0,1,26,26,0,1904,3,3,0,0,0,1930,0,0,0,0,0,1930,0,0,0,0,0,1930,3,3,26,26,0,1904,3,3,236,235,1,1694,0,1,0.012481964530030004
targeting,credit_broad,mlp,1009,full,PAY_0,1927,False,272,270,2,1655,4,6,45,45,0,1882,3,3,0,0,0,1927,0,0,0,0,0,1927,0,0,0,0,0,1927,3,3,45,45,0,1882,3,3,272,270,2,1655,4,6,0.014579214557658161
targeting,credit_broad,mlp,1009,full,PAY_2,1929,False,210,210,0,1719,1,1,29,28,1,1900,8,9,4,4,0,1925,0,0,0,0,0,1929,0,0,3,3,0,1926,9,9,33,32,1,1896,8,9,210,210,0,1719,1,1,0.013810713045022727
targeting,credit_broad,mlp,1009,full,PAY_3,1930,False,186,186,0,1744,1,1,44,43,1,1886,5,6,1,1,0,1929,0,0,0,0,0,1930,0,0,1,1,0,1929,6,6,45,44,1,1885,5,6,186,186,0,1744,1,1,0.013123915879498124
targeting,credit_broad,mlp,1009,full,PAY_4,1928,False,122,122,0,1806,1,1,15,14,1,1913,4,5,1,1,0,1927,0,0,0,0,0,1928,0,0,1,1,0,1927,5,5,16,15,1,1912,4,5,122,122,0,1806,1,1,0.010207269904024499
targeting,credit_broad,mlp,1009,full,PAY_5,1929,False,91,91,0,1838,0,0,16,14,2,1913,8,10,0,0,0,1929,0,0,0,0,0,1929,0,0,0,0,0,1929,10,10,16,14,2,1913,8,10,91,91,0,1838,0,0,0.014557877444600138
targeting,credit_broad,mlp,1009,full,PAY_6,1926,False,218,217,1,1708,1,2,12,12,0,1914,8,8,2,2,0,1924,0,0,0,0,0,1926,0,0,2,2,0,1924,8,8,14,14,0,1912,8,8,218,217,1,1708,1,2,0.007962033984897721
signed_targeting,credit_broad,mlp,1009,full,PAY_AMT1,1941,True,288,287,1,1653,1,2,20,17,3,1921,6,9,5,5,0,1936,0,0,122,89,33,1819,6,39,122,85,37,1819,11,48,135,95,40,1806,8,48,395,361,34,1546,7,41,0.008508628091009659
signed_targeting,credit_broad,mlp,1009,full,PAY_AMT2,1946,True,267,267,0,1679,1,1,25,24,1,1921,4,5,2,2,0,1944,0,0,22,22,0,1924,0,0,22,22,0,1924,5,5,47,46,1,1899,4,5,281,281,0,1665,1,1,0.015597366218268863
signed_targeting,credit_broad,mlp,1009,full,PAY_AMT3,1936,True,191,191,0,1745,2,2,18,16,2,1918,3,5,5,5,0,1931,0,0,118,118,0,1818,0,0,118,118,0,1818,5,5,129,127,2,1807,3,5,280,280,0,1656,2,2,0.008468822755456991
signed_targeting,credit_broad,mlp,1009,full,PAY_AMT4,1939,True,94,94,0,1845,0,0,23,23,0,1916,3,3,0,0,0,1939,0,0,12,8,4,1927,11,15,12,8,4,1927,14,18,35,31,4,1904,14,18,106,102,4,1833,11,15,0.011950570839453264
signed_targeting,credit_broad,mlp,1009,full,PAY_AMT5,1942,True,132,132,0,1810,1,1,22,21,1,1920,3,4,1,1,0,1941,0,0,221,220,1,1721,0,1,221,216,5,1721,0,5,224,219,5,1718,0,5,336,335,1,1606,1,2,0.007305104983927503
signed_targeting,credit_broad,mlp,1009,full,PAY_AMT6,1948,True,182,179,3,1766,0,3,15,15,0,1933,6,6,3,3,0,1945,0,0,66,66,0,1882,0,0,66,63,3,1882,3,6,79,76,3,1869,3,6,239,236,3,1709,0,3,0.007133315413889115
targeting,credit_broad,mlp,1009,features,LIMIT_BAL,1926,False,386,375,11,1540,4,15,19,18,1,1907,10,11,3,3,0,1923,0,0,0,0,0,1926,0,0,3,1,2,1923,9,11,22,19,3,1904,8,11,386,375,11,1540,4,15,0.0204988822798421
targeting,credit_broad,mlp,1009,features,BILL_AMT1,1909,False,300,300,0,1609,0,0,15,15,0,1894,2,2,12,12,0,1897,0,0,0,0,0,1909,0,0,12,12,0,1897,2,2,27,27,0,1882,2,2,300,300,0,1609,0,0,0.007274133863850188
targeting,credit_broad,mlp,1009,features,BILL_AMT2,1909,False,153,153,0,1756,0,0,17,16,1,1892,7,8,8,8,0,1901,0,0,0,0,0,1909,0,0,7,7,0,1902,8,8,25,24,1,1884,7,8,153,153,0,1756,0,0,0.006489804834874152
targeting,credit_broad,mlp,1009,features,BILL_AMT3,1902,False,98,98,0,1804,0,0,21,20,1,1881,3,4,1,1,0,1901,0,0,0,0,0,1902,0,0,1,1,0,1901,4,4,22,21,1,1880,3,4,98,98,0,1804,0,0,0.010994155892419918
targeting,credit_broad,mlp,1009,features,BILL_AMT4,1904,False,61,61,0,1843,0,0,17,17,0,1887,7,7,2,2,0,1902,0,0,0,0,0,1904,0,0,2,2,0,1902,7,7,19,19,0,1885,7,7,61,61,0,1843,0,0,0.004890322801044247
targeting,credit_broad,mlp,1009,features,BILL_AMT5,1902,False,116,115,1,1786,3,4,18,18,0,1884,5,5,1,1,0,1901,0,0,0,0,0,1902,0,0,1,1,0,1901,5,5,19,19,0,1883,5,5,116,115,1,1786,3,4,0.008792415388611804
targeting,credit_broad,mlp,1009,features,BILL_AMT6,1901,False,105,105,0,1796,0,0,17,16,1,1884,5,6,1,1,0,1900,0,0,0,0,0,1901,0,0,1,1,0,1900,6,6,18,17,1,1883,5,6,105,105,0,1796,0,0,0.004492106495483733
targeting,credit_broad,mlp,1009,features,PAY_AMT1,1941,True,288,286,2,1653,2,4,20,19,1,1921,4,5,5,5,0,1936,0,0,122,93,29,1819,4,33,122,91,31,1819,7,38,135,103,32,1806,6,38,395,364,31,1546,6,37,0.008685763330361645
targeting,credit_broad,mlp,1009,features,PAY_AMT2,1946,True,267,267,0,1679,1,1,25,24,1,1921,4,5,2,2,0,1944,0,0,22,22,0,1924,0,0,22,22,0,1924,5,5,47,46,1,1899,4,5,281,281,0,1665,1,1,0.015318780734766307
targeting,credit_broad,mlp,1009,features,PAY_AMT3,1936,True,191,191,0,1745,0,0,18,15,3,1918,2,5,5,5,0,1931,0,0,118,118,0,1818,0,0,118,117,1,1818,4,5,129,126,3,1807,2,5,280,280,0,1656,0,0,0.008646137791351594
targeting,credit_broad,mlp,1009,features,PAY_AMT4,1939,True,94,94,0,1845,0,0,23,23,0,1916,5,5,0,0,0,1939,0,0,12,6,6,1927,39,45,12,6,6,1927,44,50,35,29,6,1904,44,50,106,100,6,1833,39,45,0.012036494503239539
targeting,credit_broad,mlp,1009,features,PAY_AMT5,1942,True,132,132,0,1810,1,1,22,22,0,1920,0,0,1,1,0,1941,0,0,221,220,1,1721,0,1,221,220,1,1721,0,1,224,223,1,1718,0,1,336,335,1,1606,1,2,0.007666358152334326
targeting,credit_broad,mlp,1009,features,PAY_AMT6,1948,True,182,181,1,1766,0,1,15,14,1,1933,4,5,3,3,0,1945,0,0,66,66,0,1882,0,0,66,66,0,1882,5,5,79,78,1,1869,4,5,239,238,1,1709,0,1,0.007755468753940829
targeting,credit_broad,mlp,1009,features,EDUCATION,1928,False,168,167,1,1760,1,2,30,29,1,1898,3,4,1,1,0,1927,0,0,0,0,0,1928,0,0,1,1,0,1927,4,4,31,30,1,1897,3,4,168,167,1,1760,1,2,0.01664851876343263
targeting,credit_broad,mlp,1009,features,MARRIAGE,1930,False,236,233,3,1694,1,4,26,25,1,1904,4,5,0,0,0,1930,0,0,0,0,0,1930,0,0,0,0,0,1930,5,5,26,25,1,1904,4,5,236,233,3,1694,1,4,0.012646555917449339
targeting,credit_broad,mlp,1009,features,PAY_0,1927,False,272,269,3,1655,6,9,45,45,0,1882,5,5,0,0,0,1927,0,0,0,0,0,1927,0,0,0,0,0,1927,5,5,45,45,0,1882,5,5,272,269,3,1655,6,9,0.015507899903238063
targeting,credit_broad,mlp,1009,features,PAY_2,1929,False,210,208,2,1719,1,3,29,27,2,1900,5,7,4,4,0,1925,0,0,0,0,0,1929,0,0,3,3,0,1926,7,7,33,31,2,1896,5,7,210,208,2,1719,1,3,0.013887981603861406
targeting,credit_broad,mlp,1009,features,PAY_3,1930,False,186,183,3,1744,6,9,44,44,0,1886,6,6,1,1,0,1929,0,0,0,0,0,1930,0,0,1,1,0,1929,6,6,45,45,0,1885,6,6,186,183,3,1744,6,9,0.013179651285031914
targeting,credit_broad,mlp,1009,features,PAY_4,1928,False,122,122,0,1806,1,1,15,14,1,1913,5,6,1,1,0,1927,0,0,0,0,0,1928,0,0,1,1,0,1927,6,6,16,15,1,1912,5,6,122,122,0,1806,1,1,0.009687120372634195
targeting,credit_broad,mlp,1009,features,PAY_5,1929,False,91,91,0,1838,0,0,16,15,1,1913,6,7,0,0,0,1929,0,0,0,0,0,1929,0,0,0,0,0,1929,7,7,16,15,1,1913,6,7,91,91,0,1838,0,0,0.014898611978162491
targeting,credit_broad,mlp,1009,features,PAY_6,1926,False,218,216,2,1708,1,3,12,11,1,1914,16,17,2,2,0,1924,0,0,0,0,0,1926,0,0,2,2,0,1924,17,17,14,13,1,1912,16,17,218,216,2,1708,1,3,0.007612881483228647
signed_targeting,credit_broad,mlp,1009,features,PAY_AMT1,1941,True,288,286,2,1653,2,4,20,19,1,1921,4,5,5,5,0,1936,0,0,122,93,29,1819,4,33,122,91,31,1819,7,38,135,103,32,1806,6,38,395,364,31,1546,6,37,0.008685763330361645
signed_targeting,credit_broad,mlp,1009,features,PAY_AMT2,1946,True,267,267,0,1679,1,1,25,24,1,1921,4,5,2,2,0,1944,0,0,22,22,0,1924,0,0,22,22,0,1924,5,5,47,46,1,1899,4,5,281,281,0,1665,1,1,0.015318780734766307
signed_targeting,credit_broad,mlp,1009,features,PAY_AMT3,1936,True,191,191,0,1745,0,0,18,15,3,1918,2,5,5,5,0,1931,0,0,118,118,0,1818,0,0,118,117,1,1818,4,5,129,126,3,1807,2,5,280,280,0,1656,0,0,0.008646137791351594
signed_targeting,credit_broad,mlp,1009,features,PAY_AMT4,1939,True,94,94,0,1845,0,0,23,23,0,1916,5,5,0,0,0,1939,0,0,12,6,6,1927,39,45,12,6,6,1927,44,50,35,29,6,1904,44,50,106,100,6,1833,39,45,0.012036494503239539
signed_targeting,credit_broad,mlp,1009,features,PAY_AMT5,1942,True,132,132,0,1810,1,1,22,22,0,1920,0,0,1,1,0,1941,0,0,221,220,1,1721,0,1,221,220,1,1721,0,1,224,223,1,1718,0,1,336,335,1,1606,1,2,0.007666358152334326
signed_targeting,credit_broad,mlp,1009,features,PAY_AMT6,1948,True,182,181,1,1766,0,1,15,14,1,1933,4,5,3,3,0,1945,0,0,66,66,0,1882,0,0,66,66,0,1882,5,5,79,78,1,1869,4,5,239,238,1,1709,0,1,0.007755468753940829
targeting,credit_broad,mlp,1009,contexts,LIMIT_BAL,1926,False,386,371,15,1540,8,23,19,19,0,1907,3,3,3,3,0,1923,0,0,0,0,0,1926,0,0,3,3,0,1923,3,3,22,22,0,1904,3,3,386,371,15,1540,8,23,0.019742022199549965
targeting,credit_broad,mlp,1009,contexts,BILL_AMT1,1909,False,300,300,0,1609,2,2,15,15,0,1894,6,6,12,12,0,1897,0,0,0,0,0,1909,0,0,12,12,0,1897,6,6,27,27,0,1882,6,6,300,300,0,1609,2,2,0.007275918998624089
targeting,credit_broad,mlp,1009,contexts,BILL_AMT2,1909,False,153,152,1,1756,3,4,17,17,0,1892,4,4,8,8,0,1901,0,0,0,0,0,1909,0,0,7,7,0,1902,4,4,25,25,0,1884,4,4,153,152,1,1756,3,4,0.006169072167413268
targeting,credit_broad,mlp,1009,contexts,BILL_AMT3,1902,False,98,97,1,1804,3,4,21,20,1,1881,8,9,1,1,0,1901,0,0,0,0,0,1902,0,0,1,1,0,1901,9,9,22,21,1,1880,8,9,98,97,1,1804,3,4,0.010989490680106493
targeting,credit_broad,mlp,1009,contexts,BILL_AMT4,1904,False,61,61,0,1843,1,1,17,16,1,1887,10,11,2,2,0,1902,0,0,0,0,0,1904,0,0,2,2,0,1902,11,11,19,18,1,1885,10,11,61,61,0,1843,1,1,0.004886705326105359
targeting,credit_broad,mlp,1009,contexts,BILL_AMT5,1902,False,116,116,0,1786,3,3,18,18,0,1884,4,4,1,1,0,1901,0,0,0,0,0,1902,0,0,1,1,0,1901,4,4,19,19,0,1883,4,4,116,116,0,1786,3,3,0.008208466617853757
targeting,credit_broad,mlp,1009,contexts,BILL_AMT6,1901,False,105,99,6,1796,1,7,17,17,0,1884,6,6,1,1,0,1900,0,0,0,0,0,1901,0,0,1,1,0,1900,6,6,18,18,0,1883,6,6,105,99,6,1796,1,7,0.004388545653617823
targeting,credit_broad,mlp,1009,contexts,PAY_AMT1,1941,True,288,263,25,1653,11,36,20,17,3,1921,4,7,5,5,0,1936,0,0,122,122,0,1819,0,0,122,120,2,1819,5,7,135,132,3,1806,4,7,395,370,25,1546,11,36,0.008525683462936837
targeting,credit_broad,mlp,1009,contexts,PAY_AMT2,1946,True,267,263,4,1679,1,5,25,25,0,1921,2,2,2,2,0,1944,0,0,22,22,0,1924,0,0,22,22,0,1924,2,2,47,47,0,1899,2,2,281,277,4,1665,1,5,0.014448183324702742
targeting,credit_broad,mlp,1009,contexts,PAY_AMT3,1936,True,191,191,0,1745,3,3,18,15,3,1918,4,7,5,5,0,1931,0,0,118,118,0,1818,0,0,118,117,1,1818,6,7,129,126,3,1807,4,7,280,280,0,1656,3,3,0.008429082532237935
targeting,credit_broad,mlp,1009,contexts,PAY_AMT4,1939,True,94,94,0,1845,1,1,23,22,1,1916,4,5,0,0,0,1939,0,0,12,2,10,1927,26,36,12,2,10,1927,31,41,35,24,11,1904,30,41,106,96,10,1833,27,37,0.0121319121472356
targeting,credit_broad,mlp,1009,contexts,PAY_AMT5,1942,True,132,132,0,1810,2,2,22,21,1,1920,6,7,1,1,0,1941,0,0,221,221,0,1721,0,0,221,219,2,1721,5,7,224,222,2,1718,5,7,336,336,0,1606,2,2,0.007761971693820452
targeting,credit_broad,mlp,1009,contexts,PAY_AMT6,1948,True,182,174,8,1766,1,9,15,13,2,1933,7,9,3,3,0,1945,0,0,66,66,0,1882,0,0,66,66,0,1882,9,9,79,77,2,1869,7,9,239,231,8,1709,1,9,0.009090216317269828
targeting,credit_broad,mlp,1009,contexts,EDUCATION,1928,False,168,166,2,1760,0,2,30,30,0,1898,6,6,1,1,0,1927,0,0,0,0,0,1928,0,0,1,1,0,1927,6,6,31,31,0,1897,6,6,168,166,2,1760,0,2,0.01661164125419272
targeting,credit_broad,mlp,1009,contexts,MARRIAGE,1930,False,236,235,1,1694,1,2,26,24,2,1904,7,9,0,0,0,1930,0,0,0,0,0,1930,0,0,0,0,0,1930,9,9,26,24,2,1904,7,9,236,235,1,1694,1,2,0.013098117323504304
targeting,credit_broad,mlp,1009,contexts,PAY_0,1927,False,272,258,14,1655,28,42,45,41,4,1882,5,9,0,0,0,1927,0,0,0,0,0,1927,0,0,0,0,0,1927,9,9,45,41,4,1882,5,9,272,258,14,1655,28,42,0.01658759610832577
targeting,credit_broad,mlp,1009,contexts,PAY_2,1929,False,210,208,2,1719,1,3,29,29,0,1900,4,4,4,4,0,1925,0,0,0,0,0,1929,0,0,3,3,0,1926,4,4,33,33,0,1896,4,4,210,208,2,1719,1,3,0.013635051377578465
targeting,credit_broad,mlp,1009,contexts,PAY_3,1930,False,186,180,6,1744,10,16,44,42,2,1886,8,10,1,1,0,1929,0,0,0,0,0,1930,0,0,1,1,0,1929,10,10,45,43,2,1885,8,10,186,180,6,1744,10,16,0.013405465399595093
targeting,credit_broad,mlp,1009,contexts,PAY_4,1928,False,122,122,0,1806,2,2,15,15,0,1913,7,7,1,1,0,1927,0,0,0,0,0,1928,0,0,1,1,0,1927,7,7,16,16,0,1912,7,7,122,122,0,1806,2,2,0.009393798243323974
targeting,credit_broad,mlp,1009,contexts,PAY_5,1929,False,91,91,0,1838,1,1,16,16,0,1913,7,7,0,0,0,1929,0,0,0,0,0,1929,0,0,0,0,0,1929,7,7,16,16,0,1913,7,7,91,91,0,1838,1,1,0.01464938781793657
targeting,credit_broad,mlp,1009,contexts,PAY_6,1926,False,218,214,4,1708,3,7,12,11,1,1914,10,11,2,2,0,1924,0,0,0,0,0,1926,0,0,2,2,0,1924,11,11,14,13,1,1912,10,11,218,214,4,1708,3,7,0.00805307613949925
signed_targeting,credit_broad,mlp,1009,contexts,PAY_AMT1,1941,True,288,263,25,1653,11,36,20,17,3,1921,4,7,5,5,0,1936,0,0,122,122,0,1819,0,0,122,120,2,1819,5,7,135,132,3,1806,4,7,395,370,25,1546,11,36,0.008525683462936837
signed_targeting,credit_broad,mlp,1009,contexts,PAY_AMT2,1946,True,267,263,4,1679,1,5,25,25,0,1921,2,2,2,2,0,1944,0,0,22,22,0,1924,0,0,22,22,0,1924,2,2,47,47,0,1899,2,2,281,277,4,1665,1,5,0.014448183324702742
signed_targeting,credit_broad,mlp,1009,contexts,PAY_AMT3,1936,True,191,191,0,1745,3,3,18,15,3,1918,4,7,5,5,0,1931,0,0,118,118,0,1818,0,0,118,117,1,1818,6,7,129,126,3,1807,4,7,280,280,0,1656,3,3,0.008429082532237935
signed_targeting,credit_broad,mlp,1009,contexts,PAY_AMT4,1939,True,94,94,0,1845,1,1,23,22,1,1916,4,5,0,0,0,1939,0,0,12,2,10,1927,26,36,12,2,10,1927,31,41,35,24,11,1904,30,41,106,96,10,1833,27,37,0.0121319121472356
signed_targeting,credit_broad,mlp,1009,contexts,PAY_AMT5,1942,True,132,132,0,1810,2,2,22,21,1,1920,6,7,1,1,0,1941,0,0,221,221,0,1721,0,0,221,219,2,1721,5,7,224,222,2,1718,5,7,336,336,0,1606,2,2,0.007761971693820452
signed_targeting,credit_broad,mlp,1009,contexts,PAY_AMT6,1948,True,182,174,8,1766,1,9,15,13,2,1933,7,9,3,3,0,1945,0,0,66,66,0,1882,0,0,66,66,0,1882,9,9,79,77,2,1869,7,9,239,231,8,1709,1,9,0.009090216317269828
targeting,credit_broad,mlp,1009,population,LIMIT_BAL,1926,False,386,365,21,1540,7,28,19,19,0,1907,7,7,3,3,0,1923,0,0,0,0,0,1926,0,0,3,1,2,1923,5,7,22,20,2,1904,5,7,386,365,21,1540,7,28,0.01971441941196675
targeting,credit_broad,mlp,1009,population,BILL_AMT1,1909,False,300,298,2,1609,2,4,15,14,1,1894,6,7,12,12,0,1897,0,0,0,0,0,1909,0,0,12,12,0,1897,7,7,27,26,1,1882,6,7,300,298,2,1609,2,4,0.006848301086489776
targeting,credit_broad,mlp,1009,population,BILL_AMT2,1909,False,153,150,3,1756,6,9,17,17,0,1892,8,8,8,8,0,1901,0,0,0,0,0,1909,0,0,7,7,0,1902,8,8,25,25,0,1884,8,8,153,150,3,1756,6,9,0.005942030448583615
targeting,credit_broad,mlp,1009,population,BILL_AMT3,1902,False,98,97,1,1804,1,2,21,19,2,1881,3,5,1,1,0,1901,0,0,0,0,0,1902,0,0,1,1,0,1901,5,5,22,20,2,1880,3,5,98,97,1,1804,1,2,0.0116034272895324
targeting,credit_broad,mlp,1009,population,BILL_AMT4,1904,False,61,61,0,1843,0,0,17,16,1,1887,7,8,2,2,0,1902,0,0,0,0,0,1904,0,0,2,2,0,1902,8,8,19,18,1,1885,7,8,61,61,0,1843,0,0,0.00478799458433004
targeting,credit_broad,mlp,1009,population,BILL_AMT5,1902,False,116,115,1,1786,2,3,18,17,1,1884,5,6,1,1,0,1901,0,0,0,0,0,1902,0,0,1,1,0,1901,6,6,19,18,1,1883,5,6,116,115,1,1786,2,3,0.008220920162637887
targeting,credit_broad,mlp,1009,population,BILL_AMT6,1901,False,105,99,6,1796,5,11,17,17,0,1884,8,8,1,1,0,1900,0,0,0,0,0,1901,0,0,1,1,0,1900,8,8,18,18,0,1883,8,8,105,99,6,1796,5,11,0.004441215475696502
targeting,credit_broad,mlp,1009,population,PAY_AMT1,1941,True,288,274,14,1653,6,20,20,19,1,1921,6,7,5,5,0,1936,0,0,122,69,53,1819,14,67,122,66,56,1819,18,74,135,78,57,1806,17,74,395,328,67,1546,20,87,0.008023733389562297
targeting,credit_broad,mlp,1009,population,PAY_AMT2,1946,True,267,256,11,1679,5,16,25,21,4,1921,5,9,2,2,0,1944,0,0,22,22,0,1924,0,0,22,22,0,1924,9,9,47,43,4,1899,5,9,281,270,11,1665,5,16,0.014559980828976339
targeting,credit_broad,mlp,1009,population,PAY_AMT3,1936,True,191,190,1,1745,4,5,18,16,2,1918,4,6,5,5,0,1931,0,0,118,118,0,1818,0,0,118,118,0,1818,6,6,129,127,2,1807,4,6,280,279,1,1656,4,5,0.007864575856661296
targeting,credit_broad,mlp,1009,population,PAY_AMT4,1939,True,94,93,1,1845,2,3,23,23,0,1916,4,4,0,0,0,1939,0,0,12,5,7,1927,22,29,12,5,7,1927,26,33,35,28,7,1904,26,33,106,98,8,1833,24,32,0.011929229288748596
targeting,credit_broad,mlp,1009,population,PAY_AMT5,1942,True,132,132,0,1810,1,1,22,20,2,1920,2,4,1,1,0,1941,0,0,221,218,3,1721,1,4,221,217,4,1721,4,8,224,219,5,1718,3,8,336,333,3,1606,2,5,0.006425611799767664
targeting,credit_broad,mlp,1009,population,PAY_AMT6,1948,True,182,177,5,1766,7,12,15,14,1,1933,7,8,3,3,0,1945,0,0,66,66,0,1882,0,0,66,64,2,1882,6,8,79,76,3,1869,5,8,239,234,5,1709,7,12,0.006121586340884798
targeting,credit_broad,mlp,1009,population,EDUCATION,1928,False,168,163,5,1760,6,11,30,29,1,1898,5,6,1,1,0,1927,0,0,0,0,0,1928,0,0,1,1,0,1927,6,6,31,30,1,1897,5,6,168,163,5,1760,6,11,0.016454455057344344
targeting,credit_broad,mlp,1009,population,MARRIAGE,1930,False,236,235,1,1694,1,2,26,24,2,1904,4,6,0,0,0,1930,0,0,0,0,0,1930,0,0,0,0,0,1930,6,6,26,24,2,1904,4,6,236,235,1,1694,1,2,0.012947722182272256
targeting,credit_broad,mlp,1009,population,PAY_0,1927,False,272,261,11,1655,21,32,45,44,1,1882,6,7,0,0,0,1927,0,0,0,0,0,1927,0,0,0,0,0,1927,7,7,45,44,1,1882,6,7,272,261,11,1655,21,32,0.016256490009168973
targeting,credit_broad,mlp,1009,population,PAY_2,1929,False,210,207,3,1719,4,7,29,27,2,1900,8,10,4,4,0,1925,0,0,0,0,0,1929,0,0,3,3,0,1926,10,10,33,31,2,1896,8,10,210,207,3,1719,4,7,0.014180127569880368
targeting,credit_broad,mlp,1009,population,PAY_3,1930,False,186,179,7,1744,15,22,44,44,0,1886,2,2,1,1,0,1929,0,0,0,0,0,1930,0,0,1,1,0,1929,2,2,45,45,0,1885,2,2,186,179,7,1744,15,22,0.013412535286796253
targeting,credit_broad,mlp,1009,population,PAY_4,1928,False,122,121,1,1806,4,5,15,14,1,1913,6,7,1,1,0,1927,0,0,0,0,0,1928,0,0,1,1,0,1927,7,7,16,15,1,1912,6,7,122,121,1,1806,4,5,0.009689697340940686
targeting,credit_broad,mlp,1009,population,PAY_5,1929,False,91,91,0,1838,1,1,16,15,1,1913,8,9,0,0,0,1929,0,0,0,0,0,1929,0,0,0,0,0,1929,9,9,16,15,1,1913,8,9,91,91,0,1838,1,1,0.014152582328294446
targeting,credit_broad,mlp,1009,population,PAY_6,1926,False,218,212,6,1708,3,9,12,12,0,1914,18,18,2,2,0,1924,0,0,0,0,0,1926,0,0,2,2,0,1924,18,18,14,14,0,1912,18,18,218,212,6,1708,3,9,0.007525874032793576
signed_targeting,credit_broad,mlp,1009,population,PAY_AMT1,1941,True,288,274,14,1653,6,20,20,19,1,1921,6,7,5,5,0,1936,0,0,122,69,53,1819,14,67,122,66,56,1819,18,74,135,78,57,1806,17,74,395,328,67,1546,20,87,0.008023733389562297
signed_targeting,credit_broad,mlp,1009,population,PAY_AMT2,1946,True,267,256,11,1679,5,16,25,21,4,1921,5,9,2,2,0,1944,0,0,22,22,0,1924,0,0,22,22,0,1924,9,9,47,43,4,1899,5,9,281,270,11,1665,5,16,0.014559980828976339
signed_targeting,credit_broad,mlp,1009,population,PAY_AMT3,1936,True,191,190,1,1745,4,5,18,16,2,1918,4,6,5,5,0,1931,0,0,118,118,0,1818,0,0,118,118,0,1818,6,6,129,127,2,1807,4,6,280,279,1,1656,4,5,0.007864575856661296
signed_targeting,credit_broad,mlp,1009,population,PAY_AMT4,1939,True,94,93,1,1845,2,3,23,23,0,1916,4,4,0,0,0,1939,0,0,12,5,7,1927,22,29,12,5,7,1927,26,33,35,28,7,1904,26,33,106,98,8,1833,24,32,0.011929229288748596
signed_targeting,credit_broad,mlp,1009,population,PAY_AMT5,1942,True,132,132,0,1810,1,1,22,20,2,1920,2,4,1,1,0,1941,0,0,221,218,3,1721,1,4,221,217,4,1721,4,8,224,219,5,1718,3,8,336,333,3,1606,2,5,0.006425611799767664
signed_targeting,credit_broad,mlp,1009,population,PAY_AMT6,1948,True,182,177,5,1766,7,12,15,14,1,1933,7,8,3,3,0,1945,0,0,66,66,0,1882,0,0,66,64,2,1882,6,8,79,76,3,1869,5,8,239,234,5,1709,7,12,0.006121586340884798
targeting,credit_broad,mlp,1009,task,LIMIT_BAL,1926,False,386,0,386,1540,0,386,19,0,19,1907,0,19,3,0,3,1923,0,3,0,0,0,1926,0,0,3,0,3,1923,19,22,22,0,22,1904,0,22,386,0,386,1540,0,386,1.0530834310031583e-17
targeting,credit_broad,mlp,1009,task,BILL_AMT1,1909,False,300,0,300,1609,0,300,15,0,15,1894,0,15,12,0,12,1897,0,12,0,0,0,1909,0,0,12,0,12,1897,15,27,27,0,27,1882,0,27,300,0,300,1609,0,300,2.3989889872073185e-19
targeting,credit_broad,mlp,1009,task,BILL_AMT2,1909,False,153,0,153,1756,0,153,17,0,17,1892,0,17,8,0,8,1901,0,8,0,0,0,1909,0,0,7,0,7,1902,18,25,25,0,25,1884,0,25,153,0,153,1756,0,153,1.999157489339432e-19
targeting,credit_broad,mlp,1009,task,BILL_AMT3,1902,False,98,0,98,1804,0,98,21,0,21,1881,0,21,1,0,1,1901,0,1,0,0,0,1902,0,0,1,0,1,1901,21,22,22,0,22,1880,0,22,98,0,98,1804,0,98,1.9700329695635664e-19
targeting,credit_broad,mlp,1009,task,BILL_AMT4,1904,False,61,0,61,1843,0,61,17,0,17,1887,0,17,2,0,2,1902,0,2,0,0,0,1904,0,0,2,0,2,1902,17,19,19,0,19,1885,0,19,61,0,61,1843,0,61,2.405288853245153e-19
targeting,credit_broad,mlp,1009,task,BILL_AMT5,1902,False,116,0,116,1786,0,116,18,0,18,1884,0,18,1,0,1,1901,0,1,0,0,0,1902,0,0,1,0,1,1901,18,19,19,0,19,1883,0,19,116,0,116,1786,0,116,3.210424098548034e-19
targeting,credit_broad,mlp,1009,task,BILL_AMT6,1901,False,105,0,105,1796,0,105,17,0,17,1884,0,17,1,0,1,1900,0,1,0,0,0,1901,0,0,1,0,1,1900,17,18,18,0,18,1883,0,18,105,0,105,1796,0,105,2.920102642359696e-19
targeting,credit_broad,mlp,1009,task,PAY_AMT1,1941,True,288,0,288,1653,0,288,20,0,20,1921,0,20,5,0,5,1936,0,5,122,0,122,1819,0,122,122,0,122,1819,13,135,135,0,135,1806,0,135,395,0,395,1546,0,395,3.28891416362424e-19
targeting,credit_broad,mlp,1009,task,PAY_AMT2,1946,True,267,0,267,1679,0,267,25,0,25,1921,0,25,2,0,2,1944,0,2,22,0,22,1924,0,22,22,0,22,1924,25,47,47,0,47,1899,0,47,281,0,281,1665,0,281,4.421494573918275e-19
targeting,credit_broad,mlp,1009,task,PAY_AMT3,1936,True,191,0,191,1745,0,191,18,0,18,1918,0,18,5,0,5,1931,0,5,118,0,118,1818,0,118,118,0,118,1818,11,129,129,0,129,1807,0,129,280,0,280,1656,0,280,4.050077536888e-19
targeting,credit_broad,mlp,1009,task,PAY_AMT4,1939,True,94,0,94,1845,0,94,23,0,23,1916,0,23,0,0,0,1939,0,0,12,0,12,1927,0,12,12,0,12,1927,23,35,35,0,35,1904,0,35,106,0,106,1833,0,106,4.902673877438321e-19
targeting,credit_broad,mlp,1009,task,PAY_AMT5,1942,True,132,0,132,1810,0,132,22,0,22,1920,0,22,1,0,1,1941,0,1,221,0,221,1721,0,221,221,0,221,1721,3,224,224,0,224,1718,0,224,336,0,336,1606,0,336,2.894183348179637e-19
targeting,credit_broad,mlp,1009,task,PAY_AMT6,1948,True,182,0,182,1766,0,182,15,0,15,1933,0,15,3,0,3,1945,0,3,66,0,66,1882,0,66,66,0,66,1882,13,79,79,0,79,1869,0,79,239,0,239,1709,0,239,2.101615710115639e-19
targeting,credit_broad,mlp,1009,task,EDUCATION,1928,False,168,0,168,1760,0,168,30,0,30,1898,0,30,1,0,1,1927,0,1,0,0,0,1928,0,0,1,0,1,1927,30,31,31,0,31,1897,0,31,168,0,168,1760,0,168,4.0308927242614606e-19
targeting,credit_broad,mlp,1009,task,MARRIAGE,1930,False,236,0,236,1694,0,236,26,0,26,1904,0,26,0,0,0,1930,0,0,0,0,0,1930,0,0,0,0,0,1930,26,26,26,0,26,1904,0,26,236,0,236,1694,0,236,3.3795649065662147e-19
targeting,credit_broad,mlp,1009,task,PAY_0,1927,False,272,0,272,1655,0,272,45,0,45,1882,0,45,0,0,0,1927,0,0,0,0,0,1927,0,0,0,0,0,1927,45,45,45,0,45,1882,0,45,272,0,272,1655,0,272,5.905441620346577e-19
targeting,credit_broad,mlp,1009,task,PAY_2,1929,False,210,0,210,1719,0,210,29,0,29,1900,0,29,4,0,4,1925,0,4,0,0,0,1929,0,0,3,0,3,1926,30,33,33,0,33,1896,0,33,210,0,210,1719,0,210,7.554005805186719e-19
targeting,credit_broad,mlp,1009,task,PAY_3,1930,False,186,0,186,1744,0,186,44,0,44,1886,0,44,1,0,1,1929,0,1,0,0,0,1930,0,0,1,0,1,1929,44,45,45,0,45,1885,0,45,186,0,186,1744,0,186,1.0066789083388724e-18
targeting,credit_broad,mlp,1009,task,PAY_4,1928,False,122,0,122,1806,0,122,15,0,15,1913,0,15,1,0,1,1927,0,1,0,0,0,1928,0,0,1,0,1,1927,15,16,16,0,16,1912,0,16,122,0,122,1806,0,122,3.3110904520719137e-19
targeting,credit_broad,mlp,1009,task,PAY_5,1929,False,91,0,91,1838,0,91,16,0,16,1913,0,16,0,0,0,1929,0,0,0,0,0,1929,0,0,0,0,0,1929,16,16,16,0,16,1913,0,16,91,0,91,1838,0,91,3.8849172712388836e-19
targeting,credit_broad,mlp,1009,task,PAY_6,1926,False,218,0,218,1708,0,218,12,0,12,1914,0,12,2,0,2,1924,0,2,0,0,0,1926,0,0,2,0,2,1924,12,14,14,0,14,1912,0,14,218,0,218,1708,0,218,2.0895942182067457e-19
signed_targeting,credit_broad,mlp,1009,task,PAY_AMT1,1941,True,288,0,288,1653,0,288,20,0,20,1921,0,20,5,0,5,1936,0,5,122,0,122,1819,0,122,122,0,122,1819,13,135,135,0,135,1806,0,135,395,0,395,1546,0,395,3.28891416362424e-19
signed_targeting,credit_broad,mlp,1009,task,PAY_AMT2,1946,True,267,0,267,1679,0,267,25,0,25,1921,0,25,2,0,2,1944,0,2,22,0,22,1924,0,22,22,0,22,1924,25,47,47,0,47,1899,0,47,281,0,281,1665,0,281,4.421494573918275e-19
signed_targeting,credit_broad,mlp,1009,task,PAY_AMT3,1936,True,191,0,191,1745,0,191,18,0,18,1918,0,18,5,0,5,1931,0,5,118,0,118,1818,0,118,118,0,118,1818,11,129,129,0,129,1807,0,129,280,0,280,1656,0,280,4.050077536888e-19
signed_targeting,credit_broad,mlp,1009,task,PAY_AMT4,1939,True,94,0,94,1845,0,94,23,0,23,1916,0,23,0,0,0,1939,0,0,12,0,12,1927,0,12,12,0,12,1927,23,35,35,0,35,1904,0,35,106,0,106,1833,0,106,4.902673877438321e-19
signed_targeting,credit_broad,mlp,1009,task,PAY_AMT5,1942,True,132,0,132,1810,0,132,22,0,22,1920,0,22,1,0,1,1941,0,1,221,0,221,1721,0,221,221,0,221,1721,3,224,224,0,224,1718,0,224,336,0,336,1606,0,336,2.894183348179637e-19
signed_targeting,credit_broad,mlp,1009,task,PAY_AMT6,1948,True,182,0,182,1766,0,182,15,0,15,1933,0,15,3,0,3,1945,0,3,66,0,66,1882,0,66,66,0,66,1882,13,79,79,0,79,1869,0,79,239,0,239,1709,0,239,2.101615710115639e-19
targeting,credit_broad,mlp,1009,augmentation,LIMIT_BAL,1926,False,386,202,184,1540,659,843,19,17,2,1907,17,19,3,3,0,1923,13,13,0,0,0,1926,0,0,3,2,1,1923,31,32,22,19,3,1904,29,32,386,202,184,1540,659,843,0.04971845913823531
targeting,credit_broad,mlp,1009,augmentation,BILL_AMT1,1909,False,300,138,162,1609,655,817,15,13,2,1894,18,20,12,12,0,1897,4,4,0,0,0,1909,0,0,12,12,0,1897,23,23,27,25,2,1882,21,23,300,138,162,1609,655,817,0.04137666637656238
targeting,credit_broad,mlp,1009,augmentation,BILL_AMT2,1909,False,153,76,77,1756,624,701,17,16,1,1892,13,14,8,8,0,1901,8,8,0,0,0,1909,0,0,7,6,1,1902,21,22,25,23,2,1884,20,22,153,76,77,1756,624,701,0.03615054622912393
targeting,credit_broad,mlp,1009,augmentation,BILL_AMT3,1902,False,98,49,49,1804,586,635,21,21,0,1881,23,23,1,1,0,1901,9,9,0,0,0,1902,0,0,1,1,0,1901,32,32,22,21,1,1880,31,32,98,49,49,1804,586,635,0.06134323851531114
targeting,credit_broad,mlp,1009,augmentation,BILL_AMT4,1904,False,61,34,27,1843,635,662,17,17,0,1887,22,22,2,2,0,1902,7,7,0,0,0,1904,0,0,2,2,0,1902,29,29,19,18,1,1885,28,29,61,34,27,1843,635,662,0.048450332623091626
targeting,credit_broad,mlp,1009,augmentation,BILL_AMT5,1902,False,116,74,42,1786,738,780,18,17,1,1884,23,24,1,1,0,1901,15,15,0,0,0,1902,0,0,1,1,0,1901,38,38,19,17,2,1883,36,38,116,74,42,1786,738,780,0.054850547458226206
targeting,credit_broad,mlp,1009,augmentation,BILL_AMT6,1901,False,105,65,40,1796,656,696,17,15,2,1884,28,30,1,1,0,1900,8,8,0,0,0,1901,0,0,1,1,0,1900,38,38,18,16,2,1883,36,38,105,65,40,1796,656,696,0.06071723039544676
targeting,credit_broad,mlp,1009,augmentation,PAY_AMT1,1941,True,288,174,114,1653,652,766,20,19,1,1921,25,26,5,5,0,1936,4,4,122,99,23,1819,188,211,122,94,28,1819,209,237,135,102,33,1806,204,237,395,167,228,1546,644,872,0.05950973462994123
targeting,credit_broad,mlp,1009,augmentation,PAY_AMT2,1946,True,267,138,129,1679,706,835,25,21,4,1921,27,31,2,2,0,1944,2,2,22,15,7,1924,106,113,22,14,8,1924,132,140,47,32,15,1899,125,140,281,127,154,1665,726,880,0.06805108990037059
targeting,credit_broad,mlp,1009,augmentation,PAY_AMT3,1936,True,191,109,82,1745,485,567,18,16,2,1918,22,24,5,5,0,1931,5,5,118,39,79,1818,517,596,118,39,79,1818,527,606,129,44,85,1807,521,606,280,99,181,1656,817,998,0.04442184291396849
targeting,credit_broad,mlp,1009,augmentation,PAY_AMT4,1939,True,94,52,42,1845,610,652,23,20,3,1916,22,25,0,0,0,1939,13,13,12,1,11,1927,1150,1161,12,1,11,1927,1164,1175,35,4,31,1904,1144,1175,106,25,81,1833,1303,1384,0.0548699971520466
targeting,credit_broad,mlp,1009,augmentation,PAY_AMT5,1942,True,132,79,53,1810,728,781,22,22,0,1920,23,23,1,1,0,1941,9,9,221,63,158,1721,655,813,221,62,159,1721,668,827,224,63,161,1718,666,827,336,88,248,1606,961,1209,0.04492526395411686
targeting,credit_broad,mlp,1009,augmentation,PAY_AMT6,1948,True,182,102,80,1766,639,719,15,12,3,1933,24,27,3,2,1,1945,14,15,66,21,45,1882,439,484,66,21,45,1882,453,498,79,27,52,1869,446,498,239,91,148,1709,806,954,0.04190070629225132
targeting,credit_broad,mlp,1009,augmentation,EDUCATION,1928,False,168,83,85,1760,707,792,30,27,3,1898,22,25,1,1,0,1927,6,6,0,0,0,1928,0,0,1,1,0,1927,31,31,31,28,3,1897,28,31,168,83,85,1760,707,792,0.05800997612916852
targeting,credit_broad,mlp,1009,augmentation,MARRIAGE,1930,False,236,119,117,1694,717,834,26,21,5,1904,30,35,0,0,0,1930,11,11,0,0,0,1930,0,0,0,0,0,1930,46,46,26,21,5,1904,41,46,236,119,117,1694,717,834,0.06255464262446002
targeting,credit_broad,mlp,1009,augmentation,PAY_0,1927,False,272,105,167,1655,748,915,45,40,5,1882,11,16,0,0,0,1927,23,23,0,0,0,1927,0,0,0,0,0,1927,37,37,45,40,5,1882,32,37,272,105,167,1655,748,915,0.07380199122290701
targeting,credit_broad,mlp,1009,augmentation,PAY_2,1929,False,210,108,102,1719,701,803,29,27,2,1900,19,21,4,3,1,1925,5,6,0,0,0,1929,0,0,3,3,0,1926,27,27,33,29,4,1896,23,27,210,108,102,1719,701,803,0.06189840549397982
targeting,credit_broad,mlp,1009,augmentation,PAY_3,1930,False,186,90,96,1744,623,719,44,40,4,1886,19,23,1,1,0,1929,6,6,0,0,0,1930,0,0,1,1,0,1929,29,29,45,41,4,1885,25,29,186,90,96,1744,623,719,0.05871792996940379
targeting,credit_broad,mlp,1009,augmentation,PAY_4,1928,False,122,35,87,1806,921,1008,15,11,4,1913,22,26,1,1,0,1927,24,24,0,0,0,1928,0,0,1,1,0,1927,50,50,16,12,4,1912,46,50,122,35,87,1806,921,1008,0.05910998828142368
targeting,credit_broad,mlp,1009,augmentation,PAY_5,1929,False,91,45,46,1838,590,636,16,16,0,1913,26,26,0,0,0,1929,9,9,0,0,0,1929,0,0,0,0,0,1929,34,34,16,16,0,1913,34,34,91,45,46,1838,590,636,0.04079256483037706
targeting,credit_broad,mlp,1009,augmentation,PAY_6,1926,False,218,120,98,1708,649,747,12,12,0,1914,21,21,2,1,1,1924,4,5,0,0,0,1926,0,0,2,1,1,1924,25,26,14,13,1,1912,25,26,218,120,98,1708,649,747,0.04797083216797914
signed_targeting,credit_broad,mlp,1009,augmentation,PAY_AMT1,1941,True,288,174,114,1653,652,766,20,19,1,1921,25,26,5,5,0,1936,4,4,122,99,23,1819,188,211,122,94,28,1819,209,237,135,102,33,1806,204,237,395,167,228,1546,644,872,0.05950973462994123
signed_targeting,credit_broad,mlp,1009,augmentation,PAY_AMT2,1946,True,267,138,129,1679,706,835,25,21,4,1921,27,31,2,2,0,1944,2,2,22,15,7,1924,106,113,22,14,8,1924,132,140,47,32,15,1899,125,140,281,127,154,1665,726,880,0.06805108990037059
signed_targeting,credit_broad,mlp,1009,augmentation,PAY_AMT3,1936,True,191,109,82,1745,485,567,18,16,2,1918,22,24,5,5,0,1931,5,5,118,39,79,1818,517,596,118,39,79,1818,527,606,129,44,85,1807,521,606,280,99,181,1656,817,998,0.04442184291396849
signed_targeting,credit_broad,mlp,1009,augmentation,PAY_AMT4,1939,True,94,52,42,1845,610,652,23,20,3,1916,22,25,0,0,0,1939,13,13,12,1,11,1927,1150,1161,12,1,11,1927,1164,1175,35,4,31,1904,1144,1175,106,25,81,1833,1303,1384,0.0548699971520466
signed_targeting,credit_broad,mlp,1009,augmentation,PAY_AMT5,1942,True,132,79,53,1810,728,781,22,22,0,1920,23,23,1,1,0,1941,9,9,221,63,158,1721,655,813,221,62,159,1721,668,827,224,63,161,1718,666,827,336,88,248,1606,961,1209,0.04492526395411686
signed_targeting,credit_broad,mlp,1009,augmentation,PAY_AMT6,1948,True,182,102,80,1766,639,719,15,12,3,1933,24,27,3,2,1,1945,14,15,66,21,45,1882,439,484,66,21,45,1882,453,498,79,27,52,1869,446,498,239,91,148,1709,806,954,0.04190070629225132
