task,architecture,method,seed,checkpoint,auc,ap,f1,accuracy,brier,bce,eomax,aod,dp,tpr_gap,fpr_gap,group0_tpr,group0_fpr,group0_positive,group0_n,group1_tpr,group1_fpr,group1_positive,group1_n,L_R,violation_005,P_R,decision_disagreement,opposite_005,P_mean_common_abs,P_population_effect_gap,direction_L_R,direction_violation_005,direction_P_R,direction_decision_disagreement,direction_opposite_005,direction_P_mean_common_abs,direction_direction_logit_loss,direction_adverse_magnitude,direction_adverse_decision,direction_common_response,direction_signed_common_response,direction_adverse_0,direction_both_adverse_0,direction_adverse_005,direction_both_adverse_005,direction_adverse_01,direction_both_adverse_01,direction_joint_pass,arm
hmda_oh,mlp,erm,1000,interfair/training/mlp/runs/confirmation/hmda_oh/1000/erm/selected.pt,0.8519298887898774,0.9515206517007684,0.9241209736906812,0.8714166666666666,0.0987964864455611,0.3292561919674276,0.162984496124031,0.1081298370602754,0.153484158784158,0.0532751779965199,0.162984496124031,0.974429024150366,0.562984496124031,0.8987070887204637,11215,0.921153846153846,0.4,0.7452229299363057,785,0.2372629759186726,0.8391477919788598,0.0404103378533142,0.0621392036693596,0.0570975611869113,0.0872314206421955,0.0405918459698969,0.2271581024499879,0.8063847709285255,0.0380903474051346,0.0638791891215556,0.0567024366598727,0.0724058588518866,0.0451766925039046,0.009662165504505,0.0140688301647042,0.0724058588518866,0.0541783676276102,0.3387959376371809,0.2045684567311894,0.2610932843115632,0.1427182338025559,0.2177667828954832,0.1141857105980914,0.1541431104142419,erm
hmda_oh,mlp,erm,1001,interfair/training/mlp/runs/confirmation/hmda_oh/1001/erm/selected.pt,0.8496541141289959,0.9503607178323924,0.923491115571002,0.86975,0.0998643559388384,0.3341757560979038,0.1480199648968846,0.0986044992309713,0.1427830674909342,0.0491890335650579,0.1480199648968846,0.978035187411212,0.5857558139534884,0.9058403923316988,11215,0.928846153846154,0.4377358490566038,0.7630573248407644,785,0.3228047734046231,0.8846639329624784,0.0488502777376344,0.0632835178167126,0.0724183642178344,0.0885769903417617,0.0397140515005766,0.2792830741798851,0.8475353251453421,0.0422610627220652,0.0613925953950992,0.0749925749636433,0.0680981058590685,0.1046340920801372,0.0146929656088884,0.0155459875734798,0.0680981058590685,0.0402445503990314,0.4394514936850039,0.2489447046049536,0.3385923430998094,0.1748905789172434,0.2948684813435953,0.1410831032226219,0.1224406816515147,erm
hmda_oh,mlp,erm,1002,interfair/training/mlp/runs/confirmation/hmda_oh/1002/erm/selected.pt,0.8510029786768719,0.9509112262695456,0.9242638800722692,0.87075,0.0988472951562865,0.3297434201244006,0.1572253912534736,0.1089657255604137,0.1526935888297916,0.0607060598673537,0.1572253912534736,0.9818599060212,0.5949612403100775,0.9106553722692822,11215,0.921153846153846,0.4377358490566038,0.7579617834394905,785,0.1964930162198716,0.8063142988761933,0.0349337580743006,0.0408074719894704,0.0361145520579811,0.0794257358843842,0.0425308320830322,0.1749807852769337,0.740341974929998,0.0280464164880414,0.0378708640432778,0.0354936678914323,0.0624535172307051,0.0534136235603645,0.0116996305049345,0.0124633799771053,0.0624535172307051,0.0397892747525532,0.3280665498176719,0.2262384090309513,0.2618309745243401,0.1728184338195537,0.2269574062363037,0.144930381005562,0.2059048968973902,erm
hmda_oh,mlp,erm,1003,interfair/training/mlp/runs/confirmation/hmda_oh/1003/erm/selected.pt,0.8491582599511919,0.950286907990972,0.924722778564799,0.8715833333333334,0.0993849805155349,0.3315711713261314,0.101767953780898,0.0660489861790514,0.1151778640412777,0.0303300185772047,0.101767953780898,0.9803300185772048,0.5847868217054264,0.9075345519393668,11215,0.95,0.4830188679245283,0.7923566878980892,785,0.1753593956100423,0.7913529794704741,0.0321644266450842,0.0466106945257038,0.0370379460011877,0.0768741055774046,0.0316602473311854,0.1567598446259446,0.7202605442206281,0.027325164726656,0.0506879637933325,0.0318044164044677,0.0704411224039592,0.0410608085753386,0.0096343870164521,0.0075400270007348,0.0704411224039592,0.0517781283321852,0.3305009032258893,0.224339971465126,0.2570960500069733,0.1649238803234018,0.2161646446914273,0.1330909576092802,0.222849262276559,erm
hmda_oh,mlp,erm,1004,interfair/training/mlp/runs/confirmation/hmda_oh/1004/erm/selected.pt,0.8488256778098187,0.9502347753946984,0.9244496739716624,0.8715833333333334,0.0994345632862203,0.3314026055541704,0.1647451367558871,0.1229527277552289,0.1712799338919952,0.0811603187545707,0.1647451367558871,0.979237241831494,0.5760658914728682,0.9050378956754348,11215,0.8980769230769231,0.4113207547169811,0.7337579617834394,785,0.1954976105097333,0.8237543768979084,0.032399630448301,0.0450957352747596,0.0431453317958533,0.0829858949149153,0.0417401422111846,0.1608413909143057,0.7505346064953027,0.0284039064834946,0.0469351550282152,0.0309005707329417,0.0709876076679521,0.0494799906803848,0.009824208947709,0.0141301011059062,0.0709876076679521,0.0518828793691093,0.269346409396459,0.1840427965687274,0.2163627896186865,0.1446722241056812,0.1893306067085561,0.1212934630640966,0.2076427696310777,erm
hmda_oh,mlp,erm,1005,interfair/training/mlp/runs/confirmation/hmda_oh/1005/erm/selected.pt,0.8524387514535208,0.951812051054148,0.9243020150521972,0.8700833333333333,0.0994425606618893,0.3301288259403612,0.1021025303495685,0.0680959555406963,0.1139670198295617,0.0340893807318242,0.1021025303495685,0.9860124576549012,0.6153100775193798,0.9177886758805172,11215,0.9519230769230768,0.5132075471698113,0.8038216560509555,785,0.1471445759571338,0.743144139343281,0.0275571040852675,0.0438063248576393,0.0291195291369906,0.0733393445421679,0.0279724525686316,0.1348986165248675,0.7005129235001336,0.022725039673935,0.0395615884322402,0.0298923041461447,0.057130615609519,0.0337368836936059,0.009585713221051,0.0116580923914808,0.057130615609519,0.0384621488220317,0.3153898946960754,0.2077818211887875,0.2336806002624859,0.156560864396145,0.1937709872990608,0.1295418563907167,0.2488009324771413,erm
hmda_oh,mlp,erm,1006,interfair/training/mlp/runs/confirmation/hmda_oh/1006/erm/selected.pt,0.8482674228577919,0.9503685849528426,0.9244553243574052,0.8714166666666666,0.0993615253148871,0.3308603118265022,0.2018191458241919,0.1472809236682134,0.1901332099014343,0.0927427015122349,0.2018191458241919,0.9812042399737734,0.5867248062015504,0.908604547481052,11215,0.8884615384615384,0.3849056603773585,0.7184713375796178,785,0.2086932618774197,0.8291513407710212,0.0403643064325825,0.0685093263575199,0.0550291196670318,0.0827136850386804,0.0467148718054381,0.1789061571274078,0.7743565278474792,0.0343775786981647,0.0703147477834934,0.0467809496468788,0.0739166342871425,0.04974290690454,0.0119191649664461,0.0189429089376242,0.0739166342871425,0.0509258615948759,0.3471176026769331,0.2251697866098008,0.2729588840288913,0.175013084513946,0.2389925477446721,0.1457518774131263,0.1730003468153619,erm
hmda_oh,mlp,erm,1007,interfair/training/mlp/runs/confirmation/hmda_oh/1007/erm/selected.pt,0.8541751845240397,0.9522706763847854,0.924278670116682,0.87075,0.099123072461849,0.3288664267759534,0.1369039783530788,0.0918010556930193,0.1366936342648466,0.0466981330329597,0.1369039783530788,0.9813135176483444,0.5935077519379846,0.9099420419081587,11215,0.9346153846153846,0.4566037735849056,0.7732484076433122,785,0.1403310753728004,0.7453461277141464,0.027241748059511,0.0444788286366526,0.0273381004300889,0.0727841656343266,0.0340082697336206,0.1201225677232749,0.6531782867854373,0.0242940861004449,0.0488152853397327,0.0223120717837181,0.0662311343906693,0.0349024849487238,0.0090030967628371,0.0119393536266475,0.0662311343906693,0.0486067068718869,0.2978956252955693,0.2182918740867347,0.2325705481250779,0.1581609434176014,0.1945939048299494,0.1281912990795835,0.2770662863409929,erm
hmda_oh,mlp,erm,1008,interfair/training/mlp/runs/confirmation/hmda_oh/1008/erm/selected.pt,0.8486289522099753,0.950304944652412,0.922748447204969,0.8673333333333333,0.1018585874541508,0.3399621707211254,0.1686009945882697,0.1109605722754315,0.1464763695119423,0.0533201499625933,0.1686009945882697,0.9860124576549012,0.6327519379844961,0.9209986625055728,11215,0.9326923076923076,0.4641509433962264,0.7745222929936306,785,0.2116057131491017,0.8218848118060337,0.0378640748012135,0.051178605557469,0.0481405154867423,0.0705663231080331,0.0346672503007164,0.1738833141081748,0.7433127542745881,0.0306858760982612,0.0522635479414913,0.0562466341349193,0.0546242721131233,0.0416488235933994,0.009787021355423,0.0097835551789122,0.0546242721131233,0.0360024690346451,0.3805464635126399,0.2233378991046613,0.2918506248440733,0.1555258704153659,0.2370574646432806,0.1292376747956823,0.2126182062092808,erm
hmda_oh,mlp,erm,1009,interfair/training/mlp/runs/confirmation/hmda_oh/1009/erm/selected.pt,0.849628385741474,0.9508435683084494,0.9221456692913386,0.8681666666666666,0.1003941320289996,0.3330953905043155,0.1687984496124031,0.1207395154848158,0.1671402324570994,0.0726805813572286,0.1687984496124031,0.9726805813572288,0.5687984496124031,0.8983504235399019,11215,0.9,0.4,0.7312101910828025,785,0.1687796859664094,0.7883597448622417,0.0365822247791673,0.068258130983111,0.0447572160214081,0.0886831408904679,0.0418566895467184,0.1732093917160488,0.7625109141485534,0.0346160293225249,0.0716088722059491,0.0564888568863455,0.079941954204498,0.0301251307555617,0.0096095209214783,0.0200271195395812,0.079941954204498,0.0616647646052342,0.3007361440669646,0.175577401440566,0.2465324570064093,0.1379981393479132,0.2151549580568937,0.1122383654413685,0.2077968760395057,erm
hmda_oh,mlp,is,1000,interfair/training/mlp/runs/confirmation/hmda_oh/1000/equality_direction/selected.pt,0.8470526389489428,0.9493927753580208,0.9210008164049368,0.8629166666666667,0.1026195132881488,0.3399812708035328,0.0134452245136755,0.0073231140935433,0.0456985781667522,0.001201003673411,0.0134452245136755,0.9915856190580264,0.6695736434108527,0.9323227819884083,11215,0.9903846153846154,0.6830188679245283,0.8866242038216561,785,0.0090399086411108,0.0008566824093474,0.0011006655309931,0.0006892655171121,0.0,0.0466226813903371,0.0111221126980354,0.0081192724339832,0.0003001200480192,0.0009940842143111,0.0001497902935889,0.0,0.0445316640276096,3.0132514590327027e-05,4.377145117481555e-05,0.0001511487303506,0.0445316640276096,0.0444452504717952,0.008456888330719,0.0062218406101663,0.0032930888330073,0.0026204210019356,0.0013453356621434,0.0011941869317927,0.9964067911189736,is
hmda_oh,mlp,is,1001,interfair/training/mlp/runs/confirmation/hmda_oh/1001/equality_direction/selected.pt,0.8444227715276122,0.9486617583016624,0.9215921640178616,0.8639166666666667,0.1032744059765257,0.3427461445176087,0.0026089659207254,0.0013259181965286,0.0487813466382318,4.287047233175745e-05,0.0026089659207254,0.992350562780024,0.6690891472868217,0.932857779759251,11215,0.9923076923076924,0.6716981132075471,0.8840764331210191,785,0.0065545203853536,0.0002365627768992,0.000956768967725,0.0007047814907977,0.0,0.0487614853466209,0.0129426485923838,0.005059707515425,0.0003012087543602,0.0007107274075109,0.0009006396591367,0.0,0.0374488654076785,9.801603135816858e-05,0.0001834517384996,0.0,0.0374488654076785,0.0370826531376695,0.0289123117728742,0.0263610523869487,0.0151107293378298,0.0127013290333682,0.0058672823420704,0.0048114186422978,0.98458806190781,is
hmda_oh,mlp,is,1002,interfair/training/mlp/runs/confirmation/hmda_oh/1002/equality_direction/selected.pt,0.8349543253415206,0.9455503048787842,0.919242751018452,0.8595833333333334,0.1082850573149397,0.358642515065498,0.0319036126956266,0.0173290202714703,0.0344499944626026,0.0027544278473139,0.0319036126956266,0.9914763413834552,0.685077519379845,0.935086937137762,11215,0.9942307692307693,0.7169811320754716,0.9006369426751593,785,0.0100826479677925,0.0012068624698412,0.0016004016118318,0.0023496955655944,0.0,0.0448409808665805,0.0080202758461725,0.0092234620852855,0.0009009093895574,0.0013760494903715,0.0023279624356207,0.0,0.0482426066400745,7.944043197057951e-06,2.007590555119076e-05,0.0,0.0482426066400745,0.0482031147213802,0.0069313162317301,0.0052686801978728,0.0018804992371153,0.0014270530460633,0.0,0.0,0.9972185913733272,is
hmda_oh,mlp,is,1003,interfair/training/mlp/runs/confirmation/hmda_oh/1003/equality_direction/selected.pt,0.844258544943586,0.94878470356795,0.9198188987877902,0.86275,0.1017508899665631,0.3369347238077511,0.0124031007751937,0.0092950542501423,0.0559930257190807,0.0061870077250909,0.0124031007751937,0.9765052999672168,0.6124031007751938,0.9094962104324564,11215,0.9826923076923076,0.6,0.8535031847133758,785,0.0056604329658522,0.0002210299776361,0.0008080067979991,0.0014687494779092,0.0,0.0531521558602802,0.0140568285732228,0.0058420371157418,0.0001497902935889,0.0006784280125938,0.0003022974607013,0.0,0.0570104951341626,0.0001660528174611,8.813826092330365e-05,0.0,0.0570104951341626,0.056834362229677,0.0105762869966269,0.009674558631149,0.005099532167907,0.0049483834375564,0.0037440878809565,0.0035940278569469,0.994750677538504,is
hmda_oh,mlp,is,1004,interfair/training/mlp/runs/confirmation/hmda_oh/1004/equality_direction/selected.pt,0.8408445277717632,0.9473261978230711,0.920585967617579,0.8626666666666667,0.1041012601164944,0.3450322768162723,0.0043696065525814,0.0027960227310791,0.0502721843754525,0.0012224389095768,0.0043696065525814,0.9877609004480384,0.6560077519379846,0.9267053053945608,11215,0.9865384615384616,0.660377358490566,0.8764331210191083,785,0.0101945665099658,0.0014630577769495,0.0013705590433403,0.0010116310417891,4.859322610428106e-05,0.0495534612281247,0.0117274609285278,0.0085914143938789,0.0005994309047765,0.0011394474536122,0.0007407407407407,0.0,0.0413864484915486,3.4305418781463735e-05,6.996678477909186e-05,0.0,0.0413864484915486,0.0412483816925996,0.0153383420805228,0.0125667723482365,0.0055399236675248,0.0045684942251956,0.0021032972638957,0.0018031772158765,0.9938606454276986,is
hmda_oh,mlp,is,1005,interfair/training/mlp/runs/confirmation/hmda_oh/1005/equality_direction/selected.pt,0.8383569545385385,0.9467742936917454,0.9189059730804234,0.8589166666666667,0.1069232173938501,0.3527474209579561,0.0228005704256252,0.0116520441630744,0.0382460932952056,0.0005035179005237,0.0228005704256252,0.9918041744071686,0.690406976744186,0.936335265269728,11215,0.9923076923076924,0.7132075471698113,0.8980891719745223,785,0.0091569454545593,0.0012342062461661,0.0018072502403341,0.002166417553222,0.0,0.0430807255828628,0.0084516230454943,0.0074071030731052,0.0007503099047065,0.0014453377587761,0.0026248261492753,0.0,0.0407453963554444,1.663730741919402e-05,5.0935677633820095e-05,0.0001511487303506,0.0407453963554444,0.0406449333661849,0.014255337389493,0.0101086959034587,0.0039126866654225,0.0024853638889386,0.0017296202371852,0.0009068923821039,0.9953370034298707,is
hmda_oh,mlp,is,1006,interfair/training/mlp/runs/confirmation/hmda_oh/1006/equality_direction/selected.pt,0.8318394367476583,0.9438094219886626,0.9176572501082824,0.8574166666666667,0.1094997418499299,0.363702143978113,0.0068416230256466,0.0057500494826931,0.0445013644714908,0.0068416230256466,0.0046584759397396,0.9854660692820456,0.6763565891472868,0.92857779759251,11215,0.9923076923076924,0.6716981132075471,0.8840764331210191,785,0.0119064479305554,0.0044326847692586,0.0017719347178872,0.0015797337754117,5.176519308417021e-05,0.0446500299213789,0.0082823653871007,0.0111231535401777,0.0038258555868519,0.0015870807459725,0.0008224581246606,0.0,0.042091060733917,1.4534216657922595e-05,4.936949658156549e-05,0.0001511487303506,0.042091060733917,0.0419947378313362,0.0152107954277366,0.010088589082454,0.0042288983307954,0.0030218859006722,0.0010580411124546,0.0006045949214026,0.9920963948127032,is
hmda_oh,mlp,is,1007,interfair/training/mlp/runs/confirmation/hmda_oh/1007/equality_direction/selected.pt,0.84553748333038,0.9494309276665952,0.9218937755347272,0.8645833333333334,0.1023887873531097,0.3403479044501433,0.0056183267514992,0.0041863772994065,0.0468196881451422,0.0027544278473139,0.0056183267514992,0.9914763413834552,0.6623062015503876,0.9308961212661614,11215,0.9942307692307693,0.6679245283018868,0.8840764331210191,785,0.0043325670206571,0.0,0.0008220799938023,0.0010514226754965,0.0,0.0476552966941218,0.0103575948949856,0.004010341895116,0.0,0.0006967201473461,0.0009722484182496,0.0,0.0435120344276625,9.565133564234476e-05,0.0001472506952003,0.0,0.0435120344276625,0.0432179253986641,0.0239536814322665,0.0218697824420645,0.0095873781462067,0.0092861693918464,0.0054641794914929,0.0047926003667623,0.9904126218537932,is
hmda_oh,mlp,is,1008,interfair/training/mlp/runs/confirmation/hmda_oh/1008/equality_direction/selected.pt,0.8468108276242877,0.9492030157982504,0.9224776377801288,0.8656666666666667,0.1013646007528921,0.3374492327620275,0.0199484422992539,0.0112967962359983,0.0431127556076796,0.0026451501727428,0.0199484422992539,0.9915856190580264,0.6555232558139535,0.9297369594293358,11215,0.9942307692307693,0.6754716981132075,0.8866242038216561,785,0.0053427464165565,5.186991026505524e-05,0.0008660218106625,0.0014468235591273,0.0,0.0486601805053067,0.013413350932648,0.0046231617789369,0.0,0.0006819703099738,0.0017938875669898,0.0,0.0434559048376843,7.959411936871527e-05,0.0001223101105538,0.0,0.0434559048376843,0.0432117434385957,0.0148023497449719,0.0126285324283043,0.0080778083096201,0.0074764795072406,0.0053813831858905,0.0047087153548188,0.99192219169038,is
hmda_oh,mlp,is,1009,interfair/training/mlp/runs/confirmation/hmda_oh/1009/equality_direction/selected.pt,0.8466668463288032,0.9491347455653418,0.9205012914952644,0.8615,0.104036217921989,0.3453376521105121,0.0232850665496562,0.0133036590029956,0.0367427609179016,0.0033222514563351,0.0232850665496562,0.994754671620588,0.689922480620155,0.9386535889433794,11215,0.9980769230769232,0.7132075471698113,0.9019108280254776,785,0.0052771255640385,0.0002025391009507,0.000737978325885,0.0006762151313627,5.176519308417021e-05,0.044473806217358,0.0099632732240795,0.0043335062937347,0.0,0.000577694006299,0.0009711597119085,0.0,0.0347169996502027,9.44674142502629e-05,0.0001635807942741,0.0005204303943799,0.0347169996502027,0.0343899767771178,0.0238874364733407,0.0229870763292831,0.011558614685708,0.0111073459073381,0.006077524600941,0.0053261357745519,0.988441385314292,is
hmda_oh,mlp,additive,1000,interfair/studies/learning/runs/hmda_oh/real_additive/1000/selected.pt,0.8491102217884678,0.9503199896390752,0.9240649051424088,0.8709166666666667,0.099633436321666,0.3335796609447425,0.1416191311978938,0.0980155035796636,0.1455602852185568,0.0544118759614333,0.1416191311978938,0.9774887990383564,0.5755813953488372,0.9035220686580472,11215,0.9230769230769232,0.4339622641509434,0.7579617834394905,785,3.0618696332717473e-08,0.0,0.0143810037976679,0.0322945825119139,0.0,0.0810955861409973,0.0351360146767588,8.586772991963561e-09,0.0,0.010872542450309,0.0316497221957639,0.0,0.0653379579325373,0.067153886701789,0.0113210983409842,0.0109723391163166,0.0653379579325373,0.0426957612505688,0.2977583984528202,0.2977583984528202,0.2252157586143668,0.207837837354253,0.1839510506647048,0.1629432916042005,0.7747842413856332,additive
hmda_oh,mlp,removal,1000,interfair/data/partitions/runs/main/mlp/hmda_oh/1000/removed/task.pt,0.8502220255508861,0.9506321866461946,0.9243937232524964,0.8719166666666667,0.0990702467518168,0.3305729925927895,0.1089805470235483,0.076046976015914,0.1297772830405138,0.0431134050082798,0.1089805470235483,0.9738826357775108,0.5542635658914729,0.8966562639322336,11215,0.9307692307692308,0.4452830188679245,0.7668789808917198,785,0.0,0.0,0.0,0.0,0.0,0.0823858237917006,0.0301168234076082,0.0,0.0,0.0,0.0,0.0,0.0688828665728739,0.039403607918744,0.0079362306394124,0.0045175918545627,0.0688828665728739,0.0530104052940491,0.2451986756590575,0.2451986756590575,0.1751924125643523,0.1751924125643523,0.1409013436198186,0.1409013436198186,0.8248075874356477,removal
hmda_oh,mlp,additive,1001,interfair/studies/learning/runs/hmda_oh/real_additive/1001/selected.pt,0.8520340676704985,0.951007245083782,0.9233100347035534,0.86925,0.099321446748192,0.3313704536808093,0.1397085710106772,0.0971368229329421,0.1427319530542294,0.054565074855207,0.1397085710106772,0.979565074855207,0.5925387596899225,0.9083370485956308,11215,0.925,0.4528301886792453,0.7656050955414013,785,5.2147609442810954e-08,0.0,0.0129328577248435,0.0263697682123469,0.0,0.0759118618401145,0.0294738633433046,2.4590835782779392e-08,0.0,0.0102372196189414,0.0295191261987078,0.0,0.067468966927882,0.0573624218222444,0.010708851313415,0.0102876451935177,0.067468966927882,0.0460512643010519,0.2613192590523244,0.2613192590523244,0.2025034373105232,0.1927493387081363,0.1761723306389657,0.1622459395538836,0.7974965626894767,additive
hmda_oh,mlp,removal,1001,interfair/data/partitions/runs/main/mlp/hmda_oh/1001/removed/task.pt,0.8518504837491824,0.9510164591604408,0.9238840044688396,0.8694166666666666,0.0999087327874102,0.3325465799569625,0.1063606113792599,0.0687717080584336,0.1132536894684381,0.0311828047376074,0.1063606113792599,0.9850289585837614,0.6157945736434108,0.9170753455193936,11215,0.953846153846154,0.5094339622641509,0.8038216560509555,785,0.0,0.0,0.0,0.0,0.0,0.0595037447362613,0.023024712500881,0.0,0.0,0.0,0.0,0.0,0.0489863085889299,0.0358657647321824,0.0063906837698232,0.0022636951058161,0.0489863085889299,0.0362049410492834,0.210032722669134,0.210032722669134,0.1462710150104218,0.1462710150104218,0.119883911898465,0.119883911898465,0.8537289849895782,removal
hmda_oh,mlp,additive,1002,interfair/studies/learning/runs/hmda_oh/real_additive/1002/selected.pt,0.8493423766432593,0.949899358345681,0.9233490566037736,0.87,0.0996886655336267,0.3332699300055299,0.1243820389059529,0.0878124311524123,0.1386433660560384,0.0512428233988718,0.1243820389059529,0.974319746475795,0.5658914728682171,0.8991529201961659,11215,0.9230769230769232,0.4415094339622641,0.7605095541401274,785,3.822238139499945e-08,0.0,0.0184421874424526,0.0432475941392613,0.0,0.0894529771548868,0.0347242493865145,1.8147858221673117e-08,0.0,0.01361555084283,0.0455693617400126,0.0,0.0733937501051779,0.0668196925099127,0.0128253578300445,0.0146584724970697,0.0733937501051779,0.0477430344450889,0.2851123317814267,0.2851123317814267,0.2269299227758768,0.2098324940969848,0.1919199585073989,0.1730921004000596,0.7730700772241231,additive
hmda_oh,mlp,removal,1002,interfair/data/partitions/runs/main/mlp/hmda_oh/1002/removed/task.pt,0.8520615275629615,0.9514434795873706,0.9235883647030066,0.86975,0.0990699191820426,0.3298734163521052,0.0989633611232997,0.0646247292406509,0.1137512033190306,0.0302860973580021,0.0989633611232997,0.9783630204349252,0.5857558139534884,0.90610789121712,11215,0.948076923076923,0.4867924528301887,0.7923566878980892,785,0.0,0.0,0.0,0.0,0.0,0.0737527467914635,0.0312627337950091,0.0,0.0,0.0,0.0,0.0,0.0613123911357401,0.0576587258363245,0.0114582288327474,0.0076694113889228,0.0613123911357401,0.0383959334702451,0.2755039705290262,0.2755039705290262,0.2098277019089801,0.2098277019089801,0.1773912827644554,0.1773912827644554,0.7901722980910199,removal
hmda_oh,mlp,additive,1003,interfair/studies/learning/runs/hmda_oh/real_additive/1003/selected.pt,0.8489705914541175,0.9498701956297044,0.923686915659112,0.8700833333333333,0.0991294529556305,0.3309777415910688,0.1725994588269709,0.1211652968588256,0.1645918938182768,0.0697311348906802,0.1725994588269709,0.9793465195060648,0.5876937984496124,0.9072670530539456,11215,0.9096153846153846,0.4150943396226415,0.7426751592356687,785,5.923889948537885e-08,0.0,0.0145027496948287,0.0325354238849418,0.0,0.0768587257805022,0.0351149704077341,3.794110814749784e-08,0.0,0.0112189886589408,0.0323043711579034,0.0,0.0685233076939551,0.0455965242021579,0.0102298644931799,0.0129154677313956,0.0685233076939551,0.0480635787075951,0.2463374753413594,0.2463374753413594,0.1967146077376905,0.1856014786769338,0.1694645714089606,0.1541247214300906,0.8032853922623094,additive
hmda_oh,mlp,removal,1003,interfair/data/partitions/runs/main/mlp/hmda_oh/1003/removed/task.pt,0.8487997940308276,0.950027577482995,0.9250585480093676,0.872,0.0995925559972846,0.332432621300043,0.0512578616352201,0.0324679269760795,0.0874198852196926,0.0136779923169388,0.0512578616352201,0.9809856846246312,0.5833333333333334,0.9078020508247884,11215,0.9673076923076924,0.5320754716981132,0.8203821656050956,785,0.0,0.0,0.0,0.0,0.0,0.0660301237643813,0.0235806762333146,0.0,0.0,0.0,0.0,0.0,0.0643623599805953,0.0429426124286687,0.0083259181518982,0.0016555643349696,0.0643623599805953,0.0477105236767988,0.2727637312941866,0.2727637312941866,0.1969720836168,0.1969720836168,0.15283192458608,0.15283192458608,0.8030279163832,removal
hmda_oh,mlp,additive,1004,interfair/studies/learning/runs/hmda_oh/real_additive/1004/selected.pt,0.8499501348775752,0.9508683246504036,0.922790150103012,0.8688333333333333,0.0991667395409492,0.3297444886649064,0.1147195407342401,0.0926731661288275,0.1471272266726488,0.0706267915234148,0.1147195407342401,0.9763960222926455,0.5750968992248062,0.9025412394115024,11215,0.9057692307692308,0.460377358490566,0.7554140127388536,785,6.53009260933266e-08,0.0,0.0095788694066335,0.022507277573711,0.0,0.0719777281704357,0.0356725900187336,5.1559318677157896e-08,0.0,0.0076451099252816,0.0207087179842585,0.0,0.0651574238224887,0.0339287493844628,0.0079402807829918,0.0061758828477143,0.0651574238224887,0.049276862256505,0.2416489421316991,0.2416489421316991,0.1785451494430151,0.1708738611244892,0.151173381927484,0.1392124735824604,0.8214548505569848,additive
hmda_oh,mlp,removal,1004,interfair/data/partitions/runs/main/mlp/hmda_oh/1004/removed/task.pt,0.8508314264950181,0.9510552188459098,0.923698296836983,0.8693333333333333,0.0996026572155392,0.3313523434329844,0.0720911949685534,0.0455179754505351,0.094960968448194,0.0189447559325167,0.0720911949685534,0.9824062943940552,0.6041666666666666,0.9127953633526528,11215,0.9634615384615384,0.5320754716981132,0.8178343949044586,785,0.0,0.0,0.0,0.0,0.0,0.0644678788482481,0.0258501675543506,0.0,0.0,0.0,0.0,0.0,0.0557050201440592,0.0358835943301485,0.007744797154444,0.0048190801240022,0.0557050201440592,0.0402154258351711,0.2431753512160173,0.2431753512160173,0.17161220364542,0.17161220364542,0.1371878763458822,0.1371878763458822,0.8283877963545799,removal
hmda_oh,mlp,additive,1005,interfair/studies/learning/runs/hmda_oh/real_additive/1005/selected.pt,0.852060439822678,0.9512599974332708,0.9244291676896635,0.87175,0.0984808064367618,0.3287230865557942,0.1479925405879771,0.0985141876296307,0.1452547344746997,0.0490358346712843,0.1479925405879771,0.9759589115943612,0.5668604651162791,0.9006687472135533,11215,0.926923076923077,0.4188679245283019,0.7554140127388536,785,3.4931184917023435e-08,0.0,0.0126349576091102,0.0301140893835221,0.0,0.0825414103667085,0.0319910765782792,1.1821911432788026e-08,0.0,0.0096942635566187,0.0298629566496371,0.0,0.0673963597713707,0.0334180646677472,0.0080027495780654,0.010850876155595,0.0673963597713707,0.0513908606152399,0.2186983873018523,0.2186983873018523,0.1576478574612116,0.1505120122327367,0.1350589603423247,0.1234265301308461,0.8423521425387884,additive
hmda_oh,mlp,removal,1005,interfair/data/partitions/runs/main/mlp/hmda_oh/1005/removed/task.pt,0.8516718501560951,0.95092044965686,0.9236189264569163,0.8699166666666667,0.0989662650792194,0.3295153368340175,0.0898603188532982,0.0586199201085418,0.109420106715585,0.0273795213637854,0.0898603188532982,0.9773795213637854,0.5804263565891473,0.9043245653143112,11215,0.95,0.490566037735849,0.7949044585987262,785,0.0,0.0,0.0,0.0,0.0,0.0755934252658296,0.023560323805552,0.0,0.0,0.0,0.0,0.0,0.0637461844629606,0.0361612339901716,0.008570530969489,0.0051227262368066,0.0637461844629606,0.0466051225239825,0.268866968719556,0.268866968719556,0.1804440521710246,0.1804440521710246,0.1450979580719558,0.1450979580719558,0.8195559478289753,removal
hmda_oh,mlp,additive,1006,interfair/studies/learning/runs/hmda_oh/real_additive/1006/selected.pt,0.8520941819702476,0.9509911034630054,0.9231150302189636,0.8706666666666667,0.0992823116089587,0.3308999580376482,0.1418440105309346,0.1044210764052334,0.1592811038446575,0.0669981422795322,0.1418440105309346,0.9669981422795324,0.5305232558139535,0.8866696388765046,11215,0.9,0.3886792452830189,0.7273885350318471,785,5.4871845835154366e-08,0.0,0.0153511086472052,0.0440774531493597,0.0,0.0903114542610642,0.0391890470858705,3.4373416695394846e-08,0.0,0.0119465469007242,0.0448386401634693,0.0,0.0831991351091871,0.0704061195308236,0.0131252683614861,0.0191471877732653,0.0831991351091871,0.0569485983862149,0.2624672719831273,0.2624672719831273,0.2038807007746346,0.193234173240315,0.1767427077042459,0.1642361273755289,0.7961192992253653,additive
hmda_oh,mlp,removal,1006,interfair/data/partitions/runs/main/mlp/hmda_oh/1006/removed/task.pt,0.8510895761227066,0.9507193745916448,0.922917284316632,0.87,0.099602826045809,0.3314351699180474,0.0669591926283457,0.0407439348059728,0.0984912722099325,0.0145286769835999,0.0669591926283457,0.9664517539066768,0.5348837209302325,0.8870263040570664,11215,0.9519230769230768,0.4679245283018868,0.7885350318471338,785,0.0,0.0,0.0,0.0,0.0,0.0806195499959476,0.029965742862621,0.0,0.0,0.0,0.0,0.0,0.0735632938732726,0.0492608561084357,0.0094204458486173,0.006833858035511,0.0735632938732726,0.0547224021760379,0.2410668626758394,0.2410668626758394,0.1762413794577542,0.1762413794577542,0.1476781907015882,0.1476781907015882,0.8237586205422457,removal
hmda_oh,mlp,additive,1007,interfair/studies/learning/runs/hmda_oh/real_additive/1007/selected.pt,0.8499536422850199,0.9503954008719606,0.9226377952755904,0.869,0.0998844370741616,0.332190955864087,0.166375968992248,0.109639696372926,0.1535097160025103,0.0529034237536041,0.166375968992248,0.9721341929843732,0.5663759689922481,0.8974587605884975,11215,0.9192307692307692,0.4,0.7439490445859872,785,5.569842912502122e-08,0.0,0.0186111866647961,0.0444083827429415,0.0,0.0895898236607541,0.0412947057015576,3.3884657990253945e-08,0.0,0.0146605313413851,0.0476034079272886,0.0,0.0781613700802323,0.121769057202897,0.0175800198819716,0.0183494708100528,0.0781613700802323,0.043001330316289,0.3373499995941967,0.3373499995941967,0.2783192507143135,0.2582136797486101,0.2391426763113826,0.2173103418201695,0.7216807492856865,additive
hmda_oh,mlp,removal,1007,interfair/data/partitions/runs/main/mlp/hmda_oh/1007/removed/task.pt,0.8476861255707806,0.9494786403217046,0.9231976459048552,0.8695,0.0997006282012038,0.3322965217479919,0.0541374140704987,0.0322246168559499,0.0875096194530187,0.010311819641401,0.0541374140704987,0.9737733581029396,0.5673449612403101,0.898974587605885,11215,0.9634615384615384,0.5132075471698113,0.8114649681528663,785,0.0,0.0,0.0,0.0,0.0,0.0819738643023839,0.03043278200212,0.0,0.0,0.0,0.0,0.0,0.0762671006398231,0.0733703638062609,0.0131031557019348,0.0106161023590629,0.0762671006398231,0.0500607892359534,0.2834279201164072,0.2834279201164072,0.2138828344800926,0.2138828344800926,0.1817920122874909,0.1817920122874909,0.7861171655199074,removal
hmda_oh,mlp,additive,1008,interfair/studies/learning/runs/hmda_oh/real_additive/1008/selected.pt,0.8504263653327139,0.9507488522264276,0.9244121212121212,0.8700833333333333,0.1015809508505949,0.3410526320957775,0.1264022963287991,0.0780168891931227,0.1180050603292337,0.0296314820574463,0.1264022963287991,0.987323789749754,0.624515503875969,0.9205528310298708,11215,0.9576923076923076,0.4981132075471698,0.802547770700637,785,3.085194726667885e-08,0.0,0.0104247322905399,0.02076576381124,0.0,0.0625793486229667,0.0320091406823017,6.281636492128577e-09,0.0,0.0080543634612756,0.020685015207176,0.0,0.0532841105234523,0.0463478614721764,0.0086490645978242,0.0067682322689447,0.0532841105234523,0.0359859813278037,0.2784641105416536,0.2784641105416536,0.1996612024712443,0.1863786612411598,0.1631823418987375,0.146906791346348,0.8003387975287558,additive
hmda_oh,mlp,removal,1008,interfair/data/partitions/runs/main/mlp/hmda_oh/1008/removed/task.pt,0.8485128525837984,0.94965388885807,0.9239146288103456,0.8695833333333334,0.1004052095185661,0.3341191203195939,0.0674510019014187,0.0397341969318127,0.0884768181831089,0.0120173919622067,0.0674510019014187,0.9831712381160528,0.6070736434108527,0.9139545251894784,11215,0.971153846153846,0.539622641509434,0.8254777070063695,785,0.0,0.0,0.0,0.0,0.0,0.0671793565008536,0.0235227050179108,0.0,0.0,0.0,0.0,0.0,0.0562931915022879,0.0324165658886493,0.0074482849206413,0.0016558340653903,0.0562931915022879,0.0413966216610053,0.2523927773250647,0.2523927773250647,0.1817248829242838,0.1817248829242838,0.14915468402889,0.14915468402889,0.8182751170757162,removal
hmda_oh,mlp,additive,1009,interfair/studies/learning/runs/hmda_oh/real_additive/1009/selected.pt,0.8493167148520813,0.9508104515016896,0.9225407421951698,0.8685,0.1002321726843654,0.3326174939018958,0.1421036273219248,0.0957116868988599,0.141789743604306,0.0493197464757949,0.1421036273219248,0.974319746475795,0.5760658914728682,0.901025412394115,11215,0.925,0.4339622641509434,0.759235668789809,785,4.3443235973534154e-08,0.0,0.0071492759230395,0.0249343174620733,0.0,0.0740434003111117,0.0261810727212021,2.7659741952734213e-08,0.0,0.0053796234377962,0.0224747575725883,0.0,0.0629538612076169,0.0181264669310015,0.0065994575062141,0.0079553279325327,0.0629538612076169,0.0497549461951887,0.2313288706469184,0.2313288706469184,0.1733529683173256,0.1679511386887171,0.141420368058303,0.1328913315076299,0.8266470316826744,additive
hmda_oh,mlp,removal,1009,interfair/data/partitions/runs/main/mlp/hmda_oh/1009/removed/task.pt,0.850379925482243,0.9509756779249848,0.92345149980522,0.869,0.0998769909136644,0.331372563053432,0.0781848764077811,0.0521377758298751,0.1018909501889814,0.026090675251969,0.0781848764077811,0.9818599060212,0.6027131782945736,0.9120820329915292,11215,0.9557692307692308,0.5245283018867924,0.8101910828025478,785,0.0,0.0,0.0,0.0,0.0,0.0709285946105918,0.0269372037275425,0.0,0.0,0.0,0.0,0.0,0.0612507511343345,0.0339917957121869,0.0085263083285111,0.004221277386408,0.0612507511343345,0.0441981344773122,0.2684457349614377,0.2684457349614377,0.1959383461974948,0.1959383461974948,0.1602744625878464,0.1602744625878464,0.8040616538025052,removal
credit_broad,mlp,erm,1000,interfair/training/mlp/runs/confirmation/credit_broad/1000/erm/selected.pt,0.7800129565472813,0.9104320295536672,0.8938221998995479,0.8239506995336442,0.1344713736113676,0.4295747545488034,0.0169738207819166,0.0142825357569144,0.0238456303577053,0.0115912507319122,0.0169738207819166,0.9445368829728232,0.6156521739130435,0.8650126156433978,2378,0.9561281337047354,0.6326259946949602,0.8888582460011032,3626,0.0150230271829005,0.0311439754494727,0.0027985012714056,0.0082074795906781,0.0001232003443493,0.0200878544074086,0.0017327934410419,0.0151344092921051,0.0308841618704346,0.002556032328836,0.007809986243419,0.0001719099192023,0.0190210944650135,1.256318718607664e-05,4.258891054572107e-05,8.595495960116899e-05,0.0190210944650135,0.0189444084731444,0.021035350343351,0.0112464615205816,0.004293511607847,0.0021449023610833,0.0005155969744562,0.0001719099192023,0.9653379234961744,erm
credit_broad,mlp,erm,1001,interfair/training/mlp/runs/confirmation/credit_broad/1001/erm/selected.pt,0.7836465840183806,0.9125389270255552,0.8892031107968892,0.8172884743504331,0.1350767805835251,0.4313811646278376,0.0383439049705915,0.0312302559627868,0.0381980992337834,0.0241166069549821,0.0383439049705915,0.9267886855241264,0.5982608695652174,0.8473507148864592,2378,0.9509052924791086,0.636604774535809,0.8855488141202427,3626,0.0487490316534921,0.3747326618545802,0.0077987460485111,0.0242516666977889,0.0137151003931672,0.0305681499677136,0.0055629109455704,0.044465763771707,0.3430179780743398,0.0068641523050983,0.0225669540769817,0.0124359405964457,0.0298284266549468,0.0011189262275468,0.0012983837941382,0.0030920904077354,0.0298284266549468,0.0274399088424335,0.1558047466131806,0.0858614631845725,0.0900576588791356,0.0455165856124012,0.0541781346046148,0.0277415131215098,0.6100066663993768,erm
credit_broad,mlp,erm,1002,interfair/training/mlp/runs/confirmation/credit_broad/1002/erm/selected.pt,0.7872248443806007,0.9158087180929084,0.8924957419096283,0.8212858094603598,0.1338265114638067,0.4264895541496816,0.0264329373774651,0.0198825675922931,0.0268382214795768,0.0133321978071211,0.0264329373774651,0.9445368829728232,0.6260869565217392,0.8675357443229604,2378,0.9578690807799444,0.6525198938992043,0.8943739658025373,3626,0.0231147939702602,0.0989013997105571,0.004269525146576,0.0139349153377874,0.0010650575587791,0.0257359358354211,0.0029583154550147,0.0235929301197139,0.1037059189547801,0.0039550004530361,0.0165663149595522,0.0003429370256911,0.0239319248474209,5.95558126942468e-05,0.0001269976660574,0.0,0.0239319248474209,0.0236998214840835,0.0447804012134246,0.0252250908563057,0.0114977293756402,0.0065221017808012,0.0042917775048255,0.0021462629484906,0.886255244735687,erm
credit_broad,mlp,erm,1003,interfair/training/mlp/runs/confirmation/credit_broad/1003/erm/selected.pt,0.7851089838767438,0.9132498314688432,0.8919944100618886,0.8197868087941372,0.1344646460632023,0.4290781262430856,0.0170868411947872,0.0167440248209331,0.0265976915622476,0.016401208447079,0.0170868411947872,0.9456461453133668,0.648695652173913,0.8738435660218671,2378,0.9620473537604456,0.6657824933687002,0.9004412575841148,3626,0.0433207023463018,0.3380857872090019,0.006899406611163,0.0157249816835974,0.0083927558771492,0.0294440029292043,0.0047567752209206,0.0403909912497958,0.3100039601395816,0.0061062191301733,0.0149337877920146,0.0070380747128475,0.0291444441269382,0.0008165761570084,0.0011587939993111,0.0012007665830929,0.0291444441269382,0.0269630256830605,0.1439627930422448,0.0857032097064179,0.0813355013207027,0.0442670481114535,0.0479613569901378,0.0252238940285964,0.6371491579199144,erm
credit_broad,mlp,erm,1004,interfair/training/mlp/runs/confirmation/credit_broad/1004/erm/selected.pt,0.7869814866229685,0.9138593486684616,0.8928750375789157,0.8219520319786808,0.1335646421946437,0.4269263307541183,0.0316503286818129,0.0240195888299582,0.0304644941194262,0.0163888489781035,0.0316503286818129,0.9428729894620078,0.6208695652173913,0.8650126156433978,2378,0.9592618384401114,0.6525198938992043,0.895477109762824,3626,0.0232083572050151,0.0987988645592294,0.004131712002437,0.0124724382878775,0.0011895599617489,0.0255752716467183,0.0030822957347028,0.0212473929536018,0.0763629440473522,0.0035293366813861,0.0123555205864957,0.0004294648794411,0.023555678354251,0.0003119192890177,0.0005557168159035,0.0006879957315886,0.023555678354251,0.0224739708919973,0.0982636275426501,0.0717307662161055,0.0446745259279935,0.0307588545441707,0.0221657799100843,0.0139182530695889,0.8810239479144921,erm
credit_broad,mlp,erm,1005,interfair/training/mlp/runs/confirmation/credit_broad/1005/erm/selected.pt,0.7882497796984584,0.91468802231951,0.8909090909090909,0.8181212524983345,0.1344319125707165,0.4300272564126163,0.0398708338138623,0.0306318613966936,0.0355323226283217,0.0213928889795249,0.0398708338138623,0.9406544647809209,0.6365217391304347,0.8671152228763667,2378,0.9620473537604456,0.6763925729442971,0.9026475455046884,3626,0.0400516961171374,0.3004908166951189,0.0065059442293899,0.020653404506818,0.0071804047887117,0.0290143590765538,0.0048923561217602,0.0378943754449466,0.2771375783801273,0.0057479732154563,0.0194803525134476,0.004892143445623,0.0265791069522824,0.0019277271440106,0.001606716758551,0.0051472321069648,0.0265791069522824,0.0234698338396461,0.1447264602138446,0.0943401593993904,0.0784622774628156,0.0485036585993921,0.0495287374260439,0.0320175804967885,0.6753847173842756,erm
credit_broad,mlp,erm,1006,interfair/training/mlp/runs/confirmation/credit_broad/1006/erm/selected.pt,0.7853119429590019,0.9133502492268174,0.8889567430025446,0.8182878081279147,0.1358145996702387,0.4347388528941118,0.0483404451620343,0.0360035450998151,0.0409128168349602,0.0236666450375959,0.0483404451620343,0.9195784803105934,0.5617391304347826,0.8330529857022708,2378,0.9432451253481894,0.610079575596817,0.8739658025372311,3626,0.0650619396337966,0.472290487800141,0.0106228827657915,0.0282923227226953,0.0178254367772578,0.0380741642901229,0.0068998986100047,0.0634975449739274,0.4763460841792799,0.0098584682258974,0.0267737584262289,0.014080336781491,0.0389989501417138,0.006984224749866,0.0037671766967122,0.0115011165712768,0.0389989501417138,0.0316871470982587,0.1684183083248235,0.114691523770611,0.1195249154657662,0.079021359965257,0.0928503623858212,0.0625540560935811,0.4741644917967587,erm
credit_broad,mlp,erm,1007,interfair/training/mlp/runs/confirmation/credit_broad/1007/erm/selected.pt,0.7823052192352418,0.9129219335077984,0.8879726468222043,0.8144570286475683,0.1380943022131022,0.4429383541594925,0.0566739707069542,0.0413042891507695,0.0430938224402119,0.0259346075945847,0.0566739707069542,0.9284525790349416,0.6104347826086957,0.851555929352397,2378,0.9543871866295264,0.6671087533156499,0.894649751792609,3626,0.1070101077089094,0.609338970225569,0.0173402842134683,0.0392178723523079,0.031725441854608,0.0454628590241986,0.0132699828284393,0.0901614466704865,0.560514239401443,0.0147420584948543,0.0375874075854897,0.0245486148897693,0.0431313574052138,0.0253713122007993,0.0078453632994533,0.0193898226279013,0.0431313574052138,0.0279032973060143,0.243918791968796,0.1705259254080905,0.1827091795529809,0.1231481644798154,0.149579310041671,0.0979962564125611,0.3835340176544963,erm
credit_broad,mlp,erm,1008,interfair/training/mlp/runs/confirmation/credit_broad/1008/erm/selected.pt,0.7808072492284416,0.911194992893647,0.8932932932932933,0.8224516988674218,0.1350314717416181,0.4318411689163724,0.033889978087879,0.0231982044370401,0.0279276805168912,0.0125064307862011,0.033889978087879,0.9467554076539102,0.6226086956521739,0.868376787216148,2378,0.9592618384401114,0.656498673740053,0.8963044677330392,3626,0.0153287568310257,0.0236115364363675,0.0034390265507871,0.0159852549929,0.0001241159832535,0.0220593734053589,0.0029170016262781,0.0148839547006264,0.0213851501848183,0.003076442828632,0.0164764154679855,8.608815426997245e-05,0.0227604582912892,3.6338042510735336e-06,2.03293886538357e-05,8.555783709787816e-05,0.0227604582912892,0.022723584551683,0.0100554852563119,0.0060158066717008,0.0017203016400998,0.0008596860752196,0.0004296444763581,8.582217645039477e-05,0.9769806363293516,erm
credit_broad,mlp,erm,1009,interfair/training/mlp/runs/confirmation/credit_broad/1009/erm/selected.pt,0.7895161413631736,0.9147128193868376,0.8922096035066747,0.8197868087941372,0.1336879788902483,0.426617058428431,0.0162718202562426,0.0141144593150663,0.0251503369970268,0.0162718202562426,0.01195709837389,0.9478646699944536,0.6591304347826087,0.8780487804878049,2378,0.9641364902506964,0.6710875331564987,0.9031991174848316,3626,0.0229043087274274,0.0957648671775565,0.0037992040250527,0.011469679163146,0.0013129132997586,0.0244048983540973,0.0025193113732049,0.0230485293716335,0.0990195985263085,0.0032842109987362,0.0105564783514226,0.0013735599567629,0.0224854291205758,0.0004840010026189,0.0008425812735782,0.0030911968109091,0.0224854291205758,0.0208405034669293,0.1029763116729549,0.0702924573925423,0.04816328669434,0.0338347683859505,0.0326356032748244,0.024135280856853,0.8595158308179234,erm
credit_broad,mlp,is,1000,interfair/training/mlp/runs/confirmation/credit_broad/1000/equality_direction/selected.pt,0.7858345505244986,0.9140684999538716,0.8925488639746006,0.819620253164557,0.1352287686680474,0.4303555132581798,0.0123030792296159,0.0091925483328683,0.0113904948700095,0.0060820174361208,0.0123030792296159,0.9584026622296172,0.688695652173913,0.8931875525651808,2378,0.964484679665738,0.6763925729442971,0.9045780474351904,3626,0.0090211687509657,0.0007904158928757,0.0014033580963051,0.0055201617065736,0.0,0.0256235675086945,0.0014825090491423,0.0088672652878035,0.000171291538198,0.0013636716141477,0.0050645016347326,0.0,0.0252953728447761,3.17288329379904e-05,8.803012228604442e-05,0.0002572021899986,0.0252953728447761,0.0251225191961335,0.027805529978155,0.0211944973523712,0.0067790497376964,0.0053191399790501,0.0016283750815356,0.0014569950679873,0.9930496587241056,is
credit_broad,mlp,is,1001,interfair/training/mlp/runs/confirmation/credit_broad/1001/equality_direction/selected.pt,0.7841886666425241,0.9135351560108994,0.8926945159374381,0.8194536975349767,0.1357552284969634,0.4315220341453424,0.0239764733018106,0.0133330048104413,0.0058963462183455,0.0026895363190719,0.0239764733018106,0.9628397115917916,0.7043478260869566,0.900336417157275,2378,0.9655292479108636,0.6803713527851459,0.9062327633756204,3626,0.0099500927090513,0.001112808113205,0.0015839100952623,0.0038807367258251,0.0,0.0216129424344506,0.0011674149083551,0.0096530637018322,0.0006875968756447,0.0015593134490869,0.0030036176076513,0.0,0.0218717280480486,1.6812965534553566e-05,7.127159965609004e-05,0.0002582644628099,0.0218717280480486,0.0217323473957043,0.0294622565184754,0.0218186188818491,0.0048096326441811,0.0031771484935761,0.0008585319577673,0.0006007994505965,0.994502770480174,is
credit_broad,mlp,is,1002,interfair/training/mlp/runs/confirmation/credit_broad/1002/equality_direction/selected.pt,0.7859452847422572,0.9141110423482872,0.8901259888661002,0.8126249167221852,0.1369910014274971,0.4344487329697005,0.0285549532925843,0.0149505849136954,0.0019005806582401,0.0013462165348065,0.0285549532925843,0.9739323349972268,0.7739130434782608,0.9255677039529016,2378,0.9752785515320336,0.7453580901856764,0.9274682846111416,3626,0.0100838021587232,0.0015829115688789,0.0013700337110908,0.008280419902414,0.0,0.0200382474385972,0.0009717013583049,0.0094798362255386,0.0010296053220799,0.0013328858012944,0.0093556705072272,0.0,0.0201059867767067,1.091466434648427e-05,3.507926631380861e-05,8.608815426997245e-05,0.0201059867767067,0.0200395149454706,0.02434711242656,0.0167179007035085,0.0012865916249594,0.0007719200401935,0.0,0.0,0.9976838030529606,is
credit_broad,mlp,is,1003,interfair/training/mlp/runs/confirmation/credit_broad/1003/equality_direction/selected.pt,0.7872465727518176,0.9152736126005456,0.892821831125173,0.8194536975349767,0.1345415778814539,0.4280112905451841,0.0129535232383807,0.0079632774385381,0.0085094706625403,0.0029730316386956,0.0129535232383807,0.963948973932335,0.7026086956521739,0.9007569386038689,2378,0.9669220055710308,0.6896551724137931,0.9092664092664092,3626,0.0101663931537581,0.0016794773624293,0.0014621720812937,0.0036838878198563,0.0,0.0236834980838293,0.001527165616325,0.0100792101391717,0.000858576216117,0.0014207458079195,0.0037775187070272,0.0,0.0235951976891666,1.0206098553350014e-05,4.780151176263486e-05,0.0001721763085399,0.0235951976891666,0.0235037908275006,0.024030806971737,0.0161389172049242,0.0036918834059932,0.0016313397260755,0.0001721763085399,0.0,0.9954495403778898,is
credit_broad,mlp,is,1004,interfair/training/mlp/runs/confirmation/credit_broad/1004/equality_direction/selected.pt,0.7832617504214903,0.9129903503598736,0.8925783180156142,0.8189540306462358,0.1368076805566688,0.4338755804433155,0.0137792642140468,0.0070346627507818,0.0057105559929061,0.0002900612875168,0.0137792642140468,0.966167498613422,0.7060869565217391,0.9032800672834316,2378,0.9658774373259053,0.6923076923076923,0.9089906232763376,3626,0.0090089601608923,0.001800010701145,0.0015433258097872,0.0058899006167423,0.0,0.0199224756906464,0.0011182877569369,0.0090947287555296,0.0022290432095979,0.0014445201613403,0.0048066380247239,0.0,0.0185450823020154,9.13391097445886e-06,6.72000885493113e-05,0.0005157752076049,0.0185450823020154,0.0184141852181081,0.0370940034962224,0.0285052027352284,0.003091153685595,0.0016309768513944,0.0004292878808465,8.582217645039477e-05,0.9947656694967012,is
credit_broad,mlp,is,1005,interfair/training/mlp/runs/confirmation/credit_broad/1005/equality_direction/selected.pt,0.7785140208350938,0.912021197305322,0.8918918918918919,0.8187874750166556,0.1368356765500824,0.4344104170210603,0.002600123285703,0.0015710799798368,0.0114315496389267,0.002600123285703,0.0005420366739706,0.9584026622296172,0.6782608695652174,0.8906644238856182,2378,0.9610027855153204,0.6777188328912467,0.902095973524545,3626,0.0100319162817092,0.0012840645172574,0.0015664616465378,0.0026212715971671,0.0,0.021557357829648,0.0010913553290042,0.009590777561122,0.0012020896865297,0.001397740781573,0.0027457900267994,0.0,0.0194395456864199,1.0169847479411287e-05,5.985582615470829e-05,0.0002581312681411,0.0194395456864199,0.0193226608530717,0.0288026634549776,0.0208076727684333,0.0037831336131337,0.0027510520653208,0.0007736863518373,0.0006018650003419,0.9950147767003364,is
credit_broad,mlp,is,1006,interfair/training/mlp/runs/confirmation/credit_broad/1006/equality_direction/selected.pt,0.7857424866108971,0.9142250369949688,0.891663389697208,0.8164556962025317,0.137127165538882,0.4344510566813856,0.0177326721254758,0.010674873983906,0.0070973721700623,0.0036170758423363,0.0177326721254758,0.9678313921242374,0.7339130434782609,0.9112699747687132,2378,0.9714484679665738,0.7161803713527851,0.9183673469387756,3626,0.0087201268846623,0.0001975766319098,0.0012700532867375,0.0027218687226021,0.0,0.0203498310527994,0.0008806942515594,0.0080558288253215,0.0,0.0011248886071239,0.0023173872749305,0.0,0.0188050692307701,1.929940846572262e-05,8.043375136524416e-05,8.555783709787816e-05,0.0188050692307701,0.0186474009015541,0.0353412900095973,0.0280483042339108,0.0056615147594426,0.0034318025408391,0.0003434227159013,0.0002574677563002,0.9943384852405576,is
credit_broad,mlp,is,1007,interfair/training/mlp/runs/confirmation/credit_broad/1007/equality_direction/selected.pt,0.7850471787319484,0.9148891769365024,0.8915448439352035,0.8171219187208527,0.1374507864395899,0.4352662697609119,0.0215615269288432,0.0119190898687276,0.0056968710699336,0.002276652808612,0.0215615269288432,0.963948973932335,0.7165217391304348,0.904121110176619,2378,0.966225626740947,0.6949602122015915,0.9098179812465528,3626,0.0092214384336272,0.0004210837768463,0.0014171296873582,0.0102064248359791,0.0,0.0166606390400342,0.0010493503254296,0.0084521525964112,0.0001712036061968,0.0012768880158413,0.0090063736975523,0.0,0.0163037232333913,6.263738544311517e-06,4.017654291670419e-05,0.0002574681678182,0.0163037232333913,0.0162277924771904,0.0327021151404742,0.0217143392226298,0.0011178161164117,0.000687907300701,0.0001719103307203,0.0,0.9987109802773914,is
credit_broad,mlp,is,1008,interfair/training/mlp/runs/confirmation/credit_broad/1008/equality_direction/selected.pt,0.7843822905727036,0.9132532828988104,0.8920047732696897,0.8191205862758161,0.1354524742472589,0.4305959069016948,0.0078752991377725,0.0059916225823795,0.014795721211677,0.0078752991377725,0.0041079460269864,0.954520244037715,0.6765217391304348,0.8873002523128679,2378,0.9623955431754876,0.6724137931034483,0.902095973524545,3626,0.0093499912042479,0.0015070923574285,0.0014170001934393,0.0072146758160622,0.0,0.0210081220090489,0.0010153485110612,0.0086214828118027,0.0004292453038698,0.0013528086949364,0.0082392296425427,0.0,0.0210247768313751,8.492997224878252e-06,3.845018082120575e-05,0.0003431587880668,0.0210247768313751,0.0209500160304559,0.0242203332176675,0.0182085141860904,0.0019741862708939,0.0012869424820338,0.0003434231274194,0.0002578652903215,0.997596568425236,is
credit_broad,mlp,is,1009,interfair/training/mlp/runs/confirmation/credit_broad/1009/equality_direction/selected.pt,0.7827837262547128,0.9118159320735352,0.8929172857850421,0.8199533644237175,0.1364714564441487,0.4333516417853903,0.0065072604155561,0.006342085979892,0.0158030707111568,0.0065072604155561,0.0061769115442279,0.9600665557404326,0.6834782608695652,0.8931875525651808,2378,0.9665738161559888,0.6896551724137931,0.9089906232763376,3626,0.0105337565764711,0.0012626287620867,0.0014598478253619,0.0036355534031765,0.0,0.0183126748382684,0.0011091140802474,0.0099056131520342,0.0011158229886149,0.0013919375459947,0.0035192549304341,0.0,0.0168688405162389,1.6705122563997857e-05,7.588197379140053e-05,0.0,0.0168688405162389,0.0167223173848001,0.0405345549685542,0.0298038314446765,0.0036076309097431,0.0015460831097755,0.0,0.0,0.9952765461016418,is
credit_broad,mlp,additive,1000,interfair/studies/learning/runs/credit_broad/real_additive/1000/selected.pt,0.7866248194332113,0.913215647919848,0.8923968428414427,0.8206195869420386,0.1340983385925708,0.4289875019734956,0.0157048296169954,0.0117539255915677,0.0241156176516023,0.0157048296169954,0.0078030215661399,0.9456461453133668,0.648695652173913,0.8738435660218671,2378,0.961350974930362,0.656498673740053,0.8979591836734694,3626,2.0566082545992518e-08,0.0,0.0015336414498513,0.0132538891994505,0.0,0.0294570794946116,0.0037474797672231,2.04874215827069e-08,0.0,0.0015199294908431,0.0119257989124804,0.0,0.0293951271318685,0.0016217871172897,0.0019557007326758,0.0038614388753729,0.0293951271318685,0.0254837256665167,0.152064967390571,0.152064967390571,0.0915669122775485,0.0890775765569582,0.0612729994683604,0.0586992999194104,0.9084330877224516,additive
credit_broad,mlp,removal,1000,interfair/data/partitions/runs/main/mlp/default_credit/1000/removed/task.pt,0.7802409434941637,0.910643935107028,0.8935315387705905,0.8234510326449034,0.134526659359461,0.4296858540448094,0.0085345995609298,0.0079496893549084,0.0192472642911186,0.0085345995609298,0.0073647791488871,0.9462007764836384,0.6226086956521739,0.8679562657695542,2378,0.9547353760445684,0.629973474801061,0.8872035300606729,3626,0.0,0.0,0.0,0.0,0.0,0.0206679707251302,0.0012137690355871,0.0,0.0,0.0,0.0,0.0,0.020182406654652,1.243749891974498e-05,3.588004999576216e-05,0.0,0.020182406654652,0.0201106465546604,0.0180287830509401,0.0180287830509401,0.0015457311120605,0.0015457311120605,8.595495960116899e-05,8.595495960116899e-05,0.9984542688879392,removal
credit_broad,mlp,additive,1001,interfair/studies/learning/runs/credit_broad/real_additive/1001/selected.pt,0.7870436136695597,0.9139453710877266,0.8893152898404363,0.8174550299800133,0.1343611387323103,0.4291059990263066,0.0260823434436627,0.023919339028873,0.0335997331671967,0.0217563346140833,0.0260823434436627,0.9284525790349416,0.6052173913043478,0.8502943650126157,2378,0.950208913649025,0.6312997347480106,0.8838940981798125,3626,1.1971702746724904e-08,0.0,0.0014820161870606,0.0164194021592258,0.0,0.0305967142921578,0.0034219753756696,1.2309351983882213e-08,0.0,0.0015021002991858,0.0167357088222231,0.0,0.0306573448001084,0.0018315232673998,0.0017379870034727,0.0036908209100542,0.0306573448001084,0.027181370793163,0.1457255931121138,0.1457255931121138,0.080631165178766,0.0785704498195679,0.0508270202748194,0.0481647112200182,0.919368834821234,additive
credit_broad,mlp,removal,1001,interfair/data/partitions/runs/main/mlp/default_credit/1001/removed/task.pt,0.7841477046390072,0.912516035988485,0.8885285772192947,0.8167888074616922,0.1360950151434141,0.4346842103772215,0.0151407357282894,0.0121972851747201,0.0249193169414243,0.0151407357282894,0.0092538346211509,0.9284525790349416,0.6034782608695652,0.8498738435660219,2378,0.9435933147632312,0.6127320954907162,0.8747931605074463,3626,0.0,0.0,0.0,0.0,0.0,0.0355362858714311,0.0034822299470843,0.0,0.0,0.0,0.0,0.0,0.0361774749972788,0.0043361364843412,0.0026070747294014,0.0044606185914297,0.0361774749972788,0.0309633255384759,0.1256135263490671,0.1256135263490671,0.0837449409968891,0.0837449409968891,0.0611827953565501,0.0611827953565501,0.9162550590031108,removal
credit_broad,mlp,additive,1002,interfair/studies/learning/runs/credit_broad/real_additive/1002/selected.pt,0.7859781187254299,0.9151027001080309,0.8918429003021148,0.8211192538307794,0.1341792599366632,0.4277552224380268,0.0331265136662437,0.023216996267707,0.0287882070292259,0.0133074788691703,0.0331265136662437,0.9389905712701054,0.6034782608695652,0.8578637510513036,2378,0.9522980501392758,0.636604774535809,0.8866519580805295,3626,1.2785013433772282e-08,0.0,0.000891854685478,0.0093376785965337,0.0,0.026225878683594,0.0018709969400468,1.1722108516337192e-08,0.0,0.0008312665364428,0.010643098543712,0.0,0.0251236602332005,4.557240820742608e-05,9.623937802179124e-05,8.582217645039477e-05,0.0251236602332005,0.0249311814771569,0.0317539006031986,0.0317539006031986,0.0064371202494855,0.0060935217619386,0.0008580902083022,0.0008580902083022,0.9935628797505144,additive
credit_broad,mlp,removal,1002,interfair/data/partitions/runs/main/mlp/default_credit/1002/removed/task.pt,0.7879060690559827,0.913977399205406,0.8924101735970933,0.8224516988674218,0.133901443411231,0.4280465583280305,0.0099673323785642,0.0085345830385498,0.0206319929376519,0.0099673323785642,0.0071018336985353,0.9395452024403772,0.6069565217391304,0.8591253153910849,2378,0.9495125348189416,0.6140583554376657,0.8797573083287369,3626,0.0,0.0,0.0,0.0,0.0,0.0291115782897747,0.0028571443459768,0.0,0.0,0.0,0.0,0.0,0.0298537274229398,0.0001716248531903,0.0002676091232884,0.0001711156741957,0.0298537274229398,0.0293185091763628,0.0495228731054229,0.0495228731054229,0.0175938328830573,0.0175938328830573,0.0077250361993459,0.0077250361993459,0.9824061671169426,removal
credit_broad,mlp,additive,1003,interfair/studies/learning/runs/credit_broad/real_additive/1003/selected.pt,0.7861878377453998,0.913420875495729,0.8923416198877305,0.8211192538307794,0.1339352807032237,0.4277034066165283,0.0237804174835658,0.0189368441080943,0.0268519064025491,0.0140932707326228,0.0237804174835658,0.9434276206322796,0.6260869565217392,0.8666947014297729,2378,0.9575208913649024,0.649867374005305,0.8935466078323221,3626,7.239646049795859e-09,0.0,0.0011310658316798,0.0138317336707659,0.0,0.0272796117219005,0.0027785501633026,7.610223390963558e-09,0.0,0.0011351504430444,0.013385879025371,0.0,0.0279209057200282,6.30409400480647e-05,0.0001550974395875,8.555783709787816e-05,0.0279209057200282,0.027610710840853,0.0335607073563795,0.0335607073563795,0.0115016225679594,0.0112445519341625,0.0042944972165539,0.0037794280977667,0.9884983774320406,additive
credit_broad,mlp,removal,1003,interfair/data/partitions/runs/main/mlp/default_credit/1003/removed/task.pt,0.7843909014457415,0.9133452074027244,0.8923449808119572,0.8224516988674218,0.1341033715918336,0.4281100593791007,0.0116312258893795,0.0089098350643991,0.0217625067438835,0.0116312258893795,0.0061884442394187,0.937881308929562,0.6052173913043478,0.8574432296047099,2378,0.9495125348189416,0.6114058355437666,0.8792057363485934,3626,0.0,0.0,0.0,0.0,0.0,0.0245980905682881,0.0016978212193166,0.0,0.0,0.0,0.0,0.0,0.0233035030052839,1.8418431419793125e-05,6.521742269805987e-05,0.0,0.0233035030052839,0.0231730681598878,0.0255889380647217,0.0255889380647217,0.0032636500171406,0.0032636500171406,0.0006881749169876,0.0006881749169876,0.9967363499828592,removal
credit_broad,mlp,additive,1004,interfair/studies/learning/runs/credit_broad/real_additive/1004/selected.pt,0.7841942999239507,0.9114360784189496,0.8925403225806452,0.8224516988674218,0.1345487871825841,0.4323531955249763,0.0242555645254296,0.018607426989779,0.0267266545651743,0.0129592894541284,0.0242555645254296,0.9389905712701054,0.6017391304347826,0.8574432296047099,2378,0.951949860724234,0.6259946949602122,0.8841698841698842,3626,3.2080701026201715e-08,0.0,0.0009491458081052,0.0066281861076727,0.0,0.0261932091378147,0.0028471553886322,3.0658723041682496e-08,0.0,0.0008998535091965,0.0059227662004011,0.0,0.0254629166111456,0.0002751620560316,0.0005583523513361,0.0009443606880859,0.0254629166111456,0.0243462119084733,0.0746621653998529,0.0746621653998529,0.0354082467422903,0.0347221951439761,0.0188248861330102,0.018137110800029,0.9645917532577096,additive
credit_broad,mlp,removal,1004,interfair/data/partitions/runs/main/mlp/default_credit/1004/removed/task.pt,0.7850482249127848,0.9119871603196732,0.8924430227908836,0.820786142571619,0.1347249462997996,0.4330424462531482,0.0068896321070234,0.0068863488130566,0.0171662282079199,0.0068830655190899,0.0068896321070234,0.9506378258458126,0.6469565217391304,0.8772077375946173,2378,0.9575208913649024,0.6538461538461539,0.8943739658025373,3626,0.0,0.0,0.0,0.0,0.0,0.02799250511942,0.0026718765750109,0.0,0.0,0.0,0.0,0.0,0.0285063335981461,0.0017663405467244,0.0016264044200327,0.002488810364342,0.0285063335981461,0.0252535247580805,0.1222050550322379,0.1222050550322379,0.0665091494872636,0.0665091494872636,0.0444502722879331,0.0444502722879331,0.9334908505127364,removal
credit_broad,mlp,additive,1005,interfair/studies/learning/runs/credit_broad/real_additive/1005/selected.pt,0.7873968204150119,0.9138684543008968,0.8923476005188068,0.820286475682878,0.133853833391564,0.4278362124552273,0.0114742220100513,0.0088128808124297,0.0203172397092858,0.0114742220100513,0.006151539614808,0.949528563505269,0.6556521739130434,0.8784693019343986,2378,0.9610027855153204,0.6618037135278515,0.8987865416436845,3626,3.251036930992924e-08,0.0,0.0012360330705483,0.0104382021718672,0.0,0.0277892938301845,0.0029843684224193,3.2547729775058894e-08,0.0,0.0011789905835368,0.0102124837380853,0.0,0.0264741919904856,0.000183307047838,0.0002949101016751,0.000342495687744,0.0264741919904856,0.0258843717871353,0.0520068037936824,0.0520068037936824,0.0202577267530765,0.0188836799220601,0.0087584182902901,0.0082429074220376,0.9797422732469232,additive
credit_broad,mlp,removal,1005,interfair/data/partitions/runs/main/mlp/default_credit/1005/removed/task.pt,0.7885745786104303,0.9143974886211036,0.8918837975441749,0.819620253164557,0.1342999343356148,0.4299186728270433,0.0106360955201559,0.0075034934987471,0.0172699088955247,0.0106360955201559,0.0043708914773382,0.9489739323349972,0.6608695652173913,0.8793103448275862,2378,0.9596100278551531,0.656498673740053,0.8965802537231109,3626,0.0,0.0,0.0,0.0,0.0,0.028886109135378,0.0029213097850813,0.0,0.0,0.0,0.0,0.0,0.0270588779692166,0.001054287868566,0.0010346036992429,0.0013729831449859,0.0270588779692166,0.0249896705707307,0.0970960548660642,0.0970960548660642,0.0475675969867417,0.0475675969867417,0.0285065389258457,0.0285065389258457,0.9524324030132584,removal
credit_broad,mlp,additive,1006,interfair/studies/learning/runs/credit_broad/real_additive/1006/selected.pt,0.7845582903795625,0.9125814402696762,0.8921265342780161,0.8199533644237175,0.1347537129283554,0.4301225638509046,0.0245438819052011,0.0199179140058683,0.0274250495324627,0.0152919461065355,0.0245438819052011,0.9467554076539102,0.6452173913043479,0.8738435660218671,2378,0.9620473537604456,0.669761273209549,0.9012686155543298,3626,3.03067905862404e-08,0.0,0.0014127279451603,0.0131290207341949,0.0,0.0284044237237346,0.0026355380497503,3.0574546533500256e-08,0.0,0.0013945905330996,0.0134719263829388,0.0,0.0283893484770255,0.0008250553867991,0.0010734822910805,0.0020619060415513,0.0283893484770255,0.0262423838948645,0.0946182664812124,0.0946182664812124,0.0533241538463512,0.0518658358546523,0.0348690366058775,0.0328941035318439,0.9466758461536487,additive
credit_broad,mlp,removal,1006,interfair/data/partitions/runs/main/mlp/default_credit/1006/removed/task.pt,0.7836980078302613,0.91277861518048,0.8897238017871649,0.8191205862758161,0.1357618043758249,0.4343448780110945,0.0168046292391047,0.0109521935262528,0.0256703640699795,0.0168046292391047,0.0050997578134009,0.9267886855241264,0.5930434782608696,0.8460891505466779,2378,0.9435933147632312,0.5981432360742706,0.8717595146166575,3626,0.0,0.0,0.0,0.0,0.0,0.0371357859007282,0.0038164802321692,0.0,0.0,0.0,0.0,0.0,0.0377594518448338,0.008605903351507,0.0045311589356454,0.0087534148366592,0.0377594518448338,0.0286971339735429,0.1534189633685819,0.1534189633685819,0.1092284715794091,0.1092284715794091,0.0850358266352469,0.0850358266352469,0.8907715284205908,removal
credit_broad,mlp,additive,1007,interfair/studies/learning/runs/credit_broad/real_additive/1007/selected.pt,0.7873653545144714,0.9148287089944964,0.8910891089108911,0.8186209193870753,0.1339583340381491,0.4277241111800837,0.0127775666368493,0.0109534240749695,0.0220540651875507,0.0127775666368493,0.0091292815130896,0.9450915141430948,0.648695652173913,0.8734230445752733,2378,0.9578690807799444,0.6578249336870027,0.895477109762824,3626,1.6959412246213425e-08,0.0,0.0012046173028539,0.0109770696147124,0.0,0.0264734358618496,0.0031560857235659,1.7382520219840943e-08,0.0,0.0011832460660765,0.010471143550729,0.0,0.0258910691127252,0.0009397148757653,0.0011527270155229,0.003781776448145,0.0258910691127252,0.0235856150816792,0.1057193609939562,0.1057193609939562,0.0618455668720162,0.0604715645805932,0.0375522813985111,0.0361793401529503,0.9381544331279836,additive
credit_broad,mlp,removal,1007,interfair/data/partitions/runs/main/mlp/default_credit/1007/removed/task.pt,0.7859080246093921,0.914468501779681,0.8930298146655923,0.8231179213857428,0.1345844181753573,0.4301659171281186,0.0269080844193289,0.0187212037185702,0.0254514053024206,0.0105343230178115,0.0269080844193289,0.9417637271214644,0.6017391304347826,0.8595458368376787,2378,0.9522980501392758,0.6286472148541115,0.8849972421400993,3626,0.0,0.0,0.0,0.0,0.0,0.0241062652181274,0.0014939358676005,0.0,0.0,0.0,0.0,0.0,0.0243278169832219,0.0001700907266268,0.0004415926888185,0.0006881749169876,0.0243278169832219,0.0234446316055847,0.0573495729559812,0.0573495729559812,0.0252950560454284,0.0252950560454284,0.0154944063232954,0.0154944063232954,0.9747049439545716,removal
credit_broad,mlp,additive,1008,interfair/studies/learning/runs/credit_broad/real_additive/1008/selected.pt,0.7861150879395469,0.914090446168666,0.8905903687285915,0.8191205862758161,0.1350936496699893,0.4307041900507405,0.0231046015453811,0.0208759751810196,0.0304702928156009,0.0186473488166581,0.0231046015453811,0.9339988907376594,0.6121739130434782,0.8561816652649286,2378,0.9526462395543176,0.6352785145888594,0.8866519580805295,3626,1.6242465830264428e-08,0.0,0.001664164724141,0.0140276149100869,0.0,0.0336576823551286,0.0035739112203978,1.5275384371457974e-08,0.0,0.001584088266081,0.0116717762958423,0.0,0.0321502199579571,0.0012227841906679,0.0014904538915301,0.0015430427381715,0.0321502199579571,0.0291693121748968,0.128077328540635,0.128077328540635,0.0814074600493776,0.0795204201055947,0.0517383567968021,0.0493364730927031,0.9185925399506224,additive
credit_broad,mlp,removal,1008,interfair/data/partitions/runs/main/mlp/default_credit/1008/removed/task.pt,0.7804327164890171,0.9108330803066164,0.892764080978152,0.8217854763491006,0.1351084694089307,0.4321535533733913,0.0101925960096874,0.0086025248598068,0.0183514817060413,0.0070124537099263,0.0101925960096874,0.9484193011647256,0.6330434782608696,0.872161480235492,2378,0.9554317548746518,0.6432360742705571,0.8905129619415334,3626,0.0,0.0,0.0,0.0,0.0,0.0218322222680706,0.0015892564931153,0.0,0.0,0.0,0.0,0.0,0.0230213117146202,4.312067702950877e-06,1.952469054922073e-05,8.555783709787816e-05,0.0230213117146202,0.0229822623335218,0.0135726813239161,0.0135726813239161,0.0007733335815971,0.0007733335815971,0.0001719103307203,0.0001719103307203,0.9992266664184029,removal
credit_broad,mlp,additive,1009,interfair/studies/learning/runs/credit_broad/real_additive/1009/selected.pt,0.7845388957963649,0.912955284772624,0.8927820602662929,0.8216189207195204,0.1342554974574255,0.4291700273788794,0.0096562213704487,0.0062397125765863,0.0185998978501682,0.0096562213704487,0.002823203782724,0.9478646699944536,0.6417391304347826,0.8738435660218671,2378,0.9575208913649024,0.6445623342175066,0.8924434638720353,3626,5.8831626542014755e-09,0.0,0.0006101910639893,0.0062828390223857,0.0,0.0225464379314267,0.0018286181654375,5.797994829490022e-09,0.0,0.000597570765952,0.0059222869766906,0.0,0.0219553237385157,5.388817606213924e-05,0.0001347147937354,8.582217645039477e-05,0.0219553237385157,0.0216858941510448,0.0276366263860442,0.0276366263860442,0.0099576874137441,0.0097007495630979,0.0049795919147217,0.0048937255228275,0.9900423125862556,additive
credit_broad,mlp,removal,1009,interfair/data/partitions/runs/main/mlp/default_credit/1009/removed/task.pt,0.7886628601779313,0.9158977078183328,0.8920574354854905,0.8209526982011992,0.1339561496729104,0.4281776088983801,0.0091539248266198,0.0065640457946961,0.0186820073880027,0.0091539248266198,0.0039741667627725,0.9445368829728232,0.6313043478260869,0.8687973086627419,2378,0.9536908077994428,0.6352785145888594,0.8874793160507446,3626,0.0,0.0,0.0,0.0,0.0,0.0284768776951535,0.0026369132908211,0.0,0.0,0.0,0.0,0.0,0.0271110747154879,0.0019107266977446,0.0016871960395051,0.0017165827292075,0.0271110747154879,0.0237366826364775,0.1369957474232898,0.1369957474232898,0.0733046943242682,0.0733046943242682,0.0473000066349366,0.0473000066349366,0.9266953056757318,removal
acs_income,mlp,erm,1000,interfair/training/mlp/runs/confirmation/acs_income/1000/erm/selected.pt,0.904852480669884,0.8898984508753679,0.8213478064224333,0.8204817451901227,0.1258612634709433,0.391357870450665,0.090673731914654,0.0686929204085933,0.1512874910036279,0.0467121089025326,0.090673731914654,0.8706659328563566,0.2587365591397849,0.5951588502269289,3305,0.823953823953824,0.1680628272251308,0.4438713592233009,3296,0.1266766600763379,0.6382595282445992,0.0368894431904518,0.1414820024248762,0.0096017269365508,0.1240840391597906,0.0231488943746954,0.2139968762418718,0.8101612224026951,0.0597236101787336,0.1788491848643446,0.0011111111111111,0.2059344069640922,6.371183136215406e-05,2.003082237586576e-05,0.0,0.2059344069640922,0.2059181277354077,0.0072222222222222,0.0016666666666666,0.0016666666666666,0.0002777777777777,0.0013888888888888,0.0002777777777777,0.1895609998195271,erm
acs_income,mlp,erm,1001,interfair/training/mlp/runs/confirmation/acs_income/1001/erm/selected.pt,0.904969535439572,0.8908905956803719,0.8173240525908739,0.8210877139827298,0.1246072922818927,0.3874698288170697,0.0807021617969937,0.0697592835317958,0.1519628615072779,0.0588164052665979,0.0807021617969937,0.8503026967528894,0.2278225806451612,0.5700453857791226,3305,0.7914862914862915,0.1471204188481675,0.4180825242718446,3296,0.1065397210624436,0.6382454165182636,0.0311061587637141,0.1336200802881634,0.0205041671072973,0.1156431615381684,0.0203783633899784,0.1453677415125988,0.6921736449497684,0.0474826631849766,0.1646592071226613,0.0008333333333333,0.192712439160731,5.813772850076863e-05,2.1500271212090693e-05,0.0,0.192712439160731,0.1926832864518139,0.0030555555555555,0.0008333333333333,0.0013888888888888,0.0002777777777777,0.0011111111111111,0.0002777777777777,0.3078263550502316,erm
acs_income,mlp,erm,1002,interfair/training/mlp/runs/confirmation/acs_income/1002/erm/selected.pt,0.9036268051379878,0.8893001916604152,0.7998056365403304,0.8127556430843812,0.1285881197154615,0.3977198551619902,0.0806154953100467,0.0750829826941496,0.1542039679508835,0.0806154953100467,0.0695504700782525,0.8057237204182719,0.1868279569892473,0.5270801815431165,3305,0.7251082251082251,0.1172774869109947,0.372876213592233,3296,0.0919166934560215,0.5960394968455084,0.0333507984693295,0.1489417746879277,0.0068280331757134,0.121689774523632,0.0197007599760541,0.1283718201447695,0.7231334596643205,0.052707709820746,0.1733360404259158,0.0,0.1996825631885337,2.958994506086141e-05,1.0298943402182104e-05,0.0,0.1996825631885337,0.1996632285152611,0.0016666666666666,0.0008333333333333,0.0008333333333333,0.0005555555555555,0.0005555555555555,0.0002777777777777,0.2763109847801239,erm
acs_income,mlp,erm,1003,interfair/training/mlp/runs/confirmation/acs_income/1003/erm/selected.pt,0.904537241333307,0.8910844782009238,0.8161280200815815,0.8224511437660961,0.1255398702832178,0.3896238311472431,0.069816472442718,0.0663886191051541,0.1486676189357108,0.0629607657675902,0.069816472442718,0.8392955421023666,0.2069892473118279,0.5546142208774584,3305,0.7763347763347763,0.1371727748691099,0.4059466019417476,3296,0.1197296012126403,0.7253704153188398,0.0338635941889086,0.1508850547983598,0.0220915622162128,0.126225211670573,0.0215994452995855,0.1531460491814841,0.7881567707393371,0.0500369255177515,0.1696380015640979,0.0002777777777777,0.1991873200075802,1.862919423551361e-05,8.432226801166498e-06,0.0,0.1991873200075802,0.1991777277680201,0.0019444444444444,0.0002777777777777,0.0008333333333333,0.0,0.0005555555555555,0.0,0.2118432292606629,erm
acs_income,mlp,erm,1004,interfair/training/mlp/runs/confirmation/acs_income/1004/erm/selected.pt,0.9040214285569904,0.8890624250725361,0.8197656954040252,0.8182093622178458,0.1260271005273346,0.3917282499161475,0.0694420987445814,0.0537296351117515,0.1358249305994154,0.0380171714789215,0.0694420987445814,0.868464501926252,0.2526881720430107,0.5912254160363086,3305,0.8304473304473304,0.1832460732984293,0.4554004854368932,3296,0.1080387993599995,0.6445335784205596,0.0289413227451514,0.1218396822589995,0.0169748278183158,0.1134459986241703,0.0185253149167106,0.1440644667514109,0.6789682969379776,0.0450629191051039,0.1556904590025867,0.0002777777777777,0.1907748500725252,2.1324245688776088e-05,1.4103195072583026e-05,0.0,0.1907748500725252,0.1907544736044031,0.0033333333333333,0.0008333333333333,0.0008333333333333,0.0002777777777777,0.0008333333333333,0.0002777777777777,0.3210317030620225,erm
acs_income,mlp,erm,1005,interfair/training/mlp/runs/confirmation/acs_income/1005/erm/selected.pt,0.9040756375947578,0.8901094681602568,0.8166184751179425,0.8174519012270868,0.1258639535872341,0.3908715395472637,0.0837344480099082,0.0603002372095688,0.1422235543380873,0.0368660264092294,0.0837344480099082,0.8536048431480462,0.2486559139784946,0.5812405446293495,3305,0.8167388167388168,0.1649214659685864,0.4390169902912621,3296,0.1198056343311453,0.6762416320660074,0.0339805693458484,0.130258503764697,0.0099996172807799,0.1248953976969227,0.0211870105219588,0.1791409012079436,0.7913699392408109,0.0531865012063854,0.1655278830536004,0.0016666666666666,0.2025594928941892,4.343439969736494e-05,3.87688623145905e-05,0.0,0.2025594928941892,0.2025093604930075,0.0036111111111111,0.0011111111111111,0.0022222222222222,0.0005555555555555,0.0016666666666666,0.0002777777777777,0.208630060759189,erm
acs_income,mlp,erm,1006,interfair/training/mlp/runs/confirmation/acs_income/1006/erm/selected.pt,0.9041490494950566,0.8885518999318075,0.816988416988417,0.8204817451901227,0.125317444315455,0.3890633868048168,0.0842108596520857,0.081242178236319,0.1628661890633491,0.0782734968205524,0.0842108596520857,0.8596587782058338,0.2318548387096774,0.5770045385779122,3305,0.7813852813852814,0.1476439790575916,0.4141383495145631,3296,0.0765014033265543,0.5122993549548428,0.029568208805697,0.1458291527963291,0.0054697072701544,0.1107346185585907,0.0172485099929134,0.1037798551183501,0.5760195211454009,0.0454824752151489,0.1871118330024664,0.0008333333333333,0.1729260683649864,0.0001868632574439,2.887026844965304e-05,0.0,0.1729260683649864,0.1728861780205872,0.0108333333333333,0.0030555555555555,0.0030555555555555,0.0008333333333333,0.0013888888888888,0.0,0.4237027010768213,erm
acs_income,mlp,erm,1007,interfair/training/mlp/runs/confirmation/acs_income/1007/erm/selected.pt,0.9050538810271492,0.8919208663485465,0.812617702448211,0.8191183154067565,0.1255443930009842,0.3888123779910329,0.0837105218713055,0.0776646481484522,0.1589699337573256,0.0716187744255989,0.0837105218713055,0.8392955421023666,0.2177419354838709,0.5594553706505295,3305,0.7676767676767676,0.1340314136125654,0.4004854368932038,3296,0.1312580153020866,0.7460000815122422,0.0352968122304554,0.1408760219641709,0.0138937165225594,0.1260542249762769,0.0226304471555373,0.1662479505304038,0.7684246225109788,0.0495916216264865,0.1603632015881609,0.0002777777777777,0.189313698093103,1.4534455549516502e-05,5.046165896195563e-06,0.0,0.189313698093103,0.1893062602291551,0.0013888888888888,0.0005555555555555,0.0005555555555555,0.0,0.0005555555555555,0.0,0.2315753774890212,erm
acs_income,mlp,erm,1008,interfair/training/mlp/runs/confirmation/acs_income/1008/erm/selected.pt,0.9042813562990994,0.8899605902939942,0.8152573529411765,0.817300409028935,0.1257147073246652,0.3895798333115011,0.0887511963069301,0.0720169777486146,0.1534517610857336,0.0552827591902991,0.0887511963069301,0.8547055586130985,0.2452956989247312,0.5803328290468986,3305,0.7994227994227994,0.156544502617801,0.426881067961165,3296,0.1038148986795491,0.644104425366061,0.0328710626401623,0.1294331963978335,0.020598371429003,0.1141996606588378,0.0193579098782431,0.1437381985302482,0.7039131023280996,0.0508759200189372,0.1691976478373338,0.0,0.1837985508340094,7.207628323333992e-05,2.4609428575180303e-05,0.0,0.1837985508340094,0.1837508218109075,0.0016666666666666,0.0008333333333333,0.0011111111111111,0.0005555555555555,0.0008333333333333,0.0005555555555555,0.2960868976719004,erm
acs_income,mlp,erm,1009,interfair/training/mlp/runs/confirmation/acs_income/1009/erm/selected.pt,0.9055334931918044,0.8925120752746141,0.8131147540983606,0.8186638388123012,0.1250729295292162,0.3874760593384271,0.0814600574227326,0.0762155943290178,0.1574413767019666,0.0709711312353029,0.0814600574227326,0.8436984039625757,0.2217741935483871,0.5636913767019667,3305,0.7727272727272727,0.1403141361256544,0.40625,3296,0.0903452227839493,0.5686784926528343,0.0321554986923166,0.1391173654079173,0.0053747072953333,0.1208119864571373,0.0186127236586162,0.129803485889734,0.6564986765325151,0.049424869941895,0.17271686819467,0.0,0.1884623870291669,2.1065019377072896e-05,8.310368063138778e-06,0.0,0.1884623870291669,0.1884461523743019,0.0013888888888888,0.0008333333333333,0.0008333333333333,0.0002777777777777,0.0002777777777777,0.0002777777777777,0.343223545689707,erm
acs_income,mlp,is,1000,interfair/training/mlp/runs/confirmation/acs_income/1000/equality_direction/selected.pt,0.8951357403493672,0.879266237922617,0.8136419001218027,0.8145735494622027,0.1317323139768589,0.4098925246253972,0.0289652559878206,0.0225721258264836,0.0758710874961444,0.0289652559878206,0.0161789956651466,0.82168409466153,0.2130376344086021,0.5476550680786687,3305,0.8506493506493507,0.1968586387434555,0.4717839805825243,3296,0.0118215537192031,0.0050301856364469,0.0023640296560339,0.0071618931725275,0.0,0.1292203393520962,0.0063182130293929,0.014645007172797,0.0109697407206882,0.0033433069076595,0.0060333573963785,0.0,0.2136303450445816,8.345214651422588e-05,5.080516462980719e-05,0.0002777777777777,0.2136303450445816,0.213528734715322,0.0011111111111111,0.0011111111111111,0.0011111111111111,0.0011111111111111,0.0011111111111111,0.0011111111111111,0.9879191481682008,is
acs_income,mlp,is,1001,interfair/training/mlp/runs/confirmation/acs_income/1001/equality_direction/selected.pt,0.8853285903794211,0.8696027498982144,0.7991974070072542,0.8029086502045145,0.1405303667486978,0.4434488217739246,0.0372544052243427,0.023911986928326,0.1022675447615411,0.0105695686323094,0.0372544052243427,0.8128783709411117,0.2231182795698924,0.5473524962178518,3305,0.8023088023088023,0.1858638743455497,0.4450849514563106,3296,0.0084483658364032,0.0,0.001350109608587,0.0039247995007864,0.0,0.1282267416313159,0.007334712280497,0.0103037324041044,0.0,0.001725245325729,0.0049434518438308,0.0,0.1942410536571543,8.2382054562105e-05,4.877215842764624e-05,0.0,0.1942410536571543,0.1941439989143934,0.0016525296276243,0.0013818203693677,0.0008262648138121,0.0008262648138121,0.0008262648138121,0.0008262648138121,0.9991737351861878,is
acs_income,mlp,is,1002,interfair/training/mlp/runs/confirmation/acs_income/1002/equality_direction/selected.pt,0.899065619948338,0.8832545454145941,0.8077472614700746,0.8165429480381761,0.1296527140028008,0.4017337601065228,0.013482379102629,0.0132035249899846,0.0823448952014452,0.0129246708773401,0.013482379102629,0.7886626307099615,0.1700268817204301,0.5101361573373676,3305,0.8015873015873016,0.156544502617801,0.4277912621359223,3296,0.0090695014040024,0.0004451276318241,0.0016758294112958,0.0045702482537571,0.0,0.1180051636424314,0.0046092707361756,0.0107978873982757,0.0008333333333333,0.0021544630910754,0.0041313240690609,0.0,0.2039709365889608,3.295971369886452e-07,5.33600622606511e-07,0.0,0.2039709365889608,0.2039698693877156,0.0002777777777777,0.0002777777777777,0.0,0.0,0.0,0.0,0.9991666666666666,is
acs_income,mlp,is,1003,interfair/training/mlp/runs/confirmation/acs_income/1003/equality_direction/selected.pt,0.9005375790831763,0.8853540954699608,0.8121306376360808,0.8169974246326315,0.1279213537192959,0.3971538086689428,0.018022031780975,0.0121499141621758,0.0765340650382621,0.018022031780975,0.0062777965433766,0.8073747936158503,0.1848118279569892,0.5270801815431165,3305,0.8253968253968254,0.1785340314136125,0.4505461165048544,3296,0.011466417106396,0.0037415343286575,0.0018862432330027,0.0056418947225897,0.0,0.1022841578592975,0.0036857750949049,0.0135451517504248,0.0077282981411297,0.0023297754012592,0.0041171870300186,0.0,0.183079934565884,0.0,0.0,0.0,0.183079934565884,0.183079934565884,0.0,0.0,0.0,0.0,0.0,0.0,0.9922717018588704,is
acs_income,mlp,is,1004,interfair/training/mlp/runs/confirmation/acs_income/1004/equality_direction/selected.pt,0.9007049380023179,0.8856390843410905,0.8146658415841584,0.8185123466141494,0.1276089801501464,0.3968198686382774,0.0095598997917018,0.0090088891825777,0.083185688791622,0.0084578785734537,0.0095598997917018,0.8183819482663731,0.1901881720430107,0.5355521936459909,3305,0.8268398268398268,0.1806282722513089,0.4523665048543689,3296,0.0097812570252765,0.0008858858858858,0.0017909707536583,0.0067222660586062,0.0,0.1041327079910552,0.0044283269686062,0.0109542684128321,0.0019444444444444,0.0021804794231354,0.0052070925825663,0.0,0.1825038098446012,1.0010088697135858e-06,4.454009045496012e-06,0.0,0.1825038098446012,0.1824949018265103,0.0008333333333333,0.0008333333333333,0.0005555555555555,0.0002777777777777,0.0002777777777777,0.0,0.9975,is
acs_income,mlp,is,1005,interfair/training/mlp/runs/confirmation/acs_income/1005/equality_direction/selected.pt,0.8909991313690796,0.873919450451559,0.8032203127419105,0.8074534161490683,0.1358984864106515,0.4279256712236184,0.0132797106344648,0.0075771709215816,0.0871265587591616,0.0018746312086983,0.0132797106344648,0.8106769400110072,0.2022849462365591,0.5367624810892587,3305,0.8088023088023089,0.1890052356020942,0.4496359223300971,3296,0.0099276945730438,0.0009918742271683,0.0017451534337077,0.0037273323451332,0.0,0.1236920409547743,0.0062948823642873,0.0123946863542708,0.0019444444444444,0.0022985504665277,0.0057838536966853,0.0,0.1877021993009855,7.596538413585898e-06,6.620691195535705e-06,0.0,0.1877021993009855,0.1876895769781401,0.0011111111111111,0.0008333333333333,0.0008333333333333,0.0005555555555555,0.0002777777777777,0.0,0.9972222222222222,is
acs_income,mlp,is,1006,interfair/training/mlp/runs/confirmation/acs_income/1006/equality_direction/selected.pt,0.9007654867411126,0.8848986628855046,0.8106841611996252,0.8163914558400243,0.1277331253830173,0.3977526874569569,0.0125605190564656,0.0088833404197012,0.0856351805883994,0.0052061617829367,0.0125605190564656,0.8079251513483764,0.1848118279569892,0.5273827534039335,3305,0.8131313131313131,0.1722513089005235,0.441747572815534,3296,0.0094212776571552,0.0003248511099079,0.0018011905373038,0.0031526765386255,0.0,0.1144320717581772,0.0040963067301809,0.0102275924604462,0.0008121277747698,0.0019795283694656,0.0030131444384286,0.0,0.1829450019279755,6.894475880080285e-09,6.41835973119731e-08,0.0,0.1829450019279755,0.1829448735607809,0.0002777777777777,0.0002777777777777,0.0,0.0,0.0,0.0,0.99918787222523,is
acs_income,mlp,is,1007,interfair/training/mlp/runs/confirmation/acs_income/1007/equality_direction/selected.pt,0.9010940486378188,0.8881252301767986,0.8150517976843388,0.8160884714437207,0.1278164823150385,0.3958138283940077,0.0294087428925294,0.0150069490741037,0.096475717139374,0.0006051552556781,0.0294087428925294,0.8348926802421573,0.2184139784946236,0.5573373676248109,3305,0.8354978354978355,0.1890052356020942,0.4608616504854368,3296,0.0092574143550958,0.0012170994523935,0.0016565622275048,0.0047852471327236,0.0,0.1146122369959214,0.0036442420021803,0.0111535289575128,0.0027777777777777,0.0021153151388738,0.005769716657643,0.0,0.2001849054369381,0.0,0.0,0.0,0.2001849054369381,0.2001849054369381,0.0,0.0,0.0,0.0,0.0,0.0,0.9972222222222222,is
acs_income,mlp,is,1008,interfair/training/mlp/runs/confirmation/acs_income/1008/equality_direction/selected.pt,0.8980824150107949,0.8831509176608077,0.8016515801175162,0.8107862445084079,0.1306502678479829,0.4041375849393705,0.0150288163496749,0.0095435558413352,0.0750740823700482,0.0150288163496749,0.0040582953329955,0.7815079801871216,0.1700268817204301,0.5062027231467473,3305,0.7965367965367965,0.1659685863874345,0.431128640776699,3296,0.0103849331577766,0.0011920092327111,0.0017953717548222,0.0049017693636522,0.0,0.1071876561521541,0.0033323279049084,0.0119070530259915,0.0021798111050953,0.0021281267409088,0.0038606148108043,0.0,0.180577239426996,0.0,0.0,0.0,0.180577239426996,0.180577239426996,0.0,0.0,0.0,0.0,0.0,0.0,0.9978201888949046,is
acs_income,mlp,is,1009,interfair/training/mlp/runs/confirmation/acs_income/1009/equality_direction/selected.pt,0.8944094311230073,0.8789351485982029,0.8074027603513174,0.8139675806695955,0.1338338746745473,0.420540866937918,0.0199607329842931,0.0139106989860453,0.0874638309122688,0.0078606649877975,0.0199607329842931,0.8002201430930105,0.1875,0.524357034795764,3305,0.8080808080808081,0.1675392670157068,0.4368932038834951,3296,0.007655910096563,0.0001111111111111,0.0014680920099349,0.0045250915059586,0.0,0.11303712852993,0.0074570181300874,0.0091455596692138,0.0002777777777777,0.0019057897062706,0.0038182036936774,0.0,0.1875129893352241,7.494417579645566e-05,8.243414734798735e-06,0.0,0.1875129893352241,0.1874965025057544,0.0013888888888888,0.0013888888888888,0.0008333333333333,0.0008333333333333,0.0002777777777777,0.0002777777777777,0.9988888888888888,is
acs_income,mlp,additive,1000,interfair/studies/learning/runs/acs_income/real_additive/1000/selected.pt,0.9027922615955428,0.8890418394940943,0.8190272907455405,0.8201787607938191,0.1273060304287117,0.3955724914625404,0.0509373416652592,0.0383679283658992,0.1210195643552722,0.0257985150665392,0.0509373416652592,0.8497523390203633,0.2258064516129032,0.5688350983358548,3305,0.823953823953824,0.1748691099476439,0.4478155339805825,3296,5.270790893893268e-08,0.0,0.009370166693276,0.0462308326162977,0.0,0.1364843746280006,0.010910596448264,8.232793737955204e-08,0.0,0.0150740139392054,0.0519062443602237,0.0,0.2204502918390822,6.516236934114911e-06,2.390945659737801e-06,0.0,0.2204502918390822,0.2204455099477628,0.0002777777777777,0.0002777777777777,0.0002777777777777,0.0002777777777777,0.0,0.0,0.9997222222222222,additive
acs_income,mlp,removal,1000,interfair/studies/learning/plain_alternatives/runs/confirmation/1000/selected.pt,0.902226741887985,0.8880923227564874,0.8203502415458938,0.8197242841993637,0.127728760521991,0.3962293406337605,0.0427011203062545,0.0256102734111894,0.1085703295976969,0.0085194265161243,0.0427011203062545,0.8519537699504678,0.2311827956989247,0.5724659606656581,3305,0.8434343434343434,0.1884816753926701,0.4638956310679611,3296,0.0,0.0,0.0,0.0,0.0,0.1314443331777489,0.007337479244639,0.0,0.0,0.0,0.0,0.0,0.2099424129935089,1.7575105322156243e-05,1.5393436302133216e-05,0.0,0.2099424129935089,0.2099116261209046,0.0008333333333333,0.0008333333333333,0.0008333333333333,0.0008333333333333,0.0002777777777777,0.0002777777777777,0.9991666666666666,removal
acs_income,mlp,additive,1001,interfair/studies/learning/runs/acs_income/real_additive/1001/selected.pt,0.9033239695642898,0.8893900820365086,0.8165294391797421,0.8210877139827298,0.1260994272704111,0.3918122449792634,0.0581419242245116,0.0444517929856569,0.1271296615895303,0.0307616617468021,0.0581419242245116,0.8337919647771052,0.2110215053763441,0.5534039334341906,3305,0.803030303030303,0.1528795811518324,0.4262742718446602,3296,3.246904975455106e-08,0.0,0.008684939041431,0.0452409459959533,0.0,0.1275739000417287,0.0103913739410215,4.92319153626387e-08,0.0,0.0140332279336369,0.0441991517776574,0.0,0.2050955277323835,0.0001530126815626,4.8218923338274896e-05,0.0002777777777777,0.2050955277323835,0.2049990898857069,0.0022222222222222,0.0022222222222222,0.0019444444444444,0.0019444444444444,0.0013888888888888,0.0013888888888888,0.9980555555555556,additive
acs_income,mlp,removal,1001,interfair/studies/learning/plain_alternatives/runs/confirmation/1001/selected.pt,0.9023489419222746,0.8884705125128816,0.8168797166178962,0.8198757763975155,0.1265576570500803,0.3924815905957495,0.0449748071834712,0.0323898719421951,0.1149871296799494,0.019804936700919,0.0449748071834712,0.8365437534397359,0.2130376344086021,0.5558245083207262,3305,0.8167388167388168,0.1680628272251308,0.4408373786407767,3296,0.0,0.0,0.0,0.0,0.0,0.1201042463308279,0.0066254609698063,0.0,0.0,0.0,0.0,0.0,0.1870913947722052,1.252329734983151e-05,4.4398897912113e-06,0.0,0.1870913947722052,0.1870825149926228,0.0005555555555555,0.0005555555555555,0.0002777777777777,0.0002777777777777,0.0002777777777777,0.0002777777777777,0.9997222222222222,removal
acs_income,mlp,additive,1002,interfair/studies/learning/runs/acs_income/real_additive/1002/selected.pt,0.902053916125204,0.8881551759177162,0.8192698982645122,0.8169974246326315,0.1283415453698017,0.3982281318143107,0.0617371784045487,0.0415429878788744,0.1236947916513667,0.0213487973532001,0.0617371784045487,0.8640616400660429,0.2533602150537634,0.58910741301059,3305,0.8427128427128427,0.1916230366492146,0.4654126213592233,3296,2.483379616193961e-08,0.0,0.0090467352897202,0.0459570443865528,0.0,0.1232356048786415,0.0088306667075347,4.265232670879433e-08,0.0,0.014971471869235,0.0493496962040546,0.0,0.2059600719969482,8.104788533480477e-05,1.3950682060246002e-05,0.0,0.2059600719969482,0.2059321706328277,0.0030555555555555,0.0030555555555555,0.0011111111111111,0.0008333333333333,0.0002777777777777,0.0002777777777777,0.9988888888888888,additive
acs_income,mlp,removal,1002,interfair/studies/learning/plain_alternatives/runs/confirmation/1002/selected.pt,0.9016100451735856,0.8872858198434843,0.8069455406471981,0.8147250416603545,0.1286275339570917,0.3986577525715636,0.0379806339019309,0.0221894201775865,0.1035389708150346,0.0063982064532421,0.0379806339019309,0.8007705008255366,0.1908602150537634,0.5261724659606657,3305,0.7943722943722944,0.1528795811518324,0.4226334951456311,3296,0.0,0.0,0.0,0.0,0.0,0.1349108498710427,0.0089039650476404,0.0,0.0,0.0,0.0,0.0,0.2296477793752001,2.4076503456550807e-05,5.62420619602402e-06,0.0,0.2296477793752001,0.229636530962808,0.0008333333333333,0.0008333333333333,0.0005555555555555,0.0005555555555555,0.0002777777777777,0.0002777777777777,0.9994444444444444,removal
acs_income,mlp,additive,1003,interfair/studies/learning/runs/acs_income/real_additive/1003/selected.pt,0.9040840905294606,0.8910141594061481,0.8191950464396285,0.8230571125587032,0.1256624215114015,0.3902185230624904,0.0531329167370376,0.0424490042455611,0.1256052355213489,0.0317650917540845,0.0531329167370376,0.8398458998348927,0.2096774193548387,0.5561270801815431,3305,0.8080808080808081,0.156544502617801,0.4305218446601941,3296,2.7948141794025558e-08,0.0,0.0086982125168355,0.0515279757828366,0.0,0.1242881352973116,0.0094352429968774,4.089567573866689e-08,0.0,0.0133276027155015,0.0516072610238825,0.0,0.1907757598339401,7.261882669117992e-05,2.8576271366821608e-05,0.0,0.1907757598339401,0.1907186072912065,0.0011111111111111,0.0011111111111111,0.0008333333333333,0.0008333333333333,0.0008333333333333,0.0008333333333333,0.9991666666666666,additive
acs_income,mlp,removal,1003,interfair/studies/learning/plain_alternatives/runs/confirmation/1003/selected.pt,0.902637811777768,0.8893655566170405,0.816002490660025,0.8209362217845781,0.1265436397415031,0.3923647357582472,0.0313932049766368,0.0266074643898242,0.1092589192603146,0.0218217238030116,0.0313932049766368,0.8277380297193175,0.1942204301075268,0.5425113464447806,3305,0.8059163059163059,0.16282722513089,0.433252427184466,3296,0.0,0.0,0.0,0.0,0.0,0.1292589987773031,0.0082008202411956,0.0,0.0,0.0,0.0,0.0,0.1957475370470684,3.446737014225635e-05,1.7405657386076283e-05,0.0,0.1957475370470684,0.1957127257322962,0.0008333333333333,0.0008333333333333,0.0008333333333333,0.0008333333333333,0.0005555555555555,0.0005555555555555,0.9991666666666666,removal
acs_income,mlp,additive,1004,interfair/studies/learning/runs/acs_income/real_additive/1004/selected.pt,0.9030934433341904,0.8885214647172868,0.81056988220312,0.8197242841993637,0.1277452142093853,0.3963230439735706,0.0437552778246917,0.038223184151672,0.1202250378214826,0.0326910904786523,0.0437552778246917,0.8090258668134287,0.1814516129032258,0.5264750378214826,3305,0.7763347763347763,0.137696335078534,0.40625,3296,6.47634118586864e-08,0.0,0.0086410172971244,0.0491634918894481,0.0,0.1250112204591315,0.0125205368814733,8.211232637094044e-08,0.0,0.0142930961719343,0.0487517295313722,0.0,0.2079375204948563,0.0002161931215408,6.745969744021352e-05,0.0002777777777777,0.2079375204948563,0.2078026010999759,0.0044444444444444,0.0044444444444444,0.0019444444444444,0.0019444444444444,0.0016666666666666,0.0016666666666666,0.9980555555555556,additive
acs_income,mlp,removal,1004,interfair/studies/learning/plain_alternatives/runs/confirmation/1004/selected.pt,0.9021171293760244,0.8871551968872321,0.8189732812969078,0.817300409028935,0.1270680313200642,0.3949029722446189,0.0345430107526881,0.0226503984822597,0.1049188123320065,0.0107577862118313,0.0345430107526881,0.8563566318106769,0.2345430107526881,0.5763993948562783,3305,0.8455988455988456,0.2,0.4714805825242718,3296,0.0,0.0,0.0,0.0,0.0,0.1158902805075307,0.0058087093184441,0.0,0.0,0.0,0.0,0.0,0.190073375806745,2.862099770525545e-05,1.3339990590233102e-05,0.0,0.190073375806745,0.1900466958255645,0.0025,0.0025,0.0008333333333333,0.0008333333333333,0.0008333333333333,0.0008333333333333,0.9991666666666666,removal
acs_income,mlp,additive,1005,interfair/studies/learning/runs/acs_income/real_additive/1005/selected.pt,0.9024751846644652,0.8900137322657845,0.8183773816840811,0.8209362217845781,0.1279613483679875,0.3975694412838018,0.0500541856668355,0.0392283871667979,0.1219495872684811,0.0284025886667603,0.0500541856668355,0.8436984039625757,0.2170698924731182,0.5615733736762482,3305,0.8152958152958153,0.1670157068062827,0.439623786407767,3296,1.9423607971118843e-08,0.0,0.0089311533427658,0.0425751507363519,0.0,0.1304323202649902,0.011181886014846,2.6495779325462514e-08,0.0,0.0150948534465922,0.0409435721590567,0.0,0.2243558026980306,3.9253848171938437e-10,2.04744866221888e-08,0.0,0.2243558026980306,0.2243557617490573,0.0002777777777777,0.0002777777777777,0.0,0.0,0.0,0.0,1.0,additive
acs_income,mlp,removal,1005,interfair/studies/learning/plain_alternatives/runs/confirmation/1005/selected.pt,0.9029209391504472,0.8892345129153357,0.7985122897800776,0.8112407211028632,0.1289557154720362,0.4000795237049716,0.030837977819062,0.0226584167598559,0.1026923938428095,0.0144788557006498,0.030837977819062,0.7771051183269125,0.168010752688172,0.502874432677761,3305,0.7626262626262627,0.1371727748691099,0.4001820388349514,3296,0.0,0.0,0.0,0.0,0.0,0.1249068575094376,0.0103271687184376,0.0,0.0,0.0,0.0,0.0,0.2112284048596562,2.627138911057061e-05,1.7737132951967767e-05,0.0,0.2112284048596562,0.2111929305937522,0.0013888888888888,0.0013888888888888,0.0011111111111111,0.0011111111111111,0.0008333333333333,0.0008333333333333,0.9988888888888888,removal
acs_income,mlp,additive,1006,interfair/studies/learning/runs/acs_income/real_additive/1006/selected.pt,0.902588380485702,0.8885437699568937,0.8171578460114179,0.8204817451901227,0.1270089477981757,0.3944282674458721,0.0563369081799245,0.046509145380571,0.1289293950031579,0.0366813825812174,0.0563369081799245,0.8425976884975234,0.2170698924731182,0.5609682299546143,3305,0.8059163059163059,0.1607329842931937,0.4320388349514563,3296,2.744323833588212e-08,0.0,0.0092814264403688,0.0457447217738034,0.0,0.1321596296438217,0.0085861797458573,4.069656330863757e-08,0.0,0.0139499722108962,0.0477325091740359,0.0,0.1946877477242722,0.00029315060012,2.4370414441568973e-05,0.0,0.1946877477242722,0.1946390068953891,0.005,0.005,0.0019444444444444,0.0013888888888888,0.0008333333333333,0.0008333333333333,0.9980555555555556,additive
acs_income,mlp,removal,1006,interfair/studies/learning/plain_alternatives/runs/confirmation/1006/selected.pt,0.9000502949614814,0.8855171865749827,0.8085777357300536,0.8160884714437207,0.1295191109699663,0.401181449505762,0.0361129876710015,0.0253648156732667,0.1068689136788919,0.0146166436755319,0.0361129876710015,0.8068244358833242,0.189516129032258,0.5288956127080181,3305,0.7922077922077922,0.1534031413612565,0.4220266990291262,3296,0.0,0.0,0.0,0.0,0.0,0.1252218351970987,0.009994287832687,0.0,0.0,0.0,0.0,0.0,0.1930630298179826,0.0007289555958618,9.861264132152611e-05,0.0,0.1930630298179826,0.1928658045353395,0.0102777777777777,0.0102777777777777,0.0044444444444444,0.0044444444444444,0.0027777777777777,0.0027777777777777,0.9955555555555556,removal
acs_income,mlp,additive,1007,interfair/studies/learning/runs/acs_income/real_additive/1007/selected.pt,0.9038721240038172,0.8905631694584145,0.8181679155834225,0.8198757763975155,0.1257509788599456,0.3895165577051178,0.0532581771097224,0.0384091662402773,0.121027826329627,0.0235601553708323,0.0532581771097224,0.8453494771601541,0.2244623655913978,0.5658093797276853,3305,0.8217893217893217,0.1712041884816754,0.4447815533980582,3296,3.1236618258730205e-08,0.0,0.0072165234900873,0.0441994264864781,0.0,0.1226142733404075,0.0083379061203464,4.8015004566578795e-08,0.0,0.0114319624696899,0.0433870240028875,0.0,0.1953013157982605,8.53634898034904e-06,3.1453375320440736e-06,0.0,0.1953013157982605,0.1952950251231964,0.0008333333333333,0.0008333333333333,0.0002777777777777,0.0002777777777777,0.0,0.0,0.9997222222222222,additive
acs_income,mlp,removal,1007,interfair/studies/learning/plain_alternatives/runs/confirmation/1007/selected.pt,0.903181923509394,0.8893969976175355,0.8187205591855341,0.8192698076049083,0.1264738138829195,0.3916113842281697,0.0424118955131453,0.024859910133705,0.1076791379639557,0.0073079247542647,0.0424118955131453,0.8442487616951018,0.2251344086021505,0.5655068078668684,3305,0.836940836940837,0.1827225130890052,0.4578276699029126,3296,0.0,0.0,0.0,0.0,0.0,0.1238581002739962,0.0055075311668157,0.0,0.0,0.0,0.0,0.0,0.2043832390882095,2.6705915507850224e-05,8.216356509961423e-06,0.0,0.2043832390882095,0.2043668063751896,0.0013888888888888,0.0013888888888888,0.0005555555555555,0.0005555555555555,0.0005555555555555,0.0005555555555555,0.9994444444444444,removal
acs_income,mlp,additive,1008,interfair/studies/learning/runs/acs_income/real_additive/1008/selected.pt,0.9029537861521448,0.8894129111010812,0.8211700844390832,0.8203302529919709,0.127104910440949,0.394488823914192,0.0560012385295276,0.0453581318066462,0.1279580622181749,0.0347150250837647,0.0560012385295276,0.8651623555310952,0.239247311827957,0.5833585476550681,3305,0.8304473304473304,0.1832460732984293,0.4554004854368932,3296,4.8723539817294536e-08,0.0,0.0089743555652783,0.0471018853946087,0.0,0.1252618522442624,0.0101837207130333,7.696002443896829e-08,0.0,0.0140612318861646,0.0461082536244961,0.0,0.1975357255704584,0.0002402360525652,4.468736288951265e-05,0.0,0.1975357255704584,0.1974463508446794,0.0022222222222222,0.0022222222222222,0.0013888888888888,0.0013888888888888,0.0011111111111111,0.0011111111111111,0.9986111111111112,additive
acs_income,mlp,removal,1008,interfair/studies/learning/plain_alternatives/runs/confirmation/1008/selected.pt,0.9026911938980102,0.8884219522188705,0.8134339855184101,0.8165429480381761,0.1267125059283118,0.3926030977356633,0.046912824410291,0.0332363802955153,0.1149879558773849,0.0195599361807397,0.046912824410291,0.8326912493120529,0.2170698924731182,0.5555219364599092,3305,0.8131313131313131,0.1701570680628272,0.4405339805825243,3296,0.0,0.0,0.0,0.0,0.0,0.1231546780278094,0.0064576816174408,0.0,0.0,0.0,0.0,0.0,0.1869844132064351,0.0001388945207953,2.996482319050204e-05,0.0,0.1869844132064351,0.1869244835600541,0.0019444444444444,0.0019444444444444,0.0011111111111111,0.0011111111111111,0.0008333333333333,0.0008333333333333,0.9988888888888888,removal
acs_income,mlp,additive,1009,interfair/studies/learning/runs/acs_income/real_additive/1009/selected.pt,0.9035630406088172,0.8909157931448705,0.8208658405996635,0.8226026359642479,0.1262961997824932,0.3915255494658471,0.0501245566627258,0.0390437869468837,0.1222405923652013,0.0279630172310415,0.0501245566627258,0.8497523390203633,0.219758064516129,0.5661119515885022,3305,0.8217893217893217,0.1696335078534031,0.4438713592233009,3296,4.7423711689535474e-08,0.0,0.0091764510965334,0.0487392649029024,0.0,0.1233471324346362,0.0094539021500534,7.35071108371767e-08,0.0,0.014409133304319,0.0502042350959514,0.0,0.193647503159279,0.0001270782771435,2.7328398680476995e-05,0.0,0.193647503159279,0.1935928463619181,0.0025,0.0025,0.0011111111111111,0.0008333333333333,0.0008333333333333,0.0008333333333333,0.9988888888888888,additive
acs_income,mlp,removal,1009,interfair/studies/learning/plain_alternatives/runs/confirmation/1009/selected.pt,0.9038058787220706,0.8907639395917866,0.815512978986403,0.8191183154067565,0.1259243767462674,0.3902652805165181,0.0443808759781568,0.0355108025752657,0.1177226693888341,0.0266407291723747,0.0443808759781568,0.8354430379746836,0.2103494623655914,0.5540090771558245,3305,0.8088023088023089,0.1659685863874345,0.4362864077669903,3296,0.0,0.0,0.0,0.0,0.0,0.1254650736379779,0.0061663336952156,0.0,0.0,0.0,0.0,0.0,0.1870840930872215,3.2943271362534514e-05,1.0196011913534234e-05,0.0,0.1870840930872215,0.1870637010633943,0.0008333333333333,0.0008333333333333,0.0005555555555555,0.0005555555555555,0.0002777777777777,0.0002777777777777,0.9994444444444444,removal
