task,architecture,seed,arm,auc,ap,f1,accuracy,brier,bce,eomax,aod,dp,tpr_gap,fpr_gap,group0_tpr,group0_fpr,group0_positive,group0_n,group1_tpr,group1_fpr,group1_positive,group1_n,L_R,violation_005,P_R,decision_disagreement,opposite_005,P_mean_common_abs,P_population_effect_gap,direction_L_R,direction_violation_005,direction_P_R,direction_decision_disagreement,direction_opposite_005,direction_P_mean_common_abs,direction_direction_logit_loss,direction_adverse_magnitude,direction_adverse_decision,direction_common_response,direction_signed_common_response,direction_adverse_0,direction_both_adverse_0,direction_adverse_005,direction_both_adverse_005,direction_adverse_01,direction_both_adverse_01,direction_joint_pass,checkpoint,checkpoint_sha256,arrays,arrays_sha256,source_done,source_sha256,evaluation,evaluation_sha256,selected_epoch,admitted,training_seconds,device,optimizer_updates,protocol,phase
hmda_md,mlp,1000,cot_phi,0.8478954124047985,0.9426827275610866,0.9127000410340582,0.8581666666666666,0.10848150728356677,0.3583466618249431,0.05012743377004947,0.04749249840772998,0.11442096443337346,0.05012743377004947,0.0448575630454105,0.9570368255780759,0.4753877275792313,0.8728943338437979,8489,0.9069093918080264,0.4305301645338208,0.7584733694104244,3511,0.2896644379748237,0.8509849610631821,0.04072042846414234,0.062122479057937635,0.04666505207506295,0.08073652440714975,0.038519853185933046,0.19887658386712445,0.7958761332697362,0.03415456260792508,0.07370464966573688,0.04062315998080743,0.0606187705758149,0.06333203216670254,0.012840567292000235,0.019259878500744655,0.0606187705758149,0.03574447095829984,0.37506635852496883,0.24660413299326395,0.2737740583383893,0.17566922738402055,0.23422713355977626,0.14425585069218885,0.16528437477460195,interfair/training/states/runs/confirmation/hmda_md/1000/cot_phi/selected.pt,f8de54c28c1ba33c87dbe26e9b47790c31978faf69d4e6e62e0880e341cc1009,interfair/training/states/runs/confirmation/hmda_md/1000/cot_phi/audit_current.npz,9b4d01c965d3786dde49ae46e5fa3dfe82d29785868bec17e5a3c60f7e29d79b,interfair/training/states/runs/confirmation/hmda_md/1000/cot_phi/DONE.json,428f8499b9f8dae6e0870404a21540b7c1484e6aaa7f5dce865c0a61caf01c3d,interfair/training/states/runs/confirmation/hmda_md/1000/cot_phi/EVALUATION.json,4bcc7701ef82158ebf64b2aa6f8116f6a280bfa10668150f3f718437a9a01d7e,17,True,13.582464055041783,cpu,3080,published-pipeline fitting protocol,confirmation
hmda_md,mlp,1000,dralign,0.8332116642083698,0.9357580772244853,0.9102407180742554,0.8533333333333334,0.11217676104192251,0.3704809402998171,0.10590470179400668,0.06380173101931946,0.02011533078191663,0.021698760244632243,0.10590470179400668,0.9414787325149871,0.44436952124072826,0.8546354105312758,8489,0.9631774927596194,0.5502742230347349,0.8345200797493592,3511,0.3616956932798272,0.8867446230825355,0.053126911738472,0.0896791930370601,0.08060354027885165,0.08672084282185165,0.034348740976548046,0.33743753243067404,0.8374462557430957,0.051692371284589436,0.09717237916095492,0.10023973108958903,0.07173785075843903,0.13683382777180164,0.019186140085234667,0.02877504848270404,0.07173785075843903,0.03575326251773288,0.4989088714489394,0.30811900063527026,0.3885328212822677,0.22379857724095722,0.3371943362456114,0.18268411516072178,0.11985815517722984,interfair/training/states/runs/confirmation/hmda_md/1000/dralign/selected.pt,e537d990d7060de9a24d9f1e4a30835fb524bc557691c574f7eedd0d53579f6a,interfair/training/states/runs/confirmation/hmda_md/1000/dralign/audit_current.npz,2f57ebc7475739e942ae79ffe7caa69d2823f89963715b6724d9809eb2a79413,interfair/training/states/runs/confirmation/hmda_md/1000/dralign/DONE.json,50990bd723b92541962d43b79b8dbd72837917a83eb526e3dccc34206ab846b4,interfair/training/states/runs/confirmation/hmda_md/1000/dralign/EVALUATION.json,6d5d804741093e3763618c40cb9ac388ed7b9cb282b3adb5d36a745826c1bd2c,18,True,10.829992788960226,cpu,220,published-pipeline fitting protocol,confirmation
hmda_md,mlp,1000,soft,0.8454043971621219,0.9418681796394437,0.913769396975054,0.8536666666666667,0.1117402058402542,0.3677767561986306,0.014379913239751962,0.008435475709784257,0.04636324811115655,0.0024910381798165515,0.014379913239751962,0.9880102769055096,0.629130141604855,0.9253151136765225,8489,0.985519238725693,0.643510054844607,0.878951865565366,3511,0.007134990525662042,0.0010184045529389085,0.0010399362173287637,0.0014344738757803084,0.0,0.03707704310567442,0.0054989328404481475,0.00675085956068927,0.0,0.0009541945390939817,0.001468613839136543,0.0,0.033927139121259664,1.587142415762424e-05,4.905883350588783e-05,0.0,0.033927139121259664,0.03383030233496052,0.016367322283887167,0.01411435128234083,0.003736161509127089,0.0024358413576558097,0.0008059233156110293,0.0004853611304488897,0.9962638384908729,interfair/training/states/runs/confirmation/hmda_md/1000/equality_direction/selected.pt,0533fe4851d0ada09fba5bad8c6ea488bb634ac3df54036d1e0831c27bc7b88d,interfair/training/states/runs/confirmation/hmda_md/1000/equality_direction/audit_current.npz,176438b2e19892eef3b73095b802249835997cfee89a2999a2316add7d9b2e6e,interfair/training/states/runs/confirmation/hmda_md/1000/equality_direction/DONE.json,e04af0a6ba18580abb3178ea2731f263993d668bc0f56820d8486a8baad10029,interfair/training/states/runs/confirmation/hmda_md/1000/equality_direction/EVALUATION.json,2c6a61f39ee43326dbecbecbb2ac1d33c3c2dd0043819b2a5da84d72db8af709,10,True,382.33001398295164,cuda,3080,current full IS,confirmation
hmda_md,mlp,1000,erm,0.852809514908555,0.9459179766368909,0.9149685920024514,0.86125,0.10649712904866979,0.35232282230205064,0.08804353051833025,0.07121301016526899,0.12805749018474455,0.054382489812207724,0.08804353051833025,0.9646017699115044,0.5030343897505057,0.8839674873365532,8489,0.9102192800992966,0.4149908592321755,0.7559099971518086,3511,0.2991067313392065,0.8742845601012227,0.04456447991775509,0.06995879489863463,0.07071291166260694,0.0877604660893671,0.039682730212739444,0.2652984539827129,0.8061941863009208,0.044402567857102906,0.07975937830921338,0.07315051723937116,0.0761094405478942,0.10529747405020377,0.017655280519959533,0.026682797766133123,0.0761094405478942,0.042473535461818576,0.4482583543211484,0.29307591634731345,0.3501283762789623,0.20488864411090746,0.30066369319958763,0.169111559378388,0.1462000586059941,interfair/training/states/runs/confirmation/hmda_md/1000/erm/selected.pt,64b464c55a2c476041a789695a3ed1773d5277990012e57fa50af67b98c13a02,interfair/training/states/runs/confirmation/hmda_md/1000/erm/audit_current.npz,6e0133d3d8f56d5089049bef82165f5e9f3f10d1d3a9d837551741f3158104eb,interfair/training/states/runs/confirmation/hmda_md/1000/erm/DONE.json,2706531ecd135781f640cf429b5ea945d8e5050a7468cf04db25f72687ca142d,interfair/training/states/runs/confirmation/hmda_md/1000/erm/EVALUATION.json,074dac8cbd992ee40df42a9c407eb9f4abf1b0abbeb3ab8101e807036a8f1eb1,20,True,10.871180219925009,cuda,3080,matched primary ERM,confirmation
hmda_md,mlp,1000,erm_source,0.8548055556893938,0.9466014804683167,0.9134196917720547,0.8590833333333333,0.10585173392026657,0.35005520506181,0.13236854984153124,0.10791415454046865,0.16041628620602688,0.08345975923940607,0.13236854984153124,0.9680274050813589,0.5171948752528658,0.8892684650724467,8489,0.8845676458419528,0.38482632541133455,0.7288521788664198,3511,0.2594143552026138,0.8572360981911389,0.04447716356597729,0.08063369585514125,0.058691584096000136,0.08631428573394712,0.043268100641564486,0.24015324070653843,0.7950654131292185,0.04234886984326854,0.09645992734641352,0.06297925684141754,0.07009387769140327,0.0951978688475475,0.016592241327281248,0.02804619270871582,0.07009387769140327,0.03824962324026204,0.4285828284612306,0.2858784240903939,0.33191154722676075,0.19617973324471277,0.29434280268579643,0.1639630907267953,0.15643711314631953,interfair/training/states/runs/confirmation/hmda_md/1000/erm_source/selected.pt,b81e292c5ad84d5e15b27b57ff5d36d2bf60363b8151dc5c58b8232a45764817,interfair/training/states/runs/confirmation/hmda_md/1000/erm_source/audit_current.npz,788af7517f64191b5ebaa0ff6f0be1f83249256f3a556d244257fef42e3e943a,interfair/training/states/runs/confirmation/hmda_md/1000/erm_source/DONE.json,d76f9880e7baa23d5e86ae0aa164bdd634b8aa46da0a51464614b8714e6385b9,interfair/training/states/runs/confirmation/hmda_md/1000/erm_source/EVALUATION.json,ae1b7cc8d06ff03a0a5b146ee77c7df47a3e39bcf6a7977b807624f46a981fcc,17,True,12.839230605983175,cpu,3080,published-pipeline fitting protocol,confirmation
hmda_md,mlp,1000,hifi_shared,0.8542768334367594,0.9458156446381979,0.9135220930827914,0.85925,0.10568595804602694,0.349609513558974,0.1428129403193537,0.11877242553027886,0.17128698962341038,0.09473191074120402,0.1428129403193537,0.9710248358549814,0.5212407282535402,0.8924490517139828,8489,0.8762929251137774,0.37842778793418647,0.7211620620905724,3511,0.26481649971651733,0.850107703489762,0.04356271934501251,0.0845445694217105,0.05689533156666275,0.08555886948102175,0.04342901244912832,0.22093061541070164,0.8016595949798323,0.03938244468753855,0.09817913095846516,0.06519654972469179,0.06743573758081611,0.08247616276615226,0.016178690696964447,0.02574832835410871,0.06743573758081611,0.03642010136616877,0.4387082508977636,0.2867410258176237,0.3392518715574343,0.20526576029260618,0.2867622625710588,0.17056098010885634,0.15303065688327241,interfair/training/states/runs/confirmation/hmda_md/1000/hifi_shared/selected.pt,865f4fd1d966dc46f30ad6958940d2d1bb95b243558045dd5eaa6f702680a321,interfair/training/states/runs/confirmation/hmda_md/1000/hifi_shared/audit_current.npz,0c223b63958cfc054abc4e13e4921f10b638127d489c802e8e1ed1f05cc60adc,interfair/training/states/runs/confirmation/hmda_md/1000/hifi_shared/DONE.json,f5d8cdee512cec5f29597c5fd312d2638252cb210c6f1191ce3962ed5b701751,interfair/training/states/runs/confirmation/hmda_md/1000/hifi_shared/EVALUATION.json,83e64ee9bdf05aec5bd87d563aea709e829a1defc13a43206d9fe8bcbd495246,17,True,31.669674559030682,cpu,3080,published-pipeline fitting protocol,confirmation
hmda_md,mlp,1000,ltdd,0.8499780361388393,0.9440086869968387,0.9181251257292296,0.8643333333333333,0.10637710749329443,0.35759038755985906,0.0506557560949753,0.04322745369344677,0.10053961299423486,0.03579915129191824,0.0506557560949753,0.9778761061946902,0.5387727579231288,0.9011662151018965,8489,0.942076954902772,0.48811700182815354,0.8006266021076617,3511,0.3896998502621987,0.9023440468036846,0.04580825957526534,0.058556062393391256,0.09683604594428813,0.07707980485175006,0.03550814198439324,0.2655188797215526,0.8254421935395138,0.03918124056656161,0.06359776478478885,0.06617303809807265,0.06352218636494812,0.05938202909189948,0.010257716427240746,0.012237068047093225,0.06352218636494812,0.04463666224663246,0.36346534890067606,0.20640178113507424,0.26861621327098095,0.14518328030018926,0.22105536215967714,0.11615855216290613,0.14168574807779633,interfair/training/states/runs/confirmation/hmda_md/1000/ltdd/selected.pt,32ffe563e96fe629a9c9abc713d1e330ad9e30d101ad67dbf1a3003257d59ca8,interfair/training/states/runs/confirmation/hmda_md/1000/ltdd/audit_current.npz,f64f8c4ea770eaeae873e1c4e5494445dd7577e4d3240fc7301cecef259c411f,interfair/training/states/runs/confirmation/hmda_md/1000/ltdd/DONE.json,38e1366758962722e6639f08a789edc97d79670a863bb0724ebec330ff25a16e,interfair/training/states/runs/confirmation/hmda_md/1000/ltdd/EVALUATION.json,9a44d1c52d40c64115939868e57f83a17ad29507fe4615f2443257bdbc24c8db,16,True,14.188594143954106,cpu,3080,published-pipeline fitting protocol,confirmation
hmda_md,mlp,1000,reweighing,0.8511851734074327,0.9444564685063541,0.9146907347916985,0.8605833333333334,0.1062483171370071,0.35210295757901144,0.017556084972854324,0.012348365994411026,0.0800562887707077,0.017556084972854324,0.007140647015967727,0.9563231515843562,0.476062036412677,0.8724231358228296,8489,0.9387670666115019,0.4689213893967093,0.7923668470521219,3511,0.217277517150056,0.8270248379878519,0.030761775171991888,0.05229893412188638,0.04932209769055996,0.07983207359186441,0.029922003876221816,0.21901264330252176,0.7696342684441466,0.030509366260160466,0.05361693783349885,0.05430611971625003,0.063913200190375,0.07356839190638459,0.013405071293831063,0.01578656560826725,0.063913200190375,0.038364593106525846,0.4007260477177537,0.27058423185460484,0.30382838801348694,0.19548204967732918,0.2598759808817472,0.1594231712317427,0.18767947243738964,interfair/training/states/runs/confirmation/hmda_md/1000/reweighing/selected.pt,2a36bba73a325e96f43c54caeb7a53fe16ef55f8737a204046dd5b2d9eabbe90,interfair/training/states/runs/confirmation/hmda_md/1000/reweighing/audit_current.npz,d5062eb844c6be460bfc3498894460b3b4ef61f7b88869f8cd21c79a65f70f74,interfair/training/states/runs/confirmation/hmda_md/1000/reweighing/DONE.json,7966f8a3e520deee6900794aed9c3d2358869ffcb445c5d91bfb1ce16dba97e3,interfair/training/states/runs/confirmation/hmda_md/1000/reweighing/EVALUATION.json,8c76bc1681720678a9978767e4fedc83f87e517b0805d91d1a8c42edfc7f2500,17,True,12.26129568903707,cpu,3080,published-pipeline fitting protocol,confirmation
hmda_md,mlp,1001,cot_phi,0.8475383323633161,0.9416178983737207,0.9156432454197705,0.8603333333333333,0.10658869680884939,0.35765266929304257,0.02967698511219785,0.028506663499120677,0.08778411749297821,0.027336341886043503,0.02967698511219785,0.9723094490436769,0.5360755225893459,0.8961008363764872,8489,0.9449731071576334,0.506398537477148,0.808316718883509,3511,0.39433449610050464,0.9031270501535269,0.0435276925333242,0.05797978968505155,0.06774922983435218,0.0793063396791261,0.03647123293080456,0.28491593504195445,0.8442999919382143,0.037908443645916515,0.06063153482326241,0.05520465890541434,0.0611290639968089,0.1516444019582808,0.01790087283311568,0.02557642979130872,0.0611290639968089,0.026747025554960124,0.452159196516297,0.2871881364813845,0.3215364224991382,0.19989751123465663,0.27479549039517703,0.1622320041782828,0.11857188235184458,interfair/training/states/runs/confirmation/hmda_md/1001/cot_phi/selected.pt,06843d58b9a5e5a98abf8d0aa286e0319a383395229591deddde11e94bc2c4f5,interfair/training/states/runs/confirmation/hmda_md/1001/cot_phi/audit_current.npz,578ade7ac8c69dc186ae18471bf1b91d847dbd437cb74c073ad866a043435e30,interfair/training/states/runs/confirmation/hmda_md/1001/cot_phi/DONE.json,7944ca9daf9157649004371fa761256db830dee627edaf1be0ad47e0bf75edcc,interfair/training/states/runs/confirmation/hmda_md/1001/cot_phi/EVALUATION.json,bb8a78549e76445596cc00e5970cf74335c05228a0a702e8d9d9a9cfb6d13229,22,True,13.224263880052604,cpu,3080,published-pipeline fitting protocol,confirmation
hmda_md,mlp,1001,dralign,0.8344667155155129,0.9362908214750002,0.9055414966689046,0.8475833333333334,0.11513381981652367,0.37830376571459523,0.08900136957424848,0.062102979929617524,0.017022045283257126,0.03520459028498657,0.08900136957424848,0.9213531258920925,0.41739716790289955,0.8333137000824596,8489,0.9565577161770791,0.506398537477148,0.8162916547992025,3511,0.292186612458178,0.8650830028522661,0.04779272344757162,0.08343606608931006,0.06714309323568561,0.09813726529494406,0.03648449261512124,0.29947511516946324,0.814283966824824,0.048744328681727705,0.09126212208896795,0.07183795630224353,0.08226117587495223,0.14114556828600813,0.020946686762484613,0.035474520047108604,0.08226117587495223,0.04189158031437046,0.44238299109587453,0.2961225871397525,0.3518061019784543,0.2246269702069671,0.30701219312792355,0.19441512165276037,0.1350417855630009,interfair/training/states/runs/confirmation/hmda_md/1001/dralign/selected.pt,a51a51e53f16d34b641d94a7c36bf7af7869c5267c760115b1b0ddf2386187e8,interfair/training/states/runs/confirmation/hmda_md/1001/dralign/audit_current.npz,5ceef6237033eff156f4e9ac18a7e2c3e355d34a831cf2e5db2badd954d2a431,interfair/training/states/runs/confirmation/hmda_md/1001/dralign/DONE.json,354d15a032f0d9eb959cb91ffc76246b79ddf8dfe341401aba4fcfe1c874b6e9,interfair/training/states/runs/confirmation/hmda_md/1001/dralign/EVALUATION.json,87f8d6fc9f697d5fb3be1d250ed840fcf555fadb66e0bce69d91af7d34dff6a5,8,True,10.767706891987473,cpu,220,published-pipeline fitting protocol,confirmation
hmda_md,mlp,1001,soft,0.8485779455160346,0.9432676403754232,0.9160192012668877,0.8585833333333334,0.10821873423697043,0.3568937307069412,0.0157279145365945,0.010620711305353525,0.05323370042871167,0.00551350807411255,0.0157279145365945,0.9835854981444476,0.5866486850977748,0.9142419601837672,8489,0.9780719900703351,0.6023765996343693,0.8610082597550556,3511,0.006700130201469019,0.0002064448265152611,0.0008125542285049992,0.0016182396192965084,0.0,0.0417557331163833,0.007681019022183522,0.006275323373350467,0.0,0.0007188736092621544,0.0011559194179918365,0.0,0.03631289553949975,5.4069727474957966e-05,9.188074013286986e-05,0.00016479894528675015,0.03631289553949975,0.036129687375531655,0.016947304798721384,0.015444010335132628,0.007300102954245084,0.0064761082278113336,0.0038393251032233303,0.0028313011610894495,0.9926998970457549,interfair/training/states/runs/confirmation/hmda_md/1001/equality_direction/selected.pt,227a9acada09e30e0c6a1a186f738ea98059c0c4bc7976dcc73cdcc6c933d9d5,interfair/training/states/runs/confirmation/hmda_md/1001/equality_direction/audit_current.npz,6d7b1affa17f825912f4b0f2923ac6492da6a160f371344946e67917bd6988a3,interfair/training/states/runs/confirmation/hmda_md/1001/equality_direction/DONE.json,e82e417313b94fd9d943ac0a300ed3e6592de1357a578e1fa55405fc21f53a12,interfair/training/states/runs/confirmation/hmda_md/1001/equality_direction/EVALUATION.json,17a4b10b193504253ffa9c8e3762407e5ad1ca85b020c9bbaea704fa3977b2bc,20,True,381.6017950020032,cuda,3080,current full IS,confirmation
hmda_md,mlp,1001,erm,0.8543011713798472,0.9459792269472125,0.91415360904187,0.86075,0.1066912873736759,0.35314672919433115,0.09860811315567908,0.08132365890227305,0.13975772221722493,0.06403920464886703,0.09860811315567908,0.9606051955466742,0.4861766689143628,0.877724113558723,8489,0.8965659908978072,0.3875685557586837,0.7379663913414981,3511,0.21128281970267893,0.8286236502755867,0.041933918075158276,0.08509161965444748,0.058823276457188975,0.09569390631693492,0.042528554288133284,0.19712493264651554,0.7637232596783741,0.03576248734264962,0.08552512462049297,0.054390953970937336,0.07753812028862023,0.08051537446474123,0.017915097752585436,0.0334016368735888,0.07753812028862023,0.04271580071556983,0.3984007373263344,0.27527991819577513,0.32036787202113537,0.20907374031283832,0.28226772188301336,0.1806974097632435,0.17552474166592386,interfair/training/states/runs/confirmation/hmda_md/1001/erm/selected.pt,5bd198e4f7c6e2245139029dddfeb0e4010672a24f2d485dab7a645b5dd720f4,interfair/training/states/runs/confirmation/hmda_md/1001/erm/audit_current.npz,b58bdd8b060f1e523676077f1ca0fa424339707906d9dba9f21afa21bc352074,interfair/training/states/runs/confirmation/hmda_md/1001/erm/DONE.json,e13bcddc8d0d888a70688767da8a4fed25f1beb39fd5add21cef6b144a31a6b6,interfair/training/states/runs/confirmation/hmda_md/1001/erm/EVALUATION.json,17b8deefe525565bc93b551d74cf6e3cb692a66647061f68b1a7fcf3ecb0813a,15,True,11.348204987938516,cuda,3080,matched primary ERM,confirmation
hmda_md,mlp,1001,erm_source,0.8558745720423911,0.9468787699226084,0.9169246384166455,0.8635833333333334,0.10460046421921035,0.34745401618509686,0.1092916552124566,0.081974521930651,0.13219654406246706,0.054657388648845395,0.1092916552124566,0.9727376534399087,0.5306810519217802,0.8955118388502769,8489,0.9180802647910633,0.42138939670932357,0.7633152947878098,3511,0.24262834788583018,0.8470867658617676,0.04445444350657614,0.07853295923608263,0.057792976672649085,0.09032895364084739,0.04412565635103678,0.21691962406012377,0.7821155794067891,0.037463242060033354,0.07936506235404064,0.05607566108157983,0.07474155103751821,0.09949647029390554,0.016006516727035954,0.03144680648754356,0.07474155103751821,0.04383077931319474,0.3650452207735206,0.23356383667763045,0.2817555463341333,0.16931090616362673,0.24272562418961288,0.14573383215560984,0.17788255680232773,interfair/training/states/runs/confirmation/hmda_md/1001/erm_source/selected.pt,636459c7b5d81e2063efc65f96a987012f2627948e7a6eb665e0ae5fee8e1c19,interfair/training/states/runs/confirmation/hmda_md/1001/erm_source/audit_current.npz,39976f83cc56fedfb300c4b8ca3663fc849c3dde5f45b153cd9b813fdaf4b024,interfair/training/states/runs/confirmation/hmda_md/1001/erm_source/DONE.json,f9b7024368815494ecf74550399276fe346c85777a8ab9f46461799bff7454ed,interfair/training/states/runs/confirmation/hmda_md/1001/erm_source/EVALUATION.json,282a0f6897d754e160970fec876f7cdeaf11e20e9d8c9ef1b4ab59be8da28dab,18,True,12.85999858903233,cpu,3080,published-pipeline fitting protocol,confirmation
hmda_md,mlp,1001,hifi_shared,0.8551802405881859,0.9461478730202134,0.9140122472083569,0.86075,0.10664019952708126,0.3532300268122562,0.11323334167487464,0.09027674894768295,0.1464562228217735,0.06732015622049126,0.11323334167487464,0.9597487867542107,0.4861766689143628,0.8770173165272706,8489,0.8924286305337195,0.37294332723948814,0.730561093705497,3511,0.21979347829677298,0.8331738890908061,0.043498436594034365,0.09148584079823953,0.061810978633209585,0.09483472125821711,0.04270691745268578,0.20811972199428322,0.7715329244374658,0.03773049871238509,0.0845156338875001,0.06365844174662227,0.07514756099695104,0.07753703924919492,0.017686486535040534,0.032694931170734624,0.07514756099695104,0.04104702625116417,0.39661078845633746,0.26761330515247445,0.31560164193230245,0.20187108831175016,0.269788482570019,0.1784515280670747,0.1746800409019427,interfair/training/states/runs/confirmation/hmda_md/1001/hifi_shared/selected.pt,d138456595892ae4dded65f8948aad2b5bcb5cf20eadbec6ba88114945e3c57f,interfair/training/states/runs/confirmation/hmda_md/1001/hifi_shared/audit_current.npz,f7aa852b68b2731792d70be736c2e96d172d891471569a5d99f5a01bfc2c1b6c,interfair/training/states/runs/confirmation/hmda_md/1001/hifi_shared/DONE.json,ca39203edac86b5ed7d356a2d03ab659f98235f843f3a22d2cbad00dc680b471,interfair/training/states/runs/confirmation/hmda_md/1001/hifi_shared/EVALUATION.json,f63cd08c1ada6d0cb527d84fab732b04d1dc5406cbbf27afbbf04ea23783401b,15,True,35.80930429697037,cpu,3080,published-pipeline fitting protocol,confirmation
hmda_md,mlp,1001,ltdd,0.8493345425708305,0.9440652637085858,0.9138236037402072,0.8579166666666667,0.10637027808010097,0.35214008685243514,0.06706414316550402,0.055167791116726705,0.10941101287477129,0.04327143906794939,0.06706414316550402,0.9704538966600057,0.5414699932569117,0.8955118388502769,8489,0.9271824575920563,0.4744058500914077,0.7861008259755056,3511,0.31693617835764254,0.8895301859842112,0.044799840389699204,0.06389157298160794,0.08864483358572318,0.08389442775543689,0.03924686244789944,0.2567674606259228,0.8288976282260149,0.040914566934547904,0.07876193371564148,0.08163322590734115,0.07093620759894903,0.09340681357633632,0.016946744201657316,0.023292268419551187,0.07093620759894903,0.03885963948242454,0.45623945978709535,0.2843460256898966,0.35663867827189755,0.2131049307303683,0.30989568178367555,0.18086199425593696,0.12872853691399982,interfair/training/states/runs/confirmation/hmda_md/1001/ltdd/selected.pt,9a1b0c68b30bcd0f6f797185c3e6099be33594694e7bb1e4241890d824f15825,interfair/training/states/runs/confirmation/hmda_md/1001/ltdd/audit_current.npz,427b94d4c5f2b3a65a9bcebf8ee835510c4891a3a66dacf4df64d0ce612cc210,interfair/training/states/runs/confirmation/hmda_md/1001/ltdd/DONE.json,8b3599f108ebbb0f8580f6e049afcef3df81aeb8a227ba7aa4735ca40e75978c,interfair/training/states/runs/confirmation/hmda_md/1001/ltdd/EVALUATION.json,3828f04072725a073c5047f50f33b19422894e2498a7cc9a770db0980085640e,17,True,12.90118916798383,cpu,3080,published-pipeline fitting protocol,confirmation
hmda_md,mlp,1001,reweighing,0.8466647196312197,0.9426692262655868,0.9167335473515249,0.8616666666666667,0.10660252270429385,0.3553174771502546,0.017914795469926692,0.012267699407942756,0.05996142443658303,0.00662060334595882,0.017914795469926692,0.9714530402512133,0.5259608900876601,0.8936270467664036,8489,0.9648324369052544,0.5438756855575868,0.8336656223298206,3511,0.2592365637377359,0.8543601332144036,0.03320658914106479,0.04752920182850762,0.05300484894661091,0.07918376279015563,0.02745161125061072,0.2547736468708481,0.8171873725736829,0.031655973388377716,0.0471116991315997,0.059537000198790366,0.0621143417176012,0.17047466028803024,0.019448561420604003,0.023097741301246474,0.0621143417176012,0.024489551125697912,0.5140961406345586,0.34767926394717236,0.3767536900460343,0.23707103203647542,0.3151127852041697,0.19427874679126408,0.13009367208868616,interfair/training/states/runs/confirmation/hmda_md/1001/reweighing/selected.pt,d48e20faeb069e3e7fc76f348c4bd689d0248c6f344bfe3511d4e78a697d05bb,interfair/training/states/runs/confirmation/hmda_md/1001/reweighing/audit_current.npz,3ba40db538e8ab421ac167db4d2e98d50b3eecfccf5df85e070bf1ba3acb522c,interfair/training/states/runs/confirmation/hmda_md/1001/reweighing/DONE.json,819dfb24442c0bd4c5a8d604f84cbbd4f159df281d71bac31a4702d555583f73,interfair/training/states/runs/confirmation/hmda_md/1001/reweighing/EVALUATION.json,83cb9f683c8621346518bc0d51296f16bb44d94bc5a7792edf171e4b71fb7161,22,True,12.672936771064997,cpu,3080,published-pipeline fitting protocol,confirmation
hmda_md,mlp,1002,cot_phi,0.8492180828363926,0.9426080247332193,0.9175576387129465,0.8644166666666667,0.10558823573541067,0.3522703049416927,0.033027367877005,0.02687948723509606,0.09385819013054875,0.033027367877005,0.020731606593187124,0.9693120182700542,0.49696561024949426,0.886794675462363,8489,0.9362846503930492,0.47623400365630714,0.7929364853318143,3511,0.23739004993282883,0.821662581648494,0.03316061662116491,0.05334182016253707,0.03784291581614962,0.07334591902495616,0.028239769320775748,0.16642079486511782,0.7356942703286014,0.03163046506486071,0.06326172366431734,0.031395609848943955,0.06200073487718323,0.06113664891324337,0.011656878009550859,0.017501299741392792,0.06200073487718323,0.03927037130043545,0.3357286762679047,0.2309137489444669,0.24011097892285216,0.16380236330273423,0.2029303726761631,0.13249912927209184,0.21168467439288463,interfair/training/states/runs/confirmation/hmda_md/1002/cot_phi/selected.pt,eb04cd27ed8d3920d30ad4ffd48077afafbc33071a5154ffab61d013e242df6f,interfair/training/states/runs/confirmation/hmda_md/1002/cot_phi/audit_current.npz,c115c3befe82c24a1041248a13e0a1f99e7c6da1a445d823929081d23da59ccf,interfair/training/states/runs/confirmation/hmda_md/1002/cot_phi/DONE.json,f6d65e53bbc03f6d12a1cc9384338edfef4fedcd1572d4770ac24faf55d6d268,interfair/training/states/runs/confirmation/hmda_md/1002/cot_phi/EVALUATION.json,dfd0e97acda4a97cbe9366fbf0b57f89c55ecf145a9c27dcb8d28fda3c3c2f8a,13,True,13.618996938923374,cpu,3080,published-pipeline fitting protocol,confirmation
hmda_md,mlp,1002,dralign,0.8435180624394666,0.9406539456593102,0.9135453949689973,0.8570833333333333,0.1094004393248735,0.36084332999542373,0.013313593055235384,0.009758281382906353,0.06762496838185461,0.006202969710577322,0.013313593055235384,0.9631744219240651,0.5306810519217802,0.8876192719990577,8489,0.9569714522134878,0.5173674588665448,0.819994303617203,3511,0.2621231730738101,0.8428234940104827,0.038275489040425645,0.062086151235242935,0.05618001962578962,0.09048810746725691,0.03526778738556973,0.2703583370162059,0.8257265823790423,0.0383090423345508,0.06239174173924405,0.06670956352671695,0.07924675852501109,0.16843135995359346,0.023672698239707614,0.03791722259315869,0.07924675852501109,0.03335642311031223,0.43598017946958645,0.2869830111177528,0.35682986581041465,0.22514249696839747,0.3119390569607801,0.19724059801268165,0.12892793553911003,interfair/training/states/runs/confirmation/hmda_md/1002/dralign/selected.pt,1c2dc2eec03100935a52234f2735e0945988279743cb144d3aa23eb47b62a280,interfair/training/states/runs/confirmation/hmda_md/1002/dralign/audit_current.npz,4c7efe405ef479e0392c6b073f5ff8183e094c0c7484d41d7db47c16469462fb,interfair/training/states/runs/confirmation/hmda_md/1002/dralign/DONE.json,2006edfcbb7ca4ec6ecec3c72a819f0650c3915e1a38546fa48ee1d8e2c46b9f,interfair/training/states/runs/confirmation/hmda_md/1002/dralign/EVALUATION.json,d23fab3f83ffb2d5b82f3b1f0e369f51c7241e12430acb0e45aad8c896657fad,16,True,11.105620793998241,cpu,220,published-pipeline fitting protocol,confirmation
hmda_md,mlp,1002,soft,0.8498551933567215,0.9433351093422895,0.9151017987744614,0.8568333333333333,0.10718492747157901,0.3537739075886402,0.038579834097837606,0.021219199013157497,0.04497394537317201,0.0038585639284773876,0.038579834097837606,0.9835854981444476,0.5866486850977748,0.9142419601837672,8489,0.9797269342159702,0.6252285191956124,0.8692680148105952,3511,0.0067661012300083345,0.0005648557050426209,0.0011930995153528027,0.0013735265626283765,0.0,0.04360337640089869,0.007524219438389449,0.0053818857545606434,0.0,0.0009079816641896113,0.0011480516539744033,0.0,0.04101512423849075,4.332707547034174e-05,9.542509812597122e-05,0.0001656726308813784,0.04101512423849075,0.04082492484270618,0.016471830302006166,0.015316784569608957,0.006627498446047802,0.006133101610187552,0.003493991684614963,0.0031643937940414625,0.9933725015539522,interfair/training/states/runs/confirmation/hmda_md/1002/equality_direction/selected.pt,42487a82df3bf9ec37de2c4e443fa7af585cf86f4ec9590f5a90b9c72e3d14c0,interfair/training/states/runs/confirmation/hmda_md/1002/equality_direction/audit_current.npz,01bd8962d9d8e90d23c522c3b477dea0e500e03e032add79426d830712aa4821,interfair/training/states/runs/confirmation/hmda_md/1002/equality_direction/DONE.json,21071bdbddcdd02eb5fdb82aef7bef6272e49cfb08dcd1ddb171fff5689bc6e1,interfair/training/states/runs/confirmation/hmda_md/1002/equality_direction/EVALUATION.json,b057b47b330c4a95a1040ce6dad1f15306a69665c32ee97338e83cbf768f9967,25,True,381.5156121329637,cuda,3080,current full IS,confirmation
hmda_md,mlp,1002,erm,0.8576481739068341,0.9474138512322368,0.9162170416369745,0.8628333333333333,0.10434279203604362,0.3467682208651913,0.09084554876041817,0.07449850838963018,0.13088303428442027,0.05815146801884219,0.09084554876041817,0.9700256922637739,0.5131490222521915,0.8902108611143833,8489,0.9118742242449317,0.42230347349177333,0.759327826829963,3511,0.2532246855602192,0.8413692265489281,0.046450604183113205,0.08256796157374484,0.050873316928698925,0.08985224117007963,0.04028179136525948,0.2325195829284337,0.7763099282308239,0.04393267757757892,0.09368632148470171,0.04570035355154124,0.08008297833495416,0.12186715426574524,0.018391995860358064,0.028939415794025473,0.08008297833495416,0.0442388802074466,0.40491656525573905,0.28350030652863123,0.3144497884018214,0.209916236959256,0.2727207326844489,0.1816427802360956,0.16628005871731588,interfair/training/states/runs/confirmation/hmda_md/1002/erm/selected.pt,727d8636a3b9b6c3d3ebfc57f9ae651b289cf835a25acdab3c30e2e94842adc0,interfair/training/states/runs/confirmation/hmda_md/1002/erm/audit_current.npz,8afd21fb61fb5dd206c5c1cb8faaf53cdd8780c9d2a541d52c988a010ee935de,interfair/training/states/runs/confirmation/hmda_md/1002/erm/DONE.json,e3ecc836e54dda40f7d3e5b64adf8d28a271e5b8508ac992704978dcd90828bd,interfair/training/states/runs/confirmation/hmda_md/1002/erm/EVALUATION.json,15c6c443e2c5607d7c8d91c6af54e96563013635a78e272d8e3f4542a8684820,20,True,11.225237517035566,cuda,3080,matched primary ERM,confirmation
hmda_md,mlp,1002,erm_source,0.8577345715457488,0.9476844081924481,0.917521086923582,0.8639166666666667,0.10460768559511968,0.34849668717775195,0.10786784039960506,0.07891667332434821,0.12676233310660312,0.04996550624909135,0.10786784039960506,0.9767342278047388,0.5475387727579232,0.901755212628107,8489,0.9267687215556475,0.4396709323583181,0.7749928795215039,3511,0.24126497974096772,0.8361813345547617,0.03893742853027883,0.05986123564837943,0.048873157439542785,0.07476374178451284,0.0385732054702467,0.22738904057411605,0.7986790958853298,0.03734271702392175,0.06834908762216514,0.04529278125881401,0.06306394896496445,0.10781969635015175,0.015261916656884963,0.020779483328497834,0.06306394896496445,0.033532334941674444,0.38910522582705903,0.2607734595321101,0.30001016291870247,0.18673016265336154,0.2599054993972,0.157476231261459,0.15924822164005634,interfair/training/states/runs/confirmation/hmda_md/1002/erm_source/selected.pt,1bcae94c78874d7fc883edaf6cb353f03ddfb76c11153023d4110ce3fdf5fb11,interfair/training/states/runs/confirmation/hmda_md/1002/erm_source/audit_current.npz,1de870e6e9f130e3eb8a4914c2ef5a3886b55c63654ccbac8de51bba8807e007,interfair/training/states/runs/confirmation/hmda_md/1002/erm_source/DONE.json,a9810ec56be6cb643c264d5916da693c9f8be4b87efe12957798b29b6250265c,interfair/training/states/runs/confirmation/hmda_md/1002/erm_source/EVALUATION.json,f9a5eeca5ba7d6ca3a0e5d3cd0d1d671d9775bb851da1c389a48b16960e2d71e,21,True,12.953609748044983,cpu,3080,published-pipeline fitting protocol,confirmation
hmda_md,mlp,1002,hifi_shared,0.8582396147505394,0.9478980065099383,0.9175652173913044,0.86175,0.10553194812057526,0.35029204732844454,0.06453086226471616,0.04235563574567436,0.08705695466839514,0.020180409226632556,0.06453086226471616,0.985012846131887,0.5974376264329063,0.9173047473200613,8489,0.9648324369052544,0.5329067641681902,0.8302477926516661,3511,0.1942707836248355,0.8018098083227817,0.031472408618181374,0.04171944336489429,0.03881636535407234,0.06540112241608007,0.030454748880322045,0.18496853276101471,0.7389564156153793,0.028300665841250884,0.0464589134054144,0.03726546446820781,0.0528785558850512,0.08504036407535531,0.013053157060647557,0.015816013200954965,0.0528785558850512,0.027488721585171585,0.3991724853988365,0.27281858099260403,0.2884030471839075,0.1871712747690286,0.23685049682726478,0.1535541784390205,0.21227637820337067,interfair/training/states/runs/confirmation/hmda_md/1002/hifi_shared/selected.pt,51f724bf28f825b17b831a350ee3b23ae3f6fe34e4b9d1c777e4805ffaac10cd,interfair/training/states/runs/confirmation/hmda_md/1002/hifi_shared/audit_current.npz,dc89dbdbd01db8b27208c99311af175c598e6c9b9ac3812598029302bd1bbdbe,interfair/training/states/runs/confirmation/hmda_md/1002/hifi_shared/DONE.json,111a3268b5a2e5b5fffde898ddb48159b8a305cb5bce2ebf4dada2f89c7cdc57,interfair/training/states/runs/confirmation/hmda_md/1002/hifi_shared/EVALUATION.json,3f4b683810e8186fa286e915d2ac9b19ff645b2e50bb40f8bede274054cf6a90,18,True,30.762469736044295,cpu,3080,published-pipeline fitting protocol,confirmation
hmda_md,mlp,1002,ltdd,0.8533519504184625,0.9459746764322345,0.9174477469801012,0.86275,0.10600598842409543,0.3522352350069236,0.06535556539008214,0.049229586332587505,0.10037980694368875,0.03310360727509287,0.06535556539008214,0.9797316585783614,0.5616992582602832,0.9067027918482743,8489,0.9466280513032685,0.4963436928702011,0.8063229849045855,3511,0.2982292586921212,0.8671172257163271,0.03640812290285052,0.05417386516588723,0.07451739873204798,0.07137782350696209,0.035096296975242476,0.22645563669925908,0.8033036416244106,0.033548033555197386,0.06093491755233129,0.0446369160977983,0.06577402129215071,0.08552098378612875,0.015581114941623939,0.02313885024979521,0.06577402129215071,0.035488872014827234,0.41973509006361986,0.2823012890665854,0.3219220511678546,0.20877049187779506,0.2730264979190358,0.17101942008330356,0.14962820213797298,interfair/training/states/runs/confirmation/hmda_md/1002/ltdd/selected.pt,10e28e834409598d63ed20c01e36919bdc77310f7f1ea360fd3eac84341f3bb4,interfair/training/states/runs/confirmation/hmda_md/1002/ltdd/audit_current.npz,385a64bc36cab8a9029ce5d9b1cf750ab1664649904970f6ed555b99be0aa273,interfair/training/states/runs/confirmation/hmda_md/1002/ltdd/DONE.json,e64d8cd6f9b839f8d8a90d7f91cc208067b94b0c971dfcba69a078c2bdd30705,interfair/training/states/runs/confirmation/hmda_md/1002/ltdd/EVALUATION.json,76b2e6f2a643cfdb5dfecde6b2005e731c567787dfdb31fe9e3b2b0c888562c3,11,True,13.14122294203844,cpu,3080,published-pipeline fitting protocol,confirmation
hmda_md,mlp,1002,reweighing,0.8520176257772338,0.9443857526139287,0.9176813927744792,0.8636666666666667,0.10525612787507677,0.3502290369240235,0.04691007530809255,0.026800535826840055,0.05467094833701558,0.006690996345587563,0.04691007530809255,0.9694547530687981,0.49696561024949426,0.8869124749676052,8489,0.9627637567232106,0.5438756855575868,0.8322415266305896,3511,0.1843341916793622,0.7929400168004164,0.026261885839272338,0.04281942704209433,0.036567978278825145,0.06988772854242192,0.0249958047324999,0.206155448600865,0.7501567659918292,0.02911963888486755,0.05218209316461781,0.03558149366499393,0.06606675579980485,0.07225648423912842,0.011682730331147714,0.015503019930345184,0.06606675579980485,0.04343662514483594,0.3217862397484795,0.22302996757116358,0.24431160342406527,0.1681470610219362,0.2109213971176328,0.14114477570702447,0.21008456926916685,interfair/training/states/runs/confirmation/hmda_md/1002/reweighing/selected.pt,1825df855d042902ae66dab9117ec515e50695051a0d73e40c5d8912ca4bfdb6,interfair/training/states/runs/confirmation/hmda_md/1002/reweighing/audit_current.npz,c2dc32b36bbb35d650554f4dc512cad5489a63935c6086346644285b6ea60fcb,interfair/training/states/runs/confirmation/hmda_md/1002/reweighing/DONE.json,8c3b607409920e18c574144e4fca76c63983474946a1d6aef1883315c9c513b0,interfair/training/states/runs/confirmation/hmda_md/1002/reweighing/EVALUATION.json,f059b12cb3632080edfb36eff49485abac65cce097d05eb452d2111404799f79,13,True,12.370515741989948,cpu,3080,published-pipeline fitting protocol,confirmation
hmda_md,mlp,1003,cot_phi,0.8479742945198325,0.9427316778118078,0.9166708777603719,0.8625833333333334,0.10627052867151457,0.3534083267410369,0.023625237118701237,0.01672385510861521,0.08250414302973674,0.023625237118701237,0.009822473098529183,0.9685983442763346,0.50708024275118,0.8879726705147838,8489,0.9449731071576334,0.49725776965265084,0.805468527485047,3511,0.3227051873449899,0.8750348799959918,0.041104625466663304,0.05587077334230646,0.05405095104408209,0.07633899635452883,0.03658254379739914,0.2072618887362495,0.7887931151512904,0.03470676688213643,0.06267786172907294,0.04815968940435387,0.06190248428943088,0.08691541922927873,0.013479797026273716,0.01880249817212448,0.06190248428943088,0.03578011727934147,0.3942097624129598,0.25773512274843957,0.295684150861961,0.18183552773171652,0.24759089217154198,0.14638029234031263,0.162645877453761,interfair/training/states/runs/confirmation/hmda_md/1003/cot_phi/selected.pt,75d36b9da5566c494512bc54a90bf90977a142fe7598d6766201df23dc43e8b1,interfair/training/states/runs/confirmation/hmda_md/1003/cot_phi/audit_current.npz,3cff55be7c95acf4e1533ecefa8c163e0aba4dd7dccff38db1a2c16ed6b67fc6,interfair/training/states/runs/confirmation/hmda_md/1003/cot_phi/DONE.json,18931da9d5d6a447520ca896e7b27c4a934a92ae1b43cb0be205725692b185f2,interfair/training/states/runs/confirmation/hmda_md/1003/cot_phi/EVALUATION.json,e4c2056ae029d49fe9905a0d61eb7dd682df4dfec25656fe22c4054e5e3743e1,18,True,12.826829571975395,cpu,3080,published-pipeline fitting protocol,confirmation
hmda_md,mlp,1003,dralign,0.8400741405401317,0.9392006296847855,0.913608988309125,0.85775,0.10983788185671017,0.3645835658140971,0.10621966688897078,0.0641920951054224,0.018577361109233137,0.02216452332187402,0.10621966688897078,0.9521838424207821,0.46325016857720835,0.8667687595712098,8489,0.9743483657426562,0.5694698354661791,0.8481913984619767,3511,0.27721663243750927,0.8462709978447815,0.04205325105795246,0.06772997673475795,0.04321150992709396,0.07982937295397548,0.03061562769950345,0.29969710361666546,0.820909231563841,0.046607322916357864,0.0842339034567839,0.052249408298396194,0.07394885869958094,0.09621526511202896,0.012775561161520127,0.017801463820275913,0.07394885869958094,0.04943668787667575,0.3822779426198618,0.23888048848833188,0.28235521503676253,0.17496019947384756,0.2356662094687477,0.14535641069359093,0.13737798686126607,interfair/training/states/runs/confirmation/hmda_md/1003/dralign/selected.pt,611c6b3b4817f6ce3babf7e80fb0bb2a6b466a15894226ddfecfcb2c67f95803,interfair/training/states/runs/confirmation/hmda_md/1003/dralign/audit_current.npz,084ec0811de1331c195d51f35d58914c7e85fbdd0c2f3e4c3ef34fda1c4e9669,interfair/training/states/runs/confirmation/hmda_md/1003/dralign/DONE.json,757e44f2afd0ed08612e0215a5cf4b367ea9059a1bcff16689fe366ba4260756,interfair/training/states/runs/confirmation/hmda_md/1003/dralign/EVALUATION.json,e3b2516850fd59010acad71518725014b6bbc11b4b4209654d50d6b413aaf1d6,15,True,10.803726662998088,cpu,220,published-pipeline fitting protocol,confirmation
hmda_md,mlp,1003,soft,0.8443085308279171,0.9413912492160214,0.9151716940813994,0.85775,0.10968164818555252,0.3610629302301044,0.024793485215131694,0.015416289302632225,0.052598770825407426,0.006039093390132755,0.024793485215131694,0.9787325149871539,0.5684423465947404,0.9070561903640004,8489,0.9726934215970211,0.593235831809872,0.854457419538593,3511,0.008091970963830008,0.0007007056902193827,0.0013416034954182971,0.0021161557907484812,0.0,0.04555091738122471,0.007196153578349714,0.007627608827678481,0.0004970178926441351,0.0011506233566316592,0.002725502834740275,0.0,0.0457396932578451,1.736744884041355e-05,3.84979544032117e-05,0.0,0.0457396932578451,0.045662923986485304,0.006164866922056584,0.0053216419252094535,0.0024912144497146317,0.0023264155044278815,0.0014928056427874412,0.0011632077522139407,0.9970117676576413,interfair/training/states/runs/confirmation/hmda_md/1003/equality_direction/selected.pt,e371d33356bcb31672b2f15a95b681fbe15217d66f11cc7eca11aadd0dd281a0,interfair/training/states/runs/confirmation/hmda_md/1003/equality_direction/audit_current.npz,567cd51e44bf50fab222fd5df3ed51ce94bdc3f453913465ea37046b69211e7b,interfair/training/states/runs/confirmation/hmda_md/1003/equality_direction/DONE.json,fab19bd4d4c47fcce6dda09e588226531a5238ce7828ae09265bdb0d3210f6a1,interfair/training/states/runs/confirmation/hmda_md/1003/equality_direction/EVALUATION.json,5966e129e22b4b07abe64d06c7b453a522ecde8f593c113009686ffb439bc5db,10,True,382.6209054789506,cuda,3080,current full IS,confirmation
hmda_md,mlp,1003,erm,0.8566571748688623,0.9468958202131896,0.9175394001016777,0.8648333333333333,0.10446698084486461,0.3485637160908571,0.1067294049193726,0.08081442904311839,0.13290498512005366,0.054899453166864176,0.1067294049193726,0.9717385098487011,0.5198921105866486,0.892802450229709,8489,0.916839056681837,0.41316270566727603,0.7598974651096554,3511,0.27263220106159647,0.8515160395606861,0.047040341570143585,0.07372408736971879,0.056681974668481246,0.087495602316491,0.04124372054239112,0.2569286864376803,0.7995209129647467,0.046514880457438956,0.08469935517193188,0.05458227152085956,0.08026313806875059,0.09708023449845189,0.01426325875624468,0.01712885012474707,0.08026313806875059,0.05290837681148835,0.3975651049887355,0.261460983150817,0.30383616973788125,0.19027911080739976,0.2577975944082683,0.15459630042353448,0.15305651931134923,interfair/training/states/runs/confirmation/hmda_md/1003/erm/selected.pt,4cb628a05dc3302be09936744dbfff35293be8cbdb54b28e3d2b5090b0f7b406,interfair/training/states/runs/confirmation/hmda_md/1003/erm/audit_current.npz,20e1cb6dd0042609b13373991539162d81ef803e2904e08779e61277b25e8815,interfair/training/states/runs/confirmation/hmda_md/1003/erm/DONE.json,d6527d7719b5d35464c5e558d92ee68873d46921f7918430e81397dd8e1032ca,interfair/training/states/runs/confirmation/hmda_md/1003/erm/EVALUATION.json,723ca55223eb696b1097e29aceb59c13a50346269ea61b7dd4e13946dc5fb6bd,20,True,11.145335651002824,cuda,3080,matched primary ERM,confirmation
hmda_md,mlp,1003,erm_source,0.8573844716757613,0.9469640361157626,0.9182816374032282,0.8654166666666666,0.10339353179393239,0.3442786536428177,0.09760342997604787,0.07397686777095097,0.12574250007859444,0.05035030556585407,0.09760342997604787,0.9758778190122752,0.5327039784221174,0.8984568264813287,8489,0.9255275134464211,0.4351005484460695,0.7727143264027343,3511,0.23575852484917512,0.8293423798151695,0.040453054736721866,0.06776826044892212,0.048230464781499206,0.0820238792216,0.03711133078072993,0.21599101353245231,0.7615801536989071,0.03794489702964871,0.07201675686878836,0.04306750588510035,0.07190724257870716,0.08491634687582907,0.014504948897251027,0.019478004317435897,0.07190724257870716,0.04377884206627071,0.3788362888085511,0.25483704782449296,0.29548804212638646,0.19624714667296767,0.25533499499758217,0.1643643134904353,0.1813314259976228,interfair/training/states/runs/confirmation/hmda_md/1003/erm_source/selected.pt,7e2fa29f051c026ef6cf38a7b0adcd90348f9117dc38a2da5d60fde7fef5748c,interfair/training/states/runs/confirmation/hmda_md/1003/erm_source/audit_current.npz,af5f686fb5c8da9dfe5709b613267cec1853f5e4e21246abfe04785438463045,interfair/training/states/runs/confirmation/hmda_md/1003/erm_source/DONE.json,17cbe52ca70c0ed816600a3a01f6c166a73a3a1cf5ed3c73e09fb7f0d4f598ec,interfair/training/states/runs/confirmation/hmda_md/1003/erm_source/EVALUATION.json,e82c6ec1a36753d0fa461fc3ecfb08fc15495f13097e30aaa3d4b3d240f0166b,18,True,12.703594445018098,cpu,3080,published-pipeline fitting protocol,confirmation
hmda_md,mlp,1003,hifi_shared,0.8564036443331241,0.94661659862959,0.9175090982612212,0.864,0.10380110536708043,0.34578338302331013,0.097708212884353,0.07584140652930557,0.1274110523985016,0.05397460017425815,0.097708212884353,0.9770196974022267,0.5401213755900203,0.9006950170809283,8489,0.9230450972279686,0.4424131627056673,0.7732839646824267,3511,0.2624646206136156,0.8529478971708068,0.04277059286170261,0.06690423664256598,0.06248531547121994,0.07910471446079606,0.03955905621407618,0.22087625176827655,0.7705418268275612,0.03885383581279793,0.07068379323171593,0.05007851301105896,0.07060995335783889,0.07999549678700878,0.01351705227654244,0.020813579929488943,0.07060995335783889,0.0446524130329688,0.3829125245839164,0.24968284080715564,0.2914373193993094,0.17891187862121088,0.24633581637489826,0.14770909067059365,0.17905467062772956,interfair/training/states/runs/confirmation/hmda_md/1003/hifi_shared/selected.pt,6e961cbeddb988618df361353985ec68a71d58d0debe0946ca53e487253cde27,interfair/training/states/runs/confirmation/hmda_md/1003/hifi_shared/audit_current.npz,d735763ad0910969c8d6e7e2ed0a44a34ad40ad9f7df963efcbb174eea2f42a3,interfair/training/states/runs/confirmation/hmda_md/1003/hifi_shared/DONE.json,1f67744e484a5e60374ee76a58a5a87bb2aa096788ec56817d7be82c1155f8ce,interfair/training/states/runs/confirmation/hmda_md/1003/hifi_shared/EVALUATION.json,535b9b10e89f2e3492cbf93c0c1118a34c19cdb524daf9dc4f4760692dd5be57,18,True,31.952894652960822,cpu,3080,published-pipeline fitting protocol,confirmation
hmda_md,mlp,1003,ltdd,0.854067716558585,0.946106557365439,0.9176387416048074,0.8640833333333333,0.10493135704819045,0.3491804996190458,0.07677443691514185,0.06024524876931625,0.11434973448474661,0.04371606062349065,0.07677443691514185,0.9754496146160434,0.5347269049224544,0.8984568264813287,8489,0.9317335539925528,0.4579524680073126,0.7841070919965821,3511,0.3517170729028155,0.8950438800795912,0.04807687749190406,0.06315645666187927,0.07860107916531016,0.08589841067703308,0.04044749971100402,0.26070632464779875,0.8132190186918102,0.04073635909058572,0.07009295538165526,0.06115740578271416,0.07459430811514275,0.09635818989782577,0.01755046392576257,0.026318965790874206,0.07459430811514275,0.040879601026827896,0.4665174911149448,0.3065340110639402,0.3574427917685006,0.22330990428161376,0.3042681670406975,0.1876750035088171,0.14101589895780048,interfair/training/states/runs/confirmation/hmda_md/1003/ltdd/selected.pt,90ed7d6ef86e1aea31dbabcaec21f1b95d2fb6c15103d7596e5d7dde7b098c90,interfair/training/states/runs/confirmation/hmda_md/1003/ltdd/audit_current.npz,7c22503702c966718f88dd4fd34d3d7e1809437b3f80e870078e75515a75f814,interfair/training/states/runs/confirmation/hmda_md/1003/ltdd/DONE.json,e4cfb7f50783dea44f634cfdb06943aaba91be3666803d028f9ec5b1c9ff0e32,interfair/training/states/runs/confirmation/hmda_md/1003/ltdd/EVALUATION.json,19cce7f04fa19c4d8776fea511cab6ed4bed3daf90b182ff75eeb1d72186218f,16,True,13.147857086965814,cpu,3080,published-pipeline fitting protocol,confirmation
hmda_md,mlp,1003,reweighing,0.8500082217772209,0.9437811527103295,0.9113533525298231,0.8563333333333333,0.10890614124228509,0.3605013058489476,0.030107003264888688,0.026745733274170624,0.09467493560366413,0.030107003264888688,0.02338446328345256,0.948187268055952,0.4612272420768712,0.8631169749087054,8489,0.9180802647910633,0.43784277879341865,0.7684420393050413,3511,0.2690351544331559,0.8550045237911138,0.0387482085698585,0.06512171894138336,0.061569647333341394,0.09247580795693602,0.03380178848196093,0.24882806152343867,0.8068273187239753,0.03735609871082776,0.06943597771012565,0.06208098607771891,0.08059523686296882,0.13225265933875993,0.019274046860150145,0.026901502907091403,0.08059523686296882,0.04352979128618209,0.4198394623310905,0.28117048117587057,0.33533328644302113,0.21979901004685715,0.2940408008134917,0.19033586473544942,0.14938080560702316,interfair/training/states/runs/confirmation/hmda_md/1003/reweighing/selected.pt,57c47a1250ac3ba8e7f8c07678c9a33764eb39a77da13f8095c661e7ae69aceb,interfair/training/states/runs/confirmation/hmda_md/1003/reweighing/audit_current.npz,c66a18b2292baf7a44241877bfda6e01acf2aee46a1cc8f92c8f8f98a1c7bb6c,interfair/training/states/runs/confirmation/hmda_md/1003/reweighing/DONE.json,174165f168577613f641c018ab759ed138f7889b5d12b80b4b6290577a4ab961,interfair/training/states/runs/confirmation/hmda_md/1003/reweighing/EVALUATION.json,996288e6b1ac8c053b41b8d99e547dfaed3a7d5f3855fa369daf0cbb07969173,22,True,12.4340188910719,cpu,3080,published-pipeline fitting protocol,confirmation
hmda_md,mlp,1004,cot_phi,0.850166480178722,0.9438104945466035,0.9170032310177706,0.863,0.10533486700657534,0.35113502337139413,0.02255570052786482,0.01775497492230929,0.08232662175880667,0.02255570052786482,0.012954249316753763,0.9695974878675421,0.5111260957518543,0.8895040640829308,8489,0.9470417873396773,0.49817184643510054,0.8071774423241241,3511,0.3212397796408599,0.8643539271151007,0.03472485580185926,0.046392798483742656,0.048821354168666224,0.06834475256516487,0.03501673701170023,0.21255989078915963,0.7984192065696638,0.030024901086213737,0.05371440225106824,0.04158030173122017,0.05619073918360716,0.07878051149242597,0.01288895002400829,0.01927737048177205,0.05619073918360716,0.03118622444386647,0.3697441024688837,0.2431104306749709,0.27070998355834275,0.16853915611101514,0.22753894866875185,0.14416183253492032,0.16077406423800783,interfair/training/states/runs/confirmation/hmda_md/1004/cot_phi/selected.pt,c76cc46e4817dadc94e8f8d68214df9adc34684e3bce8c989b6b15d74b7791d9,interfair/training/states/runs/confirmation/hmda_md/1004/cot_phi/audit_current.npz,026c5691f836a5c4ee2ef68c5e152bafbd516314181809aec12626c41ba645f3,interfair/training/states/runs/confirmation/hmda_md/1004/cot_phi/DONE.json,7f93148cba5f6715d802d5e4bfba0bf8786b02e72523686932896ece10fbb9ea,interfair/training/states/runs/confirmation/hmda_md/1004/cot_phi/EVALUATION.json,de9b9275c11f743e5b48c1107c8806d545b8d7d6e70b181f3a6050eeffbc1de4,17,True,13.08408540894743,cpu,3080,published-pipeline fitting protocol,confirmation
hmda_md,mlp,1004,dralign,0.8414104212766169,0.9405790129359112,0.9113343190740835,0.8550833333333333,0.11092390428978639,0.3653463773639163,0.11288755807746786,0.07026067881528342,0.014665048631802846,0.02763379955309897,0.11288755807746786,0.9413359977162432,0.4383007417397168,0.853457415478855,8489,0.9689697972693422,0.5511882998171846,0.8387923668470522,3511,0.2691040994037296,0.8507523960738456,0.04349641718024698,0.07706503444768738,0.06697828984235246,0.0811151023875589,0.031174398467296936,0.2652037252133187,0.7972804757743236,0.042224709816995845,0.08480014847797153,0.06694206228381375,0.06990889150736036,0.09317419888878332,0.015435537782510677,0.022303479341496468,0.06990889150736036,0.04044905127098308,0.42149747966051965,0.27348712970329053,0.3273874092756162,0.20337198766514547,0.2759252387303594,0.17116319464211063,0.15337824158643446,interfair/training/states/runs/confirmation/hmda_md/1004/dralign/selected.pt,b4fd2e7d7348d5c96c1d46fac9e16c0e0e1d678046fd30afb4823345d22a5c73,interfair/training/states/runs/confirmation/hmda_md/1004/dralign/audit_current.npz,7661a0a0697cdf60744c82d272c7533240dbe4ce2ec10d7930a4b2e160eac2e1,interfair/training/states/runs/confirmation/hmda_md/1004/dralign/DONE.json,2386dc1664727293092d8ce4aed4de7cb8d3725480876cc51aa0a5b5cb22faaa,interfair/training/states/runs/confirmation/hmda_md/1004/dralign/EVALUATION.json,d209d6d3d5ddddde928500054faa660f9a0b345a85c74ad5d7b65e5bc4e1a145,5,True,11.029171987902373,cpu,220,published-pipeline fitting protocol,confirmation
hmda_md,mlp,1004,soft,0.8521919653407923,0.9440442654885901,0.9161501462785739,0.8590833333333333,0.10710362203504985,0.354664290144794,0.024883475242264197,0.013428775033712204,0.04932695750920513,0.0019740748251602103,0.024883475242264197,0.9808735369683129,0.5738368172623062,0.9097655789845682,8489,0.9788994621431527,0.5987202925045704,0.8604386214753631,3511,0.004794191308480319,0.0,0.0006927338970773508,0.0010620832697337448,0.0,0.046702468464076066,0.007317219276367697,0.004352068329214793,0.0,0.0006301996352231784,0.0014756079175593476,0.0,0.040973077616897106,0.0001745944130197733,0.00026407917086662035,0.0008353572328296968,0.040973077616897106,0.04044559665732915,0.02796250967320492,0.026329391144580924,0.015557768183592327,0.014079244953449796,0.009496078531101033,0.008991192874439466,0.9844422318164077,interfair/training/states/runs/confirmation/hmda_md/1004/equality_direction/selected.pt,7b8a2ec9002888530dd0a74bf2dddb8884117d619da27536f28a6c33d24ce8a6,interfair/training/states/runs/confirmation/hmda_md/1004/equality_direction/audit_current.npz,a4e425dec2aa8e569d2cf36559d1813013046395cfe35f20b98c22dcc2816042,interfair/training/states/runs/confirmation/hmda_md/1004/equality_direction/DONE.json,e0daf80268b382f2e8fb5d5ea0d05750ec7dc923bdcfd56106bc64c51458cfe0,interfair/training/states/runs/confirmation/hmda_md/1004/equality_direction/EVALUATION.json,5ac700c08b776d5be63463388130fd16438b53c9e3630b11f43825b50f2269aa,30,True,383.50831805798225,cuda,3080,current full IS,confirmation
hmda_md,mlp,1004,erm,0.8572058492931144,0.9475901484763919,0.9172849408462002,0.8625,0.10493762285731824,0.34988244137570695,0.043118166767545874,0.032610311889252785,0.08673999314004932,0.022102457010959697,0.043118166767545874,0.9765914930059949,0.5522589345920431,0.9024620096595595,8489,0.9544890359950352,0.5091407678244972,0.8157220165195102,3511,0.2372333788399971,0.8488595544240697,0.03554798298923713,0.04639667597245799,0.05063174137206497,0.07206205955667698,0.032999264311488224,0.2184731109443346,0.7863043108704622,0.03335578636991446,0.053071788332612634,0.04384823092696562,0.06414606416775984,0.11446038047775178,0.01571570119665674,0.01867440780280945,0.06414606416775984,0.03361397436877904,0.41643686528075574,0.282500300759901,0.3163776939200944,0.1998479826335165,0.26876633009348805,0.16974177237574892,0.16977000575108792,interfair/training/states/runs/confirmation/hmda_md/1004/erm/selected.pt,d01546c8898a9c1103daf83c767d83de9cf7d4af37b0a1433c5f689f769a93ea,interfair/training/states/runs/confirmation/hmda_md/1004/erm/audit_current.npz,30acf9f1deea4bc702d93103a7cf721548855cd334df8215e3e073eb89840f30,interfair/training/states/runs/confirmation/hmda_md/1004/erm/DONE.json,8fcefc13f7da34358992a9b89bb721524a9b41b7adaba77741a261a1aa563309,interfair/training/states/runs/confirmation/hmda_md/1004/erm/EVALUATION.json,a310c9bcb2738bf047eacbaf69edfa543c58c85dba9ed858729e6e55eb933b65,20,True,11.051668648025952,cuda,3080,matched primary ERM,confirmation
hmda_md,mlp,1004,erm_source,0.8570551064154941,0.9474518562148577,0.9173826173826174,0.8621666666666666,0.10508990775741028,0.34888072657667535,0.08144898736564676,0.054480449184526436,0.09884512532327339,0.02751191100340611,0.08144898736564676,0.9815872109620325,0.5832771409305462,0.9120037695841677,8489,0.9540752999586264,0.5018281535648994,0.8131586442608943,3511,0.21887296959841868,0.8306311674802163,0.035791343437287446,0.046173140315913234,0.05317385738211196,0.06683530348326577,0.0326756406651312,0.1966087239352468,0.7700558543227132,0.0337024310348969,0.05507256539221887,0.048290325398776895,0.056435102712498096,0.08930944561331869,0.014496674942691797,0.015957779202181478,0.056435102712498096,0.028386851015429475,0.4204767626744927,0.29171980829756383,0.32269126968878575,0.21000659940417554,0.27094406851114133,0.17358749385846486,0.175853408122278,interfair/training/states/runs/confirmation/hmda_md/1004/erm_source/selected.pt,4baf184292188e74905619973b9907bcc7cb4fa7dc40afbc49a221ba453b045e,interfair/training/states/runs/confirmation/hmda_md/1004/erm_source/audit_current.npz,ca31164e94095aac98f69f23ed1ed779d7e059530822a22d8116d627f6e90a40,interfair/training/states/runs/confirmation/hmda_md/1004/erm_source/DONE.json,c891cf4c744701c7678a3d8f5756e2dbf859a486360db207a003a6db2c91ce98,interfair/training/states/runs/confirmation/hmda_md/1004/erm_source/EVALUATION.json,5d8c7de821f165852b5b26844c353e71bc0fdb3a1ca08e58eedcc167df57e267,18,True,12.995552131906152,cpu,3080,published-pipeline fitting protocol,confirmation
hmda_md,mlp,1004,hifi_shared,0.856810656279842,0.9469565706542842,0.9177341873498799,0.863,0.10424922051048742,0.34635148713585195,0.08658889720303603,0.06001792375745443,0.10547504655194195,0.033446950311872836,0.08658889720303603,0.9817299457607764,0.576534052596089,0.910943574036989,8489,0.9482829954489036,0.489945155393053,0.805468527485047,3511,0.22216634536041388,0.8334685227633671,0.03628439900039335,0.05129881130018141,0.057182352306869084,0.06853506729753765,0.03387854794824134,0.21021194324280235,0.7895070473266317,0.034989703148992864,0.06418018728011235,0.05301120640745065,0.0590551065969978,0.09240720765675603,0.015201163749166548,0.01744941690357499,0.0590551065969978,0.029749974642098425,0.40640635685827453,0.27396653782096353,0.31408951257671064,0.20098399549821214,0.26936101124780243,0.1713922905204503,0.16657850809861743,interfair/training/states/runs/confirmation/hmda_md/1004/hifi_shared/selected.pt,726578dccdb059764b759f6a94f9d26a6e39f6e54b33eb14aeffc35de9c35b6a,interfair/training/states/runs/confirmation/hmda_md/1004/hifi_shared/audit_current.npz,a084280119b7b019641b0202c1908685a1373bb990ab58dee3ac65ba26510632,interfair/training/states/runs/confirmation/hmda_md/1004/hifi_shared/DONE.json,938a9a64063d61a59af778b34e4f3ba332d33b62465c0f3a1c74209163808dff,interfair/training/states/runs/confirmation/hmda_md/1004/hifi_shared/EVALUATION.json,dc0d2e9360d4c2a5972fafb0189e01a8c2e5b4a19785b8979f1b0d321c72b2a2,18,True,32.614521695068106,cpu,3080,published-pipeline fitting protocol,confirmation
hmda_md,mlp,1004,ltdd,0.8495581139634274,0.9431353892808096,0.910687535513198,0.8559166666666667,0.10880927977109313,0.35912652641524734,0.09513178608014539,0.079298076967532,0.13854429672403645,0.0634643678549186,0.09513178608014539,0.9517556380245504,0.4753877275792313,0.868535752149841,8489,0.8882912701696318,0.3802559414990859,0.7299914554258046,3511,0.34229213556660737,0.8897993966200828,0.05760574662491009,0.09935851963353715,0.11389061366059001,0.1027313872019441,0.046603832172553414,0.2518339374306487,0.8216309820226193,0.04595141993773125,0.10422143795104727,0.08868423395947209,0.08734682741014578,0.08956525655538884,0.018241157416557983,0.03234627826204414,0.08734682741014578,0.052798481426891336,0.427941315362084,0.2579450984043671,0.3489528233683523,0.19664684844520103,0.30420943466248185,0.16793917252831517,0.1304447969224698,interfair/training/states/runs/confirmation/hmda_md/1004/ltdd/selected.pt,a6acce2d8f133e0d8f7887859cbbddb690b3de402d2646e8b8af3e7b327b1163,interfair/training/states/runs/confirmation/hmda_md/1004/ltdd/audit_current.npz,e2f19e4a0734196876b396da0a66098c3a8cfe73397ffb29dcb1fffe1c3ce804,interfair/training/states/runs/confirmation/hmda_md/1004/ltdd/DONE.json,a3bc052ebec12556b9039489e6120fd21fa05ba6606abc39057f5eead054a86b,interfair/training/states/runs/confirmation/hmda_md/1004/ltdd/EVALUATION.json,ddf09e9d0330eb315c86b0a6f3198633578426af5fb276fa6e57be0149bb116c,15,True,13.023212018073536,cpu,3080,published-pipeline fitting protocol,confirmation
hmda_md,mlp,1004,reweighing,0.8525882084683606,0.9446247655855678,0.9181580534888397,0.8643333333333333,0.10478985904064693,0.3495663771914247,0.016535975670641467,0.011428320529644709,0.062025381817520486,0.00632066538864795,0.016535975670641467,0.9707393662574936,0.5118004045853001,0.8905642596301095,8489,0.9644187008688456,0.5283363802559415,0.8285388778125891,3511,0.21441518174681923,0.8291451696062365,0.027163723329987104,0.03550494145638286,0.047338674308743896,0.07193938855026141,0.03179663225092563,0.19436727101091333,0.7771597146265399,0.026327144097246312,0.04087022050054697,0.04011691184204485,0.06682952707254196,0.07989232171223806,0.012925381738220297,0.017655899633540032,0.06682952707254196,0.041834915906901964,0.36366047983772076,0.251413128161689,0.27275442275280454,0.18266172227785954,0.23140889542586662,0.1547623025126241,0.1806683987505018,interfair/training/states/runs/confirmation/hmda_md/1004/reweighing/selected.pt,332dc3f459659d1491bd53338df915530329e2ec91be30f45aea6b0020559b79,interfair/training/states/runs/confirmation/hmda_md/1004/reweighing/audit_current.npz,0640f30fd1b7b4104c92695bd2462e9b099d19a8dab0df6e01d769e98577d14c,interfair/training/states/runs/confirmation/hmda_md/1004/reweighing/DONE.json,5027ad7adf83231ae7cd21f0f145ca07d5f1c26ffc63875dfe76af34b93b41f3,interfair/training/states/runs/confirmation/hmda_md/1004/reweighing/EVALUATION.json,c4129e5be8b7ad86956f2dbd354cae8314329712cfa4209ebfca1cc7e7359996,17,True,12.763365352991968,cpu,3080,published-pipeline fitting protocol,confirmation
hmda_md,mlp,1005,cot_phi,0.8493572744567603,0.9431432988719712,0.917019133937563,0.8626666666666667,0.10544062611233102,0.3511523440460995,0.01763427317042865,0.008850728752876846,0.074360543453305,0.01763427317042865,6.718433532504342e-05,0.9708821010562375,0.5165205664194201,0.8915066556720461,8489,0.9532478278858089,0.5164533820840951,0.8171461122187411,3511,0.25452307372148514,0.8347296395351695,0.03298709943338111,0.04404616611726978,0.044448014867424786,0.06577973868370404,0.03475589359276278,0.1878390046503879,0.7612356212267122,0.03138476897408307,0.05598554101519617,0.032183594538232496,0.0567169076393592,0.05944053764819992,0.01123785428618051,0.013680620990650021,0.0567169076393592,0.03482667997470211,0.34665156173685063,0.22998650661178635,0.2506886501877492,0.16159619786007032,0.20943135959845544,0.12891644074012523,0.19041857280064406,interfair/training/states/runs/confirmation/hmda_md/1005/cot_phi/selected.pt,4e51283bbdc18dd79bcfe4b5fd176a5d45a8f0d0da3f2af3279793d31087338e,interfair/training/states/runs/confirmation/hmda_md/1005/cot_phi/audit_current.npz,e33cbf77c4c6df3f40d64a7a0b6cc944914e34ff7bcbccc475d6aef5dfc4abf4,interfair/training/states/runs/confirmation/hmda_md/1005/cot_phi/DONE.json,e476e60af55a35ed105ac0bb50f866e085b8c2004d5914be0fd14a2f65dd0dd1,interfair/training/states/runs/confirmation/hmda_md/1005/cot_phi/EVALUATION.json,28062b3261073955f335b227aa3ed42b35863dc84f2dd75f0b9bce6b12486fc4,14,True,13.138679409981705,cpu,3080,published-pipeline fitting protocol,confirmation
hmda_md,mlp,1005,dralign,0.8364000994767096,0.9366437698912347,0.9100117665114852,0.8534166666666667,0.11208228814887826,0.37000680851154544,0.09662894892881052,0.06130487656788039,0.020579315218827055,0.02598080420695026,0.09662894892881052,0.9371966885526691,0.43627781523937964,0.8496878313111085,8489,0.9631774927596194,0.5329067641681902,0.8291085160922814,3511,0.3007831442732813,0.8656671490001522,0.052227224638747106,0.09065173041678037,0.07072463146869368,0.09090035751460891,0.03327535139202524,0.326769392013823,0.8357258051251422,0.054566323412716985,0.10333185740394613,0.077035283286375,0.07972238314005792,0.11323899977333823,0.01674048239725469,0.02599795706594527,0.07972238314005792,0.047929213740510145,0.4290203285889901,0.2598918906635759,0.3172723217705575,0.19315035500311664,0.2694979245334602,0.1681021742900138,0.12230220262785801,interfair/training/states/runs/confirmation/hmda_md/1005/dralign/selected.pt,aef09228796370b51b005d987b69bbc1d288b3b5efb0e2ef9c5e4a18381d6753,interfair/training/states/runs/confirmation/hmda_md/1005/dralign/audit_current.npz,dcb14532083ecf43594de9066b1ce09969860adcd29fda2479dc1b1b351b6a67,interfair/training/states/runs/confirmation/hmda_md/1005/dralign/DONE.json,938c4509ed047d486bbe73936d5ddc4ab0b39a41fe380e2ccc7ef8739b10d4ad,interfair/training/states/runs/confirmation/hmda_md/1005/dralign/EVALUATION.json,0f5c35532c8bbde1a8adba71b75b0842316d2d669545bed1e31d95cf39501499,12,True,11.152823364012875,cpu,220,published-pipeline fitting protocol,confirmation
hmda_md,mlp,1005,soft,0.8482453269604986,0.9430356149319563,0.9146821491832317,0.8555,0.10921492423275127,0.35908562261981425,0.009869317222242047,0.005816106524257958,0.04849578486797412,0.0017628958262738692,0.009869317222242047,0.9868683985155581,0.6190155091031693,0.9226057250559547,8489,0.9851055026892842,0.6288848263254113,0.8741099401879806,3511,0.00547048234440438,0.0,0.0007065270976547053,0.0010169623649898042,0.0,0.04038840934747618,0.008447597597343938,0.0045243174004405305,0.0,0.0005875890711043135,0.0016045582969999544,0.0,0.041609717876654594,2.1621475676232383e-05,4.530345828386154e-05,0.0,0.041609717876654594,0.04151928406457517,0.010780073307078128,0.010129913231342488,0.003571941993635668,0.002756403542817949,0.0009616865554864188,0.0009616865554864188,0.9964280580063642,interfair/training/states/runs/confirmation/hmda_md/1005/equality_direction/selected.pt,024cb90a9f1e8eb788df852de730470956def66a8d28117257e827e32685d060,interfair/training/states/runs/confirmation/hmda_md/1005/equality_direction/audit_current.npz,6474dbf2e450ba47ede389410b387dd718f81466fb872ea625cc8ac880ba0c37,interfair/training/states/runs/confirmation/hmda_md/1005/equality_direction/DONE.json,020c24b7189ea92b5eb3d47bff2883e2212589bc87c9861ff74cd0980fd30bcf,interfair/training/states/runs/confirmation/hmda_md/1005/equality_direction/EVALUATION.json,83e768e5555e5e40328d2695a0359862bd4c8346137635fb139db790653b9e8b,25,True,382.36373725300655,cuda,3080,current full IS,confirmation
hmda_md,mlp,1005,erm,0.8575378707248354,0.9469619369227605,0.9173763179237632,0.8641666666666666,0.10315812954920629,0.34371722043145403,0.0876835704097998,0.07001510717929121,0.12484046655582792,0.052346643948782634,0.0876835704097998,0.9737367970311162,0.5246122724207687,0.8952762398397927,8489,0.9213901530823335,0.4369287020109689,0.7704357732839647,3511,0.2070705343662094,0.8106864206366963,0.0345237066947895,0.06010949201605853,0.046070973043419276,0.07445755593267617,0.038141024560142185,0.21787708252344562,0.7789978832092666,0.035331856222328865,0.07047893417024317,0.04004986382418425,0.06601226964857149,0.07844059505769252,0.01407469812803605,0.019031535361779085,0.06601226964857149,0.03874630381970262,0.3925278695694871,0.26179081853044905,0.2814879987064981,0.1811397588100462,0.2432406817595324,0.14948973824540546,0.1720698323141988,interfair/training/states/runs/confirmation/hmda_md/1005/erm/selected.pt,bc3f22de9168c5aa56e5045a35572e4109f20f7a9c006a3984b822604e2e7e9b,interfair/training/states/runs/confirmation/hmda_md/1005/erm/audit_current.npz,71ec4dd7413cb3a2c471b82fa726c4c124a63ee57d068ada3dfc0b37641cde0b,interfair/training/states/runs/confirmation/hmda_md/1005/erm/DONE.json,e74b69a0f2813e8d09530a47aae1d1c32b07491bec4993df6ae97afd606232e5,interfair/training/states/runs/confirmation/hmda_md/1005/erm/EVALUATION.json,19f11d9a4317a7549975b28c731136628598021b4a6184a0d42eb19b5ca878cb,15,True,11.230238616932184,cuda,3080,matched primary ERM,confirmation
hmda_md,mlp,1005,erm_source,0.8569555308716926,0.9470029277702476,0.9171858380185383,0.86375,0.10378471403198046,0.3457920935798486,0.0960150443601524,0.07425944573375104,0.12660745913445914,0.05250384710734968,0.0960150443601524,0.9743077362260919,0.5320296695886716,0.8970432324184239,8489,0.9218038891187422,0.4360146252285192,0.7704357732839647,3511,0.23811741297638228,0.8316562073901026,0.03779943971592171,0.05681681694229575,0.05706013897097843,0.07608934713664459,0.03633645293350998,0.24269830036289,0.7987588053190644,0.03834792337269923,0.06812425279551884,0.05152630159808866,0.06574967747735286,0.08581433447680903,0.013841617510313705,0.01655489758050866,0.06574967747735286,0.03923280283789584,0.42820379857387897,0.27907709897142036,0.3083133420836146,0.1891791563563987,0.2577100987827752,0.15637905148707,0.1523966265967352,interfair/training/states/runs/confirmation/hmda_md/1005/erm_source/selected.pt,6a7246f02637ee27f2bdb7e9e60d5d4accf6835242568cff7a9c9ee38be906a5,interfair/training/states/runs/confirmation/hmda_md/1005/erm_source/audit_current.npz,63386005a71b730e594c115b48abf7e834b6b56b86afd019ed666b6bbe2d12c3,interfair/training/states/runs/confirmation/hmda_md/1005/erm_source/DONE.json,8a4f07c2e4abe32c4936417bd30d10a023dba216bddb39c52f2d0d40afe3c9e7,interfair/training/states/runs/confirmation/hmda_md/1005/erm_source/EVALUATION.json,a0733261cd70aa1e0becfc0ce9f1f746d5f0099c9f386a1cc7c0c4a34196ecc3,18,True,12.74386579496786,cpu,3080,published-pipeline fitting protocol,confirmation
hmda_md,mlp,1005,hifi_shared,0.8573540801326158,0.9470334177385631,0.9178005968941272,0.8645833333333334,0.10275742630465017,0.3421342102958424,0.09505597256413634,0.07172569801352219,0.12322834794934079,0.04839542346290804,0.09505597256413634,0.9751641450185555,0.5347269049224544,0.8982212274708447,8489,0.9267687215556475,0.4396709323583181,0.7749928795215039,3511,0.2025279797488421,0.8088522910401627,0.03420128327896781,0.05606220615438505,0.04532961831374237,0.073759353088,0.03666742340728965,0.19951552154049976,0.7719068086308679,0.034415861405726667,0.07086231465931953,0.03611964908745734,0.0670630607229594,0.06153251412061843,0.012195962134651028,0.014658337329970607,0.0670630607229594,0.043360921118525214,0.3772876928275938,0.2561385561084374,0.27126035158653183,0.17848854884031662,0.22551112531459752,0.1451592064807654,0.17609051269087825,interfair/training/states/runs/confirmation/hmda_md/1005/hifi_shared/selected.pt,c90a05093fd1f147a7054d9c07b83ed880ac2c7924a52469277b4f5449473a14,interfair/training/states/runs/confirmation/hmda_md/1005/hifi_shared/audit_current.npz,c95b9eb4b3f5d516ff5bbef7ff729498ab4c35b87585c3c13004088bebf3e296,interfair/training/states/runs/confirmation/hmda_md/1005/hifi_shared/DONE.json,c6f45f56d4e0f23c1b44a435ec66740d1a32c8d319261cb0673c70354b17a806,interfair/training/states/runs/confirmation/hmda_md/1005/hifi_shared/EVALUATION.json,06b33bfd2f95e2ba6cca08728ed09812c080b9079850e541a2b5bf99b4a52518,14,True,32.18118051206693,cpu,3080,published-pipeline fitting protocol,confirmation
hmda_md,mlp,1005,ltdd,0.8510437991965678,0.9443647016118409,0.9159172890311437,0.8620833333333333,0.10517326736751187,0.3496203082383913,0.07617532522765624,0.06065018393989524,0.11672115830431651,0.04512504265213424,0.07617532522765624,0.9681701398801028,0.5158462575859744,0.8891506655672046,8489,0.9230450972279686,0.4396709323583181,0.7724295072628881,3511,0.2776460088332979,0.8628268779655658,0.04356148094877339,0.06848294553279527,0.07830678297920152,0.08744579413649821,0.03858369995615414,0.21476929412156545,0.805085625982831,0.036462162988764354,0.0756466689181337,0.0574545038327815,0.07335233459179427,0.08162400060577438,0.016063602794725813,0.02262347117866655,0.07335233459179427,0.04236660014628018,0.44254917292955276,0.2933196757460944,0.34259651066814717,0.2207696610517863,0.29362677201535237,0.18619740733028467,0.14484631040586382,interfair/training/states/runs/confirmation/hmda_md/1005/ltdd/selected.pt,9ff21531fb59f0fb89683fdf26779a1ad8e8a8394c2edd23b2276d63cd2f82fd,interfair/training/states/runs/confirmation/hmda_md/1005/ltdd/audit_current.npz,496f80964487ee47463a22b68559cf9fb59fcf86233ebea440482f464916d38c,interfair/training/states/runs/confirmation/hmda_md/1005/ltdd/DONE.json,715ba71631992db43fcc62bf1375e5532415951fe1c808dec1b835cc7fe2432f,interfair/training/states/runs/confirmation/hmda_md/1005/ltdd/EVALUATION.json,ded0d0fed5400d094f2abe918bf2cbd84441ea47b4035ea428640e5d85704126,13,True,13.324098004028201,cpu,3080,published-pipeline fitting protocol,confirmation
hmda_md,mlp,1005,reweighing,0.8477459049557612,0.9430705313011583,0.9164349628431323,0.86225,0.10644522893424638,0.35370290008845373,0.05188479797238904,0.02786680895171731,0.05257320454144432,0.0038488199310455773,0.05188479797238904,0.9628889523265772,0.4801078894133513,0.8785487100954176,8489,0.9590401323955317,0.5319926873857403,0.8259755055539733,3511,0.2185096584448902,0.8174871572690523,0.030316125663001972,0.0490194031412652,0.046237380518324774,0.07181830239758932,0.031989838529702004,0.20760876149161808,0.7548477439125467,0.030070964608065943,0.05853127437084226,0.03561329663993676,0.06524925976166528,0.08033949339311885,0.013436525476625437,0.017116908188555796,0.06524925976166528,0.03909675170201428,0.3724064575678144,0.25755250389006124,0.26927834367943465,0.18751848855438302,0.22648429145803847,0.15637600194859758,0.19015830012203394,interfair/training/states/runs/confirmation/hmda_md/1005/reweighing/selected.pt,f051a4f17a15e75988e28bdf15fff52c01fd283daa946751410a6cde90057cef,interfair/training/states/runs/confirmation/hmda_md/1005/reweighing/audit_current.npz,774ee8209a9b19a29b2bc0a575cbc7354496877ac7ca7463962c94319fc25677,interfair/training/states/runs/confirmation/hmda_md/1005/reweighing/DONE.json,0a2d0f15379856f816ebd7b41f0d0e50ad087e89d2f59cc2594ab4458f6ef72b,interfair/training/states/runs/confirmation/hmda_md/1005/reweighing/EVALUATION.json,3e51d849d2172a354265d82a8e42bdcf89698ef4cfb4902285b6045678ef47aa,15,True,12.361238393001258,cpu,3080,published-pipeline fitting protocol,confirmation
hmda_md,mlp,1006,cot_phi,0.8501951009408983,0.9446959020278969,0.9141833077316949,0.8603333333333333,0.10742980294042286,0.3557219401291168,0.033820056831717404,0.031951306718030426,0.09910045264736689,0.033820056831717404,0.030082556604343447,0.9560376819868684,0.47066756574511126,0.8712451407704087,8489,0.922217625155151,0.4405850091407678,0.7721446881230418,3511,0.34338332508833785,0.8722918223286127,0.04364215474550969,0.05669788564883568,0.07016944976344099,0.08148678075996353,0.0371806391177234,0.22198476969921016,0.8082789295896474,0.03773203843421228,0.07462799030129023,0.05138804994423621,0.06820887043773974,0.08851441989259475,0.015784346888030168,0.02653665874326769,0.06820887043773974,0.03763965266107792,0.38118345609690085,0.2387022508141086,0.2827027742261758,0.17573561003799093,0.2458921397415128,0.1508755599581719,0.15083390856624648,interfair/training/states/runs/confirmation/hmda_md/1006/cot_phi/selected.pt,6e2caaa1a934ce3b6f473f32e93b289adb6dc9754567f36dff3b22866ad204ad,interfair/training/states/runs/confirmation/hmda_md/1006/cot_phi/audit_current.npz,3aa6ae421143ccb8ebe6d8f4d0db291f36761668779e9e9fe51e8a209517bd28,interfair/training/states/runs/confirmation/hmda_md/1006/cot_phi/DONE.json,d3ffc0cfbd42743fd663583d56370f7a0a5b9364b298ad63020eed2c7c42655c,interfair/training/states/runs/confirmation/hmda_md/1006/cot_phi/EVALUATION.json,e967a85e6da581595c0ca91ef5f7790136fb16957b145eadead3bdde5999c38e,19,True,13.755536697106436,cpu,3080,published-pipeline fitting protocol,confirmation
hmda_md,mlp,1006,dralign,0.84176721305143,0.9395036265062706,0.9146421869452757,0.85975,0.10819434179512628,0.3581465185053662,0.11099961661782964,0.06750261198177587,0.017655968339948647,0.024005607345722102,0.11099961661782964,0.9507564944333429,0.44841537424140254,0.8629991754034633,8489,0.974762101779065,0.5594149908592322,0.8453432070635146,3511,0.23791346338773678,0.8219649797506923,0.040220470133757215,0.06720238852581999,0.058470243308784545,0.07614392572811819,0.02908984856145376,0.28816085802421537,0.7878233448488945,0.04604559229606802,0.08483810644129455,0.07575089777653816,0.06632345490871919,0.06891857450404698,0.012298441935063971,0.019968901817251854,0.06632345490871919,0.043154146223227,0.36925035519398325,0.2049232368793204,0.275396341845013,0.14826385397082584,0.2278880451552157,0.12578732628874198,0.16822969068792193,interfair/training/states/runs/confirmation/hmda_md/1006/dralign/selected.pt,71b76054ca6d0f52108f363ee1e7482c108ca9a3e65343ab26936593951dc8df,interfair/training/states/runs/confirmation/hmda_md/1006/dralign/audit_current.npz,3e331e6a66d2e023c7df77016c91bb57571943813bf02fc08723f080f5a411ff,interfair/training/states/runs/confirmation/hmda_md/1006/dralign/DONE.json,4067a680283ba330303231e2b330707eb33f2aff1bfe15b1a647cff6a2b9f26d,interfair/training/states/runs/confirmation/hmda_md/1006/dralign/EVALUATION.json,4340dd3347e3c6aa3bceb6cfc4699bf4ae69b37fe83984dddd2918a9ce125747,6,True,11.256811204948463,cpu,220,published-pipeline fitting protocol,confirmation
hmda_md,mlp,1006,soft,0.8489421704528228,0.9428647877930073,0.9159119029943084,0.8584166666666667,0.10764627274973573,0.3553190200064807,0.01413952892069914,0.01051848995139093,0.0546085759985806,0.00689745098208272,0.01413952892069914,0.9837282329431916,0.5873229939312204,0.9144775591942513,8489,0.9768307819611088,0.6014625228519196,0.8598689831956707,3511,0.0049937182836432455,0.0,0.0006614915542803827,0.0015901246833364634,0.0,0.04650429640889957,0.00870189844319377,0.0042562506370691375,0.0,0.0005490043325768313,0.0019536807137861332,0.0,0.03762146441078827,0.00022090119774298485,0.00026606840553801517,0.0006618168379308852,0.03762146441078827,0.037090177778478534,0.040311304570489856,0.03713701046724567,0.01420849867049297,0.01223499917469486,0.007439822734817258,0.007275023789530509,0.985791501329507,interfair/training/states/runs/confirmation/hmda_md/1006/equality_direction/selected.pt,069af8f1db9968392f20e9a15b9da75215f14f2fd62947abbb6ee72533cfa79b,interfair/training/states/runs/confirmation/hmda_md/1006/equality_direction/audit_current.npz,503e294c7fbc088d226a2d423abd43e76afbf8a5719b80dc5172ef9c039ad076,interfair/training/states/runs/confirmation/hmda_md/1006/equality_direction/DONE.json,8878520436c4786c15f09d2745de2be5825f01da09c8e873663be22a28a6ebfb,interfair/training/states/runs/confirmation/hmda_md/1006/equality_direction/EVALUATION.json,f5a3441de2d4111eb7b33b6a9b8b46c4b889a187e14c585b02c0586a1dce88b8,35,True,362.4713385399664,cuda,3080,current full IS,confirmation
hmda_md,mlp,1006,erm,0.8576030189921202,0.9473924442703223,0.9193621409527643,0.8664166666666666,0.10329368476691475,0.34366934627563767,0.09136946330194368,0.06596739379610875,0.11525012398137902,0.04056532429027382,0.09136946330194368,0.9801598629745932,0.550236008091706,0.9050535987748851,8489,0.9395945386843194,0.45886654478976235,0.7898034747935061,3511,0.1804438811509198,0.7923112481878672,0.0314242095743568,0.05040548915729474,0.037356076374311015,0.06804558163676505,0.029319228522209986,0.21636657005437676,0.7733577645087671,0.03239497237870301,0.059520528257798605,0.045029292792022876,0.06291563121232091,0.05997409026548269,0.012998828284347907,0.021479778870862012,0.06291563121232091,0.03770616064663924,0.3927481838689365,0.25173454035588627,0.2917130071074025,0.18161730668807055,0.24776199705331575,0.1453825292075251,0.17853010529888308,interfair/training/states/runs/confirmation/hmda_md/1006/erm/selected.pt,32b565ab718358a02f248c2f117ca428128603732863d3c9362a92d2f5711a67,interfair/training/states/runs/confirmation/hmda_md/1006/erm/audit_current.npz,3c8927f0e2d49412aab7aec6bfa6371a440388338ce31d9874531463157ac993,interfair/training/states/runs/confirmation/hmda_md/1006/erm/DONE.json,715c065f2fafc9f9db459dbb1560dc62c14c59367383fbb840e9b78f71e0765b,interfair/training/states/runs/confirmation/hmda_md/1006/erm/EVALUATION.json,13567c8fa51549ea78539b5174b94e405cabd79a3f8ec22534beb89f063a76e2,10,True,8.915878703002818,cuda,3080,matched primary ERM,confirmation
hmda_md,mlp,1006,erm_source,0.8574397571048571,0.9475886116620102,0.9195240724935991,0.8664166666666666,0.1029120657570325,0.34265382740796263,0.07785308450063544,0.055071844031366946,0.10506521432279592,0.03229060356209845,0.07785308450063544,0.9801598629745932,0.5522589345920431,0.9054069972906114,8489,0.9478692594124948,0.4744058500914077,0.8003417829678154,3511,0.21596202964101033,0.8297575867885142,0.03628219888837587,0.052496123099030574,0.052356382187356616,0.07390130740600385,0.03530988098995419,0.24596848487533907,0.7944982112448178,0.0368794603768479,0.0592925158073737,0.0625448156505186,0.06563216449895896,0.0961566519714629,0.01651370858891901,0.027569150370188658,0.06563216449895896,0.03386724391617413,0.4347018168286517,0.2761510228379698,0.3355007854622366,0.19808698687308335,0.2841454378770304,0.16410430986076635,0.15234450228304997,interfair/training/states/runs/confirmation/hmda_md/1006/erm_source/selected.pt,94376dad1daeb8c632d5ff4d64900f2da8caf04514575172d153526d66037176,interfair/training/states/runs/confirmation/hmda_md/1006/erm_source/audit_current.npz,725f5e1d42adf925316d052420645452837da046da33daa3e9852134934ebf48,interfair/training/states/runs/confirmation/hmda_md/1006/erm_source/DONE.json,6eb934051d92b341b17a0152aae976b17e2e6cd22b8d42205576d4ac0b0db361,interfair/training/states/runs/confirmation/hmda_md/1006/erm_source/EVALUATION.json,91e93c45f436acf596dd70d2a0d230f3b3df308d414d6601c6e3df36b7f32cf1,14,True,13.001501768012531,cpu,3080,published-pipeline fitting protocol,confirmation
hmda_md,mlp,1006,hifi_shared,0.8575962653158655,0.9476710817036421,0.9192883706905216,0.8661666666666666,0.10323351699779995,0.34322679701795217,0.08131461869499673,0.059006791929423846,0.109435941679213,0.03669896516385096,0.08131461869499673,0.9800171281758493,0.550236008091706,0.9049357992696431,8489,0.9433181630119983,0.4689213893967093,0.7954998575904301,3511,0.22171450181584487,0.833214860608073,0.036892512732175156,0.05430691591711802,0.05737448473253632,0.07402182265172003,0.034087475587045564,0.25437232905222007,0.81225413012914,0.03889253552286817,0.060622541374590624,0.06590290064587224,0.06727692000140278,0.0845843935219242,0.01518864168083573,0.0244758606025751,0.06727692000140278,0.03831155257120216,0.42477548009649435,0.26197699331794777,0.31495187102273603,0.18262299639016796,0.2687827534842658,0.1483041877296188,0.1430036539111057,interfair/training/states/runs/confirmation/hmda_md/1006/hifi_shared/selected.pt,ea6dfa05270d6114d2e1563275f340c266e09a563562591c5a2baf1354644ba3,interfair/training/states/runs/confirmation/hmda_md/1006/hifi_shared/audit_current.npz,73babb2697502498a99a0d18806c2de10293bb0bfbf382a0f1f3f75212a0e8da,interfair/training/states/runs/confirmation/hmda_md/1006/hifi_shared/DONE.json,921bde343dda47d0acfc2e8e53d8cfb98d8c17e87d4db63a76bd90bfd5379d31,interfair/training/states/runs/confirmation/hmda_md/1006/hifi_shared/EVALUATION.json,acba476cf3a9f2cb12a67b1b704fbe1a49d4a1b12c8b10e2f3e6b44fc009b734,14,True,36.58443827100564,cpu,3080,published-pipeline fitting protocol,confirmation
hmda_md,mlp,1006,ltdd,0.8516849866312214,0.9448036273103457,0.9158235532173209,0.8613333333333333,0.10499318721353586,0.349708593113159,0.06021627192274165,0.0531567351229619,0.1114346077365388,0.046097198323182154,0.06021627192274165,0.9724521838424208,0.5273095077545515,0.8946872423135823,8489,0.9263549855192387,0.4670932358318099,0.7832526345770435,3511,0.3136445144852151,0.8887486562981928,0.04376400654831548,0.0649003304700667,0.09269155587143124,0.07873609735391465,0.03652229387356282,0.22046267708524267,0.7899847944237839,0.03639991110080718,0.0713492890405967,0.04870556805280976,0.06881208224232224,0.06094537076849844,0.012335107836210356,0.019335369224280537,0.06881208224232224,0.04520549979292919,0.384455086801907,0.2522519053120782,0.29048530216295865,0.1786008177475019,0.24571467040407705,0.14441822637920387,0.16698962474060497,interfair/training/states/runs/confirmation/hmda_md/1006/ltdd/selected.pt,903aa2bb68ae5fdf947d69ab86febcb84a290dc8309f199bc04d362e0949c023,interfair/training/states/runs/confirmation/hmda_md/1006/ltdd/audit_current.npz,989990c792c649e420a002bb9b8dab172751862cc815d5bee0a04e5727593db2,interfair/training/states/runs/confirmation/hmda_md/1006/ltdd/DONE.json,973f1a0f81eb2bb24ec4cd4f5fabf58d4160f46b667f6da91b3cfd1d47fbc74d,interfair/training/states/runs/confirmation/hmda_md/1006/ltdd/EVALUATION.json,181e3a7eb9db51338dc9fdbdb9bd6cb7324540a2510d4bdb04ccc8362ce0309b,13,True,13.006246415083297,cpu,3080,published-pipeline fitting protocol,confirmation
hmda_md,mlp,1006,reweighing,0.8529022544141965,0.9455950547159532,0.9176031850022678,0.86375,0.10458522444041025,0.3479343731063789,0.01481260501404702,0.012185408447424995,0.06551343489768902,0.00955821188080297,0.01481260501404702,0.9685983442763346,0.5043830074173972,0.8875014724938155,8489,0.9590401323955317,0.5191956124314442,0.8219880375961265,3511,0.2769500429528329,0.8526740063472394,0.03933902295777809,0.05985348236735201,0.0625246533448748,0.08451778415685407,0.030643312929836148,0.2952965164134126,0.8250018430339676,0.04147782469736426,0.06118205014041336,0.06916257974680023,0.07441113604214578,0.11410871625254135,0.01632053066348014,0.02429008860935149,0.07441113604214578,0.04362834873239403,0.43777109981832596,0.27632046271795335,0.3238335228843333,0.19113511538909178,0.2713790774949183,0.15714325172325663,0.1368088100747765,interfair/training/states/runs/confirmation/hmda_md/1006/reweighing/selected.pt,6603ec3fbef4eb85e8dbde9934a19fa5c641ebdb47675d035adfcf918b855b4c,interfair/training/states/runs/confirmation/hmda_md/1006/reweighing/audit_current.npz,92235b98f5b365624b89f2075d14bb62ba4c0eb3b55a55d0d82a5c1b61f4afbc,interfair/training/states/runs/confirmation/hmda_md/1006/reweighing/DONE.json,f8890a99cf7cb76d573a8cf2a0c29226ec324f9138fc00c313d91436f1103592,interfair/training/states/runs/confirmation/hmda_md/1006/reweighing/EVALUATION.json,8227e6cf84a3fee113d3fd1c2cfaf76adb756f7975ba9c6e2e0d71ff6fd29024,20,True,12.777078547980636,cpu,3080,published-pipeline fitting protocol,confirmation
hmda_md,mlp,1007,cot_phi,0.8489421292718701,0.9436424327628479,0.9173869346733668,0.863,0.10589025700486884,0.3513981867267227,0.06938662550958397,0.05147994673044565,0.10282702372319641,0.03357326795130733,0.06938662550958397,0.9773051669997145,0.5529332434254889,0.9031688066910118,8489,0.9437318990484072,0.4835466179159049,0.8003417829678154,3511,0.18749187631820596,0.7882699429407445,0.02574804650983004,0.03857204020289211,0.033325928501542895,0.0639240811671134,0.02801739486013027,0.12508909274895494,0.6772259365814235,0.021325356662598372,0.048720327007107725,0.019117188705713103,0.0498355116542763,0.03600858134439545,0.010996038908647065,0.015039229546763308,0.0498355116542763,0.028174954117199728,0.4005765257363266,0.30165119752806624,0.2921546857105543,0.21587359190736172,0.24436971188137147,0.17571916536318224,0.22467487384502377,interfair/training/states/runs/confirmation/hmda_md/1007/cot_phi/selected.pt,b58af168f90919cc93ad62b353514ff3a477c04e62143eb72f98fca419db1c72,interfair/training/states/runs/confirmation/hmda_md/1007/cot_phi/audit_current.npz,1f706ac3fdf29e5e6e9d39077150dbb7672e494327b9854f8259fbf0755bbe77,interfair/training/states/runs/confirmation/hmda_md/1007/cot_phi/DONE.json,2226a18ba206dfc06fc769098c7baaf46ec1b98551460d932faf3a6c4d709df1,interfair/training/states/runs/confirmation/hmda_md/1007/cot_phi/EVALUATION.json,db90c0c6e641cd604f83211e948f439d05061b75801aa79983383060128e17f4,10,True,13.085721801966429,cpu,3080,published-pipeline fitting protocol,confirmation
hmda_md,mlp,1007,dralign,0.8385496010780515,0.9379913452651099,0.914163961038961,0.859,0.10924869624077728,0.3622857097916308,0.09217875717608837,0.05636587071589816,0.024716725070415557,0.02055298425570795,0.09217875717608837,0.9508992292320868,0.4571813890761969,0.8646483684768524,8489,0.9714522134877948,0.5493601462522852,0.8399316434064369,3511,0.26981338738867805,0.8423024437635469,0.043678346950536184,0.07280447936039632,0.06278467974286965,0.08186275501432515,0.032626145995291934,0.26810788590387824,0.795410378090684,0.04338243125446833,0.07847355939451042,0.06752473218453119,0.07173235027557341,0.0645488525025081,0.012566395271277687,0.017800875203149026,0.07173235027557341,0.04808531243910848,0.3577197953415041,0.20946150097233343,0.27706696588844,0.15663006698519716,0.2311716792831212,0.1304356047465815,0.16820560452888975,interfair/training/states/runs/confirmation/hmda_md/1007/dralign/selected.pt,c7c2219139693dc47073cc5ee40fdb2f20b5bfd236df23531157caee2d2a2631,interfair/training/states/runs/confirmation/hmda_md/1007/dralign/audit_current.npz,61b9bd5648dcf007052bfa3759893826a02345ad3643f0cd8dbc3071d83f5f4e,interfair/training/states/runs/confirmation/hmda_md/1007/dralign/DONE.json,131b210c5a9e0eb38010e3c670415f64cdc5a52049970735e600adee441a4331,interfair/training/states/runs/confirmation/hmda_md/1007/dralign/EVALUATION.json,b2cecbb5ee40bf2a2fe50d357f8a546e1a914aa326bdeef9f1fe03b360a3586c,19,True,11.074788826983422,cpu,220,published-pipeline fitting protocol,confirmation
hmda_md,mlp,1007,soft,0.8494844412389191,0.9436881132167306,0.916294310396187,0.8595,0.1071627508493886,0.3538826572369035,0.023879408432681992,0.01499542181096497,0.05322648684465381,0.006111435189247949,0.023879408432681992,0.9808735369683129,0.5684423465947404,0.9088231829426316,8489,0.974762101779065,0.5923217550274223,0.8555966960979778,3511,0.005435689778245488,0.00014805256796206155,0.001024546883880217,0.0018009088400739554,0.0,0.045443572375257396,0.00737403063356421,0.004711117871469512,0.0,0.0008976552680852612,0.001771104613475961,0.0,0.04408892828337816,4.3308089328676386e-05,7.788034293683714e-05,0.00016479894528675015,0.04408892828337816,0.04393353240414108,0.01345461384000059,0.01231909263381606,0.005293375949384713,0.005293375949384713,0.002811197205081443,0.002811197205081443,0.9947066240506153,interfair/training/states/runs/confirmation/hmda_md/1007/equality_direction/selected.pt,dc64900fa0e62c3d695198864d0dc54c88d5f0860219e496957c0d3e19938189,interfair/training/states/runs/confirmation/hmda_md/1007/equality_direction/audit_current.npz,ecafa3e61c734f5335ea4bd834a2e41218d08697aeda4e47d43e0b4059a59989,interfair/training/states/runs/confirmation/hmda_md/1007/equality_direction/DONE.json,1681a7cd6953be46806b2d6577ed1a5e685958970227816cf2485955919c2072,interfair/training/states/runs/confirmation/hmda_md/1007/equality_direction/EVALUATION.json,897411b5faaaa5da47a21a29deab8acf633645194631053b841dd5194ac278f9,25,True,369.0066360720666,cuda,3080,current full IS,confirmation
hmda_md,mlp,1007,erm,0.8552266927029123,0.9464700833670513,0.9171343343950654,0.8634166666666667,0.1042330261867899,0.3457974215511364,0.12856184841981205,0.09668296366990667,0.1429268006758223,0.06480407892000128,0.12856184841981205,0.9791607193833857,0.5536075522589345,0.904817999764401,8489,0.9143566404633844,0.4250457038391225,0.7618911990885787,3511,0.14508029863423919,0.7402429767766457,0.03363158804681516,0.07222094664957565,0.03840838807443245,0.06845801261407419,0.03264550780757994,0.14027812033776924,0.6866145522815592,0.031477492826785074,0.09342009264103893,0.029452227903389548,0.05914133255234413,0.041467466009575536,0.011999887688289215,0.02052683376498766,0.05914133255234413,0.03563996716001004,0.3992071890331642,0.2936922316516076,0.30414061693827277,0.2042675694112886,0.2512928302247043,0.1638552511900312,0.23244331697739057,interfair/training/states/runs/confirmation/hmda_md/1007/erm/selected.pt,b95c96d030dba152d6393f83fc8a20e08aee0f9c04e8f4e2e17d8a6be3beb113,interfair/training/states/runs/confirmation/hmda_md/1007/erm/audit_current.npz,083aa8746c8040db26eb29c292e5889c77f1c54ebb206a822e1b322b214d7537,interfair/training/states/runs/confirmation/hmda_md/1007/erm/DONE.json,a38c5934f22535a1dba1cc22d203e8a4d89109157f599a13f832f20721085259,interfair/training/states/runs/confirmation/hmda_md/1007/erm/EVALUATION.json,faf216d2d253280d03885a50421efc012a8f42e06f4947b86ff915c1d12b5304,10,True,13.090882980031893,cuda,3080,matched primary ERM,confirmation
hmda_md,mlp,1007,erm_source,0.8587095100121397,0.9479943552342781,0.9188535737671888,0.86575,0.10339621663019372,0.34345660487828095,0.09483099749630486,0.06898903386215305,0.11822661652140909,0.04314707022800124,0.09483099749630486,0.9790179845846417,0.5482130815913688,0.9037578042172223,8489,0.9358709143566405,0.453382084095064,0.7855311876958132,3511,0.1673931791135221,0.7732513399645135,0.032160028007958905,0.054890996205590556,0.03927933894021256,0.06904073264503525,0.031955186248384046,0.16946635672854068,0.7359402823910052,0.031541302557937384,0.0700343635338824,0.037820078050665645,0.06176667553390592,0.04991857091564133,0.01220322240584575,0.016837735532272653,0.06176667553390592,0.03803738242104538,0.3834579318912419,0.2709373573986528,0.2878528073562471,0.19263475771472147,0.24179016392568023,0.15533802723357001,0.20507205221452324,interfair/training/states/runs/confirmation/hmda_md/1007/erm_source/selected.pt,d9c4c8152a8879e3ddf64729015fe848b82d4090fe2f6ed6db1084caa8c7187e,interfair/training/states/runs/confirmation/hmda_md/1007/erm_source/audit_current.npz,73048dc1a590095d66abee33e7c286fb453c55684567f4f2480f9ade01b19c7a,interfair/training/states/runs/confirmation/hmda_md/1007/erm_source/DONE.json,18ede151e55264f95958200a925a31322090b28cd5b7a025a0cc408a4ac4e005,interfair/training/states/runs/confirmation/hmda_md/1007/erm_source/EVALUATION.json,afd48ca8cb43a7f3c529274f6513c0ca5b42c4b74252c97ef85a69b80fbdaeed,13,True,12.85616160009522,cpu,3080,published-pipeline fitting protocol,confirmation
hmda_md,mlp,1007,hifi_shared,0.8590929458633959,0.9481146893524632,0.9188971624069229,0.8656666666666667,0.10321002434590322,0.34298804734535626,0.09339238980228076,0.06710712348519818,0.11570196275582934,0.040821857168115594,0.09339238980228076,0.9795889237796175,0.5522589345920431,0.9049357992696431,8489,0.9387670666115019,0.45886654478976235,0.7892338365138137,3511,0.18740207659474825,0.8034513787987071,0.03435974511006999,0.056983525372551955,0.04278950102866515,0.07032819430455377,0.03253011016835251,0.18355130566754668,0.761573742328858,0.03385950864128898,0.07008795159167816,0.03922751541798681,0.06275142092753223,0.05118085397050917,0.01164838867411893,0.016864548392707433,0.06275142092753223,0.04025322078079253,0.3665040557773164,0.23669537756033548,0.26321565008564973,0.16360543007048847,0.21812414372220018,0.1295123039071029,0.19213173992648974,interfair/training/states/runs/confirmation/hmda_md/1007/hifi_shared/selected.pt,ad4008c9a4d998b05c6a9fa06a7a726203de23deea8ae61995900a1782975f3c,interfair/training/states/runs/confirmation/hmda_md/1007/hifi_shared/audit_current.npz,3c8d7db24b10ae1885b8e2aa66eaaf469d35c2b1134f79a066b527d3b7eb9374,interfair/training/states/runs/confirmation/hmda_md/1007/hifi_shared/DONE.json,9de993d9d0e0ebefd1f7d2b96ac9190dc5056a04941eabdc7a33b9af20177c29,interfair/training/states/runs/confirmation/hmda_md/1007/hifi_shared/EVALUATION.json,c9f5f65857c3ccc6048856aceb18184f833d6568a9a19e1b03636b4530054085,13,True,33.2890317220008,cpu,3080,published-pipeline fitting protocol,confirmation
hmda_md,mlp,1007,ltdd,0.8481008641781758,0.9435519931190915,0.9136569711171106,0.85875,0.10781814305692311,0.3601768689269088,0.08165978592235462,0.06567422226766104,0.12106366880402375,0.04968865861296745,0.08165978592235462,0.9644590351127605,0.5158462575859744,0.8860878784309106,8489,0.9147703764997931,0.43418647166361973,0.7650242096268869,3511,0.4010072760592577,0.9070112459708397,0.05744410743621357,0.08448163036782284,0.09415998788957183,0.09529623643655835,0.04271983811962875,0.298703880296669,0.8449606350107531,0.0475415569458968,0.08869328791324499,0.0737196246029268,0.0789699741951978,0.1435383373281575,0.019446698700468935,0.031163582416358887,0.0789699741951978,0.041751551098058615,0.4900006118630977,0.32189768508243516,0.3747857339406967,0.22238884481035343,0.311610748442531,0.17882086965100089,0.1099632984566439,interfair/training/states/runs/confirmation/hmda_md/1007/ltdd/selected.pt,41ce4b2179a2439b50a5e66dac6976bd504c575c42c049bbce332d0ce0157c7b,interfair/training/states/runs/confirmation/hmda_md/1007/ltdd/audit_current.npz,99d20d404e47bfbc59814c244be158c280e84c5a125a7585c39b54f21f9572be,interfair/training/states/runs/confirmation/hmda_md/1007/ltdd/DONE.json,b10a8df6cf8edba5eb0e13fa09827ccf84f4ac7d38b8994a7b47bb2755984e36,interfair/training/states/runs/confirmation/hmda_md/1007/ltdd/EVALUATION.json,573412fbf6f34574685947f32bdd66b8e0ec7902ea6b1ea7ae7b72a07749e42b,19,True,12.237998688942753,cpu,3080,published-pipeline fitting protocol,confirmation
hmda_md,mlp,1007,reweighing,0.8527827061083006,0.9455690644104284,0.9122518259438329,0.8578333333333333,0.10739983592288455,0.3544675561322033,0.03875400374949023,0.036553694211169746,0.10443622334450686,0.03875400374949023,0.03435338467284926,0.9510419640308307,0.4612272420768712,0.865472965013547,8489,0.9122879602813405,0.42687385740402195,0.7610367416690401,3511,0.23703845436033563,0.8319833415579617,0.03578647751321783,0.05422360014894178,0.06358185631225476,0.0848348629095145,0.03245010625110859,0.2243180004384497,0.7921615957679634,0.0353200314857127,0.06143518860595821,0.05448267810081773,0.08000976073092231,0.05628885407853007,0.012222869498739547,0.015188591813480269,0.08000976073092231,0.05678789931542917,0.36696152450069625,0.23214868852945345,0.28184656887843873,0.1750203061932172,0.23836594808513267,0.14416851173327241,0.1609236661641762,interfair/training/states/runs/confirmation/hmda_md/1007/reweighing/selected.pt,1ebe88e817784feef9dfd2d29aff4e3cb93da15b6578795dc539b6cf4fb7347c,interfair/training/states/runs/confirmation/hmda_md/1007/reweighing/audit_current.npz,736fb83be8730d9c2786b3db5c64e41ad1a8909e81f784a8c8e2488e0ee74733,interfair/training/states/runs/confirmation/hmda_md/1007/reweighing/DONE.json,8838dc26e5d41e627cb05fa7f7c913995fe53bdda2fb3ec8b02f758fc27401f1,interfair/training/states/runs/confirmation/hmda_md/1007/reweighing/EVALUATION.json,0b55dde1da48ca3220cc9654dbc1c23a34cb3df03adb698a5a31ba16396b06be,15,True,12.701992947957478,cpu,3080,published-pipeline fitting protocol,confirmation
hmda_md,mlp,1008,cot_phi,0.8497492759461931,0.9436401446438285,0.9160825155217304,0.8603333333333333,0.10734423738709478,0.35814485635805915,0.009160893003703485,0.004771829402020755,0.0650074439154743,0.009160893003703485,0.0003827658003380252,0.9731658578361404,0.5434929197572488,0.8981034279656025,8489,0.9640049648324369,0.5438756855575868,0.8330959840501282,3511,0.22741006721559126,0.8348042856836513,0.027025528487139995,0.032931555705897946,0.04233087044875809,0.05790374420844945,0.022863671190581445,0.15840917063367646,0.7295478089276837,0.02450658475849027,0.04272446160440277,0.025493747190837898,0.050702010035719294,0.023670281831572035,0.005792679930579229,0.006927956675201933,0.050702010035719294,0.0395736269274615,0.26898525748976254,0.15914062071327725,0.17740916561489006,0.09925343404295163,0.13849799479667074,0.0757498045378163,0.23545435550899985,interfair/training/states/runs/confirmation/hmda_md/1008/cot_phi/selected.pt,8485190d83f4cdfb689e21869846f3468c63fe60ba84189b40a661532894a71d,interfair/training/states/runs/confirmation/hmda_md/1008/cot_phi/audit_current.npz,76fceafd87d9f6dace104485348e087e7d3ed79385100c9fc4fbd6aa82188cc5,interfair/training/states/runs/confirmation/hmda_md/1008/cot_phi/DONE.json,7a09373efbe2e8521ad8282b13a1c5a9b845c3ec1987236f130983550a5a2f87,interfair/training/states/runs/confirmation/hmda_md/1008/cot_phi/EVALUATION.json,651e286b0388104ac68e63c8c537fc26f956b800269032a21cac3e4d15a4b659,13,True,12.435357628040947,cpu,3080,published-pipeline fitting protocol,confirmation
hmda_md,mlp,1008,dralign,0.8424855735915775,0.941109294397682,0.9112780428382905,0.8543333333333333,0.11056869800424633,0.36457436588974806,0.12273283686780467,0.0748327409937603,0.010654933375169873,0.026932645119715937,0.12273283686780467,0.9457607764773052,0.4531355360755226,0.8597007892566851,8489,0.9726934215970211,0.5758683729433273,0.8490458558815153,3511,0.2768621166111693,0.836573580474022,0.044397731506484045,0.0740822845346351,0.06271091857261239,0.07514796413209057,0.032812509829480384,0.343995227795278,0.8211812469595146,0.05423107410210526,0.08881442462368747,0.08106167517918961,0.06896694961101384,0.07105516440002507,0.0133540943968467,0.02163845742332059,0.06896694961101384,0.04397066774639741,0.4202213163213469,0.24540584749342947,0.3133737274910898,0.17850437021769136,0.2627506940950372,0.14539669393175453,0.13929120029306097,interfair/training/states/runs/confirmation/hmda_md/1008/dralign/selected.pt,2616bcb1f745da38a8f79d6fe55ea1870cef4819f952de3116c968685de427a1,interfair/training/states/runs/confirmation/hmda_md/1008/dralign/audit_current.npz,e556b2b504395bc9040a97c9d69887be8aea708047cb4f477359700eac331a5d,interfair/training/states/runs/confirmation/hmda_md/1008/dralign/DONE.json,701841d7f9d6be3f48b18653300595db1e7a19cc606bd170c77c7af6baa52de1,interfair/training/states/runs/confirmation/hmda_md/1008/dralign/EVALUATION.json,78ca1d82c223dbf605b7147c339295a40d49f3bc604f596d7a1baa059ca44f1e,4,True,10.900652198004536,cpu,220,published-pipeline fitting protocol,confirmation
hmda_md,mlp,1008,soft,0.8495696446302035,0.942743681549399,0.9168157423971377,0.8605,0.10640901524814736,0.35272632535311604,0.018110184775413152,0.012174943201791022,0.055534900846267554,0.006239701628168892,0.018110184775413152,0.980588067370825,0.5650708024275118,0.9079985864059371,8489,0.9743483657426562,0.583180987202925,0.8524636855596696,3511,0.004492557127996651,5.135051864023827e-05,0.0006891208340438521,0.0016553432832947562,0.0,0.047240878408578595,0.008452537027399473,0.003863941932490929,0.0,0.0005166045947411491,0.001954260143581462,0.0,0.04518185697465999,3.6807014233579635e-05,6.978728239963192e-05,0.00033921302578018993,0.04518185697465999,0.04504239063823906,0.016132313938623407,0.01546262933667509,0.004161055229779397,0.004161055229779397,0.001668093408875509,0.001668093408875509,0.9958389447702206,interfair/training/states/runs/confirmation/hmda_md/1008/equality_direction/selected.pt,ec8d1b95a157b120b19aee6a48a883bce1a6ac99403ca6a0349ce155d1012584,interfair/training/states/runs/confirmation/hmda_md/1008/equality_direction/audit_current.npz,0b6c3c7d0e99455835e3bf818d3ae0406c9f80059aa273c0a102c3cef583ad52,interfair/training/states/runs/confirmation/hmda_md/1008/equality_direction/DONE.json,e189095f09040bf94cff41f67d994348e058a5c132f59e3dc82c97c9797e284f,interfair/training/states/runs/confirmation/hmda_md/1008/equality_direction/EVALUATION.json,3b0eb585cdbca8b1681347c12dfa26b920bbd167c9acd49a61c0392e916ebdba,35,True,368.6197016959777,cuda,3080,current full IS,confirmation
hmda_md,mlp,1008,erm,0.852742637041254,0.945519157598142,0.9174881160870653,0.8625833333333334,0.10526324424688077,0.3502387518351815,0.045725412074196226,0.03304403179003451,0.08546191380277035,0.020362651505872797,0.045725412074196226,0.9781615757921781,0.5603506405933918,0.9051713982801273,8489,0.9577989242863053,0.5146252285191956,0.8197094844773569,3511,0.22310502307814842,0.8309590964018922,0.03626677658293688,0.051559538888294724,0.056941139263455266,0.07440484130151671,0.03380199158778873,0.21776920143513703,0.7785478443698275,0.034490533995443905,0.052457675957096,0.05530745281203539,0.06908931384718375,0.06766768560772728,0.013094051621274944,0.01771125445646403,0.06908931384718375,0.0440107618520485,0.3666956504760991,0.23090203689431185,0.2800514630318286,0.1690971948281738,0.24028003400958164,0.13937931606952778,0.17792616176910264,interfair/training/states/runs/confirmation/hmda_md/1008/erm/selected.pt,c2edf4074e7644a34b7f8fdb48f0ee47fb61e35743f615d37c888709b364f574,interfair/training/states/runs/confirmation/hmda_md/1008/erm/audit_current.npz,1be8f92df66558d88a6cd74b6bf30ba9b7b5799af8cd94443ea8a4519a3a2f32,interfair/training/states/runs/confirmation/hmda_md/1008/erm/DONE.json,33456912419c0f06c02262f792aa7df8a8f84011137c7bc06f361070a2e593db,interfair/training/states/runs/confirmation/hmda_md/1008/erm/EVALUATION.json,6fb982c693f1490fc432f185bf50cd6d6995a76438c5fd0a51e38d8b1b9204b3,15,True,12.089856378966942,cuda,3080,matched primary ERM,confirmation
hmda_md,mlp,1008,erm_source,0.8546932964121384,0.9462992412569016,0.9168806323314705,0.8624166666666667,0.10460320192976799,0.3469208904420378,0.07515584916685258,0.0533509466080494,0.10329986577029893,0.031546044049246214,0.07515584916685258,0.9744504710248358,0.5495616992582603,0.90022381905996,8489,0.9429044269755896,0.4744058500914077,0.796923953289661,3511,0.2164807745516843,0.8327322266430173,0.038300302623913346,0.05660816492296309,0.06594885617339871,0.07770937848978335,0.037098281826069585,0.20864926317413507,0.7732457830085675,0.035591096382617385,0.062160065223670735,0.0685727633781642,0.0677214282221039,0.1044152177895866,0.020698308413797807,0.02926551883669217,0.0677214282221039,0.027685991209876415,0.5011151721783149,0.34896277413974225,0.4111366704315687,0.26766847183923365,0.35811347080782613,0.22610975154204327,0.150110919850166,interfair/training/states/runs/confirmation/hmda_md/1008/erm_source/selected.pt,4ceb0029b81f34bbc22d25361af7a82edc7ea6049fc56ef8771de996b84272e2,interfair/training/states/runs/confirmation/hmda_md/1008/erm_source/audit_current.npz,ab9d2351a62272665a0f08f618bf3ef86ad757f6a2ae9a45d59b1c6c84c0ef98,interfair/training/states/runs/confirmation/hmda_md/1008/erm_source/DONE.json,eba0f75dde44bd672713618e3270b028fb2db227a1f9e6b4c8ec49fe2d7b982a,interfair/training/states/runs/confirmation/hmda_md/1008/erm_source/EVALUATION.json,9e34d05deff5ca84dbd47e6915db5bd218df5d1a5f539a2aad91be874ba2a3d4,16,True,13.168766879010946,cpu,3080,published-pipeline fitting protocol,confirmation
hmda_md,mlp,1008,hifi_shared,0.8582682561031921,0.9478494517839944,0.9178240160441213,0.8634166666666667,0.10390459195022463,0.3461983068453857,0.0574586323241712,0.044239545528698604,0.09725729804170657,0.03102045873322601,0.0574586323241712,0.9793034541821296,0.5556304787592717,0.9052891977853693,8489,0.9482829954489036,0.49817184643510054,0.8080318997436627,3511,0.19732861565660967,0.8101769134611095,0.030651462468785105,0.04348127091922094,0.04711192544246318,0.06630281559657164,0.03168238906398392,0.18899804388502808,0.7502735981842796,0.03003497098423127,0.04964485508352227,0.046856710533024905,0.06160974745708557,0.03187761742825319,0.008640038722891026,0.010585583851847212,0.06160974745708557,0.045236247265993366,0.34092895497658743,0.20917890499776554,0.24427413954252628,0.14535667484197567,0.20284160354941236,0.11161559100162521,0.20487148809206535,interfair/training/states/runs/confirmation/hmda_md/1008/hifi_shared/selected.pt,0e82226d054425944ba1708276d2c54243a906d1e2220078078e004cdc5049cb,interfair/training/states/runs/confirmation/hmda_md/1008/hifi_shared/audit_current.npz,a4e7e012e54ebdb735c654c70e53d3f2372d1d09f08af7dd894dce9c8468cc41,interfair/training/states/runs/confirmation/hmda_md/1008/hifi_shared/DONE.json,c2821d85d603e67188485732828b46b92237d4d82a63a98e4d0e8fdbcc650992,interfair/training/states/runs/confirmation/hmda_md/1008/hifi_shared/EVALUATION.json,c25559e466219c749ee683e292dd8fa0712d18f21aaa4b31ce308f107e95d52e,11,True,32.12187932792585,cpu,3080,published-pipeline fitting protocol,confirmation
hmda_md,mlp,1008,ltdd,0.85140065274281,0.943857625218142,0.917396998086028,0.8633333333333333,0.10490932051564296,0.35060083693398975,0.07158953206418633,0.0538650387966991,0.1062658566740029,0.036140545529211865,0.07158953206418633,0.9757350842135313,0.5441672285906946,0.900341618565202,8489,0.9395945386843194,0.4725776965265082,0.7940757618911991,3511,0.3282987523822143,0.8832810146062968,0.04431165351941049,0.06211734231714848,0.08794035779539214,0.0818879657909842,0.03851641448787964,0.22341686382124185,0.7944746761398275,0.03613158746018833,0.0678306408489575,0.05690325333300608,0.0694389576684449,0.06079471818338569,0.011999219805006539,0.017707479133755265,0.0694389576684449,0.04663510889223989,0.4070432062263981,0.25833289559243766,0.2971257136226003,0.1750083564055551,0.2431665839365574,0.13887847947263116,0.15536488881317487,interfair/training/states/runs/confirmation/hmda_md/1008/ltdd/selected.pt,48628ef2b6a724d6d87caf63fc76addf80edab6b04bdd391a37dab961ec63be6,interfair/training/states/runs/confirmation/hmda_md/1008/ltdd/audit_current.npz,95f0e40387970d96f0e0d638c76c6866439d89390e85ffeacc46233549f3c483,interfair/training/states/runs/confirmation/hmda_md/1008/ltdd/DONE.json,483e6546c4a4f3d7023ec923c91bcafc1eaeacf6993c99888ad05a593bc92102,interfair/training/states/runs/confirmation/hmda_md/1008/ltdd/EVALUATION.json,f3b8503a52ec1287d7ac206958221547354a2a6717be5f0b0cbb05e76af1a5c5,12,True,13.16177881299518,cpu,3080,published-pipeline fitting protocol,confirmation
hmda_md,mlp,1008,reweighing,0.852161367892883,0.9446591363858622,0.9162916291629163,0.8605,0.10665174298501419,0.35536253435784076,0.030412314580479993,0.01605574528450132,0.05156286660314913,0.0016991759885226498,0.030412314580479993,0.9727376534399087,0.5354012137559002,0.8963364353869714,8489,0.971038477451386,0.5658135283363802,0.8447735687838223,3511,0.1783852775571055,0.7882341084693502,0.02136338847887042,0.025031581296385372,0.03245580090370562,0.05852068396458562,0.022907613471224973,0.16576259723148284,0.7051856988026528,0.02269430563677707,0.03634574676586743,0.019865250656981668,0.05407745177264506,0.03623663509232717,0.007383916372563933,0.007254349485530442,0.05407745177264506,0.03972973712524096,0.3193099925747672,0.22101861381394353,0.21752859685590895,0.14816272108472556,0.16992625527030147,0.11357215324620133,0.2557237502772594,interfair/training/states/runs/confirmation/hmda_md/1008/reweighing/selected.pt,897d94ab605d7b35b619badfca8394c7055f6499338c4a7938912b35f36c7311,interfair/training/states/runs/confirmation/hmda_md/1008/reweighing/audit_current.npz,1f05c87f68161abb6ce92621c76ea7a05294ce0811e0fdc6e1899c839b9e2fb2,interfair/training/states/runs/confirmation/hmda_md/1008/reweighing/DONE.json,1649d7b0a87b5cc963dd740fa3592114169a8e1039733e456f36a75c93729036,interfair/training/states/runs/confirmation/hmda_md/1008/reweighing/EVALUATION.json,4d22099a5f6b32cca474f4f38796db13dc3d2592a552560cb039cde899f50bf2,13,True,13.132109244004823,cpu,3080,published-pipeline fitting protocol,confirmation
hmda_md,mlp,1009,cot_phi,0.8501924035884918,0.9434650502284387,0.9116691589748879,0.85725,0.10838305381643666,0.35959786351667494,0.03364448771435469,0.01705030077525313,0.0926247679113208,0.03364448771435469,0.00045611383615157264,0.9467599200685127,0.4383007417397168,0.8579337966780539,8489,0.913115432354158,0.43875685557586835,0.7653090287667331,3511,0.3819923230524968,0.8970243645222118,0.048216224924358383,0.06758606271375453,0.07304971530225339,0.0863787057654555,0.03620601103070863,0.2688326686234922,0.8364536302511474,0.043930121690984376,0.0761953902247466,0.05953385217555815,0.07774348864270987,0.11382271599264471,0.01800151989161561,0.02903659637345956,0.07774348864270987,0.04298991976684269,0.3838633308291481,0.24497062113799725,0.3052945099419682,0.18192692505433683,0.2697391862989613,0.15777240824784053,0.12316834918490346,interfair/training/states/runs/confirmation/hmda_md/1009/cot_phi/selected.pt,b56404f8f6ab8e4e7d847baaea5c9ddd518b4e4d37dd4da739ca42ac3253a413,interfair/training/states/runs/confirmation/hmda_md/1009/cot_phi/audit_current.npz,31f0c476a5c06701df139784b981c22a292edf137b71967201cf206b8bde4eee,interfair/training/states/runs/confirmation/hmda_md/1009/cot_phi/DONE.json,def9eac378fcfdd74c0f523638fc39b6cf666ba63d2c4105c80e09e2e3e25757,interfair/training/states/runs/confirmation/hmda_md/1009/cot_phi/EVALUATION.json,000bb868e3f44fee3b4218f47f4891e1a78d1fd15cf44ee811016fd3d2d6a179,19,True,12.999612746061757,cpu,3080,published-pipeline fitting protocol,confirmation
hmda_md,mlp,1009,dralign,0.8400284914539845,0.939015447977076,0.910671370864652,0.8544166666666667,0.11208577978658514,0.36862760856831167,0.11477549953710608,0.07432311257773455,0.010483988208776163,0.03387072561836302,0.11477549953710608,0.9363402797602055,0.428186109238031,0.8475674402167511,8489,0.9702110053785685,0.5429616087751371,0.837083452007975,3511,0.2338429042685213,0.8031798345815653,0.03744744627815685,0.07338493334976567,0.05308973645654699,0.07938899747505065,0.03282458567420931,0.27474942149608517,0.7728591939496113,0.043985381396108914,0.08831524150688609,0.06994957612960045,0.06641478555521041,0.059250936266881854,0.014100860345423303,0.023832708386259602,0.06641478555521041,0.03963430621796731,0.4005036162693453,0.25679438998987125,0.3119375147590185,0.18641173376852602,0.2594278049689118,0.1574135136071578,0.17339265437725765,interfair/training/states/runs/confirmation/hmda_md/1009/dralign/selected.pt,f75103c7c5567b0b2105a449c41ee9e8683dc2ab9db9120dbab962e3df4bfbad,interfair/training/states/runs/confirmation/hmda_md/1009/dralign/audit_current.npz,bb6f1cd2e118d909cad9afc58d9ef3fdb1f664e9c30c9c829ff3fa2503de395c,interfair/training/states/runs/confirmation/hmda_md/1009/dralign/DONE.json,ec46189b224d6c3fe77b932dc348619af76d05bce650c936177639924122272a,interfair/training/states/runs/confirmation/hmda_md/1009/dralign/EVALUATION.json,16124435334b32e57f00386c1f98498bb09ee0e21af0443e27c66ac08fcfb431,4,True,10.822010642965324,cpu,220,published-pipeline fitting protocol,confirmation
hmda_md,mlp,1009,soft,0.8506766710026092,0.9437102220883613,0.9171205069808892,0.8605,0.10662511593693284,0.352898968914479,0.015398156560457843,0.0095642270250072,0.052978742171709614,0.0037302974895565555,0.015398156560457843,0.9838709677419355,0.5805799055967633,0.9134173636470727,8489,0.9801406702523789,0.5959780621572212,0.8604386214753631,3511,0.004654381900672091,0.0,0.0005866842010929523,0.0011323794724039365,0.0,0.048810580903175964,0.009253488690900537,0.003815069462254612,0.0,0.000510406041533763,0.001955722340774689,0.0,0.04250905774884846,0.0002039317548504204,0.0001957366796756615,0.0003295978905735003,0.04250905774884846,0.04211790807052973,0.02545790935924061,0.023779621385363083,0.010043079606406213,0.009237156290795183,0.0067916997979326835,0.006635936558057294,0.9899569203935937,interfair/training/states/runs/confirmation/hmda_md/1009/equality_direction/selected.pt,78df03c107ad270160e286b8d77852e0012d0b84cc52bd9476a4ea1f94298b54,interfair/training/states/runs/confirmation/hmda_md/1009/equality_direction/audit_current.npz,770a744b469f8b5b0cabc3adec197c7aefc4361392f4dd1d8f74e08d06b1efb8,interfair/training/states/runs/confirmation/hmda_md/1009/equality_direction/DONE.json,dc5574591d08888340c00eb02d2fdb1beb0bb30baa2622c2581c826db75e3fb5,interfair/training/states/runs/confirmation/hmda_md/1009/equality_direction/EVALUATION.json,838372f1e5380377a27a815c1058ec2ba4393e69d74e847535cf0e5217dd225d,40,True,369.9300341369817,cuda,3080,current full IS,confirmation
hmda_md,mlp,1009,erm,0.8566807303738476,0.9473736416725764,0.9152473019282901,0.8619166666666667,0.10500295599252232,0.3488727834324764,0.09111551884181601,0.07891984837332905,0.13861515760557197,0.06672417790484209,0.09111551884181601,0.9666000570939195,0.49696561024949426,0.8845564848627636,8489,0.8998758791890774,0.40585009140767825,0.7459413272571916,3511,0.22284989323436863,0.8249224687657665,0.036960271819512086,0.060791573314466114,0.0454225019228935,0.0857585261621318,0.03143526655530894,0.21094885681250675,0.7809913510993228,0.038676417477231585,0.07658434004706975,0.037415587241014715,0.08462797672543709,0.06964589506429247,0.012379957771908732,0.017672812184772096,0.08462797672543709,0.060558935589057616,0.31948538356635575,0.2154425014858497,0.2388578232042742,0.1570041174075346,0.20875947916360676,0.1313726768407267,0.18097228272121368,interfair/training/states/runs/confirmation/hmda_md/1009/erm/selected.pt,fe5a967579e58c1918d6cf33cf1fbef2d943f679a03bceea901e6c96269d5a98,interfair/training/states/runs/confirmation/hmda_md/1009/erm/audit_current.npz,401e1f411842eef56c85e8e0a37283dac00ed67e2441023b8a90deeab5dfaccc,interfair/training/states/runs/confirmation/hmda_md/1009/erm/DONE.json,6ac8953afcb0bca4a09f50cfd2a8f451de38220281cb33952295218d0e60865b,interfair/training/states/runs/confirmation/hmda_md/1009/erm/EVALUATION.json,fd13eebaf3b28c177d7381eb123a499e8cfe9e1eb7a26d9437f4be406de31bd9,15,True,12.59382065909449,cuda,3080,matched primary ERM,confirmation
hmda_md,mlp,1009,erm_source,0.859107626873059,0.9483627447305841,0.9180032076984763,0.8636666666666667,0.10410561112075636,0.34539783854052286,0.10487043285203052,0.07275404947070971,0.11619973360737357,0.0406376660893889,0.10487043285203052,0.9823008849557522,0.576534052596089,0.9114147720579574,8489,0.9416632188663633,0.4716636197440585,0.7952150384505838,3511,0.18665422228869172,0.7967111644220624,0.031428648224398704,0.0514198401871755,0.03453910977286479,0.06817826006155367,0.03154439432900799,0.17369986459898837,0.7401802612249638,0.029615502583152632,0.06256047747853863,0.033572064157392285,0.06065366151850391,0.05586306957020707,0.01131626151971032,0.017659109201922516,0.06065366151850391,0.03863816451090535,0.3168246817420033,0.2109587986402627,0.23846130842789476,0.15071508515664608,0.2068673959268807,0.12487118936840329,0.22433943340624923,interfair/training/states/runs/confirmation/hmda_md/1009/erm_source/selected.pt,84c20f5050713ee85336056e8fafebc5162371fba5630f568d8c679b415c9441,interfair/training/states/runs/confirmation/hmda_md/1009/erm_source/audit_current.npz,5b9e84d790f2328d0ee9ad6fee8b520e0cc84c67cce31fb21554dd76930e0d25,interfair/training/states/runs/confirmation/hmda_md/1009/erm_source/DONE.json,d5ac735b4bc62c117294dc22eea8a2faee08b6b6678f9fb4139d1d16c75e8dee,interfair/training/states/runs/confirmation/hmda_md/1009/erm_source/EVALUATION.json,e9abda00ec17e0027518c001cc3b92ebe6901cb53d0d82a3c91a7701f01711f1,13,True,13.127321482053958,cpu,3080,published-pipeline fitting protocol,confirmation
hmda_md,mlp,1009,hifi_shared,0.8592485275029669,0.9485349261120605,0.9174771884087035,0.8628333333333333,0.10416304331142101,0.3454730566964571,0.09668873682354934,0.07059638101968055,0.11670079251118592,0.04450402521581176,0.09668873682354934,0.9824436197544961,0.5738368172623062,0.9110613735422312,8489,0.9379395945386844,0.47714808043875684,0.7943605810310452,3511,0.18869528707521555,0.8019543661439024,0.031728690355008596,0.05107623863996827,0.03449441097776198,0.06837369319190237,0.031201615071316476,0.1728072315621862,0.7512086593657077,0.030072576433606484,0.05994351772962838,0.035573373901916776,0.06102515326487997,0.05665950411509049,0.010859143774617178,0.016346543776657393,0.06102515326487997,0.039971588244810174,0.3139037599397571,0.20525106474696064,0.2294900731550223,0.14756019647058338,0.19509081223769972,0.12232799113544619,0.2146394554333649,interfair/training/states/runs/confirmation/hmda_md/1009/hifi_shared/selected.pt,b3e7da57b469c0154cad0b156c7ad8bc663abf78ec0f192eab9ad6421460224b,interfair/training/states/runs/confirmation/hmda_md/1009/hifi_shared/audit_current.npz,089c58ec72be3574ef3225764cc9594b26356b7684ed683e04faff388e56c221,interfair/training/states/runs/confirmation/hmda_md/1009/hifi_shared/DONE.json,07c9030c32adaedb5e9398e265095739c474379a0f41553692e1789a0a37c877,interfair/training/states/runs/confirmation/hmda_md/1009/hifi_shared/EVALUATION.json,f238174a9d2a717700aeebc194f3266614c0e4a8ebdb1fae94fe44410f23f6a6,13,True,32.866058357059956,cpu,3080,published-pipeline fitting protocol,confirmation
hmda_md,mlp,1009,ltdd,0.8516425290689139,0.944894210405732,0.9123403378656778,0.8581666666666666,0.10821735919155615,0.3591304904782629,0.07030193503213139,0.06264646136016247,0.12593317355859757,0.05499098768819355,0.07030193503213139,0.9540393948044533,0.47066756574511126,0.8695959476970196,8489,0.8990484071162598,0.40036563071297987,0.7436627741384221,3511,0.3880487230879266,0.9046447112726441,0.05193770104282252,0.07643192110001466,0.0962003212683533,0.1063668092677147,0.039406734902964015,0.31640683033973055,0.8763864964718595,0.04700027437463347,0.08270475892549993,0.08842485753898516,0.09044561083742042,0.09062515139664934,0.015468565318174232,0.027219448629135435,0.09044561083742042,0.0614680134504566,0.38221842632821856,0.21657330386499657,0.30589256610615434,0.17010591752019077,0.2602113974744523,0.14237464813492806,0.09419694760243996,interfair/training/states/runs/confirmation/hmda_md/1009/ltdd/selected.pt,36fa52afdd8ae8879514e13d63b2ed6405eb726291b0a06713a5d810ddd25a2e,interfair/training/states/runs/confirmation/hmda_md/1009/ltdd/audit_current.npz,fe35a05d0287b585816b29ce09ebce48867c98482f4c1be24e9cb63065ed0ddf,interfair/training/states/runs/confirmation/hmda_md/1009/ltdd/DONE.json,600f46da5db507da70dc94140eb616688874388f1d242a251e83e4e02827a90a,interfair/training/states/runs/confirmation/hmda_md/1009/ltdd/EVALUATION.json,374447c676f1efd6f60ac658377fdcbb2ae785171409d455fe92423908318b3c,19,True,13.306824123021215,cpu,3080,published-pipeline fitting protocol,confirmation
hmda_md,mlp,1009,reweighing,0.8538765751662958,0.9455527812621414,0.9176728869374314,0.8625,0.10567909413174081,0.35050252540733406,0.010962141318859309,0.009870091902643263,0.061577468574859906,0.008778042486427218,0.010962141318859309,0.9781615757921781,0.5475387727579232,0.9029332076805278,8489,0.9693835333057509,0.5585009140767825,0.8413557391056679,3511,0.185520791080115,0.7978810375587939,0.02235370737899215,0.03179063681821869,0.03417646362106584,0.0627748221633531,0.025882137281470045,0.18295224605739227,0.7494710417952396,0.022434656624709847,0.0350884112304969,0.037843690424521216,0.05523618601836158,0.055168922864145105,0.010291329490339339,0.012729722105429999,0.05523618601836158,0.03534259038284912,0.33907220234184704,0.2137854040481717,0.23957480785930796,0.15426646757270368,0.19796101465538452,0.1300135885699103,0.21479233338331666,interfair/training/states/runs/confirmation/hmda_md/1009/reweighing/selected.pt,fc6e0f03b810a96a1de861f6d0441319eaef14add60d178cb3df9c719b275df1,interfair/training/states/runs/confirmation/hmda_md/1009/reweighing/audit_current.npz,8b851aa2a0d5ac147cd8e7f1d81284a2cf8f3a4368889d4af1c358111b425c4f,interfair/training/states/runs/confirmation/hmda_md/1009/reweighing/DONE.json,d8192a854d18d4f313715451eb62c65e3c0ba2a8855b3f4c7ca431733ee02ad1,interfair/training/states/runs/confirmation/hmda_md/1009/reweighing/EVALUATION.json,c872006bd624a5694b3db5b09d3c4d54162c2409d19c1f10a66c2398c4dd4241,13,True,12.568832040997222,cpu,3080,published-pipeline fitting protocol,confirmation
hmda_pa,mlp,1000,cot_phi,0.8331005308492365,0.9363811690351174,0.9106270358306189,0.8536666666666667,0.11223727678653457,0.36911757166256204,0.09393855007890095,0.07395139447388743,0.1551650305468465,0.053964238868873915,0.09393855007890095,0.9556983429151167,0.5149911816578483,0.8659664242750695,11139,0.9017341040462428,0.42105263157894735,0.710801393728223,861,0.240320316198093,0.829619428844025,0.04644848055043622,0.06209558597954146,0.05133184424386736,0.06136934223326045,0.03108668674847339,0.18469573697578268,0.7659065068182651,0.04587040090540586,0.07260606369824602,0.022034539930461203,0.058168914408793335,0.07073239983216126,0.009879467568146762,0.010297347892584626,0.058168914408793335,0.03882562412103774,0.36090106490139967,0.26294576602233344,0.254216140103673,0.1688952886935918,0.2103543490849118,0.12439320284156846,0.18283628667948082,interfair/training/states/runs/confirmation/hmda_pa/1000/cot_phi/selected.pt,782ee4871dfb0bb45bf32fa9bbfaeb4df1bb8d08803b4e14ef13d73375af9646,interfair/training/states/runs/confirmation/hmda_pa/1000/cot_phi/audit_current.npz,c491a3605522eb2d44c2887ff6a785311d81887b5a69ec397888b5cf901b55c2,interfair/training/states/runs/confirmation/hmda_pa/1000/cot_phi/DONE.json,027f8f6b8e236b73b83cd8e6f759a082d58e92a4a289ddfe7d10727ac05d2ba1,interfair/training/states/runs/confirmation/hmda_pa/1000/cot_phi/EVALUATION.json,3cae2d95ad81a4e6bab51ce66542a19feea4ac7c1382e00cca8d4a955ae69fab,11,True,15.06185633491259,cpu,3080,published-pipeline fitting protocol,confirmation
hmda_pa,mlp,1000,dralign,0.8247046054537517,0.9336710807929408,0.9002857885164978,0.8400833333333333,0.12142134164309096,0.3925510197794941,0.019539589715028283,0.018113863306829098,0.07269089081179758,0.016688136898629913,0.019539589715028283,0.9216548303460714,0.4541446208112875,0.8264655714157465,11139,0.9383429672447013,0.47368421052631576,0.7537746806039489,861,0.2565375965260718,0.8132254155522224,0.043209810042596324,0.08326679402942525,0.06643966680361325,0.07995610107877721,0.0365790972444826,0.3395855021103962,0.8486961540988532,0.05710713464073288,0.10216077401053075,0.1244426067537583,0.06821113459770066,0.1035236531530929,0.01798954622415235,0.022339488227712655,0.06821113459770066,0.03484123261846752,0.4904199058698632,0.28850881306094317,0.4224411991067738,0.23749038924674465,0.362789275044183,0.19974595194668826,0.09281403597249996,interfair/training/states/runs/confirmation/hmda_pa/1000/dralign/selected.pt,2d1584e2133e7e36ec6d69282b49207533e3f8117860dad803a1351e74808a74,interfair/training/states/runs/confirmation/hmda_pa/1000/dralign/audit_current.npz,6d6c109873c7c6abf877a9e2e4dd114e645a7e244ae8eb2ae8bb768a33210895,interfair/training/states/runs/confirmation/hmda_pa/1000/dralign/DONE.json,6b35bcb09af40c20a10ef4b9d861460c5e8350d1fe274b338e837b19b5f66377,interfair/training/states/runs/confirmation/hmda_pa/1000/dralign/EVALUATION.json,b73b0bc5629fdafc9b157f148a1be4aff97c2c6668fae14856131c25c3ef3e5d,17,True,3.566008197958581,cpu,40,published-pipeline fitting protocol,confirmation
hmda_pa,mlp,1000,soft,0.8340461647060744,0.9384015042335849,0.9109656950228039,0.8503333333333334,0.11357036734719839,0.3719364528106004,0.03320802005012535,0.01847540626780464,0.08584397413363531,0.0037427924854839256,0.03320802005012535,0.9786946229286438,0.6150793650793651,0.9046593051440883,11139,0.9749518304431599,0.5818713450292398,0.818815331010453,861,0.00617507234378418,0.00010262048869725182,0.0008888373894198957,0.0008362794344939184,0.0,0.04623311446557306,0.005600487898927597,0.006213675871211301,0.0,0.0008359951022569156,0.00014714537963507945,0.0,0.04838635169618408,0.00015060236586690576,0.00015645019243858748,0.0,0.04838635169618408,0.04807406723296801,0.024121191651967612,0.021276288443139432,0.009301926543692841,0.008411496675220415,0.004532813670074697,0.0040838199405075085,0.9906980734563071,interfair/training/states/runs/confirmation/hmda_pa/1000/equality_direction/selected.pt,3ed2b3f210072a440594de16888a9bb1b23ff27ca8316e2201950a0bca0c5a97,interfair/training/states/runs/confirmation/hmda_pa/1000/equality_direction/audit_current.npz,6a57a35694fc170a432e3a2f50083e559e0135e4302181a0f89c54365ee25546,interfair/training/states/runs/confirmation/hmda_pa/1000/equality_direction/DONE.json,75669b6d6911b1d9171085bc741d0c5b6a01c5cdc477c8c3debc7616234441d2,interfair/training/states/runs/confirmation/hmda_pa/1000/equality_direction/EVALUATION.json,03bd9c1ad257a77b96cdc77946c03ef1985d636bd34cf38e32abf35ffdd822c2,25,True,105.24767488695215,cpu,3080,current full IS,confirmation
hmda_pa,mlp,1000,erm,0.8351189412393556,0.9379141262019788,0.9109270854372854,0.853,0.11164555358406869,0.3665008479583333,0.2007565209319595,0.14886710148396193,0.2167160427327408,0.09697768203596435,0.2007565209319595,0.9659564874309547,0.560405643738977,0.8833827093994074,11139,0.8689788053949904,0.35964912280701755,0.6666666666666666,861,0.14199972128383484,0.7241255264149024,0.030763984230508704,0.06459624988722784,0.027624250440891826,0.07356862487307364,0.028161825203067366,0.17016926820344147,0.761277680341025,0.03493178407104778,0.07732004543082929,0.02463922885193003,0.07685635632583054,0.02720247858978994,0.007799546609432212,0.008343778523173419,0.07685635632583054,0.061676282816023276,0.3086196222596266,0.2270235292287598,0.2551143687546049,0.1565163690193308,0.21781817953644383,0.12056109052004299,0.18636298598207304,interfair/training/states/runs/confirmation/hmda_pa/1000/erm/selected.pt,9ca8161527eda32cc319188dbc70bbf88772c74c0dd089c36e8f60c62ce2b67b,interfair/training/states/runs/confirmation/hmda_pa/1000/erm/audit_current.npz,f0e9015a86424dd53996de69989ca499c0f13c888f12b09eca2776d12f6cebd6,interfair/training/states/runs/confirmation/hmda_pa/1000/erm/DONE.json,0029ac6182f6c753f0d86b9617aca0e45f273f151da9883792e8d3eef3464733,interfair/training/states/runs/confirmation/hmda_pa/1000/erm/EVALUATION.json,8036b27ce17175f49919e2d504b50bec1cd59b140d0cf2b5c834076cec78ba90,5,True,17.045763353002258,cpu,3080,matched primary ERM,confirmation
hmda_pa,mlp,1000,erm_source,0.835839892442845,0.9385166207359442,0.9110457450045644,0.8538333333333333,0.11141154305213816,0.3659323812563025,0.16613292490485476,0.12329496566774933,0.19648327297785695,0.08045700643064391,0.16613292490485476,0.9609965054672528,0.5374779541446209,0.8747643415028279,11139,0.8805394990366089,0.3713450292397661,0.6782810685249709,861,0.18697355128237922,0.789855595455689,0.03484857475578963,0.0654258265998944,0.03603040366542338,0.07998015193750158,0.030312676901460264,0.21506329284893733,0.8205853226477023,0.04009005062242338,0.07138785165334802,0.034211999800645945,0.07697699628625432,0.08660541977139347,0.016436240002686762,0.020033152984520755,0.07697699628625432,0.044708598566429385,0.403728031036188,0.3091122310814727,0.35123678593683094,0.2308479967843454,0.3123229849697477,0.18388760777552174,0.13086468208236285,interfair/training/states/runs/confirmation/hmda_pa/1000/erm_source/selected.pt,4c69c35e57334b891266b780182b140d7779be3cf3d093fa95c694728aa8d139,interfair/training/states/runs/confirmation/hmda_pa/1000/erm_source/audit_current.npz,ccef982beeba4819ad1726828acf4821dc8c3da955a3eb2f8430988b3261f08f,interfair/training/states/runs/confirmation/hmda_pa/1000/erm_source/DONE.json,69363739c6b73526e4528db1008ef8247c8b109d6bf30625dacbb7a462ad734a,interfair/training/states/runs/confirmation/hmda_pa/1000/erm_source/EVALUATION.json,6d6020024c3a21dd7e458767c09c1df8c8d612b7cbc968eac1edcd3d7c580d4f,8,True,16.253259885008447,cpu,3080,published-pipeline fitting protocol,confirmation
hmda_pa,mlp,1000,hifi_shared,0.8368194337336126,0.9383389043826964,0.912695193672683,0.8565,0.11046915244220948,0.36385689796999154,0.18732015223243292,0.148216293914941,0.22329743285120907,0.1091124355974491,0.18732015223243292,0.9646037650772179,0.5352733686067019,0.877188257473741,11139,0.8554913294797688,0.347953216374269,0.6538908246225319,861,0.18853446085781358,0.8047833017400058,0.03617755573474042,0.07038864781892086,0.04737422661030323,0.08568854161423839,0.03607605102252994,0.18382370167728238,0.7831685350467699,0.03677082364596894,0.08128475437797474,0.04240261296520599,0.07986908282151589,0.07440225747615521,0.014760286984342817,0.018555226100337177,0.07986908282151589,0.051044511979142025,0.35208379234921505,0.25286024210544894,0.3008033775529472,0.20274153465061043,0.26596168779847906,0.16950267745590902,0.1665130754262209,interfair/training/states/runs/confirmation/hmda_pa/1000/hifi_shared/selected.pt,d72f7d36e2be62e353cd798e3a36c76ac87f3680770b0a8bc4ba10d9dc3b969c,interfair/training/states/runs/confirmation/hmda_pa/1000/hifi_shared/audit_current.npz,1dc3d882da7b1783bbe9839385abaaa3416894a9bd760ebcd17b04549d29f581,interfair/training/states/runs/confirmation/hmda_pa/1000/hifi_shared/DONE.json,1956ac5e65efafd2df8def487f17dda9067dad602844758c14d7cc102d37f012,interfair/training/states/runs/confirmation/hmda_pa/1000/hifi_shared/EVALUATION.json,c693e17c17e410566d039cde4d2467229bd8871f113bd548802fa5862578f9ad,14,True,30.459987934096716,cpu,3080,published-pipeline fitting protocol,confirmation
hmda_pa,mlp,1000,ltdd,0.8346147364727292,0.9379538108630244,0.9086169886537871,0.851,0.11322138184842309,0.3708170993585227,0.11656455954701567,0.09122947473168488,0.17157659014549442,0.0658943899163541,0.11656455954701567,0.9502874535001691,0.5083774250440917,0.8603106203429393,11139,0.884393063583815,0.391812865497076,0.6887340301974448,861,0.3943186613665516,0.9044078668164597,0.06373344911368387,0.11162877595830065,0.12589559817813561,0.0907295196326947,0.03851537219043761,0.2672653452178317,0.8416339660203384,0.050735560013506556,0.1308110787602271,0.06689165104783873,0.08978848335179138,0.054924639526362215,0.011961668788231697,0.01794713300463765,0.08978848335179138,0.06710266102499367,0.33571061380213113,0.20099272011936845,0.27504869263728704,0.15991530495830386,0.2399186794439857,0.13567516922521278,0.1291767903791453,interfair/training/states/runs/confirmation/hmda_pa/1000/ltdd/selected.pt,c1c79d90d2f4a5b9ebd6ba238601e11945680f0d620e5afcb64997735727e1ea,interfair/training/states/runs/confirmation/hmda_pa/1000/ltdd/audit_current.npz,7839b62c15bed9ce3ae06c9832e16223f4541e7ba0020584e0a1f5e9294dbf28,interfair/training/states/runs/confirmation/hmda_pa/1000/ltdd/DONE.json,528df114f8385427b9c02f4fba6e90d4501cbce471e99521b370034075d7d542,interfair/training/states/runs/confirmation/hmda_pa/1000/ltdd/EVALUATION.json,4d9bf5b0ac5d0b0586a3243cc58299e08e37fd917915e5972905b9c12f293cb8,11,True,17.701201681979,cpu,3080,published-pipeline fitting protocol,confirmation
hmda_pa,mlp,1000,reweighing,0.8344447300666316,0.9377121018818028,0.9121833047340264,0.855,0.11089839950880791,0.3647390309029619,0.026060521674556747,0.02474636116548945,0.10750688246369211,0.023432200656422153,0.026060521674556747,0.9637019501747266,0.5348324514991182,0.8763802854834366,11139,0.9402697495183044,0.5087719298245614,0.7688734030197445,861,0.1880383420490584,0.7965566456010997,0.028338519029198376,0.04416421852120951,0.04230946556668828,0.06979464081944511,0.026547063713327206,0.18037326722215064,0.7690488011890343,0.02838552494845838,0.0469108284570712,0.04469962936846515,0.06218675683693488,0.07058302230345444,0.011683783288456128,0.010139753441442172,0.06218675683693488,0.039628722171068,0.35988991894587563,0.24320167198388468,0.2895458916146022,0.19085656228083817,0.24669413925232966,0.1566516463048549,0.1843319209180931,interfair/training/states/runs/confirmation/hmda_pa/1000/reweighing/selected.pt,dcff2884329c9fff19c860ba7e389d7ff1a271f0cd16d944c96d1bd30eb630af,interfair/training/states/runs/confirmation/hmda_pa/1000/reweighing/audit_current.npz,8fcaf15f214cff7465fbda4abbe017696ef1dbce595d07c9b77b00da2dfc40cd,interfair/training/states/runs/confirmation/hmda_pa/1000/reweighing/DONE.json,864867178a3886be2ce2ff7ca37c9fd22b455ac8df7fb44322685f286bac851f,interfair/training/states/runs/confirmation/hmda_pa/1000/reweighing/EVALUATION.json,02efadba3785e92cf53f7089931ff7290a2a3cae2ef17f10c43ac3eafb664f40,14,True,14.656291690072976,cpu,3080,published-pipeline fitting protocol,confirmation
hmda_pa,mlp,1001,cot_phi,0.836468179648195,0.9383389302915996,0.9069217319757277,0.8491666666666666,0.11371985318129522,0.37222812234014674,0.1117840898542653,0.10217326391502787,0.18833035700600553,0.09256243797579045,0.1117840898542653,0.944200202908353,0.48897707231040566,0.8515127031151809,11139,0.8516377649325626,0.37719298245614036,0.6631823461091754,861,0.31001995064857457,0.8723655569995716,0.057373082432862904,0.08073961302864542,0.05346829206749971,0.0701657849092196,0.040329915315650174,0.23615110958835178,0.8100380009061687,0.05532134107412417,0.08877047377109532,0.023068833735491907,0.0631241620969171,0.11031617759641,0.01262214122200187,0.017816489988406226,0.0631241620969171,0.03830851398381153,0.33241667844106465,0.2291793286661683,0.23804712350934437,0.15975309384524894,0.19937532221524903,0.12609096108262838,0.150621404714689,interfair/training/states/runs/confirmation/hmda_pa/1001/cot_phi/selected.pt,923f816beb6ae966bde74a211a218d7e745aacbc5bc2e65ec8c1b12961890c2d,interfair/training/states/runs/confirmation/hmda_pa/1001/cot_phi/audit_current.npz,1a3bf0160e2fe6a7e3ad105e5e24bd73e71989922437439a9551ef8eb6570af5,interfair/training/states/runs/confirmation/hmda_pa/1001/cot_phi/DONE.json,17f91798a4fe784cfc65cb45f330eca6106aff42bc48b5d3bdd9e4eed8733864,interfair/training/states/runs/confirmation/hmda_pa/1001/cot_phi/EVALUATION.json,578947fdc9e226128b5a2fc387586fa9acb64bdfd81537979b6c4e1e603ffc99,15,True,14.794870172976516,cpu,3080,published-pipeline fitting protocol,confirmation
hmda_pa,mlp,1001,dralign,0.8320910604335745,0.9375259463844168,0.9094646079807499,0.8495,0.11354531610482552,0.3712548073610289,0.056692657569850535,0.04911706775838104,0.12329033220692709,0.04154147794691154,0.056692657569850535,0.9683237515499944,0.5771604938271605,0.8886794146691803,11139,0.9267822736030829,0.52046783625731,0.7653890824622532,861,0.23623504226763728,0.8359091093514404,0.034059748071594155,0.05042073750464201,0.059585086690986916,0.07974729375413402,0.033718630482689756,0.2748963248617524,0.8073512861627323,0.03893961041410829,0.054384321982021894,0.06577013219663327,0.06855200555716354,0.11839189942906053,0.017340139081813134,0.01863305923083877,0.06855200555716354,0.035070211481306554,0.42365103160242035,0.2813357236308477,0.3451228176095043,0.21714754899482133,0.30551655894386864,0.1877942711682478,0.14921225158691942,interfair/training/states/runs/confirmation/hmda_pa/1001/dralign/selected.pt,f199e467d3454110107f4299dea6a472356449822bac20045221f9e234550874,interfair/training/states/runs/confirmation/hmda_pa/1001/dralign/audit_current.npz,5a10a18bb9bea8a584f45a7720c087576ce3ea81fbf84924986025a13f7e56ca,interfair/training/states/runs/confirmation/hmda_pa/1001/dralign/DONE.json,8445fc2a37629bb72c13ba3a16d6e59e2d549a7fbecd6b07177f7e919fd3507c,interfair/training/states/runs/confirmation/hmda_pa/1001/dralign/EVALUATION.json,73250f7ef561e9a71dd8438c313938a116243bb5762f6fb2aee666863e94cf9a,19,True,2.8872049499768764,cpu,40,published-pipeline fitting protocol,confirmation
hmda_pa,mlp,1001,soft,0.8258959151946923,0.934735830775738,0.9074092295582014,0.8431666666666666,0.11706566907270298,0.38109191323376446,0.05520746310220004,0.030954260618014817,0.03835974491482819,0.006701058133829596,0.05520746310220004,0.9817382482245519,0.6494708994708994,0.9140856450309722,11139,0.9884393063583815,0.7046783625730995,0.875725900116144,861,0.010903179753160963,0.0020328284825315603,0.0018465246739217368,0.0038881076777677864,0.0,0.042991595561261566,0.006393921337729778,0.009938066336637635,0.0017623130305888693,0.0016081338458363596,0.0026601504077679683,0.0,0.04727120407785696,3.957768661840601e-05,8.329650129426845e-05,0.00014714537963507945,0.04727120407785696,0.04710648828910093,0.01650585215028886,0.012477462898502536,0.005218198300621968,0.003880009287366798,0.002548143279989133,0.0021003841352063898,0.9930194886687892,interfair/training/states/runs/confirmation/hmda_pa/1001/equality_direction/selected.pt,712aa00034456d8b8f0470c2c1ab1d99ae3fbd56323e48cb2cd6c54c7835e2bf,interfair/training/states/runs/confirmation/hmda_pa/1001/equality_direction/audit_current.npz,8220961682b4778a6a0e4ba35eebddd50e1b278020ab2dca2176f4b8230dd562,interfair/training/states/runs/confirmation/hmda_pa/1001/equality_direction/DONE.json,016983826362ce29d7f7adae0b80978971d757e9667bdd548b7f99e61a0a610a,interfair/training/states/runs/confirmation/hmda_pa/1001/equality_direction/EVALUATION.json,5f36fda3c92dae5fd34f396ebe102d7bcf8de7e2ad44d6074d44539296eed326,10,True,107.69465286901686,cpu,3080,current full IS,confirmation
hmda_pa,mlp,1001,erm,0.8406781282770044,0.9408488590369095,0.9094071307995294,0.8524166666666667,0.11146609965351001,0.3647863758118806,0.20328599275967701,0.1651828283842329,0.24262088221282352,0.12707966400878878,0.20328599275967701,0.9536692593845113,0.5132275132275133,0.8639913816321034,11139,0.8265895953757225,0.30994152046783624,0.6213704994192799,861,0.22896988322845507,0.8407512389087908,0.04453580246789251,0.08955691281830389,0.058690479618892614,0.09273481677875856,0.03829333060870779,0.23427503684256756,0.8229527072521106,0.04074650517016982,0.09214747158915138,0.06078010094796959,0.08094956104198393,0.13129487633351325,0.02061665200422566,0.03660446951355752,0.08094956104198393,0.04078718932542149,0.39434983294507225,0.2655785987930382,0.3419660269033156,0.2137064847367545,0.3064501780350575,0.18010017166121367,0.13901326411129736,interfair/training/states/runs/confirmation/hmda_pa/1001/erm/selected.pt,3643ddf79790d22372dc9d4c4293230c921baca1c522ce4e73c7266790aed795,interfair/training/states/runs/confirmation/hmda_pa/1001/erm/audit_current.npz,6ca0c832e9b750eaf869667d470de46016e749397afa6e47fc37ebf13007d2fd,interfair/training/states/runs/confirmation/hmda_pa/1001/erm/DONE.json,767e511b472972295ba40c7a3b5cd03d6c8d75399aa3e7db501e04c415af6512,interfair/training/states/runs/confirmation/hmda_pa/1001/erm/EVALUATION.json,ced79153aca5238b9d924e2c5822ecd9f9f1ec2d6dfbc864fe04d56ac18a09f4,15,True,14.89126353804022,cpu,3080,matched primary ERM,confirmation
hmda_pa,mlp,1001,erm_source,0.8405073670122695,0.9406912000029086,0.9085881087724689,0.85125,0.11157639371133715,0.3650946262036415,0.20825211176088376,0.1697106098241553,0.24690191382695637,0.13116910788742686,0.20825211176088376,0.9519783564423402,0.5123456790123457,0.8624652123170842,11139,0.8208092485549133,0.30409356725146197,0.6155632984901278,861,0.22652703068480415,0.8393888798971018,0.04440595499031283,0.0862479079616362,0.05824718338709727,0.09273329483810942,0.03773194764842995,0.22732115072414572,0.8127121360237403,0.04000450537513432,0.09062826146377864,0.060476239052663104,0.08119400822694689,0.12216146983182768,0.01975308310394236,0.03523866938917872,0.08119400822694689,0.04279826089384029,0.3917860068526319,0.26259462180395005,0.3353561021978415,0.20425882255176694,0.2981069944613765,0.1734658560401854,0.14825775179922335,interfair/training/states/runs/confirmation/hmda_pa/1001/erm_source/selected.pt,745951f5336a55ed13be0924f61bf46769631fa9f13daa4f1df8358be815f92b,interfair/training/states/runs/confirmation/hmda_pa/1001/erm_source/audit_current.npz,76e2a15f8634d7f89c009bbc5b86f958c2f225973ed923bfc3f7804b283d10de,interfair/training/states/runs/confirmation/hmda_pa/1001/erm_source/DONE.json,23825c689b47f672c51035097e7cf91dfdbdaf7b7b289a9a9ab5390205806cbf,interfair/training/states/runs/confirmation/hmda_pa/1001/erm_source/EVALUATION.json,3df988328bfbd0c1f2a6a6a89461adc3f6e88a0cba5536b8efd0bf29a129a233,15,True,18.040016663027927,cpu,3080,published-pipeline fitting protocol,confirmation
hmda_pa,mlp,1001,hifi_shared,0.8400237270431168,0.9407112424613862,0.9091002359700421,0.8523333333333334,0.11207691570473939,0.36608366063260617,0.2014759120022278,0.17085764847180657,0.2514466389710259,0.14023938494138533,0.2014759120022278,0.9514147221282832,0.5026455026455027,0.8600412963461711,11139,0.8111753371868978,0.30116959064327486,0.6085946573751452,861,0.23215666457517958,0.8452384209825428,0.046316565663151454,0.09394989963234904,0.05726267106642725,0.09405572884613818,0.038945948487875706,0.2229432621228689,0.8087995443208427,0.04151162152324986,0.0980630326145457,0.05284704402604555,0.08139159501024847,0.13447469087517044,0.021311807075848913,0.03856162048995608,0.08139159501024847,0.03982878015327612,0.3931140341948141,0.2666035682721045,0.3355059403846326,0.21520230402941012,0.30404702916314696,0.18715117585627963,0.15460404379768034,interfair/training/states/runs/confirmation/hmda_pa/1001/hifi_shared/selected.pt,2e81e96a1e89fc41ec7832f72be771762154c015dbc291453eabdca301061327,interfair/training/states/runs/confirmation/hmda_pa/1001/hifi_shared/audit_current.npz,d3a6b61166234208aecaace56f73eb8d9980ee06115b6346c44fad076b53264d,interfair/training/states/runs/confirmation/hmda_pa/1001/hifi_shared/DONE.json,bdff3ed8ebc25666e470c7aac607e85cd63e283fd86e6252f14035b33e4c315f,interfair/training/states/runs/confirmation/hmda_pa/1001/hifi_shared/EVALUATION.json,f8bba296fbd8293e6cfc7c9b237d0df573dc7dfccd35fc0d026cf63dd21c4f84,15,True,29.66953212604858,cpu,3080,published-pipeline fitting protocol,confirmation
hmda_pa,mlp,1001,ltdd,0.8349575034988718,0.9382527050885981,0.9081684944142667,0.8506666666666667,0.11385975331952924,0.3729852402109817,0.10261765524923416,0.09593465589012856,0.18192288575188476,0.08925165653102296,0.10261765524923416,0.948596550557998,0.4973544973544973,0.8567196337193644,11139,0.859344894026975,0.39473684210526316,0.6747967479674797,861,0.4412707200164026,0.917363948885912,0.07557909309069424,0.13105850210416817,0.12966129140952104,0.0971687688772421,0.04033851784653641,0.34399528317740236,0.8769656008202016,0.06037186173917552,0.13310088432165026,0.09469431849969757,0.08373508433808861,0.11675822403454743,0.018761590421820015,0.033256073791974816,0.08373508433808861,0.04836028873706789,0.4456294047493273,0.26164655834058576,0.3708002813857545,0.2005452576879133,0.3233380996259941,0.1697123062827744,0.08938541819632878,interfair/training/states/runs/confirmation/hmda_pa/1001/ltdd/selected.pt,871a8ee37518c19bade3a70e3ba539624203a3c319252103be80fb662b7d45b3,interfair/training/states/runs/confirmation/hmda_pa/1001/ltdd/audit_current.npz,65f9eb69cae5849e33d30d0740e9192210a6f96b24847074d3df4a1a8e0a7c39,interfair/training/states/runs/confirmation/hmda_pa/1001/ltdd/DONE.json,fb89b4c3b2103d01449b0ab6e4ece2959728592e17fa8b36183d9978188d82cd,interfair/training/states/runs/confirmation/hmda_pa/1001/ltdd/EVALUATION.json,7d3435eb5499bc1e18b45aea1d774c10aeb7574d0b34d6d139047117272c915d,15,True,19.145215323078446,cpu,3080,published-pipeline fitting protocol,confirmation
hmda_pa,mlp,1001,reweighing,0.8341175090481028,0.9382439372779047,0.9109000909182746,0.853,0.11181890878135846,0.36702294177550177,0.04801355239951732,0.03561536246806296,0.1148289917742008,0.0232171725366086,0.04801355239951732,0.9615601397813099,0.5392416225749559,0.8755723134931322,11139,0.9383429672447013,0.49122807017543857,0.7607433217189314,861,0.20975520151947685,0.815169953155243,0.03104552054851983,0.04951676503825715,0.04653107154345011,0.07413553510305396,0.03076012196999399,0.20249025659339784,0.7576498546063309,0.032075663035348236,0.05750496924376425,0.027332437340343893,0.07108058809497646,0.08185727252778359,0.011629885032523435,0.011351150759434504,0.07108058809497646,0.0483424960904598,0.31667836847212527,0.22423905715146777,0.24477259635922222,0.17089561144619927,0.20342968347625418,0.14500890974055813,0.1959840634444307,interfair/training/states/runs/confirmation/hmda_pa/1001/reweighing/selected.pt,3a8aa644621befa5813f45c93f015d9438f511b136e95b26f7c1368de8654e10,interfair/training/states/runs/confirmation/hmda_pa/1001/reweighing/audit_current.npz,06a68c7f987158433c321013cba3146211751fc37913f87fbf920d19a8b77b24,interfair/training/states/runs/confirmation/hmda_pa/1001/reweighing/DONE.json,ab77e3b7211fa96769d5d66c5052ebf4b7361843d63ba36769bb4daea7966c15,interfair/training/states/runs/confirmation/hmda_pa/1001/reweighing/EVALUATION.json,47a32e463bafe81a87f42b3c70cebfad69c1c261d687849cec8e59473c1d93c6,16,True,16.217916019959375,cpu,3080,published-pipeline fitting protocol,confirmation
hmda_pa,mlp,1002,cot_phi,0.8325979174062242,0.9369767574995711,0.9109847531827102,0.8525833333333334,0.11263609949666555,0.3699496115480614,0.08920449271326464,0.06940085297441592,0.14408395901895998,0.049597213235567206,0.08920449271326464,0.9667455754706347,0.5599647266313933,0.8839213573929438,11139,0.9171483622350675,0.47076023391812866,0.7398373983739838,861,0.2695562697206029,0.8629318198202753,0.04677136865632806,0.054966082963996174,0.05274379406453218,0.06326951957253925,0.029414946606264623,0.19052208738920895,0.7706513351363576,0.04540453093958648,0.06112362873582087,0.020761141760149586,0.061563545292628315,0.06568167231882625,0.00846401223994279,0.008299970243236752,0.061563545292628315,0.04504457307903717,0.29878637442039147,0.19251706375523345,0.19725699111391345,0.12266487979715934,0.15838463708962075,0.09038694819777415,0.18932380366969997,interfair/training/states/runs/confirmation/hmda_pa/1002/cot_phi/selected.pt,aa6d1975f97259cea229b1fd18971d3da8ba40a19ee3c3a6f0d698c7d9a091bf,interfair/training/states/runs/confirmation/hmda_pa/1002/cot_phi/audit_current.npz,482fb006330ea644d1cf6df4752e5521c31f4044f9a5cf0cc982d1428574bba7,interfair/training/states/runs/confirmation/hmda_pa/1002/cot_phi/DONE.json,5159b79a97c58cd84be488d83c143f985affd141d08c7122949606d9f67040d2,interfair/training/states/runs/confirmation/hmda_pa/1002/cot_phi/EVALUATION.json,92ee5b375ae88ca3f240d068b5a31afe85bd28bb1df202f15883fe2523210ba6,13,True,15.53169402293861,cpu,3080,published-pipeline fitting protocol,confirmation
hmda_pa,mlp,1002,dralign,0.8269725884306693,0.9346009045600008,0.9029086015940379,0.8436666666666667,0.11896647622675516,0.3854125643277213,0.001949317738791423,0.0018579031615394703,0.08836204402211778,0.0017664885842875178,0.001949317738791423,0.9288693495660015,0.46296296296296297,0.8340066433252536,11139,0.930635838150289,0.4649122807017544,0.7456445993031359,861,0.2265044455655541,0.8254294397096392,0.03386218726790938,0.061143888902119845,0.05061685063618782,0.0905060881694002,0.031524629257001606,0.24225188905867934,0.7972935372985185,0.03873226679309097,0.06768269368574083,0.05425716167696972,0.08130256687935582,0.1314716402204889,0.020954368174225788,0.023185745889490534,0.08130256687935582,0.040401471486355235,0.44407746525803277,0.326255212559354,0.3861344596389445,0.2654114802174965,0.3369447048969028,0.22635936473747129,0.13072184364789086,interfair/training/states/runs/confirmation/hmda_pa/1002/dralign/selected.pt,11b6073eed473babd796205c2cc9da3df334bd141f83f22c3c10b599dfa867b0,interfair/training/states/runs/confirmation/hmda_pa/1002/dralign/audit_current.npz,116e912d8babb511637cdb77736d57932baf91acb45e71eae9c7351126d9dd3a,interfair/training/states/runs/confirmation/hmda_pa/1002/dralign/DONE.json,89e388a0f3731876f283e5856ea88d52aa21a69397e42fe46c1c061bb48af59f,interfair/training/states/runs/confirmation/hmda_pa/1002/dralign/EVALUATION.json,b32613e17b651733c80b67187a87584117b30e4da24af82170a9c6a4cde46818,20,True,3.0854106369661167,cpu,40,published-pipeline fitting protocol,confirmation
hmda_pa,mlp,1002,soft,0.8272967696130635,0.9358605735999934,0.9075028215319692,0.8429166666666666,0.11656726362308571,0.3789165182213696,0.02267242179522877,0.013277654179386589,0.0506250912995837,0.0038828865635444076,0.02267242179522877,0.9845564197948371,0.6644620811287478,0.9193823503007451,11139,0.9884393063583815,0.6871345029239766,0.8687572590011614,861,0.010356970442179182,0.0015548758209388146,0.0014369173781098447,0.0016417956868653267,0.0,0.041577004493978345,0.005424872412109544,0.009726978411185088,0.0010716594470639219,0.0012343310243841184,0.0016702677258350804,0.0,0.04574089463007493,2.1279450300085127e-05,4.851155604173713e-05,0.0,0.04574089463007493,0.04564464546935313,0.013092693172703292,0.011026334851934674,0.0036021266787236283,0.0030072221543058055,0.0013545387793635162,0.0010526904294314069,0.9953262138742125,interfair/training/states/runs/confirmation/hmda_pa/1002/equality_direction/selected.pt,359afd4bc76538811db646ce658d1d77a74472de382b19c99106de9a1f113acb,interfair/training/states/runs/confirmation/hmda_pa/1002/equality_direction/audit_current.npz,ada54cac0fb8789284f7cebf17354a35a111380abb781f1217606bf6fff76375,interfair/training/states/runs/confirmation/hmda_pa/1002/equality_direction/DONE.json,4129e8c0f666fa9c759b022e5a365e14341bdd582859b2ebbc2daa4692cbe06c,interfair/training/states/runs/confirmation/hmda_pa/1002/equality_direction/EVALUATION.json,3b754306d8f548e751b5f447de0d16268bbe0a00a5fe1391bd075fbdead1e9d5,10,True,111.76495721004903,cpu,3080,current full IS,confirmation
hmda_pa,mlp,1002,erm,0.8376835836607788,0.9394257516713849,0.9121638666061248,0.8549166666666667,0.11050054012342855,0.3628907046643772,0.15232525758841547,0.11150217448540259,0.18320819620800566,0.0706790913823897,0.15232525758841547,0.9666328486078233,0.5529100529100529,0.8823951880779244,11139,0.8959537572254336,0.40058479532163743,0.6991869918699187,861,0.16408036274748783,0.7815076205236532,0.03340849862534404,0.06426338433725179,0.036769301733277714,0.07789615271439192,0.029259888678465382,0.16254819760300096,0.7517209702065157,0.03332142804180405,0.0724781240849553,0.02917204538499338,0.07462473889396085,0.08720031432183299,0.014826145991154354,0.016753050323556888,0.07462473889396085,0.045410678658698606,0.3574013475913508,0.2717198636953748,0.3057164472643788,0.20757181161903365,0.26709571071309873,0.17050195860703243,0.18123522457417512,interfair/training/states/runs/confirmation/hmda_pa/1002/erm/selected.pt,c341873db69e0e24bf103b585b6f1d46b7a1c7dbd799db52ad2c6c8a357d6553,interfair/training/states/runs/confirmation/hmda_pa/1002/erm/audit_current.npz,3f04dae17a13cf567d6fd7ecf19bbf2f187229a2714ec766132867b654f03167,interfair/training/states/runs/confirmation/hmda_pa/1002/erm/DONE.json,7e3bd123df13d491f9d4a92189bac6bded88f055a82ed823283bdf6040bd802d,interfair/training/states/runs/confirmation/hmda_pa/1002/erm/EVALUATION.json,5050842cab597cdec2246693f8bd4d10f21222206f76d09366e99b4f7e9b221d,10,True,15.543460357934237,cpu,3080,matched primary ERM,confirmation
hmda_pa,mlp,1002,erm_source,0.8377962004088478,0.9396784104935174,0.9120258272800645,0.8546666666666667,0.11105096694064506,0.36473503802460927,0.16710758377425045,0.1219526012829418,0.19223602416471242,0.07679761879163316,0.16710758377425045,0.9669710291962574,0.5559964726631393,0.8832929347338181,11139,0.8901734104046243,0.3888888888888889,0.6910569105691057,861,0.20158592857129326,0.8186329726276379,0.0418399024437078,0.08193615486465222,0.04358734574076402,0.08694756090577943,0.03562778822836596,0.18670795609343283,0.7790143656631421,0.04263502650400908,0.09624009098254978,0.029912013566368745,0.08819179657947987,0.07324448831362249,0.012603009285994332,0.018225860852058105,0.08819179657947987,0.06345737084368225,0.3061161594690679,0.21409117024691898,0.2569019071828679,0.16006045675441213,0.22270333390603403,0.12869293940278503,0.17654068466135078,interfair/training/states/runs/confirmation/hmda_pa/1002/erm_source/selected.pt,04ce65bce948703eae9ff3337c31a38b26647cb7d1dd503d5aa8fbeedf23cb99,interfair/training/states/runs/confirmation/hmda_pa/1002/erm_source/audit_current.npz,e227ed96b03f60c7670d4b078ad2d561f2d71994821658b1e40e088f2fa0ae26,interfair/training/states/runs/confirmation/hmda_pa/1002/erm_source/DONE.json,d7639c7fb83ae5ab9ea39faa760aca172ecdd0cec29e906c7d4d412a542bdb0a,interfair/training/states/runs/confirmation/hmda_pa/1002/erm_source/EVALUATION.json,4b808d4958d380bd053aa41ff7a9ffc1febc631469d027f7c62cd5ab77d55bd3,13,True,18.343750674976036,cpu,3080,published-pipeline fitting protocol,confirmation
hmda_pa,mlp,1002,hifi_shared,0.8370124327257742,0.939161398733124,0.9125283589614318,0.8554166666666667,0.11086288632727159,0.36460847650940864,0.18437296946068882,0.13318843757663257,0.20198204944613407,0.08200390569257632,0.18437296946068882,0.9683237515499944,0.558641975308642,0.8849088787144268,11139,0.8863198458574181,0.3742690058479532,0.6829268292682927,861,0.20140020621929985,0.8143589614126916,0.041440970433911664,0.08175233145613503,0.04064283355512543,0.08935338905446272,0.033461082253348026,0.190127401829229,0.7837007755920727,0.04271464996484893,0.09637687612512547,0.03382026474260963,0.09005982885969545,0.07857045326399463,0.01243471243173128,0.01920700974306324,0.09005982885969545,0.06576001106719379,0.29365270504044805,0.20140176957437064,0.2418322846056142,0.15295143844735884,0.2047448526210489,0.12562881019558167,0.17582888732855767,interfair/training/states/runs/confirmation/hmda_pa/1002/hifi_shared/selected.pt,fa8468be8caef40a1735cce0461289f6038e208770c0f0c77f108a1e52e9fd13,interfair/training/states/runs/confirmation/hmda_pa/1002/hifi_shared/audit_current.npz,de5ca373eb911a235e0a47a31d60dc858bc33985ac6c98131c31a3a547e71163,interfair/training/states/runs/confirmation/hmda_pa/1002/hifi_shared/DONE.json,9414d17740982d0d9537e909fd4087fac89a8a8eb6c1c4b9c2f82726899f96b5,interfair/training/states/runs/confirmation/hmda_pa/1002/hifi_shared/EVALUATION.json,82b0fac2f8348edbbf607a37eb6c249ef074dd66ca9c1ca850b3c465ec3f0dba,13,True,30.79743575595785,cpu,3080,published-pipeline fitting protocol,confirmation
hmda_pa,mlp,1002,ltdd,0.8334857739749223,0.9376558659934795,0.9118800925460215,0.854,0.11206651690604436,0.36816911432699045,0.0874408242829296,0.0651727250946936,0.13988707160358516,0.042904625906457605,0.0874408242829296,0.9677601172359374,0.5582010582010583,0.8843702307208906,11139,0.9248554913294798,0.47076023391812866,0.7444831591173054,861,0.37148551613910635,0.8864495031198231,0.060660019127297064,0.09706461665741035,0.12009344905339915,0.08190054783418216,0.03337332696876047,0.2489427261680844,0.8090363114567051,0.04867284845522253,0.10590499320747881,0.0690801575103143,0.07619138521529155,0.04608892123138463,0.01011251561953402,0.013149085253014822,0.07619138521529155,0.05739090996201839,0.3291754491714827,0.185769238151425,0.26915300162977823,0.13441852464283263,0.22954824977824823,0.10932553601276487,0.14807322908565468,interfair/training/states/runs/confirmation/hmda_pa/1002/ltdd/selected.pt,57f885d52c57572cb23aaa242242709e9816bff8729f3303622bed43bfa50e88,interfair/training/states/runs/confirmation/hmda_pa/1002/ltdd/audit_current.npz,6810104c4187f9ab898c23f72675f4beda698214baceea712ac5d5151c587ebf,interfair/training/states/runs/confirmation/hmda_pa/1002/ltdd/DONE.json,70e6100d508d3d899105e485726e86e0c15dd7b4885fd79af2f37a1a6a9c6790,interfair/training/states/runs/confirmation/hmda_pa/1002/ltdd/EVALUATION.json,5a3201091c1c76445ce9357d126a26b2ba643a746a035cc6be6b3fb6136eb026,11,True,14.895602561999112,cpu,3080,published-pipeline fitting protocol,confirmation
hmda_pa,mlp,1002,reweighing,0.8336218321439208,0.938010245872227,0.9112947658402204,0.8524166666666667,0.11268590627688838,0.369397875001671,0.0057217027881327764,0.003986350326582844,0.08227519657367321,0.0057217027881327764,0.002250997865032911,0.9691128395896742,0.5665784832451499,0.8871532453541611,11139,0.9633911368015414,0.564327485380117,0.8048780487804879,861,0.17263362977067043,0.7727846569032837,0.024127168970934237,0.032785659227279856,0.03248457596188972,0.06411974223213328,0.023907366010021677,0.1724916793617641,0.7211515731620278,0.024716426303974137,0.03214358889560766,0.02408728988401162,0.05990216004499329,0.07812833022682517,0.010204332295262535,0.00840685849999319,0.05990216004499329,0.0399437484934733,0.3340908616269942,0.24059949282234722,0.25336190253995666,0.172295017936728,0.2053823574636868,0.1361113268869314,0.21949556686066646,interfair/training/states/runs/confirmation/hmda_pa/1002/reweighing/selected.pt,f5afc53473ebed4ba406a2a9310a6497b0c295b04f25621acab337e9d93cb6bd,interfair/training/states/runs/confirmation/hmda_pa/1002/reweighing/audit_current.npz,97e70ece51b296658f11b66d9e053c319b3a6854b2c71ddd32950cbd2f81980a,interfair/training/states/runs/confirmation/hmda_pa/1002/reweighing/DONE.json,73ca3c0c996ccf55b9b3dd6859172ca177c8adcbefc9550960f9f80f0ca2bbc6,interfair/training/states/runs/confirmation/hmda_pa/1002/reweighing/EVALUATION.json,89d4cebcb0aeee2366b28483dc98bfff1db06447e85731b5740c798ef4f1bd00,12,True,14.249595587025397,cpu,3080,published-pipeline fitting protocol,confirmation
hmda_pa,mlp,1003,cot_phi,0.83570695571632,0.9378344218141679,0.9050678826821432,0.8473333333333334,0.11572746700059527,0.37699639730215784,0.12102014294996755,0.11627696274829563,0.20632407778427364,0.11153378254662372,0.12102014294996755,0.9361965956487431,0.4660493827160494,0.8404704192476883,11139,0.8246628131021194,0.34502923976608185,0.6341463414634146,861,0.339084527311848,0.8888155730537455,0.06178604094005307,0.08772419409334005,0.07503439862736873,0.0773525999187257,0.039709541274949606,0.2443876417681962,0.8062922054853633,0.05804443899108142,0.09822027641092766,0.04034181014167958,0.07033196209014854,0.09218683735420674,0.01328373436494368,0.0173861930471503,0.07033196209014854,0.04451425171464325,0.34272823444109435,0.22775426753689318,0.2627698320988605,0.17472856432347061,0.22866249819547407,0.14179622982983517,0.15340032370237588,interfair/training/states/runs/confirmation/hmda_pa/1003/cot_phi/selected.pt,8ddbc5c42020764d535fbaf5d651c7945ca0f1404847ebb1b28cc5faf9af7abf,interfair/training/states/runs/confirmation/hmda_pa/1003/cot_phi/audit_current.npz,276c5410f6c6c08756b7fb300d7eeb310c2444f117c0eda1eddc64271a192293,interfair/training/states/runs/confirmation/hmda_pa/1003/cot_phi/DONE.json,31b1ff4b01b58bccb807d0af80557e3e6051a2bffbc67b26a510f5bd2b818ffa,interfair/training/states/runs/confirmation/hmda_pa/1003/cot_phi/EVALUATION.json,3c191fc2cc762c056ec54199cd7d274ef95e8c322ea9b8143cc22772bfb5ec0c,15,True,14.613948510028422,cpu,3080,published-pipeline fitting protocol,confirmation
hmda_pa,mlp,1003,dralign,0.8286953390539377,0.9351339183144106,0.9010359727211203,0.8415833333333333,0.12062047539286963,0.39079351771510057,0.007890095609393855,0.006677859727419716,0.08572479591903759,0.0054656238454455774,0.007890095609393855,0.9213166497576373,0.445326278659612,0.8244007541071909,11139,0.9267822736030829,0.45321637426900585,0.7386759581881533,861,0.23688309194305704,0.8121541482040909,0.04129728698025388,0.08387752837293613,0.05371039120454482,0.08317509506159942,0.03650947058773114,0.29739744098473797,0.8133975291355505,0.053182176095304665,0.10492663899012938,0.07279399963416926,0.0719979198071977,0.08847326570552225,0.014996753939537838,0.019778729385897854,0.0719979198071977,0.04347788467545231,0.38591618491626645,0.23832074599768555,0.3100715229204929,0.1902087598637826,0.2650448132222743,0.16271838539027755,0.13402501097081765,interfair/training/states/runs/confirmation/hmda_pa/1003/dralign/selected.pt,345ca3fb76bbba4389ecd862d58c66412017363c1190d65f3cfff49107fc7de2,interfair/training/states/runs/confirmation/hmda_pa/1003/dralign/audit_current.npz,6e1b72faee2597d77d823e965b6511fd175a13c33eac1b65a8f3bf0f8daaece0,interfair/training/states/runs/confirmation/hmda_pa/1003/dralign/DONE.json,b47f0051a25e8b4b25a2185ec9dd7d765472984b09d1a204ef89010f59c1b0a6,interfair/training/states/runs/confirmation/hmda_pa/1003/dralign/EVALUATION.json,a538b57760697be60744770cb5cf627bf75dde198f76aabfef83fe532010951b,20,True,2.5201492439955473,cpu,40,published-pipeline fitting protocol,confirmation
hmda_pa,mlp,1003,soft,0.8332124131402526,0.9379502290346882,0.9108097406454168,0.8498333333333333,0.11358453855303452,0.370990347293486,0.0031687325656177823,0.002663452888211293,0.07119975551261803,0.0031687325656177823,0.0021581732108048035,0.9800473452823808,0.6177248677248677,0.906275249124697,11139,0.976878612716763,0.6198830409356725,0.835075493612079,861,0.006540569378803194,0.00010595419941958536,0.0009602670369542021,0.0012204605153585102,0.0,0.05129866070110019,0.008582212686797208,0.0060706382522939095,0.0,0.0008136398130698991,0.0009194256463357826,0.0,0.05719252037145897,0.00017774893925592145,0.00015742653123572718,0.0,0.05719252037145897,0.05687802745939055,0.02695986641534358,0.024931173900518744,0.011349377094336241,0.010379698014820315,0.006093512987770495,0.0056520768488652565,0.9886506229056639,interfair/training/states/runs/confirmation/hmda_pa/1003/equality_direction/selected.pt,b28baeb5f0639e490c754eb18194ee347dca43e9a2427056188e4a8d69eafad0,interfair/training/states/runs/confirmation/hmda_pa/1003/equality_direction/audit_current.npz,fa732e6293792bf211ec823df1a76d4cf329daf1076a76136140dad8f5ea1fe1,interfair/training/states/runs/confirmation/hmda_pa/1003/equality_direction/DONE.json,997e327465ec3c6fb850d96e09e945546859ddf396436016ec77d1f78cd48507,interfair/training/states/runs/confirmation/hmda_pa/1003/equality_direction/EVALUATION.json,04411f1283efcf81ac9311e555d36beee41c5593770a675fbab5f51c8d8d5e8e,30,True,118.15376310201827,cpu,3080,current full IS,confirmation
hmda_pa,mlp,1003,erm,0.8401831450267057,0.9404994053803287,0.9064279060138702,0.8493333333333334,0.11417517053265189,0.3721345899088535,0.20177759212846935,0.1692257099415631,0.25227118955811156,0.13667382775465686,0.20177759212846935,0.9401420358471424,0.47663139329806,0.8457671245174612,11139,0.8034682080924855,0.27485380116959063,0.5934959349593496,861,0.2507196135192354,0.853177669195802,0.046533902851542644,0.0973570084200601,0.0628548804564806,0.09815027670514113,0.042466825690492205,0.25620210837808566,0.8234850778098184,0.04610583766028495,0.10706788161898138,0.06473271024111832,0.09064572133495917,0.10088535895976097,0.018132979142583872,0.0323772663322869,0.09064572133495917,0.055669880100250924,0.35811416328102846,0.2273502093481457,0.30740872163608274,0.18668270161570677,0.26853960498529145,0.15836232754909554,0.13610796776688242,interfair/training/states/runs/confirmation/hmda_pa/1003/erm/selected.pt,24ab1cc100d245bd868b9251b11407a0771aa97a10c0d2a63953236a40a397ef,interfair/training/states/runs/confirmation/hmda_pa/1003/erm/audit_current.npz,3e00f45b1c5045ac646bd053a969b81a42af6e78585d122062e11f42b43f82f2,interfair/training/states/runs/confirmation/hmda_pa/1003/erm/DONE.json,913f646bf569d55104abf9996a0ac13d57e635d3f40ec5a6ac5eb52d4b88daf7,interfair/training/states/runs/confirmation/hmda_pa/1003/erm/EVALUATION.json,d65a2a9f51600a051564cac26ef3d1c99a10cbb220d98d103c38ac6135b8eb70,15,True,16.342938761925325,cpu,3080,matched primary ERM,confirmation
hmda_pa,mlp,1003,erm_source,0.8403857735668905,0.9401864210326192,0.9123903619316464,0.8551666666666666,0.11053021470590942,0.36476348716366175,0.18906061449921097,0.13859152380051531,0.2072562328485814,0.08812243310181966,0.18906061449921097,0.9686619321384285,0.560405643738977,0.8855373013735524,11139,0.8805394990366089,0.3713450292397661,0.6782810685249709,861,0.19743159903274543,0.8173980334225187,0.035423121113585934,0.06391591963082485,0.03831828301198659,0.07682820573416917,0.0330328569001348,0.20326166724553335,0.7870512478979499,0.031064099387005148,0.06582165604285589,0.038108263677471575,0.06812624598528767,0.06473623337098083,0.011331651528514607,0.017104612062482483,0.06812624598528767,0.04613949748784261,0.31638564756588095,0.20227319127861235,0.24660067668775526,0.14306153288063822,0.20986600329952618,0.11760997762094277,0.17791644754316738,interfair/training/states/runs/confirmation/hmda_pa/1003/erm_source/selected.pt,641ed00c81236f5c18ce1158a48a4e00ea83ab41ae3202b58e91058e4adc23b7,interfair/training/states/runs/confirmation/hmda_pa/1003/erm_source/audit_current.npz,518deb5d70bb62b0deb41a700e13be1e0e29cbb7f9fb40aced845760cbe96029,interfair/training/states/runs/confirmation/hmda_pa/1003/erm_source/DONE.json,cd24337fee1289ecb49c5e0c6f3a2ff69869367a639d7ad5871e75f605ac2543,interfair/training/states/runs/confirmation/hmda_pa/1003/erm_source/EVALUATION.json,45d6777a56746c19429f480c4c08fb8bbd770898b08baa921b1a6a73b3744324,11,True,16.713547280989587,cpu,3080,published-pipeline fitting protocol,confirmation
hmda_pa,mlp,1003,hifi_shared,0.8402213367934421,0.9402128047745438,0.9129095774221235,0.85625,0.11074274908269079,0.36562148956555574,0.19618490671122252,0.14572541729669877,0.2157341518780892,0.09526592788217503,0.19618490671122252,0.9680982978243715,0.5529100529100529,0.8835622587305862,11139,0.8728323699421965,0.3567251461988304,0.667828106852497,861,0.19227823369696911,0.8101689336308481,0.03436805088802698,0.06181481366298931,0.03702924308016323,0.07834977365089187,0.03388827044258343,0.19264228205982786,0.7825728239748213,0.02989947947573925,0.0640571406936907,0.034000472617346435,0.0714306816706145,0.06914792074162421,0.011396825469427828,0.01737869921933568,0.0714306816706145,0.04924475482616623,0.3153303966170926,0.20342909952336483,0.24124894172236505,0.14200158502445542,0.19879302204064797,0.1148132476740844,0.18480444769729387,interfair/training/states/runs/confirmation/hmda_pa/1003/hifi_shared/selected.pt,cd36b9d9c406d042687294ff26e03985a742965993b316e95331cd27e2fab51d,interfair/training/states/runs/confirmation/hmda_pa/1003/hifi_shared/audit_current.npz,2099e98ce32f08ba60eb45c1a037db0d9d3c1a313add2b6e46e1e9345dedfd94,interfair/training/states/runs/confirmation/hmda_pa/1003/hifi_shared/DONE.json,cc55f39e04d086e65ce2dd9313e3b3b57aa6b223436525438e2a4893bb3656cf,interfair/training/states/runs/confirmation/hmda_pa/1003/hifi_shared/EVALUATION.json,404e32a0d1e403edf01b0fdbff016ecb353f2d94dfd47526cbfe9bcf0a6e426e,11,True,30.125454411958344,cpu,3080,published-pipeline fitting protocol,confirmation
hmda_pa,mlp,1003,ltdd,0.8357800545946409,0.9384329798096588,0.9079515101705362,0.8506666666666667,0.11409633894713729,0.37308173312320136,0.10593613663789103,0.0881395011164679,0.17278839172909455,0.07034286559504477,0.10593613663789103,0.9451020178108444,0.48897707231040566,0.8522309004398959,11139,0.8747591522157996,0.3830409356725146,0.6794425087108014,861,0.42436199200515795,0.9165870006081334,0.06613116678821734,0.10464732644633555,0.14509371915568106,0.09366926355327708,0.03548692590880592,0.32438978138442537,0.855557876540649,0.05415542368828014,0.10452656711226559,0.09047469956078663,0.0837238268013937,0.08906293958817345,0.016195582612011285,0.025675777981727013,0.0837238268013937,0.053632795859535703,0.37687487568859634,0.2098238631562893,0.3119803742094326,0.16380119682709676,0.27936233992595366,0.1416025912567761,0.11599623097350806,interfair/training/states/runs/confirmation/hmda_pa/1003/ltdd/selected.pt,2fb4569c0c0f186a3940b87a0b03c8fb31464c4830f2d22a9fe79bfbe7f7b9d1,interfair/training/states/runs/confirmation/hmda_pa/1003/ltdd/audit_current.npz,06856bfc96a54975dcd3eb55242a4e4bf778431d51060b0856bf337e1da24850,interfair/training/states/runs/confirmation/hmda_pa/1003/ltdd/DONE.json,d46a304d975ac0852e3e12f4804ee3a43a65bfd1281fda05a3388ea01bd7236a,interfair/training/states/runs/confirmation/hmda_pa/1003/ltdd/EVALUATION.json,caf6819f347453c3a9ed9aa30d281e39e021e197b1e11aeeb7a484f5be77ccb1,15,True,18.966872264049016,cpu,3080,published-pipeline fitting protocol,confirmation
hmda_pa,mlp,1003,reweighing,0.8372766536504557,0.9390781313333254,0.9110909274397013,0.8531666666666666,0.11129456525239911,0.3663118140246641,0.02506265664160401,0.024759912334569034,0.10661476627462974,0.02445716802753406,0.02506265664160401,0.9628001352722354,0.5396825396825397,0.8766496094802047,11139,0.9383429672447013,0.5146198830409356,0.7700348432055749,861,0.17738483255785673,0.7897618501188088,0.02703472247434977,0.0438419827704497,0.02661849716952029,0.06819245178593986,0.029398363599202046,0.18432067303379118,0.7557689093504295,0.03057387992226644,0.046272354569119975,0.017992450614020043,0.06093206267805465,0.06228820243658123,0.009255497356128742,0.008986920072408365,0.06093206267805465,0.04276530562936312,0.2998591429865337,0.2179655313757341,0.21479187469840258,0.15404419722646692,0.17527550308851972,0.12682707794303516,0.19444293539993424,interfair/training/states/runs/confirmation/hmda_pa/1003/reweighing/selected.pt,2279320fa7f87734baf434abbed1556da0f443a7c5f71d25f827d78e679c8a58,interfair/training/states/runs/confirmation/hmda_pa/1003/reweighing/audit_current.npz,9aba76ac66983aa4bd48be47b282218f55bafaadcc21bdfc91f58c933245f464,interfair/training/states/runs/confirmation/hmda_pa/1003/reweighing/DONE.json,54364ab709a2c0937ef68b8c37584a631a7d3d9266a34bcd0dd46af4f27f9708,interfair/training/states/runs/confirmation/hmda_pa/1003/reweighing/EVALUATION.json,feace102f0352145b3d8a46638cc25795b85ccc7b61673cb3638e7989b46f999,11,True,13.980243713012896,cpu,3080,published-pipeline fitting protocol,confirmation
hmda_pa,mlp,1004,cot_phi,0.8353791022486626,0.9380216155885428,0.908317967629584,0.8508333333333333,0.11346854073110606,0.3721818021325674,0.06400259909031836,0.05555046246675277,0.141530542310925,0.04709832584318718,0.06400259909031836,0.9469056476158269,0.49382716049382713,0.8546548164108089,11139,0.8998073217726397,0.4298245614035088,0.7131242740998839,861,0.23918385092836747,0.8446141811280014,0.04656090594856531,0.06810724998283421,0.06117194292945252,0.06758938182583304,0.030330952627071698,0.18983615858358097,0.7686038585502406,0.04703637301493733,0.0812718383045899,0.025229106202762093,0.06823903702195155,0.07123814291870513,0.01050185925812064,0.013062069984835452,0.06823903702195155,0.047691319181990405,0.31924175801741883,0.22001918816321775,0.24233050971685824,0.14370096660871262,0.19844445279289752,0.10816514698081482,0.18923978972160743,interfair/training/states/runs/confirmation/hmda_pa/1004/cot_phi/selected.pt,e9eea08e01a2d98a753c7358c75022afa7b5e85541183632c79de66df370d5b8,interfair/training/states/runs/confirmation/hmda_pa/1004/cot_phi/audit_current.npz,eda5b33d2220e0d2d0a814dcaf5ed7b30e0a37414f1235024dbd4999d222e0f0,interfair/training/states/runs/confirmation/hmda_pa/1004/cot_phi/DONE.json,b7182891d8b63b3bf6da4467f9deee3fe8a74ab1d179332d0077ea9038f27449,interfair/training/states/runs/confirmation/hmda_pa/1004/cot_phi/EVALUATION.json,cfef2e8a8cf5285e5168d21736ca12fc7db6e14bd7d473a2c2891ef191a89aae,13,True,18.167722789919935,cpu,3080,published-pipeline fitting protocol,confirmation
hmda_pa,mlp,1004,dralign,0.8217707555522912,0.9319223204412993,0.8832503613296933,0.81825,0.13370116316488034,0.42566394615717534,0.022185092360530956,0.02028011129957677,0.07335778832760431,0.018375130238622583,0.022185092360530956,0.877578626986811,0.3959435626102293,0.7795134213125056,11139,0.8959537572254336,0.41812865497076024,0.7061556329849012,861,0.19018364424357814,0.7952966870991631,0.032689972767188755,0.07646285305852255,0.046890071257546184,0.1025424105704093,0.0390596947304357,0.2185253430841344,0.7899125395641332,0.038054812796438804,0.08813284841163166,0.04247502671312601,0.10158819506607701,0.08694993237536945,0.018404776543740762,0.02501505208159928,0.10158819506607701,0.06558925193596789,0.38751574462601235,0.3007089325674492,0.341790753648558,0.2551454285686926,0.30427756044387,0.22040593302657507,0.1307875559082865,interfair/training/states/runs/confirmation/hmda_pa/1004/dralign/selected.pt,4c67d63d0c64a4be8d27bbea4ccb95903514a15cce4d3b10defd69d4ebad16a4,interfair/training/states/runs/confirmation/hmda_pa/1004/dralign/audit_current.npz,2c9055ec7924a7a5ea9b4f39d719f168c0a77428736db60782e382df5d869d8a,interfair/training/states/runs/confirmation/hmda_pa/1004/dralign/DONE.json,b8b9b4b283854be1122543d0c0fd9fc1e14e6246a934c54882bea91cbff496da,interfair/training/states/runs/confirmation/hmda_pa/1004/dralign/EVALUATION.json,2fb9ae8d117bfbd50724487269d5d67b3c9ac83d1309da2aa0102827fe7d80ba,11,True,2.7139999479986727,cpu,40,published-pipeline fitting protocol,confirmation
hmda_pa,mlp,1004,soft,0.8281372741034523,0.936077808913639,0.9090552147239264,0.8455833333333334,0.11717793890033808,0.38128585758953665,0.047433398310591235,0.023849299829180715,0.04526113323154701,0.0002652013477701942,0.047433398310591235,0.9862473227370082,0.654320987654321,0.9186641529760302,11139,0.9865125240847784,0.7017543859649122,0.8734030197444832,861,0.006520048126913836,0.0,0.0013854683417665087,0.0027669432401827886,0.0,0.04512287424165717,0.006685276561139265,0.00610639340768928,0.0,0.0011663038349847398,0.0022048336723232745,0.0,0.04383460638775842,4.023878004234983e-05,9.873409088164996e-05,0.0002942907592701589,0.04383460638775842,0.04363746982067168,0.017303613213701538,0.015884940404618426,0.00759025880763131,0.006707386529820833,0.0038573948998995907,0.0028147312306990246,0.9924097411923687,interfair/training/states/runs/confirmation/hmda_pa/1004/equality_direction/selected.pt,60e767d1f7c4d380dbe120e78b7024b805f9fcf1988105bcb496d46817967930,interfair/training/states/runs/confirmation/hmda_pa/1004/equality_direction/audit_current.npz,cf364ed3fbcc7eff443beb3a435b05d2f3a3d9db384d266b27fdd5d34bf19236,interfair/training/states/runs/confirmation/hmda_pa/1004/equality_direction/DONE.json,74cc74f94ab62df8003aefd62a8431798c28a3d370b5e569fa0f94f52ae9c9a0,interfair/training/states/runs/confirmation/hmda_pa/1004/equality_direction/EVALUATION.json,c3853b39ae96128b8328e38e613c485b7a58202f9c2df0c9ae207fcb98cb9546,20,True,107.84674643503968,cpu,3080,current full IS,confirmation
hmda_pa,mlp,1004,erm,0.8375780666642183,0.9393825649293981,0.9087200407955125,0.8508333333333333,0.11220746027550844,0.3669530642658927,0.17381416504223524,0.13531447349371584,0.21056069127118104,0.09681478194519644,0.17381416504223524,0.9542328936985683,0.5246913580246914,0.8667743962653739,11139,0.8574181117533719,0.3508771929824561,0.6562137049941928,861,0.18398242283605892,0.7911602408227727,0.03944012762778893,0.08243732158389724,0.04723783038660297,0.08676715014591554,0.03319976391179501,0.1461008583641191,0.7300626304359036,0.032847540348162646,0.08748283905022809,0.029694265483637124,0.08495727986011788,0.05868948629060728,0.01288905587579328,0.016657873657681576,0.08495727986011788,0.059653640415578434,0.3345699769229137,0.24701605316227235,0.27783906854074425,0.18892971278645226,0.23822323587608357,0.15067002816935482,0.20853715611191265,interfair/training/states/runs/confirmation/hmda_pa/1004/erm/selected.pt,e2e6e4fdc96fd53129055714ea67f9112402490835410aca514197b6d88811a9,interfair/training/states/runs/confirmation/hmda_pa/1004/erm/audit_current.npz,1749586d8612c7d8e39397e0c7fda9169cc5550702ecaa2589fe4106040e3cff,interfair/training/states/runs/confirmation/hmda_pa/1004/erm/DONE.json,5ad813f2b98dc4ed28bb8868b8bfe50b2d05fd567713badb6fbde9e5cd8dde4b,interfair/training/states/runs/confirmation/hmda_pa/1004/erm/EVALUATION.json,091cb217a1aec3f7e29ed9a5f05fd68ca5411c07a03586adf4b8833361e3e8c1,10,True,15.141632037004456,cpu,3080,matched primary ERM,confirmation
hmda_pa,mlp,1004,erm_source,0.8369368244525235,0.9390502793918456,0.9084136945762539,0.8504166666666667,0.11252481602550025,0.36780391330235185,0.17585630743525482,0.13588463723898003,0.21082438480111787,0.09591296704270524,0.17585630743525482,0.9533310787960771,0.5238095238095238,0.8658766496094802,11139,0.8574181117533719,0.347953216374269,0.6550522648083623,861,0.18225772351865321,0.7900096830715589,0.039333903227135404,0.08396925560245368,0.045480027418941894,0.0873866075944,0.03389769013179484,0.14668326952321392,0.722055969598499,0.03306967577500436,0.09205886257153413,0.031599597828231206,0.08578939444009835,0.05952114032487759,0.01290795241610993,0.017276685538869692,0.08578939444009835,0.0604543065356611,0.3260386988214612,0.2421022056940694,0.26959705654031624,0.1876082374660633,0.23654182895259912,0.15148913034420358,0.2186919520352168,interfair/training/states/runs/confirmation/hmda_pa/1004/erm_source/selected.pt,8292fe45c2a6f48b3067b02cd8bcb06ac221802d8e14c272b16f170b719325fb,interfair/training/states/runs/confirmation/hmda_pa/1004/erm_source/audit_current.npz,e83aab231fddc301ea79dffd4cbb7a16438cfec4037bbef01d4b9e31467ca4c0,interfair/training/states/runs/confirmation/hmda_pa/1004/erm_source/DONE.json,1be6aa31f9277439353121eb5d3b1faed942c91358e2fc82e72f9f62b980565a,interfair/training/states/runs/confirmation/hmda_pa/1004/erm_source/EVALUATION.json,902cbdf803969d8b8840813bedd315fe5ee797fd76330f5dd83eef28b34dbe22,10,True,14.170070043997839,cpu,3080,published-pipeline fitting protocol,confirmation
hmda_pa,mlp,1004,hifi_shared,0.8377146960775912,0.939206934876307,0.9094812164579607,0.8524166666666667,0.11226876607146001,0.36844078572072225,0.12942077415761627,0.10116775319285251,0.18149653429126344,0.07291473222808875,0.12942077415761627,0.9515274489910945,0.5066137566137566,0.8609390430020648,11139,0.8786127167630058,0.37719298245614036,0.6794425087108014,861,0.20070615056996016,0.8127541933352204,0.038374721191447275,0.08302385733305168,0.05028051051957137,0.08833286518245728,0.034331262052535776,0.16521761512397684,0.7394790031746634,0.034330965042301057,0.09748273688783171,0.03177986218837085,0.0873520228386361,0.06684675773643402,0.01281350896259289,0.018482844353813685,0.0873520228386361,0.062243078602559454,0.3239194410852175,0.2306007524269804,0.26054371214133387,0.18060367086381832,0.21997671665358393,0.1479995225552075,0.20300532300332413,interfair/training/states/runs/confirmation/hmda_pa/1004/hifi_shared/selected.pt,49fb4f714a2a279398a8f608ebae3f6b2e0726a5b47f944c258a8266d017378c,interfair/training/states/runs/confirmation/hmda_pa/1004/hifi_shared/audit_current.npz,cb48cc828c61159a177d51390613020e47c697c80fc03e7a1238cc4c0e8c0345,interfair/training/states/runs/confirmation/hmda_pa/1004/hifi_shared/DONE.json,981797e9aad4c3ae9f0b7e27f5f79be2db9a55d75767144ba9fd0aa4b641dfb2,interfair/training/states/runs/confirmation/hmda_pa/1004/hifi_shared/EVALUATION.json,bbfe4b4c45b2695c27ab1ac80d6bd2c5c92216a4fbc1b2ce869ab9b8dcd2ce47,13,True,29.01466400595382,cpu,3080,published-pipeline fitting protocol,confirmation
hmda_pa,mlp,1004,ltdd,0.834682959372284,0.9381189674934125,0.9059793814432989,0.848,0.11504932544697237,0.3760556786317061,0.13164856585909218,0.10429607156602674,0.18670315209173405,0.0769435772729613,0.13164856585909218,0.9401420358471424,0.48544973544973546,0.8475626178292486,11139,0.8631984585741811,0.3538011695906433,0.6608594657375145,861,0.3838303173818681,0.9001484517180626,0.06621206860273764,0.11798731913388269,0.12605201271852579,0.09458924041541271,0.03781474603916456,0.28405437371241565,0.8437104062752192,0.05297623625472684,0.1242748925334269,0.08037263482919747,0.09177966573986286,0.057670519279274274,0.012530454314732483,0.019474411866396854,0.09177966573986286,0.06846983883025526,0.33436478470596764,0.1978330616924135,0.28546050347614893,0.15116405834236854,0.25312167522054557,0.12415712572414497,0.12490565998120935,interfair/training/states/runs/confirmation/hmda_pa/1004/ltdd/selected.pt,b2d3fe0778476d836788b44aeb472ff152a8c1f49a4123c973ac03d37f7a75de,interfair/training/states/runs/confirmation/hmda_pa/1004/ltdd/audit_current.npz,969da3b3301dbf81cfdf764e805b4df3f8323d25c1d9fedea6ed8ef8626dcb9f,interfair/training/states/runs/confirmation/hmda_pa/1004/ltdd/DONE.json,95ebbdb4d7050e2c97bab4121ba0aacb70f3656b1a24fb6fb5a91c7557597b7f,interfair/training/states/runs/confirmation/hmda_pa/1004/ltdd/EVALUATION.json,c55ae562ea8d97016065967ae151425eeb773f6efa9bc5ab66ae51a2e981d82b,13,True,18.846307625994086,cpu,3080,published-pipeline fitting protocol,confirmation
hmda_pa,mlp,1004,reweighing,0.8329278926387003,0.9377277955826497,0.9115625783797341,0.8530833333333333,0.1120094348325135,0.3672975293034507,0.0027615334632877797,0.001582111243833062,0.07833074175457233,0.0004026890243783443,0.0027615334632877797,0.967647390373126,0.558641975308642,0.8843702307208906,11139,0.9672447013487476,0.5614035087719298,0.8060394889663183,861,0.13563293155756484,0.7356143910680301,0.0230852725608767,0.037326208486531905,0.02973362886884328,0.063363179086655,0.02526970717556555,0.12382645528750143,0.6875583353679444,0.021944696236361257,0.037887560619622805,0.018659346922729976,0.05913315080933642,0.04621351504138589,0.008896604586661536,0.008407943002822358,0.05913315080933642,0.041641833204943066,0.3317483931588621,0.24893332935293055,0.2535932815461671,0.179832193077841,0.20113918910021053,0.1398784583884928,0.24319499797150806,interfair/training/states/runs/confirmation/hmda_pa/1004/reweighing/selected.pt,231540537f9cac9fde8734367c5b289b3a715c93c92efb92832ede08e864dbf9,interfair/training/states/runs/confirmation/hmda_pa/1004/reweighing/audit_current.npz,f20a0e3e197edf9e8159a4def94bac50e8f57ba37a632ae1bac90c763c8d3837,interfair/training/states/runs/confirmation/hmda_pa/1004/reweighing/DONE.json,ebf906283ceb7f05f1a21b8c0083244365954c5efd5f91c2fb40bec9c6644fbf,interfair/training/states/runs/confirmation/hmda_pa/1004/reweighing/EVALUATION.json,75ca8e346dbfeeb3b9b5bac560e2c86ce94078cdf31b154eb2a733252af1d5e0,11,True,13.933104499941692,cpu,3080,published-pipeline fitting protocol,confirmation
hmda_pa,mlp,1005,cot_phi,0.8349327155733457,0.9375120503413066,0.9088232307848513,0.8503333333333334,0.11210244342831396,0.3682271795071681,0.09695535134131622,0.0808403851031598,0.15965376382631502,0.06472541886500338,0.09695535134131622,0.9568256115432308,0.5326278659611993,0.8704551575545381,11139,0.8921001926782274,0.43567251461988304,0.710801393728223,861,0.2794474439335458,0.8605933827226504,0.054347641923951924,0.06602119545522767,0.05613127535617511,0.06692540829991021,0.032639506198997845,0.20776726596965336,0.7934895573742744,0.051348218623009104,0.07294280852064244,0.02492671780864332,0.062049453153658896,0.09698717053415018,0.01178181372572564,0.013783916286471394,0.062049453153658896,0.038963103382655004,0.3022557042483386,0.20847777587717212,0.2266950907476316,0.1445078588104318,0.1932850253562408,0.11379565370232819,0.16956889350142165,interfair/training/states/runs/confirmation/hmda_pa/1005/cot_phi/selected.pt,b33115475a4fdc5221670a91fed2bf06906889914db0578889068a7241122d99,interfair/training/states/runs/confirmation/hmda_pa/1005/cot_phi/audit_current.npz,4d584d123a09e4823748eff162184df45ab499a9b37f92b5ea03ec1ea05832d0,interfair/training/states/runs/confirmation/hmda_pa/1005/cot_phi/DONE.json,bff003b4d628547d2a606e9c8ae9ee8620265293054a45ce9d5bd69103b59db1,interfair/training/states/runs/confirmation/hmda_pa/1005/cot_phi/EVALUATION.json,c41d70c1836079d2a0e40e2a40b85a6d34c6fd599f4766808e3f94677ec1a2c0,16,True,15.467897022026591,cpu,3080,published-pipeline fitting protocol,confirmation
hmda_pa,mlp,1005,dralign,0.8257341714304367,0.9348456228855644,0.8967241289516171,0.83475,0.12392289802279102,0.4002256291129887,0.01849531235496149,0.010097017250744744,0.08250416889148304,0.0016987221465279978,0.01849531235496149,0.9169203021079924,0.45811287477954143,0.8235030074512972,11139,0.9152215799614644,0.4766081871345029,0.7409988385598142,861,0.15895022851783572,0.7435644861944785,0.027694479534589832,0.057840702334813414,0.03357824326937317,0.0951559151378092,0.03326909695365274,0.19184380557803477,0.7372566367670428,0.03250016191490809,0.07169112587660656,0.02561872084687419,0.09653755919364357,0.0618149330929961,0.013985569291140651,0.014213668769084815,0.09653755919364357,0.06899424252054055,0.3274010605196419,0.25880587934472854,0.286589357272932,0.2137382880594525,0.2531591466636429,0.18114971055636014,0.1898211185755008,interfair/training/states/runs/confirmation/hmda_pa/1005/dralign/selected.pt,60f44d3f75e7588dc11bbcb6423f75b0d449d554be553f6ec58e7ecc3d9c5a2d,interfair/training/states/runs/confirmation/hmda_pa/1005/dralign/audit_current.npz,ccff438ec93e2afc3a073cab21737ad956f857667120c7a29d73ddc332b0df8e,interfair/training/states/runs/confirmation/hmda_pa/1005/dralign/DONE.json,51bb2c4765f9e90e8ccf5064ca411056736dd44866a57320356eec05a83df2a5,interfair/training/states/runs/confirmation/hmda_pa/1005/dralign/EVALUATION.json,3a27d528060a9888d9d5397089c6cd0dc3e005116ee54ea90eb6aaed5f03d034,12,True,3.6800079150125384,cpu,40,published-pipeline fitting protocol,confirmation
hmda_pa,mlp,1005,soft,0.8265529686346036,0.9352765766352442,0.9068833839224518,0.8415,0.11737303412383297,0.38117689415543077,0.006271001894202266,0.0039013043444834916,0.05609571543370395,0.006271001894202266,0.0015316067947647172,0.9860218690113854,0.6798941798941799,0.9236915342490349,11139,0.9922928709055877,0.6783625730994152,0.867595818815331,861,0.010082720414910097,0.0014054728136042027,0.0013715656087362155,0.0008572812946711825,0.0,0.042804720708833975,0.006867204717385749,0.00932937678105157,0.0013710386274271404,0.0012480022080044017,0.00030061376514766385,0.0,0.049296275342376364,3.8917005367862324e-05,7.007601568605567e-05,0.0,0.049296275342376364,0.049156805639316466,0.014238482959788317,0.012385931602461913,0.005496411523105034,0.004901506998687211,0.0022867021348909446,0.00197853077908133,0.9931325498494679,interfair/training/states/runs/confirmation/hmda_pa/1005/equality_direction/selected.pt,4a346d7dd9b630dc9c4359d2e3918813b332f94f1c9af870951e01210e3b97b2,interfair/training/states/runs/confirmation/hmda_pa/1005/equality_direction/audit_current.npz,26f0c38d56a611463f037854008bdde8c92c352bb11ff85cca76b1a2f01ce430,interfair/training/states/runs/confirmation/hmda_pa/1005/equality_direction/DONE.json,34854f96a7156c30f5d33db3fd290fa9e8b345f6c73eb96f50bd06b336d83200,interfair/training/states/runs/confirmation/hmda_pa/1005/equality_direction/EVALUATION.json,c43ccfe5d75b6b425dbbc6dface559690c5e136333ad36674722a45271332d9c,10,True,111.35657383396756,cpu,3080,current full IS,confirmation
hmda_pa,mlp,1005,erm,0.8348708375666622,0.9385137816968715,0.9125364431486881,0.855,0.11134745318978666,0.3650642124745553,0.16483337974566042,0.13003922820810856,0.201022680458808,0.0952450766705567,0.16483337974566042,0.9719310111599594,0.568342151675485,0.8897567106562528,11139,0.8766859344894027,0.40350877192982454,0.6887340301974448,861,0.14889764516927748,0.7515250630039366,0.03387507523167637,0.07168503016961272,0.03629266067863146,0.08147843206610038,0.029462644525170577,0.1488680562107785,0.7281399955225767,0.030717053482148857,0.08070770643377095,0.026844093321831266,0.07611087621224248,0.06521976131343485,0.013065149830115067,0.018480375184244793,0.07611087621224248,0.05041353517198362,0.32891502066138184,0.24700373551759286,0.2783013574701973,0.18561729482952577,0.2439579525230133,0.14584848809479373,0.21216338464658585,interfair/training/states/runs/confirmation/hmda_pa/1005/erm/selected.pt,be2dcc000ba5d805ff85f24ef37eb568a245846ebcd24311117293554e79a087,interfair/training/states/runs/confirmation/hmda_pa/1005/erm/audit_current.npz,541de8ad1ff8a3cbb8bb7d2cb238fe03939c11baf27f3cb5749749eadb9adf4f,interfair/training/states/runs/confirmation/hmda_pa/1005/erm/DONE.json,9ff8e795b1c01c6eae8b4a6eca684536ed7dde6034ddd52928863049eb0dd5ad,interfair/training/states/runs/confirmation/hmda_pa/1005/erm/EVALUATION.json,6785ff3335172425e200d1c97f9b21bab16c6357723a0f902daeb6d02b341eae,10,True,16.841877751983702,cpu,3080,matched primary ERM,confirmation
hmda_pa,mlp,1005,erm_source,0.835718217391127,0.9390594487117476,0.9109979325298775,0.8529166666666667,0.1117087685744727,0.36640423737499106,0.13963148612271414,0.10068172645988299,0.17159379434970135,0.06173196679705184,0.13963148612271414,0.9653928531168977,0.5577601410934744,0.8823951880779244,11139,0.9036608863198459,0.41812865497076024,0.710801393728223,861,0.16148779182918122,0.7697126273821021,0.03464596518590201,0.06654433694313397,0.030988616349648463,0.08128347127973516,0.027541112774729145,0.16391420448990535,0.7498120286679937,0.03381069957357434,0.0735823942297879,0.019524724647968488,0.07771564724835867,0.07738384219617332,0.012834551183938767,0.015028675328233052,0.07771564724835867,0.05238114936868292,0.31421312943355606,0.2467967456355236,0.2638123441632685,0.18004885379475483,0.23376940745767832,0.14179564512847878,0.20072331108597752,interfair/training/states/runs/confirmation/hmda_pa/1005/erm_source/selected.pt,653a6b7da6549025d307f317532fbcb7261cfef3882c11930c7570847432139d,interfair/training/states/runs/confirmation/hmda_pa/1005/erm_source/audit_current.npz,b8dff904d102392ccd5f31f13e272f1c98b28c5862adbc3836a336cb3266c872,interfair/training/states/runs/confirmation/hmda_pa/1005/erm_source/DONE.json,f8ba313528c0f3d12fac503b758a66d885f71b14ffdb055fddf2652d92bb7567,interfair/training/states/runs/confirmation/hmda_pa/1005/erm_source/EVALUATION.json,5ee9d682bf739fd5b5d593bd433963b8ed30cb46973ccf17c4249d403c07fb3f,11,True,16.90353958797641,cpu,3080,published-pipeline fitting protocol,confirmation
hmda_pa,mlp,1005,hifi_shared,0.8398389702912121,0.9404399819891314,0.9102239335292329,0.8523333333333334,0.11082070411412011,0.3632376717360371,0.17787524366471735,0.14043978872936605,0.21329334450668203,0.10300433379401475,0.17787524366471735,0.9623492278209897,0.5462962962962963,0.8776371308016878,11139,0.859344894026975,0.3684210526315789,0.6643437862950058,861,0.20249653186142752,0.8107975230771379,0.038134472952230186,0.07012722082634508,0.044651499696953,0.09016613497748441,0.033504441673304367,0.1816823097339884,0.7616174637023608,0.03273091224314153,0.07100540621776355,0.03371241316651715,0.07997628914500458,0.08426764107981417,0.014467530943626683,0.020696742430904608,0.07997628914500458,0.05168433459422512,0.3160673683481886,0.22205889676445306,0.2577972016985134,0.1721911760048767,0.2278267939584134,0.14657371195139896,0.19224807920081044,interfair/training/states/runs/confirmation/hmda_pa/1005/hifi_shared/selected.pt,dbfdc36455de68acc7f3a925c074fbd7c08aeacc0b229f9dc0342132102b2b19,interfair/training/states/runs/confirmation/hmda_pa/1005/hifi_shared/audit_current.npz,5681ee8f74cdf567a8cf35a2fed5e6d4402ff1902a8b56889471a5575b43968b,interfair/training/states/runs/confirmation/hmda_pa/1005/hifi_shared/DONE.json,cba580c6881f4c3a4a616522f69280f6668146f421433c0f0bfe169ac5916004,interfair/training/states/runs/confirmation/hmda_pa/1005/hifi_shared/EVALUATION.json,d2fff320e79c1d957fa65c748dc9658e352da014c175008fde719be76ac34452,16,True,29.712355117080733,cpu,3080,published-pipeline fitting protocol,confirmation
hmda_pa,mlp,1005,ltdd,0.8339626814210925,0.9379025288468428,0.9124146243471274,0.8546666666666667,0.11186064092223523,0.36764662675988014,0.0653717627401838,0.05011032667899287,0.12631451850280884,0.03484889061780194,0.0653717627401838,0.9693382933152971,0.5595238095238095,0.8858964000359099,11139,0.9344894026974951,0.49415204678362573,0.759581881533101,861,0.3479158636285206,0.8920872595436525,0.056168459378549425,0.08052437520673239,0.12238635985203702,0.08025677546134852,0.029394698020320544,0.2532429928100263,0.8243525921630401,0.04419063823955627,0.09189359341304383,0.06635796589981025,0.07367007886551531,0.06006434273644377,0.011793371869281134,0.011471711146256476,0.07367007886551531,0.05129771336282786,0.3478357017529572,0.21318390584973584,0.2903512098923984,0.16384755842801885,0.2526183423425852,0.13446330172813692,0.1385416179192405,interfair/training/states/runs/confirmation/hmda_pa/1005/ltdd/selected.pt,12c205a3f384affd3473058dac92a02a65367573af43cd7783e57f28d72419b5,interfair/training/states/runs/confirmation/hmda_pa/1005/ltdd/audit_current.npz,f8b648ea65cccf3bd7c51451c1380c832d14a3348119d3eededbe92c2ee058e2,interfair/training/states/runs/confirmation/hmda_pa/1005/ltdd/DONE.json,7e00a5925af94b9f1a6323ef05782622c1471f1c3ab44e297388021a19d38aad,interfair/training/states/runs/confirmation/hmda_pa/1005/ltdd/EVALUATION.json,73c4449eb9a7dd241ca7d8bfb08e4407f0ea573df1c5489599b37ee1d6c74cdb,11,True,17.60911281593144,cpu,3080,published-pipeline fitting protocol,confirmation
hmda_pa,mlp,1005,reweighing,0.8324970927741667,0.9369320761202979,0.9111880046136102,0.8524166666666667,0.1120206780699855,0.36879963712612773,0.027244036015965922,0.019885526498009898,0.09638639766798585,0.012527016980053873,0.027244036015965922,0.968211024687183,0.5652557319223986,0.886165724032678,11139,0.9556840077071291,0.5380116959064327,0.7897793263646922,861,0.1620013754029242,0.7619240444486521,0.024910942287134617,0.036582069792926115,0.03176155137052455,0.06763211466944909,0.029603186471048197,0.1476809371315052,0.6921557514554092,0.024479140184400942,0.040037205382616806,0.018985614739029738,0.06534083156055828,0.06255924961731693,0.00864681837921366,0.0068747938963915145,0.06534083156055828,0.048420441869502256,0.28581208806854064,0.208354912190074,0.2053405662083374,0.15093893833924257,0.16699537062182623,0.12024030577009913,0.26245799206712517,interfair/training/states/runs/confirmation/hmda_pa/1005/reweighing/selected.pt,587a229d27588213cd6b95401383acdcf720f13d2dba1db93ecdbf7cf0f72c99,interfair/training/states/runs/confirmation/hmda_pa/1005/reweighing/audit_current.npz,7e0c3e5b4330e4d477d8f4dc4d05eeaeaf0512eee721dac8fcbea77fe8fa25a4,interfair/training/states/runs/confirmation/hmda_pa/1005/reweighing/DONE.json,fc24dc5c92a68e31b56624ed7de21b34b62fc8400ebaa1f63a84051a1d679d69,interfair/training/states/runs/confirmation/hmda_pa/1005/reweighing/EVALUATION.json,70925ea3ecb726651814e920a34ef310793c31b0bee166c0d424d7ffc6e38a0a,13,True,15.206530662020668,cpu,3080,published-pipeline fitting protocol,confirmation
hmda_pa,mlp,1006,cot_phi,0.8326978851717202,0.9368299754609624,0.9115017579105977,0.8531666666666666,0.1127781007829463,0.3718031126329069,0.04870973730622852,0.03917617051154365,0.11612525036027166,0.029642603716858784,0.04870973730622852,0.9679855709615601,0.560405643738977,0.8849986533800162,11139,0.9383429672447013,0.5116959064327485,0.7688734030197445,861,0.232344864785243,0.8311456759392324,0.04406759015685857,0.050259094318761105,0.03970667301781387,0.052361761961861056,0.027495055819782708,0.17731020451883364,0.7783635455796978,0.043647572637367175,0.04970719065031021,0.01497703471297315,0.04983410955412424,0.06091114711832508,0.007428695518346036,0.00801185240788882,0.04983410955412424,0.03526775488588873,0.2618492989667133,0.17615972819254605,0.19043245974818934,0.10763941058949823,0.152738617599459,0.08037281431813624,0.18985682577000584,interfair/training/states/runs/confirmation/hmda_pa/1006/cot_phi/selected.pt,698f9a6bc79a9b4c5cabce4c1bc529397d307e365daac423e6374619ecbd5a86,interfair/training/states/runs/confirmation/hmda_pa/1006/cot_phi/audit_current.npz,a7859120afb5aaa8cbd12af8cdf5cf7aac885d6f3cd513242c40f103aa265f85,interfair/training/states/runs/confirmation/hmda_pa/1006/cot_phi/DONE.json,f682c1bf4de5640b180dde868e197b1454bd5b36aeec6900cd66b07455104033,interfair/training/states/runs/confirmation/hmda_pa/1006/cot_phi/EVALUATION.json,3ebd6a9477cc6a67e3e287e007e1c9e50844500a5300c9b8b91913cb18e14c42,10,True,14.628537571989,cpu,3080,published-pipeline fitting protocol,confirmation
hmda_pa,mlp,1006,dralign,0.8257069761179049,0.9338922305904848,0.9048183457871682,0.8460833333333333,0.11894349417842162,0.3874643321000104,0.03715306785482231,0.022421953470078915,0.07078904423763943,0.007690839085335521,0.03715306785482231,0.934505692706572,0.468694885361552,0.8396624472573839,11139,0.9421965317919075,0.5058479532163743,0.7688734030197445,861,0.20391666407262637,0.7850125185274112,0.03270989907319765,0.06285756024754667,0.044919356281622545,0.08122021303402326,0.03509233980403095,0.22470050621144477,0.760229163286066,0.03959213310947344,0.07988857883967292,0.04031712947122365,0.07970586239658592,0.07925099609040565,0.014482375390763571,0.015252420217458124,0.07970586239658592,0.05144818290300294,0.3647640860198146,0.271038145091807,0.3144364938056856,0.22262971281262164,0.27566225555597496,0.19127646505589252,0.17521093090565304,interfair/training/states/runs/confirmation/hmda_pa/1006/dralign/selected.pt,0d8765ccd668a220c0d5d7504dbeafc2bd2a0ff0fc291ee487fe6b93001e1820,interfair/training/states/runs/confirmation/hmda_pa/1006/dralign/audit_current.npz,bbbe7a01024f8c69b876fd87100d4e82dbe8edec5cc7bab52d27c8d787506632,interfair/training/states/runs/confirmation/hmda_pa/1006/dralign/DONE.json,ee4167f73e2046487ee05dbba9c1a0494356a2b77f3115972cbfbe865d1e6f74,interfair/training/states/runs/confirmation/hmda_pa/1006/dralign/EVALUATION.json,77eacfbcd7c49709ba078c59c0d8676bb9be0946d1fbae48307415a883436e26,16,True,3.5530082429759204,cpu,40,published-pipeline fitting protocol,confirmation
hmda_pa,mlp,1006,soft,0.8267446211221687,0.9349837244169042,0.9092164989145451,0.8466666666666667,0.11626305012664079,0.37935400244217077,0.030423280423280352,0.015489221966308697,0.07819654896175754,0.0005551635093370422,0.030423280423280352,0.9812873407733063,0.6415343915343915,0.9121106023880061,11139,0.9807321772639692,0.6111111111111112,0.8339140534262486,861,0.010315923537651166,0.00061878211646339,0.001530879588369903,0.0013009635406504314,0.0,0.047794940658195575,0.006718646922217413,0.009789599623610323,0.0006188118811881188,0.001339911262454345,0.0011973666394975958,0.0,0.051561970436252366,7.502336356248946e-05,9.283449217354392e-05,0.0,0.051561970436252366,0.05137760106119063,0.020141347482577687,0.017417154742526756,0.006759177227036012,0.0058561013468085765,0.0024375512688793594,0.0021369375037316955,0.9926220108917759,interfair/training/states/runs/confirmation/hmda_pa/1006/equality_direction/selected.pt,d34ebe9a655e3cf3bbbeb2e6de27df7a0f9df144c2af474caeab833d8bcebcb0,interfair/training/states/runs/confirmation/hmda_pa/1006/equality_direction/audit_current.npz,9f0d5f200a318549aba2f9714cb430aa2dca54d3f52c2ac55c0fd57cf0079874,interfair/training/states/runs/confirmation/hmda_pa/1006/equality_direction/DONE.json,1fed687c7964324a2e803a592729f6997deb29490615abd3e71d2d37882246be,interfair/training/states/runs/confirmation/hmda_pa/1006/equality_direction/EVALUATION.json,185790fa3ffceb2c2a5f0aeabe1c710948ce86f883f621e2b98d1d0a56104771,10,True,109.6511434270069,cpu,3080,current full IS,confirmation
hmda_pa,mlp,1006,erm,0.8377729426021813,0.9394494881361861,0.9135381685128565,0.85625,0.11151667055632337,0.3683559270175929,0.12361923326835605,0.0890266379995023,0.15984488689486953,0.05443404273064856,0.12361923326835605,0.9735091872393191,0.5709876543209876,0.8915522039680402,11139,0.9190751445086706,0.4473684210526316,0.7317073170731707,861,0.16527087960709044,0.7686507282926829,0.027533729311347302,0.04592255134412226,0.03040618303041072,0.0706486388568995,0.024519127849778086,0.16465100654556517,0.7525473288442431,0.02870519994316462,0.0476054555089307,0.024297001231753303,0.06764409182623507,0.0726961539232425,0.010558253180935938,0.011933684016758601,0.06764409182623507,0.04700243883730773,0.29514986830177803,0.20712307259320714,0.23403866589922934,0.14579923691214203,0.19471259113569428,0.11870180197917699,0.20507143702936081,interfair/training/states/runs/confirmation/hmda_pa/1006/erm/selected.pt,8d5e3d937816e8bd4563680f192d7eaf1f4cd66dc3c5fd921be3be6f2dbb4a38,interfair/training/states/runs/confirmation/hmda_pa/1006/erm/audit_current.npz,b149c5d7c6da5f35978fc7e1eae1bebfb8a1edfffc06aaeaec38383c6f54ea58,interfair/training/states/runs/confirmation/hmda_pa/1006/erm/DONE.json,c63d0c9e69194de29672368ebf385c2e134487ac4927cdb1a7d39e84aafb32dc,interfair/training/states/runs/confirmation/hmda_pa/1006/erm/EVALUATION.json,e97c23d4c3890d6f646e77a7173a0887c31ebdeaf69bd4b50f830ebd7e08dff1,10,True,14.820983538054861,cpu,3080,matched primary ERM,confirmation
hmda_pa,mlp,1006,erm_source,0.8376071593241363,0.9393767352099232,0.9135492929495537,0.8563333333333333,0.1114652684716649,0.36818461398989705,0.12814443516197904,0.09208353978889822,0.1627905594588246,0.05602264441581739,0.12814443516197904,0.9731710066508849,0.5696649029982364,0.891013555974504,11139,0.9171483622350675,0.4415204678362573,0.7282229965156795,861,0.1660476504237363,0.7697075802464136,0.02790322209626147,0.04675381286974711,0.03202586284682771,0.07098125888889004,0.02494246852022488,0.16645079582283862,0.761595655167127,0.02915187423329211,0.04797899547924437,0.026532215348679656,0.06772815340647402,0.07084368269927388,0.010605329941346001,0.011991495040600696,0.06772815340647402,0.0470104768760508,0.29790435265198406,0.2096523718659184,0.23772253889315464,0.14860153597588865,0.1980745343246365,0.12026006257723323,0.1959652412981162,interfair/training/states/runs/confirmation/hmda_pa/1006/erm_source/selected.pt,3b8f79502e725ceff471b4e17ba626be124c0a0bd5f3d0955cf82bb0bfd8c6d1,interfair/training/states/runs/confirmation/hmda_pa/1006/erm_source/audit_current.npz,759a4caf4d79d9ae18892ac149fcf8ffa3bce82a50efd0dfc202b641d9abff1f,interfair/training/states/runs/confirmation/hmda_pa/1006/erm_source/DONE.json,1c52c48c9af584926be5c889ecec7457098338826f6fa963b0a769beaf514cca,interfair/training/states/runs/confirmation/hmda_pa/1006/erm_source/EVALUATION.json,65ca5e6c692ae31b502ce1844afe779a60c4a97ca94c703401b0d5e571a8d4a1,10,True,15.30640262097586,cpu,3080,published-pipeline fitting protocol,confirmation
hmda_pa,mlp,1006,hifi_shared,0.8373149270235313,0.9393960601603786,0.9125162841968133,0.8545,0.1116116769139957,0.36839029488365466,0.12642717905875805,0.09105582144307064,0.16047330955399508,0.055684463827383235,0.12642717905875805,0.9728328260624507,0.5767195767195767,0.8921806266271658,11139,0.9171483622350675,0.4502923976608187,0.7317073170731707,861,0.15552118937099219,0.7606584731354542,0.02725679844899123,0.050041729295817836,0.027804765109113623,0.07155300653848612,0.02272317234967941,0.15277217952331534,0.7329600414388052,0.02772843957231834,0.049144897171309716,0.01944749625974385,0.06913315611233292,0.06948461708807512,0.009989875268208763,0.012136229635185528,0.06913315611233292,0.04952523516778312,0.27368710926165873,0.19428555594424318,0.21154607259653777,0.14346607679586088,0.1766192744906605,0.1136629374446823,0.2277351135183871,interfair/training/states/runs/confirmation/hmda_pa/1006/hifi_shared/selected.pt,adb5a132eba8c9427f57e338bf25ad17d7f2ef73a25bb5712a27fac6001a8261,interfair/training/states/runs/confirmation/hmda_pa/1006/hifi_shared/audit_current.npz,5832fb6cb4c1411499c06a6f2dd27eea6d6f9267935d3ea365e91c24f2ef71c6,interfair/training/states/runs/confirmation/hmda_pa/1006/hifi_shared/DONE.json,92a88eaf4eadeba353bd8ba052fcc38947189c186400faa957c2edbce82f214f,interfair/training/states/runs/confirmation/hmda_pa/1006/hifi_shared/EVALUATION.json,73aa21dec834b615a403e1481a5d4a99447b3900c10ba25f864ccc139de9ad89,10,True,29.59413804509677,cpu,3080,published-pipeline fitting protocol,confirmation
hmda_pa,mlp,1006,ltdd,0.833129337886967,0.9375118213824363,0.9116526273565985,0.8531666666666666,0.1128311032239263,0.37244781186343684,0.0528404344193818,0.044239206538431775,0.12042880384173005,0.03563797865748175,0.0528404344193818,0.9701273813549769,0.5674603174603174,0.8881407666756441,11139,0.9344894026974951,0.5146198830409356,0.7677119628339141,861,0.36045370237534524,0.8917074158222665,0.05345229766434572,0.07435030666290877,0.10653775748001938,0.07343650218626957,0.03203542488503493,0.259433920813442,0.8369987858473459,0.04567452553697737,0.0794989229889741,0.04782406921900883,0.073634795098016,0.06558625039463187,0.0103675262394748,0.01155984136719435,0.073634795098016,0.05376681675422902,0.31874878658033634,0.19847196075462994,0.2547666503352763,0.1434234146139093,0.21268822439893548,0.11246186453549133,0.13229499067993078,interfair/training/states/runs/confirmation/hmda_pa/1006/ltdd/selected.pt,e0180854ddceca73559813cc83bf02e2eab26d622ad80f673895c229fa2eff2f,interfair/training/states/runs/confirmation/hmda_pa/1006/ltdd/audit_current.npz,b3ee315eabb0d30a7b8b1134c9aca41182d55053f5295aac6390c708684ecf7e,interfair/training/states/runs/confirmation/hmda_pa/1006/ltdd/DONE.json,3eeb1ccaccd42a89ce1bf78bae844481ca08cd5673103a574ff86a0d7a91e964,interfair/training/states/runs/confirmation/hmda_pa/1006/ltdd/EVALUATION.json,c095fcfae41abd2d1edd461e6e985cb86b7edb5e3d26ee8839820d2e1fc046be,10,True,19.551204834948294,cpu,3080,published-pipeline fitting protocol,confirmation
hmda_pa,mlp,1006,reweighing,0.8312903798367057,0.9371374871438768,0.9125307371907462,0.85475,0.11303556684551475,0.3723737528836813,0.035853522695627915,0.022486009088226788,0.06134675136139989,0.009118495480825661,0.035853522695627915,0.9677601172359374,0.548941798941799,0.8824849627435137,11139,0.976878612716763,0.5847953216374269,0.8211382113821138,861,0.15569034792152095,0.7715907286103749,0.025285920111706776,0.03887259051631813,0.027106241165716364,0.05945784891443317,0.0263288768378704,0.15616252530821723,0.7264816097790743,0.02653739998338031,0.04322839851440424,0.014028618667102699,0.05613199422229186,0.06796996550151395,0.008436676992798724,0.008040848185752176,0.05613199422229186,0.039529253901889806,0.28798848725192633,0.21178981358557872,0.201845454348192,0.14697841635758568,0.15637001073390006,0.1093600082748369,0.2209601855415424,interfair/training/states/runs/confirmation/hmda_pa/1006/reweighing/selected.pt,ff6a2796029240990538a4ff3a93fa243aaa8805e26be6b4d060400673480971,interfair/training/states/runs/confirmation/hmda_pa/1006/reweighing/audit_current.npz,bfa537517a39ee4c58a1168d80da58ca7f7849b1f03b3b022af64ffe3df236f0,interfair/training/states/runs/confirmation/hmda_pa/1006/reweighing/DONE.json,0f0ca3f7cc604365472d2c5cf86d7af4ed38e1a1f937d50f6c3018d05c8cedbb,interfair/training/states/runs/confirmation/hmda_pa/1006/reweighing/EVALUATION.json,b126cc9fb08cb35c3401d96e90f1f79f521441a32823ab3d70758df30b6ddd5a,10,True,14.618002952076495,cpu,3080,published-pipeline fitting protocol,confirmation
hmda_pa,mlp,1007,cot_phi,0.8352265800007344,0.9375859810967059,0.9039256198347108,0.845,0.11551394515254011,0.3759712519797156,0.14422630650700824,0.1329172411335419,0.21814618130791374,0.12160817576007554,0.14422630650700824,0.9385638597677827,0.486331569664903,0.8464853218421762,11139,0.8169556840077071,0.34210526315789475,0.6283391405342624,861,0.23996650619951593,0.8377346945233002,0.04840305214663755,0.07693255287573252,0.0489852568745069,0.07220236656032882,0.031671498285799245,0.16026483600376634,0.7260367474934656,0.04499453363461163,0.09025367247124523,0.019666513791645097,0.06573584108060254,0.06081768065264409,0.011667209257097614,0.015839013262224724,0.06573584108060254,0.0427686218652133,0.3174188868381204,0.24313902445877458,0.2536848609785903,0.18120278587385813,0.2163149621802174,0.14851870109105056,0.21880716225970626,interfair/training/states/runs/confirmation/hmda_pa/1007/cot_phi/selected.pt,aabb699d847f31b80cda6e3020b79b0d4627a8aad7f447252d8c8f4e24b1741b,interfair/training/states/runs/confirmation/hmda_pa/1007/cot_phi/audit_current.npz,8a7c7f9cb644841fbd3aedcce254d00f37a7455bf3d64521ba58480ca447a8d8,interfair/training/states/runs/confirmation/hmda_pa/1007/cot_phi/DONE.json,8fd91101269dc72b061a53e59d9de9c50f980611eb84a5ee7a24eba70f87a87a,interfair/training/states/runs/confirmation/hmda_pa/1007/cot_phi/EVALUATION.json,60e42105718192f5c0499d85721f0e4817ff438aa5a2769f12d9ef191a373c8d,11,True,14.907066332991235,cpu,3080,published-pipeline fitting protocol,confirmation
hmda_pa,mlp,1007,dralign,0.8228230284928532,0.9321519442539837,0.8993057368063893,0.83925,0.12324002731117878,0.39867723533649857,0.050194931773879126,0.0382428516115485,0.05728343113141421,0.026290771449217876,0.050194931773879126,0.9159057603426897,0.4351851851851852,0.8180267528503457,11139,0.9421965317919075,0.4853801169590643,0.7607433217189314,861,0.2947728345770257,0.8538210219950975,0.0546360194526457,0.10358680231571452,0.07880234952463477,0.09042773881485043,0.04333287007485996,0.34139532623971364,0.8261110297649327,0.06382304268599408,0.12093417743467194,0.09175243659858487,0.07970873036767429,0.10227509836958075,0.019668607829080306,0.027585236391950964,0.07970873036767429,0.04272962354531203,0.41335538266865335,0.26638383589010933,0.36038897388074803,0.22727552317660052,0.32578827737422916,0.2007382641717004,0.11837781185712819,interfair/training/states/runs/confirmation/hmda_pa/1007/dralign/selected.pt,950acbad40ad890b80f6a4530ac2b681308534c19087dbf5e97fabfaadaf87c9,interfair/training/states/runs/confirmation/hmda_pa/1007/dralign/audit_current.npz,f9650ea91424636a35263cb8bc6c8995a30e62a57c038835a6f98b15ce5c0bba,interfair/training/states/runs/confirmation/hmda_pa/1007/dralign/DONE.json,2097fc8f7af4d4f7c726954d62c19dd0fbcfd6889ea1cd988a56431b823b1ef1,interfair/training/states/runs/confirmation/hmda_pa/1007/dralign/EVALUATION.json,eabecc8b5295ead03c3a0d95b831210d5b03b4074bb3a24d7d298c7231120575,18,True,2.7507643069839105,cpu,40,published-pipeline fitting protocol,confirmation
hmda_pa,mlp,1007,soft,0.8302987404061548,0.9365193690947995,0.9117559671189462,0.8515,0.11481967711684055,0.3753847881754699,0.02223150468764501,0.012308832608606823,0.06154350489678573,0.0023861605295686372,0.02223150468764501,0.9802727990080036,0.609347442680776,0.9047490798096777,11139,0.9826589595375722,0.631578947368421,0.8432055749128919,861,0.005327086637792284,0.0,0.001092550484210761,0.00258792664344553,0.0,0.05412893392307044,0.00705543519138956,0.004391111318996941,0.0,0.000889255313155675,0.002758276939007348,0.0,0.053926995651383806,0.00016024205257465307,0.00021112301531482617,0.0,0.053926995651383806,0.05350493962755866,0.025637603893047377,0.023971098306084276,0.012652733397974413,0.011904360488044007,0.006672281590882581,0.006377990831612422,0.9873472666020255,interfair/training/states/runs/confirmation/hmda_pa/1007/equality_direction/selected.pt,e8638570b8e164e7f6e16d44ecc08ae7e8b08be5cd6e6288f777760fd4ae77f5,interfair/training/states/runs/confirmation/hmda_pa/1007/equality_direction/audit_current.npz,d828593cd817600ee66c43cf58d3cedb038a3343baf561a33f6d5d6554d9d0e3,interfair/training/states/runs/confirmation/hmda_pa/1007/equality_direction/DONE.json,243c26c0f9b2317dccd0fa1cf125431704e8dbf0f8b2602e53594cf41650f450,interfair/training/states/runs/confirmation/hmda_pa/1007/equality_direction/EVALUATION.json,d41d1b8c6b79194954ccb793b5f23c791facd513bbbd3e17b0d9e9baa7a57a96,35,True,121.64461865799967,cpu,3080,current full IS,confirmation
hmda_pa,mlp,1007,erm,0.8383375768629707,0.9390403630365955,0.9111744932260365,0.8546666666666667,0.11073927979922814,0.3649728907765641,0.17905875800612642,0.13073169896099593,0.20520799413680724,0.08240463991586544,0.17905875800612642,0.957163792131665,0.5211640211640212,0.8683903402459826,11139,0.8747591522157996,0.34210526315789475,0.6631823461091754,861,0.20609926571068604,0.8163036243898006,0.0363133258223311,0.06591329612139116,0.0424013324825019,0.08527627798630227,0.03313763424316373,0.21463666797409464,0.7761493875814102,0.037090243138818174,0.07437737520306378,0.04071912803820266,0.07981866807074756,0.11884416382629741,0.01931437182487344,0.030161953138526917,0.07981866807074756,0.0421907904493643,0.370479268157046,0.2806071539016509,0.3195193401145028,0.2245503383550842,0.2841530169610007,0.19027703475805677,0.16698381106518595,interfair/training/states/runs/confirmation/hmda_pa/1007/erm/selected.pt,b767981e7af20eabdf94f672123623b0fcf8d33482dca5b946102cdbceb4abb5,interfair/training/states/runs/confirmation/hmda_pa/1007/erm/audit_current.npz,462364fb4a2d7347dc393a53421c9fd22771a63f05c86d1daf7327cc141a5b25,interfair/training/states/runs/confirmation/hmda_pa/1007/erm/DONE.json,6f770ef37c05269f1456c8d07a09c58aa7cf50986679647439b71ceb6510ba0e,interfair/training/states/runs/confirmation/hmda_pa/1007/erm/EVALUATION.json,4532deaebddf75c7aad706d77d7b65b0a57a30aa0cedfc76716694ac99715ee1,15,True,14.666575898998417,cpu,3080,matched primary ERM,confirmation
hmda_pa,mlp,1007,erm_source,0.8388670999963277,0.9391936382898902,0.9097983003993038,0.8531666666666666,0.11147097140074039,0.3658722997698217,0.23164392462638084,0.18429147686440395,0.26004248500027993,0.13693902910242706,0.23164392462638084,0.9538947131101342,0.5123456790123457,0.8639913816321034,11139,0.8169556840077071,0.2807017543859649,0.6039488966318235,861,0.2103919217574927,0.8173882238164109,0.037030722804718905,0.06849631296533924,0.04488269561269965,0.08807367721624391,0.041914737348758904,0.22331778851759843,0.7749902122085242,0.03776523321116398,0.07497872774371372,0.04969884906837827,0.08269988008267748,0.09507248686630944,0.01734286574884312,0.02798385991930072,0.08269988008267748,0.04914999591839582,0.3602043397764708,0.2549670144531444,0.3061513702049802,0.20522752054642057,0.2733405978401739,0.1790655554836604,0.17293966921622705,interfair/training/states/runs/confirmation/hmda_pa/1007/erm_source/selected.pt,5f95155a23314d554913916aa7f67dc60bbf1eda8e5fa4b1801e8f1dbfcfc643,interfair/training/states/runs/confirmation/hmda_pa/1007/erm_source/audit_current.npz,680557a6e99bb98b8d5bb94560ebaf3d5c6eb8e3a4e3498dde448361f5bc4b13,interfair/training/states/runs/confirmation/hmda_pa/1007/erm_source/DONE.json,7c9fb6523a05a8e0601891f6b0c562625d93bef68378546100ff31cfa9939b7f,interfair/training/states/runs/confirmation/hmda_pa/1007/erm_source/EVALUATION.json,ca28056b8c7a6186ad73e3dac04afbe9e08d753c3be317c31a1fc8d77ec03aa7,14,True,17.711981120985,cpu,3080,published-pipeline fitting protocol,confirmation
hmda_pa,mlp,1007,hifi_shared,0.838231611031545,0.9388211573429543,0.9102609939220594,0.8535833333333334,0.11135145119492254,0.36591999472272707,0.22363779819920165,0.18169749943595695,0.25782627069470265,0.13975720067271225,0.22363779819920165,0.9567128846804194,0.5189594356261023,0.8675823682556782,11139,0.8169556840077071,0.2953216374269006,0.6097560975609756,861,0.1957451950597837,0.8184422512006162,0.03755045195619062,0.0745039762681416,0.04590698139031421,0.09008462184007457,0.04010672543230503,0.19635111855013346,0.7949949148376969,0.03567261295980806,0.07754035975889513,0.04533272063733579,0.08356353923956983,0.08273848043527458,0.015310158851214672,0.024455952415046174,0.08356353923956983,0.05383959984245463,0.3335786005911696,0.22874997438710365,0.2747557947070009,0.18804116372020357,0.23952536096644728,0.16186787354958082,0.1550716347244534,interfair/training/states/runs/confirmation/hmda_pa/1007/hifi_shared/selected.pt,41e7f9635937949b886801ffa7f8c24e99f9ae4bcd1fc11e1386a22233157556,interfair/training/states/runs/confirmation/hmda_pa/1007/hifi_shared/audit_current.npz,edc25e173b005a347bd0e08d021ce5919e90e4e6ae0a338aaacb2983fd00d635,interfair/training/states/runs/confirmation/hmda_pa/1007/hifi_shared/DONE.json,7f3e9750185c932c461d55fbc16d55d24954c76e8d59e9e99a45c000ff31c439,interfair/training/states/runs/confirmation/hmda_pa/1007/hifi_shared/EVALUATION.json,c5b4c79463ad45a72067f41de589ce22c81e9099850f973856d0d4003d7ead9f,14,True,29.183894060901366,cpu,3080,published-pipeline fitting protocol,confirmation
hmda_pa,mlp,1007,ltdd,0.8346423398169569,0.9381837773984227,0.9090909090909091,0.8514166666666667,0.11317010393556666,0.36965815391111567,0.11236424394319139,0.09569353898735725,0.17704721427961456,0.0790228340315231,0.11236424394319139,0.9537819862473227,0.5158730158730159,0.864619804291229,11139,0.8747591522157996,0.40350877192982454,0.6875725900116144,861,0.3679491043289213,0.8991959265597415,0.06348300495523883,0.11810602503094907,0.11573793983215318,0.0893016920968214,0.03877461175084892,0.28846856875033977,0.8534547925607878,0.053111930554678374,0.12741763479559462,0.0824224456740412,0.084534472349572,0.0949204761994168,0.018870664956499292,0.034160106649336754,0.084534472349572,0.04858966334397635,0.4145261382553244,0.2581873799355755,0.35611405745161806,0.20473180209217354,0.3156185648110477,0.17521683609787284,0.10505948622405295,interfair/training/states/runs/confirmation/hmda_pa/1007/ltdd/selected.pt,f1912d829f2e106b0d03730f9bd398341d180736ac2302994b7f981886fb3468,interfair/training/states/runs/confirmation/hmda_pa/1007/ltdd/audit_current.npz,f100cb0d7a5bfbe6499e457ef04a7445eb17da7382548508495a3ac0c7be6d8c,interfair/training/states/runs/confirmation/hmda_pa/1007/ltdd/DONE.json,13daf68a1df2410468e6e03a029b1084dacac79f6712c0ca2b9ed013de27ecb3,interfair/training/states/runs/confirmation/hmda_pa/1007/ltdd/EVALUATION.json,25e6c6ef3dd672ed37d47bb00fa6313e35e5f64a695b3675274e1223fd55439c,11,True,17.032683095079847,cpu,3080,published-pipeline fitting protocol,confirmation
hmda_pa,mlp,1007,reweighing,0.8348288715067387,0.9378298334125932,0.9098874229534919,0.8525833333333334,0.11220385006403277,0.36838794598369606,0.05940777870602437,0.04054423879325489,0.12235848994633225,0.021680698880485405,0.05940777870602437,0.9523165370307745,0.5097001763668431,0.862195888320316,11139,0.930635838150289,0.4502923976608187,0.7398373983739838,861,0.18659662285652448,0.8015933763010017,0.03004846976480196,0.05018292607551489,0.040480615763202936,0.07669582778127784,0.03041217186037741,0.18610496334179946,0.766160241225989,0.031115802068844362,0.058156814133997606,0.03123623373623082,0.0733325456306646,0.08154388174974074,0.012025111345145188,0.013370210890715727,0.0733325456306646,0.04995522367826661,0.2981023032008863,0.21269884568193712,0.23786803213883323,0.17127177856170583,0.20715289434329748,0.14425355952686628,0.18173632540755702,interfair/training/states/runs/confirmation/hmda_pa/1007/reweighing/selected.pt,4c63e3c400375367f4e6eec0807ccfc30b076ce79466e681157116242e4b1e00,interfair/training/states/runs/confirmation/hmda_pa/1007/reweighing/audit_current.npz,997828202c0b75ddb426267092e8493ef727bec98226cc7d0cca75132b52f206,interfair/training/states/runs/confirmation/hmda_pa/1007/reweighing/DONE.json,9e3c678662eb2c568ac49665870de906cbd2bd9d0f86ecee303c7d11386fed19,interfair/training/states/runs/confirmation/hmda_pa/1007/reweighing/EVALUATION.json,1a11c4cff7c35ea9882a2e2e2627684d8711cd40dbe3a30621cc44004a81c01e,14,True,15.22168378403876,cpu,3080,published-pipeline fitting protocol,confirmation
hmda_pa,mlp,1008,cot_phi,0.8342222303828561,0.9376444535917994,0.9124550108987682,0.8560833333333333,0.11170979573383431,0.368510750618585,0.08813700918964079,0.07817326759799434,0.16100601427698702,0.06820952600634789,0.08813700918964079,0.9622365009581784,0.5238095238095238,0.8729688481910405,11139,0.8940269749518305,0.43567251461988304,0.7119628339140535,861,0.2797853344268775,0.8600667209975664,0.045349780760600394,0.054940857924611994,0.05511609672384,0.060651026459070195,0.029320852383766062,0.18561946702844545,0.7445165065625519,0.04376480339939683,0.0588180743523347,0.026043206275625744,0.05586048222673039,0.07979708442218181,0.009721457830998993,0.008223612513038674,0.05586048222673039,0.03693402213338451,0.3123236199465482,0.2081204493429004,0.23057457133506343,0.13330215546022753,0.18942773349802958,0.10416976435495162,0.21631349903350533,interfair/training/states/runs/confirmation/hmda_pa/1008/cot_phi/selected.pt,d3a2dbc4b6bcc06ae764331117d7c46c99a05eaf039fe3cd11fc511b5f2e9ece,interfair/training/states/runs/confirmation/hmda_pa/1008/cot_phi/audit_current.npz,01737b94c70cf488bb3ae4729338af22f86bfe41a72ec935258476169fffc6f1,interfair/training/states/runs/confirmation/hmda_pa/1008/cot_phi/DONE.json,334df4ced02ece139e395ac05b317e3cd1b1a7025709d15d6d15f9f071db73ec,interfair/training/states/runs/confirmation/hmda_pa/1008/cot_phi/EVALUATION.json,ee2aece370f7c14a5b9631880b47b8b8ec18f1950337c05c2f36a09babb59a91,13,True,13.888029903988354,cpu,3080,published-pipeline fitting protocol,confirmation
hmda_pa,mlp,1008,dralign,0.8255535357986608,0.9340401897216943,0.8995946367321485,0.839,0.12114141680209296,0.39162424369530163,0.03752436647173485,0.020418877158977278,0.0736727816664492,0.0033133878462197064,0.03752436647173485,0.92154210348326,0.4537037037037037,0.8262860220845677,11139,0.9248554913294798,0.49122807017543857,0.7526132404181185,861,0.25108506767656563,0.8269042851288032,0.04130190359774789,0.07256765914047317,0.05049513574129959,0.08523069151298346,0.03360421613949017,0.31376907512973823,0.8274328807039799,0.0522011364939869,0.08492563067017407,0.07288026449257223,0.07300777976230109,0.08301460342019762,0.014621175726699248,0.017979532372943783,0.07300777976230109,0.045293192467225,0.405055217417716,0.2554203278913508,0.3248484556331159,0.20093412130602478,0.28194517501016486,0.17275105176903108,0.11488127953061494,interfair/training/states/runs/confirmation/hmda_pa/1008/dralign/selected.pt,aff93d44dbde7d8dc491a3d8c8dec7d9ca6e5ba753173dd8e00a4f4087ff405a,interfair/training/states/runs/confirmation/hmda_pa/1008/dralign/audit_current.npz,493d39cb040cdca26588fe437bb830b26a8667bdb4f1b6254142bdb35548292f,interfair/training/states/runs/confirmation/hmda_pa/1008/dralign/DONE.json,7529f28949400c93ab08d7399526a6dae361f924d07dfa612c6070bd34fdc4d2,interfair/training/states/runs/confirmation/hmda_pa/1008/dralign/EVALUATION.json,f524d3b9e0b3480c7152683fb5a245aac2472fced0237943eb82096b28f75a8f,20,True,2.6433795229531825,cpu,40,published-pipeline fitting protocol,confirmation
hmda_pa,mlp,1008,soft,0.8330222295667928,0.9364589511442212,0.9117953294660122,0.85175,0.11312287017470511,0.37110092148859697,0.005244592963891237,0.004888236744527541,0.07681614617692867,0.004531880525163845,0.005244592963891237,0.9794837109683238,0.607583774250441,0.9037615584881946,11139,0.9749518304431599,0.6023391812865497,0.826945412311266,861,0.0054915060048432215,0.0003692931623449275,0.0008868685788641484,0.0009563864482606414,0.0,0.048489309327725924,0.006226354573072176,0.005470667504325863,0.0003069367710251688,0.0007846239075703354,0.00014714537963507945,0.0,0.048572914816430564,0.0003643859622518386,0.00031325478818455956,0.00045408215066024824,0.048572914816430564,0.04794692867715818,0.03225118279726787,0.030570738229246677,0.019100974350177206,0.017728701137965618,0.011673694164236121,0.010750414681591724,0.9805920888787976,interfair/training/states/runs/confirmation/hmda_pa/1008/equality_direction/selected.pt,fbc15a110e0e72704f86d4488aa0ea358c2ac6a774d84e390b5846eb39c2f753,interfair/training/states/runs/confirmation/hmda_pa/1008/equality_direction/audit_current.npz,f3f3d7ea57a979d3703ca439819873473b0a4b53358338e75901b8a40240ee0f,interfair/training/states/runs/confirmation/hmda_pa/1008/equality_direction/DONE.json,ed0800816b4279429a036f1c0e8ae26f03ff54036c0379efd9da2ca5c3604c8b,interfair/training/states/runs/confirmation/hmda_pa/1008/equality_direction/EVALUATION.json,307c3974d69f906734b00b1c8502801f1d1b2ffe5076f5a71ba97db2fa457445,35,True,110.83057214098517,cpu,3080,current full IS,confirmation
hmda_pa,mlp,1008,erm,0.8393133846637206,0.9396571889013227,0.9127906976744186,0.855,0.1109956248737069,0.36541798594680197,0.20117423187598626,0.15494296662507312,0.2212441892800291,0.10871170137415997,0.20117423187598626,0.9757637244955473,0.5842151675485009,0.8960409372475088,11139,0.8670520231213873,0.3830409356725146,0.6747967479674797,861,0.21454182833259333,0.8298925011443938,0.0379402886527697,0.0671961073847518,0.050477456650829575,0.07990579466188777,0.03376367554553014,0.19269876374690337,0.7855263049540877,0.030239122214716106,0.058788867940306015,0.05555856471886798,0.0652362739819288,0.0674969525401731,0.013350595615347014,0.017144352661307927,0.0652362739819288,0.039578628357778284,0.3826933509350238,0.2454133718882795,0.3073557659219807,0.1922230027071764,0.2624468212416312,0.16342344037660816,0.1533633156735289,interfair/training/states/runs/confirmation/hmda_pa/1008/erm/selected.pt,10400417e328ff968187bec5ef4308dd45decd8e480817cc2694927d5d4c97b5,interfair/training/states/runs/confirmation/hmda_pa/1008/erm/audit_current.npz,31cf478d21d74d9cc1b4939b121dec4c82cbdfeef064634d2be55e79552cc18d,interfair/training/states/runs/confirmation/hmda_pa/1008/erm/DONE.json,281400ee54ada61ebdf828bcb94279cea1a1d6026b24e1b338005174e33c5196,interfair/training/states/runs/confirmation/hmda_pa/1008/erm/EVALUATION.json,93b85b8433d97deb160b9ff7716514ef26e081eb42392bd5421d3943bcf22d4a,15,True,14.109404627000913,cpu,3080,matched primary ERM,confirmation
hmda_pa,mlp,1008,erm_source,0.8389053733694032,0.939903449698977,0.9109883986017528,0.8535833333333334,0.11113653481417687,0.36477419381817655,0.15796435533277642,0.12889574287822675,0.20462461521233266,0.09982713042367708,0.15796435533277642,0.9630255889978582,0.541005291005291,0.8770984828081515,11139,0.8631984585741811,0.3830409356725146,0.6724738675958188,861,0.18944470951424508,0.8161887112818229,0.03562978835417714,0.06919271244323083,0.04983784012168288,0.08301589538860517,0.0330915701970831,0.18426069420258326,0.7860058875947318,0.029639205999554382,0.06429551469011581,0.06312455665742693,0.06739120643018429,0.07538508535355354,0.015672581606155325,0.02050156849292633,0.06739120643018429,0.03719215204417508,0.4108635424736551,0.27500808392440496,0.34413895394267696,0.2222199395709109,0.30276661186626297,0.18867775228377232,0.1427202086969815,interfair/training/states/runs/confirmation/hmda_pa/1008/erm_source/selected.pt,c856c175a55c37742e148b3afd940b90403f41f750181782b57cf7df75b817ed,interfair/training/states/runs/confirmation/hmda_pa/1008/erm_source/audit_current.npz,bced5d9daa3526c78180302213daa1ecc566e5b81206221dd81bc29f5d06fc8b,interfair/training/states/runs/confirmation/hmda_pa/1008/erm_source/DONE.json,bae6618399e0701cdb451e61ff35dc8073da8d2da02085a6efcfafa30a111967,interfair/training/states/runs/confirmation/hmda_pa/1008/erm_source/EVALUATION.json,f6751cd6b4afac979c8406d01283d7c33b848ad4a686fa32b3b0974fd7bbbaf5,12,True,17.176240221015178,cpu,3080,published-pipeline fitting protocol,confirmation
hmda_pa,mlp,1008,hifi_shared,0.8387909204787027,0.9397228996571192,0.9114564876221334,0.85425,0.11105819163193796,0.3647189577999387,0.1660168940870695,0.12946299172800704,0.20337903082774433,0.0929090893689446,0.1660168940870695,0.9638146770375381,0.5432098765432098,0.878175778795224,11139,0.8709055876685935,0.37719298245614036,0.6747967479674797,861,0.2031179291063359,0.822202978064523,0.0380103503965561,0.07334277535570008,0.05668192792400562,0.08359119999270198,0.030971842904380657,0.18743100476522262,0.778574569213736,0.03152308297864583,0.06800341970351743,0.06916290484359597,0.07113733621661683,0.07307896630354571,0.014253224704924322,0.017508318632596612,0.07113733621661683,0.04391175717803022,0.37846564161007884,0.23845969963739827,0.31627772344847266,0.19664897122619715,0.27815387976029243,0.16655144117699439,0.16710833539613357,interfair/training/states/runs/confirmation/hmda_pa/1008/hifi_shared/selected.pt,3ef170ddbf1be04e422f86e48f494db8b7b80f10020784794dc9ce3d09c5f2c8,interfair/training/states/runs/confirmation/hmda_pa/1008/hifi_shared/audit_current.npz,410e3b4d6d105bd0503362d92f3a85e81420928102ef348a52d0f26820ef9c2c,interfair/training/states/runs/confirmation/hmda_pa/1008/hifi_shared/DONE.json,48ce6b354a48d0a28cb9d702d18122d72071c72297b5469c8fd5c80cd1d7490e,interfair/training/states/runs/confirmation/hmda_pa/1008/hifi_shared/EVALUATION.json,48293c4385e54cdf6aa7df72221bdb06f0018749fdac851636bce9bb446d3071,12,True,29.69694579206407,cpu,3080,published-pipeline fitting protocol,confirmation
hmda_pa,mlp,1008,ltdd,0.8352020980989803,0.9379378541334109,0.911855643975873,0.8550833333333333,0.11154669887450372,0.3667950760167666,0.08785853522695636,0.07571270432320912,0.1574319190539064,0.06356687341946188,0.08785853522695636,0.9614474129184984,0.5264550264550265,0.8728790735254511,11139,0.8978805394990366,0.43859649122807015,0.7154471544715447,861,0.35408877087023505,0.8919383297328506,0.05816909181807495,0.08573784892022504,0.13095325344134162,0.08518195661222352,0.03166232772989878,0.3010173152750118,0.85105487568405,0.047049644467399857,0.0886573187252886,0.1251453753205392,0.07618027420769279,0.051645769713067446,0.011964252062032752,0.016117137650259808,0.07618027420769279,0.0549805930824191,0.40026895079624214,0.18247657459399552,0.32528347294464,0.14165171670514604,0.27550679454399174,0.1154758961174471,0.11755065266642319,interfair/training/states/runs/confirmation/hmda_pa/1008/ltdd/selected.pt,960614f3cfba10ae78c7f444a5a7d35522e962f1d845d322cb1cdaac038e26ee,interfair/training/states/runs/confirmation/hmda_pa/1008/ltdd/audit_current.npz,0bbea249bcc28f7ca8b71e2f3fd5b0d2f0dfae599ca2c9c640ead1114ebed019,interfair/training/states/runs/confirmation/hmda_pa/1008/ltdd/DONE.json,ce574a4f33c77715d4aa3ea44289a4acf2fcfb84b218c86e726fcc6850f61b94,interfair/training/states/runs/confirmation/hmda_pa/1008/ltdd/EVALUATION.json,4f8e90a4b50d6745188d5118284dd83aab10b34fe38e7533139a0af4dbde3f51,11,True,16.77656053204555,cpu,3080,published-pipeline fitting protocol,confirmation
hmda_pa,mlp,1008,reweighing,0.8357762394982842,0.9387838229011842,0.9089513281130047,0.85175,0.11360143594176246,0.371290004685377,0.02450570871623503,0.024297687069498308,0.11284800586069033,0.024089665422761586,0.02450570871623503,0.9470183744786382,0.4894179894179894,0.8538468444205045,11139,0.9229287090558767,0.4649122807017544,0.7409988385598142,861,0.16436270178570103,0.7812654816892072,0.028025211888853232,0.047574568627661344,0.03516321866188197,0.07413769931429932,0.025493840429416735,0.1680736502039854,0.7436560067851138,0.02976561248041413,0.057828349993674436,0.022527916848536902,0.07079442057099007,0.05090923798950812,0.009379433642260904,0.010249505244454728,0.07079442057099007,0.0524458993906328,0.3019958193652501,0.21837505518432987,0.23004764584776216,0.16530578547036257,0.1969957967788872,0.13560371965279874,0.2030389754458681,interfair/training/states/runs/confirmation/hmda_pa/1008/reweighing/selected.pt,c81de275a5cfc2a52a1af13832dbcf5fc3748ff9a103a69d923a3b173e17dfce,interfair/training/states/runs/confirmation/hmda_pa/1008/reweighing/audit_current.npz,96e264b6e1b1fc97d8e3e1d8127aa133b29fc877529b5d5e5d63ff7cded56503,interfair/training/states/runs/confirmation/hmda_pa/1008/reweighing/DONE.json,96ac86dc2bcebb8cd58623e53e62f40f3adb9b18a68dab16aa7dd73eba275dd0,interfair/training/states/runs/confirmation/hmda_pa/1008/reweighing/EVALUATION.json,2299372e1285fd75cac519b6c6ebacb7fab5cd82d757a00af606a18d3a196f4e,9,True,13.402844694908708,cpu,3080,published-pipeline fitting protocol,confirmation
hmda_pa,mlp,1009,cot_phi,0.8358223878830908,0.9382383544455453,0.908095384300481,0.8503333333333334,0.11319832545600705,0.37080524242614454,0.11976701011788737,0.09906716709208013,0.18068293183412776,0.07836732406627289,0.11976701011788737,0.9492729117348664,0.5057319223985891,0.8589640003590987,11139,0.8709055876685935,0.38596491228070173,0.6782810685249709,861,0.2532879725358711,0.8622341028296016,0.046324628623951696,0.0649451171951408,0.04925758791889191,0.067479461269624,0.03553917512049917,0.18487066203408517,0.7748568738697967,0.046584627763139944,0.06979364903982056,0.023879714229010276,0.06239477067786981,0.08258005222941309,0.01011597015420117,0.010698407276585279,0.06239477067786981,0.04258927244588354,0.3249121812152407,0.23774494313043798,0.24599077469038377,0.16401853822501658,0.20456034770163645,0.12767886102840442,0.1782770846834637,interfair/training/states/runs/confirmation/hmda_pa/1009/cot_phi/selected.pt,8443a13488518515435492a8fc16c2a4afff23e41bee213d7e04a5cf75dbc4bd,interfair/training/states/runs/confirmation/hmda_pa/1009/cot_phi/audit_current.npz,81ff006c79985f1f97a12edfc96157efc92c642b236af886d2934ed4661027e1,interfair/training/states/runs/confirmation/hmda_pa/1009/cot_phi/DONE.json,cb2a227c73a105457edc710b2b0954a1a9b6c5acb640c24a573b0c327584f95e,interfair/training/states/runs/confirmation/hmda_pa/1009/cot_phi/EVALUATION.json,bcca4f2b3ae0e7afd046ef908b61fb10b016297074db4d066bf58bce2a51c4d6,12,True,16.190906101022847,cpu,3080,published-pipeline fitting protocol,confirmation
hmda_pa,mlp,1009,dralign,0.8264545105863823,0.9339980938678061,0.9017574783555394,0.8420833333333333,0.11998934044206139,0.38922731426047674,0.031954887218045125,0.02240515539054358,0.07038490184063095,0.012855423563042034,0.031954887218045125,0.9254875436816593,0.45634920634920634,0.829966783373732,11139,0.9383429672447013,0.48830409356725146,0.759581881533101,861,0.24937640906438474,0.8266511331300465,0.043125652794403564,0.0785451796193569,0.06103186074185765,0.08592809572551105,0.040546694225776475,0.31950037704585627,0.8344099821311762,0.05334922498022824,0.08973690185746377,0.08507589959633496,0.07376114983051157,0.0945978835311178,0.015530716979181264,0.016929583342402518,0.07376114983051157,0.04439219095450048,0.44400524362619476,0.2679846799761023,0.3498072234381964,0.2083228405439892,0.29651637091086647,0.17416503398429134,0.11441262031507178,interfair/training/states/runs/confirmation/hmda_pa/1009/dralign/selected.pt,7287b1750e8942fb132c0150b1f2e820f858e37ba4d2e8cc24ba8fe4d6ca578e,interfair/training/states/runs/confirmation/hmda_pa/1009/dralign/audit_current.npz,78cd4fabc01e50da4842bf3cd738893ef6e8a43f46aa03e2a4092d91748af019,interfair/training/states/runs/confirmation/hmda_pa/1009/dralign/DONE.json,e5889acbd0fdd97c26545c20a6a6df3eb254dbe2fce58041c9e3a01304159f3c,interfair/training/states/runs/confirmation/hmda_pa/1009/dralign/EVALUATION.json,b1e7b11764a46d185461a780925a5e8960f7f58ac822f02320206fe8ec2ceabb,17,True,3.3902172850212082,cpu,40,published-pipeline fitting protocol,confirmation
hmda_pa,mlp,1009,soft,0.8312303175710689,0.9361560676739434,0.9107249850209707,0.851,0.1133918797771914,0.3714803542283275,0.016522788452613013,0.011242465887359665,0.07792128169444523,0.005962143322106317,0.016522788452613013,0.9709164693946567,0.5837742504409171,0.8920908519615764,11139,0.976878612716763,0.5672514619883041,0.8141695702671312,861,0.0049658755701317316,4.4696732668841904e-05,0.0008520783441947495,0.0012146698247079333,0.0,0.05390130578791104,0.008088963052003413,0.0047407534268621015,0.0,0.0008856212122292581,0.0016174867385674021,0.0,0.06557772785679353,5.424213715650173e-05,8.731407173992503e-05,0.0,0.06557772785679353,0.06540353895531587,0.014595731548512273,0.013558156300404767,0.006631932770567304,0.0062508352095916936,0.002680231862818955,0.0025330864831838752,0.9933680672294327,interfair/training/states/runs/confirmation/hmda_pa/1009/equality_direction/selected.pt,588a189ff8e4b763cbc558011b18ed4378fdf02c88a1d2f1c27399f93677ffd0,interfair/training/states/runs/confirmation/hmda_pa/1009/equality_direction/audit_current.npz,64c1542529e97191b1562107132f2f9ef3fc143c90822d5cc94ef3f79cd1cfd5,interfair/training/states/runs/confirmation/hmda_pa/1009/equality_direction/DONE.json,26f1c3cda0ef77cfdd7804e3d1356fba877cb702e5e1e96e85e3202480a9782f,interfair/training/states/runs/confirmation/hmda_pa/1009/equality_direction/EVALUATION.json,5d0fbe7cbc49069fa4872ca60944b5835aa9dd81c76b72daf3cdb327c51f9e04,35,True,105.47470998298377,cpu,3080,current full IS,confirmation
hmda_pa,mlp,1009,erm,0.8397227832658041,0.9399154064646402,0.912397026321077,0.8546666666666667,0.11068749246405456,0.36454267145636593,0.17889631486122715,0.1383722674911277,0.20728438518273828,0.09784822012102823,0.17889631486122715,0.9726073723368278,0.5736331569664903,0.8913726546368614,11139,0.8747591522157996,0.39473684210526316,0.6840882694541232,861,0.16160055334065118,0.7856904819813528,0.032854302710490724,0.06339138050098372,0.035377285137203125,0.07528252305353594,0.033071868920361534,0.17145797720697462,0.7645474596647632,0.029760377854318443,0.06710353546804598,0.03712205526383553,0.06803121845912104,0.06962649593587619,0.012618928219649715,0.016236188359987427,0.06803121845912104,0.043454046082443895,0.372746870993324,0.26529642869255815,0.30873374763363826,0.19002391237005428,0.2644077839411386,0.1478036791482321,0.18344533196158053,interfair/training/states/runs/confirmation/hmda_pa/1009/erm/selected.pt,de29412d764e0f491594b3e1c499cd367a68d4b24b7b2b13a61bcdd128b09d81,interfair/training/states/runs/confirmation/hmda_pa/1009/erm/audit_current.npz,ee7f236825b2c6f3c7363f82efe0b022aecad0ba6cc7e4ee8964e2aaacff0fdd,interfair/training/states/runs/confirmation/hmda_pa/1009/erm/DONE.json,b96d2562a542e2e6b0ed002fb7628b86de0bea26eaf600263206e0195c49d4ba,interfair/training/states/runs/confirmation/hmda_pa/1009/erm/EVALUATION.json,61f2a0290088d51833b6602970c72d445e1c47b4cfd670f60ac4f8ea80b200cc,10,True,16.014453829964623,cpu,3080,matched primary ERM,confirmation
hmda_pa,mlp,1009,erm_source,0.8392773554649726,0.9399627418892662,0.9104249464995414,0.8535,0.11134962554626081,0.3654154641449012,0.17701661561310683,0.14234743940571756,0.2195043750291299,0.1076782631983283,0.17701661561310683,0.9573892458572878,0.5220458553791887,0.8687494389083401,11139,0.8497109826589595,0.34502923976608185,0.6492450638792102,861,0.1898201088388277,0.8197791485420308,0.03915054370114089,0.07700824290865657,0.04342821706001153,0.08718361283435373,0.03913420969418153,0.20018635125209508,0.8014694181702445,0.03780200003938322,0.0866669564547246,0.04907305426515433,0.08070883912672075,0.09216347897663517,0.0162952227743132,0.02271952983667263,0.08070883912672075,0.048966769430066795,0.37246633140578284,0.2603384017402161,0.3123843385616819,0.19707146796985917,0.2778570876473709,0.1633369534607151,0.159635102272271,interfair/training/states/runs/confirmation/hmda_pa/1009/erm_source/selected.pt,40a5e2073f5b1080c7cbd5dd104919f93660335524c9a5c01a146409d53f8afb,interfair/training/states/runs/confirmation/hmda_pa/1009/erm_source/audit_current.npz,c147a71c0bfe587a5c9076c1675c4b9d2a0ba93234461e28e81d899c956a22b1,interfair/training/states/runs/confirmation/hmda_pa/1009/erm_source/DONE.json,25c5a300d60b4bda73c47d7f7fc8b22f13ecf44b104a2c154c5b1e715aca5b25,interfair/training/states/runs/confirmation/hmda_pa/1009/erm_source/EVALUATION.json,e3813cdf22411ac51339184ed9b19682decfecfefc2bfb199607ea66fac66243,12,True,18.177618731977418,cpu,3080,published-pipeline fitting protocol,confirmation
hmda_pa,mlp,1009,hifi_shared,0.8394438323969006,0.9398649383640401,0.9113525588952072,0.8545,0.11123039351947205,0.3643669844090784,0.2099925740276618,0.17032411041449408,0.2445568243916828,0.13065564680132635,0.2099925740276618,0.9630255889978582,0.5374779541446209,0.8763802854834366,11139,0.8323699421965318,0.32748538011695905,0.6318234610917538,861,0.17089545147187718,0.8025438609368115,0.03468960091993903,0.0733453218266963,0.04287300540773739,0.08169920953107038,0.03575033893851494,0.16977375339775153,0.7831359611411319,0.03034257678073836,0.07534910365621211,0.05332467246970686,0.07090732211683493,0.06403674604558106,0.013786796524169318,0.019340394158184802,0.07090732211683493,0.044207078858971835,0.3872152498766664,0.2582993363039289,0.3238457801758129,0.19857727340375328,0.2864309606600849,0.16125332837084191,0.17340277255824954,interfair/training/states/runs/confirmation/hmda_pa/1009/hifi_shared/selected.pt,dbab65958d365d911dcd0f9f1d82effab830826915cd6cd9b0af99c236de9260,interfair/training/states/runs/confirmation/hmda_pa/1009/hifi_shared/audit_current.npz,8e7e91a91ec5b8426963cc03c75ed28d086860f97d54d8a159dbd99bb18b5c8d,interfair/training/states/runs/confirmation/hmda_pa/1009/hifi_shared/DONE.json,f3d276f2c9563d5d75bdca4f27c9742b9535ed31fe74d88a46a2ba33dd252417,interfair/training/states/runs/confirmation/hmda_pa/1009/hifi_shared/EVALUATION.json,d4a8f2d244eabf2d1f333e03e54af826a729b2b47e7b260aa6e95af879b13495,9,True,28.475547253969125,cpu,3080,published-pipeline fitting protocol,confirmation
hmda_pa,mlp,1009,ltdd,0.8331500658971189,0.9376418401030637,0.9109847531827102,0.8525833333333334,0.11228446701472197,0.3688543892153254,0.06901513041863916,0.05522715355427421,0.13157181050476197,0.04143917668990926,0.06901513041863916,0.966294668019389,0.5573192239858906,0.88302361073705,11139,0.9248554913294798,0.48830409356725146,0.7514518002322881,861,0.37382334307379306,0.8992394408129817,0.06529040631486636,0.11044771583564147,0.1320375597055816,0.08330874593271576,0.0354155796677255,0.2772686369917663,0.8470403247792706,0.04805698393187445,0.11634903588618406,0.10985219472814664,0.07278935448338013,0.04513819512891318,0.011842852468635404,0.01932443625342365,0.07278935448338013,0.05114624782529718,0.43190132730605635,0.23568589173476792,0.3676719456075157,0.17877441144340092,0.316835174647058,0.13644095871762743,0.10073688776999995,interfair/training/states/runs/confirmation/hmda_pa/1009/ltdd/selected.pt,98edffc4d880f8cd26771565fad66319c8bebb78117d4813651f05bd3dda4522,interfair/training/states/runs/confirmation/hmda_pa/1009/ltdd/audit_current.npz,369e30193d121344d672921ce0dedff358210120e4c82df15e3e3d57b7467f7b,interfair/training/states/runs/confirmation/hmda_pa/1009/ltdd/DONE.json,5fb35d034436b30ccaf9bc8c9bbc23cba2a8ad981c32d44c6e7f3a2fd60b7777,interfair/training/states/runs/confirmation/hmda_pa/1009/ltdd/EVALUATION.json,5daf5727385ffa9afae7bbb7c85e37f1820ad6db5b99af0d18d35d1eb02d62c0,9,True,15.270025596022606,cpu,3080,published-pipeline fitting protocol,confirmation
hmda_pa,mlp,1009,reweighing,0.8341353196316289,0.937820854155275,0.9112980405983983,0.85325,0.11209675095187491,0.36741073249826106,0.03928803490207,0.032887143230104665,0.11225930927309735,0.02648625155813933,0.03928803490207,0.9648292188028407,0.5480599647266314,0.8799712721070114,11139,0.9383429672447013,0.5087719298245614,0.7677119628339141,861,0.1426567347447942,0.751917600517618,0.02250535710924614,0.035977713742887434,0.030071724511237692,0.06571375284784868,0.030435002056530183,0.1637710751132061,0.7331575735319223,0.025201703264856566,0.03804982118058178,0.03353636180733954,0.05488101474476354,0.055753867754486326,0.009556456375671716,0.008224666565938503,0.05488101474476354,0.03633305278356284,0.3548822077143181,0.24370222701847272,0.2633713768919253,0.1794454130815229,0.21506074590846805,0.14412339503873864,0.21125789988042398,interfair/training/states/runs/confirmation/hmda_pa/1009/reweighing/selected.pt,13f91b5fba3fa48f51502729028c28c7f5846162efbcb40d93c0933693e536e9,interfair/training/states/runs/confirmation/hmda_pa/1009/reweighing/audit_current.npz,c02af01500c524a4ce6f17e53b2bcd963540b73187296c2eb2f3feeffd94d51a,interfair/training/states/runs/confirmation/hmda_pa/1009/reweighing/DONE.json,ace8091c5600aeae8c459d1b64e3b576f2acaff35a3d798d1e9ee921d156d85b,interfair/training/states/runs/confirmation/hmda_pa/1009/reweighing/EVALUATION.json,451e80f12c8f301baa4913da2973e3caff2120ffe87812b8c85153e4eac9c631,9,True,15.543214823002927,cpu,3080,published-pipeline fitting protocol,confirmation
hmda_va,mlp,1000,cot_phi,0.8544951853726495,0.9530778176267247,0.9265625,0.8746666666666667,0.09653003631488366,0.32670372386074914,0.0396635670253892,0.02366415269885508,0.04884614837221468,0.007664738372320956,0.0396635670253892,0.975479109629806,0.5447058823529412,0.9029799029799029,10101,0.967814371257485,0.5843694493783304,0.8541337546076883,1899,0.19771553778701562,0.8190674941417181,0.02439958268319776,0.032080089855561704,0.03089505515966897,0.05222072988518679,0.01492236738550192,0.14015250114238356,0.7001704752918941,0.022954957520493112,0.03579736872497388,0.016742216149420616,0.047539770051978375,0.03522772278066766,0.0056715127817982824,0.00562709926557884,0.047539770051978375,0.03653551789078943,0.30570672742276206,0.22439549871898565,0.20697543602730376,0.1284416072006309,0.1538197043913065,0.08557495894434357,0.2566535098973518,interfair/training/states/runs/confirmation/hmda_va/1000/cot_phi/selected.pt,e29840b063c6bb23829e4a933d5e8fd0fc5bc2235e3f67b9acab88dd3fec454c,interfair/training/states/runs/confirmation/hmda_va/1000/cot_phi/audit_current.npz,16a47afc7cf8f2d9f37e4784456f6218a8dd50579146e3985a5e91d8845733d4,interfair/training/states/runs/confirmation/hmda_va/1000/cot_phi/DONE.json,f9f21c9276f469e487ee495d331a1fe671c0a36caa601c80523b9da58b83e8c1,interfair/training/states/runs/confirmation/hmda_va/1000/cot_phi/EVALUATION.json,1b271bb2b83887279ccc8fbfcacd7bc9d6f3f78fd4bbc4b45f46f2182fc018ca,11,True,17.121829267940484,cpu,3080,published-pipeline fitting protocol,confirmation
hmda_va,mlp,1000,dralign,0.8439374461279054,0.9494532881272795,0.9163530533393547,0.8610833333333333,0.10419919886022838,0.3463625385442842,0.08284818723226417,0.05146513520869983,0.023699966827928853,0.02008208318513549,0.08284818723226417,0.935007737174146,0.44823529411764707,0.853083853083853,10101,0.9550898203592815,0.5310834813499112,0.8293838862559242,1899,0.3162449258383292,0.8708047969534521,0.05191333968525339,0.08232068165315105,0.059939181772898475,0.08218331809559751,0.031025459181179195,0.3192070281600369,0.8566188333681171,0.05054241648795177,0.08750425110322824,0.0693284742656435,0.07288466423586708,0.06183954858751104,0.010763572466162632,0.016327342506738146,0.07288466423586708,0.052904527931541906,0.35221656925411254,0.1989381817592827,0.2659897081507323,0.14947248612016334,0.2212322442016406,0.12438294608226427,0.11335333243808926,interfair/training/states/runs/confirmation/hmda_va/1000/dralign/selected.pt,7f02444f0d01baa97ebc8f000c7bc9e625e8e5678b9621513d36cb3a0b376d14,interfair/training/states/runs/confirmation/hmda_va/1000/dralign/audit_current.npz,15c0736bc3faf85c611dbd5e14d1d1d6805ebbe95e83caa6facda012924400a2,interfair/training/states/runs/confirmation/hmda_va/1000/dralign/DONE.json,01f97f9373bc77d9d3c3b048364cf6c56c3ab1f8ccdbf637a01b0bdaeeb18cc9,interfair/training/states/runs/confirmation/hmda_va/1000/dralign/EVALUATION.json,b10c5f8ef83ecd88b9d9c0f7bdb9f55fa34f45efb3217ad7b2eab3172a1fe6e2,17,True,9.211257808026858,cpu,120,published-pipeline fitting protocol,confirmation
hmda_va,mlp,1000,soft,0.8494052439067947,0.951706591532113,0.9235178904122677,0.8665833333333334,0.10163789723683453,0.33756308434023835,0.041044822902517986,0.021501942687560338,0.03113388895379421,0.0019590624726026906,0.041044822902517986,0.992977026544459,0.6658823529411765,0.9379269379269379,10101,0.9910179640718563,0.7069271758436945,0.9067930489731437,1899,0.008198477005361728,0.0003364731342852618,0.0011545055329461801,0.0012364363565082548,0.0,0.036532869278314194,0.004400978012915184,0.007411535169696065,0.0,0.0009571721268220861,0.0013366762438561037,0.0,0.033637360084870276,5.2844015305056936e-05,8.616380464243566e-05,0.0,0.033637360084870276,0.03346600881879984,0.023411104471320793,0.02004770240658128,0.004840228160593494,0.004175292953495986,0.002993941422776584,0.0026643516214470177,0.9951597718394065,interfair/training/states/runs/confirmation/hmda_va/1000/equality_direction/selected.pt,4fc3e955cd46fe1f35523d90dda6af1f1ee320cd2425354eda99e88f7f0ede79,interfair/training/states/runs/confirmation/hmda_va/1000/equality_direction/audit_current.npz,2c35d9773dc3aeff7c03c1c86a3223f91db9d7b1ba11235fb816101afe2ae02e,interfair/training/states/runs/confirmation/hmda_va/1000/equality_direction/DONE.json,908246da0fb83dca377ada333ccb69a83831d32d93dc088bac8a0efc054229be,interfair/training/states/runs/confirmation/hmda_va/1000/equality_direction/EVALUATION.json,49764e90e4a04f13af6445eb2cc8c794108116fac55aaf577ef7762bb30b44db,10,False,368.677139049978,cuda,3080,current full IS,confirmation
hmda_va,mlp,1000,erm,0.8590900016433074,0.9546875815184955,0.9281211825067188,0.8774166666666666,0.0947072138841102,0.3198436911247613,0.0833559711628879,0.058191515479153605,0.10116214855551353,0.03302705979541931,0.0833559711628879,0.979883347220569,0.5647058823529412,0.91000891000891,10101,0.9468562874251497,0.48134991119005327,0.8088467614533965,1899,0.17885575820636498,0.8069616819990066,0.028628306392734507,0.039743804200231526,0.04078552575299644,0.05934794816424996,0.01974816684097717,0.16640720008747556,0.7498570011632396,0.02744448484754332,0.05070714971798035,0.051251533318572684,0.051807226934114006,0.04055974644828807,0.008688487660914814,0.010797985432183872,0.051807226934114006,0.03545027040920067,0.3881921083864243,0.24675067843197754,0.2931791287374045,0.15786686624634344,0.2350189498743057,0.11172440516319802,0.20185756353085188,interfair/training/states/runs/confirmation/hmda_va/1000/erm/selected.pt,03a8e4c61938a111c59f22464da72ee6bb78706b8a8c733f12a8edaadca65aae,interfair/training/states/runs/confirmation/hmda_va/1000/erm/audit_current.npz,df57b57f48acde67ad89b05cec0659f4ccb623d1d7e7327ae4c956b0046baca5,interfair/training/states/runs/confirmation/hmda_va/1000/erm/DONE.json,b3afa5e4229b2f39d47506b776481e0e02505a07605e58d0bed3986b6b79fd21,interfair/training/states/runs/confirmation/hmda_va/1000/erm/EVALUATION.json,b113a103d80ce4adb061ab943a75d311f4d380bebc4e675a1cd95e0d8a198935,10,True,12.583732048980892,cuda,3080,matched primary ERM,confirmation
hmda_va,mlp,1000,erm_source,0.8584031799472389,0.9547678791534742,0.9270930632712256,0.8764166666666666,0.0950312085764308,0.3198714732978227,0.05041479469229965,0.04027639932552643,0.0926396945354292,0.030138003958753212,0.05041479469229965,0.972503273419831,0.5317647058823529,0.8983268983268984,10101,0.9423652694610778,0.48134991119005327,0.8056872037914692,1899,0.23269254129622371,0.8443639199218781,0.032144503906154205,0.044969173180626806,0.050178374850906135,0.07289928761383871,0.02092214034317299,0.2097843613149608,0.788529326574619,0.030931784411832062,0.0549932592731943,0.05777813918851779,0.06070710505517375,0.06056940678728323,0.011790713989347189,0.016502025985366268,0.06070710505517375,0.03838378464230073,0.3823802559692898,0.24159485273614056,0.296804984813494,0.17083478344091807,0.25156923371124235,0.12993110791699447,0.16678347956619088,interfair/training/states/runs/confirmation/hmda_va/1000/erm_source/selected.pt,6ccb82343d13150d7250a62ebb02dfffb49e965fea2de67a7a4ea8a9a75c14c5,interfair/training/states/runs/confirmation/hmda_va/1000/erm_source/audit_current.npz,6caf5b13bbf040f7ec364ab1f61e510c6f87ee0016c40d6fdfcc91c164313b08,interfair/training/states/runs/confirmation/hmda_va/1000/erm_source/DONE.json,775bdf3b625be25fd895915d67c20539738e071d98c646fed782edb802248084,interfair/training/states/runs/confirmation/hmda_va/1000/erm_source/EVALUATION.json,61faf6b5fe8f23496f472f0bea1f5ff4e2bf0df1027ec3aac9fc51b3d13a8890,14,True,16.685737446998246,cpu,3080,published-pipeline fitting protocol,confirmation
hmda_va,mlp,1000,hifi_shared,0.8584584106862447,0.9547742217976442,0.9268484401866863,0.8759166666666667,0.09485954663932332,0.3194627012054957,0.044474976491484686,0.0379783253431224,0.09152332375081185,0.03148167419476011,0.044474976491484686,0.9730984406618259,0.5347058823529411,0.8993168993168993,10101,0.9416167664670658,0.49023090586145646,0.8077935755660874,1899,0.22059498148143783,0.8312418808267202,0.031505104786294806,0.043592106925439474,0.04731522963101184,0.07266415980496442,0.02214985129072139,0.20324843208951093,0.7934781694433943,0.0308210073440598,0.05312687885067071,0.05999137500291353,0.059746943188093635,0.05805346742147468,0.011344212504540185,0.017364777448769794,0.059746943188093635,0.038258684313387775,0.3742495270381294,0.2231249553799955,0.28964316424819947,0.1606794624739802,0.24102474690187564,0.1271207477546834,0.16838875471428422,interfair/training/states/runs/confirmation/hmda_va/1000/hifi_shared/selected.pt,fc5fbd82071f0cb560f8aa2fcdfe0457ea0f468233e9d171639bfcaad94e011f,interfair/training/states/runs/confirmation/hmda_va/1000/hifi_shared/audit_current.npz,d4fee6d77c0ba7cc390b134fd33e664a719222399659a8820e4ecc34d85541df,interfair/training/states/runs/confirmation/hmda_va/1000/hifi_shared/DONE.json,34a3abfd2ed7c507e7e54843e185773aa83b6b1445a6712da93201720141aa48,interfair/training/states/runs/confirmation/hmda_va/1000/hifi_shared/EVALUATION.json,eb531603b6e467f632935f9ed0623ab99ab8a9d2a177d6b05ff24ce535a7c846,14,True,37.942338920081966,cpu,3080,published-pipeline fitting protocol,confirmation
hmda_va,mlp,1000,ltdd,0.8545475570019121,0.953314859179462,0.924579057487297,0.8738333333333334,0.0977814249594128,0.3278700626035535,0.023562846097586465,0.019283737786060767,0.07934412199815044,0.01500462947453507,0.023562846097586465,0.955124389953577,0.47294117647058825,0.8739728739728739,10101,0.9401197604790419,0.4493783303730018,0.7946287519747235,1899,0.3059041279524436,0.8795002664920956,0.038352898092784034,0.056019107764889976,0.062036269225402875,0.09037000157967581,0.02897612513225775,0.21297775801957558,0.8003333861018376,0.03125266553117688,0.06016400517368048,0.04641410555164236,0.0820232796555636,0.07252401098016499,0.01373905216982919,0.02279866275283048,0.0820232796555636,0.05555904501189949,0.3961325464314389,0.27071191080238605,0.3076805485977729,0.20368809481161476,0.2557868714469854,0.16289621073070495,0.15410421022589718,interfair/training/states/runs/confirmation/hmda_va/1000/ltdd/selected.pt,bf676714eb53a5f77d70e41167bcd83f453dd20bd5c9fbdc0cc133e811ad9b75,interfair/training/states/runs/confirmation/hmda_va/1000/ltdd/audit_current.npz,a8c8ec1c92ae3e2969bb1d6b73875788aa24a3a154fd3795e2ea910a88170939,interfair/training/states/runs/confirmation/hmda_va/1000/ltdd/DONE.json,3013c4ad5139035c9da833a52aff3c134475099d5a1f9acb16f4228c0d126b16,interfair/training/states/runs/confirmation/hmda_va/1000/ltdd/EVALUATION.json,44d4449ccc259b604e7700a478c071693da2551cf2b86719602389e339fb6062,16,True,16.117913289926946,cpu,3080,published-pipeline fitting protocol,confirmation
hmda_va,mlp,1000,reweighing,0.8542262929087137,0.9530531269986783,0.9264196084175578,0.8744166666666666,0.09613944384940927,0.32420945147788194,0.04085153066555225,0.022029776688709646,0.04519159021528696,0.0032080227118670424,0.04085153066555225,0.9747649089394119,0.5452941176470588,0.9024849024849025,10101,0.9715568862275449,0.5861456483126111,0.8572933122696156,1899,0.17854976975024034,0.8038900934313328,0.022130915037848326,0.03486396490382632,0.035396980141358975,0.05275394244393869,0.018726292389201406,0.1621757790496454,0.7372704333834461,0.02107059509374847,0.03657503401761098,0.04318415059366744,0.04591440132001893,0.0359008530595076,0.007234907569026457,0.008039220763735108,0.04591440132001893,0.0322770432305533,0.3686544625083044,0.24621224038883416,0.26550773183169113,0.15609277316542033,0.20070812120417647,0.11462370432085493,0.21410709656937066,interfair/training/states/runs/confirmation/hmda_va/1000/reweighing/selected.pt,a675a84cde2b36e51cd20629f0d74e04736b55be486e9d7c47cd0abaeab8d564,interfair/training/states/runs/confirmation/hmda_va/1000/reweighing/audit_current.npz,e8b4dd842d257153aef6fc8807783e74eeb2f699d55a7363d113b4cdc6d272c6,interfair/training/states/runs/confirmation/hmda_va/1000/reweighing/DONE.json,58fb2b127274ffb5b72ec8c5c6142a2f599d51b0811e70b813bf7f343d318e14,interfair/training/states/runs/confirmation/hmda_va/1000/reweighing/EVALUATION.json,9a9fab32fb25c941e0d06ee1021ff8bf5257237cd8ef0c6c590838d8a2772854,10,True,14.063544709933922,cpu,3080,published-pipeline fitting protocol,confirmation
hmda_va,mlp,1001,cot_phi,0.8543766911577402,0.95278615348386,0.9243514063197579,0.8729166666666667,0.09763271127645617,0.32747771976262585,0.012468575526010217,0.009890645510366947,0.06711456000555527,0.012468575526010217,0.007312715494723676,0.958576359957148,0.4864705882352941,0.8791208791208791,10101,0.9461077844311377,0.4937833037300178,0.8120063191153238,1899,0.14669288912127287,0.7579555923215965,0.022209135769785886,0.03612810486851722,0.033295644510850125,0.06255517842124049,0.015789472299560826,0.12441892715506603,0.6633694469209125,0.021166814695080083,0.044192872635550724,0.023124774885600774,0.05717078438756294,0.024537960372306093,0.0060556846111384215,0.0084276217807542,0.05717078438756294,0.045430096320937335,0.3194769200179155,0.23923682873609,0.22337522425608813,0.14770243262821567,0.1668533966745821,0.10430087376418648,0.26864299089656474,interfair/training/states/runs/confirmation/hmda_va/1001/cot_phi/selected.pt,4cf493f196af7af9827a7cc106bbf26c998b7e46b0eafd1f6cc1f87b13c855f0,interfair/training/states/runs/confirmation/hmda_va/1001/cot_phi/audit_current.npz,f0f8f91169dca4ace7f511ac2d0ae30ece4ae9c48aa9c60c4c5a53cfadbb54be,interfair/training/states/runs/confirmation/hmda_va/1001/cot_phi/DONE.json,a708cb20d1b56ef455571520ed91249e8e695748578a0bca22f64721642e15dc,interfair/training/states/runs/confirmation/hmda_va/1001/cot_phi/EVALUATION.json,3ee73e3422677b97f0af95a16babe5c6a748e97c7ca352797604798d454115df,8,True,19.75067833706271,cpu,3080,published-pipeline fitting protocol,confirmation
hmda_va,mlp,1001,dralign,0.848313948947464,0.9512060612427646,0.92080884550254,0.8675,0.10105174247559941,0.33636765499793525,0.11605370389718944,0.07262047745796166,0.007796922488865654,0.029187251018733873,0.11605370389718944,0.945363647184859,0.45588235294117646,0.862983862983863,10101,0.9745508982035929,0.5719360568383659,0.8551869404949973,1899,0.2883616359481383,0.8541339570301019,0.045681451912969386,0.07681603685048213,0.06096313465166739,0.07026777069150734,0.034151139022066235,0.29449969174539986,0.8111662174802724,0.04649132861284463,0.08525165521909954,0.04962956438599863,0.06420010233773439,0.04402475435456805,0.008653093833110215,0.011620235442939116,0.06420010233773439,0.047789453500946884,0.3481279442546392,0.21439411333914732,0.2485152908212862,0.146102695633277,0.19920158633989365,0.1161162081712712,0.14434356086047648,interfair/training/states/runs/confirmation/hmda_va/1001/dralign/selected.pt,1244fcda7632153d00228e090dd6a8eda3f137eeb33d6446c8cc1a1a097ea12b,interfair/training/states/runs/confirmation/hmda_va/1001/dralign/audit_current.npz,8999cc19329d35fbefa342615a8b3f8004959bd5239072d2cbf83abe44adeda8,interfair/training/states/runs/confirmation/hmda_va/1001/dralign/DONE.json,3e84851726f6b33a986820dba9237e151438eee2bf465532e5e8c165e11c5537,interfair/training/states/runs/confirmation/hmda_va/1001/dralign/EVALUATION.json,fc09be857167358ca3fde8cbdaed4a40104132c9e8aa3e81894b80fc89abbc89,13,True,7.356548786978237,cpu,120,published-pipeline fitting protocol,confirmation
hmda_va,mlp,1001,soft,0.8456486913832014,0.9504256161334669,0.9214704620226005,0.86275,0.10319945010048547,0.34169716584967924,0.029937310625848923,0.016203404597832816,0.031965927700524865,0.0024694985698167082,0.029937310625848923,0.992738959647661,0.6876470588235294,0.9413919413919414,10101,0.9902694610778443,0.7175843694493783,0.9094260136914165,1899,0.007546001127387623,0.00031534887143021474,0.0013489503815115925,0.0016817029047416906,0.0,0.040280591988437024,0.0039675066880964375,0.006020844670992276,0.0,0.0010241005758836956,0.001646275444906792,0.0,0.034544047100202584,4.759676756374828e-05,8.029836682213446e-05,0.0,0.034544047100202584,0.03438424886800632,0.013430619594429531,0.011643775907089603,0.005307986221669031,0.004984152024777838,0.0024540842909659306,0.0024540842909659306,0.9946920137783309,interfair/training/states/runs/confirmation/hmda_va/1001/equality_direction/selected.pt,874d7ebc1684718aa4585cb018a6a8062052b0f6d0015b4b28a6210738874347,interfair/training/states/runs/confirmation/hmda_va/1001/equality_direction/audit_current.npz,608d54ca974d2da91184601b2d16b322796f115ca54261d4f4e93b9365b78265,interfair/training/states/runs/confirmation/hmda_va/1001/equality_direction/DONE.json,cfedd9185d7446361b384db6babaf5623d9b03516404958ddfe12847626acba0,interfair/training/states/runs/confirmation/hmda_va/1001/equality_direction/EVALUATION.json,85bca678c001752959e4fc9bb4fecfaabf8c6b9fd79652b20ec74f34c797b9eb,10,False,368.2595323760761,cuda,3080,current full IS,confirmation
hmda_va,mlp,1001,erm,0.8613928330106093,0.9553727408828274,0.927524791553604,0.8775833333333334,0.09455572343209243,0.31839526903258447,0.0629516246996134,0.04612013399101425,0.09739795521786043,0.029288643282415094,0.0629516246996134,0.969408403761457,0.5158823529411765,0.8930798930798931,10101,0.9401197604790419,0.45293072824156305,0.7956819378620327,1899,0.2557144811836718,0.8602910784966515,0.0387286142326179,0.055577765833805026,0.06099367195169041,0.07364008542605606,0.02693068092205544,0.22300051539066754,0.7916145186818456,0.033763621907108125,0.06410246701333941,0.049601084673275966,0.06814314214640518,0.0724146603774869,0.013157005081339119,0.01900927624750775,0.06814314214640518,0.04285927504579112,0.4116039611616167,0.26882616299382467,0.3109597443847544,0.1780578544461817,0.25807319780782156,0.13767458490811219,0.1624271179005345,interfair/training/states/runs/confirmation/hmda_va/1001/erm/selected.pt,f53b7f8086c9426aa9d3746a89658d602d6a10d54e179c159cda18326d4197bd,interfair/training/states/runs/confirmation/hmda_va/1001/erm/audit_current.npz,a75701055396d77850199d5f2826d734f28bad19e06bb66fa13ccc8aa2adabed,interfair/training/states/runs/confirmation/hmda_va/1001/erm/DONE.json,17c7e6fcfe41563ecf0b706c5441eb375aa8ee9a4becfa4a895ed930b5f2a272,interfair/training/states/runs/confirmation/hmda_va/1001/erm/EVALUATION.json,e576f9d5599a1d7cd7febdb4184f9c237fb1f0636938e5c772cd05c3cf76cc63,15,True,12.941397588001564,cuda,3080,matched primary ERM,confirmation
hmda_va,mlp,1001,erm_source,0.8601875140317616,0.9549069246643678,0.926415466561452,0.8756666666666667,0.09531198794488656,0.3204291135031551,0.02921533800020898,0.024438174635661142,0.08057435071653074,0.019661011271113304,0.02921533800020898,0.967265801690275,0.5141176470588236,0.891000891000891,10101,0.9476047904191617,0.4849023090586146,0.8104265402843602,1899,0.22100263019703362,0.837959754232576,0.033449703740960304,0.04600285486618667,0.054899864839034314,0.0713500051310785,0.023890867844124045,0.19372230621703662,0.7800404614836002,0.028090637431653732,0.05870761576904156,0.04156165896345779,0.0632534477300185,0.03960761616709933,0.008641544566621627,0.011656442631310403,0.0632534477300185,0.04674126787624028,0.3506239822193535,0.231399688008278,0.27072204377260417,0.1526906574167285,0.21718167499216823,0.11302195276113261,0.17205128748107223,interfair/training/states/runs/confirmation/hmda_va/1001/erm_source/selected.pt,6e0c47271743124608120be53fbe5d5b6c1947f0fe3c3ad2328f76026469d28d,interfair/training/states/runs/confirmation/hmda_va/1001/erm_source/audit_current.npz,6167343c8e35f7ac33be30f3ab0eb17301b397569c305e504779cd763620968e,interfair/training/states/runs/confirmation/hmda_va/1001/erm_source/DONE.json,14fd52ffc383cc9ad73fcf8d32184e3526b9bdb3bea1d8d0d0b437012212efca,interfair/training/states/runs/confirmation/hmda_va/1001/erm_source/EVALUATION.json,db08f96ce42c6556161670e7500e32ef9e712218f24070de9e17951520cdd02d,13,True,17.328434822964482,cpu,3080,published-pipeline fitting protocol,confirmation
hmda_va,mlp,1001,hifi_shared,0.8611206503013344,0.9553088949952956,0.9277315885275742,0.8775833333333334,0.09467817459312416,0.3186530263957543,0.025628460975864575,0.022678013812843012,0.07936742533898933,0.01972756664982145,0.025628460975864575,0.971074872039043,0.5194117647058824,0.895059895059895,10101,0.9513473053892215,0.4937833037300178,0.8156924697209057,1899,0.21065758955594657,0.8305449745862113,0.03240908158413784,0.04557206814289643,0.051869099291957495,0.0709871032273614,0.02285901640447696,0.1871036448765187,0.765914154667631,0.028159501427198926,0.05466441166657659,0.039742562773981256,0.06272551171808195,0.03640221463221073,0.0076576416017955515,0.008994601352474946,0.06272551171808195,0.04822854802120152,0.3469366501487916,0.22024295739085897,0.24514260449393424,0.1408088233435614,0.19458957404700328,0.10139548249038614,0.19340741653517238,interfair/training/states/runs/confirmation/hmda_va/1001/hifi_shared/selected.pt,cda527afbb1a89cae6874082403ee1d5d8bf0fadc2ec79a37d47549883f944ed,interfair/training/states/runs/confirmation/hmda_va/1001/hifi_shared/audit_current.npz,369c4467d0fcb3594b0b173dc2ad736c114dc3a8f2b5fea4fe5712dbb405a230,interfair/training/states/runs/confirmation/hmda_va/1001/hifi_shared/DONE.json,0b5abef7cd1bb8b3a9c67333b8c43eeb4e1c9b6d3b14f8ff4c441e369e7d4eba,interfair/training/states/runs/confirmation/hmda_va/1001/hifi_shared/EVALUATION.json,a1970b911d8d2688f1388dc20753c5e9b0ebdc4a962e03510baf43220b0b693b,13,True,30.673822163953446,cpu,3080,published-pipeline fitting protocol,confirmation
hmda_va,mlp,1001,ltdd,0.8520708872239592,0.9522126229858556,0.9258710887375382,0.8748333333333334,0.09715591765662734,0.32677858314480096,0.023978685612788597,0.014165356212269165,0.05541581370965265,0.004352026811749732,0.023978685612788597,0.963932865135103,0.5,0.8858528858528859,10101,0.9595808383233533,0.5239786856127886,0.8304370721432333,1899,0.2628529631800172,0.8629888405146462,0.03428178787556261,0.04886549961046944,0.05856958953173037,0.0773321123730575,0.02219193624537647,0.24325504833667144,0.8363875133000724,0.03265090033616248,0.04990789564725022,0.06173593209316722,0.06945797103664939,0.11163616010433508,0.017776387530201478,0.021625056917070486,0.06945797103664939,0.03533639446499511,0.4673329944856437,0.32166843897349795,0.3645944431106893,0.23280232325993347,0.30586614549864805,0.1902636999618221,0.12459362970095247,interfair/training/states/runs/confirmation/hmda_va/1001/ltdd/selected.pt,0ccf5f4db934c12e30709539d2e89e2c0257332e401955376948bd926a0b466d,interfair/training/states/runs/confirmation/hmda_va/1001/ltdd/audit_current.npz,c71585743de9ff6e3108e447fb83fd82f50c9e2e2d70fdbcb6338edbfca9fcf7,interfair/training/states/runs/confirmation/hmda_va/1001/ltdd/DONE.json,73301ce33a91f80d79f85a98cfce863adc83f477ad4397f1df749f536d365ec0,interfair/training/states/runs/confirmation/hmda_va/1001/ltdd/EVALUATION.json,7fe832d23212b5efd1f7cf47334c0b491d10faf31b62e785b82dd81f21e82042,12,True,16.009563987958245,cpu,3080,published-pipeline fitting protocol,confirmation
hmda_va,mlp,1001,reweighing,0.8523403696629215,0.9524888832161398,0.9262407190308715,0.8741666666666666,0.09679177099849892,0.32505928831471725,0.06389614460348969,0.03200246595462475,0.03679347281243017,0.00010878730575980544,0.06389614460348969,0.973693607903821,0.538235294117647,0.9004059004059004,10101,0.9738023952095808,0.6021314387211367,0.8636124275934702,1899,0.15329624771642458,0.7685296185128144,0.021325975133676973,0.033061292888840625,0.04463405094946381,0.057509428559986295,0.019695271938344566,0.14120616065497657,0.7158625324646541,0.019991233619999965,0.037098236968662164,0.028064344397954,0.051675831455335976,0.023873925570046153,0.006112608052576933,0.003763545714446807,0.051675831455335976,0.03999927014510196,0.3673919851977574,0.2596453957971678,0.2538613689517757,0.16127166535055484,0.1887472787041061,0.11095299914911601,0.2194788734468941,interfair/training/states/runs/confirmation/hmda_va/1001/reweighing/selected.pt,67625fa246067615a0b047c5570c0e68455a04280ed58ee66d04c55c3e2b6cc0,interfair/training/states/runs/confirmation/hmda_va/1001/reweighing/audit_current.npz,6ded9ea9cc2c304c3e33057e97f6bff7b2d1f80a8b48829a17a0455881638c4c,interfair/training/states/runs/confirmation/hmda_va/1001/reweighing/DONE.json,4e15797caaf70a7f32ca59798ba110083237d0d3701680a6ff2a38bee25b89b9,interfair/training/states/runs/confirmation/hmda_va/1001/reweighing/EVALUATION.json,302e2ddb22ee514113e0b72b8dc47da361d9f5aab368ab7a35fa22dbb043fec4,7,True,15.00802174396813,cpu,3080,published-pipeline fitting protocol,confirmation
hmda_va,mlp,1002,cot_phi,0.8544835220202052,0.953299750982679,0.9274742368267548,0.8756666666666667,0.0964454811812778,0.3261294562483385,0.03741406331626784,0.02042905184820254,0.04481670358447609,0.0034440403801372366,0.03741406331626784,0.980240447565766,0.5629411764705883,0.91000891000891,10101,0.9767964071856288,0.6003552397868561,0.865192206424434,1899,0.18761418558364187,0.8066622757337153,0.021530318567506104,0.02653453872635738,0.03577819780095971,0.0481002565546776,0.01568898486734618,0.12044220921741654,0.6809497761985612,0.019488254126151912,0.0325733743175204,0.014140865940591317,0.04471625566581795,0.03393454922802611,0.006253466266911697,0.00696994950430858,0.04471625566581795,0.03248295569554097,0.31924402340516034,0.24206546368544485,0.19755577229879756,0.12431488782327715,0.14375733677254596,0.08742556299569978,0.273627370916688,interfair/training/states/runs/confirmation/hmda_va/1002/cot_phi/selected.pt,9105cf3e243bb6afc66030eedc93731ce814dab96af7adaf6c780ee9c3195df0,interfair/training/states/runs/confirmation/hmda_va/1002/cot_phi/audit_current.npz,04aecc027620ac77f8ad3de2385e1a891649f69e51e9eaa7d870018037863b2a,interfair/training/states/runs/confirmation/hmda_va/1002/cot_phi/DONE.json,031d6255686432c6a41ff4dde0c7bee4ccf3fa61a74d9e4feb938141f1ae14f6,interfair/training/states/runs/confirmation/hmda_va/1002/cot_phi/EVALUATION.json,2f9aab6ac4fcfaa1bef0f46a7f540e67db3be9135afd3d1a9c4efd988e43bfdb,13,True,18.157848357921466,cpu,3080,published-pipeline fitting protocol,confirmation
hmda_va,mlp,1002,dralign,0.8482945478456358,0.951491044950524,0.9226642825212338,0.87025,0.10032156466397862,0.3341100757897661,0.10958311566189533,0.06633267925433109,0.013867520976525771,0.023082242846766854,0.10958311566189533,0.9507201523628139,0.4623529411764706,0.8685278685278686,10101,0.9738023952095808,0.5719360568383659,0.8546603475513428,1899,0.31590248008589517,0.8589890923898034,0.046449315750107814,0.07287475717521237,0.061345186877128054,0.07548856615624017,0.035206554267386975,0.28334408488472096,0.8093398960877785,0.04454321099670119,0.07694557235372324,0.04571632342916338,0.06718227746005247,0.06712270918893153,0.011827101654009721,0.015032424109608639,0.06718227746005247,0.04440569313707325,0.4007910743413718,0.2730331256995812,0.2954265701414797,0.19320533059231737,0.24149222950051652,0.1495242930313972,0.12947572464319665,interfair/training/states/runs/confirmation/hmda_va/1002/dralign/selected.pt,f9f9d0e4dd93f8d19cae455ea34c7a320f04f399fd968d451dee6980cbee6e0f,interfair/training/states/runs/confirmation/hmda_va/1002/dralign/audit_current.npz,2cfe1405ed410dcde207ff128f9b1ef50f5b2c2ded58e4e7c95269afd9de7080,interfair/training/states/runs/confirmation/hmda_va/1002/dralign/DONE.json,4b8d562db276955a4f4fbfb8bf93e33ff99132a12caf56033e4d5cd1ab189b03,interfair/training/states/runs/confirmation/hmda_va/1002/dralign/EVALUATION.json,26172776700bdb645f06affc877f90bfb401c2848a755cf7abc96fadc9e164d3,14,True,7.777983353007585,cpu,120,published-pipeline fitting protocol,confirmation
hmda_va,mlp,1002,soft,0.8463685062980515,0.9510551372109091,0.9220306513409962,0.8643333333333333,0.10218614100390001,0.338605437513911,0.06287848709643717,0.03220694692256737,0.025261290664134184,0.0015354067486975653,0.06287848709643717,0.988810855850494,0.6547058823529411,0.9325809325809326,10101,0.9872754491017964,0.7175843694493783,0.9073196419167984,1899,0.012936360244579956,0.007864833633411623,0.0019457362771412347,0.0033581982216432027,9.065772177145189e-05,0.04131312124661242,0.004168855780227862,0.012096550822680558,0.006517289697672452,0.0018528579285177075,0.002481188751416764,0.0,0.048115554124009294,2.655441988948784e-05,2.8952438064562743e-05,0.0,0.048115554124009294,0.048058240895667646,0.004665553180234497,0.00418105705620349,0.0016677346608436443,0.0013447372448229724,0.0008602411207919646,0.0005110791096187802,0.9918149756414839,interfair/training/states/runs/confirmation/hmda_va/1002/equality_direction/selected.pt,4ee359d1d61f2cba4e7b77867c8cbeda4ef7e5375178da50df2c75306c4e25c4,interfair/training/states/runs/confirmation/hmda_va/1002/equality_direction/audit_current.npz,640cf57b0780b229172eca29e5e4380065ce37acf77f2ad543ae5cf0ccd0fbe8,interfair/training/states/runs/confirmation/hmda_va/1002/equality_direction/DONE.json,0af8e38735d530c8508deef02e87c6fc95225bcc49f77f37cdc4e111a434af08,interfair/training/states/runs/confirmation/hmda_va/1002/equality_direction/EVALUATION.json,74f460607a2556e428e6fa80bfde042a708d8887d1c64ca02c9ea4e8752d527b,5,False,109.61631208797917,cpu,3080,current full IS,confirmation
hmda_va,mlp,1002,erm,0.8609712731629301,0.9554216217844705,0.9282343688556822,0.8783333333333333,0.0938205971785023,0.3164446598143499,0.061083481349911206,0.051155910502186014,0.1041973696002132,0.04122833965446082,0.061083481349911206,0.975360076181407,0.53,0.9004059004059004,10101,0.9341317365269461,0.4689165186500888,0.7962085308056872,1899,0.19007695349336845,0.799559209688655,0.033853266615087786,0.05047449966605027,0.04228108367143114,0.06976091409483384,0.022487252761192785,0.15836421630102174,0.7383967762482921,0.027809519087543727,0.06915216069954098,0.023816841030877504,0.0669750481091509,0.029379085250076004,0.007608776166222207,0.012295110158827597,0.0669750481091509,0.052208981789284306,0.31966558934777684,0.23697693044026422,0.23951103229349596,0.14723739676920256,0.1961496438023419,0.10955219997037466,0.19513393748125474,interfair/training/states/runs/confirmation/hmda_va/1002/erm/selected.pt,f9c6691c9217ae9a7c80670ef5d92864bbdad27218b4b0d3cebf2255168a230e,interfair/training/states/runs/confirmation/hmda_va/1002/erm/audit_current.npz,0fe437948f96211f6460b59919e7c261ef513551d9df20b118e02d59815f8f8a,interfair/training/states/runs/confirmation/hmda_va/1002/erm/DONE.json,21db5fbad1c88eaa3b7481d56c1e42e3ec1cdd4faad6c1c0a94fffa5e84519b1,interfair/training/states/runs/confirmation/hmda_va/1002/erm/EVALUATION.json,b955b2be42cd9aa88345dabb8896fd66ca4369e3e3d699b4c487808db60acfb8,10,True,18.066624779021367,cpu,3080,matched primary ERM,confirmation
hmda_va,mlp,1002,erm_source,0.8603287222851858,0.9552645237540411,0.9293611192642599,0.8796666666666667,0.09407108995684564,0.3173093979227635,0.05209904921115871,0.03574179641240016,0.0844965062974542,0.019384543613641614,0.05209904921115871,0.9782168789429829,0.5458823529411765,0.9054549054549055,10101,0.9588323353293413,0.4937833037300178,0.8209583991574513,1899,0.23562636519004979,0.8315079212497316,0.03305252344235175,0.04433092793135867,0.05505418516467025,0.06741858436434892,0.023487145223703425,0.18123588868071044,0.7724089503734046,0.026500139070876394,0.04936719103060638,0.03894001575799835,0.0559061028360542,0.047643296892164545,0.01007426985179616,0.014619095689283556,0.0559061028360542,0.03652986907011917,0.3877238002234994,0.2676970353632889,0.2887933588561057,0.16435668933126055,0.2385043913399253,0.12591035406409234,0.16397825223615642,interfair/training/states/runs/confirmation/hmda_va/1002/erm_source/selected.pt,c9971f2809ab3dbf201848f4b76af7293ce8c1f4a64318c5fb4791301a0d1896,interfair/training/states/runs/confirmation/hmda_va/1002/erm_source/audit_current.npz,972eb872738fe624d30fe7715b4c29acce47a6c86338d5a4861be8817d4d9ada,interfair/training/states/runs/confirmation/hmda_va/1002/erm_source/DONE.json,493d079d2d71fe3678442d56f4c75114691d9453ed457629405df4def983339b,interfair/training/states/runs/confirmation/hmda_va/1002/erm_source/EVALUATION.json,cb3ddcc505f059d3c2d0496d1e95646cd9b9a30b03cb1764db84fe3ecd3b1a1c,16,True,15.732656547916122,cpu,3080,published-pipeline fitting protocol,confirmation
hmda_va,mlp,1002,hifi_shared,0.8615602270786646,0.9555854755135024,0.928852793853037,0.8780833333333333,0.09472701562766629,0.3205843889646016,0.03416466408943686,0.02547227457365886,0.0745797617835533,0.01677988505788086,0.03416466408943686,0.983097250327342,0.5723529411764706,0.913968913968914,10101,0.9663173652694611,0.5381882770870338,0.8393891521853607,1899,0.22611077636023158,0.8256142062001925,0.02790284016236052,0.03616705698800063,0.04738862465504918,0.057767356707142455,0.020119706373095198,0.17591872144988618,0.7643529767558693,0.02636767723127961,0.05092883709964559,0.03145967516055353,0.055707885006363915,0.04696111816627491,0.00884094295063031,0.009565541903005965,0.055707885006363915,0.038615161124404586,0.39609737429650504,0.28350583435956794,0.2921223305385438,0.17137882305208102,0.23209232954328074,0.12174844898373247,0.17607608747418885,interfair/training/states/runs/confirmation/hmda_va/1002/hifi_shared/selected.pt,4b44bf3cca5b44cfee59ef7a4d78f77d91330050597b74824ffa3413f4524099,interfair/training/states/runs/confirmation/hmda_va/1002/hifi_shared/audit_current.npz,44b0472a347f3f98aa57f2947f3a260f4a9996d95e9bb7b165f454bb018e4a1b,interfair/training/states/runs/confirmation/hmda_va/1002/hifi_shared/DONE.json,94c09d74134cafdf3b0cdf0242e34497d211ac8c17ab6afddd3fcd5f4d8e7e67,interfair/training/states/runs/confirmation/hmda_va/1002/hifi_shared/EVALUATION.json,e1c6113ad6f9c603a1bc139d6d4e8ecb1d03eda4fbc9b6e81f20d60cbcdfb7d3,13,True,33.91579098801594,cpu,3080,published-pipeline fitting protocol,confirmation
hmda_va,mlp,1002,ltdd,0.8542538628955221,0.9530372566266319,0.9281923956964121,0.8770833333333333,0.0957466398025886,0.32319907294261996,0.013700762720718851,0.011192162029469988,0.056136340496530046,0.008683561338221124,0.013700762720718851,0.980240447565766,0.558235294117647,0.9092169092169092,10101,0.9715568862275449,0.5719360568383659,0.8530805687203792,1899,0.19321329557881617,0.8041089359190892,0.02334866247959603,0.03168730824674246,0.03833690987312113,0.05986344699399774,0.019924953702424506,0.19247705952603836,0.783325759230044,0.024238279623261697,0.03600668769188752,0.04087606634529643,0.056528115901974076,0.04789689342062824,0.008340865958807451,0.008883647913104201,0.056528115901974076,0.040686251656971886,0.3792098062773992,0.25031377628139195,0.2659971402844866,0.1638208347525264,0.20062682175302493,0.11732473892557613,0.16995677629581402,interfair/training/states/runs/confirmation/hmda_va/1002/ltdd/selected.pt,55a4df8592909c911909771c3c5348a21faf315c1cce435e9061c5fcb453cc9d,interfair/training/states/runs/confirmation/hmda_va/1002/ltdd/audit_current.npz,2e9b68039fd4a4810b7edf9affb2b46f9d5223deedc954c1161c90bce313cd88,interfair/training/states/runs/confirmation/hmda_va/1002/ltdd/DONE.json,166f71d2b5e73290b623d6e89f5cb4971f9744dc470e92cf3173a0fad8c7d9d6,interfair/training/states/runs/confirmation/hmda_va/1002/ltdd/EVALUATION.json,1bc94af0ad1dadd9291147364686503a70c65edc31d1797148c013a642dadbe8,14,True,18.90418894100003,cpu,3080,published-pipeline fitting protocol,confirmation
hmda_va,mlp,1002,reweighing,0.8555915405023982,0.9540261731105645,0.9282474025657285,0.8774166666666666,0.09567708416071175,0.3216566326605286,0.05028628147528991,0.027112315707548074,0.04404362698201558,0.0039383499398062405,0.05028628147528991,0.977740745149387,0.5394117647058824,0.903969903969904,10101,0.9738023952095808,0.5896980461811723,0.8599262769878884,1899,0.2321638661527687,0.825490775284029,0.027102822672181275,0.037776644503974124,0.044803673048659225,0.060550795716488436,0.02168976145219516,0.16211505094280335,0.7330605920124751,0.02201083384340016,0.03646209898598833,0.028053021378473594,0.04974619257529572,0.04715777203289206,0.008250532803954247,0.007418656830403559,0.04974619257529572,0.03371332411460758,0.38275186600552047,0.2744199021652003,0.2602968806568585,0.1739756664129249,0.201256078159982,0.12489078622263183,0.20713902801843126,interfair/training/states/runs/confirmation/hmda_va/1002/reweighing/selected.pt,2eb8be28a6ce16224e1c562257b1a0c9927e118b63069066f68f0b4a4a95fa97,interfair/training/states/runs/confirmation/hmda_va/1002/reweighing/audit_current.npz,6ce61f1d14618e6067f1380e6ef4fa74cfb24154501a706fd8c76f427fc19831,interfair/training/states/runs/confirmation/hmda_va/1002/reweighing/DONE.json,46159fbc745f84206dfc0a96c773458f8ec9207d207fcd3b14a37959951249a4,interfair/training/states/runs/confirmation/hmda_va/1002/reweighing/EVALUATION.json,4a567b06067dda0f6883fca5574aecbf20476a27028cdf5c41d844f8cc710470,16,True,17.115294330986217,cpu,3080,published-pipeline fitting protocol,confirmation
hmda_va,mlp,1003,cot_phi,0.8527482239369115,0.9527388700077954,0.9260378093938804,0.8735,0.09743875185730017,0.3270857237522426,0.04388465155156196,0.02753498226734491,0.04882300142963647,0.01118531298312786,0.04388465155156196,0.977502678252589,0.5564705882352942,0.9066429066429066,10101,0.9663173652694611,0.6003552397868561,0.8578199052132701,1899,0.13232939814709918,0.7398007539589886,0.016159026286605125,0.02436257308125422,0.024081446941678568,0.0481151184713546,0.012717688090950828,0.10076560410286707,0.6200350947253432,0.015387175902201844,0.030598753538627156,0.014052739454081134,0.043869456269774496,0.024870302492435256,0.00582012860309678,0.0056567140686412335,0.043869456269774496,0.0325011742560211,0.3569010774779707,0.26349256998702236,0.20932762452413656,0.13927605892198358,0.14851169571765252,0.09523843868197995,0.32040099342996675,interfair/training/states/runs/confirmation/hmda_va/1003/cot_phi/selected.pt,6630cfd4118ec6d71dbc49eeee634eb9ca611ecaa830c5399819b49885e92a58,interfair/training/states/runs/confirmation/hmda_va/1003/cot_phi/audit_current.npz,929f399b4820ddd83ff5e141ec130c0ec35ade85bc06d456f63cbee68481c453,interfair/training/states/runs/confirmation/hmda_va/1003/cot_phi/DONE.json,80767db09b77387db6530e3185853b42dc4c7ac6e5ddece146beaef73a1376b9,interfair/training/states/runs/confirmation/hmda_va/1003/cot_phi/EVALUATION.json,ed8f5c3199c0b4fc8aa85b745f5e6c7ca8861a1dde6d6fc7bb91a8361ade42e3,7,True,20.498971422901377,cpu,3080,published-pipeline fitting protocol,confirmation
hmda_va,mlp,1003,dralign,0.8484503920179828,0.951598017853011,0.9197663388087274,0.8660833333333333,0.10170990603483682,0.33737741537266097,0.09236338940549571,0.0618718356682873,0.012955406320335205,0.03138028193107889,0.09236338940549571,0.9416736102844899,0.4547058823529412,0.8597168597168597,10101,0.9730538922155688,0.5470692717584369,0.8467614533965245,1899,0.26819479725073025,0.8504753133616272,0.038473366101194194,0.06479474772940187,0.059906470864978245,0.06899839873103364,0.029952637223762322,0.2588065263160133,0.8361435228483309,0.03888322771855038,0.06601242033322202,0.061445490139990955,0.06427822856035076,0.038865221812078306,0.009664666153947524,0.014061963245888648,0.06427822856035076,0.04621864165881244,0.39542472353579106,0.232843730678863,0.2755349675353282,0.15783889184907446,0.2184863077057142,0.1271970861072581,0.11474823839404623,interfair/training/states/runs/confirmation/hmda_va/1003/dralign/selected.pt,34027a753502551bd5d124276e5d77378f20547d9bb4591516b7fecafbfba3d0,interfair/training/states/runs/confirmation/hmda_va/1003/dralign/audit_current.npz,f7eda58a3c1e804f73e3524cced5b051f310bdb7fde24ada0add190ab457511d,interfair/training/states/runs/confirmation/hmda_va/1003/dralign/DONE.json,022c72e83b06c1e100a9f1242e26786c65bc22418bfba44d754be0d266f67db5,interfair/training/states/runs/confirmation/hmda_va/1003/dralign/EVALUATION.json,318e260c1673fa7eccba8732ebdb0066164864d048c7bb7ee4a69289cd4f28ca,10,True,7.38790720095858,cpu,120,published-pipeline fitting protocol,confirmation
hmda_va,mlp,1003,soft,0.8429024257095503,0.949780525712256,0.9227377300613497,0.8656666666666667,0.10235588105420913,0.3398099238339687,0.034459304147946956,0.018864891890733204,0.034937963847916476,0.003270479633519452,0.034459304147946956,0.989048922747292,0.6547058823529411,0.9327789327789328,10101,0.9857784431137725,0.6891651865008881,0.8978409689310163,1899,0.01604491640881717,0.02187986418607394,0.0019935830532802398,0.0033936739428870313,0.0,0.04350485954604098,0.005507547998660872,0.015037453960801103,0.025223363664545466,0.0019596080579765396,0.003794005796648849,0.0,0.04627610165138693,2.6296809966410603e-05,4.9972827550708416e-05,0.0,0.04627610165138693,0.04617651076831134,0.00481186852883688,0.004488034331945688,0.003306264410791027,0.0027894296967338715,0.0026275125982882755,0.002303678401397084,0.971632289023109,interfair/training/states/runs/confirmation/hmda_va/1003/equality_direction/selected.pt,50d40e231838d255890372dca02906731212fa04084bde1eb7fa1327a485c895,interfair/training/states/runs/confirmation/hmda_va/1003/equality_direction/audit_current.npz,b52337b6a5c8bf4a88f41bb68492b450594b46e00404702bf9a9872f94e6d83d,interfair/training/states/runs/confirmation/hmda_va/1003/equality_direction/DONE.json,ea164ed97cfa28df7f6b7da24bc22b94f05c2e736aaa7f41c4c0726f4d0d7167,interfair/training/states/runs/confirmation/hmda_va/1003/equality_direction/EVALUATION.json,696c143a31a52f0de0d12f7a8a02208355e3dfa38795fb74dfdb783978628584,5,True,106.22450358897913,cpu,3080,current full IS,confirmation
hmda_va,mlp,1003,erm,0.8604911469482113,0.9555611345226012,0.9263655617396443,0.8754166666666666,0.0951371954244211,0.3195558340433019,0.0640476439243548,0.05688287958790911,0.11077344726633831,0.04971811525146341,0.0640476439243548,0.9726223068682299,0.5294117647058824,0.8980298980298981,10101,0.9229041916167665,0.46536412078152756,0.7872564507635598,1899,0.19659162414466885,0.80930232903416,0.03549559152642646,0.060583625092748804,0.04783512465332445,0.06889233821395978,0.026198422972354765,0.1655636305423792,0.754373334656137,0.028960586919779416,0.0720629880626129,0.04378251311635029,0.05948930020754349,0.02636914546573771,0.007520982229231675,0.01367229635360111,0.05948930020754349,0.04529301695747073,0.3526285220177102,0.21578454212757067,0.2506925567216184,0.1319366734898262,0.19525649126491715,0.10298562360383445,0.19578692254175864,interfair/training/states/runs/confirmation/hmda_va/1003/erm/selected.pt,f5309b56ac2e45555e8c3147ab709cd6a78b672c2a9ad736cf85aeba004a9eb1,interfair/training/states/runs/confirmation/hmda_va/1003/erm/audit_current.npz,dc7c4b88db4bd95dfe94e09d5b87f811acc0feb9d708f725433c022372526031,interfair/training/states/runs/confirmation/hmda_va/1003/erm/DONE.json,129ffea49fddded49bebc457be6ed51c12ffb0ef33e93e88b2379835760bd4c8,interfair/training/states/runs/confirmation/hmda_va/1003/erm/EVALUATION.json,2dcce0a65f28b8da96d56a9d880e504a51c3a0275d57042c1e869647d2ba11d2,10,True,19.29718786594458,cpu,3080,matched primary ERM,confirmation
hmda_va,mlp,1003,erm_source,0.8618659475990534,0.955975775732792,0.9260374007006463,0.8750833333333333,0.09465988418339316,0.3178101725858916,0.08537352418765015,0.0680905581203888,0.11784452542746382,0.05080759205312746,0.08537352418765015,0.970717771693846,0.5276470588235294,0.8961488961488961,10101,0.9199101796407185,0.4422735346358792,0.7783043707214323,1899,0.20736986163119747,0.8191636833867748,0.0359576927812767,0.05815048217164738,0.051542090365197926,0.06978103214787462,0.027932174816932578,0.17718400222888558,0.7702451258425069,0.031738003368032,0.07012020580680807,0.04631708128329479,0.06625435497278878,0.04245377611205299,0.010251328673215387,0.019698181013153668,0.06625435497278878,0.046705870313095844,0.3936057579290155,0.2520204582886137,0.2917887074172995,0.1565759617599661,0.23503711183236511,0.12119474411754957,0.18070611220357222,interfair/training/states/runs/confirmation/hmda_va/1003/erm_source/selected.pt,beadb0fbed9d6481aef9df34cf977be3c5f84e8362374f6799470b57f881e691,interfair/training/states/runs/confirmation/hmda_va/1003/erm_source/audit_current.npz,144e4a5cd865dd25ce294f6ec176a8d7887cf96b8113a6c3a521a1613004e64c,interfair/training/states/runs/confirmation/hmda_va/1003/erm_source/DONE.json,7136d87959a3252126159e83995cd70c57b94f24e8f9e9eb77279273f09a283e,interfair/training/states/runs/confirmation/hmda_va/1003/erm_source/EVALUATION.json,4da4944cb2d106ad54182d04fe5435c2afbd38df3d1a3fea4deb7a06da63ef4e,11,True,14.477852066978812,cpu,3080,published-pipeline fitting protocol,confirmation
hmda_va,mlp,1003,hifi_shared,0.8614012061177141,0.9558195163889305,0.9261142095651744,0.87525,0.09508847058998707,0.318854834368621,0.07829171455438311,0.06399685163415081,0.11537374570549919,0.04970198871391851,0.07829171455438311,0.970360671348649,0.5241176470588236,0.8952578952578952,10101,0.9206586826347305,0.44582593250444047,0.779884149552396,1899,0.2201292482613703,0.8336026277578997,0.03567677073434187,0.057372362197427126,0.06205816137514719,0.07086972283205026,0.02704381259545731,0.18438183066918623,0.7808103373671597,0.031310947875897555,0.0689359148390792,0.05415230329758112,0.0661667507902991,0.04409035537009026,0.010326114859089313,0.020762097079117824,0.0661667507902991,0.046636919090722734,0.3906508269147591,0.2394115571469059,0.28782881688869044,0.14679468759388453,0.2279998723417571,0.11018887618459827,0.1803562846043866,interfair/training/states/runs/confirmation/hmda_va/1003/hifi_shared/selected.pt,c9907ed59a4d0b76180111e40b9cf339d7208b0979fc0b8c7e59be82b3cedfd5,interfair/training/states/runs/confirmation/hmda_va/1003/hifi_shared/audit_current.npz,734d038dad3fe6b66cb5e654e70f3a9445e1ce7be6df6b98e34a40728baa5943,interfair/training/states/runs/confirmation/hmda_va/1003/hifi_shared/DONE.json,98c0d1e945cd4243b0747c3ad6a23fed92731376f358c11981f231cd2e59cea2,interfair/training/states/runs/confirmation/hmda_va/1003/hifi_shared/EVALUATION.json,173289d3f700e8776e927ed0c4f222b2471fc5567ab5947bdaf7ccd9377153e4,11,True,31.090643067960627,cpu,3080,published-pipeline fitting protocol,confirmation
hmda_va,mlp,1003,ltdd,0.8521173137202641,0.952406656043522,0.9266117969821673,0.8751666666666666,0.0966315187193554,0.32549199193741996,0.011775154111378083,0.008742464234075986,0.056502781621264986,0.005709774356773889,0.011775154111378083,0.972027139626235,0.5352941176470588,0.8985248985248985,10101,0.9663173652694611,0.5470692717584369,0.8420221169036335,1899,0.23072666274996712,0.8390514775820275,0.02727587402013009,0.03263854511023931,0.05767992757375381,0.06431535793819756,0.027480024701623838,0.23261592603978418,0.8203135561544939,0.028396211764752512,0.036992964732723926,0.07119389293524037,0.05798958291178838,0.06276532896728697,0.011719168810681756,0.014262503289158419,0.05798958291178838,0.03629731682293363,0.4919241479903779,0.2986665157577614,0.34399451590061525,0.1927376141619437,0.27739521597462075,0.1417877203031298,0.13771857413130206,interfair/training/states/runs/confirmation/hmda_va/1003/ltdd/selected.pt,e3dd02fffc70c4ad6057b8940d706301b0cffad34734bd1092fe47c72556c6bf,interfair/training/states/runs/confirmation/hmda_va/1003/ltdd/audit_current.npz,5b089c2bc555cb6e506a6348970a18ace9e0ab989ff2aab6c829e2871c5b57fd,interfair/training/states/runs/confirmation/hmda_va/1003/ltdd/DONE.json,28c12b59dd0d391aa4f44a2a8d3644294e802209b672f2107c63ae96b040c1c1,interfair/training/states/runs/confirmation/hmda_va/1003/ltdd/EVALUATION.json,e6c43575b90b822771c6d71f932140fea75ae809421b14490f541749860add73,11,True,15.707209203043021,cpu,3080,published-pipeline fitting protocol,confirmation
hmda_va,mlp,1003,reweighing,0.8559644501017503,0.954030557771694,0.9249482911454743,0.873,0.09686633555160283,0.3240300058458139,0.040033434332880535,0.02065616556401484,0.04538317808459991,0.0012788967951491426,0.040033434332880535,0.9642899654803,0.5105882352941177,0.8879318879318879,10101,0.9655688622754491,0.5506216696269982,0.842548709847288,1899,0.19532870377066364,0.81332786840617,0.02735169664723746,0.043606877539770154,0.04968747047251699,0.06518684593091545,0.026717159007808727,0.16499318453264664,0.7429761226619781,0.023446314600195396,0.04734694723510747,0.039117395323089305,0.060758977601061165,0.0387397791570326,0.00938837632252173,0.013790347879378089,0.060758977601061165,0.04271027731645045,0.37211002500966694,0.2550488737278594,0.2604570042913099,0.16625248480284374,0.19885617747382328,0.12411681911617503,0.19952351334083585,interfair/training/states/runs/confirmation/hmda_va/1003/reweighing/selected.pt,dafbceb3de1fbb899bd969ebfedb1c983a3e7e794f694a933ef5146571fcd86b,interfair/training/states/runs/confirmation/hmda_va/1003/reweighing/audit_current.npz,ed574a2508834bdb3dfbf3bfed9c6242d8edaa4fb20696442cb8e7ab667ee8bf,interfair/training/states/runs/confirmation/hmda_va/1003/reweighing/DONE.json,ff75cc469486a6e2f067c8c279dbcaa3ab0f678ff2478fd0ebc06a8320a5d798,interfair/training/states/runs/confirmation/hmda_va/1003/reweighing/EVALUATION.json,f1173f4f94302c4d33fa59b35f865954a9baf75f858f48a6957d34f4f446ece9,11,True,14.400970225105993,cpu,3080,published-pipeline fitting protocol,confirmation
hmda_va,mlp,1004,cot_phi,0.8528325903656806,0.9526307712052032,0.9249023582340437,0.8734166666666666,0.0972320973307315,0.32611461429292876,0.01340266734712936,0.011879998389895285,0.06571385718305156,0.01340266734712936,0.01035732943266121,0.962504463754315,0.49941176470588233,0.8845658845658846,10101,0.9491017964071856,0.5097690941385435,0.818852027382833,1899,0.2138330355734614,0.8284630365321338,0.03091025033410834,0.04337762239710362,0.05037363875503928,0.06773019895650809,0.0229387364792761,0.14565457871084467,0.7164275530183851,0.024882036238473074,0.044446275270723784,0.028222607565179185,0.05269370365079255,0.03213101192038977,0.007316851017922456,0.010634079465989777,0.05269370365079255,0.03858393048365082,0.296326534984557,0.1980775581881621,0.2084663574736716,0.12714370651301746,0.16388354166508168,0.09095992142961368,0.24648697945947248,interfair/training/states/runs/confirmation/hmda_va/1004/cot_phi/selected.pt,3dade55693deaabae6a802a694b45d2d6e2fbc3596fd2acc6c16ac33751b97ca,interfair/training/states/runs/confirmation/hmda_va/1004/cot_phi/audit_current.npz,1c1cc0687a39a2327c577ca1db674d71f8371d00fd3e422e761c67d6c17be1d7,interfair/training/states/runs/confirmation/hmda_va/1004/cot_phi/DONE.json,8649341dffbaacbbaba25501d5f7cedfcc0b9db133f7f5650c48ed706498d493,interfair/training/states/runs/confirmation/hmda_va/1004/cot_phi/EVALUATION.json,c7d7fd84ddf02536281844cf4e48500c741a7dc1027690df813a3786d0756b68,13,True,15.383077973965555,cpu,3080,published-pipeline fitting protocol,confirmation
hmda_va,mlp,1004,dralign,0.8465977115957912,0.9507189993726283,0.9183745051861503,0.86425,0.10329360953952316,0.34228869481686963,0.11652700867203014,0.07241324912687619,0.009580957448255933,0.028299489581722237,0.11652700867203014,0.9372693726937269,0.4376470588235294,0.8531828531828531,10101,0.9655688622754491,0.5541740674955595,0.8436018957345972,1899,0.19126933924305037,0.7999222853476247,0.03363118988005628,0.061935435948458704,0.04230974154073667,0.06555957387467834,0.02637083659767275,0.21211028744703478,0.7995993909734118,0.03442183993291027,0.06591455707831038,0.04742707593799093,0.05812063999178067,0.027721100445779627,0.008073318256500766,0.010174484267536374,0.05812063999178067,0.04280489670201844,0.3914167944551631,0.2683223000057856,0.2860355691888538,0.1842932838434878,0.21750773777666071,0.13561745358300858,0.13079852040589138,interfair/training/states/runs/confirmation/hmda_va/1004/dralign/selected.pt,e158a83f6ce25ac483b80aaeb19386a6cf59af6f63a9ad25533a99fe2f75502b,interfair/training/states/runs/confirmation/hmda_va/1004/dralign/audit_current.npz,db3ffabd81e692198b908d5b345de5aae70dfbd2999ceb460fef3914f0e7240a,interfair/training/states/runs/confirmation/hmda_va/1004/dralign/DONE.json,e2c5cda29d232e0b428d84edb7f10f9eb486eb7d57e6d592897502f22b5566fc,interfair/training/states/runs/confirmation/hmda_va/1004/dralign/EVALUATION.json,4a3560feee629b8e6da31581020d781dc83a5b73887fbbe2f032d3855ad77706,7,True,8.319109164993279,cpu,120,published-pipeline fitting protocol,confirmation
hmda_va,mlp,1004,soft,0.8447317794268537,0.9506477727162159,0.92301800076599,0.866,0.10276606694856248,0.3408982192591707,0.045127990805558404,0.023297396473510035,0.03043244275471768,0.001466802141461665,0.045127990805558404,0.990239257231282,0.6564705882352941,0.9340659340659341,10101,0.9887724550898204,0.7015985790408525,0.9036334913112164,1899,0.012409073817996311,0.004939538846492724,0.0019438802374737438,0.003901924587025984,0.0,0.03862022747454131,0.005325045436425818,0.010829413677887617,0.00326241461188813,0.0016030962131949856,0.005194940830121986,0.0,0.03430646457615666,8.767349444067246e-05,0.00013997390444182473,0.00016191709844559586,0.03430646457615666,0.03402921075193253,0.03929907947547925,0.03105359681726097,0.0113426245499096,0.008489883204353607,0.0032958980132956634,0.0024805569166293094,0.9853949608382023,interfair/training/states/runs/confirmation/hmda_va/1004/equality_direction/selected.pt,096f8d199bd104c3c320da01cf49dfe8db1f575e2ec8a459af6384716e179db1,interfair/training/states/runs/confirmation/hmda_va/1004/equality_direction/audit_current.npz,ee49d8405158076a1f0fd5667cf6eef5e01412ed74b04f5e87bfce3e99b2b29f,interfair/training/states/runs/confirmation/hmda_va/1004/equality_direction/DONE.json,7802a0c4f6384fa0b3fadeed215209dfbbe4350181cfed880fed9a6913719f6a,interfair/training/states/runs/confirmation/hmda_va/1004/equality_direction/EVALUATION.json,53d49a7582dcf6aa31a6ff6a5b266109444082c7556cf8d7ee0a3c6b29fe689f,5,False,108.50529314309824,cpu,3080,current full IS,confirmation
hmda_va,mlp,1004,erm,0.8602279727037616,0.955540860230441,0.9233987448949098,0.8718333333333333,0.09665341492806247,0.3241994099198583,0.0388914429004284,0.03416069692718551,0.09287757628989857,0.02942995095394263,0.0388914429004284,0.956076657540769,0.48294117647058826,0.8764478764478765,10101,0.9266467065868264,0.44404973357015987,0.7835703001579779,1899,0.2456230760331506,0.8536440151319888,0.038498984050208455,0.05802185826024119,0.05790521674198498,0.08177831229414881,0.030521910430150803,0.18975526240995463,0.7866129984006618,0.031647357207671215,0.0660858802839487,0.04032030915417336,0.07096754116148614,0.05135697841168732,0.010088362837023055,0.01572571894846276,0.07096754116148614,0.05158719402424601,0.3370660353912393,0.21267646083306443,0.24604244626495578,0.13648610177761308,0.20147300782776706,0.11172656993147886,0.17300498723257446,interfair/training/states/runs/confirmation/hmda_va/1004/erm/selected.pt,b75e7c73fc820ca31f86d739bda452a01f64e456400e5174523aea7f1ad17b9b,interfair/training/states/runs/confirmation/hmda_va/1004/erm/audit_current.npz,c4ac789b13c897a7efd6325fa55b0d68dc08e8f0d2be2bf22142e530c7271684,interfair/training/states/runs/confirmation/hmda_va/1004/erm/DONE.json,d118b685e4c01d02fa6180c2a19b7fe4d5b47bd7f670868e4b35243394cc5c9a,interfair/training/states/runs/confirmation/hmda_va/1004/erm/EVALUATION.json,430078be5449c4a80cb558f3c481ed61196589bfcae479b3072d9c5620384cfe,15,True,18.376105802948587,cpu,3080,matched primary ERM,confirmation
hmda_va,mlp,1004,erm_source,0.8588810824099353,0.9549945555955809,0.9267404674046741,0.8759166666666667,0.09544792518851343,0.3204306950746637,0.05929578936370283,0.046664822022266406,0.0979372164206288,0.03403385468082998,0.05929578936370283,0.971908106177836,0.5317647058823529,0.8978318978318979,10101,0.937874251497006,0.4724689165186501,0.7998946814112691,1899,0.15269940022585396,0.7748342594575442,0.029563255228067496,0.045186963280596446,0.04069768632802609,0.06527398521975127,0.02172125885076774,0.12692701113565924,0.7070747457892053,0.023688375525963982,0.05365775211275444,0.02638227067392105,0.05789418655139728,0.02594315405198296,0.007551661893044646,0.011230868082893317,0.05789418655139728,0.04324587445577487,0.3555946984430147,0.2574996876854585,0.26739960297942234,0.1606558581481825,0.2078083877809225,0.11387153845392237,0.22525655286123714,interfair/training/states/runs/confirmation/hmda_va/1004/erm_source/selected.pt,009492b36c4ffafb0c442bb2a16cafe3008957d1cb5514afdb0a3232f317a00f,interfair/training/states/runs/confirmation/hmda_va/1004/erm_source/audit_current.npz,2327b2116c00ce370e880b455404e4ec5df05d9f33fd371024d4d1f98ea5f74e,interfair/training/states/runs/confirmation/hmda_va/1004/erm_source/DONE.json,b67176361ab97feedf29fb7fded597b75d0763a57fe0a83fa2c7a2af6dc4f283,interfair/training/states/runs/confirmation/hmda_va/1004/erm_source/EVALUATION.json,3c1cb3871108e44a36216c55b88ccedcb8a7836f67fb13bb5ecbaedbb7222825,6,True,14.210411806008779,cpu,3080,published-pipeline fitting protocol,confirmation
hmda_va,mlp,1004,hifi_shared,0.8580648292696231,0.9545986350785665,0.9260627555292843,0.8749166666666667,0.09549359359975021,0.3209340071181486,0.06285968028419187,0.05301445332259125,0.1055707027271009,0.04316922636099063,0.06285968028419187,0.9713129389358409,0.53,0.8970398970398971,10101,0.9281437125748503,0.46714031971580816,0.7914691943127962,1899,0.15938809989304747,0.7844018049597921,0.028994596154814093,0.04845775399912211,0.04030969331304408,0.06633754012571724,0.022477325555874308,0.12574953523186158,0.6994008906210202,0.023526406618512272,0.05658827152678451,0.03147839261006737,0.05873183544550198,0.02494695421816666,0.007378817411783641,0.010339543543380984,0.05873183544550198,0.044497689078136324,0.35183071227179136,0.2452261430156101,0.2577216485025778,0.1556609286109706,0.20013445323598786,0.11463630780422074,0.24178022225911394,interfair/training/states/runs/confirmation/hmda_va/1004/hifi_shared/selected.pt,db7a98dca1ea68b40318bc7782d47d844062370500e064fa352055b6de118433,interfair/training/states/runs/confirmation/hmda_va/1004/hifi_shared/audit_current.npz,9b27287c165336f60818d15a7aeefecef6f165637d9d63569126c200d01afda1,interfair/training/states/runs/confirmation/hmda_va/1004/hifi_shared/DONE.json,71eb1a55a983210cb83026d76716af234957294db027f4dd41725b106ee0de91,interfair/training/states/runs/confirmation/hmda_va/1004/hifi_shared/EVALUATION.json,63ed2b7dccffcbfc54cd65f8c4b6d1a235eae99519e729d3b1a1e96154a99ac2,6,True,31.484815347008407,cpu,3080,published-pipeline fitting protocol,confirmation
hmda_va,mlp,1004,ltdd,0.8537944765721144,0.9530422844374216,0.9256476171643266,0.8746666666666667,0.0968454123522447,0.32607234273537966,0.0108847891646775,0.008844860364388696,0.06894082249532485,0.0108847891646775,0.006804931564099892,0.962980597547911,0.5005882352941177,0.8851598851598852,10101,0.9520958083832335,0.4937833037300178,0.8162190626645603,1899,0.32693824374676395,0.8875513413859017,0.0435057542617246,0.06200203788883939,0.07245220864800936,0.09135988826295553,0.03312553559847017,0.28541554394102864,0.8405239754985516,0.03882408119899766,0.06771643634359129,0.07632957890428171,0.07769065265473606,0.14297421678453268,0.019637555452481248,0.029878634329480607,0.07769065265473606,0.04037403975177759,0.4320604303368131,0.2668175759218373,0.33550527731842805,0.2086313169101386,0.29254849629277935,0.17477000649003868,0.12375546042865301,interfair/training/states/runs/confirmation/hmda_va/1004/ltdd/selected.pt,3b85d82c59eedf29a4283a0f93ba825f97c93c236ae4df324469a8946ed9b3bf,interfair/training/states/runs/confirmation/hmda_va/1004/ltdd/audit_current.npz,061f0788a37636e66afb22f4babcab292105c3672f33c48a438319f279ceaebe,interfair/training/states/runs/confirmation/hmda_va/1004/ltdd/DONE.json,b604d3830107f78b5884b9ddaac9eb5323957759dcbfdc0a0c03846a1dad4f8e,interfair/training/states/runs/confirmation/hmda_va/1004/ltdd/EVALUATION.json,62f19d7be21d591031e371cec28a317c2dbb5b63c1361351733f061b13cd7861,18,True,16.526848152047023,cpu,3080,published-pipeline fitting protocol,confirmation
hmda_va,mlp,1004,reweighing,0.8541975656631993,0.953416342455915,0.9254793437438229,0.8743333333333333,0.09707310688346985,0.32543226854217955,0.04877651238115138,0.028803497247564175,0.03970435723990229,0.008830482113976967,0.04877651238115138,0.960480895131532,0.4894117647058824,0.8811998811998812,10101,0.969311377245509,0.5381882770870338,0.841495523959979,1899,0.22331209189181214,0.8450299264131298,0.03312373805480951,0.05243786420989457,0.0578528364640409,0.0708311469944389,0.02640850331390202,0.177797926454556,0.7609632621357973,0.026177347836960563,0.04641272126025969,0.04067720836203683,0.057367585138181784,0.037237063247041194,0.00837562673416168,0.011956417629577578,0.057367585138181784,0.04134873863061851,0.325788011358247,0.21196972045794318,0.23665624082869335,0.14643717050494942,0.18999046643457235,0.11561588009635808,0.19584415838904476,interfair/training/states/runs/confirmation/hmda_va/1004/reweighing/selected.pt,70c6f95f630e77bfc9060a26960e9e3ab69246ab1ef1285210cfcfedbc5867b2,interfair/training/states/runs/confirmation/hmda_va/1004/reweighing/audit_current.npz,39865ccbbd92833b24a50ea5ac85cef376cfebef809457b003dcffce388e5df8,interfair/training/states/runs/confirmation/hmda_va/1004/reweighing/DONE.json,1113aa8035be27db9f4efd6069e9c5cdfee23db414d34943a4cc878cd25220ae,interfair/training/states/runs/confirmation/hmda_va/1004/reweighing/EVALUATION.json,dd47512e933992246f31264429a7938c62f3ae37e8c9e2b5031af8f759dad100,13,True,14.129542009090073,cpu,3080,published-pipeline fitting protocol,confirmation
hmda_va,mlp,1005,cot_phi,0.8542634840267213,0.9524259540100696,0.9271679716353967,0.87675,0.09547517678312654,0.32284612068847895,0.017958416048479753,0.017516472264952593,0.07551064423102338,0.017074528481425433,0.017958416048479753,0.9691703368646589,0.5152941176470588,0.8927828927828928,10101,0.9520958083832335,0.49733570159857904,0.8172722485518694,1899,0.198095660160478,0.8138914530596519,0.024092987061922363,0.03208061516450991,0.039013496265242496,0.06490627634703763,0.022790482168175783,0.15191357299389607,0.7153442122841929,0.02041516608873686,0.033819094997781234,0.0277719186468323,0.053100153049071466,0.055012257234382814,0.009270536853170192,0.011608092399274912,0.053100153049071466,0.035063313642295944,0.3781897469237057,0.26990964092779857,0.25148744395181855,0.1623001390535574,0.1928335631523405,0.11730210781854918,0.23023875407471017,interfair/training/states/runs/confirmation/hmda_va/1005/cot_phi/selected.pt,fdbcb6d1e7da440ade5e66cf474a0bb0668976fda1831b076c92f7e81434e114,interfair/training/states/runs/confirmation/hmda_va/1005/cot_phi/audit_current.npz,e1a155663be65b590c17d39c916ee852ce56b841b91f4200d4a4377559e07b27,interfair/training/states/runs/confirmation/hmda_va/1005/cot_phi/DONE.json,581102ddcda3aae83198d6da0b939660aeb19367a5f615faa44dd18b2d3b22df,interfair/training/states/runs/confirmation/hmda_va/1005/cot_phi/EVALUATION.json,3b7d25c969e37e1c89d516caa2297ef70cfca849c82f1441441e43a51b2de16b,16,True,16.571812684065662,cpu,3080,published-pipeline fitting protocol,confirmation
hmda_va,mlp,1005,dralign,0.8465656714135905,0.9500593546079312,0.9210789210789211,0.8683333333333333,0.10128504028431644,0.33862847891576464,0.10058719047121512,0.06197793991370765,0.01769474281322625,0.02336868935620018,0.10058719047121512,0.9436971789072729,0.4447058823529412,0.8597168597168597,10101,0.9670658682634731,0.5452930728241563,0.8420221169036335,1899,0.27303541535409925,0.8414555653648448,0.04476575845313172,0.07911182212800677,0.05168502711772432,0.07974178032505194,0.035798779928613536,0.2810143628766783,0.8193352150814294,0.04503138564597913,0.084311014104525,0.0445228446285455,0.07066231295164506,0.05027623957438933,0.008744665025339046,0.012581481996041722,0.07066231295164506,0.05410055076401858,0.32153066631358834,0.1965427671951149,0.21646771045338623,0.12872827960944339,0.16126732280087153,0.0998786705427358,0.1424959215010856,interfair/training/states/runs/confirmation/hmda_va/1005/dralign/selected.pt,92e005362bb5d39d3057886476e4ae0386262582fa9fa25c14fba1bb21a24c3d,interfair/training/states/runs/confirmation/hmda_va/1005/dralign/audit_current.npz,40fd409867858495f74196d0bb392d74b86fbfa12c768efb471e24c90454573f,interfair/training/states/runs/confirmation/hmda_va/1005/dralign/DONE.json,d91ca1af9eefa2d2e65562284182ae6371ee8fdeff17a05699af0ba51919c695,interfair/training/states/runs/confirmation/hmda_va/1005/dralign/EVALUATION.json,61a4a4ca4ebce405dca107caacdab1051a9d356b2e9e57233de2118aaa940dcd,18,True,8.654143454041332,cpu,120,published-pipeline fitting protocol,confirmation
hmda_va,mlp,1005,soft,0.8425197134482221,0.9501379270047124,0.9183943955315724,0.8563333333333333,0.10796472129360071,0.35823318882924526,0.026129975969073294,0.01309122701938209,0.025217186354627108,5.247806969088664e-05,0.026129975969073294,0.996309963099631,0.7394117647058823,0.953073953073953,10101,0.9962574850299402,0.7655417406749556,0.9278567667193259,1899,0.010919917195620459,0.0012349239884750839,0.0017058248458490172,0.002652985650310984,0.0,0.040544550655039854,0.004204304764872645,0.009470740287760567,0.0004915068997751622,0.001407603387196626,0.0019892634612063416,0.0,0.034719373126568455,1.2617070448537379e-05,4.027870382105094e-05,0.0,0.034719373126568455,0.03464005763111207,0.008873594615922763,0.006353893279606216,0.0033177756196677757,0.0028262687198926132,0.0016560100076147004,0.0011645031078395384,0.9961907174805571,interfair/training/states/runs/confirmation/hmda_va/1005/equality_direction/selected.pt,ff558e1f253da5dcbce95746340f799b718f473a5c6ab7f61049a1e0d2c7f3fa,interfair/training/states/runs/confirmation/hmda_va/1005/equality_direction/audit_current.npz,b21a67bedc7c4e497bce338cfe4424eb0254688be080c8852c181a7aa5a35022,interfair/training/states/runs/confirmation/hmda_va/1005/equality_direction/DONE.json,31c3498a75f4aac0a57e1aebe66c5a03aa0034d7d5769a44ff595768b852f382,interfair/training/states/runs/confirmation/hmda_va/1005/equality_direction/EVALUATION.json,538e54806061bffc41c8abb6ad11bf53471fb1f9daeb0d128d0d4b006d64e1fa,5,False,111.4898902210407,cpu,3080,current full IS,confirmation
hmda_va,mlp,1005,erm,0.8582484703422504,0.9543786522405447,0.9278895579380232,0.87725,0.09471229776286312,0.3197395377216793,0.06094556472677881,0.04232583200746515,0.08926743523899927,0.023706099288151483,0.06094556472677881,0.9765504106653969,0.5511764705882353,0.904959904959905,10101,0.9528443113772455,0.49023090586145646,0.8156924697209057,1899,0.1783635862939505,0.791743090560334,0.031595254549655914,0.04356905575193783,0.04044118167693057,0.06492773277832596,0.02468906179660071,0.1549501635693702,0.7130647834092252,0.026149877254564347,0.05082402652618149,0.031068466474374678,0.05562174578479391,0.035810065237805826,0.008121533651515984,0.013430416854040002,0.05562174578479391,0.03999221442052913,0.34477573401999584,0.22905563933421094,0.22660774355148805,0.12444259894639961,0.18094163493198331,0.09138650314755128,0.23865480882702134,interfair/training/states/runs/confirmation/hmda_va/1005/erm/selected.pt,cc1114dbb90247f6ad9db7ee95a173c1c6cbedd8469cc3bfbb15466096481d2f,interfair/training/states/runs/confirmation/hmda_va/1005/erm/audit_current.npz,459295bd9dd579ad31d8c96cb4de3609a7986cf2469506f3e5b1565c31ac1003,interfair/training/states/runs/confirmation/hmda_va/1005/erm/DONE.json,52954bd5c35945fd58136bb774c71a831b1e09ec40ea6fda6a981508a91377ec,interfair/training/states/runs/confirmation/hmda_va/1005/erm/EVALUATION.json,04c04616d487a09b48a999a2d58a3e945293d1a28f9ecc47c3ed1449caa0bfdb,10,True,18.972131575923413,cpu,3080,matched primary ERM,confirmation
hmda_va,mlp,1005,erm_source,0.8609896758454831,0.9551691017881873,0.9291192418543305,0.8790833333333333,0.09402584497259783,0.3180785750202963,0.07214502141886953,0.048588307588477514,0.09299784655234888,0.025031593758085502,0.07214502141886953,0.980121414117367,0.5588235294117647,0.9092169092169092,10101,0.9550898203592815,0.4866785079928952,0.8162190626645603,1899,0.2086113769411297,0.8180061208317236,0.03798463325762279,0.05224812811293064,0.04867733993848982,0.06811462323956093,0.03006513096819978,0.1727003932817914,0.7304898958881167,0.031386240759548316,0.060350870100436396,0.03254790599726802,0.058552653736537244,0.04887988215581448,0.009436071526305169,0.017332746889254513,0.058552653736537244,0.04036363503914863,0.3673537433017764,0.24657737324844367,0.2483966624196443,0.13867259447965444,0.19443791340469313,0.09870253009232942,0.21902920428321893,interfair/training/states/runs/confirmation/hmda_va/1005/erm_source/selected.pt,2726b6f9d671e2ea571b4586b4f93b986f0b9eb1b3b3dcbee57efc68a735406f,interfair/training/states/runs/confirmation/hmda_va/1005/erm_source/audit_current.npz,eb48095ead0d6046c53eb93e79d9d735e309a04cb69d383a7a17e411b7ef5d4a,interfair/training/states/runs/confirmation/hmda_va/1005/erm_source/DONE.json,232376e4210a5f63fa44c6c6fd4508708bffc692e03824888b5b77de42bc97a0,interfair/training/states/runs/confirmation/hmda_va/1005/erm_source/EVALUATION.json,2d68b08d3b860440b65d61e348fd1e3e37420eb5bf9ee8ddb3daa5cc08448ed4,14,True,16.574613609001972,cpu,3080,published-pipeline fitting protocol,confirmation
hmda_va,mlp,1005,hifi_shared,0.8597358881490855,0.9546816973469501,0.9283884948778566,0.8788333333333334,0.09423137688076365,0.31841563934689926,0.07592728032598478,0.052360807024365436,0.10023736564020924,0.02879433372274609,0.07592728032598478,0.971908106177836,0.5235294117647059,0.8964458964458965,10101,0.9431137724550899,0.44760213143872113,0.7962085308056872,1899,0.24528762335007492,0.8361275622382927,0.04322889995088468,0.06691328449734597,0.05462290056792887,0.07693112137655232,0.032692322458548535,0.19893680607751307,0.7580043440271311,0.035492773214713114,0.07510425817562419,0.052267289547591224,0.06353155813984301,0.07561966423093815,0.013521069893160152,0.025898536929754683,0.06353155813984301,0.0374466578736028,0.4399998050353151,0.3036060774537763,0.32991712113833527,0.20144463278437347,0.26683548461548656,0.14755059714824464,0.1853583553166277,interfair/training/states/runs/confirmation/hmda_va/1005/hifi_shared/selected.pt,ea1ce463782137a1dd75263adbb338a8f61eb756ba234ece90c36721a3436b7c,interfair/training/states/runs/confirmation/hmda_va/1005/hifi_shared/audit_current.npz,fa2ac7b9e0a7320fb445b01fc996dfb4742a0f384dbb1e8079b1808ec808b56e,interfair/training/states/runs/confirmation/hmda_va/1005/hifi_shared/DONE.json,8af3e05fe565361e2a2084ff86254546d1b0ae839c931f274840c7aaea1d3d1e,interfair/training/states/runs/confirmation/hmda_va/1005/hifi_shared/EVALUATION.json,d2b8cc995149d9b05903eec4b1e8bb521863f5b802bbaf1309aecc34cb515159,16,True,38.545390140032396,cpu,3080,published-pipeline fitting protocol,confirmation
hmda_va,mlp,1005,ltdd,0.854847990438411,0.9526782336604829,0.9278350515463918,0.8769166666666667,0.09558876248868721,0.32256644389496086,0.015961759481767812,0.010494793111618939,0.054440670554414594,0.005027826741470065,0.015961759481767812,0.975836209975003,0.5417647058823529,0.9027819027819027,10101,0.9708083832335329,0.5577264653641207,0.8483412322274881,1899,0.20366138950146923,0.818557426771487,0.022499522308387903,0.02899253119036753,0.043284914237004674,0.061656711346861855,0.02043395326763799,0.16381799861650445,0.7477297218514779,0.02032796370350314,0.03422310724583366,0.03526416719581227,0.05369258046477634,0.05170303712959341,0.008933779433045679,0.009361448567398515,0.05369258046477634,0.03652419734416799,0.39993367232439964,0.289143889187371,0.29661265628038136,0.20621698294146365,0.22914371052788762,0.1484190985254913,0.18910401389114267,interfair/training/states/runs/confirmation/hmda_va/1005/ltdd/selected.pt,e867f920f7ef13367abe443ec67cb546ce8ae0b92c4c58af50db6aaabfc8cee1,interfair/training/states/runs/confirmation/hmda_va/1005/ltdd/audit_current.npz,eff86f644bb81c56d0ef6ffb38b78b81837a1fee629bb534fa411c2424d55852,interfair/training/states/runs/confirmation/hmda_va/1005/ltdd/DONE.json,935baf9b299dbe9174d10d4c023d252f5fcaadd5f8888d9daf69fbb4cd1e8ce6,interfair/training/states/runs/confirmation/hmda_va/1005/ltdd/EVALUATION.json,1aed6d1d277b9aac4436ceb56522f21a1bb1f50bc3176dd474c07c64dd8a6416,11,True,16.16360955790151,cpu,3080,published-pipeline fitting protocol,confirmation
hmda_va,mlp,1005,reweighing,0.8570566073322732,0.9540261221454311,0.9278944797264289,0.877,0.09532495920087791,0.321381908007609,0.020102392644446798,0.011322163493938775,0.047856147382213776,0.0025419343434307518,0.020102392644446798,0.97500297583621,0.5411764705882353,0.901989901989902,10101,0.9775449101796407,0.5612788632326821,0.8541337546076883,1899,0.20417810072714648,0.8175817917607239,0.027560922254392016,0.04147202962731871,0.04315061039682598,0.06153447284834179,0.024166641181086173,0.1710325661549065,0.7339919624325093,0.0233313785421222,0.04120321092605795,0.03217935874287502,0.052103426095527504,0.046271776517543425,0.008288951595055142,0.012306929398215212,0.052103426095527504,0.03619392735744894,0.3669421284325573,0.2514324158485649,0.23971083577621352,0.14356543558902898,0.1750977628427121,0.10162799605083238,0.2206314237603672,interfair/training/states/runs/confirmation/hmda_va/1005/reweighing/selected.pt,a1d750687c01f19dd6766d7954e7f373d0f8da92d930189a9b1360892e19d7da,interfair/training/states/runs/confirmation/hmda_va/1005/reweighing/audit_current.npz,2ad083006069c9e5979fee964336925f47651a68c1ff8bed10547a8967821f16,interfair/training/states/runs/confirmation/hmda_va/1005/reweighing/DONE.json,8e4582784e3ff31dd1cbbb01b70332caf34e710319176b6e24fa24883d019fb3,interfair/training/states/runs/confirmation/hmda_va/1005/reweighing/EVALUATION.json,f7103ffe3cbc3fc9f445586e7893e186c81fb24309233c6d8c17dd8bae65410d,14,True,13.535072847967967,cpu,3080,published-pipeline fitting protocol,confirmation
hmda_va,mlp,1006,cot_phi,0.8539830416670768,0.9526192790996822,0.925614965385182,0.87375,0.09631572731243992,0.32394515533806406,0.01528157977222866,0.01298834082637168,0.059554893678116394,0.010695101880514701,0.01528157977222866,0.969527437209856,0.528235294117647,0.8952578952578952,10101,0.9588323353293413,0.5435168738898757,0.8357030015797788,1899,0.13916710882086966,0.7554902140530205,0.018265783416119903,0.027159959506666935,0.030156276582939952,0.05566190910831829,0.01515220409113452,0.1174563299029659,0.677566911719546,0.01685235899438904,0.03201361774312347,0.019735721202302683,0.05432698369776495,0.016822422504365116,0.004494402845238203,0.004742690915651991,0.05432698369776495,0.045728903943356006,0.2834740821830325,0.18877203759995057,0.16439171043967732,0.10137517920835781,0.1191133625041351,0.0705514623393509,0.2837788497065734,interfair/training/states/runs/confirmation/hmda_va/1006/cot_phi/selected.pt,6b442babdc78c75612367e9f68fc2be58c0f9629af4296fcc720f427254315fc,interfair/training/states/runs/confirmation/hmda_va/1006/cot_phi/audit_current.npz,d615cac9d68d31627411a538d449f0283b0360078a8c4965dc409612fe924e6d,interfair/training/states/runs/confirmation/hmda_va/1006/cot_phi/DONE.json,6c057f849bd20e98eb2088f85e31477730922e870b51d911d9a36c28713b3675,interfair/training/states/runs/confirmation/hmda_va/1006/cot_phi/EVALUATION.json,87658c0e7e4c15cdfe85dc2f5b33605c6abe6aa3ee6d1c53b4ddb4caec1ae5f2,8,True,16.054086572956294,cpu,3080,published-pipeline fitting protocol,confirmation
hmda_va,mlp,1006,dralign,0.8485848836326451,0.9513123289109253,0.9187183472897759,0.8649166666666667,0.10263608178424773,0.34031191052973553,0.10644655730853625,0.06928664650254968,0.010071735190218645,0.0321267356965631,0.10644655730853625,0.9364361385549339,0.43529411764705883,0.8520938520938521,10101,0.968562874251497,0.5417406749555951,0.8420221169036335,1899,0.2756614193451918,0.8560731687935428,0.043072569023377735,0.070757872389002,0.07439747110656557,0.07213729318376193,0.03403783939869269,0.32756157653223367,0.8687576502650878,0.047754146676484754,0.07685656945910642,0.10072892709556884,0.07060131675854567,0.06361152637967539,0.0122485755763058,0.018953386489368448,0.07060131675854567,0.04865756210926103,0.41115139393767347,0.21046536870352922,0.30433824987513236,0.144565024394817,0.2431260447945136,0.11575463513172354,0.10587127280117098,interfair/training/states/runs/confirmation/hmda_va/1006/dralign/selected.pt,d2814d4ea7db0fa6c1093b6ae4c7f7e8dfabda557972c16a63050d47d98d56d7,interfair/training/states/runs/confirmation/hmda_va/1006/dralign/audit_current.npz,df32a3699c13ee48a7c0bf0a721bedbcb6afe750be61edf8ee41fd7bcb5c2080,interfair/training/states/runs/confirmation/hmda_va/1006/dralign/DONE.json,d196b67ea460558bebedb614c084744df5ae10a10152483eabc0df479eceaeeb,interfair/training/states/runs/confirmation/hmda_va/1006/dralign/EVALUATION.json,7b68d6b3131056d719e71eb75dbbdee4a2ee13665fb5662c1228eda566d766ed,8,True,8.600510112941265,cpu,120,published-pipeline fitting protocol,confirmation
hmda_va,mlp,1006,soft,0.8391517502448738,0.9485575928910175,0.9215938916726318,0.8630833333333333,0.10468124177419343,0.346351758038446,0.03404346463274477,0.017839864531884242,0.030809518961177784,0.001636264431023715,0.03404346463274477,0.991905725508868,0.6817647058823529,0.9397089397089398,10101,0.9902694610778443,0.7158081705150977,0.908899420747762,1899,0.013417120582703624,0.006507244593929208,0.001588486446323219,0.0035876703823100433,4.5328860885725944e-05,0.03520428401816404,0.004654599132829751,0.012523474659605413,0.005376756148381325,0.0015424352557189592,0.002674607659017987,0.0,0.030255875023491443,7.609007140179131e-05,9.388411568361831e-05,0.0,0.030255875023491443,0.030070763120711844,0.027584723863075738,0.02222076057260533,0.0056668755200535315,0.004511688584486641,0.0030264934571549254,0.0025096587430977705,0.9889563683315651,interfair/training/states/runs/confirmation/hmda_va/1006/equality_direction/selected.pt,331ad5ab4096db1e328b9821dac0180ae2e3011804ccf94ba5a3561593f26997,interfair/training/states/runs/confirmation/hmda_va/1006/equality_direction/audit_current.npz,7415cddced3c834ac7ce31f5c0aee72e8e2b12f550f7c6036ad4893643b299f4,interfair/training/states/runs/confirmation/hmda_va/1006/equality_direction/DONE.json,2005a06622ca8c344210366681ca5d9aeff6d6623e04eaab9adeaf63f7566141,interfair/training/states/runs/confirmation/hmda_va/1006/equality_direction/EVALUATION.json,0abb7c96cbd747c7ac64b7f30645da831ac68403cd3b5c9a5fd6a93c47914110,5,True,105.8834679289721,cpu,3080,current full IS,confirmation
hmda_va,mlp,1006,erm,0.8584934688176187,0.9543112870947791,0.9274169850132237,0.8765,0.09484506771715365,0.32001207018763067,0.02089972536773843,0.02082495410587315,0.07649016653755991,0.02089972536773843,0.02075018284400787,0.9752410427330079,0.5411764705882353,0.9021879021879022,10101,0.9543413173652695,0.5204262877442274,0.8256977356503423,1899,0.20540654079639428,0.8283539598194837,0.033284653442247986,0.04416741032708961,0.052939797223376814,0.06840116157834916,0.024369011597996152,0.21085704757165044,0.7917704815223454,0.03626833252583174,0.058552534406451515,0.05194765968005697,0.06881437304828114,0.03492407907476083,0.007919602896970015,0.008875697272061727,0.06881437304828114,0.05399471959309486,0.37546013698074654,0.23242980835321392,0.2862876323519607,0.12994387752341532,0.22761974798045356,0.08816356361655911,0.17066710285585424,interfair/training/states/runs/confirmation/hmda_va/1006/erm/selected.pt,7b0a2e00c277bb04529bb06a30620a65714b462ba353bbae89786dae67feb43f,interfair/training/states/runs/confirmation/hmda_va/1006/erm/audit_current.npz,644d3b7bb4b0cf6814c5eda1826fde327f594f2c89385a16f105ab32e4db31f7,interfair/training/states/runs/confirmation/hmda_va/1006/erm/DONE.json,6be91fa244b508f6a4b114020a3a09cc1f56382e2550d661620e0e0abb4eb408,interfair/training/states/runs/confirmation/hmda_va/1006/erm/EVALUATION.json,e411767a6a7c5411c4d9f9990f064aa302972779327ee48956c0306151aa89c2,10,True,18.7031971400138,cpu,3080,matched primary ERM,confirmation
hmda_va,mlp,1006,erm_source,0.8594454389053403,0.9546880052097291,0.9274506910629089,0.8770833333333333,0.0943410367614297,0.31825928801543313,0.030934071674851127,0.025271302438136772,0.08038901877764437,0.019608533201422418,0.030934071674851127,0.9709558385906439,0.5229411764705882,0.8955548955548955,10101,0.9513473053892215,0.4920071047957371,0.8151658767772512,1899,0.21744049200690904,0.8345288424477361,0.032084708512004574,0.041377733004469675,0.05741394079585878,0.06592656198802425,0.02330908148667802,0.21570196964274607,0.7915879718950279,0.0346250614568099,0.055731480613902415,0.057730739525743285,0.06552696410603304,0.05025500642219235,0.010450723099257913,0.016038570686836857,0.06552696410603304,0.046108715213393256,0.4147257343528383,0.2504512266372728,0.31407882148951316,0.14313362078087272,0.25034754911305884,0.10477254794713209,0.17218270388715867,interfair/training/states/runs/confirmation/hmda_va/1006/erm_source/selected.pt,5b4e2a7956befb1307e9ab698a74d6bc89809a2571c5028642ce886553f27d33,interfair/training/states/runs/confirmation/hmda_va/1006/erm_source/audit_current.npz,f84aed9b4631c55f572d611767c8625134d3ee146db07d01b9fe330739160ef4,interfair/training/states/runs/confirmation/hmda_va/1006/erm_source/DONE.json,e7a9222555046311c8319f32a0d96f4e8dd206cfcde8c1fae3c7339384b0be8f,interfair/training/states/runs/confirmation/hmda_va/1006/erm_source/EVALUATION.json,83a239a6502a05e933f251649b3b3d0d38b24aea001329667f9dcff3139e6d1e,12,True,15.20233526697848,cpu,3080,published-pipeline fitting protocol,confirmation
hmda_va,mlp,1006,hifi_shared,0.8592174362490006,0.9544838901247462,0.925988308728822,0.8755,0.09560713675551331,0.3210939736153434,0.055350538083794865,0.04647974733682525,0.10231840089659994,0.037608956589855635,0.055350538083794865,0.965004166170694,0.5011764705882353,0.8869418869418869,10101,0.9273952095808383,0.44582593250444047,0.784623486045287,1899,0.23789053466554805,0.848564276176843,0.03861442411683634,0.06055770003831972,0.06904853455693435,0.07816018704224222,0.027523120473068714,0.22819615732632464,0.803282463459407,0.0405771596661915,0.07785998252832921,0.08104547968256932,0.0718987643995657,0.10026205546214044,0.01933188486408593,0.03763632547287003,0.0718987643995657,0.03509314572279861,0.4903157942255426,0.31159857734869273,0.396583466994637,0.22005343235537067,0.3399863508436996,0.17750472928234945,0.15234891847668391,interfair/training/states/runs/confirmation/hmda_va/1006/hifi_shared/selected.pt,8007f4957ca6ea5dc28ca0e4a7459cfe759bba1a9fde6fe97a1de02c00d11950,interfair/training/states/runs/confirmation/hmda_va/1006/hifi_shared/audit_current.npz,e708e76ad0fa83fb95686c78a98b7f4baaf15697332886f64ddddd81afcb4037,interfair/training/states/runs/confirmation/hmda_va/1006/hifi_shared/DONE.json,3915a1229c963ef3e99be664c11a109402ea5c5d611371d857b78eba2050cd7c,interfair/training/states/runs/confirmation/hmda_va/1006/hifi_shared/EVALUATION.json,5e30e9a33959e258712a3126a0e0309047fecb1afa6d9d8a2ffacf6a4d1bdea3,14,True,32.59809480700642,cpu,3080,published-pipeline fitting protocol,confirmation
hmda_va,mlp,1006,ltdd,0.8523357860107936,0.9523822632239403,0.9248675152295577,0.8735833333333334,0.09738918370743985,0.3272021961979716,0.021026016090272714,0.015335020964898555,0.07215934230152232,0.009644025839524395,0.021026016090272714,0.960242828234734,0.4988235294117647,0.8825858825858826,10101,0.9505988023952096,0.477797513321492,0.8104265402843602,1899,0.3266309363619111,0.885693656172546,0.0454407442893251,0.06564798422522308,0.08270728550309217,0.08997424070989538,0.030560789576122762,0.2671391855654177,0.8442921562780904,0.03995531380558047,0.07388206946124472,0.08298711083441718,0.0806991293676149,0.08953706741456245,0.015422223755810132,0.028182522057421094,0.0806991293676149,0.05161486476223073,0.4301496535689836,0.25897670664075934,0.34064712553902365,0.18418298769608815,0.2907140211379128,0.15207274793915787,0.11667171141135033,interfair/training/states/runs/confirmation/hmda_va/1006/ltdd/selected.pt,d8e4b8a60a47cbe62ea20de53e81fafb28909455de70db56e98ca4bfeffccd5e,interfair/training/states/runs/confirmation/hmda_va/1006/ltdd/audit_current.npz,9c8103b3c1ab6f5f95f0e497e16b55fc94f46b6349a8b0df42afa9d2523ee5f0,interfair/training/states/runs/confirmation/hmda_va/1006/ltdd/DONE.json,1f073f244c151ee30c35de215695fbd97b6f8003306c4f971f6183f2a3158b15,interfair/training/states/runs/confirmation/hmda_va/1006/ltdd/EVALUATION.json,a808fc5ab5ef407bd8bf27ba474e64f1636d73396c353da57c3f74a96a6700a1,16,True,14.48667609191034,cpu,3080,published-pipeline fitting protocol,confirmation
hmda_va,mlp,1006,reweighing,0.8551249837132855,0.9532448353479688,0.9256401435100998,0.8739166666666667,0.09612262664117367,0.32286241602143073,0.05248981297670041,0.02802042936237359,0.04506303084502139,0.003551045748046766,0.05248981297670041,0.967622902035472,0.5141176470588236,0.8912978912978913,10101,0.9640718562874252,0.566607460035524,0.8462348604528699,1899,0.19680264981035003,0.8331772944779041,0.02455603435174192,0.0325927106357822,0.04893806208277243,0.0602262215716565,0.02225338243910804,0.1684948525147679,0.7676551582868341,0.022436117770709037,0.03553998713153129,0.037412609417507264,0.057771689772239496,0.027369749732996045,0.006466236156621267,0.00802132211563253,0.057771689772239496,0.04563769484718561,0.34975748584574984,0.21017417647593645,0.2318615247228008,0.12121759235605822,0.17037528729644608,0.09131889907801692,0.19258954344811757,interfair/training/states/runs/confirmation/hmda_va/1006/reweighing/selected.pt,c155293fc31f8b9258c3c426d2526a7ccf6926b2c401be49734201d25f19703e,interfair/training/states/runs/confirmation/hmda_va/1006/reweighing/audit_current.npz,16e8a907a7bff0b3ab82ce69674519f4d59a44c7215cc6cf51107d225f91bd69,interfair/training/states/runs/confirmation/hmda_va/1006/reweighing/DONE.json,e2615dd26c7d5a1623a4ba950160b9cdf2cf6a356eaab3aa195f007f3357bece,interfair/training/states/runs/confirmation/hmda_va/1006/reweighing/EVALUATION.json,2636889db446892540fecae90b750575888b4b68c12e084d02d4c30ad24495ce,8,True,15.839756623026915,cpu,3080,published-pipeline fitting protocol,confirmation
hmda_va,mlp,1007,cot_phi,0.8515837040002712,0.9518371976146529,0.9223913478870419,0.8708333333333333,0.09910494366687127,0.3324660888114576,0.011129003747058941,0.006457825455182392,0.07174848407075896,0.011129003747058941,0.0017866471633058434,0.947506249256041,0.45294117647058824,0.8642708642708643,10101,0.936377245508982,0.4511545293072824,0.7925223802001053,1899,0.3109275670169827,0.8781216593743293,0.04451983313523814,0.06810629985576641,0.07203875836916297,0.08712470595253873,0.022730806215288515,0.24178315044219037,0.8091223412022867,0.0393356484709301,0.0750018957103525,0.048322886359642665,0.07369862927667957,0.06288222122527418,0.010880983342451144,0.016860180364535515,0.07369862927667957,0.052955270071884254,0.3205604508038808,0.19884556656414734,0.23908928691841566,0.13963746628055554,0.2008556167587222,0.11033706521107324,0.16355017846765488,interfair/training/states/runs/confirmation/hmda_va/1007/cot_phi/selected.pt,a056f5cf54f9a3f992ffb31d1f0c265d16506de09c643446817adacaf6496f02,interfair/training/states/runs/confirmation/hmda_va/1007/cot_phi/audit_current.npz,6d56047844209a6dcdcb6f4cd3aea6e817e063b1b3651b1666d587e44a7f8bad,interfair/training/states/runs/confirmation/hmda_va/1007/cot_phi/DONE.json,4d718e7507cd17e0aa2f144c4acfd227d810b3274e850b72a3443245b8f2d453,interfair/training/states/runs/confirmation/hmda_va/1007/cot_phi/EVALUATION.json,3387da9ae0e52c99a9f67d8ea18b4ac465796c468f872a114a4b65df1bd1ac9a,19,True,17.861451757955365,cpu,3080,published-pipeline fitting protocol,confirmation
hmda_va,mlp,1007,dralign,0.8498474982630908,0.9517350612425581,0.9223498980251704,0.8699166666666667,0.09973014762370375,0.3332131241403699,0.11013687180022985,0.0667538051924789,0.01402548321979602,0.023370738584727935,0.11013687180022985,0.9489346506368289,0.45647058823529413,0.866052866052866,10101,0.9723053892215568,0.566607460035524,0.85202738283307,1899,0.2663379911042831,0.848519869075495,0.04223944711712229,0.06842345704157937,0.07243960537459945,0.07430348420449231,0.037028666595075165,0.24864156630131162,0.8083680312883649,0.038849379760709485,0.06938902294234504,0.05816159734978572,0.06692060361179297,0.06548745372947536,0.013332067624976338,0.018329577294210083,0.06692060361179297,0.04139613918714741,0.460401433515961,0.3046790269164581,0.3384207433584738,0.22338612407399366,0.27627021326377166,0.18035118320677013,0.1279032832844919,interfair/training/states/runs/confirmation/hmda_va/1007/dralign/selected.pt,e5f7b70dd80c5e25258914e6b78d0bd29de7361d9bc1aee6e5d9214305f6d420,interfair/training/states/runs/confirmation/hmda_va/1007/dralign/audit_current.npz,3821be3812e5c4622708ba2f21300d74e003bb3b931d926000d1dc64e34135b4,interfair/training/states/runs/confirmation/hmda_va/1007/dralign/DONE.json,a8a95989f53e76e568212c2333464c3678759ada6de7eadcc901c0458ea89b09,interfair/training/states/runs/confirmation/hmda_va/1007/dralign/EVALUATION.json,ad6a195091b40d7665e22d4b8f7e0b92a366049209efe84b82c879949d4a2723,12,True,7.283480177051388,cpu,120,published-pipeline fitting protocol,confirmation
hmda_va,mlp,1007,soft,0.84183997145247,0.9496979642850747,0.9207892479267944,0.8615,0.10381264367248635,0.34315208783128065,0.02524292132483541,0.014111427995933012,0.03285692859152578,0.002979934667030615,0.02524292132483541,0.992500892750863,0.6941176470588235,0.9422829422829423,10101,0.9895209580838323,0.7193605683836589,0.9094260136914165,1899,0.012672897954161804,0.004273828448601037,0.0016461035345316408,0.002062780701546227,0.0,0.03654013226665488,0.00441063129937408,0.011972001815951469,0.004905239848885042,0.001364970974859437,0.0021715895503660754,0.0,0.033659843686565216,0.0001145558301965636,0.00014189465593190026,0.0,0.033659843686565216,0.03337767665274082,0.03076463582504234,0.02607136334610781,0.007809260159523344,0.005786821327420336,0.004107788902052136,0.0032866922009474084,0.9872854999915917,interfair/training/states/runs/confirmation/hmda_va/1007/equality_direction/selected.pt,e33e4b6523823808ff7c29c987a4898cc62f84e1b2f967bd50e2f96c2e3c3b76,interfair/training/states/runs/confirmation/hmda_va/1007/equality_direction/audit_current.npz,ce5679baf7b228d435309c625b10ccb76edbf185935ed75c91fc3d11574a5f31,interfair/training/states/runs/confirmation/hmda_va/1007/equality_direction/DONE.json,9f3a44cce46512ae065b6074a245bfeccee5d6f5bfcbfc67df42e7c4b809d3c0,interfair/training/states/runs/confirmation/hmda_va/1007/equality_direction/EVALUATION.json,835222baf25c7d0125240cc50acb3d14c60ef5ef44a0e92de112b35bfefcea15,5,False,108.5628039939329,cpu,3080,current full IS,confirmation
hmda_va,mlp,1007,erm,0.8609141817334565,0.9557003521419415,0.9281154865953058,0.878,0.09416717144323482,0.31686598268308125,0.04981506634625432,0.03564691620922139,0.08635639441326648,0.02147876607218846,0.04981506634625432,0.973574574455422,0.5329411764705883,0.8994158994158994,10101,0.9520958083832335,0.48312611012433393,0.8130595050026329,1899,0.1848210581504242,0.8156223017159099,0.03034726821443007,0.04442195158796244,0.04524205730098728,0.06896728461866368,0.024760828964119623,0.15956834907082906,0.746074947032244,0.02514540042716167,0.0531503281571286,0.03597378799976219,0.062388626708891,0.04507071031539472,0.010713978526283242,0.012968943147762495,0.062388626708891,0.04166798586598495,0.41985325705480203,0.30429862482588776,0.3160476739142129,0.1920792951936255,0.2532968126142322,0.13856813639388885,0.17803196432583984,interfair/training/states/runs/confirmation/hmda_va/1007/erm/selected.pt,1eafa42bf1ba22c8b228bbfd2d79aced5d06f9689aa6b213f2f86c72b29eb8ab,interfair/training/states/runs/confirmation/hmda_va/1007/erm/audit_current.npz,3a0c693ff460786bcf7592c96bbedd0bbc47295d5f072d60892024e8064f1d0f,interfair/training/states/runs/confirmation/hmda_va/1007/erm/DONE.json,a5f2db18a8b824a0aed23415f94c52e7f11776ed4f5a816a8492a09792bf6e62,interfair/training/states/runs/confirmation/hmda_va/1007/erm/EVALUATION.json,293c3feb66b1b48f3f7d165bca2fa09d137d50f1f5f2c18301988f9cad554f73,10,True,17.935532306903042,cpu,3080,matched primary ERM,confirmation
hmda_va,mlp,1007,erm_source,0.8607452673451409,0.9552951210070562,0.9277055214723926,0.87725,0.09418302515206574,0.31800417988203017,0.06220248667850803,0.044443235702581185,0.09287773268815924,0.026683984726654342,0.06220248667850803,0.974288775145816,0.54,0.9011979011979012,10101,0.9476047904191617,0.477797513321492,0.808320168509742,1899,0.20653520165557906,0.8325829852279996,0.03721034231303361,0.0548590719411722,0.05241824072409561,0.07201109205335529,0.026883802227428095,0.1748944811850966,0.7744530139801429,0.03150113767962173,0.06883365644115631,0.036528403807969935,0.06467316826820857,0.05847838369019065,0.012485751013555167,0.017875122861945855,0.06467316826820857,0.04042934874504294,0.42603268557216306,0.3005186808287556,0.32101392528742234,0.19668506758890544,0.2681454006281727,0.14969923301007976,0.16280970647300413,interfair/training/states/runs/confirmation/hmda_va/1007/erm_source/selected.pt,21f79f6c81c8133a55d26787c5a47750ef50ef5f7ed571f0754ace8098462c38,interfair/training/states/runs/confirmation/hmda_va/1007/erm_source/audit_current.npz,3e8ee2ec4855ed92ec49564b29b3dd2b60c89a0f4eb85419dee302e0f2759240,interfair/training/states/runs/confirmation/hmda_va/1007/erm_source/DONE.json,8563d157fbadaf2b2df84ebdeac359fe33cc3ccfe8f59b99608952a20a92d003,interfair/training/states/runs/confirmation/hmda_va/1007/erm_source/EVALUATION.json,5ac4818daf53a9e2ee6dca29d6bd9388132e71feea555c0d27fdee58c53ca51d,12,True,18.106086640967987,cpu,3080,published-pipeline fitting protocol,confirmation
hmda_va,mlp,1007,hifi_shared,0.8600940710641256,0.9550830406023009,0.9278059236165238,0.8765,0.09483533762564353,0.3203966846194641,0.04364538710688537,0.031642062077435085,0.07924746787306025,0.0196387370479848,0.04364538710688537,0.980716581359362,0.5711764705882353,0.9117909117909118,10101,0.9610778443113772,0.5275310834813499,0.8325434439178515,1899,0.22234365643700588,0.8437550087601168,0.03370350381364297,0.043413905317212044,0.05310118256083349,0.06774955266350263,0.02592951317462354,0.19467448386121144,0.7896411839633737,0.029245375839410215,0.05012561134614252,0.047497827456955126,0.05762412882428295,0.058455320814295476,0.01119051304623684,0.012670436765153295,0.05762412882428295,0.036211369597608956,0.41031414005640965,0.27274700332677637,0.29889648624761883,0.17974723871805207,0.2483982019702183,0.13359380710312474,0.16085660297293136,interfair/training/states/runs/confirmation/hmda_va/1007/hifi_shared/selected.pt,cf30e8ab5f1726666a6d37f4759a79575d20ea15813d8b3fa540a1b846db1f2f,interfair/training/states/runs/confirmation/hmda_va/1007/hifi_shared/audit_current.npz,52789f4a9588c1d5272b9e1aaef2d6e7699452ee611a8480ea840ef9ae17063c,interfair/training/states/runs/confirmation/hmda_va/1007/hifi_shared/DONE.json,a67418d4a164c81ceaec9d21ad4f132b4b0af6ddcd099cb6cff092e5aa7490ea,interfair/training/states/runs/confirmation/hmda_va/1007/hifi_shared/EVALUATION.json,b7bffeaa6a7952c2eb1f042ecda50b689863c3de2e7592379d963d4dc1fe30e9,13,True,31.998601349070668,cpu,3080,published-pipeline fitting protocol,confirmation
hmda_va,mlp,1007,ltdd,0.8487537980209605,0.9510267333515461,0.9238714803595371,0.87225,0.0988639816291327,0.33210308642083797,0.03822275624281685,0.033128279445530845,0.09058587257639394,0.028033802648244843,0.03822275624281685,0.959171527199143,0.49470588235294116,0.881001881001881,10101,0.9311377245508982,0.4564831261101243,0.7904160084254871,1899,0.3519836101023992,0.8942863800367464,0.05002442612619041,0.07374849106742698,0.07842752264373344,0.1015546738647962,0.030262423518132183,0.28873608293300856,0.8393905608792356,0.04206776014795189,0.07199199882726166,0.07872891163140912,0.08198568604102978,0.12789969012011532,0.019763628751837653,0.032738489535208554,0.08198568604102978,0.044214819477430486,0.45357283565623197,0.28488775186574083,0.35815191140733565,0.2151947413782381,0.3078387422503794,0.18041951309527032,0.11980267464115452,interfair/training/states/runs/confirmation/hmda_va/1007/ltdd/selected.pt,a0040002d0f3a54a5eb4ef3e9397f2ce3879042eea2786ad14cc5d710340874f,interfair/training/states/runs/confirmation/hmda_va/1007/ltdd/audit_current.npz,946bd41e32cc23d8616330911254df6dfedb5674940427359804624c88a197e5,interfair/training/states/runs/confirmation/hmda_va/1007/ltdd/DONE.json,438f66113366b990471037ee037acf14e5cd51b79fa0a985c56f28691d82ef8b,interfair/training/states/runs/confirmation/hmda_va/1007/ltdd/EVALUATION.json,6539bbedb93fc2f95845a54c3555662940b9c8a6e031ba81981567e9ebd8141f,19,True,19.356780722970143,cpu,3080,published-pipeline fitting protocol,confirmation
hmda_va,mlp,1007,reweighing,0.8547239822261401,0.9533596944655789,0.9270929722885112,0.87525,0.09668365601725312,0.32635134631547774,0.07342283982864906,0.03760007232026136,0.03219739712630709,0.001777304811873659,0.07342283982864906,0.977264611355791,0.5464705882352942,0.9047619047619048,10101,0.9790419161676647,0.6198934280639432,0.8725645076355977,1899,0.2203200342027628,0.8287738737792647,0.027412995790032185,0.039215546129734144,0.041767027522533556,0.05940281667109653,0.024097779664426874,0.16688222229666527,0.7373946936778664,0.020732847919481073,0.03821147181538206,0.027560924895405087,0.048017692293872066,0.053880168418712654,0.009453548675426972,0.011576887916667486,0.048017692293872066,0.029665706505727297,0.4032466816096409,0.28675227438886053,0.2732265021393516,0.18887261351929885,0.21410056779174855,0.13736240785799997,0.21113863735942368,interfair/training/states/runs/confirmation/hmda_va/1007/reweighing/selected.pt,d295b047f0dcce5549666c78be8d9b78846e9b691309f72ac7854c55a8470349,interfair/training/states/runs/confirmation/hmda_va/1007/reweighing/audit_current.npz,e5f6cb39148bfc1b504e43e44adbf8143b30bec816b556ec3347bf2f0bf27d2f,interfair/training/states/runs/confirmation/hmda_va/1007/reweighing/DONE.json,792257a298c5849263f4526f3c86887e4815fb42b1c52b4b835d0433046bd45a,interfair/training/states/runs/confirmation/hmda_va/1007/reweighing/EVALUATION.json,cbb18e7907a894b04b58b1e1aa4b1cc6eb6f876588b312b1ac33c9e121f73354,13,True,14.614647055976093,cpu,3080,published-pipeline fitting protocol,confirmation
hmda_va,mlp,1008,cot_phi,0.8542131319273564,0.9529768287704548,0.9270382088099294,0.8750833333333333,0.09627641864490755,0.32348876919457653,0.04566085048584256,0.02484196578521486,0.04339488699678273,0.0040230810845871545,0.04566085048584256,0.97857397928818,0.5564705882352942,0.9075339075339075,10101,0.9745508982035929,0.6021314387211367,0.8641390205371248,1899,0.15341114947101692,0.7728823120218096,0.018981890685812446,0.023522823581089588,0.03126834963088714,0.048413337458907225,0.013508098868018313,0.1123871517936009,0.6499726227512239,0.016952703555429702,0.02909399690541449,0.020216341452491956,0.040987160635206236,0.01860243961067141,0.004739436603317597,0.0034631523257443743,0.040987160635206236,0.031873530479774925,0.35031557975989325,0.24817163398603295,0.22815631641379452,0.13120841408637918,0.15936590082611493,0.08396679731469754,0.291654647066593,interfair/training/states/runs/confirmation/hmda_va/1008/cot_phi/selected.pt,e87127f476a20b6b682754af813277791dce647549c31f214ba7364a179c3ee0,interfair/training/states/runs/confirmation/hmda_va/1008/cot_phi/audit_current.npz,8d64f740843ab3d1a9ce7341ee5d91486a48abdb1bf52d9d1b22cb1be5dd6760,interfair/training/states/runs/confirmation/hmda_va/1008/cot_phi/DONE.json,7f116ba1918929b8794d8421a35b3c5deb4f29a52be5d7567c0f89a6465bce67,interfair/training/states/runs/confirmation/hmda_va/1008/cot_phi/EVALUATION.json,2a08cbb6a2d7e01b45c201ca39fc47f4509496e63df164398ff4ec2c82229abf,9,True,19.39015238301363,cpu,3080,published-pipeline fitting protocol,confirmation
hmda_va,mlp,1008,dralign,0.8434298406917666,0.9498159142194267,0.9184386542877109,0.8638333333333333,0.10388952051609507,0.3447305242336932,0.09004492738480824,0.05659583819087774,0.018455151156572924,0.023146748996947242,0.09004492738480824,0.9416736102844899,0.4623529411764706,0.861003861003861,10101,0.9648203592814372,0.5523978685612788,0.842548709847288,1899,0.23009723641997093,0.832035893073049,0.03453620115903923,0.0575447464394313,0.054762397513917614,0.07728742642254856,0.028475770880280745,0.2211515007849569,0.7896857982631813,0.03356847191287741,0.06355446401544487,0.06007060493035886,0.06799344586020588,0.04346821942943487,0.01024093976348939,0.015349254806252268,0.06799344586020588,0.04868044915541565,0.37026608964462593,0.23041496027197808,0.2721488198321018,0.1549320443049158,0.20884048209929687,0.12188924363660966,0.16068606996993584,interfair/training/states/runs/confirmation/hmda_va/1008/dralign/selected.pt,0bf8651b46078a28a673de3c1c5525629c67451608f3d02802d61270cb6909ad,interfair/training/states/runs/confirmation/hmda_va/1008/dralign/audit_current.npz,7aa7234f081e729d63ed8d0f32e7dd25b769b9027391a7d05108b4766e74d4b5,interfair/training/states/runs/confirmation/hmda_va/1008/dralign/DONE.json,57e46dbe27861b022ce4579c4bfa5b948e67bf8b3ff0662b014288accc92ad86,interfair/training/states/runs/confirmation/hmda_va/1008/dralign/EVALUATION.json,b3a7399239013bbef33b8dbed3fba8aae92d9aabc2f0d6025ba10a412d0f3216,20,True,7.050979648018256,cpu,120,published-pipeline fitting protocol,confirmation
hmda_va,mlp,1008,soft,0.8467226728446431,0.951213590039951,0.9215312827349776,0.8626666666666667,0.10381820441947029,0.3442083477858742,0.035300386584473875,0.017983103831116343,0.028581000144981217,0.0006658210777588103,0.035300386584473875,0.993929294131651,0.6929411764705883,0.9432729432729433,10101,0.9932634730538922,0.7282415630550622,0.9146919431279621,1899,0.011446364778148466,0.0027815794737947,0.001806803612911769,0.0036807467493807536,4.5328860885725944e-05,0.03547387596698736,0.0035806841444965794,0.009719476266926912,0.0016351826264653026,0.0015783786149538,0.0035144397890958133,0.0,0.033652505338411284,3.4385540667496136e-05,6.827431447896987e-05,0.0,0.033652505338411284,0.03351706839231627,0.00867213048112039,0.0065165525727636595,0.004523310153287784,0.003850313945223408,0.0028281557259858476,0.00234282282108432,0.9938415072202469,interfair/training/states/runs/confirmation/hmda_va/1008/equality_direction/selected.pt,3f6aa06e4fc72a08235a635f1293b774c7d169d28a338771c8bdf56e20b20cec,interfair/training/states/runs/confirmation/hmda_va/1008/equality_direction/audit_current.npz,7e3beacc9e9374a6ce2a8c29283bb982f2efbecc24df71a63ea7eda568324d5b,interfair/training/states/runs/confirmation/hmda_va/1008/equality_direction/DONE.json,e3cd38a00a8d37d4b24201ae4b9811bea2061d7835a5ac1507f2d8616b334140,interfair/training/states/runs/confirmation/hmda_va/1008/equality_direction/EVALUATION.json,af342d9f02081d60d8b480a39a45dd34af94d5dbdfbed2421662bb1636a6afc7,5,True,112.56559825793374,cpu,3080,current full IS,confirmation
hmda_va,mlp,1008,erm,0.8565996036003181,0.9545598920889695,0.924633532402152,0.87275,0.09704717764019657,0.3245010844523361,0.05401316476857171,0.04792844832981416,0.10223629180975158,0.04184373189105661,0.05401316476857171,0.967741935483871,0.5247058823529411,0.8931788931788932,10101,0.9258982035928144,0.4706927175843694,0.7909426013691416,1899,0.14250107716589863,0.7585876398773375,0.027954835234009143,0.047035143557728275,0.040612164031161566,0.06612847205966275,0.021252246801214143,0.15118639028598407,0.7445846040419394,0.0253412776178923,0.054284694987042685,0.05125677692933813,0.05901677433314305,0.02682133934089881,0.008376771309189473,0.013092244576880506,0.05901677433314305,0.04330434379889865,0.3701235281653839,0.2402676145232463,0.2873573143171673,0.1566300099897446,0.2300277077957966,0.11030329883188293,0.19586965234989664,interfair/training/states/runs/confirmation/hmda_va/1008/erm/selected.pt,2607c72f2b09f6f2f2c484d15b6a23f5ae0b79cdb5c28deb79ae740ff1d7e32d,interfair/training/states/runs/confirmation/hmda_va/1008/erm/audit_current.npz,cebea3016377002d4894c8ae29be010ea355c885de2a2ac817e8ef1d083b5aad,interfair/training/states/runs/confirmation/hmda_va/1008/erm/DONE.json,b3c2a7c8c9e54277aa0df71db8453915864e0075f9597704162666295f072409,interfair/training/states/runs/confirmation/hmda_va/1008/erm/EVALUATION.json,db3204f02acae12562e6b7849cbf52b33b775f4bdf22413cf7c74efc25a7b2a8,5,True,13.798196065006778,cpu,3080,matched primary ERM,confirmation
hmda_va,mlp,1008,erm_source,0.8596129918128258,0.9550582547277693,0.9252489225739338,0.87425,0.09547415889319408,0.32052153005294093,0.08133632849232059,0.063827475904952,0.11492926184869312,0.04631862331758341,0.08133632849232059,0.96548029996429,0.5111764705882353,0.889020889020889,10101,0.9191616766467066,0.42984014209591476,0.7740916271721959,1899,0.2048112640213387,0.8270898787429611,0.038783100467912036,0.06356238747614121,0.06746544000686448,0.07517751119851435,0.02488588943117046,0.17897517784147624,0.7716984347633243,0.03150464239315402,0.07456585895550885,0.07201297551364073,0.06400225216051272,0.031551538292017005,0.009284278598185477,0.019441645921623257,0.06400225216051272,0.046933902784813915,0.3740479399958752,0.22293027668747367,0.29404116085313065,0.14894637752295142,0.23806607725118284,0.10914852345333402,0.17786440198288025,interfair/training/states/runs/confirmation/hmda_va/1008/erm_source/selected.pt,50c355ec8ad1b8136c33479cdae11ed788a1f7a4ee521c780e55888412408cc6,interfair/training/states/runs/confirmation/hmda_va/1008/erm_source/audit_current.npz,2170a87011ad4c068e1678a2984b7bfab3d9554d47633b8c27e847df83e14d89,interfair/training/states/runs/confirmation/hmda_va/1008/erm_source/DONE.json,f2be15d77fde700860141f1fdf6633bb5780d44b4ebcbddcde185e7f06a7a2b6,interfair/training/states/runs/confirmation/hmda_va/1008/erm_source/EVALUATION.json,904ebaf35aadfd284e08f82fd341414571b889893e1869d8885092e07e1153c3,11,True,18.34910154901445,cpu,3080,published-pipeline fitting protocol,confirmation
hmda_va,mlp,1008,hifi_shared,0.8598523401427495,0.9549988651794548,0.9286409657320872,0.8778333333333334,0.0947014809956545,0.3188083604728243,0.02236547905130082,0.02021930275201278,0.07269875990255137,0.01807312645272474,0.02236547905130082,0.9821449827401499,0.5658823529411765,0.9120879120879121,10101,0.9640718562874252,0.5435168738898757,0.8393891521853607,1899,0.16126052127583784,0.7939573162880328,0.023213443807588902,0.03033000697405244,0.041541700904930895,0.05390241548282372,0.018437255277785086,0.1427423408424629,0.7251338411659074,0.01961951741008726,0.039871376899070284,0.03593536370844549,0.04574332053788969,0.02352698230350794,0.0062181323911884535,0.006260224633009855,0.04574332053788969,0.03395872472482678,0.3875785998459256,0.26028193720071924,0.27963813977501517,0.15226743717103836,0.20693543037129528,0.09846720701915869,0.21572707346909653,interfair/training/states/runs/confirmation/hmda_va/1008/hifi_shared/selected.pt,498f857972c02e0b9c24b1699dd52d6df447edc616e05c3519d5ec48ec18a73f,interfair/training/states/runs/confirmation/hmda_va/1008/hifi_shared/audit_current.npz,edf56bccf9c191b7fcbf86a25dff98a8ffadf3058652124d9d888d27bbb2750a,interfair/training/states/runs/confirmation/hmda_va/1008/hifi_shared/DONE.json,6b5ef6082740bffb1f848a305d42ba69f38b9117c824c00193bb498678562244,interfair/training/states/runs/confirmation/hmda_va/1008/hifi_shared/EVALUATION.json,c1d8a2cfeb1543b0d649bdb4385ec7c9f687298fe9ba0a18ee4abdc8262ab91f,9,True,36.91658711095806,cpu,3080,published-pipeline fitting protocol,confirmation
hmda_va,mlp,1008,ltdd,0.8531133277128378,0.9519535893591471,0.9271197283598248,0.8765833333333334,0.09583502934575208,0.32404814344977234,0.01793542994462438,0.014391933788578004,0.07064071519047821,0.010848437632531627,0.01793542994462438,0.968932269967861,0.5188235294117647,0.8931788931788932,10101,0.9580838323353293,0.5008880994671403,0.822538177988415,1899,0.30085858978919566,0.8802970746882226,0.03485136832971211,0.04712145027450224,0.07480260691822929,0.07537920303657651,0.031869297263642,0.26693849935227293,0.8446378984061125,0.03170030042041099,0.05129836969706932,0.08238532899293989,0.06430391968774557,0.07336036960916607,0.013629069086285025,0.01999511691844963,0.06430391968774557,0.03882026130012729,0.4123174829109483,0.22080562617676458,0.31170203401667174,0.16494618561963742,0.25716930878668437,0.13246888013362834,0.12324169531574186,interfair/training/states/runs/confirmation/hmda_va/1008/ltdd/selected.pt,9b8fd2f2b1bf1bf8ce9ce46c41beebd789e33cb269755c6fcf5c09a033e84926,interfair/training/states/runs/confirmation/hmda_va/1008/ltdd/audit_current.npz,0c127e6fd287ee79ba3ba113271a701a83a3e378240f03291099464dfdb22f03,interfair/training/states/runs/confirmation/hmda_va/1008/ltdd/DONE.json,e11caa7ec03089fc0188c7d1dfddb97c53f69f7f0cfc0f3b60204384b7d79fd2,interfair/training/states/runs/confirmation/hmda_va/1008/ltdd/EVALUATION.json,12128fc834be5426fd5c291fb155864e5a18e48a7390c3124a70387ea8b3b836,16,True,19.135949799092487,cpu,3080,published-pipeline fitting protocol,confirmation
hmda_va,mlp,1008,reweighing,0.856916987473151,0.9545488633946357,0.9260504201680673,0.8753333333333333,0.09615564962038438,0.3233226360993719,0.014082565733905428,0.008067821368676675,0.06913882269332505,0.014082565733905428,0.002053077003447923,0.963932865135103,0.4970588235294118,0.8853578853578854,10101,0.9498502994011976,0.4991119005328597,0.8162190626645603,1899,0.2672558517264227,0.8602085015275326,0.034956576102736454,0.04910816475453245,0.0608273813332706,0.07317296873464871,0.026006457745914688,0.22857295712476344,0.7988290789880272,0.031010047843833207,0.050220013689181595,0.04825162406977807,0.06476201327246303,0.05703844565023346,0.01051938441380136,0.014746684107181968,0.06476201327246303,0.04489182616401602,0.3813263663982737,0.24389476628203627,0.27200269911126346,0.15948117929660088,0.22005897046619852,0.1236645409603624,0.16248759009281388,interfair/training/states/runs/confirmation/hmda_va/1008/reweighing/selected.pt,1d678c62aae33ccd59604bb58b4165bcf2acdfd3c1128a084f889c9638015713,interfair/training/states/runs/confirmation/hmda_va/1008/reweighing/audit_current.npz,d0f4eb5fb9de8d8df9ac55aceea6d11c92b9d10566fa30c6821a07f87826e29e,interfair/training/states/runs/confirmation/hmda_va/1008/reweighing/DONE.json,68ff8d89b3d898e2999c1c6bc3725dc30afd46a73e9d16ab86ebc52ec984f4d3,interfair/training/states/runs/confirmation/hmda_va/1008/reweighing/EVALUATION.json,6de8ca546d1f81c6e8a63a00361906ea434aec91f02b9e3463e25b54c440f36a,17,True,14.13931290700566,cpu,3080,published-pipeline fitting protocol,confirmation
hmda_va,mlp,1009,cot_phi,0.8530872326635952,0.9530148073669696,0.9278501390311723,0.87675,0.09627482531996162,0.3232245670224786,0.012886083564331852,0.009373247612277702,0.06511579023427361,0.012886083564331852,0.005860411660223552,0.978454945839781,0.5547058823529412,0.9071379071379071,10101,0.9655688622754491,0.5488454706927176,0.8420221169036335,1899,0.12394508825853348,0.722077057414366,0.017089079703357414,0.02478125442095978,0.024484939793501644,0.052057918630424874,0.012007811419512201,0.08931798330857742,0.593674191869815,0.015175124320204523,0.02748665243584274,0.012795804891491756,0.04489912127859873,0.01265900824823101,0.003821373736079388,0.003906522437836239,0.04489912127859873,0.03749870604112514,0.26271893699375526,0.18381964282151125,0.16489000677455568,0.10385396228649213,0.11499922051806243,0.067106766697471,0.3567185561355517,interfair/training/states/runs/confirmation/hmda_va/1009/cot_phi/selected.pt,403247f6c2adeb9f1d5e8ef160ab2a47b27597b6234de8e8da43217e0c92a322,interfair/training/states/runs/confirmation/hmda_va/1009/cot_phi/audit_current.npz,616e29b6f326451c4c1a449042a4fc496824009a047d16d90b0e81ed5ec8b00f,interfair/training/states/runs/confirmation/hmda_va/1009/cot_phi/DONE.json,0e2eb4e8d9144ac67970b2f7dc063fd72b6da0459c695ac6a8d3cf0fe6d28e6f,interfair/training/states/runs/confirmation/hmda_va/1009/cot_phi/EVALUATION.json,6749662aeec386c3bf49e956874443683ffec669d47bf2a2a89076ffae612cf9,7,True,18.90197780006565,cpu,3080,published-pipeline fitting protocol,confirmation
hmda_va,mlp,1009,dralign,0.8500449129834489,0.9517807048833445,0.9220585307585109,0.8695,0.09950748214863855,0.33250271869630366,0.08116393271340511,0.05100839655784059,0.02357156385592407,0.020852860402276074,0.08116393271340511,0.9484585168432329,0.4623529411764706,0.8666468666468666,10101,0.969311377245509,0.5435168738898757,0.8430753027909426,1899,0.23273340391022124,0.8322294315084839,0.03663485038598998,0.061204339264537354,0.05139289908331099,0.06816010100449216,0.03049522920173661,0.2414485316623297,0.8074330523772187,0.0380024472636138,0.06553297888749064,0.06022279089456262,0.05906893493942926,0.045407972576543026,0.009149808798075806,0.010744401070573067,0.05906893493942926,0.041997792810069774,0.37354821625747636,0.23090283966182557,0.2687130322574575,0.15552645837750392,0.2086261858649911,0.122102480912275,0.14070006183213074,interfair/training/states/runs/confirmation/hmda_va/1009/dralign/selected.pt,ade6f01bfc49d7dc7a9ba9bfb1e13975028ea0b282112c1dbf8c4b95b1ae785e,interfair/training/states/runs/confirmation/hmda_va/1009/dralign/audit_current.npz,a9854fb2333f61fabba80eb6c0a862f409d9af4743ab28a7d6b0a1990dc83384,interfair/training/states/runs/confirmation/hmda_va/1009/dralign/DONE.json,43dd12f43b4c177322e0818560cf2759baadf6bded0c14a838eb456f01fd47ce,interfair/training/states/runs/confirmation/hmda_va/1009/dralign/EVALUATION.json,6b5440b6aeb77d0e910c6281337b52b41dadbc18c5cad45dae1c5ca641709fae,18,True,8.863150639925152,cpu,120,published-pipeline fitting protocol,confirmation
hmda_va,mlp,1009,soft,0.848063958375719,0.951644512684462,0.9222981040164286,0.8644166666666667,0.1024708559734828,0.34139085429317567,0.015082018597847635,0.011829287284079615,0.04173737823026913,0.008576555970311595,0.015082018597847635,0.99285799309606,0.6794117647058824,0.9401049401049401,10101,0.9842814371257484,0.69449378330373,0.8983675618746709,1899,0.011453464531575907,0.002911444481447704,0.0014604310557996178,0.0014854865811081046,0.0,0.04044060715198595,0.0052289633818408164,0.009429322274570924,0.002671575841543366,0.0012102381868571784,0.0017909257300372638,0.0,0.03934786358855098,1.1570020403910958e-05,2.625320308184553e-05,0.0,0.03934786358855098,0.03929571273556534,0.009099131393701346,0.0076143546568048885,0.00223501155911259,0.0013828314392874941,0.00016767270288397049,0.0,0.995093412599344,interfair/training/states/runs/confirmation/hmda_va/1009/equality_direction/selected.pt,79b0e81c039bcfc9be254bffbfdd7e1a21a272a1a94aa5e0df34eb01b7a63e43,interfair/training/states/runs/confirmation/hmda_va/1009/equality_direction/audit_current.npz,884264cbcad0ed732aaab0cc5f392c517cb0dd0e62431b7a73c6f15a1fdd5ac2,interfair/training/states/runs/confirmation/hmda_va/1009/equality_direction/DONE.json,3bbff7fc5b339248f292f6c36f7455cf8124d2a6bf57df681497b7d733ff4be4,interfair/training/states/runs/confirmation/hmda_va/1009/equality_direction/EVALUATION.json,25d1861cf75b1a7a7f42edc2a33deaac42ad156c2757b12cd5f7d8dababdf328,5,True,113.94031170394737,cpu,3080,current full IS,confirmation
hmda_va,mlp,1009,erm,0.8586079693554265,0.9547525557971808,0.9279572504250668,0.8764166666666666,0.09550686494454382,0.3211045372198293,0.0654330790930937,0.04897382678138562,0.09302318307057644,0.03251457446967754,0.0654330790930937,0.985358885846923,0.5894117647058823,0.9187209187209188,10101,0.9528443113772455,0.5239786856127886,0.8256977356503423,1899,0.1354184611652263,0.7469020070804689,0.021904303244602127,0.029040127127041276,0.029059637054489433,0.05658020827546244,0.021750198749464485,0.13793181048105924,0.741271603494819,0.019928065321529943,0.03764063092081277,0.031055962444742832,0.05154965392676819,0.026531626308670925,0.00654548305844357,0.004752315118435506,0.05154965392676819,0.03896029573357234,0.3504265153420819,0.2521678351119461,0.27505933921169257,0.1465729061716053,0.220010675296551,0.09754698032723012,0.21593014325943743,interfair/training/states/runs/confirmation/hmda_va/1009/erm/selected.pt,9be370b84147173414325d6f7800c1b4a82cf5676d171c853f9c6ec213cbcea4,interfair/training/states/runs/confirmation/hmda_va/1009/erm/audit_current.npz,ce7f0f47674476da02b9d0b3946c3b8162da50cbf72e583b5587ffd1eb0bcffb,interfair/training/states/runs/confirmation/hmda_va/1009/erm/DONE.json,d968873a5961e2e9c8c9361f5e7d7eb8b7dfcce16c9f1ffd203b821126be8a98,interfair/training/states/runs/confirmation/hmda_va/1009/erm/EVALUATION.json,fad3db968259a9046c9a3b3bff3a5558d8089b18beb2dca5215c7aade069dca8,5,True,14.068011194001883,cpu,3080,matched primary ERM,confirmation
hmda_va,mlp,1009,erm_source,0.8613344935570417,0.9556963890422031,0.9276228745038467,0.8769166666666667,0.09420380108533663,0.3173859356555047,0.05387524814543937,0.03764270480519591,0.08603624717368785,0.02141016146495245,0.05387524814543937,0.97500297583621,0.5458823529411765,0.9027819027819027,10101,0.9535928143712575,0.4920071047957371,0.8167456556082149,1899,0.17699358258856362,0.7962197875200908,0.027162775146357475,0.036809671166797606,0.040382739269695295,0.06180855515970442,0.021695463131225896,0.1586217523756218,0.7703666534895657,0.0239622082083566,0.045833931930341465,0.035878113488879065,0.05542201978517357,0.035910530172695784,0.008027450354253271,0.009999074367962121,0.05542201978517357,0.04007265936755848,0.3707827293828991,0.2579204278568603,0.28973702118765754,0.15616791333259242,0.23693477695607748,0.10497406036734075,0.1825076092771879,interfair/training/states/runs/confirmation/hmda_va/1009/erm_source/selected.pt,755c25c43ef9c560b0faf38c82321dbdc524b6677440d16a4d82411210a6f4cd,interfair/training/states/runs/confirmation/hmda_va/1009/erm_source/audit_current.npz,51d07370e3aa002b2f1fd0b9e2892994b2446facd13428ca9ee22da807aa23ca,interfair/training/states/runs/confirmation/hmda_va/1009/erm_source/DONE.json,05b780276c8d98f5bda5dba72852e59b71816eaa087e227599f374c69d1270b3,interfair/training/states/runs/confirmation/hmda_va/1009/erm_source/EVALUATION.json,87acaa212b11fe2fa1b0890f0ccb9c26e620dd48a4516d315b296dbf44629600,8,True,13.93211173999589,cpu,3080,published-pipeline fitting protocol,confirmation
hmda_va,mlp,1009,hifi_shared,0.8613134813695643,0.9556932298960964,0.9279945175975329,0.8774166666666666,0.09415920912403794,0.31729198987718427,0.053852262041584,0.038464445892061216,0.08696306326638081,0.023076629742538435,0.053852262041584,0.976669444113796,0.5494117647058824,0.9047619047619048,10101,0.9535928143712575,0.4955595026642984,0.817798841495524,1899,0.1744932280660944,0.7978720641776069,0.0254831953167392,0.03816364141185724,0.039361323939178156,0.06033953434944302,0.020029749719791354,0.1511030287495183,0.7342214348730037,0.022882676125842202,0.05025236077747688,0.03572981753094578,0.054212375370832094,0.03578832442557968,0.007798235303329639,0.010019064968241,0.054212375370832094,0.039354787770586465,0.37158981180801215,0.25508189502941647,0.27957033434776485,0.1613377240190189,0.22205294003087814,0.11130857910768982,0.21635522040279853,interfair/training/states/runs/confirmation/hmda_va/1009/hifi_shared/selected.pt,10f28227f83f184fa6676a4e6cdf9661e4a6f57a233db8176fe599969ff3c0fe,interfair/training/states/runs/confirmation/hmda_va/1009/hifi_shared/audit_current.npz,505511bc79ed25e7c4f45bdc454c59021e9e2be23eafbba83c9bdfa83a9850fe,interfair/training/states/runs/confirmation/hmda_va/1009/hifi_shared/DONE.json,c77910fc0bc7dc448878ffade5697add9076e502289e908cca2fd33dab960dc6,interfair/training/states/runs/confirmation/hmda_va/1009/hifi_shared/EVALUATION.json,3f4d3d4554c5e19aa9e15afa82341398769296ac1a86726dcb6b452e55532dda,8,True,34.56248594005592,cpu,3080,published-pipeline fitting protocol,confirmation
hmda_va,mlp,1009,ltdd,0.8526464305535177,0.952718801971029,0.9264425194538247,0.87475,0.096480970672202,0.3243455167748802,0.025408003343433294,0.012843126469377575,0.04794670197513795,0.00027824959532185556,0.025408003343433294,0.972027139626235,0.5376470588235294,0.8989208989208989,10101,0.9723053892215568,0.5630550621669627,0.8509741969457609,1899,0.19543657832734787,0.7994515415456652,0.023140194650834008,0.030377843431112266,0.04283165456625014,0.06071990336463717,0.019419295426085385,0.16156905636682262,0.7420547819019915,0.02101578582095189,0.03673129516757992,0.03309204889508653,0.05274054271947726,0.040325501153831864,0.00829553331825069,0.00890186186721424,0.05274054271947726,0.03689751099518568,0.38656790090065274,0.27728364020516755,0.283999770287581,0.19030018239158839,0.21724015528798557,0.13255684647456,0.19885064713700695,interfair/training/states/runs/confirmation/hmda_va/1009/ltdd/selected.pt,936dfa15ad0e3389c2617e73b753dfc91ca7d02a7115b4541e0b73583436e146,interfair/training/states/runs/confirmation/hmda_va/1009/ltdd/audit_current.npz,9291d726261fc890b25d658119b8ab6c0c436b8333274bd9493815eabe206418,interfair/training/states/runs/confirmation/hmda_va/1009/ltdd/DONE.json,0394ee9a2c9adee583186e6f4d12ffabd35aa898f6bcdbb43fd37dee07155e5a,interfair/training/states/runs/confirmation/hmda_va/1009/ltdd/EVALUATION.json,fdbc09fdfe1b30230f8003e3154cfc3b70cea7dd4f0847099ceefa6c725962a9,8,True,15.375661468948238,cpu,3080,published-pipeline fitting protocol,confirmation
hmda_va,mlp,1009,reweighing,0.8543746035538009,0.9535665029336337,0.927138125852328,0.8753333333333333,0.09617602068897702,0.3226846297060934,0.03618012746839405,0.018978716140133856,0.04210788570978152,0.001777304811873659,0.03618012746839405,0.977264611355791,0.5552941176470588,0.9062469062469063,10101,0.9790419161676647,0.5914742451154529,0.8641390205371248,1899,0.1414322818410217,0.7580297189772447,0.019746211597519256,0.028651168321393194,0.035114284141003906,0.05215806053801494,0.01809719716680519,0.12967979469363955,0.7054154377100991,0.018529179608187455,0.028806583341246778,0.03067999672813309,0.043571748832634774,0.01675313622907151,0.005091211783107248,0.003918452037148249,0.043571748832634774,0.033954066149409996,0.32700498285963886,0.22050880722966176,0.21631532271290205,0.13576944915212247,0.15719622917095755,0.09226099461938501,0.23749362093300366,interfair/training/states/runs/confirmation/hmda_va/1009/reweighing/selected.pt,1703263f391ad8fc0548ad48f521a8bd8c1b2b82db188741fbae8bfa342100a6,interfair/training/states/runs/confirmation/hmda_va/1009/reweighing/audit_current.npz,bdc1137303d1af825aa7c4b81f888b3559297054bcd0d111bcfeb896cea2b0a6,interfair/training/states/runs/confirmation/hmda_va/1009/reweighing/DONE.json,dc045ab237a924dc66f9d919dc5e4331c5c5371a871d20e1f8b652bef5817ca8,interfair/training/states/runs/confirmation/hmda_va/1009/reweighing/EVALUATION.json,2fb264ddf722ed921ce9292989092f8ecb71e3e26dfdc2d88c5f55cd3132031e,7,True,13.593879668973386,cpu,3080,published-pipeline fitting protocol,confirmation
