task,architecture,arm,seed,metric,value,algebraic,direction,family
acs_income,mlp,fairsmote,1000,auc,0.9010689654728856,False,higher,classics / acs_income / mlp / auc
acs_income,mlp,erm,1000,auc,0.903593269038352,False,higher,classics / acs_income / mlp / auc
acs_income,mlp,reweighing,1000,auc,0.9016273185618912,False,higher,classics / acs_income / mlp / auc
acs_income,mlp,fairsmote,1001,auc,0.9009568722083492,False,higher,classics / acs_income / mlp / auc
acs_income,mlp,erm,1001,auc,0.9035604679765163,False,higher,classics / acs_income / mlp / auc
acs_income,mlp,reweighing,1001,auc,0.9019099865359452,False,higher,classics / acs_income / mlp / auc
acs_income,mlp,fairsmote,1002,auc,0.9019432929362684,False,higher,classics / acs_income / mlp / auc
acs_income,mlp,erm,1002,auc,0.9033269097154908,False,higher,classics / acs_income / mlp / auc
acs_income,mlp,reweighing,1002,auc,0.9015073236410024,False,higher,classics / acs_income / mlp / auc
acs_income,mlp,fairsmote,1003,auc,0.9030452983582746,False,higher,classics / acs_income / mlp / auc
acs_income,mlp,erm,1003,auc,0.9050423960615204,False,higher,classics / acs_income / mlp / auc
acs_income,mlp,reweighing,1003,auc,0.9027517426368048,False,higher,classics / acs_income / mlp / auc
acs_income,mlp,fairsmote,1004,auc,0.9031616180901624,False,higher,classics / acs_income / mlp / auc
acs_income,mlp,erm,1004,auc,0.9036232218287116,False,higher,classics / acs_income / mlp / auc
acs_income,mlp,reweighing,1004,auc,0.9022396050494892,False,higher,classics / acs_income / mlp / auc
acs_income,mlp,fairsmote,1005,auc,0.9020326919087224,False,higher,classics / acs_income / mlp / auc
acs_income,mlp,erm,1005,auc,0.9033565868666754,False,higher,classics / acs_income / mlp / auc
acs_income,mlp,reweighing,1005,auc,0.9012880986170816,False,higher,classics / acs_income / mlp / auc
acs_income,mlp,fairsmote,1006,auc,0.9014065315826448,False,higher,classics / acs_income / mlp / auc
acs_income,mlp,erm,1006,auc,0.9035386465418216,False,higher,classics / acs_income / mlp / auc
acs_income,mlp,reweighing,1006,auc,0.9012815751566045,False,higher,classics / acs_income / mlp / auc
acs_income,mlp,fairsmote,1007,auc,0.9010574805072568,False,higher,classics / acs_income / mlp / auc
acs_income,mlp,erm,1007,auc,0.9052345165665576,False,higher,classics / acs_income / mlp / auc
acs_income,mlp,reweighing,1007,auc,0.9028384770972326,False,higher,classics / acs_income / mlp / auc
acs_income,mlp,fairsmote,1008,auc,0.901347544799176,False,higher,classics / acs_income / mlp / auc
acs_income,mlp,erm,1008,auc,0.9034903178064562,False,higher,classics / acs_income / mlp / auc
acs_income,mlp,reweighing,1008,auc,0.9015639215516208,False,higher,classics / acs_income / mlp / auc
acs_income,mlp,fairsmote,1009,auc,0.9020120189705906,False,higher,classics / acs_income / mlp / auc
acs_income,mlp,erm,1009,auc,0.9040431121720974,False,higher,classics / acs_income / mlp / auc
acs_income,mlp,reweighing,1009,auc,0.902464986014987,False,higher,classics / acs_income / mlp / auc
credit_broad,mlp,fairsmote,1000,auc,0.7727225246757845,False,higher,classics / credit_broad / mlp / auc
credit_broad,mlp,erm,1000,auc,0.7873732411084688,False,higher,classics / credit_broad / mlp / auc
credit_broad,mlp,reweighing,1000,auc,0.7855913537177646,False,higher,classics / credit_broad / mlp / auc
credit_broad,mlp,fairsmote,1001,auc,0.7694080628352306,False,higher,classics / credit_broad / mlp / auc
credit_broad,mlp,erm,1001,auc,0.7862761997883496,False,higher,classics / credit_broad / mlp / auc
credit_broad,mlp,reweighing,1001,auc,0.7869105072769925,False,higher,classics / credit_broad / mlp / auc
credit_broad,mlp,fairsmote,1002,auc,0.7731710948282453,False,higher,classics / credit_broad / mlp / auc
credit_broad,mlp,erm,1002,auc,0.7866161280847246,False,higher,classics / credit_broad / mlp / auc
credit_broad,mlp,reweighing,1002,auc,0.7847347730391151,False,higher,classics / credit_broad / mlp / auc
credit_broad,mlp,fairsmote,1003,auc,0.7730693738607695,False,higher,classics / credit_broad / mlp / auc
credit_broad,mlp,erm,1003,auc,0.7866634476487085,False,higher,classics / credit_broad / mlp / auc
credit_broad,mlp,reweighing,1003,auc,0.785732668606125,False,higher,classics / credit_broad / mlp / auc
credit_broad,mlp,fairsmote,1004,auc,0.769823155200927,False,higher,classics / credit_broad / mlp / auc
credit_broad,mlp,erm,1004,auc,0.7829202930915852,False,higher,classics / credit_broad / mlp / auc
credit_broad,mlp,reweighing,1004,auc,0.7827697235265951,False,higher,classics / credit_broad / mlp / auc
credit_broad,mlp,fairsmote,1005,auc,0.7728271427594228,False,higher,classics / credit_broad / mlp / auc
credit_broad,mlp,erm,1005,auc,0.789106118950761,False,higher,classics / credit_broad / mlp / auc
credit_broad,mlp,reweighing,1005,auc,0.7880886678496557,False,higher,classics / credit_broad / mlp / auc
credit_broad,mlp,fairsmote,1006,auc,0.7733684206290765,False,higher,classics / credit_broad / mlp / auc
credit_broad,mlp,erm,1006,auc,0.7846462500452674,False,higher,classics / credit_broad / mlp / auc
credit_broad,mlp,reweighing,1006,auc,0.7837053310961158,False,higher,classics / credit_broad / mlp / auc
credit_broad,mlp,fairsmote,1007,auc,0.7720619821907831,False,higher,classics / credit_broad / mlp / auc
credit_broad,mlp,erm,1007,auc,0.7861818825621774,False,higher,classics / credit_broad / mlp / auc
credit_broad,mlp,reweighing,1007,auc,0.7862311335369362,False,higher,classics / credit_broad / mlp / auc
credit_broad,mlp,fairsmote,1008,auc,0.7713404393154759,False,higher,classics / credit_broad / mlp / auc
credit_broad,mlp,erm,1008,auc,0.7867527753970458,False,higher,classics / credit_broad / mlp / auc
credit_broad,mlp,reweighing,1008,auc,0.7843938790373526,False,higher,classics / credit_broad / mlp / auc
credit_broad,mlp,fairsmote,1009,auc,0.7687535560089006,False,higher,classics / credit_broad / mlp / auc
credit_broad,mlp,erm,1009,auc,0.7841997722544793,False,higher,classics / credit_broad / mlp / auc
credit_broad,mlp,reweighing,1009,auc,0.782558555948544,False,higher,classics / credit_broad / mlp / auc
hmda_oh,mlp,fairsmote,1000,auc,0.8252543014689512,False,higher,classics / hmda_oh / mlp / auc
hmda_oh,mlp,erm,1000,auc,0.8483074472604684,False,higher,classics / hmda_oh / mlp / auc
hmda_oh,mlp,reweighing,1000,auc,0.8493376705016246,False,higher,classics / hmda_oh / mlp / auc
hmda_oh,mlp,fairsmote,1001,auc,0.8253225849202168,False,higher,classics / hmda_oh / mlp / auc
hmda_oh,mlp,erm,1001,auc,0.8530314589141181,False,higher,classics / hmda_oh / mlp / auc
hmda_oh,mlp,reweighing,1001,auc,0.8497554959631737,False,higher,classics / hmda_oh / mlp / auc
hmda_oh,mlp,fairsmote,1002,auc,0.829455221040147,False,higher,classics / hmda_oh / mlp / auc
hmda_oh,mlp,erm,1002,auc,0.8515599017020204,False,higher,classics / hmda_oh / mlp / auc
hmda_oh,mlp,reweighing,1002,auc,0.8465508132989702,False,higher,classics / hmda_oh / mlp / auc
hmda_oh,mlp,fairsmote,1003,auc,0.8189464067698469,False,higher,classics / hmda_oh / mlp / auc
hmda_oh,mlp,erm,1003,auc,0.8498260436901319,False,higher,classics / hmda_oh / mlp / auc
hmda_oh,mlp,reweighing,1003,auc,0.8480952491100621,False,higher,classics / hmda_oh / mlp / auc
hmda_oh,mlp,fairsmote,1004,auc,0.8286484063339516,False,higher,classics / hmda_oh / mlp / auc
hmda_oh,mlp,erm,1004,auc,0.8498874677179773,False,higher,classics / hmda_oh / mlp / auc
hmda_oh,mlp,reweighing,1004,auc,0.8482092620507973,False,higher,classics / hmda_oh / mlp / auc
hmda_oh,mlp,fairsmote,1005,auc,0.8274724924911513,False,higher,classics / hmda_oh / mlp / auc
hmda_oh,mlp,erm,1005,auc,0.8513781824783332,False,higher,classics / hmda_oh / mlp / auc
hmda_oh,mlp,reweighing,1005,auc,0.8494666010233904,False,higher,classics / hmda_oh / mlp / auc
hmda_oh,mlp,fairsmote,1006,auc,0.8276191598391724,False,higher,classics / hmda_oh / mlp / auc
hmda_oh,mlp,erm,1006,auc,0.8503978842963114,False,higher,classics / hmda_oh / mlp / auc
hmda_oh,mlp,reweighing,1006,auc,0.8481664628004588,False,higher,classics / hmda_oh / mlp / auc
hmda_oh,mlp,fairsmote,1007,auc,0.8219354060749806,False,higher,classics / hmda_oh / mlp / auc
hmda_oh,mlp,erm,1007,auc,0.8523364594693097,False,higher,classics / hmda_oh / mlp / auc
hmda_oh,mlp,reweighing,1007,auc,0.849186408005875,False,higher,classics / hmda_oh / mlp / auc
hmda_oh,mlp,fairsmote,1008,auc,0.8280198700403427,False,higher,classics / hmda_oh / mlp / auc
hmda_oh,mlp,erm,1008,auc,0.8507421873942089,False,higher,classics / hmda_oh / mlp / auc
hmda_oh,mlp,reweighing,1008,auc,0.8477659079907576,False,higher,classics / hmda_oh / mlp / auc
hmda_oh,mlp,fairsmote,1009,auc,0.8245734204490468,False,higher,classics / hmda_oh / mlp / auc
hmda_oh,mlp,erm,1009,auc,0.8501236849497458,False,higher,classics / hmda_oh / mlp / auc
hmda_oh,mlp,reweighing,1009,auc,0.8471536878014012,False,higher,classics / hmda_oh / mlp / auc
acs_income,mlp,fairsmote,1000,accuracy,0.8182093622178458,False,higher,classics / acs_income / mlp / accuracy
acs_income,mlp,erm,1000,accuracy,0.8209362217845781,False,higher,classics / acs_income / mlp / accuracy
acs_income,mlp,reweighing,1000,accuracy,0.8197242841993637,False,higher,classics / acs_income / mlp / accuracy
acs_income,mlp,fairsmote,1001,accuracy,0.8206332373882745,False,higher,classics / acs_income / mlp / accuracy
acs_income,mlp,erm,1001,accuracy,0.8192698076049083,False,higher,classics / acs_income / mlp / accuracy
acs_income,mlp,reweighing,1001,accuracy,0.8194212998030601,False,higher,classics / acs_income / mlp / accuracy
acs_income,mlp,fairsmote,1002,accuracy,0.8177548856233904,False,higher,classics / acs_income / mlp / accuracy
acs_income,mlp,erm,1002,accuracy,0.8186638388123012,False,higher,classics / acs_income / mlp / accuracy
acs_income,mlp,reweighing,1002,accuracy,0.8154825026511134,False,higher,classics / acs_income / mlp / accuracy
acs_income,mlp,fairsmote,1003,accuracy,0.8203302529919709,False,higher,classics / acs_income / mlp / accuracy
acs_income,mlp,erm,1003,accuracy,0.8241175579457658,False,higher,classics / acs_income / mlp / accuracy
acs_income,mlp,reweighing,1003,accuracy,0.8221481593697925,False,higher,classics / acs_income / mlp / accuracy
acs_income,mlp,fairsmote,1004,accuracy,0.8174519012270868,False,higher,classics / acs_income / mlp / accuracy
acs_income,mlp,erm,1004,accuracy,0.8204817451901227,False,higher,classics / acs_income / mlp / accuracy
acs_income,mlp,reweighing,1004,accuracy,0.818057870019694,False,higher,classics / acs_income / mlp / accuracy
acs_income,mlp,fairsmote,1005,accuracy,0.8194212998030601,False,higher,classics / acs_income / mlp / accuracy
acs_income,mlp,erm,1005,accuracy,0.8176033934252386,False,higher,classics / acs_income / mlp / accuracy
acs_income,mlp,reweighing,1005,accuracy,0.8169974246326315,False,higher,classics / acs_income / mlp / accuracy
acs_income,mlp,fairsmote,1006,accuracy,0.8166944402363279,False,higher,classics / acs_income / mlp / accuracy
acs_income,mlp,erm,1006,accuracy,0.8206332373882745,False,higher,classics / acs_income / mlp / accuracy
acs_income,mlp,reweighing,1006,accuracy,0.8179063778215422,False,higher,classics / acs_income / mlp / accuracy
acs_income,mlp,fairsmote,1007,accuracy,0.818815331010453,False,higher,classics / acs_income / mlp / accuracy
acs_income,mlp,erm,1007,accuracy,0.8227541281623997,False,higher,classics / acs_income / mlp / accuracy
acs_income,mlp,reweighing,1007,accuracy,0.8156339948492652,False,higher,classics / acs_income / mlp / accuracy
acs_income,mlp,fairsmote,1008,accuracy,0.8186638388123012,False,higher,classics / acs_income / mlp / accuracy
acs_income,mlp,erm,1008,accuracy,0.818057870019694,False,higher,classics / acs_income / mlp / accuracy
acs_income,mlp,reweighing,1008,accuracy,0.8179063778215422,False,higher,classics / acs_income / mlp / accuracy
acs_income,mlp,fairsmote,1009,accuracy,0.818815331010453,False,higher,classics / acs_income / mlp / accuracy
acs_income,mlp,erm,1009,accuracy,0.8182093622178458,False,higher,classics / acs_income / mlp / accuracy
acs_income,mlp,reweighing,1009,accuracy,0.8147250416603545,False,higher,classics / acs_income / mlp / accuracy
credit_broad,mlp,fairsmote,1000,accuracy,0.7786475682878081,False,higher,classics / credit_broad / mlp / accuracy
credit_broad,mlp,erm,1000,accuracy,0.8206195869420386,False,higher,classics / credit_broad / mlp / accuracy
credit_broad,mlp,reweighing,1000,accuracy,0.8187874750166556,False,higher,classics / credit_broad / mlp / accuracy
credit_broad,mlp,fairsmote,1001,accuracy,0.7774816788807462,False,higher,classics / credit_broad / mlp / accuracy
credit_broad,mlp,erm,1001,accuracy,0.8244503664223851,False,higher,classics / credit_broad / mlp / accuracy
credit_broad,mlp,reweighing,1001,accuracy,0.8194536975349767,False,higher,classics / credit_broad / mlp / accuracy
credit_broad,mlp,fairsmote,1002,accuracy,0.7633244503664224,False,higher,classics / credit_broad / mlp / accuracy
credit_broad,mlp,erm,1002,accuracy,0.8209526982011992,False,higher,classics / credit_broad / mlp / accuracy
credit_broad,mlp,reweighing,1002,accuracy,0.8191205862758161,False,higher,classics / credit_broad / mlp / accuracy
credit_broad,mlp,fairsmote,1003,accuracy,0.7571618920719521,False,higher,classics / credit_broad / mlp / accuracy
credit_broad,mlp,erm,1003,accuracy,0.820286475682878,False,higher,classics / credit_broad / mlp / accuracy
credit_broad,mlp,reweighing,1003,accuracy,0.8209526982011992,False,higher,classics / credit_broad / mlp / accuracy
credit_broad,mlp,fairsmote,1004,accuracy,0.7774816788807462,False,higher,classics / credit_broad / mlp / accuracy
credit_broad,mlp,erm,1004,accuracy,0.8229513657561626,False,higher,classics / credit_broad / mlp / accuracy
credit_broad,mlp,reweighing,1004,accuracy,0.8224516988674218,False,higher,classics / credit_broad / mlp / accuracy
credit_broad,mlp,fairsmote,1005,accuracy,0.729180546302465,False,higher,classics / credit_broad / mlp / accuracy
credit_broad,mlp,erm,1005,accuracy,0.819620253164557,False,higher,classics / credit_broad / mlp / accuracy
credit_broad,mlp,reweighing,1005,accuracy,0.8209526982011992,False,higher,classics / credit_broad / mlp / accuracy
credit_broad,mlp,fairsmote,1006,accuracy,0.7714856762158561,False,higher,classics / credit_broad / mlp / accuracy
credit_broad,mlp,erm,1006,accuracy,0.8201199200532978,False,higher,classics / credit_broad / mlp / accuracy
credit_broad,mlp,reweighing,1006,accuracy,0.8206195869420386,False,higher,classics / credit_broad / mlp / accuracy
credit_broad,mlp,fairsmote,1007,accuracy,0.7906395736175883,False,higher,classics / credit_broad / mlp / accuracy
credit_broad,mlp,erm,1007,accuracy,0.820286475682878,False,higher,classics / credit_broad / mlp / accuracy
credit_broad,mlp,reweighing,1007,accuracy,0.8191205862758161,False,higher,classics / credit_broad / mlp / accuracy
credit_broad,mlp,fairsmote,1008,accuracy,0.7813124583610926,False,higher,classics / credit_broad / mlp / accuracy
credit_broad,mlp,erm,1008,accuracy,0.8194536975349767,False,higher,classics / credit_broad / mlp / accuracy
credit_broad,mlp,reweighing,1008,accuracy,0.8169553630912725,False,higher,classics / credit_broad / mlp / accuracy
credit_broad,mlp,fairsmote,1009,accuracy,0.7739840106595602,False,higher,classics / credit_broad / mlp / accuracy
credit_broad,mlp,erm,1009,accuracy,0.8212858094603598,False,higher,classics / credit_broad / mlp / accuracy
credit_broad,mlp,reweighing,1009,accuracy,0.8216189207195204,False,higher,classics / credit_broad / mlp / accuracy
hmda_oh,mlp,fairsmote,1000,accuracy,0.81675,False,higher,classics / hmda_oh / mlp / accuracy
hmda_oh,mlp,erm,1000,accuracy,0.87075,False,higher,classics / hmda_oh / mlp / accuracy
hmda_oh,mlp,reweighing,1000,accuracy,0.8700833333333333,False,higher,classics / hmda_oh / mlp / accuracy
hmda_oh,mlp,fairsmote,1001,accuracy,0.8023333333333333,False,higher,classics / hmda_oh / mlp / accuracy
hmda_oh,mlp,erm,1001,accuracy,0.8698333333333333,False,higher,classics / hmda_oh / mlp / accuracy
hmda_oh,mlp,reweighing,1001,accuracy,0.8698333333333333,False,higher,classics / hmda_oh / mlp / accuracy
hmda_oh,mlp,fairsmote,1002,accuracy,0.79825,False,higher,classics / hmda_oh / mlp / accuracy
hmda_oh,mlp,erm,1002,accuracy,0.8716666666666667,False,higher,classics / hmda_oh / mlp / accuracy
hmda_oh,mlp,reweighing,1002,accuracy,0.8694166666666666,False,higher,classics / hmda_oh / mlp / accuracy
hmda_oh,mlp,fairsmote,1003,accuracy,0.8219166666666666,False,higher,classics / hmda_oh / mlp / accuracy
hmda_oh,mlp,erm,1003,accuracy,0.8698333333333333,False,higher,classics / hmda_oh / mlp / accuracy
hmda_oh,mlp,reweighing,1003,accuracy,0.872,False,higher,classics / hmda_oh / mlp / accuracy
hmda_oh,mlp,fairsmote,1004,accuracy,0.7825833333333333,False,higher,classics / hmda_oh / mlp / accuracy
hmda_oh,mlp,erm,1004,accuracy,0.8699166666666667,False,higher,classics / hmda_oh / mlp / accuracy
hmda_oh,mlp,reweighing,1004,accuracy,0.8698333333333333,False,higher,classics / hmda_oh / mlp / accuracy
hmda_oh,mlp,fairsmote,1005,accuracy,0.7895,False,higher,classics / hmda_oh / mlp / accuracy
hmda_oh,mlp,erm,1005,accuracy,0.8711666666666666,False,higher,classics / hmda_oh / mlp / accuracy
hmda_oh,mlp,reweighing,1005,accuracy,0.8705833333333334,False,higher,classics / hmda_oh / mlp / accuracy
hmda_oh,mlp,fairsmote,1006,accuracy,0.7873333333333333,False,higher,classics / hmda_oh / mlp / accuracy
hmda_oh,mlp,erm,1006,accuracy,0.8700833333333333,False,higher,classics / hmda_oh / mlp / accuracy
hmda_oh,mlp,reweighing,1006,accuracy,0.8661666666666666,False,higher,classics / hmda_oh / mlp / accuracy
hmda_oh,mlp,fairsmote,1007,accuracy,0.8008333333333333,False,higher,classics / hmda_oh / mlp / accuracy
hmda_oh,mlp,erm,1007,accuracy,0.8688333333333333,False,higher,classics / hmda_oh / mlp / accuracy
hmda_oh,mlp,reweighing,1007,accuracy,0.8685,False,higher,classics / hmda_oh / mlp / accuracy
hmda_oh,mlp,fairsmote,1008,accuracy,0.8106666666666666,False,higher,classics / hmda_oh / mlp / accuracy
hmda_oh,mlp,erm,1008,accuracy,0.8705833333333334,False,higher,classics / hmda_oh / mlp / accuracy
hmda_oh,mlp,reweighing,1008,accuracy,0.869,False,higher,classics / hmda_oh / mlp / accuracy
hmda_oh,mlp,fairsmote,1009,accuracy,0.8335833333333333,False,higher,classics / hmda_oh / mlp / accuracy
hmda_oh,mlp,erm,1009,accuracy,0.8681666666666666,False,higher,classics / hmda_oh / mlp / accuracy
hmda_oh,mlp,reweighing,1009,accuracy,0.8664166666666666,False,higher,classics / hmda_oh / mlp / accuracy
acs_income,mlp,fairsmote,1000,f1,0.8149290561381863,False,higher,classics / acs_income / mlp / f1
acs_income,mlp,erm,1000,f1,0.8213961922030825,False,higher,classics / acs_income / mlp / f1
acs_income,mlp,reweighing,1000,f1,0.8190939495287322,False,higher,classics / acs_income / mlp / f1
acs_income,mlp,fairsmote,1001,f1,0.8239143367043427,False,higher,classics / acs_income / mlp / f1
acs_income,mlp,erm,1001,f1,0.8149526911741896,False,higher,classics / acs_income / mlp / f1
acs_income,mlp,reweighing,1001,f1,0.8147342244327013,False,higher,classics / acs_income / mlp / f1
acs_income,mlp,fairsmote,1002,f1,0.815462494247584,False,higher,classics / acs_income / mlp / f1
acs_income,mlp,erm,1002,f1,0.8209424083769633,False,higher,classics / acs_income / mlp / f1
acs_income,mlp,reweighing,1002,f1,0.8167870036101083,False,higher,classics / acs_income / mlp / f1
acs_income,mlp,fairsmote,1003,f1,0.8192624199939043,False,higher,classics / acs_income / mlp / f1
acs_income,mlp,erm,1003,f1,0.8192996108949416,False,higher,classics / acs_income / mlp / f1
acs_income,mlp,reweighing,1003,f1,0.8184910327767471,False,higher,classics / acs_income / mlp / f1
acs_income,mlp,fairsmote,1004,f1,0.8188242369568486,False,higher,classics / acs_income / mlp / f1
acs_income,mlp,erm,1004,f1,0.8110951697752271,False,higher,classics / acs_income / mlp / f1
acs_income,mlp,reweighing,1004,f1,0.806008722338879,False,higher,classics / acs_income / mlp / f1
acs_income,mlp,fairsmote,1005,f1,0.8107936507936508,False,higher,classics / acs_income / mlp / f1
acs_income,mlp,erm,1005,f1,0.8139103554868624,False,higher,classics / acs_income / mlp / f1
acs_income,mlp,reweighing,1005,f1,0.8147807421036491,False,higher,classics / acs_income / mlp / f1
acs_income,mlp,fairsmote,1006,f1,0.8135018495684341,False,higher,classics / acs_income / mlp / f1
acs_income,mlp,erm,1006,f1,0.8177900892582333,False,higher,classics / acs_income / mlp / f1
acs_income,mlp,reweighing,1006,f1,0.814563406356063,False,higher,classics / acs_income / mlp / f1
acs_income,mlp,fairsmote,1007,f1,0.8130081300813008,False,higher,classics / acs_income / mlp / f1
acs_income,mlp,erm,1007,f1,0.8220802919708029,False,higher,classics / acs_income / mlp / f1
acs_income,mlp,reweighing,1007,f1,0.8141133343516114,False,higher,classics / acs_income / mlp / f1
acs_income,mlp,fairsmote,1008,f1,0.8155339805825242,False,higher,classics / acs_income / mlp / f1
acs_income,mlp,erm,1008,f1,0.8200209800689345,False,higher,classics / acs_income / mlp / f1
acs_income,mlp,reweighing,1008,f1,0.8192481203007519,False,higher,classics / acs_income / mlp / f1
acs_income,mlp,fairsmote,1009,f1,0.8207434052757794,False,higher,classics / acs_income / mlp / f1
acs_income,mlp,erm,1009,f1,0.8078770413064361,False,higher,classics / acs_income / mlp / f1
acs_income,mlp,reweighing,1009,f1,0.8034709946970915,False,higher,classics / acs_income / mlp / f1
credit_broad,mlp,fairsmote,1000,f1,0.8548017043592265,False,higher,classics / credit_broad / mlp / f1
credit_broad,mlp,erm,1000,f1,0.8924613080379431,False,higher,classics / credit_broad / mlp / f1
credit_broad,mlp,reweighing,1000,f1,0.8910256410256411,False,higher,classics / credit_broad / mlp / f1
credit_broad,mlp,fairsmote,1001,f1,0.8537653239929948,False,higher,classics / credit_broad / mlp / f1
credit_broad,mlp,erm,1001,f1,0.8940277498491856,False,higher,classics / credit_broad / mlp / f1
credit_broad,mlp,reweighing,1001,f1,0.890769850866586,False,higher,classics / credit_broad / mlp / f1
credit_broad,mlp,fairsmote,1002,f1,0.842443729903537,False,higher,classics / credit_broad / mlp / f1
credit_broad,mlp,erm,1002,f1,0.8915784165405951,False,higher,classics / credit_broad / mlp / f1
credit_broad,mlp,reweighing,1002,f1,0.8909638554216868,False,higher,classics / credit_broad / mlp / f1
credit_broad,mlp,fairsmote,1003,f1,0.8373493975903614,False,higher,classics / credit_broad / mlp / f1
credit_broad,mlp,erm,1003,f1,0.8918512578931542,False,higher,classics / credit_broad / mlp / f1
credit_broad,mlp,reweighing,1003,f1,0.8923385077616425,False,higher,classics / credit_broad / mlp / f1
credit_broad,mlp,fairsmote,1004,f1,0.8541484716157205,False,higher,classics / credit_broad / mlp / f1
credit_broad,mlp,erm,1004,f1,0.8930691077356403,False,higher,classics / credit_broad / mlp / f1
credit_broad,mlp,reweighing,1004,f1,0.8926701570680629,False,higher,classics / credit_broad / mlp / f1
credit_broad,mlp,fairsmote,1005,f1,0.8115438108484005,False,higher,classics / credit_broad / mlp / f1
credit_broad,mlp,erm,1005,f1,0.8920992328384976,False,higher,classics / credit_broad / mlp / f1
credit_broad,mlp,reweighing,1005,f1,0.8929815828770533,False,higher,classics / credit_broad / mlp / f1
credit_broad,mlp,fairsmote,1006,f1,0.8489652135623074,False,higher,classics / credit_broad / mlp / f1
credit_broad,mlp,erm,1006,f1,0.8921509886159377,False,higher,classics / credit_broad / mlp / f1
credit_broad,mlp,reweighing,1006,f1,0.8925900069811509,False,higher,classics / credit_broad / mlp / f1
credit_broad,mlp,fairsmote,1007,f1,0.8650563607085346,False,higher,classics / credit_broad / mlp / f1
credit_broad,mlp,erm,1007,f1,0.8922831186982131,False,higher,classics / credit_broad / mlp / f1
credit_broad,mlp,reweighing,1007,f1,0.8912477468455838,False,higher,classics / credit_broad / mlp / f1
credit_broad,mlp,fairsmote,1008,f1,0.8573911154556316,False,higher,classics / credit_broad / mlp / f1
credit_broad,mlp,erm,1008,f1,0.890681726502622,False,higher,classics / credit_broad / mlp / f1
credit_broad,mlp,reweighing,1008,f1,0.88929183036164,False,higher,classics / credit_broad / mlp / f1
credit_broad,mlp,fairsmote,1009,f1,0.8512550696042969,False,higher,classics / credit_broad / mlp / f1
credit_broad,mlp,erm,1009,f1,0.8926033430087078,False,higher,classics / credit_broad / mlp / f1
credit_broad,mlp,reweighing,1009,f1,0.8928464232116058,False,higher,classics / credit_broad / mlp / f1
hmda_oh,mlp,fairsmote,1000,f1,0.8838044914134743,False,higher,classics / hmda_oh / mlp / f1
hmda_oh,mlp,erm,1000,f1,0.9238847720469155,False,higher,classics / hmda_oh / mlp / f1
hmda_oh,mlp,reweighing,1000,f1,0.9235971575594216,False,higher,classics / hmda_oh / mlp / f1
hmda_oh,mlp,fairsmote,1001,f1,0.872992075390876,False,higher,classics / hmda_oh / mlp / f1
hmda_oh,mlp,erm,1001,f1,0.9239236314046366,False,higher,classics / hmda_oh / mlp / f1
hmda_oh,mlp,reweighing,1001,f1,0.9241010689990282,False,higher,classics / hmda_oh / mlp / f1
hmda_oh,mlp,fairsmote,1002,f1,0.8690289423857182,False,higher,classics / hmda_oh / mlp / f1
hmda_oh,mlp,erm,1002,f1,0.924812030075188,False,higher,classics / hmda_oh / mlp / f1
hmda_oh,mlp,reweighing,1002,f1,0.9233553436047932,False,higher,classics / hmda_oh / mlp / f1
hmda_oh,mlp,fairsmote,1003,f1,0.8878627276066537,False,higher,classics / hmda_oh / mlp / f1
hmda_oh,mlp,erm,1003,f1,0.9234838836092878,False,higher,classics / hmda_oh / mlp / f1
hmda_oh,mlp,reweighing,1003,f1,0.9250585480093676,False,higher,classics / hmda_oh / mlp / f1
hmda_oh,mlp,fairsmote,1004,f1,0.8560392870937483,False,higher,classics / hmda_oh / mlp / f1
hmda_oh,mlp,erm,1004,f1,0.9234766410118144,False,higher,classics / hmda_oh / mlp / f1
hmda_oh,mlp,reweighing,1004,f1,0.923685753371116,False,higher,classics / hmda_oh / mlp / f1
hmda_oh,mlp,fairsmote,1005,f1,0.8623433242506812,False,higher,classics / hmda_oh / mlp / f1
hmda_oh,mlp,erm,1005,f1,0.9240667976424362,False,higher,classics / hmda_oh / mlp / f1
hmda_oh,mlp,reweighing,1005,f1,0.9238912031364862,False,higher,classics / hmda_oh / mlp / f1
hmda_oh,mlp,fairsmote,1006,f1,0.8604244147888864,False,higher,classics / hmda_oh / mlp / f1
hmda_oh,mlp,erm,1006,f1,0.9240586487408056,False,higher,classics / hmda_oh / mlp / f1
hmda_oh,mlp,reweighing,1006,f1,0.9205893987341772,False,higher,classics / hmda_oh / mlp / f1
hmda_oh,mlp,fairsmote,1007,f1,0.8714362560516407,False,higher,classics / hmda_oh / mlp / f1
hmda_oh,mlp,erm,1007,f1,0.922668762896728,False,higher,classics / hmda_oh / mlp / f1
hmda_oh,mlp,reweighing,1007,f1,0.9232191514207864,False,higher,classics / hmda_oh / mlp / f1
hmda_oh,mlp,fairsmote,1008,f1,0.8788912579957356,False,higher,classics / hmda_oh / mlp / f1
hmda_oh,mlp,erm,1008,f1,0.9246591956532284,False,higher,classics / hmda_oh / mlp / f1
hmda_oh,mlp,reweighing,1008,f1,0.9238814642649622,False,higher,classics / hmda_oh / mlp / f1
hmda_oh,mlp,fairsmote,1009,f1,0.8972472343709802,False,higher,classics / hmda_oh / mlp / f1
hmda_oh,mlp,erm,1009,f1,0.9224357717199452,False,higher,classics / hmda_oh / mlp / f1
hmda_oh,mlp,reweighing,1009,f1,0.9213791750453676,False,higher,classics / hmda_oh / mlp / f1
acs_income,mlp,fairsmote,1000,aod,0.0138915808397303,False,lower,classics / acs_income / mlp / aod
acs_income,mlp,erm,1000,aod,0.0634579796694645,False,lower,classics / acs_income / mlp / aod
acs_income,mlp,reweighing,1000,aod,0.0164799058901734,False,lower,classics / acs_income / mlp / aod
acs_income,mlp,fairsmote,1001,aod,0.0174714035893838,False,lower,classics / acs_income / mlp / aod
acs_income,mlp,erm,1001,aod,0.0703468990648415,False,lower,classics / acs_income / mlp / aod
acs_income,mlp,reweighing,1001,aod,0.0169468222287012,False,lower,classics / acs_income / mlp / aod
acs_income,mlp,fairsmote,1002,aod,0.0132121333055973,False,lower,classics / acs_income / mlp / aod
acs_income,mlp,erm,1002,aod,0.0758296512868718,False,lower,classics / acs_income / mlp / aod
acs_income,mlp,reweighing,1002,aod,0.0140526956570703,False,lower,classics / acs_income / mlp / aod
acs_income,mlp,fairsmote,1003,aod,0.0190311954508594,False,lower,classics / acs_income / mlp / aod
acs_income,mlp,erm,1003,aod,0.0697857044551312,False,lower,classics / acs_income / mlp / aod
acs_income,mlp,reweighing,1003,aod,0.0114753786133206,False,lower,classics / acs_income / mlp / aod
acs_income,mlp,fairsmote,1004,aod,0.011557398504886,False,lower,classics / acs_income / mlp / aod
acs_income,mlp,erm,1004,aod,0.0582018877932827,False,lower,classics / acs_income / mlp / aod
acs_income,mlp,reweighing,1004,aod,0.0088597106300615,False,lower,classics / acs_income / mlp / aod
acs_income,mlp,fairsmote,1005,aod,0.0146392897169524,False,lower,classics / acs_income / mlp / aod
acs_income,mlp,erm,1005,aod,0.0562534948637737,False,lower,classics / acs_income / mlp / aod
acs_income,mlp,reweighing,1005,aod,0.0108144321684051,False,lower,classics / acs_income / mlp / aod
acs_income,mlp,fairsmote,1006,aod,0.0128465290886102,False,lower,classics / acs_income / mlp / aod
acs_income,mlp,erm,1006,aod,0.0669239884075594,False,lower,classics / acs_income / mlp / aod
acs_income,mlp,reweighing,1006,aod,0.015192250650045,False,lower,classics / acs_income / mlp / aod
acs_income,mlp,fairsmote,1007,aod,0.0152456953547754,False,lower,classics / acs_income / mlp / aod
acs_income,mlp,erm,1007,aod,0.0649099756078787,False,lower,classics / acs_income / mlp / aod
acs_income,mlp,reweighing,1007,aod,0.0206084038659826,False,lower,classics / acs_income / mlp / aod
acs_income,mlp,fairsmote,1008,aod,0.0204216470722282,False,lower,classics / acs_income / mlp / aod
acs_income,mlp,erm,1008,aod,0.0675398490714798,False,lower,classics / acs_income / mlp / aod
acs_income,mlp,reweighing,1008,aod,0.0125942195427607,False,lower,classics / acs_income / mlp / aod
acs_income,mlp,fairsmote,1009,aod,0.0207400601617396,False,lower,classics / acs_income / mlp / aod
acs_income,mlp,erm,1009,aod,0.0628586937912934,False,lower,classics / acs_income / mlp / aod
acs_income,mlp,reweighing,1009,aod,0.0124861685240638,False,lower,classics / acs_income / mlp / aod
credit_broad,mlp,fairsmote,1000,aod,0.0208968931403926,False,lower,classics / credit_broad / mlp / aod
credit_broad,mlp,erm,1000,aod,0.0179608646218396,False,lower,classics / credit_broad / mlp / aod
credit_broad,mlp,reweighing,1000,aod,0.0099306274924367,False,lower,classics / credit_broad / mlp / aod
credit_broad,mlp,fairsmote,1001,aod,0.0027343469000692,False,lower,classics / credit_broad / mlp / aod
credit_broad,mlp,erm,1001,aod,0.0172664834349377,False,lower,classics / credit_broad / mlp / aod
credit_broad,mlp,reweighing,1001,aod,0.0080964926255895,False,lower,classics / credit_broad / mlp / aod
credit_broad,mlp,fairsmote,1002,aod,0.0162622041027908,False,lower,classics / credit_broad / mlp / aod
credit_broad,mlp,erm,1002,aod,0.0290869616943536,False,lower,classics / credit_broad / mlp / aod
credit_broad,mlp,reweighing,1002,aod,0.003419996124278,False,lower,classics / credit_broad / mlp / aod
credit_broad,mlp,fairsmote,1003,aod,0.00312074669549,False,lower,classics / credit_broad / mlp / aod
credit_broad,mlp,erm,1003,aod,0.0223836857841041,False,lower,classics / credit_broad / mlp / aod
credit_broad,mlp,reweighing,1003,aod,0.0105620702310051,False,lower,classics / credit_broad / mlp / aod
credit_broad,mlp,fairsmote,1004,aod,0.013634170053579,False,lower,classics / credit_broad / mlp / aod
credit_broad,mlp,erm,1004,aod,0.0323441037121106,False,lower,classics / credit_broad / mlp / aod
credit_broad,mlp,reweighing,1004,aod,0.0057473005251083,False,lower,classics / credit_broad / mlp / aod
credit_broad,mlp,fairsmote,1005,aod,0.0161894424440873,False,lower,classics / credit_broad / mlp / aod
credit_broad,mlp,erm,1005,aod,0.0170057549892776,False,lower,classics / credit_broad / mlp / aod
credit_broad,mlp,reweighing,1005,aod,0.0073337358400336,False,lower,classics / credit_broad / mlp / aod
credit_broad,mlp,fairsmote,1006,aod,0.0031672734904375,False,lower,classics / credit_broad / mlp / aod
credit_broad,mlp,erm,1006,aod,0.0242281216308412,False,lower,classics / credit_broad / mlp / aod
credit_broad,mlp,reweighing,1006,aod,0.0054914040615765,False,lower,classics / credit_broad / mlp / aod
credit_broad,mlp,fairsmote,1007,aod,0.0119300878259734,False,lower,classics / credit_broad / mlp / aod
credit_broad,mlp,erm,1007,aod,0.0192871245687892,False,lower,classics / credit_broad / mlp / aod
credit_broad,mlp,reweighing,1007,aod,0.0079698683158357,False,lower,classics / credit_broad / mlp / aod
credit_broad,mlp,fairsmote,1008,aod,0.0098280951468019,False,lower,classics / credit_broad / mlp / aod
credit_broad,mlp,erm,1008,aod,0.0345091761544499,False,lower,classics / credit_broad / mlp / aod
credit_broad,mlp,reweighing,1008,aod,0.0080417220904031,False,lower,classics / credit_broad / mlp / aod
credit_broad,mlp,fairsmote,1009,aod,0.0196991195753798,False,lower,classics / credit_broad / mlp / aod
credit_broad,mlp,erm,1009,aod,0.007565972523536,False,lower,classics / credit_broad / mlp / aod
credit_broad,mlp,reweighing,1009,aod,0.014567893148721,False,lower,classics / credit_broad / mlp / aod
hmda_oh,mlp,fairsmote,1000,aod,0.0096612815675911,False,lower,classics / hmda_oh / mlp / aod
hmda_oh,mlp,erm,1000,aod,0.1105667600632328,False,lower,classics / hmda_oh / mlp / aod
hmda_oh,mlp,reweighing,1000,aod,0.015842820813761,False,lower,classics / hmda_oh / mlp / aod
hmda_oh,mlp,fairsmote,1001,aod,0.0132250547150959,False,lower,classics / hmda_oh / mlp / aod
hmda_oh,mlp,erm,1001,aod,0.0981709667814594,False,lower,classics / hmda_oh / mlp / aod
hmda_oh,mlp,reweighing,1001,aod,0.0082305619365618,False,lower,classics / hmda_oh / mlp / aod
hmda_oh,mlp,fairsmote,1002,aod,0.014885985109159,False,lower,classics / hmda_oh / mlp / aod
hmda_oh,mlp,erm,1002,aod,0.0941527229898144,False,lower,classics / hmda_oh / mlp / aod
hmda_oh,mlp,reweighing,1002,aod,0.0364181020037976,False,lower,classics / hmda_oh / mlp / aod
hmda_oh,mlp,fairsmote,1003,aod,0.01589255069445,False,lower,classics / hmda_oh / mlp / aod
hmda_oh,mlp,erm,1003,aod,0.1358656394011375,False,lower,classics / hmda_oh / mlp / aod
hmda_oh,mlp,reweighing,1003,aod,0.0306289442128269,False,lower,classics / hmda_oh / mlp / aod
hmda_oh,mlp,fairsmote,1004,aod,0.0133413189111933,False,lower,classics / hmda_oh / mlp / aod
hmda_oh,mlp,erm,1004,aod,0.1157867393780182,False,lower,classics / hmda_oh / mlp / aod
hmda_oh,mlp,reweighing,1004,aod,0.0153781105053526,False,lower,classics / hmda_oh / mlp / aod
hmda_oh,mlp,fairsmote,1005,aod,0.0476256389221801,False,lower,classics / hmda_oh / mlp / aod
hmda_oh,mlp,erm,1005,aod,0.1120256512214358,False,lower,classics / hmda_oh / mlp / aod
hmda_oh,mlp,reweighing,1005,aod,0.0216671146841082,False,lower,classics / hmda_oh / mlp / aod
hmda_oh,mlp,fairsmote,1006,aod,0.082371455619026,False,lower,classics / hmda_oh / mlp / aod
hmda_oh,mlp,erm,1006,aod,0.0572825105649377,False,lower,classics / hmda_oh / mlp / aod
hmda_oh,mlp,reweighing,1006,aod,0.0027223407319817,False,lower,classics / hmda_oh / mlp / aod
hmda_oh,mlp,fairsmote,1007,aod,0.0404227625445925,False,lower,classics / hmda_oh / mlp / aod
hmda_oh,mlp,erm,1007,aod,0.0935839777373169,False,lower,classics / hmda_oh / mlp / aod
hmda_oh,mlp,reweighing,1007,aod,0.0045588418453628,False,lower,classics / hmda_oh / mlp / aod
hmda_oh,mlp,fairsmote,1008,aod,0.0139287857542357,False,lower,classics / hmda_oh / mlp / aod
hmda_oh,mlp,erm,1008,aod,0.0947374188395401,False,lower,classics / hmda_oh / mlp / aod
hmda_oh,mlp,reweighing,1008,aod,0.0020710950753624,False,lower,classics / hmda_oh / mlp / aod
hmda_oh,mlp,fairsmote,1009,aod,0.0288013735564731,False,lower,classics / hmda_oh / mlp / aod
hmda_oh,mlp,erm,1009,aod,0.127859822545762,False,lower,classics / hmda_oh / mlp / aod
hmda_oh,mlp,reweighing,1009,aod,0.0015756755869601,False,lower,classics / hmda_oh / mlp / aod
acs_income,mlp,fairsmote,1000,dp,0.0904490658460995,False,lower,classics / acs_income / mlp / dp
acs_income,mlp,erm,1000,dp,0.1461429431723043,False,lower,classics / acs_income / mlp / dp
acs_income,mlp,reweighing,1000,dp,0.0891982947284931,False,lower,classics / acs_income / mlp / dp
acs_income,mlp,fairsmote,1001,dp,0.0867141026394253,False,lower,classics / acs_income / mlp / dp
acs_income,mlp,erm,1001,dp,0.1519702972841972,False,lower,classics / acs_income / mlp / dp
acs_income,mlp,reweighing,1001,dp,0.0874398711866398,False,lower,classics / acs_income / mlp / dp
acs_income,mlp,fairsmote,1002,dp,0.0955853517030683,False,lower,classics / acs_income / mlp / dp
acs_income,mlp,erm,1002,dp,0.1579316789800685,False,lower,classics / acs_income / mlp / dp
acs_income,mlp,reweighing,1002,dp,0.0958350469280143,False,lower,classics / acs_income / mlp / dp
acs_income,mlp,fairsmote,1003,dp,0.1019302726084338,False,lower,classics / acs_income / mlp / dp
acs_income,mlp,erm,1003,dp,0.1525853553750568,False,lower,classics / acs_income / mlp / dp
acs_income,mlp,reweighing,1003,dp,0.0904556754255834,False,lower,classics / acs_income / mlp / dp
acs_income,mlp,fairsmote,1004,dp,0.0918950031579102,False,lower,classics / acs_income / mlp / dp
acs_income,mlp,erm,1004,dp,0.1399227780796968,False,lower,classics / acs_income / mlp / dp
acs_income,mlp,reweighing,1004,dp,0.0842074196201694,False,lower,classics / acs_income / mlp / dp
acs_income,mlp,fairsmote,1005,dp,0.088707166252956,False,lower,classics / acs_income / mlp / dp
acs_income,mlp,erm,1005,dp,0.1377205029155589,False,lower,classics / acs_income / mlp / dp
acs_income,mlp,reweighing,1005,dp,0.0789199396325073,False,lower,classics / acs_income / mlp / dp
acs_income,mlp,fairsmote,1006,dp,0.0886295036940205,False,lower,classics / acs_income / mlp / dp
acs_income,mlp,erm,1006,dp,0.1492223646137803,False,lower,classics / acs_income / mlp / dp
acs_income,mlp,reweighing,1006,dp,0.0856021326909801,False,lower,classics / acs_income / mlp / dp
acs_income,mlp,fairsmote,1007,dp,0.0929092982095383,False,lower,classics / acs_income / mlp / dp
acs_income,mlp,erm,1007,dp,0.1479782030756577,False,lower,classics / acs_income / mlp / dp
acs_income,mlp,reweighing,1007,dp,0.0828484166385147,False,lower,classics / acs_income / mlp / dp
acs_income,mlp,fairsmote,1008,dp,0.102869383693433,False,lower,classics / acs_income / mlp / dp
acs_income,mlp,erm,1008,dp,0.1494530572977101,False,lower,classics / acs_income / mlp / dp
acs_income,mlp,reweighing,1008,dp,0.0873506418636076,False,lower,classics / acs_income / mlp / dp
acs_income,mlp,fairsmote,1009,dp,0.0921893130443723,False,lower,classics / acs_income / mlp / dp
acs_income,mlp,erm,1009,dp,0.1438727362190267,False,lower,classics / acs_income / mlp / dp
acs_income,mlp,reweighing,1009,dp,0.0860121102184098,False,lower,classics / acs_income / mlp / dp
credit_broad,mlp,fairsmote,1000,dp,0.029661490673145,False,lower,classics / credit_broad / mlp / dp
credit_broad,mlp,erm,1000,dp,0.026466641028698,False,lower,classics / credit_broad / mlp / dp
credit_broad,mlp,reweighing,1000,dp,0.0213988125198025,False,lower,classics / credit_broad / mlp / dp
credit_broad,mlp,fairsmote,1001,dp,0.0173137470386058,False,lower,classics / credit_broad / mlp / dp
credit_broad,mlp,erm,1001,dp,0.0262377085037184,False,lower,classics / credit_broad / mlp / dp
credit_broad,mlp,reweighing,1001,dp,0.0222593390321372,False,lower,classics / credit_broad / mlp / dp
credit_broad,mlp,fairsmote,1002,dp,0.0240400026534832,False,lower,classics / credit_broad / mlp / dp
credit_broad,mlp,erm,1002,dp,0.033007106418136,False,lower,classics / credit_broad / mlp / dp
credit_broad,mlp,reweighing,1002,dp,0.0154762561947471,False,lower,classics / credit_broad / mlp / dp
credit_broad,mlp,fairsmote,1003,dp,0.0088717731995395,False,lower,classics / credit_broad / mlp / dp
credit_broad,mlp,erm,1003,dp,0.0299129221392828,False,lower,classics / credit_broad / mlp / dp
credit_broad,mlp,reweighing,1003,dp,0.011229986959892,False,lower,classics / credit_broad / mlp / dp
credit_broad,mlp,fairsmote,1004,dp,0.0232363033636613,False,lower,classics / credit_broad / mlp / dp
credit_broad,mlp,erm,1004,dp,0.0346070826666765,False,lower,classics / credit_broad / mlp / dp
credit_broad,mlp,reweighing,1004,dp,0.0154136302760596,False,lower,classics / credit_broad / mlp / dp
credit_broad,mlp,fairsmote,1005,dp,0.0002354270646953,False,lower,classics / credit_broad / mlp / dp
credit_broad,mlp,erm,1005,dp,0.0262671658802861,False,lower,classics / credit_broad / mlp / dp
credit_broad,mlp,reweighing,1005,dp,0.0117620753208882,False,lower,classics / credit_broad / mlp / dp
credit_broad,mlp,fairsmote,1006,dp,0.0182916391615177,False,lower,classics / credit_broad / mlp / dp
credit_broad,mlp,erm,1006,dp,0.0303686996586191,False,lower,classics / credit_broad / mlp / dp
credit_broad,mlp,reweighing,1006,dp,0.0137610018662523,False,lower,classics / credit_broad / mlp / dp
credit_broad,mlp,fairsmote,1007,dp,0.0214194558781846,False,lower,classics / credit_broad / mlp / dp
credit_broad,mlp,erm,1007,dp,0.0270182130088414,False,lower,classics / credit_broad / mlp / dp
credit_broad,mlp,reweighing,1007,dp,0.0149873101332911,False,lower,classics / credit_broad / mlp / dp
credit_broad,mlp,fairsmote,1008,dp,0.0236647110370527,False,lower,classics / credit_broad / mlp / dp
credit_broad,mlp,erm,1008,dp,0.040942274211528,False,lower,classics / credit_broad / mlp / dp
credit_broad,mlp,reweighing,1008,dp,0.0216940821290214,False,lower,classics / credit_broad / mlp / dp
credit_broad,mlp,fairsmote,1009,dp,0.0283509853376487,False,lower,classics / credit_broad / mlp / dp
credit_broad,mlp,erm,1009,dp,0.0191514698303116,False,lower,classics / credit_broad / mlp / dp
credit_broad,mlp,reweighing,1009,dp,0.0091136948039507,False,lower,classics / credit_broad / mlp / dp
hmda_oh,mlp,fairsmote,1000,dp,0.0795556451635804,False,lower,classics / hmda_oh / mlp / dp
hmda_oh,mlp,erm,1000,dp,0.1585921948255152,False,lower,classics / hmda_oh / mlp / dp
hmda_oh,mlp,reweighing,1000,dp,0.0752165974255362,False,lower,classics / hmda_oh / mlp / dp
hmda_oh,mlp,fairsmote,1001,dp,0.0818881672918719,False,lower,classics / hmda_oh / mlp / dp
hmda_oh,mlp,erm,1001,dp,0.1369736277903512,False,lower,classics / hmda_oh / mlp / dp
hmda_oh,mlp,reweighing,1001,dp,0.0662857694568522,False,lower,classics / hmda_oh / mlp / dp
hmda_oh,mlp,fairsmote,1002,dp,0.0634943532745896,False,lower,classics / hmda_oh / mlp / dp
hmda_oh,mlp,erm,1002,dp,0.1338783646787883,False,lower,classics / hmda_oh / mlp / dp
hmda_oh,mlp,reweighing,1002,dp,0.0869615591039071,False,lower,classics / hmda_oh / mlp / dp
hmda_oh,mlp,fairsmote,1003,dp,0.0558862533401864,False,lower,classics / hmda_oh / mlp / dp
hmda_oh,mlp,erm,1003,dp,0.1796110191366772,False,lower,classics / hmda_oh / mlp / dp
hmda_oh,mlp,reweighing,1003,dp,0.081967678637857,False,lower,classics / hmda_oh / mlp / dp
hmda_oh,mlp,fairsmote,1004,dp,0.0652924455702241,False,lower,classics / hmda_oh / mlp / dp
hmda_oh,mlp,erm,1004,dp,0.1619169049640637,False,lower,classics / hmda_oh / mlp / dp
hmda_oh,mlp,reweighing,1004,dp,0.0658405059193356,False,lower,classics / hmda_oh / mlp / dp
hmda_oh,mlp,fairsmote,1005,dp,0.0241958705214524,False,lower,classics / hmda_oh / mlp / dp
hmda_oh,mlp,erm,1005,dp,0.1570763678081278,False,lower,classics / hmda_oh / mlp / dp
hmda_oh,mlp,reweighing,1005,dp,0.0793057523619128,False,lower,classics / hmda_oh / mlp / dp
hmda_oh,mlp,fairsmote,1006,dp,0.0034979312851588,False,lower,classics / hmda_oh / mlp / dp
hmda_oh,mlp,erm,1006,dp,0.1067189927048339,False,lower,classics / hmda_oh / mlp / dp
hmda_oh,mlp,reweighing,1006,dp,0.0686188595233294,False,lower,classics / hmda_oh / mlp / dp
hmda_oh,mlp,fairsmote,1007,dp,0.1151114152735616,False,lower,classics / hmda_oh / mlp / dp
hmda_oh,mlp,erm,1007,dp,0.1429108535826959,False,lower,classics / hmda_oh / mlp / dp
hmda_oh,mlp,reweighing,1007,dp,0.0624260615474611,False,lower,classics / hmda_oh / mlp / dp
hmda_oh,mlp,fairsmote,1008,dp,0.0607540515290315,False,lower,classics / hmda_oh / mlp / dp
hmda_oh,mlp,erm,1008,dp,0.1305655812421375,False,lower,classics / hmda_oh / mlp / dp
hmda_oh,mlp,reweighing,1008,dp,0.0590752262523747,False,lower,classics / hmda_oh / mlp / dp
hmda_oh,mlp,fairsmote,1009,dp,0.0459734602485865,False,lower,classics / hmda_oh / mlp / dp
hmda_oh,mlp,erm,1009,dp,0.1698277159513959,False,lower,classics / hmda_oh / mlp / dp
hmda_oh,mlp,reweighing,1009,dp,0.0628855235396179,False,lower,classics / hmda_oh / mlp / dp
acs_income,mlp,fairsmote,1000,eomax,0.0217347857906884,False,lower,classics / acs_income / mlp / eomax
acs_income,mlp,erm,1000,eomax,0.0822341383775263,False,lower,classics / acs_income / mlp / eomax
acs_income,mlp,reweighing,1000,eomax,0.0224617181782356,False,lower,classics / acs_income / mlp / eomax
acs_income,mlp,fairsmote,1001,eomax,0.0204849969036761,False,lower,classics / acs_income / mlp / eomax
acs_income,mlp,erm,1001,eomax,0.0786860327647356,False,lower,classics / acs_income / mlp / eomax
acs_income,mlp,reweighing,1001,eomax,0.0213751900016888,False,lower,classics / acs_income / mlp / eomax
acs_income,mlp,fairsmote,1002,eomax,0.0249387772335754,False,lower,classics / acs_income / mlp / eomax
acs_income,mlp,erm,1002,eomax,0.0990274728367955,False,lower,classics / acs_income / mlp / eomax
acs_income,mlp,reweighing,1002,eomax,0.0278929516410516,False,lower,classics / acs_income / mlp / eomax
acs_income,mlp,fairsmote,1003,eomax,0.0276973202724765,False,lower,classics / acs_income / mlp / eomax
acs_income,mlp,erm,1003,eomax,0.0760837133367111,False,lower,classics / acs_income / mlp / eomax
acs_income,mlp,reweighing,1003,eomax,0.0183823115464729,False,lower,classics / acs_income / mlp / eomax
acs_income,mlp,fairsmote,1004,eomax,0.0209459269267578,False,lower,classics / acs_income / mlp / eomax
acs_income,mlp,erm,1004,eomax,0.059376231492428,False,lower,classics / acs_income / mlp / eomax
acs_income,mlp,reweighing,1004,eomax,0.0108955412937004,False,lower,classics / acs_income / mlp / eomax
acs_income,mlp,fairsmote,1005,eomax,0.0205856274277993,False,lower,classics / acs_income / mlp / eomax
acs_income,mlp,erm,1005,eomax,0.0650030963238191,False,lower,classics / acs_income / mlp / eomax
acs_income,mlp,reweighing,1005,eomax,0.0143271698032292,False,lower,classics / acs_income / mlp / eomax
acs_income,mlp,fairsmote,1006,eomax,0.0192654675448966,False,lower,classics / acs_income / mlp / eomax
acs_income,mlp,erm,1006,eomax,0.0820385070089511,False,lower,classics / acs_income / mlp / eomax
acs_income,mlp,reweighing,1006,eomax,0.0181479761301581,False,lower,classics / acs_income / mlp / eomax
acs_income,mlp,fairsmote,1007,eomax,0.0254933006811912,False,lower,classics / acs_income / mlp / eomax
acs_income,mlp,erm,1007,eomax,0.0832186286100321,False,lower,classics / acs_income / mlp / eomax
acs_income,mlp,reweighing,1007,eomax,0.0211176321567302,False,lower,classics / acs_income / mlp / eomax
acs_income,mlp,fairsmote,1008,eomax,0.0319716545628553,False,lower,classics / acs_income / mlp / eomax
acs_income,mlp,erm,1008,eomax,0.0855788718121938,False,lower,classics / acs_income / mlp / eomax
acs_income,mlp,reweighing,1008,eomax,0.0172106344648989,False,lower,classics / acs_income / mlp / eomax
acs_income,mlp,fairsmote,1009,eomax,0.029760597871981,False,lower,classics / acs_income / mlp / eomax
acs_income,mlp,erm,1009,eomax,0.0637131959691493,False,lower,classics / acs_income / mlp / eomax
acs_income,mlp,reweighing,1009,eomax,0.0170846703822552,False,lower,classics / acs_income / mlp / eomax
credit_broad,mlp,fairsmote,1000,eomax,0.0302963902664052,False,lower,classics / credit_broad / mlp / eomax
credit_broad,mlp,erm,1000,eomax,0.0209779725521854,False,lower,classics / credit_broad / mlp / eomax
credit_broad,mlp,reweighing,1000,eomax,0.012145881902184,False,lower,classics / credit_broad / mlp / eomax
credit_broad,mlp,fairsmote,1001,eomax,0.0046106612779381,False,lower,classics / credit_broad / mlp / eomax
credit_broad,mlp,erm,1001,eomax,0.0212778226271479,False,lower,classics / credit_broad / mlp / eomax
credit_broad,mlp,reweighing,1001,eomax,0.0141332458900903,False,lower,classics / credit_broad / mlp / eomax
credit_broad,mlp,fairsmote,1002,eomax,0.0269680544343213,False,lower,classics / credit_broad / mlp / eomax
credit_broad,mlp,erm,1002,eomax,0.0422350363279898,False,lower,classics / credit_broad / mlp / eomax
credit_broad,mlp,reweighing,1002,eomax,0.0065101571660972,False,lower,classics / credit_broad / mlp / eomax
credit_broad,mlp,fairsmote,1003,eomax,0.0059462563940939,False,lower,classics / credit_broad / mlp / eomax
credit_broad,mlp,erm,1003,eomax,0.0277591973244146,False,lower,classics / credit_broad / mlp / eomax
credit_broad,mlp,reweighing,1003,eomax,0.0155691385076692,False,lower,classics / credit_broad / mlp / eomax
credit_broad,mlp,fairsmote,1004,eomax,0.0211878676046591,False,lower,classics / credit_broad / mlp / eomax
credit_broad,mlp,erm,1004,eomax,0.0484534655749049,False,lower,classics / credit_broad / mlp / eomax
credit_broad,mlp,reweighing,1004,eomax,0.0069230406765572,False,lower,classics / credit_broad / mlp / eomax
credit_broad,mlp,fairsmote,1005,eomax,0.021464342159539,False,lower,classics / credit_broad / mlp / eomax
credit_broad,mlp,erm,1005,eomax,0.0180878791373544,False,lower,classics / credit_broad / mlp / eomax
credit_broad,mlp,reweighing,1005,eomax,0.0095006342982354,False,lower,classics / credit_broad / mlp / eomax
credit_broad,mlp,fairsmote,1006,eomax,0.0055410975517435,False,lower,classics / credit_broad / mlp / eomax
credit_broad,mlp,erm,1006,eomax,0.0315004036443316,False,lower,classics / credit_broad / mlp / eomax
credit_broad,mlp,reweighing,1006,eomax,0.0061990461579818,False,lower,classics / credit_broad / mlp / eomax
credit_broad,mlp,fairsmote,1007,eomax,0.0194741090992964,False,lower,classics / credit_broad / mlp / eomax
credit_broad,mlp,erm,1007,eomax,0.0236304924460847,False,lower,classics / credit_broad / mlp / eomax
credit_broad,mlp,reweighing,1007,eomax,0.0083281578056998,False,lower,classics / credit_broad / mlp / eomax
credit_broad,mlp,fairsmote,1008,eomax,0.0101417167611392,False,lower,classics / credit_broad / mlp / eomax
credit_broad,mlp,erm,1008,eomax,0.0427355552992734,False,lower,classics / credit_broad / mlp / eomax
credit_broad,mlp,reweighing,1008,eomax,0.0147525711557803,False,lower,classics / credit_broad / mlp / eomax
credit_broad,mlp,fairsmote,1009,eomax,0.0289701303194556,False,lower,classics / credit_broad / mlp / eomax
credit_broad,mlp,erm,1009,eomax,0.0096562213704487,False,lower,classics / credit_broad / mlp / eomax
credit_broad,mlp,reweighing,1009,eomax,0.0238519201937492,False,lower,classics / credit_broad / mlp / eomax
hmda_oh,mlp,fairsmote,1000,eomax,0.0186521866315635,False,lower,classics / hmda_oh / mlp / eomax
hmda_oh,mlp,erm,1000,eomax,0.1538064940763492,False,lower,classics / hmda_oh / mlp / eomax
hmda_oh,mlp,reweighing,1000,eomax,0.0262688313587831,False,lower,classics / hmda_oh / mlp / eomax
hmda_oh,mlp,fairsmote,1001,eomax,0.0257898200965335,False,lower,classics / hmda_oh / mlp / eomax
hmda_oh,mlp,erm,1001,eomax,0.1556969431037004,False,lower,classics / hmda_oh / mlp / eomax
hmda_oh,mlp,reweighing,1001,eomax,0.0097758519818633,False,lower,classics / hmda_oh / mlp / eomax
hmda_oh,mlp,fairsmote,1002,eomax,0.0213836477987421,False,lower,classics / hmda_oh / mlp / eomax
hmda_oh,mlp,erm,1002,eomax,0.1552874067573497,False,lower,classics / hmda_oh / mlp / eomax
hmda_oh,mlp,reweighing,1002,eomax,0.067703305543367,False,lower,classics / hmda_oh / mlp / eomax
hmda_oh,mlp,fairsmote,1003,eomax,0.0205557610349437,False,lower,classics / hmda_oh / mlp / eomax
hmda_oh,mlp,erm,1003,eomax,0.1867248062015504,False,lower,classics / hmda_oh / mlp / eomax
hmda_oh,mlp,reweighing,1003,eomax,0.0597740236946029,False,lower,classics / hmda_oh / mlp / eomax
hmda_oh,mlp,fairsmote,1004,eomax,0.0166959192628345,False,lower,classics / hmda_oh / mlp / eomax
hmda_oh,mlp,erm,1004,eomax,0.1615584320608454,False,lower,classics / hmda_oh / mlp / eomax
hmda_oh,mlp,reweighing,1004,eomax,0.0252248793330408,False,lower,classics / hmda_oh / mlp / eomax
hmda_oh,mlp,fairsmote,1005,eomax,0.0580840261257702,False,lower,classics / hmda_oh / mlp / eomax
hmda_oh,mlp,erm,1005,eomax,0.1655093608307737,False,lower,classics / hmda_oh / mlp / eomax
hmda_oh,mlp,reweighing,1005,eomax,0.0375895860757642,False,lower,classics / hmda_oh / mlp / eomax
hmda_oh,mlp,fairsmote,1006,eomax,0.089437984496124,False,lower,classics / hmda_oh / mlp / eomax
hmda_oh,mlp,erm,1006,eomax,0.0861141582565452,False,lower,classics / hmda_oh / mlp / eomax
hmda_oh,mlp,reweighing,1006,eomax,0.0031209283558752,False,lower,classics / hmda_oh / mlp / eomax
hmda_oh,mlp,fairsmote,1007,eomax,0.041722006001866,False,lower,classics / hmda_oh / mlp / eomax
hmda_oh,mlp,erm,1007,eomax,0.1325160889278923,False,lower,classics / hmda_oh / mlp / eomax
hmda_oh,mlp,reweighing,1007,eomax,0.0068688752376773,False,lower,classics / hmda_oh / mlp / eomax
hmda_oh,mlp,fairsmote,1008,eomax,0.0157067743752259,False,lower,classics / hmda_oh / mlp / eomax
hmda_oh,mlp,erm,1008,eomax,0.1561064794500511,False,lower,classics / hmda_oh / mlp / eomax
hmda_oh,mlp,reweighing,1008,eomax,0.0039758160100199,False,lower,classics / hmda_oh / mlp / eomax
hmda_oh,mlp,fairsmote,1009,eomax,0.0429940032177855,False,lower,classics / hmda_oh / mlp / eomax
hmda_oh,mlp,erm,1009,eomax,0.18295122129589,False,lower,classics / hmda_oh / mlp / eomax
hmda_oh,mlp,reweighing,1009,eomax,0.0021384800316064,False,lower,classics / hmda_oh / mlp / eomax
acs_income,mlp,fairsmote,1000,L_R,0.1379627329931906,False,lower,classics / acs_income / mlp / L_R
acs_income,mlp,erm,1000,L_R,0.1652676582787923,False,lower,classics / acs_income / mlp / L_R
acs_income,mlp,reweighing,1000,L_R,0.1513935370669414,False,lower,classics / acs_income / mlp / L_R
acs_income,mlp,fairsmote,1001,L_R,0.1612511960517829,False,lower,classics / acs_income / mlp / L_R
acs_income,mlp,erm,1001,L_R,0.1548584363344247,False,lower,classics / acs_income / mlp / L_R
acs_income,mlp,reweighing,1001,L_R,0.1391410826498013,False,lower,classics / acs_income / mlp / L_R
acs_income,mlp,fairsmote,1002,L_R,0.0622810536809922,False,lower,classics / acs_income / mlp / L_R
acs_income,mlp,erm,1002,L_R,0.1205238774762877,False,lower,classics / acs_income / mlp / L_R
acs_income,mlp,reweighing,1002,L_R,0.1139409899586203,False,lower,classics / acs_income / mlp / L_R
acs_income,mlp,fairsmote,1003,L_R,0.0745187835497666,False,lower,classics / acs_income / mlp / L_R
acs_income,mlp,erm,1003,L_R,0.1451688802354221,False,lower,classics / acs_income / mlp / L_R
acs_income,mlp,reweighing,1003,L_R,0.1571564049945669,False,lower,classics / acs_income / mlp / L_R
acs_income,mlp,fairsmote,1004,L_R,0.0865719402961858,False,lower,classics / acs_income / mlp / L_R
acs_income,mlp,erm,1004,L_R,0.104403134351539,False,lower,classics / acs_income / mlp / L_R
acs_income,mlp,reweighing,1004,L_R,0.1054949735378469,False,lower,classics / acs_income / mlp / L_R
acs_income,mlp,fairsmote,1005,L_R,0.0911923208941441,False,lower,classics / acs_income / mlp / L_R
acs_income,mlp,erm,1005,L_R,0.1459371120673696,False,lower,classics / acs_income / mlp / L_R
acs_income,mlp,reweighing,1005,L_R,0.1294960482553153,False,lower,classics / acs_income / mlp / L_R
acs_income,mlp,fairsmote,1006,L_R,0.0869021072976151,False,lower,classics / acs_income / mlp / L_R
acs_income,mlp,erm,1006,L_R,0.1183391513257401,False,lower,classics / acs_income / mlp / L_R
acs_income,mlp,reweighing,1006,L_R,0.105937234102303,False,lower,classics / acs_income / mlp / L_R
acs_income,mlp,fairsmote,1007,L_R,0.1594400415841623,False,lower,classics / acs_income / mlp / L_R
acs_income,mlp,erm,1007,L_R,0.0931312899540603,False,lower,classics / acs_income / mlp / L_R
acs_income,mlp,reweighing,1007,L_R,0.0811614469190027,False,lower,classics / acs_income / mlp / L_R
acs_income,mlp,fairsmote,1008,L_R,0.0895967467412135,False,lower,classics / acs_income / mlp / L_R
acs_income,mlp,erm,1008,L_R,0.135572703536049,False,lower,classics / acs_income / mlp / L_R
acs_income,mlp,reweighing,1008,L_R,0.140654615024483,False,lower,classics / acs_income / mlp / L_R
acs_income,mlp,fairsmote,1009,L_R,0.1230141238814531,False,lower,classics / acs_income / mlp / L_R
acs_income,mlp,erm,1009,L_R,0.1287563655284364,False,lower,classics / acs_income / mlp / L_R
acs_income,mlp,reweighing,1009,L_R,0.1485028579316547,False,lower,classics / acs_income / mlp / L_R
credit_broad,mlp,fairsmote,1000,L_R,0.0193077905967125,False,lower,classics / credit_broad / mlp / L_R
credit_broad,mlp,erm,1000,L_R,0.0411832373084505,False,lower,classics / credit_broad / mlp / L_R
credit_broad,mlp,reweighing,1000,L_R,0.0507251190850019,False,lower,classics / credit_broad / mlp / L_R
credit_broad,mlp,fairsmote,1001,L_R,0.0167384555213106,False,lower,classics / credit_broad / mlp / L_R
credit_broad,mlp,erm,1001,L_R,0.0206697565411664,False,lower,classics / credit_broad / mlp / L_R
credit_broad,mlp,reweighing,1001,L_R,0.0485519578619445,False,lower,classics / credit_broad / mlp / L_R
credit_broad,mlp,fairsmote,1002,L_R,0.0245895991267869,False,lower,classics / credit_broad / mlp / L_R
credit_broad,mlp,erm,1002,L_R,0.023800682199993,False,lower,classics / credit_broad / mlp / L_R
credit_broad,mlp,reweighing,1002,L_R,0.0231131037342125,False,lower,classics / credit_broad / mlp / L_R
credit_broad,mlp,fairsmote,1003,L_R,0.0410084997135905,False,lower,classics / credit_broad / mlp / L_R
credit_broad,mlp,erm,1003,L_R,0.0287860737662343,False,lower,classics / credit_broad / mlp / L_R
credit_broad,mlp,reweighing,1003,L_R,0.0285325860258656,False,lower,classics / credit_broad / mlp / L_R
credit_broad,mlp,fairsmote,1004,L_R,0.024541183041981,False,lower,classics / credit_broad / mlp / L_R
credit_broad,mlp,erm,1004,L_R,0.030897375891864,False,lower,classics / credit_broad / mlp / L_R
credit_broad,mlp,reweighing,1004,L_R,0.030800410736184,False,lower,classics / credit_broad / mlp / L_R
credit_broad,mlp,fairsmote,1005,L_R,0.0260623335858067,False,lower,classics / credit_broad / mlp / L_R
credit_broad,mlp,erm,1005,L_R,0.0389834920021337,False,lower,classics / credit_broad / mlp / L_R
credit_broad,mlp,reweighing,1005,L_R,0.0379658270437397,False,lower,classics / credit_broad / mlp / L_R
credit_broad,mlp,fairsmote,1006,L_R,0.0161092680849203,False,lower,classics / credit_broad / mlp / L_R
credit_broad,mlp,erm,1006,L_R,0.0360126230189523,False,lower,classics / credit_broad / mlp / L_R
credit_broad,mlp,reweighing,1006,L_R,0.0375225457541042,False,lower,classics / credit_broad / mlp / L_R
credit_broad,mlp,fairsmote,1007,L_R,0.0487712740361671,False,lower,classics / credit_broad / mlp / L_R
credit_broad,mlp,erm,1007,L_R,0.0275381583285242,False,lower,classics / credit_broad / mlp / L_R
credit_broad,mlp,reweighing,1007,L_R,0.031406139296986,False,lower,classics / credit_broad / mlp / L_R
credit_broad,mlp,fairsmote,1008,L_R,0.0309941783322278,False,lower,classics / credit_broad / mlp / L_R
credit_broad,mlp,erm,1008,L_R,0.0577607954643795,False,lower,classics / credit_broad / mlp / L_R
credit_broad,mlp,reweighing,1008,L_R,0.0549441954466649,False,lower,classics / credit_broad / mlp / L_R
credit_broad,mlp,fairsmote,1009,L_R,0.0175611146312414,False,lower,classics / credit_broad / mlp / L_R
credit_broad,mlp,erm,1009,L_R,0.0221141500408171,False,lower,classics / credit_broad / mlp / L_R
credit_broad,mlp,reweighing,1009,L_R,0.0232060246634691,False,lower,classics / credit_broad / mlp / L_R
hmda_oh,mlp,fairsmote,1000,L_R,0.4154048626816067,False,lower,classics / hmda_oh / mlp / L_R
hmda_oh,mlp,erm,1000,L_R,0.2851285128779952,False,lower,classics / hmda_oh / mlp / L_R
hmda_oh,mlp,reweighing,1000,L_R,0.2759177867071001,False,lower,classics / hmda_oh / mlp / L_R
hmda_oh,mlp,fairsmote,1001,L_R,0.2295833833449207,False,lower,classics / hmda_oh / mlp / L_R
hmda_oh,mlp,erm,1001,L_R,0.1992458912051813,False,lower,classics / hmda_oh / mlp / L_R
hmda_oh,mlp,reweighing,1001,L_R,0.2135422378588226,False,lower,classics / hmda_oh / mlp / L_R
hmda_oh,mlp,fairsmote,1002,L_R,0.1354613517342111,False,lower,classics / hmda_oh / mlp / L_R
hmda_oh,mlp,erm,1002,L_R,0.2051990479518866,False,lower,classics / hmda_oh / mlp / L_R
hmda_oh,mlp,reweighing,1002,L_R,0.2392854770561864,False,lower,classics / hmda_oh / mlp / L_R
hmda_oh,mlp,fairsmote,1003,L_R,0.3402892555769686,False,lower,classics / hmda_oh / mlp / L_R
hmda_oh,mlp,erm,1003,L_R,0.1639142115421747,False,lower,classics / hmda_oh / mlp / L_R
hmda_oh,mlp,reweighing,1003,L_R,0.1968871937730286,False,lower,classics / hmda_oh / mlp / L_R
hmda_oh,mlp,fairsmote,1004,L_R,0.2614505618463486,False,lower,classics / hmda_oh / mlp / L_R
hmda_oh,mlp,erm,1004,L_R,0.1559085316269197,False,lower,classics / hmda_oh / mlp / L_R
hmda_oh,mlp,reweighing,1004,L_R,0.1528890428872517,False,lower,classics / hmda_oh / mlp / L_R
hmda_oh,mlp,fairsmote,1005,L_R,0.3830529038830337,False,lower,classics / hmda_oh / mlp / L_R
hmda_oh,mlp,erm,1005,L_R,0.2021470186516905,False,lower,classics / hmda_oh / mlp / L_R
hmda_oh,mlp,reweighing,1005,L_R,0.1908603518033232,False,lower,classics / hmda_oh / mlp / L_R
hmda_oh,mlp,fairsmote,1006,L_R,0.2823347942501144,False,lower,classics / hmda_oh / mlp / L_R
hmda_oh,mlp,erm,1006,L_R,0.2148649329614803,False,lower,classics / hmda_oh / mlp / L_R
hmda_oh,mlp,reweighing,1006,L_R,0.2111354354479939,False,lower,classics / hmda_oh / mlp / L_R
hmda_oh,mlp,fairsmote,1007,L_R,1.165846400803232,False,lower,classics / hmda_oh / mlp / L_R
hmda_oh,mlp,erm,1007,L_R,0.1423997193939983,False,lower,classics / hmda_oh / mlp / L_R
hmda_oh,mlp,reweighing,1007,L_R,0.1712560872579223,False,lower,classics / hmda_oh / mlp / L_R
hmda_oh,mlp,fairsmote,1008,L_R,0.1324770522342263,False,lower,classics / hmda_oh / mlp / L_R
hmda_oh,mlp,erm,1008,L_R,0.1858769221032088,False,lower,classics / hmda_oh / mlp / L_R
hmda_oh,mlp,reweighing,1008,L_R,0.1559036756305545,False,lower,classics / hmda_oh / mlp / L_R
hmda_oh,mlp,fairsmote,1009,L_R,0.309443185310687,False,lower,classics / hmda_oh / mlp / L_R
hmda_oh,mlp,erm,1009,L_R,0.1278128342175155,False,lower,classics / hmda_oh / mlp / L_R
hmda_oh,mlp,reweighing,1009,L_R,0.124814011085535,False,lower,classics / hmda_oh / mlp / L_R
acs_income,mlp,fairsmote,1000,violation_005,0.7295940403878921,False,lower,classics / acs_income / mlp / violation_005
acs_income,mlp,erm,1000,violation_005,0.7065117783295263,False,lower,classics / acs_income / mlp / violation_005
acs_income,mlp,reweighing,1000,violation_005,0.7159512614219372,False,lower,classics / acs_income / mlp / violation_005
acs_income,mlp,fairsmote,1001,violation_005,0.7772164739585984,False,lower,classics / acs_income / mlp / violation_005
acs_income,mlp,erm,1001,violation_005,0.7773515272882626,False,lower,classics / acs_income / mlp / violation_005
acs_income,mlp,reweighing,1001,violation_005,0.7779720478870684,False,lower,classics / acs_income / mlp / violation_005
acs_income,mlp,fairsmote,1002,violation_005,0.456783944413096,False,lower,classics / acs_income / mlp / violation_005
acs_income,mlp,erm,1002,violation_005,0.6941703963980129,False,lower,classics / acs_income / mlp / violation_005
acs_income,mlp,reweighing,1002,violation_005,0.7136644069735865,False,lower,classics / acs_income / mlp / violation_005
acs_income,mlp,fairsmote,1003,violation_005,0.5031215711526592,False,lower,classics / acs_income / mlp / violation_005
acs_income,mlp,erm,1003,violation_005,0.7545512110234192,False,lower,classics / acs_income / mlp / violation_005
acs_income,mlp,reweighing,1003,violation_005,0.7765968315095642,False,lower,classics / acs_income / mlp / violation_005
acs_income,mlp,fairsmote,1004,violation_005,0.6109343306846611,False,lower,classics / acs_income / mlp / violation_005
acs_income,mlp,erm,1004,violation_005,0.6496406826022956,False,lower,classics / acs_income / mlp / violation_005
acs_income,mlp,reweighing,1004,violation_005,0.6678358261702355,False,lower,classics / acs_income / mlp / violation_005
acs_income,mlp,fairsmote,1005,violation_005,0.6193392385399832,False,lower,classics / acs_income / mlp / violation_005
acs_income,mlp,erm,1005,violation_005,0.7628510757317848,False,lower,classics / acs_income / mlp / violation_005
acs_income,mlp,reweighing,1005,violation_005,0.6987545718163727,False,lower,classics / acs_income / mlp / violation_005
acs_income,mlp,fairsmote,1006,violation_005,0.5970700733086639,False,lower,classics / acs_income / mlp / violation_005
acs_income,mlp,erm,1006,violation_005,0.6834675853017892,False,lower,classics / acs_income / mlp / violation_005
acs_income,mlp,reweighing,1006,violation_005,0.6501822935866463,False,lower,classics / acs_income / mlp / violation_005
acs_income,mlp,fairsmote,1007,violation_005,0.7825065617452218,False,lower,classics / acs_income / mlp / violation_005
acs_income,mlp,erm,1007,violation_005,0.6227888370317715,False,lower,classics / acs_income / mlp / violation_005
acs_income,mlp,reweighing,1007,violation_005,0.5982560527120603,False,lower,classics / acs_income / mlp / violation_005
acs_income,mlp,fairsmote,1008,violation_005,0.6099247106654221,False,lower,classics / acs_income / mlp / violation_005
acs_income,mlp,erm,1008,violation_005,0.73666086926815,False,lower,classics / acs_income / mlp / violation_005
acs_income,mlp,reweighing,1008,violation_005,0.7430058516707628,False,lower,classics / acs_income / mlp / violation_005
acs_income,mlp,fairsmote,1009,violation_005,0.7176299649350151,False,lower,classics / acs_income / mlp / violation_005
acs_income,mlp,erm,1009,violation_005,0.6860851074701929,False,lower,classics / acs_income / mlp / violation_005
acs_income,mlp,reweighing,1009,violation_005,0.7437334546395915,False,lower,classics / acs_income / mlp / violation_005
credit_broad,mlp,fairsmote,1000,violation_005,0.069059197989525,False,lower,classics / credit_broad / mlp / violation_005
credit_broad,mlp,erm,1000,violation_005,0.3139165274541899,False,lower,classics / credit_broad / mlp / violation_005
credit_broad,mlp,reweighing,1000,violation_005,0.3967538885549794,False,lower,classics / credit_broad / mlp / violation_005
credit_broad,mlp,fairsmote,1001,violation_005,0.0329610111541378,False,lower,classics / credit_broad / mlp / violation_005
credit_broad,mlp,erm,1001,violation_005,0.0697970905948661,False,lower,classics / credit_broad / mlp / violation_005
credit_broad,mlp,reweighing,1001,violation_005,0.3832150781852685,False,lower,classics / credit_broad / mlp / violation_005
credit_broad,mlp,fairsmote,1002,violation_005,0.1266275204238681,False,lower,classics / credit_broad / mlp / violation_005
credit_broad,mlp,erm,1002,violation_005,0.1088505613226263,False,lower,classics / credit_broad / mlp / violation_005
credit_broad,mlp,reweighing,1002,violation_005,0.1001507931595286,False,lower,classics / credit_broad / mlp / violation_005
credit_broad,mlp,fairsmote,1003,violation_005,0.3128411805760241,False,lower,classics / credit_broad / mlp / violation_005
credit_broad,mlp,erm,1003,violation_005,0.1742037448767799,False,lower,classics / credit_broad / mlp / violation_005
credit_broad,mlp,reweighing,1003,violation_005,0.1699140362361081,False,lower,classics / credit_broad / mlp / violation_005
credit_broad,mlp,fairsmote,1004,violation_005,0.1238058547617561,False,lower,classics / credit_broad / mlp / violation_005
credit_broad,mlp,erm,1004,violation_005,0.1967600782053481,False,lower,classics / credit_broad / mlp / violation_005
credit_broad,mlp,reweighing,1004,violation_005,0.1918414405446293,False,lower,classics / credit_broad / mlp / violation_005
credit_broad,mlp,fairsmote,1005,violation_005,0.1435470691913805,False,lower,classics / credit_broad / mlp / violation_005
credit_broad,mlp,erm,1005,violation_005,0.2919154333230536,False,lower,classics / credit_broad / mlp / violation_005
credit_broad,mlp,reweighing,1005,violation_005,0.2818509593489229,False,lower,classics / credit_broad / mlp / violation_005
credit_broad,mlp,fairsmote,1006,violation_005,0.0316556515451184,False,lower,classics / credit_broad / mlp / violation_005
credit_broad,mlp,erm,1006,violation_005,0.2481398714940959,False,lower,classics / credit_broad / mlp / violation_005
credit_broad,mlp,reweighing,1006,violation_005,0.2755437478111727,False,lower,classics / credit_broad / mlp / violation_005
credit_broad,mlp,fairsmote,1007,violation_005,0.3780023586792492,False,lower,classics / credit_broad / mlp / violation_005
credit_broad,mlp,erm,1007,violation_005,0.1509747977909218,False,lower,classics / credit_broad / mlp / violation_005
credit_broad,mlp,reweighing,1007,violation_005,0.2027007809224612,False,lower,classics / credit_broad / mlp / violation_005
credit_broad,mlp,fairsmote,1008,violation_005,0.1977239067383659,False,lower,classics / credit_broad / mlp / violation_005
credit_broad,mlp,erm,1008,violation_005,0.4454397460958678,False,lower,classics / credit_broad / mlp / violation_005
credit_broad,mlp,reweighing,1008,violation_005,0.4306775249132567,False,lower,classics / credit_broad / mlp / violation_005
credit_broad,mlp,fairsmote,1009,violation_005,0.0455562741288477,False,lower,classics / credit_broad / mlp / violation_005
credit_broad,mlp,erm,1009,violation_005,0.0889397703798753,False,lower,classics / credit_broad / mlp / violation_005
credit_broad,mlp,reweighing,1009,violation_005,0.1026252950425751,False,lower,classics / credit_broad / mlp / violation_005
hmda_oh,mlp,fairsmote,1000,violation_005,0.9143982638243392,False,lower,classics / hmda_oh / mlp / violation_005
hmda_oh,mlp,erm,1000,violation_005,0.8763587568256359,False,lower,classics / hmda_oh / mlp / violation_005
hmda_oh,mlp,reweighing,1000,violation_005,0.8664411332016206,False,lower,classics / hmda_oh / mlp / violation_005
hmda_oh,mlp,fairsmote,1001,violation_005,0.8428336165558671,False,lower,classics / hmda_oh / mlp / violation_005
hmda_oh,mlp,erm,1001,violation_005,0.8198924916694865,False,lower,classics / hmda_oh / mlp / violation_005
hmda_oh,mlp,reweighing,1001,violation_005,0.8193187130917969,False,lower,classics / hmda_oh / mlp / violation_005
hmda_oh,mlp,fairsmote,1002,violation_005,0.7441377526664154,False,lower,classics / hmda_oh / mlp / violation_005
hmda_oh,mlp,erm,1002,violation_005,0.8248699442221958,False,lower,classics / hmda_oh / mlp / violation_005
hmda_oh,mlp,reweighing,1002,violation_005,0.8319115286250086,False,lower,classics / hmda_oh / mlp / violation_005
hmda_oh,mlp,fairsmote,1003,violation_005,0.8907219625655086,False,lower,classics / hmda_oh / mlp / violation_005
hmda_oh,mlp,erm,1003,violation_005,0.7823305518438312,False,lower,classics / hmda_oh / mlp / violation_005
hmda_oh,mlp,reweighing,1003,violation_005,0.8159948551103778,False,lower,classics / hmda_oh / mlp / violation_005
hmda_oh,mlp,fairsmote,1004,violation_005,0.8678216406882725,False,lower,classics / hmda_oh / mlp / violation_005
hmda_oh,mlp,erm,1004,violation_005,0.7689539227393627,False,lower,classics / hmda_oh / mlp / violation_005
hmda_oh,mlp,reweighing,1004,violation_005,0.7682326784224764,False,lower,classics / hmda_oh / mlp / violation_005
hmda_oh,mlp,fairsmote,1005,violation_005,0.9030535807989448,False,lower,classics / hmda_oh / mlp / violation_005
hmda_oh,mlp,erm,1005,violation_005,0.812260027948492,False,lower,classics / hmda_oh / mlp / violation_005
hmda_oh,mlp,reweighing,1005,violation_005,0.7993983542850194,False,lower,classics / hmda_oh / mlp / violation_005
hmda_oh,mlp,fairsmote,1006,violation_005,0.8740541641462419,False,lower,classics / hmda_oh / mlp / violation_005
hmda_oh,mlp,erm,1006,violation_005,0.8299680182614465,False,lower,classics / hmda_oh / mlp / violation_005
hmda_oh,mlp,reweighing,1006,violation_005,0.8257059262119857,False,lower,classics / hmda_oh / mlp / violation_005
hmda_oh,mlp,fairsmote,1007,violation_005,0.9704096112680624,False,lower,classics / hmda_oh / mlp / violation_005
hmda_oh,mlp,erm,1007,violation_005,0.7356865970296591,False,lower,classics / hmda_oh / mlp / violation_005
hmda_oh,mlp,reweighing,1007,violation_005,0.7900103851000514,False,lower,classics / hmda_oh / mlp / violation_005
hmda_oh,mlp,fairsmote,1008,violation_005,0.746775782987672,False,lower,classics / hmda_oh / mlp / violation_005
hmda_oh,mlp,erm,1008,violation_005,0.7907109865654254,False,lower,classics / hmda_oh / mlp / violation_005
hmda_oh,mlp,reweighing,1008,violation_005,0.7762897908747544,False,lower,classics / hmda_oh / mlp / violation_005
hmda_oh,mlp,fairsmote,1009,violation_005,0.8875494261014085,False,lower,classics / hmda_oh / mlp / violation_005
hmda_oh,mlp,erm,1009,violation_005,0.7378698793953882,False,lower,classics / hmda_oh / mlp / violation_005
hmda_oh,mlp,reweighing,1009,violation_005,0.7321934856106905,False,lower,classics / hmda_oh / mlp / violation_005
acs_income,mlp,fairsmote,1000,P_R,0.0207707558436167,False,lower,classics / acs_income / mlp / P_R
acs_income,mlp,erm,1000,P_R,0.0398681024304996,False,lower,classics / acs_income / mlp / P_R
acs_income,mlp,reweighing,1000,P_R,0.0217663113887282,False,lower,classics / acs_income / mlp / P_R
acs_income,mlp,fairsmote,1001,P_R,0.0233707578667895,False,lower,classics / acs_income / mlp / P_R
acs_income,mlp,erm,1001,P_R,0.0390673989269431,False,lower,classics / acs_income / mlp / P_R
acs_income,mlp,reweighing,1001,P_R,0.0190833081703883,False,lower,classics / acs_income / mlp / P_R
acs_income,mlp,fairsmote,1002,P_R,0.010989440925617,False,lower,classics / acs_income / mlp / P_R
acs_income,mlp,erm,1002,P_R,0.0343658817905333,False,lower,classics / acs_income / mlp / P_R
acs_income,mlp,reweighing,1002,P_R,0.0161730707482985,False,lower,classics / acs_income / mlp / P_R
acs_income,mlp,fairsmote,1003,P_R,0.0112296021981898,False,lower,classics / acs_income / mlp / P_R
acs_income,mlp,erm,1003,P_R,0.0357847047604066,False,lower,classics / acs_income / mlp / P_R
acs_income,mlp,reweighing,1003,P_R,0.0223052349298059,False,lower,classics / acs_income / mlp / P_R
acs_income,mlp,fairsmote,1004,P_R,0.0124759277503544,False,lower,classics / acs_income / mlp / P_R
acs_income,mlp,erm,1004,P_R,0.0309480838667581,False,lower,classics / acs_income / mlp / P_R
acs_income,mlp,reweighing,1004,P_R,0.0168120898388724,False,lower,classics / acs_income / mlp / P_R
acs_income,mlp,fairsmote,1005,P_R,0.0139703687135143,False,lower,classics / acs_income / mlp / P_R
acs_income,mlp,erm,1005,P_R,0.0361279436836058,False,lower,classics / acs_income / mlp / P_R
acs_income,mlp,reweighing,1005,P_R,0.0189109669956009,False,lower,classics / acs_income / mlp / P_R
acs_income,mlp,fairsmote,1006,P_R,0.0135900712447725,False,lower,classics / acs_income / mlp / P_R
acs_income,mlp,erm,1006,P_R,0.0358555487351302,False,lower,classics / acs_income / mlp / P_R
acs_income,mlp,reweighing,1006,P_R,0.0151344087498492,False,lower,classics / acs_income / mlp / P_R
acs_income,mlp,fairsmote,1007,P_R,0.025218472287377,False,lower,classics / acs_income / mlp / P_R
acs_income,mlp,erm,1007,P_R,0.0306113906015665,False,lower,classics / acs_income / mlp / P_R
acs_income,mlp,reweighing,1007,P_R,0.0107294511400673,False,lower,classics / acs_income / mlp / P_R
acs_income,mlp,fairsmote,1008,P_R,0.0141585562750581,False,lower,classics / acs_income / mlp / P_R
acs_income,mlp,erm,1008,P_R,0.03578210979161,False,lower,classics / acs_income / mlp / P_R
acs_income,mlp,reweighing,1008,P_R,0.0198141099707308,False,lower,classics / acs_income / mlp / P_R
acs_income,mlp,fairsmote,1009,P_R,0.0183328427612026,False,lower,classics / acs_income / mlp / P_R
acs_income,mlp,erm,1009,P_R,0.0354885345711721,False,lower,classics / acs_income / mlp / P_R
acs_income,mlp,reweighing,1009,P_R,0.0230913614119754,False,lower,classics / acs_income / mlp / P_R
credit_broad,mlp,fairsmote,1000,P_R,0.0041165326772632,False,lower,classics / credit_broad / mlp / P_R
credit_broad,mlp,erm,1000,P_R,0.0065219574154629,False,lower,classics / credit_broad / mlp / P_R
credit_broad,mlp,reweighing,1000,P_R,0.0073995282099842,False,lower,classics / credit_broad / mlp / P_R
credit_broad,mlp,fairsmote,1001,P_R,0.0037791672136278,False,lower,classics / credit_broad / mlp / P_R
credit_broad,mlp,erm,1001,P_R,0.0034197733097814,False,lower,classics / credit_broad / mlp / P_R
credit_broad,mlp,reweighing,1001,P_R,0.0072823379165341,False,lower,classics / credit_broad / mlp / P_R
credit_broad,mlp,fairsmote,1002,P_R,0.0052518976302855,False,lower,classics / credit_broad / mlp / P_R
credit_broad,mlp,erm,1002,P_R,0.004468934520351,False,lower,classics / credit_broad / mlp / P_R
credit_broad,mlp,reweighing,1002,P_R,0.0032770058443465,False,lower,classics / credit_broad / mlp / P_R
credit_broad,mlp,fairsmote,1003,P_R,0.0087185193650594,False,lower,classics / credit_broad / mlp / P_R
credit_broad,mlp,erm,1003,P_R,0.0049007383828563,False,lower,classics / credit_broad / mlp / P_R
credit_broad,mlp,reweighing,1003,P_R,0.0043988601436065,False,lower,classics / credit_broad / mlp / P_R
credit_broad,mlp,fairsmote,1004,P_R,0.0051447342585446,False,lower,classics / credit_broad / mlp / P_R
credit_broad,mlp,erm,1004,P_R,0.0049934464898965,False,lower,classics / credit_broad / mlp / P_R
credit_broad,mlp,reweighing,1004,P_R,0.0044405475658417,False,lower,classics / credit_broad / mlp / P_R
credit_broad,mlp,fairsmote,1005,P_R,0.0057993714636552,False,lower,classics / credit_broad / mlp / P_R
credit_broad,mlp,erm,1005,P_R,0.0062590695099405,False,lower,classics / credit_broad / mlp / P_R
credit_broad,mlp,reweighing,1005,P_R,0.0053640747775542,False,lower,classics / credit_broad / mlp / P_R
credit_broad,mlp,fairsmote,1006,P_R,0.0035768016974211,False,lower,classics / credit_broad / mlp / P_R
credit_broad,mlp,erm,1006,P_R,0.0060143681490803,False,lower,classics / credit_broad / mlp / P_R
credit_broad,mlp,reweighing,1006,P_R,0.0055511995814929,False,lower,classics / credit_broad / mlp / P_R
credit_broad,mlp,fairsmote,1007,P_R,0.0093794621613782,False,lower,classics / credit_broad / mlp / P_R
credit_broad,mlp,erm,1007,P_R,0.0046783910784465,False,lower,classics / credit_broad / mlp / P_R
credit_broad,mlp,reweighing,1007,P_R,0.0041313614735772,False,lower,classics / credit_broad / mlp / P_R
credit_broad,mlp,fairsmote,1008,P_R,0.0062038552305131,False,lower,classics / credit_broad / mlp / P_R
credit_broad,mlp,erm,1008,P_R,0.0098210246432469,False,lower,classics / credit_broad / mlp / P_R
credit_broad,mlp,reweighing,1008,P_R,0.0089324193800814,False,lower,classics / credit_broad / mlp / P_R
credit_broad,mlp,fairsmote,1009,P_R,0.0036329702611357,False,lower,classics / credit_broad / mlp / P_R
credit_broad,mlp,erm,1009,P_R,0.0033679009657919,False,lower,classics / credit_broad / mlp / P_R
credit_broad,mlp,reweighing,1009,P_R,0.0031920810611751,False,lower,classics / credit_broad / mlp / P_R
hmda_oh,mlp,fairsmote,1000,P_R,0.0706342192888686,False,lower,classics / hmda_oh / mlp / P_R
hmda_oh,mlp,erm,1000,P_R,0.0527453224643021,False,lower,classics / hmda_oh / mlp / P_R
hmda_oh,mlp,reweighing,1000,P_R,0.0357484263503905,False,lower,classics / hmda_oh / mlp / P_R
hmda_oh,mlp,fairsmote,1001,P_R,0.0487629991490183,False,lower,classics / hmda_oh / mlp / P_R
hmda_oh,mlp,erm,1001,P_R,0.0378958487566356,False,lower,classics / hmda_oh / mlp / P_R
hmda_oh,mlp,reweighing,1001,P_R,0.0254100880741045,False,lower,classics / hmda_oh / mlp / P_R
hmda_oh,mlp,fairsmote,1002,P_R,0.0312575853753541,False,lower,classics / hmda_oh / mlp / P_R
hmda_oh,mlp,erm,1002,P_R,0.036898837055515,False,lower,classics / hmda_oh / mlp / P_R
hmda_oh,mlp,reweighing,1002,P_R,0.0293018194530456,False,lower,classics / hmda_oh / mlp / P_R
hmda_oh,mlp,fairsmote,1003,P_R,0.0618421237331359,False,lower,classics / hmda_oh / mlp / P_R
hmda_oh,mlp,erm,1003,P_R,0.0351873415721951,False,lower,classics / hmda_oh / mlp / P_R
hmda_oh,mlp,reweighing,1003,P_R,0.0233200442357452,False,lower,classics / hmda_oh / mlp / P_R
hmda_oh,mlp,fairsmote,1004,P_R,0.0548631791027277,False,lower,classics / hmda_oh / mlp / P_R
hmda_oh,mlp,erm,1004,P_R,0.0307506510314496,False,lower,classics / hmda_oh / mlp / P_R
hmda_oh,mlp,reweighing,1004,P_R,0.0192723503543534,False,lower,classics / hmda_oh / mlp / P_R
hmda_oh,mlp,fairsmote,1005,P_R,0.0733663715473392,False,lower,classics / hmda_oh / mlp / P_R
hmda_oh,mlp,erm,1005,P_R,0.0389863359215459,False,lower,classics / hmda_oh / mlp / P_R
hmda_oh,mlp,reweighing,1005,P_R,0.0268300264948527,False,lower,classics / hmda_oh / mlp / P_R
hmda_oh,mlp,fairsmote,1006,P_R,0.0570985190225294,False,lower,classics / hmda_oh / mlp / P_R
hmda_oh,mlp,erm,1006,P_R,0.0352806075202905,False,lower,classics / hmda_oh / mlp / P_R
hmda_oh,mlp,reweighing,1006,P_R,0.0298185304426052,False,lower,classics / hmda_oh / mlp / P_R
hmda_oh,mlp,fairsmote,1007,P_R,0.141105745265436,False,lower,classics / hmda_oh / mlp / P_R
hmda_oh,mlp,erm,1007,P_R,0.0297358788882545,False,lower,classics / hmda_oh / mlp / P_R
hmda_oh,mlp,reweighing,1007,P_R,0.0218491596114411,False,lower,classics / hmda_oh / mlp / P_R
hmda_oh,mlp,fairsmote,1008,P_R,0.0294489330321362,False,lower,classics / hmda_oh / mlp / P_R
hmda_oh,mlp,erm,1008,P_R,0.036586633162999,False,lower,classics / hmda_oh / mlp / P_R
hmda_oh,mlp,reweighing,1008,P_R,0.0175988209155805,False,lower,classics / hmda_oh / mlp / P_R
hmda_oh,mlp,fairsmote,1009,P_R,0.0577393587064182,False,lower,classics / hmda_oh / mlp / P_R
hmda_oh,mlp,erm,1009,P_R,0.0312627422706108,False,lower,classics / hmda_oh / mlp / P_R
hmda_oh,mlp,reweighing,1009,P_R,0.019198687241349,False,lower,classics / hmda_oh / mlp / P_R
acs_income,mlp,fairsmote,1000,P_population_effect_gap,0.0184064142194672,False,lower,classics / acs_income / mlp / P_population_effect_gap
acs_income,mlp,erm,1000,P_population_effect_gap,0.0263694797979927,False,lower,classics / acs_income / mlp / P_population_effect_gap
acs_income,mlp,reweighing,1000,P_population_effect_gap,0.0169740670253295,False,lower,classics / acs_income / mlp / P_population_effect_gap
acs_income,mlp,fairsmote,1001,P_population_effect_gap,0.0186850053957022,False,lower,classics / acs_income / mlp / P_population_effect_gap
acs_income,mlp,erm,1001,P_population_effect_gap,0.0256222642322958,False,lower,classics / acs_income / mlp / P_population_effect_gap
acs_income,mlp,reweighing,1001,P_population_effect_gap,0.0181940070556924,False,lower,classics / acs_income / mlp / P_population_effect_gap
acs_income,mlp,fairsmote,1002,P_population_effect_gap,0.008262081715087,False,lower,classics / acs_income / mlp / P_population_effect_gap
acs_income,mlp,erm,1002,P_population_effect_gap,0.0218110627690714,False,lower,classics / acs_income / mlp / P_population_effect_gap
acs_income,mlp,reweighing,1002,P_population_effect_gap,0.0124974980798201,False,lower,classics / acs_income / mlp / P_population_effect_gap
acs_income,mlp,fairsmote,1003,P_population_effect_gap,0.0099780692045897,False,lower,classics / acs_income / mlp / P_population_effect_gap
acs_income,mlp,erm,1003,P_population_effect_gap,0.0248719204110782,False,lower,classics / acs_income / mlp / P_population_effect_gap
acs_income,mlp,reweighing,1003,P_population_effect_gap,0.0211357449436755,False,lower,classics / acs_income / mlp / P_population_effect_gap
acs_income,mlp,fairsmote,1004,P_population_effect_gap,0.0119642666754464,False,lower,classics / acs_income / mlp / P_population_effect_gap
acs_income,mlp,erm,1004,P_population_effect_gap,0.0210817668921472,False,lower,classics / acs_income / mlp / P_population_effect_gap
acs_income,mlp,reweighing,1004,P_population_effect_gap,0.0165305398289151,False,lower,classics / acs_income / mlp / P_population_effect_gap
acs_income,mlp,fairsmote,1005,P_population_effect_gap,0.0136295221116606,False,lower,classics / acs_income / mlp / P_population_effect_gap
acs_income,mlp,erm,1005,P_population_effect_gap,0.0242724403887472,False,lower,classics / acs_income / mlp / P_population_effect_gap
acs_income,mlp,reweighing,1005,P_population_effect_gap,0.0161231953699746,False,lower,classics / acs_income / mlp / P_population_effect_gap
acs_income,mlp,fairsmote,1006,P_population_effect_gap,0.0108346386691179,False,lower,classics / acs_income / mlp / P_population_effect_gap
acs_income,mlp,erm,1006,P_population_effect_gap,0.0197332051863682,False,lower,classics / acs_income / mlp / P_population_effect_gap
acs_income,mlp,reweighing,1006,P_population_effect_gap,0.010906621568836,False,lower,classics / acs_income / mlp / P_population_effect_gap
acs_income,mlp,fairsmote,1007,P_population_effect_gap,0.0221808103471232,False,lower,classics / acs_income / mlp / P_population_effect_gap
acs_income,mlp,erm,1007,P_population_effect_gap,0.0179458404060798,False,lower,classics / acs_income / mlp / P_population_effect_gap
acs_income,mlp,reweighing,1007,P_population_effect_gap,0.0112100554490713,False,lower,classics / acs_income / mlp / P_population_effect_gap
acs_income,mlp,fairsmote,1008,P_population_effect_gap,0.012331083091576,False,lower,classics / acs_income / mlp / P_population_effect_gap
acs_income,mlp,erm,1008,P_population_effect_gap,0.0219368250255526,False,lower,classics / acs_income / mlp / P_population_effect_gap
acs_income,mlp,reweighing,1008,P_population_effect_gap,0.0175120041455955,False,lower,classics / acs_income / mlp / P_population_effect_gap
acs_income,mlp,fairsmote,1009,P_population_effect_gap,0.0141725435076825,False,lower,classics / acs_income / mlp / P_population_effect_gap
acs_income,mlp,erm,1009,P_population_effect_gap,0.0202180681343201,False,lower,classics / acs_income / mlp / P_population_effect_gap
acs_income,mlp,reweighing,1009,P_population_effect_gap,0.0194803653152968,False,lower,classics / acs_income / mlp / P_population_effect_gap
credit_broad,mlp,fairsmote,1000,P_population_effect_gap,0.0017792633911787,False,lower,classics / credit_broad / mlp / P_population_effect_gap
credit_broad,mlp,erm,1000,P_population_effect_gap,0.0042054415226355,False,lower,classics / credit_broad / mlp / P_population_effect_gap
credit_broad,mlp,reweighing,1000,P_population_effect_gap,0.0041838109061864,False,lower,classics / credit_broad / mlp / P_population_effect_gap
credit_broad,mlp,fairsmote,1001,P_population_effect_gap,0.0022401196041979,False,lower,classics / credit_broad / mlp / P_population_effect_gap
credit_broad,mlp,erm,1001,P_population_effect_gap,0.002150621888731,False,lower,classics / credit_broad / mlp / P_population_effect_gap
credit_broad,mlp,reweighing,1001,P_population_effect_gap,0.0042241085015804,False,lower,classics / credit_broad / mlp / P_population_effect_gap
credit_broad,mlp,fairsmote,1002,P_population_effect_gap,0.0028097054748036,False,lower,classics / credit_broad / mlp / P_population_effect_gap
credit_broad,mlp,erm,1002,P_population_effect_gap,0.0027014958812697,False,lower,classics / credit_broad / mlp / P_population_effect_gap
credit_broad,mlp,reweighing,1002,P_population_effect_gap,0.0016771281725869,False,lower,classics / credit_broad / mlp / P_population_effect_gap
credit_broad,mlp,fairsmote,1003,P_population_effect_gap,0.0041285313426436,False,lower,classics / credit_broad / mlp / P_population_effect_gap
credit_broad,mlp,erm,1003,P_population_effect_gap,0.0031822920628155,False,lower,classics / credit_broad / mlp / P_population_effect_gap
credit_broad,mlp,reweighing,1003,P_population_effect_gap,0.0024907846888344,False,lower,classics / credit_broad / mlp / P_population_effect_gap
credit_broad,mlp,fairsmote,1004,P_population_effect_gap,0.0028235219856965,False,lower,classics / credit_broad / mlp / P_population_effect_gap
credit_broad,mlp,erm,1004,P_population_effect_gap,0.0037915225576353,False,lower,classics / credit_broad / mlp / P_population_effect_gap
credit_broad,mlp,reweighing,1004,P_population_effect_gap,0.0029893585765956,False,lower,classics / credit_broad / mlp / P_population_effect_gap
credit_broad,mlp,fairsmote,1005,P_population_effect_gap,0.0032534358020166,False,lower,classics / credit_broad / mlp / P_population_effect_gap
credit_broad,mlp,erm,1005,P_population_effect_gap,0.004566168433331,False,lower,classics / credit_broad / mlp / P_population_effect_gap
credit_broad,mlp,reweighing,1005,P_population_effect_gap,0.0030998839991024,False,lower,classics / credit_broad / mlp / P_population_effect_gap
credit_broad,mlp,fairsmote,1006,P_population_effect_gap,0.002192503270836,False,lower,classics / credit_broad / mlp / P_population_effect_gap
credit_broad,mlp,erm,1006,P_population_effect_gap,0.0038952541416529,False,lower,classics / credit_broad / mlp / P_population_effect_gap
credit_broad,mlp,reweighing,1006,P_population_effect_gap,0.0033107451095235,False,lower,classics / credit_broad / mlp / P_population_effect_gap
credit_broad,mlp,fairsmote,1007,P_population_effect_gap,0.0053858543503179,False,lower,classics / credit_broad / mlp / P_population_effect_gap
credit_broad,mlp,erm,1007,P_population_effect_gap,0.0042059855523102,False,lower,classics / credit_broad / mlp / P_population_effect_gap
credit_broad,mlp,reweighing,1007,P_population_effect_gap,0.0034389460309344,False,lower,classics / credit_broad / mlp / P_population_effect_gap
credit_broad,mlp,fairsmote,1008,P_population_effect_gap,0.0037025939520673,False,lower,classics / credit_broad / mlp / P_population_effect_gap
credit_broad,mlp,erm,1008,P_population_effect_gap,0.006738082085373,False,lower,classics / credit_broad / mlp / P_population_effect_gap
credit_broad,mlp,reweighing,1008,P_population_effect_gap,0.0052301020819712,False,lower,classics / credit_broad / mlp / P_population_effect_gap
credit_broad,mlp,fairsmote,1009,P_population_effect_gap,0.0020068942245793,False,lower,classics / credit_broad / mlp / P_population_effect_gap
credit_broad,mlp,erm,1009,P_population_effect_gap,0.0022021609828384,False,lower,classics / credit_broad / mlp / P_population_effect_gap
credit_broad,mlp,reweighing,1009,P_population_effect_gap,0.0017351801327751,False,lower,classics / credit_broad / mlp / P_population_effect_gap
hmda_oh,mlp,fairsmote,1000,P_population_effect_gap,0.0691760382993197,False,lower,classics / hmda_oh / mlp / P_population_effect_gap
hmda_oh,mlp,erm,1000,P_population_effect_gap,0.0530750893982859,False,lower,classics / hmda_oh / mlp / P_population_effect_gap
hmda_oh,mlp,reweighing,1000,P_population_effect_gap,0.0365457458508538,False,lower,classics / hmda_oh / mlp / P_population_effect_gap
hmda_oh,mlp,fairsmote,1001,P_population_effect_gap,0.0509393934911881,False,lower,classics / hmda_oh / mlp / P_population_effect_gap
hmda_oh,mlp,erm,1001,P_population_effect_gap,0.0394749543835724,False,lower,classics / hmda_oh / mlp / P_population_effect_gap
hmda_oh,mlp,reweighing,1001,P_population_effect_gap,0.0280263262092167,False,lower,classics / hmda_oh / mlp / P_population_effect_gap
hmda_oh,mlp,fairsmote,1002,P_population_effect_gap,0.0363522396447582,False,lower,classics / hmda_oh / mlp / P_population_effect_gap
hmda_oh,mlp,erm,1002,P_population_effect_gap,0.0442664176538181,False,lower,classics / hmda_oh / mlp / P_population_effect_gap
hmda_oh,mlp,reweighing,1002,P_population_effect_gap,0.0343065754628464,False,lower,classics / hmda_oh / mlp / P_population_effect_gap
hmda_oh,mlp,fairsmote,1003,P_population_effect_gap,0.0461606471076169,False,lower,classics / hmda_oh / mlp / P_population_effect_gap
hmda_oh,mlp,erm,1003,P_population_effect_gap,0.0392154599808072,False,lower,classics / hmda_oh / mlp / P_population_effect_gap
hmda_oh,mlp,reweighing,1003,P_population_effect_gap,0.0338509988214104,False,lower,classics / hmda_oh / mlp / P_population_effect_gap
hmda_oh,mlp,fairsmote,1004,P_population_effect_gap,0.0490882149726416,False,lower,classics / hmda_oh / mlp / P_population_effect_gap
hmda_oh,mlp,erm,1004,P_population_effect_gap,0.0404979846990209,False,lower,classics / hmda_oh / mlp / P_population_effect_gap
hmda_oh,mlp,reweighing,1004,P_population_effect_gap,0.0307414374555091,False,lower,classics / hmda_oh / mlp / P_population_effect_gap
hmda_oh,mlp,fairsmote,1005,P_population_effect_gap,0.0586475673981336,False,lower,classics / hmda_oh / mlp / P_population_effect_gap
hmda_oh,mlp,erm,1005,P_population_effect_gap,0.0382496993591833,False,lower,classics / hmda_oh / mlp / P_population_effect_gap
hmda_oh,mlp,reweighing,1005,P_population_effect_gap,0.0304232475383611,False,lower,classics / hmda_oh / mlp / P_population_effect_gap
hmda_oh,mlp,fairsmote,1006,P_population_effect_gap,0.0476113637502502,False,lower,classics / hmda_oh / mlp / P_population_effect_gap
hmda_oh,mlp,erm,1006,P_population_effect_gap,0.0386563002666956,False,lower,classics / hmda_oh / mlp / P_population_effect_gap
hmda_oh,mlp,reweighing,1006,P_population_effect_gap,0.0342221784170223,False,lower,classics / hmda_oh / mlp / P_population_effect_gap
hmda_oh,mlp,fairsmote,1007,P_population_effect_gap,0.0775637152823188,False,lower,classics / hmda_oh / mlp / P_population_effect_gap
hmda_oh,mlp,erm,1007,P_population_effect_gap,0.0383805325589217,False,lower,classics / hmda_oh / mlp / P_population_effect_gap
hmda_oh,mlp,reweighing,1007,P_population_effect_gap,0.0287473602224564,False,lower,classics / hmda_oh / mlp / P_population_effect_gap
hmda_oh,mlp,fairsmote,1008,P_population_effect_gap,0.0341075880685895,False,lower,classics / hmda_oh / mlp / P_population_effect_gap
hmda_oh,mlp,erm,1008,P_population_effect_gap,0.0389106963539419,False,lower,classics / hmda_oh / mlp / P_population_effect_gap
hmda_oh,mlp,reweighing,1008,P_population_effect_gap,0.0288714937562163,False,lower,classics / hmda_oh / mlp / P_population_effect_gap
hmda_oh,mlp,fairsmote,1009,P_population_effect_gap,0.0538460611402636,False,lower,classics / hmda_oh / mlp / P_population_effect_gap
hmda_oh,mlp,erm,1009,P_population_effect_gap,0.0367220487780192,False,lower,classics / hmda_oh / mlp / P_population_effect_gap
hmda_oh,mlp,reweighing,1009,P_population_effect_gap,0.0259571516655911,False,lower,classics / hmda_oh / mlp / P_population_effect_gap
acs_income,mlp,fairsmote,1000,decision_disagreement,0.0636189698230142,False,lower,classics / acs_income / mlp / decision_disagreement
acs_income,mlp,erm,1000,decision_disagreement,0.1412277336922243,False,lower,classics / acs_income / mlp / decision_disagreement
acs_income,mlp,reweighing,1000,decision_disagreement,0.0563019123219915,False,lower,classics / acs_income / mlp / decision_disagreement
acs_income,mlp,fairsmote,1001,decision_disagreement,0.0629000303480742,False,lower,classics / acs_income / mlp / decision_disagreement
acs_income,mlp,erm,1001,decision_disagreement,0.142225771706144,False,lower,classics / acs_income / mlp / decision_disagreement
acs_income,mlp,reweighing,1001,decision_disagreement,0.0484962010842527,False,lower,classics / acs_income / mlp / decision_disagreement
acs_income,mlp,fairsmote,1002,decision_disagreement,0.0450993186049604,False,lower,classics / acs_income / mlp / decision_disagreement
acs_income,mlp,erm,1002,decision_disagreement,0.1350202720121467,False,lower,classics / acs_income / mlp / decision_disagreement
acs_income,mlp,reweighing,1002,decision_disagreement,0.0436426184527046,False,lower,classics / acs_income / mlp / decision_disagreement
acs_income,mlp,fairsmote,1003,decision_disagreement,0.0409162768383384,False,lower,classics / acs_income / mlp / decision_disagreement
acs_income,mlp,erm,1003,decision_disagreement,0.1442243337028957,False,lower,classics / acs_income / mlp / decision_disagreement
acs_income,mlp,reweighing,1003,decision_disagreement,0.0646759725457045,False,lower,classics / acs_income / mlp / decision_disagreement
acs_income,mlp,fairsmote,1004,decision_disagreement,0.0417227013490261,False,lower,classics / acs_income / mlp / decision_disagreement
acs_income,mlp,erm,1004,decision_disagreement,0.121215795624592,False,lower,classics / acs_income / mlp / decision_disagreement
acs_income,mlp,reweighing,1004,decision_disagreement,0.0497005334521038,False,lower,classics / acs_income / mlp / decision_disagreement
acs_income,mlp,fairsmote,1005,decision_disagreement,0.0476479796132749,False,lower,classics / acs_income / mlp / decision_disagreement
acs_income,mlp,erm,1005,decision_disagreement,0.1203524636779271,False,lower,classics / acs_income / mlp / decision_disagreement
acs_income,mlp,reweighing,1005,decision_disagreement,0.0425483932122832,False,lower,classics / acs_income / mlp / decision_disagreement
acs_income,mlp,fairsmote,1006,decision_disagreement,0.0505708699164427,False,lower,classics / acs_income / mlp / decision_disagreement
acs_income,mlp,erm,1006,decision_disagreement,0.1361030710749906,False,lower,classics / acs_income / mlp / decision_disagreement
acs_income,mlp,reweighing,1006,decision_disagreement,0.0426846254758812,False,lower,classics / acs_income / mlp / decision_disagreement
acs_income,mlp,fairsmote,1007,decision_disagreement,0.0717983606299278,False,lower,classics / acs_income / mlp / decision_disagreement
acs_income,mlp,erm,1007,decision_disagreement,0.1385309683815991,False,lower,classics / acs_income / mlp / decision_disagreement
acs_income,mlp,reweighing,1007,decision_disagreement,0.0298597313249683,False,lower,classics / acs_income / mlp / decision_disagreement
acs_income,mlp,fairsmote,1008,decision_disagreement,0.0465788125628375,False,lower,classics / acs_income / mlp / decision_disagreement
acs_income,mlp,erm,1008,decision_disagreement,0.1263502186987718,False,lower,classics / acs_income / mlp / decision_disagreement
acs_income,mlp,reweighing,1008,decision_disagreement,0.0491377323707269,False,lower,classics / acs_income / mlp / decision_disagreement
acs_income,mlp,fairsmote,1009,decision_disagreement,0.0575725166933342,False,lower,classics / acs_income / mlp / decision_disagreement
acs_income,mlp,erm,1009,decision_disagreement,0.1349275172282897,False,lower,classics / acs_income / mlp / decision_disagreement
acs_income,mlp,reweighing,1009,decision_disagreement,0.0683920593190009,False,lower,classics / acs_income / mlp / decision_disagreement
credit_broad,mlp,fairsmote,1000,decision_disagreement,0.0146850063708717,False,lower,classics / credit_broad / mlp / decision_disagreement
credit_broad,mlp,erm,1000,decision_disagreement,0.0146520294789533,False,lower,classics / credit_broad / mlp / decision_disagreement
credit_broad,mlp,reweighing,1000,decision_disagreement,0.0147362205066361,False,lower,classics / credit_broad / mlp / decision_disagreement
credit_broad,mlp,fairsmote,1001,decision_disagreement,0.0199562573751714,False,lower,classics / credit_broad / mlp / decision_disagreement
credit_broad,mlp,erm,1001,decision_disagreement,0.0090437746390185,False,lower,classics / credit_broad / mlp / decision_disagreement
credit_broad,mlp,reweighing,1001,decision_disagreement,0.0155326899348784,False,lower,classics / credit_broad / mlp / decision_disagreement
credit_broad,mlp,fairsmote,1002,decision_disagreement,0.0242015260218994,False,lower,classics / credit_broad / mlp / decision_disagreement
credit_broad,mlp,erm,1002,decision_disagreement,0.014893029310217,False,lower,classics / credit_broad / mlp / decision_disagreement
credit_broad,mlp,reweighing,1002,decision_disagreement,0.0091433996651423,False,lower,classics / credit_broad / mlp / decision_disagreement
credit_broad,mlp,fairsmote,1003,decision_disagreement,0.0419611362180505,False,lower,classics / credit_broad / mlp / decision_disagreement
credit_broad,mlp,erm,1003,decision_disagreement,0.0173612709667129,False,lower,classics / credit_broad / mlp / decision_disagreement
credit_broad,mlp,reweighing,1003,decision_disagreement,0.0134606389158887,False,lower,classics / credit_broad / mlp / decision_disagreement
credit_broad,mlp,fairsmote,1004,decision_disagreement,0.0196253366673606,False,lower,classics / credit_broad / mlp / decision_disagreement
credit_broad,mlp,erm,1004,decision_disagreement,0.0150774519452734,False,lower,classics / credit_broad / mlp / decision_disagreement
credit_broad,mlp,reweighing,1004,decision_disagreement,0.0106235215652935,False,lower,classics / credit_broad / mlp / decision_disagreement
credit_broad,mlp,fairsmote,1005,decision_disagreement,0.0518344676498758,False,lower,classics / credit_broad / mlp / decision_disagreement
credit_broad,mlp,erm,1005,decision_disagreement,0.0152123328710006,False,lower,classics / credit_broad / mlp / decision_disagreement
credit_broad,mlp,reweighing,1005,decision_disagreement,0.0088092711902706,False,lower,classics / credit_broad / mlp / decision_disagreement
credit_broad,mlp,fairsmote,1006,decision_disagreement,0.0180801656247545,False,lower,classics / credit_broad / mlp / decision_disagreement
credit_broad,mlp,erm,1006,decision_disagreement,0.018368375397976,False,lower,classics / credit_broad / mlp / decision_disagreement
credit_broad,mlp,reweighing,1006,decision_disagreement,0.0126875542299898,False,lower,classics / credit_broad / mlp / decision_disagreement
credit_broad,mlp,fairsmote,1007,decision_disagreement,0.0247118178146936,False,lower,classics / credit_broad / mlp / decision_disagreement
credit_broad,mlp,erm,1007,decision_disagreement,0.0167539895651247,False,lower,classics / credit_broad / mlp / decision_disagreement
credit_broad,mlp,reweighing,1007,decision_disagreement,0.0058376630447498,False,lower,classics / credit_broad / mlp / decision_disagreement
credit_broad,mlp,fairsmote,1008,decision_disagreement,0.0190073432376047,False,lower,classics / credit_broad / mlp / decision_disagreement
credit_broad,mlp,erm,1008,decision_disagreement,0.0234330834936167,False,lower,classics / credit_broad / mlp / decision_disagreement
credit_broad,mlp,reweighing,1008,decision_disagreement,0.0164276442008727,False,lower,classics / credit_broad / mlp / decision_disagreement
credit_broad,mlp,fairsmote,1009,decision_disagreement,0.0113005131458058,False,lower,classics / credit_broad / mlp / decision_disagreement
credit_broad,mlp,erm,1009,decision_disagreement,0.0060578420390916,False,lower,classics / credit_broad / mlp / decision_disagreement
credit_broad,mlp,reweighing,1009,decision_disagreement,0.0132263275941447,False,lower,classics / credit_broad / mlp / decision_disagreement
hmda_oh,mlp,fairsmote,1000,decision_disagreement,0.1333499484645575,False,lower,classics / hmda_oh / mlp / decision_disagreement
hmda_oh,mlp,erm,1000,decision_disagreement,0.0783409275677951,False,lower,classics / hmda_oh / mlp / decision_disagreement
hmda_oh,mlp,reweighing,1000,decision_disagreement,0.0408198668460557,False,lower,classics / hmda_oh / mlp / decision_disagreement
hmda_oh,mlp,fairsmote,1001,decision_disagreement,0.1190763671705145,False,lower,classics / hmda_oh / mlp / decision_disagreement
hmda_oh,mlp,erm,1001,decision_disagreement,0.0535003810887689,False,lower,classics / hmda_oh / mlp / decision_disagreement
hmda_oh,mlp,reweighing,1001,decision_disagreement,0.0273064710717047,False,lower,classics / hmda_oh / mlp / decision_disagreement
hmda_oh,mlp,fairsmote,1002,decision_disagreement,0.1149474966459616,False,lower,classics / hmda_oh / mlp / decision_disagreement
hmda_oh,mlp,erm,1002,decision_disagreement,0.0473941995898897,False,lower,classics / hmda_oh / mlp / decision_disagreement
hmda_oh,mlp,reweighing,1002,decision_disagreement,0.0365524068197987,False,lower,classics / hmda_oh / mlp / decision_disagreement
hmda_oh,mlp,fairsmote,1003,decision_disagreement,0.1227450004208594,False,lower,classics / hmda_oh / mlp / decision_disagreement
hmda_oh,mlp,erm,1003,decision_disagreement,0.0627669555940712,False,lower,classics / hmda_oh / mlp / decision_disagreement
hmda_oh,mlp,reweighing,1003,decision_disagreement,0.0247650613597413,False,lower,classics / hmda_oh / mlp / decision_disagreement
hmda_oh,mlp,fairsmote,1004,decision_disagreement,0.1504855927979775,False,lower,classics / hmda_oh / mlp / decision_disagreement
hmda_oh,mlp,erm,1004,decision_disagreement,0.0532340193235778,False,lower,classics / hmda_oh / mlp / decision_disagreement
hmda_oh,mlp,reweighing,1004,decision_disagreement,0.0215900227875357,False,lower,classics / hmda_oh / mlp / decision_disagreement
hmda_oh,mlp,fairsmote,1005,decision_disagreement,0.1614337745131895,False,lower,classics / hmda_oh / mlp / decision_disagreement
hmda_oh,mlp,erm,1005,decision_disagreement,0.0696415555823682,False,lower,classics / hmda_oh / mlp / decision_disagreement
hmda_oh,mlp,reweighing,1005,decision_disagreement,0.0351279434911959,False,lower,classics / hmda_oh / mlp / decision_disagreement
hmda_oh,mlp,fairsmote,1006,decision_disagreement,0.1438503653532994,False,lower,classics / hmda_oh / mlp / decision_disagreement
hmda_oh,mlp,erm,1006,decision_disagreement,0.0540074583960212,False,lower,classics / hmda_oh / mlp / decision_disagreement
hmda_oh,mlp,reweighing,1006,decision_disagreement,0.0418363080440561,False,lower,classics / hmda_oh / mlp / decision_disagreement
hmda_oh,mlp,fairsmote,1007,decision_disagreement,0.2013962748680554,False,lower,classics / hmda_oh / mlp / decision_disagreement
hmda_oh,mlp,erm,1007,decision_disagreement,0.0493188030678942,False,lower,classics / hmda_oh / mlp / decision_disagreement
hmda_oh,mlp,reweighing,1007,decision_disagreement,0.0263502769430022,False,lower,classics / hmda_oh / mlp / decision_disagreement
hmda_oh,mlp,fairsmote,1008,decision_disagreement,0.1005278591516345,False,lower,classics / hmda_oh / mlp / decision_disagreement
hmda_oh,mlp,erm,1008,decision_disagreement,0.0536419173266061,False,lower,classics / hmda_oh / mlp / decision_disagreement
hmda_oh,mlp,reweighing,1008,decision_disagreement,0.0179024107059589,False,lower,classics / hmda_oh / mlp / decision_disagreement
hmda_oh,mlp,fairsmote,1009,decision_disagreement,0.1095729042921536,False,lower,classics / hmda_oh / mlp / decision_disagreement
hmda_oh,mlp,erm,1009,decision_disagreement,0.072416412045131,False,lower,classics / hmda_oh / mlp / decision_disagreement
hmda_oh,mlp,reweighing,1009,decision_disagreement,0.0351655573756781,False,lower,classics / hmda_oh / mlp / decision_disagreement
acs_income,mlp,fairsmote,1000,opposite_005,0.0087970497048194,False,lower,classics / acs_income / mlp / opposite_005
acs_income,mlp,erm,1000,opposite_005,0.0118586188200497,False,lower,classics / acs_income / mlp / opposite_005
acs_income,mlp,reweighing,1000,opposite_005,0.0140251503599742,False,lower,classics / acs_income / mlp / opposite_005
acs_income,mlp,fairsmote,1001,opposite_005,0.0270803307499786,False,lower,classics / acs_income / mlp / opposite_005
acs_income,mlp,erm,1001,opposite_005,0.0373705192056226,False,lower,classics / acs_income / mlp / opposite_005
acs_income,mlp,reweighing,1001,opposite_005,0.0142775452926375,False,lower,classics / acs_income / mlp / opposite_005
acs_income,mlp,fairsmote,1002,opposite_005,0.0,False,lower,classics / acs_income / mlp / opposite_005
acs_income,mlp,erm,1002,opposite_005,0.0118169594972278,False,lower,classics / acs_income / mlp / opposite_005
acs_income,mlp,reweighing,1002,opposite_005,0.0107831157037417,False,lower,classics / acs_income / mlp / opposite_005
acs_income,mlp,fairsmote,1003,opposite_005,0.0083064792013925,False,lower,classics / acs_income / mlp / opposite_005
acs_income,mlp,erm,1003,opposite_005,0.0227683340131635,False,lower,classics / acs_income / mlp / opposite_005
acs_income,mlp,reweighing,1003,opposite_005,0.0210294374866761,False,lower,classics / acs_income / mlp / opposite_005
acs_income,mlp,fairsmote,1004,opposite_005,0.0038833109241158,False,lower,classics / acs_income / mlp / opposite_005
acs_income,mlp,erm,1004,opposite_005,0.0195059162012767,False,lower,classics / acs_income / mlp / opposite_005
acs_income,mlp,reweighing,1004,opposite_005,0.0214629207183706,False,lower,classics / acs_income / mlp / opposite_005
acs_income,mlp,fairsmote,1005,opposite_005,0.015920233257293,False,lower,classics / acs_income / mlp / opposite_005
acs_income,mlp,erm,1005,opposite_005,0.0296442876638516,False,lower,classics / acs_income / mlp / opposite_005
acs_income,mlp,reweighing,1005,opposite_005,0.0109674252228751,False,lower,classics / acs_income / mlp / opposite_005
acs_income,mlp,fairsmote,1006,opposite_005,0.0217409091595788,False,lower,classics / acs_income / mlp / opposite_005
acs_income,mlp,erm,1006,opposite_005,0.0348965701307791,False,lower,classics / acs_income / mlp / opposite_005
acs_income,mlp,reweighing,1006,opposite_005,0.011545510854622,False,lower,classics / acs_income / mlp / opposite_005
acs_income,mlp,fairsmote,1007,opposite_005,0.0147733261489549,False,lower,classics / acs_income / mlp / opposite_005
acs_income,mlp,erm,1007,opposite_005,0.0062075076753668,False,lower,classics / acs_income / mlp / opposite_005
acs_income,mlp,reweighing,1007,opposite_005,0.0039840466514586,False,lower,classics / acs_income / mlp / opposite_005
acs_income,mlp,fairsmote,1008,opposite_005,0.0031830556101098,False,lower,classics / acs_income / mlp / opposite_005
acs_income,mlp,erm,1008,opposite_005,0.0390530116477573,False,lower,classics / acs_income / mlp / opposite_005
acs_income,mlp,reweighing,1008,opposite_005,0.0330068553740996,False,lower,classics / acs_income / mlp / opposite_005
acs_income,mlp,fairsmote,1009,opposite_005,0.0152700604461364,False,lower,classics / acs_income / mlp / opposite_005
acs_income,mlp,erm,1009,opposite_005,0.018495555924846,False,lower,classics / acs_income / mlp / opposite_005
acs_income,mlp,reweighing,1009,opposite_005,0.0217184764417855,False,lower,classics / acs_income / mlp / opposite_005
credit_broad,mlp,fairsmote,1000,opposite_005,0.0030538728651929,False,lower,classics / credit_broad / mlp / opposite_005
credit_broad,mlp,erm,1000,opposite_005,0.0066833800352805,False,lower,classics / credit_broad / mlp / opposite_005
credit_broad,mlp,reweighing,1000,opposite_005,0.0112536242769735,False,lower,classics / credit_broad / mlp / opposite_005
credit_broad,mlp,fairsmote,1001,opposite_005,0.0011849770282707,False,lower,classics / credit_broad / mlp / opposite_005
credit_broad,mlp,erm,1001,opposite_005,0.0008442508058194,False,lower,classics / credit_broad / mlp / opposite_005
credit_broad,mlp,reweighing,1001,opposite_005,0.0120925865918425,False,lower,classics / credit_broad / mlp / opposite_005
credit_broad,mlp,fairsmote,1002,opposite_005,0.0055790581712011,False,lower,classics / credit_broad / mlp / opposite_005
credit_broad,mlp,erm,1002,opposite_005,0.0020772851070747,False,lower,classics / credit_broad / mlp / opposite_005
credit_broad,mlp,reweighing,1002,opposite_005,0.0013894546912336,False,lower,classics / credit_broad / mlp / opposite_005
credit_broad,mlp,fairsmote,1003,opposite_005,0.0126284720130413,False,lower,classics / credit_broad / mlp / opposite_005
credit_broad,mlp,erm,1003,opposite_005,0.003198579091686,False,lower,classics / credit_broad / mlp / opposite_005
credit_broad,mlp,reweighing,1003,opposite_005,0.0023070229995479,False,lower,classics / credit_broad / mlp / opposite_005
credit_broad,mlp,fairsmote,1004,opposite_005,0.00623681738964,False,lower,classics / credit_broad / mlp / opposite_005
credit_broad,mlp,erm,1004,opposite_005,0.0029068602972593,False,lower,classics / credit_broad / mlp / opposite_005
credit_broad,mlp,reweighing,1004,opposite_005,0.0027003091978092,False,lower,classics / credit_broad / mlp / opposite_005
credit_broad,mlp,fairsmote,1005,opposite_005,0.0078257498079937,False,lower,classics / credit_broad / mlp / opposite_005
credit_broad,mlp,erm,1005,opposite_005,0.00622914325368,False,lower,classics / credit_broad / mlp / opposite_005
credit_broad,mlp,reweighing,1005,opposite_005,0.0043782186378346,False,lower,classics / credit_broad / mlp / opposite_005
credit_broad,mlp,fairsmote,1006,opposite_005,0.0014683851799974,False,lower,classics / credit_broad / mlp / opposite_005
credit_broad,mlp,erm,1006,opposite_005,0.0079632741015343,False,lower,classics / credit_broad / mlp / opposite_005
credit_broad,mlp,reweighing,1006,opposite_005,0.0077657237082101,False,lower,classics / credit_broad / mlp / opposite_005
credit_broad,mlp,fairsmote,1007,opposite_005,0.0137574377689116,False,lower,classics / credit_broad / mlp / opposite_005
credit_broad,mlp,erm,1007,opposite_005,0.0019352085626562,False,lower,classics / credit_broad / mlp / opposite_005
credit_broad,mlp,reweighing,1007,opposite_005,0.0029469055506662,False,lower,classics / credit_broad / mlp / opposite_005
credit_broad,mlp,fairsmote,1008,opposite_005,0.0088905788805155,False,lower,classics / credit_broad / mlp / opposite_005
credit_broad,mlp,erm,1008,opposite_005,0.0186484410122242,False,lower,classics / credit_broad / mlp / opposite_005
credit_broad,mlp,reweighing,1008,opposite_005,0.0149707900065787,False,lower,classics / credit_broad / mlp / opposite_005
credit_broad,mlp,fairsmote,1009,opposite_005,0.0019530316997911,False,lower,classics / credit_broad / mlp / opposite_005
credit_broad,mlp,erm,1009,opposite_005,0.0006941312428049,False,lower,classics / credit_broad / mlp / opposite_005
credit_broad,mlp,reweighing,1009,opposite_005,0.0005691260040174,False,lower,classics / credit_broad / mlp / opposite_005
hmda_oh,mlp,fairsmote,1000,opposite_005,0.1122590132430527,False,lower,classics / hmda_oh / mlp / opposite_005
hmda_oh,mlp,erm,1000,opposite_005,0.0651103004116458,False,lower,classics / hmda_oh / mlp / opposite_005
hmda_oh,mlp,reweighing,1000,opposite_005,0.0541111792939306,False,lower,classics / hmda_oh / mlp / opposite_005
hmda_oh,mlp,fairsmote,1001,opposite_005,0.0772799370351437,False,lower,classics / hmda_oh / mlp / opposite_005
hmda_oh,mlp,erm,1001,opposite_005,0.0520195372839028,False,lower,classics / hmda_oh / mlp / opposite_005
hmda_oh,mlp,reweighing,1001,opposite_005,0.0450793328539227,False,lower,classics / hmda_oh / mlp / opposite_005
hmda_oh,mlp,fairsmote,1002,opposite_005,0.0416558935456668,False,lower,classics / hmda_oh / mlp / opposite_005
hmda_oh,mlp,erm,1002,opposite_005,0.0444545845263852,False,lower,classics / hmda_oh / mlp / opposite_005
hmda_oh,mlp,reweighing,1002,opposite_005,0.0438304581937418,False,lower,classics / hmda_oh / mlp / opposite_005
hmda_oh,mlp,fairsmote,1003,opposite_005,0.0990565645136892,False,lower,classics / hmda_oh / mlp / opposite_005
hmda_oh,mlp,erm,1003,opposite_005,0.0361234344344858,False,lower,classics / hmda_oh / mlp / opposite_005
hmda_oh,mlp,reweighing,1003,opposite_005,0.0367100014943297,False,lower,classics / hmda_oh / mlp / opposite_005
hmda_oh,mlp,fairsmote,1004,opposite_005,0.079733367759043,False,lower,classics / hmda_oh / mlp / opposite_005
hmda_oh,mlp,erm,1004,opposite_005,0.0316223171038801,False,lower,classics / hmda_oh / mlp / opposite_005
hmda_oh,mlp,reweighing,1004,opposite_005,0.0248156429834798,False,lower,classics / hmda_oh / mlp / opposite_005
hmda_oh,mlp,fairsmote,1005,opposite_005,0.1120196265166239,False,lower,classics / hmda_oh / mlp / opposite_005
hmda_oh,mlp,erm,1005,opposite_005,0.0400863604405166,False,lower,classics / hmda_oh / mlp / opposite_005
hmda_oh,mlp,reweighing,1005,opposite_005,0.0285887192409116,False,lower,classics / hmda_oh / mlp / opposite_005
hmda_oh,mlp,fairsmote,1006,opposite_005,0.0956007266053029,False,lower,classics / hmda_oh / mlp / opposite_005
hmda_oh,mlp,erm,1006,opposite_005,0.0406986342978948,False,lower,classics / hmda_oh / mlp / opposite_005
hmda_oh,mlp,reweighing,1006,opposite_005,0.0446406879241313,False,lower,classics / hmda_oh / mlp / opposite_005
hmda_oh,mlp,fairsmote,1007,opposite_005,0.1737786728674365,False,lower,classics / hmda_oh / mlp / opposite_005
hmda_oh,mlp,erm,1007,opposite_005,0.0279178467724545,False,lower,classics / hmda_oh / mlp / opposite_005
hmda_oh,mlp,reweighing,1007,opposite_005,0.024830089017659,False,lower,classics / hmda_oh / mlp / opposite_005
hmda_oh,mlp,fairsmote,1008,opposite_005,0.0451710609273132,False,lower,classics / hmda_oh / mlp / opposite_005
hmda_oh,mlp,erm,1008,opposite_005,0.0303088251093382,False,lower,classics / hmda_oh / mlp / opposite_005
hmda_oh,mlp,reweighing,1008,opposite_005,0.0203258676466495,False,lower,classics / hmda_oh / mlp / opposite_005
hmda_oh,mlp,fairsmote,1009,opposite_005,0.0952087936130715,False,lower,classics / hmda_oh / mlp / opposite_005
hmda_oh,mlp,erm,1009,opposite_005,0.0307630795840892,False,lower,classics / hmda_oh / mlp / opposite_005
hmda_oh,mlp,reweighing,1009,opposite_005,0.024212613036651,False,lower,classics / hmda_oh / mlp / opposite_005
acs_income,mlp,fairsmote,1000,direction_adverse_005,0.0011111111111111,False,lower,classics / acs_income / mlp / direction_adverse_005
acs_income,mlp,erm,1000,direction_adverse_005,0.0011111111111111,False,lower,classics / acs_income / mlp / direction_adverse_005
acs_income,mlp,reweighing,1000,direction_adverse_005,0.0005555555555555,False,lower,classics / acs_income / mlp / direction_adverse_005
acs_income,mlp,fairsmote,1001,direction_adverse_005,0.0013888888888888,False,lower,classics / acs_income / mlp / direction_adverse_005
acs_income,mlp,erm,1001,direction_adverse_005,0.0008333333333333,False,lower,classics / acs_income / mlp / direction_adverse_005
acs_income,mlp,reweighing,1001,direction_adverse_005,0.0011111111111111,False,lower,classics / acs_income / mlp / direction_adverse_005
acs_income,mlp,fairsmote,1002,direction_adverse_005,0.0002777777777777,False,lower,classics / acs_income / mlp / direction_adverse_005
acs_income,mlp,erm,1002,direction_adverse_005,0.0002777777777777,False,lower,classics / acs_income / mlp / direction_adverse_005
acs_income,mlp,reweighing,1002,direction_adverse_005,0.0005555555555555,False,lower,classics / acs_income / mlp / direction_adverse_005
acs_income,mlp,fairsmote,1003,direction_adverse_005,0.0002777777777777,False,lower,classics / acs_income / mlp / direction_adverse_005
acs_income,mlp,erm,1003,direction_adverse_005,0.0016666666666666,False,lower,classics / acs_income / mlp / direction_adverse_005
acs_income,mlp,reweighing,1003,direction_adverse_005,0.0011111111111111,False,lower,classics / acs_income / mlp / direction_adverse_005
acs_income,mlp,fairsmote,1004,direction_adverse_005,0.0011111111111111,False,lower,classics / acs_income / mlp / direction_adverse_005
acs_income,mlp,erm,1004,direction_adverse_005,0.0022222222222222,False,lower,classics / acs_income / mlp / direction_adverse_005
acs_income,mlp,reweighing,1004,direction_adverse_005,0.0022222222222222,False,lower,classics / acs_income / mlp / direction_adverse_005
acs_income,mlp,fairsmote,1005,direction_adverse_005,0.0002777777777777,False,lower,classics / acs_income / mlp / direction_adverse_005
acs_income,mlp,erm,1005,direction_adverse_005,0.0008333333333333,False,lower,classics / acs_income / mlp / direction_adverse_005
acs_income,mlp,reweighing,1005,direction_adverse_005,0.0002777777777777,False,lower,classics / acs_income / mlp / direction_adverse_005
acs_income,mlp,fairsmote,1006,direction_adverse_005,0.0013888888888888,False,lower,classics / acs_income / mlp / direction_adverse_005
acs_income,mlp,erm,1006,direction_adverse_005,0.0030555555555555,False,lower,classics / acs_income / mlp / direction_adverse_005
acs_income,mlp,reweighing,1006,direction_adverse_005,0.0025,False,lower,classics / acs_income / mlp / direction_adverse_005
acs_income,mlp,fairsmote,1007,direction_adverse_005,0.0008333333333333,False,lower,classics / acs_income / mlp / direction_adverse_005
acs_income,mlp,erm,1007,direction_adverse_005,0.0005555555555555,False,lower,classics / acs_income / mlp / direction_adverse_005
acs_income,mlp,reweighing,1007,direction_adverse_005,0.0002777777777777,False,lower,classics / acs_income / mlp / direction_adverse_005
acs_income,mlp,fairsmote,1008,direction_adverse_005,0.0,False,lower,classics / acs_income / mlp / direction_adverse_005
acs_income,mlp,erm,1008,direction_adverse_005,0.0022222222222222,False,lower,classics / acs_income / mlp / direction_adverse_005
acs_income,mlp,reweighing,1008,direction_adverse_005,0.0022222222222222,False,lower,classics / acs_income / mlp / direction_adverse_005
acs_income,mlp,fairsmote,1009,direction_adverse_005,0.0022222222222222,False,lower,classics / acs_income / mlp / direction_adverse_005
acs_income,mlp,erm,1009,direction_adverse_005,0.0016666666666666,False,lower,classics / acs_income / mlp / direction_adverse_005
acs_income,mlp,reweighing,1009,direction_adverse_005,0.0016666666666666,False,lower,classics / acs_income / mlp / direction_adverse_005
credit_broad,mlp,fairsmote,1000,direction_adverse_005,0.3412292634193525,False,lower,classics / credit_broad / mlp / direction_adverse_005
credit_broad,mlp,erm,1000,direction_adverse_005,0.1051008598971423,False,lower,classics / credit_broad / mlp / direction_adverse_005
credit_broad,mlp,reweighing,1000,direction_adverse_005,0.1835379667742936,False,lower,classics / credit_broad / mlp / direction_adverse_005
credit_broad,mlp,fairsmote,1001,direction_adverse_005,0.3084319953748707,False,lower,classics / credit_broad / mlp / direction_adverse_005
credit_broad,mlp,erm,1001,direction_adverse_005,0.0049777824403428,False,lower,classics / credit_broad / mlp / direction_adverse_005
credit_broad,mlp,reweighing,1001,direction_adverse_005,0.0948780628116977,False,lower,classics / credit_broad / mlp / direction_adverse_005
credit_broad,mlp,fairsmote,1002,direction_adverse_005,0.4782891450419606,False,lower,classics / credit_broad / mlp / direction_adverse_005
credit_broad,mlp,erm,1002,direction_adverse_005,0.0090938192238416,False,lower,classics / credit_broad / mlp / direction_adverse_005
credit_broad,mlp,reweighing,1002,direction_adverse_005,0.0026621260441307,False,lower,classics / credit_broad / mlp / direction_adverse_005
credit_broad,mlp,fairsmote,1003,direction_adverse_005,0.5726783788499433,False,lower,classics / credit_broad / mlp / direction_adverse_005
credit_broad,mlp,erm,1003,direction_adverse_005,0.0177718923102254,False,lower,classics / credit_broad / mlp / direction_adverse_005
credit_broad,mlp,reweighing,1003,direction_adverse_005,0.0160448807426621,False,lower,classics / credit_broad / mlp / direction_adverse_005
credit_broad,mlp,fairsmote,1004,direction_adverse_005,0.5157302705512936,False,lower,classics / credit_broad / mlp / direction_adverse_005
credit_broad,mlp,erm,1004,direction_adverse_005,0.0478606445113531,False,lower,classics / credit_broad / mlp / direction_adverse_005
credit_broad,mlp,reweighing,1004,direction_adverse_005,0.0494969563722544,False,lower,classics / credit_broad / mlp / direction_adverse_005
credit_broad,mlp,fairsmote,1005,direction_adverse_005,0.4731898568986762,False,lower,classics / credit_broad / mlp / direction_adverse_005
credit_broad,mlp,erm,1005,direction_adverse_005,0.0534450633459005,False,lower,classics / credit_broad / mlp / direction_adverse_005
credit_broad,mlp,reweighing,1005,direction_adverse_005,0.0483149092160656,False,lower,classics / credit_broad / mlp / direction_adverse_005
credit_broad,mlp,fairsmote,1006,direction_adverse_005,0.3422693375908139,False,lower,classics / credit_broad / mlp / direction_adverse_005
credit_broad,mlp,erm,1006,direction_adverse_005,0.0597487746461541,False,lower,classics / credit_broad / mlp / direction_adverse_005
credit_broad,mlp,reweighing,1006,direction_adverse_005,0.077173279450113,False,lower,classics / credit_broad / mlp / direction_adverse_005
credit_broad,mlp,fairsmote,1007,direction_adverse_005,0.5436832648538503,False,lower,classics / credit_broad / mlp / direction_adverse_005
credit_broad,mlp,erm,1007,direction_adverse_005,0.0431314540367407,False,lower,classics / credit_broad / mlp / direction_adverse_005
credit_broad,mlp,reweighing,1007,direction_adverse_005,0.0591871318254806,False,lower,classics / credit_broad / mlp / direction_adverse_005
credit_broad,mlp,fairsmote,1008,direction_adverse_005,0.5932549375368057,False,lower,classics / credit_broad / mlp / direction_adverse_005
credit_broad,mlp,erm,1008,direction_adverse_005,0.1087032689261685,False,lower,classics / credit_broad / mlp / direction_adverse_005
credit_broad,mlp,reweighing,1008,direction_adverse_005,0.1019985239423845,False,lower,classics / credit_broad / mlp / direction_adverse_005
credit_broad,mlp,fairsmote,1009,direction_adverse_005,0.3039456559104863,False,lower,classics / credit_broad / mlp / direction_adverse_005
credit_broad,mlp,erm,1009,direction_adverse_005,0.0114160092252296,False,lower,classics / credit_broad / mlp / direction_adverse_005
credit_broad,mlp,reweighing,1009,direction_adverse_005,0.010472983073489,False,lower,classics / credit_broad / mlp / direction_adverse_005
hmda_oh,mlp,fairsmote,1000,direction_adverse_005,0.4354924076820123,False,lower,classics / hmda_oh / mlp / direction_adverse_005
hmda_oh,mlp,erm,1000,direction_adverse_005,0.3140019873808582,False,lower,classics / hmda_oh / mlp / direction_adverse_005
hmda_oh,mlp,reweighing,1000,direction_adverse_005,0.2628507667194318,False,lower,classics / hmda_oh / mlp / direction_adverse_005
hmda_oh,mlp,fairsmote,1001,direction_adverse_005,0.3206389177946949,False,lower,classics / hmda_oh / mlp / direction_adverse_005
hmda_oh,mlp,erm,1001,direction_adverse_005,0.2303549935161226,False,lower,classics / hmda_oh / mlp / direction_adverse_005
hmda_oh,mlp,reweighing,1001,direction_adverse_005,0.2449717263022015,False,lower,classics / hmda_oh / mlp / direction_adverse_005
hmda_oh,mlp,fairsmote,1002,direction_adverse_005,0.2044073819588876,False,lower,classics / hmda_oh / mlp / direction_adverse_005
hmda_oh,mlp,erm,1002,direction_adverse_005,0.2361621363050595,False,lower,classics / hmda_oh / mlp / direction_adverse_005
hmda_oh,mlp,reweighing,1002,direction_adverse_005,0.239687263784783,False,lower,classics / hmda_oh / mlp / direction_adverse_005
hmda_oh,mlp,fairsmote,1003,direction_adverse_005,0.4761827503590589,False,lower,classics / hmda_oh / mlp / direction_adverse_005
hmda_oh,mlp,erm,1003,direction_adverse_005,0.2549492308848199,False,lower,classics / hmda_oh / mlp / direction_adverse_005
hmda_oh,mlp,reweighing,1003,direction_adverse_005,0.2203944782883671,False,lower,classics / hmda_oh / mlp / direction_adverse_005
hmda_oh,mlp,fairsmote,1004,direction_adverse_005,0.2804799543030243,False,lower,classics / hmda_oh / mlp / direction_adverse_005
hmda_oh,mlp,erm,1004,direction_adverse_005,0.2223402397437449,False,lower,classics / hmda_oh / mlp / direction_adverse_005
hmda_oh,mlp,reweighing,1004,direction_adverse_005,0.2018247820795404,False,lower,classics / hmda_oh / mlp / direction_adverse_005
hmda_oh,mlp,fairsmote,1005,direction_adverse_005,0.3955817734347445,False,lower,classics / hmda_oh / mlp / direction_adverse_005
hmda_oh,mlp,erm,1005,direction_adverse_005,0.1976488575609061,False,lower,classics / hmda_oh / mlp / direction_adverse_005
hmda_oh,mlp,reweighing,1005,direction_adverse_005,0.1771192355309266,False,lower,classics / hmda_oh / mlp / direction_adverse_005
hmda_oh,mlp,fairsmote,1006,direction_adverse_005,0.3402800703470324,False,lower,classics / hmda_oh / mlp / direction_adverse_005
hmda_oh,mlp,erm,1006,direction_adverse_005,0.264478473396741,False,lower,classics / hmda_oh / mlp / direction_adverse_005
hmda_oh,mlp,reweighing,1006,direction_adverse_005,0.2311706165510458,False,lower,classics / hmda_oh / mlp / direction_adverse_005
hmda_oh,mlp,fairsmote,1007,direction_adverse_005,0.510311553769431,False,lower,classics / hmda_oh / mlp / direction_adverse_005
hmda_oh,mlp,erm,1007,direction_adverse_005,0.217998885738579,False,lower,classics / hmda_oh / mlp / direction_adverse_005
hmda_oh,mlp,reweighing,1007,direction_adverse_005,0.2388596138494287,False,lower,classics / hmda_oh / mlp / direction_adverse_005
hmda_oh,mlp,fairsmote,1008,direction_adverse_005,0.2215388151028206,False,lower,classics / hmda_oh / mlp / direction_adverse_005
hmda_oh,mlp,erm,1008,direction_adverse_005,0.2404852378463012,False,lower,classics / hmda_oh / mlp / direction_adverse_005
hmda_oh,mlp,reweighing,1008,direction_adverse_005,0.2103502119696388,False,lower,classics / hmda_oh / mlp / direction_adverse_005
hmda_oh,mlp,fairsmote,1009,direction_adverse_005,0.4386193286415923,False,lower,classics / hmda_oh / mlp / direction_adverse_005
hmda_oh,mlp,erm,1009,direction_adverse_005,0.2603203683605016,False,lower,classics / hmda_oh / mlp / direction_adverse_005
hmda_oh,mlp,reweighing,1009,direction_adverse_005,0.2050263399094237,False,lower,classics / hmda_oh / mlp / direction_adverse_005
acs_income,mlp,fairsmote,1000,direction_both_adverse_005,0.0,False,lower,classics / acs_income / mlp / direction_both_adverse_005
acs_income,mlp,erm,1000,direction_both_adverse_005,0.0,False,lower,classics / acs_income / mlp / direction_both_adverse_005
acs_income,mlp,reweighing,1000,direction_both_adverse_005,0.0,False,lower,classics / acs_income / mlp / direction_both_adverse_005
acs_income,mlp,fairsmote,1001,direction_both_adverse_005,0.0002777777777777,False,lower,classics / acs_income / mlp / direction_both_adverse_005
acs_income,mlp,erm,1001,direction_both_adverse_005,0.0005555555555555,False,lower,classics / acs_income / mlp / direction_both_adverse_005
acs_income,mlp,reweighing,1001,direction_both_adverse_005,0.0002777777777777,False,lower,classics / acs_income / mlp / direction_both_adverse_005
acs_income,mlp,fairsmote,1002,direction_both_adverse_005,0.0,False,lower,classics / acs_income / mlp / direction_both_adverse_005
acs_income,mlp,erm,1002,direction_both_adverse_005,0.0002777777777777,False,lower,classics / acs_income / mlp / direction_both_adverse_005
acs_income,mlp,reweighing,1002,direction_both_adverse_005,0.0002777777777777,False,lower,classics / acs_income / mlp / direction_both_adverse_005
acs_income,mlp,fairsmote,1003,direction_both_adverse_005,0.0,False,lower,classics / acs_income / mlp / direction_both_adverse_005
acs_income,mlp,erm,1003,direction_both_adverse_005,0.0008333333333333,False,lower,classics / acs_income / mlp / direction_both_adverse_005
acs_income,mlp,reweighing,1003,direction_both_adverse_005,0.0002777777777777,False,lower,classics / acs_income / mlp / direction_both_adverse_005
acs_income,mlp,fairsmote,1004,direction_both_adverse_005,0.0,False,lower,classics / acs_income / mlp / direction_both_adverse_005
acs_income,mlp,erm,1004,direction_both_adverse_005,0.0002777777777777,False,lower,classics / acs_income / mlp / direction_both_adverse_005
acs_income,mlp,reweighing,1004,direction_both_adverse_005,0.0005555555555555,False,lower,classics / acs_income / mlp / direction_both_adverse_005
acs_income,mlp,fairsmote,1005,direction_both_adverse_005,0.0,False,lower,classics / acs_income / mlp / direction_both_adverse_005
acs_income,mlp,erm,1005,direction_both_adverse_005,0.0,False,lower,classics / acs_income / mlp / direction_both_adverse_005
acs_income,mlp,reweighing,1005,direction_both_adverse_005,0.0,False,lower,classics / acs_income / mlp / direction_both_adverse_005
acs_income,mlp,fairsmote,1006,direction_both_adverse_005,0.0,False,lower,classics / acs_income / mlp / direction_both_adverse_005
acs_income,mlp,erm,1006,direction_both_adverse_005,0.0002777777777777,False,lower,classics / acs_income / mlp / direction_both_adverse_005
acs_income,mlp,reweighing,1006,direction_both_adverse_005,0.0005555555555555,False,lower,classics / acs_income / mlp / direction_both_adverse_005
acs_income,mlp,fairsmote,1007,direction_both_adverse_005,0.0,False,lower,classics / acs_income / mlp / direction_both_adverse_005
acs_income,mlp,erm,1007,direction_both_adverse_005,0.0,False,lower,classics / acs_income / mlp / direction_both_adverse_005
acs_income,mlp,reweighing,1007,direction_both_adverse_005,0.0,False,lower,classics / acs_income / mlp / direction_both_adverse_005
acs_income,mlp,fairsmote,1008,direction_both_adverse_005,0.0,False,lower,classics / acs_income / mlp / direction_both_adverse_005
acs_income,mlp,erm,1008,direction_both_adverse_005,0.0013888888888888,False,lower,classics / acs_income / mlp / direction_both_adverse_005
acs_income,mlp,reweighing,1008,direction_both_adverse_005,0.0013888888888888,False,lower,classics / acs_income / mlp / direction_both_adverse_005
acs_income,mlp,fairsmote,1009,direction_both_adverse_005,0.0008333333333333,False,lower,classics / acs_income / mlp / direction_both_adverse_005
acs_income,mlp,erm,1009,direction_both_adverse_005,0.0005555555555555,False,lower,classics / acs_income / mlp / direction_both_adverse_005
acs_income,mlp,reweighing,1009,direction_both_adverse_005,0.0005555555555555,False,lower,classics / acs_income / mlp / direction_both_adverse_005
credit_broad,mlp,fairsmote,1000,direction_both_adverse_005,0.288073160692982,False,lower,classics / credit_broad / mlp / direction_both_adverse_005
credit_broad,mlp,erm,1000,direction_both_adverse_005,0.0656352748921326,False,lower,classics / credit_broad / mlp / direction_both_adverse_005
credit_broad,mlp,reweighing,1000,direction_both_adverse_005,0.1195272772207307,False,lower,classics / credit_broad / mlp / direction_both_adverse_005
credit_broad,mlp,fairsmote,1001,direction_both_adverse_005,0.2359200817336256,False,lower,classics / credit_broad / mlp / direction_both_adverse_005
credit_broad,mlp,erm,1001,direction_both_adverse_005,0.0023173346874262,False,lower,classics / credit_broad / mlp / direction_both_adverse_005
credit_broad,mlp,reweighing,1001,direction_both_adverse_005,0.0497047674920176,False,lower,classics / credit_broad / mlp / direction_both_adverse_005
credit_broad,mlp,fairsmote,1002,direction_both_adverse_005,0.4193732752385776,False,lower,classics / credit_broad / mlp / direction_both_adverse_005
credit_broad,mlp,erm,1002,direction_both_adverse_005,0.0047185087965974,False,lower,classics / credit_broad / mlp / direction_both_adverse_005
credit_broad,mlp,reweighing,1002,direction_both_adverse_005,0.0015454637780777,False,lower,classics / credit_broad / mlp / direction_both_adverse_005
credit_broad,mlp,fairsmote,1003,direction_both_adverse_005,0.5067460495352839,False,lower,classics / credit_broad / mlp / direction_both_adverse_005
credit_broad,mlp,erm,1003,direction_both_adverse_005,0.0082409712129448,False,lower,classics / credit_broad / mlp / direction_both_adverse_005
credit_broad,mlp,reweighing,1003,direction_both_adverse_005,0.0070342899501561,False,lower,classics / credit_broad / mlp / direction_both_adverse_005
credit_broad,mlp,fairsmote,1004,direction_both_adverse_005,0.4466130636556387,False,lower,classics / credit_broad / mlp / direction_both_adverse_005
credit_broad,mlp,erm,1004,direction_both_adverse_005,0.0308530490808213,False,lower,classics / credit_broad / mlp / direction_both_adverse_005
credit_broad,mlp,reweighing,1004,direction_both_adverse_005,0.0330032710124462,False,lower,classics / credit_broad / mlp / direction_both_adverse_005
credit_broad,mlp,fairsmote,1005,direction_both_adverse_005,0.3814725692127332,False,lower,classics / credit_broad / mlp / direction_both_adverse_005
credit_broad,mlp,erm,1005,direction_both_adverse_005,0.0265951345781322,False,lower,classics / credit_broad / mlp / direction_both_adverse_005
credit_broad,mlp,reweighing,1005,direction_both_adverse_005,0.0271218499120012,False,lower,classics / credit_broad / mlp / direction_both_adverse_005
credit_broad,mlp,fairsmote,1006,direction_both_adverse_005,0.2868112276386587,False,lower,classics / credit_broad / mlp / direction_both_adverse_005
credit_broad,mlp,erm,1006,direction_both_adverse_005,0.0352021162130918,False,lower,classics / credit_broad / mlp / direction_both_adverse_005
credit_broad,mlp,reweighing,1006,direction_both_adverse_005,0.0477367317080186,False,lower,classics / credit_broad / mlp / direction_both_adverse_005
credit_broad,mlp,fairsmote,1007,direction_both_adverse_005,0.4732410524173622,False,lower,classics / credit_broad / mlp / direction_both_adverse_005
credit_broad,mlp,erm,1007,direction_both_adverse_005,0.0322241044277561,False,lower,classics / credit_broad / mlp / direction_both_adverse_005
credit_broad,mlp,reweighing,1007,direction_both_adverse_005,0.0426173479159839,False,lower,classics / credit_broad / mlp / direction_both_adverse_005
credit_broad,mlp,fairsmote,1008,direction_both_adverse_005,0.539880535521998,False,lower,classics / credit_broad / mlp / direction_both_adverse_005
credit_broad,mlp,erm,1008,direction_both_adverse_005,0.0601928444977188,False,lower,classics / credit_broad / mlp / direction_both_adverse_005
credit_broad,mlp,reweighing,1008,direction_both_adverse_005,0.0622516999564004,False,lower,classics / credit_broad / mlp / direction_both_adverse_005
credit_broad,mlp,fairsmote,1009,direction_both_adverse_005,0.2414927197619189,False,lower,classics / credit_broad / mlp / direction_both_adverse_005
credit_broad,mlp,erm,1009,direction_both_adverse_005,0.0072107535126273,False,lower,classics / credit_broad / mlp / direction_both_adverse_005
credit_broad,mlp,reweighing,1009,direction_both_adverse_005,0.0063518688340707,False,lower,classics / credit_broad / mlp / direction_both_adverse_005
hmda_oh,mlp,fairsmote,1000,direction_both_adverse_005,0.2960114072365396,False,lower,classics / hmda_oh / mlp / direction_both_adverse_005
hmda_oh,mlp,erm,1000,direction_both_adverse_005,0.1674706160088098,False,lower,classics / hmda_oh / mlp / direction_both_adverse_005
hmda_oh,mlp,reweighing,1000,direction_both_adverse_005,0.1543793491392495,False,lower,classics / hmda_oh / mlp / direction_both_adverse_005
hmda_oh,mlp,fairsmote,1001,direction_both_adverse_005,0.189610894128923,False,lower,classics / hmda_oh / mlp / direction_both_adverse_005
hmda_oh,mlp,erm,1001,direction_both_adverse_005,0.1230830461276977,False,lower,classics / hmda_oh / mlp / direction_both_adverse_005
hmda_oh,mlp,reweighing,1001,direction_both_adverse_005,0.1528106450810768,False,lower,classics / hmda_oh / mlp / direction_both_adverse_005
hmda_oh,mlp,fairsmote,1002,direction_both_adverse_005,0.1053496470351839,False,lower,classics / hmda_oh / mlp / direction_both_adverse_005
hmda_oh,mlp,erm,1002,direction_both_adverse_005,0.142420772025767,False,lower,classics / hmda_oh / mlp / direction_both_adverse_005
hmda_oh,mlp,reweighing,1002,direction_both_adverse_005,0.1302776369826617,False,lower,classics / hmda_oh / mlp / direction_both_adverse_005
hmda_oh,mlp,fairsmote,1003,direction_both_adverse_005,0.3064481160166534,False,lower,classics / hmda_oh / mlp / direction_both_adverse_005
hmda_oh,mlp,erm,1003,direction_both_adverse_005,0.1694407929846293,False,lower,classics / hmda_oh / mlp / direction_both_adverse_005
hmda_oh,mlp,reweighing,1003,direction_both_adverse_005,0.1474763112670029,False,lower,classics / hmda_oh / mlp / direction_both_adverse_005
hmda_oh,mlp,fairsmote,1004,direction_both_adverse_005,0.1729197211380895,False,lower,classics / hmda_oh / mlp / direction_both_adverse_005
hmda_oh,mlp,erm,1004,direction_both_adverse_005,0.1535790157907153,False,lower,classics / hmda_oh / mlp / direction_both_adverse_005
hmda_oh,mlp,reweighing,1004,direction_both_adverse_005,0.1365295991706656,False,lower,classics / hmda_oh / mlp / direction_both_adverse_005
hmda_oh,mlp,fairsmote,1005,direction_both_adverse_005,0.2496246776242468,False,lower,classics / hmda_oh / mlp / direction_both_adverse_005
hmda_oh,mlp,erm,1005,direction_both_adverse_005,0.1252387664038229,False,lower,classics / hmda_oh / mlp / direction_both_adverse_005
hmda_oh,mlp,reweighing,1005,direction_both_adverse_005,0.1178209680090728,False,lower,classics / hmda_oh / mlp / direction_both_adverse_005
hmda_oh,mlp,fairsmote,1006,direction_both_adverse_005,0.2103548839498516,False,lower,classics / hmda_oh / mlp / direction_both_adverse_005
hmda_oh,mlp,erm,1006,direction_both_adverse_005,0.1581376140736633,False,lower,classics / hmda_oh / mlp / direction_both_adverse_005
hmda_oh,mlp,reweighing,1006,direction_both_adverse_005,0.1381987411473665,False,lower,classics / hmda_oh / mlp / direction_both_adverse_005
hmda_oh,mlp,fairsmote,1007,direction_both_adverse_005,0.2395433783005338,False,lower,classics / hmda_oh / mlp / direction_both_adverse_005
hmda_oh,mlp,erm,1007,direction_both_adverse_005,0.1593749157193201,False,lower,classics / hmda_oh / mlp / direction_both_adverse_005
hmda_oh,mlp,reweighing,1007,direction_both_adverse_005,0.1607716824027825,False,lower,classics / hmda_oh / mlp / direction_both_adverse_005
hmda_oh,mlp,fairsmote,1008,direction_both_adverse_005,0.1244557127854769,False,lower,classics / hmda_oh / mlp / direction_both_adverse_005
hmda_oh,mlp,erm,1008,direction_both_adverse_005,0.1562325650781611,False,lower,classics / hmda_oh / mlp / direction_both_adverse_005
hmda_oh,mlp,reweighing,1008,direction_both_adverse_005,0.1421456154506647,False,lower,classics / hmda_oh / mlp / direction_both_adverse_005
hmda_oh,mlp,fairsmote,1009,direction_both_adverse_005,0.2800719559849955,False,lower,classics / hmda_oh / mlp / direction_both_adverse_005
hmda_oh,mlp,erm,1009,direction_both_adverse_005,0.1483364102499173,False,lower,classics / hmda_oh / mlp / direction_both_adverse_005
hmda_oh,mlp,reweighing,1009,direction_both_adverse_005,0.1287460343719925,False,lower,classics / hmda_oh / mlp / direction_both_adverse_005
acs_income,mlp,fairsmote,1000,direction_adverse_decision,0.0,False,lower,classics / acs_income / mlp / direction_adverse_decision
acs_income,mlp,erm,1000,direction_adverse_decision,0.0,False,lower,classics / acs_income / mlp / direction_adverse_decision
acs_income,mlp,reweighing,1000,direction_adverse_decision,0.0,False,lower,classics / acs_income / mlp / direction_adverse_decision
acs_income,mlp,fairsmote,1001,direction_adverse_decision,0.0002777777777777,False,lower,classics / acs_income / mlp / direction_adverse_decision
acs_income,mlp,erm,1001,direction_adverse_decision,0.0,False,lower,classics / acs_income / mlp / direction_adverse_decision
acs_income,mlp,reweighing,1001,direction_adverse_decision,0.0,False,lower,classics / acs_income / mlp / direction_adverse_decision
acs_income,mlp,fairsmote,1002,direction_adverse_decision,0.0,False,lower,classics / acs_income / mlp / direction_adverse_decision
acs_income,mlp,erm,1002,direction_adverse_decision,0.0,False,lower,classics / acs_income / mlp / direction_adverse_decision
acs_income,mlp,reweighing,1002,direction_adverse_decision,0.0,False,lower,classics / acs_income / mlp / direction_adverse_decision
acs_income,mlp,fairsmote,1003,direction_adverse_decision,0.0,False,lower,classics / acs_income / mlp / direction_adverse_decision
acs_income,mlp,erm,1003,direction_adverse_decision,0.0,False,lower,classics / acs_income / mlp / direction_adverse_decision
acs_income,mlp,reweighing,1003,direction_adverse_decision,0.0,False,lower,classics / acs_income / mlp / direction_adverse_decision
acs_income,mlp,fairsmote,1004,direction_adverse_decision,0.0,False,lower,classics / acs_income / mlp / direction_adverse_decision
acs_income,mlp,erm,1004,direction_adverse_decision,0.0002777777777777,False,lower,classics / acs_income / mlp / direction_adverse_decision
acs_income,mlp,reweighing,1004,direction_adverse_decision,0.0,False,lower,classics / acs_income / mlp / direction_adverse_decision
acs_income,mlp,fairsmote,1005,direction_adverse_decision,0.0,False,lower,classics / acs_income / mlp / direction_adverse_decision
acs_income,mlp,erm,1005,direction_adverse_decision,0.0,False,lower,classics / acs_income / mlp / direction_adverse_decision
acs_income,mlp,reweighing,1005,direction_adverse_decision,0.0,False,lower,classics / acs_income / mlp / direction_adverse_decision
acs_income,mlp,fairsmote,1006,direction_adverse_decision,0.0,False,lower,classics / acs_income / mlp / direction_adverse_decision
acs_income,mlp,erm,1006,direction_adverse_decision,0.0,False,lower,classics / acs_income / mlp / direction_adverse_decision
acs_income,mlp,reweighing,1006,direction_adverse_decision,0.0,False,lower,classics / acs_income / mlp / direction_adverse_decision
acs_income,mlp,fairsmote,1007,direction_adverse_decision,0.0,False,lower,classics / acs_income / mlp / direction_adverse_decision
acs_income,mlp,erm,1007,direction_adverse_decision,0.0,False,lower,classics / acs_income / mlp / direction_adverse_decision
acs_income,mlp,reweighing,1007,direction_adverse_decision,0.0,False,lower,classics / acs_income / mlp / direction_adverse_decision
acs_income,mlp,fairsmote,1008,direction_adverse_decision,0.0,False,lower,classics / acs_income / mlp / direction_adverse_decision
acs_income,mlp,erm,1008,direction_adverse_decision,0.0002777777777777,False,lower,classics / acs_income / mlp / direction_adverse_decision
acs_income,mlp,reweighing,1008,direction_adverse_decision,0.0,False,lower,classics / acs_income / mlp / direction_adverse_decision
acs_income,mlp,fairsmote,1009,direction_adverse_decision,0.0,False,lower,classics / acs_income / mlp / direction_adverse_decision
acs_income,mlp,erm,1009,direction_adverse_decision,0.0,False,lower,classics / acs_income / mlp / direction_adverse_decision
acs_income,mlp,reweighing,1009,direction_adverse_decision,0.0,False,lower,classics / acs_income / mlp / direction_adverse_decision
credit_broad,mlp,fairsmote,1000,direction_adverse_decision,0.0106487543656918,False,lower,classics / credit_broad / mlp / direction_adverse_decision
credit_broad,mlp,erm,1000,direction_adverse_decision,0.0032596613031573,False,lower,classics / credit_broad / mlp / direction_adverse_decision
credit_broad,mlp,reweighing,1000,direction_adverse_decision,0.0042908546668749,False,lower,classics / credit_broad / mlp / direction_adverse_decision
credit_broad,mlp,fairsmote,1001,direction_adverse_decision,0.008141004228749,False,lower,classics / credit_broad / mlp / direction_adverse_decision
credit_broad,mlp,erm,1001,direction_adverse_decision,0.0,False,lower,classics / credit_broad / mlp / direction_adverse_decision
credit_broad,mlp,reweighing,1001,direction_adverse_decision,0.002658826515669,False,lower,classics / credit_broad / mlp / direction_adverse_decision
credit_broad,mlp,fairsmote,1002,direction_adverse_decision,0.0273763985071246,False,lower,classics / credit_broad / mlp / direction_adverse_decision
credit_broad,mlp,erm,1002,direction_adverse_decision,0.0,False,lower,classics / credit_broad / mlp / direction_adverse_decision
credit_broad,mlp,reweighing,1002,direction_adverse_decision,0.0,False,lower,classics / credit_broad / mlp / direction_adverse_decision
credit_broad,mlp,fairsmote,1003,direction_adverse_decision,0.0542321606320611,False,lower,classics / credit_broad / mlp / direction_adverse_decision
credit_broad,mlp,erm,1003,direction_adverse_decision,8.608815426997245e-05,False,lower,classics / credit_broad / mlp / direction_adverse_decision
credit_broad,mlp,reweighing,1003,direction_adverse_decision,8.608815426997245e-05,False,lower,classics / credit_broad / mlp / direction_adverse_decision
credit_broad,mlp,fairsmote,1004,direction_adverse_decision,0.0262591873101882,False,lower,classics / credit_broad / mlp / direction_adverse_decision
credit_broad,mlp,erm,1004,direction_adverse_decision,0.0018038726301271,False,lower,classics / credit_broad / mlp / direction_adverse_decision
credit_broad,mlp,reweighing,1004,direction_adverse_decision,0.0010309365825512,False,lower,classics / credit_broad / mlp / direction_adverse_decision
credit_broad,mlp,fairsmote,1005,direction_adverse_decision,0.0484004231400532,False,lower,classics / credit_broad / mlp / direction_adverse_decision
credit_broad,mlp,erm,1005,direction_adverse_decision,0.0011997943796364,False,lower,classics / credit_broad / mlp / direction_adverse_decision
credit_broad,mlp,reweighing,1005,direction_adverse_decision,0.0010296469468064,False,lower,classics / credit_broad / mlp / direction_adverse_decision
credit_broad,mlp,fairsmote,1006,direction_adverse_decision,0.0121785696785395,False,lower,classics / credit_broad / mlp / direction_adverse_decision
credit_broad,mlp,erm,1006,direction_adverse_decision,0.0024040481436241,False,lower,classics / credit_broad / mlp / direction_adverse_decision
credit_broad,mlp,reweighing,1006,direction_adverse_decision,0.0021468934460034,False,lower,classics / credit_broad / mlp / direction_adverse_decision
credit_broad,mlp,fairsmote,1007,direction_adverse_decision,0.0327787688990127,False,lower,classics / credit_broad / mlp / direction_adverse_decision
credit_broad,mlp,erm,1007,direction_adverse_decision,0.0023229203584566,False,lower,classics / credit_broad / mlp / direction_adverse_decision
credit_broad,mlp,reweighing,1007,direction_adverse_decision,0.0019779042295358,False,lower,classics / credit_broad / mlp / direction_adverse_decision
credit_broad,mlp,fairsmote,1008,direction_adverse_decision,0.0345699746364695,False,lower,classics / credit_broad / mlp / direction_adverse_decision
credit_broad,mlp,erm,1008,direction_adverse_decision,0.0032595413606494,False,lower,classics / credit_broad / mlp / direction_adverse_decision
credit_broad,mlp,reweighing,1008,direction_adverse_decision,0.0036039774932157,False,lower,classics / credit_broad / mlp / direction_adverse_decision
credit_broad,mlp,fairsmote,1009,direction_adverse_decision,0.008742435088323,False,lower,classics / credit_broad / mlp / direction_adverse_decision
credit_broad,mlp,erm,1009,direction_adverse_decision,8.582217645039477e-05,False,lower,classics / credit_broad / mlp / direction_adverse_decision
credit_broad,mlp,reweighing,1009,direction_adverse_decision,8.564576909900651e-05,False,lower,classics / credit_broad / mlp / direction_adverse_decision
hmda_oh,mlp,fairsmote,1000,direction_adverse_decision,0.0672080038146908,False,lower,classics / hmda_oh / mlp / direction_adverse_decision
hmda_oh,mlp,erm,1000,direction_adverse_decision,0.0194674439962649,False,lower,classics / hmda_oh / mlp / direction_adverse_decision
hmda_oh,mlp,reweighing,1000,direction_adverse_decision,0.010160777839725,False,lower,classics / hmda_oh / mlp / direction_adverse_decision
hmda_oh,mlp,fairsmote,1001,direction_adverse_decision,0.036122076018527,False,lower,classics / hmda_oh / mlp / direction_adverse_decision
hmda_oh,mlp,erm,1001,direction_adverse_decision,0.007989108581764,False,lower,classics / hmda_oh / mlp / direction_adverse_decision
hmda_oh,mlp,reweighing,1001,direction_adverse_decision,0.0089400915813753,False,lower,classics / hmda_oh / mlp / direction_adverse_decision
hmda_oh,mlp,fairsmote,1002,direction_adverse_decision,0.0105897022777741,False,lower,classics / hmda_oh / mlp / direction_adverse_decision
hmda_oh,mlp,erm,1002,direction_adverse_decision,0.0093968542134259,False,lower,classics / hmda_oh / mlp / direction_adverse_decision
hmda_oh,mlp,reweighing,1002,direction_adverse_decision,0.0082756442621663,False,lower,classics / hmda_oh / mlp / direction_adverse_decision
hmda_oh,mlp,fairsmote,1003,direction_adverse_decision,0.0735062774732247,False,lower,classics / hmda_oh / mlp / direction_adverse_decision
hmda_oh,mlp,erm,1003,direction_adverse_decision,0.0136883819221851,False,lower,classics / hmda_oh / mlp / direction_adverse_decision
hmda_oh,mlp,reweighing,1003,direction_adverse_decision,0.0060938859487152,False,lower,classics / hmda_oh / mlp / direction_adverse_decision
hmda_oh,mlp,fairsmote,1004,direction_adverse_decision,0.0411862859276065,False,lower,classics / hmda_oh / mlp / direction_adverse_decision
hmda_oh,mlp,erm,1004,direction_adverse_decision,0.0089548443312844,False,lower,classics / hmda_oh / mlp / direction_adverse_decision
hmda_oh,mlp,reweighing,1004,direction_adverse_decision,0.0042877319135532,False,lower,classics / hmda_oh / mlp / direction_adverse_decision
hmda_oh,mlp,fairsmote,1005,direction_adverse_decision,0.0721671570555044,False,lower,classics / hmda_oh / mlp / direction_adverse_decision
hmda_oh,mlp,erm,1005,direction_adverse_decision,0.0118250224714476,False,lower,classics / hmda_oh / mlp / direction_adverse_decision
hmda_oh,mlp,reweighing,1005,direction_adverse_decision,0.0058792888644804,False,lower,classics / hmda_oh / mlp / direction_adverse_decision
hmda_oh,mlp,fairsmote,1006,direction_adverse_decision,0.0443042269661498,False,lower,classics / hmda_oh / mlp / direction_adverse_decision
hmda_oh,mlp,erm,1006,direction_adverse_decision,0.0174186562424211,False,lower,classics / hmda_oh / mlp / direction_adverse_decision
hmda_oh,mlp,reweighing,1006,direction_adverse_decision,0.0121602928944592,False,lower,classics / hmda_oh / mlp / direction_adverse_decision
hmda_oh,mlp,fairsmote,1007,direction_adverse_decision,0.1149171798050127,False,lower,classics / hmda_oh / mlp / direction_adverse_decision
hmda_oh,mlp,erm,1007,direction_adverse_decision,0.012997943984602,False,lower,classics / hmda_oh / mlp / direction_adverse_decision
hmda_oh,mlp,reweighing,1007,direction_adverse_decision,0.0069160743429553,False,lower,classics / hmda_oh / mlp / direction_adverse_decision
hmda_oh,mlp,fairsmote,1008,direction_adverse_decision,0.014123588437177,False,lower,classics / hmda_oh / mlp / direction_adverse_decision
hmda_oh,mlp,erm,1008,direction_adverse_decision,0.009476933645505,False,lower,classics / hmda_oh / mlp / direction_adverse_decision
hmda_oh,mlp,reweighing,1008,direction_adverse_decision,0.005478103480823,False,lower,classics / hmda_oh / mlp / direction_adverse_decision
hmda_oh,mlp,fairsmote,1009,direction_adverse_decision,0.0457323756001891,False,lower,classics / hmda_oh / mlp / direction_adverse_decision
hmda_oh,mlp,erm,1009,direction_adverse_decision,0.0140789192201942,False,lower,classics / hmda_oh / mlp / direction_adverse_decision
hmda_oh,mlp,reweighing,1009,direction_adverse_decision,0.0072137374632132,False,lower,classics / hmda_oh / mlp / direction_adverse_decision
acs_income,mlp,fairsmote,1000,direction_joint_pass,0.1130930036696143,False,higher,classics / acs_income / mlp / direction_joint_pass
acs_income,mlp,erm,1000,direction_joint_pass,0.1211202851470853,False,higher,classics / acs_income / mlp / direction_joint_pass
acs_income,mlp,reweighing,1000,direction_joint_pass,0.0911768333032545,False,higher,classics / acs_income / mlp / direction_joint_pass
acs_income,mlp,fairsmote,1001,direction_joint_pass,0.1318921073211815,False,higher,classics / acs_income / mlp / direction_joint_pass
acs_income,mlp,erm,1001,direction_joint_pass,0.2157449016423028,False,higher,classics / acs_income / mlp / direction_joint_pass
acs_income,mlp,reweighing,1001,direction_joint_pass,0.0903456054863743,False,higher,classics / acs_income / mlp / direction_joint_pass
acs_income,mlp,fairsmote,1002,direction_joint_pass,0.3965576309932022,False,higher,classics / acs_income / mlp / direction_joint_pass
acs_income,mlp,erm,1002,direction_joint_pass,0.2120157312157853,False,higher,classics / acs_income / mlp / direction_joint_pass
acs_income,mlp,reweighing,1002,direction_joint_pass,0.1795476147506466,False,higher,classics / acs_income / mlp / direction_joint_pass
acs_income,mlp,fairsmote,1003,direction_joint_pass,0.2474906755699933,False,higher,classics / acs_income / mlp / direction_joint_pass
acs_income,mlp,erm,1003,direction_joint_pass,0.1481388738494856,False,higher,classics / acs_income / mlp / direction_joint_pass
acs_income,mlp,reweighing,1003,direction_joint_pass,0.0528830536004331,False,higher,classics / acs_income / mlp / direction_joint_pass
acs_income,mlp,fairsmote,1004,direction_joint_pass,0.2703595921313842,False,higher,classics / acs_income / mlp / direction_joint_pass
acs_income,mlp,erm,1004,direction_joint_pass,0.3199729290741743,False,higher,classics / acs_income / mlp / direction_joint_pass
acs_income,mlp,reweighing,1004,direction_joint_pass,0.2762798532154243,False,higher,classics / acs_income / mlp / direction_joint_pass
acs_income,mlp,fairsmote,1005,direction_joint_pass,0.1076964146062684,False,higher,classics / acs_income / mlp / direction_joint_pass
acs_income,mlp,erm,1005,direction_joint_pass,0.1566410996811646,False,higher,classics / acs_income / mlp / direction_joint_pass
acs_income,mlp,reweighing,1005,direction_joint_pass,0.0990520664140047,False,higher,classics / acs_income / mlp / direction_joint_pass
acs_income,mlp,fairsmote,1006,direction_joint_pass,0.285404860735126,False,higher,classics / acs_income / mlp / direction_joint_pass
acs_income,mlp,erm,1006,direction_joint_pass,0.3102373217830717,False,higher,classics / acs_income / mlp / direction_joint_pass
acs_income,mlp,reweighing,1006,direction_joint_pass,0.1813952054382482,False,higher,classics / acs_income / mlp / direction_joint_pass
acs_income,mlp,fairsmote,1007,direction_joint_pass,0.1307788906936172,False,higher,classics / acs_income / mlp / direction_joint_pass
acs_income,mlp,erm,1007,direction_joint_pass,0.4057715213860314,False,higher,classics / acs_income / mlp / direction_joint_pass
acs_income,mlp,reweighing,1007,direction_joint_pass,0.2362049569873067,False,higher,classics / acs_income / mlp / direction_joint_pass
acs_income,mlp,fairsmote,1008,direction_joint_pass,0.1622652349154785,False,higher,classics / acs_income / mlp / direction_joint_pass
acs_income,mlp,erm,1008,direction_joint_pass,0.1808650664741623,False,higher,classics / acs_income / mlp / direction_joint_pass
acs_income,mlp,reweighing,1008,direction_joint_pass,0.1626455814233291,False,higher,classics / acs_income / mlp / direction_joint_pass
acs_income,mlp,fairsmote,1009,direction_joint_pass,0.1334739517535944,False,higher,classics / acs_income / mlp / direction_joint_pass
acs_income,mlp,erm,1009,direction_joint_pass,0.189546110810323,False,higher,classics / acs_income / mlp / direction_joint_pass
acs_income,mlp,reweighing,1009,direction_joint_pass,0.1301024183360404,False,higher,classics / acs_income / mlp / direction_joint_pass
credit_broad,mlp,fairsmote,1000,direction_joint_pass,0.6441904424126098,False,higher,classics / credit_broad / mlp / direction_joint_pass
credit_broad,mlp,erm,1000,direction_joint_pass,0.6236330236477893,False,higher,classics / credit_broad / mlp / direction_joint_pass
credit_broad,mlp,reweighing,1000,direction_joint_pass,0.489122124707277,False,higher,classics / credit_broad / mlp / direction_joint_pass
credit_broad,mlp,fairsmote,1001,direction_joint_pass,0.6750912128310164,False,higher,classics / credit_broad / mlp / direction_joint_pass
credit_broad,mlp,erm,1001,direction_joint_pass,0.9458442757089216,False,higher,classics / credit_broad / mlp / direction_joint_pass
credit_broad,mlp,reweighing,1001,direction_joint_pass,0.605878731049088,False,higher,classics / credit_broad / mlp / direction_joint_pass
credit_broad,mlp,fairsmote,1002,direction_joint_pass,0.4593394301764976,False,higher,classics / credit_broad / mlp / direction_joint_pass
credit_broad,mlp,erm,1002,direction_joint_pass,0.8799920333768491,False,higher,classics / credit_broad / mlp / direction_joint_pass
credit_broad,mlp,reweighing,1002,direction_joint_pass,0.8932748330519772,False,higher,classics / credit_broad / mlp / direction_joint_pass
credit_broad,mlp,fairsmote,1003,direction_joint_pass,0.3214673536046388,False,higher,classics / credit_broad / mlp / direction_joint_pass
credit_broad,mlp,erm,1003,direction_joint_pass,0.7851571833020835,False,higher,classics / credit_broad / mlp / direction_joint_pass
credit_broad,mlp,reweighing,1003,direction_joint_pass,0.7630095546555795,False,higher,classics / credit_broad / mlp / direction_joint_pass
credit_broad,mlp,fairsmote,1004,direction_joint_pass,0.4433364002037165,False,higher,classics / credit_broad / mlp / direction_joint_pass
credit_broad,mlp,erm,1004,direction_joint_pass,0.8177685484106716,False,higher,classics / credit_broad / mlp / direction_joint_pass
credit_broad,mlp,reweighing,1004,direction_joint_pass,0.8051745709568389,False,higher,classics / credit_broad / mlp / direction_joint_pass
credit_broad,mlp,fairsmote,1005,direction_joint_pass,0.4437083264182928,False,higher,classics / credit_broad / mlp / direction_joint_pass
credit_broad,mlp,erm,1005,direction_joint_pass,0.6444220313792061,False,higher,classics / credit_broad / mlp / direction_joint_pass
credit_broad,mlp,reweighing,1005,direction_joint_pass,0.6515966363084608,False,higher,classics / credit_broad / mlp / direction_joint_pass
credit_broad,mlp,fairsmote,1006,direction_joint_pass,0.6520658528898204,False,higher,classics / credit_broad / mlp / direction_joint_pass
credit_broad,mlp,erm,1006,direction_joint_pass,0.7388116119167863,False,higher,classics / credit_broad / mlp / direction_joint_pass
credit_broad,mlp,reweighing,1006,direction_joint_pass,0.7031994722959044,False,higher,classics / credit_broad / mlp / direction_joint_pass
credit_broad,mlp,fairsmote,1007,direction_joint_pass,0.3046088916269486,False,higher,classics / credit_broad / mlp / direction_joint_pass
credit_broad,mlp,erm,1007,direction_joint_pass,0.8366109539164887,False,higher,classics / credit_broad / mlp / direction_joint_pass
credit_broad,mlp,reweighing,1007,direction_joint_pass,0.7735370237945052,False,higher,classics / credit_broad / mlp / direction_joint_pass
credit_broad,mlp,fairsmote,1008,direction_joint_pass,0.356386638192484,False,higher,classics / credit_broad / mlp / direction_joint_pass
credit_broad,mlp,erm,1008,direction_joint_pass,0.5553563559590292,False,higher,classics / credit_broad / mlp / direction_joint_pass
credit_broad,mlp,reweighing,1008,direction_joint_pass,0.6014458866993598,False,higher,classics / credit_broad / mlp / direction_joint_pass
credit_broad,mlp,fairsmote,1009,direction_joint_pass,0.6739774056035969,False,higher,classics / credit_broad / mlp / direction_joint_pass
credit_broad,mlp,erm,1009,direction_joint_pass,0.8728649936436494,False,higher,classics / credit_broad / mlp / direction_joint_pass
credit_broad,mlp,reweighing,1009,direction_joint_pass,0.860849156265894,False,higher,classics / credit_broad / mlp / direction_joint_pass
hmda_oh,mlp,fairsmote,1000,direction_joint_pass,0.0840669055437895,False,higher,classics / hmda_oh / mlp / direction_joint_pass
hmda_oh,mlp,erm,1000,direction_joint_pass,0.1159605011359788,False,higher,classics / hmda_oh / mlp / direction_joint_pass
hmda_oh,mlp,reweighing,1000,direction_joint_pass,0.1413364490704816,False,higher,classics / hmda_oh / mlp / direction_joint_pass
hmda_oh,mlp,fairsmote,1001,direction_joint_pass,0.1656620732298971,False,higher,classics / hmda_oh / mlp / direction_joint_pass
hmda_oh,mlp,erm,1001,direction_joint_pass,0.1809239222610765,False,higher,classics / hmda_oh / mlp / direction_joint_pass
hmda_oh,mlp,reweighing,1001,direction_joint_pass,0.2027308154905496,False,higher,classics / hmda_oh / mlp / direction_joint_pass
hmda_oh,mlp,fairsmote,1002,direction_joint_pass,0.2191214757478771,False,higher,classics / hmda_oh / mlp / direction_joint_pass
hmda_oh,mlp,erm,1002,direction_joint_pass,0.2085490414777066,False,higher,classics / hmda_oh / mlp / direction_joint_pass
hmda_oh,mlp,reweighing,1002,direction_joint_pass,0.19965172116562,False,higher,classics / hmda_oh / mlp / direction_joint_pass
hmda_oh,mlp,fairsmote,1003,direction_joint_pass,0.1029475570377296,False,higher,classics / hmda_oh / mlp / direction_joint_pass
hmda_oh,mlp,erm,1003,direction_joint_pass,0.2218672141025571,False,higher,classics / hmda_oh / mlp / direction_joint_pass
hmda_oh,mlp,reweighing,1003,direction_joint_pass,0.2269541597498959,False,higher,classics / hmda_oh / mlp / direction_joint_pass
hmda_oh,mlp,fairsmote,1004,direction_joint_pass,0.1400673914010338,False,higher,classics / hmda_oh / mlp / direction_joint_pass
hmda_oh,mlp,erm,1004,direction_joint_pass,0.2463627183370866,False,higher,classics / hmda_oh / mlp / direction_joint_pass
hmda_oh,mlp,reweighing,1004,direction_joint_pass,0.2577850866095967,False,higher,classics / hmda_oh / mlp / direction_joint_pass
hmda_oh,mlp,fairsmote,1005,direction_joint_pass,0.104586137985109,False,higher,classics / hmda_oh / mlp / direction_joint_pass
hmda_oh,mlp,erm,1005,direction_joint_pass,0.2149367123337245,False,higher,classics / hmda_oh / mlp / direction_joint_pass
hmda_oh,mlp,reweighing,1005,direction_joint_pass,0.2279220711964411,False,higher,classics / hmda_oh / mlp / direction_joint_pass
hmda_oh,mlp,fairsmote,1006,direction_joint_pass,0.1311121055110608,False,higher,classics / hmda_oh / mlp / direction_joint_pass
hmda_oh,mlp,erm,1006,direction_joint_pass,0.188014265054534,False,higher,classics / hmda_oh / mlp / direction_joint_pass
hmda_oh,mlp,reweighing,1006,direction_joint_pass,0.1669760109775716,False,higher,classics / hmda_oh / mlp / direction_joint_pass
hmda_oh,mlp,fairsmote,1007,direction_joint_pass,0.0336217778778872,False,higher,classics / hmda_oh / mlp / direction_joint_pass
hmda_oh,mlp,erm,1007,direction_joint_pass,0.2551089905126824,False,higher,classics / hmda_oh / mlp / direction_joint_pass
hmda_oh,mlp,reweighing,1007,direction_joint_pass,0.228422781649256,False,higher,classics / hmda_oh / mlp / direction_joint_pass
hmda_oh,mlp,fairsmote,1008,direction_joint_pass,0.2334996902848581,False,higher,classics / hmda_oh / mlp / direction_joint_pass
hmda_oh,mlp,erm,1008,direction_joint_pass,0.2475295311059071,False,higher,classics / hmda_oh / mlp / direction_joint_pass
hmda_oh,mlp,reweighing,1008,direction_joint_pass,0.2684393777793886,False,higher,classics / hmda_oh / mlp / direction_joint_pass
hmda_oh,mlp,fairsmote,1009,direction_joint_pass,0.1033246663113421,False,higher,classics / hmda_oh / mlp / direction_joint_pass
hmda_oh,mlp,erm,1009,direction_joint_pass,0.2330250950649294,False,higher,classics / hmda_oh / mlp / direction_joint_pass
hmda_oh,mlp,reweighing,1009,direction_joint_pass,0.2395948565536478,False,higher,classics / hmda_oh / mlp / direction_joint_pass
