task,seed,architecture,arm,checkpoint,auc,ap,f1,accuracy,brier,bce,eomax,aod,dp,tpr_gap,fpr_gap,group0_tpr,group0_fpr,group0_positive,group0_n,group1_tpr,group1_fpr,group1_positive,group1_n,L_R,violation_005,P_R,decision_disagreement,opposite_005,P_mean_common_abs,P_population_effect_gap,direction_L_R,direction_violation_005,direction_P_R,direction_decision_disagreement,direction_opposite_005,direction_P_mean_common_abs,direction_direction_logit_loss,direction_adverse_magnitude,direction_adverse_decision,direction_common_response,direction_signed_common_response,direction_adverse_0,direction_both_adverse_0,direction_adverse_005,direction_both_adverse_005,direction_adverse_01,direction_both_adverse_01,direction_joint_pass,arrays,checkpoint_sha256,source_done,source_sha256,selected_epoch,epochs_completed,training_seconds,initial_state_sha256,task_batch_sha256,regularizer_model_rows,optimizer_updates,admitted,initial_checkpoint,pretrained_weights_loaded,negative_outcomes_retained,arrays_sha256
acs_income,1000,mlp,erm,interfair/training/mlp/runs/confirmation/acs_income/1000/erm/selected.pt,0.904852480669884,0.8898984508753679,0.8213478064224333,0.8204817451901227,0.1258612634709433,0.391357870450665,0.090673731914654,0.0686929204085933,0.1512874910036279,0.0467121089025326,0.090673731914654,0.8706659328563566,0.2587365591397849,0.5951588502269289,3305,0.823953823953824,0.1680628272251308,0.4438713592233009,3296,0.1266766600763379,0.6382595282445992,0.0368894431904518,0.1414820024248762,0.0096017269365508,0.1240840391597906,0.0231488943746954,0.2139968762418718,0.8101612224026951,0.0597236101787336,0.1788491848643446,0.0011111111111111,0.2059344069640922,6.371183136215406e-05,2.003082237586576e-05,0.0,0.2059344069640922,0.2059181277354077,0.0072222222222222,0.0016666666666666,0.0016666666666666,0.0002777777777777,0.0013888888888888,0.0002777777777777,0.1895609998195271,interfair/training/mlp/evaluation/acs_income/1000/erm.npz,e370ca7e188e331c908b96598d3f32bdaf4e26ea8a6e60732638579528ae8fae,interfair/training/mlp/runs/confirmation/acs_income/1000/erm/DONE.json,6e1bfff06ac8ae67e3866b2f9b34aa9622d4395389542973a936d439a45dfb42,5,40,14.562578807002865,7d00f417607cba3d2965c934bad356cb807be693ea5a665df5bc59242f0dd8ec,d24b1cc27f3ccf2d0064ce11ea487651833d8c3c444caf16b162be19aa3040fd,0,1680,True,,False,True,2c228f5cf646b5734b28d11dd67e09cfef1364a8a8fa7cc86a7e14a108a30326
acs_income,1001,mlp,erm,interfair/training/mlp/runs/confirmation/acs_income/1001/erm/selected.pt,0.904969535439572,0.8908905956803719,0.8173240525908739,0.8210877139827298,0.1246072922818927,0.3874698288170697,0.0807021617969937,0.0697592835317958,0.1519628615072779,0.0588164052665979,0.0807021617969937,0.8503026967528894,0.2278225806451612,0.5700453857791226,3305,0.7914862914862915,0.1471204188481675,0.4180825242718446,3296,0.1065397210624436,0.6382454165182636,0.0311061587637141,0.1336200802881634,0.0205041671072973,0.1156431615381684,0.0203783633899784,0.1453677415125988,0.6921736449497684,0.0474826631849766,0.1646592071226613,0.0008333333333333,0.192712439160731,5.813772850076863e-05,2.1500271212090693e-05,0.0,0.192712439160731,0.1926832864518139,0.0030555555555555,0.0008333333333333,0.0013888888888888,0.0002777777777777,0.0011111111111111,0.0002777777777777,0.3078263550502316,interfair/training/mlp/evaluation/acs_income/1001/erm.npz,77a148b3a7d1cb7d6a4beb6824974fa46dce2b5c84814f08eb374c5347020c1e,interfair/training/mlp/runs/confirmation/acs_income/1001/erm/DONE.json,cc399e8114c529ab3a9f4b0bef11477d87b84ee6d01a53e1935865853ab7035b,5,40,14.411279696039855,dc7a60470b5e53070f87ee8fc13b095af653b0f1df364122f39c80f5ac018b77,4855c9ae683b17b48c593b5dc85a3409e772a8f792ae0411b283c295b1f6e77a,0,1680,True,,False,True,63c3f265a0d9d3a4de55c8442c2efbfe5ddcef6508c53d0e0a26c02c73ecd98b
acs_income,1002,mlp,erm,interfair/training/mlp/runs/confirmation/acs_income/1002/erm/selected.pt,0.9036268051379878,0.8893001916604152,0.7998056365403304,0.8127556430843812,0.1285881197154615,0.3977198551619902,0.0806154953100467,0.0750829826941496,0.1542039679508835,0.0806154953100467,0.0695504700782525,0.8057237204182719,0.1868279569892473,0.5270801815431165,3305,0.7251082251082251,0.1172774869109947,0.372876213592233,3296,0.0919166934560215,0.5960394968455084,0.0333507984693295,0.1489417746879277,0.0068280331757134,0.121689774523632,0.0197007599760541,0.1283718201447695,0.7231334596643205,0.052707709820746,0.1733360404259158,0.0,0.1996825631885337,2.958994506086141e-05,1.0298943402182104e-05,0.0,0.1996825631885337,0.1996632285152611,0.0016666666666666,0.0008333333333333,0.0008333333333333,0.0005555555555555,0.0005555555555555,0.0002777777777777,0.2763109847801239,interfair/training/mlp/evaluation/acs_income/1002/erm.npz,424ccad3c041a78d8342e8a4816e2cf835dff12982cf405751a1a32bc380251f,interfair/training/mlp/runs/confirmation/acs_income/1002/erm/DONE.json,1357fd40f10a6ddbbcaf45963509c47bd724c3ec30581454e5ee2501a2c4777d,5,40,14.654967916954774,e6c64f6ee2a9d5e14f2812145e01bca264d19f811ac7f3e883c01bb2a1687870,db7bb01fdbe209127a11b7bd1a1346db4a9a0045c37113824c911a176b3c42ac,0,1680,True,,False,True,29d6a930633a45b0c73e96c5aad9f8e62289daa0edfb93e5e3b0b4b5253417e7
acs_income,1003,mlp,erm,interfair/training/mlp/runs/confirmation/acs_income/1003/erm/selected.pt,0.904537241333307,0.8910844782009238,0.8161280200815815,0.8224511437660961,0.1255398702832178,0.3896238311472431,0.069816472442718,0.0663886191051541,0.1486676189357108,0.0629607657675902,0.069816472442718,0.8392955421023666,0.2069892473118279,0.5546142208774584,3305,0.7763347763347763,0.1371727748691099,0.4059466019417476,3296,0.1197296012126403,0.7253704153188398,0.0338635941889086,0.1508850547983598,0.0220915622162128,0.126225211670573,0.0215994452995855,0.1531460491814841,0.7881567707393371,0.0500369255177515,0.1696380015640979,0.0002777777777777,0.1991873200075802,1.862919423551361e-05,8.432226801166498e-06,0.0,0.1991873200075802,0.1991777277680201,0.0019444444444444,0.0002777777777777,0.0008333333333333,0.0,0.0005555555555555,0.0,0.2118432292606629,interfair/training/mlp/evaluation/acs_income/1003/erm.npz,42f115af61bacd40cba902db56420136f1c042079be3b638c5ffa453c89956df,interfair/training/mlp/runs/confirmation/acs_income/1003/erm/DONE.json,0009b64ec326d0eacd63873854d509f793041df35314278e9766966a402cb9fe,5,40,14.850358713010792,e49ba44d89e498116d6d1af5c3ce24a10b77113ba73b10b305c8a040f0612b60,d4615bb7e455fe7d0e6169b26a396c477fc26178eafee07ded8f3e991141aee2,0,1680,True,,False,True,ee989927cf3f1074275a92f38c61d95b4c7a2d38589913874fc55648dfa704ac
acs_income,1004,mlp,erm,interfair/training/mlp/runs/confirmation/acs_income/1004/erm/selected.pt,0.9040214285569904,0.8890624250725361,0.8197656954040252,0.8182093622178458,0.1260271005273346,0.3917282499161475,0.0694420987445814,0.0537296351117515,0.1358249305994154,0.0380171714789215,0.0694420987445814,0.868464501926252,0.2526881720430107,0.5912254160363086,3305,0.8304473304473304,0.1832460732984293,0.4554004854368932,3296,0.1080387993599995,0.6445335784205596,0.0289413227451514,0.1218396822589995,0.0169748278183158,0.1134459986241703,0.0185253149167106,0.1440644667514109,0.6789682969379776,0.0450629191051039,0.1556904590025867,0.0002777777777777,0.1907748500725252,2.1324245688776088e-05,1.4103195072583026e-05,0.0,0.1907748500725252,0.1907544736044031,0.0033333333333333,0.0008333333333333,0.0008333333333333,0.0002777777777777,0.0008333333333333,0.0002777777777777,0.3210317030620225,interfair/training/mlp/evaluation/acs_income/1004/erm.npz,ff6e454af4d7f76dbcac6639e891148a1ad72936cac818f78e24ccf154fae1c9,interfair/training/mlp/runs/confirmation/acs_income/1004/erm/DONE.json,430fbfcd37170693ca225d56f28d53b8eb09a9e56afc0f564f87027fd1864cec,5,40,14.547235952981282,fb32c8928726449c2e632145c67bd9e75e3b1418544770c2844c5059fc063a49,03251bd92f75f3d47111c77c28f9a53ce9f422c4a19fc9d38b78cc4ad4695630,0,1680,True,,False,True,586d49c51626f3c213ef0c4db5d4dbcb28e720f80d9b2d7fed34e1805c85285d
acs_income,1005,mlp,erm,interfair/training/mlp/runs/confirmation/acs_income/1005/erm/selected.pt,0.9040756375947578,0.8901094681602568,0.8166184751179425,0.8174519012270868,0.1258639535872341,0.3908715395472637,0.0837344480099082,0.0603002372095688,0.1422235543380873,0.0368660264092294,0.0837344480099082,0.8536048431480462,0.2486559139784946,0.5812405446293495,3305,0.8167388167388168,0.1649214659685864,0.4390169902912621,3296,0.1198056343311453,0.6762416320660074,0.0339805693458484,0.130258503764697,0.0099996172807799,0.1248953976969227,0.0211870105219588,0.1791409012079436,0.7913699392408109,0.0531865012063854,0.1655278830536004,0.0016666666666666,0.2025594928941892,4.343439969736494e-05,3.87688623145905e-05,0.0,0.2025594928941892,0.2025093604930075,0.0036111111111111,0.0011111111111111,0.0022222222222222,0.0005555555555555,0.0016666666666666,0.0002777777777777,0.208630060759189,interfair/training/mlp/evaluation/acs_income/1005/erm.npz,b32eebb433c79f8cfadf5d5acc093d1481785b6a911ee84ca6360619b1ac3772,interfair/training/mlp/runs/confirmation/acs_income/1005/erm/DONE.json,9b6950ff7b0244096b6c2e5e55be84ac307414eb9e1194b9c22056d293bfda46,5,40,16.08287735801423,5b2cec3fa48f8661c5be72ad033524279e98d34a8ab87d644c08979e38de0276,be45707186eb6b3da28c8077c732af0484bd964c70841ca9f56f1499c3270456,0,1680,True,,False,True,c3ac65b80716c9d4613df92cbaf9ef103c3f73a624931dfd793c2f09626c72af
acs_income,1006,mlp,erm,interfair/training/mlp/runs/confirmation/acs_income/1006/erm/selected.pt,0.9041490494950566,0.8885518999318075,0.816988416988417,0.8204817451901227,0.125317444315455,0.3890633868048168,0.0842108596520857,0.081242178236319,0.1628661890633491,0.0782734968205524,0.0842108596520857,0.8596587782058338,0.2318548387096774,0.5770045385779122,3305,0.7813852813852814,0.1476439790575916,0.4141383495145631,3296,0.0765014033265543,0.5122993549548428,0.029568208805697,0.1458291527963291,0.0054697072701544,0.1107346185585907,0.0172485099929134,0.1037798551183501,0.5760195211454009,0.0454824752151489,0.1871118330024664,0.0008333333333333,0.1729260683649864,0.0001868632574439,2.887026844965304e-05,0.0,0.1729260683649864,0.1728861780205872,0.0108333333333333,0.0030555555555555,0.0030555555555555,0.0008333333333333,0.0013888888888888,0.0,0.4237027010768213,interfair/training/mlp/evaluation/acs_income/1006/erm.npz,a75e0d2b05693fbc66919a7ef38ed480cf72f5d45b9041b01e5c4139fe78424d,interfair/training/mlp/runs/confirmation/acs_income/1006/erm/DONE.json,00932a5a86022451d05e91537b08c29804cda24395cf2b8a7d23fef63eaf033b,5,40,14.83990422799252,8fa457efaa41623220321ec188f3abc4124684f396a61c8bc11dab1c0ebde478,7f7ef5e8cc9abdb45167de1f459aa03f53e9281fb0d510a6bb8472c79f09815a,0,1680,True,,False,True,0a2e81eed570a0458753eb0ca91d5be452e8f04c31038352480f6a9af592bbff
acs_income,1007,mlp,erm,interfair/training/mlp/runs/confirmation/acs_income/1007/erm/selected.pt,0.9050538810271492,0.8919208663485465,0.812617702448211,0.8191183154067565,0.1255443930009842,0.3888123779910329,0.0837105218713055,0.0776646481484522,0.1589699337573256,0.0716187744255989,0.0837105218713055,0.8392955421023666,0.2177419354838709,0.5594553706505295,3305,0.7676767676767676,0.1340314136125654,0.4004854368932038,3296,0.1312580153020866,0.7460000815122422,0.0352968122304554,0.1408760219641709,0.0138937165225594,0.1260542249762769,0.0226304471555373,0.1662479505304038,0.7684246225109788,0.0495916216264865,0.1603632015881609,0.0002777777777777,0.189313698093103,1.4534455549516502e-05,5.046165896195563e-06,0.0,0.189313698093103,0.1893062602291551,0.0013888888888888,0.0005555555555555,0.0005555555555555,0.0,0.0005555555555555,0.0,0.2315753774890212,interfair/training/mlp/evaluation/acs_income/1007/erm.npz,db63f623f8698bdda6277f5285da23da17a307a4b9fc1771aea0d95fdb43ac35,interfair/training/mlp/runs/confirmation/acs_income/1007/erm/DONE.json,bbbbf04f9eda2dcec39c27aa14f47a9e57554677204fe428442104bfdb87bd66,5,40,16.0004544230178,781ea79489aefa147512cfb88466d3296f3d4fd6ec53dbd8b12c06dc35087eb6,4298082150b7252b5b1e0129caa6ed20fb88590f13f11bf6425d708e69e75c7c,0,1680,True,,False,True,14dd262e45099120055dd9ed5bc20b7c9d8b649441ca5e64091f31cd61766575
acs_income,1008,mlp,erm,interfair/training/mlp/runs/confirmation/acs_income/1008/erm/selected.pt,0.9042813562990994,0.8899605902939942,0.8152573529411765,0.817300409028935,0.1257147073246652,0.3895798333115011,0.0887511963069301,0.0720169777486146,0.1534517610857336,0.0552827591902991,0.0887511963069301,0.8547055586130985,0.2452956989247312,0.5803328290468986,3305,0.7994227994227994,0.156544502617801,0.426881067961165,3296,0.1038148986795491,0.644104425366061,0.0328710626401623,0.1294331963978335,0.020598371429003,0.1141996606588378,0.0193579098782431,0.1437381985302482,0.7039131023280996,0.0508759200189372,0.1691976478373338,0.0,0.1837985508340094,7.207628323333992e-05,2.4609428575180303e-05,0.0,0.1837985508340094,0.1837508218109075,0.0016666666666666,0.0008333333333333,0.0011111111111111,0.0005555555555555,0.0008333333333333,0.0005555555555555,0.2960868976719004,interfair/training/mlp/evaluation/acs_income/1008/erm.npz,0a63eeb21207bfd1fb4f8704022f7ada510a6f9d8fed23b5aa3006eca923077c,interfair/training/mlp/runs/confirmation/acs_income/1008/erm/DONE.json,bf8aca7ea0f2f05368ed24a0c1a85b31847d5e67ff35d959e8fab6104b0ed2d8,5,40,15.886744048970286,392f1c237ebbec0eedb2bf5666488748c9d0bdf4f998d507fba2e6929df2c74a,c8f2f26e5b33ad2de241a743f6ec2a878b5be03f5d7d73e5d83efbf09a8ec278,0,1680,True,,False,True,90e0580896726a833359b67f5310a74ea80691a7ef11da2de2e18f0c9644aec1
acs_income,1009,mlp,erm,interfair/training/mlp/runs/confirmation/acs_income/1009/erm/selected.pt,0.9055334931918044,0.8925120752746141,0.8131147540983606,0.8186638388123012,0.1250729295292162,0.3874760593384271,0.0814600574227326,0.0762155943290178,0.1574413767019666,0.0709711312353029,0.0814600574227326,0.8436984039625757,0.2217741935483871,0.5636913767019667,3305,0.7727272727272727,0.1403141361256544,0.40625,3296,0.0903452227839493,0.5686784926528343,0.0321554986923166,0.1391173654079173,0.0053747072953333,0.1208119864571373,0.0186127236586162,0.129803485889734,0.6564986765325151,0.049424869941895,0.17271686819467,0.0,0.1884623870291669,2.1065019377072896e-05,8.310368063138778e-06,0.0,0.1884623870291669,0.1884461523743019,0.0013888888888888,0.0008333333333333,0.0008333333333333,0.0002777777777777,0.0002777777777777,0.0002777777777777,0.343223545689707,interfair/training/mlp/evaluation/acs_income/1009/erm.npz,9808badbdc6d385bcd41dc8efff5807a4018d8af96bb93b3fae3852e9c5e695e,interfair/training/mlp/runs/confirmation/acs_income/1009/erm/DONE.json,7746b4ea31e32e3a1c4eccb40b89faec6f3960776df198e846e45ced43ad75f7,5,40,15.949992784007918,2794507395f007c6582a5a5d2e4522f4d357408084388f5374ff9fb999f3b344,96fd7b6e58e0894ede3e6934f486a5cad390ad52fe7548177639223040c48a79,0,1680,True,,False,True,5ac06da2f30f5ce3bf13f748b41eaf91cb4bb4a87feaae18ee2473d61065d042
acs_income,1000,mlp,pool2048,interfair/studies/requirements/runs/confirmation/acs_income/1000/pool2048/selected.pt,0.8996542933466033,0.8838661573808464,0.8188459818100492,0.8159369792455688,0.1290273555891332,0.4010497962158024,0.0335585205201824,0.0204375905557357,0.0955076891441328,0.0073166605912891,0.0335585205201824,0.8541552008805724,0.2419354838709677,0.578517397881997,3305,0.8614718614718615,0.2083769633507853,0.4830097087378641,3296,0.0139502220355912,0.0245724608314526,0.0037419345769178,0.0194518237728818,0.0,0.1067696122692398,0.0041553308537481,0.0182875935873927,0.0542465258978523,0.0053876926630261,0.0200657221921434,0.0,0.1705664409493366,2.084686899291989e-06,4.843996776781632e-06,0.0,0.1705664409493366,0.17055675848838,0.0005555555555555,0.0002777777777777,0.0002777777777777,0.0002777777777777,0.0002777777777777,0.0002777777777777,0.9454756963243698,interfair/studies/requirements/evaluation/confirmation/acs_income/1000/pool2048/audit.npz,30a5daf4981cc24e98ba88d3da68a4414221640e533853cbe8af9c36adee0c5c,interfair/studies/requirements/runs/confirmation/acs_income/1000/pool2048/DONE.json,ac0e4f84aaad7ad4f631b5f729c5a74b3c485998ff39b79d729da628498bf504,10,40,113.68713896797271,7d00f417607cba3d2965c934bad356cb807be693ea5a665df5bc59242f0dd8ec,d24b1cc27f3ccf2d0064ce11ea487651833d8c3c444caf16b162be19aa3040fd,6881280,1680,True,,False,True,5597423df8530cd20c2c32c9210fc1a93dd3095a2af01eb217f7fe6883ade7c2
acs_income,1001,mlp,pool2048,interfair/studies/requirements/runs/confirmation/acs_income/1001/pool2048/selected.pt,0.8947741936313751,0.8790537426882381,0.8056169138529504,0.8133616118769883,0.1325136892126424,0.4135469249124776,0.0336436694252097,0.0172876136593964,0.0983869872067917,0.0009315578935832,0.0336436694252097,0.7974683544303798,0.1901881720430107,0.5240544629349471,3305,0.7965367965367965,0.156544502617801,0.4256674757281553,3296,0.0098868178499604,0.0008728129384201,0.0016591090492247,0.0046904248571788,0.0,0.1269349280774535,0.0092367970475306,0.0109511864358633,0.0013818203693677,0.0019126517111151,0.0041101185104975,0.0,0.1901079500578975,0.0013118343622255,0.0004437372493178,0.0005555555555555,0.1901079500578975,0.189220567810655,0.0072222222222222,0.0069444444444444,0.0063888888888888,0.0061111111111111,0.0055555555555555,0.0055555555555555,0.9922292907417434,interfair/studies/requirements/evaluation/confirmation/acs_income/1001/pool2048/audit.npz,a7c8b114bd2dc68542a96215776ace57d3c1a4bf6256a4e516acb9a7da8b611c,interfair/studies/requirements/runs/confirmation/acs_income/1001/pool2048/DONE.json,676db037802bf33159fcbc38f4f67d655f21f6f22374cae2ccb83e52b014548e,15,40,113.43700129399076,dc7a60470b5e53070f87ee8fc13b095af653b0f1df364122f39c80f5ac018b77,4855c9ae683b17b48c593b5dc85a3409e772a8f792ae0411b283c295b1f6e77a,6881280,1680,True,,False,True,35e1ea4487d94c6da65267bd7b3477606c8726b5b445fae2c3e8b7771e3e2b54
acs_income,1002,mlp,pool2048,interfair/studies/requirements/runs/confirmation/acs_income/1002/pool2048/selected.pt,0.9002835316434692,0.8865412090708876,0.8111436047406495,0.8141190728677473,0.128406690255109,0.3973882421796562,0.0327844395653887,0.0190729304986279,0.1004421992274136,0.0053614214318672,0.0327844395653887,0.8249862410566868,0.2123655913978494,0.5491679273827534,3305,0.8196248196248196,0.1795811518324607,0.4487257281553398,3296,0.0092793157239124,0.0015376621214439,0.0017785197080243,0.0089435424160597,0.0,0.1164529383599947,0.0044651030324014,0.0112774375127463,0.0030202129579498,0.0024472964499634,0.0079495277627383,0.0,0.20492928252837,0.0,0.0,0.0,0.20492928252837,0.20492928252837,0.0,0.0,0.0,0.0,0.0,0.0,0.9969797870420504,interfair/studies/requirements/evaluation/confirmation/acs_income/1002/pool2048/audit.npz,d00b14673aebf1ff9ed855180c5806728a260a2ed0c76bd029ce4184a1744128,interfair/studies/requirements/runs/confirmation/acs_income/1002/pool2048/DONE.json,6e18bb3978b7377c19b5b83ecc78abda308f7b7172fea4b93675130d6480b001,5,40,113.5474802069948,e6c64f6ee2a9d5e14f2812145e01bca264d19f811ac7f3e883c01bb2a1687870,db7bb01fdbe209127a11b7bd1a1346db4a9a0045c37113824c911a176b3c42ac,6881280,1680,True,,False,True,53eca4e4dc09fef3c74f5ea28a884ddaf5671cd3cfc46793d8cfb06edd4030cf
acs_income,1003,mlp,pool2048,interfair/studies/requirements/runs/confirmation/acs_income/1003/pool2048/selected.pt,0.9012315925861882,0.8869733957339938,0.8205206271883088,0.8213906983790334,0.127834091949504,0.3983756449814025,0.0468269717953048,0.0247989102329942,0.108290065067638,0.0027708486706835,0.0468269717953048,0.8425976884975234,0.2237903225806451,0.5639939485627836,3305,0.8398268398268398,0.1769633507853403,0.4557038834951456,3296,0.0117106371740007,0.0048397693849778,0.0020172187090979,0.0074074062721469,0.0,0.1133834716424772,0.0067108344135658,0.013851652008827,0.0104778018408229,0.002456223656462,0.0074010407267039,0.0,0.1687748813933774,1.1196978740536502e-06,1.2070872325806789e-06,0.0,0.1687748813933774,0.1687724672189123,0.0002777777777777,0.0002777777777777,0.0002777777777777,0.0,0.0,0.0,0.9892444203813991,interfair/studies/requirements/evaluation/confirmation/acs_income/1003/pool2048/audit.npz,75ab8d0f4445f5da00c069b806d39e5c4c225a6e1b8398417ce853005f5c132b,interfair/studies/requirements/runs/confirmation/acs_income/1003/pool2048/DONE.json,1fa3d9af76e1f67311d8f935495799f9eac7aac275db0277803bb78249e2d07f,10,40,112.63852037600009,e49ba44d89e498116d6d1af5c3ce24a10b77113ba73b10b305c8a040f0612b60,d4615bb7e455fe7d0e6169b26a396c477fc26178eafee07ded8f3e991141aee2,6881280,1680,True,,False,True,0903170c97b2a7ae94d6d424d1153894df817fb8f4b759d1a76522c4edbb2814
acs_income,1004,mlp,pool2048,interfair/studies/requirements/runs/confirmation/acs_income/1004/pool2048/selected.pt,0.9003327332362226,0.8845744477673794,0.8173207036535859,0.8159369792455688,0.1280348283007617,0.3971566210405526,0.0243061419805213,0.0128723877525053,0.094924852753257,0.0014386335244893,0.0243061419805213,0.8492019812878371,0.2284946236559139,0.5697428139183056,3305,0.8477633477633477,0.2041884816753926,0.4748179611650485,3296,0.0112530483610162,0.0039273843096894,0.0019914412821909,0.0073975416366865,0.0,0.1088096796237209,0.004143821832734,0.013411056542807,0.0079636648017806,0.0024612793395451,0.0065959814714552,0.0,0.1798672528601077,0.0,0.0,0.0,0.1798672528601077,0.1798672528601077,0.0,0.0,0.0,0.0,0.0,0.0,0.9920363351982192,interfair/studies/requirements/evaluation/confirmation/acs_income/1004/pool2048/audit.npz,b534cba9af7ab5d0c4290d7e55abd6dfa4793df0797f3243cef34a33d901859d,interfair/studies/requirements/runs/confirmation/acs_income/1004/pool2048/DONE.json,d9de07a4a756947660416f343a7ec3114486ca0ab917fcf7ee3babe59bef6c9f,5,40,112.37613373500062,fb32c8928726449c2e632145c67bd9e75e3b1418544770c2844c5059fc063a49,03251bd92f75f3d47111c77c28f9a53ce9f422c4a19fc9d38b78cc4ad4695630,6881280,1680,True,,False,True,26bca5ef706a076732285cdec3aa4634e3a8f9562524ff2afa7e2a3e03cc0e21
acs_income,1005,mlp,pool2048,interfair/studies/requirements/runs/confirmation/acs_income/1005/pool2048/selected.pt,0.900938909722106,0.8857283203390194,0.8144473725003876,0.8186638388123012,0.1274961414370931,0.3970653488305942,0.0335500760006755,0.0191621054672071,0.1016731416065684,0.0047741349337386,0.0335500760006755,0.8222344523940561,0.2016129032258064,0.5428139183055976,3305,0.8174603174603174,0.1680628272251308,0.4411407766990291,3296,0.0101564230063391,0.0026360972265618,0.0018708328789079,0.0071019395550163,0.0,0.1065626482044779,0.0066855535174791,0.0134904830966443,0.0063252722131985,0.0026511920702091,0.0077000240630451,0.0,0.1822992978967665,3.0780511123624e-05,3.677422154610782e-05,0.0002777777777777,0.1822992978967665,0.1822257494536743,0.0013888888888888,0.0013888888888888,0.0013888888888888,0.0013888888888888,0.0013888888888888,0.0013888888888888,0.9922858388979126,interfair/studies/requirements/evaluation/confirmation/acs_income/1005/pool2048/audit.npz,7bef3e65a2e436daae03a98c502d28f8b4cb085474bd6aaef0cefb526e2be7e4,interfair/studies/requirements/runs/confirmation/acs_income/1005/pool2048/DONE.json,acd35fdcaa3ef41bdf4203a2e7e6d4639293b364004c137f3681c8d75ab9224f,10,40,113.15596037200885,5b2cec3fa48f8661c5be72ad033524279e98d34a8ab87d644c08979e38de0276,be45707186eb6b3da28c8077c732af0484bd964c70841ca9f56f1499c3270456,6881280,1680,True,,False,True,63f160c62e1f4a8a35246ca53eb7c880e702980436ac3cd9d89bdb623f093ef9
acs_income,1006,mlp,pool2048,interfair/studies/requirements/runs/confirmation/acs_income/1006/pool2048/selected.pt,0.8955272398577186,0.8768024258665683,0.8199546485260771,0.8195727920012119,0.1313869614571292,0.4114000724452568,0.0196876935202386,0.0139552493305202,0.088880025116402,0.0082228051408017,0.0196876935202386,0.8431480462300496,0.2170698924731182,0.5612708018154312,3305,0.8513708513708513,0.1973821989528796,0.4723907766990291,3296,0.009293629081909,0.0007721229621608,0.0019236758920847,0.0084680186234347,0.0,0.0999801069578114,0.0061525186831346,0.011586370666162,0.0019303074054021,0.0026841437997309,0.0076717499849605,0.0,0.1657430238180308,7.327042434159552e-05,4.440372929795019e-05,0.0002777777777777,0.1657430238180308,0.1656548712097033,0.0038818203693677,0.0030484870360344,0.0016595981471455,0.0016595981471455,0.0011040425915899,0.0008333333333333,0.9964100944474524,interfair/studies/requirements/evaluation/confirmation/acs_income/1006/pool2048/audit.npz,e95352183ab4a4a201fc57b5468d33f32709132b52b6dce174cc18996d67c58a,interfair/studies/requirements/runs/confirmation/acs_income/1006/pool2048/DONE.json,6b20be102384ac1213c3761b5e00bcbe8325f523b155971bf992c728103614ab,15,40,113.2071639210335,8fa457efaa41623220321ec188f3abc4124684f396a61c8bc11dab1c0ebde478,7f7ef5e8cc9abdb45167de1f459aa03f53e9281fb0d510a6bb8472c79f09815a,6881280,1680,True,,False,True,a7b6c743db4eac04134e2418f005a529dd803bbc89059f4e1f97c820835cbbd8
acs_income,1007,mlp,pool2048,interfair/studies/requirements/runs/confirmation/acs_income/1007/pool2048/selected.pt,0.9000819934666164,0.8851670855871043,0.7953216374269005,0.809119830328738,0.1305245135250286,0.4027663216810848,0.0105908348814952,0.0086638767805883,0.0881606825492414,0.0067369186796814,0.0105908348814952,0.7671986791414419,0.1545698924731182,0.4913767019667171,3305,0.7604617604617605,0.143979057591623,0.4032160194174757,3296,0.012334389006042,0.0069996235606286,0.002418278482496,0.0089291701423985,0.0,0.1267800588544032,0.0063219076033768,0.0143572157645755,0.0134556036816459,0.0030666990034182,0.0087545870179871,0.0,0.1915817339399931,7.686010108661397e-07,1.1053925619872485e-06,0.0,0.1915817339399931,0.1915795927345496,0.0005555555555555,0.0002777777777777,0.0,0.0,0.0,0.0,0.986544396318354,interfair/studies/requirements/evaluation/confirmation/acs_income/1007/pool2048/audit.npz,234f3c88eb217ff768277c4f6c148803aa025d9aaecab2437d6306715650c0a8,interfair/studies/requirements/runs/confirmation/acs_income/1007/pool2048/DONE.json,a862addd581b63bbff94ad14b8bd5dd5fb717e9651508b881624786c789ab82c,5,40,113.05729447701015,781ea79489aefa147512cfb88466d3296f3d4fd6ec53dbd8b12c06dc35087eb6,4298082150b7252b5b1e0129caa6ed20fb88590f13f11bf6425d708e69e75c7c,6881280,1680,True,,False,True,10ac7c732d492abfbd1bd825fb75b6644b471307cca211d43bc37897cba8b822
acs_income,1008,mlp,pool2048,interfair/studies/requirements/runs/confirmation/acs_income/1008/pool2048/selected.pt,0.9005509475831682,0.88372251864324,0.7983206846439529,0.8107862445084079,0.1304709027752849,0.4045181634677596,0.0217186004616337,0.0129692034139176,0.0890543527752889,0.0042198063662015,0.0217186004616337,0.7699504678040726,0.1646505376344086,0.4974281391830559,3305,0.7741702741702742,0.1429319371727748,0.408373786407767,3296,0.0110596694041342,0.0021913015917283,0.0022104765257128,0.0088892095252381,0.0,0.1166668506660248,0.005111071210059,0.0130115714544785,0.0046727425855742,0.0029123407791306,0.0095737833122781,0.0,0.190670276716317,7.554202652057838e-08,4.049922221795177e-07,0.0,0.190670276716317,0.1906694667318726,0.0002777777777777,0.0002777777777777,0.0,0.0,0.0,0.0,0.9953272574144258,interfair/studies/requirements/evaluation/confirmation/acs_income/1008/pool2048/audit.npz,5edd497fa5c9020e5d2ba509fce0d454fb8bf8cd609f067ccd447e8e6c37443e,interfair/studies/requirements/runs/confirmation/acs_income/1008/pool2048/DONE.json,055730c02543aaa60733a2b666181530d7d3816079ddacab37bfb2be43c2001b,5,40,113.53891090396792,392f1c237ebbec0eedb2bf5666488748c9d0bdf4f998d507fba2e6929df2c74a,c8f2f26e5b33ad2de241a743f6ec2a878b5be03f5d7d73e5d83efbf09a8ec278,6881280,1680,True,,False,True,5a5f02b15d4cf426ec036c041316c9716e35ae001fd33842bf536971538d70f8
acs_income,1009,mlp,pool2048,interfair/studies/requirements/runs/confirmation/acs_income/1009/pool2048/selected.pt,0.9005238890041468,0.8861402956652509,0.8167777104784979,0.8166944402363279,0.1279594422153777,0.3968340459433493,0.0307450881044868,0.0192161138011516,0.1013069525432193,0.0076871394978164,0.0307450881044868,0.8453494771601541,0.2244623655913978,0.5658093797276853,3305,0.8376623376623377,0.193717277486911,0.464502427184466,3296,0.0097698918913233,0.0011008655714538,0.0020325820901828,0.0084747343745053,0.0,0.1179839310303033,0.0044596594889339,0.0114804716455606,0.0022222222222222,0.0027047664095381,0.0071373999879684,0.0,0.1850213386141395,0.0,0.0,0.0,0.1850213386141395,0.1850213386141395,0.0,0.0,0.0,0.0,0.0,0.0,0.9977777777777778,interfair/studies/requirements/evaluation/confirmation/acs_income/1009/pool2048/audit.npz,2d97656cdb47acaa4f772f36ff5cf7e26bccb9b415e7814c741f0bb74a6f804f,interfair/studies/requirements/runs/confirmation/acs_income/1009/pool2048/DONE.json,268fc2ba2a832774361e8a9c849d30c005e9e455ef419249163250c240ab1db4,5,40,112.5843000470195,2794507395f007c6582a5a5d2e4522f4d357408084388f5374ff9fb999f3b344,96fd7b6e58e0894ede3e6934f486a5cad390ad52fe7548177639223040c48a79,6881280,1680,True,,False,True,79b4cdc5d6562ec01311036012eab39aec1f45ee920cd32bedb21351b2d7e44c
acs_income,1000,mlp,pool512,interfair/studies/requirements/runs/confirmation/acs_income/1000/pool512/selected.pt,0.8937938369653082,0.8750595704044568,0.8083989501312336,0.8119981820936222,0.1338235228403363,0.4251453159552413,0.0379419298541913,0.0252407148677317,0.1059041904733927,0.0125394998812721,0.0379419298541913,0.8227848101265823,0.2143817204301075,0.5488653555219365,3305,0.8102453102453102,0.1764397905759162,0.4429611650485437,3296,0.0132547360660744,0.0070546872821865,0.0023745188816155,0.0086506591955673,0.0,0.1229291056019183,0.0109363339425781,0.0152617204935456,0.0138676833303254,0.0030667101997097,0.0096020573903627,0.0,0.1928797437891642,0.001092050879884,0.0001801599818902,0.0,0.1928797437891642,0.1925197798664996,0.0102282981411297,0.0094020333273175,0.004715153702701,0.0044373759249232,0.0033333333333333,0.0027777777777777,0.9819727185225292,interfair/studies/requirements/evaluation/confirmation/acs_income/1000/pool512/audit.npz,9607b943f223406f6c1f64d3b22f3d5e86e0dd35c238d76906119a4ea170853f,interfair/studies/requirements/runs/confirmation/acs_income/1000/pool512/DONE.json,245cc566096fc4eb2b7e4b7e018d64b57e3d2ecd430a25f275953a11742c237e,10,40,112.28541038301773,7d00f417607cba3d2965c934bad356cb807be693ea5a665df5bc59242f0dd8ec,d24b1cc27f3ccf2d0064ce11ea487651833d8c3c444caf16b162be19aa3040fd,6881280,1680,True,,False,True,fd1cbf2351ae24f6f784915b77c85f758817049161f66efee95fda4d227a2f28
acs_income,1001,mlp,pool512,interfair/studies/requirements/runs/confirmation/acs_income/1001/pool512/selected.pt,0.9023118225133624,0.8873558753738264,0.8208519145009996,0.8235115891531586,0.1262512662864796,0.3925773489123803,0.0414661093283792,0.0314979883790407,0.114982998692772,0.0215298674297023,0.0414661093283792,0.8425976884975234,0.209005376344086,0.5573373676248109,3305,0.8210678210678211,0.1675392670157068,0.4423543689320388,3296,0.0124843523749484,0.0050193707162453,0.0021378093662141,0.0068170659846296,0.0,0.1150966443301273,0.0059623519856276,0.0142042509435449,0.0090747759128917,0.0026937022957888,0.0054848703603441,0.0,0.1852165891930615,4.912230705187426e-06,2.7228229462788407e-06,0.0,0.1852165891930615,0.1852111579315133,0.0011111111111111,0.0008333333333333,0.0002777777777777,0.0,0.0,0.0,0.9906474463093304,interfair/studies/requirements/evaluation/confirmation/acs_income/1001/pool512/audit.npz,5a5aa31ae4a01e041bd5f978ee9f7e178d7f8254fe63b5896603890805181cb7,interfair/studies/requirements/runs/confirmation/acs_income/1001/pool512/DONE.json,99a193e1cbb9eb365f889306d95612fdfef77f9f2ea75b90d9c254bc4c83e7fa,5,40,112.11181970400503,dc7a60470b5e53070f87ee8fc13b095af653b0f1df364122f39c80f5ac018b77,4855c9ae683b17b48c593b5dc85a3409e772a8f792ae0411b283c295b1f6e77a,6881280,1680,True,,False,True,ec5a3460a5b4f5c48e1904119c7d1336d3d89a7291279a13ceb3860b6485a323
acs_income,1002,mlp,pool512,interfair/studies/requirements/runs/confirmation/acs_income/1002/pool512/selected.pt,0.900968724692878,0.885142714839237,0.8039559738395279,0.8138160884714437,0.1289067582842406,0.3995195251203103,0.0261885661205877,0.014654027052619,0.0956886263825037,0.0031194879846503,0.0261885661205877,0.7881122729774354,0.1754032258064516,0.5122541603630862,3305,0.784992784992785,0.1492146596858638,0.4165655339805825,3296,0.0107832452278985,0.0018668016722094,0.0018040815672461,0.0035833403946214,0.0,0.1233480857503677,0.0060245224809923,0.0127988978801466,0.0044020333273175,0.002191565993313,0.0035545629549419,0.0,0.195244891446783,1.9232176157173184e-05,5.501474110979127e-06,0.0,0.195244891446783,0.1952339719791841,0.0008333333333333,0.0005555555555555,0.0005555555555555,0.0002777777777777,0.0002777777777777,0.0002777777777777,0.9950424111171268,interfair/studies/requirements/evaluation/confirmation/acs_income/1002/pool512/audit.npz,2ce282ab4599dafb482e96f9dc00ef8f2c0eb141873b90a6b1b3295c85972427,interfair/studies/requirements/runs/confirmation/acs_income/1002/pool512/DONE.json,fa8f0c637048e5b15a8e083814d11850c9e0b8081e72f7a879096c3c4624db21,5,40,112.7550616809749,e6c64f6ee2a9d5e14f2812145e01bca264d19f811ac7f3e883c01bb2a1687870,db7bb01fdbe209127a11b7bd1a1346db4a9a0045c37113824c911a176b3c42ac,6881280,1680,True,,False,True,965e668bebb47d870e9099f0d9d56f50c2fe92f3735f329e39928680d4a661cc
acs_income,1003,mlp,pool512,interfair/studies/requirements/runs/confirmation/acs_income/1003/pool512/selected.pt,0.8964628510976963,0.8820489898261363,0.8100871731008717,0.8151795182548098,0.1332365614728367,0.4237146260208886,0.0310103867589933,0.0237313737300579,0.1050171298268289,0.0164523607011224,0.0310103867589933,0.8194826637314254,0.1995967741935483,0.540393343419062,3305,0.803030303030303,0.1685863874345549,0.435376213592233,3296,0.0118402951829671,0.0043693493805917,0.0023220200333677,0.0081809552484915,0.0,0.1189772917652171,0.0102347524550986,0.0137812642556338,0.0095879203513204,0.0031742126838455,0.0076646814654394,0.0,0.1919833636454299,0.0001304637386578,5.353338502219288e-05,0.0,0.1919833636454299,0.1918773987838779,0.0043878962882752,0.003561631474463,0.001923238885881,0.0016525296276243,0.0013747518498465,0.0013747518498465,0.9884888407627984,interfair/studies/requirements/evaluation/confirmation/acs_income/1003/pool512/audit.npz,0257ce1b5b7b183f1fa3e8c229df8bb0f921c125bf3ac95525f30c00441d2277,interfair/studies/requirements/runs/confirmation/acs_income/1003/pool512/DONE.json,4786e8b8250b1e798dc7541b7a1798dee1ee2fb907fe8cd512b8787e056b02b9,10,40,112.20976428303402,e49ba44d89e498116d6d1af5c3ce24a10b77113ba73b10b305c8a040f0612b60,d4615bb7e455fe7d0e6169b26a396c477fc26178eafee07ded8f3e991141aee2,6881280,1680,True,,False,True,958091bf2c376c5589390c5aa1dc5325bf8a6c7cab239fa02623469b07e3fd91
acs_income,1004,mlp,pool512,interfair/studies/requirements/runs/confirmation/acs_income/1004/pool512/selected.pt,0.902492366173046,0.8870515944967232,0.8198757763975155,0.8198757763975155,0.1263211960749103,0.3929122495101991,0.0334410009570455,0.0217688215697717,0.104641026394254,0.0100966421824979,0.0334410009570455,0.8492019812878371,0.2224462365591397,0.5670196671709531,3305,0.8391053391053391,0.1890052356020942,0.462378640776699,3296,0.0131482193853286,0.0056740285270227,0.0028384766807255,0.012243567202671,0.0,0.1152703285977101,0.0055232543488112,0.0141910033212171,0.0096515370270107,0.0039464457826236,0.0129141851651326,0.0,0.1962200760732185,3.250083910760143e-07,3.4724540335233213e-07,0.0,0.1962200760732185,0.1962193815824118,0.0002777777777777,0.0002777777777777,0.0,0.0,0.0,0.0,0.9903484629729892,interfair/studies/requirements/evaluation/confirmation/acs_income/1004/pool512/audit.npz,b4417b4c37a98ea0506ab4e1760b85d48b6f59219fa5baf29a4e8f4e5d6a3f94,interfair/studies/requirements/runs/confirmation/acs_income/1004/pool512/DONE.json,59a3fae499a064f64d9b1aba76c98b4ac921b626b94dc0ed198b00d2bfbf25d7,5,40,112.64056343404809,fb32c8928726449c2e632145c67bd9e75e3b1418544770c2844c5059fc063a49,03251bd92f75f3d47111c77c28f9a53ce9f422c4a19fc9d38b78cc4ad4695630,6881280,1680,True,,False,True,8e2aaf3196e187e7bfba9cea1c9295e503d0aaf3e36bf38707af0b573686acae
acs_income,1005,mlp,pool512,interfair/studies/requirements/runs/confirmation/acs_income/1005/pool512/selected.pt,0.8952324896998234,0.8793275899164551,0.8130407911001236,0.8166944402363279,0.1325511842480638,0.42047180164774,0.0318231717615267,0.023850873401779,0.1056032710074468,0.0158785750420313,0.0318231717615267,0.8282883874518437,0.2056451612903226,0.5479576399394857,3305,0.8124098124098124,0.1738219895287958,0.4423543689320388,3296,0.011479391033707,0.0020828370330265,0.0020091829307523,0.0057593843275763,0.0,0.1251628638166704,0.0106747397164134,0.0144712406447059,0.0052070925825663,0.0026425587657439,0.0057555796186007,0.0,0.1919959736246241,0.000148102107452,0.0001078818911398,0.0002777777777777,0.1919959736246241,0.1917803226046054,0.0035757685135053,0.0033050592552487,0.0022080851831799,0.0022080851831799,0.0019373759249232,0.0016666666666666,0.9928626000120316,interfair/studies/requirements/evaluation/confirmation/acs_income/1005/pool512/audit.npz,e68bbf56a96f93ac56f29e16b591f945d473fdc4220b0139436730656812b2a9,interfair/studies/requirements/runs/confirmation/acs_income/1005/pool512/DONE.json,e54f06ac7313248d89d4cd2671021b5b3c10181fc90b368eebcc3450a72c4406,10,40,112.96588319598231,5b2cec3fa48f8661c5be72ad033524279e98d34a8ab87d644c08979e38de0276,be45707186eb6b3da28c8077c732af0484bd964c70841ca9f56f1499c3270456,6881280,1680,True,,False,True,04bfbfa7692d962bbdf9920fd36fe55152c387561d38f89921453431d8f13032
acs_income,1006,mlp,pool512,interfair/studies/requirements/runs/confirmation/acs_income/1006/pool512/selected.pt,0.9014773708506428,0.88499296305006,0.8155100784736113,0.8183608544159976,0.1268283136726178,0.3941129346224619,0.0336127061870179,0.0261584637114423,0.1083189819778799,0.0187042212358667,0.0336127061870179,0.8354430379746836,0.209005376344086,0.5534039334341906,3305,0.8167388167388168,0.175392670157068,0.4450849514563106,3296,0.0100902469358563,0.0013009761233934,0.001773988974169,0.0055352231939276,0.0,0.1107057909620587,0.0053945739961003,0.0108260020572591,0.0021727425855742,0.0021341255143818,0.0043949648077964,0.0,0.1749275978508131,2.993923322547529e-05,5.172658898583041e-06,0.0,0.1749275978508131,0.1749177190341683,0.0022222222222222,0.0019444444444444,0.0002777777777777,0.0002777777777777,0.0,0.0,0.997549479636648,interfair/studies/requirements/evaluation/confirmation/acs_income/1006/pool512/audit.npz,8cf24ab2f593da4bbef1ab2df3af390f768183ce6974b924c15690be99ddcdc6,interfair/studies/requirements/runs/confirmation/acs_income/1006/pool512/DONE.json,24ccd765383525ebf9e7e36d1d94e8a313f9457ad5a79d08449eb41860c2f2a5,5,40,113.38504239899339,8fa457efaa41623220321ec188f3abc4124684f396a61c8bc11dab1c0ebde478,7f7ef5e8cc9abdb45167de1f459aa03f53e9281fb0d510a6bb8472c79f09815a,6881280,1680,True,,False,True,31773424bd8f6a2504194ea8eabde908897e8f34b9b18028648bae4e12c6536a
acs_income,1007,mlp,pool512,interfair/studies/requirements/runs/confirmation/acs_income/1007/pool512/selected.pt,0.902464894135262,0.8873239402391018,0.8146890911896312,0.818057870019694,0.126574336327042,0.3928230299906253,0.0401923943027641,0.028604306787725,0.1107502974310767,0.0170162192726859,0.0401923943027641,0.8315905338470005,0.2103494623655914,0.5518910741301059,3305,0.8145743145743146,0.1701570680628272,0.4411407766990291,3296,0.0141589569801012,0.012054168374213,0.0022525101116011,0.0074871464841127,0.0,0.1245635583822999,0.0056813709225452,0.0170178974821433,0.0258495758888287,0.0026908712161308,0.0068596222101906,0.0,0.1899312653056042,1.4861772255285484e-05,5.573980636380738e-06,0.0,0.1899312653056042,0.1899201382218792,0.0013888888888888,0.0011111111111111,0.0005555555555555,0.0005555555555555,0.0,0.0,0.9735948685556156,interfair/studies/requirements/evaluation/confirmation/acs_income/1007/pool512/audit.npz,166b5b3bf3b432cedd1ba23ac5e72f50980ad769f47ebe132a8920b7223c821b,interfair/studies/requirements/runs/confirmation/acs_income/1007/pool512/DONE.json,b0a403521920971ce10ee5891ac36ecbe7f3a823430dba65163f29d4aff891ec,5,40,111.93572624499211,781ea79489aefa147512cfb88466d3296f3d4fd6ec53dbd8b12c06dc35087eb6,4298082150b7252b5b1e0129caa6ed20fb88590f13f11bf6425d708e69e75c7c,6881280,1680,True,,False,True,96a8da251c1f272948e0dca754d063614456a04153e5b72879b7f63561e58c01
acs_income,1008,mlp,pool512,interfair/studies/requirements/runs/confirmation/acs_income/1008/pool512/selected.pt,0.9013809890190864,0.8858022541249662,0.8135904499540864,0.8154825026511134,0.1274292886504361,0.395338105356739,0.0445842481562799,0.0338456656261779,0.1152731775920568,0.0231070830960758,0.0445842481562799,0.8398458998348927,0.2231182795698924,0.562178517397882,3305,0.8167388167388168,0.1785340314136125,0.4469053398058252,3296,0.0113621433520467,0.0027311376474088,0.0018987484902331,0.0046744138511921,0.0,0.1178678737656924,0.0035983315085077,0.0125207646975846,0.0046868796246164,0.0022272594475934,0.0051788185044817,0.0,0.1862002384650686,1.8217152780179745e-05,7.539405820955207e-06,0.0,0.1862002384650686,0.1861851596534267,0.0005555555555555,0.0005555555555555,0.0005555555555555,0.0005555555555555,0.0005555555555555,0.0005555555555555,0.994757564819828,interfair/studies/requirements/evaluation/confirmation/acs_income/1008/pool512/audit.npz,dba70986149f133d4a98d319fc5b972d43f6d00218a659b9caf70b8611904de9,interfair/studies/requirements/runs/confirmation/acs_income/1008/pool512/DONE.json,64dafadd773baf0ce61c970da122dd7b378d6a58b57f7d1be6decad79bffd254,5,40,112.30201506300364,392f1c237ebbec0eedb2bf5666488748c9d0bdf4f998d507fba2e6929df2c74a,c8f2f26e5b33ad2de241a743f6ec2a878b5be03f5d7d73e5d83efbf09a8ec278,6881280,1680,True,,False,True,c0d98c3d6659a48a2a02d0d7c5a607efc7d8f84c080cb33bb370e90e763b6a00
acs_income,1009,mlp,pool512,interfair/studies/requirements/runs/confirmation/acs_income/1009/pool512/selected.pt,0.8985074506187825,0.8845908213570584,0.8162705667276051,0.817300409028935,0.1308259954411692,0.4109062261319304,0.0315029837302257,0.0241807804264873,0.106171235844484,0.0168585771227488,0.0315029837302257,0.8436984039625757,0.2184139784946236,0.562178517397882,3305,0.8268398268398268,0.1869109947643979,0.456007281553398,3296,0.0114642009172916,0.0016530616734126,0.00193692470689,0.0072782994925391,0.0,0.1187710757137131,0.0069126449022674,0.0134200195285444,0.0038676833303254,0.0023716531017673,0.0068384166516272,0.0,0.1850389497858564,0.0001699923277488,4.7395631085128365e-05,0.0002777777777777,0.1850389497858564,0.1849441694006819,0.0027636407387354,0.0024929314804788,0.0011111111111111,0.0008333333333333,0.0002777777777777,0.0002777777777777,0.9950212055585634,interfair/studies/requirements/evaluation/confirmation/acs_income/1009/pool512/audit.npz,6c880e0d6fb174d031f34a8456a3b60377e40cba24f92ef1cd0f35e93554e1ba,interfair/studies/requirements/runs/confirmation/acs_income/1009/pool512/DONE.json,d1300e85ca3720d3493596961e1439ecd2cb9094c47d7309e19ba859192b60a3,10,40,111.19947728997795,2794507395f007c6582a5a5d2e4522f4d357408084388f5374ff9fb999f3b344,96fd7b6e58e0894ede3e6934f486a5cad390ad52fe7548177639223040c48a79,6881280,1680,True,,False,True,5de29e866215fe9f37c39209110b2286b5cec510a10e7c003ccdc7286381f0f2
acs_income,1000,mlp,soft,interfair/studies/requirements/runs/confirmation/acs_income/1000/full/selected.pt,0.8993144302437182,0.882956657017534,0.8154699445360516,0.8135131040751401,0.128858275867831,0.4002755380016489,0.0172732646512413,0.0143621793279976,0.0846151021547229,0.0114510940047539,0.0172732646512413,0.8442487616951018,0.2298387096774193,0.567624810892587,3305,0.8556998556998557,0.212565445026178,0.4830097087378641,3296,0.0100948941424307,0.001874576254652,0.0020490992842456,0.0073770697507704,0.0,0.1192931278645043,0.0040203220628073,0.0118149635243259,0.0044161703663598,0.002614564723028,0.0068454851711484,0.0,0.177394090962034,4.528359315448445e-06,6.982401900395547e-06,0.0,0.177394090962034,0.1773801261582332,0.0019444444444444,0.0019444444444444,0.0005555555555555,0.0002777777777777,0.0002777777777777,0.0002777777777777,0.9950282740780846,interfair/studies/requirements/evaluation/confirmation/acs_income/1000/full/audit.npz,a886c18f27cf01ca23094106c069e08a195bdd006aa80f01b6787730b6d9f2d8,interfair/studies/requirements/runs/confirmation/acs_income/1000/full/DONE.json,c8f522801b6c000b530fbf004b5f85363839a941fd63b359429156a4ba21bf04,10,40,115.22873197199078,7d00f417607cba3d2965c934bad356cb807be693ea5a665df5bc59242f0dd8ec,d24b1cc27f3ccf2d0064ce11ea487651833d8c3c444caf16b162be19aa3040fd,6881280,1680,True,,False,True,6fe87963bb28f514d7955c002e971230c2f616b5d7a4fe324d944a8be017f630
acs_income,1001,mlp,soft,interfair/studies/requirements/runs/confirmation/acs_income/1001/full/selected.pt,0.8905329336442788,0.8766828072063357,0.8065704636168253,0.809119830328738,0.1359037272860069,0.4263445376767988,0.0244778472104937,0.0149392899544849,0.089830702965498,0.0054007326984761,0.0244778472104937,0.817831590533847,0.2150537634408602,0.5464447806354009,3305,0.8232323232323232,0.1905759162303665,0.4566140776699029,3296,0.0072541768575079,0.0,0.0011731597393714,0.0027178678072681,0.0,0.1087926369391977,0.0066027280988314,0.0076836038073367,0.0,0.0013267770888843,0.0035899055525476,0.0,0.1914496450974754,0.0001760250497843,7.682299631887262e-05,0.0005555555555555,0.1914496450974754,0.1912959991048377,0.0016666666666666,0.0016666666666666,0.0011111111111111,0.0011111111111111,0.0011111111111111,0.0011111111111111,0.9988888888888888,interfair/studies/requirements/evaluation/confirmation/acs_income/1001/full/audit.npz,48f4b66e819a4c34fdc4e8e045729c489d7f607c0b606de1ca9fd968b47ad05b,interfair/studies/requirements/runs/confirmation/acs_income/1001/full/DONE.json,9b7f5d9d897e27ed33da77d2301abcbbfc8e4bc93564dca1fdb8f5ed073a41e6,20,40,116.01555069599999,dc7a60470b5e53070f87ee8fc13b095af653b0f1df364122f39c80f5ac018b77,4855c9ae683b17b48c593b5dc85a3409e772a8f792ae0411b283c295b1f6e77a,6881280,1680,True,,False,True,0a45658d72cc08977a7c20f58ed5b1c6bd4fdd491ff6cf92aba03e91a8e90f94
acs_income,1002,mlp,soft,interfair/studies/requirements/runs/confirmation/acs_income/1002/full/selected.pt,0.9007587795211852,0.8862571152455563,0.8147920822464324,0.8171489168307832,0.1273362702514122,0.3956017695166158,0.0244152170241513,0.0167419050111492,0.0901324486288794,0.0090685929981472,0.0244152170241513,0.8249862410566868,0.2076612903225806,0.5470499243570348,3305,0.834054834054834,0.1832460732984293,0.4569174757281553,3296,0.008959016545051,0.0002222222222222,0.0019351725782644,0.0083553176872043,0.0,0.1135832176659646,0.0033699319483063,0.0114551838937254,0.0005555555555555,0.0027845441011609,0.0082273055405161,0.0,0.1966882753787273,0.0,0.0,0.0,0.1966882753787273,0.1966882753787273,0.0,0.0,0.0,0.0,0.0,0.0,0.9994444444444444,interfair/studies/requirements/evaluation/confirmation/acs_income/1002/full/audit.npz,e414749a1ce9710a3c6dcef5cc94289463d77bec400db64ded02ba485894015c,interfair/studies/requirements/runs/confirmation/acs_income/1002/full/DONE.json,d0575f45fc4d8947d61b715414daafb212c2ae7f410e03e2e0e1dbda9a75506e,10,40,116.24298453400843,e6c64f6ee2a9d5e14f2812145e01bca264d19f811ac7f3e883c01bb2a1687870,db7bb01fdbe209127a11b7bd1a1346db4a9a0045c37113824c911a176b3c42ac,6881280,1680,True,,False,True,40926caee0c945d4651a93422ec5408d5c3ca2f72b5784637c34b9b0d5d134f2
acs_income,1003,mlp,soft,interfair/studies/requirements/runs/confirmation/acs_income/1003/full/selected.pt,0.8967393171903106,0.8822800147375605,0.8125574272588055,0.8145735494622027,0.1308261313006622,0.4081895865914362,0.0129750042222597,0.0128440147967564,0.0819464844381123,0.0127130253712531,0.0129750042222597,0.8227848101265823,0.2056451612903226,0.5449319213313162,3305,0.8354978354978355,0.1926701570680628,0.4629854368932038,3296,0.0098886840374348,0.0008888888888888,0.0019360112504803,0.0058642946440884,0.0,0.1012564569665905,0.0034670879925026,0.0115630342605119,0.0022222222222222,0.0025450972176253,0.003846477771762,0.0,0.1772868140917756,0.0001062545278369,7.731650674725183e-05,0.0,0.1772868140917756,0.1771321810782812,0.0025,0.0025,0.0016666666666666,0.0016666666666666,0.0016666666666666,0.0016666666666666,0.9961111111111112,interfair/studies/requirements/evaluation/confirmation/acs_income/1003/full/audit.npz,8aa244144337cc7a5c5555c8b1b82dc25e7ee5b9fc88b0995bb0c984997a536b,interfair/studies/requirements/runs/confirmation/acs_income/1003/full/DONE.json,f91d025a6265540ab54711c70c673fb6f2654671358c1e3bca13fc0a4c826f62,15,40,114.61324952798896,e49ba44d89e498116d6d1af5c3ce24a10b77113ba73b10b305c8a040f0612b60,d4615bb7e455fe7d0e6169b26a396c477fc26178eafee07ded8f3e991141aee2,6881280,1680,True,,False,True,dd8699e241c50f925ae79ea08c1c201606bab1eb6481c1b7277a8179b81952eb
acs_income,1004,mlp,soft,interfair/studies/requirements/runs/confirmation/acs_income/1004/full/selected.pt,0.8986894184142036,0.8827972400028078,0.8187816479975449,0.8210877139827298,0.1294311375010197,0.4046364507411036,0.0276346900861341,0.0243070998916551,0.1070996063628218,0.0209795096971762,0.0276346900861341,0.8420473307649973,0.2056451612903226,0.5555219364599092,3305,0.8210678210678211,0.1780104712041884,0.4484223300970874,3296,0.0112499075954649,0.0029673160532742,0.0019702041031332,0.00796029082169,0.0,0.1222773199647666,0.0052654499446342,0.0119249548259619,0.0060828370330265,0.0022823274268991,0.007692955543524,0.0,0.190244955370228,0.0,0.0,0.0,0.190244955370228,0.190244955370228,0.0,0.0,0.0,0.0,0.0,0.0,0.9939171629669734,interfair/studies/requirements/evaluation/confirmation/acs_income/1004/full/audit.npz,e32fa7ad0aacd60202bcbe8fad9c9534411bb95506f1b3cf479efec73d804c69,interfair/studies/requirements/runs/confirmation/acs_income/1004/full/DONE.json,d3aae20fdee681a6609be2d23fd76fa1ed07f6f5ead2b51818631eafa6b9bde6,15,40,115.1168747190386,fb32c8928726449c2e632145c67bd9e75e3b1418544770c2844c5059fc063a49,03251bd92f75f3d47111c77c28f9a53ce9f422c4a19fc9d38b78cc4ad4695630,6881280,1680,True,,False,True,f8516582f16e07a786a4db4a5a847043e7574e0640ac7ce3a0f5d41bfc998165
acs_income,1005,mlp,soft,interfair/studies/requirements/runs/confirmation/acs_income/1005/full/selected.pt,0.8998266597107588,0.8856633613428558,0.8151247481791415,0.8192698076049083,0.1281400776367673,0.3974375090329233,0.0185307943478016,0.0105042976973363,0.0907648568658843,0.002477801046871,0.0185307943478016,0.8200330214639515,0.1928763440860215,0.5376701966717096,3305,0.8225108225108225,0.1743455497382199,0.4469053398058252,3296,0.0088697783027382,0.0009971725921915,0.0017222621448458,0.0050996579143811,0.0,0.1175262352617034,0.0046843202498964,0.0106973870245749,0.0024929314804788,0.0023545570409847,0.0043949648077964,0.0,0.1990461644681236,2.853746220967926e-07,2.150432589022604e-06,0.0,0.1990461644681236,0.1990418636029456,0.0002777777777777,0.0002777777777777,0.0002777777777777,0.0002777777777777,0.0,0.0,0.9972292907417434,interfair/studies/requirements/evaluation/confirmation/acs_income/1005/full/audit.npz,e96c14ceddd907811348fca6547a4f4b9d90425be21dcf3b5b89fb49bf46eeeb,interfair/studies/requirements/runs/confirmation/acs_income/1005/full/DONE.json,2fcedd7c0597471503bbe6ed550fcfd46a9d936b9758e1fc83f90ed5b6ad96df,10,40,115.92143508698791,5b2cec3fa48f8661c5be72ad033524279e98d34a8ab87d644c08979e38de0276,be45707186eb6b3da28c8077c732af0484bd964c70841ca9f56f1499c3270456,6881280,1680,True,,False,True,5fa9efe5dcb76efbcf81187a273b793a3c08468741f925e6933bebe370acb5c5
acs_income,1006,mlp,soft,interfair/studies/requirements/runs/confirmation/acs_income/1006/full/selected.pt,0.894337397418584,0.8764699182527251,0.8145065398335315,0.8109377367065597,0.135521668323861,0.4274072248579093,0.0325740302876766,0.0196886309560209,0.0939840892733869,0.0068032316243653,0.0325740302876766,0.852504127682994,0.2493279569892473,0.5809379727685325,3305,0.8593073593073594,0.2167539267015706,0.4869538834951456,3296,0.0085285998488754,0.0003248511099079,0.0015405384463067,0.0054357187370285,0.0,0.1050701628558153,0.0056855354923219,0.0105678122791927,0.0008121277747698,0.0020710413967431,0.005192955543524,0.0,0.172563246808995,5.6171720077843565e-05,3.975750209698217e-05,0.0,0.172563246808995,0.172483731804801,0.0019373759249232,0.0019373759249232,0.0016595981471455,0.0016595981471455,0.0016595981471455,0.0011040425915899,0.9975282740780846,interfair/studies/requirements/evaluation/confirmation/acs_income/1006/full/audit.npz,f441535f7c6a958d22296f17950b9e6693959ac2b4e9872baaff70e833097634,interfair/studies/requirements/runs/confirmation/acs_income/1006/full/DONE.json,01e68afc3b9e9c525f6a5e2bb43d5df5a9ad220e3d1dd1f5adfe1e126ebbbdad,20,40,114.74929786199937,8fa457efaa41623220321ec188f3abc4124684f396a61c8bc11dab1c0ebde478,7f7ef5e8cc9abdb45167de1f459aa03f53e9281fb0d510a6bb8472c79f09815a,6881280,1680,True,,False,True,35c946a6a96acb7929707af5f353ff7a05ea0703f081f34556d8878c9b34272c
acs_income,1007,mlp,soft,interfair/studies/requirements/runs/confirmation/acs_income/1007/full/selected.pt,0.8996057808517874,0.8853510190951235,0.8052815781100859,0.8145735494622027,0.1290796152347836,0.4000859032230119,0.0063087597815684,0.0032895868229091,0.0844711602015187,0.0002704138642498,0.0063087597815684,0.7903137039075399,0.1659946236559139,0.5092284417549168,3305,0.79004329004329,0.1596858638743455,0.424757281553398,3296,0.009789417015622,0.0020884918486434,0.0017111959538436,0.0043614501693897,0.0,0.1139757225858337,0.0044856229629336,0.0117216860062363,0.0052212296216086,0.0020914260255542,0.0046798111050953,0.0,0.189338552306269,3.0988446310099684e-06,6.075179943745722e-06,0.0,0.189338552306269,0.1893264019463815,0.0002777777777777,0.0002777777777777,0.0002777777777777,0.0002777777777777,0.0002777777777777,0.0002777777777777,0.9945009926006136,interfair/studies/requirements/evaluation/confirmation/acs_income/1007/full/audit.npz,4e0d91cba39fafbd97ba271ac0af37755ca7301c31208b84c8fb954d77675e9c,interfair/studies/requirements/runs/confirmation/acs_income/1007/full/DONE.json,7336b30ce886d51983a63de01c8baf323c6254c723683aa4d0a475f6d169e9ba,10,40,116.44032348698238,781ea79489aefa147512cfb88466d3296f3d4fd6ec53dbd8b12c06dc35087eb6,4298082150b7252b5b1e0129caa6ed20fb88590f13f11bf6425d708e69e75c7c,6881280,1680,True,,False,True,e6137caa3549e050a8e3b365afe4adb0fe409709b67bc75aa01385eb09cbba95
acs_income,1008,mlp,soft,interfair/studies/requirements/runs/confirmation/acs_income/1008/full/selected.pt,0.8992025207386323,0.8843880887504431,0.8090272373540855,0.8141190728677473,0.1288800161592236,0.3995172741937025,0.013373304058999,0.007553088228902,0.0871406041155647,0.0017328723988051,0.013373304058999,0.8106769400110072,0.1908602150537634,0.5316187594553706,3305,0.8124098124098124,0.1774869109947644,0.4444781553398058,3296,0.0102751972078084,0.0020853132504458,0.0018734133774097,0.0053391926177204,0.0,0.1137493840610099,0.0044649554272682,0.0117890457880753,0.0046727425855742,0.0023657811453568,0.0055131444384286,0.0,0.1979385046911282,0.0,0.0,0.0,0.1979385046911282,0.1979385046911282,0.0,0.0,0.0,0.0,0.0,0.0,0.9953272574144258,interfair/studies/requirements/evaluation/confirmation/acs_income/1008/full/audit.npz,479d48cfc3158b791201c4ecb886011bfe81b99494b4dbd101205294b2e1b278,interfair/studies/requirements/runs/confirmation/acs_income/1008/full/DONE.json,6a0b0510ba1537a9a83b1f9d83760c07f5ec24c19399ed04317cf087551b545e,5,40,117.3839311519987,392f1c237ebbec0eedb2bf5666488748c9d0bdf4f998d507fba2e6929df2c74a,c8f2f26e5b33ad2de241a743f6ec2a878b5be03f5d7d73e5d83efbf09a8ec278,6881280,1680,True,,False,True,87e5d1685b08d6232fa8c5dbbf27f964502f316d037360ec397a9225f21a208e
acs_income,1009,mlp,soft,interfair/studies/requirements/runs/confirmation/acs_income/1009/full/selected.pt,0.8990869360445448,0.8842137265701608,0.8151515151515152,0.8151795182548098,0.1287426635824545,0.399690957955199,0.026783201035861,0.0146729889759838,0.0964608455855352,0.0025627769161066,0.026783201035861,0.840946615299945,0.2231182795698924,0.5627836611195158,3305,0.8383838383838383,0.1963350785340314,0.4663228155339806,3296,0.0092597360694507,0.0007749503699693,0.0020232355319952,0.0076143303895698,0.0,0.1184714724271553,0.0053135904433315,0.0113079770104952,0.0019373759249232,0.0026143278569876,0.0079565962822595,0.0,0.1801635532731954,1.9004018464367318e-07,7.973783658887481e-07,0.0,0.1801635532731954,0.1801621207697475,0.0005555555555555,0.0002777777777777,0.0,0.0,0.0,0.0,0.9980626240750768,interfair/studies/requirements/evaluation/confirmation/acs_income/1009/full/audit.npz,d5dbb1844cdecf89eedbb9a292eba86448958bcf84db54c60e094914d3462035,interfair/studies/requirements/runs/confirmation/acs_income/1009/full/DONE.json,3d1a2f7d0ea5b3326ae27c9e58b08740862c6e4d544550436e5fa4611689a67f,10,40,114.5658591320389,2794507395f007c6582a5a5d2e4522f4d357408084388f5374ff9fb999f3b344,96fd7b6e58e0894ede3e6934f486a5cad390ad52fe7548177639223040c48a79,6881280,1680,True,,False,True,6bae2fe84323e4bdca70ca91cba8dcef02a0ebac0285f4c7de85212462ff354d
hmda_oh,1000,mlp,erm,interfair/training/mlp/runs/confirmation/hmda_oh/1000/erm/selected.pt,0.8519298887898774,0.9515206517007684,0.9241209736906812,0.8714166666666666,0.0987964864455611,0.3292561919674276,0.162984496124031,0.1081298370602754,0.153484158784158,0.0532751779965199,0.162984496124031,0.974429024150366,0.562984496124031,0.8987070887204637,11215,0.921153846153846,0.4,0.7452229299363057,785,0.2372629759186726,0.8391477919788598,0.0404103378533142,0.0621392036693596,0.0570975611869113,0.0872314206421955,0.0405918459698969,0.2271581024499879,0.8063847709285255,0.0380903474051346,0.0638791891215556,0.0567024366598727,0.0724058588518866,0.0451766925039046,0.009662165504505,0.0140688301647042,0.0724058588518866,0.0541783676276102,0.3387959376371809,0.2045684567311894,0.2610932843115632,0.1427182338025559,0.2177667828954832,0.1141857105980914,0.1541431104142419,interfair/training/mlp/evaluation/hmda_oh/1000/erm.npz,9d3caec05650d9e7e63f7eb5230b3b7692d071bba4b58093df946849ca639d45,interfair/training/mlp/runs/confirmation/hmda_oh/1000/erm/DONE.json,774a909ca7b9d87ed29b0585a4c30a358d4019b64c44a87dd18f3467891cf58b,15,40,13.07789805601351,6a435754a0f9bdb30cd26b642d67fe263a501a2867a6177a95c921b6dfaded5b,43217c8caf1391502d6abb6a1c2f10c879e7e830141606ed7f4cc12aa778a064,0,3080,True,,False,True,3340f836375791c237b59436c0889ea7152751f95955fd1631cb5f1440aae195
hmda_oh,1001,mlp,erm,interfair/training/mlp/runs/confirmation/hmda_oh/1001/erm/selected.pt,0.8496541141289959,0.9503607178323924,0.923491115571002,0.86975,0.0998643559388384,0.3341757560979038,0.1480199648968846,0.0986044992309713,0.1427830674909342,0.0491890335650579,0.1480199648968846,0.978035187411212,0.5857558139534884,0.9058403923316988,11215,0.928846153846154,0.4377358490566038,0.7630573248407644,785,0.3228047734046231,0.8846639329624784,0.0488502777376344,0.0632835178167126,0.0724183642178344,0.0885769903417617,0.0397140515005766,0.2792830741798851,0.8475353251453421,0.0422610627220652,0.0613925953950992,0.0749925749636433,0.0680981058590685,0.1046340920801372,0.0146929656088884,0.0155459875734798,0.0680981058590685,0.0402445503990314,0.4394514936850039,0.2489447046049536,0.3385923430998094,0.1748905789172434,0.2948684813435953,0.1410831032226219,0.1224406816515147,interfair/training/mlp/evaluation/hmda_oh/1001/erm.npz,7897ba334ebd350ea166984bf0e4ae550dccf76421721eeb43e28cbe16a4c2c1,interfair/training/mlp/runs/confirmation/hmda_oh/1001/erm/DONE.json,0ead30108f526af7cc42de18d7fd9be94cdd37ce6fdd03a373b14a1517b7d61e,20,40,13.083222755987663,83121a2109dfa871f8d5091ec4bc034169e0655954a91fac8fc6b0bb252a511f,f779593edac436b1448254758d719be6536dca4355098267ab922765d9976b70,0,3080,True,,False,True,4b57f628f667e9947a32519e008f4376ea1331c79d29cd5c44cca1c081cf494c
hmda_oh,1002,mlp,erm,interfair/training/mlp/runs/confirmation/hmda_oh/1002/erm/selected.pt,0.8510029786768719,0.9509112262695456,0.9242638800722692,0.87075,0.0988472951562865,0.3297434201244006,0.1572253912534736,0.1089657255604137,0.1526935888297916,0.0607060598673537,0.1572253912534736,0.9818599060212,0.5949612403100775,0.9106553722692822,11215,0.921153846153846,0.4377358490566038,0.7579617834394905,785,0.1964930162198716,0.8063142988761933,0.0349337580743006,0.0408074719894704,0.0361145520579811,0.0794257358843842,0.0425308320830322,0.1749807852769337,0.740341974929998,0.0280464164880414,0.0378708640432778,0.0354936678914323,0.0624535172307051,0.0534136235603645,0.0116996305049345,0.0124633799771053,0.0624535172307051,0.0397892747525532,0.3280665498176719,0.2262384090309513,0.2618309745243401,0.1728184338195537,0.2269574062363037,0.144930381005562,0.2059048968973902,interfair/training/mlp/evaluation/hmda_oh/1002/erm.npz,16e26090633bd861118865dc8ba91350d71c16d67a79030fea817fdc94465763,interfair/training/mlp/runs/confirmation/hmda_oh/1002/erm/DONE.json,9dc65175f4c58972278db49e28e3acd2c4d4d40db525939886c1b6e09a1d1202,15,40,13.252514090039767,48ad497ceedad0349edc212ff91f21f8623573feeb63cd90e1c8718a01f0cb8d,96c64cffb0cf3b5004d8ac2d1f4572c3d78891b88d0167c54ab5c8db462700c0,0,3080,True,,False,True,110899b7ae61d9d68e7f8d9591f4ada6a2385102f79477da8d33694b9dd609db
hmda_oh,1003,mlp,erm,interfair/training/mlp/runs/confirmation/hmda_oh/1003/erm/selected.pt,0.8491582599511919,0.950286907990972,0.924722778564799,0.8715833333333334,0.0993849805155349,0.3315711713261314,0.101767953780898,0.0660489861790514,0.1151778640412777,0.0303300185772047,0.101767953780898,0.9803300185772048,0.5847868217054264,0.9075345519393668,11215,0.95,0.4830188679245283,0.7923566878980892,785,0.1753593956100423,0.7913529794704741,0.0321644266450842,0.0466106945257038,0.0370379460011877,0.0768741055774046,0.0316602473311854,0.1567598446259446,0.7202605442206281,0.027325164726656,0.0506879637933325,0.0318044164044677,0.0704411224039592,0.0410608085753386,0.0096343870164521,0.0075400270007348,0.0704411224039592,0.0517781283321852,0.3305009032258893,0.224339971465126,0.2570960500069733,0.1649238803234018,0.2161646446914273,0.1330909576092802,0.222849262276559,interfair/training/mlp/evaluation/hmda_oh/1003/erm.npz,53bf7d70159f169d6502c1921d810f77a304d561f1508ae3c735cfc53e2d21da,interfair/training/mlp/runs/confirmation/hmda_oh/1003/erm/DONE.json,5aefc261c6666a768c5230e4f207584fc3e60d4d82a97a269a62214fe07c4d0c,15,40,13.111817253986374,6b0ac52be72cec71f6001e38f73e486a636236ab127eba2a3f31688f8ea7ff3c,fe04086c68436f384a1f296706eebfc1c593f667f49365055bb793768ac4ab6c,0,3080,True,,False,True,396a0e83d71362b4da38a305fddbb8644e88913fa55a406c406fc0adb3433683
hmda_oh,1004,mlp,erm,interfair/training/mlp/runs/confirmation/hmda_oh/1004/erm/selected.pt,0.8488256778098187,0.9502347753946984,0.9244496739716624,0.8715833333333334,0.0994345632862203,0.3314026055541704,0.1647451367558871,0.1229527277552289,0.1712799338919952,0.0811603187545707,0.1647451367558871,0.979237241831494,0.5760658914728682,0.9050378956754348,11215,0.8980769230769231,0.4113207547169811,0.7337579617834394,785,0.1954976105097333,0.8237543768979084,0.032399630448301,0.0450957352747596,0.0431453317958533,0.0829858949149153,0.0417401422111846,0.1608413909143057,0.7505346064953027,0.0284039064834946,0.0469351550282152,0.0309005707329417,0.0709876076679521,0.0494799906803848,0.009824208947709,0.0141301011059062,0.0709876076679521,0.0518828793691093,0.269346409396459,0.1840427965687274,0.2163627896186865,0.1446722241056812,0.1893306067085561,0.1212934630640966,0.2076427696310777,interfair/training/mlp/evaluation/hmda_oh/1004/erm.npz,2ae621ad09dfbcdac0c45d1f46e4ca5f812418d514387c0bd00261c3fd28b46a,interfair/training/mlp/runs/confirmation/hmda_oh/1004/erm/DONE.json,f17208c527e6282bf36c5a9130adafaad14fed288532e4e86ee0dd4062fab8e2,15,40,13.231994018016849,ae3a1abc5049011a6b9a65c00a6da2e34a31fa97b328b67f1c7303d2d80d2b41,5b6e65a3859da3ee9198bf8ad1ee6e81744eea0f9987634f9c2978588c69045d,0,3080,True,,False,True,7e881729953f44d6a7f65dbbcbedc186cc59fda69947480731589ecd8dea23ac
hmda_oh,1005,mlp,erm,interfair/training/mlp/runs/confirmation/hmda_oh/1005/erm/selected.pt,0.8524387514535208,0.951812051054148,0.9243020150521972,0.8700833333333333,0.0994425606618893,0.3301288259403612,0.1021025303495685,0.0680959555406963,0.1139670198295617,0.0340893807318242,0.1021025303495685,0.9860124576549012,0.6153100775193798,0.9177886758805172,11215,0.9519230769230768,0.5132075471698113,0.8038216560509555,785,0.1471445759571338,0.743144139343281,0.0275571040852675,0.0438063248576393,0.0291195291369906,0.0733393445421679,0.0279724525686316,0.1348986165248675,0.7005129235001336,0.022725039673935,0.0395615884322402,0.0298923041461447,0.057130615609519,0.0337368836936059,0.009585713221051,0.0116580923914808,0.057130615609519,0.0384621488220317,0.3153898946960754,0.2077818211887875,0.2336806002624859,0.156560864396145,0.1937709872990608,0.1295418563907167,0.2488009324771413,interfair/training/mlp/evaluation/hmda_oh/1005/erm.npz,ba3c1299f8aad436a907e1235382cdf6b5d2a636b87baf082747bd425a8ddaf8,interfair/training/mlp/runs/confirmation/hmda_oh/1005/erm/DONE.json,e4b75293fbe29699d0a5858e23274b7b1cc9ad8426e86ef8604b398ed8c00200,10,40,13.05030566395726,646e692b60b511afb6fc5de2360f013ba66f3c499e20d75f696f4bdca330fb30,262f6995eb4278942b57774459f09fe7d15639b11d54b5f95dbbaff1e4250a2c,0,3080,True,,False,True,8635ce2389b25c8772502dcc9a6be6a23e9bbaef6c5214202208fb38b45ec43b
hmda_oh,1006,mlp,erm,interfair/training/mlp/runs/confirmation/hmda_oh/1006/erm/selected.pt,0.8482674228577919,0.9503685849528426,0.9244553243574052,0.8714166666666666,0.0993615253148871,0.3308603118265022,0.2018191458241919,0.1472809236682134,0.1901332099014343,0.0927427015122349,0.2018191458241919,0.9812042399737734,0.5867248062015504,0.908604547481052,11215,0.8884615384615384,0.3849056603773585,0.7184713375796178,785,0.2086932618774197,0.8291513407710212,0.0403643064325825,0.0685093263575199,0.0550291196670318,0.0827136850386804,0.0467148718054381,0.1789061571274078,0.7743565278474792,0.0343775786981647,0.0703147477834934,0.0467809496468788,0.0739166342871425,0.04974290690454,0.0119191649664461,0.0189429089376242,0.0739166342871425,0.0509258615948759,0.3471176026769331,0.2251697866098008,0.2729588840288913,0.175013084513946,0.2389925477446721,0.1457518774131263,0.1730003468153619,interfair/training/mlp/evaluation/hmda_oh/1006/erm.npz,4a9d7f1c17165e2fd8167a9f4b11ae267f8253f3dde3631ee250a8ea6ba3d193,interfair/training/mlp/runs/confirmation/hmda_oh/1006/erm/DONE.json,0fadab34103d4f46c1770cfa6fc046dac05975e0d18a35df036fdb41b9589988,15,40,13.121864139975514,88901f5dc51a3dc8d02c520b3143ef7e4709575be68b534c30119c3d1aafee84,6ed361305444ffb063028cb301c78289301bf926f424742e7ab3cf44d2bb97f5,0,3080,True,,False,True,a32043e318f50a0dc12b59279eb1061a2550ca3cc12e698798b3992474a416eb
hmda_oh,1007,mlp,erm,interfair/training/mlp/runs/confirmation/hmda_oh/1007/erm/selected.pt,0.8541751845240397,0.9522706763847854,0.924278670116682,0.87075,0.099123072461849,0.3288664267759534,0.1369039783530788,0.0918010556930193,0.1366936342648466,0.0466981330329597,0.1369039783530788,0.9813135176483444,0.5935077519379846,0.9099420419081587,11215,0.9346153846153846,0.4566037735849056,0.7732484076433122,785,0.1403310753728004,0.7453461277141464,0.027241748059511,0.0444788286366526,0.0273381004300889,0.0727841656343266,0.0340082697336206,0.1201225677232749,0.6531782867854373,0.0242940861004449,0.0488152853397327,0.0223120717837181,0.0662311343906693,0.0349024849487238,0.0090030967628371,0.0119393536266475,0.0662311343906693,0.0486067068718869,0.2978956252955693,0.2182918740867347,0.2325705481250779,0.1581609434176014,0.1945939048299494,0.1281912990795835,0.2770662863409929,interfair/training/mlp/evaluation/hmda_oh/1007/erm.npz,8b8d74e96c24c90b67764e9bfd3d658361f4e45b4f8801621c7f7b75092c8e45,interfair/training/mlp/runs/confirmation/hmda_oh/1007/erm/DONE.json,d45707e4d988ae2821a7b25419d9708b4c5678a4dd1d7ced2f7a644cac8419f8,10,40,13.10724191594636,963e1898fd735a49519f81a4a3a1e71642eb742fb760552d5c8fc474f50f6137,e2e1c8382fb978c6400f4defefd1aeec8f2c21d87ec3d5e85b346f7ead7ee3f1,0,3080,True,,False,True,527037fc6f8cd8322c198df8caadfe99fcce6660e231bc5d4dfa40285fd785f1
hmda_oh,1008,mlp,erm,interfair/training/mlp/runs/confirmation/hmda_oh/1008/erm/selected.pt,0.8486289522099753,0.950304944652412,0.922748447204969,0.8673333333333333,0.1018585874541508,0.3399621707211254,0.1686009945882697,0.1109605722754315,0.1464763695119423,0.0533201499625933,0.1686009945882697,0.9860124576549012,0.6327519379844961,0.9209986625055728,11215,0.9326923076923076,0.4641509433962264,0.7745222929936306,785,0.2116057131491017,0.8218848118060337,0.0378640748012135,0.051178605557469,0.0481405154867423,0.0705663231080331,0.0346672503007164,0.1738833141081748,0.7433127542745881,0.0306858760982612,0.0522635479414913,0.0562466341349193,0.0546242721131233,0.0416488235933994,0.009787021355423,0.0097835551789122,0.0546242721131233,0.0360024690346451,0.3805464635126399,0.2233378991046613,0.2918506248440733,0.1555258704153659,0.2370574646432806,0.1292376747956823,0.2126182062092808,interfair/training/mlp/evaluation/hmda_oh/1008/erm.npz,5510ac5625a12d7a22673a1b185e25a5b761f7ee9372126883c41b2a88f7a43b,interfair/training/mlp/runs/confirmation/hmda_oh/1008/erm/DONE.json,db018527c9686692995fc4a9b2932638682ab1a8ed5272c8cc27f73621e45225,15,40,13.043268627952784,09b32dd4f709d155a29c89387384219b2ca931130cfe0df05c771f7805a6ecd9,adae3485017f0c981578516c0bdd753fd8060d86a39e8c51bbfcd57834d0e7f7,0,3080,True,,False,True,58b027ae8155667412d1da629964dffee938e0d13b946a41b5ef5e4dc1824a48
hmda_oh,1009,mlp,erm,interfair/training/mlp/runs/confirmation/hmda_oh/1009/erm/selected.pt,0.849628385741474,0.9508435683084494,0.9221456692913386,0.8681666666666666,0.1003941320289996,0.3330953905043155,0.1687984496124031,0.1207395154848158,0.1671402324570994,0.0726805813572286,0.1687984496124031,0.9726805813572288,0.5687984496124031,0.8983504235399019,11215,0.9,0.4,0.7312101910828025,785,0.1687796859664094,0.7883597448622417,0.0365822247791673,0.068258130983111,0.0447572160214081,0.0886831408904679,0.0418566895467184,0.1732093917160488,0.7625109141485534,0.0346160293225249,0.0716088722059491,0.0564888568863455,0.079941954204498,0.0301251307555617,0.0096095209214783,0.0200271195395812,0.079941954204498,0.0616647646052342,0.3007361440669646,0.175577401440566,0.2465324570064093,0.1379981393479132,0.2151549580568937,0.1122383654413685,0.2077968760395057,interfair/training/mlp/evaluation/hmda_oh/1009/erm.npz,c4ab9993e3f11323e51d7a6a70595700e709f144b87966e942d0164914fdc3aa,interfair/training/mlp/runs/confirmation/hmda_oh/1009/erm/DONE.json,ae8b008177251b4897d729b2b9126fcffdee47247dcd93cc184bb60ba4b9e254,10,40,13.054647051962093,3871ab26e2ba1e0f14670c06f71f2e81fd8271234d05bbad3d16ee1594a939f8,49093b96b7340e94d2e8625e36fa94536edba37b859843b5894bf029ec9bf13e,0,3080,True,,False,True,7f79b30f61e55c7f24c4e18dfa3b4cf2a7cfee90bca7360af1d136d2411c3ce4
hmda_oh,1000,mlp,pool2048,interfair/studies/requirements/runs/confirmation/hmda_oh/1000/pool2048/selected.pt,0.8478998998346591,0.9485643931753608,0.9231809183525662,0.8674166666666666,0.1010221879535304,0.3378356581663963,0.0366260786894836,0.020313241088141,0.0398011080474001,0.0040004034867984,0.0366260786894836,0.988307288820894,0.6312984496124031,0.9226036558181008,11215,0.9923076923076924,0.6679245283018868,0.8828025477707007,785,0.0047400735560459,0.0,0.0007214530611757,0.00102909603776,0.0,0.0505075598529094,0.0099618722577682,0.0043712419271231,0.0,0.0006673646368675,0.0007492211983655,0.0,0.0435974709986364,0.0004082421922379,0.000337644000057,0.0,0.0435974709986364,0.0429222937938964,0.0353925800834534,0.0339690628868339,0.0179884487965203,0.0173849425814587,0.0115900684051045,0.0114402781115155,0.9820115512034796,interfair/studies/requirements/evaluation/confirmation/hmda_oh/1000/pool2048/audit.npz,01b9c4248253dd3dfd90866f386a442772190da95e2d9287979da67ef4a9990c,interfair/studies/requirements/runs/confirmation/hmda_oh/1000/pool2048/DONE.json,1ff29e589b73568b3afb01fdecaeec7c573ac03f75bb7adfc0e877476eb100f9,40,40,112.34484314301517,6a435754a0f9bdb30cd26b642d67fe263a501a2867a6177a95c921b6dfaded5b,43217c8caf1391502d6abb6a1c2f10c879e7e830141606ed7f4cc12aa778a064,12615680,3080,True,,False,True,a0eb8f4f1cb3ba8035cd71c014f0e88860648d9fa79b4d48401ca0cb25b6bddc
hmda_oh,1001,mlp,pool2048,interfair/studies/requirements/runs/confirmation/hmda_oh/1001/pool2048/selected.pt,0.8407343552201922,0.9471353180654432,0.9193929173693086,0.8605833333333334,0.1044290811799377,0.3453018521111055,0.0146189849349129,0.008315477521633,0.0437244250335793,0.002011970108353,0.0146189849349129,0.9864495683531854,0.6608527131782945,0.92652697280428,11215,0.9884615384615384,0.6754716981132075,0.8828025477707007,785,0.0092649555641043,0.0008195756234349,0.0013313072531899,0.0020823667420207,0.0,0.0443798929820261,0.0149966530466725,0.0077598955930785,0.0002995805871779,0.0011144347205857,0.0025452861780375,0.0,0.0423706955264844,4.431473761294229e-06,1.076426185647314e-05,0.0,0.0423706955264844,0.0423503663210081,0.0047332468924803,0.0033048354096552,0.0009068923821039,0.0006045949214026,0.0001511487303506,0.0001511487303506,0.998793527030718,interfair/studies/requirements/evaluation/confirmation/hmda_oh/1001/pool2048/audit.npz,a11cd1b8503c8fa73177a49edd4590e957756eca2208511f62488a6c5d63ef8d,interfair/studies/requirements/runs/confirmation/hmda_oh/1001/pool2048/DONE.json,8156ee49e04e161d2d9ff795ecd8f5f8ea6a6c7f7e2723dca5985c2baf596a42,10,40,121.73402807599632,83121a2109dfa871f8d5091ec4bc034169e0655954a91fac8fc6b0bb252a511f,f779593edac436b1448254758d719be6536dca4355098267ab922765d9976b70,12615680,3080,True,,False,True,5f47b6118a1282ac62da854b7f0b024296ca2c87502e55e6f47f67225a16daa9
hmda_oh,1002,mlp,pool2048,interfair/studies/requirements/runs/confirmation/hmda_oh/1002/pool2048/selected.pt,0.8462914205395289,0.9490000364649048,0.9220847971509696,0.8650833333333333,0.1020027855282763,0.339339283713449,0.0346606698844521,0.0202701145375624,0.0363230545987374,0.0058795591906727,0.0346606698844521,0.9902742869631734,0.6521317829457365,0.9280427998216674,11215,0.9961538461538462,0.6867924528301886,0.89171974522293,785,0.0060156656574549,0.0001507739078665,0.0012056003743805,0.0011276236018965,0.0,0.0446111731182817,0.0106421616722708,0.0055651830092999,0.0,0.0011265758383256,0.0013510992462447,0.0,0.041787601915216,0.0001038581498143,0.0001573855260011,0.0,0.041787601915216,0.0414741709072446,0.025255604215988,0.0226193613271194,0.0098469532108209,0.0092434469957593,0.0063035482094277,0.0051796115999861,0.9901530467891788,interfair/studies/requirements/evaluation/confirmation/hmda_oh/1002/pool2048/audit.npz,81cf391a9d429740ab3a4d42340578fa2659c6586b003157acc0eca6dde0f820,interfair/studies/requirements/runs/confirmation/hmda_oh/1002/pool2048/DONE.json,83f3c25a7de427be4654d95b4277006138c575ba873293e04a1f0aab6ae5a2ac,20,40,174.41462305601453,48ad497ceedad0349edc212ff91f21f8623573feeb63cd90e1c8718a01f0cb8d,96c64cffb0cf3b5004d8ac2d1f4572c3d78891b88d0167c54ab5c8db462700c0,12615680,3080,True,,False,True,095c89035b2b952e129f43b7a5cda38dcf87a397bddcb7a9d6acfc223a9e3b29
hmda_oh,1003,mlp,pool2048,interfair/studies/requirements/runs/confirmation/hmda_oh/1003/pool2048/selected.pt,0.8458687557436573,0.948570325730172,0.9220240963855422,0.8651666666666666,0.1015366338114256,0.3378731160500638,0.0206377065964603,0.0130073993167401,0.0419155419124182,0.0053770920370199,0.0206377065964603,0.9888536771937492,0.6472868217054264,0.9259919750334372,11215,0.9942307692307693,0.6679245283018868,0.8840764331210191,785,0.0061022146438854,0.0001231754634476,0.0008585431249645,0.000510033947247,0.0,0.0462481471511986,0.011851510094852,0.005391021759962,0.0,0.0007303098182733,0.0004509990479492,0.0,0.0434280972690666,0.0002201710298978,0.0002630793352604,0.0004512687783698,0.0434280972690666,0.0429027592637879,0.0311833385233401,0.0296745680933568,0.0139184500882985,0.0125613776341657,0.0094057930572581,0.0080503487703077,0.9860815499117014,interfair/studies/requirements/evaluation/confirmation/hmda_oh/1003/pool2048/audit.npz,fad929adaf328300b46603352b52b97fee03dc216d93d33020c258a5f490b278,interfair/studies/requirements/runs/confirmation/hmda_oh/1003/pool2048/DONE.json,589bda0af8544185af1024131ff5eb76eb02e52e9b6e6c9399ca4e99cc92564c,20,40,163.0528860029881,6b0ac52be72cec71f6001e38f73e486a636236ab127eba2a3f31688f8ea7ff3c,fe04086c68436f384a1f296706eebfc1c593f667f49365055bb793768ac4ab6c,12615680,3080,True,,False,True,733d16625dc189abc9d81a4b644ad883f1f8eaddf459931c8d18cb3fd75fabb7
hmda_oh,1004,mlp,pool2048,interfair/studies/requirements/runs/confirmation/hmda_oh/1004/pool2048/selected.pt,0.8433398039820973,0.9468638345508188,0.9217567372125536,0.86475,0.1020708807053765,0.3399376188016264,0.0168641216907999,0.0104322625887992,0.0440174811373529,0.0040004034867984,0.0168641216907999,0.988307288820894,0.6472868217054264,0.9255461435577352,11215,0.9923076923076924,0.6641509433962264,0.8815286624203822,785,0.0057956754598987,0.0002925232419752,0.0009285789210376,0.0014954809397882,0.0,0.0449765395694434,0.0103348586743795,0.0050442964431307,0.0001500600240096,0.0008205052131994,0.0009017283654778,0.0,0.0405843991148108,3.953634395353219e-05,7.747028371710487e-05,0.0,0.0405843991148108,0.0404297563273117,0.0128088777894183,0.0114509863593651,0.005479192187164,0.0051768947264627,0.0030804399683509,0.0024782921900509,0.9943707477888264,interfair/studies/requirements/evaluation/confirmation/hmda_oh/1004/pool2048/audit.npz,4a73971eac730f679cf5af0db22c9501de70ac417d86e49f0283c7d0f8bf1100,interfair/studies/requirements/runs/confirmation/hmda_oh/1004/pool2048/DONE.json,49bc29fd16e327e944eb7778072e08edee691f45b84694484aa88d8d0254fc9b,20,40,169.36729643197032,ae3a1abc5049011a6b9a65c00a6da2e34a31fa97b328b67f1c7303d2d80d2b41,5b6e65a3859da3ee9198bf8ad1ee6e81744eea0f9987634f9c2978588c69045d,12615680,3080,True,,False,True,ea68501080542b338c81e3e7fbdfec4e88d802740b3df7fb03fb0141c0327d28
hmda_oh,1005,mlp,pool2048,interfair/studies/requirements/runs/confirmation/hmda_oh/1005/pool2048/selected.pt,0.846024546790791,0.9486170587077116,0.9229137540375066,0.86675,0.1015337524842192,0.3374493080049229,0.0099038320900979,0.0073126290398456,0.0467435844282707,0.0047214259895934,0.0099038320900979,0.9895093432411758,0.6429263565891473,0.925724476148016,11215,0.9942307692307693,0.6528301886792452,0.8789808917197452,785,0.0051732518719304,9.635828115551916e-05,0.0009669911349757,0.0009219781647749,0.0,0.0433161298652762,0.0141495435552157,0.0040478681518141,0.0,0.0007650694831573,0.0010517883894874,0.0,0.0389745065989652,0.0002196090522998,0.0002159340817809,0.0,0.0389745065989652,0.0385428418077426,0.0246163412824821,0.023412594971382,0.0131617785363562,0.0118880516333257,0.0077801256200451,0.0065881161009345,0.9868382214636436,interfair/studies/requirements/evaluation/confirmation/hmda_oh/1005/pool2048/audit.npz,1dc82478ed31ff81c661839104f75bfe4fa4f693503bf871dcf75cca5c26c47a,interfair/studies/requirements/runs/confirmation/hmda_oh/1005/pool2048/DONE.json,bfb9b3923857af66819f3202458caec33bbcf7a021a256b40b2b2cc772eb245b,25,40,165.79494322399842,646e692b60b511afb6fc5de2360f013ba66f3c499e20d75f696f4bdca330fb30,262f6995eb4278942b57774459f09fe7d15639b11d54b5f95dbbaff1e4250a2c,12615680,3080,True,,False,True,ddceb69ee0b6bae152eb237bfc50135f952e696b7d16a7ad66e48570456ca0a1
hmda_oh,1006,mlp,pool2048,interfair/studies/requirements/runs/confirmation/hmda_oh/1006/pool2048/selected.pt,0.8344621339626304,0.9450066021687432,0.9192026194144838,0.8601666666666666,0.1078742722001865,0.358233044415637,0.023032762907708,0.0133199884577123,0.0394313802885694,0.0036072140077166,0.023032762907708,0.9867774013768988,0.6637596899224806,0.927329469460544,11215,0.9903846153846154,0.6867924528301886,0.8878980891719745,785,0.0122272494203168,0.0047870293936766,0.0018617478363246,0.0022233180059242,0.0001003584191884,0.0442215014451168,0.0090721434214674,0.0112691763507674,0.0016525777310256,0.0017087949072038,0.0023214399822329,0.0,0.0478326451700837,1.3098254924084494e-05,4.909762519754332e-05,0.0001500600240096,0.0478326451700837,0.0477368674868001,0.0126773062038896,0.0092322496646112,0.0039211573383888,0.0025629961779149,0.0015082211844834,0.0010547749934314,0.9944262649305856,interfair/studies/requirements/evaluation/confirmation/hmda_oh/1006/pool2048/audit.npz,ee72c9a0369bc3b7050ce9171bd4d72cca6b97513e51edcaab78c33e6bd4c10d,interfair/studies/requirements/runs/confirmation/hmda_oh/1006/pool2048/DONE.json,7e2d7d617a6f07bdcea866791bf68fea56687ba33a34cc4f1febf3aa39b0a62f,5,40,166.20382325700484,88901f5dc51a3dc8d02c520b3143ef7e4709575be68b534c30119c3d1aafee84,6ed361305444ffb063028cb301c78289301bf926f424742e7ab3cf44d2bb97f5,12615680,3080,True,,False,True,dba59b6b12aaf08390e78f6fea7d38926c22cb21680cee64d6835a45b3485297
hmda_oh,1007,mlp,pool2048,interfair/studies/requirements/runs/confirmation/hmda_oh/1007/pool2048/selected.pt,0.848077623277713,0.9493151262683576,0.9224450350326164,0.86625,0.100564842853317,0.3343572535105651,0.0073040076056749,0.0038807513966271,0.0520049637797421,0.0004574951875793,0.0073040076056749,0.9869959567260408,0.6342054263565892,0.922068658047258,11215,0.9865384615384616,0.6415094339622641,0.870063694267516,785,0.005157848283087,0.0,0.0006338152618707,0.0016603325910844,0.0,0.0458695278872061,0.0143250181531601,0.0057331483318046,0.0,0.0006839493430037,0.0019436778605788,0.0,0.0448407088523954,0.0002083081352044,0.0001916048546158,0.0,0.0448407088523954,0.0444576064790476,0.0233217066475025,0.0216776093741016,0.0113287142073816,0.0111775654770309,0.0049631166181483,0.0046621775942087,0.9886712857926184,interfair/studies/requirements/evaluation/confirmation/hmda_oh/1007/pool2048/audit.npz,93843443cc9c6c5ca8597313a00c0d8be645d656d0f2c51b3388d62a18c15870,interfair/studies/requirements/runs/confirmation/hmda_oh/1007/pool2048/DONE.json,427288b966c841afa2b25704e8f7a64e6c2a9bb44a71d7cf9ec2f3ed93514808,30,40,129.55524143803632,963e1898fd735a49519f81a4a3a1e71642eb742fb760552d5c8fc474f50f6137,e2e1c8382fb978c6400f4defefd1aeec8f2c21d87ec3d5e85b346f7ead7ee3f1,12615680,3080,True,,False,True,e34a7207dcdaf853b9f5f8f26150008be19207900ec83f415b6f7d1474642c38
hmda_oh,1008,mlp,pool2048,interfair/studies/requirements/runs/confirmation/hmda_oh/1008/pool2048/selected.pt,0.8470968145237214,0.9493435105125642,0.9215941400414438,0.8644166666666667,0.1014206446333635,0.3369581273642444,0.0139571449466139,0.0078533192433111,0.0460938631439353,0.0017494935400083,0.0139571449466139,0.9886351218446072,0.6501937984496124,0.9263486402139992,11215,0.9903846153846154,0.6641509433962264,0.8802547770700637,785,0.0063311122266939,0.0002191914193188,0.000813579539531,0.0004761583579194,0.0,0.0434570578053564,0.0126438930636641,0.0052459979074682,0.0,0.000724729881302,0.0004520877542903,0.0,0.0435967743875349,6.77707350865661e-05,8.044724696158773e-05,0.0,0.0435967743875349,0.043436164795361,0.0122342383680653,0.0102184122875324,0.005555964962903,0.005555964962903,0.0033048256249967,0.003153676894646,0.9944440350370968,interfair/studies/requirements/evaluation/confirmation/hmda_oh/1008/pool2048/audit.npz,03e68429736d50e79f32ef050f42299a48be966cda7df195d306160ad16381c5,interfair/studies/requirements/runs/confirmation/hmda_oh/1008/pool2048/DONE.json,6b4bedcd11123eb36fe181e9e41afcd0cd906832b1b567a5be4ef0ecdcd3bdfa,25,40,121.8310989359743,09b32dd4f709d155a29c89387384219b2ca931130cfe0df05c771f7805a6ecd9,adae3485017f0c981578516c0bdd753fd8060d86a39e8c51bbfcd57834d0e7f7,12615680,3080,True,,False,True,f3baa0672b16b6a9a84bb8a0c5f189377a6eed375d18dc43cd648c344eb5543b
hmda_oh,1009,mlp,pool2048,interfair/studies/requirements/runs/confirmation/hmda_oh/1009/pool2048/selected.pt,0.8387999756168587,0.9463102272640548,0.9202341218013834,0.8625833333333334,0.1041290714237179,0.3449791754202498,0.0092457318662105,0.005764631327284,0.0473172019957347,0.0092457318662105,0.0022835307883575,0.9830619604414818,0.6400193798449613,0.9199286669638876,11215,0.9923076923076924,0.6377358490566037,0.8726114649681529,785,0.0098956483429437,0.0036276586335362,0.0015150363470207,0.002206542109068,5.176519308417021e-05,0.0440743092289892,0.0107736895318848,0.0090266431697591,0.0024036968269941,0.0013721569329144,0.0018728880773864,0.0,0.0480954736407658,4.835073445222778e-05,8.910217728503529e-05,0.0001511487303506,0.0480954736407658,0.047917976589802,0.0175332527206771,0.0148125755743651,0.0054413542926239,0.0051390568319226,0.0034764207980652,0.0031741233373639,0.992154948880382,interfair/studies/requirements/evaluation/confirmation/hmda_oh/1009/pool2048/audit.npz,d5b20baf4df6ea820c2c052f87b992fe46eadaf4cea3ebb66c8b7ffb0012f28e,interfair/studies/requirements/runs/confirmation/hmda_oh/1009/pool2048/DONE.json,6f91e171eae2e04758199197a4bdbd35efea6dec2348c878c5c09417fc33f579,10,40,109.42952967400197,3871ab26e2ba1e0f14670c06f71f2e81fd8271234d05bbad3d16ee1594a939f8,49093b96b7340e94d2e8625e36fa94536edba37b859843b5894bf029ec9bf13e,12615680,3080,True,,False,True,207bab0d3de91897f675222473aba98c392a82a13edd8fa8a7e0f6410e8dfd65
hmda_oh,1000,mlp,pool512,interfair/studies/requirements/runs/confirmation/hmda_oh/1000/pool512/selected.pt,0.8479241853013966,0.9495620355770532,0.9227530840023496,0.8685,0.1002889046134976,0.332879040016463,0.0662498171712739,0.0461043643828176,0.1004393001865676,0.0259589115943613,0.0662498171712739,0.9759589115943612,0.5794573643410853,0.9029870708872046,11215,0.95,0.5132075471698113,0.802547770700637,785,0.0061938536536169,0.000184329669515,0.0009485578846555,0.001702667377235,0.0,0.0524795370036592,0.0183582672908088,0.0080202856187469,0.0002995805871779,0.0008958662294,0.0016561135804694,0.0,0.0501372782887132,0.0001036858997409,0.0001100936203741,0.0,0.0501372782887132,0.0499172398303915,0.0143808771648406,0.0136300277992927,0.0068406697886365,0.0062398804470983,0.0032294112860194,0.0027784122380702,0.9928597496241854,interfair/studies/requirements/evaluation/confirmation/hmda_oh/1000/pool512/audit.npz,815c045fb71e463a0ca3e3cdc934851f4aa8a76639b3657c2ce81ae7bb4d0c9f,interfair/studies/requirements/runs/confirmation/hmda_oh/1000/pool512/DONE.json,3e35ba5b2e07c8a81434af2d1fbe6d75c901296deccfa50d7ff21e1688d79d6f,15,40,132.19165764498757,6a435754a0f9bdb30cd26b642d67fe263a501a2867a6177a95c921b6dfaded5b,43217c8caf1391502d6abb6a1c2f10c879e7e830141606ed7f4cc12aa778a064,12615680,3080,True,,False,True,903c1bfc599f08559eb49033f26a95293517f3c69c94b5a34b893f8bae5724c3
hmda_oh,1001,mlp,pool512,interfair/studies/requirements/runs/confirmation/hmda_oh/1001/pool512/selected.pt,0.8407301152529647,0.9474515487925784,0.9214649527043416,0.8650833333333333,0.1033143403872495,0.34187024479551,0.0363207547169811,0.0204996551171214,0.0639543832049319,0.0046785555172617,0.0363207547169811,0.9818599060212,0.625,0.9161836825679892,11215,0.9865384615384616,0.5886792452830188,0.8522292993630574,785,0.0077771735103122,0.0004407186398337,0.0009660624729283,0.0009295120512559,0.0,0.0480500079342989,0.0159922229473235,0.0073516116105479,0.0001500600240096,0.0009309391966599,0.0007508493655478,0.0,0.0508601208400864,2.0591676766207805e-05,5.288040699486777e-05,0.0003022974607013,0.0508601208400864,0.0507553830368228,0.0087039285954232,0.0069775744772611,0.0040562144513858,0.003152588188305,0.0021798003092141,0.0020286515788634,0.9957937255246044,interfair/studies/requirements/evaluation/confirmation/hmda_oh/1001/pool512/audit.npz,d977afbc4f2392455c167c0d64da56e6e630aabc58fb48af87d308dd7f7999a0,interfair/studies/requirements/runs/confirmation/hmda_oh/1001/pool512/DONE.json,9fab4c6692536f3bef6a72aa1b133de7c607203ff94bcdc23ef6ca74b8c39d07,5,40,129.28582226199796,83121a2109dfa871f8d5091ec4bc034169e0655954a91fac8fc6b0bb252a511f,f779593edac436b1448254758d719be6536dca4355098267ab922765d9976b70,12615680,3080,True,,False,True,422552534b4e57773343cba9170ab86856c6bf4175547313d3edce8e2413b410
hmda_oh,1002,mlp,pool512,interfair/studies/requirements/runs/confirmation/hmda_oh/1002/pool512/selected.pt,0.8471735113130983,0.9495595353285842,0.9222465353756382,0.86675,0.1008784405378538,0.3347646997280358,0.0491699575837355,0.0285393595657218,0.0785787914843347,0.0079087615477081,0.0491699575837355,0.9809856846246312,0.6114341085271318,0.9129736959429336,11215,0.9730769230769232,0.5622641509433962,0.8343949044585988,785,0.005836864450219,9.70638194612958e-05,0.0007562377953694,0.0013937358332851,0.0,0.0481752851508762,0.0149250820157588,0.0047458016674735,0.0,0.0006991747114557,0.0021692123301997,0.0,0.0467759938602278,0.0001243414678461,0.0001712642805281,0.0,0.0467759938602278,0.0464337229048905,0.0229573192696787,0.0212290574692551,0.009687374344821,0.0087840178121608,0.006002609185488,0.005549162994436,0.990312625655179,interfair/studies/requirements/evaluation/confirmation/hmda_oh/1002/pool512/audit.npz,087ebea16983ef92af8a92186dd0e11a2cfcd24dce9c431a9e608340186b12ef,interfair/studies/requirements/runs/confirmation/hmda_oh/1002/pool512/DONE.json,9e7f4c01567402ba043c871b2ab5e42d046f1cf85c4e2d7ec5c8ed0bb8052807,10,40,169.61032974201953,48ad497ceedad0349edc212ff91f21f8623573feeb63cd90e1c8718a01f0cb8d,96c64cffb0cf3b5004d8ac2d1f4572c3d78891b88d0167c54ab5c8db462700c0,12615680,3080,True,,False,True,b0ebd06f6adea4487cf116d3c3ce9c885d0f446b883a4dfe93ad52619a38fc3b
hmda_oh,1003,mlp,pool512,interfair/studies/requirements/runs/confirmation/hmda_oh/1003/pool512/selected.pt,0.8451524898663673,0.948828356912574,0.9231887569663194,0.8679166666666667,0.1015307295022966,0.3370307090491239,0.0244131197893813,0.0123587080415934,0.0643746574622817,0.0003042962938055,0.0244131197893813,0.9849196809091902,0.6206395348837209,0.9178778421756576,11215,0.9846153846153848,0.5962264150943396,0.8535031847133758,785,0.0052927192244634,0.000146909121642,0.0008179387635504,0.0014626256010539,0.0,0.0467530508509904,0.0136703761026397,0.0043038743829185,0.0001511487303506,0.0007182309456377,0.0015719490534468,0.0,0.0426901599084026,0.0005024506529067,0.000533178316244,0.0003022974607013,0.0426901599084026,0.0416245538459482,0.0603297673216608,0.0576976095277357,0.029327273082959,0.0277520676951475,0.0170249618052245,0.0162033226564843,0.9705215781866904,interfair/studies/requirements/evaluation/confirmation/hmda_oh/1003/pool512/audit.npz,22aa443e9e63725ee9cfea86b9d2c8bf6750fabc976231b1290615a55d394872,interfair/studies/requirements/runs/confirmation/hmda_oh/1003/pool512/DONE.json,cbad91c6fdc1a1b0c8d5dbb98c6518c3c3d950287fc923484e0b723b87b489c6,10,40,159.18158476700773,6b0ac52be72cec71f6001e38f73e486a636236ab127eba2a3f31688f8ea7ff3c,fe04086c68436f384a1f296706eebfc1c593f667f49365055bb793768ac4ab6c,12615680,3080,True,,False,True,3227bb35ed1887e6f1639c62b7b5d95478904866b75a0109f6b242f712aba89c
hmda_oh,1004,mlp,pool512,interfair/studies/requirements/runs/confirmation/hmda_oh/1004/pool512/selected.pt,0.8469993840726142,0.949427520584287,0.9229878401852925,0.867,0.1025458680560453,0.3404204968515949,0.0230894398127834,0.0117954281097826,0.0614060445661094,0.0005014164067819,0.0230894398127834,0.9889629548683204,0.6419573643410853,0.925100312082033,11215,0.9884615384615384,0.6188679245283019,0.8636942675159236,785,0.0058843708126759,0.0001407718683128,0.0006504193128816,0.0007713587409959,0.0,0.042861660481541,0.0160968122502431,0.0059947019989156,0.0002995805871779,0.0007367959033042,0.0011201310295771,0.0,0.0364341367645497,0.0001211373860605,0.0001768229347577,0.0001500600240096,0.0364341367645497,0.0360808354548383,0.0194069138593731,0.0175449533827141,0.0105692362657391,0.0101168787810282,0.0062995036518009,0.0059982948974407,0.9891311831470828,interfair/studies/requirements/evaluation/confirmation/hmda_oh/1004/pool512/audit.npz,8001159bda7dd7467247516f0d10a3bdfeee7d29a05ec5bb7d4b49806135984d,interfair/studies/requirements/runs/confirmation/hmda_oh/1004/pool512/DONE.json,3a592111be7a35bdd9aea8b0d29d08d872f657d4a28aeafc494305e1acbac6fe,10,40,150.48323729098774,ae3a1abc5049011a6b9a65c00a6da2e34a31fa97b328b67f1c7303d2d80d2b41,5b6e65a3859da3ee9198bf8ad1ee6e81744eea0f9987634f9c2978588c69045d,12615680,3080,True,,False,True,e2d586c749d2f049a89fb794328db5b1cc2fb4906ccc47488df8883344286f20
hmda_oh,1005,mlp,pool512,interfair/studies/requirements/runs/confirmation/hmda_oh/1005/pool512/selected.pt,0.8408480129804267,0.9473324513754118,0.9209562367457104,0.8633333333333333,0.1041545054923147,0.3440000482041582,0.0182719028813808,0.0104478089089788,0.0553677257767264,0.0026237149365769,0.0182719028813808,0.9877609004480384,0.6560077519379846,0.9267053053945608,11215,0.9903846153846154,0.6377358490566037,0.8713375796178344,785,0.0077296600173971,0.0004921798216056,0.0009329047801598,0.0011919874225096,0.0,0.0428173544254797,0.0127361410023098,0.0062416047056566,0.0001511487303506,0.0007952007568441,0.0012053842629408,0.0,0.0423302553047104,0.0001556274612646,0.0001879081969905,0.0001511487303506,0.0423302553047104,0.0419554031110501,0.0280358947823441,0.0242087310807059,0.01276123175315,0.0117053680533775,0.0067542677422977,0.0060826886175671,0.9870876195164991,interfair/studies/requirements/evaluation/confirmation/hmda_oh/1005/pool512/audit.npz,b97b374d50c129c25a6d35fe58990ccbcc57f1795dfcfa39ac05b6c86f9b55cd,interfair/studies/requirements/runs/confirmation/hmda_oh/1005/pool512/DONE.json,c3f2e14490b2859a3131b4a8cd80fb6b42b0738d4e97d67fd4a0cb495f2b2212,5,40,171.42705007002223,646e692b60b511afb6fc5de2360f013ba66f3c499e20d75f696f4bdca330fb30,262f6995eb4278942b57774459f09fe7d15639b11d54b5f95dbbaff1e4250a2c,12615680,3080,True,,False,True,f5c795d448d1f2de8087f71d22e852dde19892de6bac17a22cc5799a7f4525bd
hmda_oh,1006,mlp,pool512,interfair/studies/requirements/runs/confirmation/hmda_oh/1006/pool512/selected.pt,0.8498762129358604,0.9503331503623624,0.9243494243977944,0.8696666666666667,0.1016949658993443,0.3410448843040879,0.0458059090244259,0.0231439958443919,0.0705782462636765,0.0004820826643578,0.0458059090244259,0.9879794557971806,0.626937984496124,0.9215336602764156,11215,0.9884615384615384,0.5811320754716981,0.8509554140127389,785,0.0060985678796143,0.0001037398205301,0.0007056894138642,0.0012902245227893,0.0,0.0428824580241948,0.0146645803196879,0.0055072835552304,0.0,0.0007218134061037,0.0012737269030305,0.0,0.0385603147168951,0.0010291003328709,0.0006075425516897,0.0006024175087205,0.0385603147168951,0.0373462725454694,0.0438011865748184,0.0411066691333502,0.0229598586707565,0.0223563524556949,0.0165029437809791,0.0157518246850107,0.9770401413292432,interfair/studies/requirements/evaluation/confirmation/hmda_oh/1006/pool512/audit.npz,244fdf621cc79a7315195fdb52ce0a632aab4405b06fce20ce24dae963bf5e81,interfair/studies/requirements/runs/confirmation/hmda_oh/1006/pool512/DONE.json,3b983e3866697e819f87d9fe6dc27be0e73a4e68b71ff39e6d100ceff4565968,20,40,165.18067841097945,88901f5dc51a3dc8d02c520b3143ef7e4709575be68b534c30119c3d1aafee84,6ed361305444ffb063028cb301c78289301bf926f424742e7ab3cf44d2bb97f5,12615680,3080,True,,False,True,e3eb32321caab83c55a10c23c4d2c60b1cbd2e49b0769edd6cab414ccc96802b
hmda_oh,1007,mlp,pool512,interfair/studies/requirements/runs/confirmation/hmda_oh/1007/pool512/selected.pt,0.8494947268792922,0.9505100136633116,0.9233018224344606,0.8688333333333333,0.1002166720100515,0.3323763333865533,0.0241809273072984,0.0155530948919334,0.0720185375023781,0.0069252624765683,0.0241809273072984,0.9800021855534914,0.5939922480620154,0.908961212661614,11215,0.9730769230769232,0.569811320754717,0.8369426751592357,785,0.0053745927768699,0.0,0.0006318200537018,0.0007999196852865,0.0,0.0503820208772652,0.0154618409374057,0.0048138089927671,0.0,0.0005849628278789,0.0011206802750769,0.0,0.0492585349632119,0.0003447323778842,0.000394685534277,0.0001500600240096,0.0492585349632119,0.048469472609684,0.0340357480613328,0.0315681039569301,0.0185288477336608,0.0172551208306303,0.0124300577140815,0.0117587483197715,0.9814711522663392,interfair/studies/requirements/evaluation/confirmation/hmda_oh/1007/pool512/audit.npz,3a6ce63adedde078f5f71f8c09be5b6b88fd451ad5320a0ced422275bae99f7c,interfair/studies/requirements/runs/confirmation/hmda_oh/1007/pool512/DONE.json,65ef4fe3ae8dbea75752ba69b61c39637199e7b1517192b579bda428821410c4,10,40,131.611244439031,963e1898fd735a49519f81a4a3a1e71642eb742fb760552d5c8fc474f50f6137,e2e1c8382fb978c6400f4defefd1aeec8f2c21d87ec3d5e85b346f7ead7ee3f1,12615680,3080,True,,False,True,0a8f16fa76d9c2f957275e88413806e63b1882bc04914d80e701651848a78874
hmda_oh,1008,mlp,pool512,interfair/studies/requirements/runs/confirmation/hmda_oh/1008/pool512/selected.pt,0.8505056815782838,0.95091158024973,0.9242306947938844,0.8695,0.1007121562457526,0.3349618818372988,0.0448369167763639,0.0250073936033329,0.0741324034292106,0.0051778704303019,0.0448369167763639,0.9878701781226096,0.625968992248062,0.9212661613909942,11215,0.9826923076923076,0.5811320754716981,0.8471337579617835,785,0.0033956738275054,0.0003385019542018,0.0003667126354204,0.0003374712943443,0.0,0.0445235830960371,0.0176353134348034,0.0028809433476262,0.0,0.0003098394994723,0.0,0.0,0.0392256646846912,0.000463031527962,0.000321822453332,0.0003022974607013,0.0392256646846912,0.0385820709375731,0.0261658032544321,0.0258645945000718,0.0156461724278809,0.0153438749671795,0.0094033459141554,0.0094033459141554,0.984353827572119,interfair/studies/requirements/evaluation/confirmation/hmda_oh/1008/pool512/audit.npz,0c7ce6b2d5a80993586e607ef17b8643565746da434a86f8be5a32b14c4de5b0,interfair/studies/requirements/runs/confirmation/hmda_oh/1008/pool512/DONE.json,c240478b42374ef629755144fd16e3a0e8d6bac7fc9b1123308aba9bda341a8a,20,40,108.54867967800237,09b32dd4f709d155a29c89387384219b2ca931130cfe0df05c771f7805a6ecd9,adae3485017f0c981578516c0bdd753fd8060d86a39e8c51bbfcd57834d0e7f7,12615680,3080,True,,False,True,3ebcf588b99fcb933d59c3957f72a4090d9538220b883823f6a1b58c4b641ff5
hmda_oh,1009,mlp,pool512,interfair/studies/requirements/runs/confirmation/hmda_oh/1009/pool512/selected.pt,0.8416105411179369,0.9474086511625146,0.9217095677513356,0.8656666666666667,0.1027406743499533,0.3402389987238687,0.0583753839403247,0.0375346149630256,0.0862601554446813,0.0166938459857266,0.0583753839403247,0.982078461370342,0.6206395348837209,0.9155595185020062,11215,0.9653846153846154,0.5622641509433962,0.8292993630573249,785,0.0100296887105972,0.0037825083789091,0.001263954473922,0.0009497717450298,0.0,0.0499628601982678,0.0144054461294746,0.0083042201299392,0.0021035767789749,0.0011404216958401,0.0004507293175286,0.0,0.0502953628095953,0.000251979226316,0.0002614249612946,0.0001511487303506,0.0502953628095953,0.0497746282645683,0.0283832933952836,0.0242557399152056,0.0129332980001082,0.0117284629826672,0.0085941438243979,0.0080737134300179,0.9849631252209168,interfair/studies/requirements/evaluation/confirmation/hmda_oh/1009/pool512/audit.npz,6853ba6eff1583ad5290d563f49b0e3b37cfa628db86ab2868bcad6d53443cc8,interfair/studies/requirements/runs/confirmation/hmda_oh/1009/pool512/DONE.json,fcc7cf9b285c0bfca5108a06d9159ed66be27cab3afafb3b43e63b5d5449a527,5,40,108.31176005903399,3871ab26e2ba1e0f14670c06f71f2e81fd8271234d05bbad3d16ee1594a939f8,49093b96b7340e94d2e8625e36fa94536edba37b859843b5894bf029ec9bf13e,12615680,3080,True,,False,True,1a19fc503fae8681773f01941de0979fc297dceafd9d6c3276c79ef5d6f0dfcb
hmda_oh,1000,mlp,soft,interfair/studies/requirements/runs/confirmation/hmda_oh/1000/full/selected.pt,0.8464100508267736,0.9482124053437376,0.9216466190635932,0.86375,0.1016468193748282,0.3386120552857317,0.0052087904051484,0.004593353954455,0.0441696885710959,0.0039779175037616,0.0052087904051484,0.9940990055731614,0.6778100775193798,0.935889433794026,11215,0.9980769230769232,0.6830188679245283,0.89171974522293,785,0.0057163489272694,0.0003245302806117,0.0009186648642299,0.0006304751279338,0.0,0.0470708333425522,0.0131684778933297,0.0049740774648784,0.0,0.0006792443263692,0.0003009390239396,0.0,0.0393777015089619,0.0001403406643242,0.0001702889565862,0.0,0.0393777015089619,0.0390377484382068,0.0237188265055334,0.0216201943347395,0.0103020778910307,0.0093962742152678,0.0060805209895435,0.0057793122351832,0.9896979221089692,interfair/studies/requirements/evaluation/confirmation/hmda_oh/1000/full/audit.npz,39a7cf112a587f3afa638518348305d1a2c48930b712ca19f099039af06b5bdf,interfair/studies/requirements/runs/confirmation/hmda_oh/1000/full/DONE.json,a8e9287205ad4ecdea77675fbf53fc79e5a7166693a0c690a32e7040e021b9d1,30,40,117.50465107802302,6a435754a0f9bdb30cd26b642d67fe263a501a2867a6177a95c921b6dfaded5b,43217c8caf1391502d6abb6a1c2f10c879e7e830141606ed7f4cc12aa778a064,12615680,3080,True,,False,True,b88521a3937792c2d7a16e41433c2539e9a2725144eb0f6ef6a5d98d57952459
hmda_oh,1001,mlp,soft,interfair/studies/requirements/runs/confirmation/hmda_oh/1001/full/selected.pt,0.847351589936653,0.9498532902502111,0.9213893967093236,0.8638333333333333,0.1011388754872902,0.335700239539108,0.0250731314904197,0.0156949006896884,0.0383102703101794,0.006316669888957,0.0250731314904197,0.9898371762648892,0.6579457364341085,0.9287561301827908,11215,0.9961538461538462,0.6830188679245283,0.8904458598726115,785,0.0046819151713972,0.0,0.0006189914747,0.0004382491337383,0.0,0.049630864983267,0.0149851566698866,0.0044851417794705,0.0,0.000534089125817,0.0004493708807669,0.0,0.0452596433518602,9.532628978959515e-05,0.0001407974528679,0.0001500600240096,0.0452596433518602,0.0449781045519921,0.0151270222986524,0.0148258135442921,0.009058787346598,0.0084563698378775,0.0050153983935427,0.0045654880519345,0.990941212653402,interfair/studies/requirements/evaluation/confirmation/hmda_oh/1001/full/audit.npz,b9833726328151938abd2589fdc40b801fe999fb9635358d576faef6235a3afd,interfair/studies/requirements/runs/confirmation/hmda_oh/1001/full/DONE.json,e2eb7d4ca4e278b3f554331f522d88487d51117da9da4c3a02281fe015068eac,40,40,129.29693544999463,83121a2109dfa871f8d5091ec4bc034169e0655954a91fac8fc6b0bb252a511f,f779593edac436b1448254758d719be6536dca4355098267ab922765d9976b70,12615680,3080,True,,False,True,ffb3f9e2771309e0d6646ab6d0fc93f5e8280f97eeef4fe6ea544fad7db3f014
hmda_oh,1002,mlp,soft,interfair/studies/requirements/runs/confirmation/hmda_oh/1002/full/selected.pt,0.8459282484775299,0.9492876002141536,0.92,0.8603333333333333,0.1063546032641371,0.350076502880276,0.043299327190288,0.0224912067640284,0.0297616647404096,0.0016830863377689,0.043299327190288,0.9963938367391542,0.7000968992248062,0.9418635755684353,11215,0.9980769230769232,0.7433962264150943,0.9121019108280256,785,0.0064894497044544,0.0003021315369843,0.0012602275057236,0.002198833504762,0.0,0.0368102152199521,0.0086211523075086,0.0057984401940851,0.0003009390239396,0.0011448046394499,0.0026958856628883,0.0,0.0327159640440128,5.608375818180514e-05,0.0001025247073352,0.0001500600240096,0.0327159640440128,0.0325113499197306,0.0202840378928733,0.0184043576316784,0.0072350028818515,0.006179139182079,0.0036172317105051,0.0030126367891024,0.9924640580942088,interfair/studies/requirements/evaluation/confirmation/hmda_oh/1002/full/audit.npz,82f2ac87c7332262f1f2ec0200bb0ac7bba1c19f602d1c26dec7d0f52ff3565b,interfair/studies/requirements/runs/confirmation/hmda_oh/1002/full/DONE.json,20d8d2e63b2b9149defa4f709cc555e186fc9874843e8d2715f5b1e3b5f18c1b,20,40,186.7055804519914,48ad497ceedad0349edc212ff91f21f8623573feeb63cd90e1c8718a01f0cb8d,96c64cffb0cf3b5004d8ac2d1f4572c3d78891b88d0167c54ab5c8db462700c0,12615680,3080,True,,False,True,79a6c722e5d2a9ed87c4431a35dcdad72f02088c8f7505730d13f9bcc636dbec
hmda_oh,1003,mlp,soft,interfair/studies/requirements/runs/confirmation/hmda_oh/1003/full/selected.pt,0.8489572055889961,0.9499700963129531,0.9213083213083212,0.8636666666666667,0.1017947350434797,0.3394801223076526,0.0236196431183267,0.0128811630687084,0.041393038781659,0.00214268301909,0.0236196431183267,0.9901650092886024,0.6593992248062015,0.9292911279536336,11215,0.9923076923076924,0.6830188679245283,0.8878980891719745,785,0.0049771574811181,0.0001077600468037,0.0007943811142836,0.0005610957887105,0.0,0.049952941224303,0.0115075625718847,0.0046468100698984,0.0001500600240096,0.0006485042503643,0.0011193218383152,0.0,0.0441847322324414,0.0001151569545244,0.0001889927255178,0.0,0.0441847322324414,0.0438068961215389,0.0257746287546545,0.0241986043909226,0.0118562875906245,0.0109529310579643,0.0067504621624333,0.0064506118448347,0.987993652385366,interfair/studies/requirements/evaluation/confirmation/hmda_oh/1003/full/audit.npz,2ff2400089c11eb6c21ad5e5ceec0da2f1f252377efe4ace0a94013b16f832ba,interfair/studies/requirements/runs/confirmation/hmda_oh/1003/full/DONE.json,87f41027ce19c96891e73489989e9e8e041a5b96fbbb5eb3a5241d4c12818e19,30,40,166.66976458695717,6b0ac52be72cec71f6001e38f73e486a636236ab127eba2a3f31688f8ea7ff3c,fe04086c68436f384a1f296706eebfc1c593f667f49365055bb793768ac4ab6c,12615680,3080,True,,False,True,265dda4cf2882afb7682e6e6496e57730bea0fbeece0d7bd680549322900d79c
hmda_oh,1004,mlp,soft,interfair/studies/requirements/runs/confirmation/hmda_oh/1004/full/selected.pt,0.8444889016970925,0.9488105243504096,0.9212337006206996,0.8635833333333334,0.1021357171569918,0.3387725500951601,0.0335892935498025,0.0191007209324124,0.0366797197792991,0.0046121483150223,0.0335892935498025,0.9896186209157468,0.6569767441860465,0.9283994650022293,11215,0.9942307692307693,0.690566037735849,0.89171974522293,785,0.0067481294137623,0.0003073297318714,0.0015218486102778,0.0015186198099569,0.0,0.0534001815007382,0.0157241394882955,0.0056832075531735,0.0,0.0012830124796445,0.0023941374476868,0.0,0.0516707814932645,3.047323725628862e-05,5.380643676111377e-05,0.0,0.0516707814932645,0.0515634192824013,0.0101690794817887,0.0088961715546786,0.0033067640599165,0.0033067640599165,0.0018028977007973,0.0016528376767877,0.9966932359400834,interfair/studies/requirements/evaluation/confirmation/hmda_oh/1004/full/audit.npz,63c341f54f08afd02239be26a9b09e4907b9f47360843932fae72643fde3bfd0,interfair/studies/requirements/runs/confirmation/hmda_oh/1004/full/DONE.json,545b24cd6f339a8d0dbf6a5fdaed6016ffe6c6de07f9a112adf8d4e5c6457d74,40,40,157.376492616022,ae3a1abc5049011a6b9a65c00a6da2e34a31fa97b328b67f1c7303d2d80d2b41,5b6e65a3859da3ee9198bf8ad1ee6e81744eea0f9987634f9c2978588c69045d,12615680,3080,True,,False,True,8b3f6f6fa7f215f30a45be32f6603ea1d2772628b65a09369d8f2b03dbf1c327
hmda_oh,1005,mlp,soft,interfair/studies/requirements/runs/confirmation/hmda_oh/1005/full/selected.pt,0.8321969259216457,0.9447274408578228,0.9156075967442524,0.85225,0.1105141857097939,0.3635918814538489,0.0267990346643265,0.014263021110649,0.0295702695718598,0.0017270075569715,0.0267990346643265,0.9944268385968746,0.7354651162790697,0.9467677218011592,11215,0.9961538461538462,0.7622641509433963,0.9171974522292994,785,0.0117590924908385,0.0029105110038311,0.001806255333493,0.0027218447915026,0.0,0.0397903945453737,0.006990757466271,0.0103878493110195,0.0019502604206006,0.0014962341322561,0.0012023976589968,0.0,0.0361252704587161,2.0019057303859963e-05,5.018310794897024e-05,0.0,0.0361252704587161,0.036026781961468,0.0104088076711603,0.0075609543020008,0.0036741478263429,0.002471490221584,0.0018717895863868,0.0013513591920068,0.9943755917530565,interfair/studies/requirements/evaluation/confirmation/hmda_oh/1005/full/audit.npz,86bad46c9ebf1cb6da6c3bebfbc2d143be5083a69fbc17825473e80c1e47f25a,interfair/studies/requirements/runs/confirmation/hmda_oh/1005/full/DONE.json,6d6da4bd9f9e2110b17ecc2193c08d3987255c7fcfe27fdd817bc5ea2814b2c4,5,40,173.38877178903203,646e692b60b511afb6fc5de2360f013ba66f3c499e20d75f696f4bdca330fb30,262f6995eb4278942b57774459f09fe7d15639b11d54b5f95dbbaff1e4250a2c,12615680,3080,True,,False,True,bfe275ab86f14b15285cc0605335d57a107847f3d59ce487a6991cafa44c1fec
hmda_oh,1006,mlp,soft,interfair/studies/requirements/runs/confirmation/hmda_oh/1006/full/selected.pt,0.8419335777833531,0.9477245280772486,0.9204872434298867,0.8618333333333333,0.104785618723863,0.3462111956812362,0.0160450489980985,0.0080439597352151,0.0428321941439893,4.287047233175745e-05,0.0160450489980985,0.992350562780024,0.6782945736434108,0.9345519393669192,11215,0.9923076923076924,0.6943396226415094,0.89171974522293,785,0.0097332875261197,0.0010694132019134,0.0015022995919681,0.0011238488483443,0.0,0.0440003271482989,0.0105749411204074,0.0085342416849971,0.001200759707156,0.001313217583136,0.0009028170718189,0.0,0.0438523000978918,5.901446487073454e-05,0.0001144110328621,0.0001511487303506,0.0438523000978918,0.0436258233627199,0.0196843372576761,0.0158601699446404,0.0074452046034052,0.0057869233949121,0.0039072431337172,0.0034559743553474,0.9913540356894388,interfair/studies/requirements/evaluation/confirmation/hmda_oh/1006/full/audit.npz,7b7d3babab94f004aa949c1d63d6a048071e03fff5e19566101b0b243d933567,interfair/studies/requirements/runs/confirmation/hmda_oh/1006/full/DONE.json,891071faa4b1e9f5e010a69459b5e84070c79eeaa70b80ba4d87bcc0d23b363e,10,40,174.36726019403432,88901f5dc51a3dc8d02c520b3143ef7e4709575be68b534c30119c3d1aafee84,6ed361305444ffb063028cb301c78289301bf926f424742e7ab3cf44d2bb97f5,12615680,3080,True,,False,True,850d9cb5d33fe57d4ba6a3988c837b134675e8057da14d0ad896358e53fab95f
hmda_oh,1007,mlp,soft,interfair/studies/requirements/runs/confirmation/hmda_oh/1007/full/selected.pt,0.8467196572295059,0.9493246365250184,0.9211453957216668,0.8639166666666667,0.1017306506716747,0.3371065237965621,0.0064045123273622,0.0060251316938844,0.0464380336844137,0.0064045123273622,0.0056457510604065,0.98590317998033,0.6434108527131783,0.922871154703522,11215,0.9923076923076924,0.6490566037735849,0.8764331210191083,785,0.0046421051406656,0.0,0.0006212812245468,0.0009415270583268,0.0,0.0467568896728979,0.0147986671750511,0.0044797194704297,0.0,0.0005426219546428,0.0010517883894874,0.0,0.0437390184430854,7.262439992792219e-05,9.597788010427656e-05,0.0,0.0437390184430854,0.0435472412529637,0.0128167782488849,0.0120634817402343,0.0052626972053263,0.0045911180805956,0.0023304095787235,0.0021792608483728,0.9947373027946738,interfair/studies/requirements/evaluation/confirmation/hmda_oh/1007/full/audit.npz,12c13e77cfe9e491a14fa27c1ee18115407c61b9fa8031e5cb259bb97c9c4ba3,interfair/studies/requirements/runs/confirmation/hmda_oh/1007/full/DONE.json,a49c21d5f52b87f2567f129570dba32393a9355663c14ad52e1871e5d60bb207,30,40,140.7784322880325,963e1898fd735a49519f81a4a3a1e71642eb742fb760552d5c8fc474f50f6137,e2e1c8382fb978c6400f4defefd1aeec8f2c21d87ec3d5e85b346f7ead7ee3f1,12615680,3080,True,,False,True,8f6064cc2d89c76a7fdfe1f5231bcae126d8bd0313828dcae82dc060f7c724af
hmda_oh,1008,mlp,soft,interfair/studies/requirements/runs/confirmation/hmda_oh/1008/full/selected.pt,0.8479644094931047,0.949722305000134,0.9228770748135676,0.8664166666666666,0.1012932512751364,0.338311201609113,0.0030185022670761,0.0018156489210854,0.0504885688241691,0.0006127955750948,0.0030185022670761,0.9916948967325976,0.6535852713178295,0.9294694605439144,11215,0.9923076923076924,0.6566037735849056,0.8789808917197452,785,0.0047961504174099,5.186991026505524e-05,0.0006733835691615,0.0002516979903996,0.0,0.0513972042183589,0.01344642616451,0.0038324905739146,0.0,0.0005483634376014,0.0001497902935889,0.0,0.0479946857193093,7.421283022080515e-05,9.481553849454776e-05,0.0,0.0479946857193093,0.0478051381504275,0.0109840144029892,0.0105305682119372,0.0053476807082694,0.0051965319779187,0.0033865527935752,0.0030842553328738,0.9946523192917304,interfair/studies/requirements/evaluation/confirmation/hmda_oh/1008/full/audit.npz,efcbb471d03980e974015d905ca7f12507acd5950918fbe0f2226794d4c71184,interfair/studies/requirements/runs/confirmation/hmda_oh/1008/full/DONE.json,07b446a74646a77fa434664062ee84f66075110a8f9175c02a16e6094d398181,40,40,120.08567354996921,09b32dd4f709d155a29c89387384219b2ca931130cfe0df05c771f7805a6ecd9,adae3485017f0c981578516c0bdd753fd8060d86a39e8c51bbfcd57834d0e7f7,12615680,3080,True,,False,True,760075f1a3c316b8600174208b81b3ff1d8d14f4f096fa8cebff771d31b45028
hmda_oh,1009,mlp,soft,interfair/studies/requirements/runs/confirmation/hmda_oh/1009/full/selected.pt,0.8471948665407049,0.9496061720441198,0.9210538945145654,0.8629166666666667,0.1022228775239838,0.338481747161912,0.0057956706157671,0.0039472162078272,0.0455838546532595,0.0020987617998873,0.0057956706157671,0.992132007430882,0.6734496124031008,0.933481943825234,11215,0.9942307692307693,0.6792452830188679,0.8878980891719745,785,0.0051824658223117,0.0001520622958989,0.0007910669997902,0.0007073817083414,0.0,0.0432299363318058,0.0155654583071159,0.0043133392983614,0.0,0.0006289179218043,0.0006007893415382,0.0,0.0403821638723177,0.000116123961979,0.0001253728701651,0.0,0.0403821638723177,0.0401315112652819,0.0187353122623017,0.0178284198801977,0.0078142263216724,0.0068403497362405,0.0040586713791471,0.0040586713791471,0.9921857736783276,interfair/studies/requirements/evaluation/confirmation/hmda_oh/1009/full/audit.npz,f5ae324204fd8c6316636b84665df16a1875398fb01d07493300ab3d27faee0a,interfair/studies/requirements/runs/confirmation/hmda_oh/1009/full/DONE.json,f6137e28e2e6d6d6cf0bf704f8540a3eb0d844af11be49bd25b8791fb781e64c,30,40,115.5281644469942,3871ab26e2ba1e0f14670c06f71f2e81fd8271234d05bbad3d16ee1594a939f8,49093b96b7340e94d2e8625e36fa94536edba37b859843b5894bf029ec9bf13e,12615680,3080,True,,False,True,7a865a2148c7f3d76b1edfdce593ba09cc9de0905f8dcac1d0422ecb85e31ab8
