task,architecture,arm,seed,metric,value,algebraic,direction,family
hmda_oh,mlp,erm,1003,auc,0.8491582599511919,False,higher,scope / hmda_oh / mlp / auc
hmda_oh,mlp,erm,1002,auc,0.8510029786768719,False,higher,scope / hmda_oh / mlp / auc
hmda_oh,mlp,erm,1000,auc,0.8519298887898774,False,higher,scope / hmda_oh / mlp / auc
hmda_oh,mlp,erm,1001,auc,0.8496541141289959,False,higher,scope / hmda_oh / mlp / auc
hmda_oh,mlp,erm,1006,auc,0.8482674228577919,False,higher,scope / hmda_oh / mlp / auc
hmda_oh,mlp,erm,1004,auc,0.8488256778098187,False,higher,scope / hmda_oh / mlp / auc
hmda_oh,mlp,erm,1007,auc,0.8541751845240397,False,higher,scope / hmda_oh / mlp / auc
hmda_oh,mlp,erm,1009,auc,0.849628385741474,False,higher,scope / hmda_oh / mlp / auc
hmda_oh,mlp,erm,1005,auc,0.8524387514535208,False,higher,scope / hmda_oh / mlp / auc
hmda_oh,mlp,erm,1008,auc,0.8486289522099753,False,higher,scope / hmda_oh / mlp / auc
hmda_oh,mlp,domain_pair,1000,auc,0.8356299230514764,False,higher,scope / hmda_oh / mlp / auc
hmda_oh,mlp,soft,1000,auc,0.8464100508267736,False,higher,scope / hmda_oh / mlp / auc
hmda_oh,mlp,population_control,1000,auc,0.8369843150958949,False,higher,scope / hmda_oh / mlp / auc
hmda_oh,mlp,random_pair,1000,auc,0.8352740543885238,False,higher,scope / hmda_oh / mlp / auc
hmda_oh,mlp,ranked_pair,1000,auc,0.8370997709574144,False,higher,scope / hmda_oh / mlp / auc
hmda_oh,mlp,domain_pair,1001,auc,0.8459559081590244,False,higher,scope / hmda_oh / mlp / auc
hmda_oh,mlp,soft,1001,auc,0.847351589936653,False,higher,scope / hmda_oh / mlp / auc
hmda_oh,mlp,population_control,1001,auc,0.8340670178543466,False,higher,scope / hmda_oh / mlp / auc
hmda_oh,mlp,random_pair,1001,auc,0.8451979085728984,False,higher,scope / hmda_oh / mlp / auc
hmda_oh,mlp,ranked_pair,1001,auc,0.8452203071432258,False,higher,scope / hmda_oh / mlp / auc
hmda_oh,mlp,domain_pair,1002,auc,0.8467997282336398,False,higher,scope / hmda_oh / mlp / auc
hmda_oh,mlp,soft,1002,auc,0.8459282484775299,False,higher,scope / hmda_oh / mlp / auc
hmda_oh,mlp,population_control,1002,auc,0.8360667284710336,False,higher,scope / hmda_oh / mlp / auc
hmda_oh,mlp,random_pair,1002,auc,0.8369571215888076,False,higher,scope / hmda_oh / mlp / auc
hmda_oh,mlp,ranked_pair,1002,auc,0.8404519201257658,False,higher,scope / hmda_oh / mlp / auc
hmda_oh,mlp,domain_pair,1003,auc,0.8390130173209542,False,higher,scope / hmda_oh / mlp / auc
hmda_oh,mlp,soft,1003,auc,0.8489572055889961,False,higher,scope / hmda_oh / mlp / auc
hmda_oh,mlp,population_control,1003,auc,0.8396672598033037,False,higher,scope / hmda_oh / mlp / auc
hmda_oh,mlp,random_pair,1003,auc,0.8393351438363377,False,higher,scope / hmda_oh / mlp / auc
hmda_oh,mlp,ranked_pair,1003,auc,0.8394333290460085,False,higher,scope / hmda_oh / mlp / auc
hmda_oh,mlp,domain_pair,1004,auc,0.8400091432340401,False,higher,scope / hmda_oh / mlp / auc
hmda_oh,mlp,soft,1004,auc,0.8444889016970925,False,higher,scope / hmda_oh / mlp / auc
hmda_oh,mlp,population_control,1004,auc,0.8412870160793321,False,higher,scope / hmda_oh / mlp / auc
hmda_oh,mlp,random_pair,1004,auc,0.8455102676245116,False,higher,scope / hmda_oh / mlp / auc
hmda_oh,mlp,ranked_pair,1004,auc,0.8419056295177016,False,higher,scope / hmda_oh / mlp / auc
hmda_oh,mlp,domain_pair,1005,auc,0.8322858098419539,False,higher,scope / hmda_oh / mlp / auc
hmda_oh,mlp,soft,1005,auc,0.8321969259216457,False,higher,scope / hmda_oh / mlp / auc
hmda_oh,mlp,population_control,1005,auc,0.8331148455282265,False,higher,scope / hmda_oh / mlp / auc
hmda_oh,mlp,random_pair,1005,auc,0.8324098122342722,False,higher,scope / hmda_oh / mlp / auc
hmda_oh,mlp,ranked_pair,1005,auc,0.832493324049507,False,higher,scope / hmda_oh / mlp / auc
hmda_oh,mlp,domain_pair,1006,auc,0.8402216077698221,False,higher,scope / hmda_oh / mlp / auc
hmda_oh,mlp,soft,1006,auc,0.8419335777833531,False,higher,scope / hmda_oh / mlp / auc
hmda_oh,mlp,population_control,1006,auc,0.8395534910491629,False,higher,scope / hmda_oh / mlp / auc
hmda_oh,mlp,random_pair,1006,auc,0.8361138120861619,False,higher,scope / hmda_oh / mlp / auc
hmda_oh,mlp,ranked_pair,1006,auc,0.8399400162290851,False,higher,scope / hmda_oh / mlp / auc
hmda_oh,mlp,domain_pair,1007,auc,0.8375625933486501,False,higher,scope / hmda_oh / mlp / auc
hmda_oh,mlp,soft,1007,auc,0.8467196572295059,False,higher,scope / hmda_oh / mlp / auc
hmda_oh,mlp,population_control,1007,auc,0.8378108867174434,False,higher,scope / hmda_oh / mlp / auc
hmda_oh,mlp,random_pair,1007,auc,0.8365616059024605,False,higher,scope / hmda_oh / mlp / auc
hmda_oh,mlp,ranked_pair,1007,auc,0.8372840874385133,False,higher,scope / hmda_oh / mlp / auc
hmda_oh,mlp,domain_pair,1008,auc,0.84099814333833,False,higher,scope / hmda_oh / mlp / auc
hmda_oh,mlp,soft,1008,auc,0.8479644094931047,False,higher,scope / hmda_oh / mlp / auc
hmda_oh,mlp,population_control,1008,auc,0.8374470264932243,False,higher,scope / hmda_oh / mlp / auc
hmda_oh,mlp,random_pair,1008,auc,0.8375992879341321,False,higher,scope / hmda_oh / mlp / auc
hmda_oh,mlp,ranked_pair,1008,auc,0.8406100198461546,False,higher,scope / hmda_oh / mlp / auc
hmda_oh,mlp,domain_pair,1009,auc,0.8309816092420452,False,higher,scope / hmda_oh / mlp / auc
hmda_oh,mlp,soft,1009,auc,0.8471948665407049,False,higher,scope / hmda_oh / mlp / auc
hmda_oh,mlp,population_control,1009,auc,0.8329570121932133,False,higher,scope / hmda_oh / mlp / auc
hmda_oh,mlp,random_pair,1009,auc,0.8319687668474876,False,higher,scope / hmda_oh / mlp / auc
hmda_oh,mlp,ranked_pair,1009,auc,0.8312599375619318,False,higher,scope / hmda_oh / mlp / auc
hmda_oh,mlp,erm,1003,accuracy,0.8715833333333334,False,higher,scope / hmda_oh / mlp / accuracy
hmda_oh,mlp,erm,1002,accuracy,0.87075,False,higher,scope / hmda_oh / mlp / accuracy
hmda_oh,mlp,erm,1000,accuracy,0.8714166666666666,False,higher,scope / hmda_oh / mlp / accuracy
hmda_oh,mlp,erm,1001,accuracy,0.86975,False,higher,scope / hmda_oh / mlp / accuracy
hmda_oh,mlp,erm,1006,accuracy,0.8714166666666666,False,higher,scope / hmda_oh / mlp / accuracy
hmda_oh,mlp,erm,1004,accuracy,0.8715833333333334,False,higher,scope / hmda_oh / mlp / accuracy
hmda_oh,mlp,erm,1007,accuracy,0.87075,False,higher,scope / hmda_oh / mlp / accuracy
hmda_oh,mlp,erm,1009,accuracy,0.8681666666666666,False,higher,scope / hmda_oh / mlp / accuracy
hmda_oh,mlp,erm,1005,accuracy,0.8700833333333333,False,higher,scope / hmda_oh / mlp / accuracy
hmda_oh,mlp,erm,1008,accuracy,0.8673333333333333,False,higher,scope / hmda_oh / mlp / accuracy
hmda_oh,mlp,domain_pair,1000,accuracy,0.85825,False,higher,scope / hmda_oh / mlp / accuracy
hmda_oh,mlp,soft,1000,accuracy,0.86375,False,higher,scope / hmda_oh / mlp / accuracy
hmda_oh,mlp,population_control,1000,accuracy,0.8570833333333333,False,higher,scope / hmda_oh / mlp / accuracy
hmda_oh,mlp,random_pair,1000,accuracy,0.8583333333333333,False,higher,scope / hmda_oh / mlp / accuracy
hmda_oh,mlp,ranked_pair,1000,accuracy,0.8595,False,higher,scope / hmda_oh / mlp / accuracy
hmda_oh,mlp,domain_pair,1001,accuracy,0.8629166666666667,False,higher,scope / hmda_oh / mlp / accuracy
hmda_oh,mlp,soft,1001,accuracy,0.8638333333333333,False,higher,scope / hmda_oh / mlp / accuracy
hmda_oh,mlp,population_control,1001,accuracy,0.85825,False,higher,scope / hmda_oh / mlp / accuracy
hmda_oh,mlp,random_pair,1001,accuracy,0.8648333333333333,False,higher,scope / hmda_oh / mlp / accuracy
hmda_oh,mlp,ranked_pair,1001,accuracy,0.8651666666666666,False,higher,scope / hmda_oh / mlp / accuracy
hmda_oh,mlp,domain_pair,1002,accuracy,0.8603333333333333,False,higher,scope / hmda_oh / mlp / accuracy
hmda_oh,mlp,soft,1002,accuracy,0.8603333333333333,False,higher,scope / hmda_oh / mlp / accuracy
hmda_oh,mlp,population_control,1002,accuracy,0.85875,False,higher,scope / hmda_oh / mlp / accuracy
hmda_oh,mlp,random_pair,1002,accuracy,0.85975,False,higher,scope / hmda_oh / mlp / accuracy
hmda_oh,mlp,ranked_pair,1002,accuracy,0.8629166666666667,False,higher,scope / hmda_oh / mlp / accuracy
hmda_oh,mlp,domain_pair,1003,accuracy,0.8624166666666667,False,higher,scope / hmda_oh / mlp / accuracy
hmda_oh,mlp,soft,1003,accuracy,0.8636666666666667,False,higher,scope / hmda_oh / mlp / accuracy
hmda_oh,mlp,population_control,1003,accuracy,0.8631666666666666,False,higher,scope / hmda_oh / mlp / accuracy
hmda_oh,mlp,random_pair,1003,accuracy,0.8603333333333333,False,higher,scope / hmda_oh / mlp / accuracy
hmda_oh,mlp,ranked_pair,1003,accuracy,0.8615833333333334,False,higher,scope / hmda_oh / mlp / accuracy
hmda_oh,mlp,domain_pair,1004,accuracy,0.8615,False,higher,scope / hmda_oh / mlp / accuracy
hmda_oh,mlp,soft,1004,accuracy,0.8635833333333334,False,higher,scope / hmda_oh / mlp / accuracy
hmda_oh,mlp,population_control,1004,accuracy,0.8625,False,higher,scope / hmda_oh / mlp / accuracy
hmda_oh,mlp,random_pair,1004,accuracy,0.8638333333333333,False,higher,scope / hmda_oh / mlp / accuracy
hmda_oh,mlp,ranked_pair,1004,accuracy,0.863,False,higher,scope / hmda_oh / mlp / accuracy
hmda_oh,mlp,domain_pair,1005,accuracy,0.8543333333333333,False,higher,scope / hmda_oh / mlp / accuracy
hmda_oh,mlp,soft,1005,accuracy,0.85225,False,higher,scope / hmda_oh / mlp / accuracy
hmda_oh,mlp,population_control,1005,accuracy,0.8549166666666667,False,higher,scope / hmda_oh / mlp / accuracy
hmda_oh,mlp,random_pair,1005,accuracy,0.8533333333333334,False,higher,scope / hmda_oh / mlp / accuracy
hmda_oh,mlp,ranked_pair,1005,accuracy,0.8540833333333333,False,higher,scope / hmda_oh / mlp / accuracy
hmda_oh,mlp,domain_pair,1006,accuracy,0.8534166666666667,False,higher,scope / hmda_oh / mlp / accuracy
hmda_oh,mlp,soft,1006,accuracy,0.8618333333333333,False,higher,scope / hmda_oh / mlp / accuracy
hmda_oh,mlp,population_control,1006,accuracy,0.8556666666666667,False,higher,scope / hmda_oh / mlp / accuracy
hmda_oh,mlp,random_pair,1006,accuracy,0.8599166666666667,False,higher,scope / hmda_oh / mlp / accuracy
hmda_oh,mlp,ranked_pair,1006,accuracy,0.8545833333333334,False,higher,scope / hmda_oh / mlp / accuracy
hmda_oh,mlp,domain_pair,1007,accuracy,0.85325,False,higher,scope / hmda_oh / mlp / accuracy
hmda_oh,mlp,soft,1007,accuracy,0.8639166666666667,False,higher,scope / hmda_oh / mlp / accuracy
hmda_oh,mlp,population_control,1007,accuracy,0.8548333333333333,False,higher,scope / hmda_oh / mlp / accuracy
hmda_oh,mlp,random_pair,1007,accuracy,0.8543333333333333,False,higher,scope / hmda_oh / mlp / accuracy
hmda_oh,mlp,ranked_pair,1007,accuracy,0.8535833333333334,False,higher,scope / hmda_oh / mlp / accuracy
hmda_oh,mlp,domain_pair,1008,accuracy,0.8629166666666667,False,higher,scope / hmda_oh / mlp / accuracy
hmda_oh,mlp,soft,1008,accuracy,0.8664166666666666,False,higher,scope / hmda_oh / mlp / accuracy
hmda_oh,mlp,population_control,1008,accuracy,0.8583333333333333,False,higher,scope / hmda_oh / mlp / accuracy
hmda_oh,mlp,random_pair,1008,accuracy,0.861,False,higher,scope / hmda_oh / mlp / accuracy
hmda_oh,mlp,ranked_pair,1008,accuracy,0.8641666666666666,False,higher,scope / hmda_oh / mlp / accuracy
hmda_oh,mlp,domain_pair,1009,accuracy,0.857,False,higher,scope / hmda_oh / mlp / accuracy
hmda_oh,mlp,soft,1009,accuracy,0.8629166666666667,False,higher,scope / hmda_oh / mlp / accuracy
hmda_oh,mlp,population_control,1009,accuracy,0.859,False,higher,scope / hmda_oh / mlp / accuracy
hmda_oh,mlp,random_pair,1009,accuracy,0.8585833333333334,False,higher,scope / hmda_oh / mlp / accuracy
hmda_oh,mlp,ranked_pair,1009,accuracy,0.8566666666666667,False,higher,scope / hmda_oh / mlp / accuracy
hmda_oh,mlp,erm,1003,f1,0.924722778564799,False,higher,scope / hmda_oh / mlp / f1
hmda_oh,mlp,erm,1002,f1,0.9242638800722692,False,higher,scope / hmda_oh / mlp / f1
hmda_oh,mlp,erm,1000,f1,0.9241209736906812,False,higher,scope / hmda_oh / mlp / f1
hmda_oh,mlp,erm,1001,f1,0.923491115571002,False,higher,scope / hmda_oh / mlp / f1
hmda_oh,mlp,erm,1006,f1,0.9244553243574052,False,higher,scope / hmda_oh / mlp / f1
hmda_oh,mlp,erm,1004,f1,0.9244496739716624,False,higher,scope / hmda_oh / mlp / f1
hmda_oh,mlp,erm,1007,f1,0.924278670116682,False,higher,scope / hmda_oh / mlp / f1
hmda_oh,mlp,erm,1009,f1,0.9221456692913386,False,higher,scope / hmda_oh / mlp / f1
hmda_oh,mlp,erm,1005,f1,0.9243020150521972,False,higher,scope / hmda_oh / mlp / f1
hmda_oh,mlp,erm,1008,f1,0.922748447204969,False,higher,scope / hmda_oh / mlp / f1
hmda_oh,mlp,domain_pair,1000,f1,0.9186319062425256,False,higher,scope / hmda_oh / mlp / f1
hmda_oh,mlp,soft,1000,f1,0.9216466190635932,False,higher,scope / hmda_oh / mlp / f1
hmda_oh,mlp,population_control,1000,f1,0.9180641154268788,False,higher,scope / hmda_oh / mlp / f1
hmda_oh,mlp,random_pair,1000,f1,0.9186213499281952,False,higher,scope / hmda_oh / mlp / f1
hmda_oh,mlp,ranked_pair,1000,f1,0.9192528735632184,False,higher,scope / hmda_oh / mlp / f1
hmda_oh,mlp,domain_pair,1001,f1,0.9207877883180046,False,higher,scope / hmda_oh / mlp / f1
hmda_oh,mlp,soft,1001,f1,0.9213893967093236,False,higher,scope / hmda_oh / mlp / f1
hmda_oh,mlp,population_control,1001,f1,0.9181542606938364,False,higher,scope / hmda_oh / mlp / f1
hmda_oh,mlp,random_pair,1001,f1,0.9216727834653274,False,higher,scope / hmda_oh / mlp / f1
hmda_oh,mlp,ranked_pair,1001,f1,0.9218281959609624,False,higher,scope / hmda_oh / mlp / f1
hmda_oh,mlp,domain_pair,1002,f1,0.9199847226200708,False,higher,scope / hmda_oh / mlp / f1
hmda_oh,mlp,soft,1002,f1,0.92,False,higher,scope / hmda_oh / mlp / f1
hmda_oh,mlp,population_control,1002,f1,0.918685536099784,False,higher,scope / hmda_oh / mlp / f1
hmda_oh,mlp,random_pair,1002,f1,0.9192844467891228,False,higher,scope / hmda_oh / mlp / f1
hmda_oh,mlp,ranked_pair,1002,f1,0.921038736619786,False,higher,scope / hmda_oh / mlp / f1
hmda_oh,mlp,domain_pair,1003,f1,0.9204682306469484,False,higher,scope / hmda_oh / mlp / f1
hmda_oh,mlp,soft,1003,f1,0.9213083213083212,False,higher,scope / hmda_oh / mlp / f1
hmda_oh,mlp,population_control,1003,f1,0.9210576923076924,False,higher,scope / hmda_oh / mlp / f1
hmda_oh,mlp,random_pair,1003,f1,0.9194385695058642,False,higher,scope / hmda_oh / mlp / f1
hmda_oh,mlp,ranked_pair,1003,f1,0.9201250300553018,False,higher,scope / hmda_oh / mlp / f1
hmda_oh,mlp,domain_pair,1004,f1,0.9201652416178308,False,higher,scope / hmda_oh / mlp / f1
hmda_oh,mlp,soft,1004,f1,0.9212337006206996,False,higher,scope / hmda_oh / mlp / f1
hmda_oh,mlp,population_control,1004,f1,0.920665448600827,False,higher,scope / hmda_oh / mlp / f1
hmda_oh,mlp,random_pair,1004,f1,0.9213893967093236,False,higher,scope / hmda_oh / mlp / f1
hmda_oh,mlp,ranked_pair,1004,f1,0.9208702348864074,False,higher,scope / hmda_oh / mlp / f1
hmda_oh,mlp,domain_pair,1005,f1,0.9165871349494178,False,higher,scope / hmda_oh / mlp / f1
hmda_oh,mlp,soft,1005,f1,0.9156075967442524,False,higher,scope / hmda_oh / mlp / f1
hmda_oh,mlp,population_control,1005,f1,0.9168378313828516,False,higher,scope / hmda_oh / mlp / f1
hmda_oh,mlp,random_pair,1005,f1,0.9161345659010768,False,higher,scope / hmda_oh / mlp / f1
hmda_oh,mlp,ranked_pair,1005,f1,0.9164798473646554,False,higher,scope / hmda_oh / mlp / f1
hmda_oh,mlp,domain_pair,1006,f1,0.916488629350045,False,higher,scope / hmda_oh / mlp / f1
hmda_oh,mlp,soft,1006,f1,0.9204872434298867,False,higher,scope / hmda_oh / mlp / f1
hmda_oh,mlp,population_control,1006,f1,0.9176257966327404,False,higher,scope / hmda_oh / mlp / f1
hmda_oh,mlp,random_pair,1006,f1,0.9192176462107742,False,higher,scope / hmda_oh / mlp / f1
hmda_oh,mlp,ranked_pair,1006,f1,0.9170193542251176,False,higher,scope / hmda_oh / mlp / f1
hmda_oh,mlp,domain_pair,1007,f1,0.9164016140517446,False,higher,scope / hmda_oh / mlp / f1
hmda_oh,mlp,soft,1007,f1,0.9211453957216668,False,higher,scope / hmda_oh / mlp / f1
hmda_oh,mlp,population_control,1007,f1,0.9171186601960224,False,higher,scope / hmda_oh / mlp / f1
hmda_oh,mlp,random_pair,1007,f1,0.9168964533612248,False,higher,scope / hmda_oh / mlp / f1
hmda_oh,mlp,ranked_pair,1007,f1,0.9165598138386284,False,higher,scope / hmda_oh / mlp / f1
hmda_oh,mlp,domain_pair,1008,f1,0.9205505916445303,False,higher,scope / hmda_oh / mlp / f1
hmda_oh,mlp,soft,1008,f1,0.9228770748135676,False,higher,scope / hmda_oh / mlp / f1
hmda_oh,mlp,population_control,1008,f1,0.9185745761088226,False,higher,scope / hmda_oh / mlp / f1
hmda_oh,mlp,random_pair,1008,f1,0.9197227837135432,False,higher,scope / hmda_oh / mlp / f1
hmda_oh,mlp,ranked_pair,1008,f1,0.9212636460245388,False,higher,scope / hmda_oh / mlp / f1
hmda_oh,mlp,domain_pair,1009,f1,0.917658349328215,False,higher,scope / hmda_oh / mlp / f1
hmda_oh,mlp,soft,1009,f1,0.9210538945145654,False,higher,scope / hmda_oh / mlp / f1
hmda_oh,mlp,population_control,1009,f1,0.9186460236561208,False,higher,scope / hmda_oh / mlp / f1
hmda_oh,mlp,random_pair,1009,f1,0.9185192298458732,False,higher,scope / hmda_oh / mlp / f1
hmda_oh,mlp,ranked_pair,1009,f1,0.9174584892983972,False,higher,scope / hmda_oh / mlp / f1
hmda_oh,mlp,erm,1003,aod,0.0660489861790514,False,lower,scope / hmda_oh / mlp / aod
hmda_oh,mlp,erm,1002,aod,0.1089657255604137,False,lower,scope / hmda_oh / mlp / aod
hmda_oh,mlp,erm,1000,aod,0.1081298370602754,False,lower,scope / hmda_oh / mlp / aod
hmda_oh,mlp,erm,1001,aod,0.0986044992309713,False,lower,scope / hmda_oh / mlp / aod
hmda_oh,mlp,erm,1006,aod,0.1472809236682134,False,lower,scope / hmda_oh / mlp / aod
hmda_oh,mlp,erm,1004,aod,0.1229527277552289,False,lower,scope / hmda_oh / mlp / aod
hmda_oh,mlp,erm,1007,aod,0.0918010556930193,False,lower,scope / hmda_oh / mlp / aod
hmda_oh,mlp,erm,1009,aod,0.1207395154848158,False,lower,scope / hmda_oh / mlp / aod
hmda_oh,mlp,erm,1005,aod,0.0680959555406963,False,lower,scope / hmda_oh / mlp / aod
hmda_oh,mlp,erm,1008,aod,0.1109605722754315,False,lower,scope / hmda_oh / mlp / aod
hmda_oh,mlp,domain_pair,1000,aod,0.0101904475276278,False,lower,scope / hmda_oh / mlp / aod
hmda_oh,mlp,soft,1000,aod,0.004593353954455,False,lower,scope / hmda_oh / mlp / aod
hmda_oh,mlp,population_control,1000,aod,0.0099922975459381,False,lower,scope / hmda_oh / mlp / aod
hmda_oh,mlp,random_pair,1000,aod,0.0152732900138661,False,lower,scope / hmda_oh / mlp / aod
hmda_oh,mlp,ranked_pair,1000,aod,0.0178465351899642,False,lower,scope / hmda_oh / mlp / aod
hmda_oh,mlp,domain_pair,1001,aod,0.0217415565267249,False,lower,scope / hmda_oh / mlp / aod
hmda_oh,mlp,soft,1001,aod,0.0156949006896884,False,lower,scope / hmda_oh / mlp / aod
hmda_oh,mlp,population_control,1001,aod,0.0195810332027884,False,lower,scope / hmda_oh / mlp / aod
hmda_oh,mlp,random_pair,1001,aod,0.0220120235662719,False,lower,scope / hmda_oh / mlp / aod
hmda_oh,mlp,ranked_pair,1001,aod,0.0271135802431044,False,lower,scope / hmda_oh / mlp / aod
hmda_oh,mlp,domain_pair,1002,aod,0.0188268995329392,False,lower,scope / hmda_oh / mlp / aod
hmda_oh,mlp,soft,1002,aod,0.0224912067640284,False,lower,scope / hmda_oh / mlp / aod
hmda_oh,mlp,population_control,1002,aod,0.0071081344189436,False,lower,scope / hmda_oh / mlp / aod
hmda_oh,mlp,random_pair,1002,aod,0.001546336373718,False,lower,scope / hmda_oh / mlp / aod
hmda_oh,mlp,ranked_pair,1002,aod,0.0045409900064293,False,lower,scope / hmda_oh / mlp / aod
hmda_oh,mlp,domain_pair,1003,aod,0.0326987191846556,False,lower,scope / hmda_oh / mlp / aod
hmda_oh,mlp,soft,1003,aod,0.0128811630687084,False,lower,scope / hmda_oh / mlp / aod
hmda_oh,mlp,population_control,1003,aod,0.0210050209074744,False,lower,scope / hmda_oh / mlp / aod
hmda_oh,mlp,random_pair,1003,aod,0.0246914656092882,False,lower,scope / hmda_oh / mlp / aod
hmda_oh,mlp,ranked_pair,1003,aod,0.0337064711672089,False,lower,scope / hmda_oh / mlp / aod
hmda_oh,mlp,domain_pair,1004,aod,0.0094310443706739,False,lower,scope / hmda_oh / mlp / aod
hmda_oh,mlp,soft,1004,aod,0.0191007209324124,False,lower,scope / hmda_oh / mlp / aod
hmda_oh,mlp,population_control,1004,aod,0.0125093914132401,False,lower,scope / hmda_oh / mlp / aod
hmda_oh,mlp,random_pair,1004,aod,0.009404465062349,False,lower,scope / hmda_oh / mlp / aod
hmda_oh,mlp,ranked_pair,1004,aod,0.0131927571660718,False,lower,scope / hmda_oh / mlp / aod
hmda_oh,mlp,domain_pair,1005,aod,0.0180885177067141,False,lower,scope / hmda_oh / mlp / aod
hmda_oh,mlp,soft,1005,aod,0.014263021110649,False,lower,scope / hmda_oh / mlp / aod
hmda_oh,mlp,population_control,1005,aod,0.0197334219210842,False,lower,scope / hmda_oh / mlp / aod
hmda_oh,mlp,random_pair,1005,aod,0.0188966804133557,False,lower,scope / hmda_oh / mlp / aod
hmda_oh,mlp,ranked_pair,1005,aod,0.0228582343673016,False,lower,scope / hmda_oh / mlp / aod
hmda_oh,mlp,domain_pair,1006,aod,0.0159358943256129,False,lower,scope / hmda_oh / mlp / aod
hmda_oh,mlp,soft,1006,aod,0.0080439597352151,False,lower,scope / hmda_oh / mlp / aod
hmda_oh,mlp,population_control,1006,aod,0.0170275165791443,False,lower,scope / hmda_oh / mlp / aod
hmda_oh,mlp,random_pair,1006,aod,0.0047089866881064,False,lower,scope / hmda_oh / mlp / aod
hmda_oh,mlp,ranked_pair,1006,aod,0.0212034594411296,False,lower,scope / hmda_oh / mlp / aod
hmda_oh,mlp,domain_pair,1007,aod,0.0048501168465561,False,lower,scope / hmda_oh / mlp / aod
hmda_oh,mlp,soft,1007,aod,0.0060251316938844,False,lower,scope / hmda_oh / mlp / aod
hmda_oh,mlp,population_control,1007,aod,0.0019478667420128,False,lower,scope / hmda_oh / mlp / aod
hmda_oh,mlp,random_pair,1007,aod,0.0041465169317735,False,lower,scope / hmda_oh / mlp / aod
hmda_oh,mlp,ranked_pair,1007,aod,0.0053967055943962,False,lower,scope / hmda_oh / mlp / aod
hmda_oh,mlp,domain_pair,1008,aod,0.014656412586096,False,lower,scope / hmda_oh / mlp / aod
hmda_oh,mlp,soft,1008,aod,0.0018156489210854,False,lower,scope / hmda_oh / mlp / aod
hmda_oh,mlp,population_control,1008,aod,0.005476024181156,False,lower,scope / hmda_oh / mlp / aod
hmda_oh,mlp,random_pair,1008,aod,0.0063864785403198,False,lower,scope / hmda_oh / mlp / aod
hmda_oh,mlp,ranked_pair,1008,aod,0.0175192912499563,False,lower,scope / hmda_oh / mlp / aod
hmda_oh,mlp,domain_pair,1009,aod,0.0256321482899777,False,lower,scope / hmda_oh / mlp / aod
hmda_oh,mlp,soft,1009,aod,0.0039472162078272,False,lower,scope / hmda_oh / mlp / aod
hmda_oh,mlp,population_control,1009,aod,0.0330052206560375,False,lower,scope / hmda_oh / mlp / aod
hmda_oh,mlp,random_pair,1009,aod,0.0250861197406778,False,lower,scope / hmda_oh / mlp / aod
hmda_oh,mlp,ranked_pair,1009,aod,0.0340699787992016,False,lower,scope / hmda_oh / mlp / aod
hmda_oh,mlp,erm,1003,dp,0.1151778640412777,False,lower,scope / hmda_oh / mlp / dp
hmda_oh,mlp,erm,1002,dp,0.1526935888297916,False,lower,scope / hmda_oh / mlp / dp
hmda_oh,mlp,erm,1000,dp,0.153484158784158,False,lower,scope / hmda_oh / mlp / dp
hmda_oh,mlp,erm,1001,dp,0.1427830674909342,False,lower,scope / hmda_oh / mlp / dp
hmda_oh,mlp,erm,1006,dp,0.1901332099014343,False,lower,scope / hmda_oh / mlp / dp
hmda_oh,mlp,erm,1004,dp,0.1712799338919952,False,lower,scope / hmda_oh / mlp / dp
hmda_oh,mlp,erm,1007,dp,0.1366936342648466,False,lower,scope / hmda_oh / mlp / dp
hmda_oh,mlp,erm,1009,dp,0.1671402324570994,False,lower,scope / hmda_oh / mlp / dp
hmda_oh,mlp,erm,1005,dp,0.1139670198295617,False,lower,scope / hmda_oh / mlp / dp
hmda_oh,mlp,erm,1008,dp,0.1464763695119423,False,lower,scope / hmda_oh / mlp / dp
hmda_oh,mlp,domain_pair,1000,dp,0.0530102143682681,False,lower,scope / hmda_oh / mlp / dp
hmda_oh,mlp,soft,1000,dp,0.0441696885710959,False,lower,scope / hmda_oh / mlp / dp
hmda_oh,mlp,population_control,1000,dp,0.0526024347510016,False,lower,scope / hmda_oh / mlp / dp
hmda_oh,mlp,random_pair,1000,dp,0.0571249265229971,False,lower,scope / hmda_oh / mlp / dp
hmda_oh,mlp,ranked_pair,1000,dp,0.0589593668625106,False,lower,scope / hmda_oh / mlp / dp
hmda_oh,mlp,domain_pair,1001,dp,0.0338900074115933,False,lower,scope / hmda_oh / mlp / dp
hmda_oh,mlp,soft,1001,dp,0.0383102703101794,False,lower,scope / hmda_oh / mlp / dp
hmda_oh,mlp,population_control,1001,dp,0.0339536164883813,False,lower,scope / hmda_oh / mlp / dp
hmda_oh,mlp,random_pair,1001,dp,0.035444454225602,False,lower,scope / hmda_oh / mlp / dp
hmda_oh,mlp,ranked_pair,1001,dp,0.0331897396287388,False,lower,scope / hmda_oh / mlp / dp
hmda_oh,mlp,domain_pair,1002,dp,0.0321311028507657,False,lower,scope / hmda_oh / mlp / dp
hmda_oh,mlp,soft,1002,dp,0.0297616647404096,False,lower,scope / hmda_oh / mlp / dp
hmda_oh,mlp,population_control,1002,dp,0.0517493915962186,False,lower,scope / hmda_oh / mlp / dp
hmda_oh,mlp,random_pair,1002,dp,0.0454691311397666,False,lower,scope / hmda_oh / mlp / dp
hmda_oh,mlp,ranked_pair,1002,dp,0.0452271894726977,False,lower,scope / hmda_oh / mlp / dp
hmda_oh,mlp,domain_pair,1003,dp,0.0727051747687781,False,lower,scope / hmda_oh / mlp / dp
hmda_oh,mlp,soft,1003,dp,0.041393038781659,False,lower,scope / hmda_oh / mlp / dp
hmda_oh,mlp,population_control,1003,dp,0.0640935280604059,False,lower,scope / hmda_oh / mlp / dp
hmda_oh,mlp,random_pair,1003,dp,0.0658132448864264,False,lower,scope / hmda_oh / mlp / dp
hmda_oh,mlp,ranked_pair,1003,dp,0.0718260064574571,False,lower,scope / hmda_oh / mlp / dp
hmda_oh,mlp,domain_pair,1004,dp,0.0411635917546734,False,lower,scope / hmda_oh / mlp / dp
hmda_oh,mlp,soft,1004,dp,0.0366797197792991,False,lower,scope / hmda_oh / mlp / dp
hmda_oh,mlp,population_control,1004,dp,0.0407433174973235,False,lower,scope / hmda_oh / mlp / dp
hmda_oh,mlp,random_pair,1004,dp,0.043762476892015,False,lower,scope / hmda_oh / mlp / dp
hmda_oh,mlp,ranked_pair,1004,dp,0.0415077622951517,False,lower,scope / hmda_oh / mlp / dp
hmda_oh,mlp,domain_pair,1005,dp,0.0289336108657933,False,lower,scope / hmda_oh / mlp / dp
hmda_oh,mlp,soft,1005,dp,0.0295702695718598,False,lower,scope / hmda_oh / mlp / dp
hmda_oh,mlp,population_control,1005,dp,0.0284241703133031,False,lower,scope / hmda_oh / mlp / dp
hmda_oh,mlp,random_pair,1005,dp,0.0275194447836297,False,lower,scope / hmda_oh / mlp / dp
hmda_oh,mlp,ranked_pair,1005,dp,0.0256469525856805,False,lower,scope / hmda_oh / mlp / dp
hmda_oh,mlp,domain_pair,1006,dp,0.0302960945730667,False,lower,scope / hmda_oh / mlp / dp
hmda_oh,mlp,soft,1006,dp,0.0428321941439893,False,lower,scope / hmda_oh / mlp / dp
hmda_oh,mlp,population_control,1006,dp,0.0310860965892472,False,lower,scope / hmda_oh / mlp / dp
hmda_oh,mlp,random_pair,1006,dp,0.0512655082620807,False,lower,scope / hmda_oh / mlp / dp
hmda_oh,mlp,ranked_pair,1006,dp,0.0272644405382918,False,lower,scope / hmda_oh / mlp / dp
hmda_oh,mlp,domain_pair,1007,dp,0.0345635820997242,False,lower,scope / hmda_oh / mlp / dp
hmda_oh,mlp,soft,1007,dp,0.0464380336844137,False,lower,scope / hmda_oh / mlp / dp
hmda_oh,mlp,population_control,1007,dp,0.0385510761008771,False,lower,scope / hmda_oh / mlp / dp
hmda_oh,mlp,random_pair,1007,dp,0.041340788468583,False,lower,scope / hmda_oh / mlp / dp
hmda_oh,mlp,ranked_pair,1007,dp,0.0352133033840597,False,lower,scope / hmda_oh / mlp / dp
hmda_oh,mlp,domain_pair,1008,dp,0.0583488333129822,False,lower,scope / hmda_oh / mlp / dp
hmda_oh,mlp,soft,1008,dp,0.0504885688241691,False,lower,scope / hmda_oh / mlp / dp
hmda_oh,mlp,population_control,1008,dp,0.0410613628812639,False,lower,scope / hmda_oh / mlp / dp
hmda_oh,mlp,random_pair,1008,dp,0.0444121981763504,False,lower,scope / hmda_oh / mlp / dp
hmda_oh,mlp,ranked_pair,1008,dp,0.0635335410093964,False,lower,scope / hmda_oh / mlp / dp
hmda_oh,mlp,domain_pair,1009,dp,0.0281316821477149,False,lower,scope / hmda_oh / mlp / dp
hmda_oh,mlp,soft,1009,dp,0.0455838546532595,False,lower,scope / hmda_oh / mlp / dp
hmda_oh,mlp,population_control,1009,dp,0.0243866977518166,False,lower,scope / hmda_oh / mlp / dp
hmda_oh,mlp,random_pair,1009,dp,0.0296986236018071,False,lower,scope / hmda_oh / mlp / dp
hmda_oh,mlp,ranked_pair,1009,dp,0.0225011429755984,False,lower,scope / hmda_oh / mlp / dp
hmda_oh,mlp,erm,1003,eomax,0.101767953780898,False,lower,scope / hmda_oh / mlp / eomax
hmda_oh,mlp,erm,1002,eomax,0.1572253912534736,False,lower,scope / hmda_oh / mlp / eomax
hmda_oh,mlp,erm,1000,eomax,0.162984496124031,False,lower,scope / hmda_oh / mlp / eomax
hmda_oh,mlp,erm,1001,eomax,0.1480199648968846,False,lower,scope / hmda_oh / mlp / eomax
hmda_oh,mlp,erm,1006,eomax,0.2018191458241919,False,lower,scope / hmda_oh / mlp / eomax
hmda_oh,mlp,erm,1004,eomax,0.1647451367558871,False,lower,scope / hmda_oh / mlp / eomax
hmda_oh,mlp,erm,1007,eomax,0.1369039783530788,False,lower,scope / hmda_oh / mlp / eomax
hmda_oh,mlp,erm,1009,eomax,0.1687984496124031,False,lower,scope / hmda_oh / mlp / eomax
hmda_oh,mlp,erm,1005,eomax,0.1021025303495685,False,lower,scope / hmda_oh / mlp / eomax
hmda_oh,mlp,erm,1008,eomax,0.1686009945882697,False,lower,scope / hmda_oh / mlp / eomax
hmda_oh,mlp,domain_pair,1000,eomax,0.0157269270147726,False,lower,scope / hmda_oh / mlp / eomax
hmda_oh,mlp,soft,1000,eomax,0.0052087904051484,False,lower,scope / hmda_oh / mlp / eomax
hmda_oh,mlp,population_control,1000,eomax,0.0126426064063186,False,lower,scope / hmda_oh / mlp / eomax
hmda_oh,mlp,random_pair,1000,eomax,0.0246252011115987,False,lower,scope / hmda_oh / mlp / eomax
hmda_oh,mlp,ranked_pair,1000,eomax,0.0315854907123007,False,lower,scope / hmda_oh / mlp / eomax
hmda_oh,mlp,domain_pair,1001,eomax,0.0355272780459264,False,lower,scope / hmda_oh / mlp / eomax
hmda_oh,mlp,soft,1001,eomax,0.0250731314904197,False,lower,scope / hmda_oh / mlp / eomax
hmda_oh,mlp,population_control,1001,eomax,0.0351177416995758,False,lower,scope / hmda_oh / mlp / eomax
hmda_oh,mlp,random_pair,1001,eomax,0.0341012139827409,False,lower,scope / hmda_oh / mlp / eomax
hmda_oh,mlp,ranked_pair,1001,eomax,0.0460088489103407,False,lower,scope / hmda_oh / mlp / eomax
hmda_oh,mlp,domain_pair,1002,eomax,0.0357521573789673,False,lower,scope / hmda_oh / mlp / eomax
hmda_oh,mlp,soft,1002,eomax,0.043299327190288,False,lower,scope / hmda_oh / mlp / eomax
hmda_oh,mlp,population_control,1002,eomax,0.0125127980108235,False,lower,scope / hmda_oh / mlp / eomax
hmda_oh,mlp,random_pair,1002,eomax,0.0017149334503436,False,lower,scope / hmda_oh / mlp / eomax
hmda_oh,mlp,ranked_pair,1002,eomax,0.0067646628638291,False,lower,scope / hmda_oh / mlp / eomax
hmda_oh,mlp,domain_pair,1003,eomax,0.0619240895129442,False,lower,scope / hmda_oh / mlp / eomax
hmda_oh,mlp,soft,1003,eomax,0.0236196431183267,False,lower,scope / hmda_oh / mlp / eomax
hmda_oh,mlp,population_control,1003,eomax,0.0398694602896007,False,lower,scope / hmda_oh / mlp / eomax
hmda_oh,mlp,random_pair,1003,eomax,0.0448168056164984,False,lower,scope / hmda_oh / mlp / eomax
hmda_oh,mlp,ranked_pair,1003,eomax,0.0645513383062746,False,lower,scope / hmda_oh / mlp / eomax
hmda_oh,mlp,domain_pair,1004,eomax,0.0147963287991809,False,lower,scope / hmda_oh / mlp / eomax
hmda_oh,mlp,soft,1004,eomax,0.0335892935498025,False,lower,scope / hmda_oh / mlp / eomax
hmda_oh,mlp,population_control,1004,eomax,0.022548266783677,False,lower,scope / hmda_oh / mlp / eomax
hmda_oh,mlp,random_pair,1004,eomax,0.016556969431037,False,lower,scope / hmda_oh / mlp / eomax
hmda_oh,mlp,ranked_pair,1004,eomax,0.0250731314904197,False,lower,scope / hmda_oh / mlp / eomax
hmda_oh,mlp,domain_pair,1005,eomax,0.0329201404124616,False,lower,scope / hmda_oh / mlp / eomax
hmda_oh,mlp,soft,1005,eomax,0.0267990346643265,False,lower,scope / hmda_oh / mlp / eomax
hmda_oh,mlp,population_control,1005,eomax,0.0354450051192042,False,lower,scope / hmda_oh / mlp / eomax
hmda_oh,mlp,random_pair,1005,eomax,0.0355199648968846,False,lower,scope / hmda_oh / mlp / eomax
hmda_oh,mlp,ranked_pair,1005,eomax,0.0427874067573498,False,lower,scope / hmda_oh / mlp / eomax
hmda_oh,mlp,domain_pair,1006,eomax,0.0298833552727805,False,lower,scope / hmda_oh / mlp / eomax
hmda_oh,mlp,soft,1006,eomax,0.0160450489980985,False,lower,scope / hmda_oh / mlp / eomax
hmda_oh,mlp,population_control,1006,eomax,0.0326129881526986,False,lower,scope / hmda_oh / mlp / eomax
hmda_oh,mlp,random_pair,1006,eomax,0.008916556969431,False,lower,scope / hmda_oh / mlp / eomax
hmda_oh,mlp,ranked_pair,1006,eomax,0.0415112622495247,False,lower,scope / hmda_oh / mlp / eomax
hmda_oh,mlp,domain_pair,1007,eomax,0.0076239578762615,False,lower,scope / hmda_oh / mlp / eomax
hmda_oh,mlp,soft,1007,eomax,0.0064045123273622,False,lower,scope / hmda_oh / mlp / eomax
hmda_oh,mlp,population_control,1007,eomax,0.0023219248208278,False,lower,scope / hmda_oh / mlp / eomax
hmda_oh,mlp,random_pair,1007,eomax,0.0072656135732046,False,lower,scope / hmda_oh / mlp / eomax
hmda_oh,mlp,ranked_pair,1007,eomax,0.0105309346204476,False,lower,scope / hmda_oh / mlp / eomax
hmda_oh,mlp,domain_pair,1008,eomax,0.0260988006435571,False,lower,scope / hmda_oh / mlp / eomax
hmda_oh,mlp,soft,1008,eomax,0.0030185022670761,False,lower,scope / hmda_oh / mlp / eomax
hmda_oh,mlp,population_control,1008,eomax,0.008088342840427,False,lower,scope / hmda_oh / mlp / eomax
hmda_oh,mlp,random_pair,1008,eomax,0.0102585198186339,False,lower,scope / hmda_oh / mlp / eomax
hmda_oh,mlp,ranked_pair,1008,eomax,0.0345125786163522,False,lower,scope / hmda_oh / mlp / eomax
hmda_oh,mlp,domain_pair,1009,eomax,0.0474824484422992,False,lower,scope / hmda_oh / mlp / eomax
hmda_oh,mlp,soft,1009,eomax,0.0057956706157671,False,lower,scope / hmda_oh / mlp / eomax
hmda_oh,mlp,population_control,1009,eomax,0.0592127395056311,False,lower,scope / hmda_oh / mlp / eomax
hmda_oh,mlp,random_pair,1009,eomax,0.0467182243674125,False,lower,scope / hmda_oh / mlp / eomax
hmda_oh,mlp,ranked_pair,1009,eomax,0.0640302764370337,False,lower,scope / hmda_oh / mlp / eomax
hmda_oh,mlp,erm,1003,L_R,0.1753593956100423,False,lower,scope / hmda_oh / mlp / L_R
hmda_oh,mlp,erm,1002,L_R,0.1964930162198716,False,lower,scope / hmda_oh / mlp / L_R
hmda_oh,mlp,erm,1000,L_R,0.2372629759186726,False,lower,scope / hmda_oh / mlp / L_R
hmda_oh,mlp,erm,1001,L_R,0.3228047734046231,False,lower,scope / hmda_oh / mlp / L_R
hmda_oh,mlp,erm,1006,L_R,0.2086932618774197,False,lower,scope / hmda_oh / mlp / L_R
hmda_oh,mlp,erm,1004,L_R,0.1954976105097333,False,lower,scope / hmda_oh / mlp / L_R
hmda_oh,mlp,erm,1007,L_R,0.1403310753728004,False,lower,scope / hmda_oh / mlp / L_R
hmda_oh,mlp,erm,1009,L_R,0.1687796859664094,False,lower,scope / hmda_oh / mlp / L_R
hmda_oh,mlp,erm,1005,L_R,0.1471445759571338,False,lower,scope / hmda_oh / mlp / L_R
hmda_oh,mlp,erm,1008,L_R,0.2116057131491017,False,lower,scope / hmda_oh / mlp / L_R
hmda_oh,mlp,domain_pair,1000,L_R,0.01804309960524,False,lower,scope / hmda_oh / mlp / L_R
hmda_oh,mlp,soft,1000,L_R,0.0057163489272694,False,lower,scope / hmda_oh / mlp / L_R
hmda_oh,mlp,population_control,1000,L_R,0.0445309872871216,False,lower,scope / hmda_oh / mlp / L_R
hmda_oh,mlp,random_pair,1000,L_R,0.0180688216262237,False,lower,scope / hmda_oh / mlp / L_R
hmda_oh,mlp,ranked_pair,1000,L_R,0.0211626434826499,False,lower,scope / hmda_oh / mlp / L_R
hmda_oh,mlp,domain_pair,1001,L_R,0.0167603412713301,False,lower,scope / hmda_oh / mlp / L_R
hmda_oh,mlp,soft,1001,L_R,0.0046819151713972,False,lower,scope / hmda_oh / mlp / L_R
hmda_oh,mlp,population_control,1001,L_R,0.0578920648337745,False,lower,scope / hmda_oh / mlp / L_R
hmda_oh,mlp,random_pair,1001,L_R,0.0204785256190023,False,lower,scope / hmda_oh / mlp / L_R
hmda_oh,mlp,ranked_pair,1001,L_R,0.0227412373600496,False,lower,scope / hmda_oh / mlp / L_R
hmda_oh,mlp,domain_pair,1002,L_R,0.013915996446703,False,lower,scope / hmda_oh / mlp / L_R
hmda_oh,mlp,soft,1002,L_R,0.0064894497044544,False,lower,scope / hmda_oh / mlp / L_R
hmda_oh,mlp,population_control,1002,L_R,0.0403620448553236,False,lower,scope / hmda_oh / mlp / L_R
hmda_oh,mlp,random_pair,1002,L_R,0.0256869010995949,False,lower,scope / hmda_oh / mlp / L_R
hmda_oh,mlp,ranked_pair,1002,L_R,0.0177619723104945,False,lower,scope / hmda_oh / mlp / L_R
hmda_oh,mlp,domain_pair,1003,L_R,0.0127948458693725,False,lower,scope / hmda_oh / mlp / L_R
hmda_oh,mlp,soft,1003,L_R,0.0049771574811181,False,lower,scope / hmda_oh / mlp / L_R
hmda_oh,mlp,population_control,1003,L_R,0.0501497701479515,False,lower,scope / hmda_oh / mlp / L_R
hmda_oh,mlp,random_pair,1003,L_R,0.0252027945334463,False,lower,scope / hmda_oh / mlp / L_R
hmda_oh,mlp,ranked_pair,1003,L_R,0.0141023053998211,False,lower,scope / hmda_oh / mlp / L_R
hmda_oh,mlp,domain_pair,1004,L_R,0.021515650048213,False,lower,scope / hmda_oh / mlp / L_R
hmda_oh,mlp,soft,1004,L_R,0.0067481294137623,False,lower,scope / hmda_oh / mlp / L_R
hmda_oh,mlp,population_control,1004,L_R,0.0550402201072281,False,lower,scope / hmda_oh / mlp / L_R
hmda_oh,mlp,random_pair,1004,L_R,0.0160421212685638,False,lower,scope / hmda_oh / mlp / L_R
hmda_oh,mlp,ranked_pair,1004,L_R,0.0354468099008645,False,lower,scope / hmda_oh / mlp / L_R
hmda_oh,mlp,domain_pair,1005,L_R,0.018001673824459,False,lower,scope / hmda_oh / mlp / L_R
hmda_oh,mlp,soft,1005,L_R,0.0117590924908385,False,lower,scope / hmda_oh / mlp / L_R
hmda_oh,mlp,population_control,1005,L_R,0.0452948586331256,False,lower,scope / hmda_oh / mlp / L_R
hmda_oh,mlp,random_pair,1005,L_R,0.0172892495654021,False,lower,scope / hmda_oh / mlp / L_R
hmda_oh,mlp,ranked_pair,1005,L_R,0.027695235231294,False,lower,scope / hmda_oh / mlp / L_R
hmda_oh,mlp,domain_pair,1006,L_R,0.0179606590227765,False,lower,scope / hmda_oh / mlp / L_R
hmda_oh,mlp,soft,1006,L_R,0.0097332875261197,False,lower,scope / hmda_oh / mlp / L_R
hmda_oh,mlp,population_control,1006,L_R,0.0658362280142949,False,lower,scope / hmda_oh / mlp / L_R
hmda_oh,mlp,random_pair,1006,L_R,0.0190225951809832,False,lower,scope / hmda_oh / mlp / L_R
hmda_oh,mlp,ranked_pair,1006,L_R,0.0242254836895838,False,lower,scope / hmda_oh / mlp / L_R
hmda_oh,mlp,domain_pair,1007,L_R,0.0154619463512295,False,lower,scope / hmda_oh / mlp / L_R
hmda_oh,mlp,soft,1007,L_R,0.0046421051406656,False,lower,scope / hmda_oh / mlp / L_R
hmda_oh,mlp,population_control,1007,L_R,0.0393125734808132,False,lower,scope / hmda_oh / mlp / L_R
hmda_oh,mlp,random_pair,1007,L_R,0.0170255572354473,False,lower,scope / hmda_oh / mlp / L_R
hmda_oh,mlp,ranked_pair,1007,L_R,0.0253119596460913,False,lower,scope / hmda_oh / mlp / L_R
hmda_oh,mlp,domain_pair,1008,L_R,0.0182917953910929,False,lower,scope / hmda_oh / mlp / L_R
hmda_oh,mlp,soft,1008,L_R,0.0047961504174099,False,lower,scope / hmda_oh / mlp / L_R
hmda_oh,mlp,population_control,1008,L_R,0.0496336205745845,False,lower,scope / hmda_oh / mlp / L_R
hmda_oh,mlp,random_pair,1008,L_R,0.026333187083248,False,lower,scope / hmda_oh / mlp / L_R
hmda_oh,mlp,ranked_pair,1008,L_R,0.0350523038205254,False,lower,scope / hmda_oh / mlp / L_R
hmda_oh,mlp,domain_pair,1009,L_R,0.0197181640196511,False,lower,scope / hmda_oh / mlp / L_R
hmda_oh,mlp,soft,1009,L_R,0.0051824658223117,False,lower,scope / hmda_oh / mlp / L_R
hmda_oh,mlp,population_control,1009,L_R,0.0507839881471187,False,lower,scope / hmda_oh / mlp / L_R
hmda_oh,mlp,random_pair,1009,L_R,0.0190285476795849,False,lower,scope / hmda_oh / mlp / L_R
hmda_oh,mlp,ranked_pair,1009,L_R,0.0212968959711861,False,lower,scope / hmda_oh / mlp / L_R
hmda_oh,mlp,erm,1003,violation_005,0.7913529794704741,False,lower,scope / hmda_oh / mlp / violation_005
hmda_oh,mlp,erm,1002,violation_005,0.8063142988761933,False,lower,scope / hmda_oh / mlp / violation_005
hmda_oh,mlp,erm,1000,violation_005,0.8391477919788598,False,lower,scope / hmda_oh / mlp / violation_005
hmda_oh,mlp,erm,1001,violation_005,0.8846639329624784,False,lower,scope / hmda_oh / mlp / violation_005
hmda_oh,mlp,erm,1006,violation_005,0.8291513407710212,False,lower,scope / hmda_oh / mlp / violation_005
hmda_oh,mlp,erm,1004,violation_005,0.8237543768979084,False,lower,scope / hmda_oh / mlp / violation_005
hmda_oh,mlp,erm,1007,violation_005,0.7453461277141464,False,lower,scope / hmda_oh / mlp / violation_005
hmda_oh,mlp,erm,1009,violation_005,0.7883597448622417,False,lower,scope / hmda_oh / mlp / violation_005
hmda_oh,mlp,erm,1005,violation_005,0.743144139343281,False,lower,scope / hmda_oh / mlp / violation_005
hmda_oh,mlp,erm,1008,violation_005,0.8218848118060337,False,lower,scope / hmda_oh / mlp / violation_005
hmda_oh,mlp,domain_pair,1000,violation_005,0.0420017821887394,False,lower,scope / hmda_oh / mlp / violation_005
hmda_oh,mlp,soft,1000,violation_005,0.0003245302806117,False,lower,scope / hmda_oh / mlp / violation_005
hmda_oh,mlp,population_control,1000,violation_005,0.3424251894510772,False,lower,scope / hmda_oh / mlp / violation_005
hmda_oh,mlp,random_pair,1000,violation_005,0.0382522845747032,False,lower,scope / hmda_oh / mlp / violation_005
hmda_oh,mlp,ranked_pair,1000,violation_005,0.083896889002163,False,lower,scope / hmda_oh / mlp / violation_005
hmda_oh,mlp,domain_pair,1001,violation_005,0.0488558179936942,False,lower,scope / hmda_oh / mlp / violation_005
hmda_oh,mlp,soft,1001,violation_005,0.0,False,lower,scope / hmda_oh / mlp / violation_005
hmda_oh,mlp,population_control,1001,violation_005,0.4705165618369601,False,lower,scope / hmda_oh / mlp / violation_005
hmda_oh,mlp,random_pair,1001,violation_005,0.0827862385536594,False,lower,scope / hmda_oh / mlp / violation_005
hmda_oh,mlp,ranked_pair,1001,violation_005,0.1064264032937518,False,lower,scope / hmda_oh / mlp / violation_005
hmda_oh,mlp,domain_pair,1002,violation_005,0.0201883648377101,False,lower,scope / hmda_oh / mlp / violation_005
hmda_oh,mlp,soft,1002,violation_005,0.0003021315369843,False,lower,scope / hmda_oh / mlp / violation_005
hmda_oh,mlp,population_control,1002,violation_005,0.3069189049864358,False,lower,scope / hmda_oh / mlp / violation_005
hmda_oh,mlp,random_pair,1002,violation_005,0.1306275570639826,False,lower,scope / hmda_oh / mlp / violation_005
hmda_oh,mlp,ranked_pair,1002,violation_005,0.0395612429170695,False,lower,scope / hmda_oh / mlp / violation_005
hmda_oh,mlp,domain_pair,1003,violation_005,0.0157205578070844,False,lower,scope / hmda_oh / mlp / violation_005
hmda_oh,mlp,soft,1003,violation_005,0.0001077600468037,False,lower,scope / hmda_oh / mlp / violation_005
hmda_oh,mlp,population_control,1003,violation_005,0.3733134067569891,False,lower,scope / hmda_oh / mlp / violation_005
hmda_oh,mlp,random_pair,1003,violation_005,0.1326752471445769,False,lower,scope / hmda_oh / mlp / violation_005
hmda_oh,mlp,ranked_pair,1003,violation_005,0.0209790152236387,False,lower,scope / hmda_oh / mlp / violation_005
hmda_oh,mlp,domain_pair,1004,violation_005,0.0963833146754347,False,lower,scope / hmda_oh / mlp / violation_005
hmda_oh,mlp,soft,1004,violation_005,0.0003073297318714,False,lower,scope / hmda_oh / mlp / violation_005
hmda_oh,mlp,population_control,1004,violation_005,0.4237803276840693,False,lower,scope / hmda_oh / mlp / violation_005
hmda_oh,mlp,random_pair,1004,violation_005,0.0361859152895045,False,lower,scope / hmda_oh / mlp / violation_005
hmda_oh,mlp,ranked_pair,1004,violation_005,0.2434251402400788,False,lower,scope / hmda_oh / mlp / violation_005
hmda_oh,mlp,domain_pair,1005,violation_005,0.0401185102582555,False,lower,scope / hmda_oh / mlp / violation_005
hmda_oh,mlp,soft,1005,violation_005,0.0029105110038311,False,lower,scope / hmda_oh / mlp / violation_005
hmda_oh,mlp,population_control,1005,violation_005,0.3605812546691546,False,lower,scope / hmda_oh / mlp / violation_005
hmda_oh,mlp,random_pair,1005,violation_005,0.0383059153207781,False,lower,scope / hmda_oh / mlp / violation_005
hmda_oh,mlp,ranked_pair,1005,violation_005,0.1590121047936097,False,lower,scope / hmda_oh / mlp / violation_005
hmda_oh,mlp,domain_pair,1006,violation_005,0.0505095959305067,False,lower,scope / hmda_oh / mlp / violation_005
hmda_oh,mlp,soft,1006,violation_005,0.0010694132019134,False,lower,scope / hmda_oh / mlp / violation_005
hmda_oh,mlp,population_control,1006,violation_005,0.5144995936191312,False,lower,scope / hmda_oh / mlp / violation_005
hmda_oh,mlp,random_pair,1006,violation_005,0.0481838137924541,False,lower,scope / hmda_oh / mlp / violation_005
hmda_oh,mlp,ranked_pair,1006,violation_005,0.1216528801512427,False,lower,scope / hmda_oh / mlp / violation_005
hmda_oh,mlp,domain_pair,1007,violation_005,0.021378907105293,False,lower,scope / hmda_oh / mlp / violation_005
hmda_oh,mlp,soft,1007,violation_005,0.0,False,lower,scope / hmda_oh / mlp / violation_005
hmda_oh,mlp,population_control,1007,violation_005,0.3003223115477952,False,lower,scope / hmda_oh / mlp / violation_005
hmda_oh,mlp,random_pair,1007,violation_005,0.0302269372362679,False,lower,scope / hmda_oh / mlp / violation_005
hmda_oh,mlp,ranked_pair,1007,violation_005,0.1325640971310895,False,lower,scope / hmda_oh / mlp / violation_005
hmda_oh,mlp,domain_pair,1008,violation_005,0.048698782158732,False,lower,scope / hmda_oh / mlp / violation_005
hmda_oh,mlp,soft,1008,violation_005,5.186991026505524e-05,False,lower,scope / hmda_oh / mlp / violation_005
hmda_oh,mlp,population_control,1008,violation_005,0.3917568718476901,False,lower,scope / hmda_oh / mlp / violation_005
hmda_oh,mlp,random_pair,1008,violation_005,0.135580618603168,False,lower,scope / hmda_oh / mlp / violation_005
hmda_oh,mlp,ranked_pair,1008,violation_005,0.2504457349717057,False,lower,scope / hmda_oh / mlp / violation_005
hmda_oh,mlp,domain_pair,1009,violation_005,0.056920206449115,False,lower,scope / hmda_oh / mlp / violation_005
hmda_oh,mlp,soft,1009,violation_005,0.0001520622958989,False,lower,scope / hmda_oh / mlp / violation_005
hmda_oh,mlp,population_control,1009,violation_005,0.4143330840436723,False,lower,scope / hmda_oh / mlp / violation_005
hmda_oh,mlp,random_pair,1009,violation_005,0.0478129938317165,False,lower,scope / hmda_oh / mlp / violation_005
hmda_oh,mlp,ranked_pair,1009,violation_005,0.073169870856147,False,lower,scope / hmda_oh / mlp / violation_005
hmda_oh,mlp,erm,1003,P_R,0.0321644266450842,False,lower,scope / hmda_oh / mlp / P_R
hmda_oh,mlp,erm,1002,P_R,0.0349337580743006,False,lower,scope / hmda_oh / mlp / P_R
hmda_oh,mlp,erm,1000,P_R,0.0404103378533142,False,lower,scope / hmda_oh / mlp / P_R
hmda_oh,mlp,erm,1001,P_R,0.0488502777376344,False,lower,scope / hmda_oh / mlp / P_R
hmda_oh,mlp,erm,1006,P_R,0.0403643064325825,False,lower,scope / hmda_oh / mlp / P_R
hmda_oh,mlp,erm,1004,P_R,0.032399630448301,False,lower,scope / hmda_oh / mlp / P_R
hmda_oh,mlp,erm,1007,P_R,0.027241748059511,False,lower,scope / hmda_oh / mlp / P_R
hmda_oh,mlp,erm,1009,P_R,0.0365822247791673,False,lower,scope / hmda_oh / mlp / P_R
hmda_oh,mlp,erm,1005,P_R,0.0275571040852675,False,lower,scope / hmda_oh / mlp / P_R
hmda_oh,mlp,erm,1008,P_R,0.0378640748012135,False,lower,scope / hmda_oh / mlp / P_R
hmda_oh,mlp,domain_pair,1000,P_R,0.0026644240163498,False,lower,scope / hmda_oh / mlp / P_R
hmda_oh,mlp,soft,1000,P_R,0.0009186648642299,False,lower,scope / hmda_oh / mlp / P_R
hmda_oh,mlp,population_control,1000,P_R,0.0071753690296629,False,lower,scope / hmda_oh / mlp / P_R
hmda_oh,mlp,random_pair,1000,P_R,0.002653198423986,False,lower,scope / hmda_oh / mlp / P_R
hmda_oh,mlp,ranked_pair,1000,P_R,0.0029620575302401,False,lower,scope / hmda_oh / mlp / P_R
hmda_oh,mlp,domain_pair,1001,P_R,0.0027786966490334,False,lower,scope / hmda_oh / mlp / P_R
hmda_oh,mlp,soft,1001,P_R,0.0006189914747,False,lower,scope / hmda_oh / mlp / P_R
hmda_oh,mlp,population_control,1001,P_R,0.0087648681506677,False,lower,scope / hmda_oh / mlp / P_R
hmda_oh,mlp,random_pair,1001,P_R,0.0030305266554856,False,lower,scope / hmda_oh / mlp / P_R
hmda_oh,mlp,ranked_pair,1001,P_R,0.0035285223496764,False,lower,scope / hmda_oh / mlp / P_R
hmda_oh,mlp,domain_pair,1002,P_R,0.0025074650786001,False,lower,scope / hmda_oh / mlp / P_R
hmda_oh,mlp,soft,1002,P_R,0.0012602275057236,False,lower,scope / hmda_oh / mlp / P_R
hmda_oh,mlp,population_control,1002,P_R,0.0071656135583185,False,lower,scope / hmda_oh / mlp / P_R
hmda_oh,mlp,random_pair,1002,P_R,0.0041244203732108,False,lower,scope / hmda_oh / mlp / P_R
hmda_oh,mlp,ranked_pair,1002,P_R,0.002659225875878,False,lower,scope / hmda_oh / mlp / P_R
hmda_oh,mlp,domain_pair,1003,P_R,0.0019982853465437,False,lower,scope / hmda_oh / mlp / P_R
hmda_oh,mlp,soft,1003,P_R,0.0007943811142836,False,lower,scope / hmda_oh / mlp / P_R
hmda_oh,mlp,population_control,1003,P_R,0.0089122186369817,False,lower,scope / hmda_oh / mlp / P_R
hmda_oh,mlp,random_pair,1003,P_R,0.0035503572858424,False,lower,scope / hmda_oh / mlp / P_R
hmda_oh,mlp,ranked_pair,1003,P_R,0.0019765062355125,False,lower,scope / hmda_oh / mlp / P_R
hmda_oh,mlp,domain_pair,1004,P_R,0.0029902120295035,False,lower,scope / hmda_oh / mlp / P_R
hmda_oh,mlp,soft,1004,P_R,0.0015218486102778,False,lower,scope / hmda_oh / mlp / P_R
hmda_oh,mlp,population_control,1004,P_R,0.0095562613953269,False,lower,scope / hmda_oh / mlp / P_R
hmda_oh,mlp,random_pair,1004,P_R,0.0020455231306705,False,lower,scope / hmda_oh / mlp / P_R
hmda_oh,mlp,ranked_pair,1004,P_R,0.0052897138125242,False,lower,scope / hmda_oh / mlp / P_R
hmda_oh,mlp,domain_pair,1005,P_R,0.0025693213152978,False,lower,scope / hmda_oh / mlp / P_R
hmda_oh,mlp,soft,1005,P_R,0.001806255333493,False,lower,scope / hmda_oh / mlp / P_R
hmda_oh,mlp,population_control,1005,P_R,0.0079612058559267,False,lower,scope / hmda_oh / mlp / P_R
hmda_oh,mlp,random_pair,1005,P_R,0.0023592618012206,False,lower,scope / hmda_oh / mlp / P_R
hmda_oh,mlp,ranked_pair,1005,P_R,0.0042985712299113,False,lower,scope / hmda_oh / mlp / P_R
hmda_oh,mlp,domain_pair,1006,P_R,0.0024100327045533,False,lower,scope / hmda_oh / mlp / P_R
hmda_oh,mlp,soft,1006,P_R,0.0015022995919681,False,lower,scope / hmda_oh / mlp / P_R
hmda_oh,mlp,population_control,1006,P_R,0.0090993490105214,False,lower,scope / hmda_oh / mlp / P_R
hmda_oh,mlp,random_pair,1006,P_R,0.0026617082757437,False,lower,scope / hmda_oh / mlp / P_R
hmda_oh,mlp,ranked_pair,1006,P_R,0.0035308450035576,False,lower,scope / hmda_oh / mlp / P_R
hmda_oh,mlp,domain_pair,1007,P_R,0.0020457949504665,False,lower,scope / hmda_oh / mlp / P_R
hmda_oh,mlp,soft,1007,P_R,0.0006212812245468,False,lower,scope / hmda_oh / mlp / P_R
hmda_oh,mlp,population_control,1007,P_R,0.0059185558444099,False,lower,scope / hmda_oh / mlp / P_R
hmda_oh,mlp,random_pair,1007,P_R,0.0023287667501173,False,lower,scope / hmda_oh / mlp / P_R
hmda_oh,mlp,ranked_pair,1007,P_R,0.003488826656083,False,lower,scope / hmda_oh / mlp / P_R
hmda_oh,mlp,domain_pair,1008,P_R,0.002451421386961,False,lower,scope / hmda_oh / mlp / P_R
hmda_oh,mlp,soft,1008,P_R,0.0006733835691615,False,lower,scope / hmda_oh / mlp / P_R
hmda_oh,mlp,population_control,1008,P_R,0.0071798505742757,False,lower,scope / hmda_oh / mlp / P_R
hmda_oh,mlp,random_pair,1008,P_R,0.0036065595878744,False,lower,scope / hmda_oh / mlp / P_R
hmda_oh,mlp,ranked_pair,1008,P_R,0.0046727047659298,False,lower,scope / hmda_oh / mlp / P_R
hmda_oh,mlp,domain_pair,1009,P_R,0.0028595509631257,False,lower,scope / hmda_oh / mlp / P_R
hmda_oh,mlp,soft,1009,P_R,0.0007910669997902,False,lower,scope / hmda_oh / mlp / P_R
hmda_oh,mlp,population_control,1009,P_R,0.0071884748393868,False,lower,scope / hmda_oh / mlp / P_R
hmda_oh,mlp,random_pair,1009,P_R,0.0031161560083346,False,lower,scope / hmda_oh / mlp / P_R
hmda_oh,mlp,ranked_pair,1009,P_R,0.0029897963357161,False,lower,scope / hmda_oh / mlp / P_R
hmda_oh,mlp,erm,1003,P_population_effect_gap,0.0316602473311854,False,lower,scope / hmda_oh / mlp / P_population_effect_gap
hmda_oh,mlp,erm,1002,P_population_effect_gap,0.0425308320830322,False,lower,scope / hmda_oh / mlp / P_population_effect_gap
hmda_oh,mlp,erm,1000,P_population_effect_gap,0.0405918459698969,False,lower,scope / hmda_oh / mlp / P_population_effect_gap
hmda_oh,mlp,erm,1001,P_population_effect_gap,0.0397140515005766,False,lower,scope / hmda_oh / mlp / P_population_effect_gap
hmda_oh,mlp,erm,1006,P_population_effect_gap,0.0467148718054381,False,lower,scope / hmda_oh / mlp / P_population_effect_gap
hmda_oh,mlp,erm,1004,P_population_effect_gap,0.0417401422111846,False,lower,scope / hmda_oh / mlp / P_population_effect_gap
hmda_oh,mlp,erm,1007,P_population_effect_gap,0.0340082697336206,False,lower,scope / hmda_oh / mlp / P_population_effect_gap
hmda_oh,mlp,erm,1009,P_population_effect_gap,0.0418566895467184,False,lower,scope / hmda_oh / mlp / P_population_effect_gap
hmda_oh,mlp,erm,1005,P_population_effect_gap,0.0279724525686316,False,lower,scope / hmda_oh / mlp / P_population_effect_gap
hmda_oh,mlp,erm,1008,P_population_effect_gap,0.0346672503007164,False,lower,scope / hmda_oh / mlp / P_population_effect_gap
hmda_oh,mlp,domain_pair,1000,P_population_effect_gap,0.0083106166292964,False,lower,scope / hmda_oh / mlp / P_population_effect_gap
hmda_oh,mlp,soft,1000,P_population_effect_gap,0.0131684778933297,False,lower,scope / hmda_oh / mlp / P_population_effect_gap
hmda_oh,mlp,population_control,1000,P_population_effect_gap,0.0073979511687481,False,lower,scope / hmda_oh / mlp / P_population_effect_gap
hmda_oh,mlp,random_pair,1000,P_population_effect_gap,0.008334199669701,False,lower,scope / hmda_oh / mlp / P_population_effect_gap
hmda_oh,mlp,ranked_pair,1000,P_population_effect_gap,0.0083709506937501,False,lower,scope / hmda_oh / mlp / P_population_effect_gap
hmda_oh,mlp,domain_pair,1001,P_population_effect_gap,0.0136127414996505,False,lower,scope / hmda_oh / mlp / P_population_effect_gap
hmda_oh,mlp,soft,1001,P_population_effect_gap,0.0149851566698866,False,lower,scope / hmda_oh / mlp / P_population_effect_gap
hmda_oh,mlp,population_control,1001,P_population_effect_gap,0.0121603998060549,False,lower,scope / hmda_oh / mlp / P_population_effect_gap
hmda_oh,mlp,random_pair,1001,P_population_effect_gap,0.0147215866019764,False,lower,scope / hmda_oh / mlp / P_population_effect_gap
hmda_oh,mlp,ranked_pair,1001,P_population_effect_gap,0.0135003800646957,False,lower,scope / hmda_oh / mlp / P_population_effect_gap
hmda_oh,mlp,domain_pair,1002,P_population_effect_gap,0.009000323578707,False,lower,scope / hmda_oh / mlp / P_population_effect_gap
hmda_oh,mlp,soft,1002,P_population_effect_gap,0.0086211523075086,False,lower,scope / hmda_oh / mlp / P_population_effect_gap
hmda_oh,mlp,population_control,1002,P_population_effect_gap,0.0080770874688743,False,lower,scope / hmda_oh / mlp / P_population_effect_gap
hmda_oh,mlp,random_pair,1002,P_population_effect_gap,0.0089695780437743,False,lower,scope / hmda_oh / mlp / P_population_effect_gap
hmda_oh,mlp,ranked_pair,1002,P_population_effect_gap,0.0080638381529569,False,lower,scope / hmda_oh / mlp / P_population_effect_gap
hmda_oh,mlp,domain_pair,1003,P_population_effect_gap,0.0093239217381953,False,lower,scope / hmda_oh / mlp / P_population_effect_gap
hmda_oh,mlp,soft,1003,P_population_effect_gap,0.0115075625718847,False,lower,scope / hmda_oh / mlp / P_population_effect_gap
hmda_oh,mlp,population_control,1003,P_population_effect_gap,0.0078410269141798,False,lower,scope / hmda_oh / mlp / P_population_effect_gap
hmda_oh,mlp,random_pair,1003,P_population_effect_gap,0.0094272946978712,False,lower,scope / hmda_oh / mlp / P_population_effect_gap
hmda_oh,mlp,ranked_pair,1003,P_population_effect_gap,0.0088754799238973,False,lower,scope / hmda_oh / mlp / P_population_effect_gap
hmda_oh,mlp,domain_pair,1004,P_population_effect_gap,0.0097551173875327,False,lower,scope / hmda_oh / mlp / P_population_effect_gap
hmda_oh,mlp,soft,1004,P_population_effect_gap,0.0157241394882955,False,lower,scope / hmda_oh / mlp / P_population_effect_gap
hmda_oh,mlp,population_control,1004,P_population_effect_gap,0.0089090454723214,False,lower,scope / hmda_oh / mlp / P_population_effect_gap
hmda_oh,mlp,random_pair,1004,P_population_effect_gap,0.0134046012223071,False,lower,scope / hmda_oh / mlp / P_population_effect_gap
hmda_oh,mlp,ranked_pair,1004,P_population_effect_gap,0.0099389169482279,False,lower,scope / hmda_oh / mlp / P_population_effect_gap
hmda_oh,mlp,domain_pair,1005,P_population_effect_gap,0.0073399349669105,False,lower,scope / hmda_oh / mlp / P_population_effect_gap
hmda_oh,mlp,soft,1005,P_population_effect_gap,0.006990757466271,False,lower,scope / hmda_oh / mlp / P_population_effect_gap
hmda_oh,mlp,population_control,1005,P_population_effect_gap,0.006852023245231,False,lower,scope / hmda_oh / mlp / P_population_effect_gap
hmda_oh,mlp,random_pair,1005,P_population_effect_gap,0.0068430772778703,False,lower,scope / hmda_oh / mlp / P_population_effect_gap
hmda_oh,mlp,ranked_pair,1005,P_population_effect_gap,0.0065486234979255,False,lower,scope / hmda_oh / mlp / P_population_effect_gap
hmda_oh,mlp,domain_pair,1006,P_population_effect_gap,0.0068453290783754,False,lower,scope / hmda_oh / mlp / P_population_effect_gap
hmda_oh,mlp,soft,1006,P_population_effect_gap,0.0105749411204074,False,lower,scope / hmda_oh / mlp / P_population_effect_gap
hmda_oh,mlp,population_control,1006,P_population_effect_gap,0.0085985024992251,False,lower,scope / hmda_oh / mlp / P_population_effect_gap
hmda_oh,mlp,random_pair,1006,P_population_effect_gap,0.0076120470994839,False,lower,scope / hmda_oh / mlp / P_population_effect_gap
hmda_oh,mlp,ranked_pair,1006,P_population_effect_gap,0.0073088402158004,False,lower,scope / hmda_oh / mlp / P_population_effect_gap
hmda_oh,mlp,domain_pair,1007,P_population_effect_gap,0.0060914520634475,False,lower,scope / hmda_oh / mlp / P_population_effect_gap
hmda_oh,mlp,soft,1007,P_population_effect_gap,0.0147986671750511,False,lower,scope / hmda_oh / mlp / P_population_effect_gap
hmda_oh,mlp,population_control,1007,P_population_effect_gap,0.0060141626426943,False,lower,scope / hmda_oh / mlp / P_population_effect_gap
hmda_oh,mlp,random_pair,1007,P_population_effect_gap,0.0068358265649913,False,lower,scope / hmda_oh / mlp / P_population_effect_gap
hmda_oh,mlp,ranked_pair,1007,P_population_effect_gap,0.0058624858596651,False,lower,scope / hmda_oh / mlp / P_population_effect_gap
hmda_oh,mlp,domain_pair,1008,P_population_effect_gap,0.0127334992470718,False,lower,scope / hmda_oh / mlp / P_population_effect_gap
hmda_oh,mlp,soft,1008,P_population_effect_gap,0.01344642616451,False,lower,scope / hmda_oh / mlp / P_population_effect_gap
hmda_oh,mlp,population_control,1008,P_population_effect_gap,0.0077404624091774,False,lower,scope / hmda_oh / mlp / P_population_effect_gap
hmda_oh,mlp,random_pair,1008,P_population_effect_gap,0.0088681490153814,False,lower,scope / hmda_oh / mlp / P_population_effect_gap
hmda_oh,mlp,ranked_pair,1008,P_population_effect_gap,0.0100099678753527,False,lower,scope / hmda_oh / mlp / P_population_effect_gap
hmda_oh,mlp,domain_pair,1009,P_population_effect_gap,0.0081765923860256,False,lower,scope / hmda_oh / mlp / P_population_effect_gap
hmda_oh,mlp,soft,1009,P_population_effect_gap,0.0155654583071159,False,lower,scope / hmda_oh / mlp / P_population_effect_gap
hmda_oh,mlp,population_control,1009,P_population_effect_gap,0.0097911559352761,False,lower,scope / hmda_oh / mlp / P_population_effect_gap
hmda_oh,mlp,random_pair,1009,P_population_effect_gap,0.0090370127414083,False,lower,scope / hmda_oh / mlp / P_population_effect_gap
hmda_oh,mlp,ranked_pair,1009,P_population_effect_gap,0.008257187260749,False,lower,scope / hmda_oh / mlp / P_population_effect_gap
hmda_oh,mlp,erm,1003,decision_disagreement,0.0466106945257038,False,lower,scope / hmda_oh / mlp / decision_disagreement
hmda_oh,mlp,erm,1002,decision_disagreement,0.0408074719894704,False,lower,scope / hmda_oh / mlp / decision_disagreement
hmda_oh,mlp,erm,1000,decision_disagreement,0.0621392036693596,False,lower,scope / hmda_oh / mlp / decision_disagreement
hmda_oh,mlp,erm,1001,decision_disagreement,0.0632835178167126,False,lower,scope / hmda_oh / mlp / decision_disagreement
hmda_oh,mlp,erm,1006,decision_disagreement,0.0685093263575199,False,lower,scope / hmda_oh / mlp / decision_disagreement
hmda_oh,mlp,erm,1004,decision_disagreement,0.0450957352747596,False,lower,scope / hmda_oh / mlp / decision_disagreement
hmda_oh,mlp,erm,1007,decision_disagreement,0.0444788286366526,False,lower,scope / hmda_oh / mlp / decision_disagreement
hmda_oh,mlp,erm,1009,decision_disagreement,0.068258130983111,False,lower,scope / hmda_oh / mlp / decision_disagreement
hmda_oh,mlp,erm,1005,decision_disagreement,0.0438063248576393,False,lower,scope / hmda_oh / mlp / decision_disagreement
hmda_oh,mlp,erm,1008,decision_disagreement,0.051178605557469,False,lower,scope / hmda_oh / mlp / decision_disagreement
hmda_oh,mlp,domain_pair,1000,decision_disagreement,0.0019297824934156,False,lower,scope / hmda_oh / mlp / decision_disagreement
hmda_oh,mlp,soft,1000,decision_disagreement,0.0006304751279338,False,lower,scope / hmda_oh / mlp / decision_disagreement
hmda_oh,mlp,population_control,1000,decision_disagreement,0.0077767591069358,False,lower,scope / hmda_oh / mlp / decision_disagreement
hmda_oh,mlp,random_pair,1000,decision_disagreement,0.0016588851219421,False,lower,scope / hmda_oh / mlp / decision_disagreement
hmda_oh,mlp,ranked_pair,1000,decision_disagreement,0.0019747260674157,False,lower,scope / hmda_oh / mlp / decision_disagreement
hmda_oh,mlp,domain_pair,1001,decision_disagreement,0.0041866780367,False,lower,scope / hmda_oh / mlp / decision_disagreement
hmda_oh,mlp,soft,1001,decision_disagreement,0.0004382491337383,False,lower,scope / hmda_oh / mlp / decision_disagreement
hmda_oh,mlp,population_control,1001,decision_disagreement,0.0148591349560415,False,lower,scope / hmda_oh / mlp / decision_disagreement
hmda_oh,mlp,random_pair,1001,decision_disagreement,0.0031609177969948,False,lower,scope / hmda_oh / mlp / decision_disagreement
hmda_oh,mlp,ranked_pair,1001,decision_disagreement,0.0041595664659158,False,lower,scope / hmda_oh / mlp / decision_disagreement
hmda_oh,mlp,domain_pair,1002,decision_disagreement,0.0028582928646092,False,lower,scope / hmda_oh / mlp / decision_disagreement
hmda_oh,mlp,soft,1002,decision_disagreement,0.002198833504762,False,lower,scope / hmda_oh / mlp / decision_disagreement
hmda_oh,mlp,population_control,1002,decision_disagreement,0.0101808612301757,False,lower,scope / hmda_oh / mlp / decision_disagreement
hmda_oh,mlp,random_pair,1002,decision_disagreement,0.0033367875914475,False,lower,scope / hmda_oh / mlp / decision_disagreement
hmda_oh,mlp,ranked_pair,1002,decision_disagreement,0.0026885457190495,False,lower,scope / hmda_oh / mlp / decision_disagreement
hmda_oh,mlp,domain_pair,1003,decision_disagreement,0.001975036547313,False,lower,scope / hmda_oh / mlp / decision_disagreement
hmda_oh,mlp,soft,1003,decision_disagreement,0.0005610957887105,False,lower,scope / hmda_oh / mlp / decision_disagreement
hmda_oh,mlp,population_control,1003,decision_disagreement,0.0140859442983025,False,lower,scope / hmda_oh / mlp / decision_disagreement
hmda_oh,mlp,random_pair,1003,decision_disagreement,0.0034517707681536,False,lower,scope / hmda_oh / mlp / decision_disagreement
hmda_oh,mlp,ranked_pair,1003,decision_disagreement,0.0016621187195406,False,lower,scope / hmda_oh / mlp / decision_disagreement
hmda_oh,mlp,domain_pair,1004,decision_disagreement,0.0034189891848049,False,lower,scope / hmda_oh / mlp / decision_disagreement
hmda_oh,mlp,soft,1004,decision_disagreement,0.0015186198099569,False,lower,scope / hmda_oh / mlp / decision_disagreement
hmda_oh,mlp,population_control,1004,decision_disagreement,0.0099505642545914,False,lower,scope / hmda_oh / mlp / decision_disagreement
hmda_oh,mlp,random_pair,1004,decision_disagreement,0.0012675278259606,False,lower,scope / hmda_oh / mlp / decision_disagreement
hmda_oh,mlp,ranked_pair,1004,decision_disagreement,0.0038854541612271,False,lower,scope / hmda_oh / mlp / decision_disagreement
hmda_oh,mlp,domain_pair,1005,decision_disagreement,0.0026672596329747,False,lower,scope / hmda_oh / mlp / decision_disagreement
hmda_oh,mlp,soft,1005,decision_disagreement,0.0027218447915026,False,lower,scope / hmda_oh / mlp / decision_disagreement
hmda_oh,mlp,population_control,1005,decision_disagreement,0.0115968196566716,False,lower,scope / hmda_oh / mlp / decision_disagreement
hmda_oh,mlp,random_pair,1005,decision_disagreement,0.0021164033307868,False,lower,scope / hmda_oh / mlp / decision_disagreement
hmda_oh,mlp,ranked_pair,1005,decision_disagreement,0.0046306857540443,False,lower,scope / hmda_oh / mlp / decision_disagreement
hmda_oh,mlp,domain_pair,1006,decision_disagreement,0.0009587841997628,False,lower,scope / hmda_oh / mlp / decision_disagreement
hmda_oh,mlp,soft,1006,decision_disagreement,0.0011238488483443,False,lower,scope / hmda_oh / mlp / decision_disagreement
hmda_oh,mlp,population_control,1006,decision_disagreement,0.0062781131133448,False,lower,scope / hmda_oh / mlp / decision_disagreement
hmda_oh,mlp,random_pair,1006,decision_disagreement,0.0020147247430605,False,lower,scope / hmda_oh / mlp / decision_disagreement
hmda_oh,mlp,ranked_pair,1006,decision_disagreement,0.0018703534876055,False,lower,scope / hmda_oh / mlp / decision_disagreement
hmda_oh,mlp,domain_pair,1007,decision_disagreement,0.0008685700906077,False,lower,scope / hmda_oh / mlp / decision_disagreement
hmda_oh,mlp,soft,1007,decision_disagreement,0.0009415270583268,False,lower,scope / hmda_oh / mlp / decision_disagreement
hmda_oh,mlp,population_control,1007,decision_disagreement,0.0067338364731471,False,lower,scope / hmda_oh / mlp / decision_disagreement
hmda_oh,mlp,random_pair,1007,decision_disagreement,0.0018981896077526,False,lower,scope / hmda_oh / mlp / decision_disagreement
hmda_oh,mlp,ranked_pair,1007,decision_disagreement,0.0029217715410916,False,lower,scope / hmda_oh / mlp / decision_disagreement
hmda_oh,mlp,domain_pair,1008,decision_disagreement,0.0027357138326033,False,lower,scope / hmda_oh / mlp / decision_disagreement
hmda_oh,mlp,soft,1008,decision_disagreement,0.0002516979903996,False,lower,scope / hmda_oh / mlp / decision_disagreement
hmda_oh,mlp,population_control,1008,decision_disagreement,0.0108122030368379,False,lower,scope / hmda_oh / mlp / decision_disagreement
hmda_oh,mlp,random_pair,1008,decision_disagreement,0.0025155577839827,False,lower,scope / hmda_oh / mlp / decision_disagreement
hmda_oh,mlp,ranked_pair,1008,decision_disagreement,0.0054235593789716,False,lower,scope / hmda_oh / mlp / decision_disagreement
hmda_oh,mlp,domain_pair,1009,decision_disagreement,0.002517575426368,False,lower,scope / hmda_oh / mlp / decision_disagreement
hmda_oh,mlp,soft,1009,decision_disagreement,0.0007073817083414,False,lower,scope / hmda_oh / mlp / decision_disagreement
hmda_oh,mlp,population_control,1009,decision_disagreement,0.0080916839566416,False,lower,scope / hmda_oh / mlp / decision_disagreement
hmda_oh,mlp,random_pair,1009,decision_disagreement,0.0041546048607915,False,lower,scope / hmda_oh / mlp / decision_disagreement
hmda_oh,mlp,ranked_pair,1009,decision_disagreement,0.0020356295935374,False,lower,scope / hmda_oh / mlp / decision_disagreement
hmda_oh,mlp,erm,1003,opposite_005,0.0370379460011877,False,lower,scope / hmda_oh / mlp / opposite_005
hmda_oh,mlp,erm,1002,opposite_005,0.0361145520579811,False,lower,scope / hmda_oh / mlp / opposite_005
hmda_oh,mlp,erm,1000,opposite_005,0.0570975611869113,False,lower,scope / hmda_oh / mlp / opposite_005
hmda_oh,mlp,erm,1001,opposite_005,0.0724183642178344,False,lower,scope / hmda_oh / mlp / opposite_005
hmda_oh,mlp,erm,1006,opposite_005,0.0550291196670318,False,lower,scope / hmda_oh / mlp / opposite_005
hmda_oh,mlp,erm,1004,opposite_005,0.0431453317958533,False,lower,scope / hmda_oh / mlp / opposite_005
hmda_oh,mlp,erm,1007,opposite_005,0.0273381004300889,False,lower,scope / hmda_oh / mlp / opposite_005
hmda_oh,mlp,erm,1009,opposite_005,0.0447572160214081,False,lower,scope / hmda_oh / mlp / opposite_005
hmda_oh,mlp,erm,1005,opposite_005,0.0291195291369906,False,lower,scope / hmda_oh / mlp / opposite_005
hmda_oh,mlp,erm,1008,opposite_005,0.0481405154867423,False,lower,scope / hmda_oh / mlp / opposite_005
hmda_oh,mlp,domain_pair,1000,opposite_005,0.0005375054817866,False,lower,scope / hmda_oh / mlp / opposite_005
hmda_oh,mlp,soft,1000,opposite_005,0.0,False,lower,scope / hmda_oh / mlp / opposite_005
hmda_oh,mlp,population_control,1000,opposite_005,0.0053772335976117,False,lower,scope / hmda_oh / mlp / opposite_005
hmda_oh,mlp,random_pair,1000,opposite_005,0.0003941095404639,False,lower,scope / hmda_oh / mlp / opposite_005
hmda_oh,mlp,ranked_pair,1000,opposite_005,0.0006916302293554,False,lower,scope / hmda_oh / mlp / opposite_005
hmda_oh,mlp,domain_pair,1001,opposite_005,0.0002683020459167,False,lower,scope / hmda_oh / mlp / opposite_005
hmda_oh,mlp,soft,1001,opposite_005,0.0,False,lower,scope / hmda_oh / mlp / opposite_005
hmda_oh,mlp,population_control,1001,opposite_005,0.0053405418395833,False,lower,scope / hmda_oh / mlp / opposite_005
hmda_oh,mlp,random_pair,1001,opposite_005,0.0001539323618835,False,lower,scope / hmda_oh / mlp / opposite_005
hmda_oh,mlp,ranked_pair,1001,opposite_005,0.0007501740029365,False,lower,scope / hmda_oh / mlp / opposite_005
hmda_oh,mlp,domain_pair,1002,opposite_005,5.186991026505524e-05,False,lower,scope / hmda_oh / mlp / opposite_005
hmda_oh,mlp,soft,1002,opposite_005,0.0,False,lower,scope / hmda_oh / mlp / opposite_005
hmda_oh,mlp,population_control,1002,opposite_005,0.0040403899126863,False,lower,scope / hmda_oh / mlp / opposite_005
hmda_oh,mlp,random_pair,1002,opposite_005,0.0008393231514738,False,lower,scope / hmda_oh / mlp / opposite_005
hmda_oh,mlp,ranked_pair,1002,opposite_005,0.0003319283210623,False,lower,scope / hmda_oh / mlp / opposite_005
hmda_oh,mlp,domain_pair,1003,opposite_005,4.859322610428106e-05,False,lower,scope / hmda_oh / mlp / opposite_005
hmda_oh,mlp,soft,1003,opposite_005,0.0,False,lower,scope / hmda_oh / mlp / opposite_005
hmda_oh,mlp,population_control,1003,opposite_005,0.0091958940271159,False,lower,scope / hmda_oh / mlp / opposite_005
hmda_oh,mlp,random_pair,1003,opposite_005,0.0014047335400636,False,lower,scope / hmda_oh / mlp / opposite_005
hmda_oh,mlp,ranked_pair,1003,opposite_005,0.000293265512004,False,lower,scope / hmda_oh / mlp / opposite_005
hmda_oh,mlp,domain_pair,1004,opposite_005,0.000197544871397,False,lower,scope / hmda_oh / mlp / opposite_005
hmda_oh,mlp,soft,1004,opposite_005,0.0,False,lower,scope / hmda_oh / mlp / opposite_005
hmda_oh,mlp,population_control,1004,opposite_005,0.006088588956723,False,lower,scope / hmda_oh / mlp / opposite_005
hmda_oh,mlp,random_pair,1004,opposite_005,0.0,False,lower,scope / hmda_oh / mlp / opposite_005
hmda_oh,mlp,ranked_pair,1004,opposite_005,0.0021217391919156,False,lower,scope / hmda_oh / mlp / opposite_005
hmda_oh,mlp,domain_pair,1005,opposite_005,4.859322610428106e-05,False,lower,scope / hmda_oh / mlp / opposite_005
hmda_oh,mlp,soft,1005,opposite_005,0.0,False,lower,scope / hmda_oh / mlp / opposite_005
hmda_oh,mlp,population_control,1005,opposite_005,0.0056230653369848,False,lower,scope / hmda_oh / mlp / opposite_005
hmda_oh,mlp,random_pair,1005,opposite_005,9.58432733543283e-05,False,lower,scope / hmda_oh / mlp / opposite_005
hmda_oh,mlp,ranked_pair,1005,opposite_005,0.0012861158753082,False,lower,scope / hmda_oh / mlp / opposite_005
hmda_oh,mlp,domain_pair,1006,opposite_005,0.0001874409613752,False,lower,scope / hmda_oh / mlp / opposite_005
hmda_oh,mlp,soft,1006,opposite_005,0.0,False,lower,scope / hmda_oh / mlp / opposite_005
hmda_oh,mlp,population_control,1006,opposite_005,0.0082280717086813,False,lower,scope / hmda_oh / mlp / opposite_005
hmda_oh,mlp,random_pair,1006,opposite_005,0.0005179520346645,False,lower,scope / hmda_oh / mlp / opposite_005
hmda_oh,mlp,ranked_pair,1006,opposite_005,0.0008069614381059,False,lower,scope / hmda_oh / mlp / opposite_005
hmda_oh,mlp,domain_pair,1007,opposite_005,0.0001935153348343,False,lower,scope / hmda_oh / mlp / opposite_005
hmda_oh,mlp,soft,1007,opposite_005,0.0,False,lower,scope / hmda_oh / mlp / opposite_005
hmda_oh,mlp,population_control,1007,opposite_005,0.0037280575685888,False,lower,scope / hmda_oh / mlp / opposite_005
hmda_oh,mlp,random_pair,1007,opposite_005,4.725004725004725e-05,False,lower,scope / hmda_oh / mlp / opposite_005
hmda_oh,mlp,ranked_pair,1007,opposite_005,0.0013607755984551,False,lower,scope / hmda_oh / mlp / opposite_005
hmda_oh,mlp,domain_pair,1008,opposite_005,0.000135647512135,False,lower,scope / hmda_oh / mlp / opposite_005
hmda_oh,mlp,soft,1008,opposite_005,0.0,False,lower,scope / hmda_oh / mlp / opposite_005
hmda_oh,mlp,population_control,1008,opposite_005,0.0083283249771534,False,lower,scope / hmda_oh / mlp / opposite_005
hmda_oh,mlp,random_pair,1008,opposite_005,0.0008844200803181,False,lower,scope / hmda_oh / mlp / opposite_005
hmda_oh,mlp,ranked_pair,1008,opposite_005,0.0020289801529745,False,lower,scope / hmda_oh / mlp / opposite_005
hmda_oh,mlp,domain_pair,1009,opposite_005,0.0001963064097236,False,lower,scope / hmda_oh / mlp / opposite_005
hmda_oh,mlp,soft,1009,opposite_005,0.0,False,lower,scope / hmda_oh / mlp / opposite_005
hmda_oh,mlp,population_control,1009,opposite_005,0.0065077190933761,False,lower,scope / hmda_oh / mlp / opposite_005
hmda_oh,mlp,random_pair,1009,opposite_005,0.0002925227664003,False,lower,scope / hmda_oh / mlp / opposite_005
hmda_oh,mlp,ranked_pair,1009,opposite_005,0.0002896323652245,False,lower,scope / hmda_oh / mlp / opposite_005
hmda_oh,mlp,erm,1003,direction_adverse_005,0.2570960500069733,False,lower,scope / hmda_oh / mlp / direction_adverse_005
hmda_oh,mlp,erm,1002,direction_adverse_005,0.2618309745243401,False,lower,scope / hmda_oh / mlp / direction_adverse_005
hmda_oh,mlp,erm,1000,direction_adverse_005,0.2610932843115632,False,lower,scope / hmda_oh / mlp / direction_adverse_005
hmda_oh,mlp,erm,1001,direction_adverse_005,0.3385923430998094,False,lower,scope / hmda_oh / mlp / direction_adverse_005
hmda_oh,mlp,erm,1006,direction_adverse_005,0.2729588840288913,False,lower,scope / hmda_oh / mlp / direction_adverse_005
hmda_oh,mlp,erm,1004,direction_adverse_005,0.2163627896186865,False,lower,scope / hmda_oh / mlp / direction_adverse_005
hmda_oh,mlp,erm,1007,direction_adverse_005,0.2325705481250779,False,lower,scope / hmda_oh / mlp / direction_adverse_005
hmda_oh,mlp,erm,1009,direction_adverse_005,0.2465324570064093,False,lower,scope / hmda_oh / mlp / direction_adverse_005
hmda_oh,mlp,erm,1005,direction_adverse_005,0.2336806002624859,False,lower,scope / hmda_oh / mlp / direction_adverse_005
hmda_oh,mlp,erm,1008,direction_adverse_005,0.2918506248440733,False,lower,scope / hmda_oh / mlp / direction_adverse_005
hmda_oh,mlp,domain_pair,1000,direction_adverse_005,0.0074628951396237,False,lower,scope / hmda_oh / mlp / direction_adverse_005
hmda_oh,mlp,soft,1000,direction_adverse_005,0.0103020778910307,False,lower,scope / hmda_oh / mlp / direction_adverse_005
hmda_oh,mlp,population_control,1000,direction_adverse_005,0.0697159411368719,False,lower,scope / hmda_oh / mlp / direction_adverse_005
hmda_oh,mlp,random_pair,1000,direction_adverse_005,0.0404609546076784,False,lower,scope / hmda_oh / mlp / direction_adverse_005
hmda_oh,mlp,ranked_pair,1000,direction_adverse_005,0.0342841955804332,False,lower,scope / hmda_oh / mlp / direction_adverse_005
hmda_oh,mlp,domain_pair,1001,direction_adverse_005,0.0276831564460812,False,lower,scope / hmda_oh / mlp / direction_adverse_005
hmda_oh,mlp,soft,1001,direction_adverse_005,0.009058787346598,False,lower,scope / hmda_oh / mlp / direction_adverse_005
hmda_oh,mlp,population_control,1001,direction_adverse_005,0.0677961825587971,False,lower,scope / hmda_oh / mlp / direction_adverse_005
hmda_oh,mlp,random_pair,1001,direction_adverse_005,0.1222146306748146,False,lower,scope / hmda_oh / mlp / direction_adverse_005
hmda_oh,mlp,ranked_pair,1001,direction_adverse_005,0.1080457734531795,False,lower,scope / hmda_oh / mlp / direction_adverse_005
hmda_oh,mlp,domain_pair,1002,direction_adverse_005,0.0047313895321942,False,lower,scope / hmda_oh / mlp / direction_adverse_005
hmda_oh,mlp,soft,1002,direction_adverse_005,0.0072350028818515,False,lower,scope / hmda_oh / mlp / direction_adverse_005
hmda_oh,mlp,population_control,1002,direction_adverse_005,0.0542004191703074,False,lower,scope / hmda_oh / mlp / direction_adverse_005
hmda_oh,mlp,random_pair,1002,direction_adverse_005,0.056084243128739,False,lower,scope / hmda_oh / mlp / direction_adverse_005
hmda_oh,mlp,ranked_pair,1002,direction_adverse_005,0.0437346773183331,False,lower,scope / hmda_oh / mlp / direction_adverse_005
hmda_oh,mlp,domain_pair,1003,direction_adverse_005,0.0024761245620274,False,lower,scope / hmda_oh / mlp / direction_adverse_005
hmda_oh,mlp,soft,1003,direction_adverse_005,0.0118562875906245,False,lower,scope / hmda_oh / mlp / direction_adverse_005
hmda_oh,mlp,population_control,1003,direction_adverse_005,0.0971464443885755,False,lower,scope / hmda_oh / mlp / direction_adverse_005
hmda_oh,mlp,random_pair,1003,direction_adverse_005,0.0589590292640519,False,lower,scope / hmda_oh / mlp / direction_adverse_005
hmda_oh,mlp,ranked_pair,1003,direction_adverse_005,0.0717572588621636,False,lower,scope / hmda_oh / mlp / direction_adverse_005
hmda_oh,mlp,domain_pair,1004,direction_adverse_005,0.0069822591396799,False,lower,scope / hmda_oh / mlp / direction_adverse_005
hmda_oh,mlp,soft,1004,direction_adverse_005,0.0033067640599165,False,lower,scope / hmda_oh / mlp / direction_adverse_005
hmda_oh,mlp,population_control,1004,direction_adverse_005,0.1073366564381434,False,lower,scope / hmda_oh / mlp / direction_adverse_005
hmda_oh,mlp,random_pair,1004,direction_adverse_005,0.0841233189768612,False,lower,scope / hmda_oh / mlp / direction_adverse_005
hmda_oh,mlp,ranked_pair,1004,direction_adverse_005,0.082972800511979,False,lower,scope / hmda_oh / mlp / direction_adverse_005
hmda_oh,mlp,domain_pair,1005,direction_adverse_005,0.0046516301525112,False,lower,scope / hmda_oh / mlp / direction_adverse_005
hmda_oh,mlp,soft,1005,direction_adverse_005,0.0036741478263429,False,lower,scope / hmda_oh / mlp / direction_adverse_005
hmda_oh,mlp,population_control,1005,direction_adverse_005,0.0687018284370898,False,lower,scope / hmda_oh / mlp / direction_adverse_005
hmda_oh,mlp,random_pair,1005,direction_adverse_005,0.0314103290649917,False,lower,scope / hmda_oh / mlp / direction_adverse_005
hmda_oh,mlp,ranked_pair,1005,direction_adverse_005,0.0592859477230243,False,lower,scope / hmda_oh / mlp / direction_adverse_005
hmda_oh,mlp,domain_pair,1006,direction_adverse_005,0.0245833570812633,False,lower,scope / hmda_oh / mlp / direction_adverse_005
hmda_oh,mlp,soft,1006,direction_adverse_005,0.0074452046034052,False,lower,scope / hmda_oh / mlp / direction_adverse_005
hmda_oh,mlp,population_control,1006,direction_adverse_005,0.1990235487940345,False,lower,scope / hmda_oh / mlp / direction_adverse_005
hmda_oh,mlp,random_pair,1006,direction_adverse_005,0.0563876019304672,False,lower,scope / hmda_oh / mlp / direction_adverse_005
hmda_oh,mlp,ranked_pair,1006,direction_adverse_005,0.1650129026450882,False,lower,scope / hmda_oh / mlp / direction_adverse_005
hmda_oh,mlp,domain_pair,1007,direction_adverse_005,0.0034407017139141,False,lower,scope / hmda_oh / mlp / direction_adverse_005
hmda_oh,mlp,soft,1007,direction_adverse_005,0.0052626972053263,False,lower,scope / hmda_oh / mlp / direction_adverse_005
hmda_oh,mlp,population_control,1007,direction_adverse_005,0.10108246496105,False,lower,scope / hmda_oh / mlp / direction_adverse_005
hmda_oh,mlp,random_pair,1007,direction_adverse_005,0.0654966646606299,False,lower,scope / hmda_oh / mlp / direction_adverse_005
hmda_oh,mlp,ranked_pair,1007,direction_adverse_005,0.0932617146816488,False,lower,scope / hmda_oh / mlp / direction_adverse_005
hmda_oh,mlp,domain_pair,1008,direction_adverse_005,0.0028489420755005,False,lower,scope / hmda_oh / mlp / direction_adverse_005
hmda_oh,mlp,soft,1008,direction_adverse_005,0.0053476807082694,False,lower,scope / hmda_oh / mlp / direction_adverse_005
hmda_oh,mlp,population_control,1008,direction_adverse_005,0.1196763696464603,False,lower,scope / hmda_oh / mlp / direction_adverse_005
hmda_oh,mlp,random_pair,1008,direction_adverse_005,0.0838881537823906,False,lower,scope / hmda_oh / mlp / direction_adverse_005
hmda_oh,mlp,ranked_pair,1008,direction_adverse_005,0.0929232437292002,False,lower,scope / hmda_oh / mlp / direction_adverse_005
hmda_oh,mlp,domain_pair,1009,direction_adverse_005,0.009123373330116,False,lower,scope / hmda_oh / mlp / direction_adverse_005
hmda_oh,mlp,soft,1009,direction_adverse_005,0.0078142263216724,False,lower,scope / hmda_oh / mlp / direction_adverse_005
hmda_oh,mlp,population_control,1009,direction_adverse_005,0.1062385257198094,False,lower,scope / hmda_oh / mlp / direction_adverse_005
hmda_oh,mlp,random_pair,1009,direction_adverse_005,0.0581846109923011,False,lower,scope / hmda_oh / mlp / direction_adverse_005
hmda_oh,mlp,ranked_pair,1009,direction_adverse_005,0.0470242303018966,False,lower,scope / hmda_oh / mlp / direction_adverse_005
hmda_oh,mlp,erm,1003,direction_both_adverse_005,0.1649238803234018,False,lower,scope / hmda_oh / mlp / direction_both_adverse_005
hmda_oh,mlp,erm,1002,direction_both_adverse_005,0.1728184338195537,False,lower,scope / hmda_oh / mlp / direction_both_adverse_005
hmda_oh,mlp,erm,1000,direction_both_adverse_005,0.1427182338025559,False,lower,scope / hmda_oh / mlp / direction_both_adverse_005
hmda_oh,mlp,erm,1001,direction_both_adverse_005,0.1748905789172434,False,lower,scope / hmda_oh / mlp / direction_both_adverse_005
hmda_oh,mlp,erm,1006,direction_both_adverse_005,0.175013084513946,False,lower,scope / hmda_oh / mlp / direction_both_adverse_005
hmda_oh,mlp,erm,1004,direction_both_adverse_005,0.1446722241056812,False,lower,scope / hmda_oh / mlp / direction_both_adverse_005
hmda_oh,mlp,erm,1007,direction_both_adverse_005,0.1581609434176014,False,lower,scope / hmda_oh / mlp / direction_both_adverse_005
hmda_oh,mlp,erm,1009,direction_both_adverse_005,0.1379981393479132,False,lower,scope / hmda_oh / mlp / direction_both_adverse_005
hmda_oh,mlp,erm,1005,direction_both_adverse_005,0.156560864396145,False,lower,scope / hmda_oh / mlp / direction_both_adverse_005
hmda_oh,mlp,erm,1008,direction_both_adverse_005,0.1555258704153659,False,lower,scope / hmda_oh / mlp / direction_both_adverse_005
hmda_oh,mlp,domain_pair,1000,direction_both_adverse_005,0.0053614957733309,False,lower,scope / hmda_oh / mlp / direction_both_adverse_005
hmda_oh,mlp,soft,1000,direction_both_adverse_005,0.0093962742152678,False,lower,scope / hmda_oh / mlp / direction_both_adverse_005
hmda_oh,mlp,population_control,1000,direction_both_adverse_005,0.0337290033560667,False,lower,scope / hmda_oh / mlp / direction_both_adverse_005
hmda_oh,mlp,random_pair,1000,direction_both_adverse_005,0.0277304191588883,False,lower,scope / hmda_oh / mlp / direction_both_adverse_005
hmda_oh,mlp,ranked_pair,1000,direction_both_adverse_005,0.020771575000894,False,lower,scope / hmda_oh / mlp / direction_both_adverse_005
hmda_oh,mlp,domain_pair,1001,direction_both_adverse_005,0.0260338350494201,False,lower,scope / hmda_oh / mlp / direction_both_adverse_005
hmda_oh,mlp,soft,1001,direction_both_adverse_005,0.0084563698378775,False,lower,scope / hmda_oh / mlp / direction_both_adverse_005
hmda_oh,mlp,population_control,1001,direction_both_adverse_005,0.0320118787801573,False,lower,scope / hmda_oh / mlp / direction_both_adverse_005
hmda_oh,mlp,random_pair,1001,direction_both_adverse_005,0.1080926997587955,False,lower,scope / hmda_oh / mlp / direction_both_adverse_005
hmda_oh,mlp,ranked_pair,1001,direction_both_adverse_005,0.0932514248671923,False,lower,scope / hmda_oh / mlp / direction_both_adverse_005
hmda_oh,mlp,domain_pair,1002,direction_both_adverse_005,0.0041292417538943,False,lower,scope / hmda_oh / mlp / direction_both_adverse_005
hmda_oh,mlp,soft,1002,direction_both_adverse_005,0.006179139182079,False,lower,scope / hmda_oh / mlp / direction_both_adverse_005
hmda_oh,mlp,population_control,1002,direction_both_adverse_005,0.0223683155377644,False,lower,scope / hmda_oh / mlp / direction_both_adverse_005
hmda_oh,mlp,random_pair,1002,direction_both_adverse_005,0.0315889275499963,False,lower,scope / hmda_oh / mlp / direction_both_adverse_005
hmda_oh,mlp,ranked_pair,1002,direction_both_adverse_005,0.0344980728283576,False,lower,scope / hmda_oh / mlp / direction_both_adverse_005
hmda_oh,mlp,domain_pair,1003,direction_both_adverse_005,0.0017258146573208,False,lower,scope / hmda_oh / mlp / direction_both_adverse_005
hmda_oh,mlp,soft,1003,direction_both_adverse_005,0.0109529310579643,False,lower,scope / hmda_oh / mlp / direction_both_adverse_005
hmda_oh,mlp,population_control,1003,direction_both_adverse_005,0.0590458910952808,False,lower,scope / hmda_oh / mlp / direction_both_adverse_005
hmda_oh,mlp,random_pair,1003,direction_both_adverse_005,0.0402173832041491,False,lower,scope / hmda_oh / mlp / direction_both_adverse_005
hmda_oh,mlp,ranked_pair,1003,direction_both_adverse_005,0.0629484495665792,False,lower,scope / hmda_oh / mlp / direction_both_adverse_005
hmda_oh,mlp,domain_pair,1004,direction_both_adverse_005,0.0038389004936276,False,lower,scope / hmda_oh / mlp / direction_both_adverse_005
hmda_oh,mlp,soft,1004,direction_both_adverse_005,0.0033067640599165,False,lower,scope / hmda_oh / mlp / direction_both_adverse_005
hmda_oh,mlp,population_control,1004,direction_both_adverse_005,0.063791393272592,False,lower,scope / hmda_oh / mlp / direction_both_adverse_005
hmda_oh,mlp,random_pair,1004,direction_both_adverse_005,0.0778064058082618,False,lower,scope / hmda_oh / mlp / direction_both_adverse_005
hmda_oh,mlp,ranked_pair,1004,direction_both_adverse_005,0.0485242910811514,False,lower,scope / hmda_oh / mlp / direction_both_adverse_005
hmda_oh,mlp,domain_pair,1005,direction_both_adverse_005,0.0019516090727038,False,lower,scope / hmda_oh / mlp / direction_both_adverse_005
hmda_oh,mlp,soft,1005,direction_both_adverse_005,0.002471490221584,False,lower,scope / hmda_oh / mlp / direction_both_adverse_005
hmda_oh,mlp,population_control,1005,direction_both_adverse_005,0.0282067994730778,False,lower,scope / hmda_oh / mlp / direction_both_adverse_005
hmda_oh,mlp,random_pair,1005,direction_both_adverse_005,0.0225100040284178,False,lower,scope / hmda_oh / mlp / direction_both_adverse_005
hmda_oh,mlp,ranked_pair,1005,direction_both_adverse_005,0.030802749043986,False,lower,scope / hmda_oh / mlp / direction_both_adverse_005
hmda_oh,mlp,domain_pair,1006,direction_both_adverse_005,0.0212724981417445,False,lower,scope / hmda_oh / mlp / direction_both_adverse_005
hmda_oh,mlp,soft,1006,direction_both_adverse_005,0.0057869233949121,False,lower,scope / hmda_oh / mlp / direction_both_adverse_005
hmda_oh,mlp,population_control,1006,direction_both_adverse_005,0.1405246684442334,False,lower,scope / hmda_oh / mlp / direction_both_adverse_005
hmda_oh,mlp,random_pair,1006,direction_both_adverse_005,0.0490535405348489,False,lower,scope / hmda_oh / mlp / direction_both_adverse_005
hmda_oh,mlp,ranked_pair,1006,direction_both_adverse_005,0.1374746732204562,False,lower,scope / hmda_oh / mlp / direction_both_adverse_005
hmda_oh,mlp,domain_pair,1007,direction_both_adverse_005,0.002538433887595,False,lower,scope / hmda_oh / mlp / direction_both_adverse_005
hmda_oh,mlp,soft,1007,direction_both_adverse_005,0.0045911180805956,False,lower,scope / hmda_oh / mlp / direction_both_adverse_005
hmda_oh,mlp,population_control,1007,direction_both_adverse_005,0.0571310521787759,False,lower,scope / hmda_oh / mlp / direction_both_adverse_005
hmda_oh,mlp,random_pair,1007,direction_both_adverse_005,0.0517445773418222,False,lower,scope / hmda_oh / mlp / direction_both_adverse_005
hmda_oh,mlp,ranked_pair,1007,direction_both_adverse_005,0.0583941588457928,False,lower,scope / hmda_oh / mlp / direction_both_adverse_005
hmda_oh,mlp,domain_pair,1008,direction_both_adverse_005,0.0023979430275512,False,lower,scope / hmda_oh / mlp / direction_both_adverse_005
hmda_oh,mlp,soft,1008,direction_both_adverse_005,0.0051965319779187,False,lower,scope / hmda_oh / mlp / direction_both_adverse_005
hmda_oh,mlp,population_control,1008,direction_both_adverse_005,0.0714026239267985,False,lower,scope / hmda_oh / mlp / direction_both_adverse_005
hmda_oh,mlp,random_pair,1008,direction_both_adverse_005,0.0646070396441271,False,lower,scope / hmda_oh / mlp / direction_both_adverse_005
hmda_oh,mlp,ranked_pair,1008,direction_both_adverse_005,0.063242873018766,False,lower,scope / hmda_oh / mlp / direction_both_adverse_005
hmda_oh,mlp,domain_pair,1009,direction_both_adverse_005,0.0068803846127798,False,lower,scope / hmda_oh / mlp / direction_both_adverse_005
hmda_oh,mlp,soft,1009,direction_both_adverse_005,0.0068403497362405,False,lower,scope / hmda_oh / mlp / direction_both_adverse_005
hmda_oh,mlp,population_control,1009,direction_both_adverse_005,0.0571658976633248,False,lower,scope / hmda_oh / mlp / direction_both_adverse_005
hmda_oh,mlp,random_pair,1009,direction_both_adverse_005,0.046265386658999,False,lower,scope / hmda_oh / mlp / direction_both_adverse_005
hmda_oh,mlp,ranked_pair,1009,direction_both_adverse_005,0.033386552309899,False,lower,scope / hmda_oh / mlp / direction_both_adverse_005
hmda_oh,mlp,erm,1003,direction_adverse_decision,0.0075400270007348,False,lower,scope / hmda_oh / mlp / direction_adverse_decision
hmda_oh,mlp,erm,1002,direction_adverse_decision,0.0124633799771053,False,lower,scope / hmda_oh / mlp / direction_adverse_decision
hmda_oh,mlp,erm,1000,direction_adverse_decision,0.0140688301647042,False,lower,scope / hmda_oh / mlp / direction_adverse_decision
hmda_oh,mlp,erm,1001,direction_adverse_decision,0.0155459875734798,False,lower,scope / hmda_oh / mlp / direction_adverse_decision
hmda_oh,mlp,erm,1006,direction_adverse_decision,0.0189429089376242,False,lower,scope / hmda_oh / mlp / direction_adverse_decision
hmda_oh,mlp,erm,1004,direction_adverse_decision,0.0141301011059062,False,lower,scope / hmda_oh / mlp / direction_adverse_decision
hmda_oh,mlp,erm,1007,direction_adverse_decision,0.0119393536266475,False,lower,scope / hmda_oh / mlp / direction_adverse_decision
hmda_oh,mlp,erm,1009,direction_adverse_decision,0.0200271195395812,False,lower,scope / hmda_oh / mlp / direction_adverse_decision
hmda_oh,mlp,erm,1005,direction_adverse_decision,0.0116580923914808,False,lower,scope / hmda_oh / mlp / direction_adverse_decision
hmda_oh,mlp,erm,1008,direction_adverse_decision,0.0097835551789122,False,lower,scope / hmda_oh / mlp / direction_adverse_decision
hmda_oh,mlp,domain_pair,1000,direction_adverse_decision,0.0,False,lower,scope / hmda_oh / mlp / direction_adverse_decision
hmda_oh,mlp,soft,1000,direction_adverse_decision,0.0,False,lower,scope / hmda_oh / mlp / direction_adverse_decision
hmda_oh,mlp,population_control,1000,direction_adverse_decision,0.0001511487303506,False,lower,scope / hmda_oh / mlp / direction_adverse_decision
hmda_oh,mlp,random_pair,1000,direction_adverse_decision,0.0,False,lower,scope / hmda_oh / mlp / direction_adverse_decision
hmda_oh,mlp,ranked_pair,1000,direction_adverse_decision,0.0,False,lower,scope / hmda_oh / mlp / direction_adverse_decision
hmda_oh,mlp,domain_pair,1001,direction_adverse_decision,0.0,False,lower,scope / hmda_oh / mlp / direction_adverse_decision
hmda_oh,mlp,soft,1001,direction_adverse_decision,0.0001500600240096,False,lower,scope / hmda_oh / mlp / direction_adverse_decision
hmda_oh,mlp,population_control,1001,direction_adverse_decision,0.0003022974607013,False,lower,scope / hmda_oh / mlp / direction_adverse_decision
hmda_oh,mlp,random_pair,1001,direction_adverse_decision,0.0016517489704467,False,lower,scope / hmda_oh / mlp / direction_adverse_decision
hmda_oh,mlp,ranked_pair,1001,direction_adverse_decision,0.001500600240096,False,lower,scope / hmda_oh / mlp / direction_adverse_decision
hmda_oh,mlp,domain_pair,1002,direction_adverse_decision,0.0001500600240096,False,lower,scope / hmda_oh / mlp / direction_adverse_decision
hmda_oh,mlp,soft,1002,direction_adverse_decision,0.0001500600240096,False,lower,scope / hmda_oh / mlp / direction_adverse_decision
hmda_oh,mlp,population_control,1002,direction_adverse_decision,0.0,False,lower,scope / hmda_oh / mlp / direction_adverse_decision
hmda_oh,mlp,random_pair,1002,direction_adverse_decision,0.0001500600240096,False,lower,scope / hmda_oh / mlp / direction_adverse_decision
hmda_oh,mlp,ranked_pair,1002,direction_adverse_decision,0.0001511487303506,False,lower,scope / hmda_oh / mlp / direction_adverse_decision
hmda_oh,mlp,domain_pair,1003,direction_adverse_decision,0.0,False,lower,scope / hmda_oh / mlp / direction_adverse_decision
hmda_oh,mlp,soft,1003,direction_adverse_decision,0.0,False,lower,scope / hmda_oh / mlp / direction_adverse_decision
hmda_oh,mlp,population_control,1003,direction_adverse_decision,0.0010580411124546,False,lower,scope / hmda_oh / mlp / direction_adverse_decision
hmda_oh,mlp,random_pair,1003,direction_adverse_decision,0.0009068923821039,False,lower,scope / hmda_oh / mlp / direction_adverse_decision
hmda_oh,mlp,ranked_pair,1003,direction_adverse_decision,0.0007557436517533,False,lower,scope / hmda_oh / mlp / direction_adverse_decision
hmda_oh,mlp,domain_pair,1004,direction_adverse_decision,0.0,False,lower,scope / hmda_oh / mlp / direction_adverse_decision
hmda_oh,mlp,soft,1004,direction_adverse_decision,0.0,False,lower,scope / hmda_oh / mlp / direction_adverse_decision
hmda_oh,mlp,population_control,1004,direction_adverse_decision,0.0,False,lower,scope / hmda_oh / mlp / direction_adverse_decision
hmda_oh,mlp,random_pair,1004,direction_adverse_decision,0.0010569524061135,False,lower,scope / hmda_oh / mlp / direction_adverse_decision
hmda_oh,mlp,ranked_pair,1004,direction_adverse_decision,0.0001511487303506,False,lower,scope / hmda_oh / mlp / direction_adverse_decision
hmda_oh,mlp,domain_pair,1005,direction_adverse_decision,0.0,False,lower,scope / hmda_oh / mlp / direction_adverse_decision
hmda_oh,mlp,soft,1005,direction_adverse_decision,0.0,False,lower,scope / hmda_oh / mlp / direction_adverse_decision
hmda_oh,mlp,population_control,1005,direction_adverse_decision,0.0,False,lower,scope / hmda_oh / mlp / direction_adverse_decision
hmda_oh,mlp,random_pair,1005,direction_adverse_decision,0.0,False,lower,scope / hmda_oh / mlp / direction_adverse_decision
hmda_oh,mlp,ranked_pair,1005,direction_adverse_decision,0.0001511487303506,False,lower,scope / hmda_oh / mlp / direction_adverse_decision
hmda_oh,mlp,domain_pair,1006,direction_adverse_decision,0.0,False,lower,scope / hmda_oh / mlp / direction_adverse_decision
hmda_oh,mlp,soft,1006,direction_adverse_decision,0.0001511487303506,False,lower,scope / hmda_oh / mlp / direction_adverse_decision
hmda_oh,mlp,population_control,1006,direction_adverse_decision,0.0004534461910519,False,lower,scope / hmda_oh / mlp / direction_adverse_decision
hmda_oh,mlp,random_pair,1006,direction_adverse_decision,0.0001500600240096,False,lower,scope / hmda_oh / mlp / direction_adverse_decision
hmda_oh,mlp,ranked_pair,1006,direction_adverse_decision,0.0004534461910519,False,lower,scope / hmda_oh / mlp / direction_adverse_decision
hmda_oh,mlp,domain_pair,1007,direction_adverse_decision,0.0,False,lower,scope / hmda_oh / mlp / direction_adverse_decision
hmda_oh,mlp,soft,1007,direction_adverse_decision,0.0,False,lower,scope / hmda_oh / mlp / direction_adverse_decision
hmda_oh,mlp,population_control,1007,direction_adverse_decision,0.0,False,lower,scope / hmda_oh / mlp / direction_adverse_decision
hmda_oh,mlp,random_pair,1007,direction_adverse_decision,0.0,False,lower,scope / hmda_oh / mlp / direction_adverse_decision
hmda_oh,mlp,ranked_pair,1007,direction_adverse_decision,0.0001511487303506,False,lower,scope / hmda_oh / mlp / direction_adverse_decision
hmda_oh,mlp,domain_pair,1008,direction_adverse_decision,0.0,False,lower,scope / hmda_oh / mlp / direction_adverse_decision
hmda_oh,mlp,soft,1008,direction_adverse_decision,0.0,False,lower,scope / hmda_oh / mlp / direction_adverse_decision
hmda_oh,mlp,population_control,1008,direction_adverse_decision,0.0001500600240096,False,lower,scope / hmda_oh / mlp / direction_adverse_decision
hmda_oh,mlp,random_pair,1008,direction_adverse_decision,0.0001500600240096,False,lower,scope / hmda_oh / mlp / direction_adverse_decision
hmda_oh,mlp,ranked_pair,1008,direction_adverse_decision,0.0003022974607013,False,lower,scope / hmda_oh / mlp / direction_adverse_decision
hmda_oh,mlp,domain_pair,1009,direction_adverse_decision,0.0,False,lower,scope / hmda_oh / mlp / direction_adverse_decision
hmda_oh,mlp,soft,1009,direction_adverse_decision,0.0,False,lower,scope / hmda_oh / mlp / direction_adverse_decision
hmda_oh,mlp,population_control,1009,direction_adverse_decision,0.0003022974607013,False,lower,scope / hmda_oh / mlp / direction_adverse_decision
hmda_oh,mlp,random_pair,1009,direction_adverse_decision,0.0004534461910519,False,lower,scope / hmda_oh / mlp / direction_adverse_decision
hmda_oh,mlp,ranked_pair,1009,direction_adverse_decision,0.0001511487303506,False,lower,scope / hmda_oh / mlp / direction_adverse_decision
hmda_oh,mlp,erm,1003,direction_joint_pass,0.222849262276559,False,higher,scope / hmda_oh / mlp / direction_joint_pass
hmda_oh,mlp,erm,1002,direction_joint_pass,0.2059048968973902,False,higher,scope / hmda_oh / mlp / direction_joint_pass
hmda_oh,mlp,erm,1000,direction_joint_pass,0.1541431104142419,False,higher,scope / hmda_oh / mlp / direction_joint_pass
hmda_oh,mlp,erm,1001,direction_joint_pass,0.1224406816515147,False,higher,scope / hmda_oh / mlp / direction_joint_pass
hmda_oh,mlp,erm,1006,direction_joint_pass,0.1730003468153619,False,higher,scope / hmda_oh / mlp / direction_joint_pass
hmda_oh,mlp,erm,1004,direction_joint_pass,0.2076427696310777,False,higher,scope / hmda_oh / mlp / direction_joint_pass
hmda_oh,mlp,erm,1007,direction_joint_pass,0.2770662863409929,False,higher,scope / hmda_oh / mlp / direction_joint_pass
hmda_oh,mlp,erm,1009,direction_joint_pass,0.2077968760395057,False,higher,scope / hmda_oh / mlp / direction_joint_pass
hmda_oh,mlp,erm,1005,direction_joint_pass,0.2488009324771413,False,higher,scope / hmda_oh / mlp / direction_joint_pass
hmda_oh,mlp,erm,1008,direction_joint_pass,0.2126182062092808,False,higher,scope / hmda_oh / mlp / direction_joint_pass
hmda_oh,mlp,domain_pair,1000,direction_joint_pass,0.9643826720100976,False,higher,scope / hmda_oh / mlp / direction_joint_pass
hmda_oh,mlp,soft,1000,direction_joint_pass,0.9896979221089692,False,higher,scope / hmda_oh / mlp / direction_joint_pass
hmda_oh,mlp,population_control,1000,direction_joint_pass,0.556575504953468,False,higher,scope / hmda_oh / mlp / direction_joint_pass
hmda_oh,mlp,random_pair,1000,direction_joint_pass,0.9413126851237406,False,higher,scope / hmda_oh / mlp / direction_joint_pass
hmda_oh,mlp,ranked_pair,1000,direction_joint_pass,0.8544766867660875,False,higher,scope / hmda_oh / mlp / direction_joint_pass
hmda_oh,mlp,domain_pair,1001,direction_joint_pass,0.9606304837804552,False,higher,scope / hmda_oh / mlp / direction_joint_pass
hmda_oh,mlp,soft,1001,direction_joint_pass,0.990941212653402,False,higher,scope / hmda_oh / mlp / direction_joint_pass
hmda_oh,mlp,population_control,1001,direction_joint_pass,0.5508355530324105,False,higher,scope / hmda_oh / mlp / direction_joint_pass
hmda_oh,mlp,random_pair,1001,direction_joint_pass,0.7701840372619295,False,higher,scope / hmda_oh / mlp / direction_joint_pass
hmda_oh,mlp,ranked_pair,1001,direction_joint_pass,0.7628268141045019,False,higher,scope / hmda_oh / mlp / direction_joint_pass
hmda_oh,mlp,domain_pair,1002,direction_joint_pass,0.9934703177534762,False,higher,scope / hmda_oh / mlp / direction_joint_pass
hmda_oh,mlp,soft,1002,direction_joint_pass,0.9924640580942088,False,higher,scope / hmda_oh / mlp / direction_joint_pass
hmda_oh,mlp,population_control,1002,direction_joint_pass,0.5992021614789543,False,higher,scope / hmda_oh / mlp / direction_joint_pass
hmda_oh,mlp,random_pair,1002,direction_joint_pass,0.7257160894982914,False,higher,scope / hmda_oh / mlp / direction_joint_pass
hmda_oh,mlp,ranked_pair,1002,direction_joint_pass,0.930141059460323,False,higher,scope / hmda_oh / mlp / direction_joint_pass
hmda_oh,mlp,domain_pair,1003,direction_joint_pass,0.9822387528231676,False,higher,scope / hmda_oh / mlp / direction_joint_pass
hmda_oh,mlp,soft,1003,direction_joint_pass,0.987993652385366,False,higher,scope / hmda_oh / mlp / direction_joint_pass
hmda_oh,mlp,population_control,1003,direction_joint_pass,0.5751933362825058,False,higher,scope / hmda_oh / mlp / direction_joint_pass
hmda_oh,mlp,random_pair,1003,direction_joint_pass,0.7314864205865772,False,higher,scope / hmda_oh / mlp / direction_joint_pass
hmda_oh,mlp,ranked_pair,1003,direction_joint_pass,0.9099180198752076,False,higher,scope / hmda_oh / mlp / direction_joint_pass
hmda_oh,mlp,domain_pair,1004,direction_joint_pass,0.8399304326452048,False,higher,scope / hmda_oh / mlp / direction_joint_pass
hmda_oh,mlp,soft,1004,direction_joint_pass,0.9966932359400834,False,higher,scope / hmda_oh / mlp / direction_joint_pass
hmda_oh,mlp,population_control,1004,direction_joint_pass,0.4841604759928499,False,higher,scope / hmda_oh / mlp / direction_joint_pass
hmda_oh,mlp,random_pair,1004,direction_joint_pass,0.898759800951212,False,higher,scope / hmda_oh / mlp / direction_joint_pass
hmda_oh,mlp,ranked_pair,1004,direction_joint_pass,0.5342143209322757,False,higher,scope / hmda_oh / mlp / direction_joint_pass
hmda_oh,mlp,domain_pair,1005,direction_joint_pass,0.9668849577312189,False,higher,scope / hmda_oh / mlp / direction_joint_pass
hmda_oh,mlp,soft,1005,direction_joint_pass,0.9943755917530565,False,higher,scope / hmda_oh / mlp / direction_joint_pass
hmda_oh,mlp,population_control,1005,direction_joint_pass,0.5755306597699268,False,higher,scope / hmda_oh / mlp / direction_joint_pass
hmda_oh,mlp,random_pair,1005,direction_joint_pass,0.9637613416994364,False,higher,scope / hmda_oh / mlp / direction_joint_pass
hmda_oh,mlp,ranked_pair,1005,direction_joint_pass,0.6979228936125348,False,higher,scope / hmda_oh / mlp / direction_joint_pass
hmda_oh,mlp,domain_pair,1006,direction_joint_pass,0.9548940240449438,False,higher,scope / hmda_oh / mlp / direction_joint_pass
hmda_oh,mlp,soft,1006,direction_joint_pass,0.9913540356894388,False,higher,scope / hmda_oh / mlp / direction_joint_pass
hmda_oh,mlp,population_control,1006,direction_joint_pass,0.4082744071337491,False,higher,scope / hmda_oh / mlp / direction_joint_pass
hmda_oh,mlp,random_pair,1006,direction_joint_pass,0.928918232939264,False,higher,scope / hmda_oh / mlp / direction_joint_pass
hmda_oh,mlp,ranked_pair,1006,direction_joint_pass,0.698693988812107,False,higher,scope / hmda_oh / mlp / direction_joint_pass
hmda_oh,mlp,domain_pair,1007,direction_joint_pass,0.9742400050804872,False,higher,scope / hmda_oh / mlp / direction_joint_pass
hmda_oh,mlp,soft,1007,direction_joint_pass,0.9947373027946738,False,higher,scope / hmda_oh / mlp / direction_joint_pass
hmda_oh,mlp,population_control,1007,direction_joint_pass,0.624684897791048,False,higher,scope / hmda_oh / mlp / direction_joint_pass
hmda_oh,mlp,random_pair,1007,direction_joint_pass,0.9075114763996766,False,higher,scope / hmda_oh / mlp / direction_joint_pass
hmda_oh,mlp,ranked_pair,1007,direction_joint_pass,0.6611593171302332,False,higher,scope / hmda_oh / mlp / direction_joint_pass
hmda_oh,mlp,domain_pair,1008,direction_joint_pass,0.9725896047621436,False,higher,scope / hmda_oh / mlp / direction_joint_pass
hmda_oh,mlp,soft,1008,direction_joint_pass,0.9946523192917304,False,higher,scope / hmda_oh / mlp / direction_joint_pass
hmda_oh,mlp,population_control,1008,direction_joint_pass,0.4924353390356369,False,higher,scope / hmda_oh / mlp / direction_joint_pass
hmda_oh,mlp,random_pair,1008,direction_joint_pass,0.7880183848641577,False,higher,scope / hmda_oh / mlp / direction_joint_pass
hmda_oh,mlp,ranked_pair,1008,direction_joint_pass,0.6277203670948839,False,higher,scope / hmda_oh / mlp / direction_joint_pass
hmda_oh,mlp,domain_pair,1009,direction_joint_pass,0.9764840126629628,False,higher,scope / hmda_oh / mlp / direction_joint_pass
hmda_oh,mlp,soft,1009,direction_joint_pass,0.9921857736783276,False,higher,scope / hmda_oh / mlp / direction_joint_pass
hmda_oh,mlp,population_control,1009,direction_joint_pass,0.5257818673889977,False,higher,scope / hmda_oh / mlp / direction_joint_pass
hmda_oh,mlp,random_pair,1009,direction_joint_pass,0.928724421278102,False,higher,scope / hmda_oh / mlp / direction_joint_pass
hmda_oh,mlp,ranked_pair,1009,direction_joint_pass,0.8732165541216348,False,higher,scope / hmda_oh / mlp / direction_joint_pass
