task,seed,architecture,arm,checkpoint,auc,ap,f1,accuracy,brier,bce,eomax,aod,dp,tpr_gap,fpr_gap,group0_tpr,group0_fpr,group0_positive,group0_n,group1_tpr,group1_fpr,group1_positive,group1_n,L_R,violation_005,P_R,decision_disagreement,opposite_005,P_mean_common_abs,P_population_effect_gap,direction_L_R,direction_violation_005,direction_P_R,direction_decision_disagreement,direction_opposite_005,direction_P_mean_common_abs,direction_direction_logit_loss,direction_adverse_magnitude,direction_adverse_decision,direction_common_response,direction_signed_common_response,direction_adverse_0,direction_both_adverse_0,direction_adverse_005,direction_both_adverse_005,direction_adverse_01,direction_both_adverse_01,direction_joint_pass,arrays,checkpoint_sha256,source_done,source_sha256,selected_epoch,epochs_completed,training_seconds,initial_state_sha256,task_batch_sha256,regularizer_model_rows,optimizer_updates,admitted,initial_checkpoint,pretrained_weights_loaded,negative_outcomes_retained,arrays_sha256,natural_drift,response_drift,protocol
acs_income,1000,mlp,behavior_contexts,interfair/studies/requirements/runs/confirmation/acs_income/1000/contexts/selected.pt,0.8991850635908765,0.8827502812578785,0.8147592620368982,0.812907135282533,0.1287739792031549,0.4002155007307738,0.0196644710915948,0.0115710641971192,0.0894645139021488,0.0034776573026435,0.0196644710915948,0.8464501926252064,0.2311827956989247,0.5694402420574887,3305,0.84992784992785,0.2115183246073298,0.4799757281553398,3296,0.0168291551104946,0.0391755232996642,0.0030753443828536,0.0090012516828389,0.0,0.1223325295629824,0.0051284467928538,0.0192457760051673,0.0487920351320459,0.00353211102093,0.0054848703603441,0.0,0.1762334848442172,5.063891979360216e-06,6.963525833407527e-06,0.0,0.1762334848442172,0.1762195577925503,0.0013888888888888,0.0013888888888888,0.0008333333333333,0.0005555555555555,0.0002777777777777,0.0,0.9503746315346208,interfair/studies/requirements/evaluation/confirmation/acs_income/1000/contexts/audit.npz,06115609ddd71fe5672cbf4692bc1b6df3eb642354814ca469c7e509b7a99fbe,interfair/studies/requirements/runs/confirmation/acs_income/1000/contexts/DONE.json,37fb065edafaec2298d0c52acf58a0f36bb8ff18a5de7981bac425646b6c8b4b,10,40,113.65737925900612,7d00f417607cba3d2965c934bad356cb807be693ea5a665df5bc59242f0dd8ec,d24b1cc27f3ccf2d0064ce11ea487651833d8c3c444caf16b162be19aa3040fd,6881280,1680,True,,False,True,d182582dbbb304f8243589d79b40c48e48be36ab7934be2552c915dcb271ada3,0.04983143567010861,0.03356500942524335,paired fresh 40-epoch fitting; discovery source used only for target selection
acs_income,1001,mlp,behavior_contexts,interfair/studies/requirements/runs/confirmation/acs_income/1001/contexts/selected.pt,0.9002764109647793,0.8862370313114031,0.8074593560726809,0.8169974246326315,0.1291936322409557,0.4009408811583074,0.0196166188143894,0.0098579448448323,0.091747756414964,9.927087527528132e-05,0.0196166188143894,0.7908640616400661,0.1693548387096774,0.5110438729198185,3305,0.7907647907647908,0.1497382198952879,0.4192961165048544,3296,0.0181983124099603,0.0556354962145432,0.0034104523364249,0.0157119739276333,0.0001081081081081,0.1136436350466798,0.0061440581121718,0.0239092335700001,0.1103265054442639,0.0047047862009713,0.0126222703483125,0.0,0.2099377660257924,0.0,0.0,0.0,0.2099377660257924,0.2099377660257924,0.0,0.0,0.0,0.0,0.0,0.0,0.8896734945557361,interfair/studies/requirements/evaluation/confirmation/acs_income/1001/contexts/audit.npz,f61e9eb60e890b44d50926253e325b4031660914288aa293c5bdf599fd077ae2,interfair/studies/requirements/runs/confirmation/acs_income/1001/contexts/DONE.json,f667e22a4c5cd00760ea7fe2b2c17bbb865acd9629f4a39d5b6db943fd926801,10,40,114.24618735600961,dc7a60470b5e53070f87ee8fc13b095af653b0f1df364122f39c80f5ac018b77,4855c9ae683b17b48c593b5dc85a3409e772a8f792ae0411b283c295b1f6e77a,6881280,1680,True,,False,True,6131d598a8068faa58fb38d0ce97f5b5e2830a4d62c91ba6433e06d7b7e89380,0.04831595079876517,0.030719152579222003,paired fresh 40-epoch fitting; discovery source used only for target selection
acs_income,1002,mlp,behavior_contexts,interfair/studies/requirements/runs/confirmation/acs_income/1002/contexts/selected.pt,0.9014151682767976,0.8877682992756555,0.8164074412930772,0.8176033934252386,0.1270521455365442,0.3945171457612684,0.0264236052468614,0.0174155271078377,0.0916304363791254,0.0084074489688139,0.0264236052468614,0.8321408915795266,0.2143817204301075,0.5540090771558245,3305,0.8405483405483406,0.187958115183246,0.462378640776699,3296,0.0156505957349243,0.0319000833343381,0.0027897089064974,0.0107710579854992,0.0,0.1152780761891617,0.0036780786288952,0.0204381351058473,0.0654021536425434,0.003653665948836,0.0093808277687541,0.0,0.1936553170935786,0.0,0.0,0.0,0.1936553170935786,0.1936553170935786,0.0,0.0,0.0,0.0,0.0,0.0,0.9345978463574566,interfair/studies/requirements/evaluation/confirmation/acs_income/1002/contexts/audit.npz,bb32da6b90402b643b7cd7aff2e9905e8962a90d526425aba287a9c527a7fdb1,interfair/studies/requirements/runs/confirmation/acs_income/1002/contexts/DONE.json,d51d01a0889af1e286a9c5f6675a6a2e75902aedb3a19be7c3158b181156fa64,10,40,113.15890691999812,e6c64f6ee2a9d5e14f2812145e01bca264d19f811ac7f3e883c01bb2a1687870,db7bb01fdbe209127a11b7bd1a1346db4a9a0045c37113824c911a176b3c42ac,6881280,1680,True,,False,True,e7863d15ccd361543dccc9816edba02c21b805d7a887e96b696e2f654ee7c540,0.06081447194452407,0.032279929428841496,paired fresh 40-epoch fitting; discovery source used only for target selection
acs_income,1003,mlp,behavior_contexts,interfair/studies/requirements/runs/confirmation/acs_income/1003/contexts/selected.pt,0.9030047793995366,0.8907543861049805,0.814194334450198,0.8151795182548098,0.1264550665886453,0.392010736192672,0.053617772898722,0.0374026771752376,0.1188957779475052,0.0211875814517531,0.053617772898722,0.8436984039625757,0.2331989247311827,0.5688350983358548,3305,0.8225108225108225,0.1795811518324607,0.4499393203883495,3296,0.021175623573651,0.083220968763279,0.0047204401926995,0.0229790445588875,0.0,0.1142450751695869,0.0047293466741046,0.0292149085073513,0.1573105035192203,0.006942479845677,0.022210190699633,0.0,0.1932598492887779,0.0,0.0,0.0,0.1932598492887779,0.1932598492887779,0.0,0.0,0.0,0.0,0.0,0.0,0.8426894964807796,interfair/studies/requirements/evaluation/confirmation/acs_income/1003/contexts/audit.npz,dcc4dab81517fb055e3929d6d4350216e4cdcf54f65cc04e7ad4df9d521b5b4d,interfair/studies/requirements/runs/confirmation/acs_income/1003/contexts/DONE.json,74fdbeb9eae77fb86c71d43169538a43d12854712bf8f058727836fd24feeeaf,5,40,115.76258844597032,e49ba44d89e498116d6d1af5c3ce24a10b77113ba73b10b305c8a040f0612b60,d4615bb7e455fe7d0e6169b26a396c477fc26178eafee07ded8f3e991141aee2,6881280,1680,True,,False,True,1e015c03088ac395685c3b320f4c5ae6c42233f071cb3746ef01f88e48358a11,0.05389616899612834,0.03169016676613103,paired fresh 40-epoch fitting; discovery source used only for target selection
acs_income,1004,mlp,behavior_contexts,interfair/studies/requirements/runs/confirmation/acs_income/1004/contexts/selected.pt,0.8981418152530267,0.8829626841313032,0.8119566875095318,0.8132101196788365,0.1290525742675785,0.4013316309121754,0.0178981590947475,0.0107925397012356,0.0919338344373779,0.0036869203077238,0.0178981590947475,0.8326912493120529,0.2137096774193548,0.5540090771558245,3305,0.829004329004329,0.1958115183246073,0.4620752427184466,3296,0.0156251347014737,0.0286853898692837,0.0036398614396072,0.0183528705551695,0.0001081081081081,0.1140073602973261,0.0048029974144765,0.019786835915972,0.053405372074836,0.0047264436713085,0.0194606869999398,0.0,0.1880768479538545,0.0,0.0,0.0,0.1880768479538545,0.1880768479538545,0.0,0.0,0.0,0.0,0.0,0.0,0.946594627925164,interfair/studies/requirements/evaluation/confirmation/acs_income/1004/contexts/audit.npz,20e798bea610d05afb79b96c558b50c6e489ed4366127bb50bccfef4767b54cc,interfair/studies/requirements/runs/confirmation/acs_income/1004/contexts/DONE.json,64992c52f4bc581589a2b443fbf7a01acacd7fd0fa63003dfd08639736e30651,5,40,115.09211177699035,fb32c8928726449c2e632145c67bd9e75e3b1418544770c2844c5059fc063a49,03251bd92f75f3d47111c77c28f9a53ce9f422c4a19fc9d38b78cc4ad4695630,6881280,1680,True,,False,True,88c49dc030ee791971f7155c9205c8e4720567fffeb8ffc7e747a68ae12beb6a,0.05990852942871031,0.03166639233126369,paired fresh 40-epoch fitting; discovery source used only for target selection
acs_income,1005,mlp,behavior_contexts,interfair/studies/requirements/runs/confirmation/acs_income/1005/contexts/selected.pt,0.8999330564323433,0.8863084762815265,0.8148597422289613,0.815028026056658,0.1289026687733754,0.4006726534543329,0.0194610989134718,0.0156339898676061,0.08585843749541,0.0118068808217404,0.0194610989134718,0.8337919647771052,0.2184139784946236,0.556732223903177,3305,0.8455988455988456,0.1989528795811518,0.470873786407767,3296,0.0151508222667286,0.0257165620985806,0.0023424337467264,0.0081288601394945,0.0,0.1142471240977745,0.0034784817218243,0.0195441248529637,0.0454678758346868,0.0030014606249687,0.0054778018408229,0.0,0.1946848956585216,0.0,0.0,0.0,0.1946848956585216,0.1946848956585216,0.0,0.0,0.0,0.0,0.0,0.0,0.9545321241653132,interfair/studies/requirements/evaluation/confirmation/acs_income/1005/contexts/audit.npz,f45e38e179b8ef202c10cc1f48de7ef6448256f9292d711b0d671cc52f1a0b80,interfair/studies/requirements/runs/confirmation/acs_income/1005/contexts/DONE.json,487d940d04420be1ac6ca468baca34c0634b45357799fd881a2fc88907ed4c1c,5,40,113.98920920799719,5b2cec3fa48f8661c5be72ad033524279e98d34a8ab87d644c08979e38de0276,be45707186eb6b3da28c8077c732af0484bd964c70841ca9f56f1499c3270456,6881280,1680,True,,False,True,6699b245b5a6e9d4b690aedbfa7aab71e526dc370800619db7ebe3de0030a525,0.05069091889775555,0.028569179974421505,paired fresh 40-epoch fitting; discovery source used only for target selection
acs_income,1006,mlp,behavior_contexts,interfair/studies/requirements/runs/confirmation/acs_income/1006/contexts/selected.pt,0.8997515939754097,0.8826159296254276,0.8044530493707648,0.8163914558400243,0.1304317918052679,0.4052083659654958,0.0117401707935554,0.0077662318810427,0.0778418437789169,0.0117401707935554,0.00379229296853,0.7732526141992295,0.1498655913978494,0.4925869894099848,3305,0.784992784992785,0.1460732984293193,0.4147451456310679,3296,0.0133962352372922,0.0108829475004565,0.0025962221873904,0.0090358661246638,0.0001081081081081,0.1143845010605205,0.0039747090199747,0.0172500581735442,0.0237284184563556,0.0033071384081822,0.0087616555375082,0.0,0.196332284854745,0.0,0.0,0.0,0.196332284854745,0.196332284854745,0.0,0.0,0.0,0.0,0.0,0.0,0.9762715815436444,interfair/studies/requirements/evaluation/confirmation/acs_income/1006/contexts/audit.npz,42a866119d5841bf9d82b3711787b4bf8a29cd07f29973f39fded316a5896fc9,interfair/studies/requirements/runs/confirmation/acs_income/1006/contexts/DONE.json,743062282c81a613de8fa1d35717afcbcf58fee45db104e04bac9949c9532c65,5,40,113.24275610700715,8fa457efaa41623220321ec188f3abc4124684f396a61c8bc11dab1c0ebde478,7f7ef5e8cc9abdb45167de1f459aa03f53e9281fb0d510a6bb8472c79f09815a,6881280,1680,True,,False,True,904543a0836a450f36d3670e021e607ea8ce1faed5dee25b60054727c07ad61e,0.0624079487246811,0.028220641601674167,paired fresh 40-epoch fitting; discovery source used only for target selection
acs_income,1007,mlp,behavior_contexts,interfair/studies/requirements/runs/confirmation/acs_income/1007/contexts/selected.pt,0.8898609253354115,0.8741581759918331,0.8085889570552147,0.8109377367065597,0.1364802436874423,0.4289750383252098,0.008455496072447,0.0082849878042807,0.0886162845350528,0.008455496072447,0.0081144795361144,0.8266373142542652,0.2049731182795699,0.5467473524962179,3305,0.8181818181818182,0.1968586387434555,0.458131067961165,3296,0.0146518966340331,0.0305727510034679,0.0026087155893146,0.0089201918992382,0.0,0.1190973210678515,0.0048469168941294,0.0185439097758289,0.0549335258376947,0.0033567662275272,0.0082485110990795,0.0,0.1892979790027988,7.103184805494736e-05,6.344195536203413e-05,0.0,0.1892979790027988,0.1891712899680975,0.0041171870300186,0.003846477771762,0.0027353666606509,0.0019161703663598,0.001638392588582,0.0013676833303254,0.9423311075016544,interfair/studies/requirements/evaluation/confirmation/acs_income/1007/contexts/audit.npz,6e7148953ec3eafcf7e890fba3d369343e9d9853732954b768767b231c9ce9fd,interfair/studies/requirements/runs/confirmation/acs_income/1007/contexts/DONE.json,8ca3285d0942139b9512148c50d7906975cdb379a0bcf180524ef14d2c4fb64f,20,40,113.30430024996167,781ea79489aefa147512cfb88466d3296f3d4fd6ec53dbd8b12c06dc35087eb6,4298082150b7252b5b1e0129caa6ed20fb88590f13f11bf6425d708e69e75c7c,6881280,1680,True,,False,True,f34efa02b2c8af762732ce8220abfb55f1393ec59b3f7f8b15a9d7603557defd,0.08159928524951024,0.05833871406359977,paired fresh 40-epoch fitting; discovery source used only for target selection
acs_income,1008,mlp,behavior_contexts,interfair/studies/requirements/runs/confirmation/acs_income/1008/contexts/selected.pt,0.8991496898967402,0.8843495596623836,0.8093978528084643,0.8144220572640509,0.1288875101183011,0.3996250505427047,0.0145689072791758,0.0101442490145181,0.0859278380799905,0.0057195907498603,0.0145689072791758,0.8095762245459549,0.1915322580645161,0.5313161875945537,3305,0.8152958152958153,0.1769633507853403,0.4453883495145631,3296,0.0166623814899269,0.033414207162352,0.0028486868894775,0.0090390073881052,0.0,0.1127612446311548,0.0039804808164694,0.0213005935348211,0.0705519460987788,0.0035657252825883,0.0077070925825663,0.0,0.1974975785358511,0.0,0.0,0.0,0.1974975785358511,0.1974975785358511,0.0,0.0,0.0,0.0,0.0,0.0,0.9294480539012212,interfair/studies/requirements/evaluation/confirmation/acs_income/1008/contexts/audit.npz,795e578fa4c9f08a69803ff215b1af244c0485e669106ed4457218de3830d42d,interfair/studies/requirements/runs/confirmation/acs_income/1008/contexts/DONE.json,43e24930fa699a0e3342a15132292588802e18c931a7cf9e4785cbd7288b9322,5,40,115.49407526297728,392f1c237ebbec0eedb2bf5666488748c9d0bdf4f998d507fba2e6929df2c74a,c8f2f26e5b33ad2de241a743f6ec2a878b5be03f5d7d73e5d83efbf09a8ec278,6881280,1680,True,,False,True,5033080473ac4cf3a7c95261f2f1daf1016cc2632674e0cfe0e5618057d2bfe8,0.05457560941078499,0.025426035422566367,paired fresh 40-epoch fitting; discovery source used only for target selection
acs_income,1009,mlp,behavior_contexts,interfair/studies/requirements/runs/confirmation/acs_income/1009/contexts/selected.pt,0.8995620461026734,0.8852243874761375,0.8142292490118577,0.8148765338585063,0.128496146430447,0.3986741674629409,0.026040787029218,0.0150411514517125,0.0928341142429093,0.004041515874207,0.026040787029218,0.8343423225096313,0.219758064516129,0.5576399394856278,3305,0.8383838383838383,0.193717277486911,0.4648058252427184,3296,0.0166638570445461,0.0398636343195537,0.0030024703207323,0.0078437280998825,0.0,0.1204802392093656,0.0053435332602695,0.0215481352962846,0.0863061721710882,0.0040546956170692,0.0079778018408229,0.0,0.181821256731221,0.0,0.0,0.0,0.181821256731221,0.181821256731221,0.0,0.0,0.0,0.0,0.0,0.0,0.9136938278289116,interfair/studies/requirements/evaluation/confirmation/acs_income/1009/contexts/audit.npz,c02c04cbc36e5d47d3410c33c6fd2faadbf68b24b3dfda5ec312721c186ec732,interfair/studies/requirements/runs/confirmation/acs_income/1009/contexts/DONE.json,a109f070cfb2f1076510a1cbc8dad0ecd4239f0a3704074930f660f2fbd6d544,10,40,113.57631187397055,2794507395f007c6582a5a5d2e4522f4d357408084388f5374ff9fb999f3b344,96fd7b6e58e0894ede3e6934f486a5cad390ad52fe7548177639223040c48a79,6881280,1680,True,,False,True,c82e0637f2adf4925eb5a66b13f97afd09bd6f14443f6114c36dc5724519b08e,0.05240314980316256,0.03134894900469919,paired fresh 40-epoch fitting; discovery source used only for target selection
acs_income,1000,mlp,behavior_features,interfair/studies/requirements/runs/confirmation/acs_income/1000/features/selected.pt,0.8991255255290572,0.8826206150095088,0.8168635072507101,0.8144220572640509,0.1290115712939214,0.4006537234723852,0.0189143162754039,0.011880558744922,0.0888494558112892,0.0048468012144402,0.0189143162754039,0.8508530544854155,0.2325268817204301,0.5724659606656581,3305,0.8556998556998557,0.2136125654450262,0.4836165048543689,3296,0.0108482461278086,0.0029480646607306,0.0020717938463739,0.0076355206486868,0.0,0.1216428831719949,0.0045256337821249,0.0121646117750886,0.004715153702701,0.0024925085175053,0.0060333573963785,0.0,0.1751598042344219,1.3615871110425183e-05,1.2990697888580036e-05,0.0,0.1751598042344219,0.1751338470481291,0.0025,0.0022222222222222,0.0008333333333333,0.0008333333333333,0.0008333333333333,0.0002777777777777,0.9944515129639656,interfair/studies/requirements/evaluation/confirmation/acs_income/1000/features/audit.npz,7d3bacade0e7de4295e89cfc01a6dbb4b263496b321decfca87d39cdc63885d5,interfair/studies/requirements/runs/confirmation/acs_income/1000/features/DONE.json,72a9540ec7c4e39bf92bd1ed617c1f0d9b533256736939afb846fffdc27e2117,10,40,115.3824861900066,7d00f417607cba3d2965c934bad356cb807be693ea5a665df5bc59242f0dd8ec,d24b1cc27f3ccf2d0064ce11ea487651833d8c3c444caf16b162be19aa3040fd,6881280,1680,True,,False,True,341201fd09a205ae7d73ba94574ab17632ce7789da929f6166e425ec5850a8b7,0.04990464592415138,0.03420881842899136,paired fresh 40-epoch fitting; discovery source used only for target selection
acs_income,1001,mlp,behavior_features,interfair/studies/requirements/runs/confirmation/acs_income/1001/features/selected.pt,0.8817213923747547,0.8665026634140293,0.799757097312889,0.8001817906377822,0.1461810903838721,0.4722491940317593,0.0281821764341609,0.019316707091571,0.0870736821232907,0.0104512377489812,0.0281821764341609,0.817831590533847,0.2365591397849462,0.5561270801815431,3305,0.8282828282828283,0.2083769633507853,0.4690533980582524,3296,0.0100090697776349,0.0092110934463875,0.0016625990109045,0.0035087878521132,0.0,0.1297137577100212,0.0087403560340839,0.0131392405758273,0.0222222222222222,0.0021726694054613,0.0021868796246164,0.0,0.1942953674522874,0.0009604857681835,0.0002227477833583,0.0002777777777777,0.1942953674522874,0.1938498718855707,0.0097222222222222,0.0097222222222222,0.0066666666666666,0.0058333333333333,0.0038888888888888,0.0030555555555555,0.971111111111111,interfair/studies/requirements/evaluation/confirmation/acs_income/1001/features/audit.npz,42c0dd5473af148ce0a4b326dbdb0fcdd172495dddca87045771c3c4cfdcfdb4,interfair/studies/requirements/runs/confirmation/acs_income/1001/features/DONE.json,8d2d13d18b49867288b1d298957c5d97ca04f74cabb44f45c66073b3d625e7ae,30,40,115.0500399399898,dc7a60470b5e53070f87ee8fc13b095af653b0f1df364122f39c80f5ac018b77,4855c9ae683b17b48c593b5dc85a3409e772a8f792ae0411b283c295b1f6e77a,6881280,1680,True,,False,True,d8a111e9bff198377cd645889eca3d44d753af4d61723b7e58a9e956de7e6bc2,0.10019552361122674,0.06906324758706556,paired fresh 40-epoch fitting; discovery source used only for target selection
acs_income,1002,mlp,behavior_features,interfair/studies/requirements/runs/confirmation/acs_income/1002/features/selected.pt,0.9008083945727012,0.8864023859970069,0.8175985334555453,0.8191183154067565,0.1274090820681301,0.3957208338054521,0.0226179417891121,0.0170597326992529,0.0886055439683916,0.0115015236093937,0.0226179417891121,0.8304898183819482,0.209005376344086,0.5506807866868382,3305,0.841991341991342,0.1863874345549738,0.4620752427184466,3296,0.0104782239305067,0.006323087793676,0.0020353665144412,0.0066445168213959,0.0,0.1158527915838911,0.0038250891749751,0.0132553883051829,0.0152777777777777,0.0028079460126202,0.0071444685074896,0.0,0.1967297042071073,0.0,0.0,0.0,0.1967297042071073,0.1967297042071073,0.0,0.0,0.0,0.0,0.0,0.0,0.9847222222222224,interfair/studies/requirements/evaluation/confirmation/acs_income/1002/features/audit.npz,3c112db5ddf49be4483ad60b8ed7a30ba906c4b2a799f6d111902bf2b359cd5b,interfair/studies/requirements/runs/confirmation/acs_income/1002/features/DONE.json,6fe6aab2de4bdc9e2b8b64f8cf8c4fda95ce47a6d173ffdc584d57aaea674f00,10,40,115.26731104496866,e6c64f6ee2a9d5e14f2812145e01bca264d19f811ac7f3e883c01bb2a1687870,db7bb01fdbe209127a11b7bd1a1346db4a9a0045c37113824c911a176b3c42ac,6881280,1680,True,,False,True,92a3ea1f5869b6e8fa43db78d860a1c5d06a6522c84093ac1df46326fbc3fa7f,0.061900824442778654,0.03420301655697452,paired fresh 40-epoch fitting; discovery source used only for target selection
acs_income,1003,mlp,behavior_features,interfair/studies/requirements/runs/confirmation/acs_income/1003/features/selected.pt,0.89667536890169,0.8823092725239742,0.8143163046803303,0.8160884714437207,0.1306759012226871,0.4078493256333806,0.0103035226865717,0.0083142338985974,0.0801252698911622,0.0103035226865717,0.0063249451106232,0.8266373142542652,0.2016129032258064,0.5452344931921331,3305,0.836940836940837,0.1952879581151832,0.4651092233009709,3296,0.0143313293439475,0.0259711352438906,0.0027140478938062,0.0081664807404451,0.0,0.0986979696370169,0.0028691990099368,0.0154230047464474,0.0333262648138121,0.0031706868472329,0.0090535703543283,0.0,0.1710304453233246,0.0001763567859448,0.0001053060433235,0.0,0.1710304453233246,0.17081996971567,0.0036111111111111,0.0033333333333333,0.0033333333333333,0.0033333333333333,0.0027777777777777,0.0022222222222222,0.96389595740841,interfair/studies/requirements/evaluation/confirmation/acs_income/1003/features/audit.npz,7eef878d5cdfe156845230954371e19f62d37445995cb40f8ea993cb518439c5,interfair/studies/requirements/runs/confirmation/acs_income/1003/features/DONE.json,a821686c7077996e1dcadfe840088100ee189c0ba48cd17d3ec8d69ea19d29d8,15,40,115.85940312995808,e49ba44d89e498116d6d1af5c3ce24a10b77113ba73b10b305c8a040f0612b60,d4615bb7e455fe7d0e6169b26a396c477fc26178eafee07ded8f3e991141aee2,6881280,1680,True,,False,True,878d48ee21459ec14b257e1e849e4b70545915b6893c4382b714dd737238aa82,0.06462130407286197,0.049213240487878965,paired fresh 40-epoch fitting; discovery source used only for target selection
acs_income,1004,mlp,behavior_features,interfair/studies/requirements/runs/confirmation/acs_income/1004/features/selected.pt,0.8986894184142036,0.8827972400028078,0.8187816479975449,0.8210877139827298,0.1294311375010197,0.4046364507411036,0.0276346900861341,0.0243070998916551,0.1070996063628218,0.0209795096971762,0.0276346900861341,0.8420473307649973,0.2056451612903226,0.5555219364599092,3305,0.8210678210678211,0.1780104712041884,0.4484223300970874,3296,0.0112499075954649,0.0029673160532742,0.0019702041031332,0.00796029082169,0.0,0.1222773199647666,0.0052654499446342,0.0119249548259619,0.0060828370330265,0.0022823274268991,0.007692955543524,0.0,0.190244955370228,0.0,0.0,0.0,0.190244955370228,0.190244955370228,0.0,0.0,0.0,0.0,0.0,0.0,0.9939171629669734,interfair/studies/requirements/evaluation/confirmation/acs_income/1004/features/audit.npz,49c26496c0a14def92a4090cc3d0957778393f14bf418e8c761dc6adc7f8d53f,interfair/studies/requirements/runs/confirmation/acs_income/1004/features/DONE.json,17249f54957b490720cab82c271b14826582d70f32a08de8cf8493245794b19d,15,40,116.18695432704408,fb32c8928726449c2e632145c67bd9e75e3b1418544770c2844c5059fc063a49,03251bd92f75f3d47111c77c28f9a53ce9f422c4a19fc9d38b78cc4ad4695630,6881280,1680,True,,False,True,f8516582f16e07a786a4db4a5a847043e7574e0640ac7ce3a0f5d41bfc998165,0.06268043223522829,0.048764709439176726,paired fresh 40-epoch fitting; discovery source used only for target selection
acs_income,1005,mlp,behavior_features,interfair/studies/requirements/runs/confirmation/acs_income/1005/features/selected.pt,0.8994195406491522,0.8851471843338097,0.8148840105869531,0.8198757763975155,0.1284786599111388,0.3984231799882592,0.0118884760457129,0.0069448884456313,0.0877474002320696,0.0020013008455496,0.0118884760457129,0.8161805173362686,0.1841397849462365,0.5316187594553706,3305,0.8181818181818182,0.1722513089005235,0.4438713592233009,3296,0.0108576739902273,0.0059593280021637,0.0020731734473919,0.0063251641253088,0.0,0.1204629111754397,0.0045627144957551,0.0138566924846338,0.0130435240329663,0.0028662803092709,0.0074363833243096,0.0,0.201695161992788,5.7604785874965096e-08,7.037399732500819e-07,0.0,0.201695161992788,0.2016937807941931,0.0002777777777777,0.0,0.0002777777777777,0.0,0.0,0.0,0.986678698189256,interfair/studies/requirements/evaluation/confirmation/acs_income/1005/features/audit.npz,d6cea1d93698243b02255789a8205c8fcce48bb6bad6e4b423ecf098a640a1b2,interfair/studies/requirements/runs/confirmation/acs_income/1005/features/DONE.json,4e3674f7646050e6389638b74fdbe77f18bcfc351b2c3345ca7dd0289afc9004,10,40,115.54608941398328,5b2cec3fa48f8661c5be72ad033524279e98d34a8ab87d644c08979e38de0276,be45707186eb6b3da28c8077c732af0484bd964c70841ca9f56f1499c3270456,6881280,1680,True,,False,True,8b8e343cd5ef16de1050491cfe2d11999e4ae8d8d19443aad6a2ff4229d688bb,0.04577784517082512,0.028823775450142707,paired fresh 40-epoch fitting; discovery source used only for target selection
acs_income,1006,mlp,behavior_features,interfair/studies/requirements/runs/confirmation/acs_income/1006/features/selected.pt,0.9007136665761958,0.883929744122782,0.8209350191120258,0.8154825026511134,0.1296218129491602,0.4030224273620338,0.0246425153408771,0.0192195907933176,0.0878938207775802,0.0137966662457581,0.0246425153408771,0.8657127132636213,0.2513440860215054,0.58910741301059,3305,0.8795093795093795,0.2267015706806282,0.5012135922330098,3296,0.0104437720662511,0.0015090857601765,0.002061502991577,0.0068627825997511,0.0,0.1098315267897101,0.0031092146549919,0.012487720429995,0.0029778018408229,0.0027297247241926,0.0063111351741562,0.0,0.1688437018177804,9.400357097256853e-07,4.31340534548303e-07,0.0,0.1688437018177804,0.1688428514357674,0.0008333333333333,0.0005555555555555,0.0,0.0,0.0,0.0,0.997022198159177,interfair/studies/requirements/evaluation/confirmation/acs_income/1006/features/audit.npz,79aeea747ae4dadeee8e1e8929c8f0326fa81077f8437cf3a3ae83ad6dd8de70,interfair/studies/requirements/runs/confirmation/acs_income/1006/features/DONE.json,cf7dd7420b339cde57eb95f45cf19f1919b5dc14372c88d172b185ae216d5c7a,10,40,115.9234743269626,8fa457efaa41623220321ec188f3abc4124684f396a61c8bc11dab1c0ebde478,7f7ef5e8cc9abdb45167de1f459aa03f53e9281fb0d510a6bb8472c79f09815a,6881280,1680,True,,False,True,2c24f8fa90439b930b835df79fb24e9afe219ff209947c08ec5e8d110e13decf,0.05879841725923662,0.026037193939013444,paired fresh 40-epoch fitting; discovery source used only for target selection
acs_income,1007,mlp,behavior_features,interfair/studies/requirements/runs/confirmation/acs_income/1007/features/selected.pt,0.9022078606044912,0.8878305898644394,0.8140845070422535,0.8200272685956673,0.12666171971764,0.3940644915793861,0.0158944583820753,0.0153527209435569,0.0826102881776655,0.0158944583820753,0.0148109835050385,0.8051733626857457,0.1807795698924731,0.5240544629349471,3305,0.8210678210678211,0.1659685863874345,0.4414441747572815,3296,0.0118688884715467,0.0060729479439629,0.0021770178271302,0.0057853674636132,0.0,0.1156148034526197,0.0038294296642076,0.0145666726543026,0.0141171870300186,0.0028575241096574,0.0038323407327197,0.0,0.1923511602272972,4.117073877552002e-07,7.111093046175471e-07,0.0,0.1923511602272972,0.192349738008688,0.0005555555555555,0.0005555555555555,0.0,0.0,0.0,0.0,0.9858828129699811,interfair/studies/requirements/evaluation/confirmation/acs_income/1007/features/audit.npz,01fff8dca2798c97ab74126d1951e22eb98a0f37c88850711be83dc8aa8cd258,interfair/studies/requirements/runs/confirmation/acs_income/1007/features/DONE.json,747c3af2c27c12dd1a308f18673cdaad5b1f43268cd4cc133dd6276e37b81578,5,40,114.23352365900064,781ea79489aefa147512cfb88466d3296f3d4fd6ec53dbd8b12c06dc35087eb6,4298082150b7252b5b1e0129caa6ed20fb88590f13f11bf6425d708e69e75c7c,6881280,1680,True,,False,True,fd082620f164b8427052ed4f88678efc5929c6f425770a1b201d1ae84692759b,0.05515399079677517,0.03521390781731805,paired fresh 40-epoch fitting; discovery source used only for target selection
acs_income,1008,mlp,behavior_features,interfair/studies/requirements/runs/confirmation/acs_income/1008/features/selected.pt,0.8993742439447127,0.8845108855834505,0.8082642041007982,0.8144220572640509,0.1288496492580265,0.3993789036516374,0.016147328716996,0.008252550475744,0.089579355345681,0.000357772234492,0.016147328716996,0.806274078150798,0.1868279569892473,0.5273827534039335,3305,0.8059163059163059,0.1706806282722513,0.4378033980582524,3296,0.0142191745583851,0.0177783410324918,0.0023068451880762,0.0063163062578912,0.0,0.1115220139222158,0.0041720555807247,0.0192433996707334,0.043360855441256,0.0030776876109893,0.006588912951934,0.0,0.1987538070797994,0.0,0.0,0.0,0.1987538070797994,0.1987538070797994,0.0,0.0,0.0,0.0,0.0,0.0,0.956639144558744,interfair/studies/requirements/evaluation/confirmation/acs_income/1008/features/audit.npz,cda45aa546b429c2b33bbd8c943e944c55facd704affa73779cb42e6eff91e19,interfair/studies/requirements/runs/confirmation/acs_income/1008/features/DONE.json,29767f5b901cd5de64ff08b0a980b034d0de49d0cae49e665c7e1cea79430b6b,5,40,114.70964568003546,392f1c237ebbec0eedb2bf5666488748c9d0bdf4f998d507fba2e6929df2c74a,c8f2f26e5b33ad2de241a743f6ec2a878b5be03f5d7d73e5d83efbf09a8ec278,6881280,1680,True,,False,True,865ad986aeb73816533d4884bf9c054661eb4f583551768f2cedea071ce529f7,0.054416775291619195,0.028036910550483695,paired fresh 40-epoch fitting; discovery source used only for target selection
acs_income,1009,mlp,behavior_features,interfair/studies/requirements/runs/confirmation/acs_income/1009/features/selected.pt,0.8994392488501712,0.884567908751066,0.8145112325440195,0.8148765338585063,0.1285230927630298,0.3990112342129868,0.0246185892022743,0.0135900874339388,0.092829983255732,0.0025615856656032,0.0246185892022743,0.8365437534397359,0.2204301075268817,0.5591527987897126,3305,0.8391053391053391,0.1958115183246073,0.4663228155339806,3296,0.0097393185231746,0.0008837661190602,0.0021476820232991,0.007177398735264,0.0,0.1195605570820062,0.0052656078570861,0.0111830450998155,0.0019444444444444,0.0027017103584311,0.008512151837815,0.0,0.1801047601435569,9.004311506169118e-07,1.8924312539260777e-06,0.0,0.1801047601435569,0.1801009752810491,0.0005555555555555,0.0005555555555555,0.0002777777777777,0.0,0.0,0.0,0.9977777777777778,interfair/studies/requirements/evaluation/confirmation/acs_income/1009/features/audit.npz,434233880d1c88f8f68a4dfd0fc60cc994863505ef4da64ab8d1d1910f1cdb86,interfair/studies/requirements/runs/confirmation/acs_income/1009/features/DONE.json,145e44d1fccafa1d3425c748dc1738da10b24c9fa255c57051c8d301c6de7cbe,10,40,114.44124985998496,2794507395f007c6582a5a5d2e4522f4d357408084388f5374ff9fb999f3b344,96fd7b6e58e0894ede3e6934f486a5cad390ad52fe7548177639223040c48a79,6881280,1680,True,,False,True,9c40e28fadc75f62a3611614851113629844a6f0b1d17643c3c9691e92c4434e,0.052443733666975655,0.031904301767357764,paired fresh 40-epoch fitting; discovery source used only for target selection
acs_income,1000,mlp,broad,interfair/studies/requirements/runs/confirmation/acs_income/1000/full/selected.pt,0.8993144302437182,0.882956657017534,0.8154699445360516,0.8135131040751401,0.128858275867831,0.4002755380016489,0.0172732646512413,0.0143621793279976,0.0846151021547229,0.0114510940047539,0.0172732646512413,0.8442487616951018,0.2298387096774193,0.567624810892587,3305,0.8556998556998557,0.212565445026178,0.4830097087378641,3296,0.0100948941424307,0.001874576254652,0.0020490992842456,0.0073770697507704,0.0,0.1192931278645043,0.0040203220628073,0.0118149635243259,0.0044161703663598,0.002614564723028,0.0068454851711484,0.0,0.177394090962034,4.528359315448445e-06,6.982401900395547e-06,0.0,0.177394090962034,0.1773801261582332,0.0019444444444444,0.0019444444444444,0.0005555555555555,0.0002777777777777,0.0002777777777777,0.0002777777777777,0.9950282740780846,interfair/studies/requirements/evaluation/confirmation/acs_income/1000/full/audit.npz,a886c18f27cf01ca23094106c069e08a195bdd006aa80f01b6787730b6d9f2d8,interfair/studies/requirements/runs/confirmation/acs_income/1000/full/DONE.json,c8f522801b6c000b530fbf004b5f85363839a941fd63b359429156a4ba21bf04,10,40,115.22873197199078,7d00f417607cba3d2965c934bad356cb807be693ea5a665df5bc59242f0dd8ec,d24b1cc27f3ccf2d0064ce11ea487651833d8c3c444caf16b162be19aa3040fd,6881280,1680,True,,False,True,6fe87963bb28f514d7955c002e971230c2f616b5d7a4fe324d944a8be017f630,0.04982053085383181,0.03200376225259159,paired fresh 40-epoch fitting; discovery source used only for target selection
acs_income,1001,mlp,broad,interfair/studies/requirements/runs/confirmation/acs_income/1001/full/selected.pt,0.8905329336442788,0.8766828072063357,0.8065704636168253,0.809119830328738,0.1359037272860069,0.4263445376767988,0.0244778472104937,0.0149392899544849,0.089830702965498,0.0054007326984761,0.0244778472104937,0.817831590533847,0.2150537634408602,0.5464447806354009,3305,0.8232323232323232,0.1905759162303665,0.4566140776699029,3296,0.0072541768575079,0.0,0.0011731597393714,0.0027178678072681,0.0,0.1087926369391977,0.0066027280988314,0.0076836038073367,0.0,0.0013267770888843,0.0035899055525476,0.0,0.1914496450974754,0.0001760250497843,7.682299631887262e-05,0.0005555555555555,0.1914496450974754,0.1912959991048377,0.0016666666666666,0.0016666666666666,0.0011111111111111,0.0011111111111111,0.0011111111111111,0.0011111111111111,0.9988888888888888,interfair/studies/requirements/evaluation/confirmation/acs_income/1001/full/audit.npz,48f4b66e819a4c34fdc4e8e045729c489d7f607c0b606de1ca9fd968b47ad05b,interfair/studies/requirements/runs/confirmation/acs_income/1001/full/DONE.json,9b7f5d9d897e27ed33da77d2301abcbbfc8e4bc93564dca1fdb8f5ed073a41e6,20,40,116.01555069599999,dc7a60470b5e53070f87ee8fc13b095af653b0f1df364122f39c80f5ac018b77,4855c9ae683b17b48c593b5dc85a3409e772a8f792ae0411b283c295b1f6e77a,6881280,1680,True,,False,True,0a45658d72cc08977a7c20f58ed5b1c6bd4fdd491ff6cf92aba03e91a8e90f94,0.07565175672598864,0.05383037916086821,paired fresh 40-epoch fitting; discovery source used only for target selection
acs_income,1002,mlp,broad,interfair/studies/requirements/runs/confirmation/acs_income/1002/full/selected.pt,0.9007587795211852,0.8862571152455563,0.8147920822464324,0.8171489168307832,0.1273362702514122,0.3956017695166158,0.0244152170241513,0.0167419050111492,0.0901324486288794,0.0090685929981472,0.0244152170241513,0.8249862410566868,0.2076612903225806,0.5470499243570348,3305,0.834054834054834,0.1832460732984293,0.4569174757281553,3296,0.008959016545051,0.0002222222222222,0.0019351725782644,0.0083553176872043,0.0,0.1135832176659646,0.0033699319483063,0.0114551838937254,0.0005555555555555,0.0027845441011609,0.0082273055405161,0.0,0.1966882753787273,0.0,0.0,0.0,0.1966882753787273,0.1966882753787273,0.0,0.0,0.0,0.0,0.0,0.0,0.9994444444444444,interfair/studies/requirements/evaluation/confirmation/acs_income/1002/full/audit.npz,e414749a1ce9710a3c6dcef5cc94289463d77bec400db64ded02ba485894015c,interfair/studies/requirements/runs/confirmation/acs_income/1002/full/DONE.json,d0575f45fc4d8947d61b715414daafb212c2ae7f410e03e2e0e1dbda9a75506e,10,40,116.24298453400843,e6c64f6ee2a9d5e14f2812145e01bca264d19f811ac7f3e883c01bb2a1687870,db7bb01fdbe209127a11b7bd1a1346db4a9a0045c37113824c911a176b3c42ac,6881280,1680,True,,False,True,40926caee0c945d4651a93422ec5408d5c3ca2f72b5784637c34b9b0d5d134f2,0.05979050951596705,0.03392698847028308,paired fresh 40-epoch fitting; discovery source used only for target selection
acs_income,1003,mlp,broad,interfair/studies/requirements/runs/confirmation/acs_income/1003/full/selected.pt,0.8967393171903106,0.8822800147375605,0.8125574272588055,0.8145735494622027,0.1308261313006622,0.4081895865914362,0.0129750042222597,0.0128440147967564,0.0819464844381123,0.0127130253712531,0.0129750042222597,0.8227848101265823,0.2056451612903226,0.5449319213313162,3305,0.8354978354978355,0.1926701570680628,0.4629854368932038,3296,0.0098886840374348,0.0008888888888888,0.0019360112504803,0.0058642946440884,0.0,0.1012564569665905,0.0034670879925026,0.0115630342605119,0.0022222222222222,0.0025450972176253,0.003846477771762,0.0,0.1772868140917756,0.0001062545278369,7.731650674725183e-05,0.0,0.1772868140917756,0.1771321810782812,0.0025,0.0025,0.0016666666666666,0.0016666666666666,0.0016666666666666,0.0016666666666666,0.9961111111111112,interfair/studies/requirements/evaluation/confirmation/acs_income/1003/full/audit.npz,8aa244144337cc7a5c5555c8b1b82dc25e7ee5b9fc88b0995bb0c984997a536b,interfair/studies/requirements/runs/confirmation/acs_income/1003/full/DONE.json,f91d025a6265540ab54711c70c673fb6f2654671358c1e3bca13fc0a4c826f62,15,40,114.61324952798896,e49ba44d89e498116d6d1af5c3ce24a10b77113ba73b10b305c8a040f0612b60,d4615bb7e455fe7d0e6169b26a396c477fc26178eafee07ded8f3e991141aee2,6881280,1680,True,,False,True,dd8699e241c50f925ae79ea08c1c201606bab1eb6481c1b7277a8179b81952eb,0.0644009645486815,0.04694632614122876,paired fresh 40-epoch fitting; discovery source used only for target selection
acs_income,1004,mlp,broad,interfair/studies/requirements/runs/confirmation/acs_income/1004/full/selected.pt,0.8986894184142036,0.8827972400028078,0.8187816479975449,0.8210877139827298,0.1294311375010197,0.4046364507411036,0.0276346900861341,0.0243070998916551,0.1070996063628218,0.0209795096971762,0.0276346900861341,0.8420473307649973,0.2056451612903226,0.5555219364599092,3305,0.8210678210678211,0.1780104712041884,0.4484223300970874,3296,0.0112499075954649,0.0029673160532742,0.0019702041031332,0.00796029082169,0.0,0.1222773199647666,0.0052654499446342,0.0119249548259619,0.0060828370330265,0.0022823274268991,0.007692955543524,0.0,0.190244955370228,0.0,0.0,0.0,0.190244955370228,0.190244955370228,0.0,0.0,0.0,0.0,0.0,0.0,0.9939171629669734,interfair/studies/requirements/evaluation/confirmation/acs_income/1004/full/audit.npz,e32fa7ad0aacd60202bcbe8fad9c9534411bb95506f1b3cf479efec73d804c69,interfair/studies/requirements/runs/confirmation/acs_income/1004/full/DONE.json,d3aae20fdee681a6609be2d23fd76fa1ed07f6f5ead2b51818631eafa6b9bde6,15,40,115.1168747190386,fb32c8928726449c2e632145c67bd9e75e3b1418544770c2844c5059fc063a49,03251bd92f75f3d47111c77c28f9a53ce9f422c4a19fc9d38b78cc4ad4695630,6881280,1680,True,,False,True,f8516582f16e07a786a4db4a5a847043e7574e0640ac7ce3a0f5d41bfc998165,0.06268043223522829,0.048764709439176726,paired fresh 40-epoch fitting; discovery source used only for target selection
acs_income,1005,mlp,broad,interfair/studies/requirements/runs/confirmation/acs_income/1005/full/selected.pt,0.8998266597107588,0.8856633613428558,0.8151247481791415,0.8192698076049083,0.1281400776367673,0.3974375090329233,0.0185307943478016,0.0105042976973363,0.0907648568658843,0.002477801046871,0.0185307943478016,0.8200330214639515,0.1928763440860215,0.5376701966717096,3305,0.8225108225108225,0.1743455497382199,0.4469053398058252,3296,0.0088697783027382,0.0009971725921915,0.0017222621448458,0.0050996579143811,0.0,0.1175262352617034,0.0046843202498964,0.0106973870245749,0.0024929314804788,0.0023545570409847,0.0043949648077964,0.0,0.1990461644681236,2.853746220967926e-07,2.150432589022604e-06,0.0,0.1990461644681236,0.1990418636029456,0.0002777777777777,0.0002777777777777,0.0002777777777777,0.0002777777777777,0.0,0.0,0.9972292907417434,interfair/studies/requirements/evaluation/confirmation/acs_income/1005/full/audit.npz,e96c14ceddd907811348fca6547a4f4b9d90425be21dcf3b5b89fb49bf46eeeb,interfair/studies/requirements/runs/confirmation/acs_income/1005/full/DONE.json,2fcedd7c0597471503bbe6ed550fcfd46a9d936b9758e1fc83f90ed5b6ad96df,10,40,115.92143508698791,5b2cec3fa48f8661c5be72ad033524279e98d34a8ab87d644c08979e38de0276,be45707186eb6b3da28c8077c732af0484bd964c70841ca9f56f1499c3270456,6881280,1680,True,,False,True,5fa9efe5dcb76efbcf81187a273b793a3c08468741f925e6933bebe370acb5c5,0.0457452007002562,0.030114988204388737,paired fresh 40-epoch fitting; discovery source used only for target selection
acs_income,1006,mlp,broad,interfair/studies/requirements/runs/confirmation/acs_income/1006/full/selected.pt,0.894337397418584,0.8764699182527251,0.8145065398335315,0.8109377367065597,0.135521668323861,0.4274072248579093,0.0325740302876766,0.0196886309560209,0.0939840892733869,0.0068032316243653,0.0325740302876766,0.852504127682994,0.2493279569892473,0.5809379727685325,3305,0.8593073593073594,0.2167539267015706,0.4869538834951456,3296,0.0085285998488754,0.0003248511099079,0.0015405384463067,0.0054357187370285,0.0,0.1050701628558153,0.0056855354923219,0.0105678122791927,0.0008121277747698,0.0020710413967431,0.005192955543524,0.0,0.172563246808995,5.6171720077843565e-05,3.975750209698217e-05,0.0,0.172563246808995,0.172483731804801,0.0019373759249232,0.0019373759249232,0.0016595981471455,0.0016595981471455,0.0016595981471455,0.0011040425915899,0.9975282740780846,interfair/studies/requirements/evaluation/confirmation/acs_income/1006/full/audit.npz,f441535f7c6a958d22296f17950b9e6693959ac2b4e9872baaff70e833097634,interfair/studies/requirements/runs/confirmation/acs_income/1006/full/DONE.json,01e68afc3b9e9c525f6a5e2bb43d5df5a9ad220e3d1dd1f5adfe1e126ebbbdad,20,40,114.74929786199937,8fa457efaa41623220321ec188f3abc4124684f396a61c8bc11dab1c0ebde478,7f7ef5e8cc9abdb45167de1f459aa03f53e9281fb0d510a6bb8472c79f09815a,6881280,1680,True,,False,True,35c946a6a96acb7929707af5f353ff7a05ea0703f081f34556d8878c9b34272c,0.08096312668138486,0.04943641717039561,paired fresh 40-epoch fitting; discovery source used only for target selection
acs_income,1007,mlp,broad,interfair/studies/requirements/runs/confirmation/acs_income/1007/full/selected.pt,0.8996057808517874,0.8853510190951235,0.8052815781100859,0.8145735494622027,0.1290796152347836,0.4000859032230119,0.0063087597815684,0.0032895868229091,0.0844711602015187,0.0002704138642498,0.0063087597815684,0.7903137039075399,0.1659946236559139,0.5092284417549168,3305,0.79004329004329,0.1596858638743455,0.424757281553398,3296,0.009789417015622,0.0020884918486434,0.0017111959538436,0.0043614501693897,0.0,0.1139757225858337,0.0044856229629336,0.0117216860062363,0.0052212296216086,0.0020914260255542,0.0046798111050953,0.0,0.189338552306269,3.0988446310099684e-06,6.075179943745722e-06,0.0,0.189338552306269,0.1893264019463815,0.0002777777777777,0.0002777777777777,0.0002777777777777,0.0002777777777777,0.0002777777777777,0.0002777777777777,0.9945009926006136,interfair/studies/requirements/evaluation/confirmation/acs_income/1007/full/audit.npz,4e0d91cba39fafbd97ba271ac0af37755ca7301c31208b84c8fb954d77675e9c,interfair/studies/requirements/runs/confirmation/acs_income/1007/full/DONE.json,7336b30ce886d51983a63de01c8baf323c6254c723683aa4d0a475f6d169e9ba,10,40,116.44032348698238,781ea79489aefa147512cfb88466d3296f3d4fd6ec53dbd8b12c06dc35087eb6,4298082150b7252b5b1e0129caa6ed20fb88590f13f11bf6425d708e69e75c7c,6881280,1680,True,,False,True,e6137caa3549e050a8e3b365afe4adb0fe409709b67bc75aa01385eb09cbba95,0.05425099874176958,0.03449258200813991,paired fresh 40-epoch fitting; discovery source used only for target selection
acs_income,1008,mlp,broad,interfair/studies/requirements/runs/confirmation/acs_income/1008/full/selected.pt,0.8992025207386323,0.8843880887504431,0.8090272373540855,0.8141190728677473,0.1288800161592236,0.3995172741937025,0.013373304058999,0.007553088228902,0.0871406041155647,0.0017328723988051,0.013373304058999,0.8106769400110072,0.1908602150537634,0.5316187594553706,3305,0.8124098124098124,0.1774869109947644,0.4444781553398058,3296,0.0102751972078084,0.0020853132504458,0.0018734133774097,0.0053391926177204,0.0,0.1137493840610099,0.0044649554272682,0.0117890457880753,0.0046727425855742,0.0023657811453568,0.0055131444384286,0.0,0.1979385046911282,0.0,0.0,0.0,0.1979385046911282,0.1979385046911282,0.0,0.0,0.0,0.0,0.0,0.0,0.9953272574144258,interfair/studies/requirements/evaluation/confirmation/acs_income/1008/full/audit.npz,479d48cfc3158b791201c4ecb886011bfe81b99494b4dbd101205294b2e1b278,interfair/studies/requirements/runs/confirmation/acs_income/1008/full/DONE.json,6a0b0510ba1537a9a83b1f9d83760c07f5ec24c19399ed04317cf087551b545e,5,40,117.3839311519987,392f1c237ebbec0eedb2bf5666488748c9d0bdf4f998d507fba2e6929df2c74a,c8f2f26e5b33ad2de241a743f6ec2a878b5be03f5d7d73e5d83efbf09a8ec278,6881280,1680,True,,False,True,87e5d1685b08d6232fa8c5dbbf27f964502f316d037360ec397a9225f21a208e,0.053557732688965715,0.026065272943647265,paired fresh 40-epoch fitting; discovery source used only for target selection
acs_income,1009,mlp,broad,interfair/studies/requirements/runs/confirmation/acs_income/1009/full/selected.pt,0.8990869360445448,0.8842137265701608,0.8151515151515152,0.8151795182548098,0.1287426635824545,0.399690957955199,0.026783201035861,0.0146729889759838,0.0964608455855352,0.0025627769161066,0.026783201035861,0.840946615299945,0.2231182795698924,0.5627836611195158,3305,0.8383838383838383,0.1963350785340314,0.4663228155339806,3296,0.0092597360694507,0.0007749503699693,0.0020232355319952,0.0076143303895698,0.0,0.1184714724271553,0.0053135904433315,0.0113079770104952,0.0019373759249232,0.0026143278569876,0.0079565962822595,0.0,0.1801635532731954,1.9004018464367318e-07,7.973783658887481e-07,0.0,0.1801635532731954,0.1801621207697475,0.0005555555555555,0.0002777777777777,0.0,0.0,0.0,0.0,0.9980626240750768,interfair/studies/requirements/evaluation/confirmation/acs_income/1009/full/audit.npz,d5dbb1844cdecf89eedbb9a292eba86448958bcf84db54c60e094914d3462035,interfair/studies/requirements/runs/confirmation/acs_income/1009/full/DONE.json,3d1a2f7d0ea5b3326ae27c9e58b08740862c6e4d544550436e5fa4611689a67f,10,40,114.5658591320389,2794507395f007c6582a5a5d2e4522f4d357408084388f5374ff9fb999f3b344,96fd7b6e58e0894ede3e6934f486a5cad390ad52fe7548177639223040c48a79,6881280,1680,True,,False,True,6bae2fe84323e4bdca70ca91cba8dcef02a0ebac0285f4c7de85212462ff354d,0.05286259236792885,0.03263030258655911,paired fresh 40-epoch fitting; discovery source used only for target selection
acs_income,1000,mlp,erm,interfair/training/mlp/runs/confirmation/acs_income/1000/erm/selected.pt,0.904852480669884,0.8898984508753679,0.8213478064224333,0.8204817451901227,0.1258612634709433,0.391357870450665,0.090673731914654,0.0686929204085933,0.1512874910036279,0.0467121089025326,0.090673731914654,0.8706659328563566,0.2587365591397849,0.5951588502269289,3305,0.823953823953824,0.1680628272251308,0.4438713592233009,3296,0.1266766600763379,0.6382595282445992,0.0368894431904518,0.1414820024248762,0.0096017269365508,0.1240840391597906,0.0231488943746954,0.2139968762418718,0.8101612224026951,0.0597236101787336,0.1788491848643446,0.0011111111111111,0.2059344069640922,6.371183136215406e-05,2.003082237586576e-05,0.0,0.2059344069640922,0.2059181277354077,0.0072222222222222,0.0016666666666666,0.0016666666666666,0.0002777777777777,0.0013888888888888,0.0002777777777777,0.1895609998195271,interfair/training/mlp/evaluation/acs_income/1000/erm.npz,e370ca7e188e331c908b96598d3f32bdaf4e26ea8a6e60732638579528ae8fae,interfair/training/mlp/runs/confirmation/acs_income/1000/erm/DONE.json,6e1bfff06ac8ae67e3866b2f9b34aa9622d4395389542973a936d439a45dfb42,5,40,14.562578807002865,7d00f417607cba3d2965c934bad356cb807be693ea5a665df5bc59242f0dd8ec,d24b1cc27f3ccf2d0064ce11ea487651833d8c3c444caf16b162be19aa3040fd,0,1680,True,,False,True,2c228f5cf646b5734b28d11dd67e09cfef1364a8a8fa7cc86a7e14a108a30326,0.0,1.3353336565319522e-17,paired fresh 40-epoch fitting; discovery source used only for target selection
acs_income,1001,mlp,erm,interfair/training/mlp/runs/confirmation/acs_income/1001/erm/selected.pt,0.904969535439572,0.8908905956803719,0.8173240525908739,0.8210877139827298,0.1246072922818927,0.3874698288170697,0.0807021617969937,0.0697592835317958,0.1519628615072779,0.0588164052665979,0.0807021617969937,0.8503026967528894,0.2278225806451612,0.5700453857791226,3305,0.7914862914862915,0.1471204188481675,0.4180825242718446,3296,0.1065397210624436,0.6382454165182636,0.0311061587637141,0.1336200802881634,0.0205041671072973,0.1156431615381684,0.0203783633899784,0.1453677415125988,0.6921736449497684,0.0474826631849766,0.1646592071226613,0.0008333333333333,0.192712439160731,5.813772850076863e-05,2.1500271212090693e-05,0.0,0.192712439160731,0.1926832864518139,0.0030555555555555,0.0008333333333333,0.0013888888888888,0.0002777777777777,0.0011111111111111,0.0002777777777777,0.3078263550502316,interfair/training/mlp/evaluation/acs_income/1001/erm.npz,77a148b3a7d1cb7d6a4beb6824974fa46dce2b5c84814f08eb374c5347020c1e,interfair/training/mlp/runs/confirmation/acs_income/1001/erm/DONE.json,cc399e8114c529ab3a9f4b0bef11477d87b84ee6d01a53e1935865853ab7035b,5,40,14.411279696039855,dc7a60470b5e53070f87ee8fc13b095af653b0f1df364122f39c80f5ac018b77,4855c9ae683b17b48c593b5dc85a3409e772a8f792ae0411b283c295b1f6e77a,0,1680,True,,False,True,63c3f265a0d9d3a4de55c8442c2efbfe5ddcef6508c53d0e0a26c02c73ecd98b,0.0,1.2358627651515592e-17,paired fresh 40-epoch fitting; discovery source used only for target selection
acs_income,1002,mlp,erm,interfair/training/mlp/runs/confirmation/acs_income/1002/erm/selected.pt,0.9036268051379878,0.8893001916604152,0.7998056365403304,0.8127556430843812,0.1285881197154615,0.3977198551619902,0.0806154953100467,0.0750829826941496,0.1542039679508835,0.0806154953100467,0.0695504700782525,0.8057237204182719,0.1868279569892473,0.5270801815431165,3305,0.7251082251082251,0.1172774869109947,0.372876213592233,3296,0.0919166934560215,0.5960394968455084,0.0333507984693295,0.1489417746879277,0.0068280331757134,0.121689774523632,0.0197007599760541,0.1283718201447695,0.7231334596643205,0.052707709820746,0.1733360404259158,0.0,0.1996825631885337,2.958994506086141e-05,1.0298943402182104e-05,0.0,0.1996825631885337,0.1996632285152611,0.0016666666666666,0.0008333333333333,0.0008333333333333,0.0005555555555555,0.0005555555555555,0.0002777777777777,0.2763109847801239,interfair/training/mlp/evaluation/acs_income/1002/erm.npz,424ccad3c041a78d8342e8a4816e2cf835dff12982cf405751a1a32bc380251f,interfair/training/mlp/runs/confirmation/acs_income/1002/erm/DONE.json,1357fd40f10a6ddbbcaf45963509c47bd724c3ec30581454e5ee2501a2c4777d,5,40,14.654967916954774,e6c64f6ee2a9d5e14f2812145e01bca264d19f811ac7f3e883c01bb2a1687870,db7bb01fdbe209127a11b7bd1a1346db4a9a0045c37113824c911a176b3c42ac,0,1680,True,,False,True,29d6a930633a45b0c73e96c5aad9f8e62289daa0edfb93e5e3b0b4b5253417e7,0.0,1.2226478593125934e-17,paired fresh 40-epoch fitting; discovery source used only for target selection
acs_income,1003,mlp,erm,interfair/training/mlp/runs/confirmation/acs_income/1003/erm/selected.pt,0.904537241333307,0.8910844782009238,0.8161280200815815,0.8224511437660961,0.1255398702832178,0.3896238311472431,0.069816472442718,0.0663886191051541,0.1486676189357108,0.0629607657675902,0.069816472442718,0.8392955421023666,0.2069892473118279,0.5546142208774584,3305,0.7763347763347763,0.1371727748691099,0.4059466019417476,3296,0.1197296012126403,0.7253704153188398,0.0338635941889086,0.1508850547983598,0.0220915622162128,0.126225211670573,0.0215994452995855,0.1531460491814841,0.7881567707393371,0.0500369255177515,0.1696380015640979,0.0002777777777777,0.1991873200075802,1.862919423551361e-05,8.432226801166498e-06,0.0,0.1991873200075802,0.1991777277680201,0.0019444444444444,0.0002777777777777,0.0008333333333333,0.0,0.0005555555555555,0.0,0.2118432292606629,interfair/training/mlp/evaluation/acs_income/1003/erm.npz,42f115af61bacd40cba902db56420136f1c042079be3b638c5ffa453c89956df,interfair/training/mlp/runs/confirmation/acs_income/1003/erm/DONE.json,0009b64ec326d0eacd63873854d509f793041df35314278e9766966a402cb9fe,5,40,14.850358713010792,e49ba44d89e498116d6d1af5c3ce24a10b77113ba73b10b305c8a040f0612b60,d4615bb7e455fe7d0e6169b26a396c477fc26178eafee07ded8f3e991141aee2,0,1680,True,,False,True,ee989927cf3f1074275a92f38c61d95b4c7a2d38589913874fc55648dfa704ac,0.0,1.265403974388256e-17,paired fresh 40-epoch fitting; discovery source used only for target selection
acs_income,1004,mlp,erm,interfair/training/mlp/runs/confirmation/acs_income/1004/erm/selected.pt,0.9040214285569904,0.8890624250725361,0.8197656954040252,0.8182093622178458,0.1260271005273346,0.3917282499161475,0.0694420987445814,0.0537296351117515,0.1358249305994154,0.0380171714789215,0.0694420987445814,0.868464501926252,0.2526881720430107,0.5912254160363086,3305,0.8304473304473304,0.1832460732984293,0.4554004854368932,3296,0.1080387993599995,0.6445335784205596,0.0289413227451514,0.1218396822589995,0.0169748278183158,0.1134459986241703,0.0185253149167106,0.1440644667514109,0.6789682969379776,0.0450629191051039,0.1556904590025867,0.0002777777777777,0.1907748500725252,2.1324245688776088e-05,1.4103195072583026e-05,0.0,0.1907748500725252,0.1907544736044031,0.0033333333333333,0.0008333333333333,0.0008333333333333,0.0002777777777777,0.0008333333333333,0.0002777777777777,0.3210317030620225,interfair/training/mlp/evaluation/acs_income/1004/erm.npz,ff6e454af4d7f76dbcac6639e891148a1ad72936cac818f78e24ccf154fae1c9,interfair/training/mlp/runs/confirmation/acs_income/1004/erm/DONE.json,430fbfcd37170693ca225d56f28d53b8eb09a9e56afc0f564f87027fd1864cec,5,40,14.547235952981282,fb32c8928726449c2e632145c67bd9e75e3b1418544770c2844c5059fc063a49,03251bd92f75f3d47111c77c28f9a53ce9f422c4a19fc9d38b78cc4ad4695630,0,1680,True,,False,True,586d49c51626f3c213ef0c4db5d4dbcb28e720f80d9b2d7fed34e1805c85285d,0.0,1.2092708922182418e-17,paired fresh 40-epoch fitting; discovery source used only for target selection
acs_income,1005,mlp,erm,interfair/training/mlp/runs/confirmation/acs_income/1005/erm/selected.pt,0.9040756375947578,0.8901094681602568,0.8166184751179425,0.8174519012270868,0.1258639535872341,0.3908715395472637,0.0837344480099082,0.0603002372095688,0.1422235543380873,0.0368660264092294,0.0837344480099082,0.8536048431480462,0.2486559139784946,0.5812405446293495,3305,0.8167388167388168,0.1649214659685864,0.4390169902912621,3296,0.1198056343311453,0.6762416320660074,0.0339805693458484,0.130258503764697,0.0099996172807799,0.1248953976969227,0.0211870105219588,0.1791409012079436,0.7913699392408109,0.0531865012063854,0.1655278830536004,0.0016666666666666,0.2025594928941892,4.343439969736494e-05,3.87688623145905e-05,0.0,0.2025594928941892,0.2025093604930075,0.0036111111111111,0.0011111111111111,0.0022222222222222,0.0005555555555555,0.0016666666666666,0.0002777777777777,0.208630060759189,interfair/training/mlp/evaluation/acs_income/1005/erm.npz,b32eebb433c79f8cfadf5d5acc093d1481785b6a911ee84ca6360619b1ac3772,interfair/training/mlp/runs/confirmation/acs_income/1005/erm/DONE.json,9b6950ff7b0244096b6c2e5e55be84ac307414eb9e1194b9c22056d293bfda46,5,40,16.08287735801423,5b2cec3fa48f8661c5be72ad033524279e98d34a8ab87d644c08979e38de0276,be45707186eb6b3da28c8077c732af0484bd964c70841ca9f56f1499c3270456,0,1680,True,,False,True,c3ac65b80716c9d4613df92cbaf9ef103c3f73a624931dfd793c2f09626c72af,0.0,1.2721735561586959e-17,paired fresh 40-epoch fitting; discovery source used only for target selection
acs_income,1006,mlp,erm,interfair/training/mlp/runs/confirmation/acs_income/1006/erm/selected.pt,0.9041490494950566,0.8885518999318075,0.816988416988417,0.8204817451901227,0.125317444315455,0.3890633868048168,0.0842108596520857,0.081242178236319,0.1628661890633491,0.0782734968205524,0.0842108596520857,0.8596587782058338,0.2318548387096774,0.5770045385779122,3305,0.7813852813852814,0.1476439790575916,0.4141383495145631,3296,0.0765014033265543,0.5122993549548428,0.029568208805697,0.1458291527963291,0.0054697072701544,0.1107346185585907,0.0172485099929134,0.1037798551183501,0.5760195211454009,0.0454824752151489,0.1871118330024664,0.0008333333333333,0.1729260683649864,0.0001868632574439,2.887026844965304e-05,0.0,0.1729260683649864,0.1728861780205872,0.0108333333333333,0.0030555555555555,0.0030555555555555,0.0008333333333333,0.0013888888888888,0.0,0.4237027010768213,interfair/training/mlp/evaluation/acs_income/1006/erm.npz,a75e0d2b05693fbc66919a7ef38ed480cf72f5d45b9041b01e5c4139fe78424d,interfair/training/mlp/runs/confirmation/acs_income/1006/erm/DONE.json,00932a5a86022451d05e91537b08c29804cda24395cf2b8a7d23fef63eaf033b,5,40,14.83990422799252,8fa457efaa41623220321ec188f3abc4124684f396a61c8bc11dab1c0ebde478,7f7ef5e8cc9abdb45167de1f459aa03f53e9281fb0d510a6bb8472c79f09815a,0,1680,True,,False,True,0a2e81eed570a0458753eb0ca91d5be452e8f04c31038352480f6a9af592bbff,0.0,1.1751490109200924e-17,paired fresh 40-epoch fitting; discovery source used only for target selection
acs_income,1007,mlp,erm,interfair/training/mlp/runs/confirmation/acs_income/1007/erm/selected.pt,0.9050538810271492,0.8919208663485465,0.812617702448211,0.8191183154067565,0.1255443930009842,0.3888123779910329,0.0837105218713055,0.0776646481484522,0.1589699337573256,0.0716187744255989,0.0837105218713055,0.8392955421023666,0.2177419354838709,0.5594553706505295,3305,0.7676767676767676,0.1340314136125654,0.4004854368932038,3296,0.1312580153020866,0.7460000815122422,0.0352968122304554,0.1408760219641709,0.0138937165225594,0.1260542249762769,0.0226304471555373,0.1662479505304038,0.7684246225109788,0.0495916216264865,0.1603632015881609,0.0002777777777777,0.189313698093103,1.4534455549516502e-05,5.046165896195563e-06,0.0,0.189313698093103,0.1893062602291551,0.0013888888888888,0.0005555555555555,0.0005555555555555,0.0,0.0005555555555555,0.0,0.2315753774890212,interfair/training/mlp/evaluation/acs_income/1007/erm.npz,db63f623f8698bdda6277f5285da23da17a307a4b9fc1771aea0d95fdb43ac35,interfair/training/mlp/runs/confirmation/acs_income/1007/erm/DONE.json,bbbbf04f9eda2dcec39c27aa14f47a9e57554677204fe428442104bfdb87bd66,5,40,16.0004544230178,781ea79489aefa147512cfb88466d3296f3d4fd6ec53dbd8b12c06dc35087eb6,4298082150b7252b5b1e0129caa6ed20fb88590f13f11bf6425d708e69e75c7c,0,1680,True,,False,True,14dd262e45099120055dd9ed5bc20b7c9d8b649441ca5e64091f31cd61766575,0.0,1.2771330301641325e-17,paired fresh 40-epoch fitting; discovery source used only for target selection
acs_income,1008,mlp,erm,interfair/training/mlp/runs/confirmation/acs_income/1008/erm/selected.pt,0.9042813562990994,0.8899605902939942,0.8152573529411765,0.817300409028935,0.1257147073246652,0.3895798333115011,0.0887511963069301,0.0720169777486146,0.1534517610857336,0.0552827591902991,0.0887511963069301,0.8547055586130985,0.2452956989247312,0.5803328290468986,3305,0.7994227994227994,0.156544502617801,0.426881067961165,3296,0.1038148986795491,0.644104425366061,0.0328710626401623,0.1294331963978335,0.020598371429003,0.1141996606588378,0.0193579098782431,0.1437381985302482,0.7039131023280996,0.0508759200189372,0.1691976478373338,0.0,0.1837985508340094,7.207628323333992e-05,2.4609428575180303e-05,0.0,0.1837985508340094,0.1837508218109075,0.0016666666666666,0.0008333333333333,0.0011111111111111,0.0005555555555555,0.0008333333333333,0.0005555555555555,0.2960868976719004,interfair/training/mlp/evaluation/acs_income/1008/erm.npz,0a63eeb21207bfd1fb4f8704022f7ada510a6f9d8fed23b5aa3006eca923077c,interfair/training/mlp/runs/confirmation/acs_income/1008/erm/DONE.json,bf8aca7ea0f2f05368ed24a0c1a85b31847d5e67ff35d959e8fab6104b0ed2d8,5,40,15.886744048970286,392f1c237ebbec0eedb2bf5666488748c9d0bdf4f998d507fba2e6929df2c74a,c8f2f26e5b33ad2de241a743f6ec2a878b5be03f5d7d73e5d83efbf09a8ec278,0,1680,True,,False,True,90e0580896726a833359b67f5310a74ea80691a7ef11da2de2e18f0c9644aec1,0.0,1.2314851577182332e-17,paired fresh 40-epoch fitting; discovery source used only for target selection
acs_income,1009,mlp,erm,interfair/training/mlp/runs/confirmation/acs_income/1009/erm/selected.pt,0.9055334931918044,0.8925120752746141,0.8131147540983606,0.8186638388123012,0.1250729295292162,0.3874760593384271,0.0814600574227326,0.0762155943290178,0.1574413767019666,0.0709711312353029,0.0814600574227326,0.8436984039625757,0.2217741935483871,0.5636913767019667,3305,0.7727272727272727,0.1403141361256544,0.40625,3296,0.0903452227839493,0.5686784926528343,0.0321554986923166,0.1391173654079173,0.0053747072953333,0.1208119864571373,0.0186127236586162,0.129803485889734,0.6564986765325151,0.049424869941895,0.17271686819467,0.0,0.1884623870291669,2.1065019377072896e-05,8.310368063138778e-06,0.0,0.1884623870291669,0.1884461523743019,0.0013888888888888,0.0008333333333333,0.0008333333333333,0.0002777777777777,0.0002777777777777,0.0002777777777777,0.343223545689707,interfair/training/mlp/evaluation/acs_income/1009/erm.npz,9808badbdc6d385bcd41dc8efff5807a4018d8af96bb93b3fae3852e9c5e695e,interfair/training/mlp/runs/confirmation/acs_income/1009/erm/DONE.json,7746b4ea31e32e3a1c4eccb40b89faec6f3960776df198e846e45ced43ad75f7,5,40,15.949992784007918,2794507395f007c6582a5a5d2e4522f4d357408084388f5374ff9fb999f3b344,96fd7b6e58e0894ede3e6934f486a5cad390ad52fe7548177639223040c48a79,0,1680,True,,False,True,5ac06da2f30f5ce3bf13f748b41eaf91cb4bb4a87feaae18ee2473d61065d042,0.0,1.2703203973191291e-17,paired fresh 40-epoch fitting; discovery source used only for target selection
acs_income,1000,mlp,population_control,interfair/studies/requirements/runs/confirmation/acs_income/1000/population/selected.pt,0.9013309145689454,0.8851070744820022,0.8101185770750988,0.818057870019694,0.1276024041859583,0.3970969399759769,0.0152719135281202,0.0080346285991656,0.0902117635826857,0.0007973436702111,0.0152719135281202,0.8002201430930105,0.1733870967741935,0.5180030257186081,3305,0.7994227994227994,0.1581151832460733,0.4277912621359223,3296,0.0296828100897253,0.1844878985576396,0.0054270330605604,0.0158763943288684,0.0010061486864169,0.1203593082166678,0.0043029116888137,0.0298593584940322,0.189645070083619,0.0057145640716526,0.0134273296035613,0.0,0.2049453552190086,0.0,0.0,0.0,0.2049453552190086,0.2049453552190086,0.0,0.0,0.0,0.0,0.0,0.0,0.8103549299163809,interfair/studies/requirements/evaluation/confirmation/acs_income/1000/population/audit.npz,757d388ebe5a4b6339f62eba6f595178c421cd919fdd5b8421acaec77b864c47,interfair/studies/requirements/runs/confirmation/acs_income/1000/population/DONE.json,9cbe95798453deb5a0847b28ad0275fcfee874f93402b6e41427485491140201,5,40,116.01634022104554,7d00f417607cba3d2965c934bad356cb807be693ea5a665df5bc59242f0dd8ec,d24b1cc27f3ccf2d0064ce11ea487651833d8c3c444caf16b162be19aa3040fd,6881280,1680,True,,False,True,2b9dc39f39471f5c4bd204ac8194082d2d2020bdb3804ffc1d9a5dff2284b439,0.06058339407491818,0.02938071445305248,paired fresh 40-epoch fitting; discovery source used only for target selection
acs_income,1001,mlp,population_control,interfair/studies/requirements/runs/confirmation/acs_income/1001/population/selected.pt,0.8993692824395609,0.8830828891985948,0.8174508636092912,0.8142705650658991,0.1288386713540468,0.4003040878180344,0.0438657602882396,0.0351694601115748,0.1164099334635665,0.02647315993491,0.0438657602882396,0.868464501926252,0.2506720430107527,0.5903177004538578,3305,0.841991341991342,0.206806282722513,0.4739077669902912,3296,0.0288564870526006,0.1763032983721454,0.0073412411720527,0.047626586605252,0.0,0.1127336746089056,0.004402875678925,0.0401418837466531,0.2965696625157913,0.011284383969714,0.0449617999157793,0.0,0.1791569040508382,0.0,0.0,0.0,0.1791569040508382,0.1791569040508382,0.0,0.0,0.0,0.0,0.0,0.0,0.7034303374842086,interfair/studies/requirements/evaluation/confirmation/acs_income/1001/population/audit.npz,0ee906f7b39f42d344670de596932589b3c189e39a0f1f2754873a27608afa5a,interfair/studies/requirements/runs/confirmation/acs_income/1001/population/DONE.json,4aee694963df11ee650a9f333e5529d20b0f74232bdd57112fc4bc43974f5e8c,5,40,116.68490276299417,dc7a60470b5e53070f87ee8fc13b095af653b0f1df364122f39c80f5ac018b77,4855c9ae683b17b48c593b5dc85a3409e772a8f792ae0411b283c295b1f6e77a,6881280,1680,True,,False,True,7cb0f5e4d023febee7915effb49d34f6f91fc3ed3fca00214f1aa224eb18c233,0.05213026976338932,0.03010519458801484,paired fresh 40-epoch fitting; discovery source used only for target selection
acs_income,1002,mlp,population_control,interfair/studies/requirements/runs/confirmation/acs_income/1002/population/selected.pt,0.8989645522508052,0.8836107263591364,0.8045757864632984,0.8136645962732919,0.129842667036101,0.4025592797231889,0.0301427123796655,0.0172046872994985,0.0941633741168868,0.0042666622193314,0.0301427123796655,0.7886626307099615,0.1814516129032258,0.5152798789712557,3305,0.7929292929292929,0.1513089005235602,0.4211165048543689,3296,0.0235443009734739,0.1176062713086164,0.0078329388940268,0.0446347991712194,0.0,0.1270406881014726,0.0060779877404483,0.0339792698955901,0.2330363051194128,0.0122371676011158,0.0488506888046682,0.0,0.2001531972682962,5.5648204543167086e-08,3.045348945714276e-07,0.0,0.2001531972682962,0.2001525881985071,0.0002777777777777,0.0002777777777777,0.0,0.0,0.0,0.0,0.7669636948805871,interfair/studies/requirements/evaluation/confirmation/acs_income/1002/population/audit.npz,7faf74a55b761fe90d9310f8cfc09054c9721e9cd0beb131859216cd85d38dcc,interfair/studies/requirements/runs/confirmation/acs_income/1002/population/DONE.json,c6a26f0ee59e8cd4fa8a6633ae20ffe219759f9a9ea05edae4191681e0db9ed6,5,40,115.41074658103753,e6c64f6ee2a9d5e14f2812145e01bca264d19f811ac7f3e883c01bb2a1687870,db7bb01fdbe209127a11b7bd1a1346db4a9a0045c37113824c911a176b3c42ac,6881280,1680,True,,False,True,4f082c2dab1e7868f5da9b6e65f573a4f1485e3ad19a5b992119aa8de44d1bac,0.0551892330873635,0.02623602687657296,paired fresh 40-epoch fitting; discovery source used only for target selection
acs_income,1003,mlp,population_control,interfair/studies/requirements/runs/confirmation/acs_income/1003/population/selected.pt,0.9027284970663724,0.8901732307704362,0.8118690731110432,0.8136645962732919,0.1266080777750632,0.3923761100696667,0.0547430051230085,0.0422758332335839,0.1231491341450876,0.0298086613441593,0.0547430051230085,0.8414969730324711,0.2311827956989247,0.5667170953101361,3305,0.8116883116883117,0.1764397905759162,0.4435679611650485,3296,0.031894026422448,0.2045011396064263,0.0076862604967909,0.0413062776963957,0.0001117942984907,0.1133670085871365,0.0057055306328914,0.0438446492080775,0.3229705829272694,0.011635801778482,0.0414072369608373,0.0,0.1914794383375213,0.0,0.0,0.0,0.1914794383375213,0.1914794383375213,0.0,0.0,0.0,0.0,0.0,0.0,0.6770294170727306,interfair/studies/requirements/evaluation/confirmation/acs_income/1003/population/audit.npz,42e9102707cb3588520539890b54fb0d65956e3a52a862d3a15e4f17d9970f67,interfair/studies/requirements/runs/confirmation/acs_income/1003/population/DONE.json,890037bc8e600aa22338ee05427bd96ead74ce3be6d711322bb7613d10671371,5,40,116.14851680898573,e49ba44d89e498116d6d1af5c3ce24a10b77113ba73b10b305c8a040f0612b60,d4615bb7e455fe7d0e6169b26a396c477fc26178eafee07ded8f3e991141aee2,6881280,1680,True,,False,True,f3d33d97c0882fe1b952d58c7decd4abe44d1aa81da0f429e848c62b584ef3c1,0.05245483454981081,0.031121083599027755,paired fresh 40-epoch fitting; discovery source used only for target selection
acs_income,1004,mlp,population_control,interfair/studies/requirements/runs/confirmation/acs_income/1004/population/selected.pt,0.8979459736191258,0.8821482647021078,0.810967250571211,0.8119981820936222,0.1291786014842151,0.40194648732681,0.016662814956706,0.0121972381375885,0.0767812816709017,0.016662814956706,0.0077316613184709,0.8238855255916345,0.2103494623655914,0.5476550680786687,3305,0.8405483405483406,0.2026178010471204,0.470873786407767,3296,0.0235018625821061,0.1120602664615725,0.0042538134768334,0.0150096021698802,0.001092139652229,0.1021193039629509,0.0043699475224802,0.03029572490794,0.1944379775010527,0.0055983413208992,0.0156848944233892,0.0,0.1922492946199296,6.283039355557838e-08,4.480588791376528e-07,0.0,0.1922492946199296,0.1922492946199296,0.0005555555555555,0.0,0.0,0.0,0.0,0.0,0.8055620224989473,interfair/studies/requirements/evaluation/confirmation/acs_income/1004/population/audit.npz,081248c4a609f78f99264c73a5157eec15f2e72d5b1821736b754c7783130ca7,interfair/studies/requirements/runs/confirmation/acs_income/1004/population/DONE.json,630ce62c3be8974ac8e58a70724130481197c0ed9e31a19b4a8ef2e6cd78b55f,5,40,115.28554678498767,fb32c8928726449c2e632145c67bd9e75e3b1418544770c2844c5059fc063a49,03251bd92f75f3d47111c77c28f9a53ce9f422c4a19fc9d38b78cc4ad4695630,6881280,1680,True,,False,True,22890cf96e34f0d102b78886a92229df347ca707bb7f52a74f02513d96a1e377,0.059702382581377486,0.033111598885755204,paired fresh 40-epoch fitting; discovery source used only for target selection
acs_income,1005,mlp,population_control,interfair/studies/requirements/runs/confirmation/acs_income/1005/population/selected.pt,0.8997799848104439,0.8857254196078352,0.8111653447223917,0.8124526586880776,0.1287400051274362,0.4000739857776174,0.0192422451162528,0.0143265620461746,0.0861775333049366,0.0094108789760963,0.0192422451162528,0.8260869565217391,0.2150537634408602,0.5509833585476551,3305,0.8354978354978355,0.1958115183246073,0.4648058252427184,3296,0.0235751894901862,0.1173688270355093,0.0039031395261264,0.0146006756040244,0.0,0.1169346489833612,0.0040140673543148,0.0330838056990595,0.2237593996270228,0.0054159739646575,0.0131778259038681,0.0,0.1964317378395503,0.0,0.0,0.0,0.1964317378395503,0.1964317378395503,0.0,0.0,0.0,0.0,0.0,0.0,0.7762406003729772,interfair/studies/requirements/evaluation/confirmation/acs_income/1005/population/audit.npz,190d8bd94b6100a7252d54c9f3d6f76b3143e11c5a33e78e433efbe758108e7e,interfair/studies/requirements/runs/confirmation/acs_income/1005/population/DONE.json,28942e4116c35c6091cfda98f2bf3714c8486e047fde02546e77e59f1fdbdc96,5,40,114.66830952599412,5b2cec3fa48f8661c5be72ad033524279e98d34a8ab87d644c08979e38de0276,be45707186eb6b3da28c8077c732af0484bd964c70841ca9f56f1499c3270456,6881280,1680,True,,False,True,01654a353641d7721baeaadfeb143363046986c9bdd80f607e83459869ed15be,0.051016669752551605,0.02883503606270953,paired fresh 40-epoch fitting; discovery source used only for target selection
acs_income,1006,mlp,population_control,interfair/studies/requirements/runs/confirmation/acs_income/1006/population/selected.pt,0.8997937208293356,0.882694313036915,0.8029836225068915,0.8159369792455688,0.1307826520088065,0.4062194824742322,0.0071058092522044,0.0043315596956288,0.0787636047177709,0.0071058092522044,0.0015573101390531,0.7699504678040726,0.1444892473118279,0.4883509833585476,3305,0.7770562770562771,0.1429319371727748,0.4095873786407767,3296,0.0176693144319404,0.0528125706256213,0.0036818326237858,0.0177009581632548,0.0001117942984907,0.1119911412621594,0.0041783188292327,0.0237912465533714,0.1123832942308849,0.0052469263937538,0.0186202851470853,0.0,0.195522659801857,6.502743747521183e-08,2.7567539860575945e-07,0.0,0.195522659801857,0.1955222050483696,0.0005555555555555,0.0002777777777777,0.0,0.0,0.0,0.0,0.8876167057691151,interfair/studies/requirements/evaluation/confirmation/acs_income/1006/population/audit.npz,3c1941758d384540b007391d615f28d25e0a1717f95c7fc7c7441d51cecd34c9,interfair/studies/requirements/runs/confirmation/acs_income/1006/population/DONE.json,b79a6ada6a9791a779d95557f46a6199534f4a8124c3c0affb8e04508d969046,5,40,114.92965862201527,8fa457efaa41623220321ec188f3abc4124684f396a61c8bc11dab1c0ebde478,7f7ef5e8cc9abdb45167de1f459aa03f53e9281fb0d510a6bb8472c79f09815a,6881280,1680,True,,False,True,0a645de46aac20fba8e73f0db85c97ebab978ddad8d0d5955ca8db5f2f8d80c5,0.06452141596564298,0.03222709804023497,paired fresh 40-epoch fitting; discovery source used only for target selection
acs_income,1007,mlp,population_control,interfair/studies/requirements/runs/confirmation/acs_income/1007/population/selected.pt,0.9022060689498532,0.8875684711330276,0.8126574307304786,0.8197242841993637,0.1268571498623962,0.3943516895909669,0.0154548869463564,0.0150625642298071,0.0826259859289396,0.0154548869463564,0.0146702415132579,0.7991194276279582,0.1754032258064516,0.5183055975794251,3305,0.8145743145743146,0.1607329842931937,0.4356796116504854,3296,0.0314364522036986,0.2070198882863267,0.0052582298131936,0.0228852865418751,0.0,0.1151027645491002,0.0037664261714977,0.0444101586899492,0.3637076640798893,0.0076575738851124,0.0230647295915298,0.0,0.191108216448773,7.95334037309519e-07,1.061500462249645e-06,0.0,0.191108216448773,0.1911060934478485,0.0005555555555555,0.0005555555555555,0.0,0.0,0.0,0.0,0.6362923359201107,interfair/studies/requirements/evaluation/confirmation/acs_income/1007/population/audit.npz,df47c078fc98093fbef188fe89ce1312e92af4b72265cb3eb831e996786ca299,interfair/studies/requirements/runs/confirmation/acs_income/1007/population/DONE.json,da2ce9cdb67bf9b69a016aa47b4acb7354bfb9b41f283c4c2e4279f79e379ea1,5,40,114.78573699604021,781ea79489aefa147512cfb88466d3296f3d4fd6ec53dbd8b12c06dc35087eb6,4298082150b7252b5b1e0129caa6ed20fb88590f13f11bf6425d708e69e75c7c,6881280,1680,True,,False,True,b42a2dfa2dd0dd8734c439fde906d349397936c434d7733495ec336ede8e00b7,0.05476452963995432,0.036746870638586844,paired fresh 40-epoch fitting; discovery source used only for target selection
acs_income,1008,mlp,population_control,interfair/studies/requirements/runs/confirmation/acs_income/1008/population/selected.pt,0.8990445794913062,0.8842945689206025,0.8103636647416887,0.8159369792455688,0.1290226959916085,0.3998717963954062,0.0104662782187693,0.006289182680563,0.0859361000543454,0.0021120871423567,0.0104662782187693,0.8095762245459549,0.1848118279569892,0.5282904689863843,3305,0.8116883116883117,0.1743455497382199,0.4423543689320388,3296,0.0207372064914159,0.0663584540632717,0.0036191243337304,0.0121025217718606,0.0,0.1155501330539321,0.0041307557395283,0.0257722161187941,0.1251540034891415,0.0045563455970326,0.0120949888708416,0.0,0.2001579388998038,0.0,0.0,0.0,0.2001579388998038,0.2001579388998038,0.0,0.0,0.0,0.0,0.0,0.0,0.8748459965108584,interfair/studies/requirements/evaluation/confirmation/acs_income/1008/population/audit.npz,7bf036561930753ca38bdedd735f4bc928796b19ef37ea28a4b70d7eb90175ec,interfair/studies/requirements/runs/confirmation/acs_income/1008/population/DONE.json,77ee07d4632fbb185d40b1186eb8b6f5a853def2e282e4808bbe8bfb6f96a498,5,40,116.02518248697743,392f1c237ebbec0eedb2bf5666488748c9d0bdf4f998d507fba2e6929df2c74a,c8f2f26e5b33ad2de241a743f6ec2a878b5be03f5d7d73e5d83efbf09a8ec278,6881280,1680,True,,False,True,863548181eda675e43be73fe0e83ca3f1acb07b7d6eebcfd84bde98f3bdb7b1c,0.054840844193688,0.026523908197740205,paired fresh 40-epoch fitting; discovery source used only for target selection
acs_income,1009,mlp,population_control,interfair/studies/requirements/runs/confirmation/acs_income/1009/population/selected.pt,0.9019722350496528,0.8877905802457594,0.8105065666041276,0.8163914558400243,0.1268776189421696,0.3942228089477935,0.0368476608680966,0.0251700805760056,0.1068466063481339,0.0134925002839146,0.0368476608680966,0.8150798018712163,0.1975806451612903,0.5370650529500757,3305,0.8015873015873016,0.1607329842931937,0.4302184466019417,3296,0.0245267129610449,0.1307842794074329,0.0070243002736645,0.0432290808725159,0.0,0.1170680997009309,0.0049198701889419,0.0359477158674047,0.2558190459002586,0.0108763120746328,0.0395052036335198,0.0,0.1858632050615306,0.0,0.0,0.0,0.1858632050615306,0.1858632050615306,0.0,0.0,0.0,0.0,0.0,0.0,0.7441809540997413,interfair/studies/requirements/evaluation/confirmation/acs_income/1009/population/audit.npz,7d44d1c20a886d7c62cfc5c36cead12138aeeaabba22df596e50b3f0ee15ef5a,interfair/studies/requirements/runs/confirmation/acs_income/1009/population/DONE.json,65aa079880847e558fafe2b5b1dea30332fe1a3c5e2764840c4ed9fa7dc07b04,5,40,116.5895196539932,2794507395f007c6582a5a5d2e4522f4d357408084388f5374ff9fb999f3b344,96fd7b6e58e0894ede3e6934f486a5cad390ad52fe7548177639223040c48a79,6881280,1680,True,,False,True,f21b300d70ad150d29b772285940afa20ca7f7654ed06aff93d9b09991016438,0.04700864481197881,0.028366211713082512,paired fresh 40-epoch fitting; discovery source used only for target selection
acs_income,1000,mlp,task_control,interfair/studies/requirements/runs/confirmation/acs_income/1000/task/selected.pt,0.904852480669884,0.8898984508753679,0.8213478064224333,0.8204817451901227,0.1258612634709433,0.391357870450665,0.090673731914654,0.0686929204085933,0.1512874910036279,0.0467121089025326,0.090673731914654,0.8706659328563566,0.2587365591397849,0.5951588502269289,3305,0.823953823953824,0.1680628272251308,0.4438713592233009,3296,0.1266766600763379,0.6382595282445992,0.0368894431904518,0.1414820024248762,0.0096017269365508,0.1240840391597906,0.0231488943746954,0.2139968762418718,0.8101612224026951,0.0597236101787336,0.1788491848643446,0.0011111111111111,0.2059344069640922,6.371183136215406e-05,2.003082237586576e-05,0.0,0.2059344069640922,0.2059181277354077,0.0072222222222222,0.0016666666666666,0.0016666666666666,0.0002777777777777,0.0013888888888888,0.0002777777777777,0.1895609998195271,interfair/studies/requirements/evaluation/confirmation/acs_income/1000/task/audit.npz,3696e62cd5b16c7f22c0ac5adc03d4b607c0bef4568840160ec3f5327d151d84,interfair/studies/requirements/runs/confirmation/acs_income/1000/task/DONE.json,62985abf9ef8cab75c7881a911dffae1fcaaa38b6ac81e28c5baf8e44e93a8b3,5,40,115.40728456998477,7d00f417607cba3d2965c934bad356cb807be693ea5a665df5bc59242f0dd8ec,d24b1cc27f3ccf2d0064ce11ea487651833d8c3c444caf16b162be19aa3040fd,6881280,1680,True,,False,True,2c228f5cf646b5734b28d11dd67e09cfef1364a8a8fa7cc86a7e14a108a30326,0.0,1.3353336565319522e-17,paired fresh 40-epoch fitting; discovery source used only for target selection
acs_income,1001,mlp,task_control,interfair/studies/requirements/runs/confirmation/acs_income/1001/task/selected.pt,0.904969535439572,0.8908905956803719,0.8173240525908739,0.8210877139827298,0.1246072922818927,0.3874698288170697,0.0807021617969937,0.0697592835317958,0.1519628615072779,0.0588164052665979,0.0807021617969937,0.8503026967528894,0.2278225806451612,0.5700453857791226,3305,0.7914862914862915,0.1471204188481675,0.4180825242718446,3296,0.1065397210624436,0.6382454165182636,0.0311061587637141,0.1336200802881634,0.0205041671072973,0.1156431615381684,0.0203783633899784,0.1453677415125988,0.6921736449497684,0.0474826631849766,0.1646592071226613,0.0008333333333333,0.192712439160731,5.813772850076863e-05,2.1500271212090693e-05,0.0,0.192712439160731,0.1926832864518139,0.0030555555555555,0.0008333333333333,0.0013888888888888,0.0002777777777777,0.0011111111111111,0.0002777777777777,0.3078263550502316,interfair/studies/requirements/evaluation/confirmation/acs_income/1001/task/audit.npz,f7761ad3c52fcd09bfad5016578c2f5f2cd8f0150c30a169b91429622be963f6,interfair/studies/requirements/runs/confirmation/acs_income/1001/task/DONE.json,1562532305157e096ebeeea0bfd42451f16e787591bb744e7977737a3e9e80ae,5,40,114.78254744102014,dc7a60470b5e53070f87ee8fc13b095af653b0f1df364122f39c80f5ac018b77,4855c9ae683b17b48c593b5dc85a3409e772a8f792ae0411b283c295b1f6e77a,6881280,1680,True,,False,True,63c3f265a0d9d3a4de55c8442c2efbfe5ddcef6508c53d0e0a26c02c73ecd98b,0.0,1.2358627651515592e-17,paired fresh 40-epoch fitting; discovery source used only for target selection
acs_income,1002,mlp,task_control,interfair/studies/requirements/runs/confirmation/acs_income/1002/task/selected.pt,0.9036268051379878,0.8893001916604152,0.7998056365403304,0.8127556430843812,0.1285881197154615,0.3977198551619902,0.0806154953100467,0.0750829826941496,0.1542039679508835,0.0806154953100467,0.0695504700782525,0.8057237204182719,0.1868279569892473,0.5270801815431165,3305,0.7251082251082251,0.1172774869109947,0.372876213592233,3296,0.0919166934560215,0.5960394968455084,0.0333507984693295,0.1489417746879277,0.0068280331757134,0.121689774523632,0.0197007599760541,0.1283718201447695,0.7231334596643205,0.052707709820746,0.1733360404259158,0.0,0.1996825631885337,2.958994506086141e-05,1.0298943402182104e-05,0.0,0.1996825631885337,0.1996632285152611,0.0016666666666666,0.0008333333333333,0.0008333333333333,0.0005555555555555,0.0005555555555555,0.0002777777777777,0.2763109847801239,interfair/studies/requirements/evaluation/confirmation/acs_income/1002/task/audit.npz,888533eea256177c21e636e6a00ef0b4ce5d056aa382f1f6664f0f5e0009be81,interfair/studies/requirements/runs/confirmation/acs_income/1002/task/DONE.json,476ccf3b35698e4b7780981ce523fcbfa3bd8d46564d94aaf575f5d815c529cb,5,40,116.20467336999718,e6c64f6ee2a9d5e14f2812145e01bca264d19f811ac7f3e883c01bb2a1687870,db7bb01fdbe209127a11b7bd1a1346db4a9a0045c37113824c911a176b3c42ac,6881280,1680,True,,False,True,29d6a930633a45b0c73e96c5aad9f8e62289daa0edfb93e5e3b0b4b5253417e7,0.0,1.2226478593125934e-17,paired fresh 40-epoch fitting; discovery source used only for target selection
acs_income,1003,mlp,task_control,interfair/studies/requirements/runs/confirmation/acs_income/1003/task/selected.pt,0.904537241333307,0.8910844782009238,0.8161280200815815,0.8224511437660961,0.1255398702832178,0.3896238311472431,0.069816472442718,0.0663886191051541,0.1486676189357108,0.0629607657675902,0.069816472442718,0.8392955421023666,0.2069892473118279,0.5546142208774584,3305,0.7763347763347763,0.1371727748691099,0.4059466019417476,3296,0.1197296012126403,0.7253704153188398,0.0338635941889086,0.1508850547983598,0.0220915622162128,0.126225211670573,0.0215994452995855,0.1531460491814841,0.7881567707393371,0.0500369255177515,0.1696380015640979,0.0002777777777777,0.1991873200075802,1.862919423551361e-05,8.432226801166498e-06,0.0,0.1991873200075802,0.1991777277680201,0.0019444444444444,0.0002777777777777,0.0008333333333333,0.0,0.0005555555555555,0.0,0.2118432292606629,interfair/studies/requirements/evaluation/confirmation/acs_income/1003/task/audit.npz,3b3e39b9e358c32084fa1f9cd79ca0951c3e903f69a0684d3fd28013f7b2c51e,interfair/studies/requirements/runs/confirmation/acs_income/1003/task/DONE.json,15b777b03b6066a8eddf9f5aa8f46674ae4269080d08def52dff5074f84504cb,5,40,114.81789216597099,e49ba44d89e498116d6d1af5c3ce24a10b77113ba73b10b305c8a040f0612b60,d4615bb7e455fe7d0e6169b26a396c477fc26178eafee07ded8f3e991141aee2,6881280,1680,True,,False,True,ee989927cf3f1074275a92f38c61d95b4c7a2d38589913874fc55648dfa704ac,0.0,1.265403974388256e-17,paired fresh 40-epoch fitting; discovery source used only for target selection
acs_income,1004,mlp,task_control,interfair/studies/requirements/runs/confirmation/acs_income/1004/task/selected.pt,0.9040214285569904,0.8890624250725361,0.8197656954040252,0.8182093622178458,0.1260271005273346,0.3917282499161475,0.0694420987445814,0.0537296351117515,0.1358249305994154,0.0380171714789215,0.0694420987445814,0.868464501926252,0.2526881720430107,0.5912254160363086,3305,0.8304473304473304,0.1832460732984293,0.4554004854368932,3296,0.1080387993599995,0.6445335784205596,0.0289413227451514,0.1218396822589995,0.0169748278183158,0.1134459986241703,0.0185253149167106,0.1440644667514109,0.6789682969379776,0.0450629191051039,0.1556904590025867,0.0002777777777777,0.1907748500725252,2.1324245688776088e-05,1.4103195072583026e-05,0.0,0.1907748500725252,0.1907544736044031,0.0033333333333333,0.0008333333333333,0.0008333333333333,0.0002777777777777,0.0008333333333333,0.0002777777777777,0.3210317030620225,interfair/studies/requirements/evaluation/confirmation/acs_income/1004/task/audit.npz,3512d4f1d1c08fe5e7be0e7c81846b1861788ce41f82d6f4172312e71e13ae14,interfair/studies/requirements/runs/confirmation/acs_income/1004/task/DONE.json,c035a7e39fe6534f16cb4f7d0ee9d2cbf51c19c5814cb9909928677ae4f51967,5,40,115.55423930898542,fb32c8928726449c2e632145c67bd9e75e3b1418544770c2844c5059fc063a49,03251bd92f75f3d47111c77c28f9a53ce9f422c4a19fc9d38b78cc4ad4695630,6881280,1680,True,,False,True,586d49c51626f3c213ef0c4db5d4dbcb28e720f80d9b2d7fed34e1805c85285d,0.0,1.2092708922182418e-17,paired fresh 40-epoch fitting; discovery source used only for target selection
acs_income,1005,mlp,task_control,interfair/studies/requirements/runs/confirmation/acs_income/1005/task/selected.pt,0.9040756375947578,0.8901094681602568,0.8166184751179425,0.8174519012270868,0.1258639535872341,0.3908715395472637,0.0837344480099082,0.0603002372095688,0.1422235543380873,0.0368660264092294,0.0837344480099082,0.8536048431480462,0.2486559139784946,0.5812405446293495,3305,0.8167388167388168,0.1649214659685864,0.4390169902912621,3296,0.1198056343311453,0.6762416320660074,0.0339805693458484,0.130258503764697,0.0099996172807799,0.1248953976969227,0.0211870105219588,0.1791409012079436,0.7913699392408109,0.0531865012063854,0.1655278830536004,0.0016666666666666,0.2025594928941892,4.343439969736494e-05,3.87688623145905e-05,0.0,0.2025594928941892,0.2025093604930075,0.0036111111111111,0.0011111111111111,0.0022222222222222,0.0005555555555555,0.0016666666666666,0.0002777777777777,0.208630060759189,interfair/studies/requirements/evaluation/confirmation/acs_income/1005/task/audit.npz,00eb7bc2648f872e666d0e3315ecf4e219cdf22a1865402ce617584c4de7bca2,interfair/studies/requirements/runs/confirmation/acs_income/1005/task/DONE.json,c3fc766465f6d118d1747632f585cd2c6b62b4766336ab86c353799d19be213a,5,40,114.31635284400545,5b2cec3fa48f8661c5be72ad033524279e98d34a8ab87d644c08979e38de0276,be45707186eb6b3da28c8077c732af0484bd964c70841ca9f56f1499c3270456,6881280,1680,True,,False,True,c3ac65b80716c9d4613df92cbaf9ef103c3f73a624931dfd793c2f09626c72af,0.0,1.2721735561586959e-17,paired fresh 40-epoch fitting; discovery source used only for target selection
acs_income,1006,mlp,task_control,interfair/studies/requirements/runs/confirmation/acs_income/1006/task/selected.pt,0.9041490494950566,0.8885518999318075,0.816988416988417,0.8204817451901227,0.125317444315455,0.3890633868048168,0.0842108596520857,0.081242178236319,0.1628661890633491,0.0782734968205524,0.0842108596520857,0.8596587782058338,0.2318548387096774,0.5770045385779122,3305,0.7813852813852814,0.1476439790575916,0.4141383495145631,3296,0.0765014033265543,0.5122993549548428,0.029568208805697,0.1458291527963291,0.0054697072701544,0.1107346185585907,0.0172485099929134,0.1037798551183501,0.5760195211454009,0.0454824752151489,0.1871118330024664,0.0008333333333333,0.1729260683649864,0.0001868632574439,2.887026844965304e-05,0.0,0.1729260683649864,0.1728861780205872,0.0108333333333333,0.0030555555555555,0.0030555555555555,0.0008333333333333,0.0013888888888888,0.0,0.4237027010768213,interfair/studies/requirements/evaluation/confirmation/acs_income/1006/task/audit.npz,a90f02d5fcae0a3df8d00f216e20b7821bce907eff89fc418a0bcc7b8eb74500,interfair/studies/requirements/runs/confirmation/acs_income/1006/task/DONE.json,909e613203132a4ff3279cbac1322e91f6c7cb607e8d07d5edfa1417b896be6c,5,40,115.82339434296591,8fa457efaa41623220321ec188f3abc4124684f396a61c8bc11dab1c0ebde478,7f7ef5e8cc9abdb45167de1f459aa03f53e9281fb0d510a6bb8472c79f09815a,6881280,1680,True,,False,True,0a2e81eed570a0458753eb0ca91d5be452e8f04c31038352480f6a9af592bbff,0.0,1.1751490109200924e-17,paired fresh 40-epoch fitting; discovery source used only for target selection
acs_income,1007,mlp,task_control,interfair/studies/requirements/runs/confirmation/acs_income/1007/task/selected.pt,0.9050538810271492,0.8919208663485465,0.812617702448211,0.8191183154067565,0.1255443930009842,0.3888123779910329,0.0837105218713055,0.0776646481484522,0.1589699337573256,0.0716187744255989,0.0837105218713055,0.8392955421023666,0.2177419354838709,0.5594553706505295,3305,0.7676767676767676,0.1340314136125654,0.4004854368932038,3296,0.1312580153020866,0.7460000815122422,0.0352968122304554,0.1408760219641709,0.0138937165225594,0.1260542249762769,0.0226304471555373,0.1662479505304038,0.7684246225109788,0.0495916216264865,0.1603632015881609,0.0002777777777777,0.189313698093103,1.4534455549516502e-05,5.046165896195563e-06,0.0,0.189313698093103,0.1893062602291551,0.0013888888888888,0.0005555555555555,0.0005555555555555,0.0,0.0005555555555555,0.0,0.2315753774890212,interfair/studies/requirements/evaluation/confirmation/acs_income/1007/task/audit.npz,e0090bddedba7bd9a826db5a09f92256ea60abc60d7415af8f255ddc24eca659,interfair/studies/requirements/runs/confirmation/acs_income/1007/task/DONE.json,1a166821acc82419c23e563d75ba8bf8c820f6ac6bcb9c1951f53dcc294e12d5,5,40,115.20418325497303,781ea79489aefa147512cfb88466d3296f3d4fd6ec53dbd8b12c06dc35087eb6,4298082150b7252b5b1e0129caa6ed20fb88590f13f11bf6425d708e69e75c7c,6881280,1680,True,,False,True,14dd262e45099120055dd9ed5bc20b7c9d8b649441ca5e64091f31cd61766575,0.0,1.2771330301641325e-17,paired fresh 40-epoch fitting; discovery source used only for target selection
acs_income,1008,mlp,task_control,interfair/studies/requirements/runs/confirmation/acs_income/1008/task/selected.pt,0.9042813562990994,0.8899605902939942,0.8152573529411765,0.817300409028935,0.1257147073246652,0.3895798333115011,0.0887511963069301,0.0720169777486146,0.1534517610857336,0.0552827591902991,0.0887511963069301,0.8547055586130985,0.2452956989247312,0.5803328290468986,3305,0.7994227994227994,0.156544502617801,0.426881067961165,3296,0.1038148986795491,0.644104425366061,0.0328710626401623,0.1294331963978335,0.020598371429003,0.1141996606588378,0.0193579098782431,0.1437381985302482,0.7039131023280996,0.0508759200189372,0.1691976478373338,0.0,0.1837985508340094,7.207628323333992e-05,2.4609428575180303e-05,0.0,0.1837985508340094,0.1837508218109075,0.0016666666666666,0.0008333333333333,0.0011111111111111,0.0005555555555555,0.0008333333333333,0.0005555555555555,0.2960868976719004,interfair/studies/requirements/evaluation/confirmation/acs_income/1008/task/audit.npz,2c5a31d7c423689f76553fbf7df1cb24763d3796cde842d13b0075cb64bba747,interfair/studies/requirements/runs/confirmation/acs_income/1008/task/DONE.json,29b4d82a2cf6dceccd9dc85bc260ef0c7a59661b93ed8d023dd962e25de3d424,5,40,117.32987214298919,392f1c237ebbec0eedb2bf5666488748c9d0bdf4f998d507fba2e6929df2c74a,c8f2f26e5b33ad2de241a743f6ec2a878b5be03f5d7d73e5d83efbf09a8ec278,6881280,1680,True,,False,True,90e0580896726a833359b67f5310a74ea80691a7ef11da2de2e18f0c9644aec1,0.0,1.2314851577182332e-17,paired fresh 40-epoch fitting; discovery source used only for target selection
acs_income,1009,mlp,task_control,interfair/studies/requirements/runs/confirmation/acs_income/1009/task/selected.pt,0.9055334931918044,0.8925120752746141,0.8131147540983606,0.8186638388123012,0.1250729295292162,0.3874760593384271,0.0814600574227326,0.0762155943290178,0.1574413767019666,0.0709711312353029,0.0814600574227326,0.8436984039625757,0.2217741935483871,0.5636913767019667,3305,0.7727272727272727,0.1403141361256544,0.40625,3296,0.0903452227839493,0.5686784926528343,0.0321554986923166,0.1391173654079173,0.0053747072953333,0.1208119864571373,0.0186127236586162,0.129803485889734,0.6564986765325151,0.049424869941895,0.17271686819467,0.0,0.1884623870291669,2.1065019377072896e-05,8.310368063138778e-06,0.0,0.1884623870291669,0.1884461523743019,0.0013888888888888,0.0008333333333333,0.0008333333333333,0.0002777777777777,0.0002777777777777,0.0002777777777777,0.343223545689707,interfair/studies/requirements/evaluation/confirmation/acs_income/1009/task/audit.npz,63c4f18efcd02c2f5c5b13bc534c9e07e0240d2001b8e772dcbe586886e84f42,interfair/studies/requirements/runs/confirmation/acs_income/1009/task/DONE.json,9b81a484b67ca25109ac30ebd482ddf2c05116ba04130fe367bbbcbb4fa4ff94,5,40,114.51444057998015,2794507395f007c6582a5a5d2e4522f4d357408084388f5374ff9fb999f3b344,96fd7b6e58e0894ede3e6934f486a5cad390ad52fe7548177639223040c48a79,6881280,1680,True,,False,True,5ac06da2f30f5ce3bf13f748b41eaf91cb4bb4a87feaae18ee2473d61065d042,0.0,1.2703203973191291e-17,paired fresh 40-epoch fitting; discovery source used only for target selection
acs_income,1000,mlp,witness_augmentation,interfair/studies/requirements/runs/confirmation/acs_income/1000/augmentation/selected.pt,0.8875751415361225,0.869344209843338,0.8025107164727495,0.8045750643841842,0.1461801709383197,0.4741407098785743,0.0429980859089117,0.0343176925370019,0.1128501241132147,0.0256372991650921,0.0429980859089117,0.8293891029168959,0.2325268817204301,0.5606656580937973,3305,0.8037518037518038,0.1895287958115183,0.4478155339805825,3296,0.1231742780211909,0.6636688782079315,0.0324683517188226,0.0891179377008599,0.0049669118696179,0.1548207115043293,0.0203076128106417,0.1706790439794157,0.760077904108765,0.0460859519832109,0.0973529146363472,0.0011111111111111,0.2311093750842103,0.0145420846656829,0.001438890498805,0.0025,0.2311093750842103,0.2282540652239479,0.0233050592552487,0.0186040425915899,0.0163888888888888,0.0136111111111111,0.0138888888888888,0.0119444444444444,0.2351998736690128,interfair/studies/requirements/evaluation/confirmation/acs_income/1000/augmentation/audit.npz,fa4c00dec567f92e816bb9abd12d814f5d3fc7016f8ad24433c8fcc826708b92,interfair/studies/requirements/runs/confirmation/acs_income/1000/augmentation/DONE.json,827e661dfa3195c507644c45c73a8e1a8aee75514b9001bde9e6b13183c32cde,5,40,115.38225371699082,7d00f417607cba3d2965c934bad356cb807be693ea5a665df5bc59242f0dd8ec,d24b1cc27f3ccf2d0064ce11ea487651833d8c3c444caf16b162be19aa3040fd,6881280,1680,False,,False,True,32848d29f0d0f5bd2fc14fc339b95f8458f80d13e36f560498ae8d615ca46693,0.08749660767132571,0.08861793882230251,paired fresh 40-epoch fitting; discovery source used only for target selection
acs_income,1001,mlp,witness_augmentation,interfair/studies/requirements/runs/confirmation/acs_income/1001/augmentation/selected.pt,0.8885864616695243,0.8695909440856102,0.797303652610127,0.8041205877897288,0.1448719275206453,0.4654070411086813,0.0344409728086471,0.0219296981856322,0.1004909448761071,0.0094184235626172,0.0344409728086471,0.7980187121629059,0.2056451612903226,0.5313161875945537,3305,0.7886002886002886,0.1712041884816754,0.4308252427184466,3296,0.0881760247243273,0.5485875705216507,0.0173754986178586,0.0453692793050112,0.0026181706658578,0.1476839373074237,0.0192211643019686,0.107159561528783,0.6095557360283943,0.0219100454217369,0.0447688443722553,0.0016595981471455,0.2118132771175142,0.0076703688137153,0.0009563063949672,0.0005555555555555,0.2118132771175142,0.2099212096936881,0.0219020333273175,0.0182979907357276,0.0152495036996931,0.0124787944414365,0.0135899055525476,0.0113676833303254,0.3837917343439812,interfair/studies/requirements/evaluation/confirmation/acs_income/1001/augmentation/audit.npz,dcbce3f3536806a0a25c89d9792a1bd74b943d12d07d263701a9a3adb7443f06,interfair/studies/requirements/runs/confirmation/acs_income/1001/augmentation/DONE.json,e62b2b11641b7016df6a24454be15ca9fc780e78cfc405cda277ac5ccde4b2b0,5,40,114.89339433697751,dc7a60470b5e53070f87ee8fc13b095af653b0f1df364122f39c80f5ac018b77,4855c9ae683b17b48c593b5dc85a3409e772a8f792ae0411b283c295b1f6e77a,6881280,1680,True,,False,True,f337817851ec971b3c718f4a373407cbcd1793ea900338acb3b462ab622da522,0.09606015508691008,0.09046967191474861,paired fresh 40-epoch fitting; discovery source used only for target selection
acs_income,1002,mlp,witness_augmentation,interfair/studies/requirements/runs/confirmation/acs_income/1002/augmentation/selected.pt,0.8878163258143253,0.8691233920762739,0.7976171813763913,0.8044235721860324,0.14147472745389,0.4544962402851742,0.0708326296233744,0.0531192899995275,0.131395410748645,0.0354059503756807,0.0708326296233744,0.8095762245459549,0.2258064516129032,0.5467473524962179,3305,0.7741702741702742,0.1549738219895288,0.4153519417475728,3296,0.1283571054921232,0.6548800553924252,0.0290317987496248,0.0780530565187275,0.0077411268219227,0.1564045526717776,0.0217396243468852,0.1344167285945706,0.6800178968898514,0.0346512071235555,0.0792457739276905,0.0013606148108043,0.2173830749378234,0.0009395143250991,0.0001108863373655,0.0,0.2173830749378234,0.2171765993969135,0.0177233351380617,0.0119960295975455,0.0060050833182939,0.0030131444384286,0.0029990073993863,0.0019091018468387,0.3186214882993443,interfair/studies/requirements/evaluation/confirmation/acs_income/1002/augmentation/audit.npz,0f3406281daa143756cff2866aa7f11ee8a4e3cf92c886612a47f13bf8ac999e,interfair/studies/requirements/runs/confirmation/acs_income/1002/augmentation/DONE.json,926362b4cdc4e547eafe9c1b90c2ec86e67b4a0180472212ddaf8ad7268f9f08,5,40,117.04131345299538,e6c64f6ee2a9d5e14f2812145e01bca264d19f811ac7f3e883c01bb2a1687870,db7bb01fdbe209127a11b7bd1a1346db4a9a0045c37113824c911a176b3c42ac,6881280,1680,False,,False,True,c43573bb7b0a296d3e12d9366e3add64e977a2c2f3a929575890c366ca6d8a67,0.09136394649467448,0.09326197097324665,paired fresh 40-epoch fitting; discovery source used only for target selection
acs_income,1003,mlp,witness_augmentation,interfair/studies/requirements/runs/confirmation/acs_income/1003/augmentation/selected.pt,0.8870874439556649,0.8677312135427893,0.7936708860759494,0.8024541736100591,0.1470574303216157,0.4752874913953426,0.0398327985137645,0.0359800152104266,0.1135436709604452,0.0321272319070887,0.0398327985137645,0.7969179966978536,0.2016129032258064,0.5288956127080181,3305,0.7647907647907648,0.1617801047120418,0.4153519417475728,3296,0.1006556293369932,0.5995258608476797,0.0234893931022498,0.0578379505169327,0.0028875376214671,0.172882593771503,0.0191192107025441,0.1210495570098466,0.640630752571738,0.026373234077154,0.0515436443481922,0.0002777777777777,0.2112207215637337,0.0026680734015116,0.0004463532609215,0.0005555555555555,0.2112207215637337,0.2103310841549412,0.0147010166636587,0.0119373759249233,0.0088747518498465,0.0074929314804788,0.0074929314804788,0.0058262648138121,0.3577096492811165,interfair/studies/requirements/evaluation/confirmation/acs_income/1003/augmentation/audit.npz,c9919ac9e718053147c637329883fa466f4d35b75c370a46d6bfb111b3fe7fa8,interfair/studies/requirements/runs/confirmation/acs_income/1003/augmentation/DONE.json,bc9fd5d0d4a21034e222d70d1ba855ec5e43a11ce14d4d6f200f7421e6993253,5,40,114.82253823196515,e49ba44d89e498116d6d1af5c3ce24a10b77113ba73b10b305c8a040f0612b60,d4615bb7e455fe7d0e6169b26a396c477fc26178eafee07ded8f3e991141aee2,6881280,1680,False,,False,True,e9218b8054babd37a27a53242f40122d7d28ab73c845ebcb763c0b037d21767e,0.09734559747506792,0.10725662120506978,paired fresh 40-epoch fitting; discovery source used only for target selection
acs_income,1004,mlp,witness_augmentation,interfair/studies/requirements/runs/confirmation/acs_income/1004/augmentation/selected.pt,0.8821354024157384,0.8587903148533275,0.8006669698347734,0.8007877594303894,0.1473730148669057,0.4834848676177886,0.0373719247874796,0.0306488970314129,0.1082784983035412,0.0239258692753463,0.0373719247874796,0.8348926802421573,0.2426075268817204,0.5682299546142209,3305,0.810966810966811,0.2052356020942408,0.4599514563106796,3296,0.1303194249226727,0.6738339372076314,0.0277343429606461,0.0705561901836471,0.0055889803919593,0.1500859289813465,0.0232359921870111,0.1524700558676854,0.6879441135775732,0.0352991396563728,0.07076189616796,0.0013888888888888,0.219979102947628,0.0141239788781302,0.0014497515410033,0.0022222222222222,0.219979102947628,0.2171016835643246,0.0349858629609577,0.027215153702701,0.0213818203693677,0.0177707092582566,0.0163818203693677,0.0141595981471455,0.3048336642002045,interfair/studies/requirements/evaluation/confirmation/acs_income/1004/augmentation/audit.npz,83276726e894a7347cb7c4573db98c28a9ae20dcf7d0cf5eb26d575523346e79,interfair/studies/requirements/runs/confirmation/acs_income/1004/augmentation/DONE.json,d048c38330cf53453a0906f6042da821a266cd323f70510c665dbe68be1c6684,5,40,115.1931821500184,fb32c8928726449c2e632145c67bd9e75e3b1418544770c2844c5059fc063a49,03251bd92f75f3d47111c77c28f9a53ce9f422c4a19fc9d38b78cc4ad4695630,6881280,1680,False,,False,True,ed186af58f016256eb7dfd683d063a914ef67c1bf76b583751566011c820a3ee,0.09410217216467515,0.09122347983636732,paired fresh 40-epoch fitting; discovery source used only for target selection
acs_income,1005,mlp,witness_augmentation,interfair/studies/requirements/runs/confirmation/acs_income/1005/augmentation/selected.pt,0.8783963570056545,0.8583267615853414,0.8045806067816775,0.8009392516285412,0.1547314159251842,0.5507000847202965,0.047429347520126,0.0342111790281698,0.1121648392403389,0.0209930105362136,0.047429347520126,0.8536048431480462,0.2668010752688172,0.589409984871407,3305,0.8326118326118326,0.2193717277486911,0.4772451456310679,3296,0.1944025882819424,0.7951466365022846,0.0377008428038227,0.0774414683918976,0.0134338748178035,0.1537803385732193,0.02057264051986,0.1938642945404528,0.8007274559345485,0.0413223178804973,0.0751709980147987,0.0049222462852674,0.204296388487431,0.0207189495895629,0.0021690786063446,0.0024646574023942,0.204296388487431,0.2000474546502328,0.0522073332130181,0.0393638332430969,0.0368850388016603,0.0267698369728689,0.0314072369608373,0.0229374962401491,0.1940937255609697,interfair/studies/requirements/evaluation/confirmation/acs_income/1005/augmentation/audit.npz,a346de9aa66ad14706075455dcd105416311a8deef053bda948edb8b62c50138,interfair/studies/requirements/runs/confirmation/acs_income/1005/augmentation/DONE.json,4825930c6ce9481aecd5dba065dfc135ad1845973c1a89e783539f1634ed2bb7,10,40,115.95236113894498,5b2cec3fa48f8661c5be72ad033524279e98d34a8ab87d644c08979e38de0276,be45707186eb6b3da28c8077c732af0484bd964c70841ca9f56f1499c3270456,6881280,1680,False,,False,True,885753b751dcd4ee0d00e3982c1a48f2c0858ded74d238f74f7b4630f298035f,0.12377768884197139,0.1178095264437796,paired fresh 40-epoch fitting; discovery source used only for target selection
acs_income,1006,mlp,witness_augmentation,interfair/studies/requirements/runs/confirmation/acs_income/1006/augmentation/selected.pt,0.8903392511839162,0.8732445576018805,0.8045385779122541,0.8042720799878806,0.1400975923339495,0.4491021216015859,0.0866182514214941,0.0710360768003839,0.1491760975573932,0.0554539021792737,0.0866182514214941,0.8541552008805724,0.2688172043010752,0.5906202723146747,3305,0.7987012987012987,0.1821989528795811,0.4414441747572815,3296,0.1091738263921082,0.6533004891256887,0.0313499643825095,0.095957609348675,0.005115848980388,0.1484486133179971,0.0227818221803183,0.1486311385344342,0.7470307706190218,0.0402004727769451,0.093207453528244,0.0059697407206882,0.1958268981786802,0.012450016861184,0.0016847872654715,0.003269716657643,0.1958268981786802,0.1925301437504562,0.0461527702580761,0.034177946219094,0.036294140648499,0.025430427720628,0.0302961258497262,0.021056668471395,0.2466510256873007,interfair/studies/requirements/evaluation/confirmation/acs_income/1006/augmentation/audit.npz,8471d208ddefda255f534ee82e16669e3b8d209db21eab341f1735407d0b064d,interfair/studies/requirements/runs/confirmation/acs_income/1006/augmentation/DONE.json,5c811a247e079c40a5594db6c54d8945086fef3ffa89ba5e58c5a2aac50d5e53,5,40,116.53430920199025,8fa457efaa41623220321ec188f3abc4124684f396a61c8bc11dab1c0ebde478,7f7ef5e8cc9abdb45167de1f459aa03f53e9281fb0d510a6bb8472c79f09815a,6881280,1680,False,,False,True,9f3bb48ff2c00762d507cede4be64a93ca7ffa48ccf6726813b9460378255b4a,0.08657262978260431,0.08749095358011652,paired fresh 40-epoch fitting; discovery source used only for target selection
acs_income,1007,mlp,witness_augmentation,interfair/studies/requirements/runs/confirmation/acs_income/1007/augmentation/selected.pt,0.8854285555202533,0.8644974160019332,0.7938907258699417,0.8016967126193001,0.1485277169397174,0.4853307723340506,0.0483427630467826,0.044448251965369,0.1217114588076319,0.0405537408839554,0.0483427630467826,0.8046230049532196,0.2116935483870967,0.5376701966717096,3305,0.7640692640692641,0.1633507853403141,0.4159587378640776,3296,0.1281678312492499,0.6541102235333337,0.0312347375753221,0.0791890980797933,0.0057967622399155,0.1597006762400147,0.022020675870782,0.1703396969802616,0.7581829393009686,0.0405872166229833,0.0765528183841665,0.000819196294291,0.2353710404845001,0.0023051567411401,0.0005127555962614,0.0013818203693677,0.2353710404845001,0.2343665090874242,0.0129707333213018,0.0091101185104975,0.0077212296216086,0.005242435180172,0.006061631474463,0.0035828370330265,0.2390463514407748,interfair/studies/requirements/evaluation/confirmation/acs_income/1007/augmentation/audit.npz,2bfc188407453572712d8b1e4c0b0318802bf9e5dc50ca85989638baa2c6e2ca,interfair/studies/requirements/runs/confirmation/acs_income/1007/augmentation/DONE.json,919541fb96decaa9112454918d7b51533b4703a684ea7f78cc84d1400cb59816,5,40,115.09924488596153,781ea79489aefa147512cfb88466d3296f3d4fd6ec53dbd8b12c06dc35087eb6,4298082150b7252b5b1e0129caa6ed20fb88590f13f11bf6425d708e69e75c7c,6881280,1680,True,,False,True,3ddd6198a7dc866ac952191b4debdfc0bd3611bad167d3d5fcfa4a5dd291a184,0.09163562088507649,0.09051115880124602,paired fresh 40-epoch fitting; discovery source used only for target selection
acs_income,1008,mlp,witness_augmentation,interfair/studies/requirements/runs/confirmation/acs_income/1008/augmentation/selected.pt,0.8896696317478996,0.868159470574766,0.8095309908007842,0.8086653537342827,0.1458243841472498,0.4823859731604983,0.0456707763328266,0.0294609249240359,0.1094763927852767,0.0132510735152452,0.0456707763328266,0.8436984039625757,0.2446236559139785,0.5739788199697428,3305,0.8304473304473304,0.1989528795811518,0.464502427184466,3296,0.0970415116891969,0.561714167874063,0.0196774577483424,0.0448897257077097,0.002399129145915,0.1625072813048341,0.0125775440780909,0.1218225321809643,0.6395662636106599,0.0245032351083325,0.0422476388136918,0.0005555555555555,0.2292663856246632,0.0042410639558281,0.0002736457422297,0.0002777777777777,0.2292663856246632,0.2287233635919852,0.0175,0.0158333333333333,0.0088888888888888,0.0072222222222222,0.0072222222222222,0.0058333333333333,0.3562670697226734,interfair/studies/requirements/evaluation/confirmation/acs_income/1008/augmentation/audit.npz,8730b9e3da6e99aa515da9dd5ac8db2fb9025606c41b7ce77c2004daa7af773d,interfair/studies/requirements/runs/confirmation/acs_income/1008/augmentation/DONE.json,72cc90b752faa08072205bb4f92d0c9fbea88ff6bab6a1e6e1b10983689a2b3b,5,40,117.42095668701222,392f1c237ebbec0eedb2bf5666488748c9d0bdf4f998d507fba2e6929df2c74a,c8f2f26e5b33ad2de241a743f6ec2a878b5be03f5d7d73e5d83efbf09a8ec278,6881280,1680,True,,False,True,87454b7a1cdc1c126a679c327803309c81d8e6f0337d22e4d907ad965e9f9e42,0.09800238259820376,0.09951584791609827,paired fresh 40-epoch fitting; discovery source used only for target selection
acs_income,1009,mlp,witness_augmentation,interfair/studies/requirements/runs/confirmation/acs_income/1009/augmentation/selected.pt,0.8918831980833154,0.8728384264767147,0.7968304278922346,0.8057870019693986,0.1385464947425814,0.4409138898570326,0.0659539811988904,0.0588752763619853,0.1365746588722589,0.0659539811988904,0.0517965715250802,0.8134287286736379,0.2036290322580645,0.5388804841149774,3305,0.7474747474747475,0.1518324607329843,0.4023058252427184,3296,0.1140437489833557,0.6501182533860572,0.0314753751906838,0.0997868466141768,0.0046285451645411,0.155513753402213,0.0192342104823995,0.1540554129611919,0.7279928412440595,0.0412416615439606,0.1059145461108103,0.0021939481441376,0.2113205848693402,0.0025818581189439,0.0005509127631622,0.0019303074054021,0.2113205848693402,0.2102456259991962,0.0390012332310653,0.0286435962221019,0.0131990314624315,0.0090818444324129,0.0104778018408229,0.007165674066053,0.2679111772844853,interfair/studies/requirements/evaluation/confirmation/acs_income/1009/augmentation/audit.npz,6e78dce36b83c3b6ab21e3352e003d9c31103a77f5e5444851172468cebfe4fd,interfair/studies/requirements/runs/confirmation/acs_income/1009/augmentation/DONE.json,4165fb41192cafe1cce946040249c0287e5c38d67ed7291212677c49a3072b2e,5,40,114.52728954196209,2794507395f007c6582a5a5d2e4522f4d357408084388f5374ff9fb999f3b344,96fd7b6e58e0894ede3e6934f486a5cad390ad52fe7548177639223040c48a79,6881280,1680,False,,False,True,7f5e1f68bf775ecbb47d6517fbaf81535dbc6897f31c92978c688c4542a61b9a,0.07942605450706904,0.08252665767772047,paired fresh 40-epoch fitting; discovery source used only for target selection
credit_broad,1000,mlp,behavior_contexts,interfair/studies/requirements/runs/confirmation/credit_broad/1000/contexts/selected.pt,0.7845586122813584,0.912905337741788,0.8912419594260267,0.8169553630912725,0.1366575292449298,0.4330771188462788,0.0365632568331218,0.0208388797942554,0.0046347818785641,0.005114502755389,0.0365632568331218,0.9600665557404326,0.7182608695652174,0.9015979814970564,2378,0.9651810584958216,0.6816976127320955,0.9062327633756204,3626,0.0132607705107779,0.0191162919960952,0.0017745633366076,0.0074463680547628,2.494449849085784e-05,0.0185233287811177,0.0012802185143789,0.0138974531436005,0.0203527176516141,0.0018285496391133,0.0072973931201286,0.0,0.0187937439021767,6.95378447244968e-06,2.412081049736382e-05,8.58663918942126e-05,0.0187937439021767,0.018750436802971,0.0182147875324335,0.0097059005511483,0.0012881776534695,0.0007728450183657,0.0002578648788035,8.595495960116899e-05,0.9783591046949164,interfair/studies/requirements/evaluation/confirmation/credit_broad/1000/contexts/audit.npz,d59951413cf86e910a38586f1e9894ffe5d24376f633c97cb36cae91c33c7cf0,interfair/studies/requirements/runs/confirmation/credit_broad/1000/contexts/DONE.json,4e7655e18f9b73e8f64c1e989d74bfcffbfdd3ba859e6f0d1cce543ebe783040,10,40,59.57053540600464,bc86ef45e5297ea8b2cc51dcc90b4ba8ea85271a53be50e4d8cc8316928bdee0,70f21a07bb4832c2e2b22c8d32f8de76f7cc41124e3dc956fe990c9a24594135,6389760,1560,False,,False,True,e9eb21eb96064d738d30f740a733616c42c8e70bee8265f6fbadadfbe99a9137,0.03166423055901493,0.006709438271831507,paired fresh 40-epoch fitting; discovery source used only for target selection
credit_broad,1001,mlp,behavior_contexts,interfair/studies/requirements/runs/confirmation/credit_broad/1001/contexts/selected.pt,0.7846853611134583,0.9132178221867971,0.8888455157607105,0.8102931379080613,0.1362709249737587,0.4325998052274052,0.0262276554030677,0.0132646518463744,0.0013216388321518,0.0003016482896811,0.0262276554030677,0.9739323349972268,0.7808695652173913,0.9272497897392769,2378,0.974233983286908,0.7546419098143236,0.9285714285714286,3626,0.0120153581403828,0.0072874976229247,0.001820638288047,0.0082122955813839,0.0,0.0200676994689721,0.0009576004814005,0.0119310040307567,0.0047216928212767,0.0018545857950543,0.0072941216105849,0.0,0.0216261791380466,4.947432395091176e-06,3.1074374427145106e-05,8.608815426997245e-05,0.0216261791380466,0.0215654389257988,0.0160737983364018,0.0116907915233154,0.0014608382960564,0.0005152432519657,8.608815426997245e-05,8.608815426997245e-05,0.9938174688826668,interfair/studies/requirements/evaluation/confirmation/credit_broad/1001/contexts/audit.npz,9d0488c5a0d7e100f71e51a05e72475f7450b4764418d7ce58c1698258486d50,interfair/studies/requirements/runs/confirmation/credit_broad/1001/contexts/DONE.json,155733a39f344158ce1b40a778ccfe34c87f2c194077e8305a08fde9ef161e67,15,40,60.46890217001783,969fc55d49b000e87c9ffd5e34a57330bb71b821dfd88e441b659a1671513746,2b6c612e85b34b1f593a36069144a23720b75883e7eba6dc49bad429e4dedd8f,6389760,1560,True,,False,True,81b4d19847a728a3890da4ba75515e16489ce93e7e7b96c45f705af8952fbbaa,0.04344376889597782,0.0145915361423864,paired fresh 40-epoch fitting; discovery source used only for target selection
credit_broad,1002,mlp,behavior_contexts,interfair/studies/requirements/runs/confirmation/credit_broad/1002/contexts/selected.pt,0.7848986210531823,0.9143855092930104,0.8927328760314146,0.820286475682878,0.1352441318536322,0.430602930651659,0.0032965021157865,0.0019630936366039,0.0121415419985646,0.0032965021157865,0.0006296851574212,0.9584026622296172,0.6730434782608695,0.8894028595458369,2378,0.961699164345404,0.6724137931034483,0.9015444015444016,3626,0.0136015124686892,0.0129102930616077,0.0021084236991779,0.0114933055522882,7.493846969031517e-05,0.0213222051051053,0.0009908451472466,0.0130896371138948,0.0122758374950454,0.0019619258665482,0.0115859572744713,0.0,0.0187813327582668,2.257517765719257e-05,6.514842580234618e-05,0.0001719099192023,0.0187813327582668,0.0186616534162776,0.0304178527982502,0.0178738164564864,0.0053290303598585,0.0023206067738176,0.0007735946364105,0.0001719099192023,0.9825670420642982,interfair/studies/requirements/evaluation/confirmation/credit_broad/1002/contexts/audit.npz,efb161aadfb0695ca90430f6bc0585934da26dd6321aae0998dd019eb7ecfb9b,interfair/studies/requirements/runs/confirmation/credit_broad/1002/contexts/DONE.json,2876466ad6a7c450cd9c73bada0edee542d0a6d9830a4af121ddf3bdc3e8dd9e,10,40,59.432892051001545,b6fd8f1924dbfa6985f7ffbb91a2cafe9e54faba5a18e3b60fa7e1ded857d04b,522b610016b01c9039b3a8e3b8ec418352621ee20e061a08d5ec6eca83f02c9f,6389760,1560,True,,False,True,d1cc966d60b7feb4b1dbdbf79178dc4bb7d93a5e984a09579e1d7e7f6288e527,0.032045947798308806,0.007924925634420972,paired fresh 40-epoch fitting; discovery source used only for target selection
credit_broad,1003,mlp,behavior_contexts,interfair/studies/requirements/runs/confirmation/credit_broad/1003/contexts/selected.pt,0.7826803957782579,0.9131334506766412,0.8919345296785643,0.8174550299800133,0.137604446895324,0.4354881028469387,0.0293437896436397,0.0161969374233644,0.0043942519612349,0.0030500852030892,0.0293437896436397,0.9656128674431504,0.7269565217391304,0.907905803195963,2378,0.9686629526462396,0.6976127320954907,0.912300055157198,3626,0.0132062690342455,0.0159039970044172,0.0018408446914859,0.0085563583625435,4.9643174641816144e-05,0.0186081620116706,0.0010956903536212,0.0146932918265094,0.0291069344380987,0.0019773251301949,0.008238302469961,0.0,0.0171437873295472,7.732001561675383e-06,4.98760476781706e-05,8.608815426997245e-05,0.0171437873295472,0.0170517085814169,0.0346241669639165,0.0208748765509332,0.0019778997256527,0.0007734634993318,0.0003440866392603,0.0001721763085399,0.9690873421447884,interfair/studies/requirements/evaluation/confirmation/credit_broad/1003/contexts/audit.npz,27902d0f54f99fdcddba7eca0d76b80e353bd23ba9ee3ba98e035e10b9d3ae6c,interfair/studies/requirements/runs/confirmation/credit_broad/1003/contexts/DONE.json,d2490ea03e57985cd09f32b9d8dbdca9373c19c8c8d78ba65f7547665c8669cd,5,40,60.28070253500482,b02d0aa4ee335cf779c42ad6aca7ca7596a76b04cf336294e4ecbb6c93c9f0fc,d8e05a9fa3bace941a264678ab28664f6b568f4f5c8d08a5a56dd97821dd2d7a,6389760,1560,True,,False,True,3541bc76beaf8588e25bc62b55d54c7b33a754ab7b316b5e55ddc9192a1d1290,0.04314805879379156,0.016638466431152247,paired fresh 40-epoch fitting; discovery source used only for target selection
credit_broad,1004,mlp,behavior_contexts,interfair/studies/requirements/runs/confirmation/credit_broad/1004/contexts/selected.pt,0.7867790103934043,0.914434375519858,0.8927335640138409,0.8192871419053964,0.1353009704912161,0.4300683716981897,0.0116272632914311,0.0073001474650634,0.008785256652612,0.0029730316386956,0.0116272632914311,0.963948973932335,0.7026086956521739,0.9007569386038689,2378,0.9669220055710308,0.6909814323607427,0.909542195256481,3626,0.0123062128760615,0.008517617885112,0.0017105650229303,0.0022507667707667,0.0,0.0216917040371364,0.0011691881510972,0.0119158827843476,0.0093538569465981,0.0015718379714622,0.0017165834128074,0.0,0.0225622148189825,5.7087923962798e-06,3.929283975022662e-05,0.0,0.0225622148189825,0.0224875479441818,0.021261274098133,0.0143158700689034,0.0025709271480946,0.0011993986209014,0.0003426284708948,0.0002570706337969,0.9880752159053072,interfair/studies/requirements/evaluation/confirmation/credit_broad/1004/contexts/audit.npz,4b3bb3a33f39d04c7a7d8da140519b2cc45941aabf88fbf84bb879e9b4eaab2f,interfair/studies/requirements/runs/confirmation/credit_broad/1004/contexts/DONE.json,8cb0322d8a8a63eb7b208687a1c2db8a14be4b42f698ce8a39dcacd966f8a394,15,40,60.57623898395104,4511e023320411178e241e52ea84dde6915b1fc152ba077a699b998614c92b05,70b1a5e4c9834faf8c4a0bb722fef34532f1ce11c7fb49a940c0daf80c192d22,6389760,1560,True,,False,True,a65e37db7e7b10a43c53b3e8069bbb017d78cedee292d710f1fe3a6c529d3795,0.03147449768145591,0.009139003869025948,paired fresh 40-epoch fitting; discovery source used only for target selection
credit_broad,1005,mlp,behavior_contexts,interfair/studies/requirements/runs/confirmation/credit_broad/1005/contexts/selected.pt,0.7801315773590373,0.914340278581813,0.8922832771275541,0.8191205862758161,0.1378071710050456,0.4358409863290393,0.0042763762654937,0.0025741240109615,0.01291416027689,0.0042763762654937,0.0008718717564294,0.9595119245701608,0.6834782608695652,0.892767031118587,2378,0.9637883008356546,0.6843501326259946,0.9056811913954772,3626,0.0107764934042518,0.002295849957011,0.0015835270315122,0.0045514281679635,0.0,0.0211673239250377,0.0008989197673478,0.0103755436376935,0.0023197685512083,0.0015132613480163,0.0044630366717608,0.0,0.0195249636074426,7.616869629071e-06,5.54575627571184e-05,0.0001719545461641,0.0195249636074426,0.0194171355951448,0.0355015580072315,0.0250137891309156,0.0024926990348039,0.0018052804341536,0.0004294223024644,0.0003438644653665,0.9951875324139876,interfair/studies/requirements/evaluation/confirmation/credit_broad/1005/contexts/audit.npz,9d498eaf06233071473fb2ea9248b89a2c027296a5500e49926be15d61b2a7b7,interfair/studies/requirements/runs/confirmation/credit_broad/1005/contexts/DONE.json,5d157985d1cb62f91748a3cf3a5f61869cb5b78b12934940fb5c06e6c1563339,5,40,59.69413869502023,46e8d9dfcea48ba8907ad26aedbbce9958825e3b062e5d591409812dd4b55b4f,193148458da479db5aaa882da3d6770d0c3d4e92ef6116bc6ad64026d429d65e,6389760,1560,True,,False,True,01a12a99a0f7f74e5055e245efea8d2f05f5db0b61aaf25370e3521d98c33784,0.059459735233683274,0.018528528440573788,paired fresh 40-epoch fitting; discovery source used only for target selection
credit_broad,1006,mlp,behavior_contexts,interfair/studies/requirements/runs/confirmation/credit_broad/1006/contexts/selected.pt,0.7835065567372035,0.91144487578619,0.8909306461173682,0.8161225849433711,0.1376540418152711,0.4365355571018121,0.0219743974166762,0.0114291462825605,0.0044489916531248,0.0008838951484448,0.0219743974166762,0.963948973932335,0.7182608695652174,0.9045416316232128,2378,0.96483286908078,0.6962864721485411,0.9089906232763376,3626,0.0097244107744205,0.0008647346024948,0.0014345360573331,0.0127609165126038,2.469867615095831e-05,0.0181399924367462,0.0010411630523007,0.0095388808378273,0.0006011534477857,0.0014142168766565,0.0134735595420051,0.0,0.0190883953204428,3.830208919459796e-06,1.7198769154798724e-05,0.0002572038284657,0.0190883953204428,0.0190554813519145,0.0132415182947501,0.0086880425610378,0.0007741298765888,0.000430307576681,0.0,0.0,0.9986247166756256,interfair/studies/requirements/evaluation/confirmation/credit_broad/1006/contexts/audit.npz,1c32dbfa9203cd1b5e2255d7406afe80c686c4e74694450342880e7a005b9cc2,interfair/studies/requirements/runs/confirmation/credit_broad/1006/contexts/DONE.json,1661003fcac8f7c31137852a19dd4024f55a71e876ae9bb619f4b0f5152e2564,5,40,59.664549080014694,55639135e87dfba70350572d190119063fac8d262050d1ebd98ae47f7bc33aed,0f8ae1b32a3301344809040b26b3b38a203615f4fdaa3a8432c111e285f4b8e9,6389760,1560,True,,False,True,6fe28d8a3ada16ca1797a7780bc45a12c54b265547188643a66bdcd64a08293b,0.06999036941351809,0.02690067361969546,paired fresh 40-epoch fitting; discovery source used only for target selection
credit_broad,1007,mlp,behavior_contexts,interfair/studies/requirements/runs/confirmation/credit_broad/1007/contexts/selected.pt,0.7889513646624258,0.9167015798363304,0.8919399446858949,0.8177881412391739,0.1349883658885081,0.4282992484728908,0.0242140468227425,0.013593539230719,0.0056968710699336,0.0029730316386956,0.0242140468227425,0.963948973932335,0.7165217391304348,0.904121110176619,2378,0.9669220055710308,0.6923076923076923,0.9098179812465528,3626,0.0108972133833568,0.0035536312922164,0.001488622129047,0.0025955641543574,2.467308166790032e-05,0.0223025148562592,0.0013831162216205,0.0100622597294736,0.0029133246449304,0.0013805939963693,0.0026608115898245,0.0,0.0227721280503115,1.6128152665006144e-05,5.7875063627419526e-05,0.0001716885683446,0.0227721280503115,0.0226593179792248,0.025749295039468,0.0177667470577207,0.003690982166229,0.0024889348248832,0.0007726655658731,0.0006010212129723,0.9933956931888404,interfair/studies/requirements/evaluation/confirmation/credit_broad/1007/contexts/audit.npz,cc9941d2053cae70a12050c1fb2af0c829a97e1fcd3d64d4880723434901b56b,interfair/studies/requirements/runs/confirmation/credit_broad/1007/contexts/DONE.json,3883d2f5ed557f1e9fef18b2c99aba0d61116ad16507a8f70b3d77a4baad0e8b,20,40,59.96217573998729,bc16e4d450dcf0de3c8cf997e42502841ccf992fb3ea383ccdec3165496bb225,d15448f869e516d10695d558dd9bf05c80def7b78618fcd18fe40f67424be1e0,6389760,1560,True,,False,True,0a2274bc8c31bc6a0d0cec01d18991d046765b5ce4eaeb15b4b018c8e9e1e6aa,0.05714972413770711,0.031552043725455205,paired fresh 40-epoch fitting; discovery source used only for target selection
credit_broad,1008,mlp,behavior_contexts,interfair/studies/requirements/runs/confirmation/credit_broad/1008/contexts/selected.pt,0.7804600781416611,0.9112704899858998,0.8846673095467695,0.8007994670219853,0.139512143124394,0.4400287222115795,0.0693299504094107,0.0359915903941837,0.0128018975189466,0.0026532303789568,0.0693299504094107,0.9828064337215752,0.8730434782608696,0.9562657695542472,2378,0.9801532033426184,0.8037135278514589,0.9434638720353006,3626,0.012602305061194,0.0090273378129569,0.0019243134774448,0.0149555814912318,0.0,0.0182639460567901,0.0012963004611802,0.0132462046298627,0.0126314670069946,0.0020066658107484,0.0142466296894206,0.0,0.0180314946140283,4.076325043107358e-06,2.8373043623494256e-05,0.0,0.0180314946140283,0.0179779840122822,0.0228272256742338,0.0155326769757081,0.0012015104703055,0.0005149330587023,8.582217645039477e-05,0.0,0.9861670225226996,interfair/studies/requirements/evaluation/confirmation/credit_broad/1008/contexts/audit.npz,1f88d0cc6e87112066867c3a1127ecc516623e2687891ee7163f0958b7dcbe16,interfair/studies/requirements/runs/confirmation/credit_broad/1008/contexts/DONE.json,63685812bb6d6cde01e207f803466a7d0f55d19fcb8ba64c6a4ead2740472284,5,40,58.89554177504033,733bb11b21a9275c42ce5c287ad16113901b0b8f4f31f0b6b6ede38b85476c32,9d21a91e2a77d5bb3263038e13d2bbf5595d79df7eefbe957193fc116e60143c,6389760,1560,True,,False,True,f3ca706d3c6e2d0a0e0b83d94e51f16dccb5aa60892a3be2b1a382acbdd5fa54,0.03828951286425626,0.006189306798804331,paired fresh 40-epoch fitting; discovery source used only for target selection
credit_broad,1009,mlp,behavior_contexts,interfair/studies/requirements/runs/confirmation/credit_broad/1009/contexts/selected.pt,0.7811935313834133,0.9097329358558812,0.8940940940940941,0.823784143904064,0.1359997938803188,0.4332385572589087,0.0193887671548841,0.0134841057520287,0.0209646061502363,0.0075794443491734,0.0193887671548841,0.9506378258458126,0.6278260869565218,0.8725820016820858,2378,0.958217270194986,0.6472148541114059,0.8935466078323221,3626,0.0115224625285006,0.0043194873084451,0.0016589934139789,0.0035375762600273,0.0,0.0197107025752196,0.0014065530111894,0.0112332603176182,0.0048053032628794,0.0015196840977865,0.0031755239283868,0.0,0.0181180868036226,2.1470053336909416e-05,5.8819891192575344e-05,0.0,0.0181180868036226,0.0180049599881573,0.0344582552954228,0.0238903904892901,0.003094378545642,0.0016331442324222,0.0004297747980058,0.0001719099192023,0.9921003181914786,interfair/studies/requirements/evaluation/confirmation/credit_broad/1009/contexts/audit.npz,226364e269abbdb8c4344599477111345773aad58abbf86ad5e0a7ef2c1794c5,interfair/studies/requirements/runs/confirmation/credit_broad/1009/contexts/DONE.json,419953c8669a2b4c01742624c8e41f543d955c92aee9bd12799ffe30c45ac2ea,5,40,59.356025994056836,b724d46a46516d2347887c39b000cf71009aef08e6c8f1e66a94dba14b8ba76d,8c4799015dfdf80c447365b73462efea19f6ce5f721e395cb652af1065a18909,6389760,1560,True,,False,True,ef23104b4ac5eb829b3c84efef27f40ebcd9f3d094e0c2186c0e8bcdf64db3b0,0.03134111841674783,0.01083244784692525,paired fresh 40-epoch fitting; discovery source used only for target selection
credit_broad,1000,mlp,behavior_features,interfair/studies/requirements/runs/confirmation/credit_broad/1000/features/selected.pt,0.7848562909670331,0.9135165116856888,0.8911397384206904,0.8156229180546303,0.1361014951874911,0.4316562329507251,0.0347987544689193,0.0194143569108578,0.0034847844531853,0.0040299593527963,0.0347987544689193,0.966722129783694,0.7443478260869565,0.9129520605550884,2378,0.9707520891364902,0.7095490716180372,0.9164368450082736,3626,0.0116264874001193,0.0081255660863203,0.0016904181550073,0.0071156594839061,0.0,0.0194793513993849,0.0011319807478449,0.0112590722641359,0.0064348967264209,0.0016215593766678,0.0073819810389793,0.0,0.0212583205749995,2.1557223520180436e-05,4.819239709531304e-05,0.0,0.0212583205749995,0.0211655811001787,0.0213609215648982,0.014842462393056,0.0025707087994723,0.0015409685074371,0.0005989048596851,0.0002566735112936,0.9909943944741068,interfair/studies/requirements/evaluation/confirmation/credit_broad/1000/features/audit.npz,674136bbfd80fa69334358a70cd2c17b405ef5d2d638a63f6c7d8cd2f912b58d,interfair/studies/requirements/runs/confirmation/credit_broad/1000/features/DONE.json,ff2b822d6f4de97c4f04c63b2eefbdf34a59fac02ec2b197dc68d87ba3741f82,15,40,61.29914498102153,bc86ef45e5297ea8b2cc51dcc90b4ba8ea85271a53be50e4d8cc8316928bdee0,70f21a07bb4832c2e2b22c8d32f8de76f7cc41124e3dc956fe990c9a24594135,6389760,1560,False,,False,True,f813af3054d04db2f3efecb399251736b465ecadc31eb653958db83a6d8a3144,0.034064399834729794,0.00956531896518228,paired fresh 40-epoch fitting; discovery source used only for target selection
credit_broad,1001,mlp,behavior_features,interfair/studies/requirements/runs/confirmation/credit_broad/1001/features/selected.pt,0.7848568542951758,0.9133635015391688,0.8898007033997656,0.8121252498334444,0.1361177970917673,0.4322709006100775,0.0285549532925843,0.0144283007911327,0.0010732226880251,0.0003016482896811,0.0285549532925843,0.9739323349972268,0.7739130434782608,0.9255677039529016,2378,0.974233983286908,0.7453580901856764,0.9266409266409268,3626,0.0096932458340222,0.0011857645039671,0.0014988164448006,0.0074948931965553,0.0,0.0196963499448837,0.0009915084786869,0.0090207323181499,0.0004295534471481,0.0014334059502336,0.0063484370849513,0.0,0.0206061903690305,1.1916999741287404e-05,5.705334546535583e-05,0.0003437758976595,0.0206061903690305,0.0204949388711493,0.0249196247406069,0.018132960859023,0.0039525640438191,0.0024053256249429,0.0003435988990649,0.0001716885683446,0.9956178825090328,interfair/studies/requirements/evaluation/confirmation/credit_broad/1001/features/audit.npz,f34985a74d719e647a9cf1c654806644dd9c6cc38e1616de50d0a6d3a3a76213,interfair/studies/requirements/runs/confirmation/credit_broad/1001/features/DONE.json,ee2ef1b3e03c5f6089b2b237f739355f1b02d5f0955105049b1e09120e4986bd,15,40,60.648245471005794,969fc55d49b000e87c9ffd5e34a57330bb71b821dfd88e441b659a1671513746,2b6c612e85b34b1f593a36069144a23720b75883e7eba6dc49bad429e4dedd8f,6389760,1560,True,,False,True,c922b0235618cd6d2dceceda4ce208e7aa4e492914b597647f058e5f60116e07,0.043406210749278695,0.014770877111865421,paired fresh 40-epoch fitting; discovery source used only for target selection
credit_broad,1002,mlp,behavior_features,interfair/studies/requirements/runs/confirmation/credit_broad/1002/features/selected.pt,0.7853768061708575,0.91438230900935,0.8923931369632054,0.8192871419053964,0.1349236146424946,0.4292841674984679,0.0113896897704993,0.0080071277255174,0.0104047165202998,0.0046245656805354,0.0113896897704993,0.9595119245701608,0.6904347826086956,0.8944491169049622,2378,0.9641364902506964,0.6790450928381963,0.904853833425262,3626,0.0118003798081931,0.0082010384339453,0.0017844152827264,0.0058114963800342,4.93717445505937e-05,0.0229019989083061,0.0011864329506933,0.0103386826585635,0.005406329032623,0.0015004932409667,0.0048058844545648,0.0,0.0223430325104049,4.5305307819336095e-05,9.94243449701924e-05,0.0,0.0223430325104049,0.0221491046684401,0.0374335060605337,0.0280734213394463,0.0080755788395343,0.0056702092890563,0.001546131923016,0.0004299079926746,0.9865180921278428,interfair/studies/requirements/evaluation/confirmation/credit_broad/1002/features/audit.npz,58953259cbddfe121ae79aa172fe0e56469d1e72a84b56f730e6e888abf40aee,interfair/studies/requirements/runs/confirmation/credit_broad/1002/features/DONE.json,f74e0aae764ceed9ca310c3d4bf8383c633554b487cbe00011a2b153a3209b9f,20,40,60.52687220601365,b6fd8f1924dbfa6985f7ffbb91a2cafe9e54faba5a18e3b60fa7e1ded857d04b,522b610016b01c9039b3a8e3b8ec418352621ee20e061a08d5ec6eca83f02c9f,6389760,1560,True,,False,True,4101a56c9b63c25c6c4aed7824f325182aaf0017b4452616339e0c85b7b34a07,0.03272978620286724,0.009928306516476179,paired fresh 40-epoch fitting; discovery source used only for target selection
credit_broad,1003,mlp,behavior_features,interfair/studies/requirements/runs/confirmation/credit_broad/1003/features/selected.pt,0.7827170925829803,0.9129756050818394,0.8921800947867299,0.8181212524983345,0.1372820463252077,0.4347723410253836,0.0198223964940605,0.0119199981889407,0.0074963224668859,0.0040175998838209,0.0198223964940605,0.963948973932335,0.7147826086956521,0.9037005887300252,2378,0.967966573816156,0.6949602122015915,0.9111969111969112,3626,0.0114790669643443,0.0055332275676776,0.001624755563182,0.0076194228879469,2.5049472708599484e-05,0.0184324512665961,0.0009297259012995,0.0117968146364688,0.0076435530802821,0.0016087232549985,0.0062605829845362,0.0,0.0164738268090898,5.421095088088648e-06,3.658046700738073e-05,0.0001721763085399,0.0164738268090898,0.0164054865439973,0.028266837221918,0.0175279613789816,0.0012902584027712,0.0005165289256198,8.608815426997245e-05,0.0,0.9910661885169466,interfair/studies/requirements/evaluation/confirmation/credit_broad/1003/features/audit.npz,83dc8b757e6cb849d62116aaf280cc0a2064a3ad73c98ebee1925146d746c4fe,interfair/studies/requirements/runs/confirmation/credit_broad/1003/features/DONE.json,cec32b640fbb89884df29401a945335f718c1b6efecea9df38e85a4e9ff01330,5,40,60.635291128011886,b02d0aa4ee335cf779c42ad6aca7ca7596a76b04cf336294e4ecbb6c93c9f0fc,d8e05a9fa3bace941a264678ab28664f6b568f4f5c8d08a5a56dd97821dd2d7a,6389760,1560,True,,False,True,3e15c956fa060cedb5a3acf3ec1dc2725ca6631bec34b317152cab720bfe680c,0.0421998810801522,0.016664395207465245,paired fresh 40-epoch fitting; discovery source used only for target selection
credit_broad,1004,mlp,behavior_features,interfair/studies/requirements/runs/confirmation/credit_broad/1004/features/selected.pt,0.7867738599646713,0.9139221830788462,0.8927301461872778,0.8191205862758161,0.1352776483541713,0.4302391543451517,0.017257525083612,0.0103602468985806,0.0077857933799301,0.0034629687135492,0.017257525083612,0.9645036051026068,0.7095652173913043,0.9028595458368376,2378,0.967966573816156,0.6923076923076923,0.9106453392167678,3626,0.0092998678522794,0.0014572868376965,0.0013435446617477,0.0014843821924846,0.0,0.021706753256447,0.0009942689899136,0.0084660986457671,0.0012869401239239,0.0011769208086995,0.0019746228792133,0.0,0.022086477160116,1.2748518409133474e-05,6.895046344782694e-05,0.0002578209380583,0.022086477160116,0.0219517228463893,0.0318350946919722,0.0229079432051376,0.0043737346323894,0.00300114588237,0.0009433882099307,0.0006002294218638,0.9943393252436868,interfair/studies/requirements/evaluation/confirmation/credit_broad/1004/features/audit.npz,b358c4a83dc6f6f7b618360a967036c1e4ec942f46576f7d22d3791c63c8633c,interfair/studies/requirements/runs/confirmation/credit_broad/1004/features/DONE.json,4e953ee4fff6dff9420bbef4c967f0287610d26bd50d49dd15e517b92d8f05a6,15,40,60.5714862520108,4511e023320411178e241e52ea84dde6915b1fc152ba077a699b998614c92b05,70b1a5e4c9834faf8c4a0bb722fef34532f1ce11c7fb49a940c0daf80c192d22,6389760,1560,True,,False,True,3734b177fc35efcabc5e558f73f2f21a4bfcffc48b4768606c552f71e400bace,0.0318372752163374,0.009183534955553354,paired fresh 40-epoch fitting; discovery source used only for target selection
credit_broad,1005,mlp,behavior_features,interfair/studies/requirements/runs/confirmation/credit_broad/1005/features/selected.pt,0.7881535310615114,0.9155637004747514,0.8922649190745705,0.8192871419053964,0.1356333207896513,0.4304090978194184,0.0040202975435359,0.0037292736595671,0.0112731292594322,0.0034382497755983,0.0040202975435359,0.9589572933998892,0.6817391304347826,0.8919259882253995,2378,0.9623955431754876,0.6777188328912467,0.9031991174848316,3626,0.0102018345108429,0.0018287937927425,0.0013818952332041,0.0032681210066022,0.0,0.0208182266420026,0.0010819168796418,0.0092303576028121,0.0004295988021724,0.0012872595453174,0.0027462345014298,0.0,0.0212256072304447,4.837135934205906e-06,2.5713231240975728e-05,8.608815426997245e-05,0.0212256072304447,0.0211762437852372,0.0166603217832064,0.0115964222390388,0.0013741357607905,0.0009449352207018,0.0003430702203599,0.0002572038284657,0.9981962654370368,interfair/studies/requirements/evaluation/confirmation/credit_broad/1005/features/audit.npz,ece83a06805d158617280af8550ecdb8f815a20ea6dff734f6832e153572efff,interfair/studies/requirements/runs/confirmation/credit_broad/1005/features/DONE.json,99fd06e3f7e35aebae32cb96b165bec102db4fa4e8ef7fa68fb2156675882cac,10,40,61.10803553101141,46e8d9dfcea48ba8907ad26aedbbce9958825e3b062e5d591409812dd4b55b4f,193148458da479db5aaa882da3d6770d0c3d4e92ef6116bc6ad64026d429d65e,6389760,1560,True,,False,True,8075c54699691cfcded51eef504b3e277b7a10c6219a2b3d8d1f4e9e79f3edf3,0.038851410693463574,0.015080407601945293,paired fresh 40-epoch fitting; discovery source used only for target selection
credit_broad,1006,mlp,behavior_features,interfair/studies/requirements/runs/confirmation/credit_broad/1006/features/selected.pt,0.7861271592568897,0.9139241211581308,0.8920019870839543,0.8189540306462358,0.1343659665729927,0.4280377953491747,0.0128035982008994,0.0092301863287924,0.011011028192333,0.0056567744566854,0.0128035982008994,0.956738768718802,0.6852173913043478,0.8910849453322119,2378,0.9623955431754876,0.6724137931034483,0.902095973524545,3626,0.0092599174805998,0.00059341818777,0.0012514575130217,0.0029186568446152,0.0,0.0240857958580331,0.0016633542683386,0.0085259439902234,8.564576909900651e-05,0.0011316604445016,0.0029187158610274,0.0,0.0256218923381644,2.697297795790831e-05,7.205664632167065e-05,8.555783709787816e-05,0.0256218923381644,0.0254799345861573,0.0254841241009423,0.0205922298293451,0.0048909588648343,0.0037752221252908,0.0016300543271202,0.0009441798642199,0.9950233953660668,interfair/studies/requirements/evaluation/confirmation/credit_broad/1006/features/audit.npz,195c5e4d0ed1f30193b501d4f6764f5c1adee82c24aeefe44f1e35b11df174e7,interfair/studies/requirements/runs/confirmation/credit_broad/1006/features/DONE.json,c9a8182c0372efe66a631f644c4c6e4953ed8c077da6379c110d32c62086e104,20,40,60.04640545399161,55639135e87dfba70350572d190119063fac8d262050d1ebd98ae47f7bc33aed,0f8ae1b32a3301344809040b26b3b38a203615f4fdaa3a8432c111e285f4b8e9,6389760,1560,True,,False,True,bfb7d160452ddc892cb007e23f7a63cd2b6d591587eaacef063e07b9340a8999,0.04637510988403815,0.020719528415236353,paired fresh 40-epoch fitting; discovery source used only for target selection
credit_broad,1007,mlp,behavior_features,interfair/studies/requirements/runs/confirmation/credit_broad/1007/features/selected.pt,0.7889499161043445,0.9159966900314964,0.891611500839838,0.8172884743504331,0.1350191436664513,0.4285541390214665,0.0242140468227425,0.0130712551081563,0.0048695130997186,0.0019284633935702,0.0242140468227425,0.963948973932335,0.7165217391304348,0.904121110176619,2378,0.9658774373259053,0.6923076923076923,0.9089906232763376,3626,0.0088530002536009,0.0003953010581697,0.0012721217088723,0.0027219236796333,0.0,0.0225066297357413,0.001392051136502,0.0078209538215858,8.564576909900651e-05,0.0011174077848119,0.0023185801490763,0.0,0.0226826986960705,2.825870786555187e-05,9.937779124671708e-05,0.0001716443529007,0.0226826986960705,0.0224862846374098,0.0401671901841811,0.0314118926237445,0.0074671266789748,0.0053209950065022,0.0011160901949402,0.0008588437894977,0.9924472275519262,interfair/studies/requirements/evaluation/confirmation/credit_broad/1007/features/audit.npz,bc74031d559ab5c950c96ba4205f75c6e0f508efa3213ff9daa21007ea462763,interfair/studies/requirements/runs/confirmation/credit_broad/1007/features/DONE.json,c7ecfad3bcd62b02ae2e3844a80252f18b045074787c13d511895685ee5e8612,20,40,61.1456060790224,bc16e4d450dcf0de3c8cf997e42502841ccf992fb3ea383ccdec3165496bb225,d15448f869e516d10695d558dd9bf05c80def7b78618fcd18fe40f67424be1e0,6389760,1560,True,,False,True,81fce54c41ac9f32c0288408fcab5fe873406a64a490d70a4c4bce62ebb58780,0.05666446849245286,0.031184583046459397,paired fresh 40-epoch fitting; discovery source used only for target selection
credit_broad,1008,mlp,behavior_features,interfair/studies/requirements/runs/confirmation/credit_broad/1008/features/selected.pt,0.7872196939518676,0.9147232664506836,0.8920550113782527,0.8182878081279147,0.135787443176468,0.4311234459971706,0.0129535232383807,0.008550255656519,0.0093641984787005,0.0041469880746572,0.0129535232383807,0.961730449251248,0.7026086956521739,0.8990748528174937,2378,0.9658774373259053,0.6896551724137931,0.9084390512961942,3626,0.0123621288924406,0.0105423421735894,0.0019482406885438,0.0091188870505955,4.94101960650412e-05,0.0215389546022561,0.0014074690402871,0.0117620444420784,0.0084135976363239,0.0019092253183798,0.0094386653690774,0.0,0.0216036136320539,1.1187346147475673e-05,7.23336969028947e-05,8.582217645039477e-05,0.0216036136320539,0.0214633696190612,0.0332172681541418,0.0229153793585586,0.0054940893168583,0.0041203119268658,0.0007727107346273,0.0004290234046747,0.9860923130468175,interfair/studies/requirements/evaluation/confirmation/credit_broad/1008/features/audit.npz,f42d94ef152dbd965e02447d43abf0554c50ac01b108aa9ebf2cf0d23a1fd222,interfair/studies/requirements/runs/confirmation/credit_broad/1008/features/DONE.json,0f9e0b6eeb4638ffc45d768a79f85156525bcacb07c9f5bf3cbc1315a7b21488,10,40,60.66968931496376,733bb11b21a9275c42ce5c287ad16113901b0b8f4f31f0b6b6ede38b85476c32,9d21a91e2a77d5bb3263038e13d2bbf5595d79df7eefbe957193fc116e60143c,6389760,1560,True,,False,True,6fa9513bc85280b691f7113aa66118cdeeebf78bb528d7ac72903f38ecd9c3b3,0.04457954350731473,0.008996126018864977,paired fresh 40-epoch fitting; discovery source used only for target selection
credit_broad,1009,mlp,behavior_features,interfair/studies/requirements/runs/confirmation/credit_broad/1009/features/selected.pt,0.781156673627793,0.90983255246689,0.8936,0.8227848101265823,0.1360464671831873,0.4332666854586464,0.0146718948218198,0.0110224487078816,0.0195446214309604,0.0073730025939434,0.0146718948218198,0.9511924570160843,0.6365217391304347,0.8751051303616485,2378,0.9585654596100278,0.6511936339522546,0.894649751792609,3626,0.0102160494151765,0.0014080591427789,0.0015085977563177,0.0030929887086966,0.0,0.019338154166679,0.0013687943606864,0.0097040699576125,0.0006004913502241,0.0013613768686844,0.0021455655598111,0.0,0.0175785733543778,2.375066033110854e-05,8.827801964608293e-05,8.564576909900651e-05,0.0175785733543778,0.0174066372918915,0.0390028575596726,0.0284383056936893,0.006787386291012,0.0033503835025995,0.0001719099192023,8.595495960116899e-05,0.9926121223587638,interfair/studies/requirements/evaluation/confirmation/credit_broad/1009/features/audit.npz,ef278a0acd37cad808d634efe683f20723141741d0d7ec04f7c400117239fa48,interfair/studies/requirements/runs/confirmation/credit_broad/1009/features/DONE.json,5e5e76174781fca6b03c72396d0b3356163c6935e8ffd106b3c8f8e48486dabf,5,40,60.337143304001074,b724d46a46516d2347887c39b000cf71009aef08e6c8f1e66a94dba14b8ba76d,8c4799015dfdf80c447365b73462efea19f6ce5f721e395cb652af1065a18909,6389760,1560,True,,False,True,75e763085cc4fcfcc67d53d848b26055c96d447ad9f8e3771e9aeb9d892ce326,0.03130275214601641,0.010838573625198048,paired fresh 40-epoch fitting; discovery source used only for target selection
credit_broad,1000,mlp,broad,interfair/studies/requirements/runs/confirmation/credit_broad/1000/full/selected.pt,0.7844263911187295,0.9131357615828184,0.890744743564551,0.8147901399067289,0.1362491698080319,0.4321073396745263,0.0377764963672009,0.0208000069823836,0.0024853211805031,0.0038235175975663,0.0377764963672009,0.9672767609539656,0.7513043478260869,0.9150546677880572,2378,0.971100278551532,0.713527851458886,0.9175399889685604,3626,0.0096232995962102,0.0015787852002803,0.0014037004360112,0.0052383605274216,0.0,0.0190822281863563,0.0011104968705698,0.0097043322517882,0.0014591152423724,0.0014100031799465,0.0054063349552045,0.0,0.0212859343255506,7.096019026159238e-06,3.5131635318446295e-05,0.0003436870552539,0.0212859343255506,0.0212190226759978,0.0182043052229123,0.0110760450545689,0.0024051483364395,0.0011167521975283,0.0002578648788035,0.0001719099192023,0.996135736421188,interfair/studies/requirements/evaluation/confirmation/credit_broad/1000/full/audit.npz,665fbaa832407021bcd4f5fddbbf41a2f4345e63f501706fd1cc563c9fcb3bff,interfair/studies/requirements/runs/confirmation/credit_broad/1000/full/DONE.json,048b9c3d641f8b4aab56e621213f3c85167be89edc21951ae0133db870881759,15,40,61.42140548303723,bc86ef45e5297ea8b2cc51dcc90b4ba8ea85271a53be50e4d8cc8316928bdee0,70f21a07bb4832c2e2b22c8d32f8de76f7cc41124e3dc956fe990c9a24594135,6389760,1560,True,,False,True,76da8f8794e25312c7ea2229d3aaad046055226d13051f1332b49d8c021c5def,0.0345955506285772,0.009671550857712586,paired fresh 40-epoch fitting; discovery source used only for target selection
credit_broad,1001,mlp,broad,interfair/studies/requirements/runs/confirmation/credit_broad/1001/full/selected.pt,0.7847546504750063,0.913204847371874,0.8905822586948027,0.8134576948700866,0.1362059088494702,0.4325167793619318,0.0277292123169184,0.0142603988407266,0.0017695301246906,0.0007915853645348,0.0277292123169184,0.9744869661674986,0.7704347826086957,0.9251471825063078,2378,0.9752785515320336,0.7427055702917772,0.9269167126309984,3626,0.009275606158298,0.0007661018099783,0.0014321311979917,0.0074390360421092,2.468587227529685e-05,0.0196598605555225,0.0009402594128916,0.0087050964702226,0.0001718213514953,0.0013772775808762,0.0072927525103696,0.0,0.0205346221874617,1.0895798034845676e-05,5.219279670568483e-05,8.58663918942126e-05,0.0205346221874617,0.0204328483547123,0.0233719707504217,0.0169280314211632,0.0034366092392971,0.002061549178946,0.0005153316828533,0.0002575549602388,0.9963915694092076,interfair/studies/requirements/evaluation/confirmation/credit_broad/1001/full/audit.npz,712b5b55a3cc5b057a4f2e8f46b1517fd485a191bfa8f65ec2bea29d261221f1,interfair/studies/requirements/runs/confirmation/credit_broad/1001/full/DONE.json,cbb6154aa3831ff2b6d60cc8fdb30e544f8dcdfe255681263f86fef4efed0011,15,40,60.404730478010606,969fc55d49b000e87c9ffd5e34a57330bb71b821dfd88e441b659a1671513746,2b6c612e85b34b1f593a36069144a23720b75883e7eba6dc49bad429e4dedd8f,6389760,1560,True,,False,True,3de011a2d81360f1ac8318f6cc0bfe633c1633fb56f1f30e9963e5d1f4565a0b,0.04338251969709021,0.01500502854559625,paired fresh 40-epoch fitting; discovery source used only for target selection
credit_broad,1002,mlp,broad,interfair/studies/requirements/runs/confirmation/credit_broad/1002/full/selected.pt,0.7853071949075136,0.913956147970715,0.8923015951649658,0.8189540306462358,0.1350837452312249,0.4298363961749121,0.0069201439260161,0.006708832198275,0.0131625764210168,0.0069201439260161,0.0064975204705339,0.9589572933998892,0.6921739130434783,0.8944491169049622,2378,0.9658774373259053,0.6856763925729443,0.907611693325979,3626,0.0093271117303317,0.000715554387998,0.0013943555985522,0.0049443543473947,0.0,0.022647620647854,0.0010787600791795,0.008612646624856,0.0004293776755025,0.0012815165720971,0.0054069980110647,0.0,0.0223884724663757,2.573477916279671e-05,6.727363605596703e-05,0.0,0.0223884724663757,0.0222573181673546,0.0295015829585565,0.0223814922840512,0.0047182986403104,0.0030028621109185,0.0009433405807334,0.0004286706344345,0.994852323684187,interfair/studies/requirements/evaluation/confirmation/credit_broad/1002/full/audit.npz,6b842eda07356c30c55e3c516b6736d8a1c4c311f2f36fa576754fe5f9b9c1bd,interfair/studies/requirements/runs/confirmation/credit_broad/1002/full/DONE.json,f23b0a0219604b11c170683f331391df1f20f3d147857a5a5d393a7e40e37947,20,40,59.98737493099179,b6fd8f1924dbfa6985f7ffbb91a2cafe9e54faba5a18e3b60fa7e1ded857d04b,522b610016b01c9039b3a8e3b8ec418352621ee20e061a08d5ec6eca83f02c9f,6389760,1560,True,,False,True,2b2c52e5d93882b98c7ba79fd74aeed1ae6a1f55fc6a98dd944f1fdd9d1bdd9b,0.03393903320330134,0.009750962868433619,paired fresh 40-epoch fitting; discovery source used only for target selection
credit_broad,1003,mlp,broad,interfair/studies/requirements/runs/confirmation/credit_broad/1003/full/selected.pt,0.7829601284388165,0.9131723024476976,0.8923775671406003,0.818454363757495,0.1372859114544849,0.4347860661062153,0.0242140468227425,0.0138385077681458,0.006103707593555,0.0034629687135492,0.0242140468227425,0.9645036051026068,0.7165217391304348,0.9045416316232128,2378,0.967966573816156,0.6923076923076923,0.9106453392167678,3626,0.0113871625174201,0.0055804906544868,0.0016019330928036,0.0081116286794406,0.0,0.0183504009425021,0.0009344923979906,0.0120637989848329,0.0089302144668125,0.001633619949052,0.0075499541060115,0.0,0.0165328177942752,5.453343874796359e-06,3.475306362674357e-05,0.0002579984849903,0.0165328177942752,0.0164686168890075,0.0261930758715359,0.0154601652039686,0.0012894604693125,0.0005154650143415,0.0,0.0,0.9897803250638748,interfair/studies/requirements/evaluation/confirmation/credit_broad/1003/full/audit.npz,d4724b11542e93aebb1b9264aae233c226f0a6e533f87c9e5cdb2b96e587a332,interfair/studies/requirements/runs/confirmation/credit_broad/1003/full/DONE.json,f3354e28173f9c288ca314049c84f57db2dcd72f15bccd031b0b8f1037f11072,5,40,60.023488391016144,b02d0aa4ee335cf779c42ad6aca7ca7596a76b04cf336294e4ecbb6c93c9f0fc,d8e05a9fa3bace941a264678ab28664f6b568f4f5c8d08a5a56dd97821dd2d7a,6389760,1560,True,,False,True,c2d80bdb0d9f5a9ca38f67ea7b62aee5e968e99c9d85254ad555d38f7931a1ad,0.04217759249355886,0.016633302127944137,paired fresh 40-epoch fitting; discovery source used only for target selection
credit_broad,1004,mlp,broad,interfair/studies/requirements/runs/confirmation/credit_broad/1004/full/selected.pt,0.7869014135512609,0.914145185059739,0.8922894658900188,0.8182878081279147,0.1354792197110345,0.4305613943451192,0.0228877868757929,0.0127239675020143,0.0056831861469612,0.0025601481282356,0.0228877868757929,0.9650582362728786,0.7165217391304348,0.9049621530698064,2378,0.9676183844011144,0.6936339522546419,0.9106453392167678,3626,0.0085847038913949,0.000394531762399,0.0012173724776009,0.0017541230419331,0.0,0.0213410497901412,0.0010135258191332,0.0083319671050549,0.0003431128896933,0.0011402306790053,0.0017160541907533,0.0,0.0221365408781482,1.288415688078376e-05,7.005401402910423e-05,0.0,0.0221365408781482,0.0220008282695225,0.0329541855611059,0.0231693847923982,0.0048037320158071,0.0030878954984958,0.000600096227195,0.0005145383900971,0.9948531550944996,interfair/studies/requirements/evaluation/confirmation/credit_broad/1004/full/audit.npz,ad51a9f9d3d44cd412245d8087d8762e588e21f9dc6720055dd141b69efa8fc0,interfair/studies/requirements/runs/confirmation/credit_broad/1004/full/DONE.json,4edf0150805c4b66e7021e9cf43d403a320fec463fbb7474c2686a3e38b769ab,15,40,60.91937369201332,4511e023320411178e241e52ea84dde6915b1fc152ba077a699b998614c92b05,70b1a5e4c9834faf8c4a0bb722fef34532f1ce11c7fb49a940c0daf80c192d22,6389760,1560,True,,False,True,7c32bcb8543dfb322516203b2a380cd8a088eb440c7aa1e3af93363a07a0bc18,0.032322189630751896,0.009080251551895678,paired fresh 40-epoch fitting; discovery source used only for target selection
credit_broad,1005,mlp,broad,interfair/studies/requirements/runs/confirmation/credit_broad/1005/full/selected.pt,0.7879513767337429,0.9151087254039324,0.8922679387795667,0.8194536975349767,0.1355140979405276,0.4302708847250798,0.0029483127007448,0.0022791384746948,0.0122725925321143,0.0029483127007448,0.0016099642486449,0.9584026622296172,0.6747826086956522,0.8898233809924306,2378,0.961350974930362,0.6763925729442971,0.902095973524545,3626,0.0098072808737287,0.0013335214489414,0.001358313098132,0.002873310170818,0.0,0.0208885603129778,0.0010898792137443,0.008950547892391,0.0002577325071707,0.0012866332186495,0.0022305918527879,0.0,0.0214754234351157,6.2979245728890814e-06,3.90523963700032e-05,8.608815426997245e-05,0.0214754234351157,0.0214004776075896,0.0233689245872095,0.016153679046739,0.0016325317798021,0.0012031980450447,0.0003430702203599,8.555783709787816e-05,0.998109735713027,interfair/studies/requirements/evaluation/confirmation/credit_broad/1005/full/audit.npz,a7ea5367097728aaa13d8423da92b1ddbe3fdb0be501a978b161fe100e878288,interfair/studies/requirements/runs/confirmation/credit_broad/1005/full/DONE.json,34a61516a56a4e490667947a8c79bfb69416d13b8ab41568bbae3276ba95fb33,10,40,60.27995578700211,46e8d9dfcea48ba8907ad26aedbbce9958825e3b062e5d591409812dd4b55b4f,193148458da479db5aaa882da3d6770d0c3d4e92ef6116bc6ad64026d429d65e,6389760,1560,True,,False,True,45d4859c508ac140bea7360e753491f659dff4ae3c5f0f89cc69ae8a29e03ee6,0.039084584996346,0.014986932944592933,paired fresh 40-epoch fitting; discovery source used only for target selection
credit_broad,1006,mlp,broad,interfair/studies/requirements/runs/confirmation/credit_broad/1006/full/selected.pt,0.7866175766428056,0.9139388042269398,0.8922709638913757,0.819620253164557,0.134165385402557,0.4276552412225817,0.0172828970130319,0.0116762774900887,0.0104868260581344,0.0060696579671454,0.0172828970130319,0.9556295063782584,0.6817391304347826,0.8894028595458369,2378,0.961699164345404,0.6644562334217506,0.8998896856039713,3626,0.0090558782760661,0.0005678665818773,0.0012131848362859,0.0042307478492636,2.467308166790032e-05,0.0240413450126496,0.0016819418063005,0.0084313794886656,0.0002581312681411,0.0010873002316165,0.003947970151296,0.0,0.0255194753573655,2.1211589620685695e-05,6.226336268312379e-05,8.582217645039477e-05,0.0255194753573655,0.0253969444439695,0.0230893395341617,0.0176809671062568,0.0042917885756669,0.0033481390286191,0.0013736025782023,0.0008587995740539,0.995450080156192,interfair/studies/requirements/evaluation/confirmation/credit_broad/1006/full/audit.npz,c4ce58c501d920bbdce5b98a4b81adbd654805d8238a9960d9e03fd786e8d4d1,interfair/studies/requirements/runs/confirmation/credit_broad/1006/full/DONE.json,cc31ddc0401c41be23e4ef4280f106c4b61f81665709ec6a588acec80019ef24,20,40,60.399154956045095,55639135e87dfba70350572d190119063fac8d262050d1ebd98ae47f7bc33aed,0f8ae1b32a3301344809040b26b3b38a203615f4fdaa3a8432c111e285f4b8e9,6389760,1560,True,,False,True,1b4611ab4c3d5e2d9e1f79951e75973efe09b3ee370f9a232b250a185a13e594,0.04609419176845692,0.020690797631563302,paired fresh 40-epoch fitting; discovery source used only for target selection
credit_broad,1007,mlp,broad,interfair/studies/requirements/runs/confirmation/credit_broad/1007/full/selected.pt,0.786468375160448,0.9145802076962845,0.8918091097717616,0.8176215856095936,0.1344109408526954,0.4280476567547076,0.0224749163879598,0.0137300154762562,0.0076547428463804,0.0049851145645527,0.0224749163879598,0.9622850804215196,0.7147826086956521,0.902439024390244,2378,0.9672701949860724,0.6923076923076923,0.9100937672366244,3626,0.0089527667347324,0.0001974368980913,0.0013242271140243,0.0029643307843183,2.469867615095831e-05,0.0244666403179918,0.0015222647558206,0.0080673922099887,8.58663918942126e-05,0.0012062132966212,0.0032595356256436,0.0,0.0257121711427938,3.695615968723083e-05,8.892273373381358e-05,0.0,0.0257121711427938,0.0255368928910223,0.0309875197140021,0.0238628330543283,0.0072093658258741,0.0054067825578532,0.0012016506227555,0.000772802852907,0.9927047677822316,interfair/studies/requirements/evaluation/confirmation/credit_broad/1007/full/audit.npz,95c2c4bd2d7352bac334338106e5554b905a760e029b224ede78e065100c0cec,interfair/studies/requirements/runs/confirmation/credit_broad/1007/full/DONE.json,9ca28629310820591f784957a94891c688d789dc6ea6988fc7113982e4fd201d,25,40,60.25871720799478,bc16e4d450dcf0de3c8cf997e42502841ccf992fb3ea383ccdec3165496bb225,d15448f869e516d10695d558dd9bf05c80def7b78618fcd18fe40f67424be1e0,6389760,1560,True,,False,True,24c2d89bc54edd4ce14f24c28cc289641d58696eb8666b875c29a81a00b19bb7,0.05064754077674021,0.030142483066031248,paired fresh 40-epoch fitting; discovery source used only for target selection
credit_broad,1008,mlp,broad,interfair/studies/requirements/runs/confirmation/credit_broad/1008/full/selected.pt,0.7805605115019536,0.9114173903916624,0.8835109958705464,0.7979680213191206,0.1396943156053226,0.4403257045527838,0.0571306654365124,0.0289829475879333,0.0092987891858491,0.0008352297393542,0.0571306654365124,0.9844703272323904,0.888695652173913,0.9613120269133726,2378,0.9836350974930362,0.8315649867374005,0.9520132377275234,3626,0.0102751923211379,0.0023212783422043,0.0015891447149096,0.0116195674757404,0.0,0.01793171174554,0.0011319440957863,0.0102732369626329,0.0021483481930104,0.0015801041469764,0.0115000855380764,0.0,0.017456313834738,1.2333650840773084e-06,1.7515286071841597e-05,0.0002577767226145,0.017456313834738,0.0174237387042916,0.0150259076595246,0.0091014190395886,0.0005151990365219,0.0001716443529007,0.0,0.0,0.9973364527704676,interfair/studies/requirements/evaluation/confirmation/credit_broad/1008/full/audit.npz,ad60ad4bbebb4d13f23c1415d662ff98283ca5b875dc0b2f05615d9ae5ca66fb,interfair/studies/requirements/runs/confirmation/credit_broad/1008/full/DONE.json,74b659a9b9a115550f10d030ba7548f6b743120c6e03441a77b9044cef65057a,5,40,59.595644835033454,733bb11b21a9275c42ce5c287ad16113901b0b8f4f31f0b6b6ede38b85476c32,9d21a91e2a77d5bb3263038e13d2bbf5595d79df7eefbe957193fc116e60143c,6389760,1560,True,,False,True,9bedc18015e23781205aa4e76cb13cde0cda0633c3e1caf8d719e33384bbc8b4,0.03928155758810624,0.006500195494146531,paired fresh 40-epoch fitting; discovery source used only for target selection
credit_broad,1009,mlp,broad,interfair/studies/requirements/runs/confirmation/credit_broad/1009/full/selected.pt,0.7812255606120962,0.9099582493903856,0.8933280063923292,0.8221185876082612,0.1360465508472886,0.4332438712318933,0.01608580325222,0.0119743714605086,0.020068823565159,0.0078629396687971,0.01608580325222,0.951747088186356,0.6417391304347826,0.8767872161480236,2378,0.9596100278551531,0.6578249336870027,0.8968560397131826,3626,0.0101839133856241,0.000938360706675,0.001518780649369,0.0034419671773639,0.0,0.0191803156588538,0.0013763357332664,0.0098935894465371,0.0007720505491714,0.0013800556656833,0.0027459677510851,0.0,0.0174412715136615,1.318805656447255e-05,6.687153459407992e-05,0.0,0.0174412715136615,0.0173118960623238,0.034612702414295,0.0237936001633732,0.0047239358543422,0.0026624339072254,8.595495960116899e-05,8.595495960116899e-05,0.9945040135964864,interfair/studies/requirements/evaluation/confirmation/credit_broad/1009/full/audit.npz,c100de420898aac5fcb864a74339a5c3815d22b8944e9512da68dfdcd687ee76,interfair/studies/requirements/runs/confirmation/credit_broad/1009/full/DONE.json,b51904067e50dda3fea51d9cf83d602c8ee7c5369e8620149bc0bfaef0071ea8,5,40,59.83702033397276,b724d46a46516d2347887c39b000cf71009aef08e6c8f1e66a94dba14b8ba76d,8c4799015dfdf80c447365b73462efea19f6ce5f721e395cb652af1065a18909,6389760,1560,True,,False,True,6d84e4755b03035b4916a5c1e231719f415af75892947826cf704a82ca0e6be1,0.03117958115447476,0.010816109432270462,paired fresh 40-epoch fitting; discovery source used only for target selection
credit_broad,1000,mlp,erm,interfair/training/mlp/runs/confirmation/credit_broad/1000/erm/selected.pt,0.7800129565472813,0.9104320295536672,0.8938221998995479,0.8239506995336442,0.1344713736113676,0.4295747545488034,0.0169738207819166,0.0142825357569144,0.0238456303577053,0.0115912507319122,0.0169738207819166,0.9445368829728232,0.6156521739130435,0.8650126156433978,2378,0.9561281337047354,0.6326259946949602,0.8888582460011032,3626,0.0150230271829005,0.0311439754494727,0.0027985012714056,0.0082074795906781,0.0001232003443493,0.0200878544074086,0.0017327934410419,0.0151344092921051,0.0308841618704346,0.002556032328836,0.007809986243419,0.0001719099192023,0.0190210944650135,1.256318718607664e-05,4.258891054572107e-05,8.595495960116899e-05,0.0190210944650135,0.0189444084731444,0.021035350343351,0.0112464615205816,0.004293511607847,0.0021449023610833,0.0005155969744562,0.0001719099192023,0.9653379234961744,interfair/training/mlp/evaluation/credit_broad/1000/erm.npz,8312f1820cf3797fd8ba61fa0286c530f11dffe0647144c05623847a7d4e2a81,interfair/training/mlp/runs/confirmation/credit_broad/1000/erm/DONE.json,0aff5cf7bc62a78ee98c6aad3a78879ed20eb5ad8cc3b802d1627331a9a87f12,5,40,7.991708636982366,bc86ef45e5297ea8b2cc51dcc90b4ba8ea85271a53be50e4d8cc8316928bdee0,70f21a07bb4832c2e2b22c8d32f8de76f7cc41124e3dc956fe990c9a24594135,0,1560,True,,False,True,b9426347fb6a80d7c3ce12acc4b3dc998aaaf6d43daa3cf362ea81733a384289,0.0,5.138099074429294e-19,paired fresh 40-epoch fitting; discovery source used only for target selection
credit_broad,1001,mlp,erm,interfair/training/mlp/runs/confirmation/credit_broad/1001/erm/selected.pt,0.7836465840183806,0.9125389270255552,0.8892031107968892,0.8172884743504331,0.1350767805835251,0.4313811646278376,0.0383439049705915,0.0312302559627868,0.0381980992337834,0.0241166069549821,0.0383439049705915,0.9267886855241264,0.5982608695652174,0.8473507148864592,2378,0.9509052924791086,0.636604774535809,0.8855488141202427,3626,0.0487490316534921,0.3747326618545802,0.0077987460485111,0.0242516666977889,0.0137151003931672,0.0305681499677136,0.0055629109455704,0.044465763771707,0.3430179780743398,0.0068641523050983,0.0225669540769817,0.0124359405964457,0.0298284266549468,0.0011189262275468,0.0012983837941382,0.0030920904077354,0.0298284266549468,0.0274399088424335,0.1558047466131806,0.0858614631845725,0.0900576588791356,0.0455165856124012,0.0541781346046148,0.0277415131215098,0.6100066663993768,interfair/training/mlp/evaluation/credit_broad/1001/erm.npz,7eadc5e9ef5bc4f825677a91db1b144e7bfccc91e732b593df5d56f182f46ca2,interfair/training/mlp/runs/confirmation/credit_broad/1001/erm/DONE.json,20a4ff7673144cda6646a8fce68f500624eb859daa82d0770e4ed35a5d7120f5,15,40,8.025570914032869,969fc55d49b000e87c9ffd5e34a57330bb71b821dfd88e441b659a1671513746,2b6c612e85b34b1f593a36069144a23720b75883e7eba6dc49bad429e4dedd8f,0,1560,True,,False,True,e30b0091c231e3951b9f7ef0538eba1695451e0612cbe7ccddb8bc41a57d22bd,0.0,1.46569486626465e-18,paired fresh 40-epoch fitting; discovery source used only for target selection
credit_broad,1002,mlp,erm,interfair/training/mlp/runs/confirmation/credit_broad/1002/erm/selected.pt,0.7872248443806007,0.9158087180929084,0.8924957419096283,0.8212858094603598,0.1338265114638067,0.4264895541496816,0.0264329373774651,0.0198825675922931,0.0268382214795768,0.0133321978071211,0.0264329373774651,0.9445368829728232,0.6260869565217392,0.8675357443229604,2378,0.9578690807799444,0.6525198938992043,0.8943739658025373,3626,0.0231147939702602,0.0989013997105571,0.004269525146576,0.0139349153377874,0.0010650575587791,0.0257359358354211,0.0029583154550147,0.0235929301197139,0.1037059189547801,0.0039550004530361,0.0165663149595522,0.0003429370256911,0.0239319248474209,5.95558126942468e-05,0.0001269976660574,0.0,0.0239319248474209,0.0236998214840835,0.0447804012134246,0.0252250908563057,0.0114977293756402,0.0065221017808012,0.0042917775048255,0.0021462629484906,0.886255244735687,interfair/training/mlp/evaluation/credit_broad/1002/erm.npz,e708921aa77d09682bf8e5057d08cf1ed76784dc7f62a31361eb65d3c481558d,interfair/training/mlp/runs/confirmation/credit_broad/1002/erm/DONE.json,c96fdd2fc7e413d72139b04401b6686e502b8d17a2aba29d3f2ed65a6274326a,10,40,8.011562160041649,b6fd8f1924dbfa6985f7ffbb91a2cafe9e54faba5a18e3b60fa7e1ded857d04b,522b610016b01c9039b3a8e3b8ec418352621ee20e061a08d5ec6eca83f02c9f,0,1560,True,,False,True,1db77d8fd4f1c56201b96a24b7dcf18a960043dc0fa7ce3ab00a51e677c86505,0.0,1.0269724675383292e-18,paired fresh 40-epoch fitting; discovery source used only for target selection
credit_broad,1003,mlp,erm,interfair/training/mlp/runs/confirmation/credit_broad/1003/erm/selected.pt,0.7851089838767438,0.9132498314688432,0.8919944100618886,0.8197868087941372,0.1344646460632023,0.4290781262430856,0.0170868411947872,0.0167440248209331,0.0265976915622476,0.016401208447079,0.0170868411947872,0.9456461453133668,0.648695652173913,0.8738435660218671,2378,0.9620473537604456,0.6657824933687002,0.9004412575841148,3626,0.0433207023463018,0.3380857872090019,0.006899406611163,0.0157249816835974,0.0083927558771492,0.0294440029292043,0.0047567752209206,0.0403909912497958,0.3100039601395816,0.0061062191301733,0.0149337877920146,0.0070380747128475,0.0291444441269382,0.0008165761570084,0.0011587939993111,0.0012007665830929,0.0291444441269382,0.0269630256830605,0.1439627930422448,0.0857032097064179,0.0813355013207027,0.0442670481114535,0.0479613569901378,0.0252238940285964,0.6371491579199144,interfair/training/mlp/evaluation/credit_broad/1003/erm.npz,9b050a22ef4d81f275d391cf7c4510aef190eb0017a53fb3d82c6c4aa13b8743,interfair/training/mlp/runs/confirmation/credit_broad/1003/erm/DONE.json,f57a99aeed144a4b9ab5906bf5040c0abe46f155c4c0483cf48dc1649333bbaa,15,40,8.070169358048588,b02d0aa4ee335cf779c42ad6aca7ca7596a76b04cf336294e4ecbb6c93c9f0fc,d8e05a9fa3bace941a264678ab28664f6b568f4f5c8d08a5a56dd97821dd2d7a,0,1560,True,,False,True,4cf8dee2758ed0b95ebda52513be678bf5f61ef2f0f0e81e877f739b8e39ad7c,0.0,1.1225212406642426e-18,paired fresh 40-epoch fitting; discovery source used only for target selection
credit_broad,1004,mlp,erm,interfair/training/mlp/runs/confirmation/credit_broad/1004/erm/selected.pt,0.7869814866229685,0.9138593486684616,0.8928750375789157,0.8219520319786808,0.1335646421946437,0.4269263307541183,0.0316503286818129,0.0240195888299582,0.0304644941194262,0.0163888489781035,0.0316503286818129,0.9428729894620078,0.6208695652173913,0.8650126156433978,2378,0.9592618384401114,0.6525198938992043,0.895477109762824,3626,0.0232083572050151,0.0987988645592294,0.004131712002437,0.0124724382878775,0.0011895599617489,0.0255752716467183,0.0030822957347028,0.0212473929536018,0.0763629440473522,0.0035293366813861,0.0123555205864957,0.0004294648794411,0.023555678354251,0.0003119192890177,0.0005557168159035,0.0006879957315886,0.023555678354251,0.0224739708919973,0.0982636275426501,0.0717307662161055,0.0446745259279935,0.0307588545441707,0.0221657799100843,0.0139182530695889,0.8810239479144921,interfair/training/mlp/evaluation/credit_broad/1004/erm.npz,6c3dcfbc40117276569e1fcea4c6f038621aa48756a2a46e5e6fed9d80bbdf5c,interfair/training/mlp/runs/confirmation/credit_broad/1004/erm/DONE.json,24482bef42011cd816f180314e1443c85fd91b24fbddc6bb6da5811eafb475c2,10,40,7.978260773990769,4511e023320411178e241e52ea84dde6915b1fc152ba077a699b998614c92b05,70b1a5e4c9834faf8c4a0bb722fef34532f1ce11c7fb49a940c0daf80c192d22,0,1560,True,,False,True,8863f16ce95ccfc9481e5b61fe2ce32812309c910538339b8b45c587ddc25bce,0.0,1.0017952587983734e-18,paired fresh 40-epoch fitting; discovery source used only for target selection
credit_broad,1005,mlp,erm,interfair/training/mlp/runs/confirmation/credit_broad/1005/erm/selected.pt,0.7882497796984584,0.91468802231951,0.8909090909090909,0.8181212524983345,0.1344319125707165,0.4300272564126163,0.0398708338138623,0.0306318613966936,0.0355323226283217,0.0213928889795249,0.0398708338138623,0.9406544647809209,0.6365217391304347,0.8671152228763667,2378,0.9620473537604456,0.6763925729442971,0.9026475455046884,3626,0.0400516961171374,0.3004908166951189,0.0065059442293899,0.020653404506818,0.0071804047887117,0.0290143590765538,0.0048923561217602,0.0378943754449466,0.2771375783801273,0.0057479732154563,0.0194803525134476,0.004892143445623,0.0265791069522824,0.0019277271440106,0.001606716758551,0.0051472321069648,0.0265791069522824,0.0234698338396461,0.1447264602138446,0.0943401593993904,0.0784622774628156,0.0485036585993921,0.0495287374260439,0.0320175804967885,0.6753847173842756,interfair/training/mlp/evaluation/credit_broad/1005/erm.npz,f09092f288fe36d9cfab9f09513fc3ffd68142c015ec1655501b8874640c5be8,interfair/training/mlp/runs/confirmation/credit_broad/1005/erm/DONE.json,868171befb2d8ce66d7cc66c2403bc7baba941ff7cea4df8e99feba4412997e1,15,40,7.9644345109700225,46e8d9dfcea48ba8907ad26aedbbce9958825e3b062e5d591409812dd4b55b4f,193148458da479db5aaa882da3d6770d0c3d4e92ef6116bc6ad64026d429d65e,0,1560,True,,False,True,a45ea206f9c60a06b8a1794fffbdb2f6f629e3d2e709f632242ebc9cfe67ee1a,0.0,1.3872420744819519e-18,paired fresh 40-epoch fitting; discovery source used only for target selection
credit_broad,1006,mlp,erm,interfair/training/mlp/runs/confirmation/credit_broad/1006/erm/selected.pt,0.7853119429590019,0.9133502492268174,0.8889567430025446,0.8182878081279147,0.1358145996702387,0.4347388528941118,0.0483404451620343,0.0360035450998151,0.0409128168349602,0.0236666450375959,0.0483404451620343,0.9195784803105934,0.5617391304347826,0.8330529857022708,2378,0.9432451253481894,0.610079575596817,0.8739658025372311,3626,0.0650619396337966,0.472290487800141,0.0106228827657915,0.0282923227226953,0.0178254367772578,0.0380741642901229,0.0068998986100047,0.0634975449739274,0.4763460841792799,0.0098584682258974,0.0267737584262289,0.014080336781491,0.0389989501417138,0.006984224749866,0.0037671766967122,0.0115011165712768,0.0389989501417138,0.0316871470982587,0.1684183083248235,0.114691523770611,0.1195249154657662,0.079021359965257,0.0928503623858212,0.0625540560935811,0.4741644917967587,interfair/training/mlp/evaluation/credit_broad/1006/erm.npz,752ccdfb22eb8f75c7e620d78caa1d150055ab1999ba0521f72b6ef50b70a776,interfair/training/mlp/runs/confirmation/credit_broad/1006/erm/DONE.json,716627633fcb0e096e3a6b667194d3b1dd1c88fffee62a5e0d9affe9d98372c8,20,40,8.209649146010634,55639135e87dfba70350572d190119063fac8d262050d1ebd98ae47f7bc33aed,0f8ae1b32a3301344809040b26b3b38a203615f4fdaa3a8432c111e285f4b8e9,0,1560,True,,False,True,9477e4da6582db8c6ef737c140963b9ef3f8290dfc5ed0ee41fea35145ef4c85,0.0,2.177964049571108e-18,paired fresh 40-epoch fitting; discovery source used only for target selection
credit_broad,1007,mlp,erm,interfair/training/mlp/runs/confirmation/credit_broad/1007/erm/selected.pt,0.7823052192352418,0.9129219335077984,0.8879726468222043,0.8144570286475683,0.1380943022131022,0.4429383541594925,0.0566739707069542,0.0413042891507695,0.0430938224402119,0.0259346075945847,0.0566739707069542,0.9284525790349416,0.6104347826086957,0.851555929352397,2378,0.9543871866295264,0.6671087533156499,0.894649751792609,3626,0.1070101077089094,0.609338970225569,0.0173402842134683,0.0392178723523079,0.031725441854608,0.0454628590241986,0.0132699828284393,0.0901614466704865,0.560514239401443,0.0147420584948543,0.0375874075854897,0.0245486148897693,0.0431313574052138,0.0253713122007993,0.0078453632994533,0.0193898226279013,0.0431313574052138,0.0279032973060143,0.243918791968796,0.1705259254080905,0.1827091795529809,0.1231481644798154,0.149579310041671,0.0979962564125611,0.3835340176544963,interfair/training/mlp/evaluation/credit_broad/1007/erm.npz,37bc65b82771590a41749e4f20eb15face5bca9b1aa003b35b15e7aff3b20d00,interfair/training/mlp/runs/confirmation/credit_broad/1007/erm/DONE.json,1523960455110c3244b9f0a8a7a80ba484577434963beb1979143c47ae16423a,25,40,8.146790215978399,bc16e4d450dcf0de3c8cf997e42502841ccf992fb3ea383ccdec3165496bb225,d15448f869e516d10695d558dd9bf05c80def7b78618fcd18fe40f67424be1e0,0,1560,True,,False,True,6c3bae3065fc9b029187f8e3f8e25feb70c8457ba9d245a37de91e806921255f,0.0,2.6825823299015133e-18,paired fresh 40-epoch fitting; discovery source used only for target selection
credit_broad,1008,mlp,erm,interfair/training/mlp/runs/confirmation/credit_broad/1008/erm/selected.pt,0.7808072492284416,0.911194992893647,0.8932932932932933,0.8224516988674218,0.1350314717416181,0.4318411689163724,0.033889978087879,0.0231982044370401,0.0279276805168912,0.0125064307862011,0.033889978087879,0.9467554076539102,0.6226086956521739,0.868376787216148,2378,0.9592618384401114,0.656498673740053,0.8963044677330392,3626,0.0153287568310257,0.0236115364363675,0.0034390265507871,0.0159852549929,0.0001241159832535,0.0220593734053589,0.0029170016262781,0.0148839547006264,0.0213851501848183,0.003076442828632,0.0164764154679855,8.608815426997245e-05,0.0227604582912892,3.6338042510735336e-06,2.03293886538357e-05,8.555783709787816e-05,0.0227604582912892,0.022723584551683,0.0100554852563119,0.0060158066717008,0.0017203016400998,0.0008596860752196,0.0004296444763581,8.582217645039477e-05,0.9769806363293516,interfair/training/mlp/evaluation/credit_broad/1008/erm.npz,d07226a7ccea7d1e0047cb548a6a450be695b02baa2f761a5bbc718a61f3bfcc,interfair/training/mlp/runs/confirmation/credit_broad/1008/erm/DONE.json,d55442fbc88473df724b62c5995c760a720b176138f61f7c42a87ed1da08e77f,5,40,8.194813915994018,733bb11b21a9275c42ce5c287ad16113901b0b8f4f31f0b6b6ede38b85476c32,9d21a91e2a77d5bb3263038e13d2bbf5595d79df7eefbe957193fc116e60143c,0,1560,True,,False,True,006d667123d8e18045141c4859db7e9f58410c966d422405dc31779d887c0feb,0.0,7.797163173724626e-19,paired fresh 40-epoch fitting; discovery source used only for target selection
credit_broad,1009,mlp,erm,interfair/training/mlp/runs/confirmation/credit_broad/1009/erm/selected.pt,0.7895161413631736,0.9147128193868376,0.8922096035066747,0.8197868087941372,0.1336879788902483,0.426617058428431,0.0162718202562426,0.0141144593150663,0.0251503369970268,0.0162718202562426,0.01195709837389,0.9478646699944536,0.6591304347826087,0.8780487804878049,2378,0.9641364902506964,0.6710875331564987,0.9031991174848316,3626,0.0229043087274274,0.0957648671775565,0.0037992040250527,0.011469679163146,0.0013129132997586,0.0244048983540973,0.0025193113732049,0.0230485293716335,0.0990195985263085,0.0032842109987362,0.0105564783514226,0.0013735599567629,0.0224854291205758,0.0004840010026189,0.0008425812735782,0.0030911968109091,0.0224854291205758,0.0208405034669293,0.1029763116729549,0.0702924573925423,0.04816328669434,0.0338347683859505,0.0326356032748244,0.024135280856853,0.8595158308179234,interfair/training/mlp/evaluation/credit_broad/1009/erm.npz,2ebec2b75d506dba2756e65cacad36aa5f4abf2b54eeffad405e1445bb70575a,interfair/training/mlp/runs/confirmation/credit_broad/1009/erm/DONE.json,4b0f23756c1ce214ae7431370c12762bcb3dd2edc238f866ff771fcc7dc38165,10,40,8.265033920004498,b724d46a46516d2347887c39b000cf71009aef08e6c8f1e66a94dba14b8ba76d,8c4799015dfdf80c447365b73462efea19f6ce5f721e395cb652af1065a18909,0,1560,True,,False,True,136aac5762c38fd846c812df48d881a241711007ee17a439f013eb45b31fe8aa,0.0,8.671123496762397e-19,paired fresh 40-epoch fitting; discovery source used only for target selection
credit_broad,1000,mlp,population_control,interfair/studies/requirements/runs/confirmation/credit_broad/1000/population/selected.pt,0.7841332190581958,0.9125774475387648,0.8913301662707839,0.8171219187208527,0.1367594236968408,0.4333606923436546,0.0256279552531426,0.0153712290042658,0.0071442256351543,0.005114502755389,0.0256279552531426,0.9600665557404326,0.711304347826087,0.8999158957106812,2378,0.9651810584958216,0.6856763925729443,0.9070601213458356,3626,0.0132854938271124,0.0233784619550594,0.0017869744562395,0.0081071870511976,9.823423954419314e-05,0.018545340635155,0.0013460577020607,0.0146784645316906,0.0370993074163615,0.0019274788850065,0.0090974121046327,0.0003438198384046,0.0182158722184718,4.575088989340894e-05,0.000114515763468,8.595495960116899e-05,0.0182158722184718,0.0180129048304798,0.0520747589229927,0.028612543502974,0.0097975830054183,0.003351977858144,0.002578648788035,0.0006876396768093,0.9558536682854576,interfair/studies/requirements/evaluation/confirmation/credit_broad/1000/population/audit.npz,8ab8db463f7485a8e0c437563541516b4fef7f89643970403c9624f89a02f8c4,interfair/studies/requirements/runs/confirmation/credit_broad/1000/population/DONE.json,ff4a05d5b3c724818027a661c39a9fc6b3ccb14bd15b40a2d9572780eb32ffb0,10,40,60.33870200300589,bc86ef45e5297ea8b2cc51dcc90b4ba8ea85271a53be50e4d8cc8316928bdee0,70f21a07bb4832c2e2b22c8d32f8de76f7cc41124e3dc956fe990c9a24594135,6389760,1560,False,,False,True,9cbb8402e246bb30418ccd6d6aede39518aaa5df2a58b3f5fb620f4c713c484f,0.0321765851942539,0.0064676018135515516,paired fresh 40-epoch fitting; discovery source used only for target selection
credit_broad,1001,mlp,population_control,interfair/studies/requirements/runs/confirmation/credit_broad/1001/population/selected.pt,0.7795927137528518,0.9110329400197994,0.8927038626609443,0.8209526982011992,0.1355290968380372,0.4318540491077473,0.0083496713181869,0.0067520746155216,0.0122510213823442,0.0051544779128563,0.0083496713181869,0.9534109816971714,0.6608695652173913,0.8826745164003365,2378,0.9585654596100278,0.6525198938992043,0.8949255377826807,3626,0.0147877255719837,0.0192892144970069,0.0020671519300407,0.008855512107256,7.431624304145153e-05,0.0190918127210534,0.0011143037824893,0.0149635891601143,0.0196497999354658,0.0020386858053923,0.0096071776930632,0.0,0.0182248876496252,3.462786672396412e-05,0.0001722835089086,0.000602395317514,0.0182248876496252,0.0178881323283655,0.0529672633027771,0.0401586949317199,0.0143622679141032,0.0092888749372827,0.0032685560674183,0.0022368287904332,0.9659879321504308,interfair/studies/requirements/evaluation/confirmation/credit_broad/1001/population/audit.npz,1d7a9ccad21f8ea221e5032a787ce26ccf1e93153604a70b511762466c68269c,interfair/studies/requirements/runs/confirmation/credit_broad/1001/population/DONE.json,83811bad67887002afef014cc6cd67d816fb363896b6c9d6aaceb30d08cdd0e3,5,40,60.373931506008375,969fc55d49b000e87c9ffd5e34a57330bb71b821dfd88e441b659a1671513746,2b6c612e85b34b1f593a36069144a23720b75883e7eba6dc49bad429e4dedd8f,6389760,1560,True,,False,True,b0283130810294f3039f52e3adc52b8a78c870af27929be689c75a7d167633ab,0.04578404441123993,0.01898552816384653,paired fresh 40-epoch fitting; discovery source used only for target selection
credit_broad,1002,mlp,population_control,interfair/studies/requirements/runs/confirmation/credit_broad/1002/population/selected.pt,0.7843877629032323,0.914047274773086,0.8927933293627159,0.8201199200532978,0.1354089914277607,0.4311857070765807,0.0084119478722177,0.005718657068678,0.0100115649196509,0.0030253662651383,0.0084119478722177,0.9600665557404326,0.6834782608695652,0.8931875525651808,2378,0.963091922005571,0.6750663129973474,0.9031991174848316,3626,0.0145696478657536,0.0179912114648778,0.002259593395804,0.0124123337888981,0.0001236159553195,0.0208940748800964,0.0010429640651377,0.0147542962214744,0.0200757175188854,0.002221867979109,0.0108107672179622,0.0001716885683446,0.0181764248289565,4.2932397928029566e-05,9.566391501851211e-05,0.0002577763110965,0.0181764248289565,0.0180041573278201,0.0469635731808288,0.0276479040233172,0.0066132730937074,0.0033487982874003,0.0012880002433568,0.0003434227159013,0.9734826979557516,interfair/studies/requirements/evaluation/confirmation/credit_broad/1002/population/audit.npz,ceefaaefd7be0080b953fadd7221f90b0cc316fa8fe5058d234958a44147e6b2,interfair/studies/requirements/runs/confirmation/credit_broad/1002/population/DONE.json,4f72b0096d578707e7675f911ba83f0220fdca92c9bc022b97abdac0be281663,10,40,60.05864686600398,b6fd8f1924dbfa6985f7ffbb91a2cafe9e54faba5a18e3b60fa7e1ded857d04b,522b610016b01c9039b3a8e3b8ec418352621ee20e061a08d5ec6eca83f02c9f,6389760,1560,True,,False,True,e9870388e5e9b7de3195f0b6924d4350a6d57c60fdf9f4240d252b8e2266d1f2,0.033205746868841354,0.007763001948166188,paired fresh 40-epoch fitting; discovery source used only for target selection
credit_broad,1003,mlp,population_control,interfair/studies/requirements/runs/confirmation/credit_broad/1003/population/selected.pt,0.7824804947630601,0.9127367370220658,0.8931327924005541,0.8201199200532978,0.1370500817671822,0.4343702397824027,0.0209110829200783,0.0120452781570019,0.0069994901786323,0.0031794733939255,0.0209110829200783,0.9633943427620631,0.7026086956521739,0.900336417157275,2378,0.9665738161559888,0.6816976127320955,0.9073359073359072,3626,0.0151875432728205,0.0319806895957112,0.0021470100438415,0.0109580046109558,0.0001242213533661,0.0190950852605322,0.0011423354027295,0.0183532310563484,0.0669779205133095,0.0024700071226118,0.0096968410015782,8.595495960116899e-05,0.0169335769525613,4.621238574994435e-05,0.0001803624820038,0.0005154650143415,0.0169335769525613,0.0165907879140685,0.0786602270158089,0.0524769447814169,0.0123683767906163,0.0059297095096645,0.0012036382928621,0.0002579984849903,0.9210833467609142,interfair/studies/requirements/evaluation/confirmation/credit_broad/1003/population/audit.npz,373a62c4f5d3746aebbd274a11617b4339b22d0ce8382934131808bd8222ca58,interfair/studies/requirements/runs/confirmation/credit_broad/1003/population/DONE.json,6019d8d9fdda3edbb89c6ce7efb99a4c47349aace4c56b5d310ddd9b9b5761c4,5,40,60.46135876700282,b02d0aa4ee335cf779c42ad6aca7ca7596a76b04cf336294e4ecbb6c93c9f0fc,d8e05a9fa3bace941a264678ab28664f6b568f4f5c8d08a5a56dd97821dd2d7a,6389760,1560,True,,False,True,9feb5db123a25628018d2417d63572ca66c8554138ee51ad489fc3ef7c64b889,0.041415614347496604,0.016427439100226038,paired fresh 40-epoch fitting; discovery source used only for target selection
credit_broad,1004,mlp,population_control,interfair/studies/requirements/runs/confirmation/credit_broad/1004/population/selected.pt,0.7831008799990343,0.9133812635892582,0.891471341343313,0.8164556962025317,0.1376447335910406,0.4353949794438773,0.0357997924114865,0.0185929920518802,0.0014369169121061,0.0013861916922739,0.0357997924114865,0.9672767609539656,0.7373913043478261,0.911690496215307,2378,0.9686629526462396,0.7015915119363395,0.9131274131274132,3626,0.0136724313597307,0.0162796688306906,0.0019937422640219,0.0049222211815264,0.0,0.0205447080501126,0.0013436332089244,0.0143570361698188,0.0246243954883327,0.0020216793632836,0.0048914863223931,0.0,0.0197895707674728,9.014730900975256e-05,0.0002156638536938,0.0006009322337473,0.0197895707674728,0.0193726787517691,0.0914384931600788,0.0634522665618065,0.0148534047166351,0.0096166499667085,0.0033487922894744,0.0019749723235652,0.9605221997950322,interfair/studies/requirements/evaluation/confirmation/credit_broad/1004/population/audit.npz,62f72c731be3ac249af76ee49f050d23e8fe7d4533fa320a7c5739d2ad734453,interfair/studies/requirements/runs/confirmation/credit_broad/1004/population/DONE.json,a063e87cd03cd3a032c2d02f1a43087d47504fee084834244a60dd2778953d2e,10,40,60.116032187012024,4511e023320411178e241e52ea84dde6915b1fc152ba077a699b998614c92b05,70b1a5e4c9834faf8c4a0bb722fef34532f1ce11c7fb49a940c0daf80c192d22,6389760,1560,True,,False,True,7412f545bde9a67506d092582bb54167ad177186d61d5e26d457224886f5127a,0.04239982293586169,0.008706240016763336,paired fresh 40-epoch fitting; discovery source used only for target selection
credit_broad,1005,mlp,population_control,interfair/studies/requirements/runs/confirmation/credit_broad/1005/population/selected.pt,0.7798339791488111,0.9138678087808536,0.8920047732696897,0.8191205862758161,0.1376592876889645,0.4356173481713932,0.0051668373818318,0.0031046965135431,0.0134031063383459,0.0051668373818318,0.0010425556452543,0.9561841375485304,0.6747826086956522,0.8881412952060556,2378,0.961350974930362,0.6737400530503979,0.9015444015444016,3626,0.0129255517523772,0.0111353880426667,0.0019023837938335,0.0051177759960787,2.467308166790032e-05,0.021298532792159,0.0011221363463334,0.0137154451377459,0.0201860666319812,0.0020439023046648,0.0045473151648851,0.0,0.0193989961786025,3.806573484780541e-05,0.00016317558964,0.0002578209380583,0.0193989961786025,0.01908167737543,0.065762132030016,0.047714909482483,0.0128116600700358,0.0085133263226453,0.0027507863621999,0.0015465724465922,0.9670022732979828,interfair/studies/requirements/evaluation/confirmation/credit_broad/1005/population/audit.npz,aa0cc998660cbc17a18c976aac17e3bb65396865802252fc39fbd55a309dd3f8,interfair/studies/requirements/runs/confirmation/credit_broad/1005/population/DONE.json,12cd766b8f9a3b77699f79e69ab8a906e1d26834dca4a54c1ef1eb5425480a19,5,40,59.84067801799392,46e8d9dfcea48ba8907ad26aedbbce9958825e3b062e5d591409812dd4b55b4f,193148458da479db5aaa882da3d6770d0c3d4e92ef6116bc6ad64026d429d65e,6389760,1560,True,,False,True,59404adb06cf16717c76731a18d8ee2bc09a47997b26418f8f38db504c8c3b41,0.058762116449545654,0.01833352946462677,paired fresh 40-epoch fitting; discovery source used only for target selection
credit_broad,1006,mlp,population_control,interfair/studies/requirements/runs/confirmation/credit_broad/1006/population/selected.pt,0.7831230107474962,0.911390221393417,0.8920103606296075,0.8194536975349767,0.1371870978634319,0.435645497998154,0.0173705454964825,0.0094245234863332,0.0070463436437243,0.001478501476184,0.0173705454964825,0.956738768718802,0.6765217391304348,0.8889823380992431,2378,0.958217270194986,0.6591511936339522,0.8960286817429675,3626,0.011978321268663,0.0067549112165258,0.0017920579450087,0.0111977553638313,4.939735230191662e-05,0.0187327133358643,0.0011359817123011,0.0120795277379193,0.0103924069338618,0.001779974807927,0.0102125241722236,0.0,0.0190207416117919,4.051497956253175e-06,1.6856924988709457e-05,0.0,0.0190207416117919,0.0189891278817313,0.0126360076961564,0.0077366403027406,0.0009457758679567,0.000344219422411,0.0,0.0,0.9886618171981812,interfair/studies/requirements/evaluation/confirmation/credit_broad/1006/population/audit.npz,9c6b9299930f6be8ab0113e8860f5f9687ec4ebace1d2a5f58b3f8365be9cede,interfair/studies/requirements/runs/confirmation/credit_broad/1006/population/DONE.json,2988547ee0ec9a095382a564282c6ab3405c80d9164c950a071509faafd3f7be,5,40,60.25483303400688,55639135e87dfba70350572d190119063fac8d262050d1ebd98ae47f7bc33aed,0f8ae1b32a3301344809040b26b3b38a203615f4fdaa3a8432c111e285f4b8e9,6389760,1560,True,,False,True,657c0199ee7e7bd3aa513551d14218b876547708d22a33d18c9515a6ee26b07d,0.06840617070227763,0.026724333093654355,paired fresh 40-epoch fitting; discovery source used only for target selection
credit_broad,1007,mlp,population_control,interfair/studies/requirements/runs/confirmation/credit_broad/1007/population/selected.pt,0.7848395520736512,0.914480532556606,0.8919540229885058,0.8199533644237175,0.1358497687272148,0.4314095174438062,0.0079923278596334,0.0077581291010772,0.0146567844513296,0.0079923278596334,0.007523930342521,0.949528563505269,0.6573913043478261,0.8788898233809924,2378,0.9575208913649024,0.649867374005305,0.8935466078323221,3626,0.0125774041312024,0.0080297068371375,0.0018759138258554,0.0083030872222665,7.440804718942e-05,0.018491072305217,0.0014671805491694,0.0120295627510354,0.0084947423483858,0.0017095665185143,0.0085818097496328,0.0,0.0170937875128008,2.206348262910725e-05,0.0001289933375946,0.0004301747935302,0.0170937875128008,0.0168442756702853,0.0653442773767058,0.0479957136704853,0.0070407790321934,0.0040347275045186,0.0009456398078718,0.0007737294771514,0.9844644786194208,interfair/studies/requirements/evaluation/confirmation/credit_broad/1007/population/audit.npz,94f3d34477d5bfee921096097c714ed367a78d81cf7b8432d97fac2c02e66f3d,interfair/studies/requirements/runs/confirmation/credit_broad/1007/population/DONE.json,7d7fd6e67d75ef37f86b3a4b5bf05b47c27602f3764754a4bdf0c41a0f7fdbe4,5,40,60.19805298402207,bc16e4d450dcf0de3c8cf997e42502841ccf992fb3ea383ccdec3165496bb225,d15448f869e516d10695d558dd9bf05c80def7b78618fcd18fe40f67424be1e0,6389760,1560,True,,False,True,3cf23de808cb1e668b8a1d0484cb2212dc7da66f07dd92dd3c23c8b3a5b5afca,0.06789853611471362,0.03624051997662468,paired fresh 40-epoch fitting; discovery source used only for target selection
credit_broad,1008,mlp,population_control,interfair/studies/requirements/runs/confirmation/credit_broad/1008/population/selected.pt,0.7806472640359241,0.9113791959216476,0.8846524167148084,0.8004663557628248,0.1395982855277605,0.4401346125066759,0.0635243916503286,0.03277296864731,0.0111745514244612,0.0020215456442913,0.0635243916503286,0.9839156960621188,0.8765217391304347,0.9579478553406224,2378,0.9818941504178272,0.8129973474801061,0.9467733039161612,3626,0.0126918928657413,0.0112957968002434,0.0019125885419213,0.0146084242888619,0.0,0.0181468891604539,0.0013242138320269,0.0134338165627907,0.0162416243010123,0.0020325303460802,0.0141584213171175,0.0,0.0175044640362194,1.3263120211161365e-05,6.022011152564402e-05,0.0001716459913678,0.0175044640362194,0.0173886567645592,0.0357955535708149,0.024719818472872,0.0018883538597282,0.0012015104703055,0.0004291108822519,0.0,0.9818700218392594,interfair/studies/requirements/evaluation/confirmation/credit_broad/1008/population/audit.npz,6e3c3f97bc5311c67c7ebee74d8e5e889a4c579f3dbfce74b0cd92a204d59b1c,interfair/studies/requirements/runs/confirmation/credit_broad/1008/population/DONE.json,9fecd45afbdf437517eb035df68990dddfc8cb0166a5a7d844c498f1c8a85d56,5,40,59.72268199396785,733bb11b21a9275c42ce5c287ad16113901b0b8f4f31f0b6b6ede38b85476c32,9d21a91e2a77d5bb3263038e13d2bbf5595d79df7eefbe957193fc116e60143c,6389760,1560,True,,False,True,c1ec6de2ec16b7db17dcca5c01fd9c669b31ea42506e3603cbd4d16798e2bb56,0.03895285794371356,0.006038632990359176,paired fresh 40-epoch fitting; discovery source used only for target selection
credit_broad,1009,mlp,population_control,interfair/studies/requirements/runs/confirmation/credit_broad/1009/population/selected.pt,0.7811880590528844,0.9095689176654608,0.8934426229508197,0.8224516988674218,0.1360128491189185,0.433353605271132,0.0125198938992042,0.0096691326614379,0.0185588430812508,0.0068183714236716,0.0125198938992042,0.951747088186356,0.64,0.8763666947014298,2378,0.9585654596100278,0.6525198938992043,0.8949255377826807,3626,0.0119706568666587,0.0050121008635483,0.001727076666899,0.0037600521364915,0.0,0.0195301704629433,0.0013991706173685,0.0118662854229138,0.0048884820152466,0.0015965134498713,0.0032599768317596,0.0,0.0175141375876245,2.6642393979136536e-05,0.000110807128308,0.0001714679455494,0.0175141375876245,0.0172975292252512,0.0460405170340257,0.0342728622495612,0.0085890307911477,0.0063554416525953,0.0003437312706977,0.0001719099192023,0.9865224871936056,interfair/studies/requirements/evaluation/confirmation/credit_broad/1009/population/audit.npz,3e1137d25403ea64a0e6b5447e435fb5f97acd5367868a83a230506f15acf0d6,interfair/studies/requirements/runs/confirmation/credit_broad/1009/population/DONE.json,4dc8dc251c46b457374dcccb85ea2482b6bded5a1c0a583ca7a65c0fd2bed91b,5,40,59.66434939298779,b724d46a46516d2347887c39b000cf71009aef08e6c8f1e66a94dba14b8ba76d,8c4799015dfdf80c447365b73462efea19f6ce5f721e395cb652af1065a18909,6389760,1560,True,,False,True,7e773456aa16c061df91c811c3b04b5727804d6d170d1ab38d69e15c496ca1a3,0.030733405911774894,0.010528690941491852,paired fresh 40-epoch fitting; discovery source used only for target selection
credit_broad,1000,mlp,task_control,interfair/studies/requirements/runs/confirmation/credit_broad/1000/task/selected.pt,0.7800129565472813,0.9104320295536672,0.8938221998995479,0.8239506995336442,0.1344713736113676,0.4295747545488034,0.0169738207819166,0.0142825357569144,0.0238456303577053,0.0115912507319122,0.0169738207819166,0.9445368829728232,0.6156521739130435,0.8650126156433978,2378,0.9561281337047354,0.6326259946949602,0.8888582460011032,3626,0.0150230271829005,0.0311439754494727,0.0027985012714056,0.0082074795906781,0.0001232003443493,0.0200878544074086,0.0017327934410419,0.0151344092921051,0.0308841618704346,0.002556032328836,0.007809986243419,0.0001719099192023,0.0190210944650135,1.256318718607664e-05,4.258891054572107e-05,8.595495960116899e-05,0.0190210944650135,0.0189444084731444,0.021035350343351,0.0112464615205816,0.004293511607847,0.0021449023610833,0.0005155969744562,0.0001719099192023,0.9653379234961744,interfair/studies/requirements/evaluation/confirmation/credit_broad/1000/task/audit.npz,68ad6ff9543d1b9e3de160fd3151466ef72da01cbd9730d9cea409d836f40448,interfair/studies/requirements/runs/confirmation/credit_broad/1000/task/DONE.json,c88b3a639107c667b86afcfcc053af283c0f7d9c3f166e27f6a237df21a952ff,5,40,60.53860124904895,bc86ef45e5297ea8b2cc51dcc90b4ba8ea85271a53be50e4d8cc8316928bdee0,70f21a07bb4832c2e2b22c8d32f8de76f7cc41124e3dc956fe990c9a24594135,6389760,1560,True,,False,True,b9426347fb6a80d7c3ce12acc4b3dc998aaaf6d43daa3cf362ea81733a384289,0.0,5.138099074429294e-19,paired fresh 40-epoch fitting; discovery source used only for target selection
credit_broad,1001,mlp,task_control,interfair/studies/requirements/runs/confirmation/credit_broad/1001/task/selected.pt,0.7836465840183806,0.9125389270255552,0.8892031107968892,0.8172884743504331,0.1350767805835251,0.4313811646278376,0.0383439049705915,0.0312302559627868,0.0381980992337834,0.0241166069549821,0.0383439049705915,0.9267886855241264,0.5982608695652174,0.8473507148864592,2378,0.9509052924791086,0.636604774535809,0.8855488141202427,3626,0.0487490316534921,0.3747326618545802,0.0077987460485111,0.0242516666977889,0.0137151003931672,0.0305681499677136,0.0055629109455704,0.044465763771707,0.3430179780743398,0.0068641523050983,0.0225669540769817,0.0124359405964457,0.0298284266549468,0.0011189262275468,0.0012983837941382,0.0030920904077354,0.0298284266549468,0.0274399088424335,0.1558047466131806,0.0858614631845725,0.0900576588791356,0.0455165856124012,0.0541781346046148,0.0277415131215098,0.6100066663993768,interfair/studies/requirements/evaluation/confirmation/credit_broad/1001/task/audit.npz,21c12fb06f9ab73417305403188fda2415cdc4373f85bacf7eda21ed8acc5e4d,interfair/studies/requirements/runs/confirmation/credit_broad/1001/task/DONE.json,f918a622acc29a5eb108fda8203ad32d493d308b735bf471d983efe1a51ff151,15,40,60.247498149983585,969fc55d49b000e87c9ffd5e34a57330bb71b821dfd88e441b659a1671513746,2b6c612e85b34b1f593a36069144a23720b75883e7eba6dc49bad429e4dedd8f,6389760,1560,True,,False,True,e30b0091c231e3951b9f7ef0538eba1695451e0612cbe7ccddb8bc41a57d22bd,0.0,1.46569486626465e-18,paired fresh 40-epoch fitting; discovery source used only for target selection
credit_broad,1002,mlp,task_control,interfair/studies/requirements/runs/confirmation/credit_broad/1002/task/selected.pt,0.7828711225922751,0.9134843947834772,0.8933427334071911,0.8236175882744837,0.1341842006859036,0.4283572349670541,0.0347779956175757,0.0225529384400786,0.0271198061658232,0.0103278812625815,0.0347779956175757,0.942318358291736,0.5965217391304348,0.8587047939444912,2378,0.9526462395543176,0.6312997347480106,0.8858246001103144,3626,0.0164185593174026,0.0347968080245308,0.0032776204928912,0.0107452315350492,0.0001491753462653,0.0226726376156409,0.0020405680310053,0.0166408279375683,0.0402349707734344,0.0029730707808424,0.011755261916148,0.0,0.0206487702620013,1.2177942221143905e-05,4.110488851368053e-05,0.0,0.0206487702620013,0.0205778246534136,0.0332077790680473,0.0157025613220223,0.0018024436573632,0.0007725764498288,0.000257510744795,0.0,0.9582200520985534,interfair/studies/requirements/evaluation/confirmation/credit_broad/1002/task/audit.npz,b4d0afed43ec7e2787e52f64937677bc034f1fe56054e171c127ea23b5504828,interfair/studies/requirements/runs/confirmation/credit_broad/1002/task/DONE.json,db773fafaa9f8ca7ba86f1a458cf56a647e383273a81674e95ca6559af879005,5,40,60.371920495992526,b6fd8f1924dbfa6985f7ffbb91a2cafe9e54faba5a18e3b60fa7e1ded857d04b,522b610016b01c9039b3a8e3b8ec418352621ee20e061a08d5ec6eca83f02c9f,6389760,1560,True,,False,True,0e462506fb8a1a3d9f1a95d43dfe21eb1fa3d8dbace8a82a3e90a03176dcd5f5,0.027438626112520424,0.0090073244370798,paired fresh 40-epoch fitting; discovery source used only for target selection
credit_broad,1003,mlp,task_control,interfair/studies/requirements/runs/confirmation/credit_broad/1003/task/selected.pt,0.7851089838767438,0.9132498314688432,0.8919944100618886,0.8197868087941372,0.1344646460632023,0.4290781262430856,0.0170868411947872,0.0167440248209331,0.0265976915622476,0.016401208447079,0.0170868411947872,0.9456461453133668,0.648695652173913,0.8738435660218671,2378,0.9620473537604456,0.6657824933687002,0.9004412575841148,3626,0.0433207023463018,0.3380857872090019,0.006899406611163,0.0157249816835974,0.0083927558771492,0.0294440029292043,0.0047567752209206,0.0403909912497958,0.3100039601395816,0.0061062191301733,0.0149337877920146,0.0070380747128475,0.0291444441269382,0.0008165761570084,0.0011587939993111,0.0012007665830929,0.0291444441269382,0.0269630256830605,0.1439627930422448,0.0857032097064179,0.0813355013207027,0.0442670481114535,0.0479613569901378,0.0252238940285964,0.6371491579199144,interfair/studies/requirements/evaluation/confirmation/credit_broad/1003/task/audit.npz,2ca9e687723150003fed6c6c2b9f62b2160bed25cec53d292ab66335a9855413,interfair/studies/requirements/runs/confirmation/credit_broad/1003/task/DONE.json,ed6b9408fdd029689232c963cfc22222ba66cbb885ab9c6b85b5ab9372fcf72e,15,40,60.47426165896468,b02d0aa4ee335cf779c42ad6aca7ca7596a76b04cf336294e4ecbb6c93c9f0fc,d8e05a9fa3bace941a264678ab28664f6b568f4f5c8d08a5a56dd97821dd2d7a,6389760,1560,True,,False,True,4cf8dee2758ed0b95ebda52513be678bf5f61ef2f0f0e81e877f739b8e39ad7c,0.0,1.1225212406642426e-18,paired fresh 40-epoch fitting; discovery source used only for target selection
credit_broad,1004,mlp,task_control,interfair/studies/requirements/runs/confirmation/credit_broad/1004/task/selected.pt,0.7828316896222886,0.911651664433318,0.8934335839598998,0.8229513657561626,0.1346632066058162,0.4307541493734322,0.0311498097105293,0.0198807314179264,0.0244871981024811,0.0086116531253234,0.0311498097105293,0.9478646699944536,0.6173913043478261,0.8679562657695542,2378,0.9564763231197771,0.6485411140583555,0.8924434638720353,3626,0.0157770786642682,0.0310085649080608,0.0032507343270314,0.010306466999434,0.0001731929369399,0.0194779782299661,0.002335966766199,0.0146477669028614,0.0239282612238233,0.0025935257633857,0.0072939836862884,8.555783709787816e-05,0.016462278992861,0.0001780720767426,0.000349161810523,0.0001719099192023,0.016462278992861,0.0157827187664979,0.102038814005181,0.0744947673159142,0.0307671189989664,0.0206284939474712,0.006960498905934,0.0036097115922638,0.9458190253841566,interfair/studies/requirements/evaluation/confirmation/credit_broad/1004/task/audit.npz,ab91a06e267237242356b63ca16ce4047e5c7aca6bcd825a5deb8bb7351756a1,interfair/studies/requirements/runs/confirmation/credit_broad/1004/task/DONE.json,3ccea2f1faabe9e8a049f1017e4820a065bc021c5cc6d954e6da9f2750c00077,5,40,60.355189888970926,4511e023320411178e241e52ea84dde6915b1fc152ba077a699b998614c92b05,70b1a5e4c9834faf8c4a0bb722fef34532f1ce11c7fb49a940c0daf80c192d22,6389760,1560,True,,False,True,165efe0b2d7ef1fa54480ee0108f492dd1da1d3a1b82a97c1cf37ec36f34fa11,0.035350516751014784,0.011018036956937302,paired fresh 40-epoch fitting; discovery source used only for target selection
credit_broad,1005,mlp,task_control,interfair/studies/requirements/runs/confirmation/credit_broad/1005/task/selected.pt,0.7899493407048845,0.9156687441481988,0.8921136909527622,0.8204530313124584,0.1339189186431148,0.42756916765573,0.0161824072228736,0.015883845751905,0.026390330187038,0.0161824072228736,0.0155852842809364,0.9434276206322796,0.6382608695652174,0.8696383515559294,2378,0.9596100278551531,0.6538461538461539,0.8960286817429675,3626,0.0256834603034384,0.1305349086177666,0.0047879390075425,0.0149847416358555,0.0015573771226583,0.0258104328444145,0.0038656464092427,0.0255704614703064,0.1314282237433623,0.0040670375206165,0.014848574521785,0.0008588003894849,0.0242059789719348,0.000144200770363,0.000283451247111,0.0004286280574578,0.0242059789719348,0.0236740391544414,0.0794092741867309,0.0495618351508462,0.0230751311898879,0.012607717008675,0.0082374694116959,0.0044616701620117,0.8479862065507842,interfair/studies/requirements/evaluation/confirmation/credit_broad/1005/task/audit.npz,54b81999d34614790714f36b4356578f993a6af1acb27c2b67af4579a2469b9f,interfair/studies/requirements/runs/confirmation/credit_broad/1005/task/DONE.json,ad9afec7e80697bee1a5b61f535c2e612c76ca6b52cf80fdc8c85e29f6aa3cee,10,40,60.27807349798968,46e8d9dfcea48ba8907ad26aedbbce9958825e3b062e5d591409812dd4b55b4f,193148458da479db5aaa882da3d6770d0c3d4e92ef6116bc6ad64026d429d65e,6389760,1560,True,,False,True,9d6620d5b1a652a1487f5c2536efef02d3f579aade2379e29974baa22d284688,0.01934743837543609,0.010101163464229174,paired fresh 40-epoch fitting; discovery source used only for target selection
credit_broad,1006,mlp,task_control,interfair/studies/requirements/runs/confirmation/credit_broad/1006/task/selected.pt,0.7846460890943695,0.9115549709136584,0.8938997382725992,0.8244503664223851,0.1339616104010248,0.4285009605886457,0.0317126052358436,0.0223421270794738,0.0284987361161817,0.0129716489231039,0.0317126052358436,0.9417637271214644,0.5982608695652174,0.8587047939444912,2378,0.9547353760445684,0.629973474801061,0.8872035300606729,3626,0.0159084366232402,0.0267438186378462,0.0031995801901643,0.0110683423789714,9.945650270546816e-05,0.0229934007860825,0.0020341797134024,0.0155089256976839,0.0209510625164984,0.0026102151892695,0.0119287958817003,0.0,0.0237480279797654,8.876023823977363e-06,5.065262421446321e-05,0.0,0.0237480279797654,0.0236514331809655,0.0178960627431641,0.0116186654608056,0.0043033450291693,0.0027541574247982,0.0009464393797976,0.0005165289256198,0.9747455924543322,interfair/studies/requirements/evaluation/confirmation/credit_broad/1006/task/audit.npz,293af5abb8eeb1cf18204e13716e999f7684580a3e0a5a79f6d62088a7d6236d,interfair/studies/requirements/runs/confirmation/credit_broad/1006/task/DONE.json,45b3ac181d20045832bbcb7b2b77cfab8675ef1b14dbe498e558a4e685cfbc06,5,40,60.067646555020474,55639135e87dfba70350572d190119063fac8d262050d1ebd98ae47f7bc33aed,0f8ae1b32a3301344809040b26b3b38a203615f4fdaa3a8432c111e285f4b8e9,6389760,1560,True,,False,True,4fab4ccba6e22c39069ae05736bb0ea6e3fe5be2fc3bcb2481a29f73ff91fd2e,0.0495452668094044,0.025454198938990084,paired fresh 40-epoch fitting; discovery source used only for target selection
credit_broad,1007,mlp,task_control,interfair/studies/requirements/runs/confirmation/credit_broad/1007/task/selected.pt,0.7823557578171838,0.9116056089953886,0.8932213557288542,0.8221185876082612,0.1346203510428585,0.4304096701155661,0.0370430169530618,0.0269994282852063,0.0319334198344171,0.0169558396173508,0.0370430169530618,0.9450915141430948,0.6260869565217392,0.8679562657695542,2378,0.9620473537604456,0.6631299734748011,0.8998896856039713,3626,0.0256249277177537,0.1294316538771036,0.0046646795167244,0.0151779185373578,0.0015127797611609,0.0237701035971329,0.0044898138184323,0.0232593509532661,0.0991806653193276,0.0039888779937172,0.0136422440515899,0.000601640776463,0.0214153674596988,0.0002387392145717,0.0005013897887829,0.0019768440067097,0.0214153674596988,0.0204391617394306,0.07672600977774,0.0537870114330705,0.0366903588033766,0.0261258158973754,0.0214893130579565,0.0143589146185189,0.8674834855318818,interfair/studies/requirements/evaluation/confirmation/credit_broad/1007/task/audit.npz,dd50bbcb88d4d119accd7a349ba216cea021f024c1e6a972a7dccdf60e0fc25f,interfair/studies/requirements/runs/confirmation/credit_broad/1007/task/DONE.json,578e42dade866e4cd086f9192d33d9ae6cdf90deb751afd31e79874ac17b4aa7,10,40,59.93943179596681,bc16e4d450dcf0de3c8cf997e42502841ccf992fb3ea383ccdec3165496bb225,d15448f869e516d10695d558dd9bf05c80def7b78618fcd18fe40f67424be1e0,6389760,1560,True,,False,True,a345b4b73dca951101d78153a00378b086b21ca1ab5e99439b31482fe4e9065a,0.055034599852350916,0.03202891392253613,paired fresh 40-epoch fitting; discovery source used only for target selection
credit_broad,1008,mlp,task_control,interfair/studies/requirements/runs/confirmation/credit_broad/1008/task/selected.pt,0.7808072492284416,0.911194992893647,0.8932932932932933,0.8224516988674218,0.1350314717416181,0.4318411689163724,0.033889978087879,0.0231982044370401,0.0279276805168912,0.0125064307862011,0.033889978087879,0.9467554076539102,0.6226086956521739,0.868376787216148,2378,0.9592618384401114,0.656498673740053,0.8963044677330392,3626,0.0153287568310257,0.0236115364363675,0.0034390265507871,0.0159852549929,0.0001241159832535,0.0220593734053589,0.0029170016262781,0.0148839547006264,0.0213851501848183,0.003076442828632,0.0164764154679855,8.608815426997245e-05,0.0227604582912892,3.6338042510735336e-06,2.03293886538357e-05,8.555783709787816e-05,0.0227604582912892,0.022723584551683,0.0100554852563119,0.0060158066717008,0.0017203016400998,0.0008596860752196,0.0004296444763581,8.582217645039477e-05,0.9769806363293516,interfair/studies/requirements/evaluation/confirmation/credit_broad/1008/task/audit.npz,2e5105fe4148b9dcd850c6c44f7081c9b0c1ea1f1a06c3d4d9d65d523973ee1d,interfair/studies/requirements/runs/confirmation/credit_broad/1008/task/DONE.json,468a4a48ffd86613c2ac8266a8b68fd9d5929c39ac645fcb38cd3360b819fbc7,5,40,60.00723697303329,733bb11b21a9275c42ce5c287ad16113901b0b8f4f31f0b6b6ede38b85476c32,9d21a91e2a77d5bb3263038e13d2bbf5595d79df7eefbe957193fc116e60143c,6389760,1560,True,,False,True,006d667123d8e18045141c4859db7e9f58410c966d422405dc31779d887c0feb,0.0,7.797163173724626e-19,paired fresh 40-epoch fitting; discovery source used only for target selection
credit_broad,1009,mlp,task_control,interfair/studies/requirements/runs/confirmation/credit_broad/1009/task/selected.pt,0.7895161413631736,0.9147128193868376,0.8922096035066747,0.8197868087941372,0.1336879788902483,0.426617058428431,0.0162718202562426,0.0141144593150663,0.0251503369970268,0.0162718202562426,0.01195709837389,0.9478646699944536,0.6591304347826087,0.8780487804878049,2378,0.9641364902506964,0.6710875331564987,0.9031991174848316,3626,0.0229043087274274,0.0957648671775565,0.0037992040250527,0.011469679163146,0.0013129132997586,0.0244048983540973,0.0025193113732049,0.0230485293716335,0.0990195985263085,0.0032842109987362,0.0105564783514226,0.0013735599567629,0.0224854291205758,0.0004840010026189,0.0008425812735782,0.0030911968109091,0.0224854291205758,0.0208405034669293,0.1029763116729549,0.0702924573925423,0.04816328669434,0.0338347683859505,0.0326356032748244,0.024135280856853,0.8595158308179234,interfair/studies/requirements/evaluation/confirmation/credit_broad/1009/task/audit.npz,80ab45c705a1dfbae1fdc5b57018537236ed8ce80f36e5ae8312410944ae1dbc,interfair/studies/requirements/runs/confirmation/credit_broad/1009/task/DONE.json,23174a6327f063f8985d08f30fe76991ed165497f912b0528a49013df66361ee,10,40,60.090302474971395,b724d46a46516d2347887c39b000cf71009aef08e6c8f1e66a94dba14b8ba76d,8c4799015dfdf80c447365b73462efea19f6ce5f721e395cb652af1065a18909,6389760,1560,True,,False,True,136aac5762c38fd846c812df48d881a241711007ee17a439f013eb45b31fe8aa,0.0,8.671123496762397e-19,paired fresh 40-epoch fitting; discovery source used only for target selection
credit_broad,1000,mlp,witness_augmentation,interfair/studies/requirements/runs/confirmation/credit_broad/1000/augmentation/selected.pt,0.7586958148742773,0.893469566386353,0.8909582457194353,0.8186209193870753,0.1384657248307635,0.4521372709659439,0.0134332833583208,0.0107066258744894,0.0194409407433557,0.007979968390658,0.0134332833583208,0.9467554076539102,0.6417391304347826,0.8730025231286795,2378,0.9547353760445684,0.6551724137931034,0.8924434638720353,3626,0.0406252428934726,0.2818321107761815,0.0063709063416455,0.0153440160907817,0.0038895154587775,0.0393617942498946,0.0049914980164561,0.0471257045838748,0.329121325261421,0.007444194689448,0.0140720657549041,0.0018906222462529,0.051651115255188,0.0507076862382402,0.0063419095055746,0.0019704818391116,0.051651115255188,0.0390141210219433,0.2534482153176916,0.2285598622591431,0.2048022032255021,0.1801728373890244,0.1668906638047537,0.1435494478980798,0.5525139991578928,interfair/studies/requirements/evaluation/confirmation/credit_broad/1000/augmentation/audit.npz,3bb770283f473e4c64e23bae559a43850952cddc90123bdbfca7448a39ca097e,interfair/studies/requirements/runs/confirmation/credit_broad/1000/augmentation/DONE.json,49a61bb8c6456795aed67b4910b03b2fd5915d53893732192632ccc6fd6db2b3,5,40,60.70311008498538,bc86ef45e5297ea8b2cc51dcc90b4ba8ea85271a53be50e4d8cc8316928bdee0,70f21a07bb4832c2e2b22c8d32f8de76f7cc41124e3dc956fe990c9a24594135,6389760,1560,False,,False,True,69ff16e74a80e520f0dfe1a86e8578480c6c948a049297c61329c6f846400935,0.04485323006916309,0.03121357301358376,paired fresh 40-epoch fitting; discovery source used only for target selection
credit_broad,1001,mlp,witness_augmentation,interfair/studies/requirements/runs/confirmation/credit_broad/1001/augmentation/selected.pt,0.760618856202444,0.8957668455842858,0.8860353130016051,0.8107928047968022,0.1421989676683109,0.4654501279282684,0.0136433088152367,0.0122789257719362,0.0176825441153207,0.0136433088152367,0.0109145427286356,0.9362174154187464,0.6660869565217391,0.8708999158957107,2378,0.9498607242339832,0.6551724137931034,0.8885824600110315,3626,0.038683018922809,0.28704799815944,0.0051786552511061,0.0076932400905385,0.0031187788341635,0.036932571273198,0.0043069391404343,0.0349276681466442,0.2448747226537772,0.0046043126570158,0.0073807409335009,0.0020607101180906,0.033815229573404,0.0032766088683189,0.0019296702381527,0.0022344779633417,0.033815229573404,0.0300091414253701,0.1905187402522405,0.1554798785866523,0.1149342311920519,0.0909619499689983,0.0778054302119691,0.0576074248163332,0.6689799548868663,interfair/studies/requirements/evaluation/confirmation/credit_broad/1001/augmentation/audit.npz,a17dd1a0b3b067f92dc53a629e3fa66d3a984111733814157dfb834d724331ed,interfair/studies/requirements/runs/confirmation/credit_broad/1001/augmentation/DONE.json,7fc551c44a9508e550b50447b79e64f00baa25bfa731a733ea11eb875d916f31,5,40,60.6692782449536,969fc55d49b000e87c9ffd5e34a57330bb71b821dfd88e441b659a1671513746,2b6c612e85b34b1f593a36069144a23720b75883e7eba6dc49bad429e4dedd8f,6389760,1560,False,,False,True,0cd795653475a4b5ab5e65fc12e335f93f749bfa23d0c5fcb65c61d48a46f529,0.07106004034264093,0.03483445346470144,paired fresh 40-epoch fitting; discovery source used only for target selection
credit_broad,1002,mlp,witness_augmentation,interfair/studies/requirements/runs/confirmation/credit_broad/1002/augmentation/selected.pt,0.7536108931567701,0.8929939969946631,0.8857284932869219,0.8086275816122585,0.1455731168024997,0.4755284799194388,0.0220122142452149,0.0218456873325025,0.0305350062649113,0.0220122142452149,0.0216791604197901,0.9389905712701054,0.6852173913043478,0.8776282590412111,2378,0.9610027855153204,0.7068965517241379,0.9081632653061223,3626,0.0442905109510421,0.3198424313160651,0.0062571853086097,0.0132081224498426,0.0036839416754668,0.0472537242978531,0.0062370881070919,0.0446350109665342,0.324155330684461,0.0062493451439038,0.0139030766913459,0.0041182418928832,0.0469282428263164,0.0485421454209728,0.0105838397494721,0.0117561205275374,0.0469282428263164,0.0258427494948014,0.3919643797996424,0.3515578255521303,0.3101813265755652,0.2713953303812974,0.2414171113202112,0.2063170972094558,0.4662984661443305,interfair/studies/requirements/evaluation/confirmation/credit_broad/1002/augmentation/audit.npz,a4b18a9ad22806c63018412e62548ccdc92a08e7738ced59885a9ea58369580e,interfair/studies/requirements/runs/confirmation/credit_broad/1002/augmentation/DONE.json,f05de3a3177ae976b4124564f85504aa5eff31081f33e4aef239710bf91f0e60,5,40,60.10429008502979,b6fd8f1924dbfa6985f7ffbb91a2cafe9e54faba5a18e3b60fa7e1ded857d04b,522b610016b01c9039b3a8e3b8ec418352621ee20e061a08d5ec6eca83f02c9f,6389760,1560,False,,False,True,dde7646976288a05915f8b5267658bfbce59af293ecd55a975a07a293766e57f,0.07041155812565834,0.04051860431965565,paired fresh 40-epoch fitting; discovery source used only for target selection
credit_broad,1003,mlp,witness_augmentation,interfair/studies/requirements/runs/confirmation/credit_broad/1003/augmentation/selected.pt,0.7507503128483078,0.8983578517373721,0.8745497581558094,0.7969686875416389,0.1491574499522656,0.4694519470403218,0.0186875792872793,0.0173361175032731,0.0271430009505223,0.0159846557192669,0.0186875792872793,0.899057127010538,0.5860869565217391,0.8233809924306139,2378,0.915041782729805,0.6047745358090185,0.8505239933811363,3626,0.0483211818590595,0.3808805219783504,0.0081813418361166,0.0219411191215019,0.0112046270525739,0.0438714151221105,0.005077622522869,0.0507143291510625,0.4056366894729746,0.0071980761790322,0.0187090516207352,0.0097864183380194,0.0357293409249856,0.009531577083485,0.00506157541866,0.0054058896098893,0.0357293409249856,0.0257634141333167,0.3087295944544009,0.2527528426162281,0.235652499481561,0.1779502547326743,0.1791458119238853,0.1308859669863217,0.4605631378397021,interfair/studies/requirements/evaluation/confirmation/credit_broad/1003/augmentation/audit.npz,ddc462982767374286051e20c17c3448cfec5c870e49b18ce11597d59e030e15,interfair/studies/requirements/runs/confirmation/credit_broad/1003/augmentation/DONE.json,9feafef5a98d391ace99c89648a9d9d1e0289c77ee4112ba1b9ffced8b65d39b,5,40,60.369639348995406,b02d0aa4ee335cf779c42ad6aca7ca7596a76b04cf336294e4ecbb6c93c9f0fc,d8e05a9fa3bace941a264678ab28664f6b568f4f5c8d08a5a56dd97821dd2d7a,6389760,1560,False,,False,True,f12aa1cd6323e57adfff21b288bb27c8db992eb92573b6e5eb6acecaa12fa276,0.07711979663912304,0.03501306378481866,paired fresh 40-epoch fitting; discovery source used only for target selection
credit_broad,1004,mlp,witness_augmentation,interfair/studies/requirements/runs/confirmation/credit_broad/1004/augmentation/selected.pt,0.7553193869380298,0.8947559993649855,0.8856624319419237,0.8111259160559627,0.14384626789687,0.466557270267861,0.0312374581939799,0.0245818546213018,0.0310492346416892,0.0179262510486237,0.0312374581939799,0.9284525790349416,0.6226086956521739,0.8544995794785534,2378,0.9463788300835656,0.6538461538461539,0.8855488141202427,3626,0.0427627051638957,0.3200203178436164,0.0067005577710127,0.0158055092013615,0.0063185028126725,0.0420620241312222,0.004293853416135,0.0406455731040439,0.3022670651411522,0.006148420634577,0.0156193049229211,0.0031745503156392,0.0437243344324314,0.0289867173418629,0.0100105238085905,0.0087583742053718,0.0437243344324314,0.0237707526882352,0.4028872068630007,0.3678554901289654,0.3280989787776916,0.2950455989772913,0.2740988500876367,0.2423392104087207,0.4638619381573798,interfair/studies/requirements/evaluation/confirmation/credit_broad/1004/augmentation/audit.npz,69b4be25937efe9fafab0ed41d9d5b8d6759b90cfdf80f923bcb2c0d4c300593,interfair/studies/requirements/runs/confirmation/credit_broad/1004/augmentation/DONE.json,c0dafc477b3915ffeefbb232f07f17e9bb787d3ca0dd26b493bd1e67ec8545ce,5,40,60.21144688600907,4511e023320411178e241e52ea84dde6915b1fc152ba077a699b998614c92b05,70b1a5e4c9834faf8c4a0bb722fef34532f1ce11c7fb49a940c0daf80c192d22,6389760,1560,False,,False,True,5e0035fa64cf3c2e0077f649da17413756cce8eb8f908598115bb09a465f120d,0.060422448764927014,0.035303007356816185,paired fresh 40-epoch fitting; discovery source used only for target selection
credit_broad,1005,mlp,witness_augmentation,interfair/studies/requirements/runs/confirmation/credit_broad/1005/augmentation/selected.pt,0.7577177162677097,0.8982961003855288,0.8787067545304778,0.8037974683544303,0.1468809017667311,0.4692464650194476,0.0177379622634513,0.0152223429123737,0.0278529933101602,0.0177379622634513,0.0127067235612962,0.9018302828618968,0.5721739130434783,0.8221194280908326,2378,0.9195682451253482,0.5848806366047745,0.8499724214009928,3626,0.0479107945845426,0.3675759674381064,0.0082358731611809,0.0207587525547626,0.0074535077717753,0.0557181734168941,0.0072740798375209,0.0464761519215656,0.3610147940560212,0.0078910825377497,0.0187926098776865,0.0082429305285604,0.0517527771161394,0.0383898512331828,0.0124330353479888,0.0155332139144819,0.0517527771161394,0.0270045550123905,0.3063222572783448,0.266646985894062,0.2453549859235912,0.2098093718945012,0.2059496024979671,0.1765929343760501,0.4967934768783865,interfair/studies/requirements/evaluation/confirmation/credit_broad/1005/augmentation/audit.npz,382f26519f9b338019b630cf7ef0bdd86c81d9e326cf877235d363792587c960,interfair/studies/requirements/runs/confirmation/credit_broad/1005/augmentation/DONE.json,8d563721387cec6b8ffcb2d16569032e3acc63c67fa9c865a8a86fd0f904010a,5,40,60.50637255900074,46e8d9dfcea48ba8907ad26aedbbce9958825e3b062e5d591409812dd4b55b4f,193148458da479db5aaa882da3d6770d0c3d4e92ef6116bc6ad64026d429d65e,6389760,1560,False,,False,True,de9b3bbd98107addef256c0bb8a99c2d87695ce6d72aa06a82de4c8df7cd1c24,0.08923386769293086,0.04789581301726517,paired fresh 40-epoch fitting; discovery source used only for target selection
credit_broad,1006,mlp,witness_augmentation,interfair/studies/requirements/runs/confirmation/credit_broad/1006/augmentation/selected.pt,0.7640850947397223,0.901220000978474,0.8852625177376849,0.8114590273151232,0.1400994584739712,0.4478516148685023,0.0260823434436627,0.0203603913140616,0.0278492821446083,0.0146384391844605,0.0260823434436627,0.9251247920133112,0.6052173913043478,0.847771236333053,2378,0.9397632311977716,0.6312997347480106,0.8756205184776613,3626,0.0269248529542506,0.1424016506854903,0.0046451182017007,0.0118251035848802,0.0024736388400559,0.04022875596815,0.0038690505174182,0.0243792569506721,0.1118482962368278,0.0039991255861591,0.0113250438201952,0.002232492039269,0.0310429435234798,0.0058820301114383,0.0045776452147211,0.0055826780227315,0.0310429435234798,0.0219450946087534,0.335478186279297,0.2927164663745543,0.229477938411763,0.1927375319604307,0.1559248581034091,0.1280221204243443,0.6847027113846514,interfair/studies/requirements/evaluation/confirmation/credit_broad/1006/augmentation/audit.npz,24716515b3864e0a431e36c2a826604d6417514f1e918dde91deccdab92c3235,interfair/studies/requirements/runs/confirmation/credit_broad/1006/augmentation/DONE.json,bb0bdff9efba41027f85e753cdad1e412e72db4edec13ba9a2ca47eaa4b7c74d,5,40,60.43221353198169,55639135e87dfba70350572d190119063fac8d262050d1ebd98ae47f7bc33aed,0f8ae1b32a3301344809040b26b3b38a203615f4fdaa3a8432c111e285f4b8e9,6389760,1560,True,,False,True,86c6060a04de21b84d3776b26f8ad5fa0b3db8571b26881acbc7dbef746310ea,0.069215582952348,0.03779083850897962,paired fresh 40-epoch fitting; discovery source used only for target selection
credit_broad,1007,mlp,witness_augmentation,interfair/studies/requirements/runs/confirmation/credit_broad/1007/augmentation/selected.pt,0.7746446002985641,0.9047066578104044,0.8926340834737782,0.819620253164557,0.1373243199926856,0.4431703959142496,0.013128820205282,0.0098503873581282,0.0115078604805866,0.0065719545109743,0.013128820205282,0.9589572933998892,0.6921739130434783,0.8944491169049622,2378,0.9655292479108636,0.6790450928381963,0.9059569773855488,3626,0.0208708687618033,0.0699278223557447,0.0029859963522741,0.0057074979450884,0.0004465960603206,0.0241001603526615,0.0027115837472918,0.0200998138226188,0.0599081770207196,0.0027056561085787,0.0062648667745957,0.000171424228992,0.0215213631768481,0.0016699107417911,0.0016738915424762,0.0012892829223806,0.0215213631768481,0.0182027312949785,0.1998568680320143,0.1684296613020026,0.1153783867097512,0.0903062164000238,0.0689361665273064,0.0502232880876895,0.8328717325058541,interfair/studies/requirements/evaluation/confirmation/credit_broad/1007/augmentation/audit.npz,8307b95a619e76f6b6216879f6e87cd382af45b2aaf41c3dba91db7fa1a41154,interfair/studies/requirements/runs/confirmation/credit_broad/1007/augmentation/DONE.json,9330027ee8deed274d506a38da21b752d9c1f99784239dba5cc608a79f638cf8,5,40,60.45898037200095,bc16e4d450dcf0de3c8cf997e42502841ccf992fb3ea383ccdec3165496bb225,d15448f869e516d10695d558dd9bf05c80def7b78618fcd18fe40f67424be1e0,6389760,1560,True,,False,True,dcd57328d78caaa299e1477a52a2296f84c50e5bcede1e36c74fba679234828e,0.06899381509274638,0.03920196433975078,paired fresh 40-epoch fitting; discovery source used only for target selection
credit_broad,1008,mlp,witness_augmentation,interfair/studies/requirements/runs/confirmation/credit_broad/1008/augmentation/selected.pt,0.7650075043356148,0.8976071053013344,0.8926790345102733,0.820786142571619,0.1378838555086977,0.4497225441347978,0.0245438819052011,0.0194341566655024,0.0267150571728247,0.0143244314258037,0.0245438819052011,0.9484193011647256,0.6452173913043479,0.8751051303616485,2378,0.9627437325905293,0.669761273209549,0.9018201875344732,3626,0.03009302368591,0.1879280920090803,0.0050183307654508,0.0162083930889792,0.0025459562136976,0.0274741862625386,0.0052433795118301,0.0287430430782602,0.1735731734544708,0.0047510818585255,0.014758908029256,0.0021473363768949,0.0280520100606709,0.0032060212234755,0.0015939855544173,0.0014616384163195,0.0280520100606709,0.0249389280588281,0.1982872178508479,0.1459002732632906,0.1109389555566768,0.0773354375477051,0.0604137362868133,0.0410746080551606,0.7392972165558523,interfair/studies/requirements/evaluation/confirmation/credit_broad/1008/augmentation/audit.npz,12f6a6d0e92844a803c724bbdebe6729c42d5f9b906c2bf3c5d0b3da5a6522f5,interfair/studies/requirements/runs/confirmation/credit_broad/1008/augmentation/DONE.json,0e1133ff962f5b2d1f46f21c6993b70a765a2383d4dd05ed3d938018dbcdb71f,5,40,60.203547369048465,733bb11b21a9275c42ce5c287ad16113901b0b8f4f31f0b6b6ede38b85476c32,9d21a91e2a77d5bb3263038e13d2bbf5595d79df7eefbe957193fc116e60143c,6389760,1560,False,,False,True,9815138002a2025a099ae52530bcb33412c82d73b3800337f4114b683ffe8ebe,0.035267471440238105,0.017456307241239366,paired fresh 40-epoch fitting; discovery source used only for target selection
credit_broad,1009,mlp,witness_augmentation,interfair/studies/requirements/runs/confirmation/credit_broad/1009/augmentation/selected.pt,0.7489986842264097,0.8916540032169924,0.887617900862934,0.8134576948700866,0.1461654972967825,0.4902948166591019,0.0200645830930689,0.0171697883214855,0.025486661375163,0.0142749935499021,0.0200645830930689,0.93732667775929,0.6417391304347826,0.8658536585365854,2378,0.9516016713091922,0.6618037135278515,0.8913403199117484,3626,0.0585153679952248,0.3934139455416481,0.0083091478212462,0.0123865036136871,0.0049964438425193,0.057928405715647,0.0087848444218008,0.0560340923411124,0.3706856952008066,0.0079638130860666,0.013386506383829,0.0041183794964616,0.0606864929336471,0.1491567538004733,0.015372031087276,0.0127944049567872,0.0606864929336471,0.0300306495626209,0.3499794064884141,0.3160081224221589,0.2900814512492713,0.2579054238250023,0.2446822968439726,0.2167886529651672,0.4594973994917674,interfair/studies/requirements/evaluation/confirmation/credit_broad/1009/augmentation/audit.npz,996d80adef4b61063fe7568ef3508eaeb7ac9008365ced6f12ab99853506f3dc,interfair/studies/requirements/runs/confirmation/credit_broad/1009/augmentation/DONE.json,934a28fa11a41592fe433d6f86ca4aca594b38d9d470267cdda1d9267d12b159,10,40,59.86910956999054,b724d46a46516d2347887c39b000cf71009aef08e6c8f1e66a94dba14b8ba76d,8c4799015dfdf80c447365b73462efea19f6ce5f721e395cb652af1065a18909,6389760,1560,False,,False,True,e70cd8f208ad54422a41694b008d45235e7a052943bef4a19b1b756fd82e56c0,0.07645991881201242,0.05376866601420912,paired fresh 40-epoch fitting; discovery source used only for target selection
hmda_oh,1000,mlp,behavior_contexts,interfair/studies/requirements/runs/confirmation/hmda_oh/1000/contexts/selected.pt,0.8438737068710425,0.9485311166871656,0.921127439171284,0.8635833333333334,0.1028142260593831,0.341190116434639,0.0063075910487054,0.0041924588062134,0.047813579969956,0.0020773265637215,0.0063075910487054,0.988307288820894,0.6540697674418605,0.9267944716897012,11215,0.9903846153846154,0.660377358490566,0.8789808917197452,785,0.0108890426342027,0.0027385509519747,0.0018070715709347,0.0017488290525408,0.0,0.0476185931202942,0.0104404541053854,0.0100537892388122,0.0017996413664327,0.0013727263637024,0.0013505500007449,0.0,0.0427128727315012,4.22529768673129e-05,5.600615770601128e-05,0.0,0.0427128727315012,0.0426015661492543,0.009609472325424,0.0081015208713612,0.0041929095162237,0.0028511097035241,0.0019455757581818,0.0017955157341722,0.9940074491173436,interfair/studies/requirements/evaluation/confirmation/hmda_oh/1000/contexts/audit.npz,78f7fe47b2eb0cc90153090409b6bd3189df70251ea6cc3f684cd3cfbda85682,interfair/studies/requirements/runs/confirmation/hmda_oh/1000/contexts/DONE.json,b42676dfa9ecf2f7c21c2819a95c589bfbac89820ecaef5be94f7fb0ca0b71fd,15,40,116.91983088903362,6a435754a0f9bdb30cd26b642d67fe263a501a2867a6177a95c921b6dfaded5b,43217c8caf1391502d6abb6a1c2f10c879e7e830141606ed7f4cc12aa778a064,12615680,3080,True,,False,True,3dddbce8d3aa2b6320d04c48b3956b51e179ed11b06e2a30f96d3d5a917a7faa,0.06146643068775024,0.05897082281363086,paired fresh 40-epoch fitting; discovery source used only for target selection
hmda_oh,1001,mlp,behavior_contexts,interfair/studies/requirements/runs/confirmation/hmda_oh/1001/contexts/selected.pt,0.8459426776853722,0.949205372769906,0.9217232426194828,0.8643333333333333,0.1012167189240876,0.3360436184900147,0.0236196431183267,0.015492584266896,0.0380172142064058,0.0073655254154653,0.0236196431183267,0.9907113976614578,0.6593992248062015,0.9297369594293358,11215,0.9980769230769232,0.6830188679245283,0.89171974522293,785,0.0056415224170119,0.0006911716721849,0.0008612583169382,0.0004891634242598,0.0,0.0506487816636994,0.0166737601065098,0.0050274249093224,0.0,0.0006842691786756,0.0003009390239396,0.0,0.0484386561341646,8.39298240155829e-05,8.016922792781391e-05,0.0001500600240096,0.0484386561341646,0.0482784567648506,0.0096059266913217,0.0093060763737231,0.0058394539327273,0.0048655773472954,0.0023976635124721,0.0023976635124721,0.9941605460672728,interfair/studies/requirements/evaluation/confirmation/hmda_oh/1001/contexts/audit.npz,ca6bee257b3bbe05342d43824bef8fbf516dc887c40d32395aefee56fc41648b,interfair/studies/requirements/runs/confirmation/hmda_oh/1001/contexts/DONE.json,8e03220341ee6d3176824cdc5234bc1d4089fdc6d215f4723c88d4793b6626e8,40,40,139.60195523698349,83121a2109dfa871f8d5091ec4bc034169e0655954a91fac8fc6b0bb252a511f,f779593edac436b1448254758d719be6536dca4355098267ab922765d9976b70,12615680,3080,True,,False,True,fadc7e0a74c27eee0310e12bd7f57445c33d4cd15132dee82b1dfbc4f45ea910,0.05340686634337578,0.06058773766254995,paired fresh 40-epoch fitting; discovery source used only for target selection
hmda_oh,1002,mlp,behavior_contexts,interfair/studies/requirements/runs/confirmation/hmda_oh/1002/contexts/selected.pt,0.8455555309395736,0.9492032934478988,0.919721267659412,0.8598333333333333,0.1064853193370347,0.3508523013095583,0.0371032616644726,0.0186169872876048,0.0326661006216083,0.0001307129107369,0.0371032616644726,0.9962845590645832,0.7025193798449613,0.9422202407489968,11215,0.9961538461538462,0.7396226415094339,0.9095541401273886,785,0.0083518189285823,0.0015682598550737,0.0013865487737129,0.0019955018950796,0.0,0.036967217587927,0.0086869886470587,0.0064696620234195,0.0007497606592067,0.0011606092618151,0.0015046853350396,0.0,0.0335788783628517,2.4320656397235053e-05,4.402672749134383e-05,0.0003001200480192,0.0335788783628517,0.0334914787366724,0.0132473015001406,0.0117540832266697,0.0029265645798183,0.0023241470710977,0.0015027776527781,0.0012015688984178,0.9963236747609748,interfair/studies/requirements/evaluation/confirmation/hmda_oh/1002/contexts/audit.npz,fcbb167911dbbc16bb822862a2889328f9b152f15dea673734d0fd7e7029462a,interfair/studies/requirements/runs/confirmation/hmda_oh/1002/contexts/DONE.json,f27e76d6672221d80fb532222d277e51ac9588e31d16e08860875cb5eea97bfc,20,40,191.40174206800293,48ad497ceedad0349edc212ff91f21f8623573feeb63cd90e1c8718a01f0cb8d,96c64cffb0cf3b5004d8ac2d1f4572c3d78891b88d0167c54ab5c8db462700c0,12615680,3080,True,,False,True,08fa42cf3d4030e105f58bcadb982ba129d3dc1d102590546cd3108bf2d4aa66,0.051792991871633824,0.05543412360264256,paired fresh 40-epoch fitting; discovery source used only for target selection
hmda_oh,1003,mlp,behavior_contexts,interfair/studies/requirements/runs/confirmation/hmda_oh/1003/contexts/selected.pt,0.8466106612133437,0.9492380112184978,0.9220835541849371,0.86525,0.1012568117776869,0.3369253918791307,0.0073789673833551,0.0052525747367924,0.0476352473796751,0.0031261820902297,0.0073789673833551,0.9891815102174626,0.6492248062015504,0.9266161390994204,11215,0.9923076923076924,0.6566037735849056,0.8789808917197452,785,0.0060440950169096,0.000401512025864,0.0011890343948542,0.0018605556385266,0.0,0.0513782109233138,0.0144657045919505,0.0049773114661718,0.0001497902935889,0.0009672119238324,0.002019961497452,0.0,0.0435241941817257,0.0002398090005601,0.0002625516660834,0.0,0.0435241941817257,0.0429998572223397,0.0365178458312482,0.0338192432948365,0.0147142090472741,0.0135916308745942,0.0091516713090078,0.0081777947235758,0.9851360006591368,interfair/studies/requirements/evaluation/confirmation/hmda_oh/1003/contexts/audit.npz,d4a1dbd8af46db8261730e6801c864207193c7e1f0aa96feda88dee9cc73e05a,interfair/studies/requirements/runs/confirmation/hmda_oh/1003/contexts/DONE.json,ff93f252484bbd3ebbc4493391cea458535bebd31765367256e01b7c0ea3f121,40,40,171.5197720809956,6b0ac52be72cec71f6001e38f73e486a636236ab127eba2a3f31688f8ea7ff3c,fe04086c68436f384a1f296706eebfc1c593f667f49365055bb793768ac4ab6c,12615680,3080,True,,False,True,f57bd2899837cb214b13c88f196e31b410cb94e327930f92559ef82dafc9f6ad,0.05084108896726518,0.045957983798456024,paired fresh 40-epoch fitting; discovery source used only for target selection
hmda_oh,1004,mlp,behavior_contexts,interfair/studies/requirements/runs/confirmation/hmda_oh/1004/contexts/selected.pt,0.8456248355347791,0.9491808361466532,0.9212097861683683,0.8636666666666667,0.1021554425296243,0.3385197420236704,0.0341761737604211,0.0198859105732916,0.0363486118170898,0.0055956473861621,0.0341761737604211,0.9886351218446072,0.6526162790697675,0.9267944716897012,11215,0.9942307692307693,0.6867924528301886,0.8904458598726115,785,0.00659493913667,0.0010548218018481,0.001635762341335,0.0018682369107308,0.0,0.0488562141100671,0.015375846166275,0.0057834777554601,0.0006702206879689,0.0014194823766742,0.0023211702518123,0.0,0.0466584246733881,8.328686332412148e-05,6.68971628538953e-05,0.0,0.0466584246733881,0.0465249242346427,0.0084000630741735,0.0076467665655229,0.0032174047636094,0.0032174047636094,0.00202593470534,0.0018747859749893,0.9961123745484216,interfair/studies/requirements/evaluation/confirmation/hmda_oh/1004/contexts/audit.npz,5d4a5d97e88902eca3a80c376d1b7b6105106bd8b08be57a4aa79b2d8e7daa9c,interfair/studies/requirements/runs/confirmation/hmda_oh/1004/contexts/DONE.json,1a72258130c26cabdeccb630646451896ac02e68062b6e25ae5ccd06bf36b780,40,40,178.6038015379454,ae3a1abc5049011a6b9a65c00a6da2e34a31fa97b328b67f1c7303d2d80d2b41,5b6e65a3859da3ee9198bf8ad1ee6e81744eea0f9987634f9c2978588c69045d,12615680,3080,True,,False,True,e65e2fdaae92b224ae20e072867db993d21048b0b652a7f0cdb055ee4a1c5f28,0.04530908630429047,0.051435382061884374,paired fresh 40-epoch fitting; discovery source used only for target selection
hmda_oh,1005,mlp,behavior_contexts,interfair/studies/requirements/runs/confirmation/hmda_oh/1005/contexts/selected.pt,0.8440998236573212,0.9489460368023638,0.9203311163213552,0.86125,0.1058443859845704,0.3507092383536377,0.0498025449758665,0.0268355924025285,0.0279402869791651,0.0038686398291906,0.0498025449758665,0.9942082832477324,0.686046511627907,0.9374944271065536,11215,0.9980769230769232,0.7358490566037735,0.9095541401273886,785,0.0102446407640386,0.0022093845558874,0.0018599013546345,0.0011636831402231,4.859322610428106e-05,0.0444368746579301,0.0080850848657987,0.0073761550234774,0.0011999505158941,0.001407481685165,0.0009001001982955,0.0,0.0408165226625701,4.947765706697449e-05,0.0001094919421125,0.0,0.0408165226625701,0.0405983111175567,0.0195731940498892,0.0171741721006553,0.0086965773814564,0.0073416823400057,0.0042743473850644,0.0026310690875839,0.9901034721026496,interfair/studies/requirements/evaluation/confirmation/hmda_oh/1005/contexts/audit.npz,00272a474be847c14682137fa9355c993a3b792e9da3cde3bac349e5a6947a47,interfair/studies/requirements/runs/confirmation/hmda_oh/1005/contexts/DONE.json,e453f81b263d21a19c6c7ff8a16175bd751776dcdc7320157ec031de10f0e5da,15,40,181.02589989599073,646e692b60b511afb6fc5de2360f013ba66f3c499e20d75f696f4bdca330fb30,262f6995eb4278942b57774459f09fe7d15639b11d54b5f95dbbaff1e4250a2c,12615680,3080,True,,False,True,e6fa701af7da07ea6fd6386f1dc2b31ac8904dc3512c13598d24dd07dbcf466a,0.055113681499380555,0.042637118030589685,paired fresh 40-epoch fitting; discovery source used only for target selection
hmda_oh,1006,mlp,behavior_contexts,interfair/studies/requirements/runs/confirmation/hmda_oh/1006/contexts/selected.pt,0.8460215721540973,0.9489095507148742,0.9216072200086408,0.8639166666666667,0.1022326179413584,0.3388696145515513,0.0068761883867193,0.0043235585814467,0.0505010634642525,0.0017709287761741,0.0068761883867193,0.9924598404545952,0.6710271317829457,0.9333036112349532,11215,0.9942307692307693,0.6641509433962264,0.8828025477707007,785,0.008886147846115,0.0007934253361924,0.0010541546506233,0.001070187765259,0.0,0.0436225524228889,0.0127351520808586,0.0087896181872246,0.001501688946437,0.0008712853976455,0.0011903813519282,0.0,0.0423610111887983,2.2764189468168843e-05,3.546412778993636e-05,0.0,0.0423610111887983,0.042290953928502,0.0088534589432501,0.0066747375557185,0.0028502907276036,0.0023990219492338,0.0007535662390712,0.0007535662390712,0.9956480203259592,interfair/studies/requirements/evaluation/confirmation/hmda_oh/1006/contexts/audit.npz,0b02c18ee429349b2741edf62c5caab54ba9acb35c50b883c01cc279a6f0108f,interfair/studies/requirements/runs/confirmation/hmda_oh/1006/contexts/DONE.json,35864b1b2a7a3bc77bfd1f7905b38ece2d171b1339c591e18f617f29f179c563,20,40,172.35078375198646,88901f5dc51a3dc8d02c520b3143ef7e4709575be68b534c30119c3d1aafee84,6ed361305444ffb063028cb301c78289301bf926f424742e7ab3cf44d2bb97f5,12615680,3080,True,,False,True,aa259874c47214cb91091d0c043265e1848a76e4ab2a863d406bb9a3f7cb3a9c,0.049968021608076736,0.0550699060505702,paired fresh 40-epoch fitting; discovery source used only for target selection
hmda_oh,1007,mlp,behavior_contexts,interfair/studies/requirements/runs/confirmation/hmda_oh/1007/contexts/selected.pt,0.8460124040574222,0.9491141251579074,0.921562952243126,0.8645,0.101536873179341,0.3365208784198019,0.0069069794810151,0.006709669351448,0.0455844225914451,0.0069069794810151,0.0065123592218808,0.987323789749754,0.6463178294573644,0.9245653143111904,11215,0.9942307692307693,0.6528301886792452,0.8789808917197452,785,0.0075519268171705,0.0011338395608206,0.0010393885150352,0.0009733598782681,4.355780120219532e-05,0.0474630466363202,0.014218674595457,0.0078166698379903,0.0010498807072259,0.0008789514301269,0.0009019980958984,0.0,0.0480044071203392,6.634179802148735e-05,5.782585047413655e-05,0.0,0.0480044071203392,0.0478889000275789,0.0087085727205251,0.0081039777991225,0.0041409380085668,0.0036874918175148,0.0017293505067646,0.0014270530460633,0.9948091812842071,interfair/studies/requirements/evaluation/confirmation/hmda_oh/1007/contexts/audit.npz,8a7c6ceb14f258372180f7457d8322c38feb7824869707cfd9df51a748e0de0b,interfair/studies/requirements/runs/confirmation/hmda_oh/1007/contexts/DONE.json,06ed7ffc7a6e7dfcfc665ec77249955b67afb76eef104ebbd0255584828fbbfc,30,40,143.86659332900308,963e1898fd735a49519f81a4a3a1e71642eb742fb760552d5c8fc474f50f6137,e2e1c8382fb978c6400f4defefd1aeec8f2c21d87ec3d5e85b346f7ead7ee3f1,12615680,3080,True,,False,True,c66500af8638c0e97e6870e26f2ca948adb1836b6de1eaab5799bf16df98eee4,0.04122624678623464,0.04226460685805967,paired fresh 40-epoch fitting; discovery source used only for target selection
hmda_oh,1008,mlp,behavior_contexts,interfair/studies/requirements/runs/confirmation/hmda_oh/1008/contexts/selected.pt,0.8465025753472145,0.9490475633678568,0.9224701808387842,0.8656666666666667,0.1017232997330497,0.339520468660359,0.0119167763639022,0.0066135288559421,0.0483866295992343,0.001310281347982,0.0119167763639022,0.9916948967325976,0.6560077519379846,0.9299152920196164,11215,0.9903846153846154,0.6679245283018868,0.8815286624203822,785,0.0058980454426675,0.0002671225079246,0.0010091539973692,0.0016097288952476,0.0,0.0501371819849374,0.0122434513038535,0.0045774449736868,0.0,0.0009190290138294,0.0014910506454473,0.0,0.0479492082441936,4.508289675258249e-05,4.6930235858857774e-05,0.0,0.0479492082441936,0.047855634488652,0.0094482247549248,0.0091459272942235,0.0030828968961122,0.0021773629507699,0.0014216192990165,0.0014216192990165,0.9969171031038878,interfair/studies/requirements/evaluation/confirmation/hmda_oh/1008/contexts/audit.npz,ea1240f88a6138bfa76b50e7de57fda3480c02902711714a6e11857bae7341c0,interfair/studies/requirements/runs/confirmation/hmda_oh/1008/contexts/DONE.json,d5f6aa6db39f890927a968374918cbbb1aebb48fc816821041326c1617bd5110,40,40,120.87679703900358,09b32dd4f709d155a29c89387384219b2ca931130cfe0df05c771f7805a6ecd9,adae3485017f0c981578516c0bdd753fd8060d86a39e8c51bbfcd57834d0e7f7,12615680,3080,True,,False,True,7a15dd4195a2fa4ec3e055b1a6733dce7955c41d1a79f697f552f99cffdf8ca8,0.06445015075065734,0.04516642034487898,paired fresh 40-epoch fitting; discovery source used only for target selection
hmda_oh,1009,mlp,behavior_contexts,interfair/studies/requirements/runs/confirmation/hmda_oh/1009/contexts/selected.pt,0.8464540932088644,0.9495767745269664,0.9206942846183352,0.8621666666666666,0.1025997744954451,0.3394481342592946,0.0035847280246799,0.0034277669668521,0.0445519109700099,0.0035847280246799,0.0032708059090243,0.9925691181291664,0.6797480620155039,0.9349977708426216,11215,0.9961538461538462,0.6830188679245283,0.8904458598726115,785,0.0092522823570536,0.0028208502502495,0.001360021091511,0.001109656135377,0.0,0.0424434870837244,0.0141569281872523,0.0075280328299373,0.0025483328886155,0.0010009203630368,0.0013540858501887,0.0,0.0387840081983863,5.867132032958887e-05,6.549495623361338e-05,0.0,0.0387840081983863,0.0386533505003116,0.0129235973839659,0.0117179433906044,0.0055641756901072,0.0046600001815265,0.0019592202324327,0.0016580114780724,0.9918874914212772,interfair/studies/requirements/evaluation/confirmation/hmda_oh/1009/contexts/audit.npz,6215decdd8738f82b315cbe0d2c57759e757008419ccf597af95f1fbb787a368,interfair/studies/requirements/runs/confirmation/hmda_oh/1009/contexts/DONE.json,84a8906e599a3c529e99804fe881a0d45b7870ad4fcf7a8d86959889986538b4,30,40,116.74050107400399,3871ab26e2ba1e0f14670c06f71f2e81fd8271234d05bbad3d16ee1594a939f8,49093b96b7340e94d2e8625e36fa94536edba37b859843b5894bf029ec9bf13e,12615680,3080,True,,False,True,878e2ec2bacd90907b67711930f271d0649351ae84e524608a5203776c85efdd,0.050685639751797004,0.05928706290331513,paired fresh 40-epoch fitting; discovery source used only for target selection
hmda_oh,1000,mlp,behavior_features,interfair/studies/requirements/runs/confirmation/hmda_oh/1000/features/selected.pt,0.8465903493284579,0.9483651104003464,0.9217850287907868,0.8641666666666666,0.1015042063276293,0.3380774574519568,0.0051799719240436,0.0046257838265822,0.0472144051841397,0.0051799719240436,0.0040715957291209,0.9928969511528796,0.6719961240310077,0.9338386090057958,11215,0.9980769230769232,0.6679245283018868,0.8866242038216561,785,0.0057703978004356,0.0002338079348391,0.0008691827663437,0.0009424954592055,0.0,0.0485999112725153,0.0130847689054664,0.0048861213833691,0.0,0.0006685774665002,0.0006005196111175,0.0,0.042124397199755,0.0001348192768288,0.0001548070910015,0.0,0.042124397199755,0.0418152309661424,0.0253111716797227,0.0241033402736791,0.0096209393869928,0.0088679126087628,0.004440229296007,0.0042904390024181,0.9903790606130072,interfair/studies/requirements/evaluation/confirmation/hmda_oh/1000/features/audit.npz,2b05549d359840305db210d7adb0139230d816c44005ddf03e8a5b4c52657885,interfair/studies/requirements/runs/confirmation/hmda_oh/1000/features/DONE.json,7e141c7f0609331b0f1442f2b4ca5241d2171893ff883cbcb538f8aa188a23b5,30,40,115.6980351730017,6a435754a0f9bdb30cd26b642d67fe263a501a2867a6177a95c921b6dfaded5b,43217c8caf1391502d6abb6a1c2f10c879e7e830141606ed7f4cc12aa778a064,12615680,3080,True,,False,True,4ababb3d8d1886e6b4882eeec776f84bd732b1d224dd0682a79c109b113c805f,0.05595817055143645,0.05673406507696258,paired fresh 40-epoch fitting; discovery source used only for target selection
hmda_oh,1001,mlp,behavior_features,interfair/studies/requirements/runs/confirmation/hmda_oh/1001/features/selected.pt,0.8453159838906109,0.9491437612664424,0.9213774554536286,0.8635833333333334,0.1036351513175404,0.343741553982066,0.0158677051338306,0.0112341434136492,0.0400680389946358,0.0066005816934677,0.0158677051338306,0.9914763413834552,0.6671511627906976,0.9317877842175658,11215,0.9980769230769232,0.6830188679245283,0.89171974522293,785,0.0062403126142018,0.0002221907037818,0.0009954576121203,0.0015914320315723,0.0,0.0480448875181688,0.0106180348893738,0.0048030877834369,0.0,0.0007776206193935,0.0010515186590668,0.0,0.0395741904641902,5.227521416498656e-05,9.316610275315216e-05,0.0003022974607013,0.0395741904641902,0.0393889437681605,0.0165528649708568,0.0146723657337414,0.0067804875537756,0.006027191045125,0.003469079368757,0.0031678706143967,0.9932195124462244,interfair/studies/requirements/evaluation/confirmation/hmda_oh/1001/features/audit.npz,b387bba611ffeccf5673af21e98d3ee7e20d8419970e44b354f006433605dc00,interfair/studies/requirements/runs/confirmation/hmda_oh/1001/features/DONE.json,efcadc6b47a20d045c748d7eacca0fe656c9d9cb3a5b3a681bc882be39c33473,20,40,129.4804863060126,83121a2109dfa871f8d5091ec4bc034169e0655954a91fac8fc6b0bb252a511f,f779593edac436b1448254758d719be6536dca4355098267ab922765d9976b70,12615680,3080,True,,False,True,6162ad03c7c8d06c83e154a75571ddd9036500bd7465cef75fcd55bbf46c20c4,0.06931478641403033,0.06298883678830179,paired fresh 40-epoch fitting; discovery source used only for target selection
hmda_oh,1002,mlp,behavior_features,interfair/studies/requirements/runs/confirmation/hmda_oh/1002/features/selected.pt,0.8459282484775299,0.9492876002141536,0.92,0.8603333333333333,0.1063546032641371,0.350076502880276,0.043299327190288,0.0224912067640284,0.0297616647404096,0.0016830863377689,0.043299327190288,0.9963938367391542,0.7000968992248062,0.9418635755684353,11215,0.9980769230769232,0.7433962264150943,0.9121019108280256,785,0.0064894497044544,0.0003021315369843,0.0012602275057236,0.002198833504762,0.0,0.0368102152199521,0.0086211523075086,0.0057984401940851,0.0003009390239396,0.0011448046394499,0.0026958856628883,0.0,0.0327159640440128,5.608375818180514e-05,0.0001025247073352,0.0001500600240096,0.0327159640440128,0.0325113499197306,0.0202840378928733,0.0184043576316784,0.0072350028818515,0.006179139182079,0.0036172317105051,0.0030126367891024,0.9924640580942088,interfair/studies/requirements/evaluation/confirmation/hmda_oh/1002/features/audit.npz,0d013370abd0b920937e4fb6f6a844020698e60abef1a3766d91f47303f4c023,interfair/studies/requirements/runs/confirmation/hmda_oh/1002/features/DONE.json,37b67e22e96f999ae4b33da60a385f9dc0dd074e401d7e1b59a608f65804b672,20,40,190.4267780710361,48ad497ceedad0349edc212ff91f21f8623573feeb63cd90e1c8718a01f0cb8d,96c64cffb0cf3b5004d8ac2d1f4572c3d78891b88d0167c54ab5c8db462700c0,12615680,3080,True,,False,True,79a6c722e5d2a9ed87c4431a35dcdad72f02088c8f7505730d13f9bcc636dbec,0.052415499545468716,0.05497042701017614,paired fresh 40-epoch fitting; discovery source used only for target selection
hmda_oh,1003,mlp,behavior_features,interfair/studies/requirements/runs/confirmation/hmda_oh/1003/features/selected.pt,0.8489572055889961,0.9499700963129531,0.9213083213083212,0.8636666666666667,0.1017947350434797,0.3394801223076526,0.0236196431183267,0.0128811630687084,0.041393038781659,0.00214268301909,0.0236196431183267,0.9901650092886024,0.6593992248062015,0.9292911279536336,11215,0.9923076923076924,0.6830188679245283,0.8878980891719745,785,0.0049771574811181,0.0001077600468037,0.0007943811142836,0.0005610957887105,0.0,0.049952941224303,0.0115075625718847,0.0046468100698984,0.0001500600240096,0.0006485042503643,0.0011193218383152,0.0,0.0441847322324414,0.0001151569545244,0.0001889927255178,0.0,0.0441847322324414,0.0438068961215389,0.0257746287546545,0.0241986043909226,0.0118562875906245,0.0109529310579643,0.0067504621624333,0.0064506118448347,0.987993652385366,interfair/studies/requirements/evaluation/confirmation/hmda_oh/1003/features/audit.npz,abd12059b7f7b36f0d4a7b526dccfd371b2d75164ffbe530125f58b507e9783c,interfair/studies/requirements/runs/confirmation/hmda_oh/1003/features/DONE.json,178d0956372bfff9dc75cc32bf81f34c43089a54a4e77d85b980282bfc6eb54f,30,40,172.487132654991,6b0ac52be72cec71f6001e38f73e486a636236ab127eba2a3f31688f8ea7ff3c,fe04086c68436f384a1f296706eebfc1c593f667f49365055bb793768ac4ab6c,12615680,3080,True,,False,True,265dda4cf2882afb7682e6e6496e57730bea0fbeece0d7bd680549322900d79c,0.054739567477000935,0.04532493153517407,paired fresh 40-epoch fitting; discovery source used only for target selection
hmda_oh,1004,mlp,behavior_features,interfair/studies/requirements/runs/confirmation/hmda_oh/1004/features/selected.pt,0.8446333935645466,0.9483683836612824,0.9211462640638522,0.8633333333333333,0.1021405190250746,0.3391408057559635,0.0377449904929062,0.019834559081427,0.0366541625609468,0.0019241276699478,0.0377449904929062,0.9903835646377444,0.6603682170542635,0.9296477931341952,11215,0.9923076923076924,0.6981132075471698,0.8929936305732484,785,0.0056778773277264,0.0002840357824044,0.0012746817640555,0.0010977929944052,0.0,0.0514088928717067,0.0134141661681533,0.0050648396382565,0.0,0.0010460445480717,0.0014987121271516,0.0,0.0484705271606657,3.3003981148609206e-05,5.45034596036569e-05,0.0,0.0484705271606657,0.0483617681811441,0.0081854058833047,0.0075832581050048,0.0042092708639979,0.0039080621096377,0.0015046853350396,0.0012037463111,0.995790729136002,interfair/studies/requirements/evaluation/confirmation/hmda_oh/1004/features/audit.npz,f4833a52f0c6f33c2c79d361ee021e3e6ce445bfd4a6343b742a99730a863d46,interfair/studies/requirements/runs/confirmation/hmda_oh/1004/features/DONE.json,9e64c27cd8271bcb1c3a93f95043d80a6fbe40035fe7fa0bbb046f7be2e29254,40,40,167.42423024901655,ae3a1abc5049011a6b9a65c00a6da2e34a31fa97b328b67f1c7303d2d80d2b41,5b6e65a3859da3ee9198bf8ad1ee6e81744eea0f9987634f9c2978588c69045d,12615680,3080,True,,False,True,80b5cd274d2e736335770ee24e07fa26d0fadcb80177f386ca5cd430ddbe2579,0.04618423477204408,0.05011160017394936,paired fresh 40-epoch fitting; discovery source used only for target selection
hmda_oh,1005,mlp,behavior_features,interfair/studies/requirements/runs/confirmation/hmda_oh/1005/features/selected.pt,0.8325316835435861,0.94492796176307,0.9163407421539636,0.8538333333333333,0.1100322349402042,0.3622577754314881,0.0375603334795964,0.0202993365657104,0.0270991705262798,0.0030383396518245,0.0375603334795964,0.9931155065020216,0.7209302325581395,0.9430227374052608,11215,0.9961538461538462,0.7584905660377359,0.9159235668789808,785,0.0127611135311422,0.0056356004159137,0.001972680217568,0.0019843709729408,0.0,0.0395692530843172,0.0072106828684354,0.0111800397029874,0.0018034567309557,0.0016082045445273,0.0012026673894175,0.0,0.0357533327792477,2.1391261604376724e-05,5.439691580017129e-05,0.0,0.0357533327792477,0.0356473247039337,0.0125542571176436,0.0082976197324565,0.0044966059510036,0.0025523886295835,0.001651479240026,0.0012012991679972,0.9936999373180406,interfair/studies/requirements/evaluation/confirmation/hmda_oh/1005/features/audit.npz,5fc6234d46fb8d42787a9589ca4607ef764b88ce4960d2e6ae7512fce1f30e5f,interfair/studies/requirements/runs/confirmation/hmda_oh/1005/features/DONE.json,8e19852ab202158f228f99f47237b3a961a3574f8a74aecc5d4654b605303a6d,5,40,187.44336445396766,646e692b60b511afb6fc5de2360f013ba66f3c499e20d75f696f4bdca330fb30,262f6995eb4278942b57774459f09fe7d15639b11d54b5f95dbbaff1e4250a2c,12615680,3080,True,,False,True,105370c6f8bd00ebf54e30acbd9a61b4a066b8f27ea5b71a2b241e07cbe001c5,0.06931513306385119,0.05036949239193129,paired fresh 40-epoch fitting; discovery source used only for target selection
hmda_oh,1006,mlp,behavior_features,interfair/studies/requirements/runs/confirmation/hmda_oh/1006/features/selected.pt,0.8417905510354644,0.9477384572563536,0.9203701040318328,0.8615833333333334,0.1048657372808671,0.3462920631987373,0.0136225683779435,0.0069419970997087,0.0434563582099724,0.0002614258214739,0.0136225683779435,0.9925691181291664,0.6807170542635659,0.9351761034329024,11215,0.9923076923076924,0.6943396226415094,0.89171974522293,785,0.0095070963967568,0.0010091233108051,0.0015186404460425,0.0012336795432406,0.0,0.0432986180105759,0.0104204322281862,0.0082557840603867,0.0007497606592067,0.0013207469900168,0.0014229777357782,0.0,0.0433376324660122,5.926727862253285e-05,0.0001116727603303,0.0,0.0433376324660122,0.0431156868637537,0.0195664604683738,0.0170012868777767,0.0076826952734607,0.0066257428673471,0.0037593605223897,0.0030047055769775,0.9915675440673326,interfair/studies/requirements/evaluation/confirmation/hmda_oh/1006/features/audit.npz,99317520e7e679b16e4d72c568ca205dc73d2f85bea2277493c4c697f8cf2266,interfair/studies/requirements/runs/confirmation/hmda_oh/1006/features/DONE.json,b385812b8aaceedcbcff6aa8480a969ed4caae8ceb5d01f91fd970b9c96e5e65,10,40,170.54266976198414,88901f5dc51a3dc8d02c520b3143ef7e4709575be68b534c30119c3d1aafee84,6ed361305444ffb063028cb301c78289301bf926f424742e7ab3cf44d2bb97f5,12615680,3080,True,,False,True,23c985fe872ba0b721b8ac38a1b4b69d58d3c4d848b9f968f1c271adb94b77ed,0.05912809124008222,0.057726010614232104,paired fresh 40-epoch fitting; discovery source used only for target selection
hmda_oh,1007,mlp,behavior_features,interfair/studies/requirements/runs/confirmation/hmda_oh/1007/features/selected.pt,0.8455454526928654,0.9490999034340262,0.9207193270811176,0.8633333333333333,0.1020559411693267,0.3379375920712719,0.013779801082346,0.0119279165629612,0.0416611056052659,0.0100760320435765,0.013779801082346,0.9841547371871928,0.6390503875968992,0.9206419973250112,11215,0.9942307692307693,0.6528301886792452,0.8789808917197452,785,0.0044894324287283,0.0,0.0006898694417424,0.0009996021207346,0.0,0.0457883001412777,0.013227184280797,0.0044177976007052,0.0,0.0006392618645828,0.0012699213231661,0.0,0.0445217092363099,6.368851180012325e-05,8.506573752769843e-05,0.0,0.0445217092363099,0.044351680906765,0.012466035345312,0.011491070053539,0.0049628468877277,0.0048127868637181,0.0030858835000562,0.0030858835000562,0.9950371531122724,interfair/studies/requirements/evaluation/confirmation/hmda_oh/1007/features/audit.npz,c72ce30649a5a67a169008c3e92950933482a27e49b190559ff90a6a222acefc,interfair/studies/requirements/runs/confirmation/hmda_oh/1007/features/DONE.json,fdbe4f2f8d2a59595cf54b5c3dd907dc49d8f626ff28b70296dbd0bc7aa23765,30,40,134.77491880900925,963e1898fd735a49519f81a4a3a1e71642eb742fb760552d5c8fc474f50f6137,e2e1c8382fb978c6400f4defefd1aeec8f2c21d87ec3d5e85b346f7ead7ee3f1,12615680,3080,True,,False,True,955421a495d476552e38a15a38a5ae6f3c68feec2ace7abff934f39339b292a7,0.04439567613179954,0.04249681591824113,paired fresh 40-epoch fitting; discovery source used only for target selection
hmda_oh,1008,mlp,behavior_features,interfair/studies/requirements/runs/confirmation/hmda_oh/1008/features/selected.pt,0.8435669197135345,0.9484766367436236,0.920595414732207,0.86175,0.1044432973053831,0.3457198410624819,0.0016125493637559,0.0009043093649306,0.0464880122447473,0.0001960693661053,0.0016125493637559,0.9944268385968746,0.688953488372093,0.9382077574676772,11215,0.9942307692307693,0.690566037735849,0.89171974522293,785,0.0071206219442908,0.0002584509606946,0.0013479578194152,0.0014796510232683,0.0,0.0432617542010875,0.011256539122575,0.0054578023546983,0.0001497902935889,0.0010111733546823,0.0015030571678573,0.0,0.0320109141219205,6.658355684179553e-05,0.0001146832284984,0.0001500600240096,0.0320109141219205,0.031782551529293,0.0217055790202797,0.0197471777637674,0.0088302760576917,0.0079277385009519,0.0035984134349695,0.0032972046806093,0.9910199336487192,interfair/studies/requirements/evaluation/confirmation/hmda_oh/1008/features/audit.npz,aa3b8ff941549691dcd60e25d2f4f34cc995fbfe2e4294176f0d9b7d9f63b39c,interfair/studies/requirements/runs/confirmation/hmda_oh/1008/features/DONE.json,e351f03e21f5f503eac60967d6a3b59975b43fcf5f2044da16d494a00e1ce261,20,40,120.67850722000003,09b32dd4f709d155a29c89387384219b2ca931130cfe0df05c771f7805a6ecd9,adae3485017f0c981578516c0bdd753fd8060d86a39e8c51bbfcd57834d0e7f7,12615680,3080,True,,False,True,0440e4695752e2d54d395a14831fbb65a27ff35e335a7811c1a94700508403dc,0.0644868508798491,0.04589147554722973,paired fresh 40-epoch fitting; discovery source used only for target selection
hmda_oh,1009,mlp,behavior_features,interfair/studies/requirements/runs/confirmation/hmda_oh/1009/features/selected.pt,0.8451901833970077,0.94839593125866,0.9217332885455156,0.8640833333333333,0.1021195573697969,0.3393229056707969,0.0083296767588123,0.0057932858798895,0.0498513421799171,0.0032568950009667,0.0083296767588123,0.9928969511528796,0.6724806201550387,0.9339277753009364,11215,0.9961538461538462,0.6641509433962264,0.8840764331210191,785,0.0053470087839653,4.61723150798781e-05,0.0006930006514141,0.0005253345385972,0.0,0.0474505704501893,0.0132522955953072,0.00476167214413,0.0001500600240096,0.0005765058549369,0.0008213694183196,0.0,0.0394047632819267,9.7816413898946e-05,0.0001445966541643,0.0,0.0394047632819267,0.0391162275939401,0.0208614654777248,0.0186849312875339,0.0100605021260316,0.0091571455933714,0.0051845464235085,0.0048844263754893,0.9897894378499588,interfair/studies/requirements/evaluation/confirmation/hmda_oh/1009/features/audit.npz,58ebee879932087ea7d4cab8d54240d4712d5634283d3651ce125440d38a12d5,interfair/studies/requirements/runs/confirmation/hmda_oh/1009/features/DONE.json,5411844e0b707a80318684b5be5ac300d21d950ddd2dfc117ffb77775a12e7c0,35,40,116.05747775698546,3871ab26e2ba1e0f14670c06f71f2e81fd8271234d05bbad3d16ee1594a939f8,49093b96b7340e94d2e8625e36fa94536edba37b859843b5894bf029ec9bf13e,12615680,3080,True,,False,True,44fa11f9c42cf92a80ae6b90834d0e8562558a7654283f022f5af5a16e7ef324,0.048796553247655555,0.05609365993720799,paired fresh 40-epoch fitting; discovery source used only for target selection
hmda_oh,1000,mlp,broad,interfair/studies/requirements/runs/confirmation/hmda_oh/1000/full/selected.pt,0.8464100508267736,0.9482124053437376,0.9216466190635932,0.86375,0.1016468193748282,0.3386120552857317,0.0052087904051484,0.004593353954455,0.0441696885710959,0.0039779175037616,0.0052087904051484,0.9940990055731614,0.6778100775193798,0.935889433794026,11215,0.9980769230769232,0.6830188679245283,0.89171974522293,785,0.0057163489272694,0.0003245302806117,0.0009186648642299,0.0006304751279338,0.0,0.0470708333425522,0.0131684778933297,0.0049740774648784,0.0,0.0006792443263692,0.0003009390239396,0.0,0.0393777015089619,0.0001403406643242,0.0001702889565862,0.0,0.0393777015089619,0.0390377484382068,0.0237188265055334,0.0216201943347395,0.0103020778910307,0.0093962742152678,0.0060805209895435,0.0057793122351832,0.9896979221089692,interfair/studies/requirements/evaluation/confirmation/hmda_oh/1000/full/audit.npz,39a7cf112a587f3afa638518348305d1a2c48930b712ca19f099039af06b5bdf,interfair/studies/requirements/runs/confirmation/hmda_oh/1000/full/DONE.json,a8e9287205ad4ecdea77675fbf53fc79e5a7166693a0c690a32e7040e021b9d1,30,40,117.50465107802302,6a435754a0f9bdb30cd26b642d67fe263a501a2867a6177a95c921b6dfaded5b,43217c8caf1391502d6abb6a1c2f10c879e7e830141606ed7f4cc12aa778a064,12615680,3080,True,,False,True,b88521a3937792c2d7a16e41433c2539e9a2725144eb0f6ef6a5d98d57952459,0.056591415800040894,0.057664232575946835,paired fresh 40-epoch fitting; discovery source used only for target selection
hmda_oh,1001,mlp,broad,interfair/studies/requirements/runs/confirmation/hmda_oh/1001/full/selected.pt,0.847351589936653,0.9498532902502111,0.9213893967093236,0.8638333333333333,0.1011388754872902,0.335700239539108,0.0250731314904197,0.0156949006896884,0.0383102703101794,0.006316669888957,0.0250731314904197,0.9898371762648892,0.6579457364341085,0.9287561301827908,11215,0.9961538461538462,0.6830188679245283,0.8904458598726115,785,0.0046819151713972,0.0,0.0006189914747,0.0004382491337383,0.0,0.049630864983267,0.0149851566698866,0.0044851417794705,0.0,0.000534089125817,0.0004493708807669,0.0,0.0452596433518602,9.532628978959515e-05,0.0001407974528679,0.0001500600240096,0.0452596433518602,0.0449781045519921,0.0151270222986524,0.0148258135442921,0.009058787346598,0.0084563698378775,0.0050153983935427,0.0045654880519345,0.990941212653402,interfair/studies/requirements/evaluation/confirmation/hmda_oh/1001/full/audit.npz,b9833726328151938abd2589fdc40b801fe999fb9635358d576faef6235a3afd,interfair/studies/requirements/runs/confirmation/hmda_oh/1001/full/DONE.json,e2eb7d4ca4e278b3f554331f522d88487d51117da9da4c3a02281fe015068eac,40,40,129.29693544999463,83121a2109dfa871f8d5091ec4bc034169e0655954a91fac8fc6b0bb252a511f,f779593edac436b1448254758d719be6536dca4355098267ab922765d9976b70,12615680,3080,True,,False,True,ffb3f9e2771309e0d6646ab6d0fc93f5e8280f97eeef4fe6ea544fad7db3f014,0.05530063822494992,0.06061677795869534,paired fresh 40-epoch fitting; discovery source used only for target selection
hmda_oh,1002,mlp,broad,interfair/studies/requirements/runs/confirmation/hmda_oh/1002/full/selected.pt,0.8459282484775299,0.9492876002141536,0.92,0.8603333333333333,0.1063546032641371,0.350076502880276,0.043299327190288,0.0224912067640284,0.0297616647404096,0.0016830863377689,0.043299327190288,0.9963938367391542,0.7000968992248062,0.9418635755684353,11215,0.9980769230769232,0.7433962264150943,0.9121019108280256,785,0.0064894497044544,0.0003021315369843,0.0012602275057236,0.002198833504762,0.0,0.0368102152199521,0.0086211523075086,0.0057984401940851,0.0003009390239396,0.0011448046394499,0.0026958856628883,0.0,0.0327159640440128,5.608375818180514e-05,0.0001025247073352,0.0001500600240096,0.0327159640440128,0.0325113499197306,0.0202840378928733,0.0184043576316784,0.0072350028818515,0.006179139182079,0.0036172317105051,0.0030126367891024,0.9924640580942088,interfair/studies/requirements/evaluation/confirmation/hmda_oh/1002/full/audit.npz,82f2ac87c7332262f1f2ec0200bb0ac7bba1c19f602d1c26dec7d0f52ff3565b,interfair/studies/requirements/runs/confirmation/hmda_oh/1002/full/DONE.json,20d8d2e63b2b9149defa4f709cc555e186fc9874843e8d2715f5b1e3b5f18c1b,20,40,186.7055804519914,48ad497ceedad0349edc212ff91f21f8623573feeb63cd90e1c8718a01f0cb8d,96c64cffb0cf3b5004d8ac2d1f4572c3d78891b88d0167c54ab5c8db462700c0,12615680,3080,True,,False,True,79a6c722e5d2a9ed87c4431a35dcdad72f02088c8f7505730d13f9bcc636dbec,0.052415499545468716,0.05497042701017614,paired fresh 40-epoch fitting; discovery source used only for target selection
hmda_oh,1003,mlp,broad,interfair/studies/requirements/runs/confirmation/hmda_oh/1003/full/selected.pt,0.8489572055889961,0.9499700963129531,0.9213083213083212,0.8636666666666667,0.1017947350434797,0.3394801223076526,0.0236196431183267,0.0128811630687084,0.041393038781659,0.00214268301909,0.0236196431183267,0.9901650092886024,0.6593992248062015,0.9292911279536336,11215,0.9923076923076924,0.6830188679245283,0.8878980891719745,785,0.0049771574811181,0.0001077600468037,0.0007943811142836,0.0005610957887105,0.0,0.049952941224303,0.0115075625718847,0.0046468100698984,0.0001500600240096,0.0006485042503643,0.0011193218383152,0.0,0.0441847322324414,0.0001151569545244,0.0001889927255178,0.0,0.0441847322324414,0.0438068961215389,0.0257746287546545,0.0241986043909226,0.0118562875906245,0.0109529310579643,0.0067504621624333,0.0064506118448347,0.987993652385366,interfair/studies/requirements/evaluation/confirmation/hmda_oh/1003/full/audit.npz,2ff2400089c11eb6c21ad5e5ceec0da2f1f252377efe4ace0a94013b16f832ba,interfair/studies/requirements/runs/confirmation/hmda_oh/1003/full/DONE.json,87f41027ce19c96891e73489989e9e8e041a5b96fbbb5eb3a5241d4c12818e19,30,40,166.66976458695717,6b0ac52be72cec71f6001e38f73e486a636236ab127eba2a3f31688f8ea7ff3c,fe04086c68436f384a1f296706eebfc1c593f667f49365055bb793768ac4ab6c,12615680,3080,True,,False,True,265dda4cf2882afb7682e6e6496e57730bea0fbeece0d7bd680549322900d79c,0.054739567477000935,0.04532493153517407,paired fresh 40-epoch fitting; discovery source used only for target selection
hmda_oh,1004,mlp,broad,interfair/studies/requirements/runs/confirmation/hmda_oh/1004/full/selected.pt,0.8444889016970925,0.9488105243504096,0.9212337006206996,0.8635833333333334,0.1021357171569918,0.3387725500951601,0.0335892935498025,0.0191007209324124,0.0366797197792991,0.0046121483150223,0.0335892935498025,0.9896186209157468,0.6569767441860465,0.9283994650022293,11215,0.9942307692307693,0.690566037735849,0.89171974522293,785,0.0067481294137623,0.0003073297318714,0.0015218486102778,0.0015186198099569,0.0,0.0534001815007382,0.0157241394882955,0.0056832075531735,0.0,0.0012830124796445,0.0023941374476868,0.0,0.0516707814932645,3.047323725628862e-05,5.380643676111377e-05,0.0,0.0516707814932645,0.0515634192824013,0.0101690794817887,0.0088961715546786,0.0033067640599165,0.0033067640599165,0.0018028977007973,0.0016528376767877,0.9966932359400834,interfair/studies/requirements/evaluation/confirmation/hmda_oh/1004/full/audit.npz,63c341f54f08afd02239be26a9b09e4907b9f47360843932fae72643fde3bfd0,interfair/studies/requirements/runs/confirmation/hmda_oh/1004/full/DONE.json,545b24cd6f339a8d0dbf6a5fdaed6016ffe6c6de07f9a112adf8d4e5c6457d74,40,40,157.376492616022,ae3a1abc5049011a6b9a65c00a6da2e34a31fa97b328b67f1c7303d2d80d2b41,5b6e65a3859da3ee9198bf8ad1ee6e81744eea0f9987634f9c2978588c69045d,12615680,3080,True,,False,True,8b3f6f6fa7f215f30a45be32f6603ea1d2772628b65a09369d8f2b03dbf1c327,0.04579164579878589,0.04897077738447474,paired fresh 40-epoch fitting; discovery source used only for target selection
hmda_oh,1005,mlp,broad,interfair/studies/requirements/runs/confirmation/hmda_oh/1005/full/selected.pt,0.8321969259216457,0.9447274408578228,0.9156075967442524,0.85225,0.1105141857097939,0.3635918814538489,0.0267990346643265,0.014263021110649,0.0295702695718598,0.0017270075569715,0.0267990346643265,0.9944268385968746,0.7354651162790697,0.9467677218011592,11215,0.9961538461538462,0.7622641509433963,0.9171974522292994,785,0.0117590924908385,0.0029105110038311,0.001806255333493,0.0027218447915026,0.0,0.0397903945453737,0.006990757466271,0.0103878493110195,0.0019502604206006,0.0014962341322561,0.0012023976589968,0.0,0.0361252704587161,2.0019057303859963e-05,5.018310794897024e-05,0.0,0.0361252704587161,0.036026781961468,0.0104088076711603,0.0075609543020008,0.0036741478263429,0.002471490221584,0.0018717895863868,0.0013513591920068,0.9943755917530565,interfair/studies/requirements/evaluation/confirmation/hmda_oh/1005/full/audit.npz,86bad46c9ebf1cb6da6c3bebfbc2d143be5083a69fbc17825473e80c1e47f25a,interfair/studies/requirements/runs/confirmation/hmda_oh/1005/full/DONE.json,6d6da4bd9f9e2110b17ecc2193c08d3987255c7fcfe27fdd817bc5ea2814b2c4,5,40,173.38877178903203,646e692b60b511afb6fc5de2360f013ba66f3c499e20d75f696f4bdca330fb30,262f6995eb4278942b57774459f09fe7d15639b11d54b5f95dbbaff1e4250a2c,12615680,3080,True,,False,True,bfe275ab86f14b15285cc0605335d57a107847f3d59ce487a6991cafa44c1fec,0.07057037964979884,0.05022833973512989,paired fresh 40-epoch fitting; discovery source used only for target selection
hmda_oh,1006,mlp,broad,interfair/studies/requirements/runs/confirmation/hmda_oh/1006/full/selected.pt,0.8419335777833531,0.9477245280772486,0.9204872434298867,0.8618333333333333,0.104785618723863,0.3462111956812362,0.0160450489980985,0.0080439597352151,0.0428321941439893,4.287047233175745e-05,0.0160450489980985,0.992350562780024,0.6782945736434108,0.9345519393669192,11215,0.9923076923076924,0.6943396226415094,0.89171974522293,785,0.0097332875261197,0.0010694132019134,0.0015022995919681,0.0011238488483443,0.0,0.0440003271482989,0.0105749411204074,0.0085342416849971,0.001200759707156,0.001313217583136,0.0009028170718189,0.0,0.0438523000978918,5.901446487073454e-05,0.0001144110328621,0.0001511487303506,0.0438523000978918,0.0436258233627199,0.0196843372576761,0.0158601699446404,0.0074452046034052,0.0057869233949121,0.0039072431337172,0.0034559743553474,0.9913540356894388,interfair/studies/requirements/evaluation/confirmation/hmda_oh/1006/full/audit.npz,7b7d3babab94f004aa949c1d63d6a048071e03fff5e19566101b0b243d933567,interfair/studies/requirements/runs/confirmation/hmda_oh/1006/full/DONE.json,891071faa4b1e9f5e010a69459b5e84070c79eeaa70b80ba4d87bcc0d23b363e,10,40,174.36726019403432,88901f5dc51a3dc8d02c520b3143ef7e4709575be68b534c30119c3d1aafee84,6ed361305444ffb063028cb301c78289301bf926f424742e7ab3cf44d2bb97f5,12615680,3080,True,,False,True,850d9cb5d33fe57d4ba6a3988c837b134675e8057da14d0ad896358e53fab95f,0.05909685028196867,0.05752674869038583,paired fresh 40-epoch fitting; discovery source used only for target selection
hmda_oh,1007,mlp,broad,interfair/studies/requirements/runs/confirmation/hmda_oh/1007/full/selected.pt,0.8467196572295059,0.9493246365250184,0.9211453957216668,0.8639166666666667,0.1017306506716747,0.3371065237965621,0.0064045123273622,0.0060251316938844,0.0464380336844137,0.0064045123273622,0.0056457510604065,0.98590317998033,0.6434108527131783,0.922871154703522,11215,0.9923076923076924,0.6490566037735849,0.8764331210191083,785,0.0046421051406656,0.0,0.0006212812245468,0.0009415270583268,0.0,0.0467568896728979,0.0147986671750511,0.0044797194704297,0.0,0.0005426219546428,0.0010517883894874,0.0,0.0437390184430854,7.262439992792219e-05,9.597788010427656e-05,0.0,0.0437390184430854,0.0435472412529637,0.0128167782488849,0.0120634817402343,0.0052626972053263,0.0045911180805956,0.0023304095787235,0.0021792608483728,0.9947373027946738,interfair/studies/requirements/evaluation/confirmation/hmda_oh/1007/full/audit.npz,12c13e77cfe9e491a14fa27c1ee18115407c61b9fa8031e5cb259bb97c9c4ba3,interfair/studies/requirements/runs/confirmation/hmda_oh/1007/full/DONE.json,a49c21d5f52b87f2567f129570dba32393a9355663c14ad52e1871e5d60bb207,30,40,140.7784322880325,963e1898fd735a49519f81a4a3a1e71642eb742fb760552d5c8fc474f50f6137,e2e1c8382fb978c6400f4defefd1aeec8f2c21d87ec3d5e85b346f7ead7ee3f1,12615680,3080,True,,False,True,8f6064cc2d89c76a7fdfe1f5231bcae126d8bd0313828dcae82dc060f7c724af,0.04350468737401976,0.04188940585213063,paired fresh 40-epoch fitting; discovery source used only for target selection
hmda_oh,1008,mlp,broad,interfair/studies/requirements/runs/confirmation/hmda_oh/1008/full/selected.pt,0.8479644094931047,0.949722305000134,0.9228770748135676,0.8664166666666666,0.1012932512751364,0.338311201609113,0.0030185022670761,0.0018156489210854,0.0504885688241691,0.0006127955750948,0.0030185022670761,0.9916948967325976,0.6535852713178295,0.9294694605439144,11215,0.9923076923076924,0.6566037735849056,0.8789808917197452,785,0.0047961504174099,5.186991026505524e-05,0.0006733835691615,0.0002516979903996,0.0,0.0513972042183589,0.01344642616451,0.0038324905739146,0.0,0.0005483634376014,0.0001497902935889,0.0,0.0479946857193093,7.421283022080515e-05,9.481553849454776e-05,0.0,0.0479946857193093,0.0478051381504275,0.0109840144029892,0.0105305682119372,0.0053476807082694,0.0051965319779187,0.0033865527935752,0.0030842553328738,0.9946523192917304,interfair/studies/requirements/evaluation/confirmation/hmda_oh/1008/full/audit.npz,efcbb471d03980e974015d905ca7f12507acd5950918fbe0f2226794d4c71184,interfair/studies/requirements/runs/confirmation/hmda_oh/1008/full/DONE.json,07b446a74646a77fa434664062ee84f66075110a8f9175c02a16e6094d398181,40,40,120.08567354996921,09b32dd4f709d155a29c89387384219b2ca931130cfe0df05c771f7805a6ecd9,adae3485017f0c981578516c0bdd753fd8060d86a39e8c51bbfcd57834d0e7f7,12615680,3080,True,,False,True,760075f1a3c316b8600174208b81b3ff1d8d14f4f096fa8cebff771d31b45028,0.0672757774585688,0.04515821019598465,paired fresh 40-epoch fitting; discovery source used only for target selection
hmda_oh,1009,mlp,broad,interfair/studies/requirements/runs/confirmation/hmda_oh/1009/full/selected.pt,0.8471948665407049,0.9496061720441198,0.9210538945145654,0.8629166666666667,0.1022228775239838,0.338481747161912,0.0057956706157671,0.0039472162078272,0.0455838546532595,0.0020987617998873,0.0057956706157671,0.992132007430882,0.6734496124031008,0.933481943825234,11215,0.9942307692307693,0.6792452830188679,0.8878980891719745,785,0.0051824658223117,0.0001520622958989,0.0007910669997902,0.0007073817083414,0.0,0.0432299363318058,0.0155654583071159,0.0043133392983614,0.0,0.0006289179218043,0.0006007893415382,0.0,0.0403821638723177,0.000116123961979,0.0001253728701651,0.0,0.0403821638723177,0.0401315112652819,0.0187353122623017,0.0178284198801977,0.0078142263216724,0.0068403497362405,0.0040586713791471,0.0040586713791471,0.9921857736783276,interfair/studies/requirements/evaluation/confirmation/hmda_oh/1009/full/audit.npz,f5ae324204fd8c6316636b84665df16a1875398fb01d07493300ab3d27faee0a,interfair/studies/requirements/runs/confirmation/hmda_oh/1009/full/DONE.json,f6137e28e2e6d6d6cf0bf704f8540a3eb0d844af11be49bd25b8791fb781e64c,30,40,115.5281644469942,3871ab26e2ba1e0f14670c06f71f2e81fd8271234d05bbad3d16ee1594a939f8,49093b96b7340e94d2e8625e36fa94536edba37b859843b5894bf029ec9bf13e,12615680,3080,True,,False,True,7a865a2148c7f3d76b1edfdce593ba09cc9de0905f8dcac1d0422ecb85e31ab8,0.050400382387447755,0.05837934310728536,paired fresh 40-epoch fitting; discovery source used only for target selection
hmda_oh,1000,mlp,erm,interfair/training/mlp/runs/confirmation/hmda_oh/1000/erm/selected.pt,0.8519298887898774,0.9515206517007684,0.9241209736906812,0.8714166666666666,0.0987964864455611,0.3292561919674276,0.162984496124031,0.1081298370602754,0.153484158784158,0.0532751779965199,0.162984496124031,0.974429024150366,0.562984496124031,0.8987070887204637,11215,0.921153846153846,0.4,0.7452229299363057,785,0.2372629759186726,0.8391477919788598,0.0404103378533142,0.0621392036693596,0.0570975611869113,0.0872314206421955,0.0405918459698969,0.2271581024499879,0.8063847709285255,0.0380903474051346,0.0638791891215556,0.0567024366598727,0.0724058588518866,0.0451766925039046,0.009662165504505,0.0140688301647042,0.0724058588518866,0.0541783676276102,0.3387959376371809,0.2045684567311894,0.2610932843115632,0.1427182338025559,0.2177667828954832,0.1141857105980914,0.1541431104142419,interfair/training/mlp/evaluation/hmda_oh/1000/erm.npz,9d3caec05650d9e7e63f7eb5230b3b7692d071bba4b58093df946849ca639d45,interfair/training/mlp/runs/confirmation/hmda_oh/1000/erm/DONE.json,774a909ca7b9d87ed29b0585a4c30a358d4019b64c44a87dd18f3467891cf58b,15,40,13.07789805601351,6a435754a0f9bdb30cd26b642d67fe263a501a2867a6177a95c921b6dfaded5b,43217c8caf1391502d6abb6a1c2f10c879e7e830141606ed7f4cc12aa778a064,0,3080,True,,False,True,3340f836375791c237b59436c0889ea7152751f95955fd1631cb5f1440aae195,0.0,1.0479603676195072e-17,paired fresh 40-epoch fitting; discovery source used only for target selection
hmda_oh,1001,mlp,erm,interfair/training/mlp/runs/confirmation/hmda_oh/1001/erm/selected.pt,0.8496541141289959,0.9503607178323924,0.923491115571002,0.86975,0.0998643559388384,0.3341757560979038,0.1480199648968846,0.0986044992309713,0.1427830674909342,0.0491890335650579,0.1480199648968846,0.978035187411212,0.5857558139534884,0.9058403923316988,11215,0.928846153846154,0.4377358490566038,0.7630573248407644,785,0.3228047734046231,0.8846639329624784,0.0488502777376344,0.0632835178167126,0.0724183642178344,0.0885769903417617,0.0397140515005766,0.2792830741798851,0.8475353251453421,0.0422610627220652,0.0613925953950992,0.0749925749636433,0.0680981058590685,0.1046340920801372,0.0146929656088884,0.0155459875734798,0.0680981058590685,0.0402445503990314,0.4394514936850039,0.2489447046049536,0.3385923430998094,0.1748905789172434,0.2948684813435953,0.1410831032226219,0.1224406816515147,interfair/training/mlp/evaluation/hmda_oh/1001/erm.npz,7897ba334ebd350ea166984bf0e4ae550dccf76421721eeb43e28cbe16a4c2c1,interfair/training/mlp/runs/confirmation/hmda_oh/1001/erm/DONE.json,0ead30108f526af7cc42de18d7fd9be94cdd37ce6fdd03a373b14a1517b7d61e,20,40,13.083222755987663,83121a2109dfa871f8d5091ec4bc034169e0655954a91fac8fc6b0bb252a511f,f779593edac436b1448254758d719be6536dca4355098267ab922765d9976b70,0,3080,True,,False,True,4b57f628f667e9947a32519e008f4376ea1331c79d29cd5c44cca1c081cf494c,0.0,1.1479509709513725e-17,paired fresh 40-epoch fitting; discovery source used only for target selection
hmda_oh,1002,mlp,erm,interfair/training/mlp/runs/confirmation/hmda_oh/1002/erm/selected.pt,0.8510029786768719,0.9509112262695456,0.9242638800722692,0.87075,0.0988472951562865,0.3297434201244006,0.1572253912534736,0.1089657255604137,0.1526935888297916,0.0607060598673537,0.1572253912534736,0.9818599060212,0.5949612403100775,0.9106553722692822,11215,0.921153846153846,0.4377358490566038,0.7579617834394905,785,0.1964930162198716,0.8063142988761933,0.0349337580743006,0.0408074719894704,0.0361145520579811,0.0794257358843842,0.0425308320830322,0.1749807852769337,0.740341974929998,0.0280464164880414,0.0378708640432778,0.0354936678914323,0.0624535172307051,0.0534136235603645,0.0116996305049345,0.0124633799771053,0.0624535172307051,0.0397892747525532,0.3280665498176719,0.2262384090309513,0.2618309745243401,0.1728184338195537,0.2269574062363037,0.144930381005562,0.2059048968973902,interfair/training/mlp/evaluation/hmda_oh/1002/erm.npz,16e26090633bd861118865dc8ba91350d71c16d67a79030fea817fdc94465763,interfair/training/mlp/runs/confirmation/hmda_oh/1002/erm/DONE.json,9dc65175f4c58972278db49e28e3acd2c4d4d40db525939886c1b6e09a1d1202,15,40,13.252514090039767,48ad497ceedad0349edc212ff91f21f8623573feeb63cd90e1c8718a01f0cb8d,96c64cffb0cf3b5004d8ac2d1f4572c3d78891b88d0167c54ab5c8db462700c0,0,3080,True,,False,True,110899b7ae61d9d68e7f8d9591f4ada6a2385102f79477da8d33694b9dd609db,0.0,9.865628733762873e-18,paired fresh 40-epoch fitting; discovery source used only for target selection
hmda_oh,1003,mlp,erm,interfair/training/mlp/runs/confirmation/hmda_oh/1003/erm/selected.pt,0.8491582599511919,0.950286907990972,0.924722778564799,0.8715833333333334,0.0993849805155349,0.3315711713261314,0.101767953780898,0.0660489861790514,0.1151778640412777,0.0303300185772047,0.101767953780898,0.9803300185772048,0.5847868217054264,0.9075345519393668,11215,0.95,0.4830188679245283,0.7923566878980892,785,0.1753593956100423,0.7913529794704741,0.0321644266450842,0.0466106945257038,0.0370379460011877,0.0768741055774046,0.0316602473311854,0.1567598446259446,0.7202605442206281,0.027325164726656,0.0506879637933325,0.0318044164044677,0.0704411224039592,0.0410608085753386,0.0096343870164521,0.0075400270007348,0.0704411224039592,0.0517781283321852,0.3305009032258893,0.224339971465126,0.2570960500069733,0.1649238803234018,0.2161646446914273,0.1330909576092802,0.222849262276559,interfair/training/mlp/evaluation/hmda_oh/1003/erm.npz,53bf7d70159f169d6502c1921d810f77a304d561f1508ae3c735cfc53e2d21da,interfair/training/mlp/runs/confirmation/hmda_oh/1003/erm/DONE.json,5aefc261c6666a768c5230e4f207584fc3e60d4d82a97a269a62214fe07c4d0c,15,40,13.111817253986374,6b0ac52be72cec71f6001e38f73e486a636236ab127eba2a3f31688f8ea7ff3c,fe04086c68436f384a1f296706eebfc1c593f667f49365055bb793768ac4ab6c,0,3080,True,,False,True,396a0e83d71362b4da38a305fddbb8644e88913fa55a406c406fc0adb3433683,0.0,9.636785291981061e-18,paired fresh 40-epoch fitting; discovery source used only for target selection
hmda_oh,1004,mlp,erm,interfair/training/mlp/runs/confirmation/hmda_oh/1004/erm/selected.pt,0.8488256778098187,0.9502347753946984,0.9244496739716624,0.8715833333333334,0.0994345632862203,0.3314026055541704,0.1647451367558871,0.1229527277552289,0.1712799338919952,0.0811603187545707,0.1647451367558871,0.979237241831494,0.5760658914728682,0.9050378956754348,11215,0.8980769230769231,0.4113207547169811,0.7337579617834394,785,0.1954976105097333,0.8237543768979084,0.032399630448301,0.0450957352747596,0.0431453317958533,0.0829858949149153,0.0417401422111846,0.1608413909143057,0.7505346064953027,0.0284039064834946,0.0469351550282152,0.0309005707329417,0.0709876076679521,0.0494799906803848,0.009824208947709,0.0141301011059062,0.0709876076679521,0.0518828793691093,0.269346409396459,0.1840427965687274,0.2163627896186865,0.1446722241056812,0.1893306067085561,0.1212934630640966,0.2076427696310777,interfair/training/mlp/evaluation/hmda_oh/1004/erm.npz,2ae621ad09dfbcdac0c45d1f46e4ca5f812418d514387c0bd00261c3fd28b46a,interfair/training/mlp/runs/confirmation/hmda_oh/1004/erm/DONE.json,f17208c527e6282bf36c5a9130adafaad14fed288532e4e86ee0dd4062fab8e2,15,40,13.231994018016849,ae3a1abc5049011a6b9a65c00a6da2e34a31fa97b328b67f1c7303d2d80d2b41,5b6e65a3859da3ee9198bf8ad1ee6e81744eea0f9987634f9c2978588c69045d,0,3080,True,,False,True,7e881729953f44d6a7f65dbbcbedc186cc59fda69947480731589ecd8dea23ac,0.0,1.0287047209452696e-17,paired fresh 40-epoch fitting; discovery source used only for target selection
hmda_oh,1005,mlp,erm,interfair/training/mlp/runs/confirmation/hmda_oh/1005/erm/selected.pt,0.8524387514535208,0.951812051054148,0.9243020150521972,0.8700833333333333,0.0994425606618893,0.3301288259403612,0.1021025303495685,0.0680959555406963,0.1139670198295617,0.0340893807318242,0.1021025303495685,0.9860124576549012,0.6153100775193798,0.9177886758805172,11215,0.9519230769230768,0.5132075471698113,0.8038216560509555,785,0.1471445759571338,0.743144139343281,0.0275571040852675,0.0438063248576393,0.0291195291369906,0.0733393445421679,0.0279724525686316,0.1348986165248675,0.7005129235001336,0.022725039673935,0.0395615884322402,0.0298923041461447,0.057130615609519,0.0337368836936059,0.009585713221051,0.0116580923914808,0.057130615609519,0.0384621488220317,0.3153898946960754,0.2077818211887875,0.2336806002624859,0.156560864396145,0.1937709872990608,0.1295418563907167,0.2488009324771413,interfair/training/mlp/evaluation/hmda_oh/1005/erm.npz,ba3c1299f8aad436a907e1235382cdf6b5d2a636b87baf082747bd425a8ddaf8,interfair/training/mlp/runs/confirmation/hmda_oh/1005/erm/DONE.json,e4b75293fbe29699d0a5858e23274b7b1cc9ad8426e86ef8604b398ed8c00200,10,40,13.05030566395726,646e692b60b511afb6fc5de2360f013ba66f3c499e20d75f696f4bdca330fb30,262f6995eb4278942b57774459f09fe7d15639b11d54b5f95dbbaff1e4250a2c,0,3080,True,,False,True,8635ce2389b25c8772502dcc9a6be6a23e9bbaef6c5214202208fb38b45ec43b,0.0,8.987095356724214e-18,paired fresh 40-epoch fitting; discovery source used only for target selection
hmda_oh,1006,mlp,erm,interfair/training/mlp/runs/confirmation/hmda_oh/1006/erm/selected.pt,0.8482674228577919,0.9503685849528426,0.9244553243574052,0.8714166666666666,0.0993615253148871,0.3308603118265022,0.2018191458241919,0.1472809236682134,0.1901332099014343,0.0927427015122349,0.2018191458241919,0.9812042399737734,0.5867248062015504,0.908604547481052,11215,0.8884615384615384,0.3849056603773585,0.7184713375796178,785,0.2086932618774197,0.8291513407710212,0.0403643064325825,0.0685093263575199,0.0550291196670318,0.0827136850386804,0.0467148718054381,0.1789061571274078,0.7743565278474792,0.0343775786981647,0.0703147477834934,0.0467809496468788,0.0739166342871425,0.04974290690454,0.0119191649664461,0.0189429089376242,0.0739166342871425,0.0509258615948759,0.3471176026769331,0.2251697866098008,0.2729588840288913,0.175013084513946,0.2389925477446721,0.1457518774131263,0.1730003468153619,interfair/training/mlp/evaluation/hmda_oh/1006/erm.npz,4a9d7f1c17165e2fd8167a9f4b11ae267f8253f3dde3631ee250a8ea6ba3d193,interfair/training/mlp/runs/confirmation/hmda_oh/1006/erm/DONE.json,0fadab34103d4f46c1770cfa6fc046dac05975e0d18a35df036fdb41b9589988,15,40,13.121864139975514,88901f5dc51a3dc8d02c520b3143ef7e4709575be68b534c30119c3d1aafee84,6ed361305444ffb063028cb301c78289301bf926f424742e7ab3cf44d2bb97f5,0,3080,True,,False,True,a32043e318f50a0dc12b59279eb1061a2550ca3cc12e698798b3992474a416eb,0.0,1.0253000605671921e-17,paired fresh 40-epoch fitting; discovery source used only for target selection
hmda_oh,1007,mlp,erm,interfair/training/mlp/runs/confirmation/hmda_oh/1007/erm/selected.pt,0.8541751845240397,0.9522706763847854,0.924278670116682,0.87075,0.099123072461849,0.3288664267759534,0.1369039783530788,0.0918010556930193,0.1366936342648466,0.0466981330329597,0.1369039783530788,0.9813135176483444,0.5935077519379846,0.9099420419081587,11215,0.9346153846153846,0.4566037735849056,0.7732484076433122,785,0.1403310753728004,0.7453461277141464,0.027241748059511,0.0444788286366526,0.0273381004300889,0.0727841656343266,0.0340082697336206,0.1201225677232749,0.6531782867854373,0.0242940861004449,0.0488152853397327,0.0223120717837181,0.0662311343906693,0.0349024849487238,0.0090030967628371,0.0119393536266475,0.0662311343906693,0.0486067068718869,0.2978956252955693,0.2182918740867347,0.2325705481250779,0.1581609434176014,0.1945939048299494,0.1281912990795835,0.2770662863409929,interfair/training/mlp/evaluation/hmda_oh/1007/erm.npz,8b8d74e96c24c90b67764e9bfd3d658361f4e45b4f8801621c7f7b75092c8e45,interfair/training/mlp/runs/confirmation/hmda_oh/1007/erm/DONE.json,d45707e4d988ae2821a7b25419d9708b4c5678a4dd1d7ced2f7a644cac8419f8,10,40,13.10724191594636,963e1898fd735a49519f81a4a3a1e71642eb742fb760552d5c8fc474f50f6137,e2e1c8382fb978c6400f4defefd1aeec8f2c21d87ec3d5e85b346f7ead7ee3f1,0,3080,True,,False,True,527037fc6f8cd8322c198df8caadfe99fcce6660e231bc5d4dfa40285fd785f1,0.0,9.203483465280851e-18,paired fresh 40-epoch fitting; discovery source used only for target selection
hmda_oh,1008,mlp,erm,interfair/training/mlp/runs/confirmation/hmda_oh/1008/erm/selected.pt,0.8486289522099753,0.950304944652412,0.922748447204969,0.8673333333333333,0.1018585874541508,0.3399621707211254,0.1686009945882697,0.1109605722754315,0.1464763695119423,0.0533201499625933,0.1686009945882697,0.9860124576549012,0.6327519379844961,0.9209986625055728,11215,0.9326923076923076,0.4641509433962264,0.7745222929936306,785,0.2116057131491017,0.8218848118060337,0.0378640748012135,0.051178605557469,0.0481405154867423,0.0705663231080331,0.0346672503007164,0.1738833141081748,0.7433127542745881,0.0306858760982612,0.0522635479414913,0.0562466341349193,0.0546242721131233,0.0416488235933994,0.009787021355423,0.0097835551789122,0.0546242721131233,0.0360024690346451,0.3805464635126399,0.2233378991046613,0.2918506248440733,0.1555258704153659,0.2370574646432806,0.1292376747956823,0.2126182062092808,interfair/training/mlp/evaluation/hmda_oh/1008/erm.npz,5510ac5625a12d7a22673a1b185e25a5b761f7ee9372126883c41b2a88f7a43b,interfair/training/mlp/runs/confirmation/hmda_oh/1008/erm/DONE.json,db018527c9686692995fc4a9b2932638682ab1a8ed5272c8cc27f73621e45225,15,40,13.043268627952784,09b32dd4f709d155a29c89387384219b2ca931130cfe0df05c771f7805a6ecd9,adae3485017f0c981578516c0bdd753fd8060d86a39e8c51bbfcd57834d0e7f7,0,3080,True,,False,True,58b027ae8155667412d1da629964dffee938e0d13b946a41b5ef5e4dc1824a48,0.0,9.894208978848859e-18,paired fresh 40-epoch fitting; discovery source used only for target selection
hmda_oh,1009,mlp,erm,interfair/training/mlp/runs/confirmation/hmda_oh/1009/erm/selected.pt,0.849628385741474,0.9508435683084494,0.9221456692913386,0.8681666666666666,0.1003941320289996,0.3330953905043155,0.1687984496124031,0.1207395154848158,0.1671402324570994,0.0726805813572286,0.1687984496124031,0.9726805813572288,0.5687984496124031,0.8983504235399019,11215,0.9,0.4,0.7312101910828025,785,0.1687796859664094,0.7883597448622417,0.0365822247791673,0.068258130983111,0.0447572160214081,0.0886831408904679,0.0418566895467184,0.1732093917160488,0.7625109141485534,0.0346160293225249,0.0716088722059491,0.0564888568863455,0.079941954204498,0.0301251307555617,0.0096095209214783,0.0200271195395812,0.079941954204498,0.0616647646052342,0.3007361440669646,0.175577401440566,0.2465324570064093,0.1379981393479132,0.2151549580568937,0.1122383654413685,0.2077968760395057,interfair/training/mlp/evaluation/hmda_oh/1009/erm.npz,c4ab9993e3f11323e51d7a6a70595700e709f144b87966e942d0164914fdc3aa,interfair/training/mlp/runs/confirmation/hmda_oh/1009/erm/DONE.json,ae8b008177251b4897d729b2b9126fcffdee47247dcd93cc184bb60ba4b9e254,10,40,13.054647051962093,3871ab26e2ba1e0f14670c06f71f2e81fd8271234d05bbad3d16ee1594a939f8,49093b96b7340e94d2e8625e36fa94536edba37b859843b5894bf029ec9bf13e,0,3080,True,,False,True,7f79b30f61e55c7f24c4e18dfa3b4cf2a7cfee90bca7360af1d136d2411c3ce4,0.0,9.87083266275261e-18,paired fresh 40-epoch fitting; discovery source used only for target selection
hmda_oh,1000,mlp,population_control,interfair/studies/requirements/runs/confirmation/hmda_oh/1000/population/selected.pt,0.8369843150958949,0.9454674253999662,0.9180641154268788,0.8570833333333333,0.1086218389202263,0.3594678462327905,0.0126426064063186,0.0099922975459381,0.0526024347510016,0.0073419886855576,0.0126426064063186,0.9938804502240192,0.7107558139534884,0.9417744092732948,11215,0.9865384615384616,0.6981132075471698,0.889171974522293,785,0.0445309872871216,0.3424251894510772,0.0071753690296629,0.0077767591069358,0.0053772335976117,0.0380863959994014,0.0073979511687481,0.0526599023124636,0.4049497393520506,0.0066757615987576,0.0078786040800865,0.007132869807872,0.0305863244475822,0.0005696314131654,0.0007733580686341,0.0001511487303506,0.0305863244475822,0.0291758540297284,0.1373791966820606,0.075763765881819,0.0697159411368719,0.0337290033560667,0.0400996070587977,0.0168681877690167,0.556575504953468,interfair/studies/requirements/evaluation/confirmation/hmda_oh/1000/population/audit.npz,c9710b0d638b56f57149e3849562b589ded0acc52024d1d425651341a9fd6ec1,interfair/studies/requirements/runs/confirmation/hmda_oh/1000/population/DONE.json,00e2f586e2638b3a5de9588e9c5a0afac8707f321c20b619e0091694e1b4b8d3,5,40,118.1391983780195,6a435754a0f9bdb30cd26b642d67fe263a501a2867a6177a95c921b6dfaded5b,43217c8caf1391502d6abb6a1c2f10c879e7e830141606ed7f4cc12aa778a064,12615680,3080,True,,False,True,b2f5399feebefb8a1349c3c8aa21a3601313e2cfa6469a111fc3dda5e7b397ef,0.08472945780028737,0.06664718412473254,paired fresh 40-epoch fitting; discovery source used only for target selection
hmda_oh,1001,mlp,population_control,interfair/studies/requirements/runs/confirmation/hmda_oh/1001/population/selected.pt,0.8340670178543466,0.9452660398033048,0.9181542606938364,0.85825,0.1068993116265242,0.3523238165212994,0.0351177416995758,0.0195810332027884,0.0339536164883813,0.004044324706001,0.0351177416995758,0.9863402906786144,0.6705426356589147,0.9282211324119484,11215,0.9903846153846154,0.7056603773584905,0.8942675159235669,785,0.0578920648337745,0.4705165618369601,0.0087648681506677,0.0148591349560415,0.0053405418395833,0.0456239658942755,0.0121603998060549,0.0529230774126868,0.4203969823844641,0.0078598776191667,0.0125241505961003,0.0055742339929388,0.0399585326267363,0.0008962623368055,0.0008207813775406,0.0003022974607013,0.0399585326267363,0.0384424243942063,0.1511622314362614,0.0854718436064381,0.0677961825587971,0.0320118787801573,0.0347472793224027,0.0161908450601846,0.5508355530324105,interfair/studies/requirements/evaluation/confirmation/hmda_oh/1001/population/audit.npz,5a5b903d064e9bed2677c2134f399bf1adea73218f756fd0351c8bbd38910cfd,interfair/studies/requirements/runs/confirmation/hmda_oh/1001/population/DONE.json,ac73274dc4a4c85739f94c564165ac9b725fc1c90c2dca6ab6393c39239108be,5,40,142.48105443798704,83121a2109dfa871f8d5091ec4bc034169e0655954a91fac8fc6b0bb252a511f,f779593edac436b1448254758d719be6536dca4355098267ab922765d9976b70,12615680,3080,True,,False,True,fdfb080ed0e4bb7db5af8d6e80c983693754655a434751e658a19ae78d365959,0.07157291352569631,0.06858696659230669,paired fresh 40-epoch fitting; discovery source used only for target selection
hmda_oh,1002,mlp,population_control,interfair/studies/requirements/runs/confirmation/hmda_oh/1002/population/selected.pt,0.8360667284710336,0.946155789784386,0.918685536099784,0.85875,0.1073354913650451,0.354409192121122,0.0125127980108235,0.0071081344189436,0.0517493915962186,0.0017034708270637,0.0125127980108235,0.9901650092886024,0.687984496124031,0.9345519393669192,11215,0.9884615384615384,0.6754716981132075,0.8828025477707007,785,0.0403620448553236,0.3069189049864358,0.0071656135583185,0.0101808612301757,0.0040403899126863,0.0423593749446161,0.0080770874688743,0.0475623677414768,0.3732986670939041,0.0074117836078491,0.0102741097491936,0.005856934739501,0.0415369705973303,0.000454939740408,0.0005851888519086,0.0,0.0415369705973303,0.0404817418211928,0.1221925789782492,0.0653140344669063,0.0542004191703074,0.0223683155377644,0.0277543540320982,0.0098472229412416,0.5992021614789543,interfair/studies/requirements/evaluation/confirmation/hmda_oh/1002/population/audit.npz,39f7b589f3db593c320397b577be49f36a4c6112d994af5448d1204d22468abf,interfair/studies/requirements/runs/confirmation/hmda_oh/1002/population/DONE.json,7e8a34313b42152541e8a37481becbc749dcbaf4d28d8640f9f9e42afaad144b,5,40,174.9218060770072,48ad497ceedad0349edc212ff91f21f8623573feeb63cd90e1c8718a01f0cb8d,96c64cffb0cf3b5004d8ac2d1f4572c3d78891b88d0167c54ab5c8db462700c0,12615680,3080,True,,False,True,d0289ef1b71a81429f5092a440201fba7d5b9642272ae3c4bec7fcc9d0ef6fca,0.07678461778888067,0.05711699796278323,paired fresh 40-epoch fitting; discovery source used only for target selection
hmda_oh,1003,mlp,population_control,interfair/studies/requirements/runs/confirmation/hmda_oh/1003/population/selected.pt,0.8396672598033037,0.9465694749391746,0.9210576923076924,0.8631666666666666,0.1052271940763184,0.3516765237458494,0.0398694602896007,0.0210050209074744,0.0640935280604059,0.0021405815253481,0.0398694602896007,0.9906021199868866,0.6700581395348837,0.9316094516272848,11215,0.9884615384615384,0.630188679245283,0.867515923566879,785,0.0501497701479515,0.3733134067569891,0.0089122186369817,0.0140859442983025,0.0091958940271159,0.0422956514492059,0.0078410269141798,0.050549759203592,0.3684785344545566,0.008780102707015,0.0138056186567863,0.0073575447642556,0.0367892613978565,0.0014385500382815,0.0015067978672584,0.0010580411124546,0.0367892613978565,0.0339129352602408,0.1650833794187449,0.104614720050247,0.0971464443885755,0.0590458910952808,0.0621590259095456,0.0322288658038845,0.5751933362825058,interfair/studies/requirements/evaluation/confirmation/hmda_oh/1003/population/audit.npz,37ab70d6db0fc5226367f08f3c941a845ce4426ea71e04fab8e41f013fc47a9b,interfair/studies/requirements/runs/confirmation/hmda_oh/1003/population/DONE.json,82e016a112404f8288354448d862970d62eaa16b3d219f8745cca96ebb0dc2c5,10,40,170.32645776402205,6b0ac52be72cec71f6001e38f73e486a636236ab127eba2a3f31688f8ea7ff3c,fe04086c68436f384a1f296706eebfc1c593f667f49365055bb793768ac4ab6c,12615680,3080,True,,False,True,69e930b4486ce910997d215caa791cd022d3911a75feac7fa73c2558c76112a6,0.07558681827242558,0.05095428566918525,paired fresh 40-epoch fitting; discovery source used only for target selection
hmda_oh,1004,mlp,population_control,interfair/studies/requirements/runs/confirmation/hmda_oh/1004/population/selected.pt,0.8412870160793321,0.9476363426745764,0.920665448600827,0.8625,0.1039271965511247,0.3446550274377092,0.022548266783677,0.0125093914132401,0.0407433174973235,0.0024705160428032,0.022548266783677,0.9898371762648892,0.6642441860465116,0.9299152920196164,11215,0.9923076923076924,0.6867924528301886,0.889171974522293,785,0.0550402201072281,0.4237803276840693,0.0095562613953269,0.0099505642545914,0.006088588956723,0.0427249446571644,0.0089090454723214,0.0664976540921673,0.461461836938965,0.0083205046564497,0.0094513818941123,0.0075117402051843,0.0362630532497764,0.0023721926547205,0.0017638837789152,0.0,0.0362630532497764,0.0328659377079791,0.1852508343339446,0.1300089029810856,0.1073366564381434,0.063791393272592,0.0702203008818981,0.0391800890174913,0.4841604759928499,interfair/studies/requirements/evaluation/confirmation/hmda_oh/1004/population/audit.npz,cd1f75ef0a3cbc602ee7bcce12908f0c2d86e65d69ea30a66fecaa71730e29b2,interfair/studies/requirements/runs/confirmation/hmda_oh/1004/population/DONE.json,815294ccd687152939e38de53b1a359589920247ce071dbdc20cadae4d3cfbd1,10,40,184.85938452201663,ae3a1abc5049011a6b9a65c00a6da2e34a31fa97b328b67f1c7303d2d80d2b41,5b6e65a3859da3ee9198bf8ad1ee6e81744eea0f9987634f9c2978588c69045d,12615680,3080,True,,False,True,859d410a44c23bde216591b2614df77a04b3583eb25d74b3b76da667e16d959b,0.061629312877539616,0.05479289104188952,paired fresh 40-epoch fitting; discovery source used only for target selection
hmda_oh,1005,mlp,population_control,interfair/studies/requirements/runs/confirmation/hmda_oh/1005/population/selected.pt,0.8331148455282265,0.9449516939090222,0.9168378313828516,0.8549166666666667,0.108929218965749,0.3583703582983554,0.0354450051192042,0.0197334219210842,0.0284241703133031,0.0040218387229642,0.0354450051192042,0.992132007430882,0.7117248062015504,0.9405260811413286,11215,0.9961538461538462,0.7471698113207547,0.9121019108280256,785,0.0452948586331256,0.3605812546691546,0.0079612058559267,0.0115968196566716,0.0056230653369848,0.0370789941378715,0.006852023245231,0.0506530222745032,0.3900752817070045,0.006583082134455,0.0107258774510878,0.0091320745948687,0.032287637689563,0.0006239391160872,0.0007506007565912,0.0,0.032287637689563,0.030940041038124,0.1363944076022865,0.0778170564182715,0.0687018284370898,0.0282067994730778,0.0340264372832209,0.0147774462730307,0.5755306597699268,interfair/studies/requirements/evaluation/confirmation/hmda_oh/1005/population/audit.npz,71d0bad8f96552a3b373290a01cee88552654b99cf989c014c0f91545c6625f3,interfair/studies/requirements/runs/confirmation/hmda_oh/1005/population/DONE.json,60af3969dce9c57e395c69d4686e8fe35c05533423f29b0e3c84e9276ccf7fbb,5,40,176.16968295100378,646e692b60b511afb6fc5de2360f013ba66f3c499e20d75f696f4bdca330fb30,262f6995eb4278942b57774459f09fe7d15639b11d54b5f95dbbaff1e4250a2c,12615680,3080,True,,False,True,9b55ef5b7e6bf2ddb72e4dfd9cb5aaa604286185d9d6eb61aeae836cae06e522,0.06053217122791607,0.04946351761851732,paired fresh 40-epoch fitting; discovery source used only for target selection
hmda_oh,1006,mlp,population_control,interfair/studies/requirements/runs/confirmation/hmda_oh/1006/population/selected.pt,0.8395534910491629,0.9470237027828702,0.9176257966327404,0.8556666666666667,0.1082442748485999,0.3562163856513488,0.0326129881526986,0.0170275165791443,0.0310860965892472,0.0014420450055899,0.0326129881526986,0.997595891159436,0.7296511627906976,0.9482835488185466,11215,0.9961538461538462,0.7622641509433963,0.9171974522292994,785,0.0658362280142949,0.5144995936191312,0.0090993490105214,0.0062781131133448,0.0082280717086813,0.0396847544152842,0.0085985024992251,0.0644526317244696,0.4911282613104594,0.007597717889329,0.0054857747471859,0.0080321300622473,0.0300574270291864,0.0075307895140145,0.0040577001301193,0.0004534461910519,0.0300574270291864,0.0221160307303985,0.3015933051633874,0.2194663648031889,0.1990235487940345,0.1405246684442334,0.1417059013285429,0.0977159016226679,0.4082744071337491,interfair/studies/requirements/evaluation/confirmation/hmda_oh/1006/population/audit.npz,32022ef33d44ae384487fb5da9cfa6a782aae62996a8b018bc624ef8bed6a655,interfair/studies/requirements/runs/confirmation/hmda_oh/1006/population/DONE.json,f30d9040d4979f7c71ec310f576f33c94a58b42e3337a53d759ed5d74842eab9,15,40,177.45550427399576,88901f5dc51a3dc8d02c520b3143ef7e4709575be68b534c30119c3d1aafee84,6ed361305444ffb063028cb301c78289301bf926f424742e7ab3cf44d2bb97f5,12615680,3080,True,,False,True,6befd62a769342e74cc4c95d5e2676b99e36d516291eec9d95396b9300ff2b86,0.06833433038695695,0.05595846419159059,paired fresh 40-epoch fitting; discovery source used only for target selection
hmda_oh,1007,mlp,population_control,interfair/studies/requirements/runs/confirmation/hmda_oh/1007/population/selected.pt,0.8378108867174434,0.9468691947881744,0.9171186601960224,0.8548333333333333,0.109630638612261,0.3607735054663022,0.0023219248208278,0.0019478667420128,0.0385510761008771,0.0015738086631977,0.0023219248208278,0.9965031144137252,0.7335271317829457,0.9481052162282656,11215,0.9980769230769232,0.7358490566037735,0.9095541401273886,785,0.0393125734808132,0.3003223115477952,0.0059185558444099,0.0067338364731471,0.0037280575685888,0.0366499767039678,0.0060141626426943,0.0400258810754986,0.3149231683028994,0.0054312969095219,0.0062404394772567,0.0018037166767178,0.0347089789807461,0.00124519436443,0.0013245289681886,0.0,0.0347089789807461,0.0321439086715546,0.1799702205191123,0.1223542907410032,0.10108246496105,0.0571310521787759,0.0614177163539879,0.031559764574915,0.624684897791048,interfair/studies/requirements/evaluation/confirmation/hmda_oh/1007/population/audit.npz,693dd323e1a385c4ae043ef6e74c1728c526a19029986edd9318372c596e5daf,interfair/studies/requirements/runs/confirmation/hmda_oh/1007/population/DONE.json,572f7b9f93993e37bbe6cd2810458007f7603b044110a581d406acf7a8516836,5,40,146.82281499000965,963e1898fd735a49519f81a4a3a1e71642eb742fb760552d5c8fc474f50f6137,e2e1c8382fb978c6400f4defefd1aeec8f2c21d87ec3d5e85b346f7ead7ee3f1,12615680,3080,True,,False,True,b37d3843d84dcc917969a1c79bf6921e45a11963f80c3f27b292d8515c60d2bb,0.06853232661712715,0.047992777398567936,paired fresh 40-epoch fitting; discovery source used only for target selection
hmda_oh,1008,mlp,population_control,interfair/studies/requirements/runs/confirmation/hmda_oh/1008/population/selected.pt,0.8374470264932243,0.9460168808294338,0.9185745761088226,0.8583333333333333,0.1082947472689688,0.3587169898007243,0.008088342840427,0.005476024181156,0.0410613628812639,0.0028637055218849,0.008088342840427,0.9913670637088844,0.6937984496124031,0.9366027641551492,11215,0.9942307692307693,0.7018867924528301,0.8955414012738854,785,0.0496336205745845,0.3917568718476901,0.0071798505742757,0.0108122030368379,0.0083283249771534,0.0445710133994366,0.0077404624091774,0.0550675966251107,0.4394525417923404,0.0076413257456434,0.0088721179169745,0.0081315476613861,0.0367663985118309,0.0022155057999645,0.0018629224789762,0.0001500600240096,0.0367663985118309,0.0332002673288425,0.2044590083227404,0.1333312559730128,0.1196763696464603,0.0714026239267985,0.0755356922285571,0.0420071997625603,0.4924353390356369,interfair/studies/requirements/evaluation/confirmation/hmda_oh/1008/population/audit.npz,e8528d73990f020fe9b5cdfa7d94d36506728bea54c9c01ade5ee7ffc9ad6f81,interfair/studies/requirements/runs/confirmation/hmda_oh/1008/population/DONE.json,7b076d553e9936c5315e593ea78e8d59ac81f968916dbff621397e8d5ff26696,5,40,116.21486051898682,09b32dd4f709d155a29c89387384219b2ca931130cfe0df05c771f7805a6ecd9,adae3485017f0c981578516c0bdd753fd8060d86a39e8c51bbfcd57834d0e7f7,12615680,3080,True,,False,True,f3b2cfccfdc0da7b6e56b059da42edb9e22e3d2994f8d8e6c10853e5e6ec3f54,0.084296579822598,0.04798276689810672,paired fresh 40-epoch fitting; discovery source used only for target selection
hmda_oh,1009,mlp,population_control,interfair/studies/requirements/runs/confirmation/hmda_oh/1009/population/selected.pt,0.8329570121932133,0.944784165090592,0.9186460236561208,0.859,0.1079394889580704,0.3567361882160398,0.0592127395056311,0.0330052206560375,0.0243866977518166,0.006797701806444,0.0592127395056311,0.9874330674243252,0.6690891472868217,0.9288452964779312,11215,0.9942307692307693,0.7283018867924528,0.9044585987261148,785,0.0507839881471187,0.4143330840436723,0.0071884748393868,0.0080916839566416,0.0065077190933761,0.0469746219878708,0.0097911559352761,0.0519192191742415,0.4258199807670155,0.0069238285213732,0.0059187940648371,0.0110118134583566,0.0364308800668962,0.0012348887463941,0.0013549363944052,0.0003022974607013,0.0364308800668962,0.0338937458803841,0.1743287446901283,0.1035346878767963,0.1062385257198094,0.0571658976633248,0.0669625382863296,0.0330603409439876,0.5257818673889977,interfair/studies/requirements/evaluation/confirmation/hmda_oh/1009/population/audit.npz,bdff18125e286b61026ead1613c9e802bfd32aaa845efe36425f9c9d9bb56957,interfair/studies/requirements/runs/confirmation/hmda_oh/1009/population/DONE.json,9ae52d58d40f25a225ed9b71b2dac51a023aeebe219322cfb0339b1b82176d59,5,40,116.0023321500048,3871ab26e2ba1e0f14670c06f71f2e81fd8271234d05bbad3d16ee1594a939f8,49093b96b7340e94d2e8625e36fa94536edba37b859843b5894bf029ec9bf13e,12615680,3080,True,,False,True,3e88f7c58900462d82af7253ffe10fd50cc10173f89860cf765453150f2655fe,0.06634948736526204,0.06168442906006065,paired fresh 40-epoch fitting; discovery source used only for target selection
hmda_oh,1000,mlp,task_control,interfair/studies/requirements/runs/confirmation/hmda_oh/1000/task/selected.pt,0.8519298887898774,0.9515206517007684,0.9241209736906812,0.8714166666666666,0.0987964864455611,0.3292561919674276,0.162984496124031,0.1081298370602754,0.153484158784158,0.0532751779965199,0.162984496124031,0.974429024150366,0.562984496124031,0.8987070887204637,11215,0.921153846153846,0.4,0.7452229299363057,785,0.2372629759186726,0.8391477919788598,0.0404103378533142,0.0621392036693596,0.0570975611869113,0.0872314206421955,0.0405918459698969,0.2271581024499879,0.8063847709285255,0.0380903474051346,0.0638791891215556,0.0567024366598727,0.0724058588518866,0.0451766925039046,0.009662165504505,0.0140688301647042,0.0724058588518866,0.0541783676276102,0.3387959376371809,0.2045684567311894,0.2610932843115632,0.1427182338025559,0.2177667828954832,0.1141857105980914,0.1541431104142419,interfair/studies/requirements/evaluation/confirmation/hmda_oh/1000/task/audit.npz,ed78193be25ca2f0cac49cea6adb59cc139aa7116b42f1b3fec3f343d3bfa2c3,interfair/studies/requirements/runs/confirmation/hmda_oh/1000/task/DONE.json,67eda8595e538fd212847d08e92589dd69eaaf62ebc7dfcfa461e56043babfd8,15,40,117.38654590002261,6a435754a0f9bdb30cd26b642d67fe263a501a2867a6177a95c921b6dfaded5b,43217c8caf1391502d6abb6a1c2f10c879e7e830141606ed7f4cc12aa778a064,12615680,3080,True,,False,True,3340f836375791c237b59436c0889ea7152751f95955fd1631cb5f1440aae195,0.0,1.0479603676195072e-17,paired fresh 40-epoch fitting; discovery source used only for target selection
hmda_oh,1001,mlp,task_control,interfair/studies/requirements/runs/confirmation/hmda_oh/1001/task/selected.pt,0.8496541141289959,0.9503607178323924,0.923491115571002,0.86975,0.0998643559388384,0.3341757560979038,0.1480199648968846,0.0986044992309713,0.1427830674909342,0.0491890335650579,0.1480199648968846,0.978035187411212,0.5857558139534884,0.9058403923316988,11215,0.928846153846154,0.4377358490566038,0.7630573248407644,785,0.3228047734046231,0.8846639329624784,0.0488502777376344,0.0632835178167126,0.0724183642178344,0.0885769903417617,0.0397140515005766,0.2792830741798851,0.8475353251453421,0.0422610627220652,0.0613925953950992,0.0749925749636433,0.0680981058590685,0.1046340920801372,0.0146929656088884,0.0155459875734798,0.0680981058590685,0.0402445503990314,0.4394514936850039,0.2489447046049536,0.3385923430998094,0.1748905789172434,0.2948684813435953,0.1410831032226219,0.1224406816515147,interfair/studies/requirements/evaluation/confirmation/hmda_oh/1001/task/audit.npz,ac2b45fb1cba9b5a04d38062504e676b086f53e1e010f1751185508157767d3f,interfair/studies/requirements/runs/confirmation/hmda_oh/1001/task/DONE.json,bdd9d06bec8ecfe649a4431d3c6e184e8f6040b86002fc2d7a460692052ad785,20,40,135.55336894199718,83121a2109dfa871f8d5091ec4bc034169e0655954a91fac8fc6b0bb252a511f,f779593edac436b1448254758d719be6536dca4355098267ab922765d9976b70,12615680,3080,True,,False,True,4b57f628f667e9947a32519e008f4376ea1331c79d29cd5c44cca1c081cf494c,0.0,1.1479509709513725e-17,paired fresh 40-epoch fitting; discovery source used only for target selection
hmda_oh,1002,mlp,task_control,interfair/studies/requirements/runs/confirmation/hmda_oh/1002/task/selected.pt,0.8510029786768719,0.9509112262695456,0.9242638800722692,0.87075,0.0988472951562865,0.3297434201244006,0.1572253912534736,0.1089657255604137,0.1526935888297916,0.0607060598673537,0.1572253912534736,0.9818599060212,0.5949612403100775,0.9106553722692822,11215,0.921153846153846,0.4377358490566038,0.7579617834394905,785,0.1964930162198716,0.8063142988761933,0.0349337580743006,0.0408074719894704,0.0361145520579811,0.0794257358843842,0.0425308320830322,0.1749807852769337,0.740341974929998,0.0280464164880414,0.0378708640432778,0.0354936678914323,0.0624535172307051,0.0534136235603645,0.0116996305049345,0.0124633799771053,0.0624535172307051,0.0397892747525532,0.3280665498176719,0.2262384090309513,0.2618309745243401,0.1728184338195537,0.2269574062363037,0.144930381005562,0.2059048968973902,interfair/studies/requirements/evaluation/confirmation/hmda_oh/1002/task/audit.npz,92daef3adff11068efece0002888714f86cc3ed5926a6d3f8a03c066f86e1823,interfair/studies/requirements/runs/confirmation/hmda_oh/1002/task/DONE.json,7dd00552479aede704f2459469bad44caa74ab1ec2493e833096c6c61e37ba5d,15,40,183.68147078802576,48ad497ceedad0349edc212ff91f21f8623573feeb63cd90e1c8718a01f0cb8d,96c64cffb0cf3b5004d8ac2d1f4572c3d78891b88d0167c54ab5c8db462700c0,12615680,3080,True,,False,True,110899b7ae61d9d68e7f8d9591f4ada6a2385102f79477da8d33694b9dd609db,0.0,9.865628733762873e-18,paired fresh 40-epoch fitting; discovery source used only for target selection
hmda_oh,1003,mlp,task_control,interfair/studies/requirements/runs/confirmation/hmda_oh/1003/task/selected.pt,0.8491582599511919,0.950286907990972,0.924722778564799,0.8715833333333334,0.0993849805155349,0.3315711713261314,0.101767953780898,0.0660489861790514,0.1151778640412777,0.0303300185772047,0.101767953780898,0.9803300185772048,0.5847868217054264,0.9075345519393668,11215,0.95,0.4830188679245283,0.7923566878980892,785,0.1753593956100423,0.7913529794704741,0.0321644266450842,0.0466106945257038,0.0370379460011877,0.0768741055774046,0.0316602473311854,0.1567598446259446,0.7202605442206281,0.027325164726656,0.0506879637933325,0.0318044164044677,0.0704411224039592,0.0410608085753386,0.0096343870164521,0.0075400270007348,0.0704411224039592,0.0517781283321852,0.3305009032258893,0.224339971465126,0.2570960500069733,0.1649238803234018,0.2161646446914273,0.1330909576092802,0.222849262276559,interfair/studies/requirements/evaluation/confirmation/hmda_oh/1003/task/audit.npz,8302d7056a998de8e25ab33e412ef755d4a066b94e452ce7dee4c7970ccf7b85,interfair/studies/requirements/runs/confirmation/hmda_oh/1003/task/DONE.json,b57d43f1cddde455060fef6a21ad2b27d22d913d3441eeaa2c462e9483db2779,15,40,160.32133027899545,6b0ac52be72cec71f6001e38f73e486a636236ab127eba2a3f31688f8ea7ff3c,fe04086c68436f384a1f296706eebfc1c593f667f49365055bb793768ac4ab6c,12615680,3080,True,,False,True,396a0e83d71362b4da38a305fddbb8644e88913fa55a406c406fc0adb3433683,0.0,9.636785291981061e-18,paired fresh 40-epoch fitting; discovery source used only for target selection
hmda_oh,1004,mlp,task_control,interfair/studies/requirements/runs/confirmation/hmda_oh/1004/task/selected.pt,0.8488256778098187,0.9502347753946984,0.9244496739716624,0.8715833333333334,0.0994345632862203,0.3314026055541704,0.1647451367558871,0.1229527277552289,0.1712799338919952,0.0811603187545707,0.1647451367558871,0.979237241831494,0.5760658914728682,0.9050378956754348,11215,0.8980769230769231,0.4113207547169811,0.7337579617834394,785,0.1954976105097333,0.8237543768979084,0.032399630448301,0.0450957352747596,0.0431453317958533,0.0829858949149153,0.0417401422111846,0.1608413909143057,0.7505346064953027,0.0284039064834946,0.0469351550282152,0.0309005707329417,0.0709876076679521,0.0494799906803848,0.009824208947709,0.0141301011059062,0.0709876076679521,0.0518828793691093,0.269346409396459,0.1840427965687274,0.2163627896186865,0.1446722241056812,0.1893306067085561,0.1212934630640966,0.2076427696310777,interfair/studies/requirements/evaluation/confirmation/hmda_oh/1004/task/audit.npz,1433b6acaaf20d3e94fe4ad0886dcb083be6df99c4c76abd1a4847da160185b0,interfair/studies/requirements/runs/confirmation/hmda_oh/1004/task/DONE.json,fae2298d6ec6ce57a71d41d189bb06a66ee2d59abd034da8f9b14fc5fb47de11,15,40,195.0197304399917,ae3a1abc5049011a6b9a65c00a6da2e34a31fa97b328b67f1c7303d2d80d2b41,5b6e65a3859da3ee9198bf8ad1ee6e81744eea0f9987634f9c2978588c69045d,12615680,3080,True,,False,True,7e881729953f44d6a7f65dbbcbedc186cc59fda69947480731589ecd8dea23ac,0.0,1.0287047209452696e-17,paired fresh 40-epoch fitting; discovery source used only for target selection
hmda_oh,1005,mlp,task_control,interfair/studies/requirements/runs/confirmation/hmda_oh/1005/task/selected.pt,0.8524387514535208,0.951812051054148,0.9243020150521972,0.8700833333333333,0.0994425606618893,0.3301288259403612,0.1021025303495685,0.0680959555406963,0.1139670198295617,0.0340893807318242,0.1021025303495685,0.9860124576549012,0.6153100775193798,0.9177886758805172,11215,0.9519230769230768,0.5132075471698113,0.8038216560509555,785,0.1471445759571338,0.743144139343281,0.0275571040852675,0.0438063248576393,0.0291195291369906,0.0733393445421679,0.0279724525686316,0.1348986165248675,0.7005129235001336,0.022725039673935,0.0395615884322402,0.0298923041461447,0.057130615609519,0.0337368836936059,0.009585713221051,0.0116580923914808,0.057130615609519,0.0384621488220317,0.3153898946960754,0.2077818211887875,0.2336806002624859,0.156560864396145,0.1937709872990608,0.1295418563907167,0.2488009324771413,interfair/studies/requirements/evaluation/confirmation/hmda_oh/1005/task/audit.npz,d7f0b3ee6d1909fe58531f3c96c5448ed7c6be51745d4ecd8ca8498fe61b276f,interfair/studies/requirements/runs/confirmation/hmda_oh/1005/task/DONE.json,e95f9ded9cad045f0b6ae49bd18b93d38a2284a20ef7ea18b277a368c81d1670,10,40,179.76396936603123,646e692b60b511afb6fc5de2360f013ba66f3c499e20d75f696f4bdca330fb30,262f6995eb4278942b57774459f09fe7d15639b11d54b5f95dbbaff1e4250a2c,12615680,3080,True,,False,True,8635ce2389b25c8772502dcc9a6be6a23e9bbaef6c5214202208fb38b45ec43b,0.0,8.987095356724214e-18,paired fresh 40-epoch fitting; discovery source used only for target selection
hmda_oh,1006,mlp,task_control,interfair/studies/requirements/runs/confirmation/hmda_oh/1006/task/selected.pt,0.8464024366447892,0.9495869399056244,0.9217118486200304,0.8669166666666667,0.1011961260111001,0.3357440749541204,0.1021500658183414,0.0647755112091463,0.112847045727543,0.0274009565999512,0.1021500658183414,0.9735548027537974,0.5813953488372093,0.9013820775746768,11215,0.946153846153846,0.4792452830188679,0.7885350318471338,785,0.1162265653705229,0.703238831869232,0.0252231039851335,0.0540729482777711,0.0236201213319957,0.0719293317506194,0.033878951693189,0.1119550536932171,0.6625406549276135,0.0225301469680509,0.0512725315195906,0.0225946509183296,0.0655958069070705,0.0211107673946905,0.0076266529727035,0.0098592700009685,0.0655958069070705,0.0506741550268918,0.2884050261076316,0.2119281156926293,0.2234345198929182,0.1597343529559197,0.1817767996525096,0.1288680157198973,0.2668589662166827,interfair/studies/requirements/evaluation/confirmation/hmda_oh/1006/task/audit.npz,880f0d11e2cc8e2faa095e2e8c6d21be47b184215c60cef1cf2adcce448d91e2,interfair/studies/requirements/runs/confirmation/hmda_oh/1006/task/DONE.json,e68b53a04133901268ce43678c8757f388eaacb3f031324973813a87b500d674,5,40,179.41259038698627,88901f5dc51a3dc8d02c520b3143ef7e4709575be68b534c30119c3d1aafee84,6ed361305444ffb063028cb301c78289301bf926f424742e7ab3cf44d2bb97f5,12615680,3080,True,,False,True,5972b0e7df5c17e121487e569255c52b00810a847b9147a4e4b53b3a15b2772c,0.04722238348128742,0.04463880085328071,paired fresh 40-epoch fitting; discovery source used only for target selection
hmda_oh,1007,mlp,task_control,interfair/studies/requirements/runs/confirmation/hmda_oh/1007/task/selected.pt,0.8541751845240397,0.9522706763847854,0.924278670116682,0.87075,0.099123072461849,0.3288664267759534,0.1369039783530788,0.0918010556930193,0.1366936342648466,0.0466981330329597,0.1369039783530788,0.9813135176483444,0.5935077519379846,0.9099420419081587,11215,0.9346153846153846,0.4566037735849056,0.7732484076433122,785,0.1403310753728004,0.7453461277141464,0.027241748059511,0.0444788286366526,0.0273381004300889,0.0727841656343266,0.0340082697336206,0.1201225677232749,0.6531782867854373,0.0242940861004449,0.0488152853397327,0.0223120717837181,0.0662311343906693,0.0349024849487238,0.0090030967628371,0.0119393536266475,0.0662311343906693,0.0486067068718869,0.2978956252955693,0.2182918740867347,0.2325705481250779,0.1581609434176014,0.1945939048299494,0.1281912990795835,0.2770662863409929,interfair/studies/requirements/evaluation/confirmation/hmda_oh/1007/task/audit.npz,6cc276113e6314eeb9e4f4a97eea40cd1f78a33d71fd540cb9bd7a8d444cf302,interfair/studies/requirements/runs/confirmation/hmda_oh/1007/task/DONE.json,2e2f475d3dbc0177d5e5daad9f43c027cc5cc45da1e6c5dd1e5a8e39d415163b,10,40,143.9749552020221,963e1898fd735a49519f81a4a3a1e71642eb742fb760552d5c8fc474f50f6137,e2e1c8382fb978c6400f4defefd1aeec8f2c21d87ec3d5e85b346f7ead7ee3f1,12615680,3080,True,,False,True,527037fc6f8cd8322c198df8caadfe99fcce6660e231bc5d4dfa40285fd785f1,0.0,9.203483465280851e-18,paired fresh 40-epoch fitting; discovery source used only for target selection
hmda_oh,1008,mlp,task_control,interfair/studies/requirements/runs/confirmation/hmda_oh/1008/task/selected.pt,0.8486289522099753,0.950304944652412,0.922748447204969,0.8673333333333333,0.1018585874541508,0.3399621707211254,0.1686009945882697,0.1109605722754315,0.1464763695119423,0.0533201499625933,0.1686009945882697,0.9860124576549012,0.6327519379844961,0.9209986625055728,11215,0.9326923076923076,0.4641509433962264,0.7745222929936306,785,0.2116057131491017,0.8218848118060337,0.0378640748012135,0.051178605557469,0.0481405154867423,0.0705663231080331,0.0346672503007164,0.1738833141081748,0.7433127542745881,0.0306858760982612,0.0522635479414913,0.0562466341349193,0.0546242721131233,0.0416488235933994,0.009787021355423,0.0097835551789122,0.0546242721131233,0.0360024690346451,0.3805464635126399,0.2233378991046613,0.2918506248440733,0.1555258704153659,0.2370574646432806,0.1292376747956823,0.2126182062092808,interfair/studies/requirements/evaluation/confirmation/hmda_oh/1008/task/audit.npz,9ea258219d87946f1a1c577612e16eaf25114f66b02062c2dcb367bb9edb95b8,interfair/studies/requirements/runs/confirmation/hmda_oh/1008/task/DONE.json,3e1106cf8383741045096808386e82fb2e7f0c29e25206d74d4ec26dcd207c3f,15,40,115.38683274399955,09b32dd4f709d155a29c89387384219b2ca931130cfe0df05c771f7805a6ecd9,adae3485017f0c981578516c0bdd753fd8060d86a39e8c51bbfcd57834d0e7f7,12615680,3080,True,,False,True,58b027ae8155667412d1da629964dffee938e0d13b946a41b5ef5e4dc1824a48,0.0,9.894208978848859e-18,paired fresh 40-epoch fitting; discovery source used only for target selection
hmda_oh,1009,mlp,task_control,interfair/studies/requirements/runs/confirmation/hmda_oh/1009/task/selected.pt,0.849628385741474,0.9508435683084494,0.9221456692913386,0.8681666666666666,0.1003941320289996,0.3330953905043155,0.1687984496124031,0.1207395154848158,0.1671402324570994,0.0726805813572286,0.1687984496124031,0.9726805813572288,0.5687984496124031,0.8983504235399019,11215,0.9,0.4,0.7312101910828025,785,0.1687796859664094,0.7883597448622417,0.0365822247791673,0.068258130983111,0.0447572160214081,0.0886831408904679,0.0418566895467184,0.1732093917160488,0.7625109141485534,0.0346160293225249,0.0716088722059491,0.0564888568863455,0.079941954204498,0.0301251307555617,0.0096095209214783,0.0200271195395812,0.079941954204498,0.0616647646052342,0.3007361440669646,0.175577401440566,0.2465324570064093,0.1379981393479132,0.2151549580568937,0.1122383654413685,0.2077968760395057,interfair/studies/requirements/evaluation/confirmation/hmda_oh/1009/task/audit.npz,709998fe37194e9bbe3a4514b2755e2620fbe213dcd924122bacc34dba734b93,interfair/studies/requirements/runs/confirmation/hmda_oh/1009/task/DONE.json,9bbd2dae7d29790e4a101e5da7362932bb2462c17ee0e97bf3d7cfeb871c0f50,10,40,115.35515652201138,3871ab26e2ba1e0f14670c06f71f2e81fd8271234d05bbad3d16ee1594a939f8,49093b96b7340e94d2e8625e36fa94536edba37b859843b5894bf029ec9bf13e,12615680,3080,True,,False,True,7f79b30f61e55c7f24c4e18dfa3b4cf2a7cfee90bca7360af1d136d2411c3ce4,0.0,9.87083266275261e-18,paired fresh 40-epoch fitting; discovery source used only for target selection
hmda_oh,1000,mlp,witness_augmentation,interfair/studies/requirements/runs/confirmation/hmda_oh/1000/augmentation/selected.pt,0.8460592656847377,0.949544293968176,0.9226761048026348,0.8689166666666667,0.1013494596673321,0.3362879967214797,0.1040606260055579,0.0750183428944259,0.128299507881562,0.0459760597832938,0.1040606260055579,0.9728991367063708,0.564437984496124,0.8977262594739188,11215,0.926923076923077,0.460377358490566,0.7694267515923567,785,0.0918061038112147,0.6160529875606949,0.0118158734212552,0.0169872891177984,0.0103717774349596,0.0792805444435886,0.030477624151271,0.0859432642549415,0.5795581921923985,0.0112961177556676,0.0220267045912661,0.0093224782588143,0.0687824838140229,0.0480209505211388,0.0096760779441629,0.0074534055459508,0.0687824838140229,0.0496192926492889,0.323418817029632,0.2579163503994033,0.2280870989637093,0.1814361738098107,0.1839464004721481,0.1486192854547671,0.3387474773076158,interfair/studies/requirements/evaluation/confirmation/hmda_oh/1000/augmentation/audit.npz,ddae1dbaeb1acd600fab894155e00b7728b6a52dcb2a44a7da92a6cd438a73ed,interfair/studies/requirements/runs/confirmation/hmda_oh/1000/augmentation/DONE.json,5ddf9131d66b770e66f4fea6dfe64db405077f1ac425962aa0046dfc528e876f,10,40,124.3854995679576,6a435754a0f9bdb30cd26b642d67fe263a501a2867a6177a95c921b6dfaded5b,43217c8caf1391502d6abb6a1c2f10c879e7e830141606ed7f4cc12aa778a064,12615680,3080,True,,False,True,a6fa6071f29fc86cbc89ea319e89685937e9dfa02aa2dff65061b279fef160f3,0.03934563429543922,0.044112947609027016,paired fresh 40-epoch fitting; discovery source used only for target selection
hmda_oh,1001,mlp,witness_augmentation,interfair/studies/requirements/runs/confirmation/hmda_oh/1001/augmentation/selected.pt,0.8379227907739555,0.946650091532516,0.922707915218562,0.8684166666666666,0.1038209126368491,0.3494625731291967,0.1093151235922188,0.063572308397994,0.1087067763544615,0.0178294932037692,0.1093151235922188,0.975521800896077,0.5847868217054264,0.9036112349531876,11215,0.9576923076923076,0.4754716981132075,0.7949044585987262,785,0.0835031199896964,0.5476714202173533,0.0092812810397475,0.0141156352108431,0.0037421978778423,0.0934705594587864,0.032053137457208,0.0746665638680766,0.4809559351170949,0.0085755354880117,0.0137142720022665,0.0044886845235372,0.0849847762488296,0.2130141995894495,0.0192385172428263,0.0179240739411299,0.0849847762488296,0.046590573347921,0.3841700900953768,0.3423391532351267,0.257541037298379,0.2328248996564107,0.2124608311490929,0.1875690328084295,0.3971533438583061,interfair/studies/requirements/evaluation/confirmation/hmda_oh/1001/augmentation/audit.npz,193210c994c22318c6ad77ab2fe7a8a4432c91397462ea5b436e601ffa5e89f2,interfair/studies/requirements/runs/confirmation/hmda_oh/1001/augmentation/DONE.json,506de6a9494620b579631d37531b04d69c565d1f5f739ab8f93bf1a4f153cfbb,20,40,130.0161340010236,83121a2109dfa871f8d5091ec4bc034169e0655954a91fac8fc6b0bb252a511f,f779593edac436b1448254758d719be6536dca4355098267ab922765d9976b70,12615680,3080,True,,False,True,f1fb735725f65b2ed5f93f1bbfc5c2400cc9eaa82069eacd7bf383f536c43d9d,0.04684268877259116,0.061412598038766794,paired fresh 40-epoch fitting; discovery source used only for target selection
hmda_oh,1002,mlp,witness_augmentation,interfair/studies/requirements/runs/confirmation/hmda_oh/1002/augmentation/selected.pt,0.8392502556966623,0.947474088240356,0.9220057057202264,0.8655833333333334,0.1069995326832486,0.3611024961039625,0.0593718004972941,0.0333783298275918,0.0780176685569542,0.0073848591578894,0.0593718004972941,0.9862310130040433,0.6405038759689923,0.9226036558181008,11215,0.9788461538461538,0.5811320754716981,0.8445859872611465,785,0.0671888047010867,0.4801698772588446,0.0067510715658328,0.0065934612988211,0.0030829948382537,0.0628213929247116,0.0320945493507585,0.0583510918450109,0.4267170848936832,0.0059863557614571,0.0057638299699634,0.0035249165629123,0.0523568233645727,0.1696040288140068,0.0159052652893553,0.0090762975073474,0.0523568233645727,0.0206149607889901,0.3940170065197471,0.3583370507564039,0.2716737419907904,0.2445900767118689,0.2186688552900387,0.1938388072447847,0.4510037950076657,interfair/studies/requirements/evaluation/confirmation/hmda_oh/1002/augmentation/audit.npz,3142ef16455631d55761c675f55c8ba231b2e1e95a0a007afb48f8428012a575,interfair/studies/requirements/runs/confirmation/hmda_oh/1002/augmentation/DONE.json,8f8e159ed6340cc119009b71b28dbcea7490de4ac913b84d3d104a578921e89a,20,40,180.68679390498437,48ad497ceedad0349edc212ff91f21f8623573feeb63cd90e1c8718a01f0cb8d,96c64cffb0cf3b5004d8ac2d1f4572c3d78891b88d0167c54ab5c8db462700c0,12615680,3080,True,,False,True,14a66d1ba9f4c36ad7af9d0d159558dd6cbd5f98ccb0049a1dd110c9776d6e3f,0.05234930978091842,0.05606742577898224,paired fresh 40-epoch fitting; discovery source used only for target selection
hmda_oh,1003,mlp,witness_augmentation,interfair/studies/requirements/runs/confirmation/hmda_oh/1003/augmentation/selected.pt,0.8424296317501887,0.9479538098778706,0.9210994660866126,0.867,0.1028245397963198,0.3435840938956474,0.0817738043001315,0.0499430792807703,0.1044148674858228,0.018112354261409,0.0817738043001315,0.9642662004152552,0.5421511627906976,0.8865804725813643,11215,0.946153846153846,0.460377358490566,0.7821656050955414,785,0.0913613538502539,0.5722206711384263,0.0118054387825175,0.0174464511848562,0.0059660463889896,0.0890088943448175,0.0314554436335918,0.0778710784802304,0.4967660215613647,0.0102011231152727,0.0131889375370225,0.0041308699210766,0.0758746701241141,0.0761811451664041,0.0110720973547216,0.0068376831846925,0.0758746701241141,0.0538126321915634,0.3078822452746271,0.2723261898304497,0.2324994639262612,0.2040554502895252,0.193238495858771,0.1681987059825117,0.3979490428163059,interfair/studies/requirements/evaluation/confirmation/hmda_oh/1003/augmentation/audit.npz,7ac03efd89d1b607be9f973352bdeedcfb9d0f31d2976855667047574a562866,interfair/studies/requirements/runs/confirmation/hmda_oh/1003/augmentation/DONE.json,f2c0ac8b20cd781f2a912db1f206a73fd24cc6d5757a7d14e0c6b59fb1428371,15,40,168.23019424203085,6b0ac52be72cec71f6001e38f73e486a636236ab127eba2a3f31688f8ea7ff3c,fe04086c68436f384a1f296706eebfc1c593f667f49365055bb793768ac4ab6c,12615680,3080,True,,False,True,6124cc4e9b69b070a42aed6a88f7eba2cc6d3fbe259d6772adc818d7e8be5f1e,0.04187585867473702,0.05171191808175782,paired fresh 40-epoch fitting; discovery source used only for target selection
hmda_oh,1004,mlp,witness_augmentation,interfair/studies/requirements/runs/confirmation/hmda_oh/1004/augmentation/selected.pt,0.8436499209567995,0.9481583664710204,0.9228137067996284,0.8684166666666666,0.1012358029965248,0.3378019390204971,0.0777753400614305,0.0546644241475415,0.107114277682017,0.0315535082336525,0.0777753400614305,0.9777073543874988,0.5872093023255814,0.9058403923316988,11215,0.946153846153846,0.5094339622641509,0.7987261146496816,785,0.1001479682805453,0.6610954824718465,0.0121622687476378,0.0121981079457002,0.0100483647186595,0.0766806996277394,0.0339410108546838,0.0813781465030099,0.5803810333845891,0.0100564768968446,0.0113972777046902,0.0084041285998,0.0601704575799025,0.0886786460334691,0.013102216268373,0.0087900916639997,0.0601704575799025,0.0341319641593848,0.3559336444775572,0.2989592848322463,0.264871488384671,0.2189515740013951,0.2144304672653883,0.1784699701031889,0.3291062269032166,interfair/studies/requirements/evaluation/confirmation/hmda_oh/1004/augmentation/audit.npz,c864655556b984fe58a63105fe7a86da82897c8290d5a6cf7f56a74b8974cd50,interfair/studies/requirements/runs/confirmation/hmda_oh/1004/augmentation/DONE.json,ffd61b7eefaff3a3fd2726c75c18c3ae40586067dc16e2063e3dee768aba7b01,10,40,182.09604394697817,ae3a1abc5049011a6b9a65c00a6da2e34a31fa97b328b67f1c7303d2d80d2b41,5b6e65a3859da3ee9198bf8ad1ee6e81744eea0f9987634f9c2978588c69045d,12615680,3080,True,,False,True,3148e98a933b2507a1d1d102464395fd5ae9f00b1abb1b5c3cac202c5a1e208d,0.040705797058644085,0.04587573577587338,paired fresh 40-epoch fitting; discovery source used only for target selection
hmda_oh,1005,mlp,witness_augmentation,interfair/studies/requirements/runs/confirmation/hmda_oh/1005/augmentation/selected.pt,0.8408248374527537,0.9474074490872364,0.922327733138544,0.8670833333333333,0.1026638440700775,0.3423845709771904,0.0494496855345911,0.0320336278517335,0.0840821125028751,0.0146175701688759,0.0494496855345911,0.9800021855534914,0.6041666666666666,0.910833704859563,11215,0.9653846153846154,0.5547169811320755,0.8267515923566879,785,0.0789321744239441,0.5615977719383343,0.0097207223240829,0.0144940235009284,0.0063580838258573,0.0721961339090152,0.0290856991163931,0.0760053591417967,0.5278533999520834,0.0098439196176219,0.0123058178232936,0.0084703036118661,0.0625739104667804,0.0879076784112949,0.013685372625924,0.0123236577710065,0.0625739104667804,0.0353400878811784,0.3540997258013228,0.3070407530274404,0.2662338685665353,0.2269887630289532,0.219358728185576,0.1841253776118418,0.3710539074361579,interfair/studies/requirements/evaluation/confirmation/hmda_oh/1005/augmentation/audit.npz,0eb403f11f01f14d62a43b3b8afb13ed4830657de5128b382b1c36a5142b8ad0,interfair/studies/requirements/runs/confirmation/hmda_oh/1005/augmentation/DONE.json,9d9912b45510eee0b222693987b10fc718e2729712abc1029ad61325ccea0ae1,10,40,184.56322095898213,646e692b60b511afb6fc5de2360f013ba66f3c499e20d75f696f4bdca330fb30,262f6995eb4278942b57774459f09fe7d15639b11d54b5f95dbbaff1e4250a2c,12615680,3080,True,,False,True,065e7836bedcdb3cc0d09314f207cd05102c3ad890d4166fb35ed3e1c1327491,0.04134491229223351,0.03772106138392343,paired fresh 40-epoch fitting; discovery source used only for target selection
hmda_oh,1006,mlp,witness_augmentation,interfair/studies/requirements/runs/confirmation/hmda_oh/1006/augmentation/selected.pt,0.8419951572026676,0.9478387972340117,0.9208402217251774,0.8643333333333333,0.1028197536829555,0.3398484333750766,0.0138565891472868,0.0070691997290278,0.0609482863885094,0.0002818103107689,0.0138565891472868,0.9791279641569228,0.6138565891472868,0.9119037004012484,11215,0.9788461538461538,0.6,0.8509554140127389,785,0.0783860783941724,0.576414512697636,0.009780930805165,0.013075253753974,0.0093553592542335,0.0565765778154358,0.0213626226772124,0.0781260851908713,0.5579204137769147,0.0100386684896649,0.0099086238803702,0.0091448693405408,0.0521636996490048,0.0175578752678236,0.0058333226786819,0.0042250927509309,0.0521636996490048,0.0406642714850789,0.2687171469831479,0.2156476743489694,0.2023327626270734,0.1570531246150581,0.1646887246020913,0.1248517099645102,0.3594594181263062,interfair/studies/requirements/evaluation/confirmation/hmda_oh/1006/augmentation/audit.npz,fd3bb3b4ef3ce19cc4cc8213cd3bb97ed25537e108ca3dcbe30163eb5e012153,interfair/studies/requirements/runs/confirmation/hmda_oh/1006/augmentation/DONE.json,c998128f18ab5284bc28a2c57b9b3f37fcda506bed4a00844b48f537b80d0730,5,40,185.592518836027,88901f5dc51a3dc8d02c520b3143ef7e4709575be68b534c30119c3d1aafee84,6ed361305444ffb063028cb301c78289301bf926f424742e7ab3cf44d2bb97f5,12615680,3080,True,,False,True,aee8789a3774baa3d469097d0e4e5dff9c59224f6f6da302f45e04b71c5c1282,0.04866933652719582,0.05196803541722523,paired fresh 40-epoch fitting; discovery source used only for target selection
hmda_oh,1007,mlp,witness_augmentation,interfair/studies/requirements/runs/confirmation/hmda_oh/1007/augmentation/selected.pt,0.8456195522248307,0.9494682581367748,0.920150212471588,0.8653333333333333,0.1026091542541043,0.3388534079472532,0.1316220564575105,0.083739606862448,0.1312045117009463,0.0358571572673855,0.1316220564575105,0.9647033111135396,0.5542635658914729,0.8891662951404369,11215,0.928846153846154,0.4226415094339623,0.7579617834394905,785,0.0877480662001243,0.5815703324921048,0.0127105512412517,0.0173482389387323,0.0086443491227735,0.0862879776176969,0.0430052422167835,0.0836896703668419,0.5383878677175173,0.0129244145225417,0.0187539419877087,0.0073648959782224,0.0867136110385866,0.068719335344768,0.0117510909381395,0.0130554093459396,0.0867136110385866,0.0633472150966309,0.2789881266231325,0.2371321091409465,0.2171189652056953,0.1849599807484731,0.1840658942953825,0.150864721365297,0.3753477814883197,interfair/studies/requirements/evaluation/confirmation/hmda_oh/1007/augmentation/audit.npz,ae3b92b066975e5ad55ae4b7987e978c76c1b5aed9deffb1829f243b4f337ae6,interfair/studies/requirements/runs/confirmation/hmda_oh/1007/augmentation/DONE.json,6d5e6f9d830a4bc256765609644837cfb8de4c0058a4618b851f4717cfcaf8a5,10,40,142.19918116601184,963e1898fd735a49519f81a4a3a1e71642eb742fb760552d5c8fc474f50f6137,e2e1c8382fb978c6400f4defefd1aeec8f2c21d87ec3d5e85b346f7ead7ee3f1,12615680,3080,True,,False,True,b0445ff34d156908fa00371a706b412ca9c117716a56aca27a0bec66bcf1deab,0.04257462565821331,0.04252171134283318,paired fresh 40-epoch fitting; discovery source used only for target selection
hmda_oh,1008,mlp,witness_augmentation,interfair/studies/requirements/runs/confirmation/hmda_oh/1008/augmentation/selected.pt,0.8448645494741797,0.948571382822534,0.9224108576154108,0.8670833333333333,0.1019993125808167,0.3402785231503483,0.1314246014333772,0.0776868222065635,0.1160309071960606,0.0239490429797499,0.1314246014333772,0.9816413506720576,0.6182170542635659,0.9147570218457424,11215,0.9576923076923076,0.4867924528301887,0.7987261146496816,785,0.0798011708768656,0.5458687317052703,0.0095867519858504,0.0115456423106711,0.0063256458842988,0.0634342797357523,0.0276504389739173,0.0682008975445084,0.4670370348172483,0.0085837321915457,0.012815320616946,0.0048822084254903,0.0566033402004221,0.0321337260167932,0.0065830191567052,0.0051044572067709,0.0566033402004221,0.0435366855366089,0.2583279156981966,0.2157922285773439,0.1816778810269862,0.1488033176868184,0.1442928087144845,0.1187525653170143,0.4486612097699713,interfair/studies/requirements/evaluation/confirmation/hmda_oh/1008/augmentation/audit.npz,ff62a03088ca50950517caa53fdc95bfaa1e57f90906e25c41809b205613fcbd,interfair/studies/requirements/runs/confirmation/hmda_oh/1008/augmentation/DONE.json,e25be072c95fc6438e2735b31db143eb2a0f6d1bb500f22eb1d288f80a2fa5bf,10,40,117.14617374096997,09b32dd4f709d155a29c89387384219b2ca931130cfe0df05c771f7805a6ecd9,adae3485017f0c981578516c0bdd753fd8060d86a39e8c51bbfcd57834d0e7f7,12615680,3080,True,,False,True,affaa27e72581155140db392e17c4d695fd6fe16d5474b055f75f71e428c6255,0.03455214336437114,0.0369575363055673,paired fresh 40-epoch fitting; discovery source used only for target selection
hmda_oh,1009,mlp,witness_augmentation,interfair/studies/requirements/runs/confirmation/hmda_oh/1009/augmentation/selected.pt,0.8463299132262959,0.9498558931979116,0.9208457444211144,0.8649166666666667,0.1015154614784417,0.3357516788806557,0.1145696211788795,0.0765798855287066,0.1213434009842368,0.0385901498785337,0.1145696211788795,0.9770516883400722,0.6051356589147286,0.908604547481052,11215,0.9384615384615383,0.490566037735849,0.7872611464968153,785,0.0760105846160472,0.540432890400054,0.0110197776552889,0.0147414595185027,0.0088857761285994,0.0672180335632118,0.0283596808825604,0.0807906603356423,0.5473953678711567,0.0118200024416115,0.0145487869713127,0.01274932437035,0.0622449459709366,0.0174334712493286,0.0061829961059902,0.0064871499049062,0.0622449459709366,0.050111528364052,0.2539484995600479,0.1915153694905633,0.185667555207821,0.1383139300555316,0.1525459335379728,0.1023562015931719,0.3967555760769368,interfair/studies/requirements/evaluation/confirmation/hmda_oh/1009/augmentation/audit.npz,bad6907a1ff0ce4ccd4a837a0fbe5223aa28bc8b6392bd705d4b4856a883c044,interfair/studies/requirements/runs/confirmation/hmda_oh/1009/augmentation/DONE.json,6630396dec3d62efbe6ad80da497e93c829e7e1e2fd7e2ec1691fc663fb146e4,5,40,114.90304321795702,3871ab26e2ba1e0f14670c06f71f2e81fd8271234d05bbad3d16ee1594a939f8,49093b96b7340e94d2e8625e36fa94536edba37b859843b5894bf029ec9bf13e,12615680,3080,True,,False,True,05ced36c237bdd7acbc5fe408bc1fb1632981671fb0a467c316afc6ff44d9adf,0.038986242863930716,0.0439840754556826,paired fresh 40-epoch fitting; discovery source used only for target selection
